fetch_ts_utc,fetch_ts_ist,symbol,expiry_date,strike,option_type,underlying_value,bid_price,bid_qty,ask_price,ask_qty,ltp,mid_price,open_interest,change_in_oi,total_traded_volume,pchange_vs_prev_close,nse_iv,delta,gamma,theta,vega,vanna,charm,vomma,speed,zomma,color,veta,omega,dual_delta,dual_gamma,time_to_expiry_years,futures_price,implied_cost_of_carry,dividend_yield_used,dividend_yield_source,risk_free_rate_used,india_vix,lot_size,underlying_day_open,underlying_day_high,underlying_day_low,underlying_prev_close,price_source_for_iv,data_quality_flag
2026-09-11T08:18:14.949189+00:00,2026-09-11T13:48:14.949189+05:30,NIFTY,29-Sep-2026,15000.0,CE,23334.8,,0,8749.75,1690,0.0,,0,0,0,0,0,,,,,,,,,,,,,,,0.04950865838441781,,,,,,12.47,65,23270.3,23361.1,23231.4,23477.8,none,no_price_available
2026-09-11T08:18:14.949189+00:00,2026-09-11T13:48:14.949189+05:30,NIFTY,29-Sep-2026,15000.0,PE,23334.8,1.3,65,1.75,2275,1.3,1.525,1424,-14,27,-3.7037037037037037,68.42,-0.0013669956697143562,1.2619118962925428e-06,-0.435757998267292,0.2327562909840843,-0.01863231886448254,0.00034842765445674883,2.8983385346620647,-1.119979850550529e-09,1.3869212930229693e-05,-2.5880577636663604e-07,-0.060645080089361675,-22.241405328254395,0.002222184544809449,3.053899088391206e-06,0.04950865838441781,23394.1,0.05126467478310392,0.0121,index_dividend_yield,0.065,12.47,65,23270.3,23361.1,23231.4,23477.8,mid_price,wide_quote_low_liquidity
2026-09-11T08:18:14.949189+00:00,2026-09-11T13:48:14.949189+05:30,NIFTY,29-Sep-2026,16500.0,CE,23334.8,6417.35,650,6996.65,1690,0.0,6707.0,0,0,0,0,0,,,,,,,,,,,,,,,0.04950865838441781,,,,,,12.47,65,23270.3,23361.1,23231.4,23477.8,mid_price,no_price_available
2026-09-11T08:18:14.949189+00:00,2026-09-11T13:48:14.949189+05:30,NIFTY,29-Sep-2026,16500.0,PE,23334.8,0.9,130,1.1,195,1.1,1.0,2039,-1,53,37.5,53.98,-0.001500436660119965,1.7414361438180596e-06,-0.37319843126676105,0.25341350626715703,-0.025745323287425563,0.0003785886381207611,3.9666688535580223,-1.9226246586275264e-09,2.403236334770277e-05,-3.524913681807033e-07,-0.06534783174260717,-28.23347967134871,0.002197120678260336,3.4829547446535186e-06,0.04950865838441781,23394.1,0.05126467478310392,0.0121,index_dividend_yield,0.065,12.47,65,23270.3,23361.1,23231.4,23477.8,mid_price,wide_quote_low_liquidity
2026-09-11T08:18:14.949189+00:00,2026-09-11T13:48:14.949189+05:30,NIFTY,29-Sep-2026,18000.0,CE,23334.8,5356.7,65,5402.6,130,5299.7,5379.65,18,0,2,-5.3625,0,,,,,,,,,,,,,,,0.04950865838441781,23394.1,0.05126467478310392,0.0121,index_dividend_yield,0.065,12.47,65,23270.3,23361.1,23231.4,23477.8,mid_price,no_nse_iv
2026-09-11T08:18:14.949189+00:00,2026-09-11T13:48:14.949189+05:30,NIFTY,29-Sep-2026,18000.0,PE,23334.8,1.6,65,1.65,260,1.65,1.625,13100,-83,1510,32,43.04,-0.0026688091228615797,3.6839451917014887e-06,-0.4996775219953115,0.42743959194659736,-0.051452566361866486,0.0006000895583137896,7.441947255286935,-4.7632765517546054e-09,5.5579586136682956e-05,-6.459208715509022e-07,-0.09862748287333367,-33.99302295048028,0.0035615641035073964,6.191221131994707e-06,0.04950865838441781,23394.1,0.05126467478310392,0.0121,index_dividend_yield,0.065,12.47,65,23270.3,23361.1,23231.4,23477.8,mid_price,ok
2026-09-11T08:18:14.949189+00:00,2026-09-11T13:48:14.949189+05:30,NIFTY,29-Sep-2026,19500.0,CE,23334.8,3879.6,65,3897.45,65,3887,3888.5249999999996,2161,0,24,-3.308457711442786,0,,,,,,,,,,,,,,,0.04950865838441781,23394.1,0.05126467478310392,0.0121,index_dividend_yield,0.065,12.47,65,23270.3,23361.1,23231.4,23477.8,mid_price,no_nse_iv
2026-09-11T08:18:14.949189+00:00,2026-09-11T13:48:14.949189+05:30,NIFTY,29-Sep-2026,19500.0,PE,23334.8,3.8,910,3.9,2210,3.8,3.8499999999999996,15649,600,2009,22.580645161290324,34.13,-0.007409728580009854,1.1561656779877918e-05,-0.9787192781002934,1.0637649695369447,-0.14170555968428308,0.0012984355762282991,17.926795980740316,-1.6437465940587815e-08,0.0001609632577137098,-1.4653477803394784e-06,-0.19369435299580232,-39.16440765720315,0.009093301177513533,1.6556137168766714e-05,0.04950865838441781,23394.1,0.05126467478310392,0.0121,index_dividend_yield,0.065,12.47,65,23270.3,23361.1,23231.4,23477.8,mid_price,ok
2026-09-11T08:18:14.949189+00:00,2026-09-11T13:48:14.949189+05:30,NIFTY,29-Sep-2026,21000.0,CE,23334.8,2390.75,65,2405.8,65,2394,2398.275,7948,12,157,-3.3586307120943,0,,,,,,,,,,,,,,,0.04950865838441781,23394.1,0.05126467478310392,0.0121,index_dividend_yield,0.065,12.47,65,23270.3,23361.1,23231.4,23477.8,mid_price,no_nse_iv
2026-09-11T08:18:14.949189+00:00,2026-09-11T13:48:14.949189+05:30,NIFTY,29-Sep-2026,21000.0,PE,23334.8,9.8,195,9.85,455,9.85,9.825,33929,2299,12801,33.108108108108105,24.79,-0.02348479390438002,4.308051289428634e-05,-1.8933018525603946,2.879033481619958,-0.4319532446967339,0.002815676875261488,44.54807465658028,-6.846240693886897e-08,0.0004928182620691739,-3.1540614226074014e-06,-0.37001859354544525,-47.46441344391286,0.026645653995803625,5.319250481531488e-05,0.04950865838441781,23394.1,0.05126467478310392,0.0121,index_dividend_yield,0.065,12.47,65,23270.3,23361.1,23231.4,23477.8,mid_price,ok
2026-09-11T08:18:14.949189+00:00,2026-09-11T13:48:14.949189+05:30,NIFTY,29-Sep-2026,21600.0,CE,23334.8,1791.35,65,1806.5,65,1792.3,1798.925,709,13,21,-7.134715025906735,0,,,,,,,,,,,,,,,0.04950865838441781,23394.1,0.05126467478310392,0.0121,index_dividend_yield,0.065,12.47,65,23270.3,23361.1,23231.4,23477.8,mid_price,no_nse_iv
2026-09-11T08:18:14.949189+00:00,2026-09-11T13:48:14.949189+05:30,NIFTY,29-Sep-2026,21600.0,PE,23334.8,13.85,130,13.9,455,13.95,13.875,10489,3120,7810,41.6243654822335,20.52,-0.03816048626588891,7.783230238912396e-05,-2.3125476544776786,4.3055293861718065,-0.6976908126824083,0.003696256206574988,64.19666105179233,-1.3292422928110818e-07,0.0007812196653204637,-3.996180879692985e-06,-0.4591845964648424,-53.735658872350335,0.04199252639294218,9.083653118613122e-05,0.04950865838441781,23394.1,0.05126467478310392,0.0121,index_dividend_yield,0.065,12.47,65,23270.3,23361.1,23231.4,23477.8,mid_price,ok
2026-09-11T08:18:14.949189+00:00,2026-09-11T13:48:14.949189+05:30,NIFTY,29-Sep-2026,21650.0,CE,23334.8,1545,650,1778.85,65,0.0,1661.925,1,0,0,0,32.96,,,,,,,,,,,,,,,0.04950865838441781,,,,,,12.47,65,23270.3,23361.1,23231.4,23477.8,mid_price,no_price_available
2026-09-11T08:18:14.949189+00:00,2026-09-11T13:48:14.949189+05:30,NIFTY,29-Sep-2026,21650.0,PE,23334.8,14.5,195,14.65,130,14.7,14.575,571,232,791,42.71844660194175,20.21,-0.040273822584930064,8.257001159159666e-05,-2.3762967201749263,4.498606254157452,-0.7297680724705837,0.0037997277334179957,66.20366440622405,-1.411358121306837e-07,0.0008066001714715406,-4.043949544875171e-06,-0.4691266880091529,-54.130758447074015,0.044209834573045836,9.592122359167014e-05,0.04950865838441781,23394.1,0.05126467478310392,0.0121,index_dividend_yield,0.065,12.47,65,23270.3,23361.1,23231.4,23477.8,mid_price,ok
2026-09-11T08:18:14.949189+00:00,2026-09-11T13:48:14.949189+05:30,NIFTY,29-Sep-2026,21700.0,CE,23334.8,1676.55,65,1729.55,65,0.0,1703.05,0,0,0,0,33.96,0.8488473128593399,0.00013253150764757965,-13.945252746341774,12.133221991916614,-0.6592957786022979,0.0057763044220132675,35.38437306738551,-8.327009016763554e-08,-3.749882579405224e-06,3.0073242660396586e-07,-0.6437915044623441,10.806239529191599,-0.8283270322304013,0.00015325259483759153,0.04950865838441781,23394.1,0.05126467478310392,0.0121,index_dividend_yield,0.065,12.47,65,23270.3,23361.1,23231.4,23477.8,mid_price,ok
2026-09-11T08:18:14.949189+00:00,2026-09-11T13:48:14.949189+05:30,NIFTY,29-Sep-2026,21700.0,PE,23334.8,14.95,845,15.05,65,15.15,15.0,5426,2070,5269,47.0873786407767,19.85,-0.04215836176573014,8.724272702697771e-05,-2.4183259865564226,4.668518315573945,-0.7617583884823309,0.0038869061351290563,68.2614401714412,-1.499276426127918e-07,0.0008361454569297144,-4.096750639308804e-06,-0.47742576880200627,-54.7435078643215,0.04616254535941664,0.00010088298650570873,0.04950865838441781,23394.1,0.05126467478310392,0.0121,index_dividend_yield,0.065,12.47,65,23270.3,23361.1,23231.4,23477.8,mid_price,ok
2026-09-11T08:18:14.949189+00:00,2026-09-11T13:48:14.949189+05:30,NIFTY,29-Sep-2026,21750.0,CE,23334.8,1570.15,650,1693.55,65,0.0,1631.85,1,0,0,0,29.91,0.8701219004943515,0.00013567179387370792,-11.685423810639339,10.939445374260448,-0.7487212433147095,0.005767359073365452,43.9066037805782,-1.043390550404628e-07,9.093927143262557e-05,-4.1648030604387004e-07,-0.6388096826706686,11.641369765243526,-0.8533326674851148,0.00015616338372784923,0.04950865838441781,23394.1,0.05126467478310392,0.0121,index_dividend_yield,0.065,12.47,65,23270.3,23361.1,23231.4,23477.8,mid_price,ok
2026-09-11T08:18:14.949189+00:00,2026-09-11T13:48:14.949189+05:30,NIFTY,29-Sep-2026,21750.0,PE,23334.8,15.75,65,15.9,65,16,15.825,554,153,803,40.35087719298246,19.59,-0.044971568038947224,9.313159175797688e-05,-2.5104512437870667,4.9183653403623175,-0.7987200855038775,0.004012492197031349,70.3097813375395,-1.5928865123245225e-07,0.0008559712582328684,-4.113137695719836e-06,-0.48923983076815686,-54.926309455008905,0.04912681335370799,0.00010719799661840245,0.04950865838441781,23394.1,0.05126467478310392,0.0121,index_dividend_yield,0.065,12.47,65,23270.3,23361.1,23231.4,23477.8,mid_price,ok
2026-09-11T08:18:14.949189+00:00,2026-09-11T13:48:14.949189+05:30,NIFTY,29-Sep-2026,21800.0,CE,23334.8,1578.15,650,1627.95,65,0.0,1603.0500000000002,2,0,0,0,0,,,,,,,,,,,,,,,0.04950865838441781,23394.1,0.05126467478310392,0.0121,index_dividend_yield,0.065,12.47,65,23270.3,23361.1,23231.4,23477.8,mid_price,no_nse_iv
2026-09-11T08:18:14.949189+00:00,2026-09-11T13:48:14.949189+05:30,NIFTY,29-Sep-2026,21800.0,PE,23334.8,16.55,195,16.7,1365,16.7,16.625,7790,2711,5390,40.33613445378151,19.25,-0.047333881879579466,9.875461810365353e-05,-2.5660052168259515,5.12480649020379,-0.8348073452726472,0.0041105151429872075,72.42773166166482,-1.6936621250129542e-07,0.0008826947841394781,-4.141558306571872e-06,-0.498364314798871,-55.46039278079079,0.05157992022499561,0.00011314948785281434,0.04950865838441781,23394.1,0.05126467478310392,0.0121,index_dividend_yield,0.065,12.47,65,23270.3,23361.1,23231.4,23477.8,mid_price,ok
2026-09-11T08:18:14.949189+00:00,2026-09-11T13:48:14.949189+05:30,NIFTY,29-Sep-2026,21850.0,CE,23334.8,1392.85,650,1593.95,65,0.0,1493.4,1,0,0,0,19.44,0.9448682696700699,0.00010945716594668823,-6.00231707420705,5.736272622306139,-0.8858999765872233,0.004426045842117254,73.69261747010025,-1.7836613402439858e-07,0.0008431522533455295,-3.946050991117882e-06,-0.5240661465745236,14.090686292288453,-0.9374630862685345,0.0001248387704280302,0.04950865838441781,23394.1,0.05126467478310392,0.0121,index_dividend_yield,0.065,12.47,65,23270.3,23361.1,23231.4,23477.8,mid_price,ok
2026-09-11T08:18:14.949189+00:00,2026-09-11T13:48:14.949189+05:30,NIFTY,29-Sep-2026,21850.0,PE,23334.8,17.1,130,17.25,65,17.5,17.175,429,200,389,37.254901960784316,18.9,-0.04978343300846961,0.00010472397187958296,-2.6182704002362005,5.33577162502922,-0.8724687466271432,0.004206400040272874,74.59365124645112,-1.8021292804046242e-07,0.0009099702966178813,-4.162742075847946e-06,-0.5072062501854084,-56.047081030412315,0.05411503101415444,0.00011944043837343939,0.04950865838441781,23394.1,0.05126467478310392,0.0121,index_dividend_yield,0.065,12.47,65,23270.3,23361.1,23231.4,23477.8,mid_price,ok
2026-09-11T08:18:14.949189+00:00,2026-09-11T13:48:14.949189+05:30,NIFTY,29-Sep-2026,21900.0,CE,23334.8,1280.65,715,1543.1,65,0.0,1411.875,9,0,0,0,14.08,,,,,,,,,,,,,,,0.04950865838441781,,,,,,12.47,65,23270.3,23361.1,23231.4,23477.8,mid_price,no_price_available
2026-09-11T08:18:14.949189+00:00,2026-09-11T13:48:14.949189+05:30,NIFTY,29-Sep-2026,21900.0,PE,23334.8,18.05,325,18.2,1430,18.1,18.125,3524,501,2093,44.223107569721115,18.57,-0.05259858760581585,0.00011135342981543646,-2.6825108481299424,5.574485956497291,-0.9126314395395789,0.004310642592744551,76.75774597012585,-1.9180019411113726e-07,0.000933673705541237,-4.163021261855036e-06,-0.5167228450146881,-56.54802233580815,0.05703573377912612,0.00012642225557436883,0.04950865838441781,23394.1,0.05126467478310392,0.0121,index_dividend_yield,0.065,12.47,65,23270.3,23361.1,23231.4,23477.8,mid_price,ok
2026-09-11T08:18:14.949189+00:00,2026-09-11T13:48:14.949189+05:30,NIFTY,29-Sep-2026,21950.0,CE,23334.8,1267.5,650,1492.9,65,0.0,1380.2,2,0,0,0,29.21,,,,,,,,,,,,,,,0.04950865838441781,,,,,,12.47,65,23270.3,23361.1,23231.4,23477.8,mid_price,no_price_available
2026-09-11T08:18:14.949189+00:00,2026-09-11T13:48:14.949189+05:30,NIFTY,29-Sep-2026,21950.0,PE,23334.8,18.95,130,19,325,19.05,18.975,1670,775,1204,39.051094890510946,18.27,-0.05591801937736331,0.00011879707843568635,-2.7646006041645097,5.851047599203185,-0.9554396907769623,0.004426073741678846,78.86145980193903,-2.040624518530165e-07,0.0009509792257127191,-4.132351907838624e-06,-0.5271457632414673,-56.908423960403624,0.06049040965176412,0.00013425945408361564,0.04950865838441781,23394.1,0.05126467478310392,0.0121,index_dividend_yield,0.065,12.47,65,23270.3,23361.1,23231.4,23477.8,mid_price,ok
2026-09-11T08:18:14.949189+00:00,2026-09-11T13:48:14.949189+05:30,NIFTY,29-Sep-2026,22000.0,CE,23334.8,1407.15,65,1410.8,65,1401.8,1408.975,12532,399,743,-6.45311978645312,0,,,,,,,,,,,,,,,0.04950865838441781,23394.1,0.05126467478310392,0.0121,index_dividend_yield,0.065,12.47,65,23270.3,23361.1,23231.4,23477.8,mid_price,no_nse_iv
2026-09-11T08:18:14.949189+00:00,2026-09-11T13:48:14.949189+05:30,NIFTY,29-Sep-2026,22000.0,PE,23334.8,20.1,130,20.2,910,20.3,20.15,51005,4783,34598,42.95774647887324,17.97,-0.05950300593137529,0.0001268283615923981,-2.849352040910972,6.144036440670817,-1.0000329907856667,0.004541284283400671,80.93060484013348,-2.1712145586455566e-07,0.0009648791485733575,-4.0792088114908435e-06,-0.5374391628145405,-57.26604022249261,0.06421532104181428,0.00014268528478624621,0.04950865838441781,23394.1,0.05126467478310392,0.0121,index_dividend_yield,0.065,12.47,65,23270.3,23361.1,23231.4,23477.8,mid_price,ok
2026-09-11T08:18:14.949189+00:00,2026-09-11T13:48:14.949189+05:30,NIFTY,29-Sep-2026,22050.0,CE,23334.8,1188.8,650,1391,195,0.0,1289.9,1,0,0,0,31.11,0.8129386698231362,0.00016602527429002983,-14.465629758300368,13.923984819520037,-0.7080417603257949,0.005561891928963281,32.74050457077404,-9.847546442753027e-08,-0.0001432810022526643,1.5472136662063275e-06,-0.6407286205151106,12.545239982894298,-0.7917302943766558,0.00018593672819323858,0.04950865838441781,23394.1,0.05126467478310392,0.0121,index_dividend_yield,0.065,12.47,65,23270.3,23361.1,23231.4,23477.8,mid_price,wide_quote_low_liquidity
2026-09-11T08:18:14.949189+00:00,2026-09-11T13:48:14.949189+05:30,NIFTY,29-Sep-2026,22050.0,PE,23334.8,20.9,65,21.05,520,21.3,20.975,1318,340,1369,43.91891891891892,17.62,-0.06285585997150478,0.00013500882944361697,-2.909417359737476,6.412943291384116,-1.0456439454881068,0.004639102339948402,83.11642327100577,-2.3144436822456167e-07,0.000983639891345925,-4.029617413470025e-06,-0.5461129295950302,-57.869857713585006,0.06766776514962093,0.00015120047312852186,0.04950865838441781,23394.1,0.05126467478310392,0.0121,index_dividend_yield,0.065,12.47,65,23270.3,23361.1,23231.4,23477.8,mid_price,ok
2026-09-11T08:18:14.949189+00:00,2026-09-11T13:48:14.949189+05:30,NIFTY,29-Sep-2026,22100.0,CE,23334.8,1132.8,715,1342.2,195,0.0,1237.5,14,0,0,0,27.06,0.8351109318868586,0.00017614990442883292,-12.192926642491612,12.84989348560105,-0.8381049542071639,0.005708575873008659,42.49666427899168,-1.29702830770552e-07,-6.839695641152124e-05,9.302177351080531e-07,-0.6431499478390954,13.74690529244266,-0.8176280768681946,0.00019638396780770969,0.04950865838441781,23394.1,0.05126467478310392,0.0121,index_dividend_yield,0.065,12.47,65,23270.3,23361.1,23231.4,23477.8,mid_price,wide_quote_low_liquidity
2026-09-11T08:18:14.949189+00:00,2026-09-11T13:48:14.949189+05:30,NIFTY,29-Sep-2026,22100.0,PE,23334.8,22.05,195,22.2,585,22.35,22.125,2410,480,2503,45.60260586319218,17.29,-0.06669842860250949,0.00014407302751931028,-2.982291345292801,6.715324433469354,-1.0936579736935472,0.004742626422439625,85.20700049615071,-2.466234147407757e-07,0.000994846383053078,-3.94294330877858e-06,-0.5552192775860672,-58.37758063445283,0.07163146232022197,0.00016062247033317315,0.04950865838441781,23394.1,0.05126467478310392,0.0121,index_dividend_yield,0.065,12.47,65,23270.3,23361.1,23231.4,23477.8,mid_price,ok
2026-09-11T08:18:14.949189+00:00,2026-09-11T13:48:14.949189+05:30,NIFTY,29-Sep-2026,22150.0,CE,23334.8,1244.85,780,1282.8,65,0.0,1263.8249999999998,1,0,0,0,30.44,0.7995931400939671,0.00017699259276420743,-14.683486404481405,14.524094400848517,-0.7114195054283012,0.005421633229149125,31.097387285409006,-1.0166050105613683e-07,-0.00020248778541016323,2.0291953093263464e-06,-0.6372071411480427,13.102032380586445,-0.7780706871581601,0.00019643360909600351,0.04950865838441781,23394.1,0.05126467478310392,0.0121,index_dividend_yield,0.065,12.47,65,23270.3,23361.1,23231.4,23477.8,mid_price,ok
2026-09-11T08:18:14.949189+00:00,2026-09-11T13:48:14.949189+05:30,NIFTY,29-Sep-2026,22150.0,PE,23334.8,23.2,325,23.45,520,23.45,23.325,748,-279,1051,41.265060240963855,16.99,-0.07120332111302606,0.00015419242539167888,-3.074133153865847,7.062293173724847,-1.1438242952604218,0.00485339903842763,87.09888056809855,-2.6246294184440784e-07,0.0009941629997232406,-3.8044876523917674e-06,-0.5648880779073764,-58.72912494933586,0.07628922892509074,0.00017112905202368945,0.04950865838441781,23394.1,0.05126467478310392,0.0121,index_dividend_yield,0.065,12.47,65,23270.3,23361.1,23231.4,23477.8,mid_price,ok
2026-09-11T08:18:14.949189+00:00,2026-09-11T13:48:14.949189+05:30,NIFTY,29-Sep-2026,22200.0,CE,23334.8,1195.15,910,1232.45,65,0.0,1213.8000000000002,1,0,0,0,21.3,0.8704214948560781,0.00019020761498317494,-9.155285799900009,10.921865575959663,-1.0700066630457972,0.005692773860807798,62.826921582133544,-2.0206188253856562e-07,0.0002011823307958272,-5.243758753707966e-07,-0.6343678834310982,16.056517161449545,-0.8579340240277232,0.0002101503496719256,0.04950865838441781,23394.1,0.05126467478310392,0.0121,index_dividend_yield,0.065,12.47,65,23270.3,23361.1,23231.4,23477.8,mid_price,ok
2026-09-11T08:18:14.949189+00:00,2026-09-11T13:48:14.949189+05:30,NIFTY,29-Sep-2026,22200.0,PE,23334.8,24.55,455,24.65,195,24.8,24.6,5369,1578,7239,40.90909090909091,16.67,-0.07585232233956993,0.00016493943211823913,-3.15700277556296,7.412239070901381,-1.1955930335422331,0.004954502845029712,88.9704032193741,-2.7955340016243443e-07,0.0009904294259597461,-3.642336631488869e-06,-0.5736841431253623,-59.18078143631309,0.08107689678393165,0.00018223286873873506,0.04950865838441781,23394.1,0.05126467478310392,0.0121,index_dividend_yield,0.065,12.47,65,23270.3,23361.1,23231.4,23477.8,mid_price,ok
2026-09-11T08:18:14.949189+00:00,2026-09-11T13:48:14.949189+05:30,NIFTY,29-Sep-2026,22250.0,CE,23334.8,1151.7,1040,1223.25,650,0.0,1187.475,6,0,0,0,25.01,0.8234047243422639,0.00019918209823117038,-11.85191103328561,13.42929822594358,-0.9045711537748469,0.00561496580599119,43.69444733823791,-1.508245152258149e-07,-0.00014832888901904553,1.5139656002594157e-06,-0.6410192341773691,15.143364595861934,-0.8065249008313813,0.00021907783391242084,0.04950865838441781,23394.1,0.05126467478310392,0.0121,index_dividend_yield,0.065,12.47,65,23270.3,23361.1,23231.4,23477.8,mid_price,ok
2026-09-11T08:18:14.949189+00:00,2026-09-11T13:48:14.949189+05:30,NIFTY,29-Sep-2026,22250.0,PE,23334.8,26.45,65,26.7,325,27,26.575,741,-113,697,45.945945945945944,16.39,-0.08140110931485664,0.00017697790511597594,-3.2652042802139225,7.819650222363656,-1.2486665144401319,0.005061779292290694,90.4672060121654,-2.969679579411115e-07,0.0009677813770887301,-3.4049291694770198e-06,-0.5829913022514841,-59.41152295115036,0.08680674866571426,0.0001946557268322744,0.04950865838441781,23394.1,0.05126467478310392,0.0121,index_dividend_yield,0.065,12.47,65,23270.3,23361.1,23231.4,23477.8,mid_price,ok
2026-09-11T08:18:14.949189+00:00,2026-09-11T13:48:14.949189+05:30,NIFTY,29-Sep-2026,22300.0,CE,23334.8,1105.95,325,1130.45,130,1111.45,1118.2,22,-8,30,-17.67037037037037,0,,,,,,,,,,,,,,,0.04950865838441781,23394.1,0.05126467478310392,0.0121,index_dividend_yield,0.065,12.47,65,23270.3,23361.1,23231.4,23477.8,mid_price,no_nse_iv
2026-09-11T08:18:14.949189+00:00,2026-09-11T13:48:14.949189+05:30,NIFTY,29-Sep-2026,22300.0,PE,23334.8,28.2,195,28.35,130,28.4,28.275,4528,218,12400,45.64102564102564,16.13,-0.08769586294280196,0.00019016451568070906,-3.3877801618444345,8.26900344143309,-1.3021587653252868,0.005166008071448569,91.59567136448476,-3.1475183387830293e-07,0.0009275860390414861,-3.0967046061470135e-06,-0.5920709048109636,-59.51994216956924,0.09330702221952798,0.00020822262705166866,0.04950865838441781,23394.1,0.05126467478310392,0.0121,index_dividend_yield,0.065,12.47,65,23270.3,23361.1,23231.4,23477.8,mid_price,ok
2026-09-11T08:18:14.949189+00:00,2026-09-11T13:48:14.949189+05:30,NIFTY,29-Sep-2026,22350.0,CE,23334.8,1051.9,1040,1086.35,65,0.0,1069.125,2,0,0,0,18.26,0.8735915638813526,0.0002180675994447869,-8.181494927139928,10.734485645100019,-1.251598252958508,0.00561608161991467,74.47745784566794,-2.718854142388194e-07,0.0003187977677371307,-7.151270041651148e-07,-0.6290891363938886,18.481413862903036,-0.8627328782644463,0.00023770824940985363,0.04950865838441781,23394.1,0.05126467478310392,0.0121,index_dividend_yield,0.065,12.47,65,23270.3,23361.1,23231.4,23477.8,mid_price,ok
2026-09-11T08:18:14.949189+00:00,2026-09-11T13:48:14.949189+05:30,NIFTY,29-Sep-2026,22350.0,PE,23334.8,30.5,65,30.8,325,30.65,30.65,390,-4,770,48.426150121065376,15.82,-0.0938670684021115,0.00020392615167261606,-3.4829309226427245,8.696985108203252,-1.3571286594943264,0.005248308290227946,92.80068821297237,-3.344548130181382e-07,0.00088703483443012,-2.7738695580080863e-06,-0.5994024237016173,-59.88946598911115,0.09963949884552445,0.0002222931267478796,0.04950865838441781,23394.1,0.05126467478310392,0.0121,index_dividend_yield,0.065,12.47,65,23270.3,23361.1,23231.4,23477.8,mid_price,ok
2026-09-11T08:18:14.949189+00:00,2026-09-11T13:48:14.949189+05:30,NIFTY,29-Sep-2026,22400.0,CE,23334.8,924.1,845,1040.95,325,0.0,982.5250000000001,3,0,0,0,24.45,0.7953670868279888,0.00022313152904626478,-12.436068694835472,14.707170546521768,-0.8949245606139078,0.005327801749658634,38.42131160294393,-1.544061493003956e-07,-0.00032968402403957514,2.7282317718189323e-06,-0.6340403306500839,16.250866187341117,-0.7775739030008684,0.00024214364230539968,0.04950865838441781,23394.1,0.05126467478310392,0.0121,index_dividend_yield,0.065,12.47,65,23270.3,23361.1,23231.4,23477.8,mid_price,ok
2026-09-11T08:18:14.949189+00:00,2026-09-11T13:48:14.949189+05:30,NIFTY,29-Sep-2026,22400.0,PE,23334.8,32.85,65,32.95,130,33.45,32.900000000000006,3460,565,12369,46.38949671772429,15.62,-0.10214243722481892,0.00021972858806142294,-3.6462804468413488,9.252453649786887,-1.4081805381946435,0.00534028036918667,92.79093425787099,-3.5174189573834596e-07,0.0007969966542455804,-2.278117231429731e-06,-0.6077769932415258,-59.62884077796165,0.10818951629711704,0.0002384507508160528,0.04950865838441781,23394.1,0.05126467478310392,0.0121,index_dividend_yield,0.065,12.47,65,23270.3,23361.1,23231.4,23477.8,mid_price,ok
2026-09-11T08:18:14.949189+00:00,2026-09-11T13:48:14.949189+05:30,NIFTY,29-Sep-2026,22450.0,CE,23334.8,861.2,650,998.1,260,0.0,929.6500000000001,2,0,0,0,17.21,0.8631607342885469,0.00024446142081674816,-8.140867032487654,11.341761891960461,-1.3437743500916977,0.005601935273741309,76.53924050752714,-3.0911240509249e-07,0.0002293316131546071,-7.209596084180704e-08,-0.6308541314459379,20.02850209576393,-0.8523845035814588,0.00026411058476232473,0.04950865838441781,23394.1,0.05126467478310392,0.0121,index_dividend_yield,0.065,12.47,65,23270.3,23361.1,23231.4,23477.8,mid_price,ok
2026-09-11T08:18:14.949189+00:00,2026-09-11T13:48:14.949189+05:30,NIFTY,29-Sep-2026,22450.0,PE,23334.8,35.7,390,35.9,65,36,35.8,718,83,1587,46.34146341463415,15.38,-0.1105596265945418,0.00023629027566457166,-3.787495033126855,9.79696390632028,-1.4586818813560956,0.005405530948768528,92.6433903499504,-3.7026115527601404e-07,0.0006981952868500988,-1.7429666058004986e-06,-0.6142561749525814,-59.568866625823205,0.11684615096140956,0.0002552826645239944,0.04950865838441781,23394.1,0.05126467478310392,0.0121,index_dividend_yield,0.065,12.47,65,23270.3,23361.1,23231.4,23477.8,mid_price,ok
2026-09-11T08:18:14.949189+00:00,2026-09-11T13:48:14.949189+05:30,NIFTY,29-Sep-2026,22500.0,CE,23334.8,930.4,130,932.4,65,922.8,931.4,8733,447,1959,-8.115105048292342,0,,,,,,,,,,,,,,,0.04950865838441781,23394.1,0.05126467478310392,0.0121,index_dividend_yield,0.065,12.47,65,23270.3,23361.1,23231.4,23477.8,mid_price,no_nse_iv
2026-09-11T08:18:14.949189+00:00,2026-09-11T13:48:14.949189+05:30,NIFTY,29-Sep-2026,22500.0,PE,23334.8,39.1,715,39.25,195,39.7,39.175,47011,10919,58491,44.626593806921676,15.19,-0.12047435840943904,0.0002542995915596898,-3.9608033487403795,10.413405017611144,-1.5031536651528496,0.005454676141373363,91.49176864941832,-3.867438340719184e-07,0.0005602461781500305,-1.0715860419467996e-06,-0.6199962672814952,-59.2042948349088,0.12705461606109866,0.00027351981390707727,0.04950865838441781,23394.1,0.05126467478310392,0.0121,index_dividend_yield,0.065,12.47,65,23270.3,23361.1,23231.4,23477.8,mid_price,ok
2026-09-11T08:18:14.949189+00:00,2026-09-11T13:48:14.949189+05:30,NIFTY,29-Sep-2026,22550.0,CE,23334.8,735.6,650,903.15,325,0.0,819.375,3,0,0,0,14.99,0.8683142938997269,0.00027332322922746493,-7.358218845605316,11.045045253476768,-1.5433533901051955,0.005506816316213636,89.82309745662143,-4.028703086348776e-07,0.0003995184903961735,-3.2020854154356845e-07,-0.6240247596988677,22.63307301538204,-0.8588339000339297,0.00029267903645515124,0.04950865838441781,23394.1,0.05126467478310392,0.0121,index_dividend_yield,0.065,12.47,65,23270.3,23361.1,23231.4,23477.8,mid_price,wide_quote_low_liquidity
2026-09-11T08:18:14.949189+00:00,2026-09-11T13:48:14.949189+05:30,NIFTY,29-Sep-2026,22550.0,PE,23334.8,42.5,390,42.75,260,42.85,42.625,2216,1719,4352,45.74829931972789,14.95,-0.13046881688641956,0.0002731609312780876,-4.103515912568748,11.009031159773258,-1.546689862188394,0.005470967790315945,90.25097597297282,-4.0469220630045536e-07,0.00041229093943124704,-3.6241015123839255e-07,-0.6236972313853322,-59.0942099778871,0.13729412703245436,0.000292505245125462,0.04950865838441781,23394.1,0.05126467478310392,0.0121,index_dividend_yield,0.065,12.47,65,23270.3,23361.1,23231.4,23477.8,mid_price,ok
2026-09-11T08:18:14.949189+00:00,2026-09-11T13:48:14.949189+05:30,NIFTY,29-Sep-2026,22600.0,CE,23334.8,836.15,195,845.4,390,841.85,840.775,23,8,21,-22.76605504587156,0,,,,,,,,,,,,,,,0.04950865838441781,23394.1,0.05126467478310392,0.0121,index_dividend_yield,0.065,12.47,65,23270.3,23361.1,23231.4,23477.8,mid_price,no_nse_iv
2026-09-11T08:18:14.949189+00:00,2026-09-11T13:48:14.949189+05:30,NIFTY,29-Sep-2026,22600.0,PE,23334.8,46.5,390,46.65,260,47,46.575,10398,3425,19238,40.929535232383806,14.76,-0.14213214530249596,0.0002933703834856989,-4.276570412485905,11.673254380109402,-1.5804327512674714,0.005458869626773805,87.83820811786302,-4.1947074005848113e-07,0.00022003760562409424,4.936450927407374e-07,-0.626225122653862,-58.676296028695106,0.1492543933777641,0.0003127573726550853,0.04950865838441781,23394.1,0.05126467478310392,0.0121,index_dividend_yield,0.065,12.47,65,23270.3,23361.1,23231.4,23477.8,mid_price,ok
2026-09-11T08:18:14.949189+00:00,2026-09-11T13:48:14.949189+05:30,NIFTY,29-Sep-2026,22650.0,CE,23334.8,776.25,260,805.15,260,0.0,790.7,3,0,0,0,0,,,,,,,,,,,,,,,0.04950865838441781,23394.1,0.05126467478310392,0.0121,index_dividend_yield,0.065,12.47,65,23270.3,23361.1,23231.4,23477.8,mid_price,no_nse_iv
2026-09-11T08:18:14.949189+00:00,2026-09-11T13:48:14.949189+05:30,NIFTY,29-Sep-2026,22650.0,PE,23334.8,50.8,520,51.2,65,52.65,51.0,2219,576,2502,42.10526315789474,14.55,-0.15445392650941614,0.00031462490178921833,-4.4349044100704775,12.340859556818657,-1.6086625913471901,0.005408525509847412,84.95685256063723,-4.3381781664859787e-07,3.670375717333002e-06,1.4253371308684632e-06,-0.6269260305653592,-58.34183435343702,0.16185112298176246,0.000333937234461302,0.04950865838441781,23394.1,0.05126467478310392,0.0121,index_dividend_yield,0.065,12.47,65,23270.3,23361.1,23231.4,23477.8,mid_price,ok
2026-09-11T08:18:14.949189+00:00,2026-09-11T13:48:14.949189+05:30,NIFTY,29-Sep-2026,22700.0,CE,23334.8,749.6,65,754,130,755,751.8,146,117,168,-6.8246328520301125,0,,,,,,,,,,,,,,,0.04950865838441781,23394.1,0.05126467478310392,0.0121,index_dividend_yield,0.065,12.47,65,23270.3,23361.1,23231.4,23477.8,mid_price,no_nse_iv
2026-09-11T08:18:14.949189+00:00,2026-09-11T13:48:14.949189+05:30,NIFTY,29-Sep-2026,22700.0,PE,23334.8,56.15,390,56.35,260,56.15,56.25,11657,942,22534,43.79001280409731,14.38,-0.16846326478890836,0.000336886877636786,-4.614360833101124,13.059673047668788,-1.6229774879836512,0.00531417818861854,80.886716654339,-4.438753741423351e-07,-0.0002561009594826552,2.4924037950296287e-06,-0.6260180777963562,-57.75554845373432,0.17617270025704115,0.00035599225231509456,0.04950865838441781,23394.1,0.05126467478310392,0.0121,index_dividend_yield,0.065,12.47,65,23270.3,23361.1,23231.4,23477.8,mid_price,ok
2026-09-11T08:18:14.949189+00:00,2026-09-11T13:48:14.949189+05:30,NIFTY,29-Sep-2026,22750.0,CE,23334.8,697.25,130,715.85,65,712,706.55,6,3,6,-19.60252935862692,0,,,,,,,,,,,,,,,0.04950865838441781,23394.1,0.05126467478310392,0.0121,index_dividend_yield,0.065,12.47,65,23270.3,23361.1,23231.4,23477.8,mid_price,no_nse_iv
2026-09-11T08:18:14.949189+00:00,2026-09-11T13:48:14.949189+05:30,NIFTY,29-Sep-2026,22750.0,PE,23334.8,61.95,260,62.3,130,64,62.125,2326,442,2132,46.118721461187214,14.21,-0.1835859123446917,0.000359986458292117,-4.787772408602178,13.790168273028236,-1.6256620500240264,0.005169863793956453,76.08403499872107,-4.5117578965441963e-07,-0.000547108648843225,3.648532335446587e-06,-0.6233262754529072,-57.14114377931493,0.1916005166983041,0.00037873158727668837,0.04950865838441781,23394.1,0.05126467478310392,0.0121,index_dividend_yield,0.065,12.47,65,23270.3,23361.1,23231.4,23477.8,mid_price,ok
2026-09-11T08:18:14.949189+00:00,2026-09-11T13:48:14.949189+05:30,NIFTY,29-Sep-2026,22800.0,CE,23334.8,661.5,65,663.7,65,657.2,662.6,3326,3112,3924,-11.595372612321764,0,,,,,,,,,,,,,,,0.04950865838441781,23394.1,0.05126467478310392,0.0121,index_dividend_yield,0.065,12.47,65,23270.3,23361.1,23231.4,23477.8,mid_price,no_nse_iv
2026-09-11T08:18:14.949189+00:00,2026-09-11T13:48:14.949189+05:30,NIFTY,29-Sep-2026,22800.0,PE,23334.8,68.65,1040,68.8,325,69.3,68.725,20519,2203,32153,40.9969481180061,14.02,-0.1995551586486305,0.00038399093162455876,-4.940386198737504,14.513037097314298,-1.61810927126943,0.004973455192800014,70.80850454932718,-4.5658885043158684e-07,-0.0008653374803000119,4.871885088974322e-06,-0.6189929236719944,-56.605556888768106,0.2078440072791594,0.0004022160901662654,0.04950865838441781,23394.1,0.05126467478310392,0.0121,index_dividend_yield,0.065,12.47,65,23270.3,23361.1,23231.4,23477.8,mid_price,ok
2026-09-11T08:18:14.949189+00:00,2026-09-11T13:48:14.949189+05:30,NIFTY,29-Sep-2026,22850.0,CE,23334.8,618.55,325,625.5,325,613.75,622.025,6,1,7,-61.055236524001394,7.53,0.9213172764695351,0.00037328091722544146,-4.5951992042290595,7.577397815156968,-2.714995330840464,0.00442582813891601,199.8674329802128,-1.3510636984633311e-06,0.004890445055424144,-5.6039963681624215e-06,-0.5329184389050603,38.52072144048174,-0.916439630770686,0.0003892884742727772,0.04950865838441781,23394.1,0.05126467478310392,0.0121,index_dividend_yield,0.065,12.47,65,23270.3,23361.1,23231.4,23477.8,mid_price,ok
2026-09-11T08:18:14.949189+00:00,2026-09-11T13:48:14.949189+05:30,NIFTY,29-Sep-2026,22850.0,PE,23334.8,75.9,195,76.4,195,77.75,76.15,1608,-85,2789,40.85144927536232,13.92,-0.21818656925314764,0.00040763160992390466,-5.137363869451361,15.296652932072824,-1.5808585485722892,0.004704677016554637,63.85176961466854,-4.515022315312723e-07,-0.0012267963519079785,6.2219850688418105e-06,-0.6130446067789599,-55.561154658746794,0.22682603238962906,0.0004251122416654231,0.04950865838441781,23394.1,0.05126467478310392,0.0121,index_dividend_yield,0.065,12.47,65,23270.3,23361.1,23231.4,23477.8,mid_price,ok
2026-09-11T08:18:14.949189+00:00,2026-09-11T13:48:14.949189+05:30,NIFTY,29-Sep-2026,22900.0,CE,23334.8,579.35,65,582.45,65,565.2,580.9000000000001,303,202,464,-11.542374207684482,7.5,0.9013474372846623,0.000444174406013117,-4.820674071445311,8.980574443311816,-2.941767520226568,0.00463370141386199,197.41435488400504,-1.465087301499219e-06,0.0038435389554869665,-2.9800470810552294e-06,-0.5570783444417415,41.03688904082776,-0.8960798743581441,0.0004612015216036632,0.04950865838441781,23394.1,0.05126467478310392,0.0121,index_dividend_yield,0.065,12.47,65,23270.3,23361.1,23231.4,23477.8,mid_price,ok
2026-09-11T08:18:14.949189+00:00,2026-09-11T13:48:14.949189+05:30,NIFTY,29-Sep-2026,22900.0,PE,23334.8,84.6,585,84.9,195,85.2,84.75,11596,316,19639,40.016433853738704,13.8,-0.23771866681026002,0.00043149264721754926,-5.307341899690695,16.05246788022853,-1.5290719648376332,0.004373097827531397,56.62425136490423,-4.4306485336183747e-07,-0.001604674038024255,7.59457864069914e-06,-0.6058585189881835,-54.605098297828405,0.24666828035361102,0.0004480336164431085,0.04950865838441781,23394.1,0.05126467478310392,0.0121,index_dividend_yield,0.065,12.47,65,23270.3,23361.1,23231.4,23477.8,mid_price,ok
2026-09-11T08:18:14.949189+00:00,2026-09-11T13:48:14.949189+05:30,NIFTY,29-Sep-2026,22950.0,CE,23334.8,538.4,65,541.75,65,533.7,540.075,108,97,128,-10.362781323480013,8.28,0.8535256757016113,0.0005322128454072621,-5.523260688449295,11.879687398758033,-2.861333122420373,0.0047852083833468395,156.58686131867316,-1.2977614800379226e-06,0.0005885000126137126,3.0797832456456575e-06,-0.5885806461469016,41.74584654942646,-0.8470480676246768,0.0005502095682122885,0.04950865838441781,23394.1,0.05126467478310392,0.0121,index_dividend_yield,0.065,12.47,65,23270.3,23361.1,23231.4,23477.8,mid_price,ok
2026-09-11T08:18:14.949189+00:00,2026-09-11T13:48:14.949189+05:30,NIFTY,29-Sep-2026,22950.0,PE,23334.8,93.65,130,94,130,94.85,93.825,2808,408,4307,42.09737827715356,13.63,-0.25775671249045284,0.0004561645416373028,-5.42958627098036,16.76126156063157,-1.4672383619305784,0.003983826166945981,49.504415004346214,-4.332501188520607e-07,-0.001999499063280941,8.973862933185802e-06,-0.5979210530687169,-53.879943332428574,0.26694260914673285,0.0004715896988468142,0.04950865838441781,23394.1,0.05126467478310392,0.0121,index_dividend_yield,0.065,12.47,65,23270.3,23361.1,23231.4,23477.8,mid_price,ok
2026-09-11T08:18:14.949189+00:00,2026-09-11T13:48:14.949189+05:30,NIFTY,29-Sep-2026,23000.0,CE,23334.8,499.9,260,501.8,65,492,500.85,12500,1246,13895,-12.095765588708236,8.65,0.8145347657410135,0.0005939395606960202,-5.991088130036424,13.849933383054568,-2.7055289992901077,0.0044952636897878095,125.9558280237174,-1.181862861887696e-06,-0.0014642691429458976,7.534089472742162e-06,-0.5907430734736998,43.14908364971092,-0.807239551611383,0.000611356800184532,0.04950865838441781,23394.1,0.05126467478310392,0.0121,index_dividend_yield,0.065,12.47,65,23270.3,23361.1,23231.4,23477.8,mid_price,ok
2026-09-11T08:18:14.949189+00:00,2026-09-11T13:48:14.949189+05:30,NIFTY,29-Sep-2026,23000.0,PE,23334.8,105,7020,105.15,325,105,105.075,97639.23076923077,6141.384615384615,99410,36.18677042801556,13.58,-0.28077014999370553,0.0004779065766166996,-5.602215042081253,17.49573131618812,-1.36439329544627,0.0035026964278090378,41.09365703821766,-4.085375087655601e-07,-0.0023967441977259542,1.0353693098583844e-05,-0.5893023102919237,-52.539394451480334,0.29027896961674243,0.0004919211562960081,0.04950865838441781,23394.1,0.05126467478310392,0.0121,index_dividend_yield,0.065,12.47,65,23270.3,23361.1,23231.4,23477.8,mid_price,ok
2026-09-11T08:18:14.949189+00:00,2026-09-11T13:48:14.949189+05:30,NIFTY,29-Sep-2026,23050.0,CE,23334.8,460.95,65,463.5,65,450.95,462.225,122,114,174,-11.46559340335722,8.25,0.7936498242038622,0.0006645835055872968,-5.987736067438455,14.780626081599044,-2.769101201070434,0.0041012827237113525,118.02675402662732,-1.265207142537648e-06,-0.002748193880274582,1.0604062255220939e-05,-0.5821384892971349,46.89475929846615,-0.7863227900528756,0.0006811078170436558,0.04950865838441781,23394.1,0.05126467478310392,0.0121,index_dividend_yield,0.065,12.47,65,23270.3,23361.1,23231.4,23477.8,mid_price,ok
2026-09-11T08:18:14.949189+00:00,2026-09-11T13:48:14.949189+05:30,NIFTY,29-Sep-2026,23050.0,PE,23334.8,115.3,65,115.6,65,116.7,115.44999999999999,2418,759,4131,33.44768439108062,13.4,-0.30323031398152206,0.0005019890760238367,-5.673574022224186,18.133781913734296,-1.2636197155631024,0.002978772482615355,33.764686554226486,-3.876580765722625e-07,-0.002811579875193948,1.170024838049457e-05,-0.5810300048646013,-51.811752916725254,0.3129018031226405,0.0005144706133628916,0.04950865838441781,23394.1,0.05126467478310392,0.0121,index_dividend_yield,0.065,12.47,65,23270.3,23361.1,23231.4,23477.8,mid_price,ok
2026-09-11T08:18:14.949189+00:00,2026-09-11T13:48:14.949189+05:30,NIFTY,29-Sep-2026,23100.0,CE,23334.8,424.35,130,426.05,65,418.4,425.20000000000005,1050,730,2359,-14.077420679741246,8.95,0.7414862731709798,0.0006949163218504911,-6.5941932429226675,16.766594892486122,-2.2710706858659058,0.0032998348213474356,76.5724994653958,-9.737845653108345e-07,-0.004590827300735304,1.4679546341049197e-05,-0.5737921624522677,47.0154115828552,-0.7330916740565171,0.0007091150755077565,0.04950865838441781,23394.1,0.05126467478310392,0.0121,index_dividend_yield,0.065,12.47,65,23270.3,23361.1,23231.4,23477.8,mid_price,ok
2026-09-11T08:18:14.949189+00:00,2026-09-11T13:48:14.949189+05:30,NIFTY,29-Sep-2026,23100.0,PE,23334.8,127.8,260,128.4,325,130.25,128.1,12744,531,16055,36.31606488749346,13.28,-0.3277240642760326,0.0005235744034209814,-5.7523053386091805,18.744152336994933,-1.1312422115681287,0.002376391870718031,26.17754782864523,-3.5585751431114283e-07,-0.003211492936317558,1.2966794963081472e-05,-0.5732855663173595,-50.77543944148638,0.3375752034564964,0.0005342722439259043,0.04950865838441781,23394.1,0.05126467478310392,0.0121,index_dividend_yield,0.065,12.47,65,23270.3,23361.1,23231.4,23477.8,mid_price,ok
2026-09-11T08:18:14.949189+00:00,2026-09-11T13:48:14.949189+05:30,NIFTY,29-Sep-2026,23150.0,CE,23334.8,387.55,65,389.8,65,386.4,388.675,321,229,607,-11.649708471475934,9.08,0.7026592061020686,0.0007336101241781616,-6.828285068061607,17.957277264576774,-1.954473719476657,0.0024537246933402646,54.12241922480909,-8.372605990500312e-07,-0.005868685062028283,1.75807456019786e-05,-0.5635874757247237,49.003489669721986,-0.6938149122183053,0.0007453692830819086,0.04950865838441781,23394.1,0.05126467478310392,0.0121,index_dividend_yield,0.065,12.47,65,23270.3,23361.1,23231.4,23477.8,mid_price,ok
2026-09-11T08:18:14.949189+00:00,2026-09-11T13:48:14.949189+05:30,NIFTY,29-Sep-2026,23150.0,PE,23334.8,141.35,65,141.9,130,143.7,141.625,4368,431,3053,32.564575645756456,13.14,-0.35319274640654635,0.0005444859931275138,-5.788391209685971,19.28729845439386,-0.9807725914461052,0.0017136977449510038,19.155431401134848,-3.188076142015783e-07,-0.0036031293172978903,1.4138595798469497e-05,-0.5667600591274073,-49.810039670695225,0.3631595838514104,0.0005532136498255776,0.04950865838441781,23394.1,0.05126467478310392,0.0121,index_dividend_yield,0.065,12.47,65,23270.3,23361.1,23231.4,23477.8,mid_price,ok
2026-09-11T08:18:14.949189+00:00,2026-09-11T13:48:14.949189+05:30,NIFTY,29-Sep-2026,23200.0,CE,23334.8,353.3,130,354.45,195,350.7,353.875,6684,5363,21089,-14.012504597278411,9.24,0.662163156389551,0.0007610741279994766,-7.032097529725471,18.957813808463644,-1.5764432980339693,0.0014792167341368678,34.33683955000433,-6.782414062656547e-07,-0.006858832055127537,1.9818271527257065e-05,-0.5556924452591794,50.84681880248807,-0.652912180562578,0.0007699440281895475,0.04950865838441781,23394.1,0.05126467478310392,0.0121,index_dividend_yield,0.065,12.47,65,23270.3,23361.1,23231.4,23477.8,mid_price,ok
2026-09-11T08:18:14.949189+00:00,2026-09-11T13:48:14.949189+05:30,NIFTY,29-Sep-2026,23200.0,PE,23334.8,156.95,195,157.5,390,158.2,157.225,21643,1518,29335,31.340805313408055,13.12,-0.3808047970444969,0.0005590694089891772,-5.857637034293063,19.77374311984312,-0.7941687549830323,0.0009803413917558457,12.485102828215133,-2.683138184538582e-07,-0.003908401468706102,1.5053165276685246e-05,-0.5621220394591404,-48.31414162355582,0.39094505007502744,0.0005655850553298175,0.04950865838441781,23394.1,0.05126467478310392,0.0121,index_dividend_yield,0.065,12.47,65,23270.3,23361.1,23231.4,23477.8,mid_price,ok
2026-09-11T08:18:14.949189+00:00,2026-09-11T13:48:14.949189+05:30,NIFTY,29-Sep-2026,23250.0,CE,23334.8,322.25,65,323.5,195,320.1,322.875,8679,8491,16973,-14.434643143544507,9.37,0.621600604987693,0.0007809224489153076,-7.167425879946454,19.725899767297506,-1.1752336769688676,0.0004268937788475258,18.9587794134205,-5.167706965329535e-07,-0.007584470525812527,2.1383907218168897e-05,-0.5517447510949758,52.78861723880426,-0.612049550842745,0.0007866293728050148,0.04950865838441781,23394.1,0.05126467478310392,0.0121,index_dividend_yield,0.065,12.47,65,23270.3,23361.1,23231.4,23477.8,mid_price,ok
2026-09-11T08:18:14.949189+00:00,2026-09-11T13:48:14.949189+05:30,NIFTY,29-Sep-2026,23250.0,PE,23334.8,172.65,130,173.25,260,173.8,172.95,12549,10108,25326,28.597854236034035,13.02,-0.4085841485131301,0.0005743165484386006,-5.844227530872929,20.158194818932213,-0.6011555733641538,0.00021023213262905127,7.1967422748233645,-2.1696346888476023e-07,-0.004206224945664126,1.584106229255604e-05,-0.5598210030692883,-47.16100969804488,0.41876958169122874,0.0005785136115850001,0.04950865838441781,23394.1,0.05126467478310392,0.0121,index_dividend_yield,0.065,12.47,65,23270.3,23361.1,23231.4,23477.8,mid_price,ok
2026-09-11T08:18:14.949189+00:00,2026-09-11T13:48:14.949189+05:30,NIFTY,29-Sep-2026,23300.0,CE,23334.8,288.5,715,289,130,286.25,288.75,14219,11787,50191,-15.697246355470476,9.39,0.581736475171853,0.0008004134376522877,-7.187852639587765,20.261392374075967,-0.7744767936852526,-0.0006754770829033863,8.333989116184881,-3.632246134060622e-07,-0.008195749840598425,2.247927660835791e-05,-0.5525217325069001,55.278793457993686,-0.5720659344557728,0.0008028061577176074,0.04950865838441781,23394.1,0.05126467478310392,0.0121,index_dividend_yield,0.065,12.47,65,23270.3,23361.1,23231.4,23477.8,mid_price,ok
2026-09-11T08:18:14.949189+00:00,2026-09-11T13:48:14.949189+05:30,NIFTY,29-Sep-2026,23300.0,PE,23334.8,191.5,325,192.1,260,192.05,191.8,39300,5735,58436,28.289913159652638,12.95,-0.4373231196352622,0.0005857018023186886,-5.807973039094253,20.447285099714254,-0.39012929234827354,-0.0005973459116980773,3.182274470505675,-1.5919261213806368e-07,-0.004431895311158163,1.6369261394501115e-05,-0.5603813076484769,-45.885852240951294,0.4475211980366659,0.0005874526730422143,0.04950865838441781,23394.1,0.05126467478310392,0.0121,index_dividend_yield,0.065,12.47,65,23270.3,23361.1,23231.4,23477.8,mid_price,ok
2026-09-11T08:18:14.949189+00:00,2026-09-11T13:48:14.949189+05:30,NIFTY,29-Sep-2026,23350.0,CE,23334.8,260.5,195,261.35,195,261.2,260.925,3488,2918,9781,-14.177755873172334,9.52,0.5408889023801493,0.000802310721982975,-7.21374088544099,20.59059365460721,-0.34291068532071867,-0.0017925963643673493,1.8427552514204137,-1.9591622470968315e-07,-0.008356740843249486,2.2615591522012283e-05,-0.5593706873945621,57.20169039271416,-0.5310871385386796,0.0008012665118173578,0.04950865838441781,23394.1,0.05126467478310392,0.0121,index_dividend_yield,0.065,12.47,65,23270.3,23361.1,23231.4,23477.8,mid_price,ok
2026-09-11T08:18:14.949189+00:00,2026-09-11T13:48:14.949189+05:30,NIFTY,29-Sep-2026,23350.0,PE,23334.8,211.05,520,211.85,845,212.7,211.45,3608,-333,10090,26.871458395466746,12.88,-0.4666486202803589,0.0005941466770276757,-5.7304434172102505,20.62998248040711,-0.1676298672235177,-0.0014277230129212113,0.7223756831429284,-9.732931960013341e-08,-0.0045924103428346755,1.664239052539629e-05,-0.5641012226229734,-44.61594914312462,0.4767972737197598,0.0005933733930829135,0.04950865838441781,23394.1,0.05126467478310392,0.0121,index_dividend_yield,0.065,12.47,65,23270.3,23361.1,23231.4,23477.8,mid_price,ok
2026-09-11T08:18:14.949189+00:00,2026-09-11T13:48:14.949189+05:30,NIFTY,29-Sep-2026,23400.0,CE,23334.8,231.85,455,232,65,231.4,231.925,23032,5114,37148,-16.037735849056602,9.39,0.5005985696730115,0.0008177838770252314,-7.037157916141728,20.701101743370945,0.07915394989232993,-0.002955592375431193,-0.009252697291017853,-3.6753450467719645e-08,-0.008710446732068266,2.2678611351755504e-05,-0.5718072225484185,60.711769219675524,-0.4909812194237823,0.0008132330030040699,0.04950865838441781,23394.1,0.05126467478310392,0.0121,index_dividend_yield,0.065,12.47,65,23270.3,23361.1,23231.4,23477.8,mid_price,ok
2026-09-11T08:18:14.949189+00:00,2026-09-11T13:48:14.949189+05:30,NIFTY,29-Sep-2026,23400.0,PE,23334.8,233,520,233.85,520,234,233.425,28701,1359,31592,24.76672887230072,12.88,-0.4963692778443584,0.0005961756243598021,-5.650658736508329,20.700431663300524,0.06284826628386031,-0.0022572878168067856,-0.02726378290418552,-3.2117104776533464e-08,-0.004629756971842982,1.6551163689126664e-05,-0.5711625553602744,-43.11504840992081,0.5064668227082828,0.0005928579749940332,0.04950865838441781,23394.1,0.05126467478310392,0.0121,index_dividend_yield,0.065,12.47,65,23270.3,23361.1,23231.4,23477.8,mid_price,ok
2026-09-11T08:18:14.949189+00:00,2026-09-11T13:48:14.949189+05:30,NIFTY,29-Sep-2026,23450.0,CE,23334.8,205.45,195,206.15,65,203.45,205.8,1791,-418,4766,-17.33035351483137,9.35,0.45972793155826536,0.0008171535143935109,-6.853437889336114,20.597029325537978,0.5143999372932972,-0.0040803168135203904,2.682517009242602,1.311916081183701e-07,-0.008634154529775517,2.1799245469113757e-05,-0.5906321905005392,63.83676312789193,-0.4503032426526791,0.0008091445711665376,0.04950865838441781,23394.1,0.05126467478310392,0.0121,index_dividend_yield,0.065,12.47,65,23270.3,23361.1,23231.4,23477.8,mid_price,ok
2026-09-11T08:18:14.949189+00:00,2026-09-11T13:48:14.949189+05:30,NIFTY,29-Sep-2026,23450.0,PE,23334.8,256.85,195,257.85,130,256.5,257.35,3338,-522,5094,23.793436293436294,12.88,-0.5260450875373524,0.0005948944725085901,-5.52980208713119,20.655947462231744,0.2927750947469554,-0.0030736744390937876,1.0052346060120954,3.3206373177152265e-08,-0.004590068952555534,1.6185102892916133e-05,-0.581397408557315,-41.651788694159755,0.5360283968704249,0.0005890638960349664,0.04950865838441781,23394.1,0.05126467478310392,0.0121,index_dividend_yield,0.065,12.47,65,23270.3,23361.1,23231.4,23477.8,mid_price,ok
2026-09-11T08:18:14.949189+00:00,2026-09-11T13:48:14.949189+05:30,NIFTY,29-Sep-2026,23500.0,CE,23334.8,180.9,780,181.4,65,180.75,181.15,45610,8743,95708,-18.045794604398097,9.43,0.42013400079198965,0.0007980474622384371,-6.687919202451142,20.287556262377592,0.919503052116355,-0.0050856874290892695,9.59274442182334,2.8606066111945735e-07,-0.008086356103099133,2.0023139208566747e-05,-0.6139159290463176,66.16930193922909,-0.4108758035706971,0.0007868666923505417,0.04950865838441781,23394.1,0.05126467478310392,0.0121,index_dividend_yield,0.065,12.47,65,23270.3,23361.1,23231.4,23477.8,mid_price,ok
2026-09-11T08:18:14.949189+00:00,2026-09-11T13:48:14.949189+05:30,NIFTY,29-Sep-2026,23500.0,PE,23334.8,281.65,65,282.2,520,282,281.92499999999995,73130,1743,83220,23.440577806959947,12.78,-0.5560345364340414,0.0005948537753117926,-5.3094822009279135,20.494173080974296,0.5257081001440178,-0.003890411795146042,3.8698273939452577,1.0042893968167173e-07,-0.00454251195131615,1.5658380784804395e-05,-0.5949320961331495,-40.52209683609915,0.5657510320944023,0.0005865197807896474,0.04950865838441781,23394.1,0.05126467478310392,0.0121,index_dividend_yield,0.065,12.47,65,23270.3,23361.1,23231.4,23477.8,mid_price,ok
2026-09-11T08:18:14.949189+00:00,2026-09-11T13:48:14.949189+05:30,NIFTY,29-Sep-2026,23550.0,CE,23334.8,158.95,65,159.6,65,156.3,159.27499999999998,3118,30,4389,-19.266528925619834,9.59,0.3830774594311703,0.0007662265626291025,-6.528378854757984,19.809117783964123,1.2658074447882417,-0.005939124951846786,19.508930468017383,4.13525067348727e-07,-0.007235901673156733,1.7684566037558963e-05,-0.6392125601677385,67.84364856572861,-0.37398201858190827,0.0007522869817730972,0.04950865838441781,23394.1,0.05126467478310392,0.0121,index_dividend_yield,0.065,12.47,65,23270.3,23361.1,23231.4,23477.8,mid_price,ok
2026-09-11T08:18:14.949189+00:00,2026-09-11T13:48:14.949189+05:30,NIFTY,29-Sep-2026,23550.0,PE,23334.8,309.55,130,310.85,260,313.1,310.20000000000005,2883,-1021,2936,23.975450405860226,12.87,-0.5846862688348734,0.0005830531449154318,-5.163724926739761,20.22907444927378,0.7369763967952636,-0.004617125154340651,8.219604858213714,1.6036565733430736e-07,-0.004293655671304517,1.468000965668863e-05,-0.6103779009201986,-38.86697915526911,0.594249202850201,0.0005724459474450004,0.04950865838441781,23394.1,0.05126467478310392,0.0121,index_dividend_yield,0.065,12.47,65,23270.3,23361.1,23231.4,23477.8,mid_price,ok
2026-09-11T08:18:14.949189+00:00,2026-09-11T13:48:14.949189+05:30,NIFTY,29-Sep-2026,23600.0,CE,23334.8,138.9,130,139.4,195,139,139.15,21358,5803,35093,-19.23300406740267,9.49,0.34415139510550286,0.0007467776292187688,-6.160537952889878,19.104990919353302,1.6352826629979778,-0.0068099146289630754,34.016857768435216,5.60746746679274e-07,-0.006539963372134737,1.5145650563271268e-05,-0.6699040935026233,71.6533337002893,-0.33553503343153984,0.0007300884190065874,0.04950865838441781,23394.1,0.05126467478310392,0.0121,index_dividend_yield,0.065,12.47,65,23270.3,23361.1,23231.4,23477.8,mid_price,ok
2026-09-11T08:18:14.949189+00:00,2026-09-11T13:48:14.949189+05:30,NIFTY,29-Sep-2026,23600.0,PE,23334.8,339.8,455,340.95,130,343.55,340.375,24370,-2778,16916,22.455890215647834,12.97,-0.6123507809546246,0.0005682672075867664,-4.991242718640396,19.869269255085968,0.930250024649748,-0.0052822301237740454,13.834323404337212,2.1450698245725972e-07,-0.003985933846888242,1.3509452012376078e-05,-0.6274022219893958,-37.265429112779806,0.6217171069624468,0.0005555674017636779,0.04950865838441781,23394.1,0.05126467478310392,0.0121,index_dividend_yield,0.065,12.47,65,23270.3,23361.1,23231.4,23477.8,mid_price,ok
2026-09-11T08:18:14.949189+00:00,2026-09-11T13:48:14.949189+05:30,NIFTY,29-Sep-2026,23650.0,CE,23334.8,121.1,65,121.6,325,119.2,121.35,3862,84,7014,-19.73063973063973,9.46,0.30747969788154594,0.0007154623828480964,-5.798737211467393,18.245982947179037,1.944947962915361,-0.007502226130540801,50.74801047688915,6.839086359548137e-07,-0.0055734121329395194,1.2136354013628683e-05,-0.7002688057604267,75.01178527974417,-0.2993372482497892,0.0006965185389734621,0.04950865838441781,23394.1,0.05126467478310392,0.0121,index_dividend_yield,0.065,12.47,65,23270.3,23361.1,23231.4,23477.8,mid_price,ok
2026-09-11T08:18:14.949189+00:00,2026-09-11T13:48:14.949189+05:30,NIFTY,29-Sep-2026,23650.0,PE,23334.8,370.15,65,372.65,715,384.25,371.4,3372,-448,1086,23.374538449189277,13.17,-0.6378886528602337,0.0005476863425005588,-4.853857692342026,19.4449580145044,1.0895815298087586,-0.0058457070957905755,20.0187583675433,2.5661377488898935e-07,-0.0035949029064589024,1.2162284481656354e-05,-0.6444296922663071,-35.516605764033166,0.647107990970001,0.0005331848329686412,0.04950865838441781,23394.1,0.05126467478310392,0.0121,index_dividend_yield,0.065,12.47,65,23270.3,23361.1,23231.4,23477.8,mid_price,ok
2026-09-11T08:18:14.949189+00:00,2026-09-11T13:48:14.949189+05:30,NIFTY,29-Sep-2026,23700.0,CE,23334.8,104.7,65,104.95,65,103.65,104.825,25015,6727,38776,-20.57471264367816,9.5,0.2740256183746334,0.0006750860290107044,-5.456654512900719,17.28908658172975,2.177972375313669,-0.008000771109767935,67.87792045172303,7.736000183776421e-07,-0.004455851043561141,8.954626390883752e-06,-0.7274256834253875,77.7617678454077,-0.26633346921749296,0.0006544411425471917,0.04950865838441781,23394.1,0.05126467478310392,0.0121,index_dividend_yield,0.065,12.47,65,23270.3,23361.1,23231.4,23477.8,mid_price,ok
2026-09-11T08:18:14.949189+00:00,2026-09-11T13:48:14.949189+05:30,NIFTY,29-Sep-2026,23700.0,PE,23334.8,403.9,65,405.25,325,405.35,404.575,21308,-408,10198,18.592744294909302,13.04,-0.6661657042606017,0.0005367765385904266,-4.475212857102465,18.869502084657075,1.2805808634888671,-0.006459798335762046,28.62176258504867,3.1410642423858625e-07,-0.003302314586760562,1.0780031166668152e-05,-0.6653901675981047,-34.57025806533834,0.6748735414745657,0.0005203613111686471,0.04950865838441781,23394.1,0.05126467478310392,0.0121,index_dividend_yield,0.065,12.47,65,23270.3,23361.1,23231.4,23477.8,mid_price,ok
2026-09-11T08:18:14.949189+00:00,2026-09-11T13:48:14.949189+05:30,NIFTY,29-Sep-2026,23750.0,CE,23334.8,90.75,65,91,130,90.15,90.875,4354,-221,7561,-19.22043010752688,9.56,0.24326742472245425,0.00063073874380605,-5.10995280616222,16.25536496483898,2.3470085595432426,-0.008334963794262296,84.74468411551328,8.371403480675955e-07,-0.0033093443355065107,5.782708012950316e-06,-0.7504577578994223,80.30598448450503,-0.23603829928673448,0.0006088782304811438,0.04950865838441781,23394.1,0.05126467478310392,0.0121,index_dividend_yield,0.065,12.47,65,23270.3,23361.1,23231.4,23477.8,mid_price,ok
2026-09-11T08:18:14.949189+00:00,2026-09-11T13:48:14.949189+05:30,NIFTY,29-Sep-2026,23750.0,PE,23334.8,439.15,65,442.2,65,449.7,440.67499999999995,3332,-121,904,20,13.43,-0.6866782865079964,0.0005076891087165084,-4.4204458737899675,18.380748088616716,1.364174418959141,-0.006810969052784777,34.53957049107004,3.2919609543195417e-07,-0.0028263382858407897,9.319261345157033e-06,-0.6798602393465778,-32.62198394083113,0.6953552701300659,0.0004900933218158393,0.04950865838441781,23394.1,0.05126467478310392,0.0121,index_dividend_yield,0.065,12.47,65,23270.3,23361.1,23231.4,23477.8,mid_price,ok
2026-09-11T08:18:14.949189+00:00,2026-09-11T13:48:14.949189+05:30,NIFTY,29-Sep-2026,23800.0,CE,23334.8,78.55,260,78.85,650,78.5,78.69999999999999,45531,286,50309,-19.734151329243353,9.66,0.21586618921194528,0.0005837775861695497,-4.782535402076871,15.2024598985149,2.446993272744807,-0.008509050478662877,99.84365537551287,8.706946252198938e-07,-0.0022089799495365187,2.825680753782041e-06,-0.767585291721721,82.38421558398394,-0.20907780000849738,0.0005611793326204616,0.04950865838441781,23394.1,0.05126467478310392,0.0121,index_dividend_yield,0.065,12.47,65,23270.3,23361.1,23231.4,23477.8,mid_price,ok
2026-09-11T08:18:14.949189+00:00,2026-09-11T13:48:14.949189+05:30,NIFTY,29-Sep-2026,23800.0,PE,23334.8,477.85,65,479.95,325,484.65,478.9,30461,-3013,8165,20.875420875420875,13.6,-0.7086366638377765,0.0004852049815286043,-4.20316060046679,17.789079788285907,1.4634902771554215,-0.007173554811433003,41.843431993230595,3.5336834801590896e-07,-0.0024264340731289017,7.866689440460108e-06,-0.6960615754046984,-31.224689848642225,0.717036654440514,0.00046642251119121206,0.04950865838441781,23394.1,0.05126467478310392,0.0121,index_dividend_yield,0.065,12.47,65,23270.3,23361.1,23231.4,23477.8,mid_price,ok
2026-09-11T08:18:14.949189+00:00,2026-09-11T13:48:14.949189+05:30,NIFTY,29-Sep-2026,23850.0,CE,23334.8,67.3,65,67.8,195,66.25,67.55,4085,340,6785,-21.6903073286052,9.67,0.18864252863458703,0.0005379803822819164,-4.381167596469775,14.024333697444172,2.525172704630485,-0.008570762379979752,115.71258032324039,9.041412013059215e-07,-0.0011242014568074244,-1.778808758257002e-07,-0.7805625122590829,85.45556868412051,-0.18240772665552618,0.0005149888643278538,0.04950865838441781,23394.1,0.05126467478310392,0.0121,index_dividend_yield,0.065,12.47,65,23270.3,23361.1,23231.4,23477.8,mid_price,ok
2026-09-11T08:18:14.949189+00:00,2026-09-11T13:48:14.949189+05:30,NIFTY,29-Sep-2026,23850.0,PE,23334.8,515.2,65,518.85,65,527.95,517.0250000000001,1650,-245,577,18.215405284370803,13.66,-0.7309907179548785,0.00046467734324810516,-3.8943759701372858,17.11163549922677,1.5623251560718532,-0.00750268152529121,50.063391106391464,3.80021058524948e-07,-0.0020422489206702683,6.365413281190721e-06,-0.712540555462553,-30.082231102378284,0.738974927851622,0.0004448185568834077,0.04950865838441781,23394.1,0.05126467478310392,0.0121,index_dividend_yield,0.065,12.47,65,23270.3,23361.1,23231.4,23477.8,mid_price,ok
2026-09-11T08:18:14.949189+00:00,2026-09-11T13:48:14.949189+05:30,NIFTY,29-Sep-2026,23900.0,CE,23334.8,57.85,390,58.1,455,57.45,57.975,28663,1237,30955,-21.301369863013697,9.75,0.16552375325564833,0.0004912573534698305,-4.035351225876012,12.912282036324347,2.5335884140251648,-0.00849185065074351,127.8211515439871,9.049115967979844e-07,-0.000174984203319187,-2.7065127242487975e-06,-0.7854888152586632,87.69512747240968,-0.1597665044059259,0.0004682970567436085,0.04950865838441781,23394.1,0.05126467478310392,0.0121,index_dividend_yield,0.065,12.47,65,23270.3,23361.1,23231.4,23477.8,mid_price,ok
2026-09-11T08:18:14.949189+00:00,2026-09-11T13:48:14.949189+05:30,NIFTY,29-Sep-2026,23900.0,PE,23334.8,556.8,65,558.3,260,568.35,557.55,15655,-739,5206,16.944444444444443,14.05,,,,,,,,,,,,,,,0.04950865838441781,,,,,,12.47,65,23270.3,23361.1,23231.4,23477.8,mid_price,no_price_available
2026-09-11T08:18:14.949189+00:00,2026-09-11T13:48:14.949189+05:30,NIFTY,29-Sep-2026,23950.0,CE,23334.8,50.15,260,50.55,390,50.4,50.349999999999994,4055,-50,4095,-19.809069212410503,9.85,0.14519695385405576,0.00044598281609891993,-3.7118887298706085,11.842507804142373,2.4980196641906094,-0.008312305343625759,137.0858553754548,8.875188734389986e-07,0.0006353995934521822,-4.84013371701e-06,-0.7836493535910982,89.63441688916744,-0.13988903193246716,0.00042336529660903425,0.04950865838441781,23394.1,0.05126467478310392,0.0121,index_dividend_yield,0.065,12.47,65,23270.3,23361.1,23231.4,23477.8,mid_price,ok
2026-09-11T08:18:14.949189+00:00,2026-09-11T13:48:14.949189+05:30,NIFTY,29-Sep-2026,23950.0,PE,23334.8,595,65,603,325,625.85,599.0,2130,-85,146,22.117073170731707,14.41,,,,,,,,,,,,,,,0.04950865838441781,,,,,,12.47,65,23270.3,23361.1,23231.4,23477.8,mid_price,no_price_available
2026-09-11T08:18:14.949189+00:00,2026-09-11T13:48:14.949189+05:30,NIFTY,29-Sep-2026,24000.0,CE,23334.8,43.7,1495,43.9,455,43.85,43.8,132116,4354,108020,-18.946395563770796,9.98,0.12774726940966583,0.00040325764627679035,-3.4221204117280255,10.849318924189255,2.4264930339974455,-0.008060479028562675,143.22168119576784,8.544659552572031e-07,0.0012833183573168348,-6.5282824737986946e-06,-0.7757874033424342,91.12132466999941,-0.12284345120591172,0.00038121351876416805,0.04950865838441781,23394.1,0.05126467478310392,0.0121,index_dividend_yield,0.065,12.47,65,23270.3,23361.1,23231.4,23477.8,mid_price,ok
2026-09-11T08:18:14.949189+00:00,2026-09-11T13:48:14.949189+05:30,NIFTY,29-Sep-2026,24000.0,PE,23334.8,641,390,643.45,130,645,642.225,94611.61538461539,-5119,17743,16.794929832503396,14.67,,,,,,,,,,,,,,,0.04950865838441781,,,,,,12.47,65,23270.3,23361.1,23231.4,23477.8,mid_price,no_price_available
2026-09-11T08:18:14.949189+00:00,2026-09-11T13:48:14.949189+05:30,NIFTY,29-Sep-2026,24050.0,CE,23334.8,37.85,195,38.1,520,38.1,37.975,3317,-719,4594,-17.71058315334773,10.07,0.11130555899547272,0.0003626305300511858,-3.1143505195157184,9.844261891845692,2.3377517521109836,-0.0077365378561361905,147.99993955599166,8.192013879501559e-07,0.0018513199882462745,-8.01193631134431e-06,-0.7620222137535465,93.0561876525122,-0.1068350078890187,0.000341383376277832,0.04950865838441781,23394.1,0.05126467478310392,0.0121,index_dividend_yield,0.065,12.47,65,23270.3,23361.1,23231.4,23477.8,mid_price,ok
2026-09-11T08:18:14.949189+00:00,2026-09-11T13:48:14.949189+05:30,NIFTY,29-Sep-2026,24050.0,PE,23334.8,686.35,65,691.85,715,697,689.1,1516,-98,193,15.655853314527503,14.84,,,,,,,,,,,,,,,0.04950865838441781,,,,,,12.47,65,23270.3,23361.1,23231.4,23477.8,mid_price,no_price_available
2026-09-11T08:18:14.949189+00:00,2026-09-11T13:48:14.949189+05:30,NIFTY,29-Sep-2026,24100.0,CE,23334.8,32.5,1040,32.7,1560,32.8,32.6,28933,906,34484,-18.204488778054863,10.18,0.09716568302821996,0.00032506488514845146,-2.8371033683140023,8.92086894682294,2.2280654139787486,-0.00737193198819798,150.10977578242012,7.751308240394493e-07,0.0022771930520779776,-9.107384286559069e-06,-0.7433623567214144,94.66313675720095,-0.09308672588247409,0.00030475029766665327,0.04950865838441781,23394.1,0.05126467478310392,0.0121,index_dividend_yield,0.065,12.47,65,23270.3,23361.1,23231.4,23477.8,mid_price,ok
2026-09-11T08:18:14.949189+00:00,2026-09-11T13:48:14.949189+05:30,NIFTY,29-Sep-2026,24100.0,PE,23334.8,731,65,736.2,715,741.95,733.6,14686,-886,2346,14.023359459044107,15.78,,,,,,,,,,,,,,,0.04950865838441781,,,,,,12.47,65,23270.3,23361.1,23231.4,23477.8,mid_price,no_price_available
2026-09-11T08:18:14.949189+00:00,2026-09-11T13:48:14.949189+05:30,NIFTY,29-Sep-2026,24150.0,CE,23334.8,28.55,65,28.85,65,28.7,28.700000000000003,4334,269,5189,-17.41007194244604,10.35,0.08594284901134273,0.0002919252613947362,-2.619495986790981,8.145192471154115,2.1050064181380166,-0.007012437966828669,149.28398635557903,7.223843655976819e-07,0.0025303444934910704,-9.750522137924145e-06,-0.7225621866847316,95.38050859964709,-0.08217115165336952,0.0002725496153691866,0.04950865838441781,23394.1,0.05126467478310392,0.0121,index_dividend_yield,0.065,12.47,65,23270.3,23361.1,23231.4,23477.8,mid_price,ok
2026-09-11T08:18:14.949189+00:00,2026-09-11T13:48:14.949189+05:30,NIFTY,29-Sep-2026,24150.0,PE,23334.8,777.7,65,783.4,65,786.2,780.55,2484,-45,192,12.450833154544805,16.14,,,,,,,,,,,,,,,0.04950865838441781,,,,,,12.47,65,23270.3,23361.1,23231.4,23477.8,mid_price,no_price_available
2026-09-11T08:18:14.949189+00:00,2026-09-11T13:48:14.949189+05:30,NIFTY,29-Sep-2026,24200.0,CE,23334.8,25.4,130,25.5,780,25.2,25.45,53050,-1793,38059,-17.51227495908347,10.53,0.07625956498616947,0.0002621814408922361,-2.423023681081963,7.442513665038148,1.9789009190651907,-0.0066494352178605165,146.9702202234888,6.692193568229083e-07,0.0026880042907832355,-1.0146712305202554e-05,-0.6996649126610235,95.88062361378651,-0.07276620422096144,0.00024376950747432614,0.04950865838441781,23394.1,0.05126467478310392,0.0121,index_dividend_yield,0.065,12.47,65,23270.3,23361.1,23231.4,23477.8,mid_price,ok
2026-09-11T08:18:14.949189+00:00,2026-09-11T13:48:14.949189+05:30,NIFTY,29-Sep-2026,24200.0,PE,23334.8,822.4,130,825.05,130,829.65,823.7249999999999,28954,-1241,3168,12.777815537279956,16.39,,,,,,,,,,,,,,,0.04950865838441781,,,,,,12.47,65,23270.3,23361.1,23231.4,23477.8,mid_price,no_price_available
2026-09-11T08:18:14.949189+00:00,2026-09-11T13:48:14.949189+05:30,NIFTY,29-Sep-2026,24250.0,CE,23334.8,22.4,390,22.55,130,22.05,22.475,5759,402,8353,-18.484288354898336,10.7,0.06755216979563869,0.00023510671238485202,-2.233335315608702,6.78169306290124,1.8526193311544648,-0.0062772393843911894,143.70761778763398,6.180574041895881e-07,0.002785177686313574,-1.037948788009993e-05,-0.6744736902926531,96.44021394216789,-0.06432871590110899,0.0002176956287190316,0.04950865838441781,23394.1,0.05126467478310392,0.0121,index_dividend_yield,0.065,12.47,65,23270.3,23361.1,23231.4,23477.8,mid_price,ok
2026-09-11T08:18:14.949189+00:00,2026-09-11T13:48:14.949189+05:30,NIFTY,29-Sep-2026,24250.0,PE,23334.8,868.6,65,874.35,260,885.7,871.475,2582,-78,242,11.324786324786325,17.47,,,,,,,,,,,,,,,0.04950865838441781,,,,,,12.47,65,23270.3,23361.1,23231.4,23477.8,mid_price,no_price_available
2026-09-11T08:18:14.949189+00:00,2026-09-11T13:48:14.949189+05:30,NIFTY,29-Sep-2026,24300.0,CE,23334.8,20.1,1560,20.2,1430,20,20.15,67628,-2634,31954,-16.142557651991613,10.93,0.06092976510360501,0.00021242194799392318,-2.0963156149856976,6.259056511854244,1.7326005730281604,-0.005955576678574158,139.14239665754246,5.668468817666861e-07,0.0027791301962032194,-1.0358444948329048e-05,-0.651380341785603,96.12191868206705,-0.05790092258917923,0.00019588221480892082,0.04950865838441781,23394.1,0.05126467478310392,0.0121,index_dividend_yield,0.065,12.47,65,23270.3,23361.1,23231.4,23477.8,mid_price,ok
2026-09-11T08:18:14.949189+00:00,2026-09-11T13:48:14.949189+05:30,NIFTY,29-Sep-2026,24300.0,PE,23334.8,917.05,65,919.95,65,927.15,918.5,49621,-1029,2685,11.617408053933666,17.52,,,,,,,,,,,,,,,0.04950865838441781,,,,,,12.47,65,23270.3,23361.1,23231.4,23477.8,mid_price,no_price_available
2026-09-11T08:18:14.949189+00:00,2026-09-11T13:48:14.949189+05:30,NIFTY,29-Sep-2026,24350.0,CE,23334.8,17.85,1300,17.95,910,17.75,17.9,7052,-129,4790,-16.07565011820331,11.12,0.054441199982905246,0.00019109877817373737,-1.944363608278438,5.728646464278937,1.6148822321727512,-0.005612481084486275,134.40253849019524,5.202844804451453e-07,0.0027652409437877805,-1.0298222946213928e-05,-0.625543973585609,96.27975630511108,-0.05162956453055071,0.00017549637292832258,0.04950865838441781,23394.1,0.05126467478310392,0.0121,index_dividend_yield,0.065,12.47,65,23270.3,23361.1,23231.4,23477.8,mid_price,ok
2026-09-11T08:18:14.949189+00:00,2026-09-11T13:48:14.949189+05:30,NIFTY,29-Sep-2026,24350.0,PE,23334.8,964,65,972.8,65,986.4,968.4,4950,-114,207,13.784750259545508,18.45,,,,,,,,,,,,,,,0.04950865838441781,,,,,,12.47,65,23270.3,23361.1,23231.4,23477.8,mid_price,no_price_available
2026-09-11T08:18:14.949189+00:00,2026-09-11T13:48:14.949189+05:30,NIFTY,29-Sep-2026,24400.0,CE,23334.8,16.1,455,16.15,130,16,16.125,44139,325,16956,-15.567282321899736,11.31,0.04871984675525299,0.0001720110610370665,-1.8038876900027214,5.244550882825025,1.5023279971797046,-0.005280723123081962,129.2593131587152,4.7670852457104916e-07,0.002718825746708515,-1.0145723625307982e-05,-0.5993960692483089,96.378942154908,-0.046109510987249934,0.0001573203442222369,0.04950865838441781,23394.1,0.05126467478310392,0.0121,index_dividend_yield,0.065,12.47,65,23270.3,23361.1,23231.4,23477.8,mid_price,ok
2026-09-11T08:18:14.949189+00:00,2026-09-11T13:48:14.949189+05:30,NIFTY,29-Sep-2026,24400.0,PE,23334.8,1010.75,65,1016.3,65,1023,1013.525,30155,-604,1373,10.798223762590707,18.35,,,,,,,,,,,,,,,0.04950865838441781,,,,,,12.47,65,23270.3,23361.1,23231.4,23477.8,mid_price,no_price_available
2026-09-11T08:18:14.949189+00:00,2026-09-11T13:48:14.949189+05:30,NIFTY,29-Sep-2026,24450.0,CE,23334.8,14.55,1755,14.65,325,14.6,14.600000000000001,3769,-41,1752,-13.353115727002967,11.53,0.04408986792396874,0.00015573094178487546,-1.6914561683657692,4.840536964211939,1.3990929294942327,-0.004987876253665965,123.84081764696164,4.36056738723768e-07,0.0026337841029606744,-9.898213785240208e-06,-0.5753773494362537,96.03524228079736,-0.0416407043731281,0.00014184869641004256,0.04950865838441781,23394.1,0.05126467478310392,0.0121,index_dividend_yield,0.065,12.47,65,23270.3,23361.1,23231.4,23477.8,mid_price,ok
2026-09-11T08:18:14.949189+00:00,2026-09-11T13:48:14.949189+05:30,NIFTY,29-Sep-2026,24450.0,PE,23334.8,1062.15,65,1070.5,65,1062.4,1066.325,1337,-4,34,9.025604186977269,19.12,,,,,,,,,,,,,,,0.04950865838441781,,,,,,12.47,65,23270.3,23361.1,23231.4,23477.8,mid_price,no_price_available
2026-09-11T08:18:14.949189+00:00,2026-09-11T13:48:14.949189+05:30,NIFTY,29-Sep-2026,24500.0,CE,23334.8,13.5,910,13.6,1235,13.5,13.55,91414,-2026,49419,-13.183279742765274,11.79,0.04051149511347524,0.0001422164344150205,-1.6097992873023546,4.520150704779488,1.3074249321555,-0.004743870460689026,118.42183607540946,3.9884350977580765e-07,0.002519801351752663,-9.586762541081235e-06,-0.5546990544611479,95.14669072300241,-0.0381792718549802,0.0001290107152964987,0.04950865838441781,23394.1,0.05126467478310392,0.0121,index_dividend_yield,0.065,12.47,65,23270.3,23361.1,23231.4,23477.8,mid_price,ok
2026-09-11T08:18:14.949189+00:00,2026-09-11T13:48:14.949189+05:30,NIFTY,29-Sep-2026,24500.0,PE,23334.8,1106.35,65,1113.05,65,1116,1109.6999999999998,48413,-1012,4109,9.535260342543063,19.12,,,,,,,,,,,,,,,0.04950865838441781,,,,,,12.47,65,23270.3,23361.1,23231.4,23477.8,mid_price,no_price_available
2026-09-11T08:18:14.949189+00:00,2026-09-11T13:48:14.949189+05:30,NIFTY,29-Sep-2026,24550.0,CE,23334.8,12.15,1365,12.3,130,12.1,12.225000000000001,3011,-399,1866,-13.261648745519713,12.01,0.03683745486553701,0.00012920533525442098,-1.5130848513648363,4.183239968614303,1.2175565406759257,-0.004480915020271661,113.05358490195694,3.650112563063916e-07,0.0024161444017198417,-9.278255187267274e-06,-0.5317663766679508,94.73742467956464,-0.03464444800797491,0.00011673084255860425,0.04950865838441781,23394.1,0.05126467478310392,0.0121,index_dividend_yield,0.065,12.47,65,23270.3,23361.1,23231.4,23477.8,mid_price,ok
2026-09-11T08:18:14.949189+00:00,2026-09-11T13:48:14.949189+05:30,NIFTY,29-Sep-2026,24550.0,PE,23334.8,1152.75,65,1178.4,65,1154.2,1165.575,824,-12,32,6.969416126042632,19.77,,,,,,,,,,,,,,,0.04950865838441781,,,,,,12.47,65,23270.3,23361.1,23231.4,23477.8,mid_price,no_price_available
2026-09-11T08:18:14.949189+00:00,2026-09-11T13:48:14.949189+05:30,NIFTY,29-Sep-2026,24600.0,CE,23334.8,11.2,780,11.3,195,11.15,11.25,24874,-907,11582,-11.507936507936508,12.23,0.03357009839543275,0.00011757222638738764,-1.423778445782263,3.8763280410852836,1.1339392381801392,-0.004232829033081559,107.76847412597789,3.3414496071777407e-07,0.0023074744064647858,-8.950670548335093e-06,-0.5094983467478924,94.29726473252357,-0.03150586487363197,0.00010578953152258212,0.04950865838441781,23394.1,0.05126467478310392,0.0121,index_dividend_yield,0.065,12.47,65,23270.3,23361.1,23231.4,23477.8,mid_price,ok
2026-09-11T08:18:14.949189+00:00,2026-09-11T13:48:14.949189+05:30,NIFTY,29-Sep-2026,24600.0,PE,23334.8,1202.95,65,1210.75,65,1213.85,1206.85,10500,-220,1172,9.672027466570293,20.03,,,,,,,,,,,,,,,0.04950865838441781,,,,,,12.47,65,23270.3,23361.1,23231.4,23477.8,mid_price,no_price_available
2026-09-11T08:18:14.949189+00:00,2026-09-11T13:48:14.949189+05:30,NIFTY,29-Sep-2026,24650.0,CE,23334.8,10.5,520,10.6,130,10.4,10.55,2631,-162,2087,-12.236286919831224,12.54,0.0316150383083898,0.00010912936067394097,-1.3855396315127408,3.6891683239933757,1.068111391517112,-0.004073192868623024,103.00047443040117,3.070042595144072e-07,0.0021766988243020423,-8.601522757895776e-06,-0.4948267455656134,92.76686424540979,-0.029605601346649406,9.779483754784341e-05,0.04950865838441781,23394.1,0.05126467478310392,0.0121,index_dividend_yield,0.065,12.47,65,23270.3,23361.1,23231.4,23477.8,mid_price,ok
2026-09-11T08:18:14.949189+00:00,2026-09-11T13:48:14.949189+05:30,NIFTY,29-Sep-2026,24650.0,PE,23334.8,1256.25,65,1275.35,715,1267.15,1265.8,577,-2,9,7.185755371341567,19.24,,,,,,,,,,,,,,,0.04950865838441781,,,,,,12.47,65,23270.3,23361.1,23231.4,23477.8,mid_price,no_price_available
2026-09-11T08:18:14.949189+00:00,2026-09-11T13:48:14.949189+05:30,NIFTY,29-Sep-2026,24700.0,CE,23334.8,9.85,5265,10,1820,9.95,9.925,24336,-1700,16367,-9.95475113122172,12.78,0.029151161173712234,0.00010011770432411158,-1.3169856023807773,3.4493007290954565,0.9988245519375796,-0.003868721466786504,98.17798284863221,2.8186586418697564e-07,0.0020663430375452386,-8.269109411313056e-06,-0.4756769290844663,92.0652119088588,-0.027240804770731188,8.935629272043454e-05,0.04950865838441781,23394.1,0.05126467478310392,0.0121,index_dividend_yield,0.065,12.47,65,23270.3,23361.1,23231.4,23477.8,mid_price,ok
2026-09-11T08:18:14.949189+00:00,2026-09-11T13:48:14.949189+05:30,NIFTY,29-Sep-2026,24700.0,PE,23334.8,1303.35,65,1309.9,65,1308,1306.625,3714,-84,193,7.760751359367276,20.05,,,,,,,,,,,,,,,0.04950865838441781,,,,,,12.47,65,23270.3,23361.1,23231.4,23477.8,mid_price,no_price_available
2026-09-11T08:18:14.949189+00:00,2026-09-11T13:48:14.949189+05:30,NIFTY,29-Sep-2026,24750.0,CE,23334.8,9.2,780,9.3,390,9.2,9.25,4167,170,5357,-11.11111111111111,13.03,0.027034000747517942,9.222140361691082e-05,-1.2580968718534349,3.239406634015924,0.9360574043999169,-0.0036848905390596855,93.6060207724716,2.5919768522291627e-07,0.0019571263780716786,-7.940240471755202e-06,-0.4580929773904505,91.23986982887845,-0.025208848271419504,8.197652174139098e-05,0.04950865838441781,23394.1,0.05126467478310392,0.0121,index_dividend_yield,0.065,12.47,65,23270.3,23361.1,23231.4,23477.8,mid_price,ok
2026-09-11T08:18:14.949189+00:00,2026-09-11T13:48:14.949189+05:30,NIFTY,29-Sep-2026,24750.0,PE,23334.8,1347.55,65,1374.7,715,1364.35,1361.125,455,0,20,7.306618427779307,21.87,,,,,,,,,,,,,,,0.04950865838441781,,,,,,12.47,65,23270.3,23361.1,23231.4,23477.8,mid_price,no_price_available
2026-09-11T08:18:14.949189+00:00,2026-09-11T13:48:14.949189+05:30,NIFTY,29-Sep-2026,24800.0,CE,23334.8,8.5,2080,8.6,1235,8.55,8.55,16400,-4765,16660,-8.064516129032258,13.26,0.024952611610777584,8.47474822072372e-05,-1.1947179110494177,3.0294211430786926,0.8755982674295733,-0.0034974449008731874,89.12775126222193,2.38373948035122e-07,0.0018542522086605244,-7.615655589259706e-06,-0.439803739644538,90.62825798790914,-0.023219332584473194,7.502942336274664e-05,0.04950865838441781,23394.1,0.05126467478310392,0.0121,index_dividend_yield,0.065,12.47,65,23270.3,23361.1,23231.4,23477.8,mid_price,ok
2026-09-11T08:18:14.949189+00:00,2026-09-11T13:48:14.949189+05:30,NIFTY,29-Sep-2026,24800.0,PE,23334.8,1399.55,65,1407.05,65,1410.85,1403.3,5435,-3,217,7.673815156834313,22.49,,,,,,,,,,,,,,,0.04950865838441781,,,,,,12.47,65,23270.3,23361.1,23231.4,23477.8,mid_price,no_price_available
2026-09-11T08:18:14.949189+00:00,2026-09-11T13:48:14.949189+05:30,NIFTY,29-Sep-2026,24850.0,CE,23334.8,7.85,520,8,1170,7.85,7.925,3971,-213,2284,-9.248554913294798,13.48,0.022997418276150337,7.783970009335784e-05,-1.1317490237285028,2.8286575291168674,0.8184390547076644,-0.0033142725181366513,84.7824958708554,2.1929139257381164e-07,0.0017556497400404224,-7.295102444574773e-06,-0.42157204708710694,90.11168693648614,-0.0213555282852247,6.863672195834293e-05,0.04950865838441781,23394.1,0.05126467478310392,0.0121,index_dividend_yield,0.065,12.47,65,23270.3,23361.1,23231.4,23477.8,mid_price,ok
2026-09-11T08:18:14.949189+00:00,2026-09-11T13:48:14.949189+05:30,NIFTY,29-Sep-2026,24850.0,PE,23334.8,1405.3,195,1472.1,650,1470,1438.6999999999998,214,-3,14,6.48701510377051,22.95,,,,,,,,,,,,,,,0.04950865838441781,,,,,,12.47,65,23270.3,23361.1,23231.4,23477.8,mid_price,no_price_available
2026-09-11T08:18:14.949189+00:00,2026-09-11T13:48:14.949189+05:30,NIFTY,29-Sep-2026,24900.0,CE,23334.8,7.55,65,7.6,520,7.55,7.574999999999999,7885,-2138,6567,-9.580838323353293,13.78,0.021853050407380954,7.293682649415435e-05,-1.1059546307720993,2.70947659768015,0.7752698426995528,-0.003201080192779069,81.17432352207055,2.03172272771326e-07,0.0016558718190513083,-7.005300608201638e-06,-0.4101170746910503,88.74508749583049,-0.020248613595360617,6.405548661733654e-05,0.04950865838441781,23394.1,0.05126467478310392,0.0121,index_dividend_yield,0.065,12.47,65,23270.3,23361.1,23231.4,23477.8,mid_price,ok
2026-09-11T08:18:14.949189+00:00,2026-09-11T13:48:14.949189+05:30,NIFTY,29-Sep-2026,24900.0,PE,23334.8,1497.2,65,1505.75,65,1496.9,1501.475,1180,-4,46,6.567472324066493,23.25,,,,,,,,,,,,,,,0.04950865838441781,,,,,,12.47,65,23270.3,23361.1,23231.4,23477.8,mid_price,no_price_available
2026-09-11T08:18:14.949189+00:00,2026-09-11T13:48:14.949189+05:30,NIFTY,29-Sep-2026,24950.0,CE,23334.8,7.2,910,7.3,1625,7.2,7.25,1412,-306,1213,-12.727272727272727,14.05,0.020589898788705704,6.802196435176663e-05,-1.0702418824945077,2.5764090574990366,0.7320076344818818,-0.0030742513607060623,77.58775856552447,1.881542495765486e-07,0.001564333593760797,-6.7217387502454165e-06,-0.3971189637529276,87.71121325880813,-0.019037411143677123,5.9499899941607096e-05,0.04950865838441781,23394.1,0.05126467478310392,0.0121,index_dividend_yield,0.065,12.47,65,23270.3,23361.1,23231.4,23477.8,mid_price,ok
2026-09-11T08:18:14.949189+00:00,2026-09-11T13:48:14.949189+05:30,NIFTY,29-Sep-2026,24950.0,PE,23334.8,1543.65,130,1572.4,715,1562.45,1558.025,77,-2,4,12.812274368231048,20.73,,,,,,,,,,,,,,,0.04950865838441781,,,,,,12.47,65,23270.3,23361.1,23231.4,23477.8,mid_price,no_price_available
2026-09-11T08:18:14.949189+00:00,2026-09-11T13:48:14.949189+05:30,NIFTY,29-Sep-2026,25000.0,CE,23334.8,6.85,3705,6.9,1755,6.85,6.875,86941,-3161,28035,-13.291139240506329,14.33,0.019509082879244504,6.371125772421582e-05,-1.0409167325756952,2.4612271239466206,0.693197350126129,-0.002962553133742978,74.27603729154298,1.746819572237364e-07,0.0014781168804602748,-6.455033736767366e-06,-0.3855216716938781,86.5921638414265,-0.01799933008813204,5.5506561816331664e-05,0.04950865838441781,23394.1,0.05126467478310392,0.0121,index_dividend_yield,0.065,12.47,65,23270.3,23361.1,23231.4,23477.8,mid_price,ok
2026-09-11T08:18:14.949189+00:00,2026-09-11T13:48:14.949189+05:30,NIFTY,29-Sep-2026,25000.0,PE,23334.8,1600.05,65,1606.45,65,1610.15,1603.25,32065.30769230769,-914,1908,6.238453417788334,24.17,,,,,,,,,,,,,,,0.04950865838441781,,,,,,12.47,65,23270.3,23361.1,23231.4,23477.8,mid_price,no_price_available
2026-09-11T08:18:14.949189+00:00,2026-09-11T13:48:14.949189+05:30,NIFTY,29-Sep-2026,25050.0,CE,23334.8,6.5,65,6.55,1430,6.5,6.525,1389,-133,1026,-13.907284768211921,14.57,0.018259583180770658,5.923091728518789e-05,-0.9987614245229361,2.3264693420086817,0.6529519225640465,-0.002831252111691794,70.8826078762459,1.6185658020601996e-07,0.0013981191058652588,-6.1867575394722505e-06,-0.3717105857305447,85.87266914891232,-0.01681125402464494,5.13974016197685e-05,0.04950865838441781,23394.1,0.05126467478310392,0.0121,index_dividend_yield,0.065,12.47,65,23270.3,23361.1,23231.4,23477.8,mid_price,ok
2026-09-11T08:18:14.949189+00:00,2026-09-11T13:48:14.949189+05:30,NIFTY,29-Sep-2026,25050.0,PE,23334.8,1576.4,650,1680.7,65,0.0,1628.5500000000002,60,0,0,0,11.04,,,,,,,,,,,,,,,0.04950865838441781,,,,,,12.47,65,23270.3,23361.1,23231.4,23477.8,mid_price,no_price_available
2026-09-11T08:18:14.949189+00:00,2026-09-11T13:48:14.949189+05:30,NIFTY,29-Sep-2026,25100.0,CE,23334.8,6.15,2860,6.2,65,6.2,6.175000000000001,5468,-495,2919,-12.67605633802817,14.84,0.017306827550908403,5.5554524751003654e-05,-0.9702667764641353,2.22250456288531,0.6188730998694815,-0.002727717955308403,67.88200278584155,1.5060396501977536e-07,0.0013224473638393987,-5.942058341356084e-06,-0.36067659245685707,84.87318125315905,-0.01590012222185884,4.801535671262716e-05,0.04950865838441781,23394.1,0.05126467478310392,0.0121,index_dividend_yield,0.065,12.47,65,23270.3,23361.1,23231.4,23477.8,mid_price,ok
2026-09-11T08:18:14.949189+00:00,2026-09-11T13:48:14.949189+05:30,NIFTY,29-Sep-2026,25100.0,PE,23334.8,1695.65,65,1705.8,130,1707.8,1700.725,1450,-24,55,5.798537975467724,24.81,,,,,,,,,,,,,,,0.04950865838441781,,,,,,12.47,65,23270.3,23361.1,23231.4,23477.8,mid_price,no_price_available
2026-09-11T08:18:14.949189+00:00,2026-09-11T13:48:14.949189+05:30,NIFTY,29-Sep-2026,25150.0,CE,23334.8,5.9,260,6,910,5.95,5.95,626,-86,335,-14.388489208633093,15.15,0.016669688444908064,5.270049288990381e-05,-0.9577932860251905,2.15236852966652,0.5914079134515456,-0.0026560523999903853,65.33384425182076,1.4091832286338984e-07,0.0012518323567036105,-5.726519249213342e-06,-0.3529618458659942,83.52787144720007,-0.015281388118836893,4.536771062328138e-05,0.04950865838441781,23394.1,0.05126467478310392,0.0121,index_dividend_yield,0.065,12.47,65,23270.3,23361.1,23231.4,23477.8,mid_price,ok
2026-09-11T08:18:14.949189+00:00,2026-09-11T13:48:14.949189+05:30,NIFTY,29-Sep-2026,25150.0,PE,23334.8,1660.05,65,1786.55,65,1757.85,1723.3,19,-2,3,99.74433270836884,27.05,,,,,,,,,,,,,,,0.04950865838441781,,,,,,12.47,65,23270.3,23361.1,23231.4,23477.8,mid_price,no_price_available
2026-09-11T08:18:14.949189+00:00,2026-09-11T13:48:14.949189+05:30,NIFTY,29-Sep-2026,25200.0,CE,23334.8,5.6,455,5.7,2210,5.6,5.65,8237,66,5984,-15.789473684210526,15.36,0.015521223808932217,4.889555594122806e-05,-0.9121885103714663,2.0246498596584734,0.5560788778002766,-0.0025274679857964256,62.25543698623736,1.3072315368189842e-07,0.0011851417410323833,-5.480898584873951e-06,-0.3389723085175498,83.09372117989517,-0.014199440658196017,4.1925328364459134e-05,0.04950865838441781,23394.1,0.05126467478310392,0.0121,index_dividend_yield,0.065,12.47,65,23270.3,23361.1,23231.4,23477.8,mid_price,ok
2026-09-11T08:18:14.949189+00:00,2026-09-11T13:48:14.949189+05:30,NIFTY,29-Sep-2026,25200.0,PE,23334.8,1791.25,65,1804.15,65,1775,1797.7,1276,-109,205,3.0568699741632073,24.34,,,,,,,,,,,,,,,0.04950865838441781,,,,,,12.47,65,23270.3,23361.1,23231.4,23477.8,mid_price,no_price_available
2026-09-11T08:18:14.949189+00:00,2026-09-11T13:48:14.949189+05:30,NIFTY,29-Sep-2026,25250.0,CE,23334.8,5.45,195,5.55,910,5.5,5.5,1327,-30,579,-15.384615384615385,15.66,0.014948824151289907,4.643564309978498e-05,-0.899213140143056,1.9603451651996833,0.5318613333635119,-0.0024604065045604508,59.956094975255,1.2258739045674451e-07,0.0011236790881055244,-5.285283561977943e-06,-0.33159160392070053,81.87634385589298,-0.013646233633818934,3.9658553116856074e-05,0.04950865838441781,23394.1,0.05126467478310392,0.0121,index_dividend_yield,0.065,12.47,65,23270.3,23361.1,23231.4,23477.8,mid_price,ok
2026-09-11T08:18:14.949189+00:00,2026-09-11T13:48:14.949189+05:30,NIFTY,29-Sep-2026,25250.0,PE,23334.8,1685.8,2080,1888.6,65,1829.75,1787.1999999999998,29,-1,1,45.103092783505154,25.38,,,,,,,,,,,,,,,0.04950865838441781,,,,,,12.47,65,23270.3,23361.1,23231.4,23477.8,mid_price,no_price_available
2026-09-11T08:18:14.949189+00:00,2026-09-11T13:48:14.949189+05:30,NIFTY,29-Sep-2026,25300.0,CE,23334.8,5.2,195,5.25,1235,5.2,5.225,7453,-376,2192,-15.447154471544716,15.91,0.014166138800282072,4.3638824308073844e-05,-0.8711292355747748,1.8716840732642348,0.5047608557080278,-0.0023684864306923945,57.45698418117262,1.1450487878576012e-07,0.001065331968311995,-5.0785726139128775e-06,-0.32138607955414944,81.10450807837783,-0.012904673403567877,3.712275209044965e-05,0.04950865838441781,23394.1,0.05126467478310392,0.0121,index_dividend_yield,0.065,12.47,65,23270.3,23361.1,23231.4,23477.8,mid_price,ok
2026-09-11T08:18:14.949189+00:00,2026-09-11T13:48:14.949189+05:30,NIFTY,29-Sep-2026,25300.0,PE,23334.8,1890.95,65,1905.95,65,1920,1898.45,466,-20,23,8.287978342404331,29.81,,,,,,,,,,,,,,,0.04950865838441781,,,,,,12.47,65,23270.3,23361.1,23231.4,23477.8,mid_price,no_price_available
2026-09-11T08:18:14.949189+00:00,2026-09-11T13:48:14.949189+05:30,NIFTY,29-Sep-2026,25350.0,CE,23334.8,4.95,195,5.05,1300,4.95,5.0,393,-7,130,-17.5,16.13,0.01330218441006862,4.076933958934312e-05,-0.8355039590156412,1.7727903029778094,0.47688683078154875,-0.002265161954798641,54.89366668542428,1.067170693618358e-07,0.0010096402209384856,-4.868251700375116e-06,-0.30978525548986724,80.58470272009146,-0.012092777821731907,3.454505711453419e-05,0.04950865838441781,23394.1,0.05126467478310392,0.0121,index_dividend_yield,0.065,12.47,65,23270.3,23361.1,23231.4,23477.8,mid_price,ok
2026-09-11T08:18:14.949189+00:00,2026-09-11T13:48:14.949189+05:30,NIFTY,29-Sep-2026,25350.0,PE,23334.8,1921.7,65,1994,65,0.0,1957.85,16,0,0,0,6.15,,,,,,,,,,,,,,,0.04950865838441781,,,,,,12.47,65,23270.3,23361.1,23231.4,23477.8,mid_price,no_price_available
2026-09-11T08:18:14.949189+00:00,2026-09-11T13:48:14.949189+05:30,NIFTY,29-Sep-2026,25400.0,CE,23334.8,4.75,2535,4.8,1040,4.8,4.775,3267,-218,2856,-17.24137931034483,16.43,0.012872735966884014,3.890562657756342e-05,-0.8262420593795456,1.7232143442610288,0.4577992001700342,-0.002211699055007864,52.99974267656593,1.0052999551814004e-07,0.0009597879259225279,-4.7044191485955665e-06,-0.3037249887359954,79.4224198041424,-0.011677190137711378,3.283621924091966e-05,0.04950865838441781,23394.1,0.05126467478310392,0.0121,index_dividend_yield,0.065,12.47,65,23270.3,23361.1,23231.4,23477.8,mid_price,ok
2026-09-11T08:18:14.949189+00:00,2026-09-11T13:48:14.949189+05:30,NIFTY,29-Sep-2026,25400.0,PE,23334.8,1990.4,65,2011.3,195,2005,2000.85,412,-5,6,5.5624292521125644,29.53,,,,,,,,,,,,,,,0.04950865838441781,,,,,,12.47,65,23270.3,23361.1,23231.4,23477.8,mid_price,no_price_available
2026-09-11T08:18:14.949189+00:00,2026-09-11T13:48:14.949189+05:30,NIFTY,29-Sep-2026,25450.0,CE,23334.8,4.55,1040,4.75,130,4.7,4.65,747,-34,97,-16.8141592920354,16.71,0.012386008180047085,3.6998625179083585e-05,-0.8118234384325698,1.6666766846093726,0.438344629885826,-0.0021508017018833214,51.08683103527445,9.461355777581296e-08,0.0009126522149885334,-4.540725686620842e-06,-0.2967763175008784,78.44337245065843,-0.011211808186740274,3.1104138645084975e-05,0.04950865838441781,23394.1,0.05126467478310392,0.0121,index_dividend_yield,0.065,12.47,65,23270.3,23361.1,23231.4,23477.8,mid_price,ok
2026-09-11T08:18:14.949189+00:00,2026-09-11T13:48:14.949189+05:30,NIFTY,29-Sep-2026,25450.0,PE,23334.8,2017.8,65,2097,65,0.0,2057.4,11,0,0,0,6.11,,,,,,,,,,,,,,,0.04950865838441781,,,,,,12.47,65,23270.3,23361.1,23231.4,23477.8,mid_price,no_price_available
2026-09-11T08:18:14.949189+00:00,2026-09-11T13:48:14.949189+05:30,NIFTY,29-Sep-2026,25500.0,CE,23334.8,4.4,845,4.45,8060,4.4,4.425000000000001,49694,314,17628,-18.51851851851852,16.95,0.01176661552378491,3.488802565558825e-05,-0.7868202325485741,1.5941728892643636,0.41701020652360005,-0.002072759938028494,49.027513573305036,8.872592705763459e-08,0.0008671131568533811,-4.367684111061454e-06,-0.2877987198365852,77.78503898416157,-0.010629087957885721,2.9214886139795536e-05,0.04950865838441781,23394.1,0.05126467478310392,0.0121,index_dividend_yield,0.065,12.47,65,23270.3,23361.1,23231.4,23477.8,mid_price,ok
2026-09-11T08:18:14.949189+00:00,2026-09-11T13:48:14.949189+05:30,NIFTY,29-Sep-2026,25500.0,PE,23334.8,2096.65,65,2106.15,65,2116.45,2101.4,23015,-211,929,5.706223154530017,30.11,,,,,,,,,,,,,,,0.04950865838441781,,,,,,12.47,65,23270.3,23361.1,23231.4,23477.8,mid_price,no_price_available
2026-09-11T08:18:14.949189+00:00,2026-09-11T13:48:14.949189+05:30,NIFTY,29-Sep-2026,25550.0,CE,23334.8,4.15,260,4.3,520,4.35,4.225,608,-9,259,-18.69158878504673,17.22,0.011313112090185262,3.318862837809282e-05,-0.7717248890982289,1.5406776233219461,0.39939073001038405,-0.0020142488680765756,47.267540865417175,8.361958251085049e-08,0.000825473061602118,-4.216700515240658e-06,-0.2810112612531461,76.90964992326549,-0.010197915818352768,2.7683159895692057e-05,0.04950865838441781,23394.1,0.05126467478310392,0.0121,index_dividend_yield,0.065,12.47,65,23270.3,23361.1,23231.4,23477.8,mid_price,ok
2026-09-11T08:18:14.949189+00:00,2026-09-11T13:48:14.949189+05:30,NIFTY,29-Sep-2026,25550.0,PE,23334.8,2114.95,65,2265.2,650,0.0,2190.075,6,0,0,0,0,,,,,,,,,,,,,,,0.04950865838441781,,,,,,12.47,65,23270.3,23361.1,23231.4,23477.8,mid_price,no_price_available
2026-09-11T08:18:14.949189+00:00,2026-09-11T13:48:14.949189+05:30,NIFTY,29-Sep-2026,25600.0,CE,23334.8,4,1625,4.1,1560,4.05,4.05,2425,-291,1141,-18.181818181818183,17.39,0.010512045809557767,3.0829606705005834e-05,-0.730410656157161,1.4452962972794174,0.3755245058128642,-0.0019102825640374289,44.9862627244777,7.787776937383032e-08,0.0007823057553509104,-4.028183960122447e-06,-0.2688327590506452,76.77356428239962,-0.00945708680073492,2.5615109674940324e-05,0.04950865838441781,23394.1,0.05126467478310392,0.0121,index_dividend_yield,0.065,12.47,65,23270.3,23361.1,23231.4,23477.8,mid_price,ok
2026-09-11T08:18:14.949189+00:00,2026-09-11T13:48:14.949189+05:30,NIFTY,29-Sep-2026,25600.0,PE,23334.8,2171.35,130,2218.25,130,2205,2194.8,484,-3,23,3.1747888543153264,31.67,,,,,,,,,,,,,,,0.04950865838441781,,,,,,12.47,65,23270.3,23361.1,23231.4,23477.8,mid_price,no_price_available
2026-09-11T08:18:14.949189+00:00,2026-09-11T13:48:14.949189+05:30,NIFTY,29-Sep-2026,25650.0,CE,23334.8,3.8,585,3.95,325,3.95,3.875,242,-14,98,-19.387755102040817,17.72,0.010351906842052486,2.9853359789975994e-05,-0.7336470293372594,1.426087772633319,0.36464507421028225,-0.0018879394887919843,43.79262747344592,7.416134957667882e-08,0.0007482592629608487,-3.9201324961675475e-06,-0.2661925814149324,75.48490643841117,-0.00929277076512077,2.470737700336606e-05,0.04950865838441781,23394.1,0.05126467478310392,0.0121,index_dividend_yield,0.065,12.47,65,23270.3,23361.1,23231.4,23477.8,mid_price,ok
2026-09-11T08:18:14.949189+00:00,2026-09-11T13:48:14.949189+05:30,NIFTY,29-Sep-2026,25650.0,PE,23334.8,2051.35,650,2300.7,650,0.0,2176.0249999999996,1,0,0,0,13.42,,,,,,,,,,,,,,,0.04950865838441781,,,,,,12.47,65,23270.3,23361.1,23231.4,23477.8,mid_price,no_price_available
2026-09-11T08:18:14.949189+00:00,2026-09-11T13:48:14.949189+05:30,NIFTY,29-Sep-2026,25700.0,CE,23334.8,3.65,780,3.7,8320,3.65,3.675,3654,-433,2950,-17.97752808988764,17.81,0.009371754966806277,2.7231258140426367e-05,-0.6754709007478922,1.3074375388692159,0.33791407405416723,-0.001756505521332613,41.235852168784334,6.842851791850676e-08,0.000705946849359293,-3.71059851756373e-06,-0.25052364398978777,75.90249709141503,-0.008397153984468227,2.244965267710349e-05,0.04950865838441781,23394.1,0.05126467478310392,0.0121,index_dividend_yield,0.065,12.47,65,23270.3,23361.1,23231.4,23477.8,mid_price,ok
2026-09-11T08:18:14.949189+00:00,2026-09-11T13:48:14.949189+05:30,NIFTY,29-Sep-2026,25700.0,PE,23334.8,2261.1,65,2343.7,130,0.0,2302.3999999999996,184,0,0,0,0,,,,,,,,,,,,,,,0.04950865838441781,,,,,,12.47,65,23270.3,23361.1,23231.4,23477.8,mid_price,no_price_available
2026-09-11T08:18:14.949189+00:00,2026-09-11T13:48:14.949189+05:30,NIFTY,29-Sep-2026,25750.0,CE,23334.8,3.5,520,3.7,1040,3.7,3.6,106,8,87,-18.681318681318682,18.18,0.009386903599657109,2.6714761748476615e-05,-0.6898254775729987,1.3092859511219261,0.3315357642126116,-0.001757266239172441,40.44720116049738,6.570733427070215e-08,0.0006783294862014341,-3.634816912319924e-06,-0.25061275688713036,74.3639553843975,-0.008392077074427016,2.193840271936327e-05,0.04950865838441781,23394.1,0.05126467478310392,0.0121,index_dividend_yield,0.065,12.47,65,23270.3,23361.1,23231.4,23477.8,mid_price,ok
2026-09-11T08:18:14.949189+00:00,2026-09-11T13:48:14.949189+05:30,NIFTY,29-Sep-2026,25750.0,PE,23334.8,2257.95,650,2378.65,65,0.0,2318.3,8,0,0,0,0,,,,,,,,,,,,,,,0.04950865838441781,,,,,,12.47,65,23270.3,23361.1,23231.4,23477.8,mid_price,no_price_available
2026-09-11T08:18:14.949189+00:00,2026-09-11T13:48:14.949189+05:30,NIFTY,29-Sep-2026,25800.0,CE,23334.8,3.4,1235,3.5,260,3.45,3.45,4962,-73,2287,-20.689655172413794,18.37,0.008828686341216361,2.5056631000926872e-05,-0.6600679123743276,1.2408553492753789,0.31397157061436537,-0.0016798596067447939,38.674971755571995,6.158913392597576e-08,0.0006445527478599404,-3.4847503208734856e-06,-0.24125944609099603,74.0754459458637,-0.007877305059587803,2.049705334120122e-05,0.04950865838441781,23394.1,0.05126467478310392,0.0121,index_dividend_yield,0.065,12.47,65,23270.3,23361.1,23231.4,23477.8,mid_price,ok
2026-09-11T08:18:14.949189+00:00,2026-09-11T13:48:14.949189+05:30,NIFTY,29-Sep-2026,25800.0,PE,23334.8,2335.45,390,2424.5,65,2350,2379.975,320,0,1,3.2967032967032965,26.97,,,,,,,,,,,,,,,0.04950865838441781,,,,,,12.47,65,23270.3,23361.1,23231.4,23477.8,mid_price,no_price_available
2026-09-11T08:18:14.949189+00:00,2026-09-11T13:48:14.949189+05:30,NIFTY,29-Sep-2026,25850.0,CE,23334.8,3.15,780,3.35,195,3.3,3.25,133,4,78,-21.428571428571427,18.56,0.008312483099495787,2.352335607453365e-05,-0.6320665862944098,1.1769732111366595,0.29751956944704205,-0.0016067378085615107,36.99093046879776,5.776945062112126e-08,0.0006125575087831305,-3.3413081618690803e-06,-0.2323352604306026,73.78211267448151,-0.007401979569871734,1.91684216306809e-05,0.04950865838441781,23394.1,0.05126467478310392,0.0121,index_dividend_yield,0.065,12.47,65,23270.3,23361.1,23231.4,23477.8,mid_price,ok
2026-09-11T08:18:14.949189+00:00,2026-09-11T13:48:14.949189+05:30,NIFTY,29-Sep-2026,25850.0,PE,23334.8,2407.4,65,2478.55,65,0.0,2442.9750000000004,0,0,0,0,0,,,,,,,,,,,,,,,0.04950865838441781,,,,,,12.47,65,23270.3,23361.1,23231.4,23477.8,mid_price,no_price_available
2026-09-11T08:18:14.949189+00:00,2026-09-11T13:48:14.949189+05:30,NIFTY,29-Sep-2026,25900.0,CE,23334.8,3.15,845,3.3,65,3.2,3.2249999999999996,503,67,343,-20.987654320987655,18.81,0.008004993569465322,2.2454600078163597e-05,-0.6192263417493145,1.1386321539600308,0.2856751960258852,-0.00156208617174785,35.7228496956189,5.4717218926087296e-08,0.0005850906684377968,-3.230369231097904e-06,-0.22684164605692914,73.09368107259307,-0.007113489147489536,1.8226948324723634e-05,0.04950865838441781,23394.1,0.05126467478310392,0.0121,index_dividend_yield,0.065,12.47,65,23270.3,23361.1,23231.4,23477.8,mid_price,ok
2026-09-11T08:18:14.949189+00:00,2026-09-11T13:48:14.949189+05:30,NIFTY,29-Sep-2026,25900.0,PE,23334.8,2476.05,195,2521.75,65,2485,2498.9,73,-3,5,58.13923889525264,32.61,,,,,,,,,,,,,,,0.04950865838441781,,,,,,12.47,65,23270.3,23361.1,23231.4,23477.8,mid_price,no_price_available
2026-09-11T08:18:14.949189+00:00,2026-09-11T13:48:14.949189+05:30,NIFTY,29-Sep-2026,25950.0,CE,23334.8,2.75,910,3.6,195,0.0,3.175,166,0,0,0,20.27,0.011457407811267518,2.850697388857196e-05,-0.9116831458370558,1.5577371960980724,0.34334212014618637,-0.002021093403862485,40.548324551396455,6.060366144506996e-08,0.0006014021177733155,-3.5791555562440138e-06,-0.2817857053739219,65.38560820186561,-0.010145179301462,2.3050723403711927e-05,0.04950865838441781,23394.1,0.05126467478310392,0.0121,index_dividend_yield,0.065,12.47,65,23270.3,23361.1,23231.4,23477.8,mid_price,wide_quote_low_liquidity
2026-09-11T08:18:14.949189+00:00,2026-09-11T13:48:14.949189+05:30,NIFTY,29-Sep-2026,25950.0,PE,23334.8,2493.4,650,2602.3,650,0.0,2547.8500000000004,1,0,0,0,13.83,,,,,,,,,,,,,,,0.04950865838441781,,,,,,12.47,65,23270.3,23361.1,23231.4,23477.8,mid_price,no_price_available
2026-09-11T08:18:14.949189+00:00,2026-09-11T13:48:14.949189+05:30,NIFTY,29-Sep-2026,26000.0,CE,23334.8,2.85,4485,2.9,7280,2.85,2.875,58718.846153846156,-2010,13496,-19.718309859154928,19.26,0.007316327913092689,2.026023609758751e-05,-0.5849076640260268,1.0519379143353023,0.2612996388019831,-0.0014603989709015396,33.117834391814036,4.8864457493352795e-08,0.000532641403141292,-3.0038272457195083e-06,-0.21420446567482884,72.05601261482025,-0.006475219638062767,1.6319467057175064e-05,0.04950865838441781,23394.1,0.05126467478310392,0.0121,index_dividend_yield,0.065,12.47,65,23270.3,23361.1,23231.4,23477.8,mid_price,ok
2026-09-11T08:18:14.949189+00:00,2026-09-11T13:48:14.949189+05:30,NIFTY,29-Sep-2026,26000.0,PE,23334.8,2592.7,65,2601.45,65,2605,2597.075,30927.53846153846,-326,1033,4.079268049063087,34.27,,,,,,,,,,,,,,,0.04950865838441781,,,,,,12.47,65,23270.3,23361.1,23231.4,23477.8,mid_price,no_price_available
2026-09-11T08:18:14.949189+00:00,2026-09-11T13:48:14.949189+05:30,NIFTY,29-Sep-2026,26050.0,CE,23334.8,2.35,195,3.4,1300,3.35,2.875,193,0,4,-8.219178082191782,19.88,0.008035674700477563,2.1317596611944685e-05,-0.6551226886222907,1.142467734415026,0.2713188173050756,-0.0015638444294447627,33.9080501354696,4.9040471490688855e-08,0.000525457658947612,-3.0565178150467433e-06,-0.22705420807819787,69.18255947416522,-0.007094068497684987,1.7105310047037123e-05,0.04950865838441781,23394.1,0.05126467478310392,0.0121,index_dividend_yield,0.065,12.47,65,23270.3,23361.1,23231.4,23477.8,mid_price,wide_quote_low_liquidity
2026-09-11T08:18:14.949189+00:00,2026-09-11T13:48:14.949189+05:30,NIFTY,29-Sep-2026,26050.0,PE,23334.8,2572.25,650,2702.6,650,0.0,2637.425,4,0,0,0,18.06,,,,,,,,,,,,,,,0.04950865838441781,,,,,,12.47,65,23270.3,23361.1,23231.4,23477.8,mid_price,no_price_available
2026-09-11T08:18:14.949189+00:00,2026-09-11T13:48:14.949189+05:30,NIFTY,29-Sep-2026,26100.0,CE,23334.8,2.5,260,2.8,12610,2.8,2.65,292,52,52,-15.151515151515152,19.76,0.006835650470650929,1.8598207770855514e-05,-0.5643805925107697,0.9907118530714857,0.24233252504159877,-0.0013872723785016896,31.0214300834708,4.414351255488008e-08,0.00048822022465843295,-2.818644565461717e-06,-0.20500322480658395,70.73021278771084,-0.006025033266741308,1.4866140957224831e-05,0.04950865838441781,23394.1,0.05126467478310392,0.0121,index_dividend_yield,0.065,12.47,65,23270.3,23361.1,23231.4,23477.8,mid_price,ok
2026-09-11T08:18:14.949189+00:00,2026-09-11T13:48:14.949189+05:30,NIFTY,29-Sep-2026,26100.0,PE,23334.8,2593.2,650,2752.65,650,0.0,2672.925,144,0,0,0,0,,,,,,,,,,,,,,,0.04950865838441781,,,,,,12.47,65,23270.3,23361.1,23231.4,23477.8,mid_price,no_price_available
2026-09-11T08:18:14.949189+00:00,2026-09-11T13:48:14.949189+05:30,NIFTY,29-Sep-2026,26150.0,CE,23334.8,2.3,910,2.85,1300,2.55,2.575,174,52,246,-36.25,19.85,0.006249437012287448,1.7102528050758206e-05,-0.5234207664527348,0.9151876399151552,0.22570006249146699,-0.0012969559682123677,29.266687784147926,4.0950165247472014e-08,0.0004607495468068044,-2.6690223978232076e-06,-0.19350434341464326,71.03183813795744,-0.005498139530739668,1.3618368791625082e-05,0.04950865838441781,23394.1,0.05126467478310392,0.0121,index_dividend_yield,0.065,12.47,65,23270.3,23361.1,23231.4,23477.8,mid_price,wide_quote_low_liquidity
2026-09-11T08:18:14.949189+00:00,2026-09-11T13:48:14.949189+05:30,NIFTY,29-Sep-2026,26150.0,PE,23334.8,2593.4,650,2802.8,650,0.0,2698.1000000000004,1,0,0,0,19.21,,,,,,,,,,,,,,,0.04950865838441781,,,,,,12.47,65,23270.3,23361.1,23231.4,23477.8,mid_price,no_price_available
2026-09-11T08:18:14.949189+00:00,2026-09-11T13:48:14.949189+05:30,NIFTY,29-Sep-2026,26200.0,CE,23334.8,2.3,1105,2.85,65,2.35,2.575,2783,35,499,-26.5625,19.97,0.005777488159569681,1.5856729456678203e-05,-0.4908899469672689,0.8536522806012986,0.21156396522326515,-0.0012221754952673825,27.738066865241215,3.8169047245097474e-08,0.0004358247278724208,-2.537123522203909e-06,-0.18386410826398858,71.14459796308691,-0.005073342198424623,1.2578220381817754e-05,0.04950865838441781,23394.1,0.05126467478310392,0.0121,index_dividend_yield,0.065,12.47,65,23270.3,23361.1,23231.4,23477.8,mid_price,wide_quote_low_liquidity
2026-09-11T08:18:14.949189+00:00,2026-09-11T13:48:14.949189+05:30,NIFTY,29-Sep-2026,26200.0,PE,23334.8,2647.35,1690,2853.3,650,0.0,2750.325,581,0,0,0,0,,,,,,,,,,,,,,,0.04950865838441781,,,,,,12.47,65,23270.3,23361.1,23231.4,23477.8,mid_price,no_price_available
2026-09-11T08:18:14.949189+00:00,2026-09-11T13:48:14.949189+05:30,NIFTY,29-Sep-2026,26250.0,CE,23334.8,2.1,130,2.95,1300,2.95,2.5250000000000004,9,2,4,3.508771929824561,20.82,0.006914721232744049,1.7831520574348757e-05,-0.5995045543888383,1.000825651154294,0.23217915201173903,-0.001397254746168126,29.672062269966602,4.003593573941192e-08,0.0004430062614038801,-2.6876049180024045e-06,-0.20626174273064934,67.1004337893704,-0.006055199176926379,1.409087393317425e-05,0.04950865838441781,23394.1,0.05126467478310392,0.0121,index_dividend_yield,0.065,12.47,65,23270.3,23361.1,23231.4,23477.8,mid_price,wide_quote_low_liquidity
2026-09-11T08:18:14.949189+00:00,2026-09-11T13:48:14.949189+05:30,NIFTY,29-Sep-2026,26250.0,PE,23334.8,2823.7,65,2904.3,650,0.0,2864.0,0,0,0,0,0,,,,,,,,,,,,,,,0.04950865838441781,,,,,,12.47,65,23270.3,23361.1,23231.4,23477.8,mid_price,no_price_available
2026-09-11T08:18:14.949189+00:00,2026-09-11T13:48:14.949189+05:30,NIFTY,29-Sep-2026,26300.0,CE,23334.8,2,195,2.05,650,2.05,2.025,2047,-12,165,-18,20.25,0.005019820767433775,1.3800433726724183e-05,-0.4387958004331579,0.7533678573969429,0.18768619061832825,-0.0010979048597191355,25.08503977906573,3.3409211408349173e-08,0.00039135407897114257,-2.3055378364756385e-06,-0.16759088611360495,71.10743747791082,-0.00439122419466213,1.0863991189903725e-05,0.04950865838441781,23394.1,0.05126467478310392,0.0121,index_dividend_yield,0.065,12.47,65,23270.3,23361.1,23231.4,23477.8,mid_price,ok
2026-09-11T08:18:14.949189+00:00,2026-09-11T13:48:14.949189+05:30,NIFTY,29-Sep-2026,26300.0,PE,23334.8,2872.35,65,2901.2,130,0.0,2886.7749999999996,1245,0,0,0,0,,,,,,,,,,,,,,,0.04950865838441781,,,,,,12.47,65,23270.3,23361.1,23231.4,23477.8,mid_price,no_price_available
2026-09-11T08:18:14.949189+00:00,2026-09-11T13:48:14.949189+05:30,NIFTY,29-Sep-2026,26350.0,CE,23334.8,1.4,910,3.3,1300,0.0,2.3499999999999996,85,0,0,0,13.52,4.1141575739189476e-05,2.4416631466960254e-07,-0.0034670524283849256,0.008899216316054033,0.005036337626100936,-1.9715097746433238e-05,1.029390449314117,1.4345609699708365e-09,2.6428953056516544e-05,-1.0364024144392951e-07,-0.004277939189518316,146.39792600512152,-3.6184924617658674e-05,1.9148408109391192e-07,0.04950865838441781,23394.1,0.05126467478310392,0.0121,index_dividend_yield,0.065,12.47,65,23270.3,23361.1,23231.4,23477.8,mid_price,wide_quote_low_liquidity
2026-09-11T08:18:14.949189+00:00,2026-09-11T13:48:14.949189+05:30,NIFTY,29-Sep-2026,26350.0,PE,23334.8,2921.7,65,3003.95,650,0.0,2962.825,0,0,0,0,0,,,,,,,,,,,,,,,0.04950865838441781,,,,,,12.47,65,23270.3,23361.1,23231.4,23477.8,mid_price,no_price_available
2026-09-11T08:18:14.949189+00:00,2026-09-11T13:48:14.949189+05:30,NIFTY,29-Sep-2026,26400.0,CE,23334.8,1.85,65,2.05,130,2,1.95,668,-47,192,-20,20.79,0.004820443799582061,1.296522220823544e-05,-0.43401249628639793,0.726647489416198,0.1773501561733665,-0.0010636877602798857,23.83243019070541,3.071992121954131e-08,0.00036285743843978915,-2.191022621692412e-06,-0.1630511082895133,69.54481432286232,-0.004199494650330436,1.0129319656195897e-05,0.04950865838441781,23394.1,0.05126467478310392,0.0121,index_dividend_yield,0.065,12.47,65,23270.3,23361.1,23231.4,23477.8,mid_price,ok
2026-09-11T08:18:14.949189+00:00,2026-09-11T13:48:14.949189+05:30,NIFTY,29-Sep-2026,26400.0,PE,23334.8,2971.75,65,3054.15,650,0.0,3012.95,56,0,0,0,0,,,,,,,,,,,,,,,0.04950865838441781,,,,,,12.47,65,23270.3,23361.1,23231.4,23477.8,mid_price,no_price_available
2026-09-11T08:18:14.949189+00:00,2026-09-11T13:48:14.949189+05:30,NIFTY,29-Sep-2026,26450.0,CE,23334.8,1.3,910,2.9,1300,0.0,2.1,42,0,0,0,19.27,0.0022539895816752627,7.062233087920579e-06,-0.20311574543874975,0.36687074830955624,0.10571849980311065,-0.0005875013438538818,15.588368159477838,1.994584034879093e-08,0.00026341214954742027,-1.4714334839191119e-06,-0.0967881853443377,80.05021638370476,-0.001963680664199911,5.496659825975439e-06,0.04950865838441781,23394.1,0.05126467478310392,0.0121,index_dividend_yield,0.065,12.47,65,23270.3,23361.1,23231.4,23477.8,mid_price,wide_quote_low_liquidity
2026-09-11T08:18:14.949189+00:00,2026-09-11T13:48:14.949189+05:30,NIFTY,29-Sep-2026,26450.0,PE,23334.8,3020.3,65,3104.55,650,0.0,3062.425,0,0,0,0,0,,,,,,,,,,,,,,,0.04950865838441781,,,,,,12.47,65,23270.3,23361.1,23231.4,23477.8,mid_price,no_price_available
2026-09-11T08:18:14.949189+00:00,2026-09-11T13:48:14.949189+05:30,NIFTY,29-Sep-2026,26500.0,CE,23334.8,1.55,3965,1.6,910,1.55,1.5750000000000002,13662,-251,6755,-26.19047619047619,20.87,0.003909782414667141,1.0711310319652305e-05,-0.36098741225104736,0.6026350320029806,0.15049684596563495,-0.0009050272174372471,20.781063798556655,2.6006222398031075e-08,0.0003180307724943958,-1.924167211906897e-06,-0.14165072068751094,70.60651439320723,-0.0033940318400563886,8.305370664265522e-06,0.04950865838441781,23394.1,0.05126467478310392,0.0121,index_dividend_yield,0.065,12.47,65,23270.3,23361.1,23231.4,23477.8,mid_price,ok
2026-09-11T08:18:14.949189+00:00,2026-09-11T13:48:14.949189+05:30,NIFTY,29-Sep-2026,26500.0,PE,23334.8,3080.75,65,3092.7,65,3099.15,3086.725,13012,-49,76,3.479189969782467,38.32,,,,,,,,,,,,,,,0.04950865838441781,,,,,,12.47,65,23270.3,23361.1,23231.4,23477.8,mid_price,no_price_available
2026-09-11T08:18:14.949189+00:00,2026-09-11T13:48:14.949189+05:30,NIFTY,29-Sep-2026,26550.0,CE,23334.8,1.25,910,2.45,650,0.0,1.85,72,0,0,0,22.15,0.005517919761671081,1.3724357138248043e-05,-0.5205614832842517,0.8195115239876689,0.18460710137012393,-0.0011773928475729807,24.35830754343021,2.9887498969337194e-08,0.0003459596809171563,-2.221397931759841e-06,-0.17803321424639995,64.51436311951548,-0.00477452829897185,1.0601592962165555e-05,0.04950865838441781,23394.1,0.05126467478310392,0.0121,index_dividend_yield,0.065,12.47,65,23270.3,23361.1,23231.4,23477.8,mid_price,wide_quote_low_liquidity
2026-09-11T08:18:14.949189+00:00,2026-09-11T13:48:14.949189+05:30,NIFTY,29-Sep-2026,26550.0,PE,23334.8,3118.65,65,3205.25,650,0.0,3161.95,0,0,0,0,0,,,,,,,,,,,,,,,0.04950865838441781,,,,,,12.47,65,23270.3,23361.1,23231.4,23477.8,mid_price,no_price_available
2026-09-11T08:18:14.949189+00:00,2026-09-11T13:48:14.949189+05:30,NIFTY,29-Sep-2026,26600.0,CE,23334.8,1.55,130,1.7,325,1.55,1.625,652,-31,100,-27.906976744186046,21.37,0.003729246790287249,1.0026674763019172e-05,-0.3539360162983209,0.5776313737182949,0.14176264517223328,-0.0008719092249773624,19.691959953263062,2.3904322983363512e-08,0.000294889159757519,-1.8242535053455317e-06,-0.13710511159482552,69.26532692896075,-0.003224243678002554,7.716170590097482e-06,0.04950865838441781,23394.1,0.05126467478310392,0.0121,index_dividend_yield,0.065,12.47,65,23270.3,23361.1,23231.4,23477.8,mid_price,ok
2026-09-11T08:18:14.949189+00:00,2026-09-11T13:48:14.949189+05:30,NIFTY,29-Sep-2026,26600.0,PE,23334.8,3167.45,65,3255.2,650,0.0,3211.325,0,0,0,0,0,,,,,,,,,,,,,,,0.04950865838441781,,,,,,12.47,65,23270.3,23361.1,23231.4,23477.8,mid_price,no_price_available
2026-09-11T08:18:14.949189+00:00,2026-09-11T13:48:14.949189+05:30,NIFTY,29-Sep-2026,26650.0,CE,23334.8,1.25,910,2.8,1300,0.0,2.025,14,0,0,0,21.05,0.0029155834838005506,8.158091989799328e-06,-0.2793277811962519,0.46294566511674795,0.11876672760999198,-0.0007191968112767165,17.00002641385656,2.038339941359531e-08,0.0002608109139653679,-1.5876811903481617e-06,-0.11576188615884464,71.81337634822629,-0.0025173424939572793,6.254640277850814e-06,0.04950865838441781,23394.1,0.05126467478310392,0.0121,index_dividend_yield,0.065,12.47,65,23270.3,23361.1,23231.4,23477.8,mid_price,wide_quote_low_liquidity
2026-09-11T08:18:14.949189+00:00,2026-09-11T13:48:14.949189+05:30,NIFTY,29-Sep-2026,26650.0,PE,23334.8,3216.8,65,3305.6,650,0.0,3261.2,0,0,0,0,0,,,,,,,,,,,,,,,0.04950865838441781,,,,,,12.47,65,23270.3,23361.1,23231.4,23477.8,mid_price,no_price_available
2026-09-11T08:18:14.949189+00:00,2026-09-11T13:48:14.949189+05:30,NIFTY,29-Sep-2026,26700.0,CE,23334.8,1.35,910,2.4,910,0.0,1.875,39,0,0,0,23.02,0.005330676725471139,1.28066046692865e-05,-0.5238816799025389,0.7947465407755184,0.17319213880917636,-0.0011460411979478816,22.960489936203697,2.6935458985195287e-08,0.00031434771235535567,-2.0933673959315454e-06,-0.17392820478465076,62.31317810892972,-0.004584047336093943,9.781819541415307e-06,0.04950865838441781,23394.1,0.05126467478310392,0.0121,index_dividend_yield,0.065,12.47,65,23270.3,23361.1,23231.4,23477.8,mid_price,wide_quote_low_liquidity
2026-09-11T08:18:14.949189+00:00,2026-09-11T13:48:14.949189+05:30,NIFTY,29-Sep-2026,26700.0,PE,23334.8,3266,65,3355.9,650,0.0,3310.95,0,0,0,0,0,,,,,,,,,,,,,,,0.04950865838441781,,,,,,12.47,65,23270.3,23361.1,23231.4,23477.8,mid_price,no_price_available
2026-09-11T08:18:14.949189+00:00,2026-09-11T13:48:14.949189+05:30,NIFTY,29-Sep-2026,26750.0,CE,23334.8,1.15,910,2.5,65,0.0,1.825,110,0,0,0,23.3,0.00525790173430555,1.2498958811552204e-05,-0.5235679455113454,0.7850893418587558,0.1693825487997843,-0.0011338663895536193,22.497520512446076,2.601344864091406e-08,0.0003045200505143454,-2.0512487349331727e-06,-0.17232864559618943,61.65477964538595,-0.0045122280527282906,9.511180641059549e-06,0.04950865838441781,23394.1,0.05126467478310392,0.0121,index_dividend_yield,0.065,12.47,65,23270.3,23361.1,23231.4,23477.8,mid_price,wide_quote_low_liquidity
2026-09-11T08:18:14.949189+00:00,2026-09-11T13:48:14.949189+05:30,NIFTY,29-Sep-2026,26750.0,PE,23334.8,3316.35,65,3639.15,650,0.0,3477.75,1,0,0,0,18.46,-0.9988061107908383,2.1777916023849176e-06,3.9179505427186103,0.1083770534162459,0.03712073583000963,-0.00023020902523318565,6.246248228605644,7.39480232047309e-09,0.00011370766729449666,-6.055822720071276e-07,-0.03616771144763553,-6.971070390931369,0.9962736948656474,1.6572075835405657e-06,0.04950865838441781,23394.1,0.05126467478310392,0.0121,index_dividend_yield,0.065,12.47,65,23270.3,23361.1,23231.4,23477.8,mid_price,ok
2026-09-11T08:18:14.949189+00:00,2026-09-11T13:48:14.949189+05:30,NIFTY,29-Sep-2026,26800.0,CE,23334.8,1.25,910,2.2,260,0.0,1.725,40,0,0,0,23.38,0.004863952061274664,1.1621665286769427e-05,-0.4899750243675151,0.7324908325849165,0.1591320324039907,-0.0010683807704111046,21.35881791433519,2.4366515222631705e-08,0.0002891637427415482,-1.9530314104944292e-06,-0.16367165802672334,61.892681122701056,-0.004166624614717522,8.810629544439232e-06,0.04950865838441781,23394.1,0.05126467478310392,0.0121,index_dividend_yield,0.065,12.47,65,23270.3,23361.1,23231.4,23477.8,mid_price,wide_quote_low_liquidity
2026-09-11T08:18:14.949189+00:00,2026-09-11T13:48:14.949189+05:30,NIFTY,29-Sep-2026,26800.0,PE,23334.8,3157.5,650,3456.45,650,0.0,3306.975,21,0,0,0,0,,,,,,,,,,,,,,,0.04950865838441781,,,,,,12.47,65,23270.3,23361.1,23231.4,23477.8,mid_price,no_price_available
2026-09-11T08:18:14.949189+00:00,2026-09-11T13:48:14.949189+05:30,NIFTY,29-Sep-2026,26850.0,CE,23334.8,1.3,910,2.2,65,0.0,1.75,41,0,0,0,21.32,0.001993314522857223,5.709872325810882e-06,-0.2002194871880964,0.32817305607091585,0.0867648313494833,-0.0005311189866877158,12.969306979179695,1.4732016053376543e-08,0.00019886169469349093,-1.222645623589169e-06,-0.08847851783542149,73.16211132030473,-0.0017086716953249154,4.3126675718909715e-06,0.04950865838441781,23394.1,0.05126467478310392,0.0121,index_dividend_yield,0.065,12.47,65,23270.3,23361.1,23231.4,23477.8,mid_price,wide_quote_low_liquidity
2026-09-11T08:18:14.949189+00:00,2026-09-11T13:48:14.949189+05:30,NIFTY,29-Sep-2026,26850.0,PE,23334.8,3413.8,65,3506.75,650,0.0,3460.275,0,0,0,0,0,,,,,,,,,,,,,,,0.04950865838441781,,,,,,12.47,65,23270.3,23361.1,23231.4,23477.8,mid_price,no_price_available
2026-09-11T08:18:14.949189+00:00,2026-09-11T13:48:14.949189+05:30,NIFTY,29-Sep-2026,26900.0,CE,23334.8,1.3,195,1.95,845,1.95,1.625,88,1,5,-13.333333333333334,23.63,0.004290849673812019,1.0281309332591938e-05,-0.44243792066722004,0.6549399331761974,0.14310107811996672,-0.0009701058512207203,19.526091034147708,2.1689525828189867e-08,0.0002630064810125377,-1.7929051312746279e-06,-0.15049831331316255,61.95139736295945,-0.003662078609714805,7.736633640173812e-06,0.04950865838441781,23394.1,0.05126467478310392,0.0121,index_dividend_yield,0.065,12.47,65,23270.3,23361.1,23231.4,23477.8,mid_price,wide_quote_low_liquidity
2026-09-11T08:18:14.949189+00:00,2026-09-11T13:48:14.949189+05:30,NIFTY,29-Sep-2026,26900.0,PE,23334.8,3463.75,65,3607.25,650,0.0,3535.5,1,0,0,0,0,,,,,,,,,,,,,,,0.04950865838441781,,,,,,12.47,65,23270.3,23361.1,23231.4,23477.8,mid_price,no_price_available
2026-09-11T08:18:14.949189+00:00,2026-09-11T13:48:14.949189+05:30,NIFTY,29-Sep-2026,26950.0,CE,23334.8,1.3,1755,2.45,1300,0.0,1.875,48,0,0,0,22.54,0.0025959951250671466,6.860872317810674e-06,-0.26861984254308413,0.416891050781329,0.10134456373299514,-0.0006551583364668538,14.704926713769995,1.6201032126755083e-08,0.00021155609795469856,-1.3739806613891788e-06,-0.10660534132236693,67.78340205468815,-0.002214595242598297,5.143632881378484e-06,0.04950865838441781,23394.1,0.05126467478310392,0.0121,index_dividend_yield,0.065,12.47,65,23270.3,23361.1,23231.4,23477.8,mid_price,wide_quote_low_liquidity
2026-09-11T08:18:14.949189+00:00,2026-09-11T13:48:14.949189+05:30,NIFTY,29-Sep-2026,26950.0,PE,23334.8,3512.2,65,3607.55,650,0.0,3559.875,0,0,0,0,0,,,,,,,,,,,,,,,0.04950865838441781,,,,,,12.47,65,23270.3,23361.1,23231.4,23477.8,mid_price,no_price_available
2026-09-11T08:18:14.949189+00:00,2026-09-11T13:48:14.949189+05:30,NIFTY,29-Sep-2026,27000.0,CE,23334.8,1.65,65,1.7,4745,1.7,1.6749999999999998,25984,-891,4064,-15,23.85,0.0037535173687691555,9.036485091806425e-06,-0.3958515136405188,0.5810014863486441,0.12791890162155115,-0.0008744803059214436,17.754617371675664,1.9219937662552526e-08,0.0002382476819461131,-1.637137962249858e-06,-0.13745673701749483,62.124497243191215,-0.003191766862637436,6.749633226583505e-06,0.04950865838441781,23394.1,0.05126467478310392,0.0121,index_dividend_yield,0.065,12.47,65,23270.3,23361.1,23231.4,23477.8,mid_price,ok
2026-09-11T08:18:14.949189+00:00,2026-09-11T13:48:14.949189+05:30,NIFTY,29-Sep-2026,27000.0,PE,23334.8,3590.3,65,3600.5,65,3611.6,3595.4,23119.46153846154,-131,395,2.9943535048194834,43,,,,,,,,,,,,,,,0.04950865838441781,,,,,,12.47,65,23270.3,23361.1,23231.4,23477.8,mid_price,no_price_available
2026-09-11T08:18:14.949189+00:00,2026-09-11T13:48:14.949189+05:30,NIFTY,29-Sep-2026,27050.0,CE,23334.8,1.1,910,2.3,1300,0.0,1.7,64,0,0,0,22,0.0016392591345991154,4.63181260525171e-06,-0.1726667810526142,0.2747027358646751,0.07189021626187649,-0.00045329545667471594,10.974051076691582,1.1825338587953342e-08,0.00016397409447386693,-1.037933255834478e-06,-0.07680453323594189,72.02522712788185,-0.001394480419839582,3.4468676442148613e-06,0.04950865838441781,23394.1,0.05126467478310392,0.0121,index_dividend_yield,0.065,12.47,65,23270.3,23361.1,23231.4,23477.8,mid_price,wide_quote_low_liquidity
2026-09-11T08:18:14.949189+00:00,2026-09-11T13:48:14.949189+05:30,NIFTY,29-Sep-2026,27050.0,PE,23334.8,3610.35,65,3707.95,650,0.0,3659.1499999999996,0,0,0,0,0,,,,,,,,,,,,,,,0.04950865838441781,,,,,,12.47,65,23270.3,23361.1,23231.4,23477.8,mid_price,no_price_available
2026-09-11T08:18:14.949189+00:00,2026-09-11T13:48:14.949189+05:30,NIFTY,29-Sep-2026,27100.0,CE,23334.8,1.6,65,1.9,65,1.6,1.75,212,2,6,-25.58139534883721,24.26,0.0035102110220536667,8.365254169582908e-06,-0.37887064319035024,0.5470906105136172,0.11942996544025238,-0.0008297684069219313,16.715303377168812,1.7634585703604037e-08,0.00022109678604961355,-1.5436774302375985e-06,-0.1312779256481646,61.44978149959788,-0.0029733251890288015,6.2022422518266395e-06,0.04950865838441781,23394.1,0.05126467478310392,0.0121,index_dividend_yield,0.065,12.47,65,23270.3,23361.1,23231.4,23477.8,mid_price,wide_quote_low_liquidity
2026-09-11T08:18:14.949189+00:00,2026-09-11T13:48:14.949189+05:30,NIFTY,29-Sep-2026,27100.0,PE,23334.8,3660.75,65,3758.6,650,0.0,3709.675,0,0,0,0,0,,,,,,,,,,,,,,,0.04950865838441781,,,,,,12.47,65,23270.3,23361.1,23231.4,23477.8,mid_price,no_price_available
2026-09-11T08:18:14.949189+00:00,2026-09-11T13:48:14.949189+05:30,NIFTY,29-Sep-2026,27150.0,CE,23334.8,1.3,325,1.85,130,1.3,1.5750000000000002,121,2,11,-3.7037037037037037,24.02,0.002909315918464328,7.135511921697627e-06,-0.3167309161170608,0.4620483915558436,0.1041497531256146,-0.0007161957710264109,14.911709908530634,1.5560877036583628e-08,0.000200572168501051,-1.3855304101994793e-06,-0.11533367101651543,63.06101854319795,-0.0024608381451189003,5.2710074994779835e-06,0.04950865838441781,23394.1,0.05126467478310392,0.0121,index_dividend_yield,0.065,12.47,65,23270.3,23361.1,23231.4,23477.8,mid_price,wide_quote_low_liquidity
2026-09-11T08:18:14.949189+00:00,2026-09-11T13:48:14.949189+05:30,NIFTY,29-Sep-2026,27150.0,PE,23334.8,3709.7,65,3808.55,650,0.0,3759.125,0,0,0,0,0,,,,,,,,,,,,,,,0.04950865838441781,,,,,,12.47,65,23270.3,23361.1,23231.4,23477.8,mid_price,no_price_available
2026-09-11T08:18:14.949189+00:00,2026-09-11T13:48:14.949189+05:30,NIFTY,29-Sep-2026,27200.0,CE,23334.8,1.3,1690,1.7,130,1.3,1.5,628,-19,76,-18.75,24.29,0.0028845569796230506,7.002031132542096e-06,-0.3177149335042093,0.4585016214112664,0.10232481893346292,-0.0007112632002654468,14.665269289697024,1.5110543606516468e-08,0.00019512886626010936,-1.3624181791245416e-06,-0.1146324592469703,62.41541066842992,-0.002435004840734874,5.153406432651092e-06,0.04950865838441781,23394.1,0.05126467478310392,0.0121,index_dividend_yield,0.065,12.47,65,23270.3,23361.1,23231.4,23477.8,mid_price,wide_quote_low_liquidity
2026-09-11T08:18:14.949189+00:00,2026-09-11T13:48:14.949189+05:30,NIFTY,29-Sep-2026,27200.0,PE,23334.8,3758.2,65,3858.85,650,0.0,3808.5249999999996,0,0,0,0,0,,,,,,,,,,,,,,,0.04950865838441781,,,,,,12.47,65,23270.3,23361.1,23231.4,23477.8,mid_price,no_price_available
2026-09-11T08:18:14.949189+00:00,2026-09-11T13:48:14.949189+05:30,NIFTY,29-Sep-2026,28500.0,CE,23334.8,0.6,51675,0.7,2795,0.6,0.6499999999999999,8090,-270,776,-7.6923076923076925,28.98,0.0012296105434616831,2.704302920106007e-06,-0.17347676866246992,0.21127253428538403,0.0434260624499694,-0.0003574330298357967,6.827455091273249,5.354669057687604e-09,7.805789332910637e-05,-6.440300475449712e-07,-0.06204816720467332,56.10620710015021,-0.0009888181079829286,1.8128997245612014e-06,0.04950865838441781,23394.1,0.05126467478310392,0.0121,index_dividend_yield,0.065,12.47,65,23270.3,23361.1,23231.4,23477.8,mid_price,wide_quote_low_liquidity
2026-09-11T08:18:14.949189+00:00,2026-09-11T13:48:14.949189+05:30,NIFTY,29-Sep-2026,28500.0,PE,23334.8,5075.1,130,5098.65,65,5075.5,5086.875,6576,-43,51,1.687953919358878,54.96,,,,,,,,,,,,,,,0.04950865838441781,,,,,,12.47,65,23270.3,23361.1,23231.4,23477.8,mid_price,no_price_available
2026-09-11T08:18:14.949189+00:00,2026-09-11T13:48:14.949189+05:30,NIFTY,29-Sep-2026,30000.0,CE,23334.8,0.5,6695,0.55,3640,0.55,0.525,4283,-122,173,-15.384615384615385,35.59,0.0009666500029473649,1.7661928344367767e-06,-0.17005351620981002,0.16945540667980485,0.029156447625297358,-0.0002931963343163849,4.692982392805425,2.897940254549541e-09,4.395023713588349e-05,-4.426593345779828e-07,-0.05188714144262774,46.665353631004194,-0.0007357738502190952,1.0685719626814452e-06,0.04950865838441781,23394.1,0.05126467478310392,0.0121,index_dividend_yield,0.065,12.47,65,23270.3,23361.1,23231.4,23477.8,mid_price,ok
2026-09-11T08:18:14.949189+00:00,2026-09-11T13:48:14.949189+05:30,NIFTY,29-Sep-2026,30000.0,PE,23334.8,6564.9,65,6604,130,6560,6584.45,2179,-1,11,0.8021143858139463,64.44,,,,,,,,,,,,,,,0.04950865838441781,,,,,,12.47,65,23270.3,23361.1,23231.4,23477.8,mid_price,no_price_available
2026-09-11T08:18:14.949189+00:00,2026-09-11T13:48:14.949189+05:30,NIFTY,29-Sep-2026,31500.0,CE,23334.8,0.55,1755,0.85,1625,0.85,0.7,259,0,2,-15,44.62,0.0016080869682301223,2.2441260428740987e-06,-0.3385195759925937,0.26993931114142233,0.035484788053775244,-0.0004457298003637291,5.427871838496273,2.7627134132507916e-09,4.009442992312981e-05,-5.043962463229778e-07,-0.07565534772290053,36.041802828729736,-0.0011581984963962252,1.2314996819990218e-06,0.04950865838441781,23394.1,0.05126467478310392,0.0121,index_dividend_yield,0.065,12.47,65,23270.3,23361.1,23231.4,23477.8,mid_price,wide_quote_low_liquidity
2026-09-11T08:18:14.949189+00:00,2026-09-11T13:48:14.949189+05:30,NIFTY,29-Sep-2026,31500.0,PE,23334.8,,0,8517.1,1690,0.0,,0,0,0,0,0,,,,,,,,,,,,,,,0.04950865838441781,,,,,,12.47,65,23270.3,23361.1,23231.4,23477.8,none,no_price_available
2026-09-11T08:18:14.949189+00:00,2026-09-11T13:48:14.949189+05:30,NIFTY,29-Sep-2026,33000.0,CE,23334.8,0.65,260,0.9,715,0.95,0.775,529,-10,55,90,48.29,0.0008234470124118724,1.1233166369718177e-06,-0.1980769832309216,0.14623412138598835,0.01898348796978733,-0.0002575735772063801,3.1020841242632575,1.3645711081701292e-09,2.1502600444080773e-05,-2.9199033281872574e-07,-0.0461415244156687,35.03109114006591,-0.0005656502853670615,5.61671615749178e-07,0.04950865838441781,23394.1,0.05126467478310392,0.0121,index_dividend_yield,0.065,12.47,65,23270.3,23361.1,23231.4,23477.8,mid_price,wide_quote_low_liquidity
2026-09-11T08:18:14.949189+00:00,2026-09-11T13:48:14.949189+05:30,NIFTY,29-Sep-2026,33000.0,PE,23334.8,,0,10110.45,1690,0.0,,0,0,0,0,0,,,,,,,,,,,,,,,0.04950865838441781,,,,,,12.47,65,23270.3,23361.1,23231.4,23477.8,none,no_price_available
2026-09-11T08:18:14.949189+00:00,2026-09-11T13:48:14.949189+05:30,NIFTY,29-Sep-2026,34500.0,CE,23334.8,0.65,130,0.75,1755,0.0,0.7,151,0,0,0,52.03,0.0004883105796159575,6.435817754585163e-07,-0.13154739798467222,0.09027071597198784,0.011404361648977002,-0.0001665032469356139,1.9522304301267945,7.593312629860273e-10,1.268124672127677e-05,-1.8521214370049545e-07,-0.0310046749305891,33.735065508010265,-0.00032048874178226654,2.944243420924789e-07,0.04950865838441781,23394.1,0.05126467478310392,0.0121,index_dividend_yield,0.065,12.47,65,23270.3,23361.1,23231.4,23477.8,mid_price,ok
2026-09-11T08:18:14.949189+00:00,2026-09-11T13:48:14.949189+05:30,NIFTY,29-Sep-2026,34500.0,PE,23334.8,,0,11650.65,1690,0.0,,0,0,0,0,0,,,,,,,,,,,,,,,0.04950865838441781,,,,,,12.47,65,23270.3,23361.1,23231.4,23477.8,none,no_price_available
2026-09-11T08:29:15.011941+00:00,2026-09-11T13:59:15.011941+05:30,NIFTY,29-Sep-2026,15000.0,CE,23380.85,,0,8739.15,1690,0.0,,0,0,0,0,0,,,,,,,,,,,,,,,0.04948772793185566,,,,,,12.46,65,23270.3,23390.4,23231.4,23477.8,none,no_price_available
2026-09-11T08:29:15.011941+00:00,2026-09-11T13:59:15.011941+05:30,NIFTY,29-Sep-2026,15000.0,PE,23380.85,1.3,65,1.75,2275,1.3,1.525,1424,-14,27,-3.7037037037037037,68.29,-0.0012842622993018621,1.1920881555893442e-06,-0.41172274468387415,0.22023360715471488,-0.017752092191974975,0.0003315057001106482,2.783810562920666,-1.0644636000069834e-09,1.3322618366982355e-05,-2.4826486020796165e-07,-0.05808708467620122,-22.400041663424634,0.002091175946360725,2.896319352858878e-06,0.04948772793185566,23449.9,0.05958889953806614,0.0121,index_dividend_yield,0.065,12.46,65,23270.3,23390.4,23231.4,23477.8,mid_price,wide_quote_low_liquidity
2026-09-11T08:29:15.011941+00:00,2026-09-11T13:59:15.011941+05:30,NIFTY,29-Sep-2026,16500.0,CE,23380.85,6425.05,650,6996.65,1690,0.0,6710.85,0,0,0,0,0,,,,,,,,,,,,,,,0.04948772793185566,,,,,,12.46,65,23270.3,23390.4,23231.4,23477.8,mid_price,no_price_available
2026-09-11T08:29:15.011941+00:00,2026-09-11T13:59:15.011941+05:30,NIFTY,29-Sep-2026,16500.0,PE,23380.85,0.9,130,1.1,195,1.1,1.0,2039,-1,53,37.5,53.84,-0.0013852981584935632,1.6203883524098836e-06,-0.34684752529229235,0.23601644819523204,-0.024206966051742215,0.00035523971181543025,3.7670143090780677,-1.8045726623736317e-09,2.2852907678296024e-05,-3.3451871779064587e-07,-0.06182012290355676,-28.49452009589385,0.002031887205104738,3.253657359152346e-06,0.04948772793185566,23449.9,0.05958889953806614,0.0121,index_dividend_yield,0.065,12.46,65,23270.3,23390.4,23231.4,23477.8,mid_price,wide_quote_low_liquidity
2026-09-11T08:29:15.011941+00:00,2026-09-11T13:59:15.011941+05:30,NIFTY,29-Sep-2026,18000.0,CE,23380.85,5394.75,195,5452.2,130,5299.7,5423.475,18,0,2,-5.3625,0,,,,,,,,,,,,,,,0.04948772793185566,23449.9,0.05958889953806614,0.0121,index_dividend_yield,0.065,12.46,65,23270.3,23390.4,23231.4,23477.8,mid_price,no_nse_iv
2026-09-11T08:29:15.011941+00:00,2026-09-11T13:59:15.011941+05:30,NIFTY,29-Sep-2026,18000.0,PE,23380.85,1.45,650,1.8,195,1.4,1.625,13097,-86,1654,12,43.03,-0.0024948649001096264,3.4609789225804153e-06,-0.4711295937621552,0.40289178015280736,-0.048816468203162794,0.0005695590294048981,7.128402654180937,-4.502139700243832e-09,5.319177779432876e-05,-6.184461185587183e-07,-0.09432755388744317,-34.20600325936592,0.0033354099170454557,5.8394848442499385e-06,0.04948772793185566,23449.9,0.05958889953806614,0.0121,index_dividend_yield,0.065,12.46,65,23270.3,23390.4,23231.4,23477.8,mid_price,wide_quote_low_liquidity
2026-09-11T08:29:15.011941+00:00,2026-09-11T13:59:15.011941+05:30,NIFTY,29-Sep-2026,19500.0,CE,23380.85,3929.1,65,3947.85,65,3916.4,3938.475,2161,0,26,-2.5771144278606966,0,,,,,,,,,,,,,,,0.04948772793185566,23449.9,0.05958889953806614,0.0121,index_dividend_yield,0.065,12.46,65,23270.3,23390.4,23231.4,23477.8,mid_price,no_nse_iv
2026-09-11T08:29:15.011941+00:00,2026-09-11T13:59:15.011941+05:30,NIFTY,29-Sep-2026,19500.0,PE,23380.85,3.8,260,3.9,3185,3.85,3.8499999999999996,15650,601,2034,24.193548387096776,34.08,-0.00681799222308615,1.0739938964249908e-05,-0.9102904293668005,0.9901922109646257,-0.13354651760422728,0.0012228270193079599,17.132428669725975,-1.5447837266971436e-08,0.00015430886520612867,-1.4041381651563658e-06,-0.18428373134144505,-39.5670984931028,0.008381503453172196,1.5440209256392912e-05,0.04948772793185566,23449.9,0.05958889953806614,0.0121,index_dividend_yield,0.065,12.46,65,23270.3,23390.4,23231.4,23477.8,mid_price,ok
2026-09-11T08:29:15.011941+00:00,2026-09-11T13:59:15.011941+05:30,NIFTY,29-Sep-2026,21000.0,CE,23380.85,2440.45,455,2455.85,650,2394,2448.1499999999996,7948,12,157,-3.3586307120943,0,,,,,,,,,,,,,,,0.04948772793185566,23449.9,0.05958889953806614,0.0121,index_dividend_yield,0.065,12.46,65,23270.3,23390.4,23231.4,23477.8,mid_price,no_nse_iv
2026-09-11T08:29:15.011941+00:00,2026-09-11T13:59:15.011941+05:30,NIFTY,29-Sep-2026,21000.0,PE,23380.85,9.75,715,9.8,325,9.85,9.775,33975,2345,13062,33.108108108108105,24.67,-0.021062762798309848,3.942215621881594e-05,-1.72351746058515,2.6310410889314237,-0.405397770047413,0.0026334314776114004,42.84675849890562,-6.425972417016942e-08,0.00048219822685516056,-3.0798664435152445e-06,-0.3511351606340938,-48.39210570904473,0.02393532667930563,4.886775372181431e-05,0.04948772793185566,23449.9,0.05958889953806614,0.0121,index_dividend_yield,0.065,12.46,65,23270.3,23390.4,23231.4,23477.8,mid_price,ok
2026-09-11T08:29:15.011941+00:00,2026-09-11T13:59:15.011941+05:30,NIFTY,29-Sep-2026,21600.0,CE,23380.85,1843.95,65,1859.35,65,1826.9,1851.65,709,13,45,-5.341968911917099,0,,,,,,,,,,,,,,,0.04948772793185566,23449.9,0.05958889953806614,0.0121,index_dividend_yield,0.065,12.46,65,23270.3,23390.4,23231.4,23477.8,mid_price,no_nse_iv
2026-09-11T08:29:15.011941+00:00,2026-09-11T13:59:15.011941+05:30,NIFTY,29-Sep-2026,21600.0,PE,23380.85,13.4,650,13.5,195,13.5,13.45,10594,3225,8061,37.055837563451774,20.37,-0.03369963089906567,7.068906377963338e-05,-2.0797646067053366,3.8954834648554297,-0.6556974504363828,0.0034559594487977782,62.36803544684921,-1.2521112152864627e-07,0.0007847463266076834,-4.009846597250469e-06,-0.4365080132279653,-55.15132118393887,0.03713947388685027,8.282573888397132e-05,0.04948772793185566,23449.9,0.05958889953806614,0.0121,index_dividend_yield,0.065,12.46,65,23270.3,23390.4,23231.4,23477.8,mid_price,ok
2026-09-11T08:29:15.011941+00:00,2026-09-11T13:59:15.011941+05:30,NIFTY,29-Sep-2026,21650.0,CE,23380.85,1564.2,2340,1827.85,65,0.0,1696.025,1,0,0,0,32.96,,,,,,,,,,,,,,,0.04948772793185566,,,,,,12.46,65,23270.3,23390.4,23231.4,23477.8,mid_price,no_price_available
2026-09-11T08:29:15.011941+00:00,2026-09-11T13:59:15.011941+05:30,NIFTY,29-Sep-2026,21650.0,PE,23380.85,14.05,195,14.3,975,14.25,14.175,571,232,831,38.349514563106794,20.08,-0.035693682110603774,7.517647058709684e-05,-2.146271324923187,4.083793253481255,-0.6874076813047081,0.0035643342740197814,64.4546766118963,-1.3313806110654835e-07,0.0008121461677938635,-4.072892628089917e-06,-0.4472060671883837,-55.49299057670114,0.039241914037928274,8.767721017681978e-05,0.04948772793185566,23449.9,0.05958889953806614,0.0121,index_dividend_yield,0.065,12.46,65,23270.3,23390.4,23231.4,23477.8,mid_price,ok
2026-09-11T08:29:15.011941+00:00,2026-09-11T13:59:15.011941+05:30,NIFTY,29-Sep-2026,21700.0,CE,23380.85,1725.65,65,1778.5,65,0.0,1752.075,0,0,0,0,33.96,0.8549064150746641,0.00012870792204741565,-13.679304951335673,11.824725473262168,-0.6590091083555905,0.00578842602719476,36.33223855718537,-8.264136150601186e-08,1.6468380773898257e-05,1.0945842868908835e-07,-0.6444617288982268,10.676958730935894,-0.834853866091567,0.0001494191985017234,0.04948772793185566,23449.9,0.05958889953806614,0.0121,index_dividend_yield,0.065,12.46,65,23270.3,23390.4,23231.4,23477.8,mid_price,ok
2026-09-11T08:29:15.011941+00:00,2026-09-11T13:59:15.011941+05:30,NIFTY,29-Sep-2026,21700.0,PE,23380.85,14.55,910,14.75,2275,14.85,14.65,5402,2046,5376,44.1747572815534,19.73,-0.03740363426197401,7.949600711984302e-05,-2.187857105702316,4.243170737943188,-0.7183934700419614,0.0036522962272518343,66.56183400420224,-1.4154732794119155e-07,0.0008441398725723739,-4.141026179269649e-06,-0.4558048721662776,-56.103091196022014,0.04101920051638778,9.228825606832757e-05,0.04948772793185566,23449.9,0.05958889953806614,0.0121,index_dividend_yield,0.065,12.46,65,23270.3,23390.4,23231.4,23477.8,mid_price,ok
2026-09-11T08:29:15.011941+00:00,2026-09-11T13:59:15.011941+05:30,NIFTY,29-Sep-2026,21750.0,CE,23380.85,1468.85,650,1726.4,65,0.0,1597.625,1,0,0,0,29.91,,,,,,,,,,,,,,,0.04948772793185566,,,,,,12.46,65,23270.3,23390.4,23231.4,23477.8,mid_price,no_price_available
2026-09-11T08:29:15.011941+00:00,2026-09-11T13:59:15.011941+05:30,NIFTY,29-Sep-2026,21750.0,PE,23380.85,15.25,325,15.45,1755,15.4,15.35,534,133,809,35.08771929824562,19.47,-0.03991127195925253,8.49312716936992e-05,-2.2728050174798393,4.473543707595688,-0.7545448024414321,0.003776967631038547,68.73678602460265,-1.5064805150514892e-07,0.0008687909166766604,-4.182990545585058e-06,-0.4678498239266568,-56.311703665294466,0.04366578329067658,9.814534267774954e-05,0.04948772793185566,23449.9,0.05958889953806614,0.0121,index_dividend_yield,0.065,12.46,65,23270.3,23390.4,23231.4,23477.8,mid_price,ok
2026-09-11T08:29:15.011941+00:00,2026-09-11T13:59:15.011941+05:30,NIFTY,29-Sep-2026,21800.0,CE,23380.85,1628.1,650,1689,65,0.0,1658.55,2,0,0,0,0,,,,,,,,,,,,,,,0.04948772793185566,23449.9,0.05958889953806614,0.0121,index_dividend_yield,0.065,12.46,65,23270.3,23390.4,23231.4,23477.8,mid_price,no_nse_iv
2026-09-11T08:29:15.011941+00:00,2026-09-11T13:59:15.011941+05:30,NIFTY,29-Sep-2026,21800.0,PE,23380.85,16.05,195,16.15,260,16.15,16.1,7779,2700,5470,35.714285714285715,19.1,-0.04174599385600458,8.979169556860531e-05,-2.3085080596152943,4.639675919743768,-0.7883281056678265,0.003861804577110932,70.9556020560167,-1.603595387602059e-07,0.0009031171550342917,-4.243212636727392e-06,-0.47596754783503314,-57.02685602740705,0.045558374316127956,0.00010328655130203289,0.04948772793185566,23449.9,0.05958889953806614,0.0121,index_dividend_yield,0.065,12.46,65,23270.3,23390.4,23231.4,23477.8,mid_price,ok
2026-09-11T08:29:15.011941+00:00,2026-09-11T13:59:15.011941+05:30,NIFTY,29-Sep-2026,21850.0,CE,23380.85,1356,650,1628.2,65,0.0,1492.1,1,0,0,0,19.44,,,,,,,,,,,,,,,0.04948772793185566,,,,,,12.46,65,23270.3,23390.4,23231.4,23477.8,mid_price,no_price_available
2026-09-11T08:29:15.011941+00:00,2026-09-11T13:59:15.011941+05:30,NIFTY,29-Sep-2026,21850.0,PE,23380.85,16.55,65,16.75,845,17,16.65,434,205,405,33.333333333333336,18.82,-0.04445495690962993,9.587528783924671e-05,-2.3891142537400563,4.881400106919518,-0.8272883695288891,0.0039830125844498646,73.18864509073907,-1.7076678007404628e-07,0.0009280906497867512,-4.268797544479061e-06,-0.48743237461939865,-57.326348499942284,0.04839935309470714,0.0001097802940129882,0.04948772793185566,23449.9,0.05958889953806614,0.0121,index_dividend_yield,0.065,12.46,65,23270.3,23390.4,23231.4,23477.8,mid_price,ok
2026-09-11T08:29:15.011941+00:00,2026-09-11T13:59:15.011941+05:30,NIFTY,29-Sep-2026,21900.0,CE,23380.85,1335.8,780,1592.2,65,0.0,1464.0,9,0,0,0,14.08,,,,,,,,,,,,,,,0.04948772793185566,,,,,,12.46,65,23270.3,23390.4,23231.4,23477.8,mid_price,no_price_available
2026-09-11T08:29:15.011941+00:00,2026-09-11T13:59:15.011941+05:30,NIFTY,29-Sep-2026,21900.0,PE,23380.85,17.35,455,17.5,1365,17.55,17.425,3517,494,2163,39.8406374501992,18.44,-0.0465121924374094,0.00010147610607000376,-2.423000623721548,5.0622409994226985,-0.8647025327660658,0.004067962130518431,75.53064025862888,-1.8206486856588337e-07,0.0009637933132625724,-4.315810985387137e-06,-0.4953969401907221,-58.11006942721939,0.050511825851124965,0.0001156634535090605,0.04948772793185566,23449.9,0.05958889953806614,0.0121,index_dividend_yield,0.065,12.46,65,23270.3,23390.4,23231.4,23477.8,mid_price,ok
2026-09-11T08:29:15.011941+00:00,2026-09-11T13:59:15.011941+05:30,NIFTY,29-Sep-2026,21950.0,CE,23380.85,1306.8,650,1528.2,65,0.0,1417.5,2,0,0,0,29.21,,,,,,,,,,,,,,,0.04948772793185566,,,,,,12.46,65,23270.3,23390.4,23231.4,23477.8,mid_price,no_price_available
2026-09-11T08:29:15.011941+00:00,2026-09-11T13:59:15.011941+05:30,NIFTY,29-Sep-2026,21950.0,PE,23380.85,18.15,195,18.3,975,18.3,18.225,1674,779,1247,33.57664233576642,18.1,-0.04908369405382153,0.00010793389825382118,-2.4781610121701036,5.285116246350822,-0.905640980628078,0.004169775715372463,77.88874984985571,-1.9419017151925526e-07,0.0009943810911283851,-4.338021553835402e-06,-0.5048490516321289,-58.710597358734475,0.053173828232548195,0.00012246427196072724,0.04948772793185566,23449.9,0.05958889953806614,0.0121,index_dividend_yield,0.065,12.46,65,23270.3,23390.4,23231.4,23477.8,mid_price,ok
2026-09-11T08:29:15.011941+00:00,2026-09-11T13:59:15.011941+05:30,NIFTY,29-Sep-2026,22000.0,CE,23380.85,1456.95,65,1460.8,65,1454.4,1458.875,12547,414,775,-2.942942942942943,0,,,,,,,,,,,,,,,0.04948772793185566,23449.9,0.05958889953806614,0.0121,index_dividend_yield,0.065,12.46,65,23270.3,23390.4,23231.4,23477.8,mid_price,no_nse_iv
2026-09-11T08:29:15.011941+00:00,2026-09-11T13:59:15.011941+05:30,NIFTY,29-Sep-2026,22000.0,PE,23380.85,19.2,975,19.3,1495,19.35,19.25,51008,4786,35807,36.267605633802816,17.82,-0.05242687704327236,0.00011553572394246409,-2.5660935421387996,5.569832001539047,-0.9505448432737956,0.004295277514559763,80.16652938137136,-2.0699720573021851e-07,0.001014599113944518,-4.31812572623973e-06,-0.5163611793601186,-59.009967274443966,0.056661702497500126,0.00013049429327473852,0.04948772793185566,23449.9,0.05958889953806614,0.0121,index_dividend_yield,0.065,12.46,65,23270.3,23390.4,23231.4,23477.8,mid_price,ok
2026-09-11T08:29:15.011941+00:00,2026-09-11T13:59:15.011941+05:30,NIFTY,29-Sep-2026,22050.0,CE,23380.85,1195.65,650,1427.15,65,0.0,1311.4,1,0,0,0,31.11,,,,,,,,,,,,,,,0.04948772793185566,,,,,,12.46,65,23270.3,23390.4,23231.4,23477.8,mid_price,no_price_available
2026-09-11T08:29:15.011941+00:00,2026-09-11T13:59:15.011941+05:30,NIFTY,29-Sep-2026,22050.0,PE,23380.85,19.9,65,20.1,1105,20.05,20.0,1285,307,1467,35.472972972972975,17.48,-0.055449734321540343,0.00012312784522454354,-2.625553651469894,5.8225846882663905,-0.995813382077302,0.004399091476984161,82.55465962683628,-2.2098682447832638e-07,0.0010414063138333874,-4.3057530480898756e-06,-0.5257932450678915,-59.617458659827435,0.05978268786092178,0.0001384393919147992,0.04948772793185566,23449.9,0.05958889953806614,0.0121,index_dividend_yield,0.065,12.46,65,23270.3,23390.4,23231.4,23477.8,mid_price,ok
2026-09-11T08:29:15.011941+00:00,2026-09-11T13:59:15.011941+05:30,NIFTY,29-Sep-2026,22100.0,CE,23380.85,1141.2,2535,1376.3,195,0.0,1258.75,14,0,0,0,27.06,,,,,,,,,,,,,,,0.04948772793185566,,,,,,12.46,65,23270.3,23390.4,23231.4,23477.8,mid_price,no_price_available
2026-09-11T08:29:15.011941+00:00,2026-09-11T13:59:15.011941+05:30,NIFTY,29-Sep-2026,22100.0,PE,23380.85,20.95,195,21.1,520,21.1,21.025,2402,472,2629,37.45928338762215,17.14,-0.058719176381685625,0.00013136282870689902,-2.6869239258204622,6.0911797516467185,-1.0434252609531938,0.004503322313971353,84.95240857329955,-2.3605331374195854e-07,0.0010657342609360603,-4.27294683448098e-06,-0.5351780752874253,-60.231505690874414,0.06315375766920689,0.00014703087296761097,0.04948772793185566,23449.9,0.05958889953806614,0.0121,index_dividend_yield,0.065,12.46,65,23270.3,23390.4,23231.4,23477.8,mid_price,ok
2026-09-11T08:29:15.011941+00:00,2026-09-11T13:59:15.011941+05:30,NIFTY,29-Sep-2026,22150.0,CE,23380.85,1293.8,65,1331.1,65,0.0,1312.4499999999998,1,0,0,0,30.44,0.8076776142730423,0.00017230829770072497,-14.432941275404234,14.189560577135111,-0.720048448049182,0.005511788885223634,32.625914273401335,-1.0197866008916233e-07,-0.00016986895845459422,1.7571667353080318e-06,-0.6408248170971582,12.925723885159792,-0.7866009864719412,0.00019199031543757838,0.04948772793185566,23449.9,0.05958889953806614,0.0121,index_dividend_yield,0.065,12.46,65,23270.3,23390.4,23231.4,23477.8,mid_price,ok
2026-09-11T08:29:15.011941+00:00,2026-09-11T13:59:15.011941+05:30,NIFTY,29-Sep-2026,22150.0,PE,23380.85,21.95,65,22.25,1105,22.1,22.1,739,-288,1151,33.13253012048193,16.85,-0.06280790630748535,0.0001408463374943624,-2.777480142761026,6.420421936244063,-1.0943199473875744,0.004624761276873168,87.16100256798542,-2.5179265060996196e-07,0.0010762504465235741,-4.1840143483615146e-06,-0.5459959425859475,-60.57598012421921,0.0673925307100232,0.00015693459412347553,0.04948772793185566,23449.9,0.05958889953806614,0.0121,index_dividend_yield,0.065,12.46,65,23270.3,23390.4,23231.4,23477.8,mid_price,ok
2026-09-11T08:29:15.011941+00:00,2026-09-11T13:59:15.011941+05:30,NIFTY,29-Sep-2026,22200.0,CE,23380.85,1247.25,260,1280.4,260,0.0,1263.825,1,0,0,0,21.3,0.879010092335007,0.0001809458026332596,-8.893799639786474,10.426684276943057,-1.0590575898650756,0.0056611554579748535,64.5968067296172,-1.9873304231625066e-07,0.00027153590133501123,-9.488200508691344e-07,-0.6317611960266021,15.74637458970314,-0.8669735853959407,0.00020070729404985142,0.04948772793185566,23449.9,0.05958889953806614,0.0121,index_dividend_yield,0.065,12.46,65,23270.3,23390.4,23231.4,23477.8,mid_price,ok
2026-09-11T08:29:15.011941+00:00,2026-09-11T13:59:15.011941+05:30,NIFTY,29-Sep-2026,22200.0,PE,23380.85,23.25,65,23.35,910,23.4,23.3,5391,1600,7446,32.95454545454545,16.49,-0.06644783104966726,0.00015035827805107624,-2.8320470135255493,6.707583773884014,-1.1462925692415915,0.004720671947521682,89.58086337703541,-2.693771146294823e-07,0.0010963139442386114,-4.109608208981115e-06,-0.5544975431761605,-61.306880115693225,0.07112379484734016,0.00016677923823848714,0.04948772793185566,23449.9,0.05958889953806614,0.0121,index_dividend_yield,0.065,12.46,65,23270.3,23390.4,23231.4,23477.8,mid_price,ok
2026-09-11T08:29:15.011941+00:00,2026-09-11T13:59:15.011941+05:30,NIFTY,29-Sep-2026,22250.0,CE,23380.85,1183.45,650,1365.9,650,0.0,1274.6750000000002,6,0,0,0,25.01,0.8324601498616696,0.000192232623083328,-11.592513742381128,13.006453429009857,-0.9101545405717504,0.005678706407255096,45.72690068037222,-1.5056776222943914e-07,-9.277915690534817e-05,1.1304985875195078e-06,-0.6434921147614627,14.893616736452104,-0.8160351648071192,0.0002122695273224602,0.04948772793185566,23449.9,0.05958889953806614,0.0121,index_dividend_yield,0.065,12.46,65,23270.3,23390.4,23231.4,23477.8,mid_price,ok
2026-09-11T08:29:15.011941+00:00,2026-09-11T13:59:15.011941+05:30,NIFTY,29-Sep-2026,22250.0,PE,23380.85,24.7,455,25.1,195,25.4,24.9,743,-111,785,37.2972972972973,16.28,-0.07220305717756251,0.00016236125622456023,-2.972888138762331,7.150804583885355,-1.2017085465131498,0.0048630209515675565,91.21096060285704,-2.861328742022943e-07,0.0010737450064260655,-3.888390506865682e-06,-0.5669554367086826,-61.18637897791282,0.07711278420023629,0.00017928459052097946,0.04948772793185566,23449.9,0.05958889953806614,0.0121,index_dividend_yield,0.065,12.46,65,23270.3,23390.4,23231.4,23477.8,mid_price,ok
2026-09-11T08:29:15.011941+00:00,2026-09-11T13:59:15.011941+05:30,NIFTY,29-Sep-2026,22300.0,CE,23380.85,1158.7,195,1193.35,260,1140.65,1176.025,23,-7,37,-15.507407407407408,0,,,,,,,,,,,,,,,0.04948772793185566,23449.9,0.05958889953806614,0.0121,index_dividend_yield,0.065,12.46,65,23270.3,23390.4,23231.4,23477.8,mid_price,no_nse_iv
2026-09-11T08:29:15.011941+00:00,2026-09-11T13:59:15.011941+05:30,NIFTY,29-Sep-2026,22300.0,PE,23380.85,26.5,390,26.65,325,26.65,26.575,4512,202,12762,36.666666666666664,15.95,-0.07696727975520873,0.00017400280922567863,-3.048933793295508,7.508186533786068,-1.257937949063287,0.00496200207652471,93.26668631567303,-3.0562527728849263e-07,0.00107062141668558,-3.711339881235886e-06,-0.5756295157557529,-61.73722788043641,0.08200489375685588,0.00019127892624559825,0.04948772793185566,23449.9,0.05958889953806614,0.0121,index_dividend_yield,0.065,12.46,65,23270.3,23390.4,23231.4,23477.8,mid_price,ok
2026-09-11T08:29:15.011941+00:00,2026-09-11T13:59:15.011941+05:30,NIFTY,29-Sep-2026,22350.0,CE,23380.85,1103.6,65,1137,65,0.0,1120.3,2,0,0,0,18.26,0.8833886117168159,0.0002056133899009198,-7.923789399986651,10.15711273766836,-1.2343277978621447,0.005572386689650433,76.7083108257216,-2.665012749957456e-07,0.00042684753250256575,-1.2774309029799861e-06,-0.6252640403128602,18.064003116796734,-0.8729743567637566,0.00022501782871623798,0.04948772793185566,23449.9,0.05958889953806614,0.0121,index_dividend_yield,0.065,12.46,65,23270.3,23390.4,23231.4,23477.8,mid_price,ok
2026-09-11T08:29:15.011941+00:00,2026-09-11T13:59:15.011941+05:30,NIFTY,29-Sep-2026,22350.0,PE,23380.85,28.3,1495,28.8,455,28.75,28.55,426,32,885,39.22518159806295,15.74,-0.08373751103955962,0.00018792259884612173,-3.1970554569311154,8.002060752532099,-1.3146403458098241,0.005088670170683027,94.36553158604477,-3.237971166281653e-07,0.0010222811827029807,-3.3778831500671743e-06,-0.5866650106219851,-61.579748808280236,0.08902228118383598,0.00020565749720601127,0.04948772793185566,23449.9,0.05958889953806614,0.0121,index_dividend_yield,0.065,12.46,65,23270.3,23390.4,23231.4,23477.8,mid_price,ok
2026-09-11T08:29:15.011941+00:00,2026-09-11T13:59:15.011941+05:30,NIFTY,29-Sep-2026,22400.0,CE,23380.85,930.35,845,1085.6,195,0.0,1007.9749999999999,3,0,0,0,24.45,0.8055192859833982,0.00021599385920067194,-12.189009781650576,14.286912142182064,-0.9087173141519855,0.005446693976466355,40.802161702340634,-1.553801339409702e-07,-0.000266543606192965,2.3066675655145465e-06,-0.6383481805981006,15.976434940612945,-0.7881643538915855,0.000235323857496084,0.04948772793185566,23449.9,0.05958889953806614,0.0121,index_dividend_yield,0.065,12.46,65,23270.3,23390.4,23231.4,23477.8,mid_price,wide_quote_low_liquidity
2026-09-11T08:29:15.011941+00:00,2026-09-11T13:59:15.011941+05:30,NIFTY,29-Sep-2026,22400.0,PE,23380.85,30.6,325,30.75,390,30.75,30.675,3499,604,12732,34.57330415754923,15.41,-0.08947533099913747,0.00020169491697427641,-3.277527693636223,8.408445209291814,-1.3735993988860453,0.005173335204796792,95.99898565162057,-3.45477624342354e-07,0.0009939899645985868,-3.091181562007848e-06,-0.5941980636877755,-62.10945875614927,0.09489696038894306,0.00021974525607064784,0.04948772793185566,23449.9,0.05958889953806614,0.0121,index_dividend_yield,0.065,12.46,65,23270.3,23390.4,23231.4,23477.8,mid_price,ok
2026-09-11T08:29:15.011941+00:00,2026-09-11T13:59:15.011941+05:30,NIFTY,29-Sep-2026,22450.0,CE,23380.85,863.5,650,1035.75,65,0.0,949.625,2,0,0,0,17.21,0.8741332901383748,0.00023027122298015793,-7.883296944721845,10.721082655701236,-1.3299173838881018,0.005585298579063424,79.45893481153732,-3.040009469461784e-07,0.0003687011331254288,-7.507925689142168e-07,-0.6283517046269367,19.54677367749166,-0.8638033784073937,0.0002497626928937744,0.04948772793185566,23449.9,0.05958889953806614,0.0121,index_dividend_yield,0.065,12.46,65,23270.3,23390.4,23231.4,23477.8,mid_price,wide_quote_low_liquidity
2026-09-11T08:29:15.011941+00:00,2026-09-11T13:59:15.011941+05:30,NIFTY,29-Sep-2026,22450.0,PE,23380.85,33.2,65,33.4,65,33.7,33.3,743,108,1815,36.99186991869919,15.25,-0.09817554543078563,0.00021826079403912082,-3.4618191560862512,9.004584563386599,-1.4278139695764678,0.00528509133834805,95.9275831295736,-3.6320025916600423e-07,0.0008940634166146604,-2.566234933725403e-06,-0.6042122047843641,-61.6108863994569,0.1039057707703607,0.00023673563273271715,0.04948772793185566,23449.9,0.05958889953806614,0.0121,index_dividend_yield,0.065,12.46,65,23270.3,23390.4,23231.4,23477.8,mid_price,ok
2026-09-11T08:29:15.011941+00:00,2026-09-11T13:59:15.011941+05:30,NIFTY,29-Sep-2026,22500.0,CE,23380.85,977.3,130,980.1,65,977.4,978.7,8741,455,2027,-2.67848252514189,0,,,,,,,,,,,,,,,0.04948772793185566,23449.9,0.05958889953806614,0.0121,index_dividend_yield,0.065,12.46,65,23270.3,23390.4,23231.4,23477.8,mid_price,no_nse_iv
2026-09-11T08:29:15.011941+00:00,2026-09-11T13:59:15.011941+05:30,NIFTY,29-Sep-2026,22500.0,PE,23380.85,36.2,390,36.35,260,36.65,36.275000000000006,47002,10910,59946,33.51548269581056,15.04,-0.10691590500162806,0.00023546416230144944,-3.6190295667974457,9.580557008383508,-1.4810099688054648,0.0053651239528026,95.73273482528677,-3.8225344151069486e-07,0.0007873780516309934,-2.0064032171047865e-06,-0.6118712086885019,-61.38485329950077,0.11291146177251518,0.0002542613636903705,0.04948772793185566,23449.9,0.05958889953806614,0.0121,index_dividend_yield,0.065,12.46,65,23270.3,23390.4,23231.4,23477.8,mid_price,ok
2026-09-11T08:29:15.011941+00:00,2026-09-11T13:59:15.011941+05:30,NIFTY,29-Sep-2026,22550.0,CE,23380.85,785.15,650,945.55,65,0.0,865.3499999999999,3,0,0,0,14.99,0.8805157639629105,0.0002548425486350198,-7.105327114839559,10.334552575467749,-1.5201637101704968,0.00547434091792931,93.31943730823333,-3.944586593237719e-07,0.0006012168281101574,-1.1826862340450829e-06,-0.619952724266934,22.007793060206982,-0.871474777305141,0.0002739677472542421,0.04948772793185566,23449.9,0.05958889953806614,0.0121,index_dividend_yield,0.065,12.46,65,23270.3,23390.4,23231.4,23477.8,mid_price,wide_quote_low_liquidity
2026-09-11T08:29:15.011941+00:00,2026-09-11T13:59:15.011941+05:30,NIFTY,29-Sep-2026,22550.0,PE,23380.85,39.25,65,39.45,455,39.3,39.35,2188,1691,4599,33.673469387755105,14.76,-0.11537130790445145,0.0002533702608368258,-3.7348233329989835,10.117194573987959,-1.5356094748347828,0.005412593610836083,95.69538499469931,-4.0398834886014104e-07,0.0006800689892105577,-1.4340064891128223e-06,-0.6172147419567047,-61.551270937760584,0.12156559467243518,0.00027238496850108036,0.04948772793185566,23449.9,0.05958889953806614,0.0121,index_dividend_yield,0.065,12.46,65,23270.3,23390.4,23231.4,23477.8,mid_price,ok
2026-09-11T08:29:15.011941+00:00,2026-09-11T13:59:15.011941+05:30,NIFTY,29-Sep-2026,22600.0,CE,23380.85,886.05,650,892.35,325,866.9,889.2,25,10,33,-20.46788990825688,0,,,,,,,,,,,,,,,0.04948772793185566,23449.9,0.05958889953806614,0.0121,index_dividend_yield,0.065,12.46,65,23270.3,23390.4,23231.4,23477.8,mid_price,no_nse_iv
2026-09-11T08:29:15.011941+00:00,2026-09-11T13:59:15.011941+05:30,NIFTY,29-Sep-2026,22600.0,PE,23380.85,42.8,195,43,715,42.9,42.9,10402,3429,19828,28.635682158920538,14.57,-0.12603784694292014,0.00027315992176267143,-3.9067635379585712,10.76699813565682,-1.580663577702042,0.0054462792070500005,94.134683577761,-4.2173128552806105e-07,0.0005135178425084031,-6.671496443394942e-07,-0.6222399659826436,-61.15137658349009,0.13252485768413536,0.000292361844210932,0.04948772793185566,23449.9,0.05958889953806614,0.0121,index_dividend_yield,0.065,12.46,65,23270.3,23390.4,23231.4,23477.8,mid_price,ok
2026-09-11T08:29:15.011941+00:00,2026-09-11T13:59:15.011941+05:30,NIFTY,29-Sep-2026,22650.0,CE,23380.85,825.85,65,849.25,65,821,837.55,3,0,21,-39.68557155451072,0,,,,,,,,,,,,,,,0.04948772793185566,23449.9,0.05958889953806614,0.0121,index_dividend_yield,0.065,12.46,65,23270.3,23390.4,23231.4,23477.8,mid_price,no_nse_iv
2026-09-11T08:29:15.011941+00:00,2026-09-11T13:59:15.011941+05:30,NIFTY,29-Sep-2026,22650.0,PE,23380.85,46.65,65,46.9,65,47.25,46.775,2232,589,2809,27.530364372469634,14.5,-0.13958325879714448,0.00029446882835257413,-4.153637445859805,11.551155678542802,-1.60751039100053,0.005450918481937572,90.45436180306865,-4.319700166279228e-07,0.0002752114670817943,3.33119721038081e-07,-0.6263095959309819,-60.01459702723961,0.1464880762630247,0.0003137787344370553,0.04948772793185566,23449.9,0.05958889953806614,0.0121,index_dividend_yield,0.065,12.46,65,23270.3,23390.4,23231.4,23477.8,mid_price,ok
2026-09-11T08:29:15.011941+00:00,2026-09-11T13:59:15.011941+05:30,NIFTY,29-Sep-2026,22700.0,CE,23380.85,794.6,65,799.5,65,797,797.05,150,121,178,-1.6413673947920524,8.39,0.9578751146177661,0.0002035405951354482,-4.185753323598577,4.619884385321473,-1.8146164344755022,0.0035565411529363544,163.56262110663567,-8.180794447867578e-07,0.004780865141140332,-8.361723025215e-06,-0.44541310594649364,29.974632123602586,-0.9536903713619803,0.00021593344672535782,0.04948772793185566,23449.9,0.05958889953806614,0.0121,index_dividend_yield,0.065,12.46,65,23270.3,23390.4,23231.4,23477.8,mid_price,ok
2026-09-11T08:29:15.011941+00:00,2026-09-11T13:59:15.011941+05:30,NIFTY,29-Sep-2026,22700.0,PE,23380.85,51.2,2210,51.45,520,51.4,51.325,11686,971,23615,31.626120358514726,14.18,-0.15010276106149364,0.00031621179849434427,-4.242327680052816,12.13032418361019,-1.6513814024341904,0.00540681509995225,88.95402380846295,-4.540009911632882e-07,8.897557935065126e-05,1.1627256776729276e-06,-0.6268557569064743,-60.323142943721585,0.1571677962694911,0.0003354647926555877,0.04948772793185566,23449.9,0.05958889953806614,0.0121,index_dividend_yield,0.065,12.46,65,23270.3,23390.4,23231.4,23477.8,mid_price,ok
2026-09-11T08:29:15.011941+00:00,2026-09-11T13:59:15.011941+05:30,NIFTY,29-Sep-2026,22750.0,CE,23380.85,742.05,260,759.9,65,712,750.9749999999999,6,3,6,-19.60252935862692,9.13,0.9307703351721365,0.0002784360743774606,-4.7666480466318,6.877243255044034,-2.122092381793894,0.004451017718542505,163.99650020640567,-8.769086556447716e-07,0.003590733012952431,-6.118332457241909e-06,-0.5316873128752739,30.894757701737227,-0.9256177458806216,0.00029409205461430654,0.04948772793185566,23449.9,0.05958889953806614,0.0121,index_dividend_yield,0.065,12.46,65,23270.3,23390.4,23231.4,23477.8,mid_price,ok
2026-09-11T08:29:15.011941+00:00,2026-09-11T13:59:15.011941+05:30,NIFTY,29-Sep-2026,22750.0,PE,23380.85,56.35,65,56.75,65,57.15,56.55,2371,487,2284,30.47945205479452,14.01,-0.16413742847443005,0.0003394265116652814,-4.4214274443885575,12.864769300375494,-1.6701738300466533,0.0053229765734361945,84.89227181077119,-4.657195037259295e-07,-0.0001828215955998957,2.2600545114432333e-06,-0.6264865185439952,-59.714649472611306,0.1715138218664484,0.00035851187899914636,0.04948772793185566,23449.9,0.05958889953806614,0.0121,index_dividend_yield,0.065,12.46,65,23270.3,23390.4,23231.4,23477.8,mid_price,ok
2026-09-11T08:29:15.011941+00:00,2026-09-11T13:59:15.011941+05:30,NIFTY,29-Sep-2026,22800.0,CE,23380.85,705.05,65,708.9,650,694.45,706.9749999999999,3448,3234,4097,-6.584611245628195,8.49,0.9300111965208323,0.00030197462311266936,-4.665026689667121,6.935794940585831,-2.2947177642426153,0.004401091189762729,176.6557419000496,-1.016448376162342e-06,0.004135532494936979,-6.28432582575457e-06,-0.5281500728652047,33.26307479814146,-0.9250324934832356,0.0003175567476064481,0.04948772793185566,23449.9,0.05958889953806614,0.0121,index_dividend_yield,0.065,12.46,65,23270.3,23390.4,23231.4,23477.8,mid_price,ok
2026-09-11T08:29:15.011941+00:00,2026-09-11T13:59:15.011941+05:30,NIFTY,29-Sep-2026,22800.0,PE,23380.85,62.2,520,62.4,1300,62.25,62.3,21076,2760,34098,26.653102746693794,13.85,-0.1794969327701597,0.00036353380692294603,-4.601151922309266,13.621115772557506,-1.6754148044083594,0.005187000933215585,79.90191532258616,-4.7383219917742935e-07,-0.0004921955021343057,3.4648973419621355e-06,-0.6242238215445148,-59.017662529631295,0.18718866758670707,0.0003822924329915249,0.04948772793185566,23449.9,0.05958889953806614,0.0121,index_dividend_yield,0.065,12.46,65,23270.3,23390.4,23231.4,23477.8,mid_price,ok
2026-09-11T08:29:15.011941+00:00,2026-09-11T13:59:15.011941+05:30,NIFTY,29-Sep-2026,22850.0,CE,23380.85,652.5,130,672.1,65,613.75,662.3,6,1,7,-61.055236524001394,8.26,0.9189194541899345,0.00034756093522671444,-4.781723092368574,7.766567317872374,-2.50014626552697,0.004570067683688506,182.26140673809388,-1.1352056625350508e-06,0.003949817201499259,-5.1824479824671e-06,-0.5456139754640548,35.45133839238509,-0.9137449713283865,0.00036389755677984745,0.04948772793185566,23449.9,0.05958889953806614,0.0121,index_dividend_yield,0.065,12.46,65,23270.3,23390.4,23231.4,23477.8,mid_price,ok
2026-09-11T08:29:15.011941+00:00,2026-09-11T13:59:15.011941+05:30,NIFTY,29-Sep-2026,22850.0,PE,23380.85,69,65,69.35,650,69.4,69.175,1672,-21,2996,25.72463768115942,13.79,-0.19773286022912415,0.0003875594171456721,-4.834748623569897,14.458414352429468,-1.65024680382167,0.0049811654744717215,72.9033077028296,-4.7078534844621236e-07,-0.0008561833266854905,4.834906337903709e-06,-0.6200671803489257,-57.725397715148695,0.20583156338122413,0.00040577611207754543,0.04948772793185566,23449.9,0.05958889953806614,0.0121,index_dividend_yield,0.065,12.46,65,23270.3,23390.4,23231.4,23477.8,mid_price,ok
2026-09-11T08:29:15.011941+00:00,2026-09-11T13:59:15.011941+05:30,NIFTY,29-Sep-2026,22900.0,CE,23380.85,621.65,65,625.1,65,620,623.375,306,205,482,-2.9658032709914703,9.96,0.8565255086014478,0.000435523554215471,-6.034790425350635,11.735162089328417,-2.367079564547625,0.005080059542154847,131.3886435064715,-9.018293259573516e-07,0.0005039750498691924,1.6618305919328209e-06,-0.6048074607925766,34.60733865768779,-0.8492411588264385,0.000454005667593583,0.04948772793185566,23449.9,0.05958889953806614,0.0121,index_dividend_yield,0.065,12.46,65,23270.3,23390.4,23231.4,23477.8,mid_price,ok
2026-09-11T08:29:15.011941+00:00,2026-09-11T13:59:15.011941+05:30,NIFTY,29-Sep-2026,22900.0,PE,23380.85,76.35,260,76.55,65,76.7,76.44999999999999,11649,369,20629,26.047658175842233,13.57,-0.214579815847301,0.0004134035928293135,-4.958026210060618,15.176520077487686,-1.6342072771876326,0.004732318530659085,67.16862122735989,-4.753441454918904e-07,-0.001216747278698756,6.152020128884553e-06,-0.6143822452760634,-57.31016668532402,0.22290832727362156,0.0004309470115483161,0.04948772793185566,23449.9,0.05958889953806614,0.0121,index_dividend_yield,0.065,12.46,65,23270.3,23390.4,23231.4,23477.8,mid_price,ok
2026-09-11T08:29:15.011941+00:00,2026-09-11T13:59:15.011941+05:30,NIFTY,29-Sep-2026,22950.0,CE,23380.85,578.95,65,584.1,65,567,581.5250000000001,108,97,131,-4.769902586496473,9.14,0.8534721518189309,0.00048140732108374574,-5.809957273494182,11.903563491965906,-2.5873840817531857,0.004944613133473497,141.81044946042132,-1.0675917599359856e-06,0.0004688124889645046,2.442818019835315e-06,-0.5985162362476455,37.89494079210371,-0.846549866709192,0.0004996523130347976,0.04948772793185566,23449.9,0.05958889953806614,0.0121,index_dividend_yield,0.065,12.46,65,23270.3,23390.4,23231.4,23477.8,mid_price,ok
2026-09-11T08:29:15.011941+00:00,2026-09-11T13:59:15.011941+05:30,NIFTY,29-Sep-2026,22950.0,PE,23380.85,84.1,195,84.4,65,84.3,84.25,3194,794,5117,26.292134831460675,13.43,-0.23405140575617586,0.00043882523345984965,-5.116702370249451,15.943575094460408,-1.5868804292299281,0.004406256190921748,59.85193244944842,-4.68833298557849e-07,-0.0016201325567058748,7.581496370835432e-06,-0.6072807710953771,-56.416987276567355,0.2426718326783043,0.00045545639485218044,0.04948772793185566,23449.9,0.05958889953806614,0.0121,index_dividend_yield,0.065,12.46,65,23270.3,23390.4,23231.4,23477.8,mid_price,ok
2026-09-11T08:29:15.011941+00:00,2026-09-11T13:59:15.011941+05:30,NIFTY,29-Sep-2026,23000.0,CE,23380.85,540.05,390,541.95,130,540.25,541.0,12496,1242,14267,-3.475075933535823,9.78,0.8117232485098568,0.0005293176375963355,-6.4540480364750605,14.004684413958906,-2.379606268243517,0.00467690155558842,109.67674820354034,-9.266130694826978e-07,-0.0012665783262385535,6.570027926376394e-06,-0.6014878416341194,38.44725782618741,-0.8037020853850902,0.0005469923907405863,0.04948772793185566,23449.9,0.05958889953806614,0.0121,index_dividend_yield,0.065,12.46,65,23270.3,23390.4,23231.4,23477.8,mid_price,ok
2026-09-11T08:29:15.011941+00:00,2026-09-11T13:59:15.011941+05:30,NIFTY,29-Sep-2026,23000.0,PE,23380.85,94.45,520,94.85,260,94.6,94.65,98634.23076923077,7136.384615384615,104416,22.69779507133593,13.32,-0.2553058182931045,0.000463647999996388,-5.275852208184274,16.707471231975145,-1.5139709525366363,0.004004245791667249,51.77062984998493,-4.541599831718326e-07,-0.002044167673786242,9.044704076366101e-06,-0.5991424855141716,-55.33822378219541,0.26422329687179846,0.0004791299400711136,0.04948772793185566,23449.9,0.05958889953806614,0.0121,index_dividend_yield,0.065,12.46,65,23270.3,23390.4,23231.4,23477.8,mid_price,ok
2026-09-11T08:29:15.011941+00:00,2026-09-11T13:59:15.011941+05:30,NIFTY,29-Sep-2026,23050.0,CE,23380.85,499.05,65,503.95,130,482.85,501.5,122,114,185,-5.202709335427506,9.12,0.7995247598025464,0.0005898345905793311,-6.303980188401562,14.552686802343596,-2.5198813714183976,0.0043907910146002704,110.3195351218682,-1.0473350902639358e-06,-0.001995745431594676,8.604548783194724e-06,-0.5933896294361833,42.072601862870364,-0.7917245800277015,0.0006068885863824567,0.04948772793185566,23449.9,0.05958889953806614,0.0121,index_dividend_yield,0.065,12.46,65,23270.3,23390.4,23231.4,23477.8,mid_price,ok
2026-09-11T08:29:15.011941+00:00,2026-09-11T13:59:15.011941+05:30,NIFTY,29-Sep-2026,23050.0,PE,23380.85,103.6,195,104.4,910,104.9,104.0,2444,785,4427,19.954259576901087,13.14,-0.2768522599843864,0.0004896824441994286,-5.372188557694789,17.407163393904323,-1.432702999878993,0.003544186899279822,44.09663594469393,-4.390872812117826e-07,-0.0024862165758707385,1.0498385951334646e-05,-0.5906476556269666,-54.60311932386628,0.28596912180719425,0.0005038407226076837,0.04948772793185566,23449.9,0.05958889953806614,0.0121,index_dividend_yield,0.065,12.46,65,23270.3,23390.4,23231.4,23477.8,mid_price,ok
2026-09-11T08:29:15.011941+00:00,2026-09-11T13:59:15.011941+05:30,NIFTY,29-Sep-2026,23100.0,CE,23380.85,462.65,65,464.8,195,459.75,463.725,1077,757,2439,-5.5857890953896705,10.22,0.7443027545030786,0.0006040284980431572,-7.171267913493025,16.700383004883825,-1.9960978469323876,0.0036262928650435673,68.32635998615366,-7.576035627773868e-07,-0.003439018156800057,1.2285569297495872e-05,-0.5850113036618829,41.099128023844656,-0.7350218727351677,0.0006188053512468579,0.04948772793185566,23449.9,0.05958889953806614,0.0121,index_dividend_yield,0.065,12.46,65,23270.3,23390.4,23231.4,23477.8,mid_price,ok
2026-09-11T08:29:15.011941+00:00,2026-09-11T13:59:15.011941+05:30,NIFTY,29-Sep-2026,23100.0,PE,23380.85,115.15,65,115.55,520,115.35,115.35,12825,612,17128,20.722135007849293,13.02,-0.3006214020347457,0.0005137346722040376,-5.479590245234007,18.095390852602854,-1.3177425611086147,0.0029998339820115345,35.7860271378847,-4.122566499644666e-07,-0.0029298471453451775,1.19219829955204e-05,-0.5820539497045765,-53.528397343369896,0.309960751008514,0.000526302592196892,0.04948772793185566,23449.9,0.05958889953806614,0.0121,index_dividend_yield,0.065,12.46,65,23270.3,23390.4,23231.4,23477.8,mid_price,ok
2026-09-11T08:29:15.011941+00:00,2026-09-11T13:59:15.011941+05:30,NIFTY,29-Sep-2026,23150.0,CE,23380.85,424,65,429.85,65,426,426.925,321,229,642,-2.595175488738996,9.91,0.7185659990990187,0.000653812985150432,-7.175298407059954,17.52852218409874,-1.897070249849031,0.003013629434850728,57.221134259622275,-7.459662090255199e-07,-0.004463325502128358,1.4762032702720176e-05,-0.5748161697723688,43.98058610160998,-0.70923030528978,0.0006669175443153655,0.04948772793185566,23449.9,0.05958889953806614,0.0121,index_dividend_yield,0.065,12.46,65,23270.3,23390.4,23231.4,23477.8,mid_price,ok
2026-09-11T08:29:15.011941+00:00,2026-09-11T13:59:15.011941+05:30,NIFTY,29-Sep-2026,23150.0,PE,23380.85,127.1,65,127.85,260,128.35,127.475,4371,434,3314,18.404059040590408,12.86,-0.3252035030710032,0.0005380307575638629,-5.535540210907076,18.71829031077577,-1.1867306671317635,0.002391759099498292,27.941723937033203,-3.814334230150565e-07,-0.003380744782747287,1.3290798704276873e-05,-0.5741148498446123,-52.62899254381062,0.33468719553581444,0.0005488146606908822,0.04948772793185566,23449.9,0.05958889953806614,0.0121,index_dividend_yield,0.065,12.46,65,23270.3,23390.4,23231.4,23477.8,mid_price,ok
2026-09-11T08:29:15.011941+00:00,2026-09-11T13:59:15.011941+05:30,NIFTY,29-Sep-2026,23200.0,CE,23380.85,388.7,65,389.95,65,390,389.325,6574,5253,21692,-4.376609047443913,9.99,0.6833776624440071,0.0006843769638018733,-7.36832770696306,18.496049429689172,-1.623641059823766,0.002194529016236735,40.39732216100944,-6.436051986119855e-07,-0.0053561970148074435,1.6974829610416392e-05,-0.5654365835134065,45.79956412562477,-0.6736674029391359,0.0006950883415451959,0.04948772793185566,23449.9,0.05958889953806614,0.0121,index_dividend_yield,0.065,12.46,65,23270.3,23390.4,23231.4,23477.8,mid_price,ok
2026-09-11T08:29:15.011941+00:00,2026-09-11T13:59:15.011941+05:30,NIFTY,29-Sep-2026,23200.0,PE,23380.85,141,130,141.45,130,141.25,141.225,21612,1487,30617,17.268576172685762,12.84,-0.35258456418211176,0.0005558845645042651,-5.6394359494948745,19.309354023995212,-1.0097544932898272,0.0016945186108388022,19.84229889472111,-3.330672940426519e-07,-0.0037582700338385246,1.4447128143640451e-05,-0.5674246960454852,-51.040024359048815,0.36229490319098007,0.0005645848713044971,0.04948772793185566,23449.9,0.05958889953806614,0.0121,index_dividend_yield,0.065,12.46,65,23270.3,23390.4,23231.4,23477.8,mid_price,ok
2026-09-11T08:29:15.011941+00:00,2026-09-11T13:59:15.011941+05:30,NIFTY,29-Sep-2026,23250.0,CE,23380.85,356.15,130,357.65,130,355.65,356.9,8648,8460,17285,-4.931836407377706,10.26,0.6446664457409338,0.0006971790369072488,-7.623190669401191,19.351284025609246,-1.2662822712747879,0.0012559695973796137,24.502914278103916,-5.036191801090537e-07,-0.005912778931121162,1.846944160455654e-05,-0.5589469642973768,46.91504445744558,-0.634476120828897,0.0007050485065532949,0.04948772793185566,23449.9,0.05958889953806614,0.0121,index_dividend_yield,0.065,12.46,65,23270.3,23390.4,23231.4,23477.8,mid_price,ok
2026-09-11T08:29:15.011941+00:00,2026-09-11T13:59:15.011941+05:30,NIFTY,29-Sep-2026,23250.0,PE,23380.85,155.65,195,156.15,260,156.2,155.9,12579,10138,25995,15.57528671846097,12.63,-0.3792058832931798,0.0005789961368689835,-5.6000394806982925,19.783226488728744,-0.8398817577277562,0.0009624460253740974,13.410615771306311,-2.905129493653678e-07,-0.004192030487102781,1.5597934449299087e-05,-0.5625734860392733,-50.323440738564884,0.38891781918348184,0.0005855316066451274,0.04948772793185566,23449.9,0.05958889953806614,0.0121,index_dividend_yield,0.065,12.46,65,23270.3,23390.4,23231.4,23477.8,mid_price,ok
2026-09-11T08:29:15.011941+00:00,2026-09-11T13:59:15.011941+05:30,NIFTY,29-Sep-2026,23300.0,CE,23380.85,320.55,260,321.45,65,320.25,321.0,14092,11660,52189,-5.683993520836401,9.98,0.6118272925972457,0.000737509320330046,-7.523327994632178,19.912058559760233,-1.0083460438277125,0.00030714115071117654,14.950902476442707,-4.2522897757222735e-07,-0.006836721467178561,2.029135886351982e-05,-0.5548235694041033,50.21700211852982,-0.6017243620224122,0.0007426364517639218,0.04948772793185566,23449.9,0.05958889953806614,0.0121,index_dividend_yield,0.065,12.46,65,23270.3,23390.4,23231.4,23477.8,mid_price,ok
2026-09-11T08:29:15.011941+00:00,2026-09-11T13:59:15.011941+05:30,NIFTY,29-Sep-2026,23300.0,PE,23380.85,172.7,130,173.2,325,173,172.95,39127,5562,61570,15.564462257849032,12.66,-0.40878871815582807,0.0005896808125503811,-5.657229377141153,20.196160283095157,-0.6191872057523806,0.0001585063904914752,7.408729809172954,-2.2731871743380364e-07,-0.004441765765909335,1.6290024505051818e-05,-0.5604866382068607,-48.52393187151096,0.4186609064196757,0.0005937802468851601,0.04948772793185566,23449.9,0.05958889953806614,0.0121,index_dividend_yield,0.065,12.46,65,23270.3,23390.4,23231.4,23477.8,mid_price,ok
2026-09-11T08:29:15.011941+00:00,2026-09-11T13:59:15.011941+05:30,NIFTY,29-Sep-2026,23350.0,CE,23380.85,289.85,130,290.9,65,290.3,290.375,3390,2820,10410,-4.616395597174306,10.01,0.5742135433936757,0.0007523724757393582,-7.545598611003229,20.37441196157477,-0.6485817570657249,-0.0007333540513120296,6.342307989188001,-2.956291519123453e-07,-0.0072826960320568086,2.1132969435722656e-05,-0.5560030194945043,52.377400427928954,-0.5639947075695856,0.0007543618567970894,0.04948772793185566,23449.9,0.05958889953806614,0.0121,index_dividend_yield,0.065,12.46,65,23270.3,23390.4,23231.4,23477.8,mid_price,ok
2026-09-11T08:29:15.011941+00:00,2026-09-11T13:59:15.011941+05:30,NIFTY,29-Sep-2026,23350.0,PE,23380.85,190.5,455,191.2,130,191.5,190.85,3640,-301,10983,14.226066209364747,12.56,-0.43817991596296074,0.0006030311824147768,-5.600484324911719,20.490262193888633,-0.39829953053058254,-0.0006731564898220244,3.2095927203794616,-1.65752112097009e-07,-0.004707034272168552,1.6876641516467422e-05,-0.5612561014004136,-47.299163081276184,0.4480350884139594,0.0006046256836095983,0.04948772793185566,23449.9,0.05958889953806614,0.0121,index_dividend_yield,0.065,12.46,65,23270.3,23390.4,23231.4,23477.8,mid_price,ok
2026-09-11T08:29:15.011941+00:00,2026-09-11T13:59:15.011941+05:30,NIFTY,29-Sep-2026,23400.0,CE,23380.85,260.05,390,260.65,325,260.4,260.35,23088,5170,39713,-5.515239477503629,9.98,0.5363854467740444,0.0007648334424438955,-7.481530638547886,20.649784178443298,-0.27825660223507187,-0.0018056733415875437,1.333652329135404,-1.6347567651483922e-07,-0.007615022442781453,2.1530429956864022e-05,-0.5622380290409374,54.896291024146635,-0.5261835911947434,0.0007635821119117985,0.04948772793185566,23449.9,0.05958889953806614,0.0121,index_dividend_yield,0.065,12.46,65,23270.3,23390.4,23231.4,23477.8,mid_price,ok
2026-09-11T08:29:15.011941+00:00,2026-09-11T13:59:15.011941+05:30,NIFTY,29-Sep-2026,23400.0,PE,23380.85,210.85,195,211.45,390,211.95,211.14999999999998,28780,1438,33688,13.009864036256998,12.53,-0.4684408718549714,0.000609891118882809,-5.540589869750153,20.673855988690917,-0.16055877147250208,-0.0015256506670388579,0.6554625966916916,-9.754194105741314e-08,-0.004848417388613586,1.7092488067842236e-05,-0.5654770355518295,-45.79985934962689,0.4782771387514207,0.0006088932867588969,0.04948772793185566,23449.9,0.05958889953806614,0.0121,index_dividend_yield,0.065,12.46,65,23270.3,23390.4,23231.4,23477.8,mid_price,ok
2026-09-11T08:29:15.011941+00:00,2026-09-11T13:59:15.011941+05:30,NIFTY,29-Sep-2026,23450.0,CE,23380.85,231.85,130,232.5,65,232.1,232.175,1983,-226,5349,-5.688744412840308,9.93,0.49805289243861006,0.0007719479155832275,-7.351852470361525,20.73745008954511,0.10529437451364809,-0.002889573057858863,0.02264283140362977,-2.533651331921178e-08,-0.007773841617778867,2.1380327876467284e-05,-0.5740265106306488,57.63067623277472,-0.48796755565597405,0.000767401945956815,0.04948772793185566,23449.9,0.05958889953806614,0.0121,index_dividend_yield,0.065,12.46,65,23270.3,23390.4,23231.4,23477.8,mid_price,ok
2026-09-11T08:29:15.011941+00:00,2026-09-11T13:59:15.011941+05:30,NIFTY,29-Sep-2026,23450.0,PE,23380.85,232.4,260,233.25,65,233.6,232.825,3351,-509,5436,12.741312741312742,12.48,-0.4989811448817329,0.0006142224186681786,-5.426295944097811,20.737593425979803,0.08293168608633494,-0.0023850681213185565,-0.007781269756534925,-2.71094500429148e-08,-0.0049222003992652474,1.7037085142738257e-05,-0.5731823302264552,-44.397276944889214,0.5087155971463811,0.0006106052880266408,0.04948772793185566,23449.9,0.05958889953806614,0.0121,index_dividend_yield,0.065,12.46,65,23270.3,23390.4,23231.4,23477.8,mid_price,ok
2026-09-11T08:29:15.011941+00:00,2026-09-11T13:59:15.011941+05:30,NIFTY,29-Sep-2026,23500.0,CE,23380.85,205,390,205.6,520,205.1,205.3,45481,8614,100301,-7.005214237134437,9.85,0.4592825729343569,0.0007742219830857695,-7.149990445990226,20.630978921256784,0.49721244970069023,-0.003965186833641443,2.626469524432906,1.1809486013485287e-07,-0.0077623424090566455,2.0676840143553105e-05,-0.5914803427283424,60.67969319885038,-0.44942332221122056,0.0007663909456901475,0.04948772793185566,23449.9,0.05958889953806614,0.0121,index_dividend_yield,0.065,12.46,65,23270.3,23390.4,23231.4,23477.8,mid_price,ok
2026-09-11T08:29:15.011941+00:00,2026-09-11T13:59:15.011941+05:30,NIFTY,29-Sep-2026,23500.0,PE,23380.85,255.8,260,256.25,325,256.05,256.025,73503,2116,87848,12.081418253447143,12.42,-0.5297383213942696,0.000615438309494094,-5.262954025200418,20.678747429304437,0.32985223661324836,-0.0032380670345032443,1.2938646425038058,4.52047835814164e-08,-0.004917026944008555,1.6687850787674833e-05,-0.584408545370227,-43.04572457635205,0.5392964489540928,0.0006092133242551864,0.04948772793185566,23449.9,0.05958889953806614,0.0121,index_dividend_yield,0.065,12.46,65,23270.3,23390.4,23231.4,23477.8,mid_price,ok
2026-09-11T08:29:15.011941+00:00,2026-09-11T13:59:15.011941+05:30,NIFTY,29-Sep-2026,23550.0,CE,23380.85,181.25,65,182.05,130,180.4,181.65,3075,-13,4590,-6.818181818181818,9.88,0.4213190640995228,0.0007608196406631237,-6.9614172360496465,20.33558949777966,0.8700917167606681,-0.004945230842440584,8.955942501428282,2.546318226006001e-07,-0.007366236805356164,1.9183484005825743e-05,-0.613325804312332,63.12166445806752,-0.4116661295356971,0.0007499295796048981,0.04948772793185566,23449.9,0.05958889953806614,0.0121,index_dividend_yield,0.065,12.46,65,23270.3,23390.4,23231.4,23477.8,mid_price,ok
2026-09-11T08:29:15.011941+00:00,2026-09-11T13:59:15.011941+05:30,NIFTY,29-Sep-2026,23550.0,PE,23380.85,280.85,260,282.05,65,282,281.45000000000005,2991,-913,3132,11.661057216392793,12.46,-0.5599753985775761,0.0006081657435264953,-5.116723588832201,20.500200210364266,0.5677555395521838,-0.004038908642967076,4.481776646965585,1.1494206593176271e-07,-0.004748280092885519,1.5920138214657706e-05,-0.5985718025564317,-41.39621726547362,0.5693833761271754,0.0005994607078957747,0.04948772793185566,23449.9,0.05958889953806614,0.0121,index_dividend_yield,0.065,12.46,65,23270.3,23390.4,23231.4,23477.8,mid_price,ok
2026-09-11T08:29:15.011941+00:00,2026-09-11T13:59:15.011941+05:30,NIFTY,29-Sep-2026,23600.0,CE,23380.85,159,130,159.6,65,159.5,159.3,21271,5716,36345,-7.3213248111563045,9.84,0.38351607903015333,0.0007457002321966838,-6.682388962393475,19.850775746357357,1.2317443047637489,-0.005870908900720505,18.943649180640065,3.8961664504108255e-07,-0.0068672328968996015,1.727356411908201e-05,-0.6393532399879938,66.12174935235794,-0.37420845229359756,0.0007319153640199838,0.04948772793185566,23449.9,0.05958889953806614,0.0121,index_dividend_yield,0.065,12.46,65,23270.3,23390.4,23231.4,23477.8,mid_price,ok
2026-09-11T08:29:15.011941+00:00,2026-09-11T13:59:15.011941+05:30,NIFTY,29-Sep-2026,23600.0,PE,23380.85,309.65,65,310.45,390,309.5,310.04999999999995,24306,-2842,17762,10.319016218142934,12.59,-0.5889020365830372,0.0005935545737663527,-4.987907879752317,20.216431212226542,0.7830772158152755,-0.004761431169317265,9.190432114138503,1.7671503036339077e-07,-0.00444491634760336,1.4821906087523736e-05,-0.6146374371818091,-39.5526253494077,0.5981842978713522,0.0005825822403785196,0.04948772793185566,23449.9,0.05958889953806614,0.0121,index_dividend_yield,0.065,12.46,65,23270.3,23390.4,23231.4,23477.8,mid_price,ok
2026-09-11T08:29:15.011941+00:00,2026-09-11T13:59:15.011941+05:30,NIFTY,29-Sep-2026,23650.0,CE,23380.85,139.4,195,139.85,130,139.15,139.625,3803,25,7382,-6.296296296296297,9.9,0.3481223680086685,0.0007176395130336025,-6.425605749164566,19.22027706557862,1.5374247296682797,-0.0066352755730398885,31.17611278113941,5.008163078901955e-07,-0.006085294031113117,1.4860802969222473e-05,-0.6662069983729246,68.42190408793199,-0.33913056797715246,0.0007013981952216561,0.04948772793185566,23449.9,0.05958889953806614,0.0121,index_dividend_yield,0.065,12.46,65,23270.3,23390.4,23231.4,23477.8,mid_price,ok
2026-09-11T08:29:15.011941+00:00,2026-09-11T13:59:15.011941+05:30,NIFTY,29-Sep-2026,23650.0,PE,23380.85,338.6,130,340.8,195,339.9,339.70000000000005,3377,-443,1187,9.134692567025205,12.71,-0.616811237402923,0.0005769004984326709,-4.820931960558566,19.836478283808468,0.9793285121039719,-0.005422587246786237,15.184628462288075,2.3224265752036503e-07,-0.004097551854501656,1.355737135050794e-05,-0.6322344798370452,-37.838933768945665,0.6259070402039995,0.0005638443272342538,0.04948772793185566,23449.9,0.05958889953806614,0.0121,index_dividend_yield,0.065,12.46,65,23270.3,23390.4,23231.4,23477.8,mid_price,ok
2026-09-11T08:29:15.011941+00:00,2026-09-11T13:59:15.011941+05:30,NIFTY,29-Sep-2026,23700.0,CE,23380.85,120.75,390,121,260,121,120.875,25003,6715,40234,-7.2796934865900385,9.88,0.31302901454447335,0.0006891845603416998,-6.080356249345341,18.420889207199266,1.823749841926181,-0.007314612137575782,46.176930748059064,6.091225089229399e-07,-0.00524821903313046,1.216396759127602e-05,-0.6947736199394541,71.40517931090903,-0.30448888124932405,0.000670748080993994,0.04948772793185566,23449.9,0.05958889953806614,0.0121,index_dividend_yield,0.065,12.46,65,23270.3,23390.4,23231.4,23477.8,mid_price,ok
2026-09-11T08:29:15.011941+00:00,2026-09-11T13:59:15.011941+05:30,NIFTY,29-Sep-2026,23700.0,PE,23380.85,369.75,390,370.95,130,370.45,370.35,21437,-279,11004,8.382094792276185,12.63,-0.6459012626404182,0.0005656521003891223,-4.494989031881699,19.3272854570968,1.186948868466542,-0.006089758072266304,23.172220245598396,2.948062883705275e-07,-0.0038006346601795376,1.2213344443119168e-05,-0.6528563723681025,-36.692314730008015,0.6545695251865834,0.0005505202563709687,0.04948772793185566,23449.9,0.05958889953806614,0.0121,index_dividend_yield,0.065,12.46,65,23270.3,23390.4,23231.4,23477.8,mid_price,ok
2026-09-11T08:29:15.011941+00:00,2026-09-11T13:59:15.011941+05:30,NIFTY,29-Sep-2026,23750.0,CE,23380.85,105.15,130,105.55,65,104.6,105.35,4365,-210,7884,-6.272401433691757,9.92,0.28072105163890965,0.0006530253766404563,-5.7477268973213835,17.5250730499139,2.045769377056139,-0.007822960824147962,61.74255467335321,6.908223758751273e-07,-0.00428236970283273,9.290749181479997e-06,-0.7209078809329875,73.91510512761155,-0.27261890636685904,0.0006328829878059508,0.04948772793185566,23449.9,0.05958889953806614,0.0121,index_dividend_yield,0.065,12.46,65,23270.3,23390.4,23231.4,23477.8,mid_price,ok
2026-09-11T08:29:15.011941+00:00,2026-09-11T13:59:15.011941+05:30,NIFTY,29-Sep-2026,23750.0,PE,23380.85,403.2,65,406.55,65,404.5,404.875,3330,-123,923,7.938625750500334,12.66,-0.6729508104203196,0.0005473844371926286,-4.210162243919872,18.74753865943304,1.359140072845877,-0.006642119857579676,31.756486238951,3.4514660781864566e-07,-0.003396647588203134,1.0657117462832175e-05,-0.6730221371888234,-35.314144842004,0.6812509638096375,0.0005305005141931686,0.04948772793185566,23449.9,0.05958889953806614,0.0121,index_dividend_yield,0.065,12.46,65,23270.3,23390.4,23231.4,23477.8,mid_price,ok
2026-09-11T08:29:15.011941+00:00,2026-09-11T13:59:15.011941+05:30,NIFTY,29-Sep-2026,23800.0,CE,23380.85,91,130,91.35,650,90.95,91.175,45074,-171,52167,-7.004089979550102,10,0.2513038881531742,0.0006124728680640215,-5.424347994826455,16.56933051511744,2.205093628568036,-0.008172737645926076,76.8415659965207,7.466584571653848e-07,-0.0032843059474458084,6.435262638713459e-06,-0.7431765740452184,76.04609687100348,-0.24363166197052327,0.0005910898909167794,0.04948772793185566,23449.9,0.05958889953806614,0.0121,index_dividend_yield,0.065,12.46,65,23270.3,23390.4,23231.4,23477.8,mid_price,ok
2026-09-11T08:29:15.011941+00:00,2026-09-11T13:59:15.011941+05:30,NIFTY,29-Sep-2026,23800.0,PE,23380.85,439.8,65,441.45,65,441.05,440.625,30407,-3067,8580,10.001247038284076,13.05,-0.6936321810551629,0.0005164573191077815,-4.149232249845215,18.233206668906238,1.4409176189088546,-0.006980173555763746,38.026401551690014,3.5924776489797185e-07,-0.0028805086771821085,9.11457299057443e-06,-0.6877251742278574,-33.27755759349723,0.7018931404884261,0.0004984264876573781,0.04948772793185566,23449.9,0.05958889953806614,0.0121,index_dividend_yield,0.065,12.46,65,23270.3,23390.4,23231.4,23477.8,mid_price,ok
2026-09-11T08:29:15.011941+00:00,2026-09-11T13:59:15.011941+05:30,NIFTY,29-Sep-2026,23850.0,CE,23380.85,78.6,130,79,910,78.7,78.8,4134,389,7053,-6.973995271867612,10.04,0.22315763423376922,0.0005714937794556362,-5.058333091674696,15.522559271012193,2.3289083565682795,-0.00840314773761383,92.20450833249139,7.923936344194184e-07,-0.0022973004634508406,3.576551444410135e-06,-0.7621197993375795,78.54832614632794,-0.21598279370776338,0.0005492313670843397,0.04948772793185566,23449.9,0.05958889953806614,0.0121,index_dividend_yield,0.065,12.46,65,23270.3,23390.4,23231.4,23477.8,mid_price,ok
2026-09-11T08:29:15.011941+00:00,2026-09-11T13:59:15.011941+05:30,NIFTY,29-Sep-2026,23850.0,PE,23380.85,476.2,65,479.65,650,486.2,477.92499999999995,1651,-244,592,8.866995073891626,13.01,-0.7191234791727411,0.0004975451769775773,-3.776588751838033,17.51168448162135,1.579841772513968,-0.0074012604943453075,47.78688600488579,4.0110376770357835e-07,-0.0024666386230479576,7.449653452984515e-06,-0.7073156084225047,-32.18830174395433,0.7268793765588272,0.0004781634158781386,0.04948772793185566,23449.9,0.05958889953806614,0.0121,index_dividend_yield,0.065,12.46,65,23270.3,23390.4,23231.4,23477.8,mid_price,ok
2026-09-11T08:29:15.011941+00:00,2026-09-11T13:59:15.011941+05:30,NIFTY,29-Sep-2026,23900.0,CE,23380.85,67.5,390,67.8,780,67.3,67.65,28933,1507,32778,-7.808219178082192,10.06,0.19667125555904316,0.0005295298480374975,-4.669506398269684,14.41141193416765,2.411446525686561,-0.00850432978912935,107.01453507637915,8.249190756444343e-07,-0.0013312906598422552,7.937764017896653e-07,-0.7760961799780741,81.266470593037,-0.19003169992309218,0.0005067750609084464,0.04948772793185566,23449.9,0.05958889953806614,0.0121,index_dividend_yield,0.065,12.46,65,23270.3,23390.4,23231.4,23477.8,mid_price,ok
2026-09-11T08:29:15.011941+00:00,2026-09-11T13:59:15.011941+05:30,NIFTY,29-Sep-2026,23900.0,PE,23380.85,515.1,65,516.95,260,518.05,516.0250000000001,15589,-805,5539,6.594650205761317,13.21,,,,,,,,,,,,,,,0.04948772793185566,,,,,,12.46,65,23270.3,23390.4,23231.4,23477.8,mid_price,no_price_available
2026-09-11T08:29:15.011941+00:00,2026-09-11T13:59:15.011941+05:30,NIFTY,29-Sep-2026,23950.0,CE,23380.85,58.35,195,58.75,390,58.35,58.55,4061,-44,4242,-7.159904534606206,10.17,0.17451943867732642,0.00048636044112971064,-4.349645049804768,13.38126905398733,2.4251648967405224,-0.008470585999028724,118.08060144549515,8.25260757471487e-07,-0.0004901160519714084,-1.5263917367606093e-06,-0.7826277748711874,82.99875808344008,-0.16831943557309653,0.0004635192760661817,0.04948772793185566,23449.9,0.05958889953806614,0.0121,index_dividend_yield,0.065,12.46,65,23270.3,23390.4,23231.4,23477.8,mid_price,ok
2026-09-11T08:29:15.011941+00:00,2026-09-11T13:59:15.011941+05:30,NIFTY,29-Sep-2026,23950.0,PE,23380.85,554.1,65,559.9,325,557.8,557.0,2110,-105,179,8.839024390243903,13.5,,,,,,,,,,,,,,,0.04948772793185566,,,,,,12.46,65,23270.3,23390.4,23231.4,23477.8,mid_price,no_price_available
2026-09-11T08:29:15.011941+00:00,2026-09-11T13:59:15.011941+05:30,NIFTY,29-Sep-2026,24000.0,CE,23380.85,50.55,845,50.75,390,50.5,50.65,131714,3952,112543,-6.654343807763401,10.29,0.1547282755226629,0.00044461656875560706,-4.042142944295608,12.377106387907382,2.402435063172448,-0.008345352370201092,126.96087288722512,8.11890282479996e-07,0.00024033243287022383,-3.5359002051253805e-06,-0.7834435918700553,84.55616648299852,-0.14895392811049704,0.00042197211315532924,0.04948772793185566,23449.9,0.05958889953806614,0.0121,index_dividend_yield,0.065,12.46,65,23270.3,23390.4,23231.4,23477.8,mid_price,ok
2026-09-11T08:29:15.011941+00:00,2026-09-11T13:59:15.011941+05:30,NIFTY,29-Sep-2026,24000.0,PE,23380.85,597.3,195,599.6,195,599.05,598.45,94409.76923076923,-5320.846153846154,18568,8.474422815753735,13.84,,,,,,,,,,,,,,,0.04948772793185566,,,,,,12.46,65,23270.3,23390.4,23231.4,23477.8,mid_price,no_price_available
2026-09-11T08:29:15.011941+00:00,2026-09-11T13:59:15.011941+05:30,NIFTY,29-Sep-2026,24050.0,CE,23380.85,43.7,130,43.95,65,43.2,43.825,3294,-742,4757,-6.695464362850972,10.4,0.1366897440234179,0.00040473570559281045,-3.7347881397806044,11.387357755734852,2.353662797088027,-0.008143298870767424,134.05011102578968,7.904122133129559e-07,0.0008732649069123817,-5.282762777581937e-06,-0.7788305806664493,86.16291938733895,-0.13134431517478604,0.0003825268721107232,0.04948772793185566,23449.9,0.05958889953806614,0.0121,index_dividend_yield,0.065,12.46,65,23270.3,23390.4,23231.4,23477.8,mid_price,ok
2026-09-11T08:29:15.011941+00:00,2026-09-11T13:59:15.011941+05:30,NIFTY,29-Sep-2026,24050.0,PE,23380.85,640.8,65,645.9,715,649.4,643.3499999999999,1521,-93,237,7.757404795486601,14.97,,,,,,,,,,,,,,,0.04948772793185566,,,,,,12.46,65,23270.3,23390.4,23231.4,23477.8,mid_price,no_price_available
2026-09-11T08:29:15.011941+00:00,2026-09-11T13:59:15.011941+05:30,NIFTY,29-Sep-2026,24100.0,CE,23380.85,37.6,650,37.8,1430,37.7,37.7,28838,811,35856,-5.985037406483791,10.49,0.1200567891413669,0.00036669196377820307,-3.4228345066774226,10.40626753334181,2.284224393261543,-0.00787168461660083,139.52884936307353,7.635922533171382e-07,0.001421514377078839,-6.7958189051198e-06,-0.7687288681630645,87.94717988482668,-0.11514989855197821,0.0003451341221549375,0.04948772793185566,23449.9,0.05958889953806614,0.0121,index_dividend_yield,0.065,12.46,65,23270.3,23390.4,23231.4,23477.8,mid_price,ok
2026-09-11T08:29:15.011941+00:00,2026-09-11T13:59:15.011941+05:30,NIFTY,29-Sep-2026,24100.0,PE,23380.85,684.7,65,687.65,65,690,686.175,14575,-997,2563,6.039649608114338,14.83,,,,,,,,,,,,,,,0.04948772793185566,,,,,,12.46,65,23270.3,23390.4,23231.4,23477.8,mid_price,no_price_available
2026-09-11T08:29:15.011941+00:00,2026-09-11T13:59:15.011941+05:30,NIFTY,29-Sep-2026,24150.0,CE,23380.85,32.65,1170,32.85,195,32.95,32.75,4371,306,5391,-5.179856115107913,10.64,0.10649876155963818,0.00033189896696330333,-3.16965797211201,9.553568789644425,2.1900463154179013,-0.007571481394403972,141.82609771551034,7.241486284126796e-07,0.0018082748998471962,-7.85044658809295e-06,-0.7546330171580083,88.9530015817667,-0.10194778071493801,0.0003110944203508497,0.04948772793185566,23449.9,0.05958889953806614,0.0121,index_dividend_yield,0.065,12.46,65,23270.3,23390.4,23231.4,23477.8,mid_price,ok
2026-09-11T08:29:15.011941+00:00,2026-09-11T13:59:15.011941+05:30,NIFTY,29-Sep-2026,24150.0,PE,23380.85,728.7,65,736.7,65,741.15,732.7,2486,-43,205,6.007294571980262,15.65,,,,,,,,,,,,,,,0.04948772793185566,,,,,,12.46,65,23270.3,23390.4,23231.4,23477.8,mid_price,no_price_available
2026-09-11T08:29:15.011941+00:00,2026-09-11T13:59:15.011941+05:30,NIFTY,29-Sep-2026,24200.0,CE,23380.85,28.8,650,28.9,325,28.8,28.85,53095,-1748,38818,-5.728314238952537,10.82,0.0950687764697979,0.0003004421181739969,-2.9517140474867585,8.79439934010632,2.0843727176508007,-0.0072576960052788955,142.0092623760061,6.796112716153383e-07,0.0020751546464283497,-8.579774263403161e-06,-0.7377771942307696,89.52209871002543,-0.09082476462696662,0.0002804469199014558,0.04948772793185566,23449.9,0.05958889953806614,0.0121,index_dividend_yield,0.065,12.46,65,23270.3,23390.4,23231.4,23477.8,mid_price,ok
2026-09-11T08:29:15.011941+00:00,2026-09-11T13:59:15.011941+05:30,NIFTY,29-Sep-2026,24200.0,PE,23380.85,775.65,65,778.1,325,791.55,776.875,28910,-1285,3253,7.598722218446272,15.51,,,,,,,,,,,,,,,0.04948772793185566,,,,,,12.46,65,23270.3,23390.4,23231.4,23477.8,mid_price,no_price_available
2026-09-11T08:29:15.011941+00:00,2026-09-11T13:59:15.011941+05:30,NIFTY,29-Sep-2026,24250.0,CE,23380.85,25.25,520,25.45,195,25.3,25.35,5753,396,8509,-6.469500924214418,10.97,0.08433387388070934,0.0002710759019747925,-2.7247692128458163,8.044807295522116,1.9746199658792138,-0.00691163465036454,141.34410766224326,6.367531872497566e-07,0.00229203432253899,-9.170864161636802e-06,-0.7173083399497219,90.38254251891165,-0.08041160912020809,0.0002519927331705082,0.04948772793185566,23449.9,0.05958889953806614,0.0121,index_dividend_yield,0.065,12.46,65,23270.3,23390.4,23231.4,23477.8,mid_price,ok
2026-09-11T08:29:15.011941+00:00,2026-09-11T13:59:15.011941+05:30,NIFTY,29-Sep-2026,24250.0,PE,23380.85,821.8,65,828.15,715,837.45,824.9749999999999,2579,-81,253,5.260180995475113,15.61,,,,,,,,,,,,,,,0.04948772793185566,,,,,,12.46,65,23270.3,23390.4,23231.4,23477.8,mid_price,no_price_available
2026-09-11T08:29:15.011941+00:00,2026-09-11T13:59:15.011941+05:30,NIFTY,29-Sep-2026,24300.0,CE,23380.85,22.5,1235,22.55,130,22.6,22.525,67594,-2668,33002,-5.241090146750524,11.2,0.07630233435864532,0.00024616891969331744,-2.5674593556975354,7.458806641577162,1.8628481106753927,-0.006606562768118371,138.5655238935488,5.894989722858249e-07,0.0023756082338163708,-9.40848740498565e-06,-0.6977808039145224,90.20760025988939,-0.07260233256096259,0.00022789839359472127,0.04948772793185566,23449.9,0.05958889953806614,0.0121,index_dividend_yield,0.065,12.46,65,23270.3,23390.4,23231.4,23477.8,mid_price,ok
2026-09-11T08:29:15.011941+00:00,2026-09-11T13:59:15.011941+05:30,NIFTY,29-Sep-2026,24300.0,PE,23380.85,871.2,325,872.3,65,872.8,871.75,49616,-1034,2958,5.0743393727803525,16.05,,,,,,,,,,,,,,,0.04948772793185566,,,,,,12.46,65,23270.3,23390.4,23231.4,23477.8,mid_price,no_price_available
2026-09-11T08:29:15.011941+00:00,2026-09-11T13:59:15.011941+05:30,NIFTY,29-Sep-2026,24350.0,CE,23380.85,19.9,1495,20,520,19.95,19.95,6990,-191,5089,-5.673758865248227,11.35,0.06777609516376115,0.0002218190551641482,-2.3664387289268225,6.811030405466345,1.7506937443653656,-0.0062491840226786685,135.88427454933384,5.47948203020498e-07,0.0024713928110438213,-9.660466083410892e-06,-0.6734860969047194,90.93447714176777,-0.06436288669620509,0.00020451327874739146,0.04948772793185566,23449.9,0.05958889953806614,0.0121,index_dividend_yield,0.065,12.46,65,23270.3,23390.4,23231.4,23477.8,mid_price,ok
2026-09-11T08:29:15.011941+00:00,2026-09-11T13:59:15.011941+05:30,NIFTY,29-Sep-2026,24350.0,PE,23380.85,918,65,922.7,65,920,920.35,4950,-114,221,6.125273964701811,16.52,,,,,,,,,,,,,,,0.04948772793185566,,,,,,12.46,65,23270.3,23390.4,23231.4,23477.8,mid_price,no_price_available
2026-09-11T08:29:15.011941+00:00,2026-09-11T13:59:15.011941+05:30,NIFTY,29-Sep-2026,24400.0,CE,23380.85,17.9,130,18,1885,17.75,17.95,44122,308,17209,-6.332453825857519,11.58,0.06153227463348728,0.00020169060561082592,-2.2310351783927027,6.318475936355655,1.6442715281663223,-0.005951418963374186,131.85546996441434,5.051901703830818e-07,0.0024674883896241544,-9.654861499851437e-06,-0.6520645826764886,90.6443119464204,-0.05831168894717078,0.00018519387062984814,0.04948772793185566,23449.9,0.05958889953806614,0.0121,index_dividend_yield,0.065,12.46,65,23270.3,23390.4,23231.4,23477.8,mid_price,ok
2026-09-11T08:29:15.011941+00:00,2026-09-11T13:59:15.011941+05:30,NIFTY,29-Sep-2026,24400.0,PE,23380.85,960.45,65,966.45,65,965,963.45,30144,-615,1439,4.516408534604137,16.76,,,,,,,,,,,,,,,0.04948772793185566,,,,,,12.46,65,23270.3,23390.4,23231.4,23477.8,mid_price,no_price_available
2026-09-11T08:29:15.011941+00:00,2026-09-11T13:59:15.011941+05:30,NIFTY,29-Sep-2026,24450.0,CE,23380.85,16,1950,16.15,585,15.95,16.075,3780,-30,1852,-5.341246290801187,11.78,0.055520639975161365,0.00018289024815141565,-2.086136736104976,5.8284616875968425,1.5404097033113011,-0.005640185717216105,127.65239100931991,4.659874742458955e-07,0.0024532699597852644,-9.607275863570476e-06,-0.6286576087309967,90.66286437600185,-0.052507225251745206,0.00016724510427701446,0.04948772793185566,23449.9,0.05958889953806614,0.0121,index_dividend_yield,0.065,12.46,65,23270.3,23390.4,23231.4,23477.8,mid_price,ok
2026-09-11T08:29:15.011941+00:00,2026-09-11T13:59:15.011941+05:30,NIFTY,29-Sep-2026,24450.0,PE,23380.85,1011.35,65,1023.5,65,1036.3,1017.425,1338,-3,35,6.347170198573554,17.67,,,,,,,,,,,,,,,0.04948772793185566,,,,,,12.46,65,23270.3,23390.4,23231.4,23477.8,mid_price,no_price_available
2026-09-11T08:29:15.011941+00:00,2026-09-11T13:59:15.011941+05:30,NIFTY,29-Sep-2026,24500.0,CE,23380.85,14.7,1365,14.8,1430,14.8,14.75,91432,-2008,50548,-4.823151125401929,12.04,0.05104330147509427,0.0001674037532363656,-1.9878585558681185,5.452677149988778,1.4464314311777893,-0.005385454214890839,122.97087544450757,4.2853642165045517e-07,0.002385158907460119,-9.426019346408252e-06,-0.6087190596014489,89.94109061103964,-0.04817006908281382,0.00015245919187188969,0.04948772793185566,23449.9,0.05958889953806614,0.0121,index_dividend_yield,0.065,12.46,65,23270.3,23390.4,23231.4,23477.8,mid_price,ok
2026-09-11T08:29:15.011941+00:00,2026-09-11T13:59:15.011941+05:30,NIFTY,29-Sep-2026,24500.0,PE,23380.85,1057.55,65,1062.15,65,1058.5,1059.85,48369,-1056,4351,3.891642538155764,18.2,,,,,,,,,,,,,,,0.04948772793185566,,,,,,12.46,65,23270.3,23390.4,23231.4,23477.8,mid_price,no_price_available
2026-09-11T08:29:15.011941+00:00,2026-09-11T13:59:15.011941+05:30,NIFTY,29-Sep-2026,24550.0,CE,23380.85,13.15,1755,13.35,195,13.2,13.25,3023,-387,1899,-5.376344086021505,12.24,0.04623210150300003,0.0001521379201033361,-1.8613818622453295,5.0377544915784185,1.3526430241884677,-0.005096141615089457,118.3545111463915,3.947227066823845e-07,0.0023314665964696882,-9.257827174848619e-06,-0.5852933169719998,89.87642755145419,-0.04354048096823393,0.00013799236982993453,0.04948772793185566,23449.9,0.05958889953806614,0.0121,index_dividend_yield,0.065,12.46,65,23270.3,23390.4,23231.4,23477.8,mid_price,ok
2026-09-11T08:29:15.011941+00:00,2026-09-11T13:59:15.011941+05:30,NIFTY,29-Sep-2026,24550.0,PE,23380.85,1102.95,65,1133.55,65,1154.2,1118.25,824,-12,32,6.969416126042632,18.14,,,,,,,,,,,,,,,0.04948772793185566,,,,,,12.46,65,23270.3,23390.4,23231.4,23477.8,mid_price,no_price_available
2026-09-11T08:29:15.011941+00:00,2026-09-11T13:59:15.011941+05:30,NIFTY,29-Sep-2026,24600.0,CE,23380.85,12.05,1560,12.15,520,12.1,12.100000000000001,24868,-913,11790,-3.9682539682539684,12.46,0.04219625697114446,0.0001388427079711572,-1.7552234887951552,4.6801440914007335,1.265996412647536,-0.00483471320041845,113.61825550191851,3.632968163955111e-07,0.0022564720619969547,-9.031561538740558e-06,-0.5633918548726067,89.54841992504967,-0.03965719619310203,0.00012542192227129006,0.04948772793185566,23449.9,0.05958889953806614,0.0121,index_dividend_yield,0.065,12.46,65,23270.3,23390.4,23231.4,23477.8,mid_price,ok
2026-09-11T08:29:15.011941+00:00,2026-09-11T13:59:15.011941+05:30,NIFTY,29-Sep-2026,24600.0,PE,23380.85,1154.5,65,1161.85,65,1178.85,1158.175,10495,-225,1177,6.509757860498735,19.57,,,,,,,,,,,,,,,0.04948772793185566,,,,,,12.46,65,23270.3,23390.4,23231.4,23477.8,mid_price,no_price_available
2026-09-11T08:29:15.011941+00:00,2026-09-11T13:59:15.011941+05:30,NIFTY,29-Sep-2026,24650.0,CE,23380.85,11.25,260,11.35,195,11.3,11.3,2631,-162,2120,-4.641350210970464,12.71,0.038944535228307646,0.0001275337117884535,-1.6729584428140831,4.385192439975673,1.1880050744771802,-0.004609693065403389,108.92474587533263,3.3445036122357775e-07,0.0021645437337479557,-8.76407049865322e-06,-0.5439854447659682,88.86184704286076,-0.03652371036084052,0.0001147391805490879,0.04948772793185566,23449.9,0.05958889953806614,0.0121,index_dividend_yield,0.065,12.46,65,23270.3,23390.4,23231.4,23477.8,mid_price,ok
2026-09-11T08:29:15.011941+00:00,2026-09-11T13:59:15.011941+05:30,NIFTY,29-Sep-2026,24650.0,PE,23380.85,1205.55,195,1231.6,715,1267.15,1218.5749999999998,577,-2,9,7.185755371341567,20.44,,,,,,,,,,,,,,,0.04948772793185566,,,,,,12.46,65,23270.3,23390.4,23231.4,23477.8,mid_price,no_price_available
2026-09-11T08:29:15.011941+00:00,2026-09-11T13:59:15.011941+05:30,NIFTY,29-Sep-2026,24700.0,CE,23380.85,10.5,1300,10.6,3705,10.55,10.55,24396,-1640,16690,-4.524886877828054,13.01,0.036584854196372044,0.00011839619794744334,-1.6229207928746758,4.167092674626914,1.120977028163276,-0.004436060659738714,104.4526425794099,3.083802172936365e-07,0.0020577862754572636,-8.469204163972434e-06,-0.528654938211635,87.63069185235175,-0.03423577892340657,0.00010608755515764444,0.04948772793185566,23449.9,0.05958889953806614,0.0121,index_dividend_yield,0.065,12.46,65,23270.3,23390.4,23231.4,23477.8,mid_price,ok
2026-09-11T08:29:15.011941+00:00,2026-09-11T13:59:15.011941+05:30,NIFTY,29-Sep-2026,24700.0,PE,23380.85,1252.65,65,1258.25,130,1275.85,1255.45,3708,-90,204,5.1120448179271705,19.73,,,,,,,,,,,,,,,0.04948772793185566,,,,,,12.46,65,23270.3,23390.4,23231.4,23477.8,mid_price,no_price_available
2026-09-11T08:29:15.011941+00:00,2026-09-11T13:59:15.011941+05:30,NIFTY,29-Sep-2026,24750.0,CE,23380.85,9.75,845,9.8,195,9.75,9.775,4160,163,5384,-5.797101449275362,13.22,0.0335049382922985,0.0001084028808326592,-1.5306740027790038,3.876951654615884,1.0490875893765794,-0.004204379704489877,99.92768551774955,2.842564154256565e-07,0.001974152313264891,-8.198981887943556e-06,-0.507752238742357,87.34570907943929,-0.031289102093866816,9.674109719848422e-05,0.04948772793185566,23449.9,0.05958889953806614,0.0121,index_dividend_yield,0.065,12.46,65,23270.3,23390.4,23231.4,23477.8,mid_price,ok
2026-09-11T08:29:15.011941+00:00,2026-09-11T13:59:15.011941+05:30,NIFTY,29-Sep-2026,24750.0,PE,23380.85,1299.9,65,1333.1,585,1335.4,1316.5,455,0,21,5.0296905108340875,21.35,,,,,,,,,,,,,,,0.04948772793185566,,,,,,12.46,65,23270.3,23390.4,23231.4,23477.8,mid_price,no_price_available
2026-09-11T08:29:15.011941+00:00,2026-09-11T13:59:15.011941+05:30,NIFTY,29-Sep-2026,24800.0,CE,23380.85,8.9,1625,9,1625,8.95,8.95,16410,-4755,16935,-3.763440860215054,13.48,0.03123046096799213,0.00010032068984269996,-1.4694365731370436,3.658461663589875,0.987560787653205,-0.004022987830075639,95.68008315977173,2.625254465236725e-07,0.0018795429210269091,-7.912907058896758e-06,-0.49100080092240805,86.52625617665727,-0.02910305352411209,8.916773593826765e-05,0.04948772793185566,23449.9,0.05958889953806614,0.0121,index_dividend_yield,0.065,12.46,65,23270.3,23390.4,23231.4,23477.8,mid_price,ok
2026-09-11T08:29:15.011941+00:00,2026-09-11T13:59:15.011941+05:30,NIFTY,29-Sep-2026,24800.0,PE,23380.85,1350.2,65,1356.15,130,1372.15,1353.1750000000002,5435,-3,218,4.720293062657407,21.6,,,,,,,,,,,,,,,0.04948772793185566,,,,,,12.46,65,23270.3,23390.4,23231.4,23477.8,mid_price,no_price_available
2026-09-11T08:29:15.011941+00:00,2026-09-11T13:59:15.011941+05:30,NIFTY,29-Sep-2026,24850.0,CE,23380.85,8.25,1365,8.35,650,8.35,8.3,3972,-212,2319,-3.468208092485549,13.68,0.02861737338229129,9.194327775057277e-05,-1.3841090683138844,3.4027041124464508,0.9237221600524835,-0.0038076247890587622,91.34496163897055,2.421477324915623e-07,0.0017961519071406015,-7.630553042234912e-06,-0.4706856430232418,86.30246588546106,-0.02661350368727743,8.139313705717068e-05,0.04948772793185566,23449.9,0.05958889953806614,0.0121,index_dividend_yield,0.065,12.46,65,23270.3,23390.4,23231.4,23477.8,mid_price,ok
2026-09-11T08:29:15.011941+00:00,2026-09-11T13:59:15.011941+05:30,NIFTY,29-Sep-2026,24850.0,PE,23380.85,1390,195,1426,715,1453.05,1408.0,214,-3,15,5.259154623492339,23,,,,,,,,,,,,,,,0.04948772793185566,,,,,,12.46,65,23270.3,23390.4,23231.4,23477.8,mid_price,no_price_available
2026-09-11T08:29:15.011941+00:00,2026-09-11T13:59:15.011941+05:30,NIFTY,29-Sep-2026,24900.0,CE,23380.85,7.8,3055,7.9,65,7.85,7.85,7920,-2103,6662,-5.9880239520958085,13.97,0.027046939661867577,8.58991349980275e-05,-1.345721602228392,3.246409518599179,0.8742673854894908,-0.0036701087274574745,87.57176096624875,2.2443319161534271e-07,0.001702284318432965,-7.35078269114203e-06,-0.4574535208685808,85.1741314626283,-0.025098629691329054,7.573745155384194e-05,0.04948772793185566,23449.9,0.05958889953806614,0.0121,index_dividend_yield,0.065,12.46,65,23270.3,23390.4,23231.4,23477.8,mid_price,ok
2026-09-11T08:29:15.011941+00:00,2026-09-11T13:59:15.011941+05:30,NIFTY,29-Sep-2026,24900.0,PE,23380.85,1448.8,65,1454.9,130,1475.95,1451.85,1179,-5,57,5.075997579468195,21.33,,,,,,,,,,,,,,,0.04948772793185566,,,,,,12.46,65,23270.3,23390.4,23231.4,23477.8,mid_price,no_price_available
2026-09-11T08:29:15.011941+00:00,2026-09-11T13:59:15.011941+05:30,NIFTY,29-Sep-2026,24950.0,CE,23380.85,7.45,390,7.55,1300,7.55,7.5,1410,-308,1285,-8.484848484848484,14.25,0.025534185719837458,8.025554294054438e-05,-1.3056632350175632,3.093912363365518,0.8274513626041584,-0.0035341369509261956,83.95062411998234,2.0825226396418775e-07,0.0016145006752527914,-7.08077430359236e-06,-0.4441776504193524,84.15806174560906,-0.02364396959238579,7.047815535093215e-05,0.04948772793185566,23449.9,0.05958889953806614,0.0121,index_dividend_yield,0.065,12.46,65,23270.3,23390.4,23231.4,23477.8,mid_price,ok
2026-09-11T08:29:15.011941+00:00,2026-09-11T13:59:15.011941+05:30,NIFTY,29-Sep-2026,24950.0,PE,23380.85,1470.05,650,1526.3,715,1562.45,1498.175,77,-2,4,12.812274368231048,23.42,,,,,,,,,,,,,,,0.04948772793185566,,,,,,12.46,65,23270.3,23390.4,23231.4,23477.8,mid_price,no_price_available
2026-09-11T08:29:15.011941+00:00,2026-09-11T13:59:15.011941+05:30,NIFTY,29-Sep-2026,25000.0,CE,23380.85,7.05,5525,7.1,2535,7.1,7.074999999999999,86812,-3290,28912,-10.126582278481013,14.53,0.02415492073161309,7.512747865262281e-05,-1.2683998912546603,2.9531297890906627,0.7840976460418182,-0.0034065782811025895,80.51978970380902,1.935392002764364e-07,0.0015313946381029539,-6.821063027510831e-06,-0.43154555392752814,83.15495038248822,-0.022318835567534227,6.571119842087818e-05,0.04948772793185566,23449.9,0.05958889953806614,0.0121,index_dividend_yield,0.065,12.46,65,23270.3,23390.4,23231.4,23477.8,mid_price,ok
2026-09-11T08:29:15.011941+00:00,2026-09-11T13:59:15.011941+05:30,NIFTY,29-Sep-2026,25000.0,PE,23380.85,1551.05,65,1555.8,65,1556.85,1553.425,32046.30769230769,-933,1993,2.7216943784639747,22.37,,,,,,,,,,,,,,,0.04948772793185566,,,,,,12.46,65,23270.3,23390.4,23231.4,23477.8,mid_price,no_price_available
2026-09-11T08:29:15.011941+00:00,2026-09-11T13:59:15.011941+05:30,NIFTY,29-Sep-2026,25050.0,CE,23380.85,6.65,1430,6.75,2470,6.7,6.7,1375,-147,1105,-11.258278145695364,14.76,0.022523985165636477,6.973126681332854e-05,-1.2128121011119446,2.7844025258175686,0.7386918727153614,-0.0032527701210540473,76.99326268858586,1.7954596277813842e-07,0.0014557679514644831,-6.561338809804248e-06,-0.41608650638785116,82.61276138112233,-0.020768672197597454,6.074809817074391e-05,0.04948772793185566,23449.9,0.05958889953806614,0.0121,index_dividend_yield,0.065,12.46,65,23270.3,23390.4,23231.4,23477.8,mid_price,ok
2026-09-11T08:29:15.011941+00:00,2026-09-11T13:59:15.011941+05:30,NIFTY,29-Sep-2026,25050.0,PE,23380.85,1577.8,130,1634.55,65,0.0,1606.175,60,0,0,0,11.04,,,,,,,,,,,,,,,0.04948772793185566,,,,,,12.46,65,23270.3,23390.4,23231.4,23477.8,mid_price,no_price_available
2026-09-11T08:29:15.011941+00:00,2026-09-11T13:59:15.011941+05:30,NIFTY,29-Sep-2026,25100.0,CE,23380.85,6.3,1365,6.4,2015,6.4,6.35,5458,-505,2988,-9.859154929577464,15.02,0.02124854932132948,6.523277973973541e-05,-1.1729772596411456,2.650659390021265,0.6995190560545785,-0.0031278810035224834,73.79854491481153,1.670908647813087e-07,0.0013818911984980883,-6.3161460709249405e-06,-0.40334118670983043,81.7998066872024,-0.01955122185751254,5.660294578619268e-05,0.04948772793185566,23449.9,0.05958889953806614,0.0121,index_dividend_yield,0.065,12.46,65,23270.3,23390.4,23231.4,23477.8,mid_price,ok
2026-09-11T08:29:15.011941+00:00,2026-09-11T13:59:15.011941+05:30,NIFTY,29-Sep-2026,25100.0,PE,23380.85,1644.3,65,1656.35,130,1707.8,1650.3249999999998,1450,-24,55,5.798537975467724,24.6,,,,,,,,,,,,,,,0.04948772793185566,,,,,,12.46,65,23270.3,23390.4,23231.4,23477.8,mid_price,no_price_available
2026-09-11T08:29:15.011941+00:00,2026-09-11T13:59:15.011941+05:30,NIFTY,29-Sep-2026,25150.0,CE,23380.85,6,130,6.15,1625,6.05,6.075,628,-84,354,-12.949640287769784,15.27,0.02001493807163653,6.099519102301613e-05,-1.1318486477773593,2.5197226461228563,0.6621306673313277,-0.003003953375577177,70.70893334228833,1.5558400451281708e-07,0.0013122230856979725,-6.0777505712618645e-06,-0.39052279825808434,81.07824342650433,-0.018377514070778395,5.27157279856021e-05,0.04948772793185566,23449.9,0.05958889953806614,0.0121,index_dividend_yield,0.065,12.46,65,23270.3,23390.4,23231.4,23477.8,mid_price,ok
2026-09-11T08:29:15.011941+00:00,2026-09-11T13:59:15.011941+05:30,NIFTY,29-Sep-2026,25150.0,PE,23380.85,1660.05,65,1732.5,65,1757.85,1696.275,19,-2,3,99.74433270836884,25.15,,,,,,,,,,,,,,,0.04948772793185566,,,,,,12.46,65,23270.3,23390.4,23231.4,23477.8,mid_price,no_price_available
2026-09-11T08:29:15.011941+00:00,2026-09-11T13:59:15.011941+05:30,NIFTY,29-Sep-2026,25200.0,CE,23380.85,5.7,130,5.75,910,5.7,5.725,8221,50,6109,-14.285714285714286,15.56,0.019136878405935354,5.762084472022141e-05,-1.1085638408260783,2.4255337379287543,0.6312313036139563,-0.0029126264909637954,68.01562552176388,1.4552724667892533e-07,0.0012454674585093087,-5.861118217070128e-06,-0.3809624170204313,80.02517996599886,-0.017533543145261066,4.960199343727875e-05,0.04948772793185566,23449.9,0.05958889953806614,0.0121,index_dividend_yield,0.065,12.46,65,23270.3,23390.4,23231.4,23477.8,mid_price,ok
2026-09-11T08:29:15.011941+00:00,2026-09-11T13:59:15.011941+05:30,NIFTY,29-Sep-2026,25200.0,PE,23380.85,1738.3,130,1753.65,65,1775,1745.975,1274,-111,215,3.0568699741632073,21.78,,,,,,,,,,,,,,,0.04948772793185566,,,,,,12.46,65,23270.3,23390.4,23231.4,23477.8,mid_price,no_price_available
2026-09-11T08:29:15.011941+00:00,2026-09-11T13:59:15.011941+05:30,NIFTY,29-Sep-2026,25250.0,CE,23380.85,5.5,130,5.6,1690,5.5,5.55,1326,-31,594,-15.384615384615385,15.84,0.018267481492039436,5.440621133724094e-05,-1.083188395733678,2.331426711040047,0.6015732943657499,-0.0028206626792398326,65.4148487139119,1.3621378993766863e-07,0.0011830516198141077,-5.652071859322046e-06,-0.37123906501661974,79.07342542021955,-0.016701299753918555,4.664942667907352e-05,0.04948772793185566,23449.9,0.05958889953806614,0.0121,index_dividend_yield,0.065,12.46,65,23270.3,23390.4,23231.4,23477.8,mid_price,ok
2026-09-11T08:29:15.011941+00:00,2026-09-11T13:59:15.011941+05:30,NIFTY,29-Sep-2026,25250.0,PE,23380.85,1685.95,975,1833.2,130,1829.75,1759.575,29,-1,1,45.103092783505154,22.93,,,,,,,,,,,,,,,0.04948772793185566,,,,,,12.46,65,23270.3,23390.4,23231.4,23477.8,mid_price,no_price_available
2026-09-11T08:29:15.011941+00:00,2026-09-11T13:59:15.011941+05:30,NIFTY,29-Sep-2026,25300.0,CE,23380.85,5.2,1950,5.3,1300,5.2,5.25,7425,-404,2252,-15.447154471544716,16.07,0.017179757567803697,5.089076154246035e-05,-1.041471024626915,2.2124472913898656,0.5694318729181167,-0.0027041347070886,62.6574006309335,1.2710596885465213e-07,0.0011245654010063632,-5.4359364530736265e-06,-0.35877900658640854,78.53262600330024,-0.015674409162123995,4.346287980544501e-05,0.04948772793185566,23449.9,0.05958889953806614,0.0121,index_dividend_yield,0.065,12.46,65,23270.3,23390.4,23231.4,23477.8,mid_price,ok
2026-09-11T08:29:15.011941+00:00,2026-09-11T13:59:15.011941+05:30,NIFTY,29-Sep-2026,25300.0,PE,23380.85,1833.95,130,1859.35,130,1870.35,1846.65,466,-20,26,5.487718902456219,27.97,,,,,,,,,,,,,,,0.04948772793185566,,,,,,12.46,65,23270.3,23390.4,23231.4,23477.8,mid_price,no_price_available
2026-09-11T08:29:15.011941+00:00,2026-09-11T13:59:15.011941+05:30,NIFTY,29-Sep-2026,25350.0,CE,23380.85,4.95,585,5.05,845,5.05,5.0,392,-8,132,-15.833333333333334,16.31,0.01623487138041475,4.777295001051058e-05,-1.005819148910651,2.107920014941424,0.5403334789937618,-0.002600081672366309,60.094999566505216,1.1883896176368622e-07,0.0010690580748651576,-5.231681218496737e-06,-0.3475147125922218,77.91172291049322,-0.014781581974706935,4.063934729006906e-05,0.04948772793185566,23449.9,0.05958889953806614,0.0121,index_dividend_yield,0.065,12.46,65,23270.3,23390.4,23231.4,23477.8,mid_price,ok
2026-09-11T08:29:15.011941+00:00,2026-09-11T13:59:15.011941+05:30,NIFTY,29-Sep-2026,25350.0,PE,23380.85,1875.5,65,1932.9,65,0.0,1904.2,16,0,0,0,6.15,,,,,,,,,,,,,,,0.04948772793185566,,,,,,12.46,65,23270.3,23390.4,23231.4,23477.8,mid_price,no_price_available
2026-09-11T08:29:15.011941+00:00,2026-09-11T13:59:15.011941+05:30,NIFTY,29-Sep-2026,25400.0,CE,23380.85,4.8,1885,4.9,4680,4.85,4.85,3272,-213,2883,-16.379310344827587,16.58,0.015519073133137563,4.5212659038837975e-05,-0.9824864763343106,2.0279753977343873,0.5157518623673364,-0.002519014648864816,57.844051188390424,1.1156382573187407e-07,0.001016905572321166,-5.047333788253813e-06,-0.3386457361185582,77.06431879556784,-0.014100028652786055,3.831009311569483e-05,0.04948772793185566,23449.9,0.05958889953806614,0.0121,index_dividend_yield,0.065,12.46,65,23270.3,23390.4,23231.4,23477.8,mid_price,ok
2026-09-11T08:29:15.011941+00:00,2026-09-11T13:59:15.011941+05:30,NIFTY,29-Sep-2026,25400.0,PE,23380.85,1930.45,65,1970.65,195,2005,1950.5500000000002,412,-5,6,5.5624292521125644,27.48,,,,,,,,,,,,,,,0.04948772793185566,,,,,,12.46,65,23270.3,23390.4,23231.4,23477.8,mid_price,no_price_available
2026-09-11T08:29:15.011941+00:00,2026-09-11T13:59:15.011941+05:30,NIFTY,29-Sep-2026,25450.0,CE,23380.85,4.55,1105,4.75,2600,4.7,4.65,747,-34,97,-16.8141592920354,16.88,0.015004645782357304,4.314175601290547e-05,-0.9705583910961272,1.970100435776304,0.4952827706897851,-0.0024592147526762004,55.89316362120822,1.0518982345317218e-07,0.0009683790268162855,-4.8832866317336955e-06,-0.3320497467003607,76.00817769665791,-0.013603371249248585,3.641185766444511e-05,0.04948772793185566,23449.9,0.05958889953806614,0.0121,index_dividend_yield,0.065,12.46,65,23270.3,23390.4,23231.4,23477.8,mid_price,ok
2026-09-11T08:29:15.011941+00:00,2026-09-11T13:59:15.011941+05:30,NIFTY,29-Sep-2026,25450.0,PE,23380.85,1973.55,65,2047.2,65,0.0,2010.375,11,0,0,0,6.11,,,,,,,,,,,,,,,0.04948772793185566,,,,,,12.46,65,23270.3,23390.4,23231.4,23477.8,mid_price,no_price_available
2026-09-11T08:29:15.011941+00:00,2026-09-11T13:59:15.011941+05:30,NIFTY,29-Sep-2026,25500.0,CE,23380.85,4.4,7215,4.45,195,4.45,4.425000000000001,49680,300,17838,-17.59259259259259,17.1,0.014147916890018267,4.048564981645636e-05,-0.9336873937740161,1.8729031977090997,0.469777932611228,-0.002359705443150251,53.581613355650816,9.849719051061725e-08,0.0009214838814440383,-4.697323159969683e-06,-0.3209775019861332,75.55121544138332,-0.012800469172634174,3.403622177842222e-05,0.04948772793185566,23449.9,0.05958889953806614,0.0121,index_dividend_yield,0.065,12.46,65,23270.3,23390.4,23231.4,23477.8,mid_price,ok
2026-09-11T08:29:15.011941+00:00,2026-09-11T13:59:15.011941+05:30,NIFTY,29-Sep-2026,25500.0,PE,23380.85,2050,65,2054.55,65,2053,2052.275,23016,-210,955,2.537209070022975,27.63,,,,,,,,,,,,,,,0.04948772793185566,,,,,,12.46,65,23270.3,23390.4,23231.4,23477.8,mid_price,no_price_available
2026-09-11T08:29:15.011941+00:00,2026-09-11T13:59:15.011941+05:30,NIFTY,29-Sep-2026,25550.0,CE,23380.85,4.15,390,4.25,65,4.3,4.2,608,-9,262,-19.626168224299064,17.33,0.01340210954340366,3.812519050273207e-05,-0.902117050410765,1.7874285544191344,0.4466941891266814,-0.00227093025375418,51.441230969027416,9.24137063645087e-08,0.0008772200205684607,-4.522808138757555e-06,-0.3109910077377429,75.02068378968093,-0.012100815211856112,3.192646280430724e-05,0.04948772793185566,23449.9,0.05958889953806614,0.0121,index_dividend_yield,0.065,12.46,65,23270.3,23390.4,23231.4,23477.8,mid_price,ok
2026-09-11T08:29:15.011941+00:00,2026-09-11T13:59:15.011941+05:30,NIFTY,29-Sep-2026,25550.0,PE,23380.85,2071.6,65,2260.1,650,0.0,2165.85,6,0,0,0,0,,,,,,,,,,,,,,,0.04948772793185566,,,,,,12.46,65,23270.3,23390.4,23231.4,23477.8,mid_price,no_price_available
2026-09-11T08:29:15.011941+00:00,2026-09-11T13:59:15.011941+05:30,NIFTY,29-Sep-2026,25600.0,CE,23380.85,4,1170,4.05,260,4,4.025,2396,-320,1200,-19.19191919191919,17.56,0.012712151661513613,3.594553474346047e-05,-0.8723921317747512,1.7076055858073174,0.4250926514144894,-0.0021870310516462887,49.40768158827802,8.67904226918049e-08,0.0008353351224944025,-4.355808530458922e-06,-0.3014569227736019,74.49067851215173,-0.011454330840103272,2.9983726622036416e-05,0.04948772793185566,23449.9,0.05958889953806614,0.0121,index_dividend_yield,0.065,12.46,65,23270.3,23390.4,23231.4,23477.8,mid_price,ok
2026-09-11T08:29:15.011941+00:00,2026-09-11T13:59:15.011941+05:30,NIFTY,29-Sep-2026,25600.0,PE,23380.85,2151.2,195,2175.95,65,2205,2163.575,484,-3,23,3.1747888543153264,29.53,,,,,,,,,,,,,,,0.04948772793185566,,,,,,12.46,65,23270.3,23390.4,23231.4,23477.8,mid_price,no_price_available
2026-09-11T08:29:15.011941+00:00,2026-09-11T13:59:15.011941+05:30,NIFTY,29-Sep-2026,25650.0,CE,23380.85,3.8,585,4,195,3.95,3.9,242,-14,98,-19.387755102040817,17.83,0.012235566852168148,3.424904374962906e-05,-0.8561293476350773,1.6520298868861385,0.4077664876147753,-0.002127573117662233,47.706883181691474,8.196876789484538e-08,0.0007969398740978919,-4.21228343433404e-06,-0.29464162740863253,73.68881860742164,-0.011001782047408294,2.8457340001979782e-05,0.04948772793185566,23449.9,0.05958889953806614,0.0121,index_dividend_yield,0.065,12.46,65,23270.3,23390.4,23231.4,23477.8,mid_price,ok
2026-09-11T08:29:15.011941+00:00,2026-09-11T13:59:15.011941+05:30,NIFTY,29-Sep-2026,25650.0,PE,23380.85,2054.15,650,2234.25,65,0.0,2144.2,1,0,0,0,13.42,,,,,,,,,,,,,,,0.04948772793185566,,,,,,12.46,65,23270.3,23390.4,23231.4,23477.8,mid_price,no_price_available
2026-09-11T08:29:15.011941+00:00,2026-09-11T13:59:15.011941+05:30,NIFTY,29-Sep-2026,25700.0,CE,23380.85,3.65,65,3.7,1885,3.7,3.675,3749,-338,3085,-16.853932584269664,17.98,0.011326464617207195,3.176241959063016e-05,-0.8066781116459265,1.5449747016832112,0.38310535854172223,-0.0020134066053983206,45.41119117791725,7.640036654542069e-08,0.000756923908937387,-4.027078610653689e-06,-0.28142123032937816,73.70362664930576,-0.01016456416940954,2.6288628144792284e-05,0.04948772793185566,23449.9,0.05958889953806614,0.0121,index_dividend_yield,0.065,12.46,65,23270.3,23390.4,23231.4,23477.8,mid_price,ok
2026-09-11T08:29:15.011941+00:00,2026-09-11T13:59:15.011941+05:30,NIFTY,29-Sep-2026,25700.0,PE,23380.85,2218.65,65,2277.2,65,0.0,2247.925,184,0,0,0,0,,,,,,,,,,,,,,,0.04948772793185566,,,,,,12.46,65,23270.3,23390.4,23231.4,23477.8,mid_price,no_price_available
2026-09-11T08:29:15.011941+00:00,2026-09-11T13:59:15.011941+05:30,NIFTY,29-Sep-2026,25750.0,CE,23380.85,3.4,780,3.7,1040,3.7,3.55,106,8,87,-18.681318681318682,18.34,0.011263902824184945,3.098941114860622e-05,-0.8180867492775746,1.5375553605431653,0.3742513265064008,-0.0020040185780361326,44.40281566560189,7.310769215009321e-08,0.0007259575814639001,-3.934173540884591e-06,-0.2803232095307553,72.31853053639358,-0.010086134394324915,2.554932604842763e-05,0.04948772793185566,23449.9,0.05958889953806614,0.0121,index_dividend_yield,0.065,12.46,65,23270.3,23390.4,23231.4,23477.8,mid_price,ok
2026-09-11T08:29:15.011941+00:00,2026-09-11T13:59:15.011941+05:30,NIFTY,29-Sep-2026,25750.0,PE,23380.85,2207.3,650,2334.65,65,0.0,2270.9750000000004,8,0,0,0,0,,,,,,,,,,,,,,,0.04948772793185566,,,,,,12.46,65,23270.3,23390.4,23231.4,23477.8,mid_price,no_price_available
2026-09-11T08:29:15.011941+00:00,2026-09-11T13:59:15.011941+05:30,NIFTY,29-Sep-2026,25800.0,CE,23380.85,3.4,1690,3.45,65,3.5,3.425,4996,-39,2344,-19.54022988505747,18.51,0.010523772079272214,2.8941341089585954e-05,-0.7776101212927854,1.4492495588749308,0.35345628107600124,-0.0019081992492178783,42.409567538060024,6.842875197246568e-08,0.0006905491359322627,-3.770860999538494e-06,-0.26907045197520674,72.19043152431838,-0.009404896293549049,2.376839362379563e-05,0.04948772793185566,23449.9,0.05958889953806614,0.0121,index_dividend_yield,0.065,12.46,65,23270.3,23390.4,23231.4,23477.8,mid_price,ok
2026-09-11T08:29:15.011941+00:00,2026-09-11T13:59:15.011941+05:30,NIFTY,29-Sep-2026,25800.0,PE,23380.85,2330.8,65,2374.6,65,2350,2352.7,320,0,1,3.2967032967032965,22.54,,,,,,,,,,,,,,,0.04948772793185566,,,,,,12.46,65,23270.3,23390.4,23231.4,23477.8,mid_price,no_price_available
2026-09-11T08:29:15.011941+00:00,2026-09-11T13:59:15.011941+05:30,NIFTY,29-Sep-2026,25850.0,CE,23380.85,3.15,780,3.35,130,3.3,3.25,132,3,83,-21.428571428571427,18.72,0.009975253142746688,2.7311457601992557e-05,-0.7499517669802331,1.3831485624924234,0.33647994261206543,-0.0018352975565051263,40.725253320877286,6.441159252902774e-08,0.0006582505684806873,-3.6298958273162973e-06,-0.2604176653780661,71.79936328004013,-0.008896771426454394,2.234314867539031e-05,0.04948772793185566,23449.9,0.05958889953806614,0.0121,index_dividend_yield,0.065,12.46,65,23270.3,23390.4,23231.4,23477.8,mid_price,ok
2026-09-11T08:29:15.011941+00:00,2026-09-11T13:59:15.011941+05:30,NIFTY,29-Sep-2026,25850.0,PE,23380.85,2365.85,65,2435.1,65,0.0,2400.475,0,0,0,0,0,,,,,,,,,,,,,,,0.04948772793185566,,,,,,12.46,65,23270.3,23390.4,23231.4,23477.8,mid_price,no_price_available
2026-09-11T08:29:15.011941+00:00,2026-09-11T13:59:15.011941+05:30,NIFTY,29-Sep-2026,25900.0,CE,23380.85,2.8,65,3.3,195,3.2,3.05,503,67,343,-20.987654320987655,18.97,0.009594300194538007,2.605026613509204e-05,-0.7339620859039775,1.3368959320887392,0.3229919797559447,-0.0017835140128578172,39.33753111692473,6.100012430250318e-08,0.000629183270136853,-3.5111819686405316e-06,-0.25422194974322765,71.15714819273826,-0.008539397448955792,2.1229180406723407e-05,0.04948772793185566,23449.9,0.05958889953806614,0.0121,index_dividend_yield,0.065,12.46,65,23270.3,23390.4,23231.4,23477.8,mid_price,wide_quote_low_liquidity
2026-09-11T08:29:15.011941+00:00,2026-09-11T13:59:15.011941+05:30,NIFTY,29-Sep-2026,25900.0,PE,23380.85,2406.05,65,2482.6,65,2485,2444.325,73,-3,5,58.13923889525264,29.99,,,,,,,,,,,,,,,0.04948772793185566,,,,,,12.46,65,23270.3,23390.4,23231.4,23477.8,mid_price,no_price_available
2026-09-11T08:29:15.011941+00:00,2026-09-11T13:59:15.011941+05:30,NIFTY,29-Sep-2026,25950.0,CE,23380.85,2.75,910,3.6,195,0.0,3.175,166,0,0,0,20.27,0.01281909105387548,3.136629372837913e-05,-1.0077041138771103,1.7200261917570416,0.3713943287756427,-0.002189083217940861,43.103984643307,6.525103196480334e-08,0.0006312946878949743,-3.7648298627883467e-06,-0.30166962117750296,64.5943138869834,-0.011371144080589408,2.546297080404614e-05,0.04948772793185566,23449.9,0.05958889953806614,0.0121,index_dividend_yield,0.065,12.46,65,23270.3,23390.4,23231.4,23477.8,mid_price,wide_quote_low_liquidity
2026-09-11T08:29:15.011941+00:00,2026-09-11T13:59:15.011941+05:30,NIFTY,29-Sep-2026,25950.0,PE,23380.85,2363.95,650,2535.9,65,0.0,2449.925,1,0,0,0,13.83,,,,,,,,,,,,,,,0.04948772793185566,,,,,,12.46,65,23270.3,23390.4,23231.4,23477.8,mid_price,no_price_available
2026-09-11T08:29:15.011941+00:00,2026-09-11T13:59:15.011941+05:30,NIFTY,29-Sep-2026,26000.0,CE,23380.85,2.85,3900,2.9,6435,2.85,2.875,58691.846153846156,-2037,13664,-19.718309859154928,19.29,0.008376295194576448,2.2745564848574967e-05,-0.6617025155185182,1.186990000476877,0.28804818344084493,-0.001614443926874696,35.834478592726704,5.3524606365760035e-08,0.0005687497109137353,-3.2186193143281824e-06,-0.2337023804865228,70.98428137589767,-0.007426381222906729,1.839376449654958e-05,0.04948772793185566,23449.9,0.05958889953806614,0.0121,index_dividend_yield,0.065,12.46,65,23270.3,23390.4,23231.4,23477.8,mid_price,ok
2026-09-11T08:29:15.011941+00:00,2026-09-11T13:59:15.011941+05:30,NIFTY,29-Sep-2026,26000.0,PE,23380.85,2542.75,65,2551.95,65,2553.75,2547.35,30940.53846153846,-313,1092,2.031643293779216,32.67,,,,,,,,,,,,,,,0.04948772793185566,,,,,,12.46,65,23270.3,23390.4,23231.4,23477.8,mid_price,no_price_available
2026-09-11T08:29:15.011941+00:00,2026-09-11T13:59:15.011941+05:30,NIFTY,29-Sep-2026,26050.0,CE,23380.85,2.35,130,2.95,65,2.95,2.6500000000000004,207,14,42,-19.17808219178082,20.04,0.009538091592772892,2.4533025919769342e-05,-0.7695417533674124,1.330046857154909,0.3047638708730182,-0.0017729248073280884,37.152352259657185,5.434713826106092e-08,0.0005628554061307102,-3.3071490090254964e-06,-0.25294495527044614,67.44876350080922,-0.008433871273719536,1.9763153953826697e-05,0.04948772793185566,23449.9,0.05958889953806614,0.0121,index_dividend_yield,0.065,12.46,65,23270.3,23390.4,23231.4,23477.8,mid_price,wide_quote_low_liquidity
2026-09-11T08:29:15.011941+00:00,2026-09-11T13:59:15.011941+05:30,NIFTY,29-Sep-2026,26050.0,PE,23380.85,2489.2,650,2636.1,65,0.0,2562.6499999999996,4,0,0,0,18.06,,,,,,,,,,,,,,,0.04948772793185566,,,,,,12.46,65,23270.3,23390.4,23231.4,23477.8,mid_price,no_price_available
2026-09-11T08:29:15.011941+00:00,2026-09-11T13:59:15.011941+05:30,NIFTY,29-Sep-2026,26100.0,CE,23380.85,2.5,260,2.8,12545,2.8,2.65,292,52,53,-15.151515151515152,19.92,0.008159680948971067,2.1525136878471212e-05,-0.6667777706344846,1.1599876416276147,0.2738249543945987,-0.0015821323076978186,34.20182816481931,4.920943532207489e-08,0.0005265934778360936,-3.070750832895504e-06,-0.22972560381064389,68.95256610508379,-0.0072035801808967995,1.7273705002502136e-05,0.04948772793185566,23449.9,0.05958889953806614,0.0121,index_dividend_yield,0.065,12.46,65,23270.3,23390.4,23231.4,23477.8,mid_price,ok
2026-09-11T08:29:15.011941+00:00,2026-09-11T13:59:15.011941+05:30,NIFTY,29-Sep-2026,26100.0,PE,23380.85,2435.65,650,2686.25,65,0.0,2560.95,144,0,0,0,0,,,,,,,,,,,,,,,0.04948772793185566,,,,,,12.46,65,23270.3,23390.4,23231.4,23477.8,mid_price,no_price_available
2026-09-11T08:29:15.011941+00:00,2026-09-11T13:59:15.011941+05:30,NIFTY,29-Sep-2026,26150.0,CE,23380.85,2.3,910,2.85,1300,2.55,2.575,174,52,246,-36.25,20.01,0.007472987269743944,1.983343020506885e-05,-0.6195626340866662,1.0736507388016707,0.25562640506900924,-0.0014824845163532102,32.35409690447211,4.575872881843726e-08,0.0004985458657496887,-2.9166795087224934e-06,-0.21735716128366023,69.25790623645887,-0.006585161786227456,1.5855320934356818e-05,0.04948772793185566,23449.9,0.05958889953806614,0.0121,index_dividend_yield,0.065,12.46,65,23270.3,23390.4,23231.4,23477.8,mid_price,wide_quote_low_liquidity
2026-09-11T08:29:15.011941+00:00,2026-09-11T13:59:15.011941+05:30,NIFTY,29-Sep-2026,26150.0,PE,23380.85,2596.5,715,2736.45,65,0.0,2666.475,1,0,0,0,19.21,,,,,,,,,,,,,,,0.04948772793185566,,,,,,12.46,65,23270.3,23390.4,23231.4,23477.8,mid_price,no_price_available
2026-09-11T08:29:15.011941+00:00,2026-09-11T13:59:15.011941+05:30,NIFTY,29-Sep-2026,26200.0,CE,23380.85,2.3,1105,2.9,130,2.35,2.5999999999999996,2783,35,499,-26.5625,20.12,0.006892581449184998,1.836736696548123e-05,-0.579744802347085,0.9997536209397162,0.2395378230591956,-0.0013957523039103633,30.680691421317796,4.266356083606137e-08,0.00047236286192722896,-2.775439640851464e-06,-0.2064495374551245,69.43907976913493,-0.0060623515322224255,1.462732502436313e-05,0.04948772793185566,23449.9,0.05958889953806614,0.0121,index_dividend_yield,0.065,12.46,65,23270.3,23390.4,23231.4,23477.8,mid_price,wide_quote_low_liquidity
2026-09-11T08:29:15.011941+00:00,2026-09-11T13:59:15.011941+05:30,NIFTY,29-Sep-2026,26200.0,PE,23380.85,2647.35,1690,2786.85,65,0.0,2717.1,581,0,0,0,0,,,,,,,,,,,,,,,0.04948772793185566,,,,,,12.46,65,23270.3,23390.4,23231.4,23477.8,mid_price,no_price_available
2026-09-11T08:29:15.011941+00:00,2026-09-11T13:59:15.011941+05:30,NIFTY,29-Sep-2026,26250.0,CE,23380.85,2,65,3,1300,2.95,2.5,9,2,4,3.508771929824561,20.98,0.008178536058405246,2.047908160685328e-05,-0.7022180129840352,1.162342364104585,0.26067918141719615,-0.0015825861567464897,32.5484956771096,4.436865796981694e-08,0.00047584523033980476,-2.9142363298203573e-06,-0.22977793817931988,65.50018218770684,-0.007173399102321245,1.624697276701445e-05,0.04948772793185566,23449.9,0.05958889953806614,0.0121,index_dividend_yield,0.065,12.46,65,23270.3,23390.4,23231.4,23477.8,mid_price,wide_quote_low_liquidity
2026-09-11T08:29:15.011941+00:00,2026-09-11T13:59:15.011941+05:30,NIFTY,29-Sep-2026,26250.0,PE,23380.85,2758.95,65,2837.15,65,0.0,2798.05,0,0,0,0,0,,,,,,,,,,,,,,,0.04948772793185566,,,,,,12.46,65,23270.3,23390.4,23231.4,23477.8,mid_price,no_price_available
2026-09-11T08:29:15.011941+00:00,2026-09-11T13:59:15.011941+05:30,NIFTY,29-Sep-2026,26300.0,CE,23380.85,1.8,65,2.05,650,2,1.9249999999999998,2047,-12,167,-20,20.41,0.006018077389688899,1.6058272272557715e-05,-0.5209681575863677,0.8866657407050397,0.2135107123127449,-0.0012601995002170423,27.88309401863481,3.7505400896424556e-08,0.00042629765994983194,-2.5354939979547864e-06,-0.1891222191431492,69.37433248756226,-0.005272985748636873,1.269135264311374e-05,0.04948772793185566,23449.9,0.05958889953806614,0.0121,index_dividend_yield,0.065,12.46,65,23270.3,23390.4,23231.4,23477.8,mid_price,ok
2026-09-11T08:29:15.011941+00:00,2026-09-11T13:59:15.011941+05:30,NIFTY,29-Sep-2026,26300.0,PE,23380.85,2807.75,65,2852.35,130,0.0,2830.05,1245,0,0,0,0,,,,,,,,,,,,,,,0.04948772793185566,,,,,,12.46,65,23270.3,23390.4,23231.4,23477.8,mid_price,no_price_available
2026-09-11T08:29:15.011941+00:00,2026-09-11T13:59:15.011941+05:30,NIFTY,29-Sep-2026,26350.0,CE,23380.85,1.4,910,3.3,1300,0.0,2.3499999999999996,85,0,0,0,13.52,5.375655430719718e-05,3.1376781328449226e-07,-0.004475575027279258,0.011476334260979954,0.006376992907536878,-2.498455642830069e-05,1.2842721476165913,1.8058259319268724e-09,3.278194014971588e-05,-1.2868862064474517e-07,-0.0053518311873353985,144.46188064341166,-4.736901510802056e-05,2.470402643125513e-07,0.04948772793185566,23449.9,0.05958889953806614,0.0121,index_dividend_yield,0.065,12.46,65,23270.3,23390.4,23231.4,23477.8,mid_price,wide_quote_low_liquidity
2026-09-11T08:29:15.011941+00:00,2026-09-11T13:59:15.011941+05:30,NIFTY,29-Sep-2026,26350.0,PE,23380.85,2857.15,65,2937.5,65,0.0,2897.325,0,0,0,0,0,,,,,,,,,,,,,,,0.04948772793185566,,,,,,12.46,65,23270.3,23390.4,23231.4,23477.8,mid_price,no_price_available
2026-09-11T08:29:15.011941+00:00,2026-09-11T13:59:15.011941+05:30,NIFTY,29-Sep-2026,26400.0,CE,23380.85,1.85,65,2.05,130,2,1.95,668,-47,192,-20,20.95,0.0057585173513627075,1.5044429101293374e-05,-0.5136320595105726,0.8526638400489582,0.20133980693225975,-0.001218124836445832,26.456254895670828,3.442487940985152e-08,0.00039497430908838144,-2.407137643447129e-06,-0.18367026273361475,67.89546942359915,-0.005024848345634108,1.1800175042449616e-05,0.04948772793185566,23449.9,0.05958889953806614,0.0121,index_dividend_yield,0.065,12.46,65,23270.3,23390.4,23231.4,23477.8,mid_price,ok
2026-09-11T08:29:15.011941+00:00,2026-09-11T13:59:15.011941+05:30,NIFTY,29-Sep-2026,26400.0,PE,23380.85,2906.25,65,2987.75,65,0.0,2947.0,56,0,0,0,0,,,,,,,,,,,,,,,0.04948772793185566,,,,,,12.46,65,23270.3,23390.4,23231.4,23477.8,mid_price,no_price_available
2026-09-11T08:29:15.011941+00:00,2026-09-11T13:59:15.011941+05:30,NIFTY,29-Sep-2026,26450.0,CE,23380.85,1.3,910,2.9,1300,0.0,2.1,42,0,0,0,19.27,0.0025958991540725924,8.010740179396749e-06,-0.23141820617455625,0.41761151688313697,0.11823695987571523,-0.0006577352019026968,17.186077062768202,2.2206630797898528e-08,0.00028808293832841117,-1.6114027965832353e-06,-0.10717260428126797,79.14367953045351,-0.002265687744987004,6.259532298391685e-06,0.04948772793185566,23449.9,0.05958889953806614,0.0121,index_dividend_yield,0.065,12.46,65,23270.3,23390.4,23231.4,23477.8,mid_price,wide_quote_low_liquidity
2026-09-11T08:29:15.011941+00:00,2026-09-11T13:59:15.011941+05:30,NIFTY,29-Sep-2026,26450.0,PE,23380.85,2955.5,65,3038.1,65,0.0,2996.8,0,0,0,0,0,,,,,,,,,,,,,,,0.04948772793185566,,,,,,12.46,65,23270.3,23390.4,23231.4,23477.8,mid_price,no_price_available
2026-09-11T08:29:15.011941+00:00,2026-09-11T13:59:15.011941+05:30,NIFTY,29-Sep-2026,26500.0,CE,23380.85,1.55,2860,1.6,130,1.65,1.5750000000000002,13661,-252,6787,-21.428571428571427,20.95,0.004557318608728713,1.2216278626470689e-05,-0.4166872937716866,0.6923744978703786,0.1686469620529518,-0.001019080483568054,22.871878364414844,2.88897394856058e-08,0.00034523043187204293,-2.099739421635323e-06,-0.15737970381955524,69.39134515004405,-0.0039629596721583015,9.509720941920845e-06,0.04948772793185566,23449.9,0.05958889953806614,0.0121,index_dividend_yield,0.065,12.46,65,23270.3,23390.4,23231.4,23477.8,mid_price,ok
2026-09-11T08:29:15.011941+00:00,2026-09-11T13:59:15.011941+05:30,NIFTY,29-Sep-2026,26500.0,PE,23380.85,3030.7,65,3042.15,65,3063,3036.425,13011,-50,77,2.2721581328569758,37.6,,,,,,,,,,,,,,,0.04948772793185566,,,,,,12.46,65,23270.3,23390.4,23231.4,23477.8,mid_price,no_price_available
2026-09-11T08:29:15.011941+00:00,2026-09-11T13:59:15.011941+05:30,NIFTY,29-Sep-2026,26550.0,CE,23380.85,1.2,910,2.45,650,0.0,1.8250000000000002,72,0,0,0,22.15,0.006172530870199933,1.513282656791414e-05,-0.57650158710972,0.9068007941328173,0.2008050667385813,-0.0012819818009310148,26.13036740036806,3.236593035356937e-08,0.00036774016393041316,-2.3645373333306213e-06,-0.19192667557268986,63.84195582132066,-0.005350600805982752,1.1735770157218002e-05,0.04948772793185566,23449.9,0.05958889953806614,0.0121,index_dividend_yield,0.065,12.46,65,23270.3,23390.4,23231.4,23477.8,mid_price,wide_quote_low_liquidity
2026-09-11T08:29:15.011941+00:00,2026-09-11T13:59:15.011941+05:30,NIFTY,29-Sep-2026,26550.0,PE,23380.85,3053.8,65,3138.6,65,0.0,3096.2,0,0,0,0,0,,,,,,,,,,,,,,,0.04948772793185566,,,,,,12.46,65,23270.3,23390.4,23231.4,23477.8,mid_price,no_price_available
2026-09-11T08:29:15.011941+00:00,2026-09-11T13:59:15.011941+05:30,NIFTY,29-Sep-2026,26600.0,CE,23380.85,1.55,130,1.6,130,1.55,1.5750000000000002,652,-31,100,-27.906976744186046,21.52,0.004447239461642431,1.163585927795366e-05,-0.4183311633466087,0.6774212778536166,0.16121693415155564,-0.0009994754426442074,21.934344596938047,2.6855091759114736e-08,0.0003226804171357318,-2.013024503151982e-06,-0.15474162954717852,67.72857185096233,-0.0038513153955721975,8.989918994241652e-06,0.04948772793185566,23449.9,0.05958889953806614,0.0121,index_dividend_yield,0.065,12.46,65,23270.3,23390.4,23231.4,23477.8,mid_price,ok
2026-09-11T08:29:15.011941+00:00,2026-09-11T13:59:15.011941+05:30,NIFTY,29-Sep-2026,26600.0,PE,23380.85,3102.75,65,3188.7,65,0.0,3145.725,0,0,0,0,0,,,,,,,,,,,,,,,0.04948772793185566,,,,,,12.46,65,23270.3,23390.4,23231.4,23477.8,mid_price,no_price_available
2026-09-11T08:29:15.011941+00:00,2026-09-11T13:59:15.011941+05:30,NIFTY,29-Sep-2026,26650.0,CE,23380.85,1.25,910,2.8,1300,0.0,2.025,14,0,0,0,21.05,0.0033073436228070042,9.122656242581821e-06,-0.3137210842609802,0.5195071352339888,0.13107303756310387,-0.0007944725781887656,18.511798201769793,2.2396025991045438e-08,0.00028172294563135283,-1.7171446263965867e-06,-0.12659384498235599,71.05887180531788,-0.0028607982592218227,7.021784146086164e-06,0.04948772793185566,23449.9,0.05958889953806614,0.0121,index_dividend_yield,0.065,12.46,65,23270.3,23390.4,23231.4,23477.8,mid_price,wide_quote_low_liquidity
2026-09-11T08:29:15.011941+00:00,2026-09-11T13:59:15.011941+05:30,NIFTY,29-Sep-2026,26650.0,PE,23380.85,3152.2,65,3239.15,65,0.0,3195.675,0,0,0,0,0,,,,,,,,,,,,,,,0.04948772793185566,,,,,,12.46,65,23270.3,23390.4,23231.4,23477.8,mid_price,no_price_available
2026-09-11T08:29:15.011941+00:00,2026-09-11T13:59:15.011941+05:30,NIFTY,29-Sep-2026,26700.0,CE,23380.85,1.35,910,2.4,910,0.0,1.875,39,0,0,0,23.02,0.005940094092455044,1.407390576477273e-05,-0.5782276001875291,0.8764720361836669,0.18788817593646873,-0.001244467868097285,24.582062177040008,2.9092802439977455e-08,0.00033358092277137736,-2.224349471163311e-06,-0.18708351628634856,61.690974398149955,-0.0051173466712162476,1.079226765132399e-05,0.04948772793185566,23449.9,0.05958889953806614,0.0121,index_dividend_yield,0.065,12.46,65,23270.3,23390.4,23231.4,23477.8,mid_price,wide_quote_low_liquidity
2026-09-11T08:29:15.011941+00:00,2026-09-11T13:59:15.011941+05:30,NIFTY,29-Sep-2026,26700.0,PE,23380.85,3201.35,65,3289.45,65,0.0,3245.3999999999996,0,0,0,0,0,,,,,,,,,,,,,,,0.04948772793185566,,,,,,12.46,65,23270.3,23390.4,23231.4,23477.8,mid_price,no_price_available
2026-09-11T08:29:15.011941+00:00,2026-09-11T13:59:15.011941+05:30,NIFTY,29-Sep-2026,26750.0,CE,23380.85,1.15,910,2.5,65,0.0,1.825,110,0,0,0,23.3,0.005852256463360618,1.3722267194708292e-05,-0.5773050648774807,0.8649677174975081,0.18361278237493187,-0.0012302732587425999,24.072815403188674,2.807549642517699e-08,0.0003230026576814057,-2.1785305108857368e-06,-0.18524379565755866,61.047518541342505,-0.005031377563366877,1.0483321145383335e-05,0.04948772793185566,23449.9,0.05958889953806614,0.0121,index_dividend_yield,0.065,12.46,65,23270.3,23390.4,23231.4,23477.8,mid_price,wide_quote_low_liquidity
2026-09-11T08:29:15.011941+00:00,2026-09-11T13:59:15.011941+05:30,NIFTY,29-Sep-2026,26750.0,PE,23380.85,3251.45,65,3618.85,650,0.0,3435.1499999999996,1,0,0,0,18.46,-0.9986997346700925,2.5312066147129405e-06,3.906833610636395,0.12640882656728258,0.04259704039061285,-0.00025947849221352737,7.0756243416125875,8.446950758735032e-09,0.00012795876464331135,-6.822160250698277e-07,-0.04110424685869807,-7.081434744238323,0.9961819234123573,1.933751285471777e-06,0.04948772793185566,23449.9,0.05958889953806614,0.0121,index_dividend_yield,0.065,12.46,65,23270.3,23390.4,23231.4,23477.8,mid_price,ok
2026-09-11T08:29:15.011941+00:00,2026-09-11T13:59:15.011941+05:30,NIFTY,29-Sep-2026,26800.0,CE,23380.85,1.25,910,2.2,260,0.0,1.725,40,0,0,0,23.38,0.005416662484479427,1.2767587657814546e-05,-0.5406185476101671,0.8075537933561187,0.1726505743286778,-0.001160205432745835,22.878949740345266,2.6321137298467562e-08,0.0003071054049049358,-2.0767947983200626e-06,-0.17610411595541817,61.28872274042884,-0.004648499508019996,9.717618640933266e-06,0.04948772793185566,23449.9,0.05958889953806614,0.0121,index_dividend_yield,0.065,12.46,65,23270.3,23390.4,23231.4,23477.8,mid_price,wide_quote_low_liquidity
2026-09-11T08:29:15.011941+00:00,2026-09-11T13:59:15.011941+05:30,NIFTY,29-Sep-2026,26800.0,PE,23380.85,3157.6,650,3390,65,0.0,3273.8,21,0,0,0,0,,,,,,,,,,,,,,,0.04948772793185566,,,,,,12.46,65,23270.3,23390.4,23231.4,23477.8,mid_price,no_price_available
2026-09-11T08:29:15.011941+00:00,2026-09-11T13:59:15.011941+05:30,NIFTY,29-Sep-2026,26850.0,CE,23380.85,1.3,910,2.2,65,0.0,1.75,41,0,0,0,21.32,0.002267769783692579,6.407227988083264e-06,-0.22564752851137593,0.36955193832674477,0.09616795402972206,-0.0005891971003176804,14.195499244084141,1.6257104870744885e-08,0.00021605716718370503,-1.329875754682687e-06,-0.09721022952740443,72.42252449601718,-0.0019474956995893537,4.858499798469407e-06,0.04948772793185566,23449.9,0.05958889953806614,0.0121,index_dividend_yield,0.065,12.46,65,23270.3,23390.4,23231.4,23477.8,mid_price,wide_quote_low_liquidity
2026-09-11T08:29:15.011941+00:00,2026-09-11T13:59:15.011941+05:30,NIFTY,29-Sep-2026,26850.0,PE,23380.85,3348.95,65,3440.35,65,0.0,3394.6499999999996,0,0,0,0,0,,,,,,,,,,,,,,,0.04948772793185566,,,,,,12.46,65,23270.3,23390.4,23231.4,23477.8,mid_price,no_price_available
2026-09-11T08:29:15.011941+00:00,2026-09-11T13:59:15.011941+05:30,NIFTY,29-Sep-2026,26900.0,CE,23380.85,1.3,195,1.95,845,1.95,1.625,88,1,5,-13.333333333333334,23.79,0.005032496105339356,1.175260977511342e-05,-0.5148128494630763,0.7563918920077698,0.16054405541080385,-0.001096677460202436,21.488075424459186,2.4046689856660026e-08,0.0002844682940866921,-1.95483670738134e-06,-0.16772783432419514,60.663470471102755,-0.004302022947596343,8.878719744717304e-06,0.04948772793185566,23449.9,0.05958889953806614,0.0121,index_dividend_yield,0.065,12.46,65,23270.3,23390.4,23231.4,23477.8,mid_price,wide_quote_low_liquidity
2026-09-11T08:29:15.011941+00:00,2026-09-11T13:59:15.011941+05:30,NIFTY,29-Sep-2026,26900.0,PE,23380.85,3398.15,65,3712.75,650,0.0,3555.45,1,0,0,0,0,,,,,,,,,,,,,,,0.04948772793185566,23449.9,0.05958889953806614,0.0121,index_dividend_yield,0.065,12.46,65,23270.3,23390.4,23231.4,23477.8,mid_price,no_nse_iv
2026-09-11T08:29:15.011941+00:00,2026-09-11T13:59:15.011941+05:30,NIFTY,29-Sep-2026,26950.0,CE,23380.85,1.3,1755,2.45,1300,0.0,1.875,48,0,0,0,22.54,0.0029240243869968,7.625252253814426e-06,-0.2998350828925827,0.4649713923205001,0.11129808604614277,-0.0007201249109359775,15.953645323737858,1.7715086963727655e-08,0.00022779265349490323,-1.4810879095782492e-06,-0.1161024276169495,67.12562415486636,-0.002498986810663859,5.739278078865603e-06,0.04948772793185566,23449.9,0.05958889953806614,0.0121,index_dividend_yield,0.065,12.46,65,23270.3,23390.4,23231.4,23477.8,mid_price,wide_quote_low_liquidity
2026-09-11T08:29:15.011941+00:00,2026-09-11T13:59:15.011941+05:30,NIFTY,29-Sep-2026,26950.0,PE,23380.85,3447.35,65,3540.9,65,0.0,3494.125,0,0,0,0,0,,,,,,,,,,,,,,,0.04948772793185566,,,,,,12.46,65,23270.3,23390.4,23231.4,23477.8,mid_price,no_price_available
2026-09-11T08:29:15.011941+00:00,2026-09-11T13:59:15.011941+05:30,NIFTY,29-Sep-2026,27000.0,CE,23380.85,1.6,3770,1.65,4420,1.65,1.625,25962,-913,4169,-17.5,24,0.004395164156641864,1.0324277219950264e-05,-0.45992087625939293,0.6703305390599172,0.14355634466681025,-0.0009883847503884798,19.561653898614416,2.132721739534162e-08,0.0002582602989863033,-1.7879817341715431e-06,-0.15324309170454653,60.89118890774289,-0.003743519610126816,7.741992039740268e-06,0.04948772793185566,23449.9,0.05958889953806614,0.0121,index_dividend_yield,0.065,12.46,65,23270.3,23390.4,23231.4,23477.8,mid_price,ok
2026-09-11T08:29:15.011941+00:00,2026-09-11T13:59:15.011941+05:30,NIFTY,29-Sep-2026,27000.0,PE,23380.85,3540.15,65,3550.4,65,3564.6,3545.275,23119.46153846154,-131,436,1.6540238407574288,42.48,,,,,,,,,,,,,,,0.04948772793185566,,,,,,12.46,65,23270.3,23390.4,23231.4,23477.8,mid_price,no_price_available
2026-09-11T08:29:15.011941+00:00,2026-09-11T13:59:15.011941+05:30,NIFTY,29-Sep-2026,27050.0,CE,23380.85,1.1,910,2.3,1300,0.0,1.7,64,0,0,0,22,0.0018615689963975461,5.190955621349205e-06,-0.1943435035764726,0.30894993150128,0.07963960830004439,-0.0005025725544121884,12.014286306377713,1.304334090268562e-08,0.00017826006424611306,-1.1295428787988248e-06,-0.0843774126026487,71.3294799406042,-0.0015865015910406324,3.8782282764091e-06,0.04948772793185566,23449.9,0.05958889953806614,0.0121,index_dividend_yield,0.065,12.46,65,23270.3,23390.4,23231.4,23477.8,mid_price,wide_quote_low_liquidity
2026-09-11T08:29:15.011941+00:00,2026-09-11T13:59:15.011941+05:30,NIFTY,29-Sep-2026,27050.0,PE,23380.85,3545.75,65,3641.5,65,0.0,3593.625,0,0,0,0,0,,,,,,,,,,,,,,,0.04948772793185566,,,,,,12.46,65,23270.3,23390.4,23231.4,23477.8,mid_price,no_price_available
2026-09-11T08:29:15.011941+00:00,2026-09-11T13:59:15.011941+05:30,NIFTY,29-Sep-2026,27100.0,CE,23380.85,1.2,195,1.6,65,1.6,1.4,212,2,7,-25.58139534883721,24.41,0.0041054578006730225,9.550436503303006e-06,-0.4397722692884018,0.6306800702665128,0.13399284925222138,-0.0009374687315166714,18.41996629846937,1.956533930924648e-08,0.00023980421947660338,-1.686603658769341e-06,-0.1463375057282823,60.252413155932636,-0.003483246378591975,7.108946258773102e-06,0.04948772793185566,23449.9,0.05958889953806614,0.0121,index_dividend_yield,0.065,12.46,65,23270.3,23390.4,23231.4,23477.8,mid_price,wide_quote_low_liquidity
2026-09-11T08:29:15.011941+00:00,2026-09-11T13:59:15.011941+05:30,NIFTY,29-Sep-2026,27100.0,PE,23380.85,3595.05,65,3691.9,65,0.0,3643.4750000000004,0,0,0,0,0,,,,,,,,,,,,,,,0.04948772793185566,,,,,,12.46,65,23270.3,23390.4,23231.4,23477.8,mid_price,no_price_available
2026-09-11T08:29:15.011941+00:00,2026-09-11T13:59:15.011941+05:30,NIFTY,29-Sep-2026,27150.0,CE,23380.85,1.3,325,1.85,130,1.3,1.5750000000000002,121,2,11,-3.7037037037037037,24.17,0.0034220955003693436,8.192398375552138e-06,-0.36976084399085873,0.5356804781349442,0.11751971796959713,-0.0008138320414771443,16.528615489865118,1.7362650721160972e-08,0.00021887862312995667,-1.523142067171072e-06,-0.12929681062570592,61.824331100071745,-0.002899349046560868,6.075639351101079e-06,0.04948772793185566,23449.9,0.05958889953806614,0.0121,index_dividend_yield,0.065,12.46,65,23270.3,23390.4,23231.4,23477.8,mid_price,wide_quote_low_liquidity
2026-09-11T08:29:15.011941+00:00,2026-09-11T13:59:15.011941+05:30,NIFTY,29-Sep-2026,27150.0,PE,23380.85,3644.15,65,3742.1,65,0.0,3693.125,0,0,0,0,0,,,,,,,,,,,,,,,0.04948772793185566,,,,,,12.46,65,23270.3,23390.4,23231.4,23477.8,mid_price,no_price_available
2026-09-11T08:29:15.011941+00:00,2026-09-11T13:59:15.011941+05:30,NIFTY,29-Sep-2026,27200.0,CE,23380.85,1.3,1690,1.7,130,1.3,1.5,628,-19,76,-18.75,24.44,0.003387540862612038,8.028341192726082e-06,-0.37035736928625446,0.5308173738959159,0.11533213229598309,-0.0008072642103947175,16.241166741222223,1.684286833137462e-08,0.00021278450700711816,-1.4965201373970718e-06,-0.12837999661329663,61.20541189505313,-0.002864320698131891,5.93210192436027e-06,0.04948772793185566,23449.9,0.05958889953806614,0.0121,index_dividend_yield,0.065,12.46,65,23270.3,23390.4,23231.4,23477.8,mid_price,wide_quote_low_liquidity
2026-09-11T08:29:15.011941+00:00,2026-09-11T13:59:15.011941+05:30,NIFTY,29-Sep-2026,27200.0,PE,23380.85,3693.4,65,3792.45,65,0.0,3742.925,0,0,0,0,0,,,,,,,,,,,,,,,0.04948772793185566,,,,,,12.46,65,23270.3,23390.4,23231.4,23477.8,mid_price,no_price_available
2026-09-11T08:29:15.011941+00:00,2026-09-11T13:59:15.011941+05:30,NIFTY,29-Sep-2026,28500.0,CE,23380.85,0.6,49465,0.7,3250,0.6,0.6499999999999999,8089,-271,811,-7.6923076923076925,29.11,0.0014191498270166776,3.0637769935591435e-06,-0.19912132979448066,0.24127785458748888,0.048594657864289084,-0.0004020068692900038,7.543364272997399,5.937767879678869e-09,8.52593343339164e-05,-7.071339205856595e-07,-0.06908932050610986,55.27770085630541,-0.0011431814168926567,2.0619969663675434e-06,0.04948772793185566,23449.9,0.05958889953806614,0.0121,index_dividend_yield,0.065,12.46,65,23270.3,23390.4,23231.4,23477.8,mid_price,wide_quote_low_liquidity
2026-09-11T08:29:15.011941+00:00,2026-09-11T13:59:15.011941+05:30,NIFTY,29-Sep-2026,28500.0,PE,23380.85,5023,65,5047.15,195,5082.1,5035.075,6576,-43,53,1.8201853243175556,51.31,,,,,,,,,,,,,,,0.04948772793185566,,,,,,12.46,65,23270.3,23390.4,23231.4,23477.8,mid_price,no_price_available
2026-09-11T08:29:15.011941+00:00,2026-09-11T13:59:15.011941+05:30,NIFTY,29-Sep-2026,30000.0,CE,23380.85,0.5,15535,0.55,3640,0.55,0.525,4283,-122,173,-15.384615384615385,35.72,0.0010898229491942207,1.9609940659208005e-06,-0.19096323149668024,0.18949852596595476,0.03206779622145312,-0.00032381375467118475,5.111144684487617,3.1616007530871122e-09,4.740092466785491e-05,-4.794489850029978e-07,-0.05686286533641441,46.11062806192475,-0.0008309460465587412,1.1911168308605319e-06,0.04948772793185566,23449.9,0.05958889953806614,0.0121,index_dividend_yield,0.065,12.46,65,23270.3,23390.4,23231.4,23477.8,mid_price,ok
2026-09-11T08:29:15.011941+00:00,2026-09-11T13:59:15.011941+05:30,NIFTY,29-Sep-2026,30000.0,PE,23380.85,6511.6,65,6553.35,195,6560,6532.475,2179,-1,11,0.8021143858139463,59.91,,,,,,,,,,,,,,,0.04948772793185566,,,,,,12.46,65,23270.3,23390.4,23231.4,23477.8,mid_price,no_price_available
2026-09-11T08:29:15.011941+00:00,2026-09-11T13:59:15.011941+05:30,NIFTY,29-Sep-2026,31500.0,CE,23380.85,0.55,1755,0.8,1625,0.85,0.675,259,0,2,-15,43.62,0.0013658316446794828,1.9743496230672646e-06,-0.2857910067695523,0.23298492895935727,0.03176599725738952,-0.0003903179807581319,4.950435303466325,2.528172806136756e-09,3.742399680305125e-05,-4.604907781528569e-07,-0.06728267729504517,37.309465847920094,-0.0009866150616551284,1.087736106854075e-06,0.04948772793185566,23449.9,0.05958889953806614,0.0121,index_dividend_yield,0.065,12.46,65,23270.3,23390.4,23231.4,23477.8,mid_price,wide_quote_low_liquidity
2026-09-11T08:29:15.011941+00:00,2026-09-11T13:59:15.011941+05:30,NIFTY,29-Sep-2026,31500.0,PE,23380.85,,0,8506.2,1690,0.0,,0,0,0,0,0,,,,,,,,,,,,,,,0.04948772793185566,,,,,,12.46,65,23270.3,23390.4,23231.4,23477.8,none,no_price_available
2026-09-11T08:29:15.011941+00:00,2026-09-11T13:59:15.011941+05:30,NIFTY,29-Sep-2026,33000.0,CE,23380.85,0.5,2210,0.65,455,0.7,0.575,537,-2,59,40,50.26,0.0013372868734766671,1.6807604555632963e-06,-0.3223029809375942,0.22853167999163726,0.027227579590886897,-0.0003845774442346429,4.252288180283475,1.861476193119897e-09,2.792949002772086e-05,-3.9492634593358424e-07,-0.06639347049759081,32.55575538618113,-0.0009183785712340601,8.437203675715603e-07,0.04948772793185566,23449.9,0.05958889953806614,0.0121,index_dividend_yield,0.065,12.46,65,23270.3,23390.4,23231.4,23477.8,mid_price,wide_quote_low_liquidity
2026-09-11T08:29:15.011941+00:00,2026-09-11T13:59:15.011941+05:30,NIFTY,29-Sep-2026,33000.0,PE,23380.85,,0,10099.1,1690,0.0,,0,0,0,0,0,,,,,,,,,,,,,,,0.04948772793185566,,,,,,12.46,65,23270.3,23390.4,23231.4,23477.8,none,no_price_available
2026-09-11T08:29:15.011941+00:00,2026-09-11T13:59:15.011941+05:30,NIFTY,29-Sep-2026,34500.0,CE,23380.85,0.65,130,0.75,1755,0.0,0.7,151,0,0,0,52.03,0.000517427653038712,6.778351166226267e-07,-0.13910279198034747,0.09541046158296108,0.011974920450291063,-0.00017491020833233887,2.0433581933463896,7.942306326290074e-10,1.3213909134381342e-05,-1.9308294171300076e-07,-0.032491685781162793,33.61593276760636,-0.0003402322463009449,3.1131960146780496e-07,0.04948772793185566,23449.9,0.05958889953806614,0.0121,index_dividend_yield,0.065,12.46,65,23270.3,23390.4,23231.4,23477.8,mid_price,ok
2026-09-11T08:29:15.011941+00:00,2026-09-11T13:59:15.011941+05:30,NIFTY,29-Sep-2026,34500.0,PE,23380.85,,0,11640.25,1690,0.0,,0,0,0,0,0,,,,,,,,,,,,,,,0.04948772793185566,,,,,,12.46,65,23270.3,23390.4,23231.4,23477.8,none,no_price_available
