fetch_ts_utc,fetch_ts_ist,symbol,expiry_date,strike,option_type,underlying_value,bid_price,bid_qty,ask_price,ask_qty,ltp,mid_price,open_interest,change_in_oi,total_traded_volume,pchange_vs_prev_close,nse_iv,delta,gamma,theta,vega,vanna,charm,vomma,speed,zomma,color,veta,omega,dual_delta,dual_gamma,time_to_expiry_years,futures_price,implied_cost_of_carry,dividend_yield_used,dividend_yield_source,risk_free_rate_used,india_vix,lot_size,underlying_day_open,underlying_day_high,underlying_day_low,underlying_prev_close,price_source_for_iv,data_quality_flag
2026-09-30T09:59:45.661400+00:00,2026-09-30T15:29:45.661400+05:30,NIFTY,27-Oct-2026,20500.0,CE,22620.45,2206.1,195,2223.5,130,2202,2214.8,77,61,73,-6.263967818146989,0,,,,,,,,,,,,,,,0.07397305741374936,22715.6,0.056744291552568285,0.0125,index_dividend_yield,0.065,13.42,65,22665,22809.35,22595.2,22716.2,mid_price,no_nse_iv
2026-09-30T09:59:45.661400+00:00,2026-09-30T15:29:45.661400+05:30,NIFTY,27-Oct-2026,20500.0,PE,22620.45,15.45,520,15.5,650,15.5,15.475,8287,5047,15746,17.870722433460077,21.07,-0.034804402705578316,5.9325161128064794e-05,-1.7295829358845094,4.73128938156631,-0.641165406214228,0.002307371254392926,71.55697823145024,-8.572207915137542e-08,0.0006156955093467299,-2.1304357688140403e-06,-0.3450926124415208,-43.2161273858649,0.03929311145102145,7.22326727594008e-05,0.07397305741374936,22715.6,0.056744291552568285,0.0125,index_dividend_yield,0.065,13.42,65,22665,22809.35,22595.2,22716.2,mid_price,ok
2026-09-30T09:59:45.661400+00:00,2026-09-30T15:29:45.661400+05:30,NIFTY,27-Oct-2026,20550.0,CE,22620.45,2117.05,650,2192.55,65,0.0,2154.8,0,0,0,0,0,,,,,,,,,,,,,,,0.07397305741374936,22715.6,0.056744291552568285,0.0125,index_dividend_yield,0.065,13.42,65,22665,22809.35,22595.2,22716.2,mid_price,no_nse_iv
2026-09-30T09:59:45.661400+00:00,2026-09-30T15:29:45.661400+05:30,NIFTY,27-Oct-2026,20550.0,PE,22620.45,15.9,455,16.2,195,15.9,16.05,188,116,463,2.2508038585209005,20.79,-0.03632415833758219,6.226793878253788e-05,-1.764937501750008,4.899988139673413,-0.6658229261931776,0.0023594384374277383,73.5135058329801,-9.019531681499757e-08,0.0006346972937055922,-2.157451693941866e-06,-0.3512072036604774,-43.53476550949218,0.04090231929205209,7.544723320300252e-05,0.07397305741374936,22715.6,0.056744291552568285,0.0125,index_dividend_yield,0.065,13.42,65,22665,22809.35,22595.2,22716.2,mid_price,ok
2026-09-30T09:59:45.661400+00:00,2026-09-30T15:29:45.661400+05:30,NIFTY,27-Oct-2026,20600.0,CE,22620.45,2068.9,650,2142.85,65,0.0,2105.875,0,0,0,0,0,,,,,,,,,,,,,,,0.07397305741374936,22715.6,0.056744291552568285,0.0125,index_dividend_yield,0.065,13.42,65,22665,22809.35,22595.2,22716.2,mid_price,no_nse_iv
2026-09-30T09:59:45.661400+00:00,2026-09-30T15:29:45.661400+05:30,NIFTY,27-Oct-2026,20600.0,PE,22620.45,16.7,65,16.8,65,16.7,16.75,318,111,1170,10.96345514950166,20.53,-0.03807030577492949,6.552255134478368e-05,-1.8083770144177105,5.091617833190373,-0.692239896939964,0.002417173999361137,75.51435270336081,-9.494903627750046e-08,0.0006526321087733304,-2.179979507472291e-06,-0.35793030866902775,-43.78914551649255,0.04275891646619533,7.900577538332202e-05,0.07397305741374936,22715.6,0.056744291552568285,0.0125,index_dividend_yield,0.065,13.42,65,22665,22809.35,22595.2,22716.2,mid_price,ok
2026-09-30T09:59:45.661400+00:00,2026-09-30T15:29:45.661400+05:30,NIFTY,27-Oct-2026,20650.0,CE,22620.45,2020.85,650,2093.2,65,0.0,2057.0249999999996,0,0,0,0,0,,,,,,,,,,,,,,,0.07397305741374936,22715.6,0.056744291552568285,0.0125,index_dividend_yield,0.065,13.42,65,22665,22809.35,22595.2,22716.2,mid_price,no_nse_iv
2026-09-30T09:59:45.661400+00:00,2026-09-30T15:29:45.661400+05:30,NIFTY,27-Oct-2026,20650.0,PE,22620.45,17.25,780,17.6,130,17.7,17.425,127,35,200,13.82636655948553,20.25,-0.03977790464787735,6.884485815104954e-05,-1.8457418754229873,5.276823726539898,-0.719078419237601,0.0024710664001025354,77.54555413736641,-9.997054267288483e-08,0.0006717515789068313,-2.201873507619821e-06,-0.36415598778987945,-44.11310204096152,0.044561333537516304,8.261023889805344e-05,0.07397305741374936,22715.6,0.056744291552568285,0.0125,index_dividend_yield,0.065,13.42,65,22665,22809.35,22595.2,22716.2,mid_price,ok
2026-09-30T09:59:45.661400+00:00,2026-09-30T15:29:45.661400+05:30,NIFTY,27-Oct-2026,20700.0,CE,22620.45,1972.6,650,2043.5,65,0.0,2008.05,0,0,0,0,0,,,,,,,,,,,,,,,0.07397305741374936,22715.6,0.056744291552568285,0.0125,index_dividend_yield,0.065,13.42,65,22665,22809.35,22595.2,22716.2,mid_price,no_nse_iv
2026-09-30T09:59:45.661400+00:00,2026-09-30T15:29:45.661400+05:30,NIFTY,27-Oct-2026,20700.0,PE,22620.45,18.05,65,18.15,390,18.05,18.1,1131,657,1693,12.461059190031152,20.02,-0.04196117695805856,7.27205992596101e-05,-1.9026406056529792,5.510583302533857,-0.7486972749441955,0.0025375753384405814,79.5924864774351,-1.0529019329178952e-07,0.0006871237638596229,-2.21337145356211e-06,-0.3717663359078527,-44.26570818144246,0.04689002438755015,8.683988482460384e-05,0.07397305741374936,22715.6,0.056744291552568285,0.0125,index_dividend_yield,0.065,13.42,65,22665,22809.35,22595.2,22716.2,mid_price,ok
2026-09-30T09:59:45.661400+00:00,2026-09-30T15:29:45.661400+05:30,NIFTY,27-Oct-2026,20750.0,CE,22620.45,1924.85,650,1994.05,65,0.0,1959.4499999999998,0,0,0,0,0,,,,,,,,,,,,,,,0.07397305741374936,22715.6,0.056744291552568285,0.0125,index_dividend_yield,0.065,13.42,65,22665,22809.35,22595.2,22716.2,mid_price,no_nse_iv
2026-09-30T09:59:45.661400+00:00,2026-09-30T15:29:45.661400+05:30,NIFTY,27-Oct-2026,20750.0,PE,22620.45,18.85,1105,19.2,65,19.3,19.025,126,87,373,12.209302325581396,19.79,-0.04428377590337715,7.683761856393415e-05,-1.9612336303623983,5.755668070224012,-0.7793873350850044,0.0026046983805327537,81.63867791036373,-1.1088815574261091e-07,0.0007016242849562347,-2.2194808731829753e-06,-0.3793725382809203,-44.41602700289163,0.04936250771238677,9.131459027607509e-05,0.07397305741374936,22715.6,0.056744291552568285,0.0125,index_dividend_yield,0.065,13.42,65,22665,22809.35,22595.2,22716.2,mid_price,ok
2026-09-30T09:59:45.661400+00:00,2026-09-30T15:29:45.661400+05:30,NIFTY,27-Oct-2026,20800.0,CE,22620.45,1876.7,650,1944.35,65,0.0,1910.525,0,0,0,0,0,,,,,,,,,,,,,,,0.07397305741374936,22715.6,0.056744291552568285,0.0125,index_dividend_yield,0.065,13.42,65,22665,22809.35,22595.2,22716.2,mid_price,no_nse_iv
2026-09-30T09:59:45.661400+00:00,2026-09-30T15:29:45.661400+05:30,NIFTY,27-Oct-2026,20800.0,PE,22620.45,19.7,780,19.8,520,19.75,19.75,3354,541,4147,13.832853025936599,19.56,-0.046755789932898355,8.121180510297344e-05,-2.0215404163730266,6.012624246839176,-0.8111534965402449,0.0026722643851427655,83.6761522146623,-1.1677537266286723e-07,0.0007150334282262539,-2.2194824109419904e-06,-0.38695565603825166,-44.56379828438404,0.05198894744023138,9.604947036174078e-05,0.07397305741374936,22715.6,0.056744291552568285,0.0125,index_dividend_yield,0.065,13.42,65,22665,22809.35,22595.2,22716.2,mid_price,ok
2026-09-30T09:59:45.661400+00:00,2026-09-30T15:29:45.661400+05:30,NIFTY,27-Oct-2026,20850.0,CE,22620.45,1829.2,650,1895.15,65,0.0,1862.1750000000002,0,0,0,0,0,,,,,,,,,,,,,,,0.07397305741374936,22715.6,0.056744291552568285,0.0125,index_dividend_yield,0.065,13.42,65,22665,22809.35,22595.2,22716.2,mid_price,no_nse_iv
2026-09-30T09:59:45.661400+00:00,2026-09-30T15:29:45.661400+05:30,NIFTY,27-Oct-2026,20850.0,PE,22620.45,20.8,585,21.1,65,21.3,20.950000000000003,117,36,356,14.824797843665769,19.31,-0.04921935308357893,8.571443447661952e-05,-2.0756895363171886,6.264873232370869,-0.8434638997885032,0.0027355316288979054,85.7279148585417,-1.2299756080581613e-07,0.0007290469128017269,-2.216723557173629e-06,-0.3939948466540937,-44.78083385449393,0.05459119545062606,0.00010088911818374505,0.07397305741374936,22715.6,0.056744291552568285,0.0125,index_dividend_yield,0.065,13.42,65,22665,22809.35,22595.2,22716.2,mid_price,ok
2026-09-30T09:59:45.661400+00:00,2026-09-30T15:29:45.661400+05:30,NIFTY,27-Oct-2026,20900.0,CE,22620.45,1781.5,650,1845.8,65,0.0,1813.65,1,0,0,0,24.4,0.8995457376898094,0.00011647760678743835,-7.454064121752464,10.757424702131903,-0.8723504698486817,0.003593738759596454,68.89674734708339,-1.046502851297136e-07,0.00026863601382138685,-8.863653989402087e-07,-0.4802219461649724,10.866984343432941,-0.8840027214517614,0.00013644334164748123,0.07397305741374936,22715.6,0.056744291552568285,0.0125,index_dividend_yield,0.065,13.42,65,22665,22809.35,22595.2,22716.2,mid_price,ok
2026-09-30T09:59:45.661400+00:00,2026-09-30T15:29:45.661400+05:30,NIFTY,27-Oct-2026,20900.0,PE,22620.45,21.9,650,22.05,65,21.95,21.975,899,195,2260,11.421319796954315,19.12,-0.052368091588146246,9.094758139802882e-05,-2.155388946052654,6.5819577751720395,-0.878373063153911,0.0028123426529465603,87.64610979514353,-1.2940961683165933e-07,0.0007354288816118236,-2.1933489284755068e-06,-0.4024512254472281,-44.7778594884482,0.05794471809035716,0.00010653714703590251,0.07397305741374936,22715.6,0.056744291552568285,0.0125,index_dividend_yield,0.065,13.42,65,22665,22809.35,22595.2,22716.2,mid_price,ok
2026-09-30T09:59:45.661400+00:00,2026-09-30T15:29:45.661400+05:30,NIFTY,27-Oct-2026,20950.0,CE,22620.45,1734.05,650,1796.55,65,0.0,1765.3,0,0,0,0,0,,,,,,,,,,,,,,,0.07397305741374936,22715.6,0.056744291552568285,0.0125,index_dividend_yield,0.065,13.42,65,22665,22809.35,22595.2,22716.2,mid_price,no_nse_iv
2026-09-30T09:59:45.661400+00:00,2026-09-30T15:29:45.661400+05:30,NIFTY,27-Oct-2026,20950.0,PE,22620.45,22.8,845,23.25,390,23.4,23.025,140,62,264,14.146341463414634,18.81,-0.0546341924572783,9.560184031951404e-05,-2.1883286585946866,6.806613609215054,-0.9115698065842205,0.0028623476250673532,89.79055671808389,-1.3646644255424824e-07,0.0007529277722136034,-2.1896067598533144e-06,-0.4079307449380911,-45.21080853692212,0.06029524089469654,0.000111455288014091,0.07397305741374936,22715.6,0.056744291552568285,0.0125,index_dividend_yield,0.065,13.42,65,22665,22809.35,22595.2,22716.2,mid_price,ok
2026-09-30T09:59:45.661400+00:00,2026-09-30T15:29:45.661400+05:30,NIFTY,27-Oct-2026,21000.0,CE,22620.45,1731.85,65,1737.55,65,1735.6,1734.6999999999998,4065,424,1013,-7.387743123182412,0,,,,,,,,,,,,,,,0.07397305741374936,22715.6,0.056744291552568285,0.0125,index_dividend_yield,0.065,13.42,65,22665,22809.35,22595.2,22716.2,mid_price,no_nse_iv
2026-09-30T09:59:45.661400+00:00,2026-09-30T15:29:45.661400+05:30,NIFTY,27-Oct-2026,21000.0,PE,22620.45,24.4,195,24.55,520,24.4,24.475,18172,733,28915,7.017543859649122,18.65,-0.05846389646082787,0.00010170906465919629,-2.2842442905549203,7.179836363889612,-0.9489904753695773,0.002944598956185644,91.50924049360177,-1.4337639735609721e-07,0.0007509898667245354,-2.1387343560452647e-06,-0.41683512415436935,-45.08632269886366,0.06437199123393351,0.00011801128833819342,0.07397305741374936,22715.6,0.056744291552568285,0.0125,index_dividend_yield,0.065,13.42,65,22665,22809.35,22595.2,22716.2,mid_price,ok
2026-09-30T09:59:45.661400+00:00,2026-09-30T15:29:45.661400+05:30,NIFTY,27-Oct-2026,21050.0,CE,22620.45,1658.45,650,1718.65,65,0.0,1688.5500000000002,0,0,0,0,0,,,,,,,,,,,,,,,0.07397305741374936,22715.6,0.056744291552568285,0.0125,index_dividend_yield,0.065,13.42,65,22665,22809.35,22595.2,22716.2,mid_price,no_nse_iv
2026-09-30T09:59:45.661400+00:00,2026-09-30T15:29:45.661400+05:30,NIFTY,27-Oct-2026,21050.0,PE,22620.45,25.45,260,25.8,130,25.7,25.625,85,36,275,16.289592760180994,18.49,-0.06255868369150601,0.00010816897006504001,-2.382977822012931,7.570344714034211,-0.9868198041192467,0.003024877093029739,93.08299923680163,-1.5048297753931838e-07,0.0007450402446350582,-2.0736254156323604e-06,-0.4254452406539721,-44.95459812865974,0.06872133618846882,0.00012491108331084448,0.07397305741374936,22715.6,0.056744291552568285,0.0125,index_dividend_yield,0.065,13.42,65,22665,22809.35,22595.2,22716.2,mid_price,ok
2026-09-30T09:59:45.661400+00:00,2026-09-30T15:29:45.661400+05:30,NIFTY,27-Oct-2026,21100.0,CE,22620.45,1458.6,65,1668.4,65,0.0,1563.5,1,0,0,0,22.19,0.8930563247992841,0.00013409333216745048,-7.236018684746832,11.262648620347399,-0.9793230451080048,0.0036188026322452327,75.16042782523158,-1.2828114965649876e-07,0.00029058514358974946,-7.914774268443825e-07,-0.4835521279750399,12.082732612442717,-0.8781714750956583,0.00015411494406385618,0.07397305741374936,22715.6,0.056744291552568285,0.0125,index_dividend_yield,0.065,13.42,65,22665,22809.35,22595.2,22716.2,mid_price,ok
2026-09-30T09:59:45.661400+00:00,2026-09-30T15:29:45.661400+05:30,NIFTY,27-Oct-2026,21100.0,PE,22620.45,27,65,27.2,65,27.3,27.1,648,185,1399,12.345679012345679,18.13,-0.06488765627989744,0.00011349851692816529,-2.3981061734516373,7.788683217510294,-1.0230956665874118,0.003063478882233614,95.33037132182587,-1.590131364948111e-07,0.0007631902346584492,-2.0576608882305863e-06,-0.42961026498735233,-45.570839062005625,0.07108990118084794,0.00013044509600128171,0.07397305741374936,22715.6,0.056744291552568285,0.0125,index_dividend_yield,0.065,13.42,65,22665,22809.35,22595.2,22716.2,mid_price,ok
2026-09-30T09:59:45.661400+00:00,2026-09-30T15:29:45.661400+05:30,NIFTY,27-Oct-2026,21150.0,CE,22620.45,1563,650,1619.45,65,0.0,1591.225,0,0,0,0,0,,,,,,,,,,,,,,,0.07397305741374936,22715.6,0.056744291552568285,0.0125,index_dividend_yield,0.065,13.42,65,22665,22809.35,22595.2,22716.2,mid_price,no_nse_iv
2026-09-30T09:59:45.661400+00:00,2026-09-30T15:29:45.661400+05:30,NIFTY,27-Oct-2026,21150.0,PE,22620.45,28.55,65,28.85,130,28.55,28.700000000000003,191,60,340,12.180746561886052,17.91,-0.0688504514412138,0.00012028406957836484,-2.4743611348796097,8.154169761154122,-1.0620702778081568,0.0031288739087277917,96.96340025337857,-1.671542364377105e-07,0.000758770081997812,-1.9860656463438204e-06,-0.43657925302026346,-45.65509550883638,0.0752501704474803,0.00013759094402320094,0.07397305741374936,22715.6,0.056744291552568285,0.0125,index_dividend_yield,0.065,13.42,65,22665,22809.35,22595.2,22716.2,mid_price,ok
2026-09-30T09:59:45.661400+00:00,2026-09-30T15:29:45.661400+05:30,NIFTY,27-Oct-2026,21200.0,CE,22620.45,,0,1569.8,65,0.0,,1,0,0,0,21.15,,,,,,,,,,,,,,,0.07397305741374936,,,,,,13.42,65,22665,22809.35,22595.2,22716.2,none,no_price_available
2026-09-30T09:59:45.661400+00:00,2026-09-30T15:29:45.661400+05:30,NIFTY,27-Oct-2026,21200.0,PE,22620.45,30.45,975,30.7,65,30.6,30.575,3885,2628,9017,13.333333333333334,17.78,-0.07407717529933602,0.0001281615226962421,-2.592290692170467,8.625126334364204,-1.1016806787198032,0.003207946837256642,97.9815590045785,-1.7483325226658523e-07,0.0007351441257328316,-1.8657587246346974e-06,-0.4449479392370197,-45.38404146104457,0.08078211357478937,0.00014591112885299672,0.07397305741374936,22715.6,0.056744291552568285,0.0125,index_dividend_yield,0.065,13.42,65,22665,22809.35,22595.2,22716.2,mid_price,ok
2026-09-30T09:59:45.661400+00:00,2026-09-30T15:29:45.661400+05:30,NIFTY,27-Oct-2026,21250.0,CE,22620.45,1468.1,650,1520.8,65,0.0,1494.4499999999998,0,0,0,0,0,,,,,,,,,,,,,,,0.07397305741374936,22715.6,0.056744291552568285,0.0125,index_dividend_yield,0.065,13.42,65,22665,22809.35,22595.2,22716.2,mid_price,no_nse_iv
2026-09-30T09:59:45.661400+00:00,2026-09-30T15:29:45.661400+05:30,NIFTY,27-Oct-2026,21250.0,PE,22620.45,32.05,260,32.6,325,32.85,32.325,206,83,487,18.37837837837838,17.56,-0.07864085898623652,0.00013580607664122178,-2.672430913507042,9.026507849901755,-1.141312704840851,0.0032669389135519533,99.27247579722298,-1.834725985664712e-07,0.0007202454643581425,-1.7599491530546224e-06,-0.45122760537353024,-45.45230978236389,0.08555431337587123,0.00015388766668754332,0.07397305741374936,22715.6,0.056744291552568285,0.0125,index_dividend_yield,0.065,13.42,65,22665,22809.35,22595.2,22716.2,mid_price,ok
2026-09-30T09:59:45.661400+00:00,2026-09-30T15:29:45.661400+05:30,NIFTY,27-Oct-2026,21300.0,CE,22620.45,1208.7,650,1472.3,65,0.0,1340.5,1,0,0,0,17.96,0.9082631075278739,0.00014791485686438844,-6.0413508841157695,10.055280258249844,-1.1706335629861897,0.0034434570648840257,96.16755411237942,-1.8496460461273173e-07,0.0005911079217341933,-1.380071447101345e-06,-0.4661721616611043,14.176328351451119,-0.8965282026808732,0.00016682267135976548,0.07397305741374936,22715.6,0.056744291552568285,0.0125,index_dividend_yield,0.065,13.42,65,22665,22809.35,22595.2,22716.2,mid_price,wide_quote_low_liquidity
2026-09-30T09:59:45.661400+00:00,2026-09-30T15:29:45.661400+05:30,NIFTY,27-Oct-2026,21300.0,PE,22620.45,34.6,325,34.75,130,34.55,34.675,4514,2474,6672,13.651315789473685,17.35,-0.0836373172472045,0.000143989059165169,-2.758608510017184,9.455946858597663,-1.1811205825391011,0.003323688423068391,100.31774267985938,-1.922793582675572e-07,0.000697718376568176,-1.6316385709481114e-06,-0.4573079715389454,-45.47427914069667,0.09077548326127402,0.00016239504270037906,0.07397305741374936,22715.6,0.056744291552568285,0.0125,index_dividend_yield,0.065,13.42,65,22665,22809.35,22595.2,22716.2,mid_price,ok
2026-09-30T09:59:45.661400+00:00,2026-09-30T15:29:45.661400+05:30,NIFTY,27-Oct-2026,21350.0,CE,22620.45,1374.05,650,1422.65,65,0.0,1398.35,0,0,0,0,0,,,,,,,,,,,,,,,0.07397305741374936,22715.6,0.056744291552568285,0.0125,index_dividend_yield,0.065,13.42,65,22665,22809.35,22595.2,22716.2,mid_price,no_nse_iv
2026-09-30T09:59:45.661400+00:00,2026-09-30T15:29:45.661400+05:30,NIFTY,27-Oct-2026,21350.0,PE,22620.45,36.7,130,37,65,36.6,36.85,4978,-216,2436,11.585365853658537,17.17,-0.08934576946141161,0.00015286005306224044,-2.860111902713212,9.934370454639623,-1.220280726889518,0.003379804435178157,100.9240654760708,-2.0091079958409119e-07,0.0006626990673294837,-1.4697277887185686e-06,-0.4633940697915282,-45.370072498498,0.09674881536295701,0.00017159345861596088,0.07397305741374936,22715.6,0.056744291552568285,0.0125,index_dividend_yield,0.065,13.42,65,22665,22809.35,22595.2,22716.2,mid_price,ok
2026-09-30T09:59:45.661400+00:00,2026-09-30T15:29:45.661400+05:30,NIFTY,27-Oct-2026,21400.0,CE,22620.45,1033.1,650,1364.3,65,1440,1198.6999999999998,26,-1,1,-4,19.33,,,,,,,,,,,,,,,0.07397305741374936,,,,,,13.42,65,22665,22809.35,22595.2,22716.2,mid_price,no_price_available
2026-09-30T09:59:45.661400+00:00,2026-09-30T15:29:45.661400+05:30,NIFTY,27-Oct-2026,21400.0,PE,22620.45,39.25,325,39.5,195,39.15,39.375,5497,1528,6855,13.15028901734104,17,-0.09557404200427405,0.00016228091512038748,-2.967865411439583,10.44220990990225,-1.2583985033314746,0.0034305546712007917,101.1646636545791,-2.0947494591202007e-07,0.0006176503957257046,-1.2799917322207314e-06,-0.46904985550645506,-45.216877646866486,0.10325889005840742,0.00018131861039011242,0.07397305741374936,22715.6,0.056744291552568285,0.0125,index_dividend_yield,0.065,13.42,65,22665,22809.35,22595.2,22716.2,mid_price,ok
2026-09-30T09:59:45.661400+00:00,2026-09-30T15:29:45.661400+05:30,NIFTY,27-Oct-2026,21450.0,CE,22620.45,1278.4,650,1311.1,195,0.0,1294.75,0,0,0,0,0,,,,,,,,,,,,,,,0.07397305741374936,22715.6,0.056744291552568285,0.0125,index_dividend_yield,0.065,13.42,65,22665,22809.35,22595.2,22716.2,mid_price,no_nse_iv
2026-09-30T09:59:45.661400+00:00,2026-09-30T15:29:45.661400+05:30,NIFTY,27-Oct-2026,21450.0,PE,22620.45,41.7,130,42.1,585,43.35,41.900000000000006,305,-33,369,18.930041152263374,16.77,-0.10145154285307868,0.00017185307898650863,-3.048576311172264,10.908535011481126,-1.2974737709779276,0.0034669899288471695,101.60205505026364,-2.1908185048462557e-07,0.0005759354540136355,-1.0936769179181196e-06,-0.47338216239150377,-45.289805358249474,0.1093496759287574,0.00019111959002084708,0.07397305741374936,22715.6,0.056744291552568285,0.0125,index_dividend_yield,0.065,13.42,65,22665,22809.35,22595.2,22716.2,mid_price,ok
2026-09-30T09:59:45.661400+00:00,2026-09-30T15:29:45.661400+05:30,NIFTY,27-Oct-2026,21500.0,CE,22620.45,1249.9,65,1257.45,65,1255.6,1253.6750000000002,6038,-121,1419,-10.553873552983081,0,,,,,,,,,,,,,,,0.07397305741374936,22715.6,0.056744291552568285,0.0125,index_dividend_yield,0.065,13.42,65,22665,22809.35,22595.2,22716.2,mid_price,no_nse_iv
2026-09-30T09:59:45.661400+00:00,2026-09-30T15:29:45.661400+05:30,NIFTY,27-Oct-2026,21500.0,PE,22620.45,44.3,260,44.5,780,44.5,44.4,32256,3375,30987,15.584415584415584,16.54,-0.10773839335011441,0.0001819984232893956,-3.1298326827508136,11.394077799136767,-1.335933627050742,0.003496332661669696,101.7628803674242,-2.2887828307394885e-07,0.0005251770504543748,-8.826262721476761e-07,-0.47720254849080135,-45.354018228486815,0.11585236188147578,0.00020146202101475525,0.07397305741374936,22715.6,0.056744291552568285,0.0125,index_dividend_yield,0.065,13.42,65,22665,22809.35,22595.2,22716.2,mid_price,ok
2026-09-30T09:59:45.661400+00:00,2026-09-30T15:29:45.661400+05:30,NIFTY,27-Oct-2026,21550.0,CE,22620.45,1188.95,650,1219.9,195,0.0,1204.4250000000002,0,0,0,0,0,,,,,,,,,,,,,,,0.07397305741374936,22715.6,0.056744291552568285,0.0125,index_dividend_yield,0.065,13.42,65,22665,22809.35,22595.2,22716.2,mid_price,no_nse_iv
2026-09-30T09:59:45.661400+00:00,2026-09-30T15:29:45.661400+05:30,NIFTY,27-Oct-2026,21550.0,PE,22620.45,47.65,780,48.1,130,49.15,47.875,416,77,514,19.732034104750305,16.3,-0.11432756743279741,0.00019269805243370033,-3.2065462825420985,11.88888098342011,-1.3739640799283401,0.0035167433361478345,101.71618515907177,-2.3903432953423747e-07,0.0004665129602217491,-6.500082188925691e-07,-0.4803778128395564,-45.449125682191,0.1226470027810418,0.0002123172385282823,0.07397305741374936,22715.6,0.056744291552568285,0.0125,index_dividend_yield,0.065,13.42,65,22665,22809.35,22595.2,22716.2,mid_price,ok
2026-09-30T09:59:45.661400+00:00,2026-09-30T15:29:45.661400+05:30,NIFTY,27-Oct-2026,21600.0,CE,22620.45,1153.2,65,1175.45,325,1245,1164.325,13,1,2,-1.4563875257242362,17.53,0.8576776131795756,0.00020771080749312358,-7.054008029246057,13.782152779854977,-1.3108637519997912,0.0036093832979068314,86.57579691284312,-2.152511150355395e-07,0.00011994032191064465,2.898197181693972e-07,-0.4911784967951239,16.403700160828183,-0.8434411731356912,0.0002278001849883509,0.07397305741374936,22715.6,0.056744291552568285,0.0125,index_dividend_yield,0.065,13.42,65,22665,22809.35,22595.2,22716.2,mid_price,ok
2026-09-30T09:59:45.661400+00:00,2026-09-30T15:29:45.661400+05:30,NIFTY,27-Oct-2026,21600.0,PE,22620.45,50.9,130,51.05,65,51,50.974999999999994,5789,2059,9574,13.966480446927374,16.15,-0.12264875022910869,0.00020438777440393707,-3.326634710379595,12.494057232006273,-1.4050243006520218,0.0035331828185702074,100.38563027513447,-2.471186562139503e-07,0.0003766974828486424,-3.4306225789565003e-07,-0.48366331642604976,-45.170859704164386,0.13128654558264943,0.0002241557547269926,0.07397305741374936,22715.6,0.056744291552568285,0.0125,index_dividend_yield,0.065,13.42,65,22665,22809.35,22595.2,22716.2,mid_price,ok
2026-09-30T09:59:45.661400+00:00,2026-09-30T15:29:45.661400+05:30,NIFTY,27-Oct-2026,21650.0,CE,22620.45,1102,195,1128.2,195,0.0,1115.1,0,0,0,0,0,,,,,,,,,,,,,,,0.07397305741374936,22715.6,0.056744291552568285,0.0125,index_dividend_yield,0.065,13.42,65,22665,22809.35,22595.2,22716.2,mid_price,no_nse_iv
2026-09-30T09:59:45.661400+00:00,2026-09-30T15:29:45.661400+05:30,NIFTY,27-Oct-2026,21650.0,PE,22620.45,55.25,1040,55.6,1235,55.45,55.425,875,-6,2525,16.00418410041841,16.02,-0.13181285171001436,0.00021663776040042922,-3.456353610219903,13.136289736583494,-1.4310698621343987,0.003536486128626781,98.37291947019544,-2.5426057646030203e-07,0.00027009362365109095,4.5323228920195625e-09,-0.4862086339648961,-44.80118565647969,0.14079534897074975,0.00023649438643979056,0.07397305741374936,22715.6,0.056744291552568285,0.0125,index_dividend_yield,0.065,13.42,65,22665,22809.35,22595.2,22716.2,mid_price,ok
2026-09-30T09:59:45.661400+00:00,2026-09-30T15:29:45.661400+05:30,NIFTY,27-Oct-2026,21700.0,CE,22620.45,1060,130,1084.1,65,0.0,1072.05,3,0,0,0,17.39,0.8366872639023981,0.00022955337267531868,-7.392726639102918,15.109820659649836,-1.3230018483411654,0.003542752386607839,80.10092976991866,-2.204987659226153e-07,-0.00010307273241093686,1.0263063182189454e-06,-0.4920406395301455,17.245938354747977,-0.8216041726456625,0.000249440340614451,0.07397305741374936,22715.6,0.056744291552568285,0.0125,index_dividend_yield,0.065,13.42,65,22665,22809.35,22595.2,22716.2,mid_price,ok
2026-09-30T09:59:45.661400+00:00,2026-09-30T15:29:45.661400+05:30,NIFTY,27-Oct-2026,21700.0,PE,22620.45,60,650,60.2,390,60.1,60.1,8002,837,16075,17.26829268292683,15.97,-0.14273096776054822,0.00022945282293455,-3.624450376664748,13.869933249935645,-1.4456945833092731,0.0035244478913984967,94.95357261456316,-2.584589927965729e-07,0.00013412411897782727,4.2177002059360833e-07,-0.48816664478247596,-44.107467068863514,0.15215843722666794,0.000249331079917064,0.07397305741374936,22715.6,0.056744291552568285,0.0125,index_dividend_yield,0.065,13.42,65,22665,22809.35,22595.2,22716.2,mid_price,ok
2026-09-30T09:59:45.661400+00:00,2026-09-30T15:29:45.661400+05:30,NIFTY,27-Oct-2026,21750.0,CE,22620.45,1008,260,1050.75,260,0.0,1029.375,4,0,0,0,15.05,0.857794759518277,0.00024180238861411642,-6.447916312228675,13.77441414080751,-1.5368264090273032,0.003526216815222915,101.54965586682162,-2.8991293998275214e-07,0.00017607110799079922,4.295359040169149e-07,-0.4856551163515359,18.987682717088475,-0.8451399280533087,0.00026154386946925846,0.07397305741374936,22715.6,0.056744291552568285,0.0125,index_dividend_yield,0.065,13.42,65,22665,22809.35,22595.2,22716.2,mid_price,ok
2026-09-30T09:59:45.661400+00:00,2026-09-30T15:29:45.661400+05:30,NIFTY,27-Oct-2026,21750.0,PE,22620.45,64.3,130,64.8,65,65.1,64.55,592,116,1199,17.615176151761517,15.65,-0.15033008302339645,0.00024243856750346448,-3.6593382096169123,14.361245317181613,-1.4794121279511907,0.0034940036826834058,94.15362755147427,-2.7004967850161986e-07,4.038677947379812e-05,7.381795343687545e-07,-0.48813611950774494,-44.462359137471175,0.15986277316276343,0.00026223198793387916,0.07397305741374936,22715.6,0.056744291552568285,0.0125,index_dividend_yield,0.065,13.42,65,22665,22809.35,22595.2,22716.2,mid_price,ok
2026-09-30T09:59:45.661400+00:00,2026-09-30T15:29:45.661400+05:30,NIFTY,27-Oct-2026,21800.0,CE,22620.45,980.7,390,986.45,65,968.4,983.575,271,18,494,-14.56173629185231,0,,,,,,,,,,,,,,,0.07397305741374936,22715.6,0.056744291552568285,0.0125,index_dividend_yield,0.065,13.42,65,22665,22809.35,22595.2,22716.2,mid_price,no_nse_iv
2026-09-30T09:59:45.661400+00:00,2026-09-30T15:29:45.661400+05:30,NIFTY,27-Oct-2026,21800.0,PE,22620.45,69.8,455,70.05,260,70,69.925,10458,1739,17024,15.321252059308073,15.58,-0.1622377221746579,0.00025606679487934084,-3.814026651996123,15.100689184109564,-1.4845320736904255,0.003444872452556952,89.93733693187966,-2.7314618483613556e-07,-0.00011840698895898777,1.2058420057075073e-06,-0.4881474057929047,-43.82038983256093,0.17218526354343536,0.00027570380443886185,0.07397305741374936,22715.6,0.056744291552568285,0.0125,index_dividend_yield,0.065,13.42,65,22665,22809.35,22595.2,22716.2,mid_price,ok
2026-09-30T09:59:45.661400+00:00,2026-09-30T15:29:45.661400+05:30,NIFTY,27-Oct-2026,21850.0,CE,22620.45,926,260,951.05,260,0.0,938.525,0,0,0,0,0,,,,,,,,,,,,,,,0.07397305741374936,22715.6,0.056744291552568285,0.0125,index_dividend_yield,0.065,13.42,65,22665,22809.35,22595.2,22716.2,mid_price,no_nse_iv
2026-09-30T09:59:45.661400+00:00,2026-09-30T15:29:45.661400+05:30,NIFTY,27-Oct-2026,21850.0,PE,22620.45,75.1,780,75.75,65,75.4,75.425,637,149,607,16.899224806201552,15.46,-0.17408376982630863,0.0002700222584787024,-3.9411710943171383,15.801019342410495,-1.4876257115228886,0.003374945782253974,85.80774971111981,-2.767558479681957e-07,-0.00028017054843688157,1.6769927582827957e-06,-0.4870707934722489,-43.365722092469056,0.18437798057978996,0.00028940042423423237,0.07397305741374936,22715.6,0.056744291552568285,0.0125,index_dividend_yield,0.065,13.42,65,22665,22809.35,22595.2,22716.2,mid_price,ok
2026-09-30T09:59:45.661400+00:00,2026-09-30T15:29:45.661400+05:30,NIFTY,27-Oct-2026,21900.0,CE,22620.45,892.6,130,901.05,65,887,896.825,92,55,121,-13.421181063933625,8.48,0.9424526858083413,0.00021812973628595507,-4.020319084477368,7.001430405908633,-2.0935982845990964,0.0026106610395990604,203.94269728858026,-6.697215072483191e-07,0.003782315047775491,-3.7794076439607476e-06,-0.3805647504727334,26.084238751251096,-0.9361370652055643,0.0002327175441885157,0.07397305741374936,22715.6,0.056744291552568285,0.0125,index_dividend_yield,0.065,13.42,65,22665,22809.35,22595.2,22716.2,mid_price,ok
2026-09-30T09:59:45.661400+00:00,2026-09-30T15:29:45.661400+05:30,NIFTY,27-Oct-2026,21900.0,PE,22620.45,81.8,130,82.15,390,82,81.975,8169,851,15906,16.065109695682946,15.32,-0.18633202899177992,0.0002843675673904066,-4.054462797456298,16.489780621467972,-1.4856762298169484,0.0032837654179422027,81.42938817892365,-2.799012244810804e-07,-0.0004518810142878631,2.16600465794385e-06,-0.4851211269926594,-42.97626881445308,0.19694017057916727,0.0003033851461829264,0.07397305741374936,22715.6,0.056744291552568285,0.0125,index_dividend_yield,0.065,13.42,65,22665,22809.35,22595.2,22716.2,mid_price,ok
2026-09-30T09:59:45.661400+00:00,2026-09-30T15:29:45.661400+05:30,NIFTY,27-Oct-2026,21950.0,CE,22620.45,842.1,260,864.65,260,0.0,853.375,1,0,0,0,10.39,0.8872372828873214,0.0002975971293080696,-4.9979214365676725,11.703623299808035,-2.1750639183873988,0.0032474938669619924,162.76431409820447,-5.751354232105599e-07,0.0012748860794057867,-6.009365240218674e-07,-0.45705104753370307,25.407901686039857,-0.8783510886915041,0.0003160546388857628,0.07397305741374936,22715.6,0.056744291552568285,0.0125,index_dividend_yield,0.065,13.42,65,22665,22809.35,22595.2,22716.2,mid_price,ok
2026-09-30T09:59:45.661400+00:00,2026-09-30T15:29:45.661400+05:30,NIFTY,27-Oct-2026,21950.0,PE,22620.45,88.05,65,88.85,65,88.5,88.44999999999999,514,166,1047,15.535248041775457,15.24,-0.20018735128497636,0.00029864835200667055,-4.191564355661905,17.227455600554993,-1.4677919994563886,0.003164350783821018,75.88337903207609,-2.7932314065696103e-07,-0.0006441123425865707,2.6987855104250226e-06,-0.48237478181710364,-42.34988492485332,0.21117332761784383,0.00031717106030813104,0.07397305741374936,22715.6,0.056744291552568285,0.0125,index_dividend_yield,0.065,13.42,65,22665,22809.35,22595.2,22716.2,mid_price,ok
2026-09-30T09:59:45.661400+00:00,2026-09-30T15:29:45.661400+05:30,NIFTY,27-Oct-2026,22000.0,CE,22620.45,810.5,455,813.45,65,807.2,811.975,16478,1556,5794,-14.685832056227872,9.17,0.8994764947055908,0.00031008704146089804,-4.623903311212681,10.76289250706621,-2.400530412846824,0.00309878684519993,189.5402063821514,-7.130601916357914e-07,0.002079955232898279,-1.226905650070025e-06,-0.4411581295133349,27.798339664436234,-0.8915740273775928,0.0003278239934538187,0.07397305741374936,22715.6,0.056744291552568285,0.0125,index_dividend_yield,0.065,13.42,65,22665,22809.35,22595.2,22716.2,mid_price,ok
2026-09-30T09:59:45.661400+00:00,2026-09-30T15:29:45.661400+05:30,NIFTY,27-Oct-2026,22000.0,PE,22620.45,96.05,455,96.1,130,96.1,96.07499999999999,59335,6772,71641,17.266625991458206,15.1,-0.21389581203567104,0.000313460344242919,-4.293268010277925,17.915775148970738,-1.4487712612456793,0.0030244476352006555,70.62215581609443,-2.795659691206909e-07,-0.000840239272646969,3.2301304291815687e-06,-0.4789390778741627,-41.93752669060241,0.2251723453398112,0.0003313902488636579,0.07397305741374936,22715.6,0.056744291552568285,0.0125,index_dividend_yield,0.065,13.42,65,22665,22809.35,22595.2,22716.2,mid_price,ok
2026-09-30T09:59:45.661400+00:00,2026-09-30T15:29:45.661400+05:30,NIFTY,27-Oct-2026,22050.0,CE,22620.45,762.35,325,777.7,260,0.0,770.0250000000001,0,0,0,0,0,,,,,,,,,,,,,,,0.07397305741374936,22715.6,0.056744291552568285,0.0125,index_dividend_yield,0.065,13.42,65,22665,22809.35,22595.2,22716.2,mid_price,no_nse_iv
2026-09-30T09:59:45.661400+00:00,2026-09-30T15:29:45.661400+05:30,NIFTY,27-Oct-2026,22050.0,PE,22620.45,103.95,65,104.75,65,103.65,104.35,1170,195,1196,18.66056096164854,14.95,-0.22822541502503066,0.00032857056022389243,-4.382744753324222,18.59284679105599,-1.421816824726349,0.002859920306576502,65.08390063185132,-2.785879745291274e-07,-0.0010476245641152207,3.7765457030889305e-06,-0.4749398611506556,-41.548416466346694,0.23976488440876195,0.0003457912035841494,0.07397305741374936,22715.6,0.056744291552568285,0.0125,index_dividend_yield,0.065,13.42,65,22665,22809.35,22595.2,22716.2,mid_price,ok
2026-09-30T09:59:45.661400+00:00,2026-09-30T15:29:45.661400+05:30,NIFTY,27-Oct-2026,22100.0,CE,22620.45,729.5,390,734.15,325,716.4,731.825,117,25,124,-16.586132619200093,10.05,0.8423289532174755,0.000388122542992042,-5.371406318588632,14.764236038004809,-2.3400493939191302,0.0031215618710770383,145.02965486078344,-6.425339239083571e-07,-4.8998112017566414e-05,2.1619120674967046e-06,-0.46456175121226373,29.004070466732294,-0.8324399332136824,0.00040661818874270053,0.07397305741374936,22715.6,0.056744291552568285,0.0125,index_dividend_yield,0.065,13.42,65,22665,22809.35,22595.2,22716.2,mid_price,ok
2026-09-30T09:59:45.661400+00:00,2026-09-30T15:29:45.661400+05:30,NIFTY,27-Oct-2026,22100.0,PE,22620.45,112.9,195,113.3,260,113.3,113.1,5191,461,11054,20.084790673025967,14.88,-0.24444727514793663,0.0003428304327412375,-4.50121254746356,19.308936211093684,-1.3728624764380164,0.002659628260358843,58.39532678756676,-2.7229323581384995e-07,-0.0012671555588237703,4.346149857159412e-06,-0.47039213385992795,-40.860400921932474,0.25632733785649975,0.00035916772195831076,0.07397305741374936,22715.6,0.056744291552568285,0.0125,index_dividend_yield,0.065,13.42,65,22665,22809.35,22595.2,22716.2,mid_price,ok
2026-09-30T09:59:45.661400+00:00,2026-09-30T15:29:45.661400+05:30,NIFTY,27-Oct-2026,22150.0,CE,22620.45,685.1,65,694.2,650,690.7,689.6500000000001,38,-3,14,-13.02650632751999,10.21,0.8179848104109525,0.00041917558933497235,-5.614148302215897,16.19935696066156,-2.2767157683523664,0.0029692661601524724,127.5542482855112,-6.190095405959917e-07,-0.0008046671175792513,3.5131935692437146e-06,-0.46420024587745523,29.920460716430323,-0.8074389203225789,0.00043717065579596486,0.07397305741374936,22715.6,0.056744291552568285,0.0125,index_dividend_yield,0.065,13.42,65,22665,22809.35,22595.2,22716.2,mid_price,ok
2026-09-30T09:59:45.661400+00:00,2026-09-30T15:29:45.661400+05:30,NIFTY,27-Oct-2026,22150.0,PE,22620.45,122,325,122.65,195,121.9,122.325,829,52,1836,18.29209121785541,14.79,-0.2611277736991194,0.0003571088117241847,-4.599654681886951,19.991472797907345,-1.3158535107384572,0.0024335578107952394,51.74296332052464,-2.648186036786365e-07,-0.0014902540732053874,4.910458877237158e-06,-0.4655720287922236,-40.23838661017733,0.27330129066462744,0.0003724393723872663,0.07397305741374936,22715.6,0.056744291552568285,0.0125,index_dividend_yield,0.065,13.42,65,22665,22809.35,22595.2,22716.2,mid_price,ok
2026-09-30T09:59:45.661400+00:00,2026-09-30T15:29:45.661400+05:30,NIFTY,27-Oct-2026,22200.0,CE,22620.45,648.25,130,652.75,65,645.55,650.5,350,175,501,-17.67518969584901,10.47,0.7901507023138896,0.00044589731696393324,-5.893166858032765,17.670856110427927,-2.14260332635835,0.002730935149748537,106.71342415973584,-5.731640174847257e-07,-0.0015659092321967515,4.875155424706847e-06,-0.46128748334752956,30.649653940673403,-0.7788471764307362,0.0004629471244497884,0.07397305741374936,22715.6,0.056744291552568285,0.0125,index_dividend_yield,0.065,13.42,65,22665,22809.35,22595.2,22716.2,mid_price,ok
2026-09-30T09:59:45.661400+00:00,2026-09-30T15:29:45.661400+05:30,NIFTY,27-Oct-2026,22200.0,PE,22620.45,132.35,65,132.8,65,132.9,132.575,12863,4831,21473,20.21709633649932,14.66,-0.2780453290473816,0.00037178069258316356,-4.667761572360401,20.629887143101016,-1.2535285761100523,0.0021843350774980452,45.34057015712989,-2.569309976767983e-07,-0.0017189467937475688,5.4684403942650635e-06,-0.4606818883165395,-39.745261178507306,0.29043945978011737,0.00038599649742061126,0.07397305741374936,22715.6,0.056744291552568285,0.0125,index_dividend_yield,0.065,13.42,65,22665,22809.35,22595.2,22716.2,mid_price,ok
2026-09-30T09:59:45.661400+00:00,2026-09-30T15:29:45.661400+05:30,NIFTY,27-Oct-2026,22250.0,CE,22620.45,609.4,65,615,65,600,612.2,272,-41,91,-20.47713717693837,10.5,0.7661299384436243,0.0004732016593718819,-6.052407665036183,18.80665716522948,-2.0377425421304607,0.002449245793647581,91.33440307611096,-5.475742984972425e-07,-0.0022085224537183525,6.0475788360815695e-06,-0.4562210531251303,31.77704845907119,-0.7543746238505509,0.0004890899162362796,0.07397305741374936,22715.6,0.056744291552568285,0.0125,index_dividend_yield,0.065,13.42,65,22665,22809.35,22595.2,22716.2,mid_price,ok
2026-09-30T09:59:45.661400+00:00,2026-09-30T15:29:45.661400+05:30,NIFTY,27-Oct-2026,22250.0,PE,22620.45,143.3,130,144.2,845,143.05,143.75,3733,173,1949,18.223140495867767,14.58,-0.2963390938092492,0.0003852596487946744,-4.745752678390218,21.261166968315774,-1.1721498068457958,0.0019015241335377795,38.52260552228337,-2.4462678920880615e-07,-0.0019443880295144243,6.010268569787969e-06,-0.45582760781704934,-39.07449439735504,0.3089831938795211,0.0003981951576592512,0.07397305741374936,22715.6,0.056744291552568285,0.0125,index_dividend_yield,0.065,13.42,65,22665,22809.35,22595.2,22716.2,mid_price,ok
2026-09-30T09:59:45.661400+00:00,2026-09-30T15:29:45.661400+05:30,NIFTY,27-Oct-2026,22300.0,CE,22620.45,575.2,65,578,325,577.95,576.6,1385,980,2079,-17.688528092287974,10.53,0.7408560082745658,0.0004986911311385551,-6.195707701858094,19.87632391312802,-1.9006803898574676,0.002109450028742077,75.79238104183617,-5.140807973671817e-07,-0.002834332219366065,7.168268665448067e-06,-0.4505008559341306,32.932911413346474,-0.7286828946029728,0.0005131264470517461,0.07397305741374936,22715.6,0.056744291552568285,0.0125,index_dividend_yield,0.065,13.42,65,22665,22809.35,22595.2,22716.2,mid_price,ok
2026-09-30T09:59:45.661400+00:00,2026-09-30T15:29:45.661400+05:30,NIFTY,27-Oct-2026,22300.0,PE,22620.45,157.05,65,157.35,390,157.3,157.2,17342,6188,22883,20.398009950248756,14.53,-0.31565311259779427,0.00039752845404514,-4.822518490008175,21.863006494361034,-1.0750541424857096,0.0015887892785451108,31.68720539778569,-2.2883943397118642e-07,-0.0021598202707681156,6.519198809524802e-06,-0.45127597752693666,-38.30383538201154,0.3285482235661311,0.00040903547404271375,0.07397305741374936,22715.6,0.056744291552568285,0.0125,index_dividend_yield,0.065,13.42,65,22665,22809.35,22595.2,22716.2,mid_price,ok
2026-09-30T09:59:45.661400+00:00,2026-09-30T15:29:45.661400+05:30,NIFTY,27-Oct-2026,22350.0,CE,22620.45,538.05,65,542.6,65,533.3,540.325,149,4,73,-20.568960381292822,10.84,0.7097033945870317,0.0005124956098917827,-6.4448320091049185,21.027879587496464,-1.6552938952599239,0.0016799382219018222,56.467369775871745,-4.4282715055752057e-07,-0.0033517118881347743,8.133224757991418e-06,-0.44516548928827143,33.47504485185504,-0.6968337668250195,0.0005249737343709636,0.07397305741374936,22715.6,0.056744291552568285,0.0125,index_dividend_yield,0.065,13.42,65,22665,22809.35,22595.2,22716.2,mid_price,ok
2026-09-30T09:59:45.661400+00:00,2026-09-30T15:29:45.661400+05:30,NIFTY,27-Oct-2026,22350.0,PE,22620.45,169,325,169.95,195,169.5,169.475,888,147,1374,20.855614973262032,14.43,-0.3350903859580732,0.0004101784283967968,-4.860593803386216,22.403465231966596,-0.9736298346911809,0.001255979197559376,25.46185519244304,-2.1279507814332865e-07,-0.0023764480423641744,7.004450151268816e-06,-0.44726603635460543,-37.690149621038756,0.3481434496309989,0.00042016535782491565,0.07397305741374936,22715.6,0.056744291552568285,0.0125,index_dividend_yield,0.065,13.42,65,22665,22809.35,22595.2,22716.2,mid_price,ok
2026-09-30T09:59:45.661400+00:00,2026-09-30T15:29:45.661400+05:30,NIFTY,27-Oct-2026,22400.0,CE,22620.45,504.5,65,506.9,65,505.75,505.7,747,216,1019,-20.30412858493539,10.82,0.6835661016693424,0.0005337311413059563,-6.5246533792163435,21.8587767019645,-1.4778969273743225,0.0012483057288675825,43.59921112017595,-4.0243519010920025e-07,-0.0038684511353683448,9.021624031014153e-06,-0.44018476650331806,34.75042321559576,-0.6704291124632539,0.0005442882852046447,0.07397305741374936,22715.6,0.056744291552568285,0.0125,index_dividend_yield,0.065,13.42,65,22665,22809.35,22595.2,22716.2,mid_price,ok
2026-09-30T09:59:45.661400+00:00,2026-09-30T15:29:45.661400+05:30,NIFTY,27-Oct-2026,22400.0,PE,22620.45,183.4,65,184.1,65,184.05,183.75,7730,950,12147,20.886699507389164,14.3,-0.35495229626189834,0.00042289210234633065,-4.868155976964838,22.889782279116808,-0.864367901733526,0.0009010968916253748,19.735570096171884,-1.9541895926108183e-07,-0.0025927708981152457,7.462066799466962e-06,-0.44396342029209274,-37.160234135363936,0.36809151038091537,0.0004312568621150134,0.07397305741374936,22715.6,0.056744291552568285,0.0125,index_dividend_yield,0.065,13.42,65,22665,22809.35,22595.2,22716.2,mid_price,ok
2026-09-30T09:59:45.661400+00:00,2026-09-30T15:29:45.661400+05:30,NIFTY,27-Oct-2026,22450.0,CE,22620.45,469.3,65,472.7,65,470,471.0,117,7,91,-21.55553701076525,10.77,0.6568167083196376,0.0005540629252786051,-6.568588967475584,22.58659911117078,-1.282307461709764,0.0007773909033244042,31.988592778702696,-3.583103428312901e-07,-0.004360082431823376,9.819414134068613e-06,-0.43633818602020114,36.14988749351464,-0.6434963327467642,0.0005625082295229744,0.07397305741374936,22715.6,0.056744291552568285,0.0125,index_dividend_yield,0.065,13.42,65,22665,22809.35,22595.2,22716.2,mid_price,ok
2026-09-30T09:59:45.661400+00:00,2026-09-30T15:29:45.661400+05:30,NIFTY,27-Oct-2026,22450.0,PE,22620.45,198.35,130,199.55,65,198.1,198.95,1115,338,1653,21.832718327183272,14.28,-0.37635175284087197,0.00043182784013218027,-4.906018021746257,23.340754743304295,-0.7314899872981895,0.000516640116614453,14.138918448789894,-1.7199828930714782e-07,-0.002762536701472637,7.82382576068445e-06,-0.44168494071995923,-36.2962594552946,0.38965678664195014,0.0004384099760678618,0.07397305741374936,22715.6,0.056744291552568285,0.0125,index_dividend_yield,0.065,13.42,65,22665,22809.35,22595.2,22716.2,mid_price,ok
2026-09-30T09:59:45.661400+00:00,2026-09-30T15:29:45.661400+05:30,NIFTY,27-Oct-2026,22500.0,CE,22620.45,437.3,65,438.85,65,438.25,438.07500000000005,16007,3576,22426,-20.707436222182015,10.88,0.627382134975277,0.0005645450400743889,-6.657430371035686,23.248960587347693,-1.0311880192104272,0.0002623688481165898,20.712964062820305,-2.959113420448531e-07,-0.004686202634084427,1.0358489356070014e-05,-0.43459171984484607,37.14248458235978,-0.6137590693960036,0.0005706056144689074,0.07397305741374936,22715.6,0.056744291552568285,0.0125,index_dividend_yield,0.065,13.42,65,22665,22809.35,22595.2,22716.2,mid_price,ok
2026-09-30T09:59:45.661400+00:00,2026-09-30T15:29:45.661400+05:30,NIFTY,27-Oct-2026,22500.0,PE,22620.45,214.65,130,215.5,845,215.65,215.075,53420,1830,70967,21.458744015770204,14.2,-0.39779367424797407,0.00044128157650337175,-4.897677183544816,23.718116075156424,-0.5959157229153966,0.00011773502318873641,9.463338883239913,-1.4852117670951028e-07,-0.0029316813380991834,8.149854423955354e-06,-0.4405127623741478,-35.61072999362024,0.41115360914048815,0.00044601887757500394,0.07397305741374936,22715.6,0.056744291552568285,0.0125,index_dividend_yield,0.065,13.42,65,22665,22809.35,22595.2,22716.2,mid_price,ok
2026-09-30T09:59:45.661400+00:00,2026-09-30T15:29:45.661400+05:30,NIFTY,27-Oct-2026,22550.0,CE,22620.45,403.75,65,405.9,65,404.4,404.825,1656,301,964,-21.998264056321727,10.86,0.5988701593099753,0.000577918472262845,-6.663435275736959,23.75595266270274,-0.7905324968105476,-0.0002699995804827937,12.250270859514245,-2.3969351560649014e-07,-0.00502390531407316,1.0833721583261158e-05,-0.43462546686381387,38.52418485220759,-0.5851472606016396,0.0005815351423848891,0.07397305741374936,22715.6,0.056744291552568285,0.0125,index_dividend_yield,0.065,13.42,65,22665,22809.35,22595.2,22716.2,mid_price,ok
2026-09-30T09:59:45.661400+00:00,2026-09-30T15:29:45.661400+05:30,NIFTY,27-Oct-2026,22550.0,PE,22620.45,232.2,195,233.3,195,233.15,232.75,1303,241,2622,20.149446019067252,14.16,-0.4199252682828572,0.0004483594280657797,-4.886465168215404,24.03065506144188,-0.4484881712544242,-0.00029712111336949176,5.548823289961646,-1.2214512243859867e-07,-0.0030629962296644013,8.385303679363145e-06,-0.4407071166198584,-34.81490394832476,0.4333365205764139,0.00045116530506270823,0.07397305741374936,22715.6,0.056744291552568285,0.0125,index_dividend_yield,0.065,13.42,65,22665,22809.35,22595.2,22716.2,mid_price,ok
2026-09-30T09:59:45.661400+00:00,2026-09-30T15:29:45.661400+05:30,NIFTY,27-Oct-2026,22600.0,CE,22620.45,374.9,390,375.95,65,374.9,375.42499999999995,10902,5011,19629,-22.38095238095238,10.99,0.5689852671008666,0.000580513978817338,-6.707760033926735,24.1482923061601,-0.51877202991224,-0.0008135910026978443,5.589978248359273,-1.7327626687553125e-07,-0.005148230776749773,1.0988184552038984e-05,-0.43740444286465774,39.45003116927298,-0.5550641365901755,0.0005815650303162362,0.07397305741374936,22715.6,0.056744291552568285,0.0125,index_dividend_yield,0.065,13.42,65,22665,22809.35,22595.2,22716.2,mid_price,ok
2026-09-30T09:59:45.661400+00:00,2026-09-30T15:29:45.661400+05:30,NIFTY,27-Oct-2026,22600.0,PE,22620.45,251.8,65,252.2,195,252.2,252.0,13933,3721,30367,22.814706598490382,14.1,-0.44232978411655677,0.00045472287699434576,-4.845258333014402,24.26844592557227,-0.2956652692055195,-0.000722682545581721,2.6200263126145984,-9.463749699125172e-08,-0.003176048918402367,8.555608109535047e-06,-0.44233190523823035,-34.077519127683395,0.45572188435299305,0.00045554617699897606,0.07397305741374936,22715.6,0.056744291552568285,0.0125,index_dividend_yield,0.065,13.42,65,22665,22809.35,22595.2,22716.2,mid_price,ok
2026-09-30T09:59:45.661400+00:00,2026-09-30T15:29:45.661400+05:30,NIFTY,27-Oct-2026,22650.0,CE,22620.45,345.2,195,346.7,65,346.95,345.95,1358,658,2936,-22.788472237676643,10.94,0.5399327278851831,0.0005891352904743459,-6.645971536005727,24.395426231429205,-0.26015233813186933,-0.0013714578621384366,1.6250235311954242,-1.1295040895960026e-07,-0.005346347139848699,1.1142017523105696e-05,-0.44226797719365146,40.98373359395427,-0.5260711823015041,0.0005875990792897494,0.07397305741374936,22715.6,0.056744291552568285,0.0125,index_dividend_yield,0.065,13.42,65,22665,22809.35,22595.2,22716.2,mid_price,ok
2026-09-30T09:59:45.661400+00:00,2026-09-30T15:29:45.661400+05:30,NIFTY,27-Oct-2026,22650.0,PE,22620.45,272.35,65,273.65,65,271.75,273.0,3527,158,6214,18.64221785636324,14.11,-0.4651568271761295,0.00045742897923550953,-4.813540284602816,24.43018401578524,-0.13506822162426269,-0.001151423895795145,0.7177257420121208,-6.50124366494269e-08,-0.0032286003443487542,8.601310597071074e-06,-0.4455581069185186,-33.169982433373846,0.4785550984781892,0.00045623620140430117,0.07397305741374936,22715.6,0.056744291552568285,0.0125,index_dividend_yield,0.065,13.42,65,22665,22809.35,22595.2,22716.2,mid_price,ok
2026-09-30T09:59:45.661400+00:00,2026-09-30T15:29:45.661400+05:30,NIFTY,27-Oct-2026,22700.0,CE,22620.45,317.35,195,318.45,130,317.4,317.9,22993,7105,46354,-24.021543985637344,11.01,0.5104691917179843,0.0005881928879032942,-6.609797924024638,24.51224776016232,0.009099114311239553,-0.0019150683488556863,-0.01535576935829397,-4.8776249603816307e-08,-0.005343160493654709,1.0993055895759099e-05,-0.44984809939930415,42.118478510451865,-0.4966029342984737,0.0005840775788841766,0.07397305741374936,22715.6,0.056744291552568285,0.0125,index_dividend_yield,0.065,13.42,65,22665,22809.35,22595.2,22716.2,mid_price,ok
2026-09-30T09:59:45.661400+00:00,2026-09-30T15:29:45.661400+05:30,NIFTY,27-Oct-2026,22700.0,PE,22620.45,293,65,293.7,390,293.7,293.35,32285,6034,51321,20.739979445015415,14.03,-0.4880386371934434,0.00046156407038218156,-4.719951090940234,24.51126443822808,0.0264183751374214,-0.0015872965120675708,-0.04689998437079623,-3.5355956050356474e-08,-0.003290886857129757,8.61753831436665e-06,-0.45030252038137064,-32.49314336893318,0.5012954589654407,0.0004583347236477873,0.07397305741374936,22715.6,0.056744291552568285,0.0125,index_dividend_yield,0.065,13.42,65,22665,22809.35,22595.2,22716.2,mid_price,ok
2026-09-30T09:59:45.661400+00:00,2026-09-30T15:29:45.661400+05:30,NIFTY,27-Oct-2026,22750.0,CE,22620.45,290.7,65,291.55,130,290.9,291.125,1950,909,6636,-24.919344431539553,11.03,0.4812465594038592,0.0005867286607011952,-6.524610250501315,24.49564421057011,0.27402382055977115,-0.002452533205334728,0.774038896249607,1.3920541263245577e-08,-0.005301282688472764,1.072047225505557e-05,-0.4597758708920132,43.449305507457936,-0.4674931236205432,0.000580065427617665,0.07397305741374936,22715.6,0.056744291552568285,0.0125,index_dividend_yield,0.065,13.42,65,22665,22809.35,22595.2,22716.2,mid_price,ok
2026-09-30T09:59:45.661400+00:00,2026-09-30T15:29:45.661400+05:30,NIFTY,27-Oct-2026,22750.0,PE,22620.45,316.05,260,317.45,65,316.95,316.75,4542,1345,8192,22.1858134155744,13.96,-0.5111506424805983,0.00046387467081470405,-4.608667297351189,24.51106192505387,0.19152742334049844,-0.0020221657200722998,0.3433951809697078,-4.550891872633655e-09,-0.0033165552283717496,8.539834240376277e-06,-0.456680858964095,-31.793419089687774,0.5242255870794109,0.0004586066393374446,0.07397305741374936,22715.6,0.056744291552568285,0.0125,index_dividend_yield,0.065,13.42,65,22665,22809.35,22595.2,22716.2,mid_price,ok
2026-09-30T09:59:45.661400+00:00,2026-09-30T15:29:45.661400+05:30,NIFTY,27-Oct-2026,22800.0,CE,22620.45,266.05,130,266.95,65,266,266.5,29834,11388,57264,-25.791602733993585,11.01,0.4520768424252176,0.000584237578731606,-6.394528955175077,24.34741489601453,0.5367023559119666,-0.0029800384103692568,3.941582134672217,7.64094638400347e-08,-0.00521226312374739,1.0313262187918153e-05,-0.4720591406457615,44.968740593476724,-0.43854277023374094,0.0005750720687251766,0.07397305741374936,22715.6,0.056744291552568285,0.0125,index_dividend_yield,0.065,13.42,65,22665,22809.35,22595.2,22716.2,mid_price,ok
2026-09-30T09:59:45.661400+00:00,2026-09-30T15:29:45.661400+05:30,NIFTY,27-Oct-2026,22800.0,PE,22620.45,340.6,195,341.95,130,341.85,341.275,40357,8942,54801,22.28581649078877,14,-0.5340129889956401,0.0004610136202560488,-4.526396402430582,24.429683576244848,0.3536490241552448,-0.0024354328397915292,1.8844176145105251,2.5924843700703713e-08,-0.0032575568721476236,8.311635051006514e-06,-0.4644613381226286,-30.859825458924576,0.5469758361001473,0.00045378124578480977,0.07397305741374936,22715.6,0.056744291552568285,0.0125,index_dividend_yield,0.065,13.42,65,22665,22809.35,22595.2,22716.2,mid_price,ok
2026-09-30T09:59:45.661400+00:00,2026-09-30T15:29:45.661400+05:30,NIFTY,27-Oct-2026,22850.0,CE,22620.45,241.05,65,242.15,325,241.5,241.60000000000002,2028,535,7287,-26.259541984732824,10.88,0.42223950911830105,0.0005842116094152672,-6.185033009416911,24.058864603923897,0.8079072564665668,-0.0035145274941162374,9.701756844306075,1.428378184375682e-07,-0.005134412318449357,9.811441922955673e-06,-0.48710112463563954,47.035134310227726,-0.40911078632874953,0.000572532645313589,0.07397305741374936,22715.6,0.056744291552568285,0.0125,index_dividend_yield,0.065,13.42,65,22665,22809.35,22595.2,22716.2,mid_price,ok
2026-09-30T09:59:45.661400+00:00,2026-09-30T15:29:45.661400+05:30,NIFTY,27-Oct-2026,22850.0,PE,22620.45,365.3,130,366.9,130,364.8,366.1,1977,535,4479,21.256440086421804,14.07,-0.5564299509328217,0.00045574487189020154,-4.4385708623870155,24.271238495335805,0.5089127985882236,-0.0028282437648424748,4.484686538875238,5.496136152333824e-08,-0.0031550681529197966,7.991993205658774e-06,-0.4734069731463535,-29.893737383514175,0.5692666871544139,0.0004466340840993581,0.07397305741374936,22715.6,0.056744291552568285,0.0125,index_dividend_yield,0.065,13.42,65,22665,22809.35,22595.2,22716.2,mid_price,ok
2026-09-30T09:59:45.661400+00:00,2026-09-30T15:29:45.661400+05:30,NIFTY,27-Oct-2026,22900.0,CE,22620.45,218.35,65,218.75,1300,218.75,218.55,13796,2935,22506,-27.38589211618257,10.95,0.39432141396077186,0.0005709019926613961,-6.048134707305319,23.662015131990508,1.0429221816807277,-0.00395924272748982,17.141260325489682,1.9870544465363134e-07,-0.004800493247797486,9.017909690058577e-06,-0.5026796758228542,48.2206106884804,-0.3814301455139568,0.0005570485842609256,0.07397305741374936,22715.6,0.056744291552568285,0.0125,index_dividend_yield,0.065,13.42,65,22665,22809.35,22595.2,22716.2,mid_price,ok
2026-09-30T09:59:45.661400+00:00,2026-09-30T15:29:45.661400+05:30,NIFTY,27-Oct-2026,22900.0,PE,22620.45,391.9,65,393.05,1625,392.05,392.475,14967,2017,15265,21.86820018650917,13.99,-0.579392259685426,0.000453751112889217,-4.2599728502075696,24.02765942085573,0.6693473397280103,-0.0032306964685625546,8.306932883069607,8.571157005873289e-08,-0.0030866693057571832,7.667200116929368e-06,-0.48399577028175506,-29.245279351889213,0.5918890055777027,0.0004427404673496582,0.07397305741374936,22715.6,0.056744291552568285,0.0125,index_dividend_yield,0.065,13.42,65,22665,22809.35,22595.2,22716.2,mid_price,ok
2026-09-30T09:59:45.661400+00:00,2026-09-30T15:29:45.661400+05:30,NIFTY,27-Oct-2026,22950.0,CE,22620.45,198.1,65,199,325,198,198.55,938,87,2350,-28.065395095367847,10.95,0.3664540147154559,0.000558342974955677,-5.855186649088806,23.141485039583003,1.2715572897479543,-0.004382977895166451,26.628555646823315,2.5423122801574335e-07,-0.0044568403335926,8.139121251530624e-06,-0.5198084744647247,49.75708504869343,-0.35393282123572084,0.0005424230759000766,0.07397305741374936,22715.6,0.056744291552568285,0.0125,index_dividend_yield,0.065,13.42,65,22665,22809.35,22595.2,22716.2,mid_price,ok
2026-09-30T09:59:45.661400+00:00,2026-09-30T15:29:45.661400+05:30,NIFTY,27-Oct-2026,22950.0,PE,22620.45,420.1,65,423.5,65,422.85,421.8,787,-91,717,22.052244191080963,14.08,-0.6009049830076588,0.0004451546497521634,-4.145124308686694,23.72409304104789,0.809123465524364,-0.003579111706529803,12.800556223242054,1.1167737332365354e-07,-0.0029215519147032243,7.203732210514122e-06,-0.4948312714969489,-28.293216443934227,0.613209810670934,0.0004324620622099844,0.07397305741374936,22715.6,0.056744291552568285,0.0125,index_dividend_yield,0.065,13.42,65,22665,22809.35,22595.2,22716.2,mid_price,ok
2026-09-30T09:59:45.661400+00:00,2026-09-30T15:29:45.661400+05:30,NIFTY,27-Oct-2026,23000.0,CE,22620.45,178.75,325,179.45,325,179.45,179.1,83761,5948,93104,-28.733121525019858,10.95,0.33933065986031263,0.000543175270758023,-5.6424935302016905,22.512833448143724,1.4812222187501056,-0.004759721270309436,37.67895992620218,3.0550164822836805e-07,-0.004051641817495342,7.149954810140046e-06,-0.5375062541009541,51.31885323651254,-0.3272278793175355,0.0005253960436283488,0.07397305741374936,22715.6,0.056744291552568285,0.0125,index_dividend_yield,0.065,13.42,65,22665,22809.35,22595.2,22716.2,mid_price,ok
2026-09-30T09:59:45.661400+00:00,2026-09-30T15:29:45.661400+05:30,NIFTY,27-Oct-2026,23000.0,PE,22620.45,452.55,1755,453.9,325,452.95,453.225,97055,3525,42922,22.700799133143708,14.12,-0.6222695234224253,0.00043688512154832645,-3.98952065602916,23.349522368009605,0.9444570585881995,-0.003912835077110266,18.185861301105888,1.370945591974251e-07,-0.002753931033380307,6.704453150304778e-06,-0.5065410494523803,-27.46243033763085,0.6342857404019778,0.0004225849863548682,0.07397305741374936,22715.6,0.056744291552568285,0.0125,index_dividend_yield,0.065,13.42,65,22665,22809.35,22595.2,22716.2,mid_price,ok
2026-09-30T09:59:45.661400+00:00,2026-09-30T15:29:45.661400+05:30,NIFTY,27-Oct-2026,23050.0,CE,22620.45,160.5,65,161.6,65,160.95,161.05,1829,97,4065,-29.838709677419356,10.86,0.3115575871035654,0.0005288962317311533,-5.362500862101629,21.740841394619178,1.6926712740940042,-0.00511477059164539,51.09695801589709,3.6043167952064374e-07,-0.003627242135389346,6.049130439786083e-06,-0.5565816573664328,53.431243042777844,-0.3000291962459884,0.0005093673386584264,0.07397305741374936,22715.6,0.056744291552568285,0.0125,index_dividend_yield,0.065,13.42,65,22665,22809.35,22595.2,22716.2,mid_price,ok
2026-09-30T09:59:45.661400+00:00,2026-09-30T15:29:45.661400+05:30,NIFTY,27-Oct-2026,23050.0,PE,22620.45,481.35,65,483.95,195,487.95,482.65,914,-44,314,23.59422492401216,13.82,-0.6468176055673951,0.00043639273112588484,-3.6418575665335293,22.827670794337788,1.1167733709078198,-0.0043006295182911325,25.997004392397827,1.735689324972857e-07,-0.0026608116737452834,6.193187968283773e-06,-0.5215563562506382,-27.199064192376298,0.6581014945579298,0.0004202794248238565,0.07397305741374936,22715.6,0.056744291552568285,0.0125,index_dividend_yield,0.065,13.42,65,22665,22809.35,22595.2,22716.2,mid_price,ok
2026-09-30T09:59:45.661400+00:00,2026-09-30T15:29:45.661400+05:30,NIFTY,27-Oct-2026,23100.0,CE,22620.45,143.25,65,143.5,65,143.25,143.375,18855,2589,22056,-30.4273919378339,10.89,0.2866734564668493,0.0005078931830250774,-5.1335854387083995,20.935161389193922,1.8498296257412894,-0.005373615899315065,64.00443473529194,3.9889888240595126e-07,-0.0031111703725564266,4.904232681977004e-06,-0.5732298042791228,54.88326022587368,-0.27560729357448516,0.0004870246070142705,0.07397305741374936,22715.6,0.056744291552568285,0.0125,index_dividend_yield,0.065,13.42,65,22665,22809.35,22595.2,22716.2,mid_price,ok
2026-09-30T09:59:45.661400+00:00,2026-09-30T15:29:45.661400+05:30,NIFTY,27-Oct-2026,23100.0,PE,22620.45,513.7,65,515.5,65,515.5,514.6,26738,-84,5446,21.85320884056258,14.03,-0.6653895217471315,0.0004211781738053731,-3.543619970024412,22.366579758267125,1.2103180981598016,-0.004538250858926118,31.9391662779811,1.8925285574751204e-07,-0.0024006251813549315,5.570878301010739e-06,-0.5325926149010556,-26.12866574717777,0.6765134251211881,0.0004038725886392175,0.07397305741374936,22715.6,0.056744291552568285,0.0125,index_dividend_yield,0.065,13.42,65,22665,22809.35,22595.2,22716.2,mid_price,ok
2026-09-30T09:59:45.661400+00:00,2026-09-30T15:29:45.661400+05:30,NIFTY,27-Oct-2026,23150.0,CE,22620.45,128.2,390,128.95,650,128.75,128.575,1376,256,2341,-30.59299191374663,10.9,0.26255595941033294,0.0004859105502280532,-4.882117038297536,20.047437876754408,1.9862507187547174,-0.005581691979670567,77.5711643477539,4.331996836611151e-07,-0.002577734965931213,3.722895008634536e-06,-0.5888874423765458,56.46982466670304,-0.2520069272657394,0.00046393465921189194,0.07397305741374936,22715.6,0.056744291552568285,0.0125,index_dividend_yield,0.065,13.42,65,22665,22809.35,22595.2,22716.2,mid_price,ok
2026-09-30T09:59:45.661400+00:00,2026-09-30T15:29:45.661400+05:30,NIFTY,27-Oct-2026,23150.0,PE,22620.45,548.15,65,552.5,65,559.2,550.325,562,-42,245,25.156669650850493,14.08,-0.6850706215849696,0.000409317746059464,-3.349960587732768,21.814199394015308,1.3145847837077729,-0.004783414063282199,39.12307996980857,2.0892356817001446e-07,-0.0021730464084944597,4.936408362854309e-06,-0.5448805281950726,-25.34338418952137,0.6958130137344045,0.0003908058570416977,0.07397305741374936,22715.6,0.056744291552568285,0.0125,index_dividend_yield,0.065,13.42,65,22665,22809.35,22595.2,22716.2,mid_price,ok
2026-09-30T09:59:45.661400+00:00,2026-09-30T15:29:45.661400+05:30,NIFTY,27-Oct-2026,23200.0,CE,22620.45,114.6,260,114.8,390,114.5,114.69999999999999,40315,2237,26537,-31.065623118603252,10.92,0.2398205588678504,0.00046234150265146435,-4.628082062197108,19.110038774951498,2.0932222051424505,-0.005729433967449737,90.94751882044072,4.601329784329418e-07,-0.002033486059267785,2.54614874498684e-06,-0.6025097658083673,58.00409138435017,-0.22979843446483447,0.0004395308784021906,0.07397305741374936,22715.6,0.056744291552568285,0.0125,index_dividend_yield,0.065,13.42,65,22665,22809.35,22595.2,22716.2,mid_price,ok
2026-09-30T09:59:45.661400+00:00,2026-09-30T15:29:45.661400+05:30,NIFTY,27-Oct-2026,23200.0,PE,22620.45,584.75,65,587.2,65,585,585.975,35130,-90,6082,21.49532710280374,14.32,-0.7014169917420996,0.00039305186409672224,-3.2513417916950047,21.304381379509497,1.376707738214522,-0.004954219315664865,44.92242817890535,2.176886014228186e-07,-0.0019160250618842898,4.3245275333314115e-06,-0.5546687417451075,-24.340916943334022,0.7119916966332527,0.00037365979496390697,0.07397305741374936,22715.6,0.056744291552568285,0.0125,index_dividend_yield,0.065,13.42,65,22665,22809.35,22595.2,22716.2,mid_price,ok
2026-09-30T09:59:45.661400+00:00,2026-09-30T15:29:45.661400+05:30,NIFTY,27-Oct-2026,23250.0,CE,22620.45,102.05,130,102.3,130,102.6,102.175,2371,207,3208,-31.164038913116404,10.93,0.21810847129959793,0.00043796968293992675,-4.36235440657922,18.11925180888072,2.1762643585280657,-0.005822804674546461,104.16208822871553,4.818477523386289e-07,-0.0014891615240068693,1.379875980181595e-06,-0.6139526272481817,59.6178224826061,-0.20864327387620335,0.00041457261892036915,0.07397305741374936,22715.6,0.056744291552568285,0.0125,index_dividend_yield,0.065,13.42,65,22665,22809.35,22595.2,22716.2,mid_price,ok
2026-09-30T09:59:45.661400+00:00,2026-09-30T15:29:45.661400+05:30,NIFTY,27-Oct-2026,23250.0,PE,22620.45,620.2,65,625.1,65,631.95,622.6500000000001,1009,-14,139,22.411622276029057,14.42,,,,,,,,,,,,,,,0.07397305741374936,,,,,,13.42,65,22665,22809.35,22595.2,22716.2,mid_price,no_price_available
2026-09-30T09:59:45.661400+00:00,2026-09-30T15:29:45.661400+05:30,NIFTY,27-Oct-2026,23300.0,CE,22620.45,90.4,65,90.65,130,90.45,90.525,49528,3516,28684,-32.145536384096026,10.94,0.19765413827188305,0.00041285330542451085,-4.093551183041002,17.095788556098974,2.233023325127162,-0.00586076405132252,116.69631057754515,4.973593164520529e-07,-0.0009554629054595628,2.537784250171795e-07,-0.6226116378822759,61.24517690795383,-0.18875637201827467,0.0003891225547702919,0.07397305741374936,22715.6,0.056744291552568285,0.0125,index_dividend_yield,0.065,13.42,65,22665,22809.35,22595.2,22716.2,mid_price,ok
2026-09-30T09:59:45.661400+00:00,2026-09-30T15:29:45.661400+05:30,NIFTY,27-Oct-2026,23300.0,PE,22620.45,658.5,390,661.3,325,658.55,659.9,43127,-100,5861,19.671088497183355,14.61,,,,,,,,,,,,,,,0.07397305741374936,,,,,,13.42,65,22665,22809.35,22595.2,22716.2,mid_price,no_price_available
2026-09-30T09:59:45.661400+00:00,2026-09-30T15:29:45.661400+05:30,NIFTY,27-Oct-2026,23350.0,CE,22620.45,80.55,65,80.95,520,80.55,80.75,2101,678,3454,-32.139848357203036,10.97,0.17893070640474296,0.00038720741761490184,-3.836836628838931,16.07778977168698,2.2599137193279466,-0.00584495228594814,127.75670389421556,5.048300414560573e-07,-0.0004526468521675209,-7.832995984927388e-07,-0.6279302926768526,62.730654670472596,-0.17057693036851748,0.00036338950402174425,0.07397305741374936,22715.6,0.056744291552568285,0.0125,index_dividend_yield,0.065,13.42,65,22665,22809.35,22595.2,22716.2,mid_price,ok
2026-09-30T09:59:45.661400+00:00,2026-09-30T15:29:45.661400+05:30,NIFTY,27-Oct-2026,23350.0,PE,22620.45,698.05,65,703.95,65,712.45,701.0,492,-11,79,22.846797137684284,15.07,,,,,,,,,,,,,,,0.07397305741374936,,,,,,13.42,65,22665,22809.35,22595.2,22716.2,mid_price,no_price_available
2026-09-30T09:59:45.661400+00:00,2026-09-30T15:29:45.661400+05:30,NIFTY,27-Oct-2026,23400.0,CE,22620.45,71.15,65,71.4,845,71.4,71.275,33999,3200,23609,-32.736693358455014,11.02,0.16194675416831233,0.00036160261771578806,-3.5947707152153145,15.083051363936251,2.259950313679579,-0.005783180472107574,137.0831120880549,5.049452885993448e-07,5.385065841162495e-06,-1.710442372455977e-06,-0.6299005404990901,64.05620868237486,-0.15410767040738643,0.0003379110015547046,0.07397305741374936,22715.6,0.056744291552568285,0.0125,index_dividend_yield,0.065,13.42,65,22665,22809.35,22595.2,22716.2,mid_price,ok
2026-09-30T09:59:45.661400+00:00,2026-09-30T15:29:45.661400+05:30,NIFTY,27-Oct-2026,23400.0,PE,22620.45,736.05,65,740.8,65,738.9,738.425,23401,-355,1732,20.440097799511,14.63,,,,,,,,,,,,,,,0.07397305741374936,,,,,,13.42,65,22665,22809.35,22595.2,22716.2,mid_price,no_price_available
2026-09-30T09:59:45.661400+00:00,2026-09-30T15:29:45.661400+05:30,NIFTY,27-Oct-2026,23450.0,CE,22620.45,63.3,130,63.85,130,63.75,63.575,2253,474,3331,-32.3966065747614,11.08,0.14644658084820228,0.0003364927674954992,-3.363022015509045,14.112096714188041,2.2385789747934037,-0.005683227712361905,144.78389517354628,4.995154666817071e-07,0.00041562515428546394,-2.530629018597508e-06,-0.6287190001299283,65.28799302455532,-0.13910225781776728,0.00031310681506780666,0.07397305741374936,22715.6,0.056744291552568285,0.0125,index_dividend_yield,0.065,13.42,65,22665,22809.35,22595.2,22716.2,mid_price,ok
2026-09-30T09:59:45.661400+00:00,2026-09-30T15:29:45.661400+05:30,NIFTY,27-Oct-2026,23450.0,PE,22620.45,775,65,786.1,65,790,780.55,810,-9,204,18.352059925093634,13.79,,,,,,,,,,,,,,,0.07397305741374936,,,,,,13.42,65,22665,22809.35,22595.2,22716.2,mid_price,no_price_available
2026-09-30T09:59:45.661400+00:00,2026-09-30T15:29:45.661400+05:30,NIFTY,27-Oct-2026,23500.0,CE,22620.45,56.55,390,56.8,845,56.75,56.675,139138,7725,89953,-31.544028950542824,11.18,0.1330365682879464,0.0003124063854982937,-3.161804594697931,13.22019178287342,2.194882708855428,-0.005556264135540363,150.11003466808947,4.869966503052442e-07,0.0007532239207226599,-3.192445669698471e-06,-0.6246455876932906,66.16836482384458,-0.12612199544199693,0.00028945873395131095,0.07397305741374936,22715.6,0.056744291552568285,0.0125,index_dividend_yield,0.065,13.42,65,22665,22809.35,22595.2,22716.2,mid_price,ok
2026-09-30T09:59:45.661400+00:00,2026-09-30T15:29:45.661400+05:30,NIFTY,27-Oct-2026,23500.0,PE,22620.45,823.65,65,824.25,65,824.55,823.95,96384,-498,13480,18.623219680621492,15.5,,,,,,,,,,,,,,,0.07397305741374936,,,,,,13.42,65,22665,22809.35,22595.2,22716.2,mid_price,no_price_available
2026-09-30T09:59:45.661400+00:00,2026-09-30T15:29:45.661400+05:30,NIFTY,27-Oct-2026,23550.0,CE,22620.45,49.8,585,50.25,195,50.2,50.025,2208,565,2324,-31.8397827562797,11.2,0.11902681971019724,0.00028856853109928554,-2.91744442402178,12.233283521474991,2.147731324123353,-0.005389470769813984,155.83498541525742,4.774551903963288e-07,0.001099774510198283,-3.879030223032879e-06,-0.61743875776666,67.69960826852993,-0.11263990777077396,0.00026623774516052216,0.07397305741374936,22715.6,0.056744291552568285,0.0125,index_dividend_yield,0.065,13.42,65,22665,22809.35,22595.2,22716.2,mid_price,ok
2026-09-30T09:59:45.661400+00:00,2026-09-30T15:29:45.661400+05:30,NIFTY,27-Oct-2026,23550.0,PE,22620.45,858.5,130,872.55,65,883.5,865.525,292,-7,36,20.556730572422733,14.74,,,,,,,,,,,,,,,0.07397305741374936,,,,,,13.42,65,22665,22809.35,22595.2,22716.2,mid_price,no_price_available
2026-09-30T09:59:45.661400+00:00,2026-09-30T15:29:45.661400+05:30,NIFTY,27-Oct-2026,23600.0,CE,22620.45,44.1,455,44.3,195,44.05,44.2,21244,2577,26485,-31.599378881987576,11.26,0.10699731600245004,0.00026601386601211277,-2.705943522167405,11.33753694084402,2.0829015997063105,-0.005205137232409937,159.1791649035814,4.61983129348954e-07,0.0013726877354727643,-4.4060283738507795e-06,-0.6076039675862894,68.8785305406084,-0.10106730371928531,0.00024438961632598425,0.07397305741374936,22715.6,0.056744291552568285,0.0125,index_dividend_yield,0.065,13.42,65,22665,22809.35,22595.2,22716.2,mid_price,ok
2026-09-30T09:59:45.661400+00:00,2026-09-30T15:29:45.661400+05:30,NIFTY,27-Oct-2026,23600.0,PE,22620.45,909,130,912.9,65,912.45,910.95,10726,-147,1271,17.75827579531522,16.04,,,,,,,,,,,,,,,0.07397305741374936,,,,,,13.42,65,22665,22809.35,22595.2,22716.2,mid_price,no_price_available
2026-09-30T09:59:45.661400+00:00,2026-09-30T15:29:45.661400+05:30,NIFTY,27-Oct-2026,23650.0,CE,22620.45,39.85,260,40.1,195,39.8,39.975,2034,673,3904,-30.962705984388553,11.39,0.0974132881808896,0.0002456257701338114,-2.5448705520210027,10.589457293284683,2.0050672978895805,-0.005025065155110142,159.86586499205657,4.4061292788718745e-07,0.0015519376805019287,-4.743854391759739e-06,-0.5966305838376265,69.41318425373849,-0.09183032802882429,0.0002247057159317248,0.07397305741374936,22715.6,0.056744291552568285,0.0125,index_dividend_yield,0.065,13.42,65,22665,22809.35,22595.2,22716.2,mid_price,ok
2026-09-30T09:59:45.661400+00:00,2026-09-30T15:29:45.661400+05:30,NIFTY,27-Oct-2026,23650.0,PE,22620.45,948.5,65,959.5,65,960.85,954.0,358,45,108,16.389073950699533,15.3,,,,,,,,,,,,,,,0.07397305741374936,,,,,,13.42,65,22665,22809.35,22595.2,22716.2,mid_price,no_price_available
2026-09-30T09:59:45.661400+00:00,2026-09-30T15:29:45.661400+05:30,NIFTY,27-Oct-2026,23700.0,CE,22620.45,35.35,390,35.5,260,35.35,35.425,16263,6,29573,-29.37062937062937,11.44,0.08715349692619312,0.00022521524780614235,-2.3445902889491097,9.752138589711674,1.9246390328476748,-0.004807146718093153,160.80320756742861,4.222273355837242e-07,0.0017452053572401826,-5.1041838578284545e-06,-0.5821215691633146,70.63212674360625,-0.08200589793757446,0.00020516514379319924,0.07397305741374936,22715.6,0.056744291552568285,0.0125,index_dividend_yield,0.065,13.42,65,22665,22809.35,22595.2,22716.2,mid_price,ok
2026-09-30T09:59:45.661400+00:00,2026-09-30T15:29:45.661400+05:30,NIFTY,27-Oct-2026,23700.0,PE,22620.45,999.05,65,1000,1755,1011.25,999.525,6006,-39,425,18.350986014395225,16.17,,,,,,,,,,,,,,,0.07397305741374936,,,,,,13.42,65,22665,22809.35,22595.2,22716.2,mid_price,no_price_available
2026-09-30T09:59:45.661400+00:00,2026-09-30T15:29:45.661400+05:30,NIFTY,27-Oct-2026,23750.0,CE,22620.45,31.85,130,32.1,260,32,31.975,2090,298,3096,-29.046563192904657,11.58,0.07947667145440797,0.00020759264039724358,-2.2053097717115953,9.099060693060732,1.83852513828682,-0.00461527315267328,159.27682365359706,3.9916093934313257e-07,0.0018414448393256515,-5.27747534592935e-06,-0.5682367014558576,71.00933176320738,-0.07463074950660567,0.00018831599336293785,0.07397305741374936,22715.6,0.056744291552568285,0.0125,index_dividend_yield,0.065,13.42,65,22665,22809.35,22595.2,22716.2,mid_price,ok
2026-09-30T09:59:45.661400+00:00,2026-09-30T15:29:45.661400+05:30,NIFTY,27-Oct-2026,23750.0,PE,22620.45,1033.1,195,1052.4,65,1065,1042.75,204,2,65,19.629317607413647,16.94,,,,,,,,,,,,,,,0.07397305741374936,,,,,,13.42,65,22665,22809.35,22595.2,22716.2,mid_price,no_price_available
2026-09-30T09:59:45.661400+00:00,2026-09-30T15:29:45.661400+05:30,NIFTY,27-Oct-2026,23800.0,CE,22620.45,28,325,28.05,1105,28,28.025,25958,6067,29762,-28.75318066157761,11.62,0.07075720480217997,0.00018933364130632128,-2.0181980468262264,8.32741033606049,1.7486690937552478,-0.004376393771324802,158.11759051583428,3.7927320877681627e-07,0.0019658666597148038,-5.490845307673769e-06,-0.5498451240738653,72.27357323781361,-0.06631991436820918,0.00017103159817707773,0.07397305741374936,22715.6,0.056744291552568285,0.0125,index_dividend_yield,0.065,13.42,65,22665,22809.35,22595.2,22716.2,mid_price,ok
2026-09-30T09:59:45.661400+00:00,2026-09-30T15:29:45.661400+05:30,NIFTY,27-Oct-2026,23800.0,PE,22620.45,1086.65,65,1096.1,65,1095.95,1091.375,8583,46,814,17.026161238654566,16.97,,,,,,,,,,,,,,,0.07397305741374936,,,,,,13.42,65,22665,22809.35,22595.2,22716.2,mid_price,no_price_available
2026-09-30T09:59:45.661400+00:00,2026-09-30T15:29:45.661400+05:30,NIFTY,27-Oct-2026,23850.0,CE,22620.45,25.65,325,25.85,130,25.75,25.75,1607,543,2945,-27.566807313642755,11.79,0.0650177854770708,0.00017480325854349283,-1.9110864762522104,7.800804230655177,1.662058738181045,-0.004195241578893796,154.76399633836292,3.557304751744833e-07,0.0019855932144464935,-5.516520338762426e-06,-0.5350239633849787,72.30665204264247,-0.06081305527205198,0.0001572444182162911,0.07397305741374936,22715.6,0.056744291552568285,0.0125,index_dividend_yield,0.065,13.42,65,22665,22809.35,22595.2,22716.2,mid_price,ok
2026-09-30T09:59:45.661400+00:00,2026-09-30T15:29:45.661400+05:30,NIFTY,27-Oct-2026,23850.0,PE,22620.45,1129.25,195,1151.5,130,1156.9,1140.375,177,-28,36,12.320388349514563,17.52,,,,,,,,,,,,,,,0.07397305741374936,,,,,,13.42,65,22665,22809.35,22595.2,22716.2,mid_price,no_price_available
2026-09-30T09:59:45.661400+00:00,2026-09-30T15:29:45.661400+05:30,NIFTY,27-Oct-2026,23900.0,CE,22620.45,23.3,390,23.45,260,23.3,23.375,8212,-890,11834,-25.32051282051282,11.94,0.059495539462809645,0.0001610621439129906,-1.7997360808764469,7.279035747990057,1.576464255206581,-0.004007609877386811,151.16458184863868,3.336034027588045e-07,0.001996068172361825,-5.520361324995817e-06,-0.5190092203693304,72.49497985715445,-0.05553354027592892,0.00014427801362667825,0.07397305741374936,22715.6,0.056744291552568285,0.0125,index_dividend_yield,0.065,13.42,65,22665,22809.35,22595.2,22716.2,mid_price,ok
2026-09-30T09:59:45.661400+00:00,2026-09-30T15:29:45.661400+05:30,NIFTY,27-Oct-2026,23900.0,PE,22620.45,1182.45,65,1192.7,390,1179,1187.575,3491,99,473,13.770143780758467,17.1,,,,,,,,,,,,,,,0.07397305741374936,,,,,,13.42,65,22665,22809.35,22595.2,22716.2,mid_price,no_price_available
2026-09-30T09:59:45.661400+00:00,2026-09-30T15:29:45.661400+05:30,NIFTY,27-Oct-2026,23950.0,CE,22620.45,21.6,845,21.8,650,21.75,21.700000000000003,3796,1180,3748,-24.083769633507853,12.11,0.054785205378974224,0.0001488190584290284,-1.7049764891766568,6.821482122961757,1.494691194622779,-0.0038341638743700154,147.10368510051143,3.121811158241084e-07,0.0019805322066707605,-5.476489416762299e-06,-0.5036082587510631,72.47123364999217,-0.051029891021142956,0.00013275472810558031,0.07397305741374936,22715.6,0.056744291552568285,0.0125,index_dividend_yield,0.065,13.42,65,22665,22809.35,22595.2,22716.2,mid_price,ok
2026-09-30T09:59:45.661400+00:00,2026-09-30T15:29:45.661400+05:30,NIFTY,27-Oct-2026,23950.0,PE,22620.45,1223.85,130,1247.2,65,1255.75,1235.525,75,-5,7,9.162428826009476,18.51,,,,,,,,,,,,,,,0.07397305741374936,,,,,,13.42,65,22665,22809.35,22595.2,22716.2,mid_price,no_price_available
2026-09-30T09:59:45.661400+00:00,2026-09-30T15:29:45.661400+05:30,NIFTY,27-Oct-2026,24000.0,CE,22620.45,20.2,1365,20.25,455,20.3,20.225,98188,9390,73639,-23.251417769376182,12.33,0.05121620084004865,0.00013856045528459057,-1.6403113304214791,6.466636183765985,1.4203425631977642,-0.003692025047384424,142.67444534952122,2.915182279786065e-07,0.0019334702794316858,-5.380720237365116e-06,-0.4905602562156206,71.9724692662729,-0.04760152550424413,0.00012308901572695148,0.07397305741374936,22715.6,0.056744291552568285,0.0125,index_dividend_yield,0.065,13.42,65,22665,22809.35,22595.2,22716.2,mid_price,ok
2026-09-30T09:59:45.661400+00:00,2026-09-30T15:29:45.661400+05:30,NIFTY,27-Oct-2026,24000.0,PE,22620.45,1280.15,65,1285.05,780,1285.05,1282.6,45618,1388,6366,13.61566685822908,18.35,,,,,,,,,,,,,,,0.07397305741374936,,,,,,13.42,65,22665,22809.35,22595.2,22716.2,mid_price,no_price_available
2026-09-30T09:59:45.661400+00:00,2026-09-30T15:29:45.661400+05:30,NIFTY,27-Oct-2026,24050.0,CE,22620.45,18.2,390,18.35,65,17.6,18.275,3535,1011,2539,-24.62526766595289,12.42,0.0462166675600905,0.00012671382614060358,-1.517890927267528,5.9569183895472415,1.337708736631752,-0.0034872514535531918,138.4499997579831,2.729788797036941e-07,0.0019249633819547265,-5.331035426964497e-06,-0.4711847276051282,72.62091731195135,-0.04287093307163563,0.00011209760243025987,0.07397305741374936,22715.6,0.056744291552568285,0.0125,index_dividend_yield,0.065,13.42,65,22665,22809.35,22595.2,22716.2,mid_price,ok
2026-09-30T09:59:45.661400+00:00,2026-09-30T15:29:45.661400+05:30,NIFTY,27-Oct-2026,24050.0,PE,22620.45,1236.25,650,1342.2,65,1348.8,1289.225,67,-12,17,10.557377049180328,19.07,,,,,,,,,,,,,,,0.07397305741374936,,,,,,13.42,65,22665,22809.35,22595.2,22716.2,mid_price,no_price_available
2026-09-30T09:59:45.661400+00:00,2026-09-30T15:29:45.661400+05:30,NIFTY,27-Oct-2026,24100.0,CE,22620.45,16.75,520,16.8,585,16.7,16.775,10988,-253,9179,-21.5962441314554,12.58,0.04257430567470303,0.00011709481142691833,-1.4350675582751335,5.575635086456016,1.2644763504056633,-0.0033250994366279055,133.89419138706947,2.5497430713661177e-07,0.001881249151465353,-5.226061137312491e-06,-0.4552977430614664,72.61461394539296,-0.03941026853080518,0.00010315874429116241,0.07397305741374936,22715.6,0.056744291552568285,0.0125,index_dividend_yield,0.065,13.42,65,22665,22809.35,22595.2,22716.2,mid_price,ok
2026-09-30T09:59:45.661400+00:00,2026-09-30T15:29:45.661400+05:30,NIFTY,27-Oct-2026,24100.0,PE,22620.45,1371.6,65,1381.45,65,1377,1376.525,3450,11,273,12.31189592594103,19.17,,,,,,,,,,,,,,,0.07397305741374936,,,,,,13.42,65,22665,22809.35,22595.2,22716.2,mid_price,no_price_available
2026-09-30T09:59:45.661400+00:00,2026-09-30T15:29:45.661400+05:30,NIFTY,27-Oct-2026,24150.0,CE,22620.45,15.2,585,15.45,260,15.4,15.325,1323,269,892,-19.3717277486911,12.74,0.039261396849836365,0.00010827058863003369,-1.3573312119742966,5.221027438695985,1.194630694994401,-0.0031691747568787514,129.27358899379104,2.3805544625839865e-07,0.0018310518924559186,-5.106900908348683e-06,-0.4395874604125076,72.58669055177079,-0.036268128150888486,9.499017950027845e-05,0.07397305741374936,22715.6,0.056744291552568285,0.0125,index_dividend_yield,0.065,13.42,65,22665,22809.35,22595.2,22716.2,mid_price,ok
2026-09-30T09:59:45.661400+00:00,2026-09-30T15:29:45.661400+05:30,NIFTY,27-Oct-2026,24150.0,PE,22620.45,1415.45,325,1435.95,130,1418.2,1425.7,246,-8,41,14.847957241770256,17.79,,,,,,,,,,,,,,,0.07397305741374936,,,,,,13.42,65,22665,22809.35,22595.2,22716.2,mid_price,no_price_available
2026-09-30T09:59:45.661400+00:00,2026-09-30T15:29:45.661400+05:30,NIFTY,27-Oct-2026,24200.0,CE,22620.45,14.25,1300,14.35,65,14.35,14.3,16140,3224,14942,-17.29106628242075,12.9,0.036245916647921934,0.00010017577770950766,-1.2843991101370935,4.891347104752567,1.1282014935464317,-0.003019637684376047,124.63222991132383,2.2219330558089358e-07,0.001776021571213055,-4.976809165288011e-06,-0.42412222051958537,72.53853173071924,-0.03341305791196202,8.752547400286325e-05,0.07397305741374936,22715.6,0.056744291552568285,0.0125,index_dividend_yield,0.065,13.42,65,22665,22809.35,22595.2,22716.2,mid_price,ok
2026-09-30T09:59:45.661400+00:00,2026-09-30T15:29:45.661400+05:30,NIFTY,27-Oct-2026,24200.0,PE,22620.45,1471.4,65,1478.6,65,1472,1475.0,6153,-49,172,11.75220163984209,20.11,,,,,,,,,,,,,,,0.07397305741374936,,,,,,13.42,65,22665,22809.35,22595.2,22716.2,mid_price,no_price_available
2026-09-30T09:59:45.661400+00:00,2026-09-30T15:29:45.661400+05:30,NIFTY,27-Oct-2026,24250.0,CE,22620.45,13.2,130,13.3,195,13.3,13.25,1807,141,1568,-15.822784810126583,13.07,0.033605608989584305,9.292126733228713e-05,-1.2200874744549053,4.596918051423346,1.066342857764472,-0.0028819156911762743,120.04523808760847,2.0740370408322134e-07,0.0017156929674155864,-4.837476752392618e-06,-0.40953101381404095,72.38420477207423,-0.030914311993732905,8.085262400984794e-05,0.07397305741374936,22715.6,0.056744291552568285,0.0125,index_dividend_yield,0.065,13.42,65,22665,22809.35,22595.2,22716.2,mid_price,ok
2026-09-30T09:59:45.661400+00:00,2026-09-30T15:29:45.661400+05:30,NIFTY,27-Oct-2026,24250.0,PE,22620.45,1514.05,65,1557,65,1537.2,1535.525,202,-2,11,8.490366292610629,20.23,,,,,,,,,,,,,,,0.07397305741374936,,,,,,13.42,65,22665,22809.35,22595.2,22716.2,mid_price,no_price_available
2026-09-30T09:59:45.661400+00:00,2026-09-30T15:29:45.661400+05:30,NIFTY,27-Oct-2026,24300.0,CE,22620.45,12.45,130,12.5,650,12.5,12.475,9115,-122,4875,-15.824915824915825,13.29,0.03170155700629018,8.709174418161761e-05,-1.179584044317698,4.381048075030089,1.013750694344305,-0.0027770174414480406,115.75217729988863,1.9394263798451993e-07,0.001645803038987963,-4.690736444868884e-06,-0.3981855701130285,71.78541046399573,-0.02909933916121967,7.54687091449559e-05,0.07397305741374936,22715.6,0.056744291552568285,0.0125,index_dividend_yield,0.065,13.42,65,22665,22809.35,22595.2,22716.2,mid_price,ok
2026-09-30T09:59:45.661400+00:00,2026-09-30T15:29:45.661400+05:30,NIFTY,27-Oct-2026,24300.0,PE,22620.45,1565.6,65,1577.5,130,1577.05,1571.55,3572,-7,162,11.58241058478084,19.93,,,,,,,,,,,,,,,0.07397305741374936,,,,,,13.42,65,22665,22809.35,22595.2,22716.2,mid_price,no_price_available
2026-09-30T09:59:45.661400+00:00,2026-09-30T15:29:45.661400+05:30,NIFTY,27-Oct-2026,24350.0,CE,22620.45,11.5,650,11.6,260,11.55,11.55,2543,-31,2463,-16,13.43,0.029185858398993507,8.047807109250902e-05,-1.1107646960311053,4.091001333004479,0.9550518765236368,-0.0026358793709895627,111.19699191701349,1.8094034489209895e-07,0.0015882718941998349,-4.547042077831354e-06,-0.3826285589971698,71.85899467803706,-0.02673551752337649,6.94515764666952e-05,0.07397305741374936,22715.6,0.056744291552568285,0.0125,index_dividend_yield,0.065,13.42,65,22665,22809.35,22595.2,22716.2,mid_price,ok
2026-09-30T09:59:45.661400+00:00,2026-09-30T15:29:45.661400+05:30,NIFTY,27-Oct-2026,24350.0,PE,22620.45,1509,650,1636.7,65,1586.85,1572.85,235,3,16,8.004083716181725,16.59,,,,,,,,,,,,,,,0.07397305741374936,,,,,,13.42,65,22665,22809.35,22595.2,22716.2,mid_price,no_price_available
2026-09-30T09:59:45.661400+00:00,2026-09-30T15:29:45.661400+05:30,NIFTY,27-Oct-2026,24400.0,CE,22620.45,10.75,260,10.85,260,10.8,10.8,5966,-636,5873,-13.25301204819277,13.57,0.026892397765696227,7.440049671537983e-05,-1.0463096178966744,3.8214812440066606,0.8994326896774353,-0.002501174887033608,106.69509118410735,1.6876000557751037e-07,0.0015290155638062982,-4.398805697790407e-06,-0.36744602615839334,71.91468536328848,-0.02458439560847541,6.394383259196959e-05,0.07397305741374936,22715.6,0.056744291552568285,0.0125,index_dividend_yield,0.065,13.42,65,22665,22809.35,22595.2,22716.2,mid_price,ok
2026-09-30T09:59:45.661400+00:00,2026-09-30T15:29:45.661400+05:30,NIFTY,27-Oct-2026,24400.0,PE,22620.45,1657.45,65,1674.15,65,1671.25,1665.8000000000002,2365,27,57,10.357237189646064,20.39,,,,,,,,,,,,,,,0.07397305741374936,,,,,,13.42,65,22665,22809.35,22595.2,22716.2,mid_price,no_price_available
2026-09-30T09:59:45.661400+00:00,2026-09-30T15:29:45.661400+05:30,NIFTY,27-Oct-2026,24450.0,CE,22620.45,10.15,65,10.25,585,10.15,10.2,1474,-352,1143,-12.5,13.77,0.025310669907013698,6.969569387002202e-05,-1.0072283346871198,3.632586261794237,0.8539879758622317,-0.002403348853144846,102.6760842799519,1.5793546122871255e-07,0.0014638579064942742,-4.2534420999397205e-06,-0.35620636227180613,71.45328904446033,-0.02308899687061738,5.96555288170218e-05,0.07397305741374936,22715.6,0.056744291552568285,0.0125,index_dividend_yield,0.065,13.42,65,22665,22809.35,22595.2,22716.2,mid_price,ok
2026-09-30T09:59:45.661400+00:00,2026-09-30T15:29:45.661400+05:30,NIFTY,27-Oct-2026,24450.0,PE,22620.45,1706.05,130,1754.4,65,1740,1730.225,135,3,7,7.937098725225645,22.37,,,,,,,,,,,,,,,0.07397305741374936,,,,,,13.42,65,22665,22809.35,22595.2,22716.2,mid_price,no_price_available
2026-09-30T09:59:45.661400+00:00,2026-09-30T15:29:45.661400+05:30,NIFTY,27-Oct-2026,24500.0,CE,22620.45,9.55,455,9.6,585,9.55,9.575,38001,-69,20559,-12.785388127853881,13.99,0.024018736602837105,6.564963312258253e-05,-0.9774138521280419,3.4763705938472604,0.8136871454986587,-0.002320611242196305,98.95010629437206,1.4811636326521827e-07,0.00139938996775239,-4.1136066137753986e-06,-0.34656019238197766,70.82547807707526,-0.021862998182776053,5.59632097466247e-05,0.07397305741374936,22715.6,0.056744291552568285,0.0125,index_dividend_yield,0.065,13.42,65,22665,22809.35,22595.2,22716.2,mid_price,ok
2026-09-30T09:59:45.661400+00:00,2026-09-30T15:29:45.661400+05:30,NIFTY,27-Oct-2026,24500.0,PE,22620.45,1762.65,65,1770.65,65,1770,1766.65,23276,99,848,10.235730078161492,22.77,,,,,,,,,,,,,,,0.07397305741374936,,,,,,13.42,65,22665,22809.35,22595.2,22716.2,mid_price,no_price_available
2026-09-30T09:59:45.661400+00:00,2026-09-30T15:29:45.661400+05:30,NIFTY,27-Oct-2026,24550.0,CE,22620.45,9.05,130,9.1,130,9.1,9.075,1412,-289,1377,-11.21951219512195,14.16,0.022439899751503196,6.125334585214412e-05,-0.9325974244248472,3.2829866696058922,0.7702064842218317,-0.0022179632825829187,95.0245566657708,1.3856549055878674e-07,0.0013403884025358253,-3.971299062834413e-06,-0.33442063940948064,70.59908444120359,-0.020383328980261736,5.2003108434838863e-05,0.07397305741374936,22715.6,0.056744291552568285,0.0125,index_dividend_yield,0.065,13.42,65,22665,22809.35,22595.2,22716.2,mid_price,ok
2026-09-30T09:59:45.661400+00:00,2026-09-30T15:29:45.661400+05:30,NIFTY,27-Oct-2026,24550.0,PE,22620.45,,0,1843.75,195,1661.85,,102,0,4,-7.8030513176144245,0,,,,,,,,,,,,,,,0.07397305741374936,,,,,,13.42,65,22665,22809.35,22595.2,22716.2,ltp,no_price_available
2026-09-30T09:59:45.661400+00:00,2026-09-30T15:29:45.661400+05:30,NIFTY,27-Oct-2026,24600.0,CE,22620.45,8.35,2925,8.4,2145,8.35,8.375,5417,-176,5155,-11.170212765957446,14.31,0.02084387144048137,5.694812428803715e-05,-0.8840344559139676,3.084573389941733,0.7270246454961284,-0.002110976369209285,91.07663810884326,1.2948426682102102e-07,0.0012835304939383839,-3.82775410814203e-06,-0.32155492143119835,70.52131236788088,-0.018894791118663067,4.815170732766575e-05,0.07397305741374936,22715.6,0.056744291552568285,0.0125,index_dividend_yield,0.065,13.42,65,22665,22809.35,22595.2,22716.2,mid_price,ok
2026-09-30T09:59:45.661400+00:00,2026-09-30T15:29:45.661400+05:30,NIFTY,27-Oct-2026,24600.0,PE,22620.45,1857.05,65,1867.35,130,1880,1862.1999999999998,2936,-10,133,9.248336577853967,22.97,,,,,,,,,,,,,,,0.07397305741374936,,,,,,13.42,65,22665,22809.35,22595.2,22716.2,mid_price,no_price_available
2026-09-30T09:59:45.661400+00:00,2026-09-30T15:29:45.661400+05:30,NIFTY,27-Oct-2026,24650.0,CE,22620.45,8,390,8.1,65,8.05,8.05,594,-67,412,-8,14.52,0.019794144096762625,5.371924489208046e-05,-0.8571208980677384,2.9523821126401617,0.693065564209238,-0.0020374694868152826,87.73479846348265,1.2164894421434514e-07,0.0012263951820640046,-3.6981723134261324e-06,-0.31258189110939494,69.96184235074132,-0.017904766516596973,4.5237493399972985e-05,0.07397305741374936,22715.6,0.056744291552568285,0.0125,index_dividend_yield,0.065,13.42,65,22665,22809.35,22595.2,22716.2,mid_price,ok
2026-09-30T09:59:45.661400+00:00,2026-09-30T15:29:45.661400+05:30,NIFTY,27-Oct-2026,24650.0,PE,22620.45,1743.75,65,1941.3,455,1750,1842.525,44,-1,1,3.2813975448536357,0,,,,,,,,,,,,,,,0.07397305741374936,,,,,,13.42,65,22665,22809.35,22595.2,22716.2,mid_price,no_price_available
2026-09-30T09:59:45.661400+00:00,2026-09-30T15:29:45.661400+05:30,NIFTY,27-Oct-2026,24700.0,CE,22620.45,7.55,520,7.6,910,7.6,7.574999999999999,4350,167,1889,-7.878787878787879,14.7,0.018624872468445446,5.038514618730296e-05,-0.8226830609169821,2.8034699636330878,0.6579530980944815,-0.0019541832609789277,84.30181415815308,1.1409165318562024e-07,0.0011723561687406814,-3.5669618996607254e-06,-0.3022880323491681,69.63358442331993,-0.016811850685429,4.225821000810985e-05,0.07397305741374936,22715.6,0.056744291552568285,0.0125,index_dividend_yield,0.065,13.42,65,22665,22809.35,22595.2,22716.2,mid_price,ok
2026-09-30T09:59:45.661400+00:00,2026-09-30T15:29:45.661400+05:30,NIFTY,27-Oct-2026,24700.0,PE,22620.45,1946.45,65,1976,195,1790.65,1961.225,3373,12,65,0.4938687319359093,0,,,,,,,,,,,,,,,0.07397305741374936,,,,,,13.42,65,22665,22809.35,22595.2,22716.2,mid_price,no_price_available
2026-09-30T09:59:45.661400+00:00,2026-09-30T15:29:45.661400+05:30,NIFTY,27-Oct-2026,24750.0,CE,22620.45,7.2,130,7.3,650,7.2,7.25,522,-20,494,-4.635761589403973,14.9,0.017670944045512477,4.753054921926955e-05,-0.7961130567920108,2.6806193657584867,0.627096352282976,-0.0018841580444803434,81.17399862576602,1.0728197134106078e-07,0.001120315399471703,-3.4443140838190213e-06,-0.29352319590090703,69.149002232307,-0.01591693242600633,3.970314471501923e-05,0.07397305741374936,22715.6,0.056744291552568285,0.0125,index_dividend_yield,0.065,13.42,65,22665,22809.35,22595.2,22716.2,mid_price,ok
2026-09-30T09:59:45.661400+00:00,2026-09-30T15:29:45.661400+05:30,NIFTY,27-Oct-2026,24750.0,PE,22620.45,1884.45,650,2057.7,65,0.0,1971.0749999999998,11,0,0,0,0,,,,,,,,,,,,,,,0.07397305741374936,,,,,,13.42,65,22665,22809.35,22595.2,22716.2,mid_price,no_price_available
2026-09-30T09:59:45.661400+00:00,2026-09-30T15:29:45.661400+05:30,NIFTY,27-Oct-2026,24800.0,CE,22620.45,6.55,650,6.6,585,6.6,6.574999999999999,6218,-144,3552,-8.96551724137931,14.99,0.016135441851678433,4.371187486809395e-05,-0.7400289989107124,2.480145255279801,0.5866311893157669,-0.0017699175500756042,77.25766081301244,9.98322921012207e-08,0.0010700350587210985,-3.2986921356429834e-06,-0.2790125497636371,69.48578564403257,-0.014505573100812394,3.6366252800563534e-05,0.07397305741374936,22715.6,0.056744291552568285,0.0125,index_dividend_yield,0.065,13.42,65,22665,22809.35,22595.2,22716.2,mid_price,ok
2026-09-30T09:59:45.661400+00:00,2026-09-30T15:29:45.661400+05:30,NIFTY,27-Oct-2026,24800.0,PE,22620.45,2051.55,65,2065.75,65,2045,2058.65,4884,-30,59,6.738347512918211,21.4,,,,,,,,,,,,,,,0.07397305741374936,,,,,,13.42,65,22665,22809.35,22595.2,22716.2,mid_price,no_price_available
2026-09-30T09:59:45.661400+00:00,2026-09-30T15:29:45.661400+05:30,NIFTY,27-Oct-2026,24850.0,CE,22620.45,6.3,390,6.5,390,6.4,6.4,620,75,591,-7.913669064748201,15.24,0.015626421019694837,4.182920794091628e-05,-0.7308970768364158,2.4129074135738815,0.5648354043998396,-0.0017294573331830456,74.83204714826508,9.450904556609555e-08,0.0010227847064648576,-3.197394531441178e-06,-0.2738014474644461,68.61813843724654,-0.014017115340204328,3.4660062023731654e-05,0.07397305741374936,22715.6,0.056744291552568285,0.0125,index_dividend_yield,0.065,13.42,65,22665,22809.35,22595.2,22716.2,mid_price,ok
2026-09-30T09:59:45.661400+00:00,2026-09-30T15:29:45.661400+05:30,NIFTY,27-Oct-2026,24850.0,PE,22620.45,2096.2,65,2193.3,650,0.0,2144.75,24,0,0,0,26.3,,,,,,,,,,,,,,,0.07397305741374936,,,,,,13.42,65,22665,22809.35,22595.2,22716.2,mid_price,no_price_available
2026-09-30T09:59:45.661400+00:00,2026-09-30T15:29:45.661400+05:30,NIFTY,27-Oct-2026,24900.0,CE,22620.45,5.9,520,6,650,5.95,5.95,3223,-50,2318,-7.03125,15.38,0.014558250595354162,3.900176397216211e-05,-0.693172555382266,2.27047453287167,0.533483654344133,-0.0016456506105144413,71.59962929318463,8.848196707900322e-08,0.0009763299525179298,-3.071668361308205e-06,-0.26290374604067823,68.56163929015477,-0.013032570101275356,3.218755853545385e-05,0.07397305741374936,22715.6,0.056744291552568285,0.0125,index_dividend_yield,0.065,13.42,65,22665,22809.35,22595.2,22716.2,mid_price,ok
2026-09-30T09:59:45.661400+00:00,2026-09-30T15:29:45.661400+05:30,NIFTY,27-Oct-2026,24900.0,PE,22620.45,2147.5,65,2161.8,65,2175,2154.65,2187,-46,121,9.376178622614468,25.26,,,,,,,,,,,,,,,0.07397305741374936,,,,,,13.42,65,22665,22809.35,22595.2,22716.2,mid_price,no_price_available
2026-09-30T09:59:45.661400+00:00,2026-09-30T15:29:45.661400+05:30,NIFTY,27-Oct-2026,24950.0,CE,22620.45,5.7,195,5.8,130,6.05,5.75,955,0,108,-2.4193548387096775,15.56,0.013776916929324637,3.6761267975374566e-05,-0.667874365477505,2.1650908523604326,0.5078518831911566,-0.0015823180519202243,68.83680437561934,8.326087347965169e-08,0.0009325227370116465,-2.9607637238801357e-06,-0.25456330083404355,68.20730578993049,-0.012307456819488454,3.0217036100572827e-05,0.07397305741374936,22715.6,0.056744291552568285,0.0125,index_dividend_yield,0.065,13.42,65,22665,22809.35,22595.2,22716.2,mid_price,ok
2026-09-30T09:59:45.661400+00:00,2026-09-30T15:29:45.661400+05:30,NIFTY,27-Oct-2026,24950.0,PE,22620.45,2175.1,650,2241.7,975,0.0,2208.3999999999996,57,0,0,0,21.7,,,,,,,,,,,,,,,0.07397305741374936,,,,,,13.42,65,22665,22809.35,22595.2,22716.2,mid_price,no_price_available
2026-09-30T09:59:45.661400+00:00,2026-09-30T15:29:45.661400+05:30,NIFTY,27-Oct-2026,25000.0,CE,22620.45,5.4,1755,5.5,3835,5.4,5.45,45582,-1480,20536,-17.557251908396946,15.79,0.01329505926398289,3.51295268997127e-05,-0.6563899243450723,2.09957059037993,0.4884506987296319,-0.0015419286011174056,66.62487276373818,7.888961243159978e-08,0.0008922631313249067,-2.8683971219472585e-06,-0.24919477105035945,67.49819205553266,-0.0118513877309384,2.8760389563916352e-05,0.07397305741374936,22715.6,0.056744291552568285,0.0125,index_dividend_yield,0.065,13.42,65,22665,22809.35,22595.2,22716.2,mid_price,ok
2026-09-30T09:59:45.661400+00:00,2026-09-30T15:29:45.661400+05:30,NIFTY,27-Oct-2026,25000.0,PE,22620.45,2255.5,65,2258,585,2258,2256.75,34358,292,1813,7.947890522289948,25.53,,,,,,,,,,,,,,,0.07397305741374936,,,,,,13.42,65,22665,22809.35,22595.2,22716.2,mid_price,no_price_available
2026-09-30T09:59:45.661400+00:00,2026-09-30T15:29:45.661400+05:30,NIFTY,27-Oct-2026,25050.0,CE,22620.45,5.3,390,5.35,325,5.4,5.324999999999999,2418,39,1435,-3.5714285714285716,15.99,0.012703727058417312,3.335215004580961e-05,-0.6382930257129,2.0185910781531207,0.46747593993789505,-0.0014921524986753285,64.27207239161392,7.454907919922714e-08,0.0008533432930927985,-2.7719075789697048e-06,-0.24252835545893014,67.00600823981165,-0.011300414852603809,2.7196364686552792e-05,0.07397305741374936,22715.6,0.056744291552568285,0.0125,index_dividend_yield,0.065,13.42,65,22665,22809.35,22595.2,22716.2,mid_price,ok
2026-09-30T09:59:45.661400+00:00,2026-09-30T15:29:45.661400+05:30,NIFTY,27-Oct-2026,25050.0,PE,22620.45,2290.5,65,2405.65,715,0.0,2348.075,5,0,0,0,0,,,,,,,,,,,,,,,0.07397305741374936,,,,,,13.42,65,22665,22809.35,22595.2,22716.2,mid_price,no_price_available
2026-09-30T09:59:45.661400+00:00,2026-09-30T15:29:45.661400+05:30,NIFTY,27-Oct-2026,25100.0,CE,22620.45,5,715,5.05,325,5.05,5.025,1459,91,1266,-4.716981132075472,16.17,0.012062760011889466,3.1534620456962026e-05,-0.6164646723255035,1.9300727446680515,0.44597234972209177,-0.001437457529342854,61.86364558687529,7.032846479840867e-08,0.0008157329507643159,-2.673820532452757e-06,-0.23513644909800013,66.65166702619152,-0.010708014450618872,2.5611950038139432e-05,0.07397305741374936,22715.6,0.056744291552568285,0.0125,index_dividend_yield,0.065,13.42,65,22665,22809.35,22595.2,22716.2,mid_price,ok
2026-09-30T09:59:45.661400+00:00,2026-09-30T15:29:45.661400+05:30,NIFTY,27-Oct-2026,25100.0,PE,22620.45,2337.6,65,2363.85,65,2355.15,2350.725,671,2,6,8.111271775803898,0,,,,,,,,,,,,,,,0.07397305741374936,,,,,,13.42,65,22665,22809.35,22595.2,22716.2,mid_price,no_price_available
2026-09-30T09:59:45.661400+00:00,2026-09-30T15:29:45.661400+05:30,NIFTY,27-Oct-2026,25150.0,CE,22620.45,4.5,780,5.3,65,5.85,4.9,273,0,2,5.405405405405405,16.78,0.013375289312998773,3.322914005214162e-05,-0.6984870052783831,2.1105085135531114,0.46209962337466753,-0.001543403414982462,62.96411423047687,7.002479339367124e-08,0.0007933102330180475,-2.695643735011816e-06,-0.24937576943315465,63.527113151771395,-0.011840654075995391,2.68810113361297e-05,0.07397305741374936,22715.6,0.056744291552568285,0.0125,index_dividend_yield,0.065,13.42,65,22665,22809.35,22595.2,22716.2,mid_price,wide_quote_low_liquidity
2026-09-30T09:59:45.661400+00:00,2026-09-30T15:29:45.661400+05:30,NIFTY,27-Oct-2026,25150.0,PE,22620.45,2387.7,65,2434.9,65,0.0,2411.3,4,0,0,0,0,,,,,,,,,,,,,,,0.07397305741374936,,,,,,13.42,65,22665,22809.35,22595.2,22716.2,mid_price,no_price_available
2026-09-30T09:59:45.661400+00:00,2026-09-30T15:29:45.661400+05:30,NIFTY,27-Oct-2026,25200.0,CE,22620.45,4.45,325,4.5,325,4.5,4.475,2514,695,1999,-4.25531914893617,16.49,0.010748006866698278,2.7972560837856556e-05,-0.567470600290736,1.7459384624287324,0.4033271458524466,-0.0013221280143036161,57.04070432493935,6.238308183740897e-08,0.0007442316712348608,-2.477613882568785e-06,-0.219311719722183,66.20251362567133,-0.009502075874473742,2.2538947198008555e-05,0.07397305741374936,22715.6,0.056744291552568285,0.0125,index_dividend_yield,0.065,13.42,65,22665,22809.35,22595.2,22716.2,mid_price,ok
2026-09-30T09:59:45.661400+00:00,2026-09-30T15:29:45.661400+05:30,NIFTY,27-Oct-2026,25200.0,PE,22620.45,2450.85,65,2468.3,65,2430,2459.575,529,-1,11,9.105603448275861,22.8,,,,,,,,,,,,,,,0.07397305741374936,,,,,,13.42,65,22665,22809.35,22595.2,22716.2,mid_price,no_price_available
2026-09-30T09:59:45.661400+00:00,2026-09-30T15:29:45.661400+05:30,NIFTY,27-Oct-2026,25250.0,CE,22620.45,3.25,1755,6.3,65,0.0,4.775,32,0,0,0,16.28,0.008794888467869818,2.3779711273558427e-05,-0.46986665763405194,1.4653353526351736,0.35376279216356965,-0.0011434651909498252,51.662930832795496,5.5562422140596855e-08,0.0006923105925730902,-2.2694254791011514e-06,-0.19412523335360235,68.47650018822354,-0.00776392242714605,1.908474198707736e-05,0.07397305741374936,22715.6,0.056744291552568285,0.0125,index_dividend_yield,0.065,13.42,65,22665,22809.35,22595.2,22716.2,mid_price,wide_quote_low_liquidity
2026-09-30T09:59:45.661400+00:00,2026-09-30T15:29:45.661400+05:30,NIFTY,27-Oct-2026,25250.0,PE,22620.45,,0,2535,520,0.0,,4,0,0,0,0,,,,,,,,,,,,,,,0.07397305741374936,,,,,,13.42,65,22665,22809.35,22595.2,22716.2,none,no_price_available
2026-09-30T09:59:45.661400+00:00,2026-09-30T15:29:45.661400+05:30,NIFTY,27-Oct-2026,25300.0,CE,22620.45,4.05,260,4.15,390,4.15,4.1,494,19,321,1.2195121951219512,16.81,0.009612150182895096,2.4892615924478403e-05,-0.5237292043803218,1.5838509209775335,0.3654858050726297,-0.0012182609779858786,52.6332979953571,5.546274722776536e-08,0.0006791159821039341,-2.296208454158404e-06,-0.20476956716794326,65.73557046171335,-0.008463379401909749,1.989903319899456e-05,0.07397305741374936,22715.6,0.056744291552568285,0.0125,index_dividend_yield,0.065,13.42,65,22665,22809.35,22595.2,22716.2,mid_price,ok
2026-09-30T09:59:45.661400+00:00,2026-09-30T15:29:45.661400+05:30,NIFTY,27-Oct-2026,25300.0,PE,22620.45,2511.3,650,2584.9,65,2500,2548.1000000000004,161,1,7,2.459016393442623,16.2,,,,,,,,,,,,,,,0.07397305741374936,,,,,,13.42,65,22665,22809.35,22595.2,22716.2,mid_price,no_price_available
2026-09-30T09:59:45.661400+00:00,2026-09-30T15:29:45.661400+05:30,NIFTY,27-Oct-2026,25350.0,CE,22620.45,3.15,780,4.25,780,4,3.7,19,0,3,-20,17.03,0.00931274643950903,2.390045269555792e-05,-0.5155884191376914,1.5406245873360371,0.3527407896587228,-0.0011897427222440082,51.05379434901136,5.281989860815317e-08,0.0006516652915969181,-2.228635135142687e-06,-0.20072552248770095,65.11372579584172,-0.008182377728941499,1.9030608729785907e-05,0.07397305741374936,22715.6,0.056744291552568285,0.0125,index_dividend_yield,0.065,13.42,65,22665,22809.35,22595.2,22716.2,mid_price,wide_quote_low_liquidity
2026-09-30T09:59:45.661400+00:00,2026-09-30T15:29:45.661400+05:30,NIFTY,27-Oct-2026,25350.0,PE,22620.45,2365,65,2675.25,715,0.0,2520.125,23,0,0,0,0,,,,,,,,,,,,,,,0.07397305741374936,,,,,,13.42,65,22665,22809.35,22595.2,22716.2,mid_price,no_price_available
2026-09-30T09:59:45.661400+00:00,2026-09-30T15:29:45.661400+05:30,NIFTY,27-Oct-2026,25400.0,CE,22620.45,3.7,195,3.8,65,3.75,3.75,1461,51,662,-1.3157894736842106,17.22,0.008929188786222036,2.2782195340431452e-05,-0.5020196402170509,1.484925851706253,0.33849641324387375,-0.001153109837652301,49.31700386292381,5.0120430178220146e-08,0.0006243224276613517,-2.155496408464819e-06,-0.19549904474145086,64.6876280930064,-0.007829127695225221,1.8068854414549552e-05,0.07397305741374936,22715.6,0.056744291552568285,0.0125,index_dividend_yield,0.065,13.42,65,22665,22809.35,22595.2,22716.2,mid_price,ok
2026-09-30T09:59:45.661400+00:00,2026-09-30T15:29:45.661400+05:30,NIFTY,27-Oct-2026,25400.0,PE,22620.45,2589.8,650,2685,520,0.0,2637.4,135,0,0,0,0,,,,,,,,,,,,,,,0.07397305741374936,,,,,,13.42,65,22665,22809.35,22595.2,22716.2,mid_price,no_price_available
2026-09-30T09:59:45.661400+00:00,2026-09-30T15:29:45.661400+05:30,NIFTY,27-Oct-2026,25450.0,CE,22620.45,3.4,520,4.35,1495,3.1,3.875,70,10,15,-33.333333333333336,17.4,0.008537032297813012,2.1675960666785418e-05,-0.48724024757636847,1.4275905099405382,0.3243356622720803,-0.0011151833813517927,47.58446682166273,4.752252977552063e-08,0.0005979152813437765,-2.0826730055137227e-06,-0.1900487162093063,64.324943638535,-0.007469916989539243,1.7124001671432487e-05,0.07397305741374936,22715.6,0.056744291552568285,0.0125,index_dividend_yield,0.065,13.42,65,22665,22809.35,22595.2,22716.2,mid_price,wide_quote_low_liquidity
2026-09-30T09:59:45.661400+00:00,2026-09-30T15:29:45.661400+05:30,NIFTY,27-Oct-2026,25450.0,PE,22620.45,2486.3,650,2735,520,0.0,2610.65,5,0,0,0,0,,,,,,,,,,,,,,,0.07397305741374936,,,,,,13.42,65,22665,22809.35,22595.2,22716.2,mid_price,no_price_available
2026-09-30T09:59:45.661400+00:00,2026-09-30T15:29:45.661400+05:30,NIFTY,27-Oct-2026,25500.0,CE,22620.45,3.2,1625,3.25,130,3.25,3.225,15952,-219,6599,8.333333333333334,17.41,0.007650881832835666,1.9674254270628185e-05,-0.44241820247005825,1.2965017304538764,0.2992371600039831,-0.0010283953287086641,44.63942438532886,4.386193885963569e-08,0.0005643774546028298,-1.963529286117794e-06,-0.17742292060438936,65.00736294519632,-0.006682514967854058,1.548176245948618e-05,0.07397305741374936,22715.6,0.056744291552568285,0.0125,index_dividend_yield,0.065,13.42,65,22665,22809.35,22595.2,22716.2,mid_price,ok
2026-09-30T09:59:45.661400+00:00,2026-09-30T15:29:45.661400+05:30,NIFTY,27-Oct-2026,25500.0,PE,22620.45,2747.6,65,2755.55,65,2756.8,2751.575,13724,-389,563,6.3129073309937915,28.69,,,,,,,,,,,,,,,0.07397305741374936,,,,,,13.42,65,22665,22809.35,22595.2,22716.2,mid_price,no_price_available
2026-09-30T09:59:45.661400+00:00,2026-09-30T15:29:45.661400+05:30,NIFTY,27-Oct-2026,25550.0,CE,22620.45,2.3,1755,3.8,130,0.0,3.05,21,0,0,0,16.67,0.004968072952855042,1.4017319565647836e-05,-0.28891474539655054,0.8844567974089453,0.22621616625485363,-0.0007437027480164409,35.87385217114092,3.4830510703779405e-08,0.0004844388477072945,-1.6093624650975357e-06,-0.13432037410903297,70.73723120654655,-0.004336256303731939,1.0987164988791682e-05,0.07397305741374936,22715.6,0.056744291552568285,0.0125,index_dividend_yield,0.065,13.42,65,22665,22809.35,22595.2,22716.2,mid_price,wide_quote_low_liquidity
2026-09-30T09:59:45.661400+00:00,2026-09-30T15:29:45.661400+05:30,NIFTY,27-Oct-2026,25550.0,PE,22620.45,2566.3,650,2876.1,65,0.0,2721.2,14,0,0,0,24.2,,,,,,,,,,,,,,,0.07397305741374936,,,,,,13.42,65,22665,22809.35,22595.2,22716.2,mid_price,no_price_available
2026-09-30T09:59:45.661400+00:00,2026-09-30T15:29:45.661400+05:30,NIFTY,27-Oct-2026,25600.0,CE,22620.45,3.05,260,3.2,130,3.1,3.125,659,18,584,8.771929824561404,17.84,0.0072181994809183275,1.8240018948096755e-05,-0.42993628277929585,1.2316751659486784,0.27991866937282595,-0.0009837558902018881,42.12027528176432,4.0013991503037525e-08,0.0005215077357403184,-1.8542340705378e-06,-0.17083829208766876,63.832540080387574,-0.006278163841634088,1.424124097452684e-05,0.07397305741374936,22715.6,0.056744291552568285,0.0125,index_dividend_yield,0.065,13.42,65,22665,22809.35,22595.2,22716.2,mid_price,ok
2026-09-30T09:59:45.661400+00:00,2026-09-30T15:29:45.661400+05:30,NIFTY,27-Oct-2026,25600.0,PE,22620.45,2796.25,650,2870.5,130,2735,2833.375,147,0,1,1.144579427155563,0,,,,,,,,,,,,,,,0.07397305741374936,,,,,,13.42,65,22665,22809.35,22595.2,22716.2,mid_price,no_price_available
2026-09-30T09:59:45.661400+00:00,2026-09-30T15:29:45.661400+05:30,NIFTY,27-Oct-2026,25650.0,CE,22620.45,2.2,1755,3.8,130,0.0,3.0,66,0,0,0,17.45,0.0054943729278777945,1.4645730354964823e-05,-0.33014084577629427,0.9673475031458993,0.23339392923742672,-0.0008015904739060208,36.509922315500816,3.422482327340868e-08,0.0004688167521879569,-1.6270579865964375e-06,-0.1433095998040823,66.98361813155748,-0.004773088952034782,1.1390394758317566e-05,0.07397305741374936,22715.6,0.056744291552568285,0.0125,index_dividend_yield,0.065,13.42,65,22665,22809.35,22595.2,22716.2,mid_price,wide_quote_low_liquidity
2026-09-30T09:59:45.661400+00:00,2026-09-30T15:29:45.661400+05:30,NIFTY,27-Oct-2026,25650.0,PE,22620.45,2874.55,650,2935,520,0.0,2904.775,3,0,0,0,28.98,,,,,,,,,,,,,,,0.07397305741374936,,,,,,13.42,65,22665,22809.35,22595.2,22716.2,mid_price,no_price_available
2026-09-30T09:59:45.661400+00:00,2026-09-30T15:29:45.661400+05:30,NIFTY,27-Oct-2026,25700.0,CE,22620.45,2.7,390,2.8,15730,2.75,2.75,752,52,635,7.8431372549019605,18.1,0.006394863889507706,1.6153857618795407e-05,-0.39134996264411565,1.1067024598630266,0.2522845313298913,-0.0008978624914610066,38.63498775404073,3.555732676800016e-08,0.0004746693364720485,-1.707670103762812e-06,-0.15799493832073885,63.68082588758834,-0.005540200028099269,1.2514470665280229e-05,0.07397305741374936,22715.6,0.056744291552568285,0.0125,index_dividend_yield,0.065,13.42,65,22665,22809.35,22595.2,22716.2,mid_price,ok
2026-09-30T09:59:45.661400+00:00,2026-09-30T15:29:45.661400+05:30,NIFTY,27-Oct-2026,25700.0,PE,22620.45,2891.05,650,2985.55,65,2835,2938.3,108,6,28,0.5319148936170213,0,,,,,,,,,,,,,,,0.07397305741374936,,,,,,13.42,65,22665,22809.35,22595.2,22716.2,mid_price,no_price_available
2026-09-30T09:59:45.661400+00:00,2026-09-30T15:29:45.661400+05:30,NIFTY,27-Oct-2026,25750.0,CE,22620.45,2.5,260,3.4,585,2.35,2.95,1128,-118,248,6.818181818181818,18.2,0.0059535560463695476,1.5079095101220826e-05,-0.36909907431351435,1.0387779394774264,0.23787410070371695,-0.0008504921734267794,36.79862292306635,3.335298236930829e-08,0.0004513093612022662,-1.6304629922412285e-06,-0.15080770045435288,63.773688089594366,-0.0051479766113857245,1.1636524657601183e-05,0.07397305741374936,22715.6,0.056744291552568285,0.0125,index_dividend_yield,0.065,13.42,65,22665,22809.35,22595.2,22716.2,mid_price,wide_quote_low_liquidity
2026-09-30T09:59:45.661400+00:00,2026-09-30T15:29:45.661400+05:30,NIFTY,27-Oct-2026,25750.0,PE,22620.45,2813.85,65,3076.9,715,0.0,2945.375,5,0,0,0,0,,,,,,,,,,,,,,,0.07397305741374936,,,,,,13.42,65,22665,22809.35,22595.2,22716.2,mid_price,no_price_available
2026-09-30T09:59:45.661400+00:00,2026-09-30T15:29:45.661400+05:30,NIFTY,27-Oct-2026,25800.0,CE,22620.45,2.45,195,2.55,130,2.5,2.5,1275,20,575,11.11111111111111,18.45,0.005887862784042584,1.4729129776517065e-05,-0.3702189537107588,1.0286070791307336,0.23276936501130488,-0.0008429285648797989,36.064948558634846,3.217611052356456e-08,0.00043658553740842036,-1.5972151545148845e-06,-0.14965207923255097,62.98888070368317,-0.00508029718417477,1.1322443375143289e-05,0.07397305741374936,22715.6,0.056744291552568285,0.0125,index_dividend_yield,0.065,13.42,65,22665,22809.35,22595.2,22716.2,mid_price,ok
2026-09-30T09:59:45.661400+00:00,2026-09-30T15:29:45.661400+05:30,NIFTY,27-Oct-2026,25800.0,PE,22620.45,2812.45,650,3121.15,650,0.0,2966.8,183,0,0,0,0,,,,,,,,,,,,,,,0.07397305741374936,,,,,,13.42,65,22665,22809.35,22595.2,22716.2,mid_price,no_price_available
2026-09-30T09:59:45.661400+00:00,2026-09-30T15:29:45.661400+05:30,NIFTY,27-Oct-2026,25850.0,CE,22620.45,1.65,1560,3.4,130,0.0,2.525,9,0,0,0,17.46,0.0034140285185910225,9.567074720003864e-06,-0.21534243662033462,0.6322654564347142,0.16200744491300056,-0.0005547962335868948,26.958017591784234,2.3830283132698858e-08,0.0003531007190338845,-1.21953117907097e-06,-0.10403092010593429,69.88969415788115,-0.002944753551174537,7.325892670196576e-06,0.07397305741374936,22715.6,0.056744291552568285,0.0125,index_dividend_yield,0.065,13.42,65,22665,22809.35,22595.2,22716.2,mid_price,wide_quote_low_liquidity
2026-09-30T09:59:45.661400+00:00,2026-09-30T15:29:45.661400+05:30,NIFTY,27-Oct-2026,25850.0,PE,22620.45,3069.5,65,3177.45,65,3040.7,3123.475,1,0,2,177.99414883891023,0,,,,,,,,,,,,,,,0.07397305741374936,,,,,,13.42,65,22665,22809.35,22595.2,22716.2,mid_price,no_price_available
2026-09-30T09:59:45.661400+00:00,2026-09-30T15:29:45.661400+05:30,NIFTY,27-Oct-2026,25900.0,CE,22620.45,2.25,260,2.35,65,2.35,2.3,282,-13,502,-2.0833333333333335,18.69,0.005205011436669494,1.3031823708820024e-05,-0.33568474092111505,0.92191429141977,0.20945659141531234,-0.0007671000626056409,33.0084138122283,2.8592021643606384e-08,0.0003968546891617128,-1.467308799804178e-06,-0.13796257046350113,62.91964035856811,-0.004473684552547602,9.940498149081238e-06,0.07397305741374936,22715.6,0.056744291552568285,0.0125,index_dividend_yield,0.065,13.42,65,22665,22809.35,22595.2,22716.2,mid_price,ok
2026-09-30T09:59:45.661400+00:00,2026-09-30T15:29:45.661400+05:30,NIFTY,27-Oct-2026,25900.0,PE,22620.45,,0,3227.65,650,2945.2,,25,0,1,0.6905982905982906,0,,,,,,,,,,,,,,,0.07397305741374936,,,,,,13.42,65,22665,22809.35,22595.2,22716.2,ltp,no_price_available
2026-09-30T09:59:45.661400+00:00,2026-09-30T15:29:45.661400+05:30,NIFTY,27-Oct-2026,25950.0,CE,22620.45,2.15,195,2.45,780,2.15,2.3,53,35,45,-33.84615384615385,18.8,0.004878367477518118,1.2229022295915991e-05,-0.31852136015948446,0.8702131380845252,0.19826436051601684,-0.0007298070919937146,31.518216964002587,2.6911835123681905e-08,0.00037786133397957203,-1.4037381465786454e-06,-0.13213547097784029,62.93416428112717,-0.004184872222572531,9.292220204912749e-06,0.07397305741374936,22715.6,0.056744291552568285,0.0125,index_dividend_yield,0.065,13.42,65,22665,22809.35,22595.2,22716.2,mid_price,ok
2026-09-30T09:59:45.661400+00:00,2026-09-30T15:29:45.661400+05:30,NIFTY,27-Oct-2026,25950.0,PE,22620.45,3167.05,65,3277.95,650,0.0,3222.5,0,0,0,0,0,,,,,,,,,,,,,,,0.07397305741374936,,,,,,13.42,65,22665,22809.35,22595.2,22716.2,mid_price,no_price_available
2026-09-30T09:59:45.661400+00:00,2026-09-30T15:29:45.661400+05:30,NIFTY,27-Oct-2026,26000.0,CE,22620.45,2,585,2.1,2210,2.1,2.05,29933,302,14616,40,18.99,0.004726325699507798,1.1769686388954745e-05,-0.31257816881932277,0.8459913166102578,0.19164441093794288,-0.0007120169131405608,30.594374703738936,2.5746381429577924e-08,0.0003636470938878589,-1.3632299972987468e-06,-0.12933640684529268,62.49549555018531,-0.004046188655764086,8.908830079957932e-06,0.07397305741374936,22715.6,0.056744291552568285,0.0125,index_dividend_yield,0.065,13.42,65,22665,22809.35,22595.2,22716.2,mid_price,ok
2026-09-30T09:59:45.661400+00:00,2026-09-30T15:29:45.661400+05:30,NIFTY,27-Oct-2026,26000.0,PE,22620.45,3252,1300,3254.6,130,3255.65,3253.3,29053,-321,974,6.118091885460975,34.08,,,,,,,,,,,,,,,0.07397305741374936,,,,,,13.42,65,22665,22809.35,22595.2,22716.2,mid_price,no_price_available
2026-09-30T09:59:45.661400+00:00,2026-09-30T15:29:45.661400+05:30,NIFTY,27-Oct-2026,26050.0,CE,22620.45,1.75,780,2.2,780,2.1,1.975,102,0,24,-16,19.24,0.0046945028385986945,1.1546960613100886e-05,-0.31457861234815626,0.8409086151169349,0.18823096745620255,-0.0007080046696516223,30.07635243897222,2.4944050740636875e-08,0.00035296678819113895,-1.3394020926073165e-06,-0.1287028848146945,61.73374844125117,-0.004010426460440988,8.706722638493545e-06,0.07397305741374936,22715.6,0.056744291552568285,0.0125,index_dividend_yield,0.065,13.42,65,22665,22809.35,22595.2,22716.2,mid_price,wide_quote_low_liquidity
2026-09-30T09:59:45.661400+00:00,2026-09-30T15:29:45.661400+05:30,NIFTY,27-Oct-2026,26050.0,PE,22620.45,3040.85,650,3378.55,650,0.0,3209.7,4,0,0,0,14.64,,,,,,,,,,,,,,,0.07397305741374936,,,,,,13.42,65,22665,22809.35,22595.2,22716.2,mid_price,no_price_available
2026-09-30T09:59:45.661400+00:00,2026-09-30T15:29:45.661400+05:30,NIFTY,27-Oct-2026,26100.0,CE,22620.45,1.3,1560,2.4,260,0.0,1.85,283,0,0,0,18.88,0.0036221370765051465,9.330338755627637e-06,-0.2446792018210344,0.6667690791742664,0.15708673957742217,-0.0005794142517413737,25.948883489386674,2.1275909308003936e-08,0.00031367952076579434,-1.1663603264531658e-06,-0.10806349326532017,64.37071672804126,-0.0030904796559003125,7.008399950266056e-06,0.07397305741374936,22715.6,0.056744291552568285,0.0125,index_dividend_yield,0.065,13.42,65,22665,22809.35,22595.2,22716.2,mid_price,wide_quote_low_liquidity
2026-09-30T09:59:45.661400+00:00,2026-09-30T15:29:45.661400+05:30,NIFTY,27-Oct-2026,26100.0,PE,22620.45,3088.8,65,3428.9,650,0.0,3258.8500000000004,3,0,0,0,0,,,,,,,,,,,,,,,0.07397305741374936,,,,,,13.42,65,22665,22809.35,22595.2,22716.2,mid_price,no_price_available
2026-09-30T09:59:45.661400+00:00,2026-09-30T15:29:45.661400+05:30,NIFTY,27-Oct-2026,26150.0,CE,22620.45,1.1,1560,2.85,650,0.0,1.975,7,0,0,0,14.76,0.00023678144051955457,9.769518985535059e-07,-0.015679365558518704,0.054580258525495626,0.021259990444021482,-6.129734478065523e-05,4.570771988672846,3.799387061654431e-09,7.518088637058676e-05,-2.1770159408548607e-07,-0.014192201475055193,99.92860039463436,-0.00020277259805552507,7.310250773948259e-07,0.07397305741374936,22715.6,0.056744291552568285,0.0125,index_dividend_yield,0.065,13.42,65,22665,22809.35,22595.2,22716.2,mid_price,wide_quote_low_liquidity
2026-09-30T09:59:45.661400+00:00,2026-09-30T15:29:45.661400+05:30,NIFTY,27-Oct-2026,26150.0,PE,22620.45,3138.65,650,3479.25,65,0.0,3308.95,3,0,0,0,29.46,,,,,,,,,,,,,,,0.07397305741374936,,,,,,13.42,65,22665,22809.35,22595.2,22716.2,mid_price,no_price_available
2026-09-30T09:59:45.661400+00:00,2026-09-30T15:29:45.661400+05:30,NIFTY,27-Oct-2026,26200.0,CE,22620.45,1,1300,1.8,195,1.2,1.4,313,1,44,0,18.83,0.0028258837888845622,7.482468633076207e-06,-0.1949841144384554,0.5332996205396975,0.12974377874687262,-0.00047664729526795697,22.086047381281002,1.7653029367146224e-08,0.00027012833105065907,-9.996612691531867e-07,-0.09101870527405154,65.92811549954955,-0.0024027931378248876,5.5775670900200895e-06,0.07397305741374936,22715.6,0.056744291552568285,0.0125,index_dividend_yield,0.065,13.42,65,22665,22809.35,22595.2,22716.2,mid_price,wide_quote_low_liquidity
2026-09-30T09:59:45.661400+00:00,2026-09-30T15:29:45.661400+05:30,NIFTY,27-Oct-2026,26200.0,PE,22620.45,3301.95,650,3550.3,780,3341,3426.125,285,8,10,0.3785602691984137,0,,,,,,,,,,,,,,,0.07397305741374936,,,,,,13.42,65,22665,22809.35,22595.2,22716.2,mid_price,no_price_available
2026-09-30T09:59:45.661400+00:00,2026-09-30T15:29:45.661400+05:30,NIFTY,27-Oct-2026,26250.0,CE,22620.45,0.9,1560,2.7,130,0.0,1.8,31,0,0,0,16.51,0.0006745354174657729,2.307229188741328e-06,-0.046244529566176945,0.14418293450294833,0.046144404989891905,-0.00014858546642440454,9.098167005246099,7.27628555376969e-09,0.00013160003250903995,-4.259287462794568e-07,-0.03197028306450472,83.65110818936607,-0.0005743196460407587,1.713304685074078e-06,0.07397305741374936,22715.6,0.056744291552568285,0.0125,index_dividend_yield,0.065,13.42,65,22665,22809.35,22595.2,22716.2,mid_price,wide_quote_low_liquidity
2026-09-30T09:59:45.661400+00:00,2026-09-30T15:29:45.661400+05:30,NIFTY,27-Oct-2026,26250.0,PE,22620.45,3221.9,650,3579.7,650,0.0,3400.8,4,0,0,0,23.75,,,,,,,,,,,,,,,0.07397305741374936,,,,,,13.42,65,22665,22809.35,22595.2,22716.2,mid_price,no_price_available
2026-09-30T09:59:45.661400+00:00,2026-09-30T15:29:45.661400+05:30,NIFTY,27-Oct-2026,26300.0,CE,22620.45,1.35,130,1.55,1495,0.0,1.4500000000000002,614,0,0,0,18.68,0.0020854983806861756,5.72993823776924e-06,-0.1468089565850211,0.4051378904583139,0.10278484186116983,-0.0003741261736049713,18.113993956742153,1.4132162497765973e-08,0.00022550211458414657,-8.26205219671245e-07,-0.0734398848659632,68.12676396786186,-0.0017673936884056818,4.238780467706939e-06,0.07397305741374936,22715.6,0.056744291552568285,0.0125,index_dividend_yield,0.065,13.42,65,22665,22809.35,22595.2,22716.2,mid_price,ok
2026-09-30T09:59:45.661400+00:00,2026-09-30T15:29:45.661400+05:30,NIFTY,27-Oct-2026,26300.0,PE,22620.45,,0,3602.1,65,3500,,538,0,3,4.069101883650744,25.02,,,,,,,,,,,,,,,0.07397305741374936,,,,,,13.42,65,22665,22809.35,22595.2,22716.2,ltp,no_price_available
2026-09-30T09:59:45.661400+00:00,2026-09-30T15:29:45.661400+05:30,NIFTY,27-Oct-2026,26350.0,CE,22620.45,0.7,1300,2.5,650,0.0,1.6,8,0,0,0,14.86,0.00012610963451684928,5.382910776683399e-07,-0.008737094326307345,0.030276944201446807,0.012262761106749225,-3.5506903088951326e-05,2.760634019324996,2.1839358550107993e-09,4.544899722361076e-05,-1.320793763845668e-07,-0.00855613700324652,102.94819970427245,-0.00010720861671957814,3.9669654939784854e-07,0.07397305741374936,22715.6,0.056744291552568285,0.0125,index_dividend_yield,0.065,13.42,65,22665,22809.35,22595.2,22716.2,mid_price,wide_quote_low_liquidity
2026-09-30T09:59:45.661400+00:00,2026-09-30T15:29:45.661400+05:30,NIFTY,27-Oct-2026,26350.0,PE,22620.45,3557.65,650,3659.7,65,0.0,3608.675,0,0,0,0,0,,,,,,,,,,,,,,,0.07397305741374936,,,,,,13.42,65,22665,22809.35,22595.2,22716.2,mid_price,no_price_available
2026-09-30T09:59:45.661400+00:00,2026-09-30T15:29:45.661400+05:30,NIFTY,27-Oct-2026,26400.0,CE,22620.45,0.75,1300,2,195,0.0,1.375,70,0,0,0,19.17,0.00209705021861063,5.6115262785138765e-06,-0.15124134787855498,0.40717317982708434,0.10064589054956455,-0.0003754747725370293,17.726254730620006,1.3466084216673241e-08,0.00021501303616499302,-8.072863945431424e-07,-0.0736748268900782,66.38000580934367,-0.0017697577097132622,4.119795206279193e-06,0.07397305741374936,22715.6,0.056744291552568285,0.0125,index_dividend_yield,0.065,13.42,65,22665,22809.35,22595.2,22716.2,mid_price,wide_quote_low_liquidity
2026-09-30T09:59:45.661400+00:00,2026-09-30T15:29:45.661400+05:30,NIFTY,27-Oct-2026,26400.0,PE,22620.45,3606.4,650,3730.4,650,0.0,3668.4,3,0,0,0,24.94,,,,,,,,,,,,,,,0.07397305741374936,,,,,,13.42,65,22665,22809.35,22595.2,22716.2,mid_price,no_price_available
2026-09-30T09:59:45.661400+00:00,2026-09-30T15:29:45.661400+05:30,NIFTY,27-Oct-2026,26450.0,CE,22620.45,0.6,1300,1.9,1300,0.0,1.25,8,0,0,0,15.33,0.00013771110169732344,5.666645985298794e-07,-0.009776953073591402,0.032880944660464484,0.012833853316182583,-3.828902136117337e-05,2.8713817549341925,2.209653960127506e-09,4.57794860078526e-05,-1.3707224791446825e-07,-0.009177542203578248,99.32937230190228,-0.00011658699064930275,4.144548341103382e-07,0.07397305741374936,22715.6,0.056744291552568285,0.0125,index_dividend_yield,0.065,13.42,65,22665,22809.35,22595.2,22716.2,mid_price,wide_quote_low_liquidity
2026-09-30T09:59:45.661400+00:00,2026-09-30T15:29:45.661400+05:30,NIFTY,27-Oct-2026,26450.0,PE,22620.45,,0,3780.7,650,0.0,,3,0,0,0,0,,,,,,,,,,,,,,,0.07397305741374936,,,,,,13.42,65,22665,22809.35,22595.2,22716.2,none,no_price_available
2026-09-30T09:59:45.661400+00:00,2026-09-30T15:29:45.661400+05:30,NIFTY,27-Oct-2026,26500.0,CE,22620.45,0.95,1040,1,3835,1,0.975,11371,241,2062,25,19.83,0.0022824557507719495,5.857761579537501e-06,-0.1687390143610664,0.43967366656303597,0.10415443459857648,-0.0004014516206347958,18.171588648806026,1.3440862547071853e-08,0.00021254915092459433,-8.244858519778215e-07,-0.07818630625975542,63.764930025618185,-0.0019177539886307733,4.2681770273172535e-06,0.07397305741374936,22715.6,0.056744291552568285,0.0125,index_dividend_yield,0.065,13.42,65,22665,22809.35,22595.2,22716.2,mid_price,ok
2026-09-30T09:59:45.661400+00:00,2026-09-30T15:29:45.661400+05:30,NIFTY,27-Oct-2026,26500.0,PE,22620.45,3725.55,65,3742.65,65,3717.55,3734.1000000000004,8342,270,289,3.763921065118486,30.9,,,,,,,,,,,,,,,0.07397305741374936,,,,,,13.42,65,22665,22809.35,22595.2,22716.2,mid_price,no_price_available
2026-09-30T09:59:45.661400+00:00,2026-09-30T15:29:45.661400+05:30,NIFTY,27-Oct-2026,26550.0,CE,22620.45,0.65,1300,1.9,1300,0.0,1.275,12,0,0,0,20.24,0.0024622861343560542,6.146880106137008e-06,-0.18435598891281668,0.47091367285518787,0.10841710755535391,-0.00042626756011932996,18.75320771170777,1.3686168449292045e-08,0.00021440752679068576,-8.484262616467261e-07,-0.08245696503056921,62.106632428322584,-0.0020640756169028702,4.4619856800174094e-06,0.07397305741374936,22715.6,0.056744291552568285,0.0125,index_dividend_yield,0.065,13.42,65,22665,22809.35,22595.2,22716.2,mid_price,wide_quote_low_liquidity
2026-09-30T09:59:45.661400+00:00,2026-09-30T15:29:45.661400+05:30,NIFTY,27-Oct-2026,26550.0,PE,22620.45,3752.85,650,3881.3,65,0.0,3817.075,0,0,0,0,0,,,,,,,,,,,,,,,0.07397305741374936,,,,,,13.42,65,22665,22809.35,22595.2,22716.2,mid_price,no_price_available
2026-09-30T09:59:45.661400+00:00,2026-09-30T15:29:45.661400+05:30,NIFTY,27-Oct-2026,26600.0,CE,22620.45,0.8,1300,1.2,260,0.7,1.0,35,-8,23,-73.07692307692308,19.61,0.0016449804780424794,4.399146987894875e-06,-0.1238297683078773,0.32652926940548277,0.08099430514367316,-0.0003083939230605099,14.644211050124367,1.0597822982052265e-08,0.00017484980263192303,-6.695748316514854e-07,-0.06181010982054208,66.1627054296308,-0.001377736624971121,3.1813223794423734e-06,0.07397305741374936,22715.6,0.056744291552568285,0.0125,index_dividend_yield,0.065,13.42,65,22665,22809.35,22595.2,22716.2,mid_price,wide_quote_low_liquidity
2026-09-30T09:59:45.661400+00:00,2026-09-30T15:29:45.661400+05:30,NIFTY,27-Oct-2026,26600.0,PE,22620.45,,0,3931.5,65,0.0,,7,0,0,0,0,,,,,,,,,,,,,,,0.07397305741374936,,,,,,13.42,65,22665,22809.35,22595.2,22716.2,none,no_price_available
2026-09-30T09:59:45.661400+00:00,2026-09-30T15:29:45.661400+05:30,NIFTY,27-Oct-2026,26650.0,CE,22620.45,0.5,3510,1.9,1300,0.0,1.2,6,0,0,0,17.26,0.0003543274688090662,1.2159166537367967e-06,-0.02652589078353309,0.07943660007929482,0.025689082823583946,-8.607821893959081e-05,5.35088001646708,3.879267279819129e-09,7.485056761234442e-05,-2.5182026924703484e-07,-0.019403522130610085,83.50216647999552,-0.00029715049523194685,8.760156415231931e-07,0.07397305741374936,22715.6,0.056744291552568285,0.0125,index_dividend_yield,0.065,13.42,65,22665,22809.35,22595.2,22716.2,mid_price,wide_quote_low_liquidity
2026-09-30T09:59:45.661400+00:00,2026-09-30T15:29:45.661400+05:30,NIFTY,27-Oct-2026,26650.0,PE,22620.45,3850.5,650,3981.9,65,0.0,3916.2,0,0,0,0,0,,,,,,,,,,,,,,,0.07397305741374936,,,,,,13.42,65,22665,22809.35,22595.2,22716.2,mid_price,no_price_available
2026-09-30T09:59:45.661400+00:00,2026-09-30T15:29:45.661400+05:30,NIFTY,27-Oct-2026,26700.0,CE,22620.45,0.6,1300,1.5,1300,0.0,1.05,11,0,0,0,19.92,0.0015285144952117452,4.05032265939206e-06,-0.11753356860795616,0.3053901360475568,0.07515858183742555,-0.000290388712289393,13.693978208873997,9.677792888704322e-09,0.00016127778741770418,-6.265479848969057e-07,-0.05856839052149049,65.51589008379727,-0.0012752037707150637,2.907164317935635e-06,0.07397305741374936,22715.6,0.056744291552568285,0.0125,index_dividend_yield,0.065,13.42,65,22665,22809.35,22595.2,22716.2,mid_price,wide_quote_low_liquidity
2026-09-30T09:59:45.661400+00:00,2026-09-30T15:29:45.661400+05:30,NIFTY,27-Oct-2026,26700.0,PE,22620.45,,0,4004.6,65,0.0,,4,0,0,0,36.76,,,,,,,,,,,,,,,0.07397305741374936,,,,,,13.42,65,22665,22809.35,22595.2,22716.2,none,no_price_available
2026-09-30T09:59:45.661400+00:00,2026-09-30T15:29:45.661400+05:30,NIFTY,27-Oct-2026,26750.0,CE,22620.45,0.6,1300,1.9,1300,0.0,1.25,15,0,0,0,16.02,9.284345314132373e-05,3.7453948496216574e-07,-0.007035783419969096,0.022710995456930592,0.008718713820740133,-2.7096539185977333e-05,2.0045095285028176,1.4352732216498963e-09,3.071354790439104e-05,-9.574836134737126e-08,-0.006651845775367155,97.18371758388646,-7.770282161228009e-05,2.6782586538583914e-07,0.07397305741374936,22715.6,0.056744291552568285,0.0125,index_dividend_yield,0.065,13.42,65,22665,22809.35,22595.2,22716.2,mid_price,wide_quote_low_liquidity
2026-09-30T09:59:45.661400+00:00,2026-09-30T15:29:45.661400+05:30,NIFTY,27-Oct-2026,26750.0,PE,22620.45,3948.2,650,4082.5,65,0.0,4015.35,0,0,0,0,0,,,,,,,,,,,,,,,0.07397305741374936,,,,,,13.42,65,22665,22809.35,22595.2,22716.2,mid_price,no_price_available
2026-09-30T09:59:45.661400+00:00,2026-09-30T15:29:45.661400+05:30,NIFTY,27-Oct-2026,26800.0,CE,22620.45,0.6,1300,1.4,650,0.0,1.0,6,0,0,0,20.24,0.0014310928850460444,3.7537943619721966e-06,-0.1123554765852203,0.28757891151554255,0.07014346432683441,-0.0002750866132301844,12.867484395769429,8.885486176832214e-09,0.00014940529396480697,-5.890240180596704e-07,-0.05579262617583042,64.81832054107757,-0.0011892738391639914,2.6742584100685708e-06,0.07397305741374936,22715.6,0.056744291552568285,0.0125,index_dividend_yield,0.065,13.42,65,22665,22809.35,22595.2,22716.2,mid_price,wide_quote_low_liquidity
2026-09-30T09:59:45.661400+00:00,2026-09-30T15:29:45.661400+05:30,NIFTY,27-Oct-2026,26800.0,PE,22620.45,,0,4125.75,65,0.0,,9,0,0,0,0,,,,,,,,,,,,,,,0.07397305741374936,,,,,,13.42,65,22665,22809.35,22595.2,22716.2,none,no_price_available
2026-09-30T09:59:45.661400+00:00,2026-09-30T15:29:45.661400+05:30,NIFTY,27-Oct-2026,26850.0,CE,22620.45,0.85,325,0.95,195,0.65,0.8999999999999999,198,185,355,-89.34426229508196,20.68,0.001585388276852661,4.033609177276336e-06,-0.12597025560634592,0.315733308561393,0.07461937430856727,-0.00029884537610011617,13.54406419264678,9.235252793675019e-09,0.00015351723797622923,-6.18112675582303e-07,-0.06009362842828808,62.96650078330998,-0.0013144376979943983,2.8629101416005565e-06,0.07397305741374936,22715.6,0.056744291552568285,0.0125,index_dividend_yield,0.065,13.42,65,22665,22809.35,22595.2,22716.2,mid_price,ok
2026-09-30T09:59:45.661400+00:00,2026-09-30T15:29:45.661400+05:30,NIFTY,27-Oct-2026,26850.0,PE,22620.45,4031.95,650,4183,650,0.0,4107.475,0,0,0,0,0,,,,,,,,,,,,,,,0.07397305741374936,,,,,,13.42,65,22665,22809.35,22595.2,22716.2,mid_price,no_price_available
2026-09-30T09:59:45.661400+00:00,2026-09-30T15:29:45.661400+05:30,NIFTY,27-Oct-2026,26900.0,CE,22620.45,1.15,65,1.4,65,1.5,1.275,488,65,105,25,22.39,0.0029666800778384134,6.574763122556367e-06,-0.24046638065643353,0.5571989044561292,0.11375123736318167,-0.0004929157613990792,19.252740927372226,1.289552085033827e-08,0.0001978044723146924,-8.624899629091497e-07,-0.09374881524554222,55.36738509627289,-0.0024496503942215793,4.649197880908184e-06,0.07397305741374936,22715.6,0.056744291552568285,0.0125,index_dividend_yield,0.065,13.42,65,22665,22809.35,22595.2,22716.2,mid_price,wide_quote_low_liquidity
2026-09-30T09:59:45.661400+00:00,2026-09-30T15:29:45.661400+05:30,NIFTY,27-Oct-2026,26900.0,PE,22620.45,3695.8,65,4233.45,975,0.0,3964.625,22,0,0,0,0,,,,,,,,,,,,,,,0.07397305741374936,,,,,,13.42,65,22665,22809.35,22595.2,22716.2,mid_price,no_price_available
2026-09-30T09:59:45.661400+00:00,2026-09-30T15:29:45.661400+05:30,NIFTY,27-Oct-2026,26950.0,CE,22620.45,0.6,1300,1.5,325,0.0,1.05,12,0,0,0,15.98,4.453730707804671e-05,1.879013836545337e-07,-0.0035064162717338876,0.011365349694291326,0.004584106706197645,-1.4186781892384061e-05,1.1049030885034787,7.595283716567722e-10,1.7087512902249678e-05,-5.3018998193747066e-08,-0.0036308733945626635,101.22157485702239,-3.7013023058566795e-05,1.3237772699554983e-07,0.07397305741374936,22715.6,0.056744291552568285,0.0125,index_dividend_yield,0.065,13.42,65,22665,22809.35,22595.2,22716.2,mid_price,wide_quote_low_liquidity
2026-09-30T09:59:45.661400+00:00,2026-09-30T15:29:45.661400+05:30,NIFTY,27-Oct-2026,26950.0,PE,22620.45,4143.6,650,4283.7,650,0.0,4213.65,0,0,0,0,0,,,,,,,,,,,,,,,0.07397305741374936,,,,,,13.42,65,22665,22809.35,22595.2,22716.2,mid_price,no_price_available
2026-09-30T09:59:45.661400+00:00,2026-09-30T15:29:45.661400+05:30,NIFTY,27-Oct-2026,27000.0,CE,22620.45,0.75,3965,0.8,260,0.75,0.775,15201,207,2487,15.384615384615385,21.57,0.001741554676508094,4.212638610254007e-06,-0.14293273995177308,0.3439381878537669,0.07723758774086809,-0.00032217689658236453,13.880874464140463,9.139408822544675e-09,0.00015047905825593113,-6.310039756245412e-07,-0.0642732388090057,59.97068743175524,-0.0014347351993962132,2.9568490654078695e-06,0.07397305741374936,22715.6,0.056744291552568285,0.0125,index_dividend_yield,0.065,13.42,65,22665,22809.35,22595.2,22716.2,mid_price,ok
2026-09-30T09:59:45.661400+00:00,2026-09-30T15:29:45.661400+05:30,NIFTY,27-Oct-2026,27000.0,PE,22620.45,4230,130,4241.25,130,4223,4235.625,14499,192,432,3.715892624702213,38.17,,,,,,,,,,,,,,,0.07397305741374936,,,,,,13.42,65,22665,22809.35,22595.2,22716.2,mid_price,no_price_available
2026-09-30T09:59:45.661400+00:00,2026-09-30T15:29:45.661400+05:30,NIFTY,27-Oct-2026,27050.0,CE,22620.45,0.85,1300,1.45,65,1.2,1.15,156,14,107,-17.24137931034483,22.63,0.0024620612504568356,5.497241538208811e-06,-0.20516259395803366,0.47087477221821655,0.09717869272591315,-0.0004250445969753349,16.80958183258832,1.0907861260427004e-08,0.00017194575993626285,-7.56372227407938e-07,-0.08224547386882136,55.64683121860826,-0.002021889276693439,3.844260074632952e-06,0.07397305741374936,22715.6,0.056744291552568285,0.0125,index_dividend_yield,0.065,13.42,65,22665,22809.35,22595.2,22716.2,mid_price,wide_quote_low_liquidity
2026-09-30T09:59:45.661400+00:00,2026-09-30T15:29:45.661400+05:30,NIFTY,27-Oct-2026,27050.0,PE,22620.45,4228.9,650,4384.5,650,0.0,4306.7,0,0,0,0,0,,,,,,,,,,,,,,,0.07397305741374936,,,,,,13.42,65,22665,22809.35,22595.2,22716.2,mid_price,no_price_available
2026-09-30T09:59:45.661400+00:00,2026-09-30T15:29:45.661400+05:30,NIFTY,27-Oct-2026,27100.0,CE,22620.45,0.65,1300,1.2,1300,1,0.925,144,1,22,-13.043478260869565,22.45,0.002083525767642159,4.763625507012598e-06,-0.17491812445944568,0.40479021625828443,0.08575812635413962,-0.0003719608146450198,15.115157769447467,9.718116725557883e-09,0.00015665199094140494,-6.831310988117407e-07,-0.07305869513028979,56.84822147561466,-0.0017085326811186663,3.3189561222246465e-06,0.07397305741374936,22715.6,0.056744291552568285,0.0125,index_dividend_yield,0.065,13.42,65,22665,22809.35,22595.2,22716.2,mid_price,wide_quote_low_liquidity
2026-09-30T09:59:45.661400+00:00,2026-09-30T15:29:45.661400+05:30,NIFTY,27-Oct-2026,27100.0,PE,22620.45,,0,4434.65,650,0.0,,4,0,0,0,0,,,,,,,,,,,,,,,0.07397305741374936,,,,,,13.42,65,22665,22809.35,22595.2,22716.2,none,no_price_available
2026-09-30T09:59:45.661400+00:00,2026-09-30T15:29:45.661400+05:30,NIFTY,27-Oct-2026,27150.0,CE,22620.45,0.6,1300,1.6,1300,0.0,1.1,34,0,0,0,21.63,0.0013173087234389788,3.256535661149497e-06,-0.11099357386186982,0.266617349994434,0.06143348408186515,-0.0002566448321273272,11.36525645475525,7.260511871943027e-09,0.0001237560593187524,-5.19469355894301e-07,-0.05242033584642649,61.09210872288044,-0.0010795712305527972,2.2605735984902095e-06,0.07397305741374936,22715.6,0.056744291552568285,0.0125,index_dividend_yield,0.065,13.42,65,22665,22809.35,22595.2,22716.2,mid_price,wide_quote_low_liquidity
2026-09-30T09:59:45.661400+00:00,2026-09-30T15:29:45.661400+05:30,NIFTY,27-Oct-2026,27150.0,PE,22620.45,4148.15,650,4485,65,0.0,4316.575,5,0,0,0,0,,,,,,,,,,,,,,,0.07397305741374936,,,,,,13.42,65,22665,22809.35,22595.2,22716.2,mid_price,no_price_available
2026-09-30T09:59:45.661400+00:00,2026-09-30T15:29:45.661400+05:30,NIFTY,27-Oct-2026,27200.0,CE,22620.45,0.75,65,0.8,780,0.65,0.775,918,-36,404,0,22.42,0.0016973001991085618,3.9590744089874094e-06,-0.1448946460122404,0.33597373094401317,0.07283969982961667,-0.0003152541561365096,13.126427158729719,8.276709017392007e-09,0.00013701544661524285,-5.959900363552331e-07,-0.06303693555403755,57.848042680413,-0.0013871321757932143,2.7381569415933566e-06,0.07397305741374936,22715.6,0.056744291552568285,0.0125,index_dividend_yield,0.065,13.42,65,22665,22809.35,22595.2,22716.2,mid_price,ok
2026-09-30T09:59:45.661400+00:00,2026-09-30T15:29:45.661400+05:30,NIFTY,27-Oct-2026,27200.0,PE,22620.45,4411.4,65,4486.3,65,4401.75,4448.85,892,0,2,2.889099260194243,32.63,,,,,,,,,,,,,,,0.07397305741374936,,,,,,13.42,65,22665,22809.35,22595.2,22716.2,mid_price,no_price_available
