fetch_ts_utc,fetch_ts_ist,symbol,expiry_date,strike,option_type,underlying_value,bid_price,bid_qty,ask_price,ask_qty,ltp,mid_price,open_interest,change_in_oi,total_traded_volume,pchange_vs_prev_close,nse_iv,delta,gamma,theta,vega,vanna,charm,vomma,speed,zomma,color,veta,omega,dual_delta,dual_gamma,time_to_expiry_years,futures_price,implied_cost_of_carry,dividend_yield_used,dividend_yield_source,risk_free_rate_used,india_vix,lot_size,underlying_day_open,underlying_day_high,underlying_day_low,underlying_prev_close,price_source_for_iv,data_quality_flag
2026-08-26T07:14:39.272115+00:00,2026-08-26T12:44:39.272115+05:30,NIFTY,29-Sep-2026,15000.0,CE,24284,,0,9991.4,1690,0.0,,0,0,0,0,0,,,,,,,,,,,,,,,0.09346526914906773,,,,,,10.8,65,24341.95,24378.6,24266.45,24334.55,none,no_price_available
2026-08-26T07:14:39.272115+00:00,2026-08-26T12:44:39.272115+05:30,NIFTY,29-Sep-2026,15000.0,PE,24284,0.95,65,1.3,780,0.0,1.125,729,0,0,0,52.63,-0.0009480768753178758,8.204983270762954e-07,-0.18003100294921118,0.23801360333359906,-0.017938555627848206,0.00013542499489328297,4.1361042978981795,-6.869679700955138e-10,1.269918279453755e-05,-9.559936933090657e-08,-0.03471420319680682,-21.592975623763092,0.0016059553191244131,2.1504811009054173e-06,0.09346526914906773,24460,0.07726327711442553,0.0115,index_dividend_yield,0.065,10.8,65,24341.95,24378.6,24266.45,24334.55,mid_price,wide_quote_low_liquidity
2026-08-26T07:14:39.272115+00:00,2026-08-26T12:44:39.272115+05:30,NIFTY,29-Sep-2026,16500.0,CE,24284,7346.15,1690,8338.95,1690,0.0,7842.55,0,0,0,0,0,,,,,,,,,,,,,,,0.09346526914906773,24460,0.07726327711442553,0.0115,index_dividend_yield,0.065,10.8,65,24341.95,24378.6,24266.45,24334.55,mid_price,no_nse_iv
2026-08-26T07:14:39.272115+00:00,2026-08-26T12:44:39.272115+05:30,NIFTY,29-Sep-2026,16500.0,PE,24284,0.9,1300,1.05,1755,1.05,0.9750000000000001,2051,-3,40,10.526315789473685,43.39,-0.001273682045793872,1.3044766235392936e-06,-0.1936490849517639,0.31197274938484604,-0.027937465209240717,0.00017298103159987593,6.258226954753837,-1.2780285671292397e-09,2.3161352734715887e-05,-1.4288488609592178e-07,-0.0433223636202012,-25.80478404264773,0.0019471947531100268,2.825588151909161e-06,0.09346526914906773,24460,0.07726327711442553,0.0115,index_dividend_yield,0.065,10.8,65,24341.95,24378.6,24266.45,24334.55,mid_price,wide_quote_low_liquidity
2026-08-26T07:14:39.272115+00:00,2026-08-26T12:44:39.272115+05:30,NIFTY,29-Sep-2026,18000.0,CE,24284,5869.4,715,6516.1,65,0.0,6192.75,21,0,0,0,0,,,,,,,,,,,,,,,0.09346526914906773,,,,,,10.8,65,24341.95,24378.6,24266.45,24334.55,mid_price,no_price_available
2026-08-26T07:14:39.272115+00:00,2026-08-26T12:44:39.272115+05:30,NIFTY,29-Sep-2026,18000.0,PE,24284,1.75,650,1.8,1040,1.8,1.775,15365,-15,222,-20,36.33,-0.002579359285455086,2.959540732219307e-06,-0.3059910817170653,0.592625628285047,-0.05900731144521383,0.0003035596099235493,12.251170697807012,-3.197329605073217e-09,5.303477657927472e-05,-2.713420846945196e-07,-0.07171132725091267,-29.266321724929142,0.0035987448895287875,5.386662425114911e-06,0.09346526914906773,24460,0.07726327711442553,0.0115,index_dividend_yield,0.065,10.8,65,24341.95,24378.6,24266.45,24334.55,mid_price,ok
2026-08-26T07:14:39.272115+00:00,2026-08-26T12:44:39.272115+05:30,NIFTY,29-Sep-2026,19500.0,CE,24284,4915.45,65,4942.85,65,5065.3,4929.15,2161,0,2,2.7100463333772673,50.56,0.9358682286467215,3.298360350425475e-05,-9.254661443060717,9.191700728881184,-0.3365748416438441,0.002406185034039887,38.207697610889824,-1.479521229040769e-08,7.186890447273583e-05,-4.838022374775749e-07,-0.4042211387615903,4.558701037662138,-0.9098100080406426,5.115279007743584e-05,0.09346526914906773,24460,0.07726327711442553,0.0115,index_dividend_yield,0.065,10.8,65,24341.95,24378.6,24266.45,24334.55,mid_price,ok
2026-08-26T07:14:39.272115+00:00,2026-08-26T12:44:39.272115+05:30,NIFTY,29-Sep-2026,19500.0,PE,24284,4.45,130,4.65,130,4.6,4.550000000000001,13645,490,1071,-5.154639175257732,30.33,-0.006815524531100374,8.451420160241869e-06,-0.6028716630350887,1.4128394491720693,-0.1489381274481882,0.0006317186670686589,27.272224972897053,-9.62475593009567e-09,0.00013527292423299488,-5.680582392027267e-07,-0.13637829484375774,-32.182076626821,0.008751336744125374,1.3106928151658594e-05,0.09346526914906773,24460,0.07726327711442553,0.0115,index_dividend_yield,0.065,10.8,65,24341.95,24378.6,24266.45,24334.55,mid_price,ok
2026-08-26T07:14:39.272115+00:00,2026-08-26T12:44:39.272115+05:30,NIFTY,29-Sep-2026,21000.0,CE,24284,3426.25,65,3446.75,65,3465,3436.5,7694,-18,31,0.18649434011363145,0,,,,,,,,,,,,,,,0.09346526914906773,24460,0.07726327711442553,0.0115,index_dividend_yield,0.065,10.8,65,24341.95,24378.6,24266.45,24334.55,mid_price,no_nse_iv
2026-08-26T07:14:39.272115+00:00,2026-08-26T12:44:39.272115+05:30,NIFTY,29-Sep-2026,21000.0,PE,24284,6.7,455,6.8,3965,6.7,6.75,22782,-310,4355,-10.666666666666666,22.56,-0.01341336537703691,2.0531551633370344e-05,-0.7949696039470119,2.553004476155248,-0.32689970715569455,0.0010073110700623798,53.72252535972888,-2.8044712968682583e-08,0.00034103328091659237,-1.0303641475950855e-06,-0.20294861468112432,-40.49749772174894,0.0158939705658197,2.7455137971691523e-05,0.09346526914906773,24460,0.07726327711442553,0.0115,index_dividend_yield,0.065,10.8,65,24341.95,24378.6,24266.45,24334.55,mid_price,ok
2026-08-26T07:14:39.272115+00:00,2026-08-26T12:44:39.272115+05:30,NIFTY,29-Sep-2026,21600.0,CE,24284,2810,65,2889.7,65,0.0,2849.85,694,0,0,0,0,,,,,,,,,,,,,,,0.09346526914906773,24460,0.07726327711442553,0.0115,index_dividend_yield,0.065,10.8,65,24341.95,24378.6,24266.45,24334.55,mid_price,no_nse_iv
2026-08-26T07:14:39.272115+00:00,2026-08-26T12:44:39.272115+05:30,NIFTY,29-Sep-2026,21600.0,PE,24284,8.05,65,8.2,455,8.2,8.125,2071,427,913,-12.29946524064171,19.49,-0.01877095775054626,3.170142417204902e-05,-0.9041803026087238,3.4055034265244695,-0.4753576427730718,0.001244378151848545,73.38304971728449,-4.696576228426468e-08,0.0005204621351019844,-1.3235910535063774e-06,-0.2419962791597583,-45.15311087648525,0.021570797787360128,4.0069296655267556e-05,0.09346526914906773,24460,0.07726327711442553,0.0115,index_dividend_yield,0.065,10.8,65,24341.95,24378.6,24266.45,24334.55,mid_price,ok
2026-08-26T07:14:39.272115+00:00,2026-08-26T12:44:39.272115+05:30,NIFTY,29-Sep-2026,21650.0,CE,24284,2724.35,650,2832.85,65,0.0,2778.6,0,0,0,0,0,,,,,,,,,,,,,,,0.09346526914906773,24460,0.07726327711442553,0.0115,index_dividend_yield,0.065,10.8,65,24341.95,24378.6,24266.45,24334.55,mid_price,no_nse_iv
2026-08-26T07:14:39.272115+00:00,2026-08-26T12:44:39.272115+05:30,NIFTY,29-Sep-2026,21650.0,PE,24284,7.6,65,9,260,8.7,8.3,100,0,24,-13.432835820895523,19.35,-0.019922333883189144,3.358747575559709e-05,-0.9430932409439312,3.582193525880689,-0.4976433798591379,0.0012910792368802972,75.91940894160088,-4.953146998584423e-08,0.0005382631834749258,-1.3544915712770318e-06,-0.24944865029127558,-45.14585791034666,0.022841117709181256,4.225732610695829e-05,0.09346526914906773,24460,0.07726327711442553,0.0115,index_dividend_yield,0.065,10.8,65,24341.95,24378.6,24266.45,24334.55,mid_price,wide_quote_low_liquidity
2026-08-26T07:14:39.272115+00:00,2026-08-26T12:44:39.272115+05:30,NIFTY,29-Sep-2026,21700.0,CE,24284,2397.85,1690,2819.25,650,0.0,2608.55,2,0,0,0,24.74,0.9432259613367712,6.115899463456094e-05,-5.8944184881773865,8.339706029783937,-0.6882269580680833,0.0023075254437353587,81.31266325212127,-5.550986379893214e-08,0.00034910572830656854,-1.0754816999126093e-06,-0.39107820794901293,8.377500992631905,-0.929546296213884,7.659163109056612e-05,0.09346526914906773,24460,0.07726327711442553,0.0115,index_dividend_yield,0.065,10.8,65,24341.95,24378.6,24266.45,24334.55,mid_price,wide_quote_low_liquidity
2026-08-26T07:14:39.272115+00:00,2026-08-26T12:44:39.272115+05:30,NIFTY,29-Sep-2026,21700.0,PE,24284,8.4,130,9.15,1755,8.5,8.775,915,-7,66,-16.25615763546798,18.98,-0.019962809441882622,3.430125098762267e-05,-0.9252737317414168,3.5883671872597875,-0.5082930006382862,0.0012911774898191446,77.5124362288373,-5.152544614878701e-08,0.0005602235488810308,-1.3794067685701835e-06,-0.24947372985492497,-46.03179505789099,0.022825263259914304,4.2956702890342935e-05,0.09346526914906773,24460,0.07726327711442553,0.0115,index_dividend_yield,0.065,10.8,65,24341.95,24378.6,24266.45,24334.55,mid_price,ok
2026-08-26T07:14:39.272115+00:00,2026-08-26T12:44:39.272115+05:30,NIFTY,29-Sep-2026,21750.0,CE,24284,2627.25,650,2732.3,65,0.0,2679.775,0,0,0,0,0,,,,,,,,,,,,,,,0.09346526914906773,24460,0.07726327711442553,0.0115,index_dividend_yield,0.065,10.8,65,24341.95,24378.6,24266.45,24334.55,mid_price,no_nse_iv
2026-08-26T07:14:39.272115+00:00,2026-08-26T12:44:39.272115+05:30,NIFTY,29-Sep-2026,21750.0,PE,24284,8.15,65,9.65,520,8.6,8.9,114,-19,55,-15.270935960591133,18.7,-0.02046907556769242,3.556200138290434e-05,-0.9298272080742389,3.6653758186867815,-0.5244648259950055,0.0013101396332866853,79.57505712252133,-5.3930924313920135e-08,0.0005818824232248226,-1.4073852807242238e-06,-0.2524854633078917,-46.58566182555623,0.023344417215360888,4.433106045858252e-05,0.09346526914906773,24460,0.07726327711442553,0.0115,index_dividend_yield,0.065,10.8,65,24341.95,24378.6,24266.45,24334.55,mid_price,wide_quote_low_liquidity
2026-08-26T07:14:39.272115+00:00,2026-08-26T12:44:39.272115+05:30,NIFTY,29-Sep-2026,21800.0,CE,24284,2323.9,65,2682.15,65,0.0,2503.025,4,0,0,0,0,,,,,,,,,,,,,,,0.09346526914906773,24460,0.07726327711442553,0.0115,index_dividend_yield,0.065,10.8,65,24341.95,24378.6,24266.45,24334.55,mid_price,no_nse_iv
2026-08-26T07:14:39.272115+00:00,2026-08-26T12:44:39.272115+05:30,NIFTY,29-Sep-2026,21800.0,PE,24284,9.05,975,9.4,130,9.2,9.225000000000001,1386,30,202,-14.018691588785046,18.58,-0.021870326758663402,3.7853615705196576e-05,-0.9757610556883448,3.876535699486796,-0.5506097513352376,0.0013639140863911797,82.41407545808532,-5.7000514514840865e-08,0.000601030599831093,-1.4386404928399873e-06,-0.2609437355433033,-46.49382818453241,0.024886330979087254,4.697154333960689e-05,0.09346526914906773,24460,0.07726327711442553,0.0115,index_dividend_yield,0.065,10.8,65,24341.95,24378.6,24266.45,24334.55,mid_price,ok
2026-08-26T07:14:39.272115+00:00,2026-08-26T12:44:39.272115+05:30,NIFTY,29-Sep-2026,21850.0,CE,24284,2530.55,650,2632.05,65,0.0,2581.3,0,0,0,0,0,,,,,,,,,,,,,,,0.09346526914906773,24460,0.07726327711442553,0.0115,index_dividend_yield,0.065,10.8,65,24341.95,24378.6,24266.45,24334.55,mid_price,no_nse_iv
2026-08-26T07:14:39.272115+00:00,2026-08-26T12:44:39.272115+05:30,NIFTY,29-Sep-2026,21850.0,PE,24284,8.75,65,10.1,520,9.7,9.425,54,10,65,-0.5128205128205128,18.41,-0.023078083095105652,3.997463731347599e-05,-1.01019819990362,4.056290309329775,-0.5749057162126123,0.0014081669511467887,85.08571568949507,-6.006654225754901e-08,0.0006213897795633819,-1.467941785505279e-06,-0.2678369669440328,-46.60270220144601,0.026199259868406728,4.937670416196685e-05,0.09346526914906773,24460,0.07726327711442553,0.0115,index_dividend_yield,0.065,10.8,65,24341.95,24378.6,24266.45,24334.55,mid_price,ok
2026-08-26T07:14:39.272115+00:00,2026-08-26T12:44:39.272115+05:30,NIFTY,29-Sep-2026,21900.0,CE,24284,2257.1,65,2581.7,65,0.0,2419.3999999999996,10,0,0,0,0,,,,,,,,,,,,,,,0.09346526914906773,24460,0.07726327711442553,0.0115,index_dividend_yield,0.065,10.8,65,24341.95,24378.6,24266.45,24334.55,mid_price,no_nse_iv
2026-08-26T07:14:39.272115+00:00,2026-08-26T12:44:39.272115+05:30,NIFTY,29-Sep-2026,21900.0,PE,24284,9.55,65,9.8,260,9.7,9.675,2270,64,321,-12.612612612612613,18.05,-0.023229997175618636,4.099775033422312e-05,-0.994226090588421,4.078758031357116,-0.5891101957008708,0.0014117668660844317,87.06667973631599,-6.271678762524877e-08,0.0006480272545252031,-1.4963433012587792e-06,-0.26840825263409496,-47.50918509405374,0.02630096383660408,5.0409483204311e-05,0.09346526914906773,24460,0.07726327711442553,0.0115,index_dividend_yield,0.065,10.8,65,24341.95,24378.6,24266.45,24334.55,mid_price,ok
2026-08-26T07:14:39.272115+00:00,2026-08-26T12:44:39.272115+05:30,NIFTY,29-Sep-2026,21950.0,CE,24284,2308.5,650,2531.35,65,2607.4,2419.925,0,0,1,10.054026675671112,26.27,0.912203498641052,8.097123080342925e-05,-7.311996382399892,11.72415423118498,-0.7696440804104143,0.0027039134478565874,77.74592919555445,-5.979521568966333e-08,0.0002287226124662208,-6.772280340741475e-07,-0.44168907095417426,8.785795951423623,-0.894333169118071,9.910650022920026e-05,0.09346526914906773,24460,0.07726327711442553,0.0115,index_dividend_yield,0.065,10.8,65,24341.95,24378.6,24266.45,24334.55,mid_price,ok
2026-08-26T07:14:39.272115+00:00,2026-08-26T12:44:39.272115+05:30,NIFTY,29-Sep-2026,21950.0,PE,24284,9.25,520,9.8,65,9.3,9.525,159,-23,159,-19.82758620689655,17.67,-0.023261765814395752,4.192762462632096e-05,-0.9726546024557603,4.083452587062119,-0.6026527602922133,0.0014107208595355615,89.04229389646389,-6.54672766667179e-08,0.0006769864493914214,-1.5256075282622724e-06,-0.2682618939176269,-48.54165326144538,0.026265417621270392,5.1318228689470754e-05,0.09346526914906773,24460,0.07726327711442553,0.0115,index_dividend_yield,0.065,10.8,65,24341.95,24378.6,24266.45,24334.55,mid_price,ok
2026-08-26T07:14:39.272115+00:00,2026-08-26T12:44:39.272115+05:30,NIFTY,29-Sep-2026,22000.0,CE,24284,2439.85,130,2446.95,65,2440,2443.3999999999996,11684,161,311,-1.0924420843551754,0,,,,,,,,,,,,,,,0.09346526914906773,24460,0.07726327711442553,0.0115,index_dividend_yield,0.065,10.8,65,24341.95,24378.6,24266.45,24334.55,mid_price,no_nse_iv
2026-08-26T07:14:39.272115+00:00,2026-08-26T12:44:39.272115+05:30,NIFTY,29-Sep-2026,22000.0,PE,24284,10.05,130,10.15,975,10.15,10.100000000000001,32466,896,6048,-14.705882352941176,17.58,-0.025103525429094123,4.492753341240423e-05,-1.0300753139056154,4.353335675916966,-0.6350497461771656,0.0014755138169867815,92.30049268168771,-6.937016022121343e-08,0.0006970154690227712,-1.5547349213952642e-06,-0.27823688431319304,-48.30235957888998,0.028283400139458587,5.474036168627613e-05,0.09346526914906773,24460,0.07726327711442553,0.0115,index_dividend_yield,0.065,10.8,65,24341.95,24378.6,24266.45,24334.55,mid_price,ok
2026-08-26T07:14:39.272115+00:00,2026-08-26T12:44:39.272115+05:30,NIFTY,29-Sep-2026,22050.0,CE,24284,2336.4,650,2430.95,65,0.0,2383.675,0,0,0,0,0,,,,,,,,,,,,,,,0.09346526914906773,24460,0.07726327711442553,0.0115,index_dividend_yield,0.065,10.8,65,24341.95,24378.6,24266.45,24334.55,mid_price,no_nse_iv
2026-08-26T07:14:39.272115+00:00,2026-08-26T12:44:39.272115+05:30,NIFTY,29-Sep-2026,22050.0,PE,24284,9.7,65,11.2,650,10.55,10.45,80,2,55,-10.970464135021096,17.38,-0.026348949253601643,4.732405170569182e-05,-1.0586450541684356,4.533382894992595,-0.6618271706506796,0.0015165432293413638,95.16994449295302,-7.311732055531597e-08,0.0007212034033893214,-1.5828668048455108e-06,-0.284494554270152,-48.54970862409772,0.029616205072957247,5.739911297051096e-05,0.09346526914906773,24460,0.07726327711442553,0.0115,index_dividend_yield,0.065,10.8,65,24341.95,24378.6,24266.45,24334.55,mid_price,ok
2026-08-26T07:14:39.272115+00:00,2026-08-26T12:44:39.272115+05:30,NIFTY,29-Sep-2026,22100.0,CE,24284,2288.05,650,2380.8,65,0.0,2334.425,1,0,0,0,13.31,0.9919708358777227,1.960592025084185e-05,-3.4029114934022013,1.438321580324438,-0.3520289323966086,0.0006481376938705097,64.2678694200598,-5.0037637327600866e-08,0.0007287085038722198,-1.2472759042835305e-06,-0.13366265202749616,10.500700305711115,-0.9861982091108906,2.367244590497355e-05,0.09346526914906773,24460,0.07726327711442553,0.0115,index_dividend_yield,0.065,10.8,65,24341.95,24378.6,24266.45,24334.55,mid_price,ok
2026-08-26T07:14:39.272115+00:00,2026-08-26T12:44:39.272115+05:30,NIFTY,29-Sep-2026,22100.0,PE,24284,10.35,650,10.45,65,10.45,10.399999999999999,783,34,501,-12.552301255230125,17.03,-0.0266420274152185,4.8745088952731345e-05,-1.0448720760063406,4.5754753983130385,-0.680357753964746,0.0015237815121427883,97.59329905230629,-7.663700240002921e-08,0.0007534997445231322,-1.6141553719369706e-06,-0.28561153063907696,-49.49147848523664,0.02986640027563371,5.8855461340413704e-05,0.09346526914906773,24460,0.07726327711442553,0.0115,index_dividend_yield,0.065,10.8,65,24341.95,24378.6,24266.45,24334.55,mid_price,ok
2026-08-26T07:14:39.272115+00:00,2026-08-26T12:44:39.272115+05:30,NIFTY,29-Sep-2026,22150.0,CE,24284,2239.55,650,2330.6,65,0.0,2285.075,0,0,0,0,0,,,,,,,,,,,,,,,0.09346526914906773,24460,0.07726327711442553,0.0115,index_dividend_yield,0.065,10.8,65,24341.95,24378.6,24266.45,24334.55,mid_price,no_nse_iv
2026-08-26T07:14:39.272115+00:00,2026-08-26T12:44:39.272115+05:30,NIFTY,29-Sep-2026,22150.0,PE,24284,10.15,325,11,845,11,10.575,383,5,60,-7.172995780590718,16.86,-0.028212914297956852,5.164568347528989e-05,-1.083069516889138,4.799348742027268,-0.7115006753968828,0.001573417514255191,100.74623812103933,-8.095530506715797e-08,0.0007778243051816716,-1.6404546555045133e-06,-0.2931041555724727,-49.60757528739493,0.03155454868379524,6.207647055149022e-05,0.09346526914906773,24460,0.07726327711442553,0.0115,index_dividend_yield,0.065,10.8,65,24341.95,24378.6,24266.45,24334.55,mid_price,ok
2026-08-26T07:14:39.272115+00:00,2026-08-26T12:44:39.272115+05:30,NIFTY,29-Sep-2026,22200.0,CE,24284,2139.65,650,2290.35,65,2313.6,2215.0,2,0,2,-0.002161087459209474,19.15,0.9492265936616665,7.217877129019755e-05,-5.121197381550883,7.618491237420929,-0.8513124623321655,0.002162376424011847,104.11120323832978,-8.661288582970824e-08,0.000609474880382793,-1.4108641693457303e-06,-0.3722025474135044,10.3715003030528,-0.9382199986186279,8.6366234324241e-05,0.09346526914906773,24460,0.07726327711442553,0.0115,index_dividend_yield,0.065,10.8,65,24341.95,24378.6,24266.45,24334.55,mid_price,ok
2026-08-26T07:14:39.272115+00:00,2026-08-26T12:44:39.272115+05:30,NIFTY,29-Sep-2026,22200.0,PE,24284,10.65,325,10.9,260,10.7,10.775,1761,56,590,-14.4,16.42,-0.027902227151290326,5.254290876425026e-05,-1.0427200746799425,4.755300580276556,-0.7262679704987239,0.0015598923621592683,103.09751167304925,-8.47278651651205e-08,0.0008191841454106408,-1.676565413149652e-06,-0.2911029431220742,-51.0391520170254,0.03111951934913047,6.287074564023148e-05,0.09346526914906773,24460,0.07726327711442553,0.0115,index_dividend_yield,0.065,10.8,65,24341.95,24378.6,24266.45,24334.55,mid_price,ok
2026-08-26T07:14:39.272115+00:00,2026-08-26T12:44:39.272115+05:30,NIFTY,29-Sep-2026,22250.0,CE,24284,2142.8,650,2230.3,65,0.0,2186.55,0,0,0,0,0,,,,,,,,,,,,,,,0.09346526914906773,24460,0.07726327711442553,0.0115,index_dividend_yield,0.065,10.8,65,24341.95,24378.6,24266.45,24334.55,mid_price,no_nse_iv
2026-08-26T07:14:39.272115+00:00,2026-08-26T12:44:39.272115+05:30,NIFTY,29-Sep-2026,22250.0,PE,24284,10.7,260,11.3,390,11.15,11.0,278,-16,72,-5.1063829787234045,16.26,-0.02967232052760441,5.584376928813722e-05,-1.0845786669631525,5.004791330998512,-0.76093014888475,0.0016136670765013045,106.49660072145784,-8.96518427246686e-08,0.0008448746308704795,-1.701427290069283e-06,-0.29916454038025186,-51.111165692506184,0.03301845308630565,6.652044440441079e-05,0.09346526914906773,24460,0.07726327711442553,0.0115,index_dividend_yield,0.065,10.8,65,24341.95,24378.6,24266.45,24334.55,mid_price,ok
2026-08-26T07:14:39.272115+00:00,2026-08-26T12:44:39.272115+05:30,NIFTY,29-Sep-2026,22300.0,CE,24284,1908.5,910,2180.15,65,0.0,2044.325,27,0,0,0,0,,,,,,,,,,,,,,,0.09346526914906773,24460,0.07726327711442553,0.0115,index_dividend_yield,0.065,10.8,65,24341.95,24378.6,24266.45,24334.55,mid_price,no_nse_iv
2026-08-26T07:14:39.272115+00:00,2026-08-26T12:44:39.272115+05:30,NIFTY,29-Sep-2026,22300.0,PE,24284,11.4,65,11.5,715,11.55,11.45,2505,111,1413,-11.83206106870229,15.99,-0.03069221990467831,5.839989732348258e-05,-1.0944080301193875,5.146965493413749,-0.7896492073590933,0.0016417353645785358,109.6414958936327,-9.45569195159162e-08,0.0008788409846403564,-1.7304496245067874e-06,-0.30335715645158423,-51.742639196561456,0.03406880836622922,6.925367202388585e-05,0.09346526914906773,24460,0.07726327711442553,0.0115,index_dividend_yield,0.065,10.8,65,24341.95,24378.6,24266.45,24334.55,mid_price,ok
2026-08-26T07:14:39.272115+00:00,2026-08-26T12:44:39.272115+05:30,NIFTY,29-Sep-2026,22350.0,CE,24284,2046.15,650,2172.9,1690,0.0,2109.525,3,0,0,0,13.73,0.9818249553644707,4.156308054381861e-05,-3.7626822714038153,3.1453499756772074,-0.64033615249387,0.0011715257735211981,100.65051643044565,-8.843189309641334e-08,0.0010272976224165822,-1.758795022966533e-06,-0.22528532098232512,11.632544327243785,-0.9750777557292393,4.906740861330011e-05,0.09346526914906773,24460,0.07726327711442553,0.0115,index_dividend_yield,0.065,10.8,65,24341.95,24378.6,24266.45,24334.55,mid_price,ok
2026-08-26T07:14:39.272115+00:00,2026-08-26T12:44:39.272115+05:30,NIFTY,29-Sep-2026,22350.0,PE,24284,11.5,520,12.2,65,11.4,11.85,191,-33,71,-9.163346613545817,15.68,-0.03144163768837013,6.0755040505959044e-05,-1.0921804069593328,5.250722692836954,-0.8170931936633141,0.0016605266019391607,112.80286858155719,-9.970300760610778e-08,0.0009177781529932862,-1.7619848803150035e-06,-0.30616675497326185,-52.60311687032572,0.03481179529505584,7.172452953001456e-05,0.09346526914906773,24460,0.07726327711442553,0.0115,index_dividend_yield,0.065,10.8,65,24341.95,24378.6,24266.45,24334.55,mid_price,ok
2026-08-26T07:14:39.272115+00:00,2026-08-26T12:44:39.272115+05:30,NIFTY,29-Sep-2026,22400.0,CE,24284,1997.8,650,2128.7,1690,0.0,2063.25,3,0,0,0,13.53,0.9808112619158693,4.4302254612519596e-05,-3.7900681730276293,3.3038044565101665,-0.675058922223859,0.0012118351601098087,104.93864896916594,-9.457931426243093e-08,0.0010797431794772794,-1.8111852497484568e-06,-0.23189711425129422,11.907359977020771,-0.9740064055139992,5.206792138539776e-05,0.09346526914906773,24460,0.07726327711442553,0.0115,index_dividend_yield,0.065,10.8,65,24341.95,24378.6,24266.45,24334.55,mid_price,ok
2026-08-26T07:14:39.272115+00:00,2026-08-26T12:44:39.272115+05:30,NIFTY,29-Sep-2026,22400.0,PE,24284,12.05,195,12.15,65,12.05,12.100000000000001,1172,157,1303,-15.140845070422536,15.51,-0.033419640838470925,6.459163402274879e-05,-1.1335169599440906,5.5217759201666805,-0.8558647417191596,0.0017145932394618188,116.42297043779726,-1.0558138045965824e-07,0.0009454517417792701,-1.7815239138254383e-06,-0.31413019757935867,-52.72594219808979,0.03691761831324421,7.591379156356657e-05,0.09346526914906773,24460,0.07726327711442553,0.0115,index_dividend_yield,0.065,10.8,65,24341.95,24378.6,24266.45,24334.55,mid_price,ok
2026-08-26T07:14:39.272115+00:00,2026-08-26T12:44:39.272115+05:30,NIFTY,29-Sep-2026,22450.0,CE,24284,1949.85,650,2073.3,1690,0.0,2011.575,1,0,0,0,0,,,,,,,,,,,,,,,0.09346526914906773,24460,0.07726327711442553,0.0115,index_dividend_yield,0.065,10.8,65,24341.95,24378.6,24266.45,24334.55,mid_price,no_nse_iv
2026-08-26T07:14:39.272115+00:00,2026-08-26T12:44:39.272115+05:30,NIFTY,29-Sep-2026,22450.0,PE,24284,12.4,65,12.5,520,12.55,12.45,315,141,232,-13.745704467353951,15.25,-0.0347335398909615,6.780908428726639e-05,-1.147480986371076,5.6996532147835115,-0.8901438315297889,0.0017471100020163418,119.93703481240914,-1.1162914255948599e-07,0.000982283530562579,-1.8066657433182099e-06,-0.3189037579902969,-53.34026437773495,0.0382753798107968,7.9340628659524e-05,0.09346526914906773,24460,0.07726327711442553,0.0115,index_dividend_yield,0.065,10.8,65,24341.95,24378.6,24266.45,24334.55,mid_price,ok
2026-08-26T07:14:39.272115+00:00,2026-08-26T12:44:39.272115+05:30,NIFTY,29-Sep-2026,22500.0,CE,24284,1948.35,65,1958.8,65,1955,1953.5749999999998,8271,-14,223,-0.6706635504521898,0,,,,,,,,,,,,,,,0.09346526914906773,24460,0.07726327711442553,0.0115,index_dividend_yield,0.065,10.8,65,24341.95,24378.6,24266.45,24334.55,mid_price,no_nse_iv
2026-08-26T07:14:39.272115+00:00,2026-08-26T12:44:39.272115+05:30,NIFTY,29-Sep-2026,22500.0,PE,24284,12.65,130,12.75,910,12.65,12.7,31641,249,6323,-14.527027027027026,14.99,-0.03612768930945812,7.124755848080406e-05,-1.1617857181025235,5.886570215295717,-0.9262499542000285,0.0017802395256971068,123.57334839519129,-1.1811513720393847e-07,0.0010203985501606818,-1.8302790210756548e-06,-0.3237439490012912,-53.968009005741926,0.039714719714783686,8.299375199057834e-05,0.09346526914906773,24460,0.07726327711442553,0.0115,index_dividend_yield,0.065,10.8,65,24341.95,24378.6,24266.45,24334.55,mid_price,ok
2026-08-26T07:14:39.272115+00:00,2026-08-26T12:44:39.272115+05:30,NIFTY,29-Sep-2026,22550.0,CE,24284,1860.85,65,1974.1,780,0.0,1917.475,2,0,0,0,0,,,,,,,,,,,,,,,0.09346526914906773,24460,0.07726327711442553,0.0115,index_dividend_yield,0.065,10.8,65,24341.95,24378.6,24266.45,24334.55,mid_price,no_nse_iv
2026-08-26T07:14:39.272115+00:00,2026-08-26T12:44:39.272115+05:30,NIFTY,29-Sep-2026,22550.0,PE,24284,13.2,130,13.35,910,13.35,13.274999999999999,245,98,183,-14.14790996784566,14.74,-0.03770532711278853,7.503248417015054e-05,-1.1797287520479027,6.095895566217593,-0.9649899626723509,0.0018164796360310778,127.34120736046872,-1.2508910943240718e-07,0.0010584093035251301,-1.8506043106385623e-06,-0.32900832443714023,-54.550925150216536,0.04134905291204505,8.701551226642433e-05,0.09346526914906773,24460,0.07726327711442553,0.0115,index_dividend_yield,0.065,10.8,65,24341.95,24378.6,24266.45,24334.55,mid_price,ok
2026-08-26T07:14:39.272115+00:00,2026-08-26T12:44:39.272115+05:30,NIFTY,29-Sep-2026,22600.0,CE,24284,1809.55,65,1867.35,65,1900,1838.4499999999998,13,0,1,9.655451030184105,13.23,0.9715701337112559,6.414545391687036e-05,-4.04375531716896,4.6775284344752635,-0.8953657820038874,0.001538454160885716,127.67322393688917,-1.284087376050028e-07,0.0012660446228410984,-2.0066511446915452e-06,-0.28341527486560825,13.069664065360408,-0.9640880477745615,7.406097971580239e-05,0.09346526914906773,24460,0.07726327711442553,0.0115,index_dividend_yield,0.065,10.8,65,24341.95,24378.6,24266.45,24334.55,mid_price,ok
2026-08-26T07:14:39.272115+00:00,2026-08-26T12:44:39.272115+05:30,NIFTY,29-Sep-2026,22600.0,PE,24284,13.65,65,13.75,975,13.7,13.7,4615,93,1373,-13.564668769716087,14.53,-0.03978843954016192,7.952521982661395e-05,-1.211535291909081,6.368852661166208,-1.0084976994099297,0.001863384299268411,131.2245981850735,-1.3259263163549643e-07,0.001091281629330283,-1.8617966579351377e-06,-0.33576279950109544,-54.90568302766184,0.04353187277650901,9.181813102618915e-05,0.09346526914906773,24460,0.07726327711442553,0.0115,index_dividend_yield,0.065,10.8,65,24341.95,24378.6,24266.45,24334.55,mid_price,ok
2026-08-26T07:14:39.272115+00:00,2026-08-26T12:44:39.272115+05:30,NIFTY,29-Sep-2026,22650.0,CE,24284,1756.9,65,1874.3,1690,0.0,1815.6,5,0,0,0,0,,,,,,,,,,,,,,,0.09346526914906773,24460,0.07726327711442553,0.0115,index_dividend_yield,0.065,10.8,65,24341.95,24378.6,24266.45,24334.55,mid_price,no_nse_iv
2026-08-26T07:14:39.272115+00:00,2026-08-26T12:44:39.272115+05:30,NIFTY,29-Sep-2026,22650.0,PE,24284,14.15,65,14.3,1365,14.05,14.225000000000001,244,39,110,-17.10914454277286,14.26,-0.0413872384275014,8.36638498374754e-05,-1.2238081926952589,6.575792186978657,-1.050101913755569,0.0018956566947501,135.20840972308034,-1.405996418953192e-07,0.0011336131622644832,-1.8790310450667998e-06,-0.3404119913637542,-55.62671710830531,0.04517065843075384,9.617050148647044e-05,0.09346526914906773,24460,0.07726327711442553,0.0115,index_dividend_yield,0.065,10.8,65,24341.95,24378.6,24266.45,24334.55,mid_price,ok
2026-08-26T07:14:39.272115+00:00,2026-08-26T12:44:39.272115+05:30,NIFTY,29-Sep-2026,22700.0,CE,24284,1716.25,715,1768.45,65,1761,1742.35,19,1,4,0.6285714285714286,0,,,,,,,,,,,,,,,0.09346526914906773,24460,0.07726327711442553,0.0115,index_dividend_yield,0.065,10.8,65,24341.95,24378.6,24266.45,24334.55,mid_price,no_nse_iv
2026-08-26T07:14:39.272115+00:00,2026-08-26T12:44:39.272115+05:30,NIFTY,29-Sep-2026,22700.0,PE,24284,14.7,130,14.85,1625,14.75,14.774999999999999,5356,-74,3149,-15.714285714285714,14.03,-0.04352873939692451,8.857654542104644e-05,-1.2501908008281293,6.849630095972652,-1.0966491258192732,0.0019384296501627621,139.27339970090634,-1.4919236137314704e-07,0.001169754665734799,-1.885049153971515e-06,-0.3465214279038813,-56.11386201678347,0.047396014662004916,0.00010136953921005632,0.09346526914906773,24460,0.07726327711442553,0.0115,index_dividend_yield,0.065,10.8,65,24341.95,24378.6,24266.45,24334.55,mid_price,ok
2026-08-26T07:14:39.272115+00:00,2026-08-26T12:44:39.272115+05:30,NIFTY,29-Sep-2026,22750.0,CE,24284,1660.95,650,1776.5,1690,0.0,1718.725,4,0,0,0,0,,,,,,,,,,,,,,,0.09346526914906773,24460,0.07726327711442553,0.0115,index_dividend_yield,0.065,10.8,65,24341.95,24378.6,24266.45,24334.55,mid_price,no_nse_iv
2026-08-26T07:14:39.272115+00:00,2026-08-26T12:44:39.272115+05:30,NIFTY,29-Sep-2026,22750.0,PE,24284,15.25,260,15.6,1300,15.25,15.425,420,31,243,-17.78975741239892,13.81,-0.04593708065380969,9.397561087956274e-05,-1.2808149130530253,7.153186453153758,-1.1461444235398264,0.001983968168256911,143.38623231229118,-1.5837019779986013e-07,0.0012033341143865772,-1.8831593760208394e-06,-0.352989044103702,-56.541956742588205,0.049901776563310754,0.00010707616392418194,0.09346526914906773,24460,0.07726327711442553,0.0115,index_dividend_yield,0.065,10.8,65,24341.95,24378.6,24266.45,24334.55,mid_price,ok
2026-08-26T07:14:39.272115+00:00,2026-08-26T12:44:39.272115+05:30,NIFTY,29-Sep-2026,22800.0,CE,24284,1652.35,65,1667.55,65,1652,1659.9499999999998,38,0,3,6.83221780321402,0,,,,,,,,,,,,,,,0.09346526914906773,24460,0.07726327711442553,0.0115,index_dividend_yield,0.065,10.8,65,24341.95,24378.6,24266.45,24334.55,mid_price,no_nse_iv
2026-08-26T07:14:39.272115+00:00,2026-08-26T12:44:39.272115+05:30,NIFTY,29-Sep-2026,22800.0,PE,24284,15.8,260,15.85,130,15.85,15.825,9366,158,5514,-17.232375979112273,13.56,-0.04816257724814045,9.940813300848488e-05,-1.3015115702709779,7.429717762134096,-1.1962396789537144,0.002022136944490452,147.64092241521487,-1.6826630457963515e-07,0.0012423915878646524,-1.8819928145492995e-06,-0.35841221438057236,-57.168218702429144,0.05219467527522299,0.0001127697640513136,0.09346526914906773,24460,0.07726327711442553,0.0115,index_dividend_yield,0.065,10.8,65,24341.95,24378.6,24266.45,24334.55,mid_price,ok
2026-08-26T07:14:39.272115+00:00,2026-08-26T12:44:39.272115+05:30,NIFTY,29-Sep-2026,22850.0,CE,24284,1565.25,650,1631.25,65,0.0,1598.25,5,0,0,0,0,,,,,,,,,,,,,,,0.09346526914906773,24460,0.07726327711442553,0.0115,index_dividend_yield,0.065,10.8,65,24341.95,24378.6,24266.45,24334.55,mid_price,no_nse_iv
2026-08-26T07:14:39.272115+00:00,2026-08-26T12:44:39.272115+05:30,NIFTY,29-Sep-2026,22850.0,PE,24284,16.7,260,16.95,1820,16.8,16.825,671,69,268,-16,13.38,-0.05142391008454117,0.00010615090973039474,-1.348240952315695,7.828355567022357,-1.252799889518319,0.0020774044408999465,151.66962292884455,-1.785945916983119e-07,0.0012633481776782624,-1.8541551653870355e-06,-0.36617645123635434,-57.33703334775072,0.05560428195299473,0.00011989242929375257,0.09346526914906773,24460,0.07726327711442553,0.0115,index_dividend_yield,0.065,10.8,65,24341.95,24378.6,24266.45,24334.55,mid_price,ok
2026-08-26T07:14:39.272115+00:00,2026-08-26T12:44:39.272115+05:30,NIFTY,29-Sep-2026,22900.0,CE,24284,1543.3,65,1574.35,65,0.0,1558.8249999999998,62,0,0,0,0,,,,,,,,,,,,,,,0.09346526914906773,24460,0.07726327711442553,0.0115,index_dividend_yield,0.065,10.8,65,24341.95,24378.6,24266.45,24334.55,mid_price,no_nse_iv
2026-08-26T07:14:39.272115+00:00,2026-08-26T12:44:39.272115+05:30,NIFTY,29-Sep-2026,22900.0,PE,24284,17.85,260,17.9,65,17.85,17.875,5105,24,2168,-14.5933014354067,13.18,-0.054678417020003076,0.00011313486581627397,-1.3888866812332779,8.218689735949605,-1.310443637029122,0.0021270846139073013,155.71843079240998,-1.8962694895438938e-07,0.0012852735255428648,-1.8208166563449854e-06,-0.37315176993663,-57.63298577197504,0.05898907222121623,0.00012722309301256367,0.09346526914906773,24460,0.07726327711442553,0.0115,index_dividend_yield,0.065,10.8,65,24341.95,24378.6,24266.45,24334.55,mid_price,ok
2026-08-26T07:14:39.272115+00:00,2026-08-26T12:44:39.272115+05:30,NIFTY,29-Sep-2026,22950.0,CE,24284,1494.35,195,1526.5,65,1570.15,1510.425,5,0,1,7.988308115543329,13.74,0.9302384659895637,0.00012968810462126723,-5.025700651024394,9.82149466763276,-1.3893685244253384,0.002365711807220894,153.18624961734704,-1.9389189623617684e-07,0.0010789810440382888,-1.4969954988983223e-06,-0.4012294769336524,15.280741184215517,-0.9198947845850152,0.00014520287378133452,0.09346526914906773,24460,0.07726327711442553,0.0115,index_dividend_yield,0.065,10.8,65,24341.95,24378.6,24266.45,24334.55,mid_price,ok
2026-08-26T07:14:39.272115+00:00,2026-08-26T12:44:39.272115+05:30,NIFTY,29-Sep-2026,22950.0,PE,24284,18.65,130,18.9,455,19,18.775,491,41,432,-13.439635535307517,13.01,-0.05859771673835769,0.0001210373468511243,-1.4420103804826356,8.679353983826047,-1.3714969523010503,0.0021826124542295156,159.46652368882042,-2.01077530442631e-07,0.0012936053131228772,-1.7645772458969483e-06,-0.3809156132738138,-57.7194699175083,0.06307801539447021,0.0001355172137720435,0.09346526914906773,24460,0.07726327711442553,0.0115,index_dividend_yield,0.065,10.8,65,24341.95,24378.6,24266.45,24334.55,mid_price,ok
2026-08-26T07:14:39.272115+00:00,2026-08-26T12:44:39.272115+05:30,NIFTY,29-Sep-2026,23000.0,CE,24284,1463.5,65,1469.8,130,1469.2,1466.65,6525,-141,542,-1.8045715813393932,0,,,,,,,,,,,,,,,0.09346526914906773,24460,0.07726327711442553,0.0115,index_dividend_yield,0.065,10.8,65,24341.95,24378.6,24266.45,24334.55,mid_price,no_nse_iv
2026-08-26T07:14:39.272115+00:00,2026-08-26T12:44:39.272115+05:30,NIFTY,29-Sep-2026,23000.0,PE,24284,20.1,1040,20.2,130,20.2,20.15,63279,1015.8461538461538,17356,-14.225053078556263,12.8,-0.06225751623959993,0.00012899529870657802,-1.4810682847974277,9.100695037959344,-1.43301415236265,0.002227380337764623,163.3676271994018,-2.1351343212322825e-07,0.0013079632176088022,-1.708071979998816e-06,-0.38723703411611154,-58.07165424584103,0.06686504082536637,0.00014379992478595364,0.09346526914906773,24460,0.07726327711442553,0.0115,index_dividend_yield,0.065,10.8,65,24341.95,24378.6,24266.45,24334.55,mid_price,ok
2026-08-26T07:14:39.272115+00:00,2026-08-26T12:44:39.272115+05:30,NIFTY,29-Sep-2026,23050.0,CE,24284,1193.15,1170,1440.6,195,0.0,1316.875,8,0,0,0,0,,,,,,,,,,,,,,,0.09346526914906773,24460,0.07726327711442553,0.0115,index_dividend_yield,0.065,10.8,65,24341.95,24378.6,24266.45,24334.55,mid_price,no_nse_iv
2026-08-26T07:14:39.272115+00:00,2026-08-26T12:44:39.272115+05:30,NIFTY,29-Sep-2026,23050.0,PE,24284,21.15,65,21.35,65,21.15,21.25,585,54,753,-14.545454545454545,12.6,-0.06635674833577067,0.00013769978694342508,-1.5248945018865692,9.563008080618276,-1.4969975561295312,0.0022724353784053797,167.03736455366158,-2.265747157832374e-07,0.0013124943248075313,-1.6322730182708606e-06,-0.3936415417929347,-58.3495464933967,0.07110731998328026,0.0001528381799239441,0.09346526914906773,24460,0.07726327711442553,0.0115,index_dividend_yield,0.065,10.8,65,24341.95,24378.6,24266.45,24334.55,mid_price,ok
2026-08-26T07:14:39.272115+00:00,2026-08-26T12:44:39.272115+05:30,NIFTY,29-Sep-2026,23100.0,CE,24284,1348.65,65,1382.7,195,0.0,1365.6750000000002,67,0,0,0,0,,,,,,,,,,,,,,,0.09346526914906773,24460,0.07726327711442553,0.0115,index_dividend_yield,0.065,10.8,65,24341.95,24378.6,24266.45,24334.55,mid_price,no_nse_iv
2026-08-26T07:14:39.272115+00:00,2026-08-26T12:44:39.272115+05:30,NIFTY,29-Sep-2026,23100.0,PE,24284,22.8,260,22.9,65,23,22.85,8219,5,8186,-12.213740458015268,12.44,-0.07141141076953154,0.00014759107246755697,-1.585615548213158,10.119782493860349,-1.5632836316956042,0.0023228347797572962,170.0079054018957,-2.3971446520109464e-07,0.0012931983604892916,-1.520260387886653e-06,-0.400842408324813,-58.3356541230468,0.07635852306073834,0.00016310849374399187,0.09346526914906773,24460,0.07726327711442553,0.0115,index_dividend_yield,0.065,10.8,65,24341.95,24378.6,24266.45,24334.55,mid_price,ok
2026-08-26T07:14:39.272115+00:00,2026-08-26T12:44:39.272115+05:30,NIFTY,29-Sep-2026,23150.0,CE,24284,1284.5,650,1347.15,65,1373.85,1315.825,7,2,10,-16.373984234714065,12.49,0.9186233085081404,0.00016074189960901648,-5.067085328000873,11.06578541231886,-1.6280190425453367,0.00243719231188233,169.51412459747317,-2.491360505020129e-07,0.0011755631804011056,-1.2818096238333924e-06,-0.41257644819442163,17.39493659195815,-0.9082252691509729,0.00017687544850033068,0.09346526914906773,24460,0.07726327711442553,0.0115,index_dividend_yield,0.065,10.8,65,24341.95,24378.6,24266.45,24334.55,mid_price,ok
2026-08-26T07:14:39.272115+00:00,2026-08-26T12:44:39.272115+05:30,NIFTY,29-Sep-2026,23150.0,PE,24284,24.2,260,24.55,130,24.2,24.375,536,56,431,-13.416815742397137,12.25,-0.07639163906430535,0.00015780323788799747,-1.6354029208825074,10.6547363611901,-1.6304296788162975,0.0023633639639515786,173.00132665879707,-2.5390869955849416e-07,0.0012742382603775884,-1.4003868189387848e-06,-0.40683787899446594,-58.522269429962435,0.08150295957849257,0.0001736418354152528,0.09346526914906773,24460,0.07726327711442553,0.0115,index_dividend_yield,0.065,10.8,65,24341.95,24378.6,24266.45,24334.55,mid_price,ok
2026-08-26T07:14:39.272115+00:00,2026-08-26T12:44:39.272115+05:30,NIFTY,29-Sep-2026,23200.0,CE,24284,1267.25,65,1275.35,65,1266.75,1271.3,366,1,5,-2.7260510654636207,0,,,,,,,,,,,,,,,0.09346526914906773,24460,0.07726327711442553,0.0115,index_dividend_yield,0.065,10.8,65,24341.95,24378.6,24266.45,24334.55,mid_price,no_nse_iv
2026-08-26T07:14:39.272115+00:00,2026-08-26T12:44:39.272115+05:30,NIFTY,29-Sep-2026,23200.0,PE,24284,26.05,455,26.2,650,26.1,26.125,11003,949,8730,-14.144736842105264,12.08,-0.08212041054543431,0.00016902820983716988,-1.6941890046390249,11.254257185175707,-1.6983380191509176,0.002402850035411991,175.31139374195703,-2.682810028369925e-07,0.0012339552913194847,-1.2468956543743915e-06,-0.41288020291569616,-58.55267937477417,0.08742545150289757,0.00018519261772072463,0.09346526914906773,24460,0.07726327711442553,0.0115,index_dividend_yield,0.065,10.8,65,24341.95,24378.6,24266.45,24334.55,mid_price,ok
2026-08-26T07:14:39.272115+00:00,2026-08-26T12:44:39.272115+05:30,NIFTY,29-Sep-2026,23250.0,CE,24284,1208.1,195,1243.15,65,1306.9,1225.625,5,-1,3,-16.502683363148478,14.43,0.8680794434711687,0.00019828789755741992,-6.2079228404443585,15.770782722588597,-1.5863706417817425,0.0026768055034737115,132.1154757475229,-2.1505171590254755e-07,0.0002870521330581438,1.3802407558641825e-07,-0.4512841714728282,17.272807935328327,-0.8541935616578947,0.00021631704515433827,0.09346526914906773,24460,0.07726327711442553,0.0115,index_dividend_yield,0.065,10.8,65,24341.95,24378.6,24266.45,24334.55,mid_price,ok
2026-08-26T07:14:39.272115+00:00,2026-08-26T12:44:39.272115+05:30,NIFTY,29-Sep-2026,23250.0,PE,24284,28.35,130,28.7,325,28.55,28.525,831,-11,519,-13.089802130898022,11.9,-0.08814601309439259,0.00018093462314510873,-1.7495724201754295,11.867503020453842,-1.7667320503428756,0.0024347747272707304,177.2958516261971,-2.8337744576987373e-07,0.0011828336888520738,-1.0721810598820591e-06,-0.4181605136257467,-58.64091026173868,0.09363613966080038,0.00019738593997412169,0.09346526914906773,24460,0.07726327711442553,0.0115,index_dividend_yield,0.065,10.8,65,24341.95,24378.6,24266.45,24334.55,mid_price,ok
2026-08-26T07:14:39.272115+00:00,2026-08-26T12:44:39.272115+05:30,NIFTY,29-Sep-2026,23300.0,CE,24284,1173.75,65,1182.85,65,1185.15,1178.3,149,3,17,-0.05060088551549652,0,,,,,,,,,,,,,,,0.09346526914906773,24460,0.07726327711442553,0.0115,index_dividend_yield,0.065,10.8,65,24341.95,24378.6,24266.45,24334.55,mid_price,no_nse_iv
2026-08-26T07:14:39.272115+00:00,2026-08-26T12:44:39.272115+05:30,NIFTY,29-Sep-2026,23300.0,PE,24284,30.8,390,30.95,260,30.95,30.875,11791,832,7090,-13.183730715287517,11.8,-0.09613846703865392,0.00019457650847316243,-1.8392773041344201,12.655028358145044,-1.8304728367963472,0.002470319154574893,177.11527414366122,-2.963916342157766e-07,0.0010744792218904387,-8.219747714296955e-07,-0.4243825838286188,-58.12887829424794,0.10192229491600957,0.00021135815654536847,0.09346526914906773,24460,0.07726327711442553,0.0115,index_dividend_yield,0.065,10.8,65,24341.95,24378.6,24266.45,24334.55,mid_price,ok
2026-08-26T07:14:39.272115+00:00,2026-08-26T12:44:39.272115+05:30,NIFTY,29-Sep-2026,23350.0,CE,24284,1112.1,260,1152.6,260,0.0,1132.35,7,0,0,0,0,,,,,,,,,,,,,,,0.09346526914906773,24460,0.07726327711442553,0.0115,index_dividend_yield,0.065,10.8,65,24341.95,24378.6,24266.45,24334.55,mid_price,no_nse_iv
2026-08-26T07:14:39.272115+00:00,2026-08-26T12:44:39.272115+05:30,NIFTY,29-Sep-2026,23350.0,PE,24284,33.65,715,33.9,65,34.45,33.775,1113,201,1215,-8.133333333333333,11.67,-0.10421009363605899,0.00020866947865421867,-1.9169925925549036,13.422100810310715,-1.8924709006172407,0.0024910758218712886,176.656538612872,-3.101165250489391e-07,0.0009585610070252451,-5.552150074327941e-07,-0.42912207543251135,-57.81670160733834,0.11025301623796524,0.00022569690811240282,0.09346526914906773,24460,0.07726327711442553,0.0115,index_dividend_yield,0.065,10.8,65,24341.95,24378.6,24266.45,24334.55,mid_price,ok
2026-08-26T07:14:39.272115+00:00,2026-08-26T12:44:39.272115+05:30,NIFTY,29-Sep-2026,23400.0,CE,24284,1082.4,65,1091.65,65,1080,1087.025,483,0,9,-3.648853599785886,0,,,,,,,,,,,,,,,0.09346526914906773,24460,0.07726327711442553,0.0115,index_dividend_yield,0.065,10.8,65,24341.95,24378.6,24266.45,24334.55,mid_price,no_nse_iv
2026-08-26T07:14:39.272115+00:00,2026-08-26T12:44:39.272115+05:30,NIFTY,29-Sep-2026,23400.0,PE,24284,36.85,455,37,195,37,36.925,11800,601,7658,-10.628019323671497,11.54,-0.11293437356519967,0.0002235824402951306,-1.9948083824294958,14.22113339399616,-1.9505989523186107,0.0024999828522846435,175.29611033469993,-3.235700308336925e-07,0.0008187467366708073,-2.5344507415320434e-07,-0.43295437926947145,-57.485037247237216,0.11923958826572008,0.00024079442380999866,0.09346526914906773,24460,0.07726327711442553,0.0115,index_dividend_yield,0.065,10.8,65,24341.95,24378.6,24266.45,24334.55,mid_price,ok
2026-08-26T07:14:39.272115+00:00,2026-08-26T12:44:39.272115+05:30,NIFTY,29-Sep-2026,23450.0,CE,24284,1018.35,260,1052.5,65,1123.3,1035.425,6,-3,5,8.83108075376641,13.65,0.8350973723600181,0.00024373133045329723,-6.455897401452822,18.33727169973193,-1.6944175764055935,0.0025488330663219205,123.0493247460327,-2.441440231101551e-07,-0.00014997395609688555,1.145071447317792e-06,-0.45135596922030885,19.507863299895185,-0.8204669165339833,0.00026137624439246515,0.09346526914906773,24460,0.07726327711442553,0.0115,index_dividend_yield,0.065,10.8,65,24341.95,24378.6,24266.45,24334.55,mid_price,ok
2026-08-26T07:14:39.272115+00:00,2026-08-26T12:44:39.272115+05:30,NIFTY,29-Sep-2026,23450.0,PE,24284,40.05,390,40.35,715,40.2,40.2,2340,1632,3589,-10.367892976588628,11.4,-0.12215628539348372,0.00023925983089529416,-2.0678274249939714,15.033681741426046,-2.0049993195883977,0.002494763271720754,173.2175928649706,-3.3703686277602523e-07,0.0006582031650336986,7.866488208415788e-08,-0.43571210565198903,-57.20497569114759,0.12871213728530795,0.000256581030912525,0.09346526914906773,24460,0.07726327711442553,0.0115,index_dividend_yield,0.065,10.8,65,24341.95,24378.6,24266.45,24334.55,mid_price,ok
2026-08-26T07:14:39.272115+00:00,2026-08-26T12:44:39.272115+05:30,NIFTY,29-Sep-2026,23500.0,CE,24284,992.5,130,997.2,130,995.35,994.85,7537,-317,1077,-2.4070987351701145,0,,,,,,,,,,,,,,,0.09346526914906773,24460,0.07726327711442553,0.0115,index_dividend_yield,0.065,10.8,65,24341.95,24378.6,24266.45,24334.55,mid_price,no_nse_iv
2026-08-26T07:14:39.272115+00:00,2026-08-26T12:44:39.272115+05:30,NIFTY,29-Sep-2026,23500.0,PE,24284,43.7,715,43.9,390,43.8,43.8,57473,3956,30175,-8.176100628930818,11.26,-0.13211374341808146,0.00025580764192855094,-2.1397490097321303,15.876055709426184,-2.0536494866096042,0.002474697191894526,170.1276365054234,-3.499392540805519e-07,0.0004696365536807092,4.4839524201501293e-07,-0.4375224037119203,-56.90335028718899,0.1389204610653499,0.00027316071334863325,0.09346526914906773,24460,0.07726327711442553,0.0115,index_dividend_yield,0.065,10.8,65,24341.95,24378.6,24266.45,24334.55,mid_price,ok
2026-08-26T07:14:39.272115+00:00,2026-08-26T12:44:39.272115+05:30,NIFTY,29-Sep-2026,23550.0,CE,24284,938.6,65,963.3,65,0.0,950.95,16,0,0,0,0,,,,,,,,,,,,,,,0.09346526914906773,24460,0.07726327711442553,0.0115,index_dividend_yield,0.065,10.8,65,24341.95,24378.6,24266.45,24334.55,mid_price,no_nse_iv
2026-08-26T07:14:39.272115+00:00,2026-08-26T12:44:39.272115+05:30,NIFTY,29-Sep-2026,23550.0,PE,24284,48.5,325,48.65,130,49.55,48.575,978,165,798,-6.773283160865475,11.19,-0.14431965522212034,0.000273390803713895,-2.2405984978318285,16.861829656184785,-2.0828915176527714,0.0024386121188935406,163.9892305742574,-3.579503590543279e-07,0.00021590385488649507,8.967849833965485e-07,-0.438940727877096,-56.08242991774864,0.15147132527895113,0.0002906983235454144,0.09346526914906773,24460,0.07726327711442553,0.0115,index_dividend_yield,0.065,10.8,65,24341.95,24378.6,24266.45,24334.55,mid_price,ok
2026-08-26T07:14:39.272115+00:00,2026-08-26T12:44:39.272115+05:30,NIFTY,29-Sep-2026,23600.0,CE,24284,902.3,130,906.55,130,898.5,904.425,256,-10,48,-3.433822344027084,0,,,,,,,,,,,,,,,0.09346526914906773,24460,0.07726327711442553,0.0115,index_dividend_yield,0.065,10.8,65,24341.95,24378.6,24266.45,24334.55,mid_price,no_nse_iv
2026-08-26T07:14:39.272115+00:00,2026-08-26T12:44:39.272115+05:30,NIFTY,29-Sep-2026,23600.0,PE,24284,52.95,455,53.15,130,53.4,53.05,11338,2529,13861,-7.372072853425846,11.06,-0.1561352218593421,0.00029149590864352545,-2.3125669151201746,17.769626514194265,-2.1120711142092463,0.0023814037831337287,158.34315689363086,-3.679156693736974e-07,-3.788849543031854e-05,1.3467528163279901e-06,-0.43876818742299767,-55.66673989376797,0.16354660984839478,0.00030863765171521614,0.09346526914906773,24460,0.07726327711442553,0.0115,index_dividend_yield,0.065,10.8,65,24341.95,24378.6,24266.45,24334.55,mid_price,ok
2026-08-26T07:14:39.272115+00:00,2026-08-26T12:44:39.272115+05:30,NIFTY,29-Sep-2026,23650.0,CE,24284,848.95,65,870,65,0.0,859.475,16,0,0,0,0,,,,,,,,,,,,,,,0.09346526914906773,24460,0.07726327711442553,0.0115,index_dividend_yield,0.065,10.8,65,24341.95,24378.6,24266.45,24334.55,mid_price,no_nse_iv
2026-08-26T07:14:39.272115+00:00,2026-08-26T12:44:39.272115+05:30,NIFTY,29-Sep-2026,23650.0,PE,24284,58.5,130,58.7,130,58.85,58.6,1194,76,830,-6.2151394422310755,10.99,-0.17011341280657677,0.0003101610789004247,-2.4072896740265386,18.78779014018527,-2.1170901686501375,0.002300930556188713,149.79607156577933,-3.722465703569347e-07,-0.0003490920433448083,1.8618224850357817e-06,-0.4379389769744577,-54.814302936482946,0.17786039241458085,0.00032701333063875495,0.09346526914906773,24460,0.07726327711442553,0.0115,index_dividend_yield,0.065,10.8,65,24341.95,24378.6,24266.45,24334.55,mid_price,ok
2026-08-26T07:14:39.272115+00:00,2026-08-26T12:44:39.272115+05:30,NIFTY,29-Sep-2026,23700.0,CE,24284,815.25,130,819.15,130,815,817.2,448,-2,69,-2.912621359223301,7,0.9155051308285159,0.0002951622045397017,-4.298559639735193,11.388053394842427,-2.980793012772376,0.0020368537813986176,305.8217784888519,-7.898067689399673e-07,0.0037115274747565735,-1.0044655727718828e-06,-0.3725420633283747,30.8162690279114,-0.9076238557442332,0.00030988781639324663,0.09346526914906773,24460,0.07726327711442553,0.0115,index_dividend_yield,0.065,10.8,65,24341.95,24378.6,24266.45,24334.55,mid_price,ok
2026-08-26T07:14:39.272115+00:00,2026-08-26T12:44:39.272115+05:30,NIFTY,29-Sep-2026,23700.0,PE,24284,64.35,130,64.55,325,64.65,64.44999999999999,14889,1142,12257,-5.963636363636364,10.87,-0.18397004259456734,0.0003294862800808905,-2.475467214405839,19.740474545789308,-2.119288491705493,0.002197960532734994,141.54984069991448,-3.777916184824954e-07,-0.0006683927655746222,2.3829224051745857e-06,-0.4358817528803698,-54.2870562464979,0.1919756564520846,0.00034592431651277715,0.09346526914906773,24460,0.07726327711442553,0.0115,index_dividend_yield,0.065,10.8,65,24341.95,24378.6,24266.45,24334.55,mid_price,ok
2026-08-26T07:14:39.272115+00:00,2026-08-26T12:44:39.272115+05:30,NIFTY,29-Sep-2026,23750.0,CE,24284,760.75,65,778.4,65,808.4,769.575,59,-2,3,2.9087900197313985,9.9,0.8190221488895929,0.0003567495941538051,-5.610797801240352,19.466568022033265,-2.3432936065575505,0.0021562489818174324,159.19262260869436,-4.544165701305094e-07,-0.0006858679810955515,2.587765138325278e-06,-0.4294151420785788,27.45167705057385,-0.8069313480822061,0.0003729724112050747,0.09346526914906773,24460,0.07726327711442553,0.0115,index_dividend_yield,0.065,10.8,65,24341.95,24378.6,24266.45,24334.55,mid_price,ok
2026-08-26T07:14:39.272115+00:00,2026-08-26T12:44:39.272115+05:30,NIFTY,29-Sep-2026,23750.0,PE,24284,71,130,71.25,325,71,71.125,3378,414,2632,-3.5980991174473864,10.78,-0.1994326526120714,0.00034906536218861495,-2.550912772282036,20.740356927484825,-2.0989793322891277,0.002067721723428839,131.3557041122131,-3.787081549367808e-07,-0.0010272018139346117,2.9428997433830696e-06,-0.43310788613421636,-53.53690406743776,0.20772563881604345,0.0003649387467769088,0.09346526914906773,24460,0.07726327711442553,0.0115,index_dividend_yield,0.065,10.8,65,24341.95,24378.6,24266.45,24334.55,mid_price,ok
2026-08-26T07:14:39.272115+00:00,2026-08-26T12:44:39.272115+05:30,NIFTY,29-Sep-2026,23800.0,CE,24284,731,65,734.3,65,725.25,732.65,1127,-167,529,-4.3521266073194855,7.57,0.8628680415116153,0.00038826710604400233,-4.7545219249151245,16.200081057527445,-3.0969025996770427,0.0020814487051363795,252.36941526645572,-7.638745204847443e-07,0.0009206319469788886,1.6909366677695973e-06,-0.4043045449298095,32.680554374355125,-0.8534754020211244,0.0004042193812983586,0.09346526914906773,24460,0.07726327711442553,0.0115,index_dividend_yield,0.065,10.8,65,24341.95,24378.6,24266.45,24334.55,mid_price,ok
2026-08-26T07:14:39.272115+00:00,2026-08-26T12:44:39.272115+05:30,NIFTY,29-Sep-2026,23800.0,PE,24284,78.85,260,79.15,65,79.45,79.0,18614,-946,18138,-3.286670724284845,10.74,-0.21691841508719062,0.00036817491635215673,-2.640687627007017,21.7946142912498,-2.047407666353765,0.0019056450493964425,118.85085709631937,-3.7273964885304395e-07,-0.0014202453645264363,3.532689654112619e-06,-0.42975403691295716,-52.44644476727261,0.2255498058284715,0.0003833016873713159,0.09346526914906773,24460,0.07726327711442553,0.0115,index_dividend_yield,0.065,10.8,65,24341.95,24378.6,24266.45,24334.55,mid_price,ok
2026-08-26T07:14:39.272115+00:00,2026-08-26T12:44:39.272115+05:30,NIFTY,29-Sep-2026,23850.0,CE,24284,685.05,65,691.95,65,761.9,688.5,55,0,1,9.997834404100194,11.64,0.7461940082116816,0.0003696556618970488,-6.579899997255975,23.715978730865586,-1.727603381369236,0.0016551780419318263,85.30655196900305,-2.9717269686966116e-07,-0.001846091205886033,4.174142478022616e-06,-0.42741005300376494,26.432385537743343,-0.7310285468350916,0.0003832313633563134,0.09346526914906773,24460,0.07726327711442553,0.0115,index_dividend_yield,0.065,10.8,65,24341.95,24378.6,24266.45,24334.55,mid_price,ok
2026-08-26T07:14:39.272115+00:00,2026-08-26T12:44:39.272115+05:30,NIFTY,29-Sep-2026,23850.0,PE,24284,86.75,260,87.3,195,87.45,87.025,1478,176,1135,-3.3701657458563536,10.62,-0.23376717480901538,0.0003884385185867417,-2.6874948255096234,22.7372279213766,-1.999170725278207,0.001721871596660873,107.71340090543546,-3.69870060304905e-07,-0.001817414998438676,4.114142547007667e-06,-0.42569309328313665,-51.85890817374147,0.2426108326644866,0.00040270402540070556,0.09346526914906773,24460,0.07726327711442553,0.0115,index_dividend_yield,0.065,10.8,65,24341.95,24378.6,24266.45,24334.55,mid_price,ok
2026-08-26T07:14:39.272115+00:00,2026-08-26T12:44:39.272115+05:30,NIFTY,29-Sep-2026,23900.0,CE,24284,649.5,65,652.55,65,651,651.025,943,-24,219,-3.861773609983017,8.05,0.805105418482607,0.000459433832667537,-5.169747827625221,20.384945897359795,-2.860264926303202,0.0017648196927374515,183.30991700341315,-6.720668527309903e-07,-0.0015753496496138117,4.236204626339275e-06,-0.4095915961186094,34.449062394947624,-0.7942946095974149,0.00047431583081289347,0.09346526914906773,24460,0.07726327711442553,0.0115,index_dividend_yield,0.065,10.8,65,24341.95,24378.6,24266.45,24334.55,mid_price,ok
2026-08-26T07:14:39.272115+00:00,2026-08-26T12:44:39.272115+05:30,NIFTY,29-Sep-2026,23900.0,PE,24284,96.05,260,96.5,195,96.7,96.275,10360,1536,9099,-1.677681748856126,10.58,-0.2532165336734011,0.0004071011360996131,-2.7583316289629507,23.739889404698232,-1.907832813070942,0.0015014494890916996,93.99239282707228,-3.569787607169846e-07,-0.0022360313594643115,4.704810199444441e-06,-0.42155423809528614,-50.75327545196958,0.2623542769537314,0.00042028797155147906,0.09346526914906773,24460,0.07726327711442553,0.0115,index_dividend_yield,0.065,10.8,65,24341.95,24378.6,24266.45,24334.55,mid_price,ok
2026-08-26T07:14:39.272115+00:00,2026-08-26T12:44:39.272115+05:30,NIFTY,29-Sep-2026,23950.0,CE,24284,607.45,65,611.95,65,608.9,609.7,111,2,19,-3.517667564569799,8.01,0.7820492205644097,0.0004936026481594279,-5.248056087269954,21.79218145394644,-2.7760861764260514,0.0015268161400204816,161.18851549753188,-6.584246839225995e-07,-0.0025110443855820325,5.275110693410065e-06,-0.4059185775782091,35.99850595197047,-0.7709280054862098,0.0005074659344314743,0.09346526914906773,24460,0.07726327711442553,0.0115,index_dividend_yield,0.065,10.8,65,24341.95,24378.6,24266.45,24334.55,mid_price,ok
2026-08-26T07:14:39.272115+00:00,2026-08-26T12:44:39.272115+05:30,NIFTY,29-Sep-2026,23950.0,PE,24284,105.7,195,106.65,65,106.65,106.17500000000001,1304,273,914,-2.379862700228833,10.53,-0.2734159726823875,0.0004253741022539921,-2.8131857650758656,24.688239740860595,-1.7984076939642768,0.0012528832135668133,80.3336213470871,-3.411706940094538e-07,-0.0026555791427712093,5.277612769074181e-06,-0.41741234591430404,-49.7085576497872,0.2828060424438318,0.00043732112679742023,0.09346526914906773,24460,0.07726327711442553,0.0115,index_dividend_yield,0.065,10.8,65,24341.95,24378.6,24266.45,24334.55,mid_price,ok
2026-08-26T07:14:39.272115+00:00,2026-08-26T12:44:39.272115+05:30,NIFTY,29-Sep-2026,24000.0,CE,24284,573,130,574.85,390,572.6,573.925,42591,502,10250,-4.598467177607464,8.15,0.7526077402428573,0.0005207932813325185,-5.385540187996953,23.394495866444462,-2.5534622580684063,0.0012200824949005762,129.92688792363614,-6.00919411180113e-07,-0.003497724136883307,6.295056173971311e-06,-0.40301092827158413,37.07761232329078,-0.7409752317957573,0.0005331916478499213,0.09346526914906773,24460,0.07726327711442553,0.0115,index_dividend_yield,0.065,10.8,65,24341.95,24378.6,24266.45,24334.55,mid_price,ok
2026-08-26T07:14:39.272115+00:00,2026-08-26T12:44:39.272115+05:30,NIFTY,29-Sep-2026,24000.0,PE,24284,117.8,325,118.2,195,118.2,118.0,84572.46153846153,3047,40506,-1.2118679481821981,10.5,-0.294871279320484,0.0004422713876295887,-2.8631495953266923,25.595808507349098,-1.6621707013483311,0.0009744665996965773,66.43121943150021,-3.199869302341608e-07,-0.0030643755147216904,5.817416137003737e-06,-0.4136553353170491,-48.54805106813668,0.3045062654006705,0.00045280040741640655,0.09346526914906773,24460,0.07726327711442553,0.0115,index_dividend_yield,0.065,10.8,65,24341.95,24378.6,24266.45,24334.55,mid_price,ok
2026-08-26T07:14:39.272115+00:00,2026-08-26T12:44:39.272115+05:30,NIFTY,29-Sep-2026,24050.0,CE,24284,532.7,65,536.8,65,527.45,534.75,309,14,91,-5.432541461228149,7.91,0.7313439491456135,0.0005602046506143182,-5.35442237160348,24.423837550602695,-2.4752235441990456,0.0008985442528256504,113.81488665128003,-6.023305927575578e-07,-0.004471849536121874,7.305837438620496e-06,-0.3974513376067925,39.40908134648672,-0.7197214144302947,0.0005711589635544825,0.09346526914906773,24460,0.07726327711442553,0.0115,index_dividend_yield,0.065,10.8,65,24341.95,24378.6,24266.45,24334.55,mid_price,ok
2026-08-26T07:14:39.272115+00:00,2026-08-26T12:44:39.272115+05:30,NIFTY,29-Sep-2026,24050.0,PE,24284,128.9,130,129.8,65,130.45,129.35000000000002,896,193,930,0.03834355828220859,10.39,-0.31593831082828955,0.0004608294835649425,-2.865606891019006,26.390432886041232,-1.5272500478424322,0.0006754595647122663,54.2175215723848,-3.0102450366222365e-07,-0.0034887724004099394,6.3445492319579066e-06,-0.4102940416257041,-47.835838408642054,0.3256812027463555,0.00046984060185803245,0.09346526914906773,24460,0.07726327711442553,0.0115,index_dividend_yield,0.065,10.8,65,24341.95,24378.6,24266.45,24334.55,mid_price,ok
2026-08-26T07:14:39.272115+00:00,2026-08-26T12:44:39.272115+05:30,NIFTY,29-Sep-2026,24100.0,CE,24284,497.7,130,499.65,130,498,498.67499999999995,5577,135,2478,-4.350331316623452,8.33,0.6934382648693072,0.000566462550464911,-5.567597978208303,26.007997464683328,-2.0284363411999795,0.00048193878011970614,76.47311984594474,-4.796437124871633e-07,-0.005135070636729671,7.943388693689053e-06,-0.3977140128751309,39.5062060562206,-0.6810459121261561,0.0005751452887505322,0.09346526914906773,24460,0.07726327711442553,0.0115,index_dividend_yield,0.065,10.8,65,24341.95,24378.6,24266.45,24334.55,mid_price,ok
2026-08-26T07:14:39.272115+00:00,2026-08-26T12:44:39.272115+05:30,NIFTY,29-Sep-2026,24100.0,PE,24284,141.9,455,142.5,260,142.3,142.2,9747,725,10652,-0.9397841977027498,10.39,-0.3395299783618453,0.00047444809962577587,-2.897391603108597,27.17033344790174,-1.3420739204057786,0.00034422622002194814,41.12869841051037,-2.7007300524589745e-07,-0.0038484645108864688,6.779597225115279e-06,-0.40824713347761943,-46.51350635139612,0.34947757155022235,0.000481720440358239,0.09346526914906773,24460,0.07726327711442553,0.0115,index_dividend_yield,0.065,10.8,65,24341.95,24378.6,24266.45,24334.55,mid_price,ok
2026-08-26T07:14:39.272115+00:00,2026-08-26T12:44:39.272115+05:30,NIFTY,29-Sep-2026,24150.0,CE,24284,461.85,195,464.65,65,464.25,463.25,780,-7,335,-4.130098089829634,8.43,0.6626320591824431,0.0005826014574709154,-5.632742789265128,27.070099414543538,-1.7123161035416667,6.264323694171736e-05,53.60371827407562,-4.0885899802957806e-07,-0.005757972480918769,8.530154527027433e-06,-0.3972129331734031,40.67296106610436,-0.6499266689803148,0.000589084702449999,0.09346526914906773,24460,0.07726327711442553,0.0115,index_dividend_yield,0.065,10.8,65,24341.95,24378.6,24266.45,24334.55,mid_price,ok
2026-08-26T07:14:39.272115+00:00,2026-08-26T12:44:39.272115+05:30,NIFTY,29-Sep-2026,24150.0,PE,24284,156.55,130,157.05,65,157.1,156.8,1520,-48,1755,0.35132545512615776,10.31,-0.3627968056685639,0.0004897177480187356,-2.8794004331119507,27.828847335722067,-1.1578360450636982,-5.02137776803302e-06,30.08429489627673,-2.40947942431396e-07,-0.004220846637797775,7.1909322160929644e-06,-0.4071696581226263,-45.620916103394464,0.3728063875787633,0.0004951673741573194,0.09346526914906773,24460,0.07726327711442553,0.0115,index_dividend_yield,0.065,10.8,65,24341.95,24378.6,24266.45,24334.55,mid_price,ok
2026-08-26T07:14:39.272115+00:00,2026-08-26T12:44:39.272115+05:30,NIFTY,29-Sep-2026,24200.0,CE,24284,429.05,520,430.35,520,429.65,429.70000000000005,30726,-446,14404,-4.91313488989709,8.31,0.634615136806198,0.0006084337419454486,-5.5888329075592145,27.867950077210658,-1.4479720398321017,-0.00038229636695630287,37.190877235831366,-3.5908734294817547e-07,-0.006510499476177747,9.163374551706457e-06,-0.39724431230349566,42.745617959368886,-0.6219200801395671,0.0006126649101199868,0.09346526914906773,24460,0.07726327711442553,0.0115,index_dividend_yield,0.065,10.8,65,24341.95,24378.6,24266.45,24334.55,mid_price,ok
2026-08-26T07:14:39.272115+00:00,2026-08-26T12:44:39.272115+05:30,NIFTY,29-Sep-2026,24200.0,PE,24284,172.25,130,172.65,65,172.35,172.45,36673,-3447,33243,0.5249343832020997,10.31,-0.38765973497933187,0.0005000156636394591,-2.8758989161020403,28.414039771251883,-0.9385834140512028,-0.00037379234404161243,19.814680086305714,-2.0360906900987838e-07,-0.004501499132821734,7.47948146509643e-06,-0.40792993451862714,-44.32595908159089,0.3977813468582801,0.000503492871126337,0.09346526914906773,24460,0.07726327711442553,0.0115,index_dividend_yield,0.065,10.8,65,24341.95,24378.6,24266.45,24334.55,mid_price,ok
2026-08-26T07:14:39.272115+00:00,2026-08-26T12:44:39.272115+05:30,NIFTY,29-Sep-2026,24250.0,CE,24284,395.6,195,397.85,65,397.5,396.725,2612,39,1474,-4.0086935522820575,8.41,0.6026265371342421,0.0006167584922047791,-5.609607313571525,28.589189489657464,-1.0813233357527263,-0.0008436589814991846,21.022354006950295,-2.784324730607488e-07,-0.006880992712897144,9.421877439151627e-06,-0.40135635832208644,43.93838569841702,-0.5897369636784138,0.0006184891717268752,0.09346526914906773,24460,0.07726327711442553,0.0115,index_dividend_yield,0.065,10.8,65,24341.95,24378.6,24266.45,24334.55,mid_price,ok
2026-08-26T07:14:39.272115+00:00,2026-08-26T12:44:39.272115+05:30,NIFTY,29-Sep-2026,24250.0,PE,24284,189.25,130,189.9,325,189.9,189.575,6456,932,5215,-1.8604651162790697,10.27,-0.412654072431027,0.0005102198091371329,-2.8371764153147385,28.881415125935085,-0.7129054845017024,-0.0007561207737507569,11.622895966729274,-1.6563339529875266e-07,-0.004763152654493289,7.70908767380252e-06,-0.41028445654918144,-43.240932443257805,0.4227891544155503,0.0005116515315805235,0.09346526914906773,24460,0.07726327711442553,0.0115,index_dividend_yield,0.065,10.8,65,24341.95,24378.6,24266.45,24334.55,mid_price,ok
2026-08-26T07:14:39.272115+00:00,2026-08-26T12:44:39.272115+05:30,NIFTY,29-Sep-2026,24300.0,CE,24284,364.8,65,365.8,130,364.45,365.3,51740,5322,24715,-5.7172422713749835,8.32,0.5721468471279882,0.0006344097569341628,-5.530382098638103,29.092690665129272,-0.7441640184942533,-0.0013328627720026187,10.134371172913603,-2.0998320064021296e-07,-0.007405144088218178,9.720528788061578e-06,-0.40709523737114844,46.047391889542524,-0.5593531323114709,0.0006335745952581069,0.09346526914906773,24460,0.07726327711442553,0.0115,index_dividend_yield,0.065,10.8,65,24341.95,24378.6,24266.45,24334.55,mid_price,ok
2026-08-26T07:14:39.272115+00:00,2026-08-26T12:44:39.272115+05:30,NIFTY,29-Sep-2026,24300.0,PE,24284,207.15,260,207.85,260,208,207.5,50239,3081,31108,2.337023370233702,10.27,-0.43834073575151855,0.0005165101205040543,-2.7954633672851066,29.23748341377104,-0.4701143576362754,-0.0011447923319229947,5.374701411382077,-1.237603661778226e-07,-0.004934814450537614,7.815877956588715e-06,-0.41467792494265865,-41.98640705144313,0.44848530524505914,0.0005158301664944806,0.09346526914906773,24460,0.07726327711442553,0.0115,index_dividend_yield,0.065,10.8,65,24341.95,24378.6,24266.45,24334.55,mid_price,ok
2026-08-26T07:14:39.272115+00:00,2026-08-26T12:44:39.272115+05:30,NIFTY,29-Sep-2026,24350.0,CE,24284,333.95,130,334.85,130,333.4,334.4,5776,631,5221,-6.044807665210652,8.37,0.5400962332226233,0.0006379799982200177,-5.483849846355843,29.43223418298948,-0.36263832230515325,-0.0018091591879744184,2.750219405063703,-1.28187080852907e-07,-0.007563674362157785,9.671978854049407e-06,-0.4166084256129032,47.51526769777691,-0.5272963332916947,0.00063452623104234,0.09346526914906773,24460,0.07726327711442553,0.0115,index_dividend_yield,0.065,10.8,65,24341.95,24378.6,24266.45,24334.55,mid_price,ok
2026-08-26T07:14:39.272115+00:00,2026-08-26T12:44:39.272115+05:30,NIFTY,29-Sep-2026,24350.0,PE,24284,225.2,390,225.8,65,225.85,225.5,6552,1606,6686,2.6824278245055693,10.1,-0.46385122128601136,0.0005293438762666237,-2.6627128967701568,29.467953536761158,-0.23033165325850313,-0.0015579603413767293,1.5302491094413284,-8.358760543994015e-08,-0.0052140468917284775,7.96014524805848e-06,-0.4207255025276808,-41.47536578717139,0.4737474285944337,0.000526478221370459,0.09346526914906773,24460,0.07726327711442553,0.0115,index_dividend_yield,0.065,10.8,65,24341.95,24378.6,24266.45,24334.55,mid_price,ok
2026-08-26T07:14:39.272115+00:00,2026-08-26T12:44:39.272115+05:30,NIFTY,29-Sep-2026,24400.0,CE,24284,304.25,195,304.95,65,305.15,304.6,36589,3949,22260,-5.80336471677728,8.29,0.508206646425435,0.000647349513544386,-5.358643486480949,29.579039400005794,0.016341224846394553,-0.0023082280126516252,-0.026622425398414862,-4.827201106322238e-08,-0.007810518830793291,9.59223261908697e-06,-0.42881726620350236,49.744434933495256,-0.4956227998010877,0.0006412090180606152,0.09346526914906773,24460,0.07726327711442553,0.0115,index_dividend_yield,0.065,10.8,65,24341.95,24378.6,24266.45,24334.55,mid_price,ok
2026-08-26T07:14:39.272115+00:00,2026-08-26T12:44:39.272115+05:30,NIFTY,29-Sep-2026,24400.0,PE,24284,246.55,195,247.35,65,247.4,246.95,33569,2780,23721,1.6433853738701725,10.19,-0.49025063696725985,0.000526632512732983,-2.6192802119683742,29.578255833497288,0.031410102520862404,-0.0019370222186894104,-0.053912364462505025,-3.702215137145977e-08,-0.0051695882970962765,7.794822903937036e-06,-0.4292934164382487,-39.870949627753355,0.5001574169309959,0.0005216370898611281,0.09346526914906773,24460,0.07726327711442553,0.0115,index_dividend_yield,0.065,10.8,65,24341.95,24378.6,24266.45,24334.55,mid_price,ok
2026-08-26T07:14:39.272115+00:00,2026-08-26T12:44:39.272115+05:30,NIFTY,29-Sep-2026,24450.0,CE,24284,277.2,260,278.1,130,277.35,277.65,1728,145,1159,-5.292812019805361,8.29,0.47603247845455726,0.0006463859105824606,-5.243042497194602,29.535009939288816,0.4039813739817322,-0.0027767871050627946,1.7646962371316022,3.49968334903492e-08,-0.007759675462071019,9.22825174621601e-06,-0.4441526139953424,51.58095364916133,-0.46363433555659916,0.0006376386049415338,0.09346526914906773,24460,0.07726327711442553,0.0115,index_dividend_yield,0.065,10.8,65,24341.95,24378.6,24266.45,24334.55,mid_price,ok
2026-08-26T07:14:39.272115+00:00,2026-08-26T12:44:39.272115+05:30,NIFTY,29-Sep-2026,24450.0,PE,24284,268.5,260,269.5,195,269.65,269.0,2053,858,2458,0.7284273440418378,10.15,-0.5165469259876809,0.0005283631876291351,-2.501112037321431,29.55897044088373,0.28995688090310834,-0.0023284576588133987,0.9232452553291637,8.48182690687105e-09,-0.005189546830133156,7.629883030885166e-06,-0.43967060757638166,-38.826807032407146,0.5262534483750387,0.0005212130406102409,0.09346526914906773,24460,0.07726327711442553,0.0115,index_dividend_yield,0.065,10.8,65,24341.95,24378.6,24266.45,24334.55,mid_price,ok
2026-08-26T07:14:39.272115+00:00,2026-08-26T12:44:39.272115+05:30,NIFTY,29-Sep-2026,24500.0,CE,24284,251.8,65,252.25,260,252,252.025,75574,8054,56071,-5.776780706674145,8.29,0.44407586569574725,0.0006412414854724277,-5.104721447561145,29.29994812208455,0.784557375437811,-0.003221870612368727,8.122849883681837,1.170867562027181e-07,-0.007558409477742361,8.686300158676605e-06,-0.4620181697699195,53.45840885024439,-0.4319270432406943,0.0006299845390009673,0.09346526914906773,24460,0.07726327711442553,0.0115,index_dividend_yield,0.065,10.8,65,24341.95,24378.6,24266.45,24334.55,mid_price,ok
2026-08-26T07:14:39.272115+00:00,2026-08-26T12:44:39.272115+05:30,NIFTY,29-Sep-2026,24500.0,PE,24284,292.3,65,292.65,195,292.1,292.475,66276,9921,41946,1.2478336221837087,10.14,-0.5427576747319397,0.0005262436556875878,-2.3768022272840885,29.41138914758158,0.5464473646156209,-0.0027025063554225737,4.416632597441961,5.399917965007947e-08,-0.0051112403820783095,7.341943199607186e-06,-0.451852975119916,-37.68611650115183,0.5522476316265102,0.0005170054875446512,0.09346526914906773,24460,0.07726327711442553,0.0115,index_dividend_yield,0.065,10.8,65,24341.95,24378.6,24266.45,24334.55,mid_price,ok
2026-08-26T07:14:39.272115+00:00,2026-08-26T12:44:39.272115+05:30,NIFTY,29-Sep-2026,24550.0,CE,24284,226.75,325,227.6,65,226.2,227.175,2301,1327,5782,-7.12379388215972,8.38,0.41356548599276055,0.0006256132157834799,-4.988424710755172,28.896193868445117,1.1281400242079964,-0.0035995263800486783,18.19761789758978,1.8956542440180942e-07,-0.0070724904930968245,7.928232904378112e-06,-0.480879636127856,54.726684565973606,-0.4016094451941318,0.0006121295848422347,0.09346526914906773,24460,0.07726327711442553,0.0115,index_dividend_yield,0.065,10.8,65,24341.95,24378.6,24266.45,24334.55,mid_price,ok
2026-08-26T07:14:39.272115+00:00,2026-08-26T12:44:39.272115+05:30,NIFTY,29-Sep-2026,24550.0,PE,24284,316.55,325,317.45,65,322.35,317.0,1091,492,3281,4.472532814778804,10.01,-0.5697464321612963,0.0005278841497587825,-2.178300491521874,29.12483065763805,0.8148142532764524,-0.0030925093052589503,10.725839199507092,1.0310459591100688e-07,-0.005079641307797079,7.020775196441595e-06,-0.4664269827345535,-36.97330078529511,0.5788159197438227,0.0005165068404636671,0.09346526914906773,24460,0.07726327711442553,0.0115,index_dividend_yield,0.065,10.8,65,24341.95,24378.6,24266.45,24334.55,mid_price,ok
2026-08-26T07:14:39.272115+00:00,2026-08-26T12:44:39.272115+05:30,NIFTY,29-Sep-2026,24600.0,CE,24284,203.9,130,204.3,130,203.85,204.10000000000002,15778,1698,14872,-7.193262007739586,8.27,0.3813195284781958,0.0006203350343542737,-4.75591909643784,28.276296580630298,1.5025959620987295,-0.004017414478256653,33.576339778910835,2.7371102010884837e-07,-0.0067652516025305245,7.1369105256843986e-06,-0.5035747672769162,57.487140915780756,-0.36987335626984763,0.0006045003316790765,0.09346526914906773,24460,0.07726327711442553,0.0115,index_dividend_yield,0.065,10.8,65,24341.95,24378.6,24266.45,24334.55,mid_price,ok
2026-08-26T07:14:39.272115+00:00,2026-08-26T12:44:39.272115+05:30,NIFTY,29-Sep-2026,24600.0,PE,24284,343.75,130,344.8,65,344.65,344.275,9012,1091,6386,2.391562685680333,10.04,-0.595338726151437,0.0005190950208535161,-2.035865041159692,28.72574396842615,1.054679374794698,-0.003418576612653878,19.02533113827154,1.4616913876887083e-07,-0.004826896189029058,6.516885171576258e-06,-0.4814447264232378,-35.72741925265354,0.604140592548133,0.0005058445757550108,0.09346526914906773,24460,0.07726327711442553,0.0115,index_dividend_yield,0.065,10.8,65,24341.95,24378.6,24266.45,24334.55,mid_price,ok
2026-08-26T07:14:39.272115+00:00,2026-08-26T12:44:39.272115+05:30,NIFTY,29-Sep-2026,24650.0,CE,24284,182.2,130,182.95,65,182.75,182.575,1524,320,1030,-6.545640501150601,8.31,0.3518567373630148,0.0006011147527288569,-4.580025856231425,27.532720105494345,1.8062770997614164,-0.004328589239774916,50.87051911550411,3.3888219558271764e-07,-0.006123645854370333,6.161429086717842e-06,-0.5248736904759816,59.15832591022013,-0.34077301218606254,0.0005833967264091068,0.09346526914906773,24460,0.07726327711442553,0.0115,index_dividend_yield,0.065,10.8,65,24341.95,24378.6,24266.45,24334.55,mid_price,ok
2026-08-26T07:14:39.272115+00:00,2026-08-26T12:44:39.272115+05:30,NIFTY,29-Sep-2026,24650.0,PE,24284,369.55,130,372.4,130,370.05,370.975,596,59,206,1.4808720691073631,9.97,-0.6216168387332618,0.0005129015680306418,-1.828720870699786,28.185120404673544,1.3022742102281049,-0.0037483314440328592,30.11853790358643,1.9244654747445725e-07,-0.0045967463354962745,5.964780995113537e-06,-0.4984425109299693,-34.820878531321554,0.6299739332538019,0.0004977836501280226,0.09346526914906773,24460,0.07726327711442553,0.0115,index_dividend_yield,0.065,10.8,65,24341.95,24378.6,24266.45,24334.55,mid_price,ok
2026-08-26T07:14:39.272115+00:00,2026-08-26T12:44:39.272115+05:30,NIFTY,29-Sep-2026,24700.0,CE,24284,162.05,650,162.6,130,162,162.325,13322,1351,8438,-6.950028719126939,8.21,0.32063797572438907,0.0005868292022755578,-4.314277848493685,26.55495586116898,2.1352351222905517,-0.004648059651913228,73.71578579246574,4.1607339858871155e-07,-0.005519199641149694,5.0660383448979714e-06,-0.5491637996802723,62.06404254763519,-0.3101585237965249,0.0005672287818064229,0.09346526914906773,24460,0.07726327711442553,0.0115,index_dividend_yield,0.065,10.8,65,24341.95,24378.6,24266.45,24334.55,mid_price,ok
2026-08-26T07:14:39.272115+00:00,2026-08-26T12:44:39.272115+05:30,NIFTY,29-Sep-2026,24700.0,PE,24284,400,260,401.45,65,402,400.725,5519,180,2345,4.4970106576553155,10.05,,,,,,,,,,,,,,,0.09346526914906773,,,,,,10.8,65,24341.95,24378.6,24266.45,24334.55,mid_price,no_price_available
2026-08-26T07:14:39.272115+00:00,2026-08-26T12:44:39.272115+05:30,NIFTY,29-Sep-2026,24750.0,CE,24284,144.3,390,145.35,260,144.45,144.825,1852,75,1208,-6.565329883570505,8.24,0.2930971360403708,0.0005620054016594274,-4.105986478187922,25.524568608877658,2.372793393449396,-0.004856843393226451,95.74541809254278,4.6798160140237874e-07,-0.004712586861302642,3.931778295934198e-06,-0.5696254747424092,63.884338670933246,-0.2830770690846643,0.0005410414416470607,0.09346526914906773,24460,0.07726327711442553,0.0115,index_dividend_yield,0.065,10.8,65,24341.95,24378.6,24266.45,24334.55,mid_price,ok
2026-08-26T07:14:39.272115+00:00,2026-08-26T12:44:39.272115+05:30,NIFTY,29-Sep-2026,24750.0,PE,24284,432.4,130,434,65,439.15,433.2,523,-36,297,4.7465712581991655,10.05,,,,,,,,,,,,,,,0.09346526914906773,,,,,,10.8,65,24341.95,24378.6,24266.45,24334.55,mid_price,no_price_available
2026-08-26T07:14:39.272115+00:00,2026-08-26T12:44:39.272115+05:30,NIFTY,29-Sep-2026,24800.0,CE,24284,127.45,520,127.85,130,127.5,127.65,17644,281,10920,-7.036091870215093,8.19,0.2648754861052619,0.0005382777273957918,-3.8422854580935843,24.298587101166028,2.6079764798372373,-0.005038180849073648,121.51532970431411,5.243734089441418e-07,-0.003880551338789073,2.6975844768622717e-06,-0.590472827593846,66.51163000194998,-0.25546483305202794,0.0005161114533822456,0.09346526914906773,24460,0.07726327711442553,0.0115,index_dividend_yield,0.065,10.8,65,24341.95,24378.6,24266.45,24334.55,mid_price,ok
2026-08-26T07:14:39.272115+00:00,2026-08-26T12:44:39.272115+05:30,NIFTY,29-Sep-2026,24800.0,PE,24284,463.6,130,465.1,130,465.4,464.35,5943,1071,3060,3.468208092485549,10.14,,,,,,,,,,,,,,,0.09346526914906773,,,,,,10.8,65,24341.95,24378.6,24266.45,24334.55,mid_price,no_price_available
2026-08-26T07:14:39.272115+00:00,2026-08-26T12:44:39.272115+05:30,NIFTY,29-Sep-2026,24850.0,CE,24284,112.3,195,112.95,195,112.15,112.625,1770,166,985,-6.580591420241566,8.22,0.2400594633723717,0.0005092281126579407,-3.618837195211145,23.071450443096786,2.7615509104897824,-0.005132049854284504,144.6154537721984,5.583481632763808e-07,-0.0030029251354887743,1.5390783614471597e-06,-0.6065335912710843,68.37448925079019,-0.2311607275998708,0.0004862952569750599,0.09346526914906773,24460,0.07726327711442553,0.0115,index_dividend_yield,0.065,10.8,65,24341.95,24378.6,24266.45,24334.55,mid_price,ok
2026-08-26T07:14:39.272115+00:00,2026-08-26T12:44:39.272115+05:30,NIFTY,29-Sep-2026,24850.0,PE,24284,498.5,65,502.5,65,506.15,500.5,234,52,126,1.5244208203790994,10.38,,,,,,,,,,,,,,,0.09346526914906773,,,,,,10.8,65,24341.95,24378.6,24266.45,24334.55,mid_price,no_price_available
2026-08-26T07:14:39.272115+00:00,2026-08-26T12:44:39.272115+05:30,NIFTY,29-Sep-2026,24900.0,CE,24284,98.65,585,98.95,130,98.65,98.80000000000001,15716,1128,12047,-6.581439393939394,8.19,0.2150484187443488,0.00048039376760797205,-3.3553874257093486,21.685626603117143,2.900677414064065,-0.005185065626714308,169.7664607475442,5.935390156817425e-07,-0.0021044915696742943,3.2472449794162606e-07,-0.6209731276003048,70.90992471531965,-0.20677067275654779,0.00045691889585965377,0.09346526914906773,24460,0.07726327711442553,0.0115,index_dividend_yield,0.065,10.8,65,24341.95,24378.6,24266.45,24334.55,mid_price,ok
2026-08-26T07:14:39.272115+00:00,2026-08-26T12:44:39.272115+05:30,NIFTY,29-Sep-2026,24900.0,PE,24284,533.85,65,536.3,65,541.7,535.075,1337,117,409,4.313498940881956,10.15,,,,,,,,,,,,,,,0.09346526914906773,,,,,,10.8,65,24341.95,24378.6,24266.45,24334.55,mid_price,no_price_available
2026-08-26T07:14:39.272115+00:00,2026-08-26T12:44:39.272115+05:30,NIFTY,29-Sep-2026,24950.0,CE,24284,86.45,65,86.95,65,86.25,86.7,2084,369,1293,-8.439490445859873,8.2,0.19269186816544892,0.00044942580312566963,-3.1156644173081998,20.312461955414886,2.977432439225644,-0.0051720477978724755,191.72830205369172,6.124822273523865e-07,-0.0012381767496631138,-7.764841010841645e-07,-0.6304665856052942,73.03598629920917,-0.1849803810963317,0.0004257526420153682,0.09346526914906773,24460,0.07726327711442553,0.0115,index_dividend_yield,0.065,10.8,65,24341.95,24378.6,24266.45,24334.55,mid_price,ok
2026-08-26T07:14:39.272115+00:00,2026-08-26T12:44:39.272115+05:30,NIFTY,29-Sep-2026,24950.0,PE,24284,571.35,65,576.6,260,573.2,573.975,123,8,24,3.765387400434468,10.3,,,,,,,,,,,,,,,0.09346526914906773,,,,,,10.8,65,24341.95,24378.6,24266.45,24334.55,mid_price,no_price_available
2026-08-26T07:14:39.272115+00:00,2026-08-26T12:44:39.272115+05:30,NIFTY,29-Sep-2026,25000.0,CE,24284,75.9,65,76,65,75.9,75.95,82061,3901,41251,-7.832422586520948,8.22,0.17220644587201508,0.00041793444091351253,-2.884267142518822,18.935234529120432,3.009391559464794,-0.005107844345062673,211.10029766186145,6.209677164502744e-07,-0.00042434422792053585,-1.778327348492953e-06,-0.6355656998747854,75.0550796035999,-0.16504576395639084,0.0003943379666959721,0.09346526914906773,24460,0.07726327711442553,0.0115,index_dividend_yield,0.065,10.8,65,24341.95,24378.6,24266.45,24334.55,mid_price,ok
2026-08-26T07:14:39.272115+00:00,2026-08-26T12:44:39.272115+05:30,NIFTY,29-Sep-2026,25000.0,PE,24284,610,65,611.8,65,609.55,610.9,35021,451,4102,2.247756437138304,10.37,,,,,,,,,,,,,,,0.09346526914906773,,,,,,10.8,65,24341.95,24378.6,24266.45,24334.55,mid_price,no_price_available
2026-08-26T07:14:39.272115+00:00,2026-08-26T12:44:39.272115+05:30,NIFTY,29-Sep-2026,25050.0,CE,24284,65.5,195,66.05,325,65.15,65.775,2804,464,2047,-9.324982602644399,8.24,0.1532930352644358,0.00038653634199927936,-2.6571653987019417,17.55529991714218,3.0042749207637027,-0.0049993362056837964,227.9062329892607,6.214221090841862e-07,0.00032787485251511007,-2.6813912984435546e-06,-0.6363218064343705,77.07895650026633,-0.1466775469531037,0.00036325811113249647,0.09346526914906773,24460,0.07726327711442553,0.0115,index_dividend_yield,0.065,10.8,65,24341.95,24378.6,24266.45,24334.55,mid_price,ok
2026-08-26T07:14:39.272115+00:00,2026-08-26T12:44:39.272115+05:30,NIFTY,29-Sep-2026,25050.0,PE,24284,650.3,65,662.15,65,662,656.2249999999999,67,45,157,5.6411074762626665,10.95,,,,,,,,,,,,,,,0.09346526914906773,,,,,,10.8,65,24341.95,24378.6,24266.45,24334.55,mid_price,no_price_available
2026-08-26T07:14:39.272115+00:00,2026-08-26T12:44:39.272115+05:30,NIFTY,29-Sep-2026,25100.0,CE,24284,56.4,1430,56.6,260,56.5,56.5,10531,-153,14782,-9.6,8.2,0.1341405727761163,0.0003549666900693191,-2.3983210665029864,16.043243038843592,2.981592256359536,-0.00484271160005581,244.92256463659777,6.228275739226789e-07,0.001091068245057873,-3.59596746287344e-06,-0.6327404481915462,79.91982162037853,-0.12815579475399874,0.00033226194757592255,0.09346526914906773,24460,0.07726327711442553,0.0115,index_dividend_yield,0.065,10.8,65,24341.95,24378.6,24266.45,24334.55,mid_price,ok
2026-08-26T07:14:39.272115+00:00,2026-08-26T12:44:39.272115+05:30,NIFTY,29-Sep-2026,25100.0,PE,24284,688.6,130,692.1,65,689,690.35,1229,1,224,4.031405707383361,10.49,,,,,,,,,,,,,,,0.09346526914906773,,,,,,10.8,65,24341.95,24378.6,24266.45,24334.55,mid_price,no_price_available
2026-08-26T07:14:39.272115+00:00,2026-08-26T12:44:39.272115+05:30,NIFTY,29-Sep-2026,25150.0,CE,24284,48.95,65,49.25,260,49.2,49.1,1677,176,1065,-7.6923076923076925,8.22,0.11831717975109231,0.0003244398630207327,-2.1858067182043306,14.699302798461126,2.9093769919993697,-0.004656303389357408,255.49945146590858,6.086699640534282e-07,0.0016932785928868636,-4.267740684831738e-06,-0.624177060334846,81.98035332517597,-0.11284957439284979,0.00030248140316626275,0.09346526914906773,24460,0.07726327711442553,0.0115,index_dividend_yield,0.065,10.8,65,24341.95,24378.6,24266.45,24334.55,mid_price,ok
2026-08-26T07:14:39.272115+00:00,2026-08-26T12:44:39.272115+05:30,NIFTY,29-Sep-2026,25150.0,PE,24284,722.7,65,754.9,65,0.0,738.8,23,0,0,0,17.9,,,,,,,,,,,,,,,0.09346526914906773,,,,,,10.8,65,24341.95,24378.6,24266.45,24334.55,mid_price,no_price_available
2026-08-26T07:14:39.272115+00:00,2026-08-26T12:44:39.272115+05:30,NIFTY,29-Sep-2026,25200.0,CE,24284,42.1,195,42.25,260,42,42.175,18137,2844,13100,-8.794788273615636,8.22,0.10339359720554735,0.00029456451091231455,-1.9705567784856677,13.345748883219152,2.814246031771703,-0.004435836937585272,263.6562425573086,5.910440670477031e-07,0.0022367779318806127,-4.853192022074161e-06,-0.6110261059953626,84.33733332913481,-0.09845393153381356,0.0002735393362519558,0.09346526914906773,24460,0.07726327711442553,0.0115,index_dividend_yield,0.065,10.8,65,24341.95,24378.6,24266.45,24334.55,mid_price,ok
2026-08-26T07:14:39.272115+00:00,2026-08-26T12:44:39.272115+05:30,NIFTY,29-Sep-2026,25200.0,PE,24284,772.75,130,776.95,65,788,774.85,1144,50,259,4.170797805539031,11.44,,,,,,,,,,,,,,,0.09346526914906773,,,,,,10.8,65,24341.95,24378.6,24266.45,24334.55,mid_price,no_price_available
2026-08-26T07:14:39.272115+00:00,2026-08-26T12:44:39.272115+05:30,NIFTY,29-Sep-2026,25250.0,CE,24284,36.75,65,36.95,65,37.3,36.85,1394,390,1326,-8.69033047735618,8.31,0.09233502376087763,0.0002681899070533731,-1.820086722595598,12.283840335806474,2.6903608120271287,-0.004228546974527764,264.84756802580733,5.604319671596952e-07,0.0025559090805186316,-5.15595459809091e-06,-0.5961751841786018,85.34358643860129,-0.08776199389762289,0.00024806192710649986,0.09346526914906773,24460,0.07726327711442553,0.0115,index_dividend_yield,0.065,10.8,65,24341.95,24378.6,24266.45,24334.55,mid_price,ok
2026-08-26T07:14:39.272115+00:00,2026-08-26T12:44:39.272115+05:30,NIFTY,29-Sep-2026,25250.0,PE,24284,810.35,65,832.9,65,800,821.625,28,1,10,-14.52991452991453,10.05,,,,,,,,,,,,,,,0.09346526914906773,,,,,,10.8,65,24341.95,24378.6,24266.45,24334.55,mid_price,no_price_available
2026-08-26T07:14:39.272115+00:00,2026-08-26T12:44:39.272115+05:30,NIFTY,29-Sep-2026,25300.0,CE,24284,31.55,520,31.7,455,31.6,31.625,13857,2449,10970,-7.60233918128655,8.29,0.07959438727416761,0.0002405631483698864,-1.614936152459667,10.991939740346186,2.5582816558082437,-0.003962255283429056,267.2874198730133,5.361443520846153e-07,0.002948696255718227,-5.532879234477502e-06,-0.5749635787024321,88.00159810314564,-0.0755298840504959,0.00022162997884817408,0.09346526914906773,24460,0.07726327711442553,0.0115,index_dividend_yield,0.065,10.8,65,24341.95,24378.6,24266.45,24334.55,mid_price,ok
2026-08-26T07:14:39.272115+00:00,2026-08-26T12:44:39.272115+05:30,NIFTY,29-Sep-2026,25300.0,PE,24284,861.5,130,865.9,65,815,863.7,453,18,123,-3.1606463878326996,8.36,,,,,,,,,,,,,,,0.09346526914906773,,,,,,10.8,65,24341.95,24378.6,24266.45,24334.55,mid_price,no_price_available
2026-08-26T07:14:39.272115+00:00,2026-08-26T12:44:39.272115+05:30,NIFTY,29-Sep-2026,25350.0,CE,24284,27.45,195,27.9,585,27.4,27.674999999999997,690,113,541,-8.666666666666666,8.4,0.07133657560585414,0.00021839954170602838,-1.4953174695037093,10.111642767688403,2.41733181057302,-0.00375133670278964,262.98939014483926,5.010476712738812e-07,0.0030810304501548555,-5.6129083404816605e-06,-0.5562226377686521,88.60808211956193,-0.06756555599763288,0.0002004177784136795,0.09346526914906773,24460,0.07726327711442553,0.0115,index_dividend_yield,0.065,10.8,65,24341.95,24378.6,24266.45,24334.55,mid_price,ok
2026-08-26T07:14:39.272115+00:00,2026-08-26T12:44:39.272115+05:30,NIFTY,29-Sep-2026,25350.0,PE,24284,896.3,65,929.4,260,850,912.8499999999999,17,0,1,-4.644379627552165,7.5,,,,,,,,,,,,,,,0.09346526914906773,,,,,,10.8,65,24341.95,24378.6,24266.45,24334.55,mid_price,no_price_available
2026-08-26T07:14:39.272115+00:00,2026-08-26T12:44:39.272115+05:30,NIFTY,29-Sep-2026,25400.0,CE,24284,23.8,390,23.9,650,23.9,23.85,7090,776,8918,-9.81132075471698,8.45,0.06259553024896622,0.0001962277843429834,-1.3516579106718403,9.139194465819578,2.2703805253818343,-0.0035084092134760256,258.3693173677721,4.690265380567729e-07,0.0032259183822120454,-5.695647898602856e-06,-0.5331221453753461,90.12111571263321,-0.059181216136944464,0.00017936327094968064,0.09346526914906773,24460,0.07726327711442553,0.0115,index_dividend_yield,0.065,10.8,65,24341.95,24378.6,24266.45,24334.55,mid_price,ok
2026-08-26T07:14:39.272115+00:00,2026-08-26T12:44:39.272115+05:30,NIFTY,29-Sep-2026,25400.0,PE,24284,952.7,65,957.6,130,949,955.1500000000001,400,18,209,2.1253699219800914,11.34,,,,,,,,,,,,,,,0.09346526914906773,,,,,,10.8,65,24341.95,24378.6,24266.45,24334.55,mid_price,no_price_available
2026-08-26T07:14:39.272115+00:00,2026-08-26T12:44:39.272115+05:30,NIFTY,29-Sep-2026,25450.0,CE,24284,20.85,130,21.2,1430,21.65,21.025,726,68,583,-5.043859649122807,8.56,0.05609265844629949,0.00017774371020135845,-1.2490872057656965,8.386074482533564,2.1296719131327184,-0.0033028826032085873,251.06900500482877,4.351108531958679e-07,0.0032455897444288156,-5.647227557938241e-06,-0.5122187155628204,90.62596824180028,-0.05293216550766667,0.0001618300306547179,0.09346526914906773,24460,0.07726327711442553,0.0115,index_dividend_yield,0.065,10.8,65,24341.95,24378.6,24266.45,24334.55,mid_price,ok
2026-08-26T07:14:39.272115+00:00,2026-08-26T12:44:39.272115+05:30,NIFTY,29-Sep-2026,25450.0,PE,24284,982.9,65,1027,65,946.5,1004.95,11,0,1,-2.084518698598252,7.89,,,,,,,,,,,,,,,0.09346526914906773,,,,,,10.8,65,24341.95,24378.6,24266.45,24334.55,mid_price,no_price_available
2026-08-26T07:14:39.272115+00:00,2026-08-26T12:44:39.272115+05:30,NIFTY,29-Sep-2026,25500.0,CE,24284,18.4,455,18.5,1040,18.45,18.45,48767,4252,18336,-10.869565217391305,8.57,0.048310638624949026,0.00015767657147233363,-1.105211058357841,7.447983387842794,1.9747299320960336,-0.0030401979509933823,243.50669044544927,4.041097355361518e-07,0.0033157811707924313,-5.625152491405557e-06,-0.48399467565944043,92.7235228174486,-0.04551071151112755,0.00014299710842279693,0.09346526914906773,24460,0.07726327711442553,0.0115,index_dividend_yield,0.065,10.8,65,24341.95,24378.6,24266.45,24334.55,mid_price,ok
2026-08-26T07:14:39.272115+00:00,2026-08-26T12:44:39.272115+05:30,NIFTY,29-Sep-2026,25500.0,PE,24284,1048.35,65,1052.9,65,1065,1050.625,24581,124,818,3.1626870731825445,13.1,,,,,,,,,,,,,,,0.09346526914906773,,,,,,10.8,65,24341.95,24378.6,24266.45,24334.55,mid_price,no_price_available
2026-08-26T07:14:39.272115+00:00,2026-08-26T12:44:39.272115+05:30,NIFTY,29-Sep-2026,25550.0,CE,24284,16,1300,16.1,130,16.05,16.05,642,1,380,-9.577464788732394,8.66,0.0429074299113837,0.0001418458219771164,-1.0100906543620045,6.770568707795362,1.8361938171144487,-0.0028342183226673714,234.11732044913379,3.725373881798471e-07,0.003267335897993713,-5.491474651917724e-06,-0.4605518828630508,93.46637511765032,-0.04034504965059159,0.00012813718761896356,0.09346526914906773,24460,0.07726327711442553,0.0115,index_dividend_yield,0.065,10.8,65,24341.95,24378.6,24266.45,24334.55,mid_price,ok
2026-08-26T07:14:39.272115+00:00,2026-08-26T12:44:39.272115+05:30,NIFTY,29-Sep-2026,25550.0,PE,24284,989.6,1690,1134.75,65,0.0,1062.175,13,0,0,0,14.38,,,,,,,,,,,,,,,0.09346526914906773,,,,,,10.8,65,24341.95,24378.6,24266.45,24334.55,mid_price,no_price_available
2026-08-26T07:14:39.272115+00:00,2026-08-26T12:44:39.272115+05:30,NIFTY,29-Sep-2026,25600.0,CE,24284,14,520,14.05,195,14.05,14.025,6874,62,4129,-9.35483870967742,8.7,0.03726283734218451,0.00012590445173124457,-0.9007728126376516,6.037415259972017,1.6911461297462875,-0.0026034543905376142,223.8431485893062,3.423135318476278e-07,0.00322121042888737,-5.340717469730816e-06,-0.4330478460492362,95.01355608553095,-0.034975270910852556,0.00011329261571145023,0.09346526914906773,24460,0.07726327711442553,0.0115,index_dividend_yield,0.065,10.8,65,24341.95,24378.6,24266.45,24334.55,mid_price,ok
2026-08-26T07:14:39.272115+00:00,2026-08-26T12:44:39.272115+05:30,NIFTY,29-Sep-2026,25600.0,PE,24284,1141.15,65,1153.1,260,1111.45,1147.125,496,155,392,-2.1180096873623953,10.46,,,,,,,,,,,,,,,0.09346526914906773,,,,,,10.8,65,24341.95,24378.6,24266.45,24334.55,mid_price,no_price_available
2026-08-26T07:14:39.272115+00:00,2026-08-26T12:44:39.272115+05:30,NIFTY,29-Sep-2026,25650.0,CE,24284,12.35,715,12.6,585,12.45,12.475,368,16,343,-14.137931034482758,8.84,0.03385721664479888,0.00011454732063030838,-0.8420829190343881,5.581204162242183,1.5759866587701856,-0.0024486179469036876,213.69310869736324,3.142902320928815e-07,0.003090290232670673,-5.135194321897858e-06,-0.4137856334021972,94.82142164668964,-0.03171609092774756,0.00010267167437894698,0.09346526914906773,24460,0.07726327711442553,0.0115,index_dividend_yield,0.065,10.8,65,24341.95,24378.6,24266.45,24334.55,mid_price,ok
2026-08-26T07:14:39.272115+00:00,2026-08-26T12:44:39.272115+05:30,NIFTY,29-Sep-2026,25650.0,PE,24284,1084.4,650,1224.55,195,0.0,1154.475,1,0,0,0,13.42,,,,,,,,,,,,,,,0.09346526914906773,,,,,,10.8,65,24341.95,24378.6,24266.45,24334.55,mid_price,no_price_available
2026-08-26T07:14:39.272115+00:00,2026-08-26T12:44:39.272115+05:30,NIFTY,29-Sep-2026,25700.0,CE,24284,11.15,1105,11.2,390,11.15,11.175,5296,551,3053,-11.507936507936508,8.92,0.029939733380013583,0.00010255636732177606,-0.764403255998477,5.042178229064715,1.4529095551625675,-0.0022636196327961954,202.91262020110867,2.876237252684391e-07,0.002977666868967276,-4.926889107364596e-06,-0.3900124761196179,95.60640272733829,-0.027994233515776696,9.156654569037555e-05,0.09346526914906773,24460,0.07726327711442553,0.0115,index_dividend_yield,0.065,10.8,65,24341.95,24378.6,24266.45,24334.55,mid_price,ok
2026-08-26T07:14:39.272115+00:00,2026-08-26T12:44:39.272115+05:30,NIFTY,29-Sep-2026,25700.0,PE,24284,1228.95,390,1263.45,65,0.0,1246.2,185,0,0,0,15.05,,,,,,,,,,,,,,,0.09346526914906773,,,,,,10.8,65,24341.95,24378.6,24266.45,24334.55,mid_price,no_price_available
2026-08-26T07:14:39.272115+00:00,2026-08-26T12:44:39.272115+05:30,NIFTY,29-Sep-2026,25750.0,CE,24284,10.1,650,55.9,6500,0.0,33.0,0,0,0,0,0,,,,,,,,,,,,,,,0.09346526914906773,24460,0.07726327711442553,0.0115,index_dividend_yield,0.065,10.8,65,24341.95,24378.6,24266.45,24334.55,mid_price,no_nse_iv
2026-08-26T07:14:39.272115+00:00,2026-08-26T12:44:39.272115+05:30,NIFTY,29-Sep-2026,25750.0,PE,24284,1271.15,195,1326.1,195,1170,1298.625,7,1,1,13.043478260869565,0,,,,,,,,,,,,,,,0.09346526914906773,,,,,,10.8,65,24341.95,24378.6,24266.45,24334.55,mid_price,no_price_available
2026-08-26T07:14:39.272115+00:00,2026-08-26T12:44:39.272115+05:30,NIFTY,29-Sep-2026,25800.0,CE,24284,9.05,130,9.1,1105,9.05,9.075,7356,871,3582,-11.707317073170731,9.15,0.024275681750492814,8.392529211310715e-05,-0.6529261476215004,4.232575024617547,1.2460118751317744,-0.0019689692224217348,182.41861263081515,2.410116711311615e-07,0.0026999757977820837,-4.4856721783074626e-06,-0.3502813752225604,95.87543512712622,-0.02261092795984382,7.435221278408185e-05,0.09346526914906773,24460,0.07726327711442553,0.0115,index_dividend_yield,0.065,10.8,65,24341.95,24378.6,24266.45,24334.55,mid_price,ok
2026-08-26T07:14:39.272115+00:00,2026-08-26T12:44:39.272115+05:30,NIFTY,29-Sep-2026,25800.0,PE,24284,1333.9,65,1350.55,65,1303.45,1342.225,323,0,6,-1.362140073404215,11.24,,,,,,,,,,,,,,,0.09346526914906773,,,,,,10.8,65,24341.95,24378.6,24266.45,24334.55,mid_price,no_price_available
2026-08-26T07:14:39.272115+00:00,2026-08-26T12:44:39.272115+05:30,NIFTY,29-Sep-2026,25850.0,CE,24284,8.3,390,48.1,9360,0.0,28.200000000000003,1,0,0,0,13.61,0.0866729425661584,0.00015622416351625227,-2.639111115867381,11.719175080248055,1.6266622292781945,-0.003798113715327414,164.3578661492482,2.0333507638023822e-07,0.0010432542163600904,-2.8253345613007024e-06,-0.5554135753663054,53.095225316422756,-0.07988875821851261,0.00013786929712565415,0.09346526914906773,24460,0.07726327711442553,0.0115,index_dividend_yield,0.065,10.8,65,24341.95,24378.6,24266.45,24334.55,mid_price,wide_quote_low_liquidity
2026-08-26T07:14:39.272115+00:00,2026-08-26T12:44:39.272115+05:30,NIFTY,29-Sep-2026,25850.0,PE,24284,1365,650,1422.35,195,0.0,1393.675,0,0,0,0,0,,,,,,,,,,,,,,,0.09346526914906773,,,,,,10.8,65,24341.95,24378.6,24266.45,24334.55,mid_price,no_price_available
2026-08-26T07:14:39.272115+00:00,2026-08-26T12:44:39.272115+05:30,NIFTY,29-Sep-2026,25900.0,CE,24284,5.5,1755,44.55,5850,0.0,25.025,0,0,0,0,0,,,,,,,,,,,,,,,0.09346526914906773,24460,0.07726327711442553,0.0115,index_dividend_yield,0.065,10.8,65,24341.95,24378.6,24266.45,24334.55,mid_price,no_nse_iv
2026-08-26T07:14:39.272115+00:00,2026-08-26T12:44:39.272115+05:30,NIFTY,29-Sep-2026,25900.0,PE,24284,1418.3,65,1472.05,195,0.0,1445.175,75,0,0,0,23.11,,,,,,,,,,,,,,,0.09346526914906773,,,,,,10.8,65,24341.95,24378.6,24266.45,24334.55,mid_price,no_price_available
2026-08-26T07:14:39.272115+00:00,2026-08-26T12:44:39.272115+05:30,NIFTY,29-Sep-2026,25950.0,CE,24284,6.8,260,6.9,130,6.9,6.85,305,183,412,-9.803921568627452,9.55,0.01843270901162183,6.3703670630478e-05,-0.5341134698682365,3.3531929021455302,1.000656531684619,-0.001626770307864768,155.02107629767468,1.85856371609429e-07,0.002278044131998099,-3.854144809920613e-06,-0.30115911231967996,95.13564476926287,-0.01706800906527983,5.578663697335304e-05,0.09346526914906773,24460,0.07726327711442553,0.0115,index_dividend_yield,0.065,10.8,65,24341.95,24378.6,24266.45,24334.55,mid_price,ok
2026-08-26T07:14:39.272115+00:00,2026-08-26T12:44:39.272115+05:30,NIFTY,29-Sep-2026,25950.0,PE,24284,1358.4,650,1530,195,0.0,1444.2,1,0,0,0,13.83,,,,,,,,,,,,,,,0.09346526914906773,,,,,,10.8,65,24341.95,24378.6,24266.45,24334.55,mid_price,no_price_available
2026-08-26T07:14:39.272115+00:00,2026-08-26T12:44:39.272115+05:30,NIFTY,29-Sep-2026,26000.0,CE,24284,6.7,1950,6.8,1430,6.75,6.75,58977.230769230766,1933,11963,-8.16326530612245,9.77,0.017687528244776447,6.0116719460663746e-05,-0.5256951277516814,3.2372821035695756,0.9521123244201224,-0.0015767713868622031,148.68737387008113,1.7279414768674428e-07,0.0021458325235759468,-3.6915571689707057e-06,-0.2936804414995602,93.47977131715608,-0.016343427035366096,5.244318092182679e-05,0.09346526914906773,24460,0.07726327711442553,0.0115,index_dividend_yield,0.065,10.8,65,24341.95,24378.6,24266.45,24334.55,mid_price,ok
2026-08-26T07:14:39.272115+00:00,2026-08-26T12:44:39.272115+05:30,NIFTY,29-Sep-2026,26000.0,PE,24284,1529.6,65,1536.2,65,1530,1532.9,34745.769230769234,47,1251,1.5632779050084635,15.68,,,,,,,,,,,,,,,0.09346526914906773,,,,,,10.8,65,24341.95,24378.6,24266.45,24334.55,mid_price,no_price_available
2026-08-26T07:14:39.272115+00:00,2026-08-26T12:44:39.272115+05:30,NIFTY,29-Sep-2026,26050.0,CE,24284,1.2,2405,35.25,5850,0.0,18.225,0,0,0,0,0,,,,,,,,,,,,,,,0.09346526914906773,24460,0.07726327711442553,0.0115,index_dividend_yield,0.065,10.8,65,24341.95,24378.6,24266.45,24334.55,mid_price,no_nse_iv
2026-08-26T07:14:39.272115+00:00,2026-08-26T12:44:39.272115+05:30,NIFTY,29-Sep-2026,26050.0,PE,24284,1404.7,1170,1638.25,65,0.0,1521.475,4,0,0,0,18.06,,,,,,,,,,,,,,,0.09346526914906773,,,,,,10.8,65,24341.95,24378.6,24266.45,24334.55,mid_price,no_price_available
2026-08-26T07:14:39.272115+00:00,2026-08-26T12:44:39.272115+05:30,NIFTY,29-Sep-2026,26100.0,CE,24284,5,650,32.55,5200,0.0,18.775,0,0,0,0,0,,,,,,,,,,,,,,,0.09346526914906773,24460,0.07726327711442553,0.0115,index_dividend_yield,0.065,10.8,65,24341.95,24378.6,24266.45,24334.55,mid_price,no_nse_iv
2026-08-26T07:14:39.272115+00:00,2026-08-26T12:44:39.272115+05:30,NIFTY,29-Sep-2026,26100.0,PE,24284,1534.55,650,1678.5,65,0.0,1606.525,143,0,0,0,18.64,,,,,,,,,,,,,,,0.09346526914906773,,,,,,10.8,65,24341.95,24378.6,24266.45,24334.55,mid_price,no_price_available
2026-08-26T07:14:39.272115+00:00,2026-08-26T12:44:39.272115+05:30,NIFTY,29-Sep-2026,26150.0,CE,24284,1.8,5915,29.95,5200,0.0,15.875,0,0,0,0,0,,,,,,,,,,,,,,,0.09346526914906773,24460,0.07726327711442553,0.0115,index_dividend_yield,0.065,10.8,65,24341.95,24378.6,24266.45,24334.55,mid_price,no_nse_iv
2026-08-26T07:14:39.272115+00:00,2026-08-26T12:44:39.272115+05:30,NIFTY,29-Sep-2026,26150.0,PE,24284,1556.7,650,1753.55,65,0.0,1655.125,1,0,0,0,19.21,,,,,,,,,,,,,,,0.09346526914906773,,,,,,10.8,65,24341.95,24378.6,24266.45,24334.55,mid_price,no_price_available
2026-08-26T07:14:39.272115+00:00,2026-08-26T12:44:39.272115+05:30,NIFTY,29-Sep-2026,26200.0,CE,24284,4.8,1430,4.9,585,4.9,4.85,2811,170,1463,-6.666666666666667,10.31,0.012697348771236357,4.284585304586265e-05,-0.4125110273356305,2.4347712701980257,0.7208997518998043,-0.0012414048956260158,119.60660284906766,1.2420765980331155e-07,0.0016891542531514171,-2.9964887689342646e-06,-0.24165224465012877,92.10595896884689,-0.011641020044829609,3.6808376257591846e-05,0.09346526914906773,24460,0.07726327711442553,0.0115,index_dividend_yield,0.065,10.8,65,24341.95,24378.6,24266.45,24334.55,mid_price,ok
2026-08-26T07:14:39.272115+00:00,2026-08-26T12:44:39.272115+05:30,NIFTY,29-Sep-2026,26200.0,PE,24284,1706.1,65,1735.55,65,1732.05,1720.8249999999998,571,10,12,4.192859506120853,16.17,,,,,,,,,,,,,,,0.09346526914906773,,,,,,10.8,65,24341.95,24378.6,24266.45,24334.55,mid_price,no_price_available
2026-08-26T07:14:39.272115+00:00,2026-08-26T12:44:39.272115+05:30,NIFTY,29-Sep-2026,26250.0,CE,24284,2.15,11180,22.3,5200,0.0,12.225,0,0,0,0,0,,,,,,,,,,,,,,,0.09346526914906773,24460,0.07726327711442553,0.0115,index_dividend_yield,0.065,10.8,65,24341.95,24378.6,24266.45,24334.55,mid_price,no_nse_iv
2026-08-26T07:14:39.272115+00:00,2026-08-26T12:44:39.272115+05:30,NIFTY,29-Sep-2026,26250.0,PE,24284,1754.45,650,1830.85,65,0.0,1792.65,0,0,0,0,0,,,,,,,,,,,,,,,0.09346526914906773,,,,,,10.8,65,24341.95,24378.6,24266.45,24334.55,mid_price,no_price_available
2026-08-26T07:14:39.272115+00:00,2026-08-26T12:44:39.272115+05:30,NIFTY,29-Sep-2026,26300.0,CE,24284,4.15,650,4.25,455,4.15,4.2,2470,77,918,-1.1904761904761905,10.59,0.010922090973050953,3.660282479951054e-05,-0.3699658576674164,2.1364920077332665,0.6317879030541219,-0.0011105048453978385,107.52891124273955,1.0603347200024435e-07,0.0014965139370067253,-2.701594072340746e-06,-0.22032265746106103,91.19343927381138,-0.009974281434243542,3.120639163443454e-05,0.09346526914906773,24460,0.07726327711442553,0.0115,index_dividend_yield,0.065,10.8,65,24341.95,24378.6,24266.45,24334.55,mid_price,ok
2026-08-26T07:14:39.272115+00:00,2026-08-26T12:44:39.272115+05:30,NIFTY,29-Sep-2026,26300.0,PE,24284,1800.7,715,1858,130,1793.05,1829.35,1216,-1,9,-0.46629104332620946,13.65,,,,,,,,,,,,,,,0.09346526914906773,,,,,,10.8,65,24341.95,24378.6,24266.45,24334.55,mid_price,no_price_available
2026-08-26T07:14:39.272115+00:00,2026-08-26T12:44:39.272115+05:30,NIFTY,29-Sep-2026,26350.0,CE,24284,1.75,11180,15.75,5200,0.0,8.75,0,0,0,0,0,,,,,,,,,,,,,,,0.09346526914906773,24460,0.07726327711442553,0.0115,index_dividend_yield,0.065,10.8,65,24341.95,24378.6,24266.45,24334.55,mid_price,no_nse_iv
2026-08-26T07:14:39.272115+00:00,2026-08-26T12:44:39.272115+05:30,NIFTY,29-Sep-2026,26350.0,PE,24284,1851.25,650,1931.15,65,0.0,1891.2,0,0,0,0,0,,,,,,,,,,,,,,,0.09346526914906773,,,,,,10.8,65,24341.95,24378.6,24266.45,24334.55,mid_price,no_price_available
2026-08-26T07:14:39.272115+00:00,2026-08-26T12:44:39.272115+05:30,NIFTY,29-Sep-2026,26400.0,CE,24284,3.9,325,3.95,455,3.9,3.925,227,50,248,-2.5,10.99,0.01013345710584495,3.3041060309796224e-05,-0.35795403026608175,2.001439088716061,0.5775588156796251,-0.0010475376061790838,99.51304430800889,9.332540673200766e-08,0.0013421230694580619,-2.4953524931040235e-06,-0.2098279860657459,88.61826215948669,-0.009216060918208268,2.7956742757613222e-05,0.09346526914906773,24460,0.07726327711442553,0.0115,index_dividend_yield,0.065,10.8,65,24341.95,24378.6,24266.45,24334.55,mid_price,ok
2026-08-26T07:14:39.272115+00:00,2026-08-26T12:44:39.272115+05:30,NIFTY,29-Sep-2026,26400.0,PE,24284,1798.55,650,1980.85,910,0.0,1889.6999999999998,58,0,0,0,18.9,,,,,,,,,,,,,,,0.09346526914906773,,,,,,10.8,65,24341.95,24378.6,24266.45,24334.55,mid_price,no_price_available
2026-08-26T07:14:39.272115+00:00,2026-08-26T12:44:39.272115+05:30,NIFTY,29-Sep-2026,26450.0,CE,24284,1.65,2080,10.1,5200,0.0,5.875,0,0,0,0,0,,,,,,,,,,,,,,,0.09346526914906773,24460,0.07726327711442553,0.0115,index_dividend_yield,0.065,10.8,65,24341.95,24378.6,24266.45,24334.55,mid_price,no_nse_iv
2026-08-26T07:14:39.272115+00:00,2026-08-26T12:44:39.272115+05:30,NIFTY,29-Sep-2026,26450.0,PE,24284,1948.2,650,2031.7,65,0.0,1989.95,0,0,0,0,0,,,,,,,,,,,,,,,0.09346526914906773,,,,,,10.8,65,24341.95,24378.6,24266.45,24334.55,mid_price,no_price_available
2026-08-26T07:14:39.272115+00:00,2026-08-26T12:44:39.272115+05:30,NIFTY,29-Sep-2026,26500.0,CE,24284,3.25,390,3.3,2145,3.25,3.275,14573,-1,3897,3.1746031746031744,11.19,0.008429096110909296,2.762058723587581e-05,-0.3089819472124246,1.703545366736339,0.4969747904201996,-0.0009130631516012772,88.15237088481254,7.895616069859557e-08,0.0011823688373628395,-2.2210511485517005e-06,-0.18693074414979471,88.74366882572166,-0.007637193010067309,2.3194318062154544e-05,0.09346526914906773,24460,0.07726327711442553,0.0115,index_dividend_yield,0.065,10.8,65,24341.95,24378.6,24266.45,24334.55,mid_price,ok
2026-08-26T07:14:39.272115+00:00,2026-08-26T12:44:39.272115+05:30,NIFTY,29-Sep-2026,26500.0,PE,24284,2020.45,130,2029.25,65,2022.3,2024.85,12987,17,153,1.4599638771824202,18.19,,,,,,,,,,,,,,,0.09346526914906773,,,,,,10.8,65,24341.95,24378.6,24266.45,24334.55,mid_price,no_price_available
2026-08-26T07:14:39.272115+00:00,2026-08-26T12:44:39.272115+05:30,NIFTY,29-Sep-2026,26550.0,CE,24284,2.3,1755,5.25,1950,0.0,3.775,0,0,0,0,0,,,,,,,,,,,,,,,0.09346526914906773,24460,0.07726327711442553,0.0115,index_dividend_yield,0.065,10.8,65,24341.95,24378.6,24266.45,24334.55,mid_price,no_nse_iv
2026-08-26T07:14:39.272115+00:00,2026-08-26T12:44:39.272115+05:30,NIFTY,29-Sep-2026,26550.0,PE,24284,2045.2,650,2132.15,650,0.0,2088.675,0,0,0,0,0,,,,,,,,,,,,,,,0.09346526914906773,,,,,,10.8,65,24341.95,24378.6,24266.45,24334.55,mid_price,no_price_available
2026-08-26T07:14:39.272115+00:00,2026-08-26T12:44:39.272115+05:30,NIFTY,29-Sep-2026,26600.0,CE,24284,3.25,260,3.3,65,3.25,3.275,1117,253,457,1.5625,11.64,0.00815499719491979,2.5792995630105148e-05,-0.3109247714776342,1.6547998551669587,0.46667735930184084,-0.0008876550602297336,83.19848775325633,7.116992491718408e-08,0.0010751497752080718,-2.0885210542519854e-06,-0.18250813751682224,85.6377250225466,-0.007358025071901462,2.14970546091154e-05,0.09346526914906773,24460,0.07726327711442553,0.0115,index_dividend_yield,0.065,10.8,65,24341.95,24378.6,24266.45,24334.55,mid_price,ok
2026-08-26T07:14:39.272115+00:00,2026-08-26T12:44:39.272115+05:30,NIFTY,29-Sep-2026,26600.0,PE,24284,2079.55,650,2182.4,650,0.0,2130.9750000000004,0,0,0,0,0,,,,,,,,,,,,,,,0.09346526914906773,,,,,,10.8,65,24341.95,24378.6,24266.45,24334.55,mid_price,no_price_available
2026-08-26T07:14:39.272115+00:00,2026-08-26T12:44:39.272115+05:30,NIFTY,29-Sep-2026,26650.0,CE,24284,2.2,195,4,650,0.0,3.1,5,0,0,0,12.27,0.009988098737636683,2.9223446637501934e-05,-0.3904262632104737,1.9763629680570793,0.5128569952438673,-0.0010259417226416018,88.57267639997812,7.386870561344254e-08,0.0010714704572111354,-2.1915696618970166e-06,-0.20615275646363965,79.59206807633545,-0.008987000491191069,2.4264841418112685e-05,0.09346526914906773,24460,0.07726327711442553,0.0115,index_dividend_yield,0.065,10.8,65,24341.95,24378.6,24266.45,24334.55,mid_price,wide_quote_low_liquidity
2026-08-26T07:14:39.272115+00:00,2026-08-26T12:44:39.272115+05:30,NIFTY,29-Sep-2026,26650.0,PE,24284,2142.25,650,2232.7,650,0.0,2187.475,0,0,0,0,0,,,,,,,,,,,,,,,0.09346526914906773,,,,,,10.8,65,24341.95,24378.6,24266.45,24334.55,mid_price,no_price_available
2026-08-26T07:14:39.272115+00:00,2026-08-26T12:44:39.272115+05:30,NIFTY,29-Sep-2026,26700.0,CE,24284,2.6,780,3.55,390,2.85,3.075,42,1,6,-19.718309859154928,11.9,0.007107532755349591,2.23531866990892e-05,-0.28064890738890336,1.466145650053164,0.41285672547341884,-0.0007993590285103255,75.1321331349042,6.160520841920766e-08,0.0009575818261851494,-1.890168778196084e-06,-0.1669623326205878,84.95350984598039,-0.00638830089559144,1.8490871099866425e-05,0.09346526914906773,24460,0.07726327711442553,0.0115,index_dividend_yield,0.065,10.8,65,24341.95,24378.6,24266.45,24334.55,mid_price,wide_quote_low_liquidity
2026-08-26T07:14:39.272115+00:00,2026-08-26T12:44:39.272115+05:30,NIFTY,29-Sep-2026,26700.0,PE,24284,2190.8,650,2283,650,0.0,2236.9,0,0,0,0,0,,,,,,,,,,,,,,,0.09346526914906773,,,,,,10.8,65,24341.95,24378.6,24266.45,24334.55,mid_price,no_price_available
2026-08-26T07:14:39.272115+00:00,2026-08-26T12:44:39.272115+05:30,NIFTY,29-Sep-2026,26750.0,CE,24284,3.05,65,3.15,65,3.05,3.0999999999999996,107,93,133,35.55555555555556,12.3,0.0077471092531859135,2.3332141236467152e-05,-0.3123202667745409,1.581795797797963,0.4257465031777849,-0.0008502628707182173,76.49330382403319,6.131730217092228e-08,0.0009385677139350735,-1.9113296437730657e-06,-0.17595331315259743,81.51517881609372,-0.0069466496280941184,1.922859146297378e-05,0.09346526914906773,24460,0.07726327711442553,0.0115,index_dividend_yield,0.065,10.8,65,24341.95,24378.6,24266.45,24334.55,mid_price,ok
2026-08-26T07:14:39.272115+00:00,2026-08-26T12:44:39.272115+05:30,NIFTY,29-Sep-2026,26750.0,PE,24284,2240,650,2481.8,715,0.0,2360.9,1,0,0,0,18.46,,,,,,,,,,,,,,,0.09346526914906773,,,,,,10.8,65,24341.95,24378.6,24266.45,24334.55,mid_price,no_price_available
2026-08-26T07:14:39.272115+00:00,2026-08-26T12:44:39.272115+05:30,NIFTY,29-Sep-2026,26800.0,CE,24284,2.7,130,3.1,1950,3.1,2.9000000000000004,67,29,39,3.3333333333333335,12.48,0.007464323854095762,2.2254898326314066e-05,-0.3061777996164837,1.5308439042305333,0.4084112160520131,-0.000825961192482477,73.78775252581427,5.795333024487359e-08,0.0008943308164713222,-1.8431664620599554e-06,-0.17166757423560597,80.65370762824844,-0.006679709309760239,1.8272437069810395e-05,0.09346526914906773,24460,0.07726327711442553,0.0115,index_dividend_yield,0.065,10.8,65,24341.95,24378.6,24266.45,24334.55,mid_price,ok
2026-08-26T07:14:39.272115+00:00,2026-08-26T12:44:39.272115+05:30,NIFTY,29-Sep-2026,26800.0,PE,24284,2127.35,650,2383.6,715,0.0,2255.475,21,0,0,0,0,,,,,,,,,,,,,,,0.09346526914906773,,,,,,10.8,65,24341.95,24378.6,24266.45,24334.55,mid_price,no_price_available
2026-08-26T07:14:39.272115+00:00,2026-08-26T12:44:39.272115+05:30,NIFTY,29-Sep-2026,26850.0,CE,24284,2.15,1755,3.75,650,0.0,2.95,55,0,0,0,12.53,0.006701187534730476,2.0153902551307734e-05,-0.27910616366389873,1.3918772443129348,0.37568618757630917,-0.0007614036142529557,68.95701046512515,5.3139985959048604e-08,0.0008375798908389513,-1.7281587239085905e-06,-0.1601601698164017,81.19890269911332,-0.005986127627476663,1.648583780128495e-05,0.09346526914906773,24460,0.07726327711442553,0.0115,index_dividend_yield,0.065,10.8,65,24341.95,24378.6,24266.45,24334.55,mid_price,wide_quote_low_liquidity
2026-08-26T07:14:39.272115+00:00,2026-08-26T12:44:39.272115+05:30,NIFTY,29-Sep-2026,26850.0,PE,24284,2336.5,650,2433.9,650,0.0,2385.2,0,0,0,0,0,,,,,,,,,,,,,,,0.09346526914906773,,,,,,10.8,65,24341.95,24378.6,24266.45,24334.55,mid_price,no_price_available
2026-08-26T07:14:39.272115+00:00,2026-08-26T12:44:39.272115+05:30,NIFTY,29-Sep-2026,26900.0,CE,24284,2.75,65,2.9,195,2.8,2.825,68,40,75,14.285714285714286,12.77,0.006692580035204882,1.9752678981574466e-05,-0.2836695099429518,1.3902970853111387,0.3683819153753615,-0.0007595198128503947,67.62904535199277,5.108233216034011e-08,0.0008061157489651886,-1.6914650991024787e-06,-0.15981713580998402,79.70032501119303,-0.005965927222950062,1.6097628260167298e-05,0.09346526914906773,24460,0.07726327711442553,0.0115,index_dividend_yield,0.065,10.8,65,24341.95,24378.6,24266.45,24334.55,mid_price,ok
2026-08-26T07:14:39.272115+00:00,2026-08-26T12:44:39.272115+05:30,NIFTY,29-Sep-2026,26900.0,PE,24284,2385.15,650,2674.45,650,0.0,2529.8,1,0,0,0,20.92,,,,,,,,,,,,,,,0.09346526914906773,,,,,,10.8,65,24341.95,24378.6,24266.45,24334.55,mid_price,no_price_available
2026-08-26T07:14:39.272115+00:00,2026-08-26T12:44:39.272115+05:30,NIFTY,29-Sep-2026,26950.0,CE,24284,1.75,1755,2.8,65,0.0,2.275,25,0,0,0,12.88,0.0062262399887520435,1.837174649166897e-05,-0.2680302143247183,1.304238501020236,0.3461822825816655,-0.000718652359087228,64.21405107069079,4.76055244542122e-08,0.000761848131631332,-1.6084151907069207e-06,-0.15242466768163143,79.58538053219111,-0.005539821538083952,1.491672053856456e-05,0.09346526914906773,24460,0.07726327711442553,0.0115,index_dividend_yield,0.065,10.8,65,24341.95,24378.6,24266.45,24334.55,mid_price,wide_quote_low_liquidity
2026-08-26T07:14:39.272115+00:00,2026-08-26T12:44:39.272115+05:30,NIFTY,29-Sep-2026,26950.0,PE,24284,2433.65,650,2534.55,650,0.0,2484.1000000000004,0,0,0,0,0,,,,,,,,,,,,,,,0.09346526914906773,,,,,,10.8,65,24341.95,24378.6,24266.45,24334.55,mid_price,no_price_available
2026-08-26T07:14:39.272115+00:00,2026-08-26T12:44:39.272115+05:30,NIFTY,29-Sep-2026,27000.0,CE,24284,2.8,2665,2.85,1755,2.85,2.825,29518,1222,3847,3.6363636363636362,13.24,0.006646424637486956,1.8935310490320196e-05,-0.29142673198603614,1.3818188897007466,0.35368775886782067,-0.0007534739090327788,64.99662557231956,4.722596795717138e-08,0.0007476050537236726,-1.6198101256322264e-06,-0.1587212268421898,76.95616279631153,-0.005900164996375221,1.531741048207323e-05,0.09346526914906773,24460,0.07726327711442553,0.0115,index_dividend_yield,0.065,10.8,65,24341.95,24378.6,24266.45,24334.55,mid_price,ok
2026-08-26T07:14:39.272115+00:00,2026-08-26T12:44:39.272115+05:30,NIFTY,29-Sep-2026,27000.0,PE,24284,2515.15,65,2526.8,65,2537.8,2520.9750000000004,24365.46153846154,19,168,1.430855315747402,22.34,,,,,,,,,,,,,,,0.09346526914906773,,,,,,10.8,65,24341.95,24378.6,24266.45,24334.55,mid_price,no_price_available
2026-08-26T07:14:39.272115+00:00,2026-08-26T12:44:39.272115+05:30,NIFTY,29-Sep-2026,27050.0,CE,24284,1.9,195,2.75,780,2.35,2.325,42,-1,91,-20.338983050847457,13.16,0.005588791589565309,1.633839742557115e-05,-0.24816623831619677,1.1851028827027301,0.31258962701095383,-0.000660850981885259,58.865714336316934,4.206798602884966e-08,0.0006873558745982757,-1.476177996028355e-06,-0.14182347239447002,78.72166985626659,-0.004953574448873776,1.3167865000621323e-05,0.09346526914906773,24460,0.07726327711442553,0.0115,index_dividend_yield,0.065,10.8,65,24341.95,24378.6,24266.45,24334.55,mid_price,wide_quote_low_liquidity
2026-08-26T07:14:39.272115+00:00,2026-08-26T12:44:39.272115+05:30,NIFTY,29-Sep-2026,27050.0,PE,24284,2530.85,650,2635.2,650,0.0,2583.0249999999996,0,0,0,0,0,,,,,,,,,,,,,,,0.09346526914906773,,,,,,10.8,65,24341.95,24378.6,24266.45,24334.55,mid_price,no_price_available
2026-08-26T07:14:39.272115+00:00,2026-08-26T12:44:39.272115+05:30,NIFTY,29-Sep-2026,27100.0,CE,24284,2.45,195,2.55,195,2.4,2.5,184,54,67,2.127659574468085,13.44,0.005730040925248924,1.6356491739286938e-05,-0.258748198898847,1.21165823047696,0.31197596910919734,-0.0006725299398446256,58.5476956610298,4.106044229884048e-08,0.0006686111611506854,-1.463964668198298e-06,-0.14397510175988137,76.91842661472803,-0.00506786997732126,1.3133849193797686e-05,0.09346526914906773,24460,0.07726327711442553,0.0115,index_dividend_yield,0.065,10.8,65,24341.95,24378.6,24266.45,24334.55,mid_price,ok
2026-08-26T07:14:39.272115+00:00,2026-08-26T12:44:39.272115+05:30,NIFTY,29-Sep-2026,27100.0,PE,24284,2579.55,650,2685.6,650,0.0,2632.575,0,0,0,0,0,,,,,,,,,,,,,,,0.09346526914906773,,,,,,10.8,65,24341.95,24378.6,24266.45,24334.55,mid_price,no_price_available
2026-08-26T07:14:39.272115+00:00,2026-08-26T12:44:39.272115+05:30,NIFTY,29-Sep-2026,27150.0,CE,24284,2.05,520,2.45,130,2.05,2.25,99,-10,26,-18,13.37,0.004842363260665213,1.4155862554966447e-05,-0.2213863451515887,1.0431780825592123,0.2761378032445391,-0.0005913008382556978,53.0218803538981,3.6595121959617046e-08,0.0006135838000982737,-1.3331413572836857e-06,-0.1288317821238225,78.5461851858706,-0.004276053172075019,1.1324971501019443e-05,0.09346526914906773,24460,0.07726327711442553,0.0115,index_dividend_yield,0.065,10.8,65,24341.95,24378.6,24266.45,24334.55,mid_price,wide_quote_low_liquidity
2026-08-26T07:14:39.272115+00:00,2026-08-26T12:44:39.272115+05:30,NIFTY,29-Sep-2026,27150.0,PE,24284,2628.05,650,2735.9,650,0.0,2681.9750000000004,0,0,0,0,0,,,,,,,,,,,,,,,0.09346526914906773,,,,,,10.8,65,24341.95,24378.6,24266.45,24334.55,mid_price,no_price_available
2026-08-26T07:14:39.272115+00:00,2026-08-26T12:44:39.272115+05:30,NIFTY,29-Sep-2026,27200.0,CE,24284,2.2,130,2.4,65,2.4,2.3,586,-65,545,37.142857142857146,13.83,0.00549532788218798,1.5315696366279895e-05,-0.25588945136102936,1.1674805050615924,0.29392652221744237,-0.0006500808089933714,55.4801909628736,3.75557708383717e-08,0.000617043533654989,-1.385181010030264e-06,-0.13982166868420443,75.07266471385985,-0.004840843773395522,1.2207855729142062e-05,0.09346526914906773,24460,0.07726327711442553,0.0115,index_dividend_yield,0.065,10.8,65,24341.95,24378.6,24266.45,24334.55,mid_price,ok
2026-08-26T07:14:39.272115+00:00,2026-08-26T12:44:39.272115+05:30,NIFTY,29-Sep-2026,27200.0,PE,24284,2676.7,650,2786.25,650,0.0,2731.475,0,0,0,0,0,,,,,,,,,,,,,,,0.09346526914906773,,,,,,10.8,65,24341.95,24378.6,24266.45,24334.55,mid_price,no_price_available
2026-08-26T07:14:39.272115+00:00,2026-08-26T12:44:39.272115+05:30,NIFTY,29-Sep-2026,28500.0,CE,24284,1.2,65,1.25,975,1.2,1.225,8796,-4,269,-4,17.84,0.002426966481946232,5.704016577411891e-06,-0.15512339768542555,0.5608753304338938,0.12157887246694982,-0.0003381051420830762,25.41834116067626,1.1964238517739565e-08,0.00022651393694434605,-6.351992733620342e-07,-0.07891104646269853,62.75005885232856,-0.0020349904761103317,4.141250557997658e-06,0.09346526914906773,24460,0.07726327711442553,0.0115,index_dividend_yield,0.065,10.8,65,24341.95,24378.6,24266.45,24334.55,mid_price,ok
2026-08-26T07:14:39.272115+00:00,2026-08-26T12:44:39.272115+05:30,NIFTY,29-Sep-2026,28500.0,PE,24284,3992.15,130,4011.75,65,3885.75,4001.95,6673,10,13,-2.9387520607483637,0,,,,,,,,,,,,,,,0.09346526914906773,,,,,,10.8,65,24341.95,24378.6,24266.45,24334.55,mid_price,no_price_available
2026-08-26T07:14:39.272115+00:00,2026-08-26T12:44:39.272115+05:30,NIFTY,29-Sep-2026,30000.0,CE,24284,1.05,1105,1.15,130,1.2,1.1,4841.384615384615,-24,94,0,23.19,0.0020145283586819615,3.7065262408889055e-06,-0.16801594134109085,0.47376016041351493,0.08108390110591235,-0.0002887177540070731,17.30947841700034,6.059866776888819e-09,0.00011943506497083528,-4.278134455176675e-07,-0.06858002867724544,49.22153136612464,-0.00159756387597381,2.42865048227588e-06,0.09346526914906773,24460,0.07726327711442553,0.0115,index_dividend_yield,0.065,10.8,65,24341.95,24378.6,24266.45,24334.55,mid_price,ok
2026-08-26T07:14:39.272115+00:00,2026-08-26T12:44:39.272115+05:30,NIFTY,29-Sep-2026,30000.0,PE,24284,5471.85,65,5513.1,65,5401.25,5492.475,2259,2,13,-1.1755557588509742,0,,,,,,,,,,,,,,,0.09346526914906773,,,,,,10.8,65,24341.95,24378.6,24266.45,24334.55,mid_price,no_price_available
2026-08-26T07:14:39.272115+00:00,2026-08-26T12:44:39.272115+05:30,NIFTY,29-Sep-2026,31500.0,CE,24284,0.65,2600,1,65,0.65,0.825,236,1,2,-53.57142857142857,26.71,0.0010200068102722683,1.7289864404974525e-06,-0.10317819137124276,0.25454008494775004,0.04063854870665234,-0.0001652237056241079,9.304374950356298,2.6265873799564746e-09,5.6725424178857915e-05,-2.3156490044783265e-07,-0.041561082160350704,45.10865164290267,-0.0007689120698519659,1.0275688445590714e-06,0.09346526914906773,24460,0.07726327711442553,0.0115,index_dividend_yield,0.065,10.8,65,24341.95,24378.6,24266.45,24334.55,mid_price,wide_quote_low_liquidity
2026-08-26T07:14:39.272115+00:00,2026-08-26T12:44:39.272115+05:30,NIFTY,29-Sep-2026,31500.0,PE,24284,,0,7283,650,0.0,,0,0,0,0,0,,,,,,,,,,,,,,,0.09346526914906773,,,,,,10.8,65,24341.95,24378.6,24266.45,24334.55,none,no_price_available
2026-08-26T07:14:39.272115+00:00,2026-08-26T12:44:39.272115+05:30,NIFTY,29-Sep-2026,33000.0,CE,24284,0.9,130,1.2,130,1.2,1.05,573,17,32,60,32.82,0.0015537110880238635,2.0677697724228003e-06,-0.1852697060742006,0.37405155832341513,0.04692965020728008,-0.00023306446084624425,10.300851787936438,2.428325338914423e-09,5.064200006184366e-05,-2.5244095028328594e-07,-0.05664009664020353,35.764431812584625,-0.001111374314249302,1.1197337047676455e-06,0.09346526914906773,24460,0.07726327711442553,0.0115,index_dividend_yield,0.065,10.8,65,24341.95,24378.6,24266.45,24334.55,mid_price,wide_quote_low_liquidity
2026-08-26T07:14:39.272115+00:00,2026-08-26T12:44:39.272115+05:30,NIFTY,29-Sep-2026,33000.0,PE,0,,0,,0,0.0,,0,0,0,0,0,,,,,,,,,,,,,,,0.09346526914906773,,,,,,10.8,65,24341.95,24378.6,24266.45,24334.55,none,no_price_available
2026-08-26T07:14:39.272115+00:00,2026-08-26T12:44:39.272115+05:30,NIFTY,29-Sep-2026,34500.0,CE,24284,0.45,65,3,520,0.0,1.725,152,0,0,0,34.32,0.0005834827756500807,8.045095345461789e-07,-0.07855777681758604,0.1521840662533004,0.02001886421188414,-0.00010356162063521516,4.824961494352048,9.942044535171452e-10,2.3161994853314526e-05,-1.2012833162835708e-07,-0.027192171005932297,36.69402099706219,-0.00039951154963245973,3.985964750216769e-07,0.09346526914906773,24460,0.07726327711442553,0.0115,index_dividend_yield,0.065,10.8,65,24341.95,24378.6,24266.45,24334.55,mid_price,wide_quote_low_liquidity
2026-08-26T07:14:39.272115+00:00,2026-08-26T12:44:39.272115+05:30,NIFTY,29-Sep-2026,34500.0,PE,0,,0,,0,0.0,,0,0,0,0,0,,,,,,,,,,,,,,,0.09346526914906773,,,,,,10.8,65,24341.95,24378.6,24266.45,24334.55,none,no_price_available
2026-08-26T08:02:04.086310+00:00,2026-08-26T13:32:04.086310+05:30,NIFTY,29-Sep-2026,15000.0,CE,24265.2,,0,9936.95,1690,0.0,,0,0,0,0,0,,,,,,,,,,,,,,,0.09337506068271181,,,,,,10.85,65,24341.95,24378.6,24253.6,24334.55,none,no_price_available
2026-08-26T08:02:04.086310+00:00,2026-08-26T13:32:04.086310+05:30,NIFTY,29-Sep-2026,15000.0,PE,24265.2,0.75,390,1.25,65,1.25,1.0,729,0,1,38.888888888888886,53.81,-0.0011901711313828005,9.89828841064927e-07,-0.22668878063692924,0.2928341642731745,-0.02108921490724723,0.00016292528749989668,4.750291273307145,-7.954965336133601e-10,1.421718700151618e-05,-1.0950876309857843e-07,-0.04099519903584076,-20.746288964861904,0.0020181189481374437,2.5902717927130325e-06,0.09337506068271181,24438.4,0.07617066604699457,0.0115,index_dividend_yield,0.065,10.85,65,24341.95,24378.6,24253.6,24334.55,mid_price,wide_quote_low_liquidity
2026-08-26T08:02:04.086310+00:00,2026-08-26T13:32:04.086310+05:30,NIFTY,29-Sep-2026,16500.0,CE,24265.2,7346.15,1690,8283.05,1690,0.0,7814.599999999999,0,0,0,0,0,,,,,,,,,,,,,,,0.09337506068271181,24438.4,0.07617066604699457,0.0115,index_dividend_yield,0.065,10.85,65,24341.95,24378.6,24253.6,24334.55,mid_price,no_nse_iv
2026-08-26T08:02:04.086310+00:00,2026-08-26T13:32:04.086310+05:30,NIFTY,29-Sep-2026,16500.0,PE,24265.2,0.9,975,1,130,1.05,0.95,2051,-3,48,10.526315789473685,43.32,-0.0012729697900146348,1.307559310182043e-06,-0.19317679616548072,0.31142142874125417,-0.02797264336240309,0.0001730819989711795,6.258585916487702,-1.284698291152154e-09,2.3259158576559685e-05,-1.4339105014571795e-07,-0.04329477697414419,-25.86205755154663,0.0019444385807475717,2.827881842666289e-06,0.09337506068271181,24438.4,0.07617066604699457,0.0115,index_dividend_yield,0.065,10.85,65,24341.95,24378.6,24253.6,24334.55,mid_price,ok
2026-08-26T08:02:04.086310+00:00,2026-08-26T13:32:04.086310+05:30,NIFTY,29-Sep-2026,18000.0,CE,24265.2,6324.6,65,6472.3,65,0.0,6398.450000000001,21,0,0,0,0,,,,,,,,,,,,,,,0.09337506068271181,24438.4,0.07617066604699457,0.0115,index_dividend_yield,0.065,10.85,65,24341.95,24378.6,24253.6,24334.55,mid_price,no_nse_iv
2026-08-26T08:02:04.086310+00:00,2026-08-26T13:32:04.086310+05:30,NIFTY,29-Sep-2026,18000.0,PE,24265.2,1.55,4940,1.7,975,1.7,1.625,15373,-7,288,-24.444444444444443,35.96,-0.0024101307208440844,2.8155726289265533e-06,-0.28474222387174614,0.5566536552901201,-0.05654745639964757,0.0002882105427904802,11.817335882880863,-3.0991041324970934e-09,5.194207264725898e-05,-2.6331422849519836e-07,-0.06839720078360068,-29.764457526169586,0.0033581744917230293,5.1166943510804554e-06,0.09337506068271181,24438.4,0.07617066604699457,0.0115,index_dividend_yield,0.065,10.85,65,24341.95,24378.6,24253.6,24334.55,mid_price,ok
2026-08-26T08:02:04.086310+00:00,2026-08-26T13:32:04.086310+05:30,NIFTY,29-Sep-2026,19500.0,CE,24265.2,4891.05,65,4920.2,65,4905.25,4905.625,2161,0,7,-0.5353177942473615,0,,,,,,,,,,,,,,,0.09337506068271181,24438.4,0.07617066604699457,0.0115,index_dividend_yield,0.065,10.85,65,24341.95,24378.6,24253.6,24334.55,mid_price,no_nse_iv
2026-08-26T08:02:04.086310+00:00,2026-08-26T13:32:04.086310+05:30,NIFTY,29-Sep-2026,19500.0,PE,24265.2,4.5,130,4.55,65,4.55,4.525,13644,489,1097,-6.185567010309279,30.36,-0.007000410498963862,8.655866797542193e-06,-0.617674211873329,1.444810799992462,-0.15173015051373567,0.0006447384379761282,27.640561458907474,-9.82316133738882e-09,0.000137082910785961,-5.766409287531698e-07,-0.13864393265557906,-32.0774791792827,0.00898265964189032,1.3403218339209126e-05,0.09337506068271181,24438.4,0.07617066604699457,0.0115,index_dividend_yield,0.065,10.85,65,24341.95,24378.6,24253.6,24334.55,mid_price,ok
2026-08-26T08:02:04.086310+00:00,2026-08-26T13:32:04.086310+05:30,NIFTY,29-Sep-2026,21000.0,CE,24265.2,3402.65,65,3423.3,65,3442.65,3412.9750000000004,7693,-19,32,-0.4597302337684868,0,,,,,,,,,,,,,,,0.09337506068271181,24438.4,0.07617066604699457,0.0115,index_dividend_yield,0.065,10.85,65,24341.95,24378.6,24253.6,24334.55,mid_price,no_nse_iv
2026-08-26T08:02:04.086310+00:00,2026-08-26T13:32:04.086310+05:30,NIFTY,29-Sep-2026,21000.0,PE,24265.2,6.85,2665,6.95,3120,6.85,6.9,22856,-236,4593,-8.666666666666666,22.56,-0.013770537851460206,2.102893556607521e-05,-0.8128069825220212,2.6082849360376987,-0.3328022128164,0.0010261663555361997,54.37044004067592,-2.8629257106712798e-08,0.0003451402180320918,-1.0431038950926125e-06,-0.20590084121699048,-40.3933977778183,0.016305577104382653,2.8076725195350768e-05,0.09337506068271181,24438.4,0.07617066604699457,0.0115,index_dividend_yield,0.065,10.85,65,24341.95,24378.6,24253.6,24334.55,mid_price,ok
2026-08-26T08:02:04.086310+00:00,2026-08-26T13:32:04.086310+05:30,NIFTY,29-Sep-2026,21600.0,CE,24265.2,2790.75,65,2875.5,65,0.0,2833.125,694,0,0,0,0,,,,,,,,,,,,,,,0.09337506068271181,24438.4,0.07617066604699457,0.0115,index_dividend_yield,0.065,10.85,65,24341.95,24378.6,24253.6,24334.55,mid_price,no_nse_iv
2026-08-26T08:02:04.086310+00:00,2026-08-26T13:32:04.086310+05:30,NIFTY,29-Sep-2026,21600.0,PE,24265.2,8.1,650,8.3,520,8.3,8.2,2071,427,966,-11.229946524064172,19.43,-0.01904372310902925,3.2232455897203776e-05,-0.9119338941680895,3.4432205785056738,-0.4813513102877552,0.0012567809119493067,74.00404475552081,-4.7822087130856784e-08,0.0005268749457830456,-1.3358763867761785e-06,-0.24371774229238063,-45.23566137406509,0.021866441489070455,4.0677443007380444e-05,0.09337506068271181,24438.4,0.07617066604699457,0.0115,index_dividend_yield,0.065,10.85,65,24341.95,24378.6,24253.6,24334.55,mid_price,ok
2026-08-26T08:02:04.086310+00:00,2026-08-26T13:32:04.086310+05:30,NIFTY,29-Sep-2026,21650.0,CE,24265.2,2719.8,650,2828.2,65,0.0,2774.0,0,0,0,0,0,,,,,,,,,,,,,,,0.09337506068271181,24438.4,0.07617066604699457,0.0115,index_dividend_yield,0.065,10.85,65,24341.95,24378.6,24253.6,24334.55,mid_price,no_nse_iv
2026-08-26T08:02:04.086310+00:00,2026-08-26T13:32:04.086310+05:30,NIFTY,29-Sep-2026,21650.0,PE,24265.2,7.7,65,9,260,8.7,8.35,100,0,24,-13.432835820895523,19.26,-0.02006494644610167,3.399194612830597e-05,-0.9437525288762806,3.5994070264427824,-0.5023371173623007,0.0012977842515487122,76.42944397487916,-5.034814977833122e-08,0.0005452957885889607,-1.3660168669410306e-06,-0.25024237946797045,-45.342253533000594,0.022984657009847097,4.2700010211291225e-05,0.09337506068271181,24438.4,0.07617066604699457,0.0115,index_dividend_yield,0.065,10.85,65,24341.95,24378.6,24253.6,24334.55,mid_price,wide_quote_low_liquidity
2026-08-26T08:02:04.086310+00:00,2026-08-26T13:32:04.086310+05:30,NIFTY,29-Sep-2026,21700.0,CE,24265.2,2638.55,390,2780.8,65,0.0,2709.675,2,0,0,0,24.74,0.9421429843801079,6.217351969590835e-05,-5.9365628587313735,8.456755930874545,-0.6943666877435306,0.0023287494086204896,81.44194547196459,-5.61744275164692e-08,0.00034745691690469773,-1.0686251215857049e-06,-0.39344752376180026,8.416559079727001,-0.9283438063149997,7.774164690153734e-05,0.09337506068271181,24438.4,0.07617066604699457,0.0115,index_dividend_yield,0.065,10.85,65,24341.95,24378.6,24253.6,24334.55,mid_price,ok
2026-08-26T08:02:04.086310+00:00,2026-08-26T13:32:04.086310+05:30,NIFTY,29-Sep-2026,21700.0,PE,24265.2,8.4,130,9.15,1755,8.5,8.775,915,-7,66,-16.25615763546798,18.88,-0.02005802476811398,3.466596005208747e-05,-0.9234586407639628,3.598353862756835,-0.5126323431765331,0.001295900381556487,78.00122749598204,-5.235843607502386e-08,0.0005678435732844611,-1.391030558353822e-06,-0.24995400678540802,-46.275201161274225,0.022913813543855847,4.334624835546411e-05,0.09337506068271181,24438.4,0.07617066604699457,0.0115,index_dividend_yield,0.065,10.85,65,24341.95,24378.6,24253.6,24334.55,mid_price,ok
2026-08-26T08:02:04.086310+00:00,2026-08-26T13:32:04.086310+05:30,NIFTY,29-Sep-2026,21750.0,CE,24265.2,2622.7,650,2727.65,65,0.0,2675.175,0,0,0,0,0,,,,,,,,,,,,,,,0.09337506068271181,24438.4,0.07617066604699457,0.0115,index_dividend_yield,0.065,10.85,65,24341.95,24378.6,24253.6,24334.55,mid_price,no_nse_iv
2026-08-26T08:02:04.086310+00:00,2026-08-26T13:32:04.086310+05:30,NIFTY,29-Sep-2026,21750.0,PE,24265.2,7.8,65,9.7,260,8.6,8.75,114,-19,55,-15.270935960591133,18.6,-0.020571282605280492,3.594956066193434e-05,-0.9280830120590765,3.6762511976794254,-0.529052436298253,0.0013150691911425205,80.08923469818163,-5.481860266421779e-08,0.0005899096787130847,-1.4193399424315457e-06,-0.25299265368708657,-46.834218533636225,0.023440204142468907,4.474482513127806e-05,0.09337506068271181,24438.4,0.07617066604699457,0.0115,index_dividend_yield,0.065,10.85,65,24341.95,24378.6,24253.6,24334.55,mid_price,wide_quote_low_liquidity
2026-08-26T08:02:04.086310+00:00,2026-08-26T13:32:04.086310+05:30,NIFTY,29-Sep-2026,21800.0,CE,24265.2,2400.1,650,2677.4,65,0.0,2538.75,4,0,0,0,0,,,,,,,,,,,,,,,0.09337506068271181,24438.4,0.07617066604699457,0.0115,index_dividend_yield,0.065,10.85,65,24341.95,24378.6,24253.6,24334.55,mid_price,no_nse_iv
2026-08-26T08:02:04.086310+00:00,2026-08-26T13:32:04.086310+05:30,NIFTY,29-Sep-2026,21800.0,PE,24265.2,9.1,130,9.35,65,9.05,9.225,1385,29,212,-15.42056074766355,18.43,-0.02171080253023571,3.797418833206812e-05,-0.9611442757995391,3.8477999325159424,-0.5526690641183274,0.0013584947561457554,82.74394722283485,-5.77945053323621e-08,0.0006105662974384359,-1.4501407788741077e-06,-0.2598193418110104,-46.94731338589371,0.024680661299010764,4.704822715095887e-05,0.09337506068271181,24438.4,0.07617066604699457,0.0115,index_dividend_yield,0.065,10.85,65,24341.95,24378.6,24253.6,24334.55,mid_price,ok
2026-08-26T08:02:04.086310+00:00,2026-08-26T13:32:04.086310+05:30,NIFTY,29-Sep-2026,21850.0,CE,24265.2,2525.8,650,2627.25,65,0.0,2576.525,0,0,0,0,0,,,,,,,,,,,,,,,0.09337506068271181,24438.4,0.07617066604699457,0.0115,index_dividend_yield,0.065,10.85,65,24341.95,24378.6,24253.6,24334.55,mid_price,no_nse_iv
2026-08-26T08:02:04.086310+00:00,2026-08-26T13:32:04.086310+05:30,NIFTY,29-Sep-2026,21850.0,PE,24265.2,8.8,65,10,130,9.7,9.4,54,10,65,-0.5128205128205128,18.31,-0.023209909880267495,4.043698225054473e-05,-1.0087625132858258,4.070668431856383,-0.5802023392244473,0.0014139212457331164,85.65818606572928,-6.108854061242247e-08,0.0006300681209389898,-1.4803510027285567e-06,-0.2684416026893066,-46.85007741907168,0.026325596471945465,4.987048654092851e-05,0.09337506068271181,24438.4,0.07617066604699457,0.0115,index_dividend_yield,0.065,10.85,65,24341.95,24378.6,24253.6,24334.55,mid_price,ok
2026-08-26T08:02:04.086310+00:00,2026-08-26T13:32:04.086310+05:30,NIFTY,29-Sep-2026,21900.0,CE,24265.2,2257.1,65,2577.05,65,0.0,2417.075,10,0,0,0,0,,,,,,,,,,,,,,,0.09337506068271181,24438.4,0.07617066604699457,0.0115,index_dividend_yield,0.065,10.85,65,24341.95,24378.6,24253.6,24334.55,mid_price,no_nse_iv
2026-08-26T08:02:04.086310+00:00,2026-08-26T13:32:04.086310+05:30,NIFTY,29-Sep-2026,21900.0,PE,24265.2,9.5,9165,9.85,65,9.6,9.675,2269,63,348,-13.513513513513514,17.97,-0.023485870546520123,4.161392412894149e-05,-0.9982160218566082,4.11135895304866,-0.5958660241435331,0.0014220829527710963,87.74969781672404,-6.386896471287857e-08,0.0006566101647064245,-1.5091751369767208e-06,-0.26971578956201414,-47.679210783604645,0.02656812424892982,5.108791655183285e-05,0.09337506068271181,24438.4,0.07617066604699457,0.0115,index_dividend_yield,0.065,10.85,65,24341.95,24378.6,24253.6,24334.55,mid_price,ok
2026-08-26T08:02:04.086310+00:00,2026-08-26T13:32:04.086310+05:30,NIFTY,29-Sep-2026,21950.0,CE,24265.2,2202.25,715,2526.65,65,2607.4,2364.45,0,0,1,10.054026675671112,27.7,0.8998158303645191,8.48660941541116e-05,-8.003458080803037,12.924466685161047,-0.7559821622712404,0.0027987297046302424,72.08792980108036,-5.660418238446374e-08,0.00016698280099615534,-4.871176149543128e-07,-0.4533669622332504,8.658577872153153,-0.8798417080958596,0.00010371293296646458,0.09337506068271181,24438.4,0.07617066604699457,0.0115,index_dividend_yield,0.065,10.85,65,24341.95,24378.6,24253.6,24334.55,mid_price,ok
2026-08-26T08:02:04.086310+00:00,2026-08-26T13:32:04.086310+05:30,NIFTY,29-Sep-2026,21950.0,PE,24265.2,9.25,195,9.8,65,9.3,9.525,159,-23,159,-19.82758620689655,17.57,-0.023402627303765123,4.2434356892129294e-05,-0.9712812947542895,4.099095473079411,-0.6084704778984793,0.0014166928029166505,89.67367360658018,-6.662560047026173e-08,0.0006868068516764205,-1.5388136804821414e-06,-0.26890012475555514,-48.808220189090626,0.026401099813892423,5.185806717858972e-05,0.09337506068271181,24438.4,0.07617066604699457,0.0115,index_dividend_yield,0.065,10.85,65,24341.95,24378.6,24253.6,24334.55,mid_price,ok
2026-08-26T08:02:04.086310+00:00,2026-08-26T13:32:04.086310+05:30,NIFTY,29-Sep-2026,22000.0,CE,24265.2,2415.1,65,2427,65,2415,2421.05,11705,182,332,-2.1058391941466184,0,,,,,,,,,,,,,,,0.09337506068271181,24438.4,0.07617066604699457,0.0115,index_dividend_yield,0.065,10.85,65,24341.95,24378.6,24253.6,24334.55,mid_price,no_nse_iv
2026-08-26T08:02:04.086310+00:00,2026-08-26T13:32:04.086310+05:30,NIFTY,29-Sep-2026,22000.0,PE,24265.2,10.1,1560,10.2,1950,10.15,10.149999999999999,32385,815,6350,-14.705882352941176,17.49,-0.02533067674441012,4.555811366154804e-05,-1.0317129028852674,4.380807709871368,-0.6419518072147585,0.0014842943740272264,93.00276203697865,-7.064785745055317e-08,0.0007067110974382602,-1.5678737248356597e-06,-0.27928176469156085,-48.520625385740345,0.02851462850809691,5.5422756574859435e-05,0.09337506068271181,24438.4,0.07617066604699457,0.0115,index_dividend_yield,0.065,10.85,65,24341.95,24378.6,24253.6,24334.55,mid_price,ok
2026-08-26T08:02:04.086310+00:00,2026-08-26T13:32:04.086310+05:30,NIFTY,29-Sep-2026,22050.0,CE,24265.2,2331.75,650,2426.25,65,0.0,2379.0,0,0,0,0,0,,,,,,,,,,,,,,,0.09337506068271181,24438.4,0.07617066604699457,0.0115,index_dividend_yield,0.065,10.85,65,24341.95,24378.6,24253.6,24334.55,mid_price,no_nse_iv
2026-08-26T08:02:04.086310+00:00,2026-08-26T13:32:04.086310+05:30,NIFTY,29-Sep-2026,22050.0,PE,24265.2,9.65,520,11.35,650,10.55,10.5,80,2,55,-10.970464135021096,17.28,-0.02652907346416147,4.7929896936505084e-05,-1.057649751442241,4.553537115268703,-0.6685299641952802,0.00152342552385459,95.86722639685385,-7.445296343269141e-08,0.0007317267065121731,-1.5962703077265292e-06,-0.28523643400413423,-48.81462816715511,0.02979231637334777,5.8043963186056236e-05,0.09337506068271181,24438.4,0.07617066604699457,0.0115,index_dividend_yield,0.065,10.85,65,24341.95,24378.6,24253.6,24334.55,mid_price,wide_quote_low_liquidity
2026-08-26T08:02:04.086310+00:00,2026-08-26T13:32:04.086310+05:30,NIFTY,29-Sep-2026,22100.0,CE,24265.2,2283.5,650,2376.2,65,0.0,2329.85,1,0,0,0,13.31,0.991615473759502,2.0515395611681468e-05,-3.414815752320305,1.5012623709440467,-0.3651604970577038,0.0006712510030619789,66.094423789137,-5.203531077260682e-08,0.0007490428847644795,-1.281517947803638e-06,-0.13782559509786485,10.57528444474994,-0.9858129598670978,2.4732219900117466e-05,0.09337506068271181,24438.4,0.07617066604699457,0.0115,index_dividend_yield,0.065,10.85,65,24341.95,24378.6,24253.6,24334.55,mid_price,ok
2026-08-26T08:02:04.086310+00:00,2026-08-26T13:32:04.086310+05:30,NIFTY,29-Sep-2026,22100.0,PE,24265.2,10.4,325,10.65,325,10.5,10.525,782,33,525,-12.133891213389122,16.95,-0.02696784454428492,4.9536987274346255e-05,-1.0496638938028497,4.616341622038341,-0.6887089037548068,0.0015355123395054127,98.3985284591209,-7.812825775619347e-08,0.0007636555471859243,-1.627389110837074e-06,-0.2870826458225171,-49.671247880379944,0.03020607987988206,5.9719036651715614e-05,0.09337506068271181,24438.4,0.07617066604699457,0.0115,index_dividend_yield,0.065,10.85,65,24341.95,24378.6,24253.6,24334.55,mid_price,ok
2026-08-26T08:02:04.086310+00:00,2026-08-26T13:32:04.086310+05:30,NIFTY,29-Sep-2026,22150.0,CE,24265.2,2234.95,650,2325.9,65,0.0,2280.425,0,0,0,0,0,,,,,,,,,,,,,,,0.09337506068271181,24438.4,0.07617066604699457,0.0115,index_dividend_yield,0.065,10.85,65,24341.95,24378.6,24253.6,24334.55,mid_price,no_nse_iv
2026-08-26T08:02:04.086310+00:00,2026-08-26T13:32:04.086310+05:30,NIFTY,29-Sep-2026,22150.0,PE,24265.2,10.4,390,11,845,11,10.7,383,5,60,-7.172995780590718,16.76,-0.02842314575227419,5.2341580753813196e-05,-1.0823230145655782,4.823024814031836,-0.7190516220199564,0.0015809059380135074,101.51467613202713,-8.248845778020052e-08,0.0007893989560760767,-1.6542212967827867e-06,-0.29391832199134793,-49.88216554617582,0.03176161477563067,6.281554380072215e-05,0.09337506068271181,24438.4,0.07617066604699457,0.0115,index_dividend_yield,0.065,10.85,65,24341.95,24378.6,24253.6,24334.55,mid_price,ok
2026-08-26T08:02:04.086310+00:00,2026-08-26T13:32:04.086310+05:30,NIFTY,29-Sep-2026,22200.0,CE,24265.2,2148.85,780,2275.65,65,2313.6,2212.25,2,0,2,-0.002161087459209474,21.31,0.9289330169644643,8.494778406199676e-05,-6.019373715385887,9.95254503978376,-0.8882044430354452,0.0025039725122395495,97.16034812854168,-8.277725501479339e-08,0.00043068018556924635,-1.0618947991786226e-06,-0.4163936661167184,10.136602569679527,-0.9151823057883116,0.00010148780415084915,0.09337506068271181,24438.4,0.07617066604699457,0.0115,index_dividend_yield,0.065,10.85,65,24341.95,24378.6,24253.6,24334.55,mid_price,ok
2026-08-26T08:02:04.086310+00:00,2026-08-26T13:32:04.086310+05:30,NIFTY,29-Sep-2026,22200.0,PE,24265.2,10.85,195,10.95,195,10.8,10.899999999999999,1745,40,623,-13.6,16.39,-0.02863070268353346,5.3848091682846296e-05,-1.0624801889410087,4.852303063809014,-0.7389275762561508,0.0015843062740359436,104.14641770744115,-8.659029943806577e-08,0.0008272348506875565,-1.6879774473170612e-06,-0.2944539421960384,-50.97714988515859,0.031908017310180524,6.43327503236253e-05,0.09337506068271181,24438.4,0.07617066604699457,0.0115,index_dividend_yield,0.065,10.85,65,24341.95,24378.6,24253.6,24334.55,mid_price,ok
2026-08-26T08:02:04.086310+00:00,2026-08-26T13:32:04.086310+05:30,NIFTY,29-Sep-2026,22250.0,CE,24265.2,2138.25,650,2225.65,65,0.0,2181.95,0,0,0,0,0,,,,,,,,,,,,,,,0.09337506068271181,24438.4,0.07617066604699457,0.0115,index_dividend_yield,0.065,10.85,65,24341.95,24378.6,24253.6,24334.55,mid_price,no_nse_iv
2026-08-26T08:02:04.086310+00:00,2026-08-26T13:32:04.086310+05:30,NIFTY,29-Sep-2026,22250.0,PE,24265.2,10.9,780,11.3,130,11.15,11.100000000000001,278,-16,73,-5.1063829787234045,16.16,-0.029911145215071537,5.663542431013724e-05,-1.0840332203219736,5.031855518275459,-0.7694031049072618,0.0016216752614579867,107.3457342386952,-9.141705419358392e-08,0.0008577723397244378,-1.7156261793782325e-06,-0.3000432932887982,-51.400454098211625,0.03325485020910267,6.735903836026752e-05,0.09337506068271181,24438.4,0.07617066604699457,0.0115,index_dividend_yield,0.065,10.85,65,24341.95,24378.6,24253.6,24334.55,mid_price,ok
2026-08-26T08:02:04.086310+00:00,2026-08-26T13:32:04.086310+05:30,NIFTY,29-Sep-2026,22300.0,CE,24265.2,1910.05,845,2175.55,65,0.0,2042.8000000000002,27,0,0,0,0,,,,,,,,,,,,,,,0.09337506068271181,24438.4,0.07617066604699457,0.0115,index_dividend_yield,0.065,10.85,65,24341.95,24378.6,24253.6,24334.55,mid_price,no_nse_iv
2026-08-26T08:02:04.086310+00:00,2026-08-26T13:32:04.086310+05:30,NIFTY,29-Sep-2026,22300.0,PE,24265.2,11.45,520,11.6,260,11.5,11.524999999999999,2504,110,1423,-12.213740458015268,15.92,-0.031189643314029562,5.9517080704615475e-05,-1.1031401778388858,5.209347537034201,-0.8007034841851745,0.001657405608319968,110.61358019762757,-9.653564823706743e-08,0.0008899408384293718,-1.7426920711039208e-06,-0.3053554533798364,-51.8812974409399,0.03459239999129125,7.046924936069436e-05,0.09337506068271181,24438.4,0.07617066604699457,0.0115,index_dividend_yield,0.065,10.85,65,24341.95,24378.6,24253.6,24334.55,mid_price,ok
2026-08-26T08:02:04.086310+00:00,2026-08-26T13:32:04.086310+05:30,NIFTY,29-Sep-2026,22350.0,CE,24265.2,2041.6,650,2168.2,1690,0.0,2104.8999999999996,3,0,0,0,13.73,0.981067510813224,4.3186211092152346e-05,-3.784290747989743,3.259975138323453,-0.6588857928876424,0.0012044545943725726,102.57774577491551,-9.123487831744058e-08,0.001044357713515854,-1.7856086759110419e-06,-0.2304266019222272,11.720794311411776,-0.9742606473213965,5.090469020502217e-05,0.09337506068271181,24438.4,0.07617066604699457,0.0115,index_dividend_yield,0.065,10.85,65,24341.95,24378.6,24253.6,24334.55,mid_price,ok
2026-08-26T08:02:04.086310+00:00,2026-08-26T13:32:04.086310+05:30,NIFTY,29-Sep-2026,22350.0,PE,24265.2,11.5,520,12.2,65,11.4,11.85,191,-33,71,-9.163346613545817,15.57,-0.03163298966704895,6.156924080783023e-05,-1.0887981178601704,5.270490787689917,-0.8259346523015552,0.0016666177190685742,113.7149542017748,-1.0171744459085037e-07,0.0009329980256764051,-1.7771947130284968e-06,-0.3067492691469518,-52.961364938773656,0.034992127198885434,7.257323692493449e-05,0.09337506068271181,24438.4,0.07617066604699457,0.0115,index_dividend_yield,0.065,10.85,65,24341.95,24378.6,24253.6,24334.55,mid_price,ok
2026-08-26T08:02:04.086310+00:00,2026-08-26T13:32:04.086310+05:30,NIFTY,29-Sep-2026,22400.0,CE,24265.2,1993.3,65,2119.6,1690,0.0,2056.45,3,0,0,0,13.53,0.9800025861223892,4.6040765357675395e-05,-3.8124494039528667,3.4248296810750487,-0.6945781866057321,0.001245788631344058,106.91772735793047,-9.757220011471251e-08,0.0010970447237091583,-1.8373992204538169e-06,-0.23715160648761954,11.99965416127101,-0.9731356433218104,5.402742240837867e-05,0.09337506068271181,24438.4,0.07617066604699457,0.0115,index_dividend_yield,0.065,10.85,65,24341.95,24378.6,24253.6,24334.55,mid_price,ok
2026-08-26T08:02:04.086310+00:00,2026-08-26T13:32:04.086310+05:30,NIFTY,29-Sep-2026,22400.0,PE,24265.2,12.3,260,12.45,325,12.25,12.375,1170,155,1315,-13.732394366197184,15.44,-0.03398578852958445,6.587033261225031e-05,-1.1429158912039319,5.59159618551558,-0.8681349654096199,0.0017310919406335057,117.45716964258035,-1.0784168707571161e-07,0.000957085159683834,-1.7926392669458424e-06,-0.31621023846831076,-52.86614874351773,0.0375121071370714,7.729680982875248e-05,0.09337506068271181,24438.4,0.07617066604699457,0.0115,index_dividend_yield,0.065,10.85,65,24341.95,24378.6,24253.6,24334.55,mid_price,ok
2026-08-26T08:02:04.086310+00:00,2026-08-26T13:32:04.086310+05:30,NIFTY,29-Sep-2026,22450.0,CE,24265.2,1945.35,65,2070.1,1690,0.0,2007.725,1,0,0,0,0,,,,,,,,,,,,,,,0.09337506068271181,24438.4,0.07617066604699457,0.0115,index_dividend_yield,0.065,10.85,65,24341.95,24378.6,24253.6,24334.55,mid_price,no_nse_iv
2026-08-26T08:02:04.086310+00:00,2026-08-26T13:32:04.086310+05:30,NIFTY,29-Sep-2026,22450.0,PE,24265.2,12.55,260,12.6,130,12.6,12.575,336,162,271,-13.402061855670103,15.19,-0.0354260440093295,6.927569978104086e-05,-1.1603980943421193,5.785452640885856,-0.9037638014452245,0.001766499773923097,121.01967201029362,-1.1406760031000103e-07,0.0009930802410613628,-1.8159957848449982e-06,-0.32138401178551224,-53.42597666155318,0.039007125598959184,8.093120024965075e-05,0.09337506068271181,24438.4,0.07617066604699457,0.0115,index_dividend_yield,0.065,10.85,65,24341.95,24378.6,24253.6,24334.55,mid_price,ok
2026-08-26T08:02:04.086310+00:00,2026-08-26T13:32:04.086310+05:30,NIFTY,29-Sep-2026,22500.0,CE,24265.2,1930.05,65,1936.95,130,1930,1933.5,8246,-39,380,-1.9408596687328523,0,,,,,,,,,,,,,,,0.09337506068271181,24438.4,0.07617066604699457,0.0115,index_dividend_yield,0.065,10.85,65,24341.95,24378.6,24253.6,24334.55,mid_price,no_nse_iv
2026-08-26T08:02:04.086310+00:00,2026-08-26T13:32:04.086310+05:30,NIFTY,29-Sep-2026,22500.0,PE,24265.2,13,520,13.1,1365,13,13.05,31553,161,7287,-12.162162162162161,14.94,-0.03695689404710476,7.291719132439263e-05,-1.1783304113542796,5.989342885714962,-0.9412579485815025,0.0018025403843530893,124.69479563161778,-1.2073705891461935e-07,0.001030070996248521,-1.8373363249374124e-06,-0.32662239687185757,-53.996273546099154,0.04059441587443741,8.48071846388797e-05,0.09337506068271181,24438.4,0.07617066604699457,0.0115,index_dividend_yield,0.065,10.85,65,24341.95,24378.6,24253.6,24334.55,mid_price,ok
2026-08-26T08:02:04.086310+00:00,2026-08-26T13:32:04.086310+05:30,NIFTY,29-Sep-2026,22550.0,CE,24265.2,1848.85,65,1957.8,780,0.0,1903.3249999999998,2,0,0,0,0,,,,,,,,,,,,,,,0.09337506068271181,24438.4,0.07617066604699457,0.0115,index_dividend_yield,0.065,10.85,65,24341.95,24378.6,24253.6,24334.55,mid_price,no_nse_iv
2026-08-26T08:02:04.086310+00:00,2026-08-26T13:32:04.086310+05:30,NIFTY,29-Sep-2026,22550.0,PE,24265.2,13.4,65,13.5,1300,13.1,13.45,248,101,187,-15.755627009646302,14.64,-0.03809646225129005,7.627965444659637e-05,-1.1801718367727587,6.139718240034173,-0.9772991723127136,0.0018265353729072784,128.45982473013518,-1.2783776221761165e-07,0.0010749925043996129,-1.8636167490930996e-06,-0.3301188490164346,-54.87178708510576,0.04174124848473511,8.832494486833585e-05,0.09337506068271181,24438.4,0.07617066604699457,0.0115,index_dividend_yield,0.065,10.85,65,24341.95,24378.6,24253.6,24334.55,mid_price,ok
2026-08-26T08:02:04.086310+00:00,2026-08-26T13:32:04.086310+05:30,NIFTY,29-Sep-2026,22600.0,CE,24265.2,1803.2,715,1847.7,65,1900,1825.45,13,0,1,9.655451030184105,16.26,0.9391643935055272,9.847470458512628e-05,-5.118377822561968,8.803267027803942,-1.0999994285398884,0.0023033838478895285,126.93155527194833,-1.3110769197680954e-07,0.0008142989179686679,-1.4875231359479803e-06,-0.3912407547534115,12.607869018419311,-0.9283844668839731,0.00011352083027039455,0.09337506068271181,24438.4,0.07617066604699457,0.0115,index_dividend_yield,0.065,10.85,65,24341.95,24378.6,24253.6,24334.55,mid_price,ok
2026-08-26T08:02:04.086310+00:00,2026-08-26T13:32:04.086310+05:30,NIFTY,29-Sep-2026,22600.0,PE,24265.2,13.85,130,13.9,260,13.85,13.875,4682,160,1501,-12.618296529968454,14.45,-0.040424070099278814,8.110368577629782e-05,-1.218961914331218,6.443281207426066,-1.022955556016055,0.001878860303452176,132.38028203782238,-1.3555904504186263e-07,0.001105096866291183,-1.870505328946135e-06,-0.337625161307173,-55.10867394144015,0.044190154335170574,9.349566252677185e-05,0.09337506068271181,24438.4,0.07617066604699457,0.0115,index_dividend_yield,0.065,10.85,65,24341.95,24378.6,24253.6,24334.55,mid_price,ok
2026-08-26T08:02:04.086310+00:00,2026-08-26T13:32:04.086310+05:30,NIFTY,29-Sep-2026,22650.0,CE,24265.2,1752.25,65,1870.1,1690,0.0,1811.175,5,0,0,0,0,,,,,,,,,,,,,,,0.09337506068271181,24438.4,0.07617066604699457,0.0115,index_dividend_yield,0.065,10.85,65,24341.95,24378.6,24253.6,24334.55,mid_price,no_nse_iv
2026-08-26T08:02:04.086310+00:00,2026-08-26T13:32:04.086310+05:30,NIFTY,29-Sep-2026,22650.0,PE,24265.2,14.35,260,14.45,845,14.4,14.399999999999999,271,66,139,-15.044247787610619,14.22,-0.04249380003146491,8.581838241440582e-05,-1.2452257428891902,6.709320961313304,-1.0680179626788855,0.0019215270700499857,136.36376665198614,-1.4377547200702108e-07,0.0011407742951086131,-1.8789091746156637e-06,-0.3437219259727362,-55.58659338855622,0.04634306238925125,9.849442791995768e-05,0.09337506068271181,24438.4,0.07617066604699457,0.0115,index_dividend_yield,0.065,10.85,65,24341.95,24378.6,24253.6,24334.55,mid_price,ok
2026-08-26T08:02:04.086310+00:00,2026-08-26T13:32:04.086310+05:30,NIFTY,29-Sep-2026,22700.0,CE,24265.2,1724.4,65,1748.75,65,1761,1736.575,19,1,4,0.6285714285714286,0,,,,,,,,,,,,,,,0.09337506068271181,24438.4,0.07617066604699457,0.0115,index_dividend_yield,0.065,10.85,65,24341.95,24378.6,24253.6,24334.55,mid_price,no_nse_iv
2026-08-26T08:02:04.086310+00:00,2026-08-26T13:32:04.086310+05:30,NIFTY,29-Sep-2026,22700.0,PE,24265.2,14.95,780,15.1,585,15.1,15.024999999999999,5417,-13,3264,-13.714285714285714,14.01,-0.0449320738723011,9.111530098384622e-05,-1.2792092711867173,7.018238083596946,-1.116575053338821,0.0019695200333632937,140.3827187975355,-1.52537054336024e-07,0.0011722490323407982,-1.877818161507926e-06,-0.3505316399429974,-55.94428889172505,0.04888874606682277,0.00010411357281526423,0.09337506068271181,24438.4,0.07617066604699457,0.0115,index_dividend_yield,0.065,10.85,65,24341.95,24378.6,24253.6,24334.55,mid_price,ok
2026-08-26T08:02:04.086310+00:00,2026-08-26T13:32:04.086310+05:30,NIFTY,29-Sep-2026,22750.0,CE,24265.2,1656.45,65,1771.8,1690,0.0,1714.125,4,0,0,0,0,,,,,,,,,,,,,,,0.09337506068271181,24438.4,0.07617066604699457,0.0115,index_dividend_yield,0.065,10.85,65,24341.95,24378.6,24253.6,24334.55,mid_price,no_nse_iv
2026-08-26T08:02:04.086310+00:00,2026-08-26T13:32:04.086310+05:30,NIFTY,29-Sep-2026,22750.0,PE,24265.2,15.55,130,15.8,1040,15.2,15.675,425,36,248,-18.059299191374663,13.69,-0.04626819292992251,9.54677397477602e-05,-1.2750716272542657,7.185528829500453,-1.1607276949911898,0.001990265782679329,144.73335298981382,-1.6213546942697758e-07,0.0012256675425581728,-1.8963899398770562e-06,-0.35353384140601024,-57.00850644221035,0.050215412278173256,0.00010860794315667357,0.09337506068271181,24438.4,0.07617066604699457,0.0115,index_dividend_yield,0.065,10.85,65,24341.95,24378.6,24253.6,24334.55,mid_price,ok
2026-08-26T08:02:04.086310+00:00,2026-08-26T13:32:04.086310+05:30,NIFTY,29-Sep-2026,22800.0,CE,24265.2,1623.9,65,1645.8,65,1655.5,1634.85,40,2,4,7.058557247712355,0,,,,,,,,,,,,,,,0.09337506068271181,24438.4,0.07617066604699457,0.0115,index_dividend_yield,0.065,10.85,65,24341.95,24378.6,24253.6,24334.55,mid_price,no_nse_iv
2026-08-26T08:02:04.086310+00:00,2026-08-26T13:32:04.086310+05:30,NIFTY,29-Sep-2026,22800.0,PE,24265.2,16.1,650,16.2,260,16.05,16.15,9300,92,5892,-16.18798955613577,13.49,-0.049141845407519494,0.00010167247050024907,-1.3138680439692667,7.5407401180004605,-1.2148098656495459,0.002041094448141552,148.87027376189187,-1.7218419814549695e-07,0.0012536309431420486,-1.8806042997473972e-06,-0.3606992820362454,-57.3116625558658,0.05321240728660922,0.00011515994078795993,0.09337506068271181,24438.4,0.07617066604699457,0.0115,index_dividend_yield,0.065,10.85,65,24341.95,24378.6,24253.6,24334.55,mid_price,ok
2026-08-26T08:02:04.086310+00:00,2026-08-26T13:32:04.086310+05:30,NIFTY,29-Sep-2026,22850.0,CE,24265.2,1560.85,65,1626.7,65,0.0,1593.775,5,0,0,0,0,,,,,,,,,,,,,,,0.09337506068271181,24438.4,0.07617066604699457,0.0115,index_dividend_yield,0.065,10.85,65,24341.95,24378.6,24253.6,24334.55,mid_price,no_nse_iv
2026-08-26T08:02:04.086310+00:00,2026-08-26T13:32:04.086310+05:30,NIFTY,29-Sep-2026,22850.0,PE,24265.2,17.1,65,17.3,1170,17.3,17.200000000000003,673,71,273,-13.5,13.35,-0.05299927234818096,0.00010910670933690483,-1.37590287490837,8.008134724386133,-1.274216192142602,0.0021059434558074255,152.67403728101314,-1.8254853372350667e-07,0.0012629237992708674,-1.836841132286002e-06,-0.3697526203637631,-57.21133152121941,0.05726549982916506,0.00012304013509008112,0.09337506068271181,24438.4,0.07617066604699457,0.0115,index_dividend_yield,0.065,10.85,65,24341.95,24378.6,24253.6,24334.55,mid_price,ok
2026-08-26T08:02:04.086310+00:00,2026-08-26T13:32:04.086310+05:30,NIFTY,29-Sep-2026,22900.0,CE,24265.2,1520.5,65,1559.05,65,0.0,1539.775,62,0,0,0,0,,,,,,,,,,,,,,,0.09337506068271181,24438.4,0.07617066604699457,0.0115,index_dividend_yield,0.065,10.85,65,24341.95,24378.6,24253.6,24334.55,mid_price,no_nse_iv
2026-08-26T08:02:04.086310+00:00,2026-08-26T13:32:04.086310+05:30,NIFTY,29-Sep-2026,22900.0,PE,24265.2,18.15,195,18.25,325,18.05,18.2,5146,65,2275,-13.636363636363637,13.11,-0.055835322706076995,0.00011578075600121194,-1.4022781455803817,8.345218655202366,-1.3307096438873594,0.0021459200120571634,156.90544133640572,-1.9406202215095478e-07,0.0012938516953669653,-1.811492553508383e-06,-0.3753917589398323,-57.77097599366009,0.06018809832188253,0.00012999695114370945,0.09337506068271181,24438.4,0.07617066604699457,0.0115,index_dividend_yield,0.065,10.85,65,24341.95,24378.6,24253.6,24334.55,mid_price,ok
2026-08-26T08:02:04.086310+00:00,2026-08-26T13:32:04.086310+05:30,NIFTY,29-Sep-2026,22950.0,CE,24265.2,1476.15,195,1508.1,195,1570.15,1492.125,5,0,1,7.988308115543329,15.45,0.9038907570188991,0.00014753826992411467,-5.79185359130033,12.532329873706756,-1.3811612864267908,0.0026344243112377264,134.1357186841945,-1.7441380652581794e-07,0.0006242583791534807,-8.10606661220324e-07,-0.43653353739196105,14.818991980741036,-0.8911992915015606,0.0001649328096165855,0.09337506068271181,24438.4,0.07617066604699457,0.0115,index_dividend_yield,0.065,10.85,65,24341.95,24378.6,24253.6,24334.55,mid_price,ok
2026-08-26T08:02:04.086310+00:00,2026-08-26T13:32:04.086310+05:30,NIFTY,29-Sep-2026,22950.0,PE,24265.2,19.1,845,19.2,260,19.1,19.15,528,78,547,-12.984054669703873,12.91,-0.05944275682858838,0.00012350773012050414,-1.4444759074169804,8.766354519210367,-1.3914462856934628,0.002194326905425349,160.84135034478385,-2.0604529927012528e-07,0.0013095062566783671,-1.7611948978535515e-06,-0.3821859521680917,-58.05964102029954,0.06393174886923401,0.00013806910538275354,0.09337506068271181,24438.4,0.07617066604699457,0.0115,index_dividend_yield,0.065,10.85,65,24341.95,24378.6,24253.6,24334.55,mid_price,ok
2026-08-26T08:02:04.086310+00:00,2026-08-26T13:32:04.086310+05:30,NIFTY,29-Sep-2026,23000.0,CE,24265.2,1441.25,65,1447.95,65,1441,1444.6,6524,-142,578,-3.689346344071648,0,,,,,,,,,,,,,,,0.09337506068271181,24438.4,0.07617066604699457,0.0115,index_dividend_yield,0.065,10.85,65,24341.95,24378.6,24253.6,24334.55,mid_price,no_nse_iv
2026-08-26T08:02:04.086310+00:00,2026-08-26T13:32:04.086310+05:30,NIFTY,29-Sep-2026,23000.0,PE,24265.2,20.5,1170,20.65,1235,20.5,20.575,63386,1122.8461538461538,18923,-12.951167728237792,12.73,-0.06362711358326366,0.00013208783989504175,-1.4954666657577476,9.24463756078179,-1.4549049162698064,0.002245461897384421,164.4598965392685,-2.1850420555431462e-07,0.00131233480503102,-1.6882574054945308e-06,-0.38937125453120025,-58.20289715365249,0.06828048829403906,0.00014701949153388125,0.09337506068271181,24438.4,0.07617066604699457,0.0115,index_dividend_yield,0.065,10.85,65,24341.95,24378.6,24253.6,24334.55,mid_price,ok
2026-08-26T08:02:04.086310+00:00,2026-08-26T13:32:04.086310+05:30,NIFTY,29-Sep-2026,23050.0,CE,24265.2,1189.1,1755,1428.6,195,0.0,1308.85,8,0,0,0,0,,,,,,,,,,,,,,,0.09337506068271181,24438.4,0.07617066604699457,0.0115,index_dividend_yield,0.065,10.85,65,24341.95,24378.6,24253.6,24334.55,mid_price,no_nse_iv
2026-08-26T08:02:04.086310+00:00,2026-08-26T13:32:04.086310+05:30,NIFTY,29-Sep-2026,23050.0,PE,24265.2,21.8,130,21.95,65,21.5,21.875,588,57,764,-13.131313131313131,12.52,-0.06769382891744538,0.00014091127736449408,-1.53579377980813,9.699486171714756,-1.519500523674562,0.00228778927826713,168.1749135936128,-2.3200535970404534e-07,0.0013178548939760321,-1.6106081544497118e-06,-0.39542280849639333,-58.548193744244266,0.07247982171352202,0.00015616066251329975,0.09337506068271181,24438.4,0.07617066604699457,0.0115,index_dividend_yield,0.065,10.85,65,24341.95,24378.6,24253.6,24334.55,mid_price,ok
2026-08-26T08:02:04.086310+00:00,2026-08-26T13:32:04.086310+05:30,NIFTY,29-Sep-2026,23100.0,CE,24265.2,1339.2,65,1354.15,65,1358.25,1346.6750000000002,67,0,1,7.840412862246923,0,,,,,,,,,,,,,,,0.09337506068271181,24438.4,0.07617066604699457,0.0115,index_dividend_yield,0.065,10.85,65,24341.95,24378.6,24253.6,24334.55,mid_price,no_nse_iv
2026-08-26T08:02:04.086310+00:00,2026-08-26T13:32:04.086310+05:30,NIFTY,29-Sep-2026,23100.0,PE,24265.2,23.5,455,23.65,715,23.4,23.575,8200,-14,8312,-10.687022900763358,12.39,-0.07335802762861225,0.0001514618722361015,-1.609039782336425,10.317471426082648,-1.5865889817377812,0.002343066344431863,170.6630212705731,-2.449143190747955e-07,0.0012830648019599214,-1.4770767724297757e-06,-0.4033080814066796,-58.31552483694626,0.0783797240618914,0.0001671271901347536,0.09337506068271181,24438.4,0.07617066604699457,0.0115,index_dividend_yield,0.065,10.85,65,24341.95,24378.6,24253.6,24334.55,mid_price,ok
2026-08-26T08:02:04.086310+00:00,2026-08-26T13:32:04.086310+05:30,NIFTY,29-Sep-2026,23150.0,CE,24265.2,1286.55,195,1328.1,195,1373.85,1307.3249999999998,7,2,10,-16.373984234714065,14.02,0.8908559065929909,0.00017854149334705708,-5.770390533809398,13.762135328320014,-1.5798346117558704,0.0026426619919461825,144.8173661169312,-2.1903104962744378e-07,0.0006053981802783934,-4.846234414510563e-07,-0.44112093164964605,16.831712843375534,-0.8782940374529429,0.0001961575021957948,0.09337506068271181,24438.4,0.07617066604699457,0.0115,index_dividend_yield,0.065,10.85,65,24341.95,24378.6,24253.6,24334.55,mid_price,ok
2026-08-26T08:02:04.086310+00:00,2026-08-26T13:32:04.086310+05:30,NIFTY,29-Sep-2026,23150.0,PE,24265.2,24.9,2015,25.35,65,25.2,25.125,539,59,443,-9.838998211091234,12.23,-0.078994146361325,0.00016233603780559786,-1.6716372610391261,10.915409829243485,-1.6537040464400174,0.002387403403688773,173.05529550352628,-2.587011968882365e-07,0.0012465264702811966,-1.333107265276992e-06,-0.4098729149217295,-58.280591520684126,0.08422021925514318,0.00017835311610399425,0.09337506068271181,24438.4,0.07617066604699457,0.0115,index_dividend_yield,0.065,10.85,65,24341.95,24378.6,24253.6,24334.55,mid_price,ok
2026-08-26T08:02:04.086310+00:00,2026-08-26T13:32:04.086310+05:30,NIFTY,29-Sep-2026,23200.0,CE,24265.2,1242.55,130,1255.85,65,1242.55,1249.1999999999998,368,3,6,-4.58437320023037,0,,,,,,,,,,,,,,,0.09337506068271181,24438.4,0.07617066604699457,0.0115,index_dividend_yield,0.065,10.85,65,24341.95,24378.6,24253.6,24334.55,mid_price,no_nse_iv
2026-08-26T08:02:04.086310+00:00,2026-08-26T13:32:04.086310+05:30,NIFTY,29-Sep-2026,23200.0,PE,24265.2,26.9,2210,27.1,585,27.1,27.0,11087,1033,8966,-10.855263157894736,12.06,-0.08492184937973613,0.00017384862630056395,-1.7311051990676816,11.527024565654445,-1.721161110004879,0.0024243895999765813,175.11548858106264,-2.731346940300286e-07,0.0011997197291871507,-1.1686141639621862e-06,-0.41566645969514576,-58.3020756921357,0.09034439451749304,0.00019017921220491,0.09337506068271181,24438.4,0.07617066604699457,0.0115,index_dividend_yield,0.065,10.85,65,24341.95,24378.6,24253.6,24334.55,mid_price,ok
2026-08-26T08:02:04.086310+00:00,2026-08-26T13:32:04.086310+05:30,NIFTY,29-Sep-2026,23250.0,CE,24265.2,1183.5,780,1242.3,65,1306.9,1212.9,5,-1,3,-16.502683363148478,15.48,0.8482307746276098,0.000203687904781046,-6.7362377106789735,17.335439024085716,-1.4883416330597754,0.0026825136069519306,113.97604891202917,-1.9102136852324358e-07,2.3438628340147682e-05,6.049052981132715e-07,-0.4571417237342778,16.850244097794988,-0.8327309403918727,0.0002218641217042654,0.09337506068271181,24438.4,0.07617066604699457,0.0115,index_dividend_yield,0.065,10.85,65,24341.95,24378.6,24253.6,24334.55,mid_price,ok
2026-08-26T08:02:04.086310+00:00,2026-08-26T13:32:04.086310+05:30,NIFTY,29-Sep-2026,23250.0,PE,24265.2,29.5,585,29.85,325,29.75,29.675,849,7,555,-9.436834094368342,11.95,-0.0924106924758639,0.00018684647854787316,-1.8165407665121782,12.275847086591323,-1.7856710508995441,0.002463255204926129,175.5008587939617,-2.862362749536597e-07,0.0011078682540797459,-9.424570666461469e-07,-0.422073751085966,-57.87585484065479,0.09811218546214481,0.00020351984032198793,0.09337506068271181,24438.4,0.07617066604699457,0.0115,index_dividend_yield,0.065,10.85,65,24341.95,24378.6,24253.6,24334.55,mid_price,ok
2026-08-26T08:02:04.086310+00:00,2026-08-26T13:32:04.086310+05:30,NIFTY,29-Sep-2026,23300.0,CE,24265.2,1151.1,130,1163.3,130,1185.15,1157.1999999999998,149,3,17,-0.05060088551549652,7.97,0.9691726084692638,0.00011433401617842238,-3.839243499549146,5.0099388846989115,-1.5762338541689958,0.0014671275561118913,220.17986108758114,-3.71083785859945e-07,0.0035906326254005424,-2.899281744029989e-06,-0.27401486891896276,21.634783215669934,-0.9626678061857377,0.00012400276454048036,0.09337506068271181,24438.4,0.07617066604699457,0.0115,index_dividend_yield,0.065,10.85,65,24341.95,24378.6,24253.6,24334.55,mid_price,ok
2026-08-26T08:02:04.086310+00:00,2026-08-26T13:32:04.086310+05:30,NIFTY,29-Sep-2026,23300.0,PE,24265.2,32,975,32.15,65,31.9,32.075,11802,843,7263,-10.518934081346423,11.77,-0.09921222908864585,0.00019987657569819428,-1.8730988504829371,12.934123720254824,-1.8517204436728079,0.0024836024415883645,176.49891827784003,-3.014768335527906e-07,0.0010295385736648795,-7.245028718700828e-07,-0.42635328548411344,-57.93416133139887,0.10510552476339712,0.00021677929965114142,0.09337506068271181,24438.4,0.07617066604699457,0.0115,index_dividend_yield,0.065,10.85,65,24341.95,24378.6,24253.6,24334.55,mid_price,ok
2026-08-26T08:02:04.086310+00:00,2026-08-26T13:32:04.086310+05:30,NIFTY,29-Sep-2026,23350.0,CE,24265.2,1019.35,455,1138.35,260,0.0,1078.85,7,0,0,0,0,,,,,,,,,,,,,,,0.09337506068271181,24438.4,0.07617066604699457,0.0115,index_dividend_yield,0.065,10.85,65,24341.95,24378.6,24253.6,24334.55,mid_price,no_nse_iv
2026-08-26T08:02:04.086310+00:00,2026-08-26T13:32:04.086310+05:30,NIFTY,29-Sep-2026,23350.0,PE,24265.2,35.1,130,35.35,130,34.9,35.225,1120,208,1248,-6.933333333333334,11.64,-0.10753269576518461,0.00021427566571480654,-1.9511346302341228,13.712747553693077,-1.9121828430071623,0.0025000688641157176,175.696286598086,-3.1509146233532865e-07,0.0009047971320205918,-4.442732141169369e-07,-0.4307498564009613,-57.61378625451601,0.11368702003527574,0.00023140185373206023,0.09337506068271181,24438.4,0.07617066604699457,0.0115,index_dividend_yield,0.065,10.85,65,24341.95,24378.6,24253.6,24334.55,mid_price,ok
2026-08-26T08:02:04.086310+00:00,2026-08-26T13:32:04.086310+05:30,NIFTY,29-Sep-2026,23400.0,CE,24265.2,1056.5,195,1070.25,130,1072.8,1063.375,483,0,10,-4.291194575787314,0,,,,,,,,,,,,,,,0.09337506068271181,24438.4,0.07617066604699457,0.0115,index_dividend_yield,0.065,10.85,65,24341.95,24378.6,24253.6,24334.55,mid_price,no_nse_iv
2026-08-26T08:02:04.086310+00:00,2026-08-26T13:32:04.086310+05:30,NIFTY,29-Sep-2026,23400.0,PE,24265.2,38.65,65,38.8,975,38.75,38.724999999999994,11801,602,8029,-6.400966183574879,11.6,-0.11828990171992487,0.00023015659270091073,-2.0682083563620295,14.678445216165212,-1.958227208207132,0.002510387753356963,171.76780627577236,-3.244357012464426e-07,0.0007094111213079324,-7.423699332223749e-08,-0.4353906556133804,-56.634690135853326,0.1248294688704782,0.0002474910254779342,0.09337506068271181,24438.4,0.07617066604699457,0.0115,index_dividend_yield,0.065,10.85,65,24341.95,24378.6,24253.6,24334.55,mid_price,ok
2026-08-26T08:02:04.086310+00:00,2026-08-26T13:32:04.086310+05:30,NIFTY,29-Sep-2026,23450.0,CE,24265.2,1004.35,195,1034.3,195,1123.3,1019.325,6,-3,5,8.83108075376641,14.53,0.8162241274562445,0.00024574023034474245,-6.902332299055451,19.63091410706486,-1.5669838779178713,0.0024921512613299557,105.08149561717595,-2.1544466665405384e-07,-0.0003757969830301311,1.5424973639723198e-06,-0.45276739281806755,19.03430307170338,-0.8002263361514367,0.0002631227002618429,0.09337506068271181,24438.4,0.07617066604699457,0.0115,index_dividend_yield,0.065,10.85,65,24341.95,24378.6,24253.6,24334.55,mid_price,ok
2026-08-26T08:02:04.086310+00:00,2026-08-26T13:32:04.086310+05:30,NIFTY,29-Sep-2026,23450.0,PE,24265.2,41.85,325,42.25,195,41.75,42.05,2340,1632,3698,-6.911928651059086,11.39,-0.12643062187169393,0.0002456074965060911,-2.110720205904186,15.380271076324698,-2.017721493941242,0.00249426544111786,170.97779978145056,-3.4060393783363067e-07,0.0005742274553881407,2.3024195102257445e-07,-0.4368333617903861,-56.8417151488736,0.13312735110753493,0.00026298057747635895,0.09337506068271181,24438.4,0.07617066604699457,0.0115,index_dividend_yield,0.065,10.85,65,24341.95,24378.6,24253.6,24334.55,mid_price,ok
2026-08-26T08:02:04.086310+00:00,2026-08-26T13:32:04.086310+05:30,NIFTY,29-Sep-2026,23500.0,CE,24265.2,971.6,65,975.7,65,971.7,973.6500000000001,7544,-310,1110,-4.725953524855378,0,,,,,,,,,,,,,,,0.09337506068271181,24438.4,0.07617066604699457,0.0115,index_dividend_yield,0.065,10.85,65,24341.95,24378.6,24253.6,24334.55,mid_price,no_nse_iv
2026-08-26T08:02:04.086310+00:00,2026-08-26T13:32:04.086310+05:30,NIFTY,29-Sep-2026,23500.0,PE,24265.2,45.85,390,46.05,780,45.4,45.95,57633,4116,31500,-4.821802935010482,11.24,-0.13649146213599775,0.00026239284651449003,-2.1779269522953886,16.214999875422063,-2.064644057548151,0.0024672207206482,167.7247803849564,-3.5360654403087246e-07,0.000379911778506162,6.086502285556554e-07,-0.43813456963056296,-56.60229405547182,0.14342578834937786,0.00027975896773765695,0.09337506068271181,24438.4,0.07617066604699457,0.0115,index_dividend_yield,0.065,10.85,65,24341.95,24378.6,24253.6,24334.55,mid_price,ok
2026-08-26T08:02:04.086310+00:00,2026-08-26T13:32:04.086310+05:30,NIFTY,29-Sep-2026,23550.0,CE,24265.2,915,195,941.05,195,0.0,928.025,16,0,0,0,0,,,,,,,,,,,,,,,0.09337506068271181,24438.4,0.07617066604699457,0.0115,index_dividend_yield,0.065,10.85,65,24341.95,24378.6,24253.6,24334.55,mid_price,no_nse_iv
2026-08-26T08:02:04.086310+00:00,2026-08-26T13:32:04.086310+05:30,NIFTY,29-Sep-2026,23550.0,PE,24265.2,50.7,65,51.2,65,52,50.95,1002,189,907,-2.1636876763875823,11.28,-0.1513132688552087,0.0002802903810857802,-2.3264883952031994,17.38264821833664,-2.0692649773312866,0.0024228542583945856,158.06194791106697,-3.544549129898771e-07,6.406414662863324e-05,1.1307787432478494e-06,-0.4398859466388067,-55.01761464836584,0.15874235972319398,0.0002975734098827227,0.09337506068271181,24438.4,0.07617066604699457,0.0115,index_dividend_yield,0.065,10.85,65,24341.95,24378.6,24253.6,24334.55,mid_price,ok
2026-08-26T08:02:04.086310+00:00,2026-08-26T13:32:04.086310+05:30,NIFTY,29-Sep-2026,23600.0,CE,24265.2,881.25,65,885.45,260,879.55,883.35,258,-8,52,-5.470471277338922,0,,,,,,,,,,,,,,,0.09337506068271181,24438.4,0.07617066604699457,0.0115,index_dividend_yield,0.065,10.85,65,24341.95,24378.6,24253.6,24334.55,mid_price,no_nse_iv
2026-08-26T08:02:04.086310+00:00,2026-08-26T13:32:04.086310+05:30,NIFTY,29-Sep-2026,23600.0,PE,24265.2,55.7,65,55.95,130,54.9,55.825,11294,2485,14589,-4.770164787510842,11.07,-0.16181423235892045,0.0002985039566399791,-2.3622618284515036,18.16754984629879,-2.108206771445478,0.0023572296036626916,154.18936790492666,-3.6836201524328057e-07,-0.00016288726176693583,1.5499114380901433e-06,-0.4387167276053461,-55.14412010030479,0.16939229735092978,0.0003155686388336449,0.09337506068271181,24438.4,0.07617066604699457,0.0115,index_dividend_yield,0.065,10.85,65,24341.95,24378.6,24253.6,24334.55,mid_price,ok
2026-08-26T08:02:04.086310+00:00,2026-08-26T13:32:04.086310+05:30,NIFTY,29-Sep-2026,23650.0,CE,24265.2,835.5,65,850.5,65,835.85,843.0,16,0,1,-4.200573065902579,5.16,0.9735663473529125,0.00015457266700412696,-3.6635563441984482,4.385115628279066,-2.2198767712583445,0.001161968143101988,321.4932099854124,-8.075587305248037e-07,0.008338305778245158,-3.503860651045572e-06,-0.22804454096849905,32.09938604843143,-0.9677727140428971,0.00016271896030054008,0.09337506068271181,24438.4,0.07617066604699457,0.0115,index_dividend_yield,0.065,10.85,65,24341.95,24378.6,24253.6,24334.55,mid_price,ok
2026-08-26T08:02:04.086310+00:00,2026-08-26T13:32:04.086310+05:30,NIFTY,29-Sep-2026,23650.0,PE,24265.2,61.4,585,61.95,65,62.2,61.675,1296,178,1042,-0.8764940239043825,11.04,-0.17698795628489583,0.0003170350641746494,-2.473019959178269,19.243099209088413,-2.097925321175309,0.002264898809965221,144.08104937827204,-3.689366057407016e-07,-0.0004977507235267111,2.092231550044092e-06,-0.4376194175804606,-54.02264764834527,0.18495329120840315,0.0003337434555614972,0.09337506068271181,24438.4,0.07617066604699457,0.0115,index_dividend_yield,0.065,10.85,65,24341.95,24378.6,24253.6,24334.55,mid_price,ok
2026-08-26T08:02:04.086310+00:00,2026-08-26T13:32:04.086310+05:30,NIFTY,29-Sep-2026,23700.0,CE,24265.2,794.25,260,798.35,65,791.25,796.3,445,-5,90,-5.741854785871702,6.06,0.9386323716370427,0.0002660641629835992,-4.002858801513021,8.864569589386383,-3.024121065075991,0.0017724814481152595,347.9761250473263,-9.241921523790813e-07,0.006056305588393726,-2.1080249161771546e-06,-0.33030075828987826,32.80308570154611,-0.931720429685305,0.00027890573237365556,0.09337506068271181,24438.4,0.07617066604699457,0.0115,index_dividend_yield,0.065,10.85,65,24341.95,24378.6,24253.6,24334.55,mid_price,ok
2026-08-26T08:02:04.086310+00:00,2026-08-26T13:32:04.086310+05:30,NIFTY,29-Sep-2026,23700.0,PE,24265.2,67.8,130,68,585,67.4,67.9,15354,1607,13471,-1.9636363636363636,10.86,-0.1899500710031013,0.0003368024411889074,-2.513083447203635,20.10961256286453,-2.108139608075432,0.0021550430717713898,137.14761176945345,-3.7769050747672706e-07,-0.0008041660853583309,2.597323484393476e-06,-0.4349625056568236,-53.890978850326526,0.19808878715269956,0.00035305818894075427,0.09337506068271181,24438.4,0.07617066604699457,0.0115,index_dividend_yield,0.065,10.85,65,24341.95,24378.6,24253.6,24334.55,mid_price,ok
2026-08-26T08:02:04.086310+00:00,2026-08-26T13:32:04.086310+05:30,NIFTY,29-Sep-2026,23750.0,CE,24265.2,749.2,65,763.85,65,759.45,756.5250000000001,59,-2,5,-3.3225128890586215,7.64,0.87293829042709,0.00036526814093705703,-4.705335392367951,15.342770907137064,-3.037509120624504,0.0021332172575775354,257.88707989800577,-7.440282196390541e-07,0.001359703551931813,1.1141982822212388e-06,-0.40335648918732586,31.674712329429887,-0.8637173115224507,0.00038128727968061727,0.09337506068271181,24438.4,0.07617066604699457,0.0115,index_dividend_yield,0.065,10.85,65,24341.95,24378.6,24253.6,24334.55,mid_price,ok
2026-08-26T08:02:04.086310+00:00,2026-08-26T13:32:04.086310+05:30,NIFTY,29-Sep-2026,23750.0,PE,24265.2,74.75,390,75.05,195,74.65,74.9,3514,550,2945,1.3577732518669383,10.88,-0.20806130045504662,0.00035514385504381547,-2.63367976622363,21.24378255620187,-2.051785197270686,0.002005452484445558,123.60118216942517,-3.690321791536217e-07,-0.00119777617667039,3.1954422139381013e-06,-0.43218457319122194,-52.42315477065035,0.21662967479632053,0.00037071898479171776,0.09337506068271181,24438.4,0.07617066604699457,0.0115,index_dividend_yield,0.065,10.85,65,24341.95,24378.6,24253.6,24334.55,mid_price,ok
2026-08-26T08:02:04.086310+00:00,2026-08-26T13:32:04.086310+05:30,NIFTY,29-Sep-2026,23800.0,CE,24265.2,711.4,65,714.9,325,713,713.15,1131,-163,543,-5.967688757006265,7.49,0.8579996120195881,0.00040243409513856273,-4.761562766560434,16.572011776913957,-3.1408617808749706,0.0020472410325271806,250.49610234661833,-7.847002318855515e-07,0.0007112254544128433,2.00431288427394e-06,-0.40369463069256994,33.38984058645321,-0.8485715645904914,0.0004183199764595201,0.09337506068271181,24438.4,0.07617066604699457,0.0115,index_dividend_yield,0.065,10.85,65,24341.95,24378.6,24253.6,24334.55,mid_price,ok
2026-08-26T08:02:04.086310+00:00,2026-08-26T13:32:04.086310+05:30,NIFTY,29-Sep-2026,23800.0,PE,24265.2,83.35,65,83.55,390,83.4,83.44999999999999,18688,-872,18831,1.5216068167985393,10.71,-0.22323872366289924,0.00037580827977159824,-2.66440488577776,22.128626703347535,-2.0280384011866768,0.001842972088459266,114.36780114217626,-3.7187125851518986e-07,-0.0015665797449511203,3.753797601695034e-06,-0.4282626634127346,-52.17135223749232,0.23196478608908314,0.0003906431205666586,0.09337506068271181,24438.4,0.07617066604699457,0.0115,index_dividend_yield,0.065,10.85,65,24341.95,24378.6,24253.6,24334.55,mid_price,ok
2026-08-26T08:02:04.086310+00:00,2026-08-26T13:32:04.086310+05:30,NIFTY,29-Sep-2026,23850.0,CE,24265.2,666.25,65,675.45,65,761.9,670.85,55,0,1,9.997834404100194,12.26,0.7292018274938877,0.00036334429840732796,-6.876283163211186,24.491053519220557,-1.5500091739792943,0.0015186676858461867,70.42953427154508,-2.5783866358798185e-07,-0.0019188138225921113,4.334168407742764e-06,-0.42648662477590094,25.778050411402997,-0.7131162020860671,0.00037610519598998255,0.09337506068271181,24438.4,0.07617066604699457,0.0115,index_dividend_yield,0.065,10.85,65,24341.95,24378.6,24253.6,24334.55,mid_price,ok
2026-08-26T08:02:04.086310+00:00,2026-08-26T13:32:04.086310+05:30,NIFTY,29-Sep-2026,23850.0,PE,24265.2,91.35,130,91.95,195,90.9,91.65,1475,173,1190,0.4419889502762431,10.66,-0.24186459850346684,0.0003947676061758199,-2.7375960090648084,23.13648397314638,-1.9522172798297348,0.0016414753325532383,101.25992879390999,-3.6201402263755813e-07,-0.001975488486031878,4.344936399175523e-06,-0.4242285304570217,-51.13823606838028,0.2508871326456016,0.00040863211158691617,0.09337506068271181,24438.4,0.07617066604699457,0.0115,index_dividend_yield,0.065,10.85,65,24341.95,24378.6,24253.6,24334.55,mid_price,ok
2026-08-26T08:02:04.086310+00:00,2026-08-26T13:32:04.086310+05:30,NIFTY,29-Sep-2026,23900.0,CE,24265.2,630.4,65,633.4,65,627.2,631.9,909,-58,255,-7.376504467252455,7.54,0.8114610507209645,0.00048118373861219033,-4.996078897600295,19.947153766520902,-3.0809274638136097,0.0017222737629005724,202.5482980226112,-7.695199711815027e-07,-0.0014949918814413166,4.38421961940547e-06,-0.403536578719212,36.336291388763044,-0.8011872349403539,0.0004960013867271705,0.09337506068271181,24438.4,0.07617066604699457,0.0115,index_dividend_yield,0.065,10.85,65,24341.95,24378.6,24253.6,24334.55,mid_price,ok
2026-08-26T08:02:04.086310+00:00,2026-08-26T13:32:04.086310+05:30,NIFTY,29-Sep-2026,23900.0,PE,24265.2,101.25,195,101.7,260,101.25,101.475,10346,1522,9590,2.9486527707168277,10.59,-0.261073219946334,0.00041374558267116737,-2.7915551637081175,24.089510639956057,-1.8617167664964906,0.0014126922289269814,88.24039538911954,-3.5016186013294127e-07,-0.002391423607965001,4.9268052341871495e-06,-0.4199929468982866,-50.22239372578137,0.27034028137635985,0.0004264865295511072,0.09337506068271181,24438.4,0.07617066604699457,0.0115,index_dividend_yield,0.065,10.85,65,24341.95,24378.6,24253.6,24334.55,mid_price,ok
2026-08-26T08:02:04.086310+00:00,2026-08-26T13:32:04.086310+05:30,NIFTY,29-Sep-2026,23950.0,CE,24265.2,590.35,65,594.1,130,588.25,592.225,112,3,21,-6.78973221359531,7.7,0.7813967764068189,0.0005150149490343698,-5.151977259642977,21.80264622780022,-2.8880584149402755,0.001455363319431413,167.00479182907378,-7.117149372488469e-07,-0.002743234045601297,5.618247751157032e-06,-0.40189313876703275,37.476818829117704,-0.7705560056068952,0.0005286601199890274,0.09337506068271181,24438.4,0.07617066604699457,0.0115,index_dividend_yield,0.065,10.85,65,24341.95,24378.6,24253.6,24334.55,mid_price,ok
2026-08-26T08:02:04.086310+00:00,2026-08-26T13:32:04.086310+05:30,NIFTY,29-Sep-2026,23950.0,PE,24265.2,111.35,65,111.8,65,111.65,111.57499999999999,1748,717,1637,2.196796338672769,10.56,-0.28195841639669417,0.00043112379870882754,-2.850036233727004,25.030214016138235,-1.738686606045342,0.0011514023429566311,74.28143525632258,-3.313521181417268e-07,-0.002803275295398328,5.48529431612058e-06,-0.41598957629100397,-49.06463231947816,0.2914915049863533,0.0004425462980887644,0.09337506068271181,24438.4,0.07617066604699457,0.0115,index_dividend_yield,0.065,10.85,65,24341.95,24378.6,24253.6,24334.55,mid_price,ok
2026-08-26T08:02:04.086310+00:00,2026-08-26T13:32:04.086310+05:30,NIFTY,29-Sep-2026,24000.0,CE,24265.2,555.65,390,557.45,65,560,556.55,42914,825,11275,-6.697767410863046,8.12,0.7434933823981331,0.0005335327540628557,-5.396633339299878,23.818574331272117,-2.4997252127445524,0.0011035932175045282,121.72267553158811,-5.93354056310206e-07,-0.0038440776370793545,6.666732100218562e-06,-0.4012756005748557,37.744975543556244,-0.7317935127850845,0.0005453889736107479,0.09337506068271181,24438.4,0.07617066604699457,0.0115,index_dividend_yield,0.065,10.85,65,24341.95,24378.6,24253.6,24334.55,mid_price,ok
2026-08-26T08:02:04.086310+00:00,2026-08-26T13:32:04.086310+05:30,NIFTY,29-Sep-2026,24000.0,PE,24265.2,123.85,65,124.2,65,124.2,124.025,85038.46153846153,3513,43447,3.802758044295863,10.46,-0.3025706220210436,0.00044975472227705643,-2.86581313292866,25.86461772873931,-1.614597222472508,0.0008685293280563111,61.79089908478552,-3.1417483326794227e-07,-0.0032254481806222907,6.028771731660662e-06,-0.41224003877997367,-48.30591171809026,0.312246876035753,0.0004597492178153563,0.09337506068271181,24438.4,0.07617066604699457,0.0115,index_dividend_yield,0.065,10.85,65,24341.95,24378.6,24253.6,24334.55,mid_price,ok
2026-08-26T08:02:04.086310+00:00,2026-08-26T13:32:04.086310+05:30,NIFTY,29-Sep-2026,24050.0,CE,24265.2,516.65,65,520,195,518.05,518.325,312,17,96,-7.117884356790677,8.12,0.7158271430219063,0.0005617621399908617,-5.454752781675217,25.078822595192506,-2.282623519202387,0.0007436427357605524,96.95355731194866,-5.473749804154777e-07,-0.004746783992311905,7.573999039632248e-06,-0.39775903482737723,39.291299021495774,-0.7038508982107754,0.0005718604419716412,0.09337506068271181,24438.4,0.07617066604699457,0.0115,index_dividend_yield,0.065,10.85,65,24341.95,24378.6,24253.6,24334.55,mid_price,ok
2026-08-26T08:02:04.086310+00:00,2026-08-26T13:32:04.086310+05:30,NIFTY,29-Sep-2026,24050.0,PE,24265.2,135.55,65,136.6,130,138.3,136.075,910,207,963,6.058282208588957,10.56,-0.3270818121990336,0.0004605642085918678,-2.9487526451279784,26.73946728005516,-1.4164493099135256,0.0005459978526514142,46.952073465607924,-2.786342893903443e-07,-0.003552910961670771,6.454465370426307e-06,-0.40988637342753265,-46.45356508793086,0.33711260055336767,0.0004688433647129533,0.09337506068271181,24438.4,0.07617066604699457,0.0115,index_dividend_yield,0.065,10.85,65,24341.95,24378.6,24253.6,24334.55,mid_price,ok
2026-08-26T08:02:04.086310+00:00,2026-08-26T13:32:04.086310+05:30,NIFTY,29-Sep-2026,24100.0,CE,24265.2,481.85,195,483.4,325,483,482.625,5580,138,2620,-7.231345433592624,8.25,0.6842715886440135,0.0005800896354938689,-5.545088138085668,26.311626890220545,-1.9638982853263376,0.0003351986859015943,70.1607204678556,-4.718322555208867e-07,-0.005485053256232546,8.282559760679838e-06,-0.39638769755893577,40.396872797656954,-0.6719072763970725,0.0005880696568168743,0.09337506068271181,24438.4,0.07617066604699457,0.0115,index_dividend_yield,0.065,10.85,65,24341.95,24378.6,24253.6,24334.55,mid_price,ok
2026-08-26T08:02:04.086310+00:00,2026-08-26T13:32:04.086310+05:30,NIFTY,29-Sep-2026,24100.0,PE,24265.2,149.45,195,149.85,65,151.3,149.64999999999998,9794,772,11066,5.325443786982248,10.48,-0.3496222180394274,0.00047614790863084966,-2.941390864090464,27.434800807126226,-1.247448259872469,0.00021337202837368174,35.64402539185174,-2.5261736135267964e-07,-0.0039250485142014995,6.889978281513301e-06,-0.40803902373124495,-45.58582898836364,0.3597409088326222,0.0004826980523177709,0.09337506068271181,24438.4,0.07617066604699457,0.0115,index_dividend_yield,0.065,10.85,65,24341.95,24378.6,24253.6,24334.55,mid_price,ok
2026-08-26T08:02:04.086310+00:00,2026-08-26T13:32:04.086310+05:30,NIFTY,29-Sep-2026,24150.0,CE,24265.2,447.35,130,449.2,130,450.6,448.275,786,-1,388,-6.9488900361383585,8.35,0.6528966938972657,0.0005953445782969995,-5.6023191751516315,27.33087437450134,-1.631474831456814,-9.848011281243796e-05,47.796120875531756,-3.9678742724503465e-07,-0.0060893990006382764,8.829901606127125e-06,-0.39661974618387674,41.59268834280377,-0.6402388622507835,0.000601037934315482,0.09337506068271181,24438.4,0.07617066604699457,0.0115,index_dividend_yield,0.065,10.85,65,24341.95,24378.6,24253.6,24334.55,mid_price,ok
2026-08-26T08:02:04.086310+00:00,2026-08-26T13:32:04.086310+05:30,NIFTY,29-Sep-2026,24150.0,PE,24265.2,164.35,65,164.95,130,162.7,164.64999999999998,1488,-80,1941,3.928457361865219,10.31,-0.3720504901190698,0.000494421306998755,-2.880092416715766,28.025572378276188,-1.077418838391797,-0.00014064580408518212,25.995621165769478,-2.278242226220183e-07,-0.004337286820710448,7.324844937314952e-06,-0.4071671483611965,-45.15537724022244,0.3821038831188165,0.000499149520921387,0.09337506068271181,24438.4,0.07617066604699457,0.0115,index_dividend_yield,0.065,10.85,65,24341.95,24378.6,24253.6,24334.55,mid_price,ok
2026-08-26T08:02:04.086310+00:00,2026-08-26T13:32:04.086310+05:30,NIFTY,29-Sep-2026,24200.0,CE,24265.2,414.15,65,415.3,65,414.25,414.725,30808,-364,16933,-8.321345579285161,8.41,0.6217875942237676,0.0006087220133640144,-5.621542104635363,28.145803470727763,-1.292120684562137,-0.0005513933423695327,29.889998993386513,-3.2322994177841175e-07,-0.0065924280938586275,9.236304983855801e-06,-0.3988318282566788,42.9442591377066,-0.6089448685646764,0.0006120064877591382,0.09337506068271181,24438.4,0.07617066604699457,0.0115,index_dividend_yield,0.065,10.85,65,24341.95,24378.6,24253.6,24334.55,mid_price,ok
2026-08-26T08:02:04.086310+00:00,2026-08-26T13:32:04.086310+05:30,NIFTY,29-Sep-2026,24200.0,PE,24265.2,181.05,65,181.6,195,180.95,181.325,36784,-3336,36600,5.540974044911053,10.28,-0.39685597097027475,0.0005053919355972037,-2.8573837183968966,28.56406876398863,-0.8581363292001487,-0.0005159213631995563,16.569677153954743,-1.9087001020962842e-07,-0.004623488595039359,7.603278278920972e-06,-0.4084420448958106,-44.01088317976938,0.4069667040892388,0.0005081188730752778,0.09337506068271181,24438.4,0.07617066604699457,0.0115,index_dividend_yield,0.065,10.85,65,24341.95,24378.6,24253.6,24334.55,mid_price,ok
2026-08-26T08:02:04.086310+00:00,2026-08-26T13:32:04.086310+05:30,NIFTY,29-Sep-2026,24250.0,CE,24265.2,382.5,65,383.25,195,384.45,382.875,2664,91,1783,-7.160106254527892,8.36,0.5914271671497214,0.0006256971564290175,-5.5736231568758745,28.758690451425963,-0.9619266845004582,-0.001027191467051436,16.610501671765476,-2.555358655440465e-07,-0.007123966993908008,9.59315320154001e-06,-0.4029548555571835,44.81649944055049,-0.5785929653669493,0.0006264817813707379,0.09337506068271181,24438.4,0.07617066604699457,0.0115,index_dividend_yield,0.065,10.85,65,24341.95,24378.6,24253.6,24334.55,mid_price,ok
2026-08-26T08:02:04.086310+00:00,2026-08-26T13:32:04.086310+05:30,NIFTY,29-Sep-2026,24250.0,PE,24265.2,198.75,65,199.2,65,198.85,198.975,6552,1028,5840,2.764857881136951,10.26,-0.422242367625068,0.0005139725301358391,-2.8195673481795693,28.992516736701464,-0.6237306196322512,-0.0009026075321650895,9.019265091529505,-1.507743775470416e-07,-0.004850025395737741,7.785431629637367e-06,-0.4115761770814714,-42.83164576847286,0.432371396897237,0.0005146170522698462,0.09337506068271181,24438.4,0.07617066604699457,0.0115,index_dividend_yield,0.065,10.85,65,24341.95,24378.6,24253.6,24334.55,mid_price,ok
2026-08-26T08:02:04.086310+00:00,2026-08-26T13:32:04.086310+05:30,NIFTY,29-Sep-2026,24300.0,CE,24265.2,351.3,65,352.3,195,353.3,351.8,53045,6627,28188,-8.601733281593583,8.39,0.5597154741614406,0.0006332576787976987,-5.533976330936813,29.210640044030537,-0.59235447218281,-0.0015057443321923047,6.666998254656775,-1.7675444634330237e-07,-0.007404254329191467,9.683095658620587e-06,-0.41048518432019415,46.36116725953729,-0.5468582584734977,0.0006314452024702119,0.09337506068271181,24438.4,0.07617066604699457,0.0115,index_dividend_yield,0.065,10.85,65,24341.95,24378.6,24253.6,24334.55,mid_price,ok
2026-08-26T08:02:04.086310+00:00,2026-08-26T13:32:04.086310+05:30,NIFTY,29-Sep-2026,24300.0,PE,24265.2,217,195,217.7,130,216.4,217.35,51079,3921,34957,6.469864698646987,10.2,-0.4478493229346645,0.0005224938400177796,-2.7454563811050297,29.30083480605491,-0.3824706993379723,-0.00130025329362915,3.6836472325791902,-1.0958429697624102e-07,-0.0050572780809486646,7.903634200038265e-06,-0.41656264692453604,-41.84241044558831,0.4578958694627327,0.0005209983860375171,0.09337506068271181,24438.4,0.07617066604699457,0.0115,index_dividend_yield,0.065,10.85,65,24341.95,24378.6,24253.6,24334.55,mid_price,ok
2026-08-26T08:02:04.086310+00:00,2026-08-26T13:32:04.086310+05:30,NIFTY,29-Sep-2026,24350.0,CE,24265.2,320.7,65,321.9,195,322.95,321.29999999999995,5798,653,5405,-8.989713963646611,8.37,0.528015264465908,0.0006404752869164982,-5.449725147627608,29.473145116813548,-0.21911457846929272,-0.0019924623784319806,1.1651573810826932,-9.801257457427747e-08,-0.007627797706816848,9.649646723772004e-06,-0.42078980694682494,48.20117373975451,-0.5152601693591927,0.0006360220851279186,0.09337506068271181,24438.4,0.07617066604699457,0.0115,index_dividend_yield,0.065,10.85,65,24341.95,24378.6,24253.6,24334.55,mid_price,ok
2026-08-26T08:02:04.086310+00:00,2026-08-26T13:32:04.086310+05:30,NIFTY,29-Sep-2026,24350.0,PE,24265.2,235.75,585,236.65,260,234.35,236.2,6547,1601,6822,6.546942486928847,10.13,-0.4739123937793328,0.0005294696466580681,-2.646696456781937,29.48826093653211,-0.1303786480526259,-0.0017044707252297784,0.6202971034845461,-6.590243142698263e-08,-0.005216117570878053,7.929624478466278e-06,-0.4236551592837188,-40.89483427188964,0.483810178008484,0.0005257882631204646,0.09337506068271181,24438.4,0.07617066604699457,0.0115,index_dividend_yield,0.065,10.85,65,24341.95,24378.6,24253.6,24334.55,mid_price,ok
2026-08-26T08:02:04.086310+00:00,2026-08-26T13:32:04.086310+05:30,NIFTY,29-Sep-2026,24400.0,CE,24265.2,292.05,65,292.65,130,293.6,292.35,37766,5126,24777,-9.368729742244174,8.36,0.49606195498718264,0.000642868718325589,-5.345425910546652,29.547940695057243,0.16247131088270583,-0.002470294419692265,0.10286171698936641,-1.6809250621695156e-08,-0.0076886785411998965,9.418386592857848e-06,-0.4341404304648293,50.04020606097495,-0.4834629150999174,0.0006357851669878392,0.09337506068271181,24438.4,0.07617066604699457,0.0115,index_dividend_yield,0.065,10.85,65,24341.95,24378.6,24253.6,24334.55,mid_price,ok
2026-08-26T08:02:04.086310+00:00,2026-08-26T13:32:04.086310+05:30,NIFTY,29-Sep-2026,24400.0,PE,24265.2,258.3,65,258.6,65,256.9,258.45000000000005,34031,3242,26819,5.546425636811833,10.13,-0.500303399667208,0.0005305593600940382,-2.557426557817855,29.548951392252764,0.13007412409321573,-0.002096255780991263,0.020346440154028755,-1.9830938109086512e-08,-0.005237650807136918,7.795440600932044e-06,-0.43290654231035225,-39.667069789045435,0.5100823117569143,0.0005247133073031381,0.09337506068271181,24438.4,0.07617066604699457,0.0115,index_dividend_yield,0.065,10.85,65,24341.95,24378.6,24253.6,24334.55,mid_price,ok
2026-08-26T08:02:04.086310+00:00,2026-08-26T13:32:04.086310+05:30,NIFTY,29-Sep-2026,24450.0,CE,24265.2,265.05,65,266,130,267,265.525,1862,279,1478,-8.82704456206249,8.35,0.46411956017007405,0.0006411289652563987,-5.217584773625832,29.432728282166646,0.5435321792769121,-0.002931657147054123,3.579611408172312,6.478995977614574e-08,-0.007601290175088585,9.004316841898703e-06,-0.4502807802239736,51.92879937441474,-0.4517415526434417,0.0006314739241316557,0.09337506068271181,24438.4,0.07617066604699457,0.0115,index_dividend_yield,0.065,10.85,65,24341.95,24378.6,24253.6,24334.55,mid_price,ok
2026-08-26T08:02:04.086310+00:00,2026-08-26T13:32:04.086310+05:30,NIFTY,29-Sep-2026,24450.0,PE,24265.2,281,65,281.9,65,280.95,281.45,2058,863,2627,4.949570414643257,10.12,-0.5266757508547086,0.0005298461596154525,-2.4444655267603888,29.48009990034755,0.39000174342507243,-0.002480272020322416,1.9764157239254843,2.6356672887674965e-08,-0.005200614212625277,7.566354441541196e-06,-0.44405700130096193,-38.50404394153046,0.5362700541731463,0.0005218669748677654,0.09337506068271181,24438.4,0.07617066604699457,0.0115,index_dividend_yield,0.065,10.85,65,24341.95,24378.6,24253.6,24334.55,mid_price,ok
2026-08-26T08:02:04.086310+00:00,2026-08-26T13:32:04.086310+05:30,NIFTY,29-Sep-2026,24500.0,CE,24265.2,240.45,260,241,65,240.7,240.725,77576,10056,61512,-10.001869508319311,8.36,0.43257571237322745,0.0006338152284935753,-5.0766365368637985,29.13181844021118,0.9127090320391051,-0.003360198455984009,11.414441635089645,1.4403516738764492e-07,-0.007334176441172607,8.401376892581166e-06,-0.46866156651550733,53.72831586758075,-0.42045603948432886,0.000621724886012693,0.09337506068271181,24438.4,0.07617066604699457,0.0115,index_dividend_yield,0.065,10.85,65,24341.95,24378.6,24253.6,24334.55,mid_price,ok
2026-08-26T08:02:04.086310+00:00,2026-08-26T13:32:04.086310+05:30,NIFTY,29-Sep-2026,24500.0,PE,24265.2,305.05,65,305.85,65,305,305.45000000000005,68668,12313,47833,5.719237435008665,10.12,-0.5528627498382557,0.0005263098369206507,-2.3172241840402803,29.28334251250824,0.6452282543761845,-0.002847449544778668,6.430694748964072,7.191543782232213e-08,-0.005085590665604802,7.231757999660447e-06,-0.4568950836109025,-37.32969110886007,0.5622326255327578,0.0005162702135519414,0.09337506068271181,24438.4,0.07617066604699457,0.0115,index_dividend_yield,0.065,10.85,65,24341.95,24378.6,24253.6,24334.55,mid_price,ok
2026-08-26T08:02:04.086310+00:00,2026-08-26T13:32:04.086310+05:30,NIFTY,29-Sep-2026,24550.0,CE,24265.2,216.75,65,217.45,195,219,217.1,2325,1351,5911,-10.080065694929173,8.34,0.4012097816770906,0.0006247466451692675,-4.900835117403797,28.646306270570676,1.2721493419179941,-0.0037660186709679855,23.500611924093917,2.221431768221816e-07,-0.006979337720577038,7.663596658645327e-06,-0.4891594894018354,55.777786006537596,-0.38944586306028167,0.0006103355828010272,0.09337506068271181,24438.4,0.07617066604699457,0.0115,index_dividend_yield,0.065,10.85,65,24341.95,24378.6,24253.6,24334.55,mid_price,ok
2026-08-26T08:02:04.086310+00:00,2026-08-26T13:32:04.086310+05:30,NIFTY,29-Sep-2026,24550.0,PE,24265.2,329.65,65,330.9,65,327.35,330.275,1095,496,3322,6.093015718684168,10.06,-0.5793041847760121,0.0005234940339817894,-2.143984893488587,28.95398631782979,0.9023428987728899,-0.0032120547561195196,13.496912655869053,1.1869656934255752e-07,-0.004960145342210685,6.833505283123319e-06,-0.4716370847665132,-36.38010753374741,0.5883227093034119,0.0005114185707016795,0.09337506068271181,24438.4,0.07617066604699457,0.0115,index_dividend_yield,0.065,10.85,65,24341.95,24378.6,24253.6,24334.55,mid_price,ok
2026-08-26T08:02:04.086310+00:00,2026-08-26T13:32:04.086310+05:30,NIFTY,29-Sep-2026,24600.0,CE,24265.2,194.55,195,195.3,585,195.25,194.925,15643,1563,15856,-11.108581834737082,8.33,0.37054253636247647,0.0006111435768026164,-4.710611448274546,27.988968964597962,1.6080498410110389,-0.0041272066051374345,39.27680019280011,2.955712168837847e-07,-0.0064797977553185,6.778464788380779e-06,-0.5108199668112228,57.80546779383137,-0.3591766194558798,0.000594621746111639,0.09337506068271181,24438.4,0.07617066604699457,0.0115,index_dividend_yield,0.065,10.85,65,24341.95,24378.6,24253.6,24334.55,mid_price,ok
2026-08-26T08:02:04.086310+00:00,2026-08-26T13:32:04.086310+05:30,NIFTY,29-Sep-2026,24600.0,PE,24265.2,358.75,65,360,260,358.7,359.375,8939,1018,6717,6.565656565656566,10.2,-0.6033806373929711,0.0005089018855766795,-2.0496016912322683,28.538614122732508,1.113087498419263,-0.003494806600892741,21.773537334345505,1.5481302225961102e-07,-0.0046013549586600856,6.270177045322582e-06,-0.4857734719824123,-34.82379027194963,0.6122596412595246,0.0004951440860824821,0.09337506068271181,24438.4,0.07617066604699457,0.0115,index_dividend_yield,0.065,10.85,65,24341.95,24378.6,24253.6,24334.55,mid_price,ok
2026-08-26T08:02:04.086310+00:00,2026-08-26T13:32:04.086310+05:30,NIFTY,29-Sep-2026,24650.0,CE,24265.2,173.7,455,174,65,174.1,173.85,1736,532,1567,-10.96906162106878,8.28,0.3398940378356978,0.0005963459818725515,-4.482148459278863,27.14733996850517,1.932790247301308,-0.004458194791291725,59.01807234098122,3.6888006394916905e-07,-0.005906389922040369,5.770571724802369e-06,-0.533858975281607,60.21795874012461,-0.3290318213394686,0.0005778727301943878,0.09337506068271181,24438.4,0.07617066604699457,0.0115,index_dividend_yield,0.065,10.85,65,24341.95,24378.6,24253.6,24334.55,mid_price,ok
2026-08-26T08:02:04.086310+00:00,2026-08-26T13:32:04.086310+05:30,NIFTY,29-Sep-2026,24650.0,PE,24265.2,384.3,65,387.9,65,370.05,386.1,596,59,206,1.4808720691073631,9.61,-0.6365170513460897,0.0005258601246870347,-1.5756851293240677,27.78384037964339,1.4831806101170963,-0.003981574271732069,38.60388569917994,2.3433281708245795e-07,-0.004741760099604515,5.780302066948646e-06,-0.5098366558397096,-35.48936983702143,0.6442361181059346,0.0005095703420337657,0.09337506068271181,24438.4,0.07617066604699457,0.0115,index_dividend_yield,0.065,10.85,65,24341.95,24378.6,24253.6,24334.55,mid_price,ok
2026-08-26T08:02:04.086310+00:00,2026-08-26T13:32:04.086310+05:30,NIFTY,29-Sep-2026,24700.0,CE,24265.2,154.75,260,155.15,195,155.65,154.95,13459,1488,9174,-10.597357840321655,8.28,0.31108068471797423,0.000575153686534123,-4.265283209962556,26.1826073070076,2.205665639396337,-0.004715181526769474,80.4498948309309,4.2958043404252433e-07,-0.005179457940974704,4.670667165046212e-06,-0.5556113032826389,62.268515164882174,-0.30069680511126934,0.0005550827762603771,0.09337506068271181,24438.4,0.07617066604699457,0.0115,index_dividend_yield,0.065,10.85,65,24341.95,24378.6,24253.6,24334.55,mid_price,ok
2026-08-26T08:02:04.086310+00:00,2026-08-26T13:32:04.086310+05:30,NIFTY,29-Sep-2026,24700.0,PE,24265.2,416.05,130,417.6,65,413,416.82500000000005,5552,213,2455,7.35638159604887,10.24,,,,,,,,,,,,,,,0.09337506068271181,,,,,,10.85,65,24341.95,24378.6,24253.6,24334.55,mid_price,no_price_available
2026-08-26T08:02:04.086310+00:00,2026-08-26T13:32:04.086310+05:30,NIFTY,29-Sep-2026,24750.0,CE,24265.2,137.45,325,138.2,195,139.2,137.825,1869,92,1331,-9.961190168175937,8.29,0.2836782676370252,0.0005507806625690465,-4.042916998727327,25.103360462827908,2.4357933795874085,-0.004912463068135586,103.15033001626794,4.807872952564712e-07,-0.004380944217356817,3.525368586016625e-06,-0.5758765325451485,64.2576085860259,-0.2737933836268152,0.0005294147391308154,0.09337506068271181,24438.4,0.07617066604699457,0.0115,index_dividend_yield,0.065,10.85,65,24341.95,24378.6,24253.6,24334.55,mid_price,ok
2026-08-26T08:02:04.086310+00:00,2026-08-26T13:32:04.086310+05:30,NIFTY,29-Sep-2026,24750.0,PE,24265.2,448.1,65,451.8,130,453.35,449.95000000000005,515,-44,306,8.133571854502087,10.4,,,,,,,,,,,,,,,0.09337506068271181,,,,,,10.85,65,24341.95,24378.6,24253.6,24334.55,mid_price,no_price_available
2026-08-26T08:02:04.086310+00:00,2026-08-26T13:32:04.086310+05:30,NIFTY,29-Sep-2026,24800.0,CE,24265.2,121.75,390,122.1,325,122.25,121.925,17976,613,12876,-10.86401749908859,8.28,0.2570745809635445,0.0005249714397096233,-3.800581059553546,23.89817082828696,2.634816372000637,-0.005059684354778549,127.30397184416375,5.267239870718269e-07,-0.0035437414359379307,2.339673086455352e-06,-0.5946733408847464,66.47054309408784,-0.2477467963804267,0.000502574056157316,0.09337506068271181,24438.4,0.07617066604699457,0.0115,index_dividend_yield,0.065,10.85,65,24341.95,24378.6,24253.6,24334.55,mid_price,ok
2026-08-26T08:02:04.086310+00:00,2026-08-26T13:32:04.086310+05:30,NIFTY,29-Sep-2026,24800.0,PE,24265.2,481.05,65,482.6,130,479.4,481.82500000000005,5956,1084,3166,6.58070253445976,10.18,,,,,,,,,,,,,,,0.09337506068271181,,,,,,10.85,65,24341.95,24378.6,24253.6,24334.55,mid_price,no_price_available
2026-08-26T08:02:04.086310+00:00,2026-08-26T13:32:04.086310+05:30,NIFTY,29-Sep-2026,24850.0,CE,24265.2,107.15,130,107.75,130,106.25,107.45,1778,174,1142,-11.495210329029572,8.19,0.229570402945924,0.0004992608560799119,-3.5033510450639045,22.48071223045023,2.8301893191285536,-0.005169057017819084,155.1945812012061,5.779095828759476e-07,-0.0026491255596968843,1.036566848437487e-06,-0.6129056359998479,69.59292458050894,-0.22094674664000039,0.0004760389421127545,0.09337506068271181,24438.4,0.07617066604699457,0.0115,index_dividend_yield,0.065,10.85,65,24341.95,24378.6,24253.6,24334.55,mid_price,ok
2026-08-26T08:02:04.086310+00:00,2026-08-26T13:32:04.086310+05:30,NIFTY,29-Sep-2026,24850.0,PE,24265.2,514.2,65,519.95,65,506.15,517.075,234,52,126,1.5244208203790994,9.93,,,,,,,,,,,,,,,0.09337506068271181,,,,,,10.85,65,24341.95,24378.6,24253.6,24334.55,mid_price,no_price_available
2026-08-26T08:02:04.086310+00:00,2026-08-26T13:32:04.086310+05:30,NIFTY,29-Sep-2026,24900.0,CE,24265.2,94.25,195,94.5,260,94.25,94.375,15735,1147,12822,-10.74810606060606,8.26,0.2079984204075086,0.00046770897308625925,-3.300963750175881,21.239994348842885,2.9057421583170844,-0.0051781435507023965,175.1000877064861,5.921348395024829e-07,-0.001806206074939071,-3.480511889006159e-09,-0.6233259552570374,71.02363620549323,-0.19984179456470955,0.00044416543458973036,0.09337506068271181,24438.4,0.07617066604699457,0.0115,index_dividend_yield,0.065,10.85,65,24341.95,24378.6,24253.6,24334.55,mid_price,ok
2026-08-26T08:02:04.086310+00:00,2026-08-26T13:32:04.086310+05:30,NIFTY,29-Sep-2026,24900.0,PE,24265.2,552.45,65,555.3,130,558,553.875,1346,126,467,7.452339688041595,10.59,,,,,,,,,,,,,,,0.09337506068271181,,,,,,10.85,65,24341.95,24378.6,24253.6,24334.55,mid_price,no_price_available
2026-08-26T08:02:04.086310+00:00,2026-08-26T13:32:04.086310+05:30,NIFTY,29-Sep-2026,24950.0,CE,24265.2,82.75,195,83.05,65,83.25,82.9,2116,401,1381,-11.624203821656051,8.23,0.18508067868658248,0.00043735924169706163,-3.03677350578636,19.78958972811309,2.9854257991699384,-0.0051543497940156335,198.23600252215812,6.146735582812225e-07,-0.0009325320047366616,-1.1425850622506914e-06,-0.6323029115732446,73.60112180412598,-0.17755516333909893,0.00041368041309221504,0.09337506068271181,24438.4,0.07617066604699457,0.0115,index_dividend_yield,0.065,10.85,65,24341.95,24378.6,24253.6,24334.55,mid_price,ok
2026-08-26T08:02:04.086310+00:00,2026-08-26T13:32:04.086310+05:30,NIFTY,29-Sep-2026,24950.0,PE,24265.2,590.95,65,595.85,65,573.2,593.4000000000001,123,8,24,3.765387400434468,9.79,,,,,,,,,,,,,,,0.09337506068271181,,,,,,10.85,65,24341.95,24378.6,24253.6,24334.55,mid_price,no_price_available
2026-08-26T08:02:04.086310+00:00,2026-08-26T13:32:04.086310+05:30,NIFTY,29-Sep-2026,25000.0,CE,24265.2,72.75,65,72.9,260,72.75,72.825,82955,4795,45096,-11.657559198542804,8.29,0.16639493328799868,0.0004058863108405057,-2.832116296920458,18.499397419711173,2.9888885397811733,-0.0050735016771599195,214.5038424807062,6.138861575646027e-07,-0.00018909982780066967,-2.029869306555685e-06,-0.6352592981289966,75.11716449098502,-0.15935422212762268,0.0003823773309327517,0.09337506068271181,24438.4,0.07617066604699457,0.0115,index_dividend_yield,0.065,10.85,65,24341.95,24378.6,24253.6,24334.55,mid_price,ok
2026-08-26T08:02:04.086310+00:00,2026-08-26T13:32:04.086310+05:30,NIFTY,29-Sep-2026,25000.0,PE,24265.2,630.1,65,632,65,628.45,631.05,34721,151,4840,5.418099471609494,10.45,,,,,,,,,,,,,,,0.09337506068271181,,,,,,10.85,65,24341.95,24378.6,24253.6,24334.55,mid_price,no_price_available
2026-08-26T08:02:04.086310+00:00,2026-08-26T13:32:04.086310+05:30,NIFTY,29-Sep-2026,25050.0,CE,24265.2,62.85,130,63.25,130,63.95,63.05,2812,472,2106,-10.995128740431454,8.26,0.14657298185097387,0.0003747177555744965,-2.5752660928885422,17.01699875094233,2.9890156132488106,-0.004950282319177629,232.85633167195385,6.193558827695882e-07,0.0005917984622837125,-2.991118595777552e-06,-0.6350778652303255,77.76299459834752,-0.14015513052579193,0.00035160623047992184,0.09337506068271181,24438.4,0.07617066604699457,0.0115,index_dividend_yield,0.065,10.85,65,24341.95,24378.6,24253.6,24334.55,mid_price,ok
2026-08-26T08:02:04.086310+00:00,2026-08-26T13:32:04.086310+05:30,NIFTY,29-Sep-2026,25050.0,PE,24265.2,668.1,65,677,65,671,672.55,100,78,194,7.077315886060799,10.77,,,,,,,,,,,,,,,0.09337506068271181,,,,,,10.85,65,24341.95,24378.6,24253.6,24334.55,mid_price,no_price_available
2026-08-26T08:02:04.086310+00:00,2026-08-26T13:32:04.086310+05:30,NIFTY,29-Sep-2026,25100.0,CE,24265.2,54.2,910,54.45,1495,54.35,54.325,10834,150,16055,-13.04,8.27,0.12948613244804397,0.00034392494069618936,-2.3507682091726823,15.637518199379597,2.941312342421523,-0.004787822692112642,246.06446587712404,6.113604323343499e-07,0.0012539875745825734,-3.7607788349118235e-06,-0.6297593260465337,79.92486267152162,-0.12361334232363991,0.00032142820171878616,0.09337506068271181,24438.4,0.07617066604699457,0.0115,index_dividend_yield,0.065,10.85,65,24341.95,24378.6,24253.6,24334.55,mid_price,ok
2026-08-26T08:02:04.086310+00:00,2026-08-26T13:32:04.086310+05:30,NIFTY,29-Sep-2026,25100.0,PE,24265.2,710,130,712,65,689,711.0,1229,1,224,4.031405707383361,9.86,,,,,,,,,,,,,,,0.09337506068271181,,,,,,10.85,65,24341.95,24378.6,24253.6,24334.55,mid_price,no_price_available
2026-08-26T08:02:04.086310+00:00,2026-08-26T13:32:04.086310+05:30,NIFTY,29-Sep-2026,25150.0,CE,24265.2,47.1,325,47.35,65,47.5,47.225,1681,180,1291,-10.881801125703564,8.3,0.11446984852550507,0.0003142616178525061,-2.1472804582429155,14.340625082534414,2.86090430067866,-0.004597840026841729,255.0968078386502,5.947220711085243e-07,0.001804807775657207,-4.3713756878723344e-06,-0.6201900215844507,81.81580124427971,-0.10909280013796605,0.0002925385562095805,0.09337506068271181,24438.4,0.07617066604699457,0.0115,index_dividend_yield,0.065,10.85,65,24341.95,24378.6,24253.6,24334.55,mid_price,ok
2026-08-26T08:02:04.086310+00:00,2026-08-26T13:32:04.086310+05:30,NIFTY,29-Sep-2026,25150.0,PE,24265.2,735.15,65,760.9,65,0.0,748.025,23,0,0,0,17.9,,,,,,,,,,,,,,,0.09337506068271181,,,,,,10.85,65,24341.95,24378.6,24253.6,24334.55,mid_price,no_price_available
2026-08-26T08:02:04.086310+00:00,2026-08-26T13:32:04.086310+05:30,NIFTY,29-Sep-2026,25200.0,CE,24265.2,40.75,650,40.95,585,40.95,40.85,17655,2362,14640,-11.074918566775244,8.32,0.1005823240038173,0.0002856042287447214,-1.9471714223865833,13.06431391498569,2.7592774744831585,-0.004380711246787128,261.4127831954365,5.742608898134112e-07,0.002282988036055413,-4.881141858328235e-06,-0.6065413267363979,83.84294816396294,-0.09569604854187458,0.0002648081226216056,0.09337506068271181,24438.4,0.07617066604699457,0.0115,index_dividend_yield,0.065,10.85,65,24341.95,24378.6,24253.6,24334.55,mid_price,ok
2026-08-26T08:02:04.086310+00:00,2026-08-26T13:32:04.086310+05:30,NIFTY,29-Sep-2026,25200.0,PE,24265.2,795.3,130,799.2,65,800,797.25,1182,88,316,5.757155132526935,11.35,,,,,,,,,,,,,,,0.09337506068271181,,,,,,10.85,65,24341.95,24378.6,24253.6,24334.55,mid_price,no_price_available
2026-08-26T08:02:04.086310+00:00,2026-08-26T13:32:04.086310+05:30,NIFTY,29-Sep-2026,25250.0,CE,24265.2,35.7,130,35.9,195,35.3,35.8,1446,442,1493,-13.586291309669523,8.34,0.08804815530483984,0.0002582790268396675,-1.7577207315942693,11.842784852585261,2.6383157692330403,-0.0041440219097724496,264.5553140855821,5.496017411363721e-07,0.0026736659884637245,-5.271830280714621e-06,-0.5891534083954681,85.86891914543672,-0.08362871605511904,0.00023852512215237658,0.09337506068271181,24438.4,0.07617066604699457,0.0115,index_dividend_yield,0.065,10.85,65,24341.95,24378.6,24253.6,24334.55,mid_price,ok
2026-08-26T08:02:04.086310+00:00,2026-08-26T13:32:04.086310+05:30,NIFTY,29-Sep-2026,25250.0,PE,24265.2,824.75,65,851.4,65,800,838.075,28,1,10,-14.52991452991453,9.21,,,,,,,,,,,,,,,0.09337506068271181,,,,,,10.85,65,24341.95,24378.6,24253.6,24334.55,mid_price,no_price_available
2026-08-26T08:02:04.086310+00:00,2026-08-26T13:32:04.086310+05:30,NIFTY,29-Sep-2026,25300.0,CE,24265.2,30.7,1170,30.85,390,30.8,30.775,13700,2292,12237,-9.941520467836257,8.4,0.07779179413758523,0.00023362122915941173,-1.6024126214722827,10.789224705136387,2.503169413871395,-0.003913324430751569,263.4795381368207,5.191516646253758e-07,0.0029247677641364477,-5.490585355056774e-06,-0.5700855670956262,87.27061940204653,-0.07375509041465635,0.00021490128516074564,0.09337506068271181,24438.4,0.07617066604699457,0.0115,index_dividend_yield,0.065,10.85,65,24341.95,24378.6,24253.6,24334.55,mid_price,ok
2026-08-26T08:02:04.086310+00:00,2026-08-26T13:32:04.086310+05:30,NIFTY,29-Sep-2026,25300.0,PE,24265.2,884.3,65,888.4,325,815,886.3499999999999,453,18,123,-3.1606463878326996,6.96,,,,,,,,,,,,,,,0.09337506068271181,,,,,,10.85,65,24341.95,24378.6,24253.6,24334.55,mid_price,no_price_available
2026-08-26T08:02:04.086310+00:00,2026-08-26T13:32:04.086310+05:30,NIFTY,29-Sep-2026,25350.0,CE,24265.2,26.8,715,27.15,195,27,26.975,696,119,609,-10,8.44,0.06814251296236315,0.00021009846597783228,-1.446177014628347,9.74908766404313,2.359870099034489,-0.0036672202698032202,260.5906959264006,4.884756999787773e-07,0.0031272938191700293,-5.643814969867416e-06,-0.5478884749493691,88.95275892958556,-0.06449322604876348,0.00019250176002140825,0.09337506068271181,24438.4,0.07617066604699457,0.0115,index_dividend_yield,0.065,10.85,65,24341.95,24378.6,24253.6,24334.55,mid_price,ok
2026-08-26T08:02:04.086310+00:00,2026-08-26T13:32:04.086310+05:30,NIFTY,29-Sep-2026,25350.0,PE,24265.2,914,65,948.4,65,850,931.2,17,0,1,-4.644379627552165,0,,,,,,,,,,,,,,,0.09337506068271181,,,,,,10.85,65,24341.95,24378.6,24253.6,24334.55,mid_price,no_price_available
2026-08-26T08:02:04.086310+00:00,2026-08-26T13:32:04.086310+05:30,NIFTY,29-Sep-2026,25400.0,CE,24265.2,23.3,975,23.45,260,23.3,23.375,7021,707,9324,-12.075471698113208,8.5,0.05998238994647186,0.00018891926770896273,-1.311395638954711,8.828640376303795,2.213495461243584,-0.0034303870419165887,255.12080520795433,4.560608244633511e-07,0.0032372649614759467,-5.688147893725644e-06,-0.5248193902541924,90.28934308066157,-0.056667892193865796,0.0001724156051199153,0.09337506068271181,24438.4,0.07617066604699457,0.0115,index_dividend_yield,0.065,10.85,65,24341.95,24378.6,24253.6,24334.55,mid_price,ok
2026-08-26T08:02:04.086310+00:00,2026-08-26T13:32:04.086310+05:30,NIFTY,29-Sep-2026,25400.0,PE,24265.2,975.7,65,982.15,65,949,978.925,400,18,209,2.1253699219800914,10.42,,,,,,,,,,,,,,,0.09337506068271181,,,,,,10.85,65,24341.95,24378.6,24253.6,24334.55,mid_price,no_price_available
2026-08-26T08:02:04.086310+00:00,2026-08-26T13:32:04.086310+05:30,NIFTY,29-Sep-2026,25450.0,CE,24265.2,20.55,130,20.95,2275,20.75,20.75,761,103,642,-8.991228070175438,8.6,0.05355020980578703,0.0001707630603532728,-1.2065915569038024,8.074042446628086,2.0726166002614406,-0.003220733959116394,247.55764160020587,4.2287577513561634e-07,0.0032507050239656107,-5.630316820556428e-06,-0.5030756610417768,90.93892898378434,-0.050495786591979216,0.00015523373487084943,0.09337506068271181,24438.4,0.07617066604699457,0.0115,index_dividend_yield,0.065,10.85,65,24341.95,24378.6,24253.6,24334.55,mid_price,ok
2026-08-26T08:02:04.086310+00:00,2026-08-26T13:32:04.086310+05:30,NIFTY,29-Sep-2026,25450.0,PE,24265.2,1007.7,65,1041.35,65,946.5,1024.525,11,0,1,-2.084518698598252,0,,,,,,,,,,,,,,,0.09337506068271181,,,,,,10.85,65,24341.95,24378.6,24253.6,24334.55,mid_price,no_price_available
2026-08-26T08:02:04.086310+00:00,2026-08-26T13:32:04.086310+05:30,NIFTY,29-Sep-2026,25500.0,CE,24265.2,18.15,260,18.25,845,18.2,18.2,48882,4367,19149,-12.077294685990339,8.68,0.04743401774550479,0.00015360598871076502,-1.0999295141025474,7.330380542436526,1.931730753405112,-0.0030048133310560457,239.16559247623593,3.9127977376886596e-07,0.0032424771725421955,-5.5417139300381e-06,-0.4795083797171226,91.86707092452733,-0.04464576467792319,0.00013908988167663124,0.09337506068271181,24438.4,0.07617066604699457,0.0115,index_dividend_yield,0.065,10.85,65,24341.95,24378.6,24253.6,24334.55,mid_price,ok
2026-08-26T08:02:04.086310+00:00,2026-08-26T13:32:04.086310+05:30,NIFTY,29-Sep-2026,25500.0,PE,24265.2,1070.85,65,1075.55,65,1069.3,1073.1999999999998,24577,120,884,3.579212476388822,12.72,,,,,,,,,,,,,,,0.09337506068271181,,,,,,10.85,65,24341.95,24378.6,24253.6,24334.55,mid_price,no_price_available
2026-08-26T08:02:04.086310+00:00,2026-08-26T13:32:04.086310+05:30,NIFTY,29-Sep-2026,25550.0,CE,24265.2,15.7,520,16.05,2080,15.85,15.875,648,7,406,-10.704225352112676,8.73,0.04146252002166155,0.00013703414268674728,-0.9879161296792174,6.577209544414006,1.788204570123488,-0.0027763987822479607,229.84160462017655,3.609331680740106e-07,0.0032193932802127147,-5.4243146256867446e-06,-0.45330310794451023,93.24973184987815,-0.03895526704129069,0.00012359893499807724,0.09337506068271181,24438.4,0.07617066604699457,0.0115,index_dividend_yield,0.065,10.85,65,24341.95,24378.6,24253.6,24334.55,mid_price,ok
2026-08-26T08:02:04.086310+00:00,2026-08-26T13:32:04.086310+05:30,NIFTY,29-Sep-2026,25550.0,PE,24265.2,1007.15,1690,1153.65,325,0.0,1080.4,13,0,0,0,14.38,,,,,,,,,,,,,,,0.09337506068271181,,,,,,10.85,65,24341.95,24378.6,24253.6,24334.55,mid_price,no_price_available
2026-08-26T08:02:04.086310+00:00,2026-08-26T13:32:04.086310+05:30,NIFTY,29-Sep-2026,25600.0,CE,24265.2,13.85,715,13.9,1365,13.9,13.875,6779,-33,4582,-10.32258064516129,8.81,0.036679840285665226,0.00012289450435401696,-0.8981332801502482,5.952604362581087,1.6555165161701475,-0.002575736356986824,219.7373718846216,3.317134791577437e-07,0.00314197596652092,-5.255103690627783e-06,-0.42917074464183536,94.09899011047055,-0.03439785436055162,0.00011041301832403596,0.09337506068271181,24438.4,0.07617066604699457,0.0115,index_dividend_yield,0.065,10.85,65,24341.95,24378.6,24253.6,24334.55,mid_price,ok
2026-08-26T08:02:04.086310+00:00,2026-08-26T13:32:04.086310+05:30,NIFTY,29-Sep-2026,25600.0,PE,24265.2,1166.85,195,1178.6,260,1111.45,1172.725,496,155,392,-2.1180096873623953,8.78,,,,,,,,,,,,,,,0.09337506068271181,,,,,,10.85,65,24341.95,24378.6,24253.6,24334.55,mid_price,no_price_available
2026-08-26T08:02:04.086310+00:00,2026-08-26T13:32:04.086310+05:30,NIFTY,29-Sep-2026,25650.0,CE,24265.2,12.3,455,12.5,715,12.4,12.4,376,24,362,-14.482758620689655,8.91,0.032748701084587745,0.00011071337294204928,-0.8239054417074009,5.4234599016396565,1.5337615852421567,-0.0023976570312913004,209.4059442839944,3.043202760418973e-07,0.003032457973033805,-5.0581635792791145e-06,-0.40689085224786226,94.57239634947486,-0.030653067604415968,9.908161881298239e-05,0.09337506068271181,24438.4,0.07617066604699457,0.0115,index_dividend_yield,0.065,10.85,65,24341.95,24378.6,24253.6,24334.55,mid_price,ok
2026-08-26T08:02:04.086310+00:00,2026-08-26T13:32:04.086310+05:30,NIFTY,29-Sep-2026,25650.0,PE,24265.2,1084.4,650,1236.8,195,0.0,1160.6,1,0,0,0,13.42,,,,,,,,,,,,,,,0.09337506068271181,,,,,,10.85,65,24341.95,24378.6,24253.6,24334.55,mid_price,no_price_available
2026-08-26T08:02:04.086310+00:00,2026-08-26T13:32:04.086310+05:30,NIFTY,29-Sep-2026,25700.0,CE,24265.2,11.15,650,11.25,715,11.2,11.2,5325,580,3151,-11.11111111111111,9.04,0.02968364994319881,0.00010060290198015721,-0.7673381862146944,5.000087293822717,1.4265354770575163,-0.0022488255853473187,199.37920242540218,2.792703800963442e-07,0.0028988974190165455,-4.847903538231636e-06,-0.3876369537253534,94.50574938519567,-0.027729889449879745,8.968338922366793e-05,0.09337506068271181,24438.4,0.07617066604699457,0.0115,index_dividend_yield,0.065,10.85,65,24341.95,24378.6,24253.6,24334.55,mid_price,ok
2026-08-26T08:02:04.086310+00:00,2026-08-26T13:32:04.086310+05:30,NIFTY,29-Sep-2026,25700.0,PE,24265.2,1245.35,65,1276.25,65,0.0,1260.8,185,0,0,0,15.05,,,,,,,,,,,,,,,0.09337506068271181,,,,,,10.85,65,24341.95,24378.6,24253.6,24334.55,mid_price,no_price_available
2026-08-26T08:02:04.086310+00:00,2026-08-26T13:32:04.086310+05:30,NIFTY,29-Sep-2026,25750.0,CE,24265.2,9.9,650,54.9,7670,0.0,32.4,0,0,0,0,0,,,,,,,,,,,,,,,0.09337506068271181,24438.4,0.07617066604699457,0.0115,index_dividend_yield,0.065,10.85,65,24341.95,24378.6,24253.6,24334.55,mid_price,no_nse_iv
2026-08-26T08:02:04.086310+00:00,2026-08-26T13:32:04.086310+05:30,NIFTY,29-Sep-2026,25750.0,PE,24265.2,1196,1690,1325.55,195,1170,1260.775,7,1,1,13.043478260869565,0,,,,,,,,,,,,,,,0.09337506068271181,,,,,,10.85,65,24341.95,24378.6,24253.6,24334.55,mid_price,no_price_available
2026-08-26T08:02:04.086310+00:00,2026-08-26T13:32:04.086310+05:30,NIFTY,29-Sep-2026,25800.0,CE,24265.2,9,585,9.1,455,9.05,9.05,7337,852,3785,-11.707317073170731,9.25,0.02388484947380646,8.19967405091458e-05,-0.6497461917319456,4.170008777737036,1.2202272067732765,-0.0019467890220327513,179.04367919336406,2.3402638050794224e-07,0.0026342722263500663,-4.413918746443751e-06,-0.3468148360773453,95.09431374030477,-0.02222775024959771,7.253121080056765e-05,0.09337506068271181,24438.4,0.07617066604699457,0.0115,index_dividend_yield,0.065,10.85,65,24341.95,24378.6,24253.6,24334.55,mid_price,ok
2026-08-26T08:02:04.086310+00:00,2026-08-26T13:32:04.086310+05:30,NIFTY,29-Sep-2026,25800.0,PE,24265.2,1354.9,65,1373.85,130,1303.45,1364.375,323,0,6,-1.362140073404215,8.97,,,,,,,,,,,,,,,0.09337506068271181,,,,,,10.85,65,24341.95,24378.6,24253.6,24334.55,mid_price,no_price_available
2026-08-26T08:02:04.086310+00:00,2026-08-26T13:32:04.086310+05:30,NIFTY,29-Sep-2026,25850.0,CE,24265.2,8.15,650,47.25,9360,0.0,27.7,1,0,0,0,13.61,0.08364854919133533,0.0001523130953334679,-2.566364947193268,11.39709102216899,1.605847685466906,-0.003745437842308838,164.36259986117108,2.014406847788406e-07,0.001077569352359492,-2.888002804076514e-06,-0.5504526117407593,53.478139724936526,-0.07705199373124126,0.00013420969816017097,0.09337506068271181,24438.4,0.07617066604699457,0.0115,index_dividend_yield,0.065,10.85,65,24341.95,24378.6,24253.6,24334.55,mid_price,wide_quote_low_liquidity
2026-08-26T08:02:04.086310+00:00,2026-08-26T13:32:04.086310+05:30,NIFTY,29-Sep-2026,25850.0,PE,24265.2,1367.3,650,1434.7,195,0.0,1401.0,0,0,0,0,0,,,,,,,,,,,,,,,0.09337506068271181,,,,,,10.85,65,24341.95,24378.6,24253.6,24334.55,mid_price,no_price_available
2026-08-26T08:02:04.086310+00:00,2026-08-26T13:32:04.086310+05:30,NIFTY,29-Sep-2026,25900.0,CE,24265.2,6,1365,43.75,5850,0.0,24.875,0,0,0,0,0,,,,,,,,,,,,,,,0.09337506068271181,24438.4,0.07617066604699457,0.0115,index_dividend_yield,0.065,10.85,65,24341.95,24378.6,24253.6,24334.55,mid_price,no_nse_iv
2026-08-26T08:02:04.086310+00:00,2026-08-26T13:32:04.086310+05:30,NIFTY,29-Sep-2026,25900.0,PE,24265.2,1442.55,390,1484.5,195,0.0,1463.525,75,0,0,0,23.11,,,,,,,,,,,,,,,0.09337506068271181,,,,,,10.85,65,24341.95,24378.6,24253.6,24334.55,mid_price,no_price_available
2026-08-26T08:02:04.086310+00:00,2026-08-26T13:32:04.086310+05:30,NIFTY,29-Sep-2026,25950.0,CE,24265.2,6.85,650,6.9,260,6.9,6.875,315,193,442,-9.803921568627452,9.65,0.018185284901118967,6.240029726062895e-05,-0.5325369654697995,3.310645042126682,0.9816383747127643,-0.001611072191907488,152.28478740827066,1.8084967278420987e-07,0.0022237033356246913,-3.7953347659227803e-06,-0.2984952392710647,94.35904768658516,-0.01682439616961646,5.456066872922779e-05,0.09337506068271181,24438.4,0.07617066604699457,0.0115,index_dividend_yield,0.065,10.85,65,24341.95,24378.6,24253.6,24334.55,mid_price,ok
2026-08-26T08:02:04.086310+00:00,2026-08-26T13:32:04.086310+05:30,NIFTY,29-Sep-2026,25950.0,PE,24265.2,1388.55,650,1534.6,195,0.0,1461.5749999999998,1,0,0,0,13.83,,,,,,,,,,,,,,,0.09337506068271181,,,,,,10.85,65,24341.95,24378.6,24253.6,24334.55,mid_price,no_price_available
2026-08-26T08:02:04.086310+00:00,2026-08-26T13:32:04.086310+05:30,NIFTY,29-Sep-2026,26000.0,CE,24265.2,6.75,4225,6.8,715,6.75,6.775,59140.230769230766,2096,12957,-8.16326530612245,9.9,0.01774170911132985,5.9557174933930235e-05,-0.5330847397480512,3.241663500840943,0.941688606199047,-0.001578946912061861,146.7883784897064,1.6898930305198937e-07,0.0020952785005018174,-3.6481153528723784e-06,-0.2936752140668961,92.27439244022204,-0.016378485406031484,5.187464570123572e-05,0.09337506068271181,24438.4,0.07617066604699457,0.0115,index_dividend_yield,0.065,10.85,65,24341.95,24378.6,24253.6,24334.55,mid_price,ok
2026-08-26T08:02:04.086310+00:00,2026-08-26T13:32:04.086310+05:30,NIFTY,29-Sep-2026,26000.0,PE,24265.2,1552.3,65,1559.3,65,1559.95,1555.8,34779.769230769234,81,1319,3.5513956653058516,16.04,,,,,,,,,,,,,,,0.09337506068271181,,,,,,10.85,65,24341.95,24378.6,24253.6,24334.55,mid_price,no_price_available
2026-08-26T08:02:04.086310+00:00,2026-08-26T13:32:04.086310+05:30,NIFTY,29-Sep-2026,26050.0,CE,24265.2,1.2,3055,34.6,6305,0.0,17.900000000000002,0,0,0,0,0,,,,,,,,,,,,,,,0.09337506068271181,24438.4,0.07617066604699457,0.0115,index_dividend_yield,0.065,10.85,65,24341.95,24378.6,24253.6,24334.55,mid_price,no_nse_iv
2026-08-26T08:02:04.086310+00:00,2026-08-26T13:32:04.086310+05:30,NIFTY,29-Sep-2026,26050.0,PE,24265.2,1483,1105,1634.85,65,0.0,1558.925,4,0,0,0,18.06,,,,,,,,,,,,,,,0.09337506068271181,,,,,,10.85,65,24341.95,24378.6,24253.6,24334.55,mid_price,no_price_available
2026-08-26T08:02:04.086310+00:00,2026-08-26T13:32:04.086310+05:30,NIFTY,29-Sep-2026,26100.0,CE,24265.2,5,1300,31.9,6305,0.0,18.45,0,0,0,0,0,,,,,,,,,,,,,,,0.09337506068271181,24438.4,0.07617066604699457,0.0115,index_dividend_yield,0.065,10.85,65,24341.95,24378.6,24253.6,24334.55,mid_price,no_nse_iv
2026-08-26T08:02:04.086310+00:00,2026-08-26T13:32:04.086310+05:30,NIFTY,29-Sep-2026,26100.0,PE,24265.2,1635.9,65,1680.1,65,0.0,1658.0,143,0,0,0,18.64,,,,,,,,,,,,,,,0.09337506068271181,,,,,,10.85,65,24341.95,24378.6,24253.6,24334.55,mid_price,no_price_available
2026-08-26T08:02:04.086310+00:00,2026-08-26T13:32:04.086310+05:30,NIFTY,29-Sep-2026,26150.0,CE,24265.2,1.8,6565,29,6305,0.0,15.4,0,0,0,0,0,,,,,,,,,,,,,,,0.09337506068271181,24438.4,0.07617066604699457,0.0115,index_dividend_yield,0.065,10.85,65,24341.95,24378.6,24253.6,24334.55,mid_price,no_nse_iv
2026-08-26T08:02:04.086310+00:00,2026-08-26T13:32:04.086310+05:30,NIFTY,29-Sep-2026,26150.0,PE,24265.2,1577.2,650,1735,65,0.0,1656.1,1,0,0,0,19.21,,,,,,,,,,,,,,,0.09337506068271181,,,,,,10.85,65,24341.95,24378.6,24253.6,24334.55,mid_price,no_price_available
2026-08-26T08:02:04.086310+00:00,2026-08-26T13:32:04.086310+05:30,NIFTY,29-Sep-2026,26200.0,CE,24265.2,4.85,845,4.9,195,4.8,4.875,2819,178,1507,-8.571428571428571,10.39,0.012431541435981363,4.179693049397362e-05,-0.407561077193087,2.3875835832673054,0.7049754352844223,-0.0012228028666627158,117.24512013143662,1.208238755897384e-07,0.0016501603797919795,-2.946906347529765e-06,-0.23839496818173078,91.66362931497167,-0.011387899276888632,3.585168374881321e-05,0.09337506068271181,24438.4,0.07617066604699457,0.0115,index_dividend_yield,0.065,10.85,65,24341.95,24378.6,24253.6,24334.55,mid_price,ok
2026-08-26T08:02:04.086310+00:00,2026-08-26T13:32:04.086310+05:30,NIFTY,29-Sep-2026,26200.0,PE,24265.2,1739.3,65,1756.75,65,1734,1748.025,577,16,18,4.310163323006587,15.55,,,,,,,,,,,,,,,0.09337506068271181,,,,,,10.85,65,24341.95,24378.6,24253.6,24334.55,mid_price,no_price_available
2026-08-26T08:02:04.086310+00:00,2026-08-26T13:32:04.086310+05:30,NIFTY,29-Sep-2026,26250.0,CE,24265.2,2.25,3055,21.5,6305,0.0,11.875,0,0,0,0,0,,,,,,,,,,,,,,,0.09337506068271181,24438.4,0.07617066604699457,0.0115,index_dividend_yield,0.065,10.85,65,24341.95,24378.6,24253.6,24334.55,mid_price,no_nse_iv
2026-08-26T08:02:04.086310+00:00,2026-08-26T13:32:04.086310+05:30,NIFTY,29-Sep-2026,26250.0,PE,24265.2,1758.85,650,1835.45,65,0.0,1797.15,0,0,0,0,0,,,,,,,,,,,,,,,0.09337506068271181,,,,,,10.85,65,24341.95,24378.6,24253.6,24334.55,mid_price,no_price_available
2026-08-26T08:02:04.086310+00:00,2026-08-26T13:32:04.086310+05:30,NIFTY,29-Sep-2026,26300.0,CE,24265.2,4.15,845,4.25,325,4.2,4.2,2472,79,933,0,10.69,0.010829833037225416,3.6039009104484885e-05,-0.37018074613677104,2.1181133341729517,0.6222128827750384,-0.0011036000210404608,105.91475230827818,1.0367857005643332e-07,0.0014649200172733412,-2.667601821669749e-06,-0.2189354502824008,90.47516500399021,-0.009881503119121431,3.0678144942778727e-05,0.09337506068271181,24438.4,0.07617066604699457,0.0115,index_dividend_yield,0.065,10.85,65,24341.95,24378.6,24253.6,24334.55,mid_price,ok
2026-08-26T08:02:04.086310+00:00,2026-08-26T13:32:04.086310+05:30,NIFTY,29-Sep-2026,26300.0,PE,24265.2,1836.7,260,1859.4,130,1840,1848.0500000000002,1222,5,10,2.1399428238363543,16.82,,,,,,,,,,,,,,,0.09337506068271181,,,,,,10.85,65,24341.95,24378.6,24253.6,24334.55,mid_price,no_price_available
2026-08-26T08:02:04.086310+00:00,2026-08-26T13:32:04.086310+05:30,NIFTY,29-Sep-2026,26350.0,CE,24265.2,1.9,3055,15.05,6305,0.0,8.475,0,0,0,0,0,,,,,,,,,,,,,,,0.09337506068271181,24438.4,0.07617066604699457,0.0115,index_dividend_yield,0.065,10.85,65,24341.95,24378.6,24253.6,24334.55,mid_price,no_nse_iv
2026-08-26T08:02:04.086310+00:00,2026-08-26T13:32:04.086310+05:30,NIFTY,29-Sep-2026,26350.0,PE,24265.2,1855.6,650,1935.75,65,0.0,1895.675,0,0,0,0,0,,,,,,,,,,,,,,,0.09337506068271181,,,,,,10.85,65,24341.95,24378.6,24253.6,24334.55,mid_price,no_price_available
2026-08-26T08:02:04.086310+00:00,2026-08-26T13:32:04.086310+05:30,NIFTY,29-Sep-2026,26400.0,CE,24265.2,3.9,325,3.95,130,3.95,3.925,236,59,258,-1.25,11.08,0.009998965938115499,3.243355373892333e-05,-0.3562306852476808,1.9757543408036593,0.5674973038477665,-0.0010374587576462875,97.86778732278178,9.116520226909246e-08,0.0013137988837691578,-2.4611764017466126e-06,-0.207904400514338,88.0730827595887,-0.009086063340013998,2.740024421037103e-05,0.09337506068271181,24438.4,0.07617066604699457,0.0115,index_dividend_yield,0.065,10.85,65,24341.95,24378.6,24253.6,24334.55,mid_price,ok
2026-08-26T08:02:04.086310+00:00,2026-08-26T13:32:04.086310+05:30,NIFTY,29-Sep-2026,26400.0,PE,24265.2,1794.05,650,2000.2,260,0.0,1897.125,58,0,0,0,18.9,,,,,,,,,,,,,,,0.09337506068271181,,,,,,10.85,65,24341.95,24378.6,24253.6,24334.55,mid_price,no_price_available
2026-08-26T08:02:04.086310+00:00,2026-08-26T13:32:04.086310+05:30,NIFTY,29-Sep-2026,26450.0,CE,24265.2,1.65,2730,9.45,5005,0.0,5.55,0,0,0,0,0,,,,,,,,,,,,,,,0.09337506068271181,24438.4,0.07617066604699457,0.0115,index_dividend_yield,0.065,10.85,65,24341.95,24378.6,24253.6,24334.55,mid_price,no_nse_iv
2026-08-26T08:02:04.086310+00:00,2026-08-26T13:32:04.086310+05:30,NIFTY,29-Sep-2026,26450.0,PE,24265.2,1952.6,650,2036.3,65,0.0,1994.4499999999998,0,0,0,0,0,,,,,,,,,,,,,,,0.09337506068271181,,,,,,10.85,65,24341.95,24378.6,24253.6,24334.55,mid_price,no_price_available
2026-08-26T08:02:04.086310+00:00,2026-08-26T13:32:04.086310+05:30,NIFTY,29-Sep-2026,26500.0,CE,24265.2,3.3,325,3.35,1690,3.3,3.325,14559,-15,4040,4.761904761904762,11.31,0.008475324895240803,2.7493574474303854e-05,-0.313389010631461,1.7095919301386575,0.4937295001690668,-0.0009166850609160765,87.39328860751927,7.776267618191652e-08,0.0011623018190384745,-2.206055112016251e-06,-0.18734512694840388,87.80453462189743,-0.007672198391550545,2.3051925602724414e-05,0.09337506068271181,24438.4,0.07617066604699457,0.0115,index_dividend_yield,0.065,10.85,65,24341.95,24378.6,24253.6,24334.55,mid_price,ok
2026-08-26T08:02:04.086310+00:00,2026-08-26T13:32:04.086310+05:30,NIFTY,29-Sep-2026,26500.0,PE,24265.2,2043.4,260,2053.2,65,2052,2048.3,12977,7,208,2.9500301023479834,19.31,,,,,,,,,,,,,,,0.09337506068271181,,,,,,10.85,65,24341.95,24378.6,24253.6,24334.55,mid_price,no_price_available
2026-08-26T08:02:04.086310+00:00,2026-08-26T13:32:04.086310+05:30,NIFTY,29-Sep-2026,26550.0,CE,24265.2,1.6,7020,5.25,1950,0.0,3.425,0,0,0,0,0,,,,,,,,,,,,,,,0.09337506068271181,24438.4,0.07617066604699457,0.0115,index_dividend_yield,0.065,10.85,65,24341.95,24378.6,24253.6,24334.55,mid_price,no_nse_iv
2026-08-26T08:02:04.086310+00:00,2026-08-26T13:32:04.086310+05:30,NIFTY,29-Sep-2026,26550.0,PE,24265.2,2049.6,650,2136.8,65,0.0,2093.2,0,0,0,0,0,,,,,,,,,,,,,,,0.09337506068271181,,,,,,10.85,65,24341.95,24378.6,24253.6,24334.55,mid_price,no_price_available
2026-08-26T08:02:04.086310+00:00,2026-08-26T13:32:04.086310+05:30,NIFTY,29-Sep-2026,26600.0,CE,24265.2,3.25,195,3.35,130,3.3,3.3,1117,253,476,3.125,11.73,0.008061649362000635,2.5369327909212587e-05,-0.3098098223564227,1.6360840906959957,0.45927607850166113,-0.0008802741283949088,81.91950989171659,6.966339536702582e-08,0.0010539209866480767,-2.0624065550884854e-06,-0.18101871840289618,85.12811116082148,-0.0072676546897021,2.1111225229627888e-05,0.09337506068271181,24438.4,0.07617066604699457,0.0115,index_dividend_yield,0.065,10.85,65,24341.95,24378.6,24253.6,24334.55,mid_price,ok
2026-08-26T08:02:04.086310+00:00,2026-08-26T13:32:04.086310+05:30,NIFTY,29-Sep-2026,26600.0,PE,24265.2,2098.1,650,2187.05,65,0.0,2142.575,0,0,0,0,0,,,,,,,,,,,,,,,0.09337506068271181,,,,,,10.85,65,24341.95,24378.6,24253.6,24334.55,mid_price,no_price_available
2026-08-26T08:02:04.086310+00:00,2026-08-26T13:32:04.086310+05:30,NIFTY,29-Sep-2026,26650.0,CE,24265.2,2.2,195,4,650,0.0,3.1,5,0,0,0,12.27,0.009419094889657129,2.7798447410405345e-05,-0.370555505003317,1.8752697617079843,0.4917539089523432,-0.000983715021632343,85.6206137995561,7.105056303986016e-08,0.0010426181387274407,-2.1310876208258853e-06,-0.19879097334610263,80.12439253160566,-0.008469182136895419,2.304591014543432e-05,0.09337506068271181,24438.4,0.07617066604699457,0.0115,index_dividend_yield,0.065,10.85,65,24341.95,24378.6,24253.6,24334.55,mid_price,wide_quote_low_liquidity
2026-08-26T08:02:04.086310+00:00,2026-08-26T13:32:04.086310+05:30,NIFTY,29-Sep-2026,26650.0,PE,24265.2,2146.65,650,2237.35,65,0.0,2192.0,0,0,0,0,0,,,,,,,,,,,,,,,0.09337506068271181,,,,,,10.85,65,24341.95,24378.6,24253.6,24334.55,mid_price,no_price_available
2026-08-26T08:02:04.086310+00:00,2026-08-26T13:32:04.086310+05:30,NIFTY,29-Sep-2026,26700.0,CE,24265.2,2.6,585,3.55,390,2.6,3.075,42,1,9,-26.760563380281692,11.85,0.006477533235230136,2.070633463479126e-05,-0.2572362016986621,1.3490257087958897,0.3870383525971491,-0.000746243657609006,71.29825784597243,5.820648576468656e-08,0.0009195656435954536,-1.8061997953113168e-06,-0.15726658560167572,86.13176653938024,-0.005818493515324331,1.7102061194653118e-05,0.09337506068271181,24438.4,0.07617066604699457,0.0115,index_dividend_yield,0.065,10.85,65,24341.95,24378.6,24253.6,24334.55,mid_price,wide_quote_low_liquidity
2026-08-26T08:02:04.086310+00:00,2026-08-26T13:32:04.086310+05:30,NIFTY,29-Sep-2026,26700.0,PE,24265.2,2195.2,650,2287.65,65,0.0,2241.425,0,0,0,0,0,,,,,,,,,,,,,,,0.09337506068271181,,,,,,10.85,65,24341.95,24378.6,24253.6,24334.55,mid_price,no_price_available
2026-08-26T08:02:04.086310+00:00,2026-08-26T13:32:04.086310+05:30,NIFTY,29-Sep-2026,26750.0,CE,24265.2,3,845,3.2,195,3.05,3.1,99,85,133,35.55555555555556,12.32,0.007373994139983294,2.2331417674412594e-05,-0.299227512507842,1.5126054114999148,0.40994634113124784,-0.000820084776944425,74.10575896159754,5.911871757907086e-08,0.0009127528997457518,-1.8609637661097944e-06,-0.17044167201078952,81.82774779361374,-0.006607280688338505,1.837538605882724e-05,0.09337506068271181,24438.4,0.07617066604699457,0.0115,index_dividend_yield,0.065,10.85,65,24341.95,24378.6,24253.6,24334.55,mid_price,ok
2026-08-26T08:02:04.086310+00:00,2026-08-26T13:32:04.086310+05:30,NIFTY,29-Sep-2026,26750.0,PE,24265.2,2244.4,650,2481.8,715,0.0,2363.1000000000004,1,0,0,0,18.46,,,,,,,,,,,,,,,0.09337506068271181,,,,,,10.85,65,24341.95,24378.6,24253.6,24334.55,mid_price,no_price_available
2026-08-26T08:02:04.086310+00:00,2026-08-26T13:32:04.086310+05:30,NIFTY,29-Sep-2026,26800.0,CE,24265.2,2.7,130,3.05,325,3.1,2.875,67,29,39,3.3333333333333335,12.57,0.007386856077494645,2.192091766743752e-05,-0.30524110428173423,1.5149303144904218,0.4024323333517974,-0.0008198029180384947,72.72885338188317,5.682654689720155e-08,0.0008779443053234114,-1.822168268144031e-06,-0.17038652376668062,80.20476681052885,-0.006604802838165434,1.7970364795779585e-05,0.09337506068271181,24438.4,0.07617066604699457,0.0115,index_dividend_yield,0.065,10.85,65,24341.95,24378.6,24253.6,24334.55,mid_price,ok
2026-08-26T08:02:04.086310+00:00,2026-08-26T13:32:04.086310+05:30,NIFTY,29-Sep-2026,26800.0,PE,24265.2,2141.6,650,2388.2,65,0.0,2264.8999999999996,21,0,0,0,0,,,,,,,,,,,,,,,0.09337506068271181,,,,,,10.85,65,24341.95,24378.6,24253.6,24334.55,mid_price,no_price_available
2026-08-26T08:02:04.086310+00:00,2026-08-26T13:32:04.086310+05:30,NIFTY,29-Sep-2026,26850.0,CE,24265.2,2.15,1755,3.75,650,0.0,2.95,55,0,0,0,12.53,0.006307495695920359,1.9127014240120264e-05,-0.26431140625862704,1.3176403924505047,0.35915434880947433,-0.0007279863608254405,66.41388852363129,5.0958733813882285e-08,0.0008113715077507825,-1.6734498925544636e-06,-0.1539532582741674,81.71885543959395,-0.005630529885519344,1.5621630155230157e-05,0.09337506068271181,24438.4,0.07617066604699457,0.0115,index_dividend_yield,0.065,10.85,65,24341.95,24378.6,24253.6,24334.55,mid_price,wide_quote_low_liquidity
2026-08-26T08:02:04.086310+00:00,2026-08-26T13:32:04.086310+05:30,NIFTY,29-Sep-2026,26850.0,PE,24265.2,2340.9,650,2438.55,65,0.0,2389.7250000000004,0,0,0,0,0,,,,,,,,,,,,,,,0.09337506068271181,,,,,,10.85,65,24341.95,24378.6,24253.6,24334.55,mid_price,no_price_available
2026-08-26T08:02:04.086310+00:00,2026-08-26T13:32:04.086310+05:30,NIFTY,29-Sep-2026,26900.0,CE,24265.2,2.75,65,2.9,195,2.8,2.825,68,40,75,14.285714285714286,12.86,0.006628166384236357,1.9471949372431395e-05,-0.28295137114929275,1.3767308613023956,0.3632261840108854,-0.0007542720325291768,66.69182554115349,5.012972897807773e-08,0.0007918043391938871,-1.6730379568714027e-06,-0.15869361840145202,79.2618773011354,-0.005903518166989445,1.5844284141598335e-05,0.09337506068271181,24438.4,0.07617066604699457,0.0115,index_dividend_yield,0.065,10.85,65,24341.95,24378.6,24253.6,24334.55,mid_price,ok
2026-08-26T08:02:04.086310+00:00,2026-08-26T13:32:04.086310+05:30,NIFTY,29-Sep-2026,26900.0,PE,24265.2,2389.5,650,2701.3,650,0.0,2545.4,1,0,0,0,20.92,,,,,,,,,,,,,,,0.09337506068271181,,,,,,10.85,65,24341.95,24378.6,24253.6,24334.55,mid_price,no_price_available
2026-08-26T08:02:04.086310+00:00,2026-08-26T13:32:04.086310+05:30,NIFTY,29-Sep-2026,26950.0,CE,24265.2,1.75,1755,2.8,65,0.0,2.275,25,0,0,0,12.88,0.005866431495224254,1.7449553552877725e-05,-0.25403451226914,1.2356595514786377,0.3311121837020611,-0.0006874895123910943,61.85754319883119,4.5672879954078535e-08,0.0007380064831835684,-1.5576494584592534e-06,-0.14656815139860258,80.08058882590024,-0.005216050000688292,1.4146028588106467e-05,0.09337506068271181,24438.4,0.07617066604699457,0.0115,index_dividend_yield,0.065,10.85,65,24341.95,24378.6,24253.6,24334.55,mid_price,wide_quote_low_liquidity
2026-08-26T08:02:04.086310+00:00,2026-08-26T13:32:04.086310+05:30,NIFTY,29-Sep-2026,26950.0,PE,24265.2,2438.05,650,2539.2,65,0.0,2488.625,0,0,0,0,0,,,,,,,,,,,,,,,0.09337506068271181,,,,,,10.85,65,24341.95,24378.6,24253.6,24334.55,mid_price,no_price_available
2026-08-26T08:02:04.086310+00:00,2026-08-26T13:32:04.086310+05:30,NIFTY,29-Sep-2026,27000.0,CE,24265.2,2.8,2990,2.9,130,2.85,2.8499999999999996,29497,1201,3992,3.6363636363636362,13.33,0.006584315227225739,1.8675469651689555e-05,-0.2907024583017599,1.3686749831497007,0.3488956473387903,-0.0007484611878882315,64.12214807277805,4.6378127763793164e-08,0.0007348024149369504,-1.6028980356182122e-06,-0.15763995065154823,76.54957243936906,-0.005840095747497445,1.5083834352612371e-05,0.09337506068271181,24438.4,0.07617066604699457,0.0115,index_dividend_yield,0.065,10.85,65,24341.95,24378.6,24253.6,24334.55,mid_price,ok
2026-08-26T08:02:04.086310+00:00,2026-08-26T13:32:04.086310+05:30,NIFTY,29-Sep-2026,27000.0,PE,24265.2,2538.9,195,2550.9,65,2540,2544.9,24368.46153846154,22,178,1.518784972022382,21.94,,,,,,,,,,,,,,,0.09337506068271181,,,,,,10.85,65,24341.95,24378.6,24253.6,24334.55,mid_price,no_price_available
2026-08-26T08:02:04.086310+00:00,2026-08-26T13:32:04.086310+05:30,NIFTY,29-Sep-2026,27050.0,CE,24265.2,1.9,195,2.75,780,2.35,2.325,42,-1,91,-20.338983050847457,13.24,0.00551062911737776,1.605794428153062e-05,-0.2463401942211732,1.1688979023861241,0.30745178742726814,-0.0006540827604211447,57.9377718867412,4.1224032667854155e-08,0.0006746045594461386,-1.4576343813255939e-06,-0.14041215469859059,78.39342255955769,-0.004880251635102299,1.2921804265544246e-05,0.09337506068271181,24438.4,0.07617066604699457,0.0115,index_dividend_yield,0.065,10.85,65,24341.95,24378.6,24253.6,24334.55,mid_price,wide_quote_low_liquidity
2026-08-26T08:02:04.086310+00:00,2026-08-26T13:32:04.086310+05:30,NIFTY,29-Sep-2026,27050.0,PE,24265.2,2535.25,650,2639.85,65,0.0,2587.55,0,0,0,0,0,,,,,,,,,,,,,,,0.09337506068271181,,,,,,10.85,65,24341.95,24378.6,24253.6,24334.55,mid_price,no_price_available
2026-08-26T08:02:04.086310+00:00,2026-08-26T13:32:04.086310+05:30,NIFTY,29-Sep-2026,27100.0,CE,24265.2,2.45,260,2.5,260,2.45,2.475,190,60,75,4.25531914893617,13.52,0.00565066287674092,1.6079803396831293e-05,-0.25685017440391095,1.1952426275688577,0.3069238480690804,-0.0006657380902351786,57.63859567512996,4.0251881959642133e-08,0.0006564496825054235,-1.4459650864865637e-06,-0.14256143195802307,76.6068092227569,-0.004993528334820615,1.2891691468241207e-05,0.09337506068271181,24438.4,0.07617066604699457,0.0115,index_dividend_yield,0.065,10.85,65,24341.95,24378.6,24253.6,24334.55,mid_price,ok
2026-08-26T08:02:04.086310+00:00,2026-08-26T13:32:04.086310+05:30,NIFTY,29-Sep-2026,27100.0,PE,24265.2,2583.9,650,2690.25,65,0.0,2637.075,0,0,0,0,0,,,,,,,,,,,,,,,0.09337506068271181,,,,,,10.85,65,24341.95,24378.6,24253.6,24334.55,mid_price,no_price_available
2026-08-26T08:02:04.086310+00:00,2026-08-26T13:32:04.086310+05:30,NIFTY,29-Sep-2026,27150.0,CE,24265.2,2.05,520,2.45,130,2.05,2.25,99,-10,26,-18,13.46,0.004805417878645301,1.398310420808265e-05,-0.22115856499861525,1.034778273642865,0.2727252288844974,-0.0005880789078892704,52.35421711759302,3.5983006802420424e-08,0.0006035424593604077,-1.320304252910029e-06,-0.12807784119742371,78.1196437846676,-0.004239844822195338,1.1169447131846071e-05,0.09337506068271181,24438.4,0.07617066604699457,0.0115,index_dividend_yield,0.065,10.85,65,24341.95,24378.6,24253.6,24334.55,mid_price,wide_quote_low_liquidity
2026-08-26T08:02:04.086310+00:00,2026-08-26T13:32:04.086310+05:30,NIFTY,29-Sep-2026,27150.0,PE,24265.2,2632.45,650,2740.55,65,0.0,2686.5,0,0,0,0,0,,,,,,,,,,,,,,,0.09337506068271181,,,,,,10.85,65,24341.95,24378.6,24253.6,24334.55,mid_price,no_price_available
2026-08-26T08:02:04.086310+00:00,2026-08-26T13:32:04.086310+05:30,NIFTY,29-Sep-2026,27200.0,CE,24265.2,2.3,130,2.35,65,2.35,2.325,591,-60,567,34.285714285714285,13.89,0.005364067400105464,1.494413748723822e-05,-0.2513211288213135,1.1412262372744069,0.2873891100275772,-0.0006385630874262364,54.35782942909961,3.665454506616966e-08,0.0006041807263292457,-1.36227506055393e-06,-0.13752704178761066,74.95862731089645,-0.004721461084242814,1.1893256814903407e-05,0.09337506068271181,24438.4,0.07617066604699457,0.0115,index_dividend_yield,0.065,10.85,65,24341.95,24378.6,24253.6,24334.55,mid_price,ok
2026-08-26T08:02:04.086310+00:00,2026-08-26T13:32:04.086310+05:30,NIFTY,29-Sep-2026,27200.0,PE,24265.2,2681.1,650,2790.9,65,0.0,2736.0,0,0,0,0,0,,,,,,,,,,,,,,,0.09337506068271181,,,,,,10.85,65,24341.95,24378.6,24253.6,24334.55,mid_price,no_price_available
2026-08-26T08:02:04.086310+00:00,2026-08-26T13:32:04.086310+05:30,NIFTY,29-Sep-2026,28500.0,CE,24265.2,1.2,390,1.25,130,1.2,1.225,8794,-6,277,-4,17.92,0.002405933977515216,5.641096663948728e-06,-0.15450243619996895,0.5557765193147064,0.12021274773827924,-0.00033600920623405714,25.12607058310573,1.1804912712893058e-08,0.00022353540751275845,-6.299975456905112e-07,-0.07838736036792981,62.54838851669416,-0.002015687869159872,4.089230319141873e-06,0.09337506068271181,24438.4,0.07617066604699457,0.0115,index_dividend_yield,0.065,10.85,65,24341.95,24378.6,24253.6,24334.55,mid_price,ok
2026-08-26T08:02:04.086310+00:00,2026-08-26T13:32:04.086310+05:30,NIFTY,29-Sep-2026,28500.0,PE,24265.2,4013.6,65,4030.3,65,4023.25,4021.95,6673,10,21,0.4958285457361243,30.43,,,,,,,,,,,,,,,0.09337506068271181,,,,,,10.85,65,24341.95,24378.6,24253.6,24334.55,mid_price,no_price_available
2026-08-26T08:02:04.086310+00:00,2026-08-26T13:32:04.086310+05:30,NIFTY,29-Sep-2026,30000.0,CE,24265.2,1.05,1040,1.15,130,1.15,1.1,4841.384615384615,-24,97,-4.166666666666667,23.18,0.0019288283527326535,3.569071903611685e-06,-0.16136909042243044,0.4548491386573381,0.07833982324159584,-0.00027903805498965227,16.78221888633047,5.874082563604125e-09,0.00011628345871401275,-4.1662222741834514e-07,-0.06645144798946806,49.435175216528535,-0.0015285547507733956,2.3349658785815133e-06,0.09337506068271181,24438.4,0.07617066604699457,0.0115,index_dividend_yield,0.065,10.85,65,24341.95,24378.6,24253.6,24334.55,mid_price,ok
2026-08-26T08:02:04.086310+00:00,2026-08-26T13:32:04.086310+05:30,NIFTY,29-Sep-2026,30000.0,PE,24265.2,5495.95,65,5535.15,195,5401.25,5515.549999999999,2259,2,13,-1.1755557588509742,0,,,,,,,,,,,,,,,0.09337506068271181,,,,,,10.85,65,24341.95,24378.6,24253.6,24334.55,mid_price,no_price_available
2026-08-26T08:02:04.086310+00:00,2026-08-26T13:32:04.086310+05:30,NIFTY,29-Sep-2026,31500.0,CE,24265.2,0.65,2600,1,65,0.65,0.825,236,1,2,-53.57142857142857,26.79,0.0010145692075735867,1.7175478754228276e-06,-0.10293692247426507,0.25297651921664605,0.04034182763101726,-0.0001646430589677826,9.229591629936612,2.605860008028615e-09,5.624966583666743e-05,-2.3049359628990506e-07,-0.04138085385914561,45.01524289378735,-0.0007641849909473467,1.0191907993014464e-06,0.09337506068271181,24438.4,0.07617066604699457,0.0115,index_dividend_yield,0.065,10.85,65,24341.95,24378.6,24253.6,24334.55,mid_price,wide_quote_low_liquidity
2026-08-26T08:02:04.086310+00:00,2026-08-26T13:32:04.086310+05:30,NIFTY,29-Sep-2026,31500.0,PE,24265.2,,0,7382.6,650,0.0,,0,0,0,0,0,,,,,,,,,,,,,,,0.09337506068271181,,,,,,10.85,65,24341.95,24378.6,24253.6,24334.55,none,no_price_available
2026-08-26T08:02:04.086310+00:00,2026-08-26T13:32:04.086310+05:30,NIFTY,29-Sep-2026,33000.0,CE,24265.2,0.9,130,1.2,130,1.2,1.05,572,16,32,60,32.9,0.0015447135035743732,2.0544288814958453e-06,-0.18466805011575502,0.37160851540829903,0.04659855042774897,-0.0002321825684380777,10.221513510731167,2.4111550286619747e-09,5.026381643941507e-05,-2.5137629582297205e-07,-0.05638278162005756,35.712221332607264,-0.001104036470893253,1.1107874965577028e-06,0.09337506068271181,24438.4,0.07617066604699457,0.0115,index_dividend_yield,0.065,10.85,65,24341.95,24378.6,24253.6,24334.55,mid_price,wide_quote_low_liquidity
2026-08-26T08:02:04.086310+00:00,2026-08-26T13:32:04.086310+05:30,NIFTY,29-Sep-2026,33000.0,PE,0,,0,,0,0.0,,0,0,0,0,0,,,,,,,,,,,,,,,0.09337506068271181,,,,,,10.85,65,24341.95,24378.6,24253.6,24334.55,none,no_price_available
2026-08-26T08:02:04.086310+00:00,2026-08-26T13:32:04.086310+05:30,NIFTY,29-Sep-2026,34500.0,CE,24265.2,0.45,65,3,520,0.0,1.725,152,0,0,0,34.32,0.0005652034906878002,7.821692163754798e-07,-0.07625264491924086,0.14758650429268388,0.019490725331609598,-0.00010091875808854536,4.704843529620168,9.706380983342182e-10,2.2654723487969526e-05,-1.1759825759016921e-07,-0.026527033134085692,36.78837261339598,-0.0003867238790643664,3.8692810809787286e-07,0.09337506068271181,24438.4,0.07617066604699457,0.0115,index_dividend_yield,0.065,10.85,65,24341.95,24378.6,24253.6,24334.55,mid_price,wide_quote_low_liquidity
2026-08-26T08:02:04.086310+00:00,2026-08-26T13:32:04.086310+05:30,NIFTY,29-Sep-2026,34500.0,PE,0,,0,,0,0.0,,0,0,0,0,0,,,,,,,,,,,,,,,0.09337506068271181,,,,,,10.85,65,24341.95,24378.6,24253.6,24334.55,none,no_price_available
2026-08-26T08:55:40.722785+00:00,2026-08-26T14:25:40.722785+05:30,NIFTY,29-Sep-2026,15000.0,CE,24272.8,,0,9872.75,1690,0.0,,0,0,0,0,0,,,,,,,,,,,,,,,0.09327306180920217,,,,,,10.87,65,24341.95,24378.6,24253.6,24334.55,none,no_price_available
2026-08-26T08:55:40.722785+00:00,2026-08-26T14:25:40.722785+05:30,NIFTY,29-Sep-2026,15000.0,PE,24272.8,1,65,1.25,65,1.25,1.125,729,0,1,38.888888888888886,53.85,-0.0011850245572540934,9.854071549021136e-07,-0.22616080114871437,0.29160663886947197,-0.020999414229413094,0.00016253589771951927,4.7309936005806295,-7.918709415017789e-10,1.415711545292173e-05,-1.0925143825408497e-07,-0.04090136159579694,-20.749001089106194,0.00201000940839155,2.5803163134025332e-06,0.09327306180920217,24440.5,0.07381778161500258,0.0115,index_dividend_yield,0.065,10.87,65,24341.95,24378.6,24253.6,24334.55,mid_price,wide_quote_low_liquidity
2026-08-26T08:55:40.722785+00:00,2026-08-26T14:25:40.722785+05:30,NIFTY,29-Sep-2026,16500.0,CE,24272.8,7346.15,1690,8232.65,1690,0.0,7789.4,0,0,0,0,0,,,,,,,,,,,,,,,0.09327306180920217,24440.5,0.07381778161500258,0.0115,index_dividend_yield,0.065,10.87,65,24341.95,24378.6,24253.6,24334.55,mid_price,no_nse_iv
2026-08-26T08:55:40.722785+00:00,2026-08-26T14:25:40.722785+05:30,NIFTY,29-Sep-2026,16500.0,PE,24272.8,0.9,325,1,1105,0.9,0.95,2051,-3,58,-5.2631578947368425,42.8,-0.0011184288965339305,1.1758461656452387e-06,-0.16968027743335992,0.27656057183549626,-0.025503650453923325,0.00015609440188629276,5.7785983703346195,-1.1835935539420758e-09,2.182114920693534e-05,-1.3308198255377523e-07,-0.0394303288212739,-26.46483448905068,0.0017074662041728756,2.5446167042299133e-06,0.09327306180920217,24440.5,0.07381778161500258,0.0115,index_dividend_yield,0.065,10.87,65,24341.95,24378.6,24253.6,24334.55,mid_price,ok
2026-08-26T08:55:40.722785+00:00,2026-08-26T14:25:40.722785+05:30,NIFTY,29-Sep-2026,18000.0,CE,24272.8,6333.55,65,6469.6,65,0.0,6401.575000000001,21,0,0,0,0,,,,,,,,,,,,,,,0.09327306180920217,24440.5,0.07381778161500258,0.0115,index_dividend_yield,0.065,10.87,65,24341.95,24378.6,24253.6,24334.55,mid_price,no_nse_iv
2026-08-26T08:55:40.722785+00:00,2026-08-26T14:25:40.722785+05:30,NIFTY,29-Sep-2026,18000.0,PE,24272.8,1.6,1430,1.7,910,1.7,1.65,15373,-7,338,-24.444444444444443,36.01,-0.002406265917531016,2.808238685202534e-06,-0.2849876497884199,0.5557162895178663,-0.0563958080200648,0.0002881730915665643,11.785050398407826,-3.088094569935168e-09,5.175502971213141e-05,-2.6304082472771833e-07,-0.06838150909265661,-29.742663724534694,0.0033539194321935673,5.106563802437689e-06,0.09327306180920217,24440.5,0.07381778161500258,0.0115,index_dividend_yield,0.065,10.87,65,24341.95,24378.6,24253.6,24334.55,mid_price,ok
2026-08-26T08:55:40.722785+00:00,2026-08-26T14:25:40.722785+05:30,NIFTY,29-Sep-2026,19500.0,CE,24272.8,4905.85,65,4938.75,65,4905.25,4922.3,2161,0,7,-0.5353177942473615,0,,,,,,,,,,,,,,,0.09327306180920217,24440.5,0.07381778161500258,0.0115,index_dividend_yield,0.065,10.87,65,24341.95,24378.6,24253.6,24334.55,mid_price,no_nse_iv
2026-08-26T08:55:40.722785+00:00,2026-08-26T14:25:40.722785+05:30,NIFTY,29-Sep-2026,19500.0,PE,24272.8,4.15,650,4.4,130,4.25,4.275,13713,558,1476,-12.371134020618557,30.05,-0.006454130901536085,8.141190730896968e-06,-0.5695110473633656,1.3443996601166897,-0.14448870570557287,0.0006084524609421818,26.62640798297311,-9.440392872304299e-09,0.00013414645336467222,-5.593998917549848e-07,-0.13186727605402715,-32.70508749902482,0.00827948224343201,1.2614163668678279e-05,0.09327306180920217,24440.5,0.07381778161500258,0.0115,index_dividend_yield,0.065,10.87,65,24341.95,24378.6,24253.6,24334.55,mid_price,ok
2026-08-26T08:55:40.722785+00:00,2026-08-26T14:25:40.722785+05:30,NIFTY,29-Sep-2026,21000.0,CE,24272.8,3421.05,65,3430.65,65,3435,3425.8500000000004,7708,-4,60,-0.6809211952986078,0,,,,,,,,,,,,,,,0.09327306180920217,24440.5,0.07381778161500258,0.0115,index_dividend_yield,0.065,10.87,65,24341.95,24378.6,24253.6,24334.55,mid_price,no_nse_iv
2026-08-26T08:55:40.722785+00:00,2026-08-26T14:25:40.722785+05:30,NIFTY,29-Sep-2026,21000.0,PE,24272.8,6.75,1820,6.8,520,6.7,6.775,22879,-213,5109,-10.666666666666666,22.5,-0.013376608341560292,2.0568223559124697e-05,-0.7913726672709156,2.5431694057157284,-0.32719785117135,0.0010075470296959741,53.717402659869904,-2.8222376199642314e-08,0.00034303162933471205,-1.0357071845523924e-06,-0.20275347146998746,-40.66368382779845,0.015841545207041948,2.7478811792595876e-05,0.09327306180920217,24440.5,0.07381778161500258,0.0115,index_dividend_yield,0.065,10.87,65,24341.95,24378.6,24253.6,24334.55,mid_price,ok
2026-08-26T08:55:40.722785+00:00,2026-08-26T14:25:40.722785+05:30,NIFTY,29-Sep-2026,21600.0,CE,24272.8,2771.2,65,2873.05,65,0.0,2822.125,694,0,0,0,0,,,,,,,,,,,,,,,0.09327306180920217,24440.5,0.07381778161500258,0.0115,index_dividend_yield,0.065,10.87,65,24341.95,24378.6,24253.6,24334.55,mid_price,no_nse_iv
2026-08-26T08:55:40.722785+00:00,2026-08-26T14:25:40.722785+05:30,NIFTY,29-Sep-2026,21600.0,PE,24272.8,8.3,2535,8.4,65,8.3,8.350000000000001,2331,687,1322,-11.229946524064172,19.49,-0.019040647448106428,3.213631805641111e-05,-0.9156610409672,3.4419451427291072,-0.47978369602269183,0.0012583415102957393,73.74820525705195,-4.754818506701705e-08,0.0005236798601795548,-1.3339218643053534e-06,-0.2439552740946822,-45.11967112809178,0.021870973502134756,4.058152559863383e-05,0.09327306180920217,24440.5,0.07381778161500258,0.0115,index_dividend_yield,0.065,10.87,65,24341.95,24378.6,24253.6,24334.55,mid_price,ok
2026-08-26T08:55:40.722785+00:00,2026-08-26T14:25:40.722785+05:30,NIFTY,29-Sep-2026,21650.0,CE,24272.8,2740.35,650,2848.8,65,0.0,2794.575,0,0,0,0,0,,,,,,,,,,,,,,,0.09327306180920217,24440.5,0.07381778161500258,0.0115,index_dividend_yield,0.065,10.87,65,24341.95,24378.6,24253.6,24334.55,mid_price,no_nse_iv
2026-08-26T08:55:40.722785+00:00,2026-08-26T14:25:40.722785+05:30,NIFTY,29-Sep-2026,21650.0,PE,24272.8,7.65,65,9,260,8.7,8.325,100,0,24,-13.432835820895523,19.32,-0.020059564817100733,3.3886583771833635e-05,-0.9475578811588808,3.597749309759259,-0.5006533347376875,0.001299321914900682,76.15962688293232,-5.005369192900299e-08,0.0005419421220568994,-1.3639662028489032e-06,-0.2504743427296936,-45.225370016687414,0.02298697117186706,4.259432514816447e-05,0.09327306180920217,24440.5,0.07381778161500258,0.0115,index_dividend_yield,0.065,10.87,65,24341.95,24378.6,24253.6,24334.55,mid_price,wide_quote_low_liquidity
2026-08-26T08:55:40.722785+00:00,2026-08-26T14:25:40.722785+05:30,NIFTY,29-Sep-2026,21700.0,CE,24272.8,2397.85,1690,2801.4,65,0.0,2599.625,2,0,0,0,24.74,0.9427003028225135,6.170762350010652e-05,-5.917267287198142,8.38946959779706,-0.6912610049231716,0.002321825190918947,81.30963672730739,-5.5930542693973583e-08,0.00034864631773869206,-1.075078905515733e-06,-0.39255207585656393,8.402701076320898,-0.9289772724608324,7.720743212361445e-05,0.09327306180920217,24440.5,0.07381778161500258,0.0115,index_dividend_yield,0.065,10.87,65,24341.95,24378.6,24253.6,24334.55,mid_price,wide_quote_low_liquidity
2026-08-26T08:55:40.722785+00:00,2026-08-26T14:25:40.722785+05:30,NIFTY,29-Sep-2026,21700.0,PE,24272.8,8.5,65,9.1,260,8.4,8.8,915,-7,67,-17.24137931034483,18.94,-0.02005376273273533,3.45579821101584e-05,-0.9272933769539823,3.5968666601689794,-0.5109002159254719,0.0012974973243125784,77.72288404552464,-5.20475908083932e-08,0.0005642901253428039,-1.3889004257101902e-06,-0.2501953225113134,-46.15269062235289,0.02291740662861763,4.323830520056459e-05,0.09327306180920217,24440.5,0.07381778161500258,0.0115,index_dividend_yield,0.065,10.87,65,24341.95,24378.6,24253.6,24334.55,mid_price,ok
2026-08-26T08:55:40.722785+00:00,2026-08-26T14:25:40.722785+05:30,NIFTY,29-Sep-2026,21750.0,CE,24272.8,2643.3,650,2748.25,65,0.0,2695.775,0,0,0,0,0,,,,,,,,,,,,,,,0.09327306180920217,24440.5,0.07381778161500258,0.0115,index_dividend_yield,0.065,10.87,65,24341.95,24378.6,24253.6,24334.55,mid_price,no_nse_iv
2026-08-26T08:55:40.722785+00:00,2026-08-26T14:25:40.722785+05:30,NIFTY,29-Sep-2026,21750.0,PE,24272.8,8,65,9.6,65,8.6,8.8,114,-19,55,-15.270935960591133,18.66,-0.020566401681103706,3.583513125280876e-05,-0.9319713705861932,3.6746554746559235,-0.527231355386024,0.001316685768569515,79.79880707620501,-5.4487140939066454e-08,0.0005861581793748117,-1.4171175442931433e-06,-0.25323607923411506,-46.708142719979115,0.023443305179227294,4.463034374745162e-05,0.09327306180920217,24440.5,0.07381778161500258,0.0115,index_dividend_yield,0.065,10.87,65,24341.95,24378.6,24253.6,24334.55,mid_price,wide_quote_low_liquidity
2026-08-26T08:55:40.722785+00:00,2026-08-26T14:25:40.722785+05:30,NIFTY,29-Sep-2026,21800.0,CE,24272.8,2326.15,715,2698.1,65,0.0,2512.125,4,0,0,0,0,,,,,,,,,,,,,,,0.09327306180920217,24440.5,0.07381778161500258,0.0115,index_dividend_yield,0.065,10.87,65,24341.95,24378.6,24253.6,24334.55,mid_price,no_nse_iv
2026-08-26T08:55:40.722785+00:00,2026-08-26T14:25:40.722785+05:30,NIFTY,29-Sep-2026,21800.0,PE,24272.8,8.9,130,9.2,130,9.05,9.05,1382,26,225,-15.42056074766355,18.5,-0.021758191870539907,3.790909385942849e-05,-0.9677159036120903,3.853994763339764,-0.5512854151111888,0.0013622384074887667,82.48027972619276,-5.746941458491967e-08,0.0006063940767081355,-1.4479656762316347e-06,-0.26039282365312655,-46.77906897545864,0.024744136050623693,4.699700380936635e-05,0.09327306180920217,24440.5,0.07381778161500258,0.0115,index_dividend_yield,0.065,10.87,65,24341.95,24378.6,24253.6,24334.55,mid_price,ok
2026-08-26T08:55:40.722785+00:00,2026-08-26T14:25:40.722785+05:30,NIFTY,29-Sep-2026,21850.0,CE,24272.8,2546.25,650,2647.75,65,0.0,2597.0,0,0,0,0,0,,,,,,,,,,,,,,,0.09327306180920217,24440.5,0.07381778161500258,0.0115,index_dividend_yield,0.065,10.87,65,24341.95,24378.6,24253.6,24334.55,mid_price,no_nse_iv
2026-08-26T08:55:40.722785+00:00,2026-08-26T14:25:40.722785+05:30,NIFTY,29-Sep-2026,21850.0,PE,24272.8,8.9,65,9.95,260,9.7,9.425,54,10,65,-0.5128205128205128,18.38,-0.023255781667435887,4.035940595135206e-05,-1.0155126382692268,4.076488866100791,-0.5786498415286772,0.0014176284787901607,85.37327058310939,-6.073306973325058e-08,0.0006256653727289107,-1.4779761573217091e-06,-0.2690031451997026,-46.682048367089266,0.02638787251966913,4.9805996939401815e-05,0.09327306180920217,24440.5,0.07381778161500258,0.0115,index_dividend_yield,0.065,10.87,65,24341.95,24378.6,24253.6,24334.55,mid_price,ok
2026-08-26T08:55:40.722785+00:00,2026-08-26T14:25:40.722785+05:30,NIFTY,29-Sep-2026,21900.0,CE,24272.8,2257.2,390,2597.7,65,0.0,2427.45,10,0,0,0,0,,,,,,,,,,,,,,,0.09327306180920217,24440.5,0.07381778161500258,0.0115,index_dividend_yield,0.065,10.87,65,24341.95,24378.6,24253.6,24334.55,mid_price,no_nse_iv
2026-08-26T08:55:40.722785+00:00,2026-08-26T14:25:40.722785+05:30,NIFTY,29-Sep-2026,21900.0,PE,24272.8,9.5,8970,9.7,65,9.5,9.6,2267,61,355,-14.414414414414415,18,-0.02329621800780336,4.1271739976208656e-05,-0.994236366682781,4.0824537374919645,-0.5918598408916776,0.0014170116495144068,87.28998894754291,-6.336230711699236e-08,0.000653183027027689,-1.5065919380063782e-06,-0.2689225041115382,-47.675783874420055,0.026361874987985343,5.069957326687559e-05,0.09327306180920217,24440.5,0.07381778161500258,0.0115,index_dividend_yield,0.065,10.87,65,24341.95,24378.6,24253.6,24334.55,mid_price,ok
2026-08-26T08:55:40.722785+00:00,2026-08-26T14:25:40.722785+05:30,NIFTY,29-Sep-2026,21950.0,CE,24272.8,2257.2,65,2547.3,65,2607.4,2402.25,1,1,1,10.054026675671112,26.8,0.9074076711245878,8.273820436627418e-05,-7.576291554196567,12.185318171973377,-0.7660647179207891,0.0027495468638737415,75.57822203838604,-5.880348468084321e-08,0.0002044584669415756,-6.051678174090155e-07,-0.4470113253965699,8.750760600112535,-0.888763722894571,0.00010117583495759878,0.09327306180920217,24440.5,0.07381778161500258,0.0115,index_dividend_yield,0.065,10.87,65,24341.95,24378.6,24253.6,24334.55,mid_price,ok
2026-08-26T08:55:40.722785+00:00,2026-08-26T14:25:40.722785+05:30,NIFTY,29-Sep-2026,21950.0,PE,24272.8,9.15,65,9.75,65,9.35,9.45,161,-21,165,-19.396551724137932,17.65,-0.023513694575473337,4.242052224360001e-05,-0.9808036106223946,4.114496609469773,-0.6074324040674234,0.0014228639767022708,89.40955275647732,-6.625762007931341e-08,0.0006814804615165625,-1.536236548653529e-06,-0.26984107201228147,-48.579539827434516,0.026537213627462575,5.1873639151432975e-05,0.09327306180920217,24440.5,0.07381778161500258,0.0115,index_dividend_yield,0.065,10.87,65,24341.95,24378.6,24253.6,24334.55,mid_price,ok
2026-08-26T08:55:40.722785+00:00,2026-08-26T14:25:40.722785+05:30,NIFTY,29-Sep-2026,22000.0,CE,24272.8,2432.95,65,2444.95,65,2446.65,2438.95,11723,200,352,-0.8228784531506517,0,,,,,,,,,,,,,,,0.09327306180920217,24440.5,0.07381778161500258,0.0115,index_dividend_yield,0.065,10.87,65,24341.95,24378.6,24253.6,24334.55,mid_price,no_nse_iv
2026-08-26T08:55:40.722785+00:00,2026-08-26T14:25:40.722785+05:30,NIFTY,29-Sep-2026,22000.0,PE,24272.8,9.95,1495,10.05,455,9.95,10.0,32494,924,6850,-16.386554621848738,17.49,-0.024931648475198197,4.49663789147238e-05,-1.0192402883515677,4.321890043509124,-0.6357421238921638,0.001472210836641813,92.4020573210882,-6.998479037733791e-08,0.0007042954464933255,-1.565867987937367e-06,-0.2774288849658113,-48.651388365878574,0.028072710702568754,5.473716611088031e-05,0.09327306180920217,24440.5,0.07381778161500258,0.0115,index_dividend_yield,0.065,10.87,65,24341.95,24378.6,24253.6,24334.55,mid_price,ok
2026-08-26T08:55:40.722785+00:00,2026-08-26T14:25:40.722785+05:30,NIFTY,29-Sep-2026,22050.0,CE,24272.8,2352.35,650,2446.85,65,0.0,2399.6,0,0,0,0,0,,,,,,,,,,,,,,,0.09327306180920217,24440.5,0.07381778161500258,0.0115,index_dividend_yield,0.065,10.87,65,24341.95,24378.6,24253.6,24334.55,mid_price,no_nse_iv
2026-08-26T08:55:40.722785+00:00,2026-08-26T14:25:40.722785+05:30,NIFTY,29-Sep-2026,22050.0,PE,24272.8,9.55,520,11.3,650,10.55,10.425,80,2,55,-10.970464135021096,17.35,-0.02657570901171385,4.781777941653888e-05,-1.0648169943842636,4.559160398207457,-0.6664763733602759,0.0015272622366475674,95.51298738662028,-7.397395226655307e-08,0.0007261743268422474,-1.5932742787638144e-06,-0.2858052534641251,-48.62946088571273,0.02985631788977729,5.794446689643031e-05,0.09327306180920217,24440.5,0.07381778161500258,0.0115,index_dividend_yield,0.065,10.87,65,24341.95,24378.6,24253.6,24334.55,mid_price,wide_quote_low_liquidity
2026-08-26T08:55:40.722785+00:00,2026-08-26T14:25:40.722785+05:30,NIFTY,29-Sep-2026,22100.0,CE,24272.8,2075.85,650,2432.95,650,0.0,2254.3999999999996,1,0,0,0,13.31,0.9917945270096479,2.0079279913401254e-05,-3.409185950275902,1.4686630806411574,-0.3586405775744539,0.0006608196016919532,65.13523597497073,-5.112913658008847e-08,0.0007396266356473202,-1.267818570780813e-06,-0.13587069367447469,10.546161036866188,-0.9860153339896528,2.422162865177953e-05,0.09327306180920217,24440.5,0.07381778161500258,0.0115,index_dividend_yield,0.065,10.87,65,24341.95,24378.6,24253.6,24334.55,mid_price,wide_quote_low_liquidity
2026-08-26T08:55:40.722785+00:00,2026-08-26T14:25:40.722785+05:30,NIFTY,29-Sep-2026,22100.0,PE,24272.8,10.2,65,10.55,390,10.7,10.375,772,23,530,-10.460251046025105,17.07,-0.027360009122675923,4.979642744883873e-05,-1.0713252132513982,4.671191753570998,-0.6897188949660948,0.001551064019744721,98.19977925423639,-7.77655420248251e-08,0.0007551380585989924,-1.6227865906316452e-06,-0.2894121976885513,-49.245595091107084,0.030660162052167317,6.006941379636064e-05,0.09327306180920217,24440.5,0.07381778161500258,0.0115,index_dividend_yield,0.065,10.87,65,24341.95,24378.6,24253.6,24334.55,mid_price,ok
2026-08-26T08:55:40.722785+00:00,2026-08-26T14:25:40.722785+05:30,NIFTY,29-Sep-2026,22150.0,CE,24272.8,2255.6,650,2346.6,65,0.0,2301.1,0,0,0,0,0,,,,,,,,,,,,,,,0.09327306180920217,24440.5,0.07381778161500258,0.0115,index_dividend_yield,0.065,10.87,65,24341.95,24378.6,24253.6,24334.55,mid_price,no_nse_iv
2026-08-26T08:55:40.722785+00:00,2026-08-26T14:25:40.722785+05:30,NIFTY,29-Sep-2026,22150.0,PE,24272.8,10.25,520,10.9,780,10.5,10.575,383,5,65,-11.39240506329114,16.7,-0.02754317672012353,5.118365628842895e-05,-1.0517166498667936,4.6972509799441795,-0.7082608498209519,0.0015541240719767653,100.68750543645154,-8.1539427254999e-08,0.0007906707074756704,-1.6556779328756051e-06,-0.28989642077269995,-50.31055281886305,0.030782775841301232,6.146439344006824e-05,0.09327306180920217,24440.5,0.07381778161500258,0.0115,index_dividend_yield,0.065,10.87,65,24341.95,24378.6,24253.6,24334.55,mid_price,ok
2026-08-26T08:55:40.722785+00:00,2026-08-26T14:25:40.722785+05:30,NIFTY,29-Sep-2026,22200.0,CE,24272.8,2159.9,780,2275.6,65,2313.6,2217.75,2,0,2,-0.002161087459209474,19.99,0.9412913769018253,7.787324860366687e-05,-5.465354651724686,8.554548141131766,-0.8736027529699375,0.0023173895191817007,101.95939520374874,-8.593072680014993e-08,0.0005386102827858348,-1.2846850549464009e-06,-0.3923638907171032,10.29935311599053,-0.929252576625456,9.309408728376211e-05,0.09327306180920217,24440.5,0.07381778161500258,0.0115,index_dividend_yield,0.065,10.87,65,24341.95,24378.6,24253.6,24334.55,mid_price,ok
2026-08-26T08:55:40.722785+00:00,2026-08-26T14:25:40.722785+05:30,NIFTY,29-Sep-2026,22200.0,PE,24272.8,10.6,390,10.8,130,10.75,10.7,1758,53,700,-14,16.44,-0.02853217116560422,5.3543115556252466e-05,-1.0640138106798964,4.8372823714800575,-0.7351202352236137,0.0015835098199269042,103.66782247107098,-8.593025309498365e-08,0.0008218140326197109,-1.6853514699078059e-06,-0.2943240313328461,-50.871988381261,0.03180943145466345,6.400846969165248e-05,0.09327306180920217,24440.5,0.07381778161500258,0.0115,index_dividend_yield,0.065,10.87,65,24341.95,24378.6,24253.6,24334.55,mid_price,ok
2026-08-26T08:55:40.722785+00:00,2026-08-26T14:25:40.722785+05:30,NIFTY,29-Sep-2026,22250.0,CE,24272.8,1907.85,650,2318,650,0.0,2112.925,0,0,0,0,0,,,,,,,,,,,,,,,0.09327306180920217,24440.5,0.07381778161500258,0.0115,index_dividend_yield,0.065,10.87,65,24341.95,24378.6,24253.6,24334.55,mid_price,no_nse_iv
2026-08-26T08:55:40.722785+00:00,2026-08-26T14:25:40.722785+05:30,NIFTY,29-Sep-2026,22250.0,PE,24272.8,10.9,260,11.25,520,11.15,11.075,278,-16,73,-5.1063829787234045,16.22,-0.02988188329354951,5.639330320126121e-05,-1.088584688872477,5.02660052111241,-0.7660505591782166,0.0016232618845674722,106.87758751494857,-9.073787401090306e-08,0.0008514014992102984,-1.7125125238011093e-06,-0.30026737033422535,-51.242515056663734,0.03323467732269177,6.711309358710538e-05,0.09327306180920217,24440.5,0.07381778161500258,0.0115,index_dividend_yield,0.065,10.87,65,24341.95,24378.6,24253.6,24334.55,mid_price,ok
2026-08-26T08:55:40.722785+00:00,2026-08-26T14:25:40.722785+05:30,NIFTY,29-Sep-2026,22300.0,CE,24272.8,1907,65,2233.5,650,0.0,2070.25,27,0,0,0,0,,,,,,,,,,,,,,,0.09327306180920217,24440.5,0.07381778161500258,0.0115,index_dividend_yield,0.065,10.87,65,24341.95,24378.6,24253.6,24334.55,mid_price,no_nse_iv
2026-08-26T08:55:40.722785+00:00,2026-08-26T14:25:40.722785+05:30,NIFTY,29-Sep-2026,22300.0,PE,24272.8,11.15,1235,11.3,130,11.25,11.225000000000001,2530,136,1534,-14.122137404580153,15.93,-0.030758212380040225,5.8811814014171644e-05,-1.0925280475314467,5.1484481005957,-0.7937218108096216,0.0016467473643407247,109.98691693512397,-9.566651151741342e-08,0.0008872398212109757,-1.742864292038049e-06,-0.30377368563427254,-51.97956401984408,0.03412336513402558,6.96778279381831e-05,0.09327306180920217,24440.5,0.07381778161500258,0.0115,index_dividend_yield,0.065,10.87,65,24341.95,24378.6,24253.6,24334.55,mid_price,ok
2026-08-26T08:55:40.722785+00:00,2026-08-26T14:25:40.722785+05:30,NIFTY,29-Sep-2026,22350.0,CE,24272.8,2062.05,65,2162.6,1690,0.0,2112.325,3,0,0,0,13.73,0.9814374463343071,4.243403277800127e-05,-3.7743641596128055,3.201701451954963,-0.6499284123954729,0.0011904817898590325,101.56728695145678,-9.002847284168132e-08,0.0010370769249452756,-1.7773400743164587e-06,-0.22813310496528547,11.686785393791341,-0.9746686412221642,5.0049415217266245e-05,0.09327306180920217,24440.5,0.07381778161500258,0.0115,index_dividend_yield,0.065,10.87,65,24341.95,24378.6,24253.6,24334.55,mid_price,ok
2026-08-26T08:55:40.722785+00:00,2026-08-26T14:25:40.722785+05:30,NIFTY,29-Sep-2026,22350.0,PE,24272.8,11.5,520,12.2,65,11.4,11.85,191,-33,71,-9.163346613545817,15.64,-0.03168074545100224,6.138445968276041e-05,-1.0965397009730224,5.275834632021566,-0.8228733461860069,0.001670726537280828,113.2261253042488,-1.0095482478207148e-07,0.0009249330885610576,-1.773160720854084e-06,-0.30734119381791025,-52.73826286106444,0.03505867874712441,7.240076206338654e-05,0.09327306180920217,24440.5,0.07381778161500258,0.0115,index_dividend_yield,0.065,10.87,65,24341.95,24378.6,24253.6,24334.55,mid_price,ok
2026-08-26T08:55:40.722785+00:00,2026-08-26T14:25:40.722785+05:30,NIFTY,29-Sep-2026,22400.0,CE,24272.8,2013.8,65,2113.35,1690,0.0,2063.575,3,0,0,0,13.53,0.9803955594772538,4.523887235120708e-05,-3.8022161772688516,3.3636093862722714,-0.6851994694297425,0.0012314723016212392,105.88409495482587,-9.62909266035712e-08,0.0010897391975136202,-1.8296321838157935e-06,-0.23482235254607664,11.96410707494061,-0.9735677331094577,5.311968477768872e-05,0.09327306180920217,24440.5,0.07381778161500258,0.0115,index_dividend_yield,0.065,10.87,65,24341.95,24378.6,24253.6,24334.55,mid_price,ok
2026-08-26T08:55:40.722785+00:00,2026-08-26T14:25:40.722785+05:30,NIFTY,29-Sep-2026,22400.0,PE,24272.8,12,260,12.15,130,12.1,12.075,1162,147,1389,-14.788732394366198,15.47,-0.033682630405197624,6.527505197829126e-05,-1.1382055727230354,5.549240257164746,-0.8620096373777552,0.0017252030376805755,116.85906097086551,-1.069213767067171e-07,0.0009526855911023293,-1.792321029088457e-06,-0.31534310879324234,-52.85994039827375,0.037189219034464836,7.664625585747072e-05,0.09327306180920217,24440.5,0.07381778161500258,0.0115,index_dividend_yield,0.065,10.87,65,24341.95,24378.6,24253.6,24334.55,mid_price,ok
2026-08-26T08:55:40.722785+00:00,2026-08-26T14:25:40.722785+05:30,NIFTY,29-Sep-2026,22450.0,CE,24272.8,1965.85,65,2065.3,1690,0.0,2015.575,1,0,0,0,0,,,,,,,,,,,,,,,0.09327306180920217,24440.5,0.07381778161500258,0.0115,index_dividend_yield,0.065,10.87,65,24341.95,24378.6,24253.6,24334.55,mid_price,no_nse_iv
2026-08-26T08:55:40.722785+00:00,2026-08-26T14:25:40.722785+05:30,NIFTY,29-Sep-2026,22450.0,PE,24272.8,12.25,65,12.45,1300,12.6,12.35,353,179,292,-13.402061855670103,15.26,-0.03546598580058434,6.903778233918409e-05,-1.168453765080966,5.78945062141897,-0.9000922081892349,0.0017705317276049196,120.46580507898197,-1.1315991292588539e-07,0.0009841520172300378,-1.811681595793803e-06,-0.3219529997081274,-53.19752919212378,0.03906641816148165,8.070378370176312e-05,0.09327306180920217,24440.5,0.07381778161500258,0.0115,index_dividend_yield,0.065,10.87,65,24341.95,24378.6,24253.6,24334.55,mid_price,ok
2026-08-26T08:55:40.722785+00:00,2026-08-26T14:25:40.722785+05:30,NIFTY,29-Sep-2026,22500.0,CE,24272.8,1943.65,65,1950,455,1957,1946.825,8198,-87,420,-0.5690478609897368,0,,,,,,,,,,,,,,,0.09327306180920217,24440.5,0.07381778161500258,0.0115,index_dividend_yield,0.065,10.87,65,24341.95,24378.6,24253.6,24334.55,mid_price,no_nse_iv
2026-08-26T08:55:40.722785+00:00,2026-08-26T14:25:40.722785+05:30,NIFTY,29-Sep-2026,22500.0,PE,24272.8,12.8,65,12.85,1365,12.8,12.825,31031,-361,9040,-13.513513513513514,14.92,-0.03615322873742787,7.173012957504371e-05,-1.1572078806334563,5.881206474843372,-0.9311022684602779,0.001783943180158322,124.01352449787018,-1.1961425436731173e-07,0.001031807299790857,-1.8443354779415467e-06,-0.3239401212395663,-54.2765488944845,0.039720356996638166,8.34788262492815e-05,0.09327306180920217,24440.5,0.07381778161500258,0.0115,index_dividend_yield,0.065,10.87,65,24341.95,24378.6,24253.6,24334.55,mid_price,ok
2026-08-26T08:55:40.722785+00:00,2026-08-26T14:25:40.722785+05:30,NIFTY,29-Sep-2026,22550.0,CE,24272.8,1869.2,65,1983,780,0.0,1926.1,2,0,0,0,0,,,,,,,,,,,,,,,0.09327306180920217,24440.5,0.07381778161500258,0.0115,index_dividend_yield,0.065,10.87,65,24341.95,24378.6,24253.6,24334.55,mid_price,no_nse_iv
2026-08-26T08:55:40.722785+00:00,2026-08-26T14:25:40.722785+05:30,NIFTY,29-Sep-2026,22550.0,PE,24272.8,13.05,325,13.2,1300,13.05,13.125,282,135,236,-16.077170418006432,14.7,-0.03803512451930061,7.588624928729297e-05,-1.1851442223196011,6.130224946529768,-0.9723603250947794,0.0018280953390484092,127.83429256935896,-1.267518809808092e-07,0.0010662787425727515,-1.8604733885895847e-06,-0.33032750680616996,-54.68773459248816,0.04168960604574292,8.792446828615087e-05,0.09327306180920217,24440.5,0.07381778161500258,0.0115,index_dividend_yield,0.065,10.87,65,24341.95,24378.6,24253.6,24334.55,mid_price,ok
2026-08-26T08:55:40.722785+00:00,2026-08-26T14:25:40.722785+05:30,NIFTY,29-Sep-2026,22600.0,CE,24272.8,1805.95,650,1853.4,130,1900,1829.6750000000002,13,0,1,9.655451030184105,14.57,0.9579645723662138,8.132438324225516e-05,-4.480746100302562,6.511429132919412,-1.0215737054936058,0.001926883283985048,131.70323790634342,-1.3439320231915015e-07,0.0010867953770150264,-1.8573731937084997e-06,-0.3399459938839513,12.906551140825101,-0.9491539547709964,9.380881607615188e-05,0.09327306180920217,24440.5,0.07381778161500258,0.0115,index_dividend_yield,0.065,10.87,65,24341.95,24378.6,24253.6,24334.55,mid_price,ok
2026-08-26T08:55:40.722785+00:00,2026-08-26T14:25:40.722785+05:30,NIFTY,29-Sep-2026,22600.0,PE,24272.8,13.55,65,13.6,260,13.55,13.575,4878,356,1758,-14.511041009463723,14.44,-0.03964081668794917,7.989845455450513e-05,-1.2004593067719465,6.340179599998999,-1.012932203616864,0.0018626922981394565,131.7347687881445,-1.3435281138128234e-07,0.0011068510895368244,-1.8791967792301177e-06,-0.3353213138385227,-55.342537225384156,0.04334423737219465,9.216398734614628e-05,0.09327306180920217,24440.5,0.07381778161500258,0.0115,index_dividend_yield,0.065,10.87,65,24341.95,24378.6,24253.6,24334.55,mid_price,ok
2026-08-26T08:55:40.722785+00:00,2026-08-26T14:25:40.722785+05:30,NIFTY,29-Sep-2026,22650.0,CE,24272.8,1772.6,65,1864.95,1690,0.0,1818.775,5,0,0,0,0,,,,,,,,,,,,,,,0.09327306180920217,24440.5,0.07381778161500258,0.0115,index_dividend_yield,0.065,10.87,65,24341.95,24378.6,24253.6,24334.55,mid_price,no_nse_iv
2026-08-26T08:55:40.722785+00:00,2026-08-26T14:25:40.722785+05:30,NIFTY,29-Sep-2026,22650.0,PE,24272.8,14,325,14.1,325,13.95,14.05,293,88,170,-17.699115044247787,14.21,-0.041668884318391504,8.454678689071386e-05,-1.2263749926028649,6.602177154802024,-1.0577402466295203,0.0019053977621609625,135.74050269642424,-1.4252231685068206e-07,0.0011433577224385907,-1.8894143227770913e-06,-0.34143884308500283,-55.82582320974497,0.045454213077200656,9.709580116596418e-05,0.09327306180920217,24440.5,0.07381778161500258,0.0115,index_dividend_yield,0.065,10.87,65,24341.95,24378.6,24253.6,24334.55,mid_price,ok
2026-08-26T08:55:40.722785+00:00,2026-08-26T14:25:40.722785+05:30,NIFTY,29-Sep-2026,22700.0,CE,24272.8,1742.5,65,1764.05,195,1761,1753.275,19,1,4,0.6285714285714286,0,,,,,,,,,,,,,,,0.09327306180920217,24440.5,0.07381778161500258,0.0115,index_dividend_yield,0.065,10.87,65,24341.95,24378.6,24253.6,24334.55,mid_price,no_nse_iv
2026-08-26T08:55:40.722785+00:00,2026-08-26T14:25:40.722785+05:30,NIFTY,29-Sep-2026,22700.0,PE,24272.8,14.6,455,14.75,845,14.6,14.675,5432,2,3353,-16.571428571428573,13.97,-0.043728976821654365,8.942025506840992e-05,-1.2495320770577607,6.864806475953546,-1.1041610190756292,0.0019459641760153773,139.8413231849953,-1.5127673879287487e-07,0.0011815385611502263,-1.8968002598806707e-06,-0.347227405011334,-56.37734686801321,0.047588187558454814,0.00010224073075054213,0.09327306180920217,24440.5,0.07381778161500258,0.0115,index_dividend_yield,0.065,10.87,65,24341.95,24378.6,24253.6,24334.55,mid_price,ok
2026-08-26T08:55:40.722785+00:00,2026-08-26T14:25:40.722785+05:30,NIFTY,29-Sep-2026,22750.0,CE,24272.8,1676.7,65,1766.8,1690,0.0,1721.75,4,0,0,0,0,,,,,,,,,,,,,,,0.09327306180920217,24440.5,0.07381778161500258,0.0115,index_dividend_yield,0.065,10.87,65,24341.95,24378.6,24253.6,24334.55,mid_price,no_nse_iv
2026-08-26T08:55:40.722785+00:00,2026-08-26T14:25:40.722785+05:30,NIFTY,29-Sep-2026,22750.0,PE,24272.8,15.15,65,15.35,845,14.95,15.25,425,36,257,-19.40700808625337,13.72,-0.04581917091875885,9.453779116933228e-05,-1.269761997644705,7.127800743547417,-1.1523649301562708,0.0019842925583618276,144.05444043173654,-1.6068781898098712e-07,0.0012216553044599677,-1.9012812066077575e-06,-0.3526836173440495,-57.00145744217282,0.04974376459039706,0.00010761737732837265,0.09327306180920217,24440.5,0.07381778161500258,0.0115,index_dividend_yield,0.065,10.87,65,24341.95,24378.6,24253.6,24334.55,mid_price,ok
2026-08-26T08:55:40.722785+00:00,2026-08-26T14:25:40.722785+05:30,NIFTY,29-Sep-2026,22800.0,CE,24272.8,1636.15,65,1660.95,65,1660,1648.5500000000002,43,5,7,7.349565104924499,0,,,,,,,,,,,,,,,0.09327306180920217,24440.5,0.07381778161500258,0.0115,index_dividend_yield,0.065,10.87,65,24341.95,24378.6,24253.6,24334.55,mid_price,no_nse_iv
2026-08-26T08:55:40.722785+00:00,2026-08-26T14:25:40.722785+05:30,NIFTY,29-Sep-2026,22800.0,PE,24272.8,15.65,520,15.75,390,15.55,15.7,9347,139,6127,-18.798955613577025,13.49,-0.04829861654783836,0.00010029912384059596,-1.2976522056050506,7.435412670082228,-1.2043451115286326,0.0020277874306599414,148.2987894895209,-1.7074558539315968e-07,0.0012570379464214617,-1.8948798900969192e-06,-0.35884078066333286,-57.50357767131917,0.05231271751019983,0.00011367558561124557,0.09327306180920217,24440.5,0.07381778161500258,0.0115,index_dividend_yield,0.065,10.87,65,24341.95,24378.6,24253.6,24334.55,mid_price,ok
2026-08-26T08:55:40.722785+00:00,2026-08-26T14:25:40.722785+05:30,NIFTY,29-Sep-2026,22850.0,CE,24272.8,1580.9,65,1646.9,65,0.0,1613.9,5,0,0,0,0,,,,,,,,,,,,,,,0.09327306180920217,24440.5,0.07381778161500258,0.0115,index_dividend_yield,0.065,10.87,65,24341.95,24378.6,24253.6,24334.55,mid_price,no_nse_iv
2026-08-26T08:55:40.722785+00:00,2026-08-26T14:25:40.722785+05:30,NIFTY,29-Sep-2026,22850.0,PE,24272.8,16.5,390,16.7,195,16.6,16.6,675,73,285,-17,13.31,-0.05159232512491607,0.00010714660916658,-1.3445524543787302,7.837047432852272,-1.2616042572240644,0.002083426708521824,152.35896606546763,-1.8128355847164346e-07,0.0012781106405448184,-1.8659596986617635e-06,-0.36664757487041566,-57.67267275017971,0.05575509595668045,0.00012090542214237398,0.09327306180920217,24440.5,0.07381778161500258,0.0115,index_dividend_yield,0.065,10.87,65,24341.95,24378.6,24253.6,24334.55,mid_price,ok
2026-08-26T08:55:40.722785+00:00,2026-08-26T14:25:40.722785+05:30,NIFTY,29-Sep-2026,22900.0,CE,24272.8,1540.6,65,1577.35,65,0.0,1558.975,62,0,0,0,0,,,,,,,,,,,,,,,0.09327306180920217,24440.5,0.07381778161500258,0.0115,index_dividend_yield,0.065,10.87,65,24341.95,24378.6,24253.6,24334.55,mid_price,no_nse_iv
2026-08-26T08:55:40.722785+00:00,2026-08-26T14:25:40.722785+05:30,NIFTY,29-Sep-2026,22900.0,PE,24272.8,17.55,260,17.7,845,17.55,17.625,5165,84,2433,-16.028708133971293,13.1,-0.05474959816723101,0.00011411290938108071,-1.3816337417822886,8.21489585454201,-1.3195018308674762,0.002131037704567615,156.49852745587012,-1.9260903675752404e-07,0.0013029340499012489,-1.8346111038697202e-06,-0.3733354410599024,-58.03843628851951,0.059031589104273745,0.00012820458829648594,0.09327306180920217,24440.5,0.07381778161500258,0.0115,index_dividend_yield,0.065,10.87,65,24341.95,24378.6,24253.6,24334.55,mid_price,ok
2026-08-26T08:55:40.722785+00:00,2026-08-26T14:25:40.722785+05:30,NIFTY,29-Sep-2026,22950.0,CE,24272.8,1476.4,65,1525.55,65,1570.15,1500.975,5,0,1,7.988308115543329,14.41,0.919555840015013,0.00013830828635409985,-5.3268876339229925,10.952371574957194,-1.3991920673626645,0.002498199893723907,146.12050972559044,-1.877753220228017e-07,0.0008855158679281434,-1.2210460004546736e-06,-0.4183624767394072,15.136795140157716,-0.9083062986066343,0.00015471149243707362,0.09327306180920217,24440.5,0.07381778161500258,0.0115,index_dividend_yield,0.065,10.87,65,24341.95,24378.6,24253.6,24334.55,mid_price,ok
2026-08-26T08:55:40.722785+00:00,2026-08-26T14:25:40.722785+05:30,NIFTY,29-Sep-2026,22950.0,PE,24272.8,18.35,1040,18.45,1755,18.05,18.4,517,67,612,-17.767653758542142,12.82,-0.05718785579680512,0.00012068212815606982,-1.3931356468205462,8.502114970903053,-1.376880272817755,0.0021613745318175143,161.09677780813936,-2.0524376789375432e-07,0.0013454299098231354,-1.8166559319967581e-06,-0.37768377667767977,-58.89259109170934,0.0615110925144105,0.00013499489184405102,0.09327306180920217,24440.5,0.07381778161500258,0.0115,index_dividend_yield,0.065,10.87,65,24341.95,24378.6,24253.6,24334.55,mid_price,ok
2026-08-26T08:55:40.722785+00:00,2026-08-26T14:25:40.722785+05:30,NIFTY,29-Sep-2026,23000.0,CE,24272.8,1457.7,65,1464.85,65,1472,1461.275,6544,-122,613,-1.6174308247560487,0,,,,,,,,,,,,,,,0.09327306180920217,24440.5,0.07381778161500258,0.0115,index_dividend_yield,0.065,10.87,65,24341.95,24378.6,24253.6,24334.55,mid_price,no_nse_iv
2026-08-26T08:55:40.722785+00:00,2026-08-26T14:25:40.722785+05:30,NIFTY,29-Sep-2026,23000.0,PE,24272.8,19.8,1430,19.9,260,19.8,19.85,63406,1142.8461538461538,20966,-15.92356687898089,12.7,-0.06211329282976486,0.00012996968923674498,-1.4663013871840413,9.070720596677265,-1.44315547965157,0.002227541757235947,164.40483837775054,-2.1725510682427826e-07,0.0013324226016792977,-1.7266686695041427e-06,-0.38690670871214294,-58.62076395998666,0.06666880294651438,0.00014475253009940372,0.09327306180920217,24440.5,0.07381778161500258,0.0115,index_dividend_yield,0.065,10.87,65,24341.95,24378.6,24253.6,24334.55,mid_price,ok
2026-08-26T08:55:40.722785+00:00,2026-08-26T14:25:40.722785+05:30,NIFTY,29-Sep-2026,23050.0,CE,24272.8,1327.6,780,1447.5,195,0.0,1387.55,8,0,0,0,0,,,,,,,,,,,,,,,0.09327306180920217,24440.5,0.07381778161500258,0.0115,index_dividend_yield,0.065,10.87,65,24341.95,24378.6,24253.6,24334.55,mid_price,no_nse_iv
2026-08-26T08:55:40.722785+00:00,2026-08-26T14:25:40.722785+05:30,NIFTY,29-Sep-2026,23050.0,PE,24272.8,21.05,65,21.25,65,20.75,21.15,577,46,791,-16.161616161616163,12.5,-0.06624314560006113,0.00013882419686806586,-1.5101204561071184,9.536108217098608,-1.5082366702948644,0.002273011325736457,168.13960989031074,-2.3067061732911264e-07,0.0013372873482540278,-1.6493987985424718e-06,-0.3933708987981035,-58.902875513628516,0.07094161457098269,0.00015394410572883464,0.09327306180920217,24440.5,0.07381778161500258,0.0115,index_dividend_yield,0.065,10.87,65,24341.95,24378.6,24253.6,24334.55,mid_price,ok
2026-08-26T08:55:40.722785+00:00,2026-08-26T14:25:40.722785+05:30,NIFTY,29-Sep-2026,23100.0,CE,24272.8,1359.3,65,1375,65,1358.25,1367.15,67,0,1,7.840412862246923,0,,,,,,,,,,,,,,,0.09327306180920217,24440.5,0.07381778161500258,0.0115,index_dividend_yield,0.065,10.87,65,24341.95,24378.6,24253.6,24334.55,mid_price,no_nse_iv
2026-08-26T08:55:40.722785+00:00,2026-08-26T14:25:40.722785+05:30,NIFTY,29-Sep-2026,23100.0,PE,24272.8,22.6,455,22.75,260,22.6,22.675,8243,29,8691,-13.740458015267176,12.34,-0.07133916273479987,0.0001488934252713473,-1.5708339692129492,10.096867772170782,-1.5756945801321254,0.00232385563376053,171.16448600440305,-2.4417482631254555e-07,0.0013176465501741994,-1.5350520440041615e-06,-0.4006378150151182,-58.88791956078204,0.07623403733420668,0.00016439602640328128,0.09327306180920217,24440.5,0.07381778161500258,0.0115,index_dividend_yield,0.065,10.87,65,24341.95,24378.6,24253.6,24334.55,mid_price,ok
2026-08-26T08:55:40.722785+00:00,2026-08-26T14:25:40.722785+05:30,NIFTY,29-Sep-2026,23150.0,CE,24272.8,1300.65,65,1347,65,1373.85,1323.825,6,1,10,-16.373984234714065,13.09,0.9071868027541932,0.0001696980202474541,-5.346630326045867,12.207097418788898,-1.6221634019854547,0.0025435813509223637,159.88057415097768,-2.3884270081050183e-07,0.0009263367685355411,-9.485493772233381e-07,-0.42676084479390036,17.218856542289352,-0.8959453720991029,0.00018655828467432697,0.09327306180920217,24440.5,0.07381778161500258,0.0115,index_dividend_yield,0.065,10.87,65,24341.95,24378.6,24253.6,24334.55,mid_price,ok
2026-08-26T08:55:40.722785+00:00,2026-08-26T14:25:40.722785+05:30,NIFTY,29-Sep-2026,23150.0,PE,24272.8,24,715,24.3,65,23.65,24.15,542,62,483,-15.384615384615385,12.13,-0.07603540565822121,0.00015903547835429825,-1.6124995885217257,10.60109700614884,-1.6441221847541125,0.002360943938553045,174.49762823911908,-2.5916723168962445e-07,0.001306863520120742,-1.4225456814646418e-06,-0.40617792796440355,-59.22332817243566,0.08106935024557424,0.00017483637110718761,0.09327306180920217,24440.5,0.07381778161500258,0.0115,index_dividend_yield,0.065,10.87,65,24341.95,24378.6,24253.6,24334.55,mid_price,ok
2026-08-26T08:55:40.722785+00:00,2026-08-26T14:25:40.722785+05:30,NIFTY,29-Sep-2026,23200.0,CE,24272.8,1256.45,65,1275.6,65,1248.35,1266.025,366,1,12,-4.138990209253215,0,,,,,,,,,,,,,,,0.09327306180920217,24440.5,0.07381778161500258,0.0115,index_dividend_yield,0.065,10.87,65,24341.95,24378.6,24253.6,24334.55,mid_price,no_nse_iv
2026-08-26T08:55:40.722785+00:00,2026-08-26T14:25:40.722785+05:30,NIFTY,29-Sep-2026,23200.0,PE,24272.8,25.8,1235,25.95,195,25.5,25.875,11156,1102,9294,-16.11842105263158,11.95,-0.08163458561598258,0.00017035860162453335,-1.6670493251341443,11.187368925358959,-1.7137606898800506,0.0023992510616633184,177.04819286919005,-2.742631785427149e-07,0.0012706466145713958,-1.2714480125381009e-06,-0.412069574030836,-59.32840278974092,0.08684908672661162,0.00018647810692018246,0.09327306180920217,24440.5,0.07381778161500258,0.0115,index_dividend_yield,0.065,10.87,65,24341.95,24378.6,24253.6,24334.55,mid_price,ok
2026-08-26T08:55:40.722785+00:00,2026-08-26T14:25:40.722785+05:30,NIFTY,29-Sep-2026,23250.0,CE,24272.8,1183.5,780,1242.05,65,1306.9,1212.775,5,-1,3,-16.502683363148478,14.82,0.8599068730629661,0.00020156358810234399,-6.4156540959966,16.415581537073454,-1.5521632044449007,0.002688547572370914,124.73801945746388,-2.064855236337697e-07,0.00017162780184894102,3.402689826674521e-07,-0.4544449619348043,17.156310096210014,-0.8454085451304225,0.00021968779063470705,0.09327306180920217,24440.5,0.07381778161500258,0.0115,index_dividend_yield,0.065,10.87,65,24341.95,24378.6,24253.6,24334.55,mid_price,ok
2026-08-26T08:55:40.722785+00:00,2026-08-26T14:25:40.722785+05:30,NIFTY,29-Sep-2026,23250.0,PE,24272.8,28.1,715,28.35,130,28.05,28.225,866,24,608,-14.61187214611872,11.86,-0.08930669567338961,0.00018359543268819267,-1.7599365955672217,11.965822334612394,-1.7804291804572463,0.002445400595033273,177.4508284015539,-2.8737977276639254e-07,0.0011748662311131647,-1.041990233561753e-06,-0.41935266933300674,-58.751610310436206,0.09482236446330963,0.0002001039739251551,0.09327306180920217,24440.5,0.07381778161500258,0.0115,index_dividend_yield,0.065,10.87,65,24341.95,24378.6,24253.6,24334.55,mid_price,ok
2026-08-26T08:55:40.722785+00:00,2026-08-26T14:25:40.722785+05:30,NIFTY,29-Sep-2026,23300.0,CE,24272.8,1162.8,65,1180.55,65,1185.15,1171.675,149,3,17,-0.05060088551549652,0,,,,,,,,,,,,,,,0.09327306180920217,24440.5,0.07381778161500258,0.0115,index_dividend_yield,0.065,10.87,65,24341.95,24378.6,24253.6,24334.55,mid_price,no_nse_iv
2026-08-26T08:55:40.722785+00:00,2026-08-26T14:25:40.722785+05:30,NIFTY,29-Sep-2026,23300.0,PE,24272.8,30.5,455,30.65,455,30.15,30.575,11875,916,7731,-15.427769985974754,11.66,-0.09557815865191584,0.00019636072750784853,-1.8075562736109623,12.581985231852073,-1.8499771592268635,0.0024665991293342515,179.18792085283462,-3.037709772814922e-07,0.0011126613245467727,-8.433593550800271e-07,-0.4235800373544958,-58.96872005727793,0.10125714874242937,0.00021309955624292752,0.09327306180920217,24440.5,0.07381778161500258,0.0115,index_dividend_yield,0.065,10.87,65,24341.95,24378.6,24253.6,24334.55,mid_price,ok
2026-08-26T08:55:40.722785+00:00,2026-08-26T14:25:40.722785+05:30,NIFTY,29-Sep-2026,23350.0,CE,24272.8,1053.35,1040,1166.15,195,0.0,1109.75,7,0,0,0,0,,,,,,,,,,,,,,,0.09327306180920217,24440.5,0.07381778161500258,0.0115,index_dividend_yield,0.065,10.87,65,24341.95,24378.6,24253.6,24334.55,mid_price,no_nse_iv
2026-08-26T08:55:40.722785+00:00,2026-08-26T14:25:40.722785+05:30,NIFTY,29-Sep-2026,23350.0,PE,24272.8,33.6,130,33.8,130,33.3,33.7,1122,210,1272,-11.2,11.54,-0.10391130176127067,0.00021089565424202777,-1.889347692101831,13.374249711837063,-1.913076461567076,0.002488972168314757,178.5489525094235,-3.17698518923423e-07,0.000988209740673571,-5.641096256551418e-07,-0.42858829143641053,-58.57421424770034,0.10986203255500138,0.00022789438021937866,0.09327306180920217,24440.5,0.07381778161500258,0.0115,index_dividend_yield,0.065,10.87,65,24341.95,24378.6,24253.6,24334.55,mid_price,ok
2026-08-26T08:55:40.722785+00:00,2026-08-26T14:25:40.722785+05:30,NIFTY,29-Sep-2026,23400.0,CE,24272.8,1076.3,65,1092.75,195,1072.8,1084.525,483,0,10,-4.291194575787314,0,,,,,,,,,,,,,,,0.09327306180920217,24440.5,0.07381778161500258,0.0115,index_dividend_yield,0.065,10.87,65,24341.95,24378.6,24253.6,24334.55,mid_price,no_nse_iv
2026-08-26T08:55:40.722785+00:00,2026-08-26T14:25:40.722785+05:30,NIFTY,29-Sep-2026,23400.0,PE,24272.8,36.6,65,36.75,910,36.6,36.675,11813,614,8621,-11.594202898550725,11.43,-0.11312178297078798,0.00022633864343828795,-1.9756543601530925,14.216769665486806,-1.97068912268121,0.002499552181094572,176.695263069238,-3.3080792415623446e-07,0.0008331022097887795,-2.4200526299765425e-07,-0.43276550013369963,-58.086483819586746,0.11936123951271123,0.00024353800759500816,0.09327306180920217,24440.5,0.07381778161500258,0.0115,index_dividend_yield,0.065,10.87,65,24341.95,24378.6,24253.6,24334.55,mid_price,ok
2026-08-26T08:55:40.722785+00:00,2026-08-26T14:25:40.722785+05:30,NIFTY,29-Sep-2026,23450.0,CE,24272.8,1025.15,65,1050.85,65,1123.3,1038.0,6,-3,5,8.83108075376641,13.97,0.8271862191922326,0.0002458568403790817,-6.631016023118001,18.87446673799573,-1.647447018647774,0.0025316715284530167,115.60674256164383,-2.3376683479206671e-07,-0.0002539402825098389,1.32828109121729e-06,-0.45242353666571944,19.385251716718088,-0.8120419333634858,0.000263412485842008,0.09327306180920217,24440.5,0.07381778161500258,0.0115,index_dividend_yield,0.065,10.87,65,24341.95,24378.6,24253.6,24334.55,mid_price,ok
2026-08-26T08:55:40.722785+00:00,2026-08-26T14:25:40.722785+05:30,NIFTY,29-Sep-2026,23450.0,PE,24272.8,39.75,195,39.95,130,39.2,39.85,2355,1647,3769,-12.597547380156076,11.27,-0.12205584982411925,0.00024224097104020287,-2.0398491111471384,15.002633602638223,-2.028627208978763,0.0024922872611867347,175.07280781301748,-3.4565970321390644e-07,0.0006776332207722381,8.692099898963699e-08,-0.43526779414741057,-57.94603340673034,0.12851875291769083,0.00025953842185596885,0.09327306180920217,24440.5,0.07381778161500258,0.0115,index_dividend_yield,0.065,10.87,65,24341.95,24378.6,24253.6,24334.55,mid_price,ok
2026-08-26T08:55:40.722785+00:00,2026-08-26T14:25:40.722785+05:30,NIFTY,29-Sep-2026,23500.0,CE,24272.8,987.15,65,991.45,65,992,989.3,7545,-309,1171,-2.735562310030395,5.45,0.9867814368518657,7.811546646102358e-05,-3.5394384267158907,2.339534861108543,-1.294181883571499,0.000789226321360692,216.00986620233198,-4.5312153188833154e-07,0.005778585184085079,-3.0766130776257848e-06,-0.16085223657443892,26.89629980611316,-0.9813369769722496,8.333761373669958e-05,0.09327306180920217,24440.5,0.07381778161500258,0.0115,index_dividend_yield,0.065,10.87,65,24341.95,24378.6,24253.6,24334.55,mid_price,ok
2026-08-26T08:55:40.722785+00:00,2026-08-26T14:25:40.722785+05:30,NIFTY,29-Sep-2026,23500.0,PE,24272.8,43.45,520,43.65,780,43.5,43.55,57746,4229,33345,-8.80503144654088,11.15,-0.13255382257346737,0.0002593103665050717,-2.1203096846691674,15.888786689606345,-2.0754340392506174,0.002472123931580833,171.36032681589964,-3.579545924423905e-07,0.00047124509260407883,4.796583483788032e-07,-0.4372938180738988,-57.489079067328305,0.13929441483166677,0.0002766456905496983,0.09327306180920217,24440.5,0.07381778161500258,0.0115,index_dividend_yield,0.065,10.87,65,24341.95,24378.6,24253.6,24334.55,mid_price,ok
2026-08-26T08:55:40.722785+00:00,2026-08-26T14:25:40.722785+05:30,NIFTY,29-Sep-2026,23550.0,CE,24272.8,748.6,260,954.3,65,0.0,851.45,16,0,0,0,0,,,,,,,,,,,,,,,0.09327306180920217,24440.5,0.07381778161500258,0.0115,index_dividend_yield,0.065,10.87,65,24341.95,24378.6,24253.6,24334.55,mid_price,no_nse_iv
2026-08-26T08:55:40.722785+00:00,2026-08-26T14:25:40.722785+05:30,NIFTY,29-Sep-2026,23550.0,PE,24272.8,48.15,130,48.45,65,47.85,48.3,1018,205,939,-9.971777986829727,11.05,-0.14429706398136063,0.0002772385193836526,-2.207742347964291,16.834950238308128,-2.1102180994911763,0.002433934609542443,165.90922154108156,-3.6794762315356164e-07,0.00022348491292287285,9.232056118609836e-07,-0.43842003472218494,-56.865455949245714,0.1513412491905915,0.0002945177695366602,0.09327306180920217,24440.5,0.07381778161500258,0.0115,index_dividend_yield,0.065,10.87,65,24341.95,24378.6,24253.6,24334.55,mid_price,ok
2026-08-26T08:55:40.722785+00:00,2026-08-26T14:25:40.722785+05:30,NIFTY,29-Sep-2026,23600.0,CE,24272.8,896.8,65,901.75,65,886.5,899.275,259,-7,56,-4.723520876995003,0,,,,,,,,,,,,,,,0.09327306180920217,24440.5,0.07381778161500258,0.0115,index_dividend_yield,0.065,10.87,65,24341.95,24378.6,24253.6,24334.55,mid_price,no_nse_iv
2026-08-26T08:55:40.722785+00:00,2026-08-26T14:25:40.722785+05:30,NIFTY,29-Sep-2026,23600.0,PE,24272.8,52.9,260,53.05,65,52.9,52.974999999999994,11415,2606,15392,-8.239375542064181,10.96,-0.15713538794429338,0.00029583503518325734,-2.2969042204594246,17.817884841543606,-2.1319237471873196,0.002374405718018169,158.93482217053645,-3.756632367764254e-07,-6.01708081007595e-05,1.4090989822472162e-06,-0.4384889590722203,-56.15145722058926,0.16449327733704214,0.00031294308127378007,0.09327306180920217,24440.5,0.07381778161500258,0.0115,index_dividend_yield,0.065,10.87,65,24341.95,24378.6,24253.6,24334.55,mid_price,ok
2026-08-26T08:55:40.722785+00:00,2026-08-26T14:25:40.722785+05:30,NIFTY,29-Sep-2026,23650.0,CE,24272.8,853.15,65,865.2,65,835.85,859.175,16,0,1,-4.200573065902579,0,,,,,,,,,,,,,,,0.09327306180920217,24440.5,0.07381778161500258,0.0115,index_dividend_yield,0.065,10.87,65,24341.95,24378.6,24253.6,24334.55,mid_price,no_nse_iv
2026-08-26T08:55:40.722785+00:00,2026-08-26T14:25:40.722785+05:30,NIFTY,29-Sep-2026,23650.0,PE,24272.8,58.3,65,58.65,65,57.6,58.474999999999994,1302,184,1087,-8.207171314741036,10.86,-0.17068436169576795,0.00031501739907419845,-2.3779928758366973,18.800108465905247,-2.1427849533508514,0.002291733002706464,151.03074230484913,-3.820457003479788e-07,-0.0003698221985085049,1.9236520738339226e-06,-0.4374118940784868,-55.4902371971251,0.1783361069418437,0.000331827218182018,0.09327306180920217,24440.5,0.07381778161500258,0.0115,index_dividend_yield,0.065,10.87,65,24341.95,24378.6,24253.6,24334.55,mid_price,ok
2026-08-26T08:55:40.722785+00:00,2026-08-26T14:25:40.722785+05:30,NIFTY,29-Sep-2026,23700.0,CE,24272.8,809.6,130,813.55,325,801,811.575,442,-8,95,-4.5803800107213055,5.81,0.9480598050999689,0.00024271480001123417,-3.9097228659397816,7.749405375951779,-2.9108173323055264,0.0016508212172597903,353.0241675923631,-9.290898996381976e-07,0.006881952931701366,-2.5854195388020447e-06,-0.3101430275685768,32.90852616088881,-0.9414680321489678,0.0002545888163939548,0.09327306180920217,24440.5,0.07381778161500258,0.0115,index_dividend_yield,0.065,10.87,65,24341.95,24378.6,24253.6,24334.55,mid_price,ok
2026-08-26T08:55:40.722785+00:00,2026-08-26T14:25:40.722785+05:30,NIFTY,29-Sep-2026,23700.0,PE,24272.8,64.2,195,64.45,260,64.05,64.325,15925,2178,14846,-6.836363636363636,10.75,-0.18497957270560697,0.0003347987501905563,-2.4499200034077577,19.7782690548437,-2.1418442799721467,0.0021847868325984288,142.24191564763444,-3.869116263129033e-07,-0.0007064208379310754,2.4651952960547162e-06,-0.43532102629881564,-54.87839758951555,0.19290248620386913,0.00035117766834673396,0.09327306180920217,24440.5,0.07381778161500258,0.0115,index_dividend_yield,0.065,10.87,65,24341.95,24378.6,24253.6,24334.55,mid_price,ok
2026-08-26T08:55:40.722785+00:00,2026-08-26T14:25:40.722785+05:30,NIFTY,29-Sep-2026,23750.0,CE,24272.8,763.75,65,778.2,65,760,770.975,58,-3,6,-3.2524982496340145,6.7,0.9053100757114495,0.00033654657982552067,-4.322275799741614,12.391274340173586,-3.2372845889490076,0.0020171507371632424,316.3748090632614,-8.964966322283181e-07,0.0035716750552982376,-3.250523525590498e-07,-0.3759143626938499,33.181693190886456,-0.8973543328746596,0.0003515262072146089,0.09327306180920217,24440.5,0.07381778161500258,0.0115,index_dividend_yield,0.065,10.87,65,24341.95,24378.6,24253.6,24334.55,mid_price,ok
2026-08-26T08:55:40.722785+00:00,2026-08-26T14:25:40.722785+05:30,NIFTY,29-Sep-2026,23750.0,PE,24272.8,70.8,845,71.1,65,70.85,70.94999999999999,3539,575,3086,-3.801765105227427,10.65,-0.20048676515726988,0.00035497651155911707,-2.5202071583238723,20.775199989386437,-2.1225713573675975,0.0020508887223493755,132.04193175533874,-3.884311471750455e-07,-0.0010768353367825753,3.0382431779983747e-06,-0.4324277055557814,-54.17646461743917,0.20868209168165974,0.0003707764518758207,0.09327306180920217,24440.5,0.07381778161500258,0.0115,index_dividend_yield,0.065,10.87,65,24341.95,24378.6,24253.6,24334.55,mid_price,ok
2026-08-26T08:55:40.722785+00:00,2026-08-26T14:25:40.722785+05:30,NIFTY,29-Sep-2026,23800.0,CE,24272.8,725.85,65,729,195,729,727.425,1137,-157,559,-3.857566765578635,7.91,0.8482669321567186,0.0003986521268128204,-4.91762228337524,17.328722901344346,-2.9810897616389664,0.0020718112454598536,228.28698301788108,-7.090958896561409e-07,0.00021281206184843343,2.264886583647511e-06,-0.4105419929963184,32.32542303141987,-0.8383554370789367,0.00041464833535946507,0.09327306180920217,24440.5,0.07381778161500258,0.0115,index_dividend_yield,0.065,10.87,65,24341.95,24378.6,24253.6,24334.55,mid_price,ok
2026-08-26T08:55:40.722785+00:00,2026-08-26T14:25:40.722785+05:30,NIFTY,29-Sep-2026,23800.0,PE,24272.8,78.65,520,79,390,78,78.825,18861,-699,19773,-5.051734631771151,10.57,-0.21744000546079728,0.00037517462230518653,-2.591753186592959,21.792368272664447,-2.0798321454720687,0.0018871844749054068,120.28001183279002,-3.8527871096529256e-07,-0.00147861172982355,3.636533665246763e-06,-0.4288960068613185,-53.32129399440562,0.22591850070245317,0.0003902287787893942,0.09327306180920217,24440.5,0.07381778161500258,0.0115,index_dividend_yield,0.065,10.87,65,24341.95,24378.6,24253.6,24334.55,mid_price,ok
2026-08-26T08:55:40.722785+00:00,2026-08-26T14:25:40.722785+05:30,NIFTY,29-Sep-2026,23850.0,CE,24272.8,682.15,65,688.35,65,676.95,685.25,56,1,3,-2.266657041796001,7.32,0.8453271825760693,0.0004363458320536268,-4.790346925304601,17.552456331285935,-3.2283798616981607,0.0019451441161447702,244.23794765789708,-8.252743364497694e-07,0.0001117759025928396,2.8144806370983895e-06,-0.40235215224826604,35.08566700526226,-0.8357923433465477,0.00045195356884289575,0.09327306180920217,24440.5,0.07381778161500258,0.0115,index_dividend_yield,0.065,10.87,65,24341.95,24378.6,24253.6,24334.55,mid_price,ok
2026-08-26T08:55:40.722785+00:00,2026-08-26T14:25:40.722785+05:30,NIFTY,29-Sep-2026,23850.0,PE,24272.8,86.55,715,87.1,130,86.75,86.82499999999999,1496,194,1241,-4.143646408839779,10.48,-0.23522409886332646,0.0003955715816594539,-2.6501851071715294,22.78150203319686,-2.0202837214059883,0.001694883856133228,107.97802274559665,-3.7951615963345543e-07,-0.001899597151779227,4.242779337026504e-06,-0.42484161706233087,-52.5165246762448,0.24395247684635016,0.00040972085655638195,0.09327306180920217,24440.5,0.07381778161500258,0.0115,index_dividend_yield,0.065,10.87,65,24341.95,24378.6,24253.6,24334.55,mid_price,ok
2026-08-26T08:55:40.722785+00:00,2026-08-26T14:25:40.722785+05:30,NIFTY,29-Sep-2026,23900.0,CE,24272.8,643.75,65,647,65,653,645.375,921,-46,283,-3.5664180757586945,8.46,0.788774071401531,0.00045953875524952324,-5.359839211540856,21.364291490665796,-2.6547758736295557,0.001688529952547868,158.46234138362192,-6.000478884291636e-07,-0.002023145783517369,4.6281556276323195e-06,-0.4123882666391907,33.77823901257902,-0.7773618366789484,0.00047398663556503596,0.09327306180920217,24440.5,0.07381778161500258,0.0115,index_dividend_yield,0.065,10.87,65,24341.95,24378.6,24253.6,24334.55,mid_price,ok
2026-08-26T08:55:40.722785+00:00,2026-08-26T14:25:40.722785+05:30,NIFTY,29-Sep-2026,23900.0,PE,24272.8,96.45,130,96.8,325,94.75,96.625,10361,1537,10051,-3.6603965429588206,10.43,-0.25483915925753736,0.0004149595779505339,-2.715190714917736,23.78406537267135,-1.927700777223429,0.0014686028644694258,94.106254148274,-3.6657231801004266e-07,-0.0023366709913645207,4.850338656016352e-06,-0.4206405025241686,-51.441839035239674,0.26384542447032916,0.00042800589069242587,0.09327306180920217,24440.5,0.07381778161500258,0.0115,index_dividend_yield,0.065,10.87,65,24341.95,24378.6,24253.6,24334.55,mid_price,ok
2026-08-26T08:55:40.722785+00:00,2026-08-26T14:25:40.722785+05:30,NIFTY,29-Sep-2026,23950.0,CE,24272.8,602.35,65,610.15,520,588.25,606.25,112,3,21,-6.78973221359531,7.15,0.8021824497153064,0.0005227709888324947,-4.921891637639927,20.540618116064753,-3.219430314115812,0.0015461370284312048,203.4966161352898,-8.455752672678804e-07,-0.002131627888870397,5.248367552664209e-06,-0.39714100064960434,38.93410598311176,-0.7921130391692804,0.0005369578524100414,0.09327306180920217,24440.5,0.07381778161500258,0.0115,index_dividend_yield,0.065,10.87,65,24341.95,24378.6,24253.6,24334.55,mid_price,ok
2026-08-26T08:55:40.722785+00:00,2026-08-26T14:25:40.722785+05:30,NIFTY,29-Sep-2026,23950.0,PE,24272.8,105.7,195,106.25,65,104.5,105.975,1772,741,1722,-4.3478260869565215,10.32,-0.27433844587869244,0.0004354016830671514,-2.743124984175406,24.69254130890043,-1.8313018288120264,0.0012179777366266853,81.30534765206399,-3.5474033010059103e-07,-0.002785439907586291,5.448708333580666e-06,-0.41632988835370455,-50.731563756736605,0.28351653405649446,0.00044721753438840194,0.09327306180920217,24440.5,0.07381778161500258,0.0115,index_dividend_yield,0.065,10.87,65,24341.95,24378.6,24253.6,24334.55,mid_price,ok
2026-08-26T08:55:40.722785+00:00,2026-08-26T14:25:40.722785+05:30,NIFTY,29-Sep-2026,24000.0,CE,24272.8,567.85,130,569.7,130,570,568.7750000000001,42939,850,12204,-5.031656114628457,8.55,0.7371475101098041,0.000513295674363118,-5.563123964734777,24.117356733416496,-2.324685354300471,0.0011161375423625053,109.78793271392817,-5.284736143208585e-07,-0.0036668985112602286,6.457059264610115e-06,-0.4050543194205609,36.241846264772114,-0.7249555470491374,0.000525030914398429,0.09327306180920217,24440.5,0.07381778161500258,0.0115,index_dividend_yield,0.065,10.87,65,24341.95,24378.6,24253.6,24334.55,mid_price,ok
2026-08-26T08:55:40.722785+00:00,2026-08-26T14:25:40.722785+05:30,NIFTY,29-Sep-2026,24000.0,PE,24272.8,117.8,260,118,130,118.25,117.9,84907.46153846153,3382,46800,-1.170079398244881,10.3,-0.2964684548168028,0.0004526534240664163,-2.795080062801578,25.621173819230286,-1.6853003592789406,0.0009296324080073082,66.6776676162062,-3.3110463313953356e-07,-0.003216839633925271,6.006643488534128e-06,-0.41263275057488974,-49.46211050919552,0.3059002926824398,0.0004630022285655305,0.09327306180920217,24440.5,0.07381778161500258,0.0115,index_dividend_yield,0.065,10.87,65,24341.95,24378.6,24253.6,24334.55,mid_price,ok
2026-08-26T08:55:40.722785+00:00,2026-08-26T14:25:40.722785+05:30,NIFTY,29-Sep-2026,24050.0,CE,24272.8,526.15,65,533.2,130,536.7,529.675,315,20,101,-3.774092335275661,8.65,0.7084787780345427,0.0005339061489623933,-5.662728464765792,25.379146827191548,-2.07707507030902,0.0007614433430654932,84.87539297260227,-4.730580493411654e-07,-0.0043870475427934975,7.223656131067659e-06,-0.4021382145472039,37.33127012508391,-0.6958881757608473,0.0005438442186703765,0.09327306180920217,24440.5,0.07381778161500258,0.0115,index_dividend_yield,0.065,10.87,65,24341.95,24378.6,24253.6,24334.55,mid_price,ok
2026-08-26T08:55:40.722785+00:00,2026-08-26T14:25:40.722785+05:30,NIFTY,29-Sep-2026,24050.0,PE,24272.8,128.8,65,129.7,195,126,129.25,920,217,1014,-3.374233128834356,10.22,-0.3185071144233121,0.0004708033462221441,-2.8072486839046533,26.441520475830053,-1.5347387194597217,0.0006185420119292906,53.5817730504462,-3.0821123491022426e-07,-0.003652860388411678,6.539437676552566e-06,-0.4094531773758092,-48.54665340982375,0.32807940077156084,0.0004795668273744036,0.09327306180920217,24440.5,0.07381778161500258,0.0115,index_dividend_yield,0.065,10.87,65,24341.95,24378.6,24253.6,24334.55,mid_price,ok
2026-08-26T08:55:40.722785+00:00,2026-08-26T14:25:40.722785+05:30,NIFTY,29-Sep-2026,24100.0,CE,24272.8,493.2,260,494.85,65,496.55,494.025,5514,72,2812,-4.628829347930472,8.52,0.6834244480481227,0.0005624834076319507,-5.651515899287402,26.3357262325662,-1.8904950419467714,0.0003858116145825097,67.1873255248876,-4.4222962361563733e-07,-0.005167354869326944,8.003225088066917e-06,-0.39890431525175524,39.20568701971909,-0.67076793027146,0.0005705784773920869,0.09327306180920217,24440.5,0.07381778161500258,0.0115,index_dividend_yield,0.065,10.87,65,24341.95,24378.6,24253.6,24334.55,mid_price,ok
2026-08-26T08:55:40.722785+00:00,2026-08-26T14:25:40.722785+05:30,NIFTY,29-Sep-2026,24100.0,PE,24272.8,142.15,65,142.65,65,142.05,142.4,9865,843,11521,-1.113818308388444,10.15,-0.3416536653961275,0.00048754850434401515,-2.8072591816029173,27.194423649194682,-1.3589080432253875,0.0002803180110291792,40.99902778760267,-2.801390797659203e-07,-0.004068685749684822,7.019258550037263e-06,-0.4073263940544507,-47.56348032702718,0.35133797753006846,0.0004945651364802956,0.09327306180920217,24440.5,0.07381778161500258,0.0115,index_dividend_yield,0.065,10.87,65,24341.95,24378.6,24253.6,24334.55,mid_price,ok
2026-08-26T08:55:40.722785+00:00,2026-08-26T14:25:40.722785+05:30,NIFTY,29-Sep-2026,24150.0,CE,24272.8,457.3,65,460.25,195,466.3,458.775,778,-9,433,-3.706763035622096,8.39,0.6567405499446715,0.0005901718766338522,-5.620562860391676,27.21049606480826,-1.662159632322524,-3.10317206280164e-05,49.97116608025998,-4.014830410729054e-07,-0.00595102483824867,8.72106524221609e-06,-0.3972263220092209,41.21671616445735,-0.6440651393570578,0.0005961890497350921,0.09327306180920217,24440.5,0.07381778161500258,0.0115,index_dividend_yield,0.065,10.87,65,24341.95,24378.6,24253.6,24334.55,mid_price,ok
2026-08-26T08:55:40.722785+00:00,2026-08-26T14:25:40.722785+05:30,NIFTY,29-Sep-2026,24150.0,PE,24272.8,156.85,65,157.2,455,155,157.02499999999998,1462,-106,2181,-0.9900990099009901,10.11,-0.3660385562354345,0.0005016462643877015,-2.8018707931900138,27.87049783376693,-1.1545616398887515,-8.203624019875733e-05,29.215673160479128,-2.4580179805901803e-07,-0.0044363829798091305,7.4163625620888565e-06,-0.40667037657403426,-46.41298501694503,0.37582647778564576,0.0005067608632493546,0.09327306180920217,24440.5,0.07381778161500258,0.0115,index_dividend_yield,0.065,10.87,65,24341.95,24378.6,24253.6,24334.55,mid_price,ok
2026-08-26T08:55:40.722785+00:00,2026-08-26T14:25:40.722785+05:30,NIFTY,29-Sep-2026,24200.0,CE,24272.8,424.65,65,425.7,130,423.9,425.17499999999995,31098,-74,19133,-6.185681088856922,8.54,0.6246686943575853,0.0005981598122882378,-5.679288324409327,28.071853596928577,-1.3013914919046687,-0.00047635034779580643,30.830325206002485,-3.204525331429275e-07,-0.006348014661298041,9.055332700939824e-06,-0.3996563985771324,42.1747723918958,-0.611691876167077,0.000601764071240996,0.09327306180920217,24440.5,0.07381778161500258,0.0115,index_dividend_yield,0.065,10.87,65,24341.95,24378.6,24253.6,24334.55,mid_price,ok
2026-08-26T08:55:40.722785+00:00,2026-08-26T14:25:40.722785+05:30,NIFTY,29-Sep-2026,24200.0,PE,24272.8,172.2,325,172.75,585,172.1,172.475,36926,-3194,39003,0.379119276757072,10.09,-0.3913080783556038,0.0005130444969027568,-2.785908032897965,28.447374360404556,-0.928088105373065,-0.00046240853579682106,18.90914048724568,-2.0673216579255048e-07,-0.004744075691715313,7.717428031017606e-06,-0.4077403646640257,-45.16724383457677,0.40117483553473604,0.000516135886834239,0.09327306180920217,24440.5,0.07381778161500258,0.0115,index_dividend_yield,0.065,10.87,65,24341.95,24378.6,24253.6,24334.55,mid_price,ok
2026-08-26T08:55:40.722785+00:00,2026-08-26T14:25:40.722785+05:30,NIFTY,29-Sep-2026,24250.0,CE,24272.8,390.45,65,391.25,65,391.45,390.85,2913,340,2329,-5.4696933107944945,8.51,0.5946439808366328,0.0006136043162252832,-5.6435096587785045,28.695510420835532,-0.9788494980390583,-0.000941120979773169,17.501061917537086,-2.5476337323331554e-07,-0.006837028851089475,9.399249419107109e-06,-0.4033877621744395,43.89450054460159,-0.5816432136465786,0.0006147586877911452,0.09327306180920217,24440.5,0.07381778161500258,0.0115,index_dividend_yield,0.065,10.87,65,24341.95,24378.6,24253.6,24334.55,mid_price,ok
2026-08-26T08:55:40.722785+00:00,2026-08-26T14:25:40.722785+05:30,NIFTY,29-Sep-2026,24250.0,PE,24272.8,190.5,325,191.15,390,190.6,190.825,6547,1023,6462,-1.4987080103359174,10.04,-0.41688553310736504,0.0005239050646655118,-2.73815881169912,28.905620587004478,-0.6916046664151021,-0.0008573962362253273,10.701926322745692,-1.6605718325372323e-07,-0.00502467868996806,7.94870091272242e-06,-0.41056319581498,-44.08187906210415,0.4267434557185663,0.0005248906853560267,0.09327306180920217,24440.5,0.07381778161500258,0.0115,index_dividend_yield,0.065,10.87,65,24341.95,24378.6,24253.6,24334.55,mid_price,ok
2026-08-26T08:55:40.722785+00:00,2026-08-26T14:25:40.722785+05:30,NIFTY,29-Sep-2026,24300.0,CE,24272.8,361.1,390,362.25,130,360.95,361.675,53805,7387,31374,-6.622687879963782,8.55,0.563454058517478,0.0006206299071725059,-5.612621264881494,29.16048900914328,-0.6219109588336269,-0.0014095659697613838,7.435807877778089,-1.7974401676052325e-07,-0.007101510054895806,9.49889312877681e-06,-0.4102988235815665,45.33442875181925,-0.5504084397623417,0.0006192412910739116,0.09327306180920217,24440.5,0.07381778161500258,0.0115,index_dividend_yield,0.065,10.87,65,24341.95,24378.6,24253.6,24334.55,mid_price,ok
2026-08-26T08:55:40.722785+00:00,2026-08-26T14:25:40.722785+05:30,NIFTY,29-Sep-2026,24300.0,PE,24272.8,207.7,130,208.35,130,208.5,208.02499999999998,51694,4536,37657,2.5830258302583027,10.03,-0.44319938563452593,0.0005306251119527598,-2.6867505063591945,29.24722865473281,-0.43677537608585726,-0.0012585491033255125,4.587075581092392,-1.2106694131013858e-07,-0.005207662886941809,8.047967257306652e-06,-0.4155634885391955,-42.81627320715186,0.4530428977773394,0.0005294378753013183,0.09327306180920217,24440.5,0.07381778161500258,0.0115,index_dividend_yield,0.065,10.87,65,24341.95,24378.6,24253.6,24334.55,mid_price,ok
2026-08-26T08:55:40.722785+00:00,2026-08-26T14:25:40.722785+05:30,NIFTY,29-Sep-2026,24350.0,CE,24272.8,329.75,195,331,130,332,330.375,5777,632,5670,-6.439340566436522,8.5,0.5324560483703631,0.0006302830266217889,-5.520948880717866,29.440862282711525,-0.2660075619158597,-0.0018937533842899867,1.6345759340179455,-1.0641223813540212e-07,-0.007381114713275543,9.52907718107434e-06,-0.4197332004759282,47.26072188838465,-0.5195372977630047,0.0006262928240367716,0.09327306180920217,24440.5,0.07381778161500258,0.0115,index_dividend_yield,0.065,10.87,65,24341.95,24378.6,24253.6,24334.55,mid_price,ok
2026-08-26T08:55:40.722785+00:00,2026-08-26T14:25:40.722785+05:30,NIFTY,29-Sep-2026,24350.0,PE,24272.8,225.7,325,226.7,130,226,226.2,6555,1609,6903,2.750625142077745,9.94,-0.4696214061514963,0.0005393117348953436,-2.5813652014232904,29.45928777053913,-0.17832176576559888,-0.0016733802526314179,0.9909135191410456,-7.575045273377257e-08,-0.005408075056954778,8.107398827282867e-06,-0.422525517603006,-41.92115058114281,0.4792994802972742,0.0005358974543454709,0.09327306180920217,24440.5,0.07381778161500258,0.0115,index_dividend_yield,0.065,10.87,65,24341.95,24378.6,24253.6,24334.55,mid_price,ok
2026-08-26T08:55:40.722785+00:00,2026-08-26T14:25:40.722785+05:30,NIFTY,29-Sep-2026,24400.0,CE,24272.8,300,195,300.95,65,300.75,300.475,37788,5148,27004,-7.16159901219324,8.44,0.500941480527678,0.0006369433364199059,-5.400216544014238,29.5419550699075,0.10420815082706758,-0.0023796830073128383,-0.02863101662953227,-2.8972327778075957e-08,-0.0075483987447610215,9.389925714594553e-06,-0.4322950898372362,49.32765867451578,-0.48822756896190295,0.0006303197289429386,0.09327306180920217,24440.5,0.07381778161500258,0.0115,index_dividend_yield,0.065,10.87,65,24341.95,24378.6,24253.6,24334.55,mid_price,ok
2026-08-26T08:55:40.722785+00:00,2026-08-26T14:25:40.722785+05:30,NIFTY,29-Sep-2026,24400.0,PE,24272.8,247.45,130,248.1,65,247.65,247.77499999999998,33795,3006,29240,1.7460969597370584,9.91,-0.49654921815665154,0.0005424515556252225,-2.4802989867038017,29.541367928616754,0.0922971689600871,-0.0020800668866852168,-0.05003799929603758,-2.707270994009155e-08,-0.005475255792867476,8.00540553275652e-06,-0.4318250560505383,-40.76459023432362,0.5060780453029616,0.0005368105731793944,0.09327306180920217,24440.5,0.07381778161500258,0.0115,index_dividend_yield,0.065,10.87,65,24341.95,24378.6,24253.6,24334.55,mid_price,ok
2026-08-26T08:55:40.722785+00:00,2026-08-26T14:25:40.722785+05:30,NIFTY,29-Sep-2026,24450.0,CE,24272.8,273.1,65,274.05,65,274.5,273.57500000000005,1905,322,1712,-6.266006487963121,8.44,0.4693213372323878,0.0006351248474563177,-5.281471039647924,29.45761205823648,0.4778769060709287,-0.0028373786661298195,2.682482111691087,5.0226940939131334e-08,-0.007468375834107437,9.003718526972453e-06,-0.4477247196889245,51.112746442967264,-0.4568044236410688,0.000625952144440511,0.09327306180920217,24440.5,0.07381778161500258,0.0115,index_dividend_yield,0.065,10.87,65,24341.95,24378.6,24253.6,24334.55,mid_price,ok
2026-08-26T08:55:40.722785+00:00,2026-08-26T14:25:40.722785+05:30,NIFTY,29-Sep-2026,24450.0,PE,24272.8,269.75,65,270.9,195,267.4,270.325,2072,877,2817,-0.11206574523720583,9.86,-0.523671497466601,0.0005442107047719298,-2.3499668464409273,29.487637795829695,0.36672581510133195,-0.0024839097557119993,1.6526035983748244,2.2826541332679594e-08,-0.0054894383176608275,7.80549268518979e-06,-0.44327448789329793,-39.70145818782287,0.5329708556049652,0.00053635101672337,0.09327306180920217,24440.5,0.07381778161500258,0.0115,index_dividend_yield,0.065,10.87,65,24341.95,24378.6,24253.6,24334.55,mid_price,ok
2026-08-26T08:55:40.722785+00:00,2026-08-26T14:25:40.722785+05:30,NIFTY,29-Sep-2026,24500.0,CE,24272.8,248.05,520,248.75,130,248.3,248.4,78039,10519,64978,-7.16021686296504,8.43,0.4378701145147028,0.0006300711966244306,-5.135921912379714,29.188594914297713,0.8451636787089045,-0.0032744028485686694,9.723837649920242,1.2854898983617773e-07,-0.007265231451461572,8.457804902323304e-06,-0.4656000111524854,53.00330555751253,-0.4256249642265049,0.0006184394890968636,0.09327306180920217,24440.5,0.07381778161500258,0.0115,index_dividend_yield,0.065,10.87,65,24341.95,24378.6,24253.6,24334.55,mid_price,ok
2026-08-26T08:55:40.722785+00:00,2026-08-26T14:25:40.722785+05:30,NIFTY,29-Sep-2026,24500.0,PE,24272.8,293.5,65,294.15,390,293.45,293.825,69040,12685,50721,1.7157712305025996,9.87,-0.550517488715132,0.0005401888411194052,-2.226582145356711,29.29940152269065,0.6351868067730471,-0.002860141209319322,6.0495567722664845,7.189915002967449e-08,-0.005362036207743584,7.452265901606095e-06,-0.45646966972789116,-38.423255704231366,0.5596071298247808,0.000530216446502386,0.09327306180920217,24440.5,0.07381778161500258,0.0115,index_dividend_yield,0.065,10.87,65,24341.95,24378.6,24253.6,24334.55,mid_price,ok
2026-08-26T08:55:40.722785+00:00,2026-08-26T14:25:40.722785+05:30,NIFTY,29-Sep-2026,24550.0,CE,24272.8,223.1,260,224,65,226,223.55,2360,1386,6044,-7.205912543625539,8.43,0.4069135524570961,0.0006204278342736159,-4.974128205500216,28.741857785576844,1.1964756694569367,-0.0036760038626029723,20.790281389682974,2.0376117242988355e-07,-0.006911856836550132,7.74878278561944e-06,-0.48531482507218016,54.8690082658013,-0.39498663890327856,0.000606496131864184,0.09327306180920217,24440.5,0.07381778161500258,0.0115,index_dividend_yield,0.065,10.87,65,24341.95,24378.6,24253.6,24334.55,mid_price,ok
2026-08-26T08:55:40.722785+00:00,2026-08-26T14:25:40.722785+05:30,NIFTY,29-Sep-2026,24550.0,PE,24272.8,318.25,65,319.75,65,314,319.0,1095,496,3378,1.7663263652568466,9.82,-0.5775632825505675,0.0005368911840079753,-2.056929434468279,28.97301883196805,0.9044948945068909,-0.0032329994184558952,13.227070344301595,1.2196510559951783e-07,-0.005222720182835552,7.03166058671652e-06,-0.4716211009202489,-37.38769477503848,0.5863154001385997,0.0005248352964596612,0.09327306180920217,24440.5,0.07381778161500258,0.0115,index_dividend_yield,0.065,10.87,65,24341.95,24378.6,24253.6,24334.55,mid_price,ok
2026-08-26T08:55:40.722785+00:00,2026-08-26T14:25:40.722785+05:30,NIFTY,29-Sep-2026,24600.0,CE,24272.8,200.8,65,201.4,65,203,201.10000000000002,15673,1593,17237,-7.5802412929660825,8.41,0.37628110465618214,0.000608433661455553,-4.783296077877915,28.11934610662216,1.5331805430534584,-0.004046641319630173,35.71557949008408,2.7686062704790416e-07,-0.006462603020989906,6.910094136795852e-06,-0.5066314997668222,56.92378613160981,-0.3647539205223664,0.0005923559757265817,0.09327306180920217,24440.5,0.07381778161500258,0.0115,index_dividend_yield,0.065,10.87,65,24341.95,24378.6,24253.6,24334.55,mid_price,ok
2026-08-26T08:55:40.722785+00:00,2026-08-26T14:25:40.722785+05:30,NIFTY,29-Sep-2026,24600.0,PE,24272.8,346.65,130,348.35,260,345.8,347.5,9058,1137,7104,2.7332144979203803,9.83,-0.603765503256547,0.0005280414031990384,-1.89781738209726,28.524463350322527,1.1541056662252025,-0.003564027164523198,22.656221555587663,1.681010509136963e-07,-0.00495277317384262,6.484215168946097e-06,-0.4876238593295916,-36.165911634921684,0.6122072086611945,0.0005140880599336291,0.09327306180920217,24440.5,0.07381778161500258,0.0115,index_dividend_yield,0.065,10.87,65,24341.95,24378.6,24253.6,24334.55,mid_price,ok
2026-08-26T08:55:40.722785+00:00,2026-08-26T14:25:40.722785+05:30,NIFTY,29-Sep-2026,24650.0,CE,24272.8,179,195,179.45,130,179.2,179.225,2268,1064,2359,-8.361032983891588,8.35,0.34558500182407076,0.0005951994535669758,-4.553643346688784,27.31146443285414,1.8611362506155416,-0.004389174873192958,54.67882353831577,3.50433514038263e-07,-0.005937129282907588,5.943673589589495e-06,-0.5295132354787029,59.363118318742046,-0.3345643188836107,0.0005771230651061604,0.09327306180920217,24440.5,0.07381778161500258,0.0115,index_dividend_yield,0.065,10.87,65,24341.95,24378.6,24253.6,24334.55,mid_price,ok
2026-08-26T08:55:40.722785+00:00,2026-08-26T14:25:40.722785+05:30,NIFTY,29-Sep-2026,24650.0,PE,24272.8,372.05,65,374.5,65,380,373.275,620,83,237,4.209515974221857,10.18,,,,,,,,,,,,,,,0.09327306180920217,,,,,,10.87,65,24341.95,24378.6,24253.6,24334.55,mid_price,no_price_available
2026-08-26T08:55:40.722785+00:00,2026-08-26T14:25:40.722785+05:30,NIFTY,29-Sep-2026,24700.0,CE,24272.8,159.8,195,160.15,65,160.05,159.97500000000002,13711,1740,10107,-8.07007466973004,8.36,0.31700965609120924,0.0005744085007512637,-4.345535750036873,26.389011604389523,2.1320676824913565,-0.004651474041259707,75.1040029165555,4.0968361959410875e-07,-0.005236555334667942,4.880513225078396e-06,-0.5509222285911939,61.286385645166696,-0.3064436686160743,0.0005547109090358565,0.09327306180920217,24440.5,0.07381778161500258,0.0115,index_dividend_yield,0.065,10.87,65,24341.95,24378.6,24253.6,24334.55,mid_price,ok
2026-08-26T08:55:40.722785+00:00,2026-08-26T14:25:40.722785+05:30,NIFTY,29-Sep-2026,24700.0,PE,24272.8,402.45,65,404.05,130,396.5,403.25,5576,237,2645,3.0673251884585393,9.69,,,,,,,,,,,,,,,0.09327306180920217,,,,,,10.87,65,24341.95,24378.6,24253.6,24334.55,mid_price,no_price_available
2026-08-26T08:55:40.722785+00:00,2026-08-26T14:25:40.722785+05:30,NIFTY,29-Sep-2026,24750.0,CE,24272.8,142.05,130,142.85,325,144.2,142.45,1971,194,1618,-6.727037516170763,8.34,0.28889202844033735,0.0005523576852869503,-4.108925469616001,25.315262778392672,2.379984216812514,-0.004871296413750559,98.0579505054564,4.6584770709352737e-07,-0.004483684644190791,3.7427140723599907e-06,-0.5720537676946407,63.51176635810418,-0.278861020184572,0.0005312632189696017,0.09327306180920217,24440.5,0.07381778161500258,0.0115,index_dividend_yield,0.065,10.87,65,24341.95,24378.6,24253.6,24334.55,mid_price,ok
2026-08-26T08:55:40.722785+00:00,2026-08-26T14:25:40.722785+05:30,NIFTY,29-Sep-2026,24750.0,PE,24272.8,434.2,65,437.55,130,434.75,435.875,514,-45,311,3.697078115682767,9.87,,,,,,,,,,,,,,,0.09327306180920217,,,,,,10.87,65,24341.95,24378.6,24253.6,24334.55,mid_price,no_price_available
2026-08-26T08:55:40.722785+00:00,2026-08-26T14:25:40.722785+05:30,NIFTY,29-Sep-2026,24800.0,CE,24272.8,125.85,260,126.2,65,126,126.025,18000,637,14317,-8.129784907036091,8.33,0.26219018880963124,0.0005272743852005005,-3.8684314786157814,24.13668727560435,2.584581558361332,-0.005029697185215121,121.82190212429234,5.126456740973154e-07,-0.0036686161967497324,2.5733630381276264e-06,-0.5911578230099757,65.69252901987284,-0.2527102053572912,0.0005050949974968138,0.09327306180920217,24440.5,0.07381778161500258,0.0115,index_dividend_yield,0.065,10.87,65,24341.95,24378.6,24253.6,24334.55,mid_price,ok
2026-08-26T08:55:40.722785+00:00,2026-08-26T14:25:40.722785+05:30,NIFTY,29-Sep-2026,24800.0,PE,24272.8,466.55,65,472.25,325,461,469.4,5985,1113,3345,2.4899955535793685,9.83,,,,,,,,,,,,,,,0.09327306180920217,,,,,,10.87,65,24341.95,24378.6,24253.6,24334.55,mid_price,no_price_available
2026-08-26T08:55:40.722785+00:00,2026-08-26T14:25:40.722785+05:30,NIFTY,29-Sep-2026,24850.0,CE,24272.8,111.05,195,111.7,195,111.5,111.375,1809,205,1236,-7.122032486463973,8.38,0.23844245090335583,0.0004984083828831257,-3.6578294912787452,22.95225419608747,2.7198178829804798,-0.005113167079947412,143.26864562815976,5.409399348463492e-07,-0.0028363692578143055,1.4784491797483704e-06,-0.606072160527475,67.29297738411712,-0.22944301568915768,0.0004755238533682805,0.09327306180920217,24440.5,0.07381778161500258,0.0115,index_dividend_yield,0.065,10.87,65,24341.95,24378.6,24253.6,24334.55,mid_price,ok
2026-08-26T08:55:40.722785+00:00,2026-08-26T14:25:40.722785+05:30,NIFTY,29-Sep-2026,24850.0,PE,24272.8,501.8,65,506.1,65,496.8,503.95000000000005,231,49,129,-0.35101795206097686,9.87,,,,,,,,,,,,,,,0.09327306180920217,,,,,,10.87,65,24341.95,24378.6,24253.6,24334.55,mid_price,no_price_available
2026-08-26T08:55:40.722785+00:00,2026-08-26T14:25:40.722785+05:30,NIFTY,29-Sep-2026,24900.0,CE,24272.8,97.65,65,97.85,65,97.65,97.75,15792,1204,13610,-7.528409090909091,8.32,0.21310456113279677,0.00047109868734637126,-3.3769724703939605,21.53928132489852,2.864912525358629,-0.0051701307491884285,168.84039199963217,5.788521701116429e-07,-0.0019690911689544057,2.608578882019657e-07,-0.6207156621893368,70.06925874428912,-0.20477198842324565,0.0004476648080708936,0.09327306180920217,24440.5,0.07381778161500258,0.0115,index_dividend_yield,0.065,10.87,65,24341.95,24378.6,24253.6,24334.55,mid_price,ok
2026-08-26T08:55:40.722785+00:00,2026-08-26T14:25:40.722785+05:30,NIFTY,29-Sep-2026,24900.0,PE,24272.8,538.15,65,545.55,910,533,541.8499999999999,1350,130,477,2.6381667629501253,9.95,,,,,,,,,,,,,,,0.09327306180920217,,,,,,10.87,65,24341.95,24378.6,24253.6,24334.55,mid_price,no_price_available
2026-08-26T08:55:40.722785+00:00,2026-08-26T14:25:40.722785+05:30,NIFTY,29-Sep-2026,24950.0,CE,24272.8,85.8,65,86.05,65,85.8,85.925,2158,443,1511,-8.9171974522293,8.33,0.191187438323548,0.0004409526730476129,-3.13819138410351,20.185195927249342,2.9361767513544774,-0.005154967060296778,189.9894979831096,5.963468123699817e-07,-0.0011426641110168678,-8.053444286884137e-07,-0.6297264160468217,72.13592598972437,-0.18341973422451616,0.0004173405986076449,0.09327306180920217,24440.5,0.07381778161500258,0.0115,index_dividend_yield,0.065,10.87,65,24341.95,24378.6,24253.6,24334.55,mid_price,ok
2026-08-26T08:55:40.722785+00:00,2026-08-26T14:25:40.722785+05:30,NIFTY,29-Sep-2026,24950.0,PE,24272.8,575,65,581.35,65,590.65,578.175,115,0,26,6.9243301955105,10.81,,,,,,,,,,,,,,,0.09327306180920217,,,,,,10.87,65,24341.95,24378.6,24253.6,24334.55,mid_price,no_price_available
2026-08-26T08:55:40.722785+00:00,2026-08-26T14:25:40.722785+05:30,NIFTY,29-Sep-2026,25000.0,CE,24272.8,75.4,260,75.55,65,75.35,75.475,83799,5639,49265,-8.500303582270796,8.34,0.17079700000168865,0.0004103756868088894,-2.901438121036888,18.808045268770787,2.9684539830717447,-0.0050906802286631025,209.13745252054383,6.055262485541503e-07,-0.00035674014206384303,-1.7940735097678835e-06,-0.6346277844548744,74.21884232910935,-0.16359453399476664,0.0003868488945411566,0.09327306180920217,24440.5,0.07381778161500258,0.0115,index_dividend_yield,0.065,10.87,65,24341.95,24378.6,24253.6,24334.55,mid_price,ok
2026-08-26T08:55:40.722785+00:00,2026-08-26T14:25:40.722785+05:30,NIFTY,29-Sep-2026,25000.0,PE,24272.8,613.6,65,616.45,130,608.8,615.0250000000001,34743,173,5388,2.1219491738656377,10.05,,,,,,,,,,,,,,,0.09327306180920217,,,,,,10.87,65,24341.95,24378.6,24253.6,24334.55,mid_price,no_price_available
2026-08-26T08:55:40.722785+00:00,2026-08-26T14:25:40.722785+05:30,NIFTY,29-Sep-2026,25050.0,CE,24272.8,65.25,65,65.5,65,66.45,65.375,2792,452,2195,-7.515657620041754,8.32,0.15104379718177818,0.00037964757495772644,-2.649887228584746,17.358010414742786,2.973851866117774,-0.004979866626833612,227.36941544182088,6.112611770052325e-07,0.0004106082250831503,-2.74798479607671e-06,-0.635447764013275,76.69729143987956,-0.14444927129319104,0.000356455175386491,0.09327306180920217,24440.5,0.07381778161500258,0.0115,index_dividend_yield,0.065,10.87,65,24341.95,24378.6,24253.6,24334.55,mid_price,ok
2026-08-26T08:55:40.722785+00:00,2026-08-26T14:25:40.722785+05:30,NIFTY,29-Sep-2026,25050.0,PE,24272.8,648.15,975,661.45,65,657.25,654.8,112,90,199,4.8831085933136515,10.55,,,,,,,,,,,,,,,0.09327306180920217,,,,,,10.87,65,24341.95,24378.6,24253.6,24334.55,mid_price,no_price_available
2026-08-26T08:55:40.722785+00:00,2026-08-26T14:25:40.722785+05:30,NIFTY,29-Sep-2026,25100.0,CE,24272.8,56.6,455,56.8,715,56.8,56.7,10462,-222,17700,-9.12,8.33,0.13370391483062655,0.00034916542493226274,-2.423770346034362,15.983512390496326,2.934696798289421,-0.004828441605021577,241.15098998545025,6.051371608185218e-07,0.001077183168025469,-3.536332684875797e-06,-0.6313103238421593,78.82487344862378,-0.12765723115364688,0.00032653034290927655,0.09327306180920217,24440.5,0.07381778161500258,0.0115,index_dividend_yield,0.065,10.87,65,24341.95,24378.6,24253.6,24334.55,mid_price,ok
2026-08-26T08:55:40.722785+00:00,2026-08-26T14:25:40.722785+05:30,NIFTY,29-Sep-2026,25100.0,PE,24272.8,693,65,695.85,65,690,694.425,1231,3,229,4.182394685187981,10.32,,,,,,,,,,,,,,,0.09327306180920217,,,,,,10.87,65,24341.95,24378.6,24253.6,24334.55,mid_price,no_price_available
2026-08-26T08:55:40.722785+00:00,2026-08-26T14:25:40.722785+05:30,NIFTY,29-Sep-2026,25150.0,CE,24272.8,49,65,49.4,65,48.9,49.2,1674,173,1414,-8.25515947467167,8.36,0.11842392193271728,0.0003196864114665273,-2.218224235965337,14.686775023214652,2.8621637180522086,-0.0046479276162779,250.86411077884208,5.90304760736358e-07,0.0016373968848723227,-4.169868018724437e-06,-0.6229084065303869,80.68854566106076,-0.11287696949778867,0.0002977748076354889,0.09327306180920217,24440.5,0.07381778161500258,0.0115,index_dividend_yield,0.065,10.87,65,24341.95,24378.6,24253.6,24334.55,mid_price,ok
2026-08-26T08:55:40.722785+00:00,2026-08-26T14:25:40.722785+05:30,NIFTY,29-Sep-2026,25150.0,PE,24272.8,724.8,195,742.8,65,0.0,733.8,23,0,0,0,17.9,,,,,,,,,,,,,,,0.09327306180920217,,,,,,10.87,65,24341.95,24378.6,24253.6,24334.55,mid_price,no_price_available
2026-08-26T08:55:40.722785+00:00,2026-08-26T14:25:40.722785+05:30,NIFTY,29-Sep-2026,25200.0,CE,24272.8,42.4,455,42.55,715,42.3,42.474999999999994,18442,3149,16160,-8.143322475570033,8.35,0.10343724570893746,0.0002905001879254676,-1.9973222150606635,13.329961078956309,2.771566879140534,-0.004429266550985314,259.22086970772006,5.745433949873623e-07,0.0021710319666020305,-4.75955956557786e-06,-0.6098845678332268,83.1154374505098,-0.09843270053851826,0.00026951633422043635,0.09327306180920217,24440.5,0.07381778161500258,0.0115,index_dividend_yield,0.065,10.87,65,24341.95,24378.6,24253.6,24334.55,mid_price,ok
2026-08-26T08:55:40.722785+00:00,2026-08-26T14:25:40.722785+05:30,NIFTY,29-Sep-2026,25200.0,PE,24272.8,777.25,130,780.8,65,770,779.025,1221,127,370,1.7912618150571749,10.53,,,,,,,,,,,,,,,0.09327306180920217,,,,,,10.87,65,24341.95,24378.6,24253.6,24334.55,mid_price,no_price_available
2026-08-26T08:55:40.722785+00:00,2026-08-26T14:25:40.722785+05:30,NIFTY,29-Sep-2026,25250.0,CE,24272.8,36.8,130,37.15,130,37.5,36.974999999999994,1452,448,1638,-8.200734394124847,8.4,0.09146465568219231,0.0002638554082259933,-1.823336958136572,12.17983134324575,2.6537513064007756,-0.004209858328075161,261.8927567136415,5.485281337397197e-07,0.002533165997969098,-5.123493820357325e-06,-0.594210774595938,84.68130825165643,-0.08688657963473803,0.00024382767097015575,0.09327306180920217,24440.5,0.07381778161500258,0.0115,index_dividend_yield,0.065,10.87,65,24341.95,24378.6,24253.6,24334.55,mid_price,ok
2026-08-26T08:55:40.722785+00:00,2026-08-26T14:25:40.722785+05:30,NIFTY,29-Sep-2026,25250.0,PE,24272.8,800.6,65,834.65,65,800,817.625,28,1,10,-14.52991452991453,9.77,,,,,,,,,,,,,,,0.09327306180920217,,,,,,10.87,65,24341.95,24378.6,24253.6,24334.55,mid_price,no_price_available
2026-08-26T08:55:40.722785+00:00,2026-08-26T14:25:40.722785+05:30,NIFTY,29-Sep-2026,25300.0,CE,24272.8,31.9,390,32.05,390,32.3,31.974999999999998,13676,2268,12929,-5.555555555555555,8.43,0.0801923392321443,0.00023826561867282657,-1.6478763760475506,11.037861534862621,2.5236829966822913,-0.003969830231240687,262.52632609274417,5.213876438183132e-07,0.0028413442848929213,-5.413678641694311e-06,-0.5749581821109278,86.52281019992543,-0.07604726242760909,0.00021931083654160613,0.09327306180920217,24440.5,0.07381778161500258,0.0115,index_dividend_yield,0.065,10.87,65,24341.95,24378.6,24253.6,24334.55,mid_price,ok
2026-08-26T08:55:40.722785+00:00,2026-08-26T14:25:40.722785+05:30,NIFTY,29-Sep-2026,25300.0,PE,24272.8,864.45,65,871.05,65,861.45,867.75,456,21,135,2.358602661596958,10.87,,,,,,,,,,,,,,,0.09327306180920217,,,,,,10.87,65,24341.95,24378.6,24253.6,24334.55,mid_price,no_price_available
2026-08-26T08:55:40.722785+00:00,2026-08-26T14:25:40.722785+05:30,NIFTY,29-Sep-2026,25350.0,CE,24272.8,27.8,195,28.25,715,28.7,28.025,698,121,620,-4.333333333333333,8.51,0.07128415353893243,0.0002157764231466406,-1.5112843706098589,10.090891532617142,2.3858597273643256,-0.003747491181305365,259.24684603125667,4.894572496682348e-07,0.0030087132398570497,-5.537254077009254e-06,-0.5553051149916737,87.5749033018828,-0.0674756783683732,0.0001978280259010581,0.09327306180920217,24440.5,0.07381778161500258,0.0115,index_dividend_yield,0.065,10.87,65,24341.95,24378.6,24253.6,24334.55,mid_price,ok
2026-08-26T08:55:40.722785+00:00,2026-08-26T14:25:40.722785+05:30,NIFTY,29-Sep-2026,25350.0,PE,24272.8,896.4,65,923.9,65,850,910.15,16,-1,1,-4.644379627552165,6.86,,,,,,,,,,,,,,,0.09327306180920217,,,,,,10.87,65,24341.95,24378.6,24253.6,24334.55,mid_price,no_price_available
2026-08-26T08:55:40.722785+00:00,2026-08-26T14:25:40.722785+05:30,NIFTY,29-Sep-2026,25400.0,CE,24272.8,24.1,130,24.25,390,24.3,24.175,7136,822,9853,-8.30188679245283,8.53,0.0619734712637948,0.00019316711321565596,-1.3518494488162436,9.054786379915022,2.2392190470730093,-0.0034906432625596974,255.28554817622862,4.5961557038450553e-07,0.003182143079870337,-5.651906769327475e-06,-0.5308589556760683,89.52756045555647,-0.05856170728262843,0.0001764028149996399,0.09327306180920217,24440.5,0.07381778161500258,0.0115,index_dividend_yield,0.065,10.87,65,24341.95,24378.6,24253.6,24334.55,mid_price,ok
2026-08-26T08:55:40.722785+00:00,2026-08-26T14:25:40.722785+05:30,NIFTY,29-Sep-2026,25400.0,PE,24272.8,956.05,65,962.15,65,948.25,959.0999999999999,400,18,210,2.044659671778316,11.03,,,,,,,,,,,,,,,0.09327306180920217,,,,,,10.87,65,24341.95,24378.6,24253.6,24334.55,mid_price,no_price_available
2026-08-26T08:55:40.722785+00:00,2026-08-26T14:25:40.722785+05:30,NIFTY,29-Sep-2026,25450.0,CE,24272.8,21.15,130,21.6,1625,21.65,21.375,753,95,689,-5.043859649122807,8.63,0.05536805794641538,0.00017476289106459623,-1.2448140853631229,8.28811950471681,2.099435763461693,-0.003281080399778445,248.13914020572625,4.2675125223007556e-07,0.003207764377885245,-5.609883709561237e-06,-0.5094564974683085,90.18236457498804,-0.052221428336268874,0.00015896935133082645,0.09327306180920217,24440.5,0.07381778161500258,0.0115,index_dividend_yield,0.065,10.87,65,24341.95,24378.6,24253.6,24334.55,mid_price,ok
2026-08-26T08:55:40.722785+00:00,2026-08-26T14:25:40.722785+05:30,NIFTY,29-Sep-2026,25450.0,PE,24272.8,983.65,650,1018.5,260,946.5,1001.075,11,0,1,-2.084518698598252,7.12,,,,,,,,,,,,,,,0.09327306180920217,,,,,,10.87,65,24341.95,24378.6,24253.6,24334.55,mid_price,no_price_available
2026-08-26T08:55:40.722785+00:00,2026-08-26T14:25:40.722785+05:30,NIFTY,29-Sep-2026,25500.0,CE,24272.8,18.7,260,18.8,650,18.85,18.75,49009,4494,20620,-8.93719806763285,8.68,0.04849936857301978,0.0001563975539416342,-1.1212746951839638,7.460117533272328,1.9539828916238267,-0.0030459406918070947,240.3175413632277,3.9581757713137286e-07,0.003236817019247132,-5.55623026777868e-06,-0.48412248171029404,91.59701451827908,-0.045661308129663944,0.00014170636260154608,0.09327306180920217,24440.5,0.07381778161500258,0.0115,index_dividend_yield,0.065,10.87,65,24341.95,24378.6,24253.6,24334.55,mid_price,ok
2026-08-26T08:55:40.722785+00:00,2026-08-26T14:25:40.722785+05:30,NIFTY,29-Sep-2026,25500.0,PE,24272.8,1052.2,65,1058.5,65,1051,1055.35,24557,100,1068,1.806557853441178,12.01,,,,,,,,,,,,,,,0.09327306180920217,,,,,,10.87,65,24341.95,24378.6,24253.6,24334.55,mid_price,no_price_available
2026-08-26T08:55:40.722785+00:00,2026-08-26T14:25:40.722785+05:30,NIFTY,29-Sep-2026,25550.0,CE,24272.8,16.2,520,16.75,2145,16.5,16.475,641,0,427,-7.042253521126761,8.67,0.0413271830990263,0.00013764952680846187,-0.9802162283346927,6.558277793778688,1.7971698516256358,-0.002776910872461118,231.14358672301805,3.655250537709675e-07,0.003264159372522884,-5.474262321498069e-06,-0.4534278798569522,93.9858226428307,-0.03884357268843365,0.00012423176881411443,0.09327306180920217,24440.5,0.07381778161500258,0.0115,index_dividend_yield,0.065,10.87,65,24341.95,24378.6,24253.6,24334.55,mid_price,ok
2026-08-26T08:55:40.722785+00:00,2026-08-26T14:25:40.722785+05:30,NIFTY,29-Sep-2026,25550.0,PE,24272.8,1048.15,1040,1117.5,65,0.0,1082.825,13,0,0,0,14.38,,,,,,,,,,,,,,,0.09327306180920217,,,,,,10.87,65,24341.95,24378.6,24253.6,24334.55,mid_price,no_price_available
2026-08-26T08:55:40.722785+00:00,2026-08-26T14:25:40.722785+05:30,NIFTY,29-Sep-2026,25600.0,CE,24272.8,14.3,780,14.5,1560,14.5,14.4,6827,15,4797,-6.451612903225806,8.82,0.037693932925057266,0.00012555055063099592,-0.9206336285276717,6.0853168374278095,1.679293675482911,-0.0026208634241718307,221.28680725373596,3.3609395291665834e-07,0.0031423946748585277,-5.28124506848698e-06,-0.4346959363801561,93.67131271059938,-0.035358193975177525,0.00011286997947010202,0.09327306180920217,24440.5,0.07381778161500258,0.0115,index_dividend_yield,0.065,10.87,65,24341.95,24378.6,24253.6,24334.55,mid_price,ok
2026-08-26T08:55:40.722785+00:00,2026-08-26T14:25:40.722785+05:30,NIFTY,29-Sep-2026,25600.0,PE,24272.8,1146.65,65,1161.2,130,1111.45,1153.9250000000002,496,155,392,-2.1180096873623953,9.95,,,,,,,,,,,,,,,0.09327306180920217,,,,,,10.87,65,24341.95,24378.6,24253.6,24334.55,mid_price,no_price_available
2026-08-26T08:55:40.722785+00:00,2026-08-26T14:25:40.722785+05:30,NIFTY,29-Sep-2026,25650.0,CE,24272.8,12.6,520,12.95,1040,12.75,12.774999999999999,376,24,371,-12.068965517241379,8.92,0.033663851587704366,0.00011315490620900257,-0.8448646760403109,5.5466943088126515,1.556858823895689,-0.0024411427737099436,211.08271211548012,3.0855845473140264e-07,0.0030378985766713754,-5.090024156535137e-06,-0.4124077433116833,94.15145128695842,-0.03151801938134939,0.00010133008454683327,0.09327306180920217,24440.5,0.07381778161500258,0.0115,index_dividend_yield,0.065,10.87,65,24341.95,24378.6,24253.6,24334.55,mid_price,ok
2026-08-26T08:55:40.722785+00:00,2026-08-26T14:25:40.722785+05:30,NIFTY,29-Sep-2026,25650.0,PE,24272.8,1120.5,650,1218,65,0.0,1169.25,1,0,0,0,13.42,,,,,,,,,,,,,,,0.09327306180920217,,,,,,10.87,65,24341.95,24378.6,24253.6,24334.55,mid_price,no_price_available
2026-08-26T08:55:40.722785+00:00,2026-08-26T14:25:40.722785+05:30,NIFTY,29-Sep-2026,25700.0,CE,24272.8,11.4,390,11.55,1495,11.75,11.475000000000001,5333,588,3360,-6.746031746031746,9.04,0.030371248781952617,0.00010255529566104969,-0.7830747315593937,5.094745679386923,1.4461920068793277,-0.0022840299656137902,200.99693805304008,2.831554094683218e-07,0.002911746711622818,-4.883693033192778e-06,-0.3922425192666701,94.25983707005673,-0.028380325427182825,9.148114659262502e-05,0.09327306180920217,24440.5,0.07381778161500258,0.0115,index_dividend_yield,0.065,10.87,65,24341.95,24378.6,24253.6,24334.55,mid_price,ok
2026-08-26T08:55:40.722785+00:00,2026-08-26T14:25:40.722785+05:30,NIFTY,29-Sep-2026,25700.0,PE,24272.8,1224.55,65,1258.35,195,0.0,1241.4499999999998,185,0,0,0,15.05,,,,,,,,,,,,,,,0.09327306180920217,,,,,,10.87,65,24341.95,24378.6,24253.6,24334.55,mid_price,no_price_available
2026-08-26T08:55:40.722785+00:00,2026-08-26T14:25:40.722785+05:30,NIFTY,29-Sep-2026,25750.0,CE,24272.8,10.15,65,54.9,5200,0.0,32.525,0,0,0,0,0,,,,,,,,,,,,,,,0.09327306180920217,24440.5,0.07381778161500258,0.0115,index_dividend_yield,0.065,10.87,65,24341.95,24378.6,24253.6,24334.55,mid_price,no_nse_iv
2026-08-26T08:55:40.722785+00:00,2026-08-26T14:25:40.722785+05:30,NIFTY,29-Sep-2026,25750.0,PE,24272.8,1198.65,1690,1325.55,195,1170,1262.1,7,1,1,13.043478260869565,0,,,,,,,,,,,,,,,0.09327306180920217,,,,,,10.87,65,24341.95,24378.6,24253.6,24334.55,mid_price,no_price_available
2026-08-26T08:55:40.722785+00:00,2026-08-26T14:25:40.722785+05:30,NIFTY,29-Sep-2026,25800.0,CE,24272.8,9.25,130,9.35,1300,9.35,9.3,7382,897,4099,-8.78048780487805,9.24,0.024317411131773364,8.335195918134826e-05,-0.6597602185902474,4.232371407362743,1.2353600834109444,-0.0019722443946904727,180.52303869909548,2.37248341972365e-07,0.002653242414601518,-4.451657119933773e-06,-0.3503488180673777,95.02608609129591,-0.022637216557887124,7.377617844815037e-05,0.09327306180920217,24440.5,0.07381778161500258,0.0115,index_dividend_yield,0.065,10.87,65,24341.95,24378.6,24253.6,24334.55,mid_price,ok
2026-08-26T08:55:40.722785+00:00,2026-08-26T14:25:40.722785+05:30,NIFTY,29-Sep-2026,25800.0,PE,24272.8,1332.4,65,1347.45,65,1303.45,1339.9250000000002,327,4,6,-1.362140073404215,10.6,,,,,,,,,,,,,,,0.09327306180920217,,,,,,10.87,65,24341.95,24378.6,24253.6,24334.55,mid_price,no_price_available
2026-08-26T08:55:40.722785+00:00,2026-08-26T14:25:40.722785+05:30,NIFTY,29-Sep-2026,25850.0,CE,24272.8,7,1755,47.25,8710,0.0,27.125,1,0,0,0,13.61,0.08467169203288422,0.00015374513515284876,-2.5928357519112093,11.498878787618048,1.6129916379535314,-0.0037684577489720127,164.26310906245865,2.0237036696644012e-07,0.0010667429058065535,-2.8724576376666492e-06,-0.5525443108454589,53.38465412446692,-0.07801627600880495,0.00013555640499106987,0.09327306180920217,24440.5,0.07381778161500258,0.0115,index_dividend_yield,0.065,10.87,65,24341.95,24378.6,24253.6,24334.55,mid_price,wide_quote_low_liquidity
2026-08-26T08:55:40.722785+00:00,2026-08-26T14:25:40.722785+05:30,NIFTY,29-Sep-2026,25850.0,PE,24272.8,1367.25,650,1413.85,65,0.0,1390.55,0,0,0,0,0,,,,,,,,,,,,,,,0.09327306180920217,,,,,,10.87,65,24341.95,24378.6,24253.6,24334.55,mid_price,no_price_available
2026-08-26T08:55:40.722785+00:00,2026-08-26T14:25:40.722785+05:30,NIFTY,29-Sep-2026,25900.0,CE,24272.8,6.1,650,43.75,5200,0.0,24.925,0,0,0,0,0,,,,,,,,,,,,,,,0.09327306180920217,24440.5,0.07381778161500258,0.0115,index_dividend_yield,0.065,10.87,65,24341.95,24378.6,24253.6,24334.55,mid_price,no_nse_iv
2026-08-26T08:55:40.722785+00:00,2026-08-26T14:25:40.722785+05:30,NIFTY,29-Sep-2026,25900.0,PE,24272.8,1416.8,650,1462.35,65,0.0,1439.5749999999998,75,0,0,0,23.11,,,,,,,,,,,,,,,0.09327306180920217,,,,,,10.87,65,24341.95,24378.6,24253.6,24334.55,mid_price,no_price_available
2026-08-26T08:55:40.722785+00:00,2026-08-26T14:25:40.722785+05:30,NIFTY,29-Sep-2026,25950.0,CE,24272.8,6.9,390,7.15,845,7.25,7.025,320,198,463,-5.228758169934641,9.66,0.01870350442181439,6.386023621129988e-05,-0.5466349902177408,3.390030731590552,0.9989479626378878,-0.0016438395890495672,154.08505286052753,1.838619383863096e-07,0.002241546137711885,-3.838531924801067e-06,-0.30334031441770115,93.99150661194868,-0.01730852959223378,5.587217155165773e-05,0.09327306180920217,24440.5,0.07381778161500258,0.0115,index_dividend_yield,0.065,10.87,65,24341.95,24378.6,24253.6,24334.55,mid_price,ok
2026-08-26T08:55:40.722785+00:00,2026-08-26T14:25:40.722785+05:30,NIFTY,29-Sep-2026,25950.0,PE,24272.8,1416,650,1512.5,65,0.0,1464.25,1,0,0,0,13.83,,,,,,,,,,,,,,,0.09327306180920217,,,,,,10.87,65,24341.95,24378.6,24253.6,24334.55,mid_price,no_price_available
2026-08-26T08:55:40.722785+00:00,2026-08-26T14:25:40.722785+05:30,NIFTY,29-Sep-2026,26000.0,CE,24272.8,6.7,715,6.75,585,6.7,6.725,59507.230769230766,2463,14285,-8.843537414965986,9.84,0.01757031873642163,5.943988868452003e-05,-0.5261941535506136,3.2141717084863854,0.9412609830814471,-0.0015711815579823804,146.96201366846796,1.7008864324551383e-07,0.002113722077694846,-3.6636142906510023e-06,-0.29251455493724166,92.9903443366072,-0.016226713117390622,5.180492465633078e-05,0.09327306180920217,24440.5,0.07381778161500258,0.0115,index_dividend_yield,0.065,10.87,65,24341.95,24378.6,24253.6,24334.55,mid_price,ok
2026-08-26T08:55:40.722785+00:00,2026-08-26T14:25:40.722785+05:30,NIFTY,29-Sep-2026,26000.0,PE,24272.8,1533.75,65,1537.3,65,1530,1535.525,34794.769230769234,96,1393,1.5632779050084635,14.09,,,,,,,,,,,,,,,0.09327306180920217,,,,,,10.87,65,24341.95,24378.6,24253.6,24334.55,mid_price,no_price_available
2026-08-26T08:55:40.722785+00:00,2026-08-26T14:25:40.722785+05:30,NIFTY,29-Sep-2026,26050.0,CE,24272.8,1.2,2405,34.6,5200,0.0,17.900000000000002,0,0,0,0,0,,,,,,,,,,,,,,,0.09327306180920217,24440.5,0.07381778161500258,0.0115,index_dividend_yield,0.065,10.87,65,24341.95,24378.6,24253.6,24334.55,mid_price,no_nse_iv
2026-08-26T08:55:40.722785+00:00,2026-08-26T14:25:40.722785+05:30,NIFTY,29-Sep-2026,26050.0,PE,24272.8,1482.95,1690,1613.7,65,0.0,1548.325,4,0,0,0,18.06,,,,,,,,,,,,,,,0.09327306180920217,,,,,,10.87,65,24341.95,24378.6,24253.6,24334.55,mid_price,no_price_available
2026-08-26T08:55:40.722785+00:00,2026-08-26T14:25:40.722785+05:30,NIFTY,29-Sep-2026,26100.0,CE,24272.8,5,650,31.9,5200,0.0,18.45,0,0,0,0,0,,,,,,,,,,,,,,,0.09327306180920217,24440.5,0.07381778161500258,0.0115,index_dividend_yield,0.065,10.87,65,24341.95,24378.6,24253.6,24334.55,mid_price,no_nse_iv
2026-08-26T08:55:40.722785+00:00,2026-08-26T14:25:40.722785+05:30,NIFTY,29-Sep-2026,26100.0,PE,24272.8,1617.15,65,1670.65,65,0.0,1643.9,143,0,0,0,18.64,,,,,,,,,,,,,,,0.09327306180920217,,,,,,10.87,65,24341.95,24378.6,24253.6,24334.55,mid_price,no_price_available
2026-08-26T08:55:40.722785+00:00,2026-08-26T14:25:40.722785+05:30,NIFTY,29-Sep-2026,26150.0,CE,24272.8,1.8,5915,29,5200,0.0,15.4,0,0,0,0,0,,,,,,,,,,,,,,,0.09327306180920217,24440.5,0.07381778161500258,0.0115,index_dividend_yield,0.065,10.87,65,24341.95,24378.6,24253.6,24334.55,mid_price,no_nse_iv
2026-08-26T08:55:40.722785+00:00,2026-08-26T14:25:40.722785+05:30,NIFTY,29-Sep-2026,26150.0,PE,24272.8,1577.15,1690,1713.85,65,0.0,1645.5,1,0,0,0,19.21,,,,,,,,,,,,,,,0.09327306180920217,,,,,,10.87,65,24341.95,24378.6,24253.6,24334.55,mid_price,no_price_available
2026-08-26T08:55:40.722785+00:00,2026-08-26T14:25:40.722785+05:30,NIFTY,29-Sep-2026,26200.0,CE,24272.8,4.9,65,5,2600,4.9,4.95,2813,172,1544,-6.666666666666667,10.39,0.012706352455811512,4.260551093882405e-05,-0.4158112138457058,2.4326370315049806,0.715769272927028,-0.0012433637229098127,118.56411049842275,1.227027625132893e-07,0.001666439879781882,-2.9814252551400927e-06,-0.24168695369987425,91.48980575806434,-0.011643041204882925,3.656814666759975e-05,0.09327306180920217,24440.5,0.07381778161500258,0.0115,index_dividend_yield,0.065,10.87,65,24341.95,24378.6,24253.6,24334.55,mid_price,ok
2026-08-26T08:55:40.722785+00:00,2026-08-26T14:25:40.722785+05:30,NIFTY,29-Sep-2026,26200.0,PE,24272.8,1724.55,195,1740.85,65,1734,1732.6999999999998,577,16,18,4.310163323006587,16.44,,,,,,,,,,,,,,,0.09327306180920217,,,,,,10.87,65,24341.95,24378.6,24253.6,24334.55,mid_price,no_price_available
2026-08-26T08:55:40.722785+00:00,2026-08-26T14:25:40.722785+05:30,NIFTY,29-Sep-2026,26250.0,CE,24272.8,2.25,2405,21.5,5200,0.0,11.875,0,0,0,0,0,,,,,,,,,,,,,,,0.09327306180920217,24440.5,0.07381778161500258,0.0115,index_dividend_yield,0.065,10.87,65,24341.95,24378.6,24253.6,24334.55,mid_price,no_nse_iv
2026-08-26T08:55:40.722785+00:00,2026-08-26T14:25:40.722785+05:30,NIFTY,29-Sep-2026,26250.0,PE,24272.8,1738.75,650,1814.25,65,0.0,1776.5,0,0,0,0,0,,,,,,,,,,,,,,,0.09327306180920217,,,,,,10.87,65,24341.95,24378.6,24253.6,24334.55,mid_price,no_price_available
2026-08-26T08:55:40.722785+00:00,2026-08-26T14:25:40.722785+05:30,NIFTY,29-Sep-2026,26300.0,CE,24272.8,4.2,325,4.3,195,4.3,4.25,2488,95,984,2.380952380952381,10.64,0.010751488303444908,3.598863940225574e-05,-0.366566538746156,2.1042776576383115,0.6218870664530729,-0.0010994523610895167,105.9613340283696,1.041926101133855e-07,0.001473917683522357,-2.675294678001629e-06,-0.21824085041895502,91.01652840687474,-0.00981374364585697,3.065446110869657e-05,0.09327306180920217,24440.5,0.07381778161500258,0.0115,index_dividend_yield,0.065,10.87,65,24341.95,24378.6,24253.6,24334.55,mid_price,ok
2026-08-26T08:55:40.722785+00:00,2026-08-26T14:25:40.722785+05:30,NIFTY,29-Sep-2026,26300.0,PE,24272.8,1818.6,65,1852.95,65,1836.75,1835.775,1223,6,24,1.959532598739904,17.42,,,,,,,,,,,,,,,0.09327306180920217,,,,,,10.87,65,24341.95,24378.6,24253.6,24334.55,mid_price,no_price_available
2026-08-26T08:55:40.722785+00:00,2026-08-26T14:25:40.722785+05:30,NIFTY,29-Sep-2026,26350.0,CE,24272.8,1.9,2405,15.05,5200,0.0,8.475,0,0,0,0,0,,,,,,,,,,,,,,,0.09327306180920217,24440.5,0.07381778161500258,0.0115,index_dividend_yield,0.065,10.87,65,24341.95,24378.6,24253.6,24334.55,mid_price,no_nse_iv
2026-08-26T08:55:40.722785+00:00,2026-08-26T14:25:40.722785+05:30,NIFTY,29-Sep-2026,26350.0,PE,24272.8,1835.5,650,1914.55,65,0.0,1875.025,0,0,0,0,0,,,,,,,,,,,,,,,0.09327306180920217,,,,,,10.87,65,24341.95,24378.6,24253.6,24334.55,mid_price,no_price_available
2026-08-26T08:55:40.722785+00:00,2026-08-26T14:25:40.722785+05:30,NIFTY,29-Sep-2026,26400.0,CE,24272.8,3.95,130,4,260,3.95,3.975,231,54,270,-1.25,11.06,0.0100939615790137,3.276908387798806e-05,-0.3589302726472954,1.9916609813945743,0.572352146055631,-0.0010459133817646519,98.53141349970417,9.215485733164517e-08,0.0013248113147037426,-2.4811825408335014e-06,-0.2093104228092122,88.18966424472946,-0.009175398049722687,2.7701048088315256e-05,0.09327306180920217,24440.5,0.07381778161500258,0.0115,index_dividend_yield,0.065,10.87,65,24341.95,24378.6,24253.6,24334.55,mid_price,ok
2026-08-26T08:55:40.722785+00:00,2026-08-26T14:25:40.722785+05:30,NIFTY,29-Sep-2026,26400.0,PE,24272.8,1814.9,715,1987.05,910,0.0,1900.975,58,0,0,0,18.9,,,,,,,,,,,,,,,0.09327306180920217,,,,,,10.87,65,24341.95,24378.6,24253.6,24334.55,mid_price,no_price_available
2026-08-26T08:55:40.722785+00:00,2026-08-26T14:25:40.722785+05:30,NIFTY,29-Sep-2026,26450.0,CE,24272.8,1.65,1430,9.45,3900,0.0,5.55,0,0,0,0,0,,,,,,,,,,,,,,,0.09327306180920217,24440.5,0.07381778161500258,0.0115,index_dividend_yield,0.065,10.87,65,24341.95,24378.6,24253.6,24334.55,mid_price,no_nse_iv
2026-08-26T08:55:40.722785+00:00,2026-08-26T14:25:40.722785+05:30,NIFTY,29-Sep-2026,26450.0,PE,24272.8,1932.5,650,2015.05,65,0.0,1973.775,0,0,0,0,0,,,,,,,,,,,,,,,0.09327306180920217,,,,,,10.87,65,24341.95,24378.6,24253.6,24334.55,mid_price,no_price_available
2026-08-26T08:55:40.722785+00:00,2026-08-26T14:25:40.722785+05:30,NIFTY,29-Sep-2026,26500.0,CE,24272.8,3.25,260,3.35,1885,3.3,3.3,14532,-42,4221,4.761904761904762,11.23,0.00825619506449246,2.7066223565832986e-05,-0.3044604185459203,1.6703343378821929,0.487819191502435,-0.0009005491775431299,86.6744285066876,7.746337415018773e-08,0.00116339664660945,-2.1952169733411444e-06,-0.18454449735779385,88.70916912807154,-0.007477052570553885,2.270783196270191e-05,0.09327306180920217,24440.5,0.07381778161500258,0.0115,index_dividend_yield,0.065,10.87,65,24341.95,24378.6,24253.6,24334.55,mid_price,ok
2026-08-26T08:55:40.722785+00:00,2026-08-26T14:25:40.722785+05:30,NIFTY,29-Sep-2026,26500.0,PE,24272.8,2024.3,65,2034.55,65,2020.45,2029.425,12951,-19,223,1.367148304234397,17.49,,,,,,,,,,,,,,,0.09327306180920217,,,,,,10.87,65,24341.95,24378.6,24253.6,24334.55,mid_price,no_price_available
2026-08-26T08:55:40.722785+00:00,2026-08-26T14:25:40.722785+05:30,NIFTY,29-Sep-2026,26550.0,CE,24272.8,1.6,7020,4.7,1300,0.0,3.1500000000000004,0,0,0,0,0,,,,,,,,,,,,,,,0.09327306180920217,24440.5,0.07381778161500258,0.0115,index_dividend_yield,0.065,10.87,65,24341.95,24378.6,24253.6,24334.55,mid_price,no_nse_iv
2026-08-26T08:55:40.722785+00:00,2026-08-26T14:25:40.722785+05:30,NIFTY,29-Sep-2026,26550.0,PE,24272.8,2029.5,650,2115.55,65,0.0,2072.525,0,0,0,0,0,,,,,,,,,,,,,,,0.09327306180920217,,,,,,10.87,65,24341.95,24378.6,24253.6,24334.55,mid_price,no_price_available
2026-08-26T08:55:40.722785+00:00,2026-08-26T14:25:40.722785+05:30,NIFTY,29-Sep-2026,26600.0,CE,24272.8,3.3,65,3.45,130,3.4,3.375,1116,252,494,6.25,11.74,0.008269807657071025,2.592792118871459e-05,-0.31741808957377327,1.6727528675194885,0.4674871344343486,-0.0008979792173209739,83.04149416256024,7.086268341897306e-08,0.001066249830181629,-2.0916064162961397e-06,-0.18408318253721823,84.8814315981732,-0.007457388826733606,2.158957929738751e-05,0.09327306180920217,24440.5,0.07381778161500258,0.0115,index_dividend_yield,0.065,10.87,65,24341.95,24378.6,24253.6,24334.55,mid_price,ok
2026-08-26T08:55:40.722785+00:00,2026-08-26T14:25:40.722785+05:30,NIFTY,29-Sep-2026,26600.0,PE,24272.8,2078,650,2165.85,65,0.0,2121.925,0,0,0,0,0,,,,,,,,,,,,,,,0.09327306180920217,,,,,,10.87,65,24341.95,24378.6,24253.6,24334.55,mid_price,no_price_available
2026-08-26T08:55:40.722785+00:00,2026-08-26T14:25:40.722785+05:30,NIFTY,29-Sep-2026,26650.0,CE,24272.8,2.25,1755,4,650,0.0,3.125,5,0,0,0,12.27,0.00959521386760478,2.825896302527866e-05,-0.3769893380409421,1.9054465556924298,0.49833185520771395,-0.000998200231076496,86.49059760677623,7.202312081528568e-08,0.0010523606373104484,-2.1542881858833805e-06,-0.201234616975821,80.01179214944071,-0.008630088269848351,2.344237178561031e-05,0.09327306180920217,24440.5,0.07381778161500258,0.0115,index_dividend_yield,0.065,10.87,65,24341.95,24378.6,24253.6,24334.55,mid_price,wide_quote_low_liquidity
2026-08-26T08:55:40.722785+00:00,2026-08-26T14:25:40.722785+05:30,NIFTY,29-Sep-2026,26650.0,PE,24272.8,2126.55,650,2216.1,65,0.0,2171.325,0,0,0,0,0,,,,,,,,,,,,,,,0.09327306180920217,,,,,,10.87,65,24341.95,24378.6,24253.6,24334.55,mid_price,no_price_available
2026-08-26T08:55:40.722785+00:00,2026-08-26T14:25:40.722785+05:30,NIFTY,29-Sep-2026,26700.0,CE,24272.8,3,780,3.35,650,3.35,3.175,39,-2,16,-5.633802816901408,12.18,0.00798132213723897,2.4223555583744875e-05,-0.318010214773925,1.6213663919748864,0.4393318254606966,-0.0008717682779860883,78.46329384064931,6.410206271078808e-08,0.0009733296293748606,-1.9702967174626725e-06,-0.17951170561817542,82.14503769043569,-0.0071674403797701465,2.0019587391608246e-05,0.09327306180920217,24440.5,0.07381778161500258,0.0115,index_dividend_yield,0.065,10.87,65,24341.95,24378.6,24253.6,24334.55,mid_price,ok
2026-08-26T08:55:40.722785+00:00,2026-08-26T14:25:40.722785+05:30,NIFTY,29-Sep-2026,26700.0,PE,24272.8,2175.1,650,2266.4,65,0.0,2220.75,0,0,0,0,0,,,,,,,,,,,,,,,0.09327306180920217,,,,,,10.87,65,24341.95,24378.6,24253.6,24334.55,mid_price,no_price_available
2026-08-26T08:55:40.722785+00:00,2026-08-26T14:25:40.722785+05:30,NIFTY,29-Sep-2026,26750.0,CE,24272.8,3,845,3.2,195,3.05,3.1,99,85,133,35.55555555555556,12.26,0.007267428554672472,2.215975882962183e-05,-0.29429551787102126,1.4929713988000497,0.4075310678888764,-0.0008123513084993859,73.81070596262008,5.910870878928477e-08,0.0009147526124425499,-1.858303036159095e-06,-0.16906199512561937,82.38771761058597,-0.0065143825712733645,1.8245560601047858e-05,0.09327306180920217,24440.5,0.07381778161500258,0.0115,index_dividend_yield,0.065,10.87,65,24341.95,24378.6,24253.6,24334.55,mid_price,ok
2026-08-26T08:55:40.722785+00:00,2026-08-26T14:25:40.722785+05:30,NIFTY,29-Sep-2026,26750.0,PE,24272.8,2224.25,650,2526.05,715,0.0,2375.15,1,0,0,0,18.46,,,,,,,,,,,,,,,0.09327306180920217,,,,,,10.87,65,24341.95,24378.6,24253.6,24334.55,mid_price,no_price_available
2026-08-26T08:55:40.722785+00:00,2026-08-26T14:25:40.722785+05:30,NIFTY,29-Sep-2026,26800.0,CE,24272.8,2.65,195,3.1,1495,3.1,2.875,81,43,56,3.3333333333333335,12.51,0.007281686162720614,2.1754477380994742e-05,-0.30029378891200575,1.4955534959752987,0.40008666182619196,-0.0008121942453901904,72.44162178095958,5.681452882840835e-08,0.0008797999063292467,-1.8195832985903918e-06,-0.16902887557465407,80.74402841838845,-0.006513355737537385,1.7845093234568736e-05,0.09327306180920217,24440.5,0.07381778161500258,0.0115,index_dividend_yield,0.065,10.87,65,24341.95,24378.6,24253.6,24334.55,mid_price,wide_quote_low_liquidity
2026-08-26T08:55:40.722785+00:00,2026-08-26T14:25:40.722785+05:30,NIFTY,29-Sep-2026,26800.0,PE,24272.8,2143,650,2368.75,65,0.0,2255.875,21,0,0,0,0,,,,,,,,,,,,,,,0.09327306180920217,,,,,,10.87,65,24341.95,24378.6,24253.6,24334.55,mid_price,no_price_available
2026-08-26T08:55:40.722785+00:00,2026-08-26T14:25:40.722785+05:30,NIFTY,29-Sep-2026,26850.0,CE,24272.8,2.15,1755,3.75,650,0.0,2.95,55,0,0,0,12.53,0.0064267789334412516,1.945133904010952e-05,-0.2689973127256105,1.3393576510901462,0.36419550164737197,-0.0007391562021598578,67.15072190212435,5.1690679679721067e-08,0.0008199344556697241,-1.693530476173817e-06,-0.15596224434748485,81.61433698271202,-0.005738716604079448,1.5896469407695058e-05,0.09327306180920217,24440.5,0.07381778161500258,0.0115,index_dividend_yield,0.065,10.87,65,24341.95,24378.6,24253.6,24334.55,mid_price,wide_quote_low_liquidity
2026-08-26T08:55:40.722785+00:00,2026-08-26T14:25:40.722785+05:30,NIFTY,29-Sep-2026,26850.0,PE,24272.8,2320.75,650,2417.3,65,0.0,2369.025,0,0,0,0,0,,,,,,,,,,,,,,,0.09327306180920217,,,,,,10.87,65,24341.95,24378.6,24253.6,24334.55,mid_price,no_price_available
2026-08-26T08:55:40.722785+00:00,2026-08-26T14:25:40.722785+05:30,NIFTY,29-Sep-2026,26900.0,CE,24272.8,2.85,260,3,195,2.95,2.925,76,48,91,20.408163265306122,12.88,0.006822934877219291,1.9950353175165485e-05,-0.2910166499384161,1.4120902016108063,0.37053666839296195,-0.0007716340055373746,67.73388158083027,5.106730011527485e-08,0.0008020233548059027,-1.699775997877479e-06,-0.16179742856547996,78.9582699415233,-0.006078597572142173,1.624373078813649e-05,0.09327306180920217,24440.5,0.07381778161500258,0.0115,index_dividend_yield,0.065,10.87,65,24341.95,24378.6,24253.6,24334.55,mid_price,ok
2026-08-26T08:55:40.722785+00:00,2026-08-26T14:25:40.722785+05:30,NIFTY,29-Sep-2026,26900.0,PE,24272.8,2369.8,650,2682.3,650,0.0,2526.05,1,0,0,0,20.92,,,,,,,,,,,,,,,0.09327306180920217,,,,,,10.87,65,24341.95,24378.6,24253.6,24334.55,mid_price,no_price_available
2026-08-26T08:55:40.722785+00:00,2026-08-26T14:25:40.722785+05:30,NIFTY,29-Sep-2026,26950.0,CE,24272.8,1.75,1755,2.8,65,0.0,2.275,25,0,0,0,12.88,0.005974353820115963,1.7738067888223975e-05,-0.25842790281215233,1.2555041828356301,0.33566019705254113,-0.0006978189134807243,62.53278268470264,4.6315602951410966e-08,0.0007457144319848434,-1.5761193972792608e-06,-0.14844646593178012,79.9840280407414,-0.005313590157317399,1.4388930953627049e-05,0.09327306180920217,24440.5,0.07381778161500258,0.0115,index_dividend_yield,0.065,10.87,65,24341.95,24378.6,24253.6,24334.55,mid_price,wide_quote_low_liquidity
2026-08-26T08:55:40.722785+00:00,2026-08-26T14:25:40.722785+05:30,NIFTY,29-Sep-2026,26950.0,PE,24272.8,2417.1,650,2517.95,65,0.0,2467.5249999999996,0,0,0,0,0,,,,,,,,,,,,,,,0.09327306180920217,,,,,,10.87,65,24341.95,24378.6,24253.6,24334.55,mid_price,no_price_available
2026-08-26T08:55:40.722785+00:00,2026-08-26T14:25:40.722785+05:30,NIFTY,29-Sep-2026,27000.0,CE,24272.8,2.85,845,2.95,3705,2.85,2.9000000000000004,29492,1196,4175,3.6363636363636362,13.3,0.006593778529497361,1.8745754691742287e-05,-0.29071074597995716,1.3700946127922173,0.35004001617862074,-0.0007501757855375235,64.30416130623728,4.6662558924617245e-08,0.0007388307899677167,-1.6101594310155424e-06,-0.15793725293372218,76.7508135365858,-0.0058505242412379066,1.5150088022968372e-05,0.09327306180920217,24440.5,0.07381778161500258,0.0115,index_dividend_yield,0.065,10.87,65,24341.95,24378.6,24253.6,24334.55,mid_price,ok
2026-08-26T08:55:40.722785+00:00,2026-08-26T14:25:40.722785+05:30,NIFTY,29-Sep-2026,27000.0,PE,24272.8,2520.4,65,2530.3,65,2518,2525.3500000000004,24382.46153846154,36,221,0.6394884092725819,20.51,,,,,,,,,,,,,,,0.09327306180920217,,,,,,10.87,65,24341.95,24378.6,24253.6,24334.55,mid_price,no_price_available
2026-08-26T08:55:40.722785+00:00,2026-08-26T14:25:40.722785+05:30,NIFTY,29-Sep-2026,27050.0,CE,24272.8,2.2,780,2.75,780,2.35,2.475,42,-1,91,-20.338983050847457,13.19,0.005454672110270888,1.5977022918652456e-05,-0.24344514776720758,1.158074881504233,0.30623313731393315,-0.0006498491696747639,57.77556002335549,4.124771234391453e-08,0.0006759097119095227,-1.4567451333800255e-06,-0.1396173811053314,78.80551660831283,-0.004832535219045126,1.2864741800853622e-05,0.09327306180920217,24440.5,0.07381778161500258,0.0115,index_dividend_yield,0.065,10.87,65,24341.95,24378.6,24253.6,24334.55,mid_price,wide_quote_low_liquidity
2026-08-26T08:55:40.722785+00:00,2026-08-26T14:25:40.722785+05:30,NIFTY,29-Sep-2026,27050.0,PE,24272.8,2515.15,650,2618.6,65,0.0,2566.875,0,0,0,0,0,,,,,,,,,,,,,,,0.09327306180920217,,,,,,10.87,65,24341.95,24378.6,24253.6,24334.55,mid_price,no_price_available
2026-08-26T08:55:40.722785+00:00,2026-08-26T14:25:40.722785+05:30,NIFTY,29-Sep-2026,27100.0,CE,24272.8,2.5,585,2.6,260,2.55,2.55,207,77,92,8.51063829787234,13.53,0.005780003367227025,1.6397782467228813e-05,-0.2625060253371594,1.2192110933408364,0.3119549717597713,-0.00067799640039357,58.38612194669334,4.089224663742581e-08,0.0006640302048025846,-1.4657726026670613e-06,-0.1448057620899259,76.42746509528203,-0.005109268606431238,1.3154861922101056e-05,0.09327306180920217,24440.5,0.07381778161500258,0.0115,index_dividend_yield,0.065,10.87,65,24341.95,24378.6,24253.6,24334.55,mid_price,ok
2026-08-26T08:55:40.722785+00:00,2026-08-26T14:25:40.722785+05:30,NIFTY,29-Sep-2026,27100.0,PE,24272.8,2563.8,650,2668.95,65,0.0,2616.375,0,0,0,0,0,,,,,,,,,,,,,,,0.09327306180920217,,,,,,10.87,65,24341.95,24378.6,24253.6,24334.55,mid_price,no_price_available
2026-08-26T08:55:40.722785+00:00,2026-08-26T14:25:40.722785+05:30,NIFTY,29-Sep-2026,27150.0,CE,24272.8,2.05,520,2.5,260,2.5,2.275,101,-8,29,0,13.72,0.005642516756585381,1.5828814805382845e-05,-0.2602290822804986,1.193434250406753,0.30219085100936965,-0.0006650074885856047,56.7479647323027,3.90456893055328e-08,0.0006372553835957821,-1.4237749315174876e-06,-0.14241266504070182,75.55475939111422,-0.004977788580885579,1.265168833993445e-05,0.09327306180920217,24440.5,0.07381778161500258,0.0115,index_dividend_yield,0.065,10.87,65,24341.95,24378.6,24253.6,24334.55,mid_price,wide_quote_low_liquidity
2026-08-26T08:55:40.722785+00:00,2026-08-26T14:25:40.722785+05:30,NIFTY,29-Sep-2026,27150.0,PE,24272.8,2612.35,650,2719.25,65,0.0,2665.8,0,0,0,0,0,,,,,,,,,,,,,,,0.09327306180920217,,,,,,10.87,65,24341.95,24378.6,24253.6,24334.55,mid_price,no_price_available
2026-08-26T08:55:40.722785+00:00,2026-08-26T14:25:40.722785+05:30,NIFTY,29-Sep-2026,27200.0,CE,24272.8,2.35,390,2.45,260,2.4,2.4000000000000004,615,-36,594,37.142857142857146,13.86,0.0053676910632638,1.4988977553025813e-05,-0.2511773053722832,1.1416453910160316,0.28814532660353553,-0.0006396524901284345,54.48311641727565,3.685233370736226e-08,0.0006071426108140968,-1.3677278963527393e-06,-0.13771820399510504,75.15465158628005,-0.004726297101470398,1.1936416273146179e-05,0.09327306180920217,24440.5,0.07381778161500258,0.0115,index_dividend_yield,0.065,10.87,65,24341.95,24378.6,24253.6,24334.55,mid_price,ok
2026-08-26T08:55:40.722785+00:00,2026-08-26T14:25:40.722785+05:30,NIFTY,29-Sep-2026,27200.0,PE,24272.8,2661,650,2769.6,65,0.0,2715.3,0,0,0,0,0,,,,,,,,,,,,,,,0.09327306180920217,,,,,,10.87,65,24341.95,24378.6,24253.6,24334.55,mid_price,no_price_available
2026-08-26T08:55:40.722785+00:00,2026-08-26T14:25:40.722785+05:30,NIFTY,29-Sep-2026,28500.0,CE,24272.8,1.25,260,1.35,65,1.3,1.3,8794,-6,294,4,18.01,0.0025474272713285236,5.911994225376913e-06,-0.1636525522197229,0.585118328297824,0.12516012274652522,-0.00035199421547688504,25.98343595386804,1.2227510201159656e-08,0.00022969548394632884,-6.514332264866902e-07,-0.0816712650112551,61.98224163070905,-0.0021345823640611305,4.288288902020573e-06,0.09327306180920217,24440.5,0.07381778161500258,0.0115,index_dividend_yield,0.065,10.87,65,24341.95,24378.6,24253.6,24334.55,mid_price,ok
2026-08-26T08:55:40.722785+00:00,2026-08-26T14:25:40.722785+05:30,NIFTY,29-Sep-2026,28500.0,PE,24272.8,3996.2,130,4009.35,65,4023.25,4002.7749999999996,6673,10,21,0.4958285457361243,31.65,,,,,,,,,,,,,,,0.09327306180920217,,,,,,10.87,65,24341.95,24378.6,24253.6,24334.55,mid_price,no_price_available
2026-08-26T08:55:40.722785+00:00,2026-08-26T14:25:40.722785+05:30,NIFTY,29-Sep-2026,30000.0,CE,24272.8,1.15,1690,1.3,65,1.15,1.225,4821.384615384615,-44,122,-4.166666666666667,23.13,0.0019064717710566028,3.53992666531019e-06,-0.15946566642494514,0.44995168865771773,0.0777731783243601,-0.00027673043446156654,16.678063470324023,5.848284785931644e-09,0.00011590298598917667,-4.1481945858859763e-07,-0.06595381238128117,49.612060707819964,-0.0015114220958234628,2.317349350801057e-06,0.09327306180920217,24440.5,0.07381778161500258,0.0115,index_dividend_yield,0.065,10.87,65,24341.95,24378.6,24253.6,24334.55,mid_price,ok
2026-08-26T08:55:40.722785+00:00,2026-08-26T14:25:40.722785+05:30,NIFTY,29-Sep-2026,30000.0,PE,24272.8,5479.45,65,5514.8,65,5505.3,5497.125,2264,7,14,0.7282041899185802,39.19,,,,,,,,,,,,,,,0.09327306180920217,,,,,,10.87,65,24341.95,24378.6,24253.6,24334.55,mid_price,no_price_available
2026-08-26T08:55:40.722785+00:00,2026-08-26T14:25:40.722785+05:30,NIFTY,29-Sep-2026,31500.0,CE,24272.8,0.8,520,1.6,260,1.65,1.2000000000000002,249,14,24,17.857142857142858,29.03,0.0022598082674193834,3.290928237302094e-06,-0.23162638187835496,0.5250025781386928,0.07142706484435188,-0.0003161682525956236,15.032389236017906,4.214816266091085e-09,8.289080138425339e-05,-3.687083732129091e-07,-0.07425178983899056,39.188110350394666,-0.0016968941926678242,1.9540562416219763e-06,0.09327306180920217,24440.5,0.07381778161500258,0.0115,index_dividend_yield,0.065,10.87,65,24341.95,24378.6,24253.6,24334.55,mid_price,wide_quote_low_liquidity
2026-08-26T08:55:40.722785+00:00,2026-08-26T14:25:40.722785+05:30,NIFTY,29-Sep-2026,31500.0,PE,24272.8,,0,7314.3,650,0.0,,0,0,0,0,0,,,,,,,,,,,,,,,0.09327306180920217,,,,,,10.87,65,24341.95,24378.6,24253.6,24334.55,none,no_price_available
2026-08-26T08:55:40.722785+00:00,2026-08-26T14:25:40.722785+05:30,NIFTY,29-Sep-2026,33000.0,CE,24272.8,0.9,130,1.2,130,1.2,1.05,572,16,32,60,32.85,0.0015284394610230153,2.0382549834263836e-06,-0.18277292896398617,0.3679509045589428,0.04626710073920399,-0.0002304327155451453,10.15763248683177,2.399321399622013e-09,5.0062103835905494e-05,-2.502581847883737e-07,-0.05599514883783813,35.81282981704392,-0.0010928356838726821,1.102733042349238e-06,0.09327306180920217,24440.5,0.07381778161500258,0.0115,index_dividend_yield,0.065,10.87,65,24341.95,24378.6,24253.6,24334.55,mid_price,wide_quote_low_liquidity
2026-08-26T08:55:40.722785+00:00,2026-08-26T14:25:40.722785+05:30,NIFTY,29-Sep-2026,33000.0,PE,0,,0,,0,0.0,,0,0,0,0,0,,,,,,,,,,,,,,,0.09327306180920217,,,,,,10.87,65,24341.95,24378.6,24253.6,24334.55,none,no_price_available
2026-08-26T08:55:40.722785+00:00,2026-08-26T14:25:40.722785+05:30,NIFTY,29-Sep-2026,34500.0,CE,24272.8,0.45,65,3,520,0.0,1.725,152,0,0,0,34.32,0.0005673950363427696,7.85155686107888e-07,-0.07659126973514621,0.1480809007800531,0.019553848041615723,-0.00010135574033559123,4.717386960608014,9.74249723315006e-10,2.272416639767885e-05,-1.180872012487591e-07,-0.026628186658194747,36.798597306469134,-0.0003883479886204114,3.8864881241323234e-07,0.09327306180920217,24440.5,0.07381778161500258,0.0115,index_dividend_yield,0.065,10.87,65,24341.95,24378.6,24253.6,24334.55,mid_price,wide_quote_low_liquidity
2026-08-26T08:55:40.722785+00:00,2026-08-26T14:25:40.722785+05:30,NIFTY,29-Sep-2026,34500.0,PE,0,,0,,0,0.0,,0,0,0,0,0,,,,,,,,,,,,,,,0.09327306180920217,,,,,,10.87,65,24341.95,24378.6,24253.6,24334.55,none,no_price_available
