fetch_ts_utc,fetch_ts_ist,symbol,expiry_date,strike,option_type,underlying_value,bid_price,bid_qty,ask_price,ask_qty,ltp,mid_price,open_interest,change_in_oi,total_traded_volume,pchange_vs_prev_close,nse_iv,delta,gamma,theta,vega,vanna,charm,vomma,speed,zomma,color,veta,omega,dual_delta,dual_gamma,time_to_expiry_years,futures_price,implied_cost_of_carry,dividend_yield_used,dividend_yield_source,risk_free_rate_used,india_vix,lot_size,underlying_day_open,underlying_day_high,underlying_day_low,underlying_prev_close,price_source_for_iv,data_quality_flag
2026-09-18T08:29:42.132113+00:00,2026-09-18T13:59:42.132113+05:30,NIFTY,29-Sep-2026,15000.0,CE,23331.7,,0,8635.55,1690,0.0,,0,0,0,0,0,,,,,,,,,,,,,,,0.03030878576506215,,,,,,11.5,65,23334.7,23360.55,23286.6,23270.6,none,no_price_available
2026-09-18T08:29:42.132113+00:00,2026-09-18T13:59:42.132113+05:30,NIFTY,29-Sep-2026,15000.0,PE,23331.7,0.7,86255,0.9,10725,0.65,0.8,1427,0,27,-13.333333333333334,81.93,-0.0007369046467544983,7.640674440559723e-07,-0.3798513978919195,0.10328469119547334,-0.009425784510569,0.0003467318966770529,1.2173931230843247,-7.642449665682072e-10,8.073270590471003e-06,-2.96222417227393e-07,-0.04946779219729762,-24.936523760944805,0.0011921812197881717,1.8485957254088408e-06,0.03030878576506215,23363,0.044232172515158444,0.012199999999999999,index_dividend_yield,0.065,11.5,65,23334.7,23360.55,23286.6,23270.6,mid_price,wide_quote_low_liquidity
2026-09-18T08:29:42.132113+00:00,2026-09-18T13:59:42.132113+05:30,NIFTY,29-Sep-2026,16500.0,CE,23331.7,,0,6919.05,780,0.0,,0,0,0,0,0,,,,,,,,,,,,,,,0.03030878576506215,,,,,,11.5,65,23334.7,23360.55,23286.6,23270.6,none,no_price_available
2026-09-18T08:29:42.132113+00:00,2026-09-18T13:59:42.132113+05:30,NIFTY,29-Sep-2026,16500.0,PE,23331.7,0.5,130,0.6,4030,0.55,0.55,2010,2,74,10,64.48,-0.0007976473283329034,1.0443173750876306e-06,-0.3209853243930152,0.11110122250171708,-0.012914287580859617,0.0003731155471085958,1.655870696591004,-1.307162899380704e-09,1.3944987001941097e-05,-4.0177934418916336e-07,-0.05288020062680166,-31.75806543721801,0.0011634227748509788,2.0881292771285154e-06,0.03030878576506215,23363,0.044232172515158444,0.012199999999999999,index_dividend_yield,0.065,11.5,65,23334.7,23360.55,23286.6,23270.6,mid_price,wide_quote_low_liquidity
2026-09-18T08:29:42.132113+00:00,2026-09-18T13:59:42.132113+05:30,NIFTY,29-Sep-2026,18000.0,CE,23331.7,5285.75,130,5424.15,1690,0.0,5354.95,14,0,0,0,0,,,,,,,,,,,,,,,0.03030878576506215,23363,0.044232172515158444,0.012199999999999999,index_dividend_yield,0.065,11.5,65,23334.7,23360.55,23286.6,23270.6,mid_price,no_nse_iv
2026-09-18T08:29:42.132113+00:00,2026-09-18T13:59:42.132113+05:30,NIFTY,29-Sep-2026,18000.0,PE,23331.7,0.6,16445,0.7,2665,0.6,0.6499999999999999,12553,-50,152,-14.285714285714286,49.75,-0.001116553867652148,1.8434287156860832e-06,-0.33635444615292986,0.15131456672243965,-0.022243896769506225,0.0004941169241797349,2.762269805810971,-2.8800606833746184e-09,2.9946387223575982e-05,-6.631984721384876e-07,-0.06821867172985074,-40.42573353306291,0.0014830843668987106,3.097234622436068e-06,0.03030878576506215,23363,0.044232172515158444,0.012199999999999999,index_dividend_yield,0.065,11.5,65,23334.7,23360.55,23286.6,23270.6,mid_price,wide_quote_low_liquidity
2026-09-18T08:29:42.132113+00:00,2026-09-18T13:59:42.132113+05:30,NIFTY,29-Sep-2026,19500.0,CE,23331.7,3847.75,65,3861.8,65,3819,3854.775,2161,0,5,0.15604306264014373,0,,,,,,,,,,,,,,,0.03030878576506215,23363,0.044232172515158444,0.012199999999999999,index_dividend_yield,0.065,11.5,65,23334.7,23360.55,23286.6,23270.6,mid_price,no_nse_iv
2026-09-18T08:29:42.132113+00:00,2026-09-18T13:59:42.132113+05:30,NIFTY,29-Sep-2026,19500.0,PE,23331.7,1.1,7410,1.15,1430,1.15,1.125,15784,7,998,-11.538461538461538,37.58,-0.0025602257426444058,5.194632380934941e-06,-0.5382119520784742,0.3220867797713231,-0.05768458012819473,0.0009618093102808883,6.558816922324017,-9.802755649212391e-09,9.195698605052271e-05,-1.527587915035438e-06,-0.12393770573794967,-50.369732150171075,0.0031241198918829406,7.436667477095775e-06,0.03030878576506215,23363,0.044232172515158444,0.012199999999999999,index_dividend_yield,0.065,11.5,65,23334.7,23360.55,23286.6,23270.6,mid_price,ok
2026-09-18T08:29:42.132113+00:00,2026-09-18T13:59:42.132113+05:30,NIFTY,29-Sep-2026,21000.0,CE,23331.7,2354.85,65,2362.65,130,2359,2358.75,7847,-63,876,1.077618527326092,0,,,,,,,,,,,,,,,0.03030878576506215,23363,0.044232172515158444,0.012199999999999999,index_dividend_yield,0.065,11.5,65,23334.7,23360.55,23286.6,23270.6,mid_price,no_nse_iv
2026-09-18T08:29:42.132113+00:00,2026-09-18T13:59:42.132113+05:30,NIFTY,29-Sep-2026,21000.0,PE,23331.7,3,11635,3.05,13585,3,3.025,56735,11501,18975,-13.043478260869565,26.2,-0.00898128943694271,2.2797024367610037e-05,-1.1360544782532864,0.9854639915120531,-0.21488882663180023,0.002465266590461759,20.653817676195672,-5.198496812071497e-08,0.0003907762360536785,-4.451332858950149e-06,-0.28148735027370597,-64.51411621129044,0.010133183701401389,2.814053443938765e-05,0.03030878576506215,23363,0.044232172515158444,0.012199999999999999,index_dividend_yield,0.065,11.5,65,23334.7,23360.55,23286.6,23270.6,mid_price,ok
2026-09-18T08:29:42.132113+00:00,2026-09-18T13:59:42.132113+05:30,NIFTY,29-Sep-2026,21350.0,CE,23331.7,1974.8,65,2024.35,65,0.0,1999.5749999999998,0,0,0,0,0,,,,,,,,,,,,,,,0.03030878576506215,23363,0.044232172515158444,0.012199999999999999,index_dividend_yield,0.065,11.5,65,23334.7,23360.55,23286.6,23270.6,mid_price,no_nse_iv
2026-09-18T08:29:42.132113+00:00,2026-09-18T13:59:42.132113+05:30,NIFTY,29-Sep-2026,21350.0,PE,23331.7,3.2,4745,3.35,1885,3.35,3.2750000000000004,877,116,1523,-11.842105263157896,22.82,-0.010881123722879716,3.0947755081885994e-05,-1.1644478652264088,1.1652150798359693,-0.28341893849760136,0.0028159262532649887,26.41275347823879,-7.847831489298432e-08,0.0005658940572303039,-5.572499735474831e-06,-0.31508341952818375,-72.68165684663684,0.012054711383833792,3.695950616359823e-05,0.03030878576506215,23363,0.044232172515158444,0.012199999999999999,index_dividend_yield,0.065,11.5,65,23334.7,23360.55,23286.6,23270.6,mid_price,ok
2026-09-18T08:29:42.132113+00:00,2026-09-18T13:59:42.132113+05:30,NIFTY,29-Sep-2026,21400.0,CE,23331.7,1925.55,65,1974.25,65,0.0,1949.9,0,0,0,0,0,,,,,,,,,,,,,,,0.03030878576506215,23363,0.044232172515158444,0.012199999999999999,index_dividend_yield,0.065,11.5,65,23334.7,23360.55,23286.6,23270.6,mid_price,no_nse_iv
2026-09-18T08:29:42.132113+00:00,2026-09-18T13:59:42.132113+05:30,NIFTY,29-Sep-2026,21400.0,PE,23331.7,3.45,3575,3.5,3705,3.45,3.475,2355,806,5696,-17.857142857142858,22.65,-0.012158103723095117,3.433466680872984e-05,-1.2717941781058035,1.28310544746256,-0.30856386206712383,0.0030399153161397748,28.224726479876615,-8.607786280584043e-08,0.0006036757579156527,-5.890812383307691e-06,-0.33604576340800363,-72.33241149593061,0.013438830515005473,4.081295664000757e-05,0.03030878576506215,23363,0.044232172515158444,0.012199999999999999,index_dividend_yield,0.065,11.5,65,23334.7,23360.55,23286.6,23270.6,mid_price,ok
2026-09-18T08:29:42.132113+00:00,2026-09-18T13:59:42.132113+05:30,NIFTY,29-Sep-2026,21450.0,CE,23331.7,1876.25,780,1924.1,65,0.0,1900.175,0,0,0,0,0,,,,,,,,,,,,,,,0.03030878576506215,23363,0.044232172515158444,0.012199999999999999,index_dividend_yield,0.065,11.5,65,23334.7,23360.55,23286.6,23270.6,mid_price,no_nse_iv
2026-09-18T08:29:42.132113+00:00,2026-09-18T13:59:42.132113+05:30,NIFTY,29-Sep-2026,21450.0,PE,23331.7,3.55,195,3.7,3965,3.65,3.625,155,80,293,-16.091954022988507,22.17,-0.012560260323517203,3.6080903090386646e-05,-1.2793474341022761,1.3197886753671098,-0.32253970184610914,0.0031070608398893647,29.338659708065816,-9.188318963008661e-08,0.0006393226011125665,-6.097817404096442e-06,-0.342259874591901,-73.6462134942067,0.013847618419800258,4.26889598898982e-05,0.03030878576506215,23363,0.044232172515158444,0.012199999999999999,index_dividend_yield,0.065,11.5,65,23334.7,23360.55,23286.6,23270.6,mid_price,ok
2026-09-18T08:29:42.132113+00:00,2026-09-18T13:59:42.132113+05:30,NIFTY,29-Sep-2026,21500.0,CE,23331.7,1822.9,975,1876.3,130,0.0,1849.6,0,0,0,0,0,,,,,,,,,,,,,,,0.03030878576506215,23363,0.044232172515158444,0.012199999999999999,index_dividend_yield,0.065,11.5,65,23334.7,23360.55,23286.6,23270.6,mid_price,no_nse_iv
2026-09-18T08:29:42.132113+00:00,2026-09-18T13:59:42.132113+05:30,NIFTY,29-Sep-2026,21500.0,PE,23331.7,3.7,4745,3.75,4810,3.7,3.725,14810,7167,22862,-18.681318681318682,21.81,-0.013395196328469163,3.8775142703497796e-05,-1.3294587936649274,1.3953089359233752,-0.3427871727638681,0.003244957155415108,30.832497364014387,-9.923240563290172e-08,0.0006790360321546377,-6.361049138903397e-06,-0.35491967890410114,-74.32715187041819,0.014731978030640875,4.566350590234622e-05,0.03030878576506215,23363,0.044232172515158444,0.012199999999999999,index_dividend_yield,0.065,11.5,65,23334.7,23360.55,23286.6,23270.6,mid_price,ok
2026-09-18T08:29:42.132113+00:00,2026-09-18T13:59:42.132113+05:30,NIFTY,29-Sep-2026,21550.0,CE,23331.7,1777.45,780,1823.65,65,0.0,1800.5500000000002,0,0,0,0,0,,,,,,,,,,,,,,,0.03030878576506215,23363,0.044232172515158444,0.012199999999999999,index_dividend_yield,0.065,11.5,65,23334.7,23360.55,23286.6,23270.6,mid_price,no_nse_iv
2026-09-18T08:29:42.132113+00:00,2026-09-18T13:59:42.132113+05:30,NIFTY,29-Sep-2026,21550.0,PE,23331.7,3.5,780,3.7,130,3.75,3.6,137,12,757,-22.68041237113402,21.24,-0.013547005677271995,4.020497879333551e-05,-1.3061061399791516,1.408950238698755,-0.35487095872936,0.0032678076211117915,31.855980793280448,-1.0542751192921454e-07,0.0007197324293914502,-6.5562321849299506e-06,-0.3570071852547432,-76.24714877908042,0.014859399952399155,4.712789646366707e-05,0.03030878576506215,23363,0.044232172515158444,0.012199999999999999,index_dividend_yield,0.065,11.5,65,23334.7,23360.55,23286.6,23270.6,mid_price,ok
2026-09-18T08:29:42.132113+00:00,2026-09-18T13:59:42.132113+05:30,NIFTY,29-Sep-2026,21600.0,CE,23331.7,1750.15,65,1758.4,65,1760,1754.275,717,-1,2,4.556525871799441,0,,,,,,,,,,,,,,,0.03030878576506215,23363,0.044232172515158444,0.012199999999999999,index_dividend_yield,0.065,11.5,65,23334.7,23360.55,23286.6,23270.6,mid_price,no_nse_iv
2026-09-18T08:29:42.132113+00:00,2026-09-18T13:59:42.132113+05:30,NIFTY,29-Sep-2026,21600.0,PE,23331.7,3.8,650,3.85,2470,3.85,3.825,13999,540,11902,-23,20.83,-0.014297168979413232,4.2946338212386325e-05,-1.3405281584580584,1.4759672295253947,-0.37550613586900033,0.0033869709164798235,33.38611485910026,-1.1370961977082838e-07,0.0007652615572985862,-6.824181496387216e-06,-0.36782369086567535,-77.28028069108986,0.015643227671206218,5.010850029621555e-05,0.03030878576506215,23363,0.044232172515158444,0.012199999999999999,index_dividend_yield,0.065,11.5,65,23334.7,23360.55,23286.6,23270.6,mid_price,ok
2026-09-18T08:29:42.132113+00:00,2026-09-18T13:59:42.132113+05:30,NIFTY,29-Sep-2026,21650.0,CE,23331.7,1561.65,780,1725.2,65,0.0,1643.4250000000002,1,0,0,0,32.96,,,,,,,,,,,,,,,0.03030878576506215,,,,,,11.5,65,23334.7,23360.55,23286.6,23270.6,mid_price,no_price_available
2026-09-18T08:29:42.132113+00:00,2026-09-18T13:59:42.132113+05:30,NIFTY,29-Sep-2026,21650.0,PE,23331.7,4,1235,4.05,65,4.1,4.025,891,-93,1435,-25.454545454545453,20.34,-0.014792281596772996,4.528862759344666e-05,-1.3465026724472475,1.5198524012795012,-0.3936726325709291,0.0034628543501172785,34.78658425006875,-1.2202367552099874e-07,0.0008139131246313924,-7.074481465579341e-06,-0.3746634500861532,-78.84840253394974,0.016143473372769557,5.259762399020492e-05,0.03030878576506215,23363,0.044232172515158444,0.012199999999999999,index_dividend_yield,0.065,11.5,65,23334.7,23360.55,23286.6,23270.6,mid_price,ok
2026-09-18T08:29:42.132113+00:00,2026-09-18T13:59:42.132113+05:30,NIFTY,29-Sep-2026,21700.0,CE,23331.7,1631.15,780,1674.95,65,0.0,1653.0500000000002,0,0,0,0,33.96,0.8999054455830167,0.00012695721645203078,-13.647238976136109,7.113549839760865,-0.6310919530629344,0.009290153080257268,32.88678463413541,-1.2335569480122052e-07,0.00021310036848064989,-2.8788553414933473e-06,-0.8037068870262374,12.119007121189966,-0.8877332718271485,0.00014676776860193997,0.03030878576506215,23363,0.044232172515158444,0.012199999999999999,index_dividend_yield,0.065,11.5,65,23334.7,23360.55,23286.6,23270.6,mid_price,ok
2026-09-18T08:29:42.132113+00:00,2026-09-18T13:59:42.132113+05:30,NIFTY,29-Sep-2026,21700.0,PE,23331.7,4.1,3640,4.15,2015,4.1,4.125,10242,1209,8526,-27.43362831858407,19.98,-0.015862563446332554,4.8955109756397426e-05,-1.4029677539911827,1.6138189755097208,-0.4201489172322844,0.003625399922951888,36.652532727797,-1.325284547259621e-07,0.0008668322922851178,-7.385358322499165e-06,-0.3891827520409379,-79.62252501548741,0.017269528151855715,5.6594122188590084e-05,0.03030878576506215,23363,0.044232172515158444,0.012199999999999999,index_dividend_yield,0.065,11.5,65,23334.7,23360.55,23286.6,23270.6,mid_price,ok
2026-09-18T08:29:42.132113+00:00,2026-09-18T13:59:42.132113+05:30,NIFTY,29-Sep-2026,21750.0,CE,23331.7,1461.15,780,1623.3,65,0.0,1542.225,1,0,0,0,29.91,,,,,,,,,,,,,,,0.03030878576506215,,,,,,11.5,65,23334.7,23360.55,23286.6,23270.6,mid_price,no_price_available
2026-09-18T08:29:42.132113+00:00,2026-09-18T13:59:42.132113+05:30,NIFTY,29-Sep-2026,21750.0,PE,23331.7,4.35,1625,4.45,260,4.4,4.4,583,50,740,-29.6,19.55,-0.016721713779609248,5.234398186709319e-05,-1.4345706760994663,1.6883979794704396,-0.4448973525224154,0.0037509044141657236,38.42951649087289,-1.433568479182647e-07,0.0009236553820327262,-7.68329106405443e-06,-0.4002782529227162,-80.87883893942016,0.018159532981886283,6.0233902481519594e-05,0.03030878576506215,23363,0.044232172515158444,0.012199999999999999,index_dividend_yield,0.065,11.5,65,23334.7,23360.55,23286.6,23270.6,mid_price,ok
2026-09-18T08:29:42.132113+00:00,2026-09-18T13:59:42.132113+05:30,NIFTY,29-Sep-2026,21800.0,CE,23331.7,1524.6,845,1566.5,195,0.0,1545.55,1,0,0,0,0,,,,,,,,,,,,,,,0.03030878576506215,23363,0.044232172515158444,0.012199999999999999,index_dividend_yield,0.065,11.5,65,23334.7,23360.55,23286.6,23270.6,mid_price,no_nse_iv
2026-09-18T08:29:42.132113+00:00,2026-09-18T13:59:42.132113+05:30,NIFTY,29-Sep-2026,21800.0,PE,23331.7,4.65,1950,4.7,2015,4.7,4.675000000000001,15378,943,13047,-29.32330827067669,19.26,-0.018320075671346542,5.743865568368201e-05,-1.5260944045983438,1.8252478894255644,-0.47969110827589084,0.0039781380921086185,40.71464934389246,-1.5684303819537975e-07,0.0009830241475520852,-8.034757636125222e-06,-0.42011182504365596,-81.19830086004778,0.019848744988463514,6.57936601182432e-05,0.03030878576506215,23363,0.044232172515158444,0.012199999999999999,index_dividend_yield,0.065,11.5,65,23334.7,23360.55,23286.6,23270.6,mid_price,ok
2026-09-18T08:29:42.132113+00:00,2026-09-18T13:59:42.132113+05:30,NIFTY,29-Sep-2026,21850.0,CE,23331.7,1491.8,195,1520.8,195,0.0,1506.3,1,0,0,0,0,,,,,,,,,,,,,,,0.03030878576506215,23363,0.044232172515158444,0.012199999999999999,index_dividend_yield,0.065,11.5,65,23334.7,23360.55,23286.6,23270.6,mid_price,no_nse_iv
2026-09-18T08:29:42.132113+00:00,2026-09-18T13:59:42.132113+05:30,NIFTY,29-Sep-2026,21850.0,PE,23331.7,4.9,910,4.95,130,4.9,4.925000000000001,1317,244,1792,-28.985507246376812,18.86,-0.01952812992152081,6.193122101737553e-05,-1.5758220517347579,1.9271372058384397,-0.5108040234690081,0.00414138231935195,42.812682993878305,-1.704786211898911e-07,0.0010474778635971036,-8.361579736584209e-06,-0.4341678020239685,-82.28253467165928,0.02110580255280274,7.061541684880579e-05,0.03030878576506215,23363,0.044232172515158444,0.012199999999999999,index_dividend_yield,0.065,11.5,65,23334.7,23360.55,23286.6,23270.6,mid_price,ok
2026-09-18T08:29:42.132113+00:00,2026-09-18T13:59:42.132113+05:30,NIFTY,29-Sep-2026,21900.0,CE,23331.7,1441.05,325,1468.2,260,0.0,1454.625,9,0,0,0,0,,,,,,,,,,,,,,,0.03030878576506215,23363,0.044232172515158444,0.012199999999999999,index_dividend_yield,0.065,11.5,65,23334.7,23360.55,23286.6,23270.6,mid_price,no_nse_iv
2026-09-18T08:29:42.132113+00:00,2026-09-18T13:59:42.132113+05:30,NIFTY,29-Sep-2026,21900.0,PE,23331.7,5.15,1040,5.2,2600,5.2,5.175000000000001,5441,293,5281,-30.201342281879196,18.45,-0.02079664035662337,6.677792901790887e-05,-1.623874902822074,2.0327811359445955,-0.5439119936172764,0.004306379633834109,45.01258307024847,-1.854691639355841e-07,0.0011167562554602467,-8.695833418660931e-06,-0.44821437587632795,-83.4643495144592,0.0224216660057117,7.579446358772643e-05,0.03030878576506215,23363,0.044232172515158444,0.012199999999999999,index_dividend_yield,0.065,11.5,65,23334.7,23360.55,23286.6,23270.6,mid_price,ok
2026-09-18T08:29:42.132113+00:00,2026-09-18T13:59:42.132113+05:30,NIFTY,29-Sep-2026,21950.0,CE,23331.7,1389.95,65,1417.05,260,0.0,1403.5,2,0,0,0,29.21,0.8953526132166675,0.0001524759376988323,-12.46034487848109,7.348423460508287,-0.7472238470616621,0.009382584432037988,38.16231867338438,-1.6779070279346616e-07,0.00026985907350203964,-3.0248511930475142e-06,-0.8094243923763357,14.147035557953238,-0.8844399614356842,0.00017227609973703245,0.03030878576506215,23363,0.044232172515158444,0.012199999999999999,index_dividend_yield,0.065,11.5,65,23334.7,23360.55,23286.6,23270.6,mid_price,ok
2026-09-18T08:29:42.132113+00:00,2026-09-18T13:59:42.132113+05:30,NIFTY,29-Sep-2026,21950.0,PE,23331.7,5.5,1625,5.6,3055,5.6,5.55,3011,-54,1517,-30,18.11,-0.02259452659731707,7.296832967968894e-05,-1.7072267279070845,2.180289485580878,-0.5842296730930348,0.004531827637955347,47.52626502026946,-2.0286393258972064e-07,0.001187670083324542,-9.047513213744434e-06,-0.467149093612808,-84.14565291565698,0.024302217360322592,8.244382314521111e-05,0.03030878576506215,23363,0.044232172515158444,0.012199999999999999,index_dividend_yield,0.065,11.5,65,23334.7,23360.55,23286.6,23270.6,mid_price,ok
2026-09-18T08:29:42.132113+00:00,2026-09-18T13:59:42.132113+05:30,NIFTY,29-Sep-2026,22000.0,CE,23331.7,1354.95,65,1359.4,65,1354.65,1357.1750000000002,12131,-132,365,1.153673835125448,0,,,,,,,,,,,,,,,0.03030878576506215,23363,0.044232172515158444,0.012199999999999999,index_dividend_yield,0.065,11.5,65,23334.7,23360.55,23286.6,23270.6,mid_price,no_nse_iv
2026-09-18T08:29:42.132113+00:00,2026-09-18T13:59:42.132113+05:30,NIFTY,29-Sep-2026,22000.0,PE,23331.7,5.8,9815,5.9,19695,5.8,5.85,60827,2176,26442,-34.09090909090909,17.72,-0.0242746428171889,7.921335520999719e-05,-1.7716811614503112,2.315919351548778,-0.6246791276577016,0.004731671145022449,50.04637846243276,-2.2156306173351576e-07,0.0012647684715668987,-9.394113128087964e-06,-0.4836948640157796,-85.21222213812138,0.02604614773252432,8.909345777530414e-05,0.03030878576506215,23363,0.044232172515158444,0.012199999999999999,index_dividend_yield,0.065,11.5,65,23334.7,23360.55,23286.6,23270.6,mid_price,ok
2026-09-18T08:29:42.132113+00:00,2026-09-18T13:59:42.132113+05:30,NIFTY,29-Sep-2026,22050.0,CE,23331.7,1290.95,195,1318.8,65,0.0,1304.875,1,0,0,0,31.11,0.8639764843247553,0.00017236687354436377,-15.105852102378954,8.847388957991988,-0.7321104460056849,0.00974591853277873,32.70649093965705,-1.5704586691477076e-07,8.314619500443174e-05,-6.685025686689193e-07,-0.8335822009400573,14.344444144847662,-0.8504650605511198,0.00019298759052284678,0.03030878576506215,23363,0.044232172515158444,0.012199999999999999,index_dividend_yield,0.065,11.5,65,23334.7,23360.55,23286.6,23270.6,mid_price,ok
2026-09-18T08:29:42.132113+00:00,2026-09-18T13:59:42.132113+05:30,NIFTY,29-Sep-2026,22050.0,PE,23331.7,6.1,65,6.15,2080,6.1,6.125,2975,-68,2659,-33.333333333333336,17.25,-0.025597135201534425,8.507280243786163e-05,-1.8001091777397495,2.421258420017023,-0.6633304838806892,0.004880519194992633,52.531825589444026,-2.4152267243787385e-07,0.0013525934096572177,-9.744328871755194e-06,-0.4958800433057133,-86.94216852722603,0.027396548618634994,9.525029272682964e-05,0.03030878576506215,23363,0.044232172515158444,0.012199999999999999,index_dividend_yield,0.065,11.5,65,23334.7,23360.55,23286.6,23270.6,mid_price,ok
2026-09-18T08:29:42.132113+00:00,2026-09-18T13:59:42.132113+05:30,NIFTY,29-Sep-2026,22100.0,CE,23331.7,1242.7,325,1268.1,260,0.0,1255.4,16,0,0,0,0,,,,,,,,,,,,,,,0.03030878576506215,23363,0.044232172515158444,0.012199999999999999,index_dividend_yield,0.065,11.5,65,23334.7,23360.55,23286.6,23270.6,mid_price,no_nse_iv
2026-09-18T08:29:42.132113+00:00,2026-09-18T13:59:42.132113+05:30,NIFTY,29-Sep-2026,22100.0,PE,23331.7,6.4,3770,6.5,5070,6.5,6.45,6224,966,8738,-33.333333333333336,16.84,-0.027470795580137687,9.244237199195977e-05,-1.8608923065036012,2.5684698547164033,-0.7096026476658117,0.005084889819655686,55.316911309950974,-2.644913140397417e-07,0.0014420069490033004,-1.0098536597255627e-05,-0.5124106723835915,-88.23365911331939,0.029330519755764027,0.00010303370108286926,0.03030878576506215,23363,0.044232172515158444,0.012199999999999999,index_dividend_yield,0.065,11.5,65,23334.7,23360.55,23286.6,23270.6,mid_price,ok
2026-09-18T08:29:42.132113+00:00,2026-09-18T13:59:42.132113+05:30,NIFTY,29-Sep-2026,22150.0,CE,23331.7,1194.35,195,1222.9,195,0.0,1208.625,6,0,0,0,17.21,0.9639594108976302,0.00011226225725349141,-5.514524185631195,3.1876890149642314,-0.8085346615943068,0.005939595636704431,59.21816536142321,-2.950154703792156e-07,0.001433245542741675,-1.017267667279272e-05,-0.5765577869395835,18.334803943438963,-0.96000625882233,0.00012456013677160678,0.03030878576506215,23363,0.044232172515158444,0.012199999999999999,index_dividend_yield,0.065,11.5,65,23334.7,23360.55,23286.6,23270.6,mid_price,ok
2026-09-18T08:29:42.132113+00:00,2026-09-18T13:59:42.132113+05:30,NIFTY,29-Sep-2026,22150.0,PE,23331.7,6.7,715,6.8,1820,6.7,6.75,1651,618,2782,-35.88516746411483,16.43,-0.02954641563847335,0.00010066810730228562,-1.9253617537543855,2.7289197972586727,-0.7600169599513099,0.005299999519223244,58.264146389019665,-2.9015118195882217e-07,0.001536654714947174,-1.0449545636065716e-05,-0.5295710810294287,-89.55457781792784,0.03147024146919394,0.00011169589424696434,0.03030878576506215,23363,0.044232172515158444,0.012199999999999999,index_dividend_yield,0.065,11.5,65,23334.7,23360.55,23286.6,23270.6,mid_price,ok
2026-09-18T08:29:42.132113+00:00,2026-09-18T13:59:42.132113+05:30,NIFTY,29-Sep-2026,22200.0,CE,23331.7,1144,325,1168.3,325,0.0,1156.15,20,0,0,0,0,,,,,,,,,,,,,,,0.03030878576506215,23363,0.044232172515158444,0.012199999999999999,index_dividend_yield,0.065,11.5,65,23334.7,23360.55,23286.6,23270.6,mid_price,no_nse_iv
2026-09-18T08:29:42.132113+00:00,2026-09-18T13:59:42.132113+05:30,NIFTY,29-Sep-2026,22200.0,PE,23331.7,7,715,7.05,6760,7,7.025,14225,3799,18360,-37.5,15.96,-0.031364829656632745,0.00010888925481094633,-1.961049493492538,2.8673401627326673,-0.8107678316054967,0.005476915132960062,61.285398052411956,-3.1838519277942427e-07,0.0016451382936805456,-1.0812342792951621e-05,-0.5435113229027255,-91.44941549434061,0.03332418816797135,0.0001202740247362831,0.03030878576506215,23363,0.044232172515158444,0.012199999999999999,index_dividend_yield,0.065,11.5,65,23334.7,23360.55,23286.6,23270.6,mid_price,ok
2026-09-18T08:29:42.132113+00:00,2026-09-18T13:59:42.132113+05:30,NIFTY,29-Sep-2026,22250.0,CE,23331.7,1095.75,260,1124.15,260,0.0,1109.95,5,0,0,0,0,,,,,,,,,,,,,,,0.03030878576506215,23363,0.044232172515158444,0.012199999999999999,index_dividend_yield,0.065,11.5,65,23334.7,23360.55,23286.6,23270.6,mid_price,no_nse_iv
2026-09-18T08:29:42.132113+00:00,2026-09-18T13:59:42.132113+05:30,NIFTY,29-Sep-2026,22250.0,PE,23331.7,7.6,130,7.65,780,7.6,7.625,2312,562,4068,-37.704918032786885,15.61,-0.03442281832161121,0.00012020393772082021,-2.0664795643637017,3.0958713351959077,-0.8749640346302247,0.005763436126850027,64.65696134349751,-3.510359797151831e-07,0.0017404607254685933,-1.1116851044862654e-05,-0.5657336936740767,-92.28319789968201,0.03648745591290881,0.0001321756428771539,0.03030878576506215,23363,0.044232172515158444,0.012199999999999999,index_dividend_yield,0.065,11.5,65,23334.7,23360.55,23286.6,23270.6,mid_price,ok
2026-09-18T08:29:42.132113+00:00,2026-09-18T13:59:42.132113+05:30,NIFTY,29-Sep-2026,22300.0,CE,23331.7,1045.3,390,1069.6,195,0.0,1057.4499999999998,23,0,0,0,0,,,,,,,,,,,,,,,0.03030878576506215,23363,0.044232172515158444,0.012199999999999999,index_dividend_yield,0.065,11.5,65,23334.7,23360.55,23286.6,23270.6,mid_price,no_nse_iv
2026-09-18T08:29:42.132113+00:00,2026-09-18T13:59:42.132113+05:30,NIFTY,29-Sep-2026,22300.0,PE,23331.7,8.2,8580,8.25,7410,8.25,8.225,10856,921,26958,-38.43283582089552,15.24,-0.037673343317267675,0.00013256594281550472,-2.1671703683923873,3.333329432719141,-0.94316985164054,0.006045278682332116,68.12324663038093,-3.872643579524987e-07,0.0018394671417467062,-1.1387951833477858e-05,-0.5871961812374491,-93.30184714920193,0.03983874434821602,0.0001451159021322479,0.03030878576506215,23363,0.044232172515158444,0.012199999999999999,index_dividend_yield,0.065,11.5,65,23334.7,23360.55,23286.6,23270.6,mid_price,ok
2026-09-18T08:29:42.132113+00:00,2026-09-18T13:59:42.132113+05:30,NIFTY,29-Sep-2026,22350.0,CE,23331.7,994.25,260,1023.75,260,0.0,1009.0,2,0,0,0,0,,,,,,,,,,,,,,,0.03030878576506215,23363,0.044232172515158444,0.012199999999999999,index_dividend_yield,0.065,11.5,65,23334.7,23360.55,23286.6,23270.6,mid_price,no_nse_iv
2026-09-18T08:29:42.132113+00:00,2026-09-18T13:59:42.132113+05:30,NIFTY,29-Sep-2026,22350.0,PE,23331.7,8.95,1365,9.05,2600,8.95,9.0,2816,768,5321,-40.333333333333336,14.91,-0.04173967650702578,0.00014727735641023633,-2.298802689918314,3.623055015111693,-1.0197621054141812,0.006371230938294607,71.68773049847488,-4.276162286669221e-07,0.0019264238329842877,-1.156600246849984e-05,-0.6115298493638788,-93.92383006869274,0.04403696642335657,0.00016049950317659808,0.03030878576506215,23363,0.044232172515158444,0.012199999999999999,index_dividend_yield,0.065,11.5,65,23334.7,23360.55,23286.6,23270.6,mid_price,ok
2026-09-18T08:29:42.132113+00:00,2026-09-18T13:59:42.132113+05:30,NIFTY,29-Sep-2026,22400.0,CE,23331.7,960.25,130,968,65,930.3,964.125,7,1,2,0.5566664865157002,0,,,,,,,,,,,,,,,0.03030878576506215,23363,0.044232172515158444,0.012199999999999999,index_dividend_yield,0.065,11.5,65,23334.7,23360.55,23286.6,23270.6,mid_price,no_nse_iv
2026-09-18T08:29:42.132113+00:00,2026-09-18T13:59:42.132113+05:30,NIFTY,29-Sep-2026,22400.0,PE,23331.7,10,3120,10.1,2470,10,10.05,21581,10538,43221,-40.652818991097924,14.64,-0.04700470998409498,0.00016506364663740198,-2.4774489966345095,3.9870696036027558,-1.1055307427539456,0.006754483673279715,75.192195960466,-4.717468535190724e-07,0.0019855634702493842,-1.1575974254010173e-05,-0.6394849979878217,-93.918980716379,0.049481110516176645,0.00017908044545972724,0.03030878576506215,23363,0.044232172515158444,0.012199999999999999,index_dividend_yield,0.065,11.5,65,23334.7,23360.55,23286.6,23270.6,mid_price,ok
2026-09-18T08:29:42.132113+00:00,2026-09-18T13:59:42.132113+05:30,NIFTY,29-Sep-2026,22450.0,CE,23331.7,898.45,325,923.2,65,0.0,910.825,1,0,0,0,0,,,,,,,,,,,,,,,0.03030878576506215,23363,0.044232172515158444,0.012199999999999999,index_dividend_yield,0.065,11.5,65,23334.7,23360.55,23286.6,23270.6,mid_price,no_nse_iv
2026-09-18T08:29:42.132113+00:00,2026-09-18T13:59:42.132113+05:30,NIFTY,29-Sep-2026,22450.0,PE,23331.7,10.95,780,11.05,975,11,11.0,4386,1621,7425,-41.952506596306065,14.27,-0.05180118484389505,0.00018300256195515093,-2.6018105697160085,4.308662213432279,-1.1912321201523883,0.007062040170791671,78.7478501710419,-5.209518424427121e-07,0.0020623760428535075,-1.1575562559672237e-05,-0.6614510329183916,-94.88288061831881,0.05440301183018215,0.00019765929693175692,0.03030878576506215,23363,0.044232172515158444,0.012199999999999999,index_dividend_yield,0.065,11.5,65,23334.7,23360.55,23286.6,23270.6,mid_price,ok
2026-09-18T08:29:42.132113+00:00,2026-09-18T13:59:42.132113+05:30,NIFTY,29-Sep-2026,22500.0,CE,23331.7,865,65,868.9,65,867,866.95,9132,34,563,1.4687810872491076,0,,,,,,,,,,,,,,,0.03030878576506215,23363,0.044232172515158444,0.012199999999999999,index_dividend_yield,0.065,11.5,65,23334.7,23360.55,23286.6,23270.6,mid_price,no_nse_iv
2026-09-18T08:29:42.132113+00:00,2026-09-18T13:59:42.132113+05:30,NIFTY,29-Sep-2026,22500.0,PE,23331.7,12.3,2535,12.4,4355,12.35,12.350000000000001,66352,6497,57877,-42.55813953488372,13.97,-0.05813921475950391,0.00020478658764264726,-2.7815629127751262,4.720187176718987,-1.2860137448262587,0.007425782217282954,82.03358102878066,-5.739170533120754e-07,0.002093305803765836,-1.1314548121790691e-05,-0.686877184735561,-95.09724548946267,0.06092226325272632,0.0002202060468075226,0.03030878576506215,23363,0.044232172515158444,0.012199999999999999,index_dividend_yield,0.065,11.5,65,23334.7,23360.55,23286.6,23270.6,mid_price,ok
2026-09-18T08:29:42.132113+00:00,2026-09-18T13:59:42.132113+05:30,NIFTY,29-Sep-2026,22550.0,CE,23331.7,813.85,65,825.2,260,800,819.5250000000001,8,0,1,-0.9778437925485828,0,,,,,,,,,,,,,,,0.03030878576506215,23363,0.044232172515158444,0.012199999999999999,index_dividend_yield,0.065,11.5,65,23334.7,23360.55,23286.6,23270.6,mid_price,no_nse_iv
2026-09-18T08:29:42.132113+00:00,2026-09-18T13:59:42.132113+05:30,NIFTY,29-Sep-2026,22550.0,PE,23331.7,13.75,1495,13.85,455,13.85,13.8,4989,726,6558,-42.17118997912317,13.7,-0.06577730364777534,0.0002299408931130186,-2.993421423608562,5.197542942689649,-1.3859597978201632,0.007803236293386834,84.88554935415715,-6.301153432477783e-07,0.002077149008663658,-1.0770972792642235e-05,-0.7126789389931867,-94.94265747679975,0.06877431354904492,0.0002461590961962924,0.03030878576506215,23363,0.044232172515158444,0.012199999999999999,index_dividend_yield,0.065,11.5,65,23334.7,23360.55,23286.6,23270.6,mid_price,ok
2026-09-18T08:29:42.132113+00:00,2026-09-18T13:59:42.132113+05:30,NIFTY,29-Sep-2026,22600.0,CE,23331.7,767.5,195,772.7,65,756,770.1,50,-1,17,-0.5851798277335788,0,,,,,,,,,,,,,,,0.03030878576506215,23363,0.044232172515158444,0.012199999999999999,index_dividend_yield,0.065,11.5,65,23334.7,23360.55,23286.6,23270.6,mid_price,no_nse_iv
2026-09-18T08:29:42.132113+00:00,2026-09-18T13:59:42.132113+05:30,NIFTY,29-Sep-2026,22600.0,PE,23331.7,15.8,325,15.9,2080,15.9,15.850000000000001,20100,2700,38325,-41.43646408839779,13.45,-0.07479172486324442,0.0002585319441184182,-3.2318981463598755,5.737171093087545,-1.4883961568984971,0.008173353023064156,87.10903659904324,-6.886525877098799e-07,0.002003405251906347,-9.891231300499198e-06,-0.73748215708072,-94.51086327484605,0.07803016656445717,0.00027554345582485714,0.03030878576506215,23363,0.044232172515158444,0.012199999999999999,index_dividend_yield,0.065,11.5,65,23334.7,23360.55,23286.6,23270.6,mid_price,ok
2026-09-18T08:29:42.132113+00:00,2026-09-18T13:59:42.132113+05:30,NIFTY,29-Sep-2026,22650.0,CE,23331.7,722.85,130,726.1,65,742.4,724.475,675,0,291,0.06739452756436178,10.08,0.9628950270757759,0.00019633991414286643,-4.608643246526396,3.2653552301764677,-1.4131973303970202,0.005805840731910816,102.73493928123578,-8.701941170630177e-07,0.004229813842411691,-1.6379591814022173e-05,-0.567125477671075,31.043813493103276,-0.9599245806663931,0.0002083363020861799,0.03030878576506215,23363,0.044232172515158444,0.012199999999999999,index_dividend_yield,0.065,11.5,65,23334.7,23360.55,23286.6,23270.6,mid_price,ok
2026-09-18T08:29:42.132113+00:00,2026-09-18T13:59:42.132113+05:30,NIFTY,29-Sep-2026,22650.0,PE,23331.7,18.3,455,18.4,195,18.25,18.35,3880,767,9369,-41.31832797427653,13.26,-0.08603355559517127,0.0002915079218388186,-3.5279456985510844,6.37756936140908,-1.5893431384736076,0.008539838244235126,88.14840367132159,-7.454342155317273e-07,0.0018309518969310712,-8.493858709422567e-06,-0.7617029348733294,-93.37449874404855,0.08957203138150228,0.0003093190843535529,0.03030878576506215,23363,0.044232172515158444,0.012199999999999999,index_dividend_yield,0.065,11.5,65,23334.7,23360.55,23286.6,23270.6,mid_price,ok
2026-09-18T08:29:42.132113+00:00,2026-09-18T13:59:42.132113+05:30,NIFTY,29-Sep-2026,22700.0,CE,23331.7,674.55,130,677.5,130,662.35,676.025,353,10,204,-1.728486646884273,0,,,,,,,,,,,,,,,0.03030878576506215,23363,0.044232172515158444,0.012199999999999999,index_dividend_yield,0.065,11.5,65,23334.7,23360.55,23286.6,23270.6,mid_price,no_nse_iv
2026-09-18T08:29:42.132113+00:00,2026-09-18T13:59:42.132113+05:30,NIFTY,29-Sep-2026,22700.0,PE,23331.7,21.2,1365,21.3,715,21.2,21.25,25937,6989,41859,-40.532959326788216,13.06,-0.09866865432267409,0.00032756734365763264,-3.828900319627148,7.058380737512468,-1.684734581605417,0.008838175493413467,88.209398682356,-8.018557156413286e-07,0.0015857314291846543,-6.688982293604883e-06,-0.7815752499297702,-92.2691490592067,0.10251353996620145,0.00034605222961601827,0.03030878576506215,23363,0.044232172515158444,0.012199999999999999,index_dividend_yield,0.065,11.5,65,23334.7,23360.55,23286.6,23270.6,mid_price,ok
2026-09-18T08:29:42.132113+00:00,2026-09-18T13:59:42.132113+05:30,NIFTY,29-Sep-2026,22750.0,CE,23331.7,628.85,65,632.8,130,632.4,630.825,75,-6,29,-0.6207275870197219,0,,,,,,,,,,,,,,,0.03030878576506215,23363,0.044232172515158444,0.012199999999999999,index_dividend_yield,0.065,11.5,65,23334.7,23360.55,23286.6,23270.6,mid_price,no_nse_iv
2026-09-18T08:29:42.132113+00:00,2026-09-18T13:59:42.132113+05:30,NIFTY,29-Sep-2026,22750.0,PE,23331.7,25.1,455,25.2,195,25,25.15,4698,443,9295,-37.88819875776397,12.93,-0.11426135281832521,0.000367844318715394,-4.195070574485181,7.847365537160839,-1.7652225858089259,0.00907429247118556,86.32842093169258,-8.486581308677521e-07,0.0012020069130379112,-4.1926199963416774e-06,-0.7982569630806706,-90.3751660463904,0.11847955523981923,0.00038689580256485057,0.03030878576506215,23363,0.044232172515158444,0.012199999999999999,index_dividend_yield,0.065,11.5,65,23334.7,23360.55,23286.6,23270.6,mid_price,ok
2026-09-18T08:29:42.132113+00:00,2026-09-18T13:59:42.132113+05:30,NIFTY,29-Sep-2026,22800.0,CE,23331.7,582.45,65,585,130,581,583.725,4577,-75,685,-1.1063829787234043,0,,,,,,,,,,,,,,,0.03030878576506215,23363,0.044232172515158444,0.012199999999999999,index_dividend_yield,0.065,11.5,65,23334.7,23360.55,23286.6,23270.6,mid_price,no_nse_iv
2026-09-18T08:29:42.132113+00:00,2026-09-18T13:59:42.132113+05:30,NIFTY,29-Sep-2026,22800.0,PE,23331.7,29.5,455,29.6,520,29.45,29.55,31693,3283,46499,-36.047774158523346,12.75,-0.13093999332091139,0.00041046537145118355,-4.527789839144057,8.634715127167581,-1.8332045255820966,0.009179160973919243,83.53067159397654,-8.938740837637682e-07,0.0007516935158793068,-1.3428032622798674e-06,-0.8083109755795359,-88.92197752379488,0.13550040330092752,0.0004298328440206511,0.03030878576506215,23363,0.044232172515158444,0.012199999999999999,index_dividend_yield,0.065,11.5,65,23334.7,23360.55,23286.6,23270.6,mid_price,ok
2026-09-18T08:29:42.132113+00:00,2026-09-18T13:59:42.132113+05:30,NIFTY,29-Sep-2026,22850.0,CE,23331.7,537.45,65,542,130,540.55,539.725,95,21,76,-0.368629619389918,9.32,0.9177718332198043,0.00039953522364595756,-5.5907492799582155,6.143732398565739,-2.233329352991087,0.008091626605488123,126.32523846008903,-1.4634765017648395e-06,0.003929207142903073,-1.1610281436373342e-05,-0.7332922217847653,40.231692107165934,-0.9138262838906199,0.00041655795426778026,0.03030878576506215,23363,0.044232172515158444,0.012199999999999999,index_dividend_yield,0.065,11.5,65,23334.7,23360.55,23286.6,23270.6,mid_price,ok
2026-09-18T08:29:42.132113+00:00,2026-09-18T13:59:42.132113+05:30,NIFTY,29-Sep-2026,22850.0,PE,23331.7,34.45,1170,34.65,780,34.6,34.55,4535,810,7724,-34.34535104364326,12.61,-0.15047599399018322,0.00045610985206567025,-4.893350692452207,9.489554949761047,-1.875282030309025,0.00914937025894183,78.77727418048241,-9.252820650762061e-07,0.00016957761377861644,2.1341687733584516e-06,-0.8130427067066499,-87.00636938329272,0.15541411448700218,0.00047554302012234556,0.03030878576506215,23363,0.044232172515158444,0.012199999999999999,index_dividend_yield,0.065,11.5,65,23334.7,23360.55,23286.6,23270.6,mid_price,ok
2026-09-18T08:29:42.132113+00:00,2026-09-18T13:59:42.132113+05:30,NIFTY,29-Sep-2026,22900.0,CE,23331.7,494.5,455,496.55,130,482.65,495.525,2051,19,591,-2.7013405906662635,0,,,,,,,,,,,,,,,0.03030878576506215,23363,0.044232172515158444,0.012199999999999999,index_dividend_yield,0.065,11.5,65,23334.7,23360.55,23286.6,23270.6,mid_price,no_nse_iv
2026-09-18T08:29:42.132113+00:00,2026-09-18T13:59:42.132113+05:30,NIFTY,29-Sep-2026,22900.0,PE,23331.7,40.7,195,40.8,780,40.75,40.75,23665,2910,42869,-32.81121187139324,12.45,-0.1719289449449567,0.0005039519988305246,-5.236363911663818,10.351894295278553,-1.8927724756292035,0.008950917494668281,72.75906291024192,-9.470937809959739e-07,-0.0005055326865660093,6.026006255014639e-06,-0.8117482614918305,-85.22028820743841,0.17722556558390526,0.0005231316241741006,0.03030878576506215,23363,0.044232172515158444,0.012199999999999999,index_dividend_yield,0.065,11.5,65,23334.7,23360.55,23286.6,23270.6,mid_price,ok
2026-09-18T08:29:42.132113+00:00,2026-09-18T13:59:42.132113+05:30,NIFTY,29-Sep-2026,22950.0,CE,23331.7,451.85,65,454.25,65,449.5,453.05,184,31,175,-2.3250760538896134,6.28,0.9512471929194539,0.00039380843651720476,-4.293336344397597,4.080430307759478,-2.6381336462018012,0.006191271680681343,177.9474042274549,-2.560145540753886e-06,0.010906467215150553,-2.2325297277816256e-05,-0.5996465321922266,52.41971020875041,-0.9486195941461673,0.0004070168634733592,0.03030878576506215,23363,0.044232172515158444,0.012199999999999999,index_dividend_yield,0.065,11.5,65,23334.7,23360.55,23286.6,23270.6,mid_price,ok
2026-09-18T08:29:42.132113+00:00,2026-09-18T13:59:42.132113+05:30,NIFTY,29-Sep-2026,22950.0,PE,23331.7,47.55,455,47.75,455,47.7,47.65,5497,919,12418,-31.16883116883117,12.34,-0.1967453522698262,0.0005529552235438065,-5.605100077094956,11.258134423890999,-1.8677591162507972,0.00855180333358388,64.72071688741643,-9.453219488147383e-07,-0.0013020182060504456,1.044449717598774e-05,-0.8049677307137664,-82.91391458497486,0.2024299356775551,0.0005715014709142162,0.03030878576506215,23363,0.044232172515158444,0.012199999999999999,index_dividend_yield,0.065,11.5,65,23334.7,23360.55,23286.6,23270.6,mid_price,ok
2026-09-18T08:29:42.132113+00:00,2026-09-18T13:59:42.132113+05:30,NIFTY,29-Sep-2026,23000.0,CE,23331.7,411.2,130,412.5,130,411.25,411.85,20797,893,9363,-1.8496420047732698,7.21,0.8984253051752857,0.0006044469114500562,-5.3073093927906205,7.1904278475292,-3.098092248288775,0.008089756201556497,160.40022814970456,-2.5638372083563084e-06,0.005103013115206141,-7.769432612193274e-06,-0.7418745473848336,54.804535467302365,-0.8947524755699934,0.0006220069796338565,0.03030878576506215,23363,0.044232172515158444,0.012199999999999999,index_dividend_yield,0.065,11.5,65,23334.7,23360.55,23286.6,23270.6,mid_price,ok
2026-09-18T08:29:42.132113+00:00,2026-09-18T13:59:42.132113+05:30,NIFTY,29-Sep-2026,23000.0,PE,23331.7,55.95,1755,56.15,390,56.1,56.05,108168.61538461539,646,99867,-29.34508816120907,12.22,-0.22386969008688437,0.0006023960268720745,-5.940904974892462,12.145477950223649,-1.8049615090534876,0.007936264171431479,55.64339737381818,-9.259484275822514e-07,-0.0021696884391241207,1.5108127568940226e-05,-0.7934050433568115,-80.6590860593958,0.22991381288301063,0.0006198965138547069,0.03030878576506215,23363,0.044232172515158444,0.012199999999999999,index_dividend_yield,0.065,11.5,65,23334.7,23360.55,23286.6,23270.6,mid_price,ok
2026-09-18T08:29:42.132113+00:00,2026-09-18T13:59:42.132113+05:30,NIFTY,29-Sep-2026,23050.0,CE,23331.7,370.75,65,372.45,130,372.05,371.6,352,4,277,-1.221292977565379,7.74,0.8474686496872149,0.0007486191769955252,-6.143491123438243,9.56011714378357,-3.0818379623152037,0.008289072879079096,128.5713701629696,-2.370611402123382e-06,0.000397602405825218,6.861763650212551e-06,-0.7762803593250904,57.570085512796105,-0.8429252355060733,0.0007670291265327505,0.03030878576506215,23363,0.044232172515158444,0.012199999999999999,index_dividend_yield,0.065,11.5,65,23334.7,23360.55,23286.6,23270.6,mid_price,ok
2026-09-18T08:29:42.132113+00:00,2026-09-18T13:59:42.132113+05:30,NIFTY,29-Sep-2026,23050.0,PE,23331.7,65.4,650,65.7,325,65.5,65.55000000000001,4906,-327,8183,-27.664273881833243,12.08,-0.25318572051486815,0.0006518583548017454,-6.225517265644138,12.992163450885782,-1.7030572729699323,0.007097718456045676,45.9502247950061,-8.884668878240923e-07,-0.003090717315772887,1.9879847125351627e-05,-0.7785223379167174,-78.52988888996626,0.25954343896956966,0.0006678887742541057,0.03030878576506215,23363,0.044232172515158444,0.012199999999999999,index_dividend_yield,0.065,11.5,65,23334.7,23360.55,23286.6,23270.6,mid_price,ok
2026-09-18T08:29:42.132113+00:00,2026-09-18T13:59:42.132113+05:30,NIFTY,29-Sep-2026,23100.0,CE,23331.7,332.1,65,333.4,195,333,332.75,4848,211,4942,-1.7409265269991148,8,0.7988172480352218,0.0008635201678554749,-6.7629207483997975,11.397872048533403,-2.892195410109266,0.007577113025771131,98.51230631560259,-2.156359039933874e-06,-0.003329733602810492,1.9581488383535505e-05,-0.7718861314103389,61.0572313315514,-0.7936153098181047,0.0008809297819235014,0.03030878576506215,23363,0.044232172515158444,0.012199999999999999,index_dividend_yield,0.065,11.5,65,23334.7,23360.55,23286.6,23270.6,mid_price,ok
2026-09-18T08:29:42.132113+00:00,2026-09-18T13:59:42.132113+05:30,NIFTY,29-Sep-2026,23100.0,PE,23331.7,76.85,130,76.9,65,77,76.875,24796,1181,32235,-24.137931034482758,11.99,-0.28585381992594877,0.0006979510993405122,-6.501844063051089,13.80719580942323,-1.5433236183788057,0.006005662075301344,35.435417814976944,-8.183203555604482e-07,-0.004029969024150863,2.4611366512152674e-05,-0.761751165318678,-75.95470797268358,0.29252224648848785,0.0007120226401454595,0.03030878576506215,23363,0.044232172515158444,0.012199999999999999,index_dividend_yield,0.065,11.5,65,23334.7,23360.55,23286.6,23270.6,mid_price,ok
2026-09-18T08:29:42.132113+00:00,2026-09-18T13:59:42.132113+05:30,NIFTY,29-Sep-2026,23150.0,CE,23331.7,295.15,65,296.15,65,295.95,295.65,3232,-1327,3574,-2.712031558185404,8.34,0.7437933357684885,0.0009493443842167596,-7.38618798698824,13.063247088618578,-2.4736086059233275,0.00615204551355264,65.91412471150181,-1.7851952212809873e-06,-0.00659291349630473,3.110254235121285e-05,-0.7532683086475949,64.00877859399695,-0.7379198483291833,0.0009643053188574237,0.03030878576506215,23363,0.044232172515158444,0.012199999999999999,index_dividend_yield,0.065,11.5,65,23334.7,23360.55,23286.6,23270.6,mid_price,ok
2026-09-18T08:29:42.132113+00:00,2026-09-18T13:59:42.132113+05:30,NIFTY,29-Sep-2026,23150.0,PE,23331.7,89.4,260,89.7,130,89.75,89.55000000000001,9368,854,10549,-22.662645411460577,11.93,-0.32125438289657954,0.0007390182934190572,-6.740914093289513,14.546447295501332,-1.330162336285412,0.004673648986735945,25.06410680293847,-7.189255397983751e-07,-0.004921483871215301,2.8974061029426166e-05,-0.7453324573444425,-73.14970861054802,0.32820205649341355,0.0007506646512317906,0.03030878576506215,23363,0.044232172515158444,0.012199999999999999,index_dividend_yield,0.065,11.5,65,23334.7,23360.55,23286.6,23270.6,mid_price,ok
2026-09-18T08:29:42.132113+00:00,2026-09-18T13:59:42.132113+05:30,NIFTY,29-Sep-2026,23200.0,CE,23331.7,260.1,65,260.7,130,260.1,260.4,27344,4185,34958,-3.236607142857143,8.53,0.6899288628021256,0.0010175785159310868,-7.807398763441325,14.321162265197309,-1.99048504012439,0.004268475946131778,40.13756835193316,-1.4239379765161268e-06,-0.009078172361222011,3.9987759249020434e-05,-0.7324848911260987,67.58494686541276,-0.6835791273559867,0.0010291643326464147,0.03030878576506215,23363,0.044232172515158444,0.012199999999999999,index_dividend_yield,0.065,11.5,65,23334.7,23360.55,23286.6,23270.6,mid_price,ok
2026-09-18T08:29:42.132113+00:00,2026-09-18T13:59:42.132113+05:30,NIFTY,29-Sep-2026,23200.0,PE,23331.7,104.3,455,104.7,585,104.4,104.5,54515,4234,53851,-20.30534351145038,11.87,-0.35865594714296967,0.0007747464749093549,-6.908443750941048,15.173006120734506,-1.0732846893845571,0.0031361482263459473,15.76962299219442,-5.967276602886546e-07,-0.00572204260700657,3.271948199422021e-05,-0.7316530914650271,-70.36855293306975,0.36581769267392444,0.0007835674852968758,0.03030878576506215,23363,0.044232172515158444,0.012199999999999999,index_dividend_yield,0.065,11.5,65,23334.7,23360.55,23286.6,23270.6,mid_price,ok
2026-09-18T08:29:42.132113+00:00,2026-09-18T13:59:42.132113+05:30,NIFTY,29-Sep-2026,23250.0,CE,23331.7,227.75,65,228.4,325,228.35,228.075,14638,2932,12889,-4.515994145933514,8.62,0.6358026987107044,0.0010720896132678604,-8.0494927356243,15.247535720703643,-1.4497820467224698,0.002054940859942289,20.489332822418937,-1.0516178921455862e-06,-0.01099778228466847,4.6527209915036725e-05,-0.7175125040846613,71.77326520936971,-0.6291472779242604,0.0010796374511691648,0.03030878576506215,23363,0.044232172515158444,0.012199999999999999,index_dividend_yield,0.065,11.5,65,23334.7,23360.55,23286.6,23270.6,mid_price,ok
2026-09-18T08:29:42.132113+00:00,2026-09-18T13:59:42.132113+05:30,NIFTY,29-Sep-2026,23250.0,PE,23331.7,120.55,585,121,260,120.95,120.775,19222,666,20020,-18.716397849462364,11.75,-0.3973081253197056,0.0008078088188215832,-6.951528237435391,15.660577094393227,-0.785861357033929,0.0014367964098078723,8.298109537609122,-4.600523544702734e-07,-0.006447354317225436,3.579236818038276e-05,-0.722758981192886,-68.001792978561,0.4045674008371943,0.0008134960393153295,0.03030878576506215,23363,0.044232172515158444,0.012199999999999999,index_dividend_yield,0.065,11.5,65,23334.7,23360.55,23286.6,23270.6,mid_price,ok
2026-09-18T08:29:42.132113+00:00,2026-09-18T13:59:42.132113+05:30,NIFTY,29-Sep-2026,23300.0,CE,23331.7,195.5,260,196.05,130,196.25,195.775,77793,23610,134172,-5.376084860173577,8.62,0.58089704818445,0.0011153449100251632,-8.109214283872186,15.862723736942568,-0.8596826148632997,-0.00039460533922286434,7.150303678173486,-6.603962702494401e-07,-0.012437855173725035,5.0753803658686644e-05,-0.7131500744747328,76.74838545424655,-0.5741082194066343,0.0011183818615382395,0.03030878576506215,23363,0.044232172515158444,0.012199999999999999,index_dividend_yield,0.065,11.5,65,23334.7,23360.55,23286.6,23270.6,mid_price,ok
2026-09-18T08:29:42.132113+00:00,2026-09-18T13:59:42.132113+05:30,NIFTY,29-Sep-2026,23300.0,PE,23331.7,140.1,260,140.5,130,140.45,140.3,83207,17864,123474,-17.260677466863033,11.72,-0.4381431859012494,0.0008276681254032711,-6.971010018833583,16.004611894122185,-0.4534349186970932,-0.0004053007830269184,2.859930386000187,-2.9547795314405535e-07,-0.006914602530153437,3.7610916930922345e-05,-0.7205419178290313,-65.0749306681153,0.44548134934871875,0.0008299217672526894,0.03030878576506215,23363,0.044232172515158444,0.012199999999999999,index_dividend_yield,0.065,11.5,65,23334.7,23360.55,23286.6,23270.6,mid_price,ok
2026-09-18T08:29:42.132113+00:00,2026-09-18T13:59:42.132113+05:30,NIFTY,29-Sep-2026,23350.0,CE,23331.7,167.5,390,168,195,167.9,167.75,10678,4328,34414,-6.7998889814043855,8.71,0.5242908373507159,0.0011250755706923147,-8.107537331474951,16.16818072249143,-0.2113889153667614,-0.0029494046387901207,0.5273771836833419,-2.2818801530075912e-07,-0.012882048562832116,5.146727313326354e-05,-0.7230051675410376,81.14431206058966,-0.5174237859682742,0.0011233127599922582,0.03030878576506215,23363,0.044232172515158444,0.012199999999999999,index_dividend_yield,0.065,11.5,65,23334.7,23360.55,23286.6,23270.6,mid_price,ok
2026-09-18T08:29:42.132113+00:00,2026-09-18T13:59:42.132113+05:30,NIFTY,29-Sep-2026,23350.0,PE,23331.7,160.6,65,161.1,260,161,160.85,6275,2540,20806,-15.596330275229358,11.69,-0.47977051553067646,0.0008387938874240255,-6.896479859979116,16.17823253186777,-0.10199359892329452,-0.0023095214165201328,0.20833420199650732,-1.200270113167252e-07,-0.007165032770069647,3.823016770534971e-05,-0.7261726735337266,-62.215978557145384,0.48709983471086615,0.0008374796336277378,0.03030878576506215,23363,0.044232172515158444,0.012199999999999999,index_dividend_yield,0.065,11.5,65,23334.7,23360.55,23286.6,23270.6,mid_price,ok
2026-09-18T08:29:42.132113+00:00,2026-09-18T13:59:42.132113+05:30,NIFTY,29-Sep-2026,23400.0,CE,23331.7,141.15,260,141.55,65,141.5,141.35000000000002,48100,9646,61389,-8.3252348558471,8.69,0.4679974680383927,0.0011261956336572206,-7.8990668562424755,16.147114349663674,0.43462269571722945,-0.005497049587744829,1.4102186313618148,1.980812835169927e-07,-0.01286300021621149,4.975029522203897e-05,-0.7473378421871679,86.68706065441765,-0.4612485327852791,0.00111963094085187,0.03030878576506215,23363,0.044232172515158444,0.012199999999999999,index_dividend_yield,0.065,11.5,65,23334.7,23360.55,23286.6,23270.6,mid_price,ok
2026-09-18T08:29:42.132113+00:00,2026-09-18T13:59:42.132113+05:30,NIFTY,29-Sep-2026,23400.0,PE,23331.7,185.4,130,186.05,585,185.85,185.72500000000002,38684,6783,39851,-13.998149005090236,11.72,-0.5215894541975348,0.0008364562151819077,-6.7707105664786,16.17454711559667,0.2549431348434772,-0.004194588356176476,0.5657469120095016,5.9398538476222126e-08,-0.007108255386630978,3.739989858226938e-05,-0.7399591269050542,-59.131301268020955,0.5288621595964496,0.0008315804387770893,0.03030878576506215,23363,0.044232172515158444,0.012199999999999999,index_dividend_yield,0.065,11.5,65,23334.7,23360.55,23286.6,23270.6,mid_price,ok
2026-09-18T08:29:42.132113+00:00,2026-09-18T13:59:42.132113+05:30,NIFTY,29-Sep-2026,23450.0,CE,23331.7,117.75,325,117.85,65,117.85,117.8,8024,1871,15863,-10.038167938931299,8.72,0.41272687444591194,0.0010989518231374433,-7.605681836820693,15.810894614790561,1.0505803043865392,-0.007842691163440385,9.395604697234106,6.051385696104052e-07,-0.011951052677186567,4.487104808295378e-05,-0.7845017882823909,91.91836989828646,-0.4061772658338067,0.0010878918593768157,0.03030878576506215,23363,0.044232172515158444,0.012199999999999999,index_dividend_yield,0.065,11.5,65,23334.7,23360.55,23286.6,23270.6,mid_price,ok
2026-09-18T08:29:42.132113+00:00,2026-09-18T13:59:42.132113+05:30,NIFTY,29-Sep-2026,23450.0,PE,23331.7,211.05,455,211.65,195,211.25,211.35000000000002,2578,-147,3925,-13.1551901336074,11.84,-0.5623339164253328,0.0008190043167421126,-6.621867802815496,15.999234297279916,0.5922943814209436,-0.005958105274166624,3.787499193332877,2.2724544246070716e-07,-0.006723842255725704,3.5140826603639614e-05,-0.7607390216293428,-55.78231516920797,0.5695270757181223,0.0008107617733728272,0.03030878576506215,23363,0.044232172515158444,0.012199999999999999,index_dividend_yield,0.065,11.5,65,23334.7,23360.55,23286.6,23270.6,mid_price,ok
2026-09-18T08:29:42.132113+00:00,2026-09-18T13:59:42.132113+05:30,NIFTY,29-Sep-2026,23500.0,CE,23331.7,97.55,195,97.85,325,97.85,97.69999999999999,78094,7158,100032,-10.639269406392694,8.74,0.3594453081555781,0.0010530033300296417,-7.196055061973054,15.184569455962105,1.603280652640704,-0.009883643959775368,23.420642665676894,9.718780187695039e-07,-0.010425003248943103,3.763701517488639e-05,-0.8304630801065738,97.40451710317623,-0.3532072638396388,0.0010379747461683924,0.03030878576506215,23363,0.044232172515158444,0.012199999999999999,index_dividend_yield,0.065,11.5,65,23334.7,23360.55,23286.6,23270.6,mid_price,ok
2026-09-18T08:29:42.132113+00:00,2026-09-18T13:59:42.132113+05:30,NIFTY,29-Sep-2026,23500.0,PE,23331.7,241.35,65,241.75,325,241.5,241.55,72577,2417,45505,-10.372982000371126,11.84,-0.6026335099806885,0.000801499844647785,-6.297614291885765,15.657284756157374,0.9160604252020366,-0.00763457960882008,9.703006517433721,3.897459017116638e-07,-0.006273120867279834,3.215807495434613e-05,-0.7879460869586304,-53.121359451046374,0.6095808496095649,0.0007900607472712095,0.03030878576506215,23363,0.044232172515158444,0.012199999999999999,index_dividend_yield,0.065,11.5,65,23334.7,23360.55,23286.6,23270.6,mid_price,ok
2026-09-18T08:29:42.132113+00:00,2026-09-18T13:59:42.132113+05:30,NIFTY,29-Sep-2026,23550.0,CE,23331.7,79.05,195,79.3,325,79.1,79.175,7517,2028,15875,-12.837465564738292,8.71,0.30805694678880574,0.0009942312641449665,-6.652012726595286,14.287849791952418,2.0848771482015747,-0.011561674396984245,42.436352719498416,1.3004219572906746e-06,-0.008462439895245867,2.859533701675453e-05,-0.8808916258460968,103.74199513270752,-0.3022594431423792,0.000975884364734627,0.03030878576506215,23363,0.044232172515158444,0.012199999999999999,index_dividend_yield,0.065,11.5,65,23334.7,23360.55,23286.6,23270.6,mid_price,ok
2026-09-18T08:29:42.132113+00:00,2026-09-18T13:59:42.132113+05:30,NIFTY,29-Sep-2026,23550.0,PE,23331.7,272.3,130,273.15,65,272.7,272.725,2010,-122,1380,-10.044532409698169,11.88,-0.641297435606336,0.0007738518764500514,-5.927136294804016,15.168253766309851,1.2047347281873289,-0.009110278353359647,17.74339122358448,5.339149043712349e-07,-0.005608980371711971,2.8198725816974994e-05,-0.8190373027494378,-50.42179157325383,0.6479535987627526,0.0007595717154374711,0.03030878576506215,23363,0.044232172515158444,0.012199999999999999,index_dividend_yield,0.065,11.5,65,23334.7,23360.55,23286.6,23270.6,mid_price,ok
2026-09-18T08:29:42.132113+00:00,2026-09-18T13:59:42.132113+05:30,NIFTY,29-Sep-2026,23600.0,CE,23331.7,63.35,910,63.55,520,63.4,63.45,39609,3484,44556,-15.127175368139223,8.69,0.26020438594907597,0.0009191405821682658,-6.04437201905315,13.178410251415265,2.4551059583934607,-0.01274465268282926,64.0721203303256,1.5589993983201157e-06,-0.006108267706539665,1.835743757477436e-05,-0.9280140585824821,110.19371332323573,-0.25491172405560736,0.0008983606132205186,0.03030878576506215,23363,0.044232172515158444,0.012199999999999999,index_dividend_yield,0.065,11.5,65,23334.7,23360.55,23286.6,23270.6,mid_price,ok
2026-09-18T08:29:42.132113+00:00,2026-09-18T13:59:42.132113+05:30,NIFTY,29-Sep-2026,23600.0,PE,23331.7,305.55,130,306.55,130,305.2,306.05,21451,-276,6833,-8.881922675026123,12.04,-0.67650775282376,0.0007340284425313973,-5.592314118838974,14.581448913400312,1.4300669463220839,-0.010290976099133764,26.6439520712618,6.403829315472031e-07,-0.00475552765440417,2.358736635391383e-05,-0.8499527755517171,-47.483643056339396,0.6829019805065586,0.0007174334966237937,0.03030878576506215,23363,0.044232172515158444,0.012199999999999999,index_dividend_yield,0.065,11.5,65,23334.7,23360.55,23286.6,23270.6,mid_price,ok
2026-09-18T08:29:42.132113+00:00,2026-09-18T13:59:42.132113+05:30,NIFTY,29-Sep-2026,23650.0,CE,23331.7,49.95,455,50.1,65,50.05,50.025000000000006,9005,1182,18154,-17.06710853355427,8.66,0.21612523285967017,0.0008330368813210802,-5.380529759403073,11.902643516474633,2.707605673066854,-0.013409196808146921,86.35204630941828,1.7455609045397666e-06,-0.0035753161709798243,7.713243588051001e-06,-0.9653883918663374,117.05746388903495,-0.21139498400568374,0.000810764466569212,0.03030878576506215,23363,0.044232172515158444,0.012199999999999999,index_dividend_yield,0.065,11.5,65,23334.7,23360.55,23286.6,23270.6,mid_price,ok
2026-09-18T08:29:42.132113+00:00,2026-09-18T13:59:42.132113+05:30,NIFTY,29-Sep-2026,23650.0,PE,23331.7,341.65,65,343.05,130,344.55,342.35,3110,-112,577,-6.676598049837486,12.11,-0.7107221438570395,0.0006945167994109651,-5.1308608065079255,13.876764036482603,1.6288053813307002,-0.011291906832943788,36.80511032851275,7.37242334640013e-07,-0.003893110326093081,1.8678344431539333e-05,-0.881395749447865,-45.01090795454522,0.716734179228507,0.0006759479142205637,0.03030878576506215,23363,0.044232172515158444,0.012199999999999999,index_dividend_yield,0.065,11.5,65,23334.7,23360.55,23286.6,23270.6,mid_price,ok
2026-09-18T08:29:42.132113+00:00,2026-09-18T13:59:42.132113+05:30,NIFTY,29-Sep-2026,23700.0,CE,23331.7,39.05,130,39.15,845,39.15,39.099999999999994,45368,3797,68331,-19.278350515463917,8.65,0.17709479494190017,0.0007391066468032843,-4.715680407300178,10.548349734647735,2.826000219905034,-0.013542177571705866,106.33307373885081,1.842104514006909e-06,-0.0010930770035773134,-2.3210784780325648e-06,-0.9860643741233802,123.79614989560194,-0.17293442196453168,0.0007163135774621304,0.03030878576506215,23363,0.044232172515158444,0.012199999999999999,index_dividend_yield,0.065,11.5,65,23334.7,23360.55,23286.6,23270.6,mid_price,ok
2026-09-18T08:29:42.132113+00:00,2026-09-18T13:59:42.132113+05:30,NIFTY,29-Sep-2026,23700.0,PE,23331.7,380.55,195,382.05,130,382,381.3,15582,-311,3262,-6.361073660987866,12.53,-0.7365942837807787,0.0006410065573330793,-4.945516422060638,13.251799257834614,1.706868224404856,-0.011863220274506814,43.93888784427258,7.535932553755537e-07,-0.002990409592838674,1.4253075460258473e-05,-0.9032749165914762,-41.85605069920053,0.7424723426115604,0.0006212387647247742,0.03030878576506215,23363,0.044232172515158444,0.012199999999999999,index_dividend_yield,0.065,11.5,65,23334.7,23360.55,23286.6,23270.6,mid_price,ok
2026-09-18T08:29:42.132113+00:00,2026-09-18T13:59:42.132113+05:30,NIFTY,29-Sep-2026,23750.0,CE,23331.7,30.15,325,30.25,650,30.15,30.2,8944,923,15733,-23.282442748091604,8.67,0.14368052271657236,0.0006431459837566666,-4.085450868522218,9.200045275427659,2.8181839155666797,-0.013212159690214081,121.77341470411295,1.849366216388409e-06,0.0010959258559480088,-1.0875358523216249e-05,-0.9864718809487663,130.08961705623918,-0.14006490987995968,0.0006206905041954561,0.03030878576506215,23363,0.044232172515158444,0.012199999999999999,index_dividend_yield,0.065,11.5,65,23334.7,23360.55,23286.6,23270.6,mid_price,ok
2026-09-18T08:29:42.132113+00:00,2026-09-18T13:59:42.132113+05:30,NIFTY,29-Sep-2026,23750.0,PE,23331.7,421.9,65,424.25,65,420.45,423.075,2068,10,311,-5.781512605042017,12.79,-0.7624235204414181,0.0005944661337244052,-4.59796694649728,12.544662104122029,1.780379709919122,-0.01233198596024232,51.711980160976445,7.764301586795681e-07,-0.002197320860433281,9.94381440677834e-06,-0.9240014544527143,-39.379400757777645,0.7680152113243489,0.000573710313968356,0.03030878576506215,23363,0.044232172515158444,0.012199999999999999,index_dividend_yield,0.065,11.5,65,23334.7,23360.55,23286.6,23270.6,mid_price,ok
2026-09-18T08:29:42.132113+00:00,2026-09-18T13:59:42.132113+05:30,NIFTY,29-Sep-2026,23800.0,CE,23331.7,23.3,2080,23.45,2275,23.3,23.375,67895,4556,84356,-25.32051282051282,8.72,0.11579770774903354,0.0005506438999029186,-3.5095796119528213,7.922251447553647,2.708976978345996,-0.012532070401989281,131.61673273643436,1.7826212130152253e-06,0.0028347331743130977,-1.747273444715244e-05,-0.9667078684718229,135.785817364592,-0.11268320080958333,0.0005291876321175387,0.03030878576506215,23363,0.044232172515158444,0.012199999999999999,index_dividend_yield,0.065,11.5,65,23334.7,23360.55,23286.6,23270.6,mid_price,ok
2026-09-18T08:29:42.132113+00:00,2026-09-18T13:59:42.132113+05:30,NIFTY,29-Sep-2026,23800.0,PE,23331.7,464,260,465.7,130,465.7,464.85,25841,-434,2854,-5.143089927691211,13.29,,,,,,,,,,,,,,,0.03030878576506215,,,,,,11.5,65,23334.7,23360.55,23286.6,23270.6,mid_price,no_price_available
2026-09-18T08:29:42.132113+00:00,2026-09-18T13:59:42.132113+05:30,NIFTY,29-Sep-2026,23850.0,CE,23331.7,17.95,975,18.05,260,18.05,18.0,7761,1610,14162,-26.923076923076923,8.77,0.09228858568771352,0.0004643832042516417,-2.9722294506970592,6.719506871535876,2.530939377548315,-0.01159537343928907,136.38635836231393,1.6697769026740683e-06,0.004131773533180074,-2.223519878567223e-05,-0.9283376439609707,141.45669704582636,-0.08964476413914425,0.0004444188838648199,0.03030878576506215,23363,0.044232172515158444,0.012199999999999999,index_dividend_yield,0.065,11.5,65,23334.7,23360.55,23286.6,23270.6,mid_price,ok
2026-09-18T08:29:42.132113+00:00,2026-09-18T13:59:42.132113+05:30,NIFTY,29-Sep-2026,23850.0,PE,23331.7,508.1,65,512.8,65,524.45,510.45,1228,-32,190,-2.5729147315623258,13.72,,,,,,,,,,,,,,,0.03030878576506215,,,,,,11.5,65,23334.7,23360.55,23286.6,23270.6,mid_price,no_price_available
2026-09-18T08:29:42.132113+00:00,2026-09-18T13:59:42.132113+05:30,NIFTY,29-Sep-2026,23900.0,CE,23331.7,13.65,1755,13.7,2015,13.75,13.675,69277,16515,66305,-29.487179487179485,8.82,0.07275695268172681,0.0003860221676606917,-2.4828435599092185,5.617487768256251,2.305858452904867,-0.010490013976726206,136.31751085455778,1.525147198692548e-06,0.00499194862694591,-2.520680335370393e-05,-0.8738566618713807,147.0918461396141,-0.07054404557827984,0.00036788256889347306,0.03030878576506215,23363,0.044232172515158444,0.012199999999999999,index_dividend_yield,0.065,11.5,65,23334.7,23360.55,23286.6,23270.6,mid_price,ok
2026-09-18T08:29:42.132113+00:00,2026-09-18T13:59:42.132113+05:30,NIFTY,29-Sep-2026,23900.0,PE,23331.7,553.7,195,555.55,65,555.25,554.625,15197,691,1777,-4.035603180089872,14.29,,,,,,,,,,,,,,,0.03030878576506215,,,,,,11.5,65,23334.7,23360.55,23286.6,23270.6,mid_price,no_price_available
2026-09-18T08:29:42.132113+00:00,2026-09-18T13:59:42.132113+05:30,NIFTY,29-Sep-2026,23950.0,CE,23331.7,10.85,845,10.95,975,10.9,10.899999999999999,9280,1111,10088,-30.573248407643312,9.02,0.05985126369548701,0.00032447351932525157,-2.1689550570519702,4.828887659860979,2.07104703903958,-0.009533032325108888,130.88638702491463,1.3482421483592877e-06,0.005198484945588772,-2.5851602964664384e-05,-0.820562782907169,148.8303301664201,-0.057914364084442886,0.000307936373601751,0.03030878576506215,23363,0.044232172515158444,0.012199999999999999,index_dividend_yield,0.065,11.5,65,23334.7,23360.55,23286.6,23270.6,mid_price,ok
2026-09-18T08:29:42.132113+00:00,2026-09-18T13:59:42.132113+05:30,NIFTY,29-Sep-2026,23950.0,PE,23331.7,600.85,65,605.5,65,610.7,603.175,1824,80,122,-2.3661071143085532,15.5,,,,,,,,,,,,,,,0.03030878576506215,,,,,,11.5,65,23334.7,23360.55,23286.6,23270.6,mid_price,no_price_available
2026-09-18T08:29:42.132113+00:00,2026-09-18T13:59:42.132113+05:30,NIFTY,29-Sep-2026,24000.0,CE,23331.7,8.95,3380,9.05,5460,9.05,9.0,161021,8495,97728,-31.69811320754717,9.26,0.05002153096487057,0.00027427339785857395,-1.9212179661971607,4.1904048015167294,1.8498151790227422,-0.008662160932397245,123.56290896500299,1.179469003933981e-06,0.0051263376256272895,-2.5504795208115317e-05,-0.7678695658498458,149.32494908739181,-0.048302983254106875,0.00025921132417850795,0.03030878576506215,23363,0.044232172515158444,0.012199999999999999,index_dividend_yield,0.065,11.5,65,23334.7,23360.55,23286.6,23270.6,mid_price,ok
2026-09-18T08:29:42.132113+00:00,2026-09-18T13:59:42.132113+05:30,NIFTY,29-Sep-2026,24000.0,PE,23331.7,649.2,260,651,65,650.2,650.1,84252.30769230769,-1083.8461538461538,7915,-3.265640110094473,15.71,,,,,,,,,,,,,,,0.03030878576506215,,,,,,11.5,65,23334.7,23360.55,23286.6,23270.6,mid_price,no_price_available
2026-09-18T08:29:42.132113+00:00,2026-09-18T13:59:42.132113+05:30,NIFTY,29-Sep-2026,24050.0,CE,23331.7,7.15,1690,7.2,650,7.2,7.175000000000001,8105,1237,9007,-32.075471698113205,9.43,0.040800856727042804,0.00022860895120107487,-1.6525428269835085,3.5568555585533437,1.6320089657808101,-0.007721862336647629,115.43148898400979,1.0277896686475278e-06,0.004995364553709935,-2.4795266519880393e-05,-0.7068165843317264,151.34294597404116,-0.039320719659379645,0.00021515717680904522,0.03030878576506215,23363,0.044232172515158444,0.012199999999999999,index_dividend_yield,0.065,11.5,65,23334.7,23360.55,23286.6,23270.6,mid_price,ok
2026-09-18T08:29:42.132113+00:00,2026-09-18T13:59:42.132113+05:30,NIFTY,29-Sep-2026,24050.0,PE,23331.7,698.3,65,702.15,65,700,700.2249999999999,1384,27,67,-3.2213466058343703,14.62,,,,,,,,,,,,,,,0.03030878576506215,,,,,,11.5,65,23334.7,23360.55,23286.6,23270.6,mid_price,no_price_available
2026-09-18T08:29:42.132113+00:00,2026-09-18T13:59:42.132113+05:30,NIFTY,29-Sep-2026,24100.0,CE,23331.7,6.15,11115,6.25,5980,6.25,6.2,30034,-233,35351,-31.318681318681318,9.69,0.03457762626210428,0.00019435636697780488,-1.476619950503562,3.107304790692124,1.4477925199643353,-0.006991374972499739,106.86688615710715,8.909786067555503e-07,0.004678970983945901,-2.3513875090577194e-05,-0.6564129165136317,150.92266513051936,-0.033253498669057316,0.00018216186100063198,0.03030878576506215,23363,0.044232172515158444,0.012199999999999999,index_dividend_yield,0.065,11.5,65,23334.7,23360.55,23286.6,23270.6,mid_price,ok
2026-09-18T08:29:42.132113+00:00,2026-09-18T13:59:42.132113+05:30,NIFTY,29-Sep-2026,24100.0,PE,23331.7,744.4,65,747.95,130,750.95,746.175,11988,-191,516,-2.1436017722178784,15.01,,,,,,,,,,,,,,,0.03030878576506215,,,,,,11.5,65,23334.7,23360.55,23286.6,23270.6,mid_price,no_price_available
2026-09-18T08:29:42.132113+00:00,2026-09-18T13:59:42.132113+05:30,NIFTY,29-Sep-2026,24150.0,CE,23331.7,5.2,5265,5.3,3315,5.3,5.25,10817,2694,7853,-32.05128205128205,9.96,0.029566805662557975,0.00016615706173994397,-1.3281298205892411,2.730482813502099,1.285158966186438,-0.006340974426319559,98.50510658661582,7.721202903795198e-07,0.004326307967550115,-2.208162010638648e-05,-0.609364697959657,150.11413727874643,-0.02837467401668341,0.00015508768052040415,0.03030878576506215,23363,0.044232172515158444,0.012199999999999999,index_dividend_yield,0.065,11.5,65,23334.7,23360.55,23286.6,23270.6,mid_price,ok
2026-09-18T08:29:42.132113+00:00,2026-09-18T13:59:42.132113+05:30,NIFTY,29-Sep-2026,24150.0,PE,23331.7,796.2,65,802.75,65,811,799.475,2437,-8,44,-1.696969696969697,17.35,,,,,,,,,,,,,,,0.03030878576506215,,,,,,11.5,65,23334.7,23360.55,23286.6,23270.6,mid_price,no_price_available
2026-09-18T08:29:42.132113+00:00,2026-09-18T13:59:42.132113+05:30,NIFTY,29-Sep-2026,24200.0,CE,23331.7,4.85,4160,4.9,3315,4.85,4.875,55024,-307,25155,-30.215827338129497,10.35,0.02679056614727354,0.00014729461716938725,-1.2662842514083505,2.5152927033646733,1.1654127541950652,-0.0059438452161514575,91.36247719847069,6.746482378072995e-07,0.0039271935344644335,-2.064255086931709e-05,-0.5795920544187378,146.43490589663892,-0.025652928506024658,0.00013691433181536685,0.03030878576506215,23363,0.044232172515158444,0.012199999999999999,index_dividend_yield,0.065,11.5,65,23334.7,23360.55,23286.6,23270.6,mid_price,ok
2026-09-18T08:29:42.132113+00:00,2026-09-18T13:59:42.132113+05:30,NIFTY,29-Sep-2026,24200.0,PE,23331.7,843.1,65,846,130,848,844.55,26424,-62,490,-1.8063918480778138,17.8,,,,,,,,,,,,,,,0.03030878576506215,,,,,,11.5,65,23334.7,23360.55,23286.6,23270.6,mid_price,no_price_available
2026-09-18T08:29:42.132113+00:00,2026-09-18T13:59:42.132113+05:30,NIFTY,29-Sep-2026,24250.0,CE,23331.7,4.2,3185,4.25,260,4.25,4.225,7862,-137,4277,-29.75206611570248,10.65,0.023481070339047717,0.00012816801708783124,-1.162626134084326,2.2521150782896657,1.043739710982707,-0.005451901960437652,84.21613017708852,5.884482239431116e-07,0.003589398696800898,-1.9251781496565143e-05,-0.541639517640746,144.8252941539987,-0.02243589412138824,0.00011864486504372216,0.03030878576506215,23363,0.044232172515158444,0.012199999999999999,index_dividend_yield,0.065,11.5,65,23334.7,23360.55,23286.6,23270.6,mid_price,ok
2026-09-18T08:29:42.132113+00:00,2026-09-18T13:59:42.132113+05:30,NIFTY,29-Sep-2026,24250.0,PE,23331.7,894.8,65,899.15,65,892.55,896.9749999999999,2454,18,41,-0.8828428650749583,16.63,,,,,,,,,,,,,,,0.03030878576506215,,,,,,11.5,65,23334.7,23360.55,23286.6,23270.6,mid_price,no_price_available
2026-09-18T08:29:42.132113+00:00,2026-09-18T13:59:42.132113+05:30,NIFTY,29-Sep-2026,24300.0,CE,23331.7,3.85,7735,3.9,4420,3.85,3.875,72981,-789,21917,-27.358490566037737,10.98,0.020969672816324225,0.0001129985946991484,-1.0860558348606197,2.0470888261263966,0.9422708682546715,-0.0050530736956263915,77.84595231665325,5.159801182751847e-07,0.0032680000097087152,-1.794422057084859e-05,-0.5099465493363995,142.54166851304473,-0.019992828338785046,0.00010417254214540465,0.03030878576506215,23363,0.044232172515158444,0.012199999999999999,index_dividend_yield,0.065,11.5,65,23334.7,23360.55,23286.6,23270.6,mid_price,ok
2026-09-18T08:29:42.132113+00:00,2026-09-18T13:59:42.132113+05:30,NIFTY,29-Sep-2026,24300.0,PE,23331.7,944.25,65,946.8,65,943.65,945.525,45474,17,355,-1.8105197440299672,19.37,,,,,,,,,,,,,,,0.03030878576506215,,,,,,11.5,65,23334.7,23360.55,23286.6,23270.6,mid_price,no_price_available
2026-09-18T08:29:42.132113+00:00,2026-09-18T13:59:42.132113+05:30,NIFTY,29-Sep-2026,24350.0,CE,23331.7,3.65,3965,3.7,1235,3.65,3.675,8338,62,3119,-27,11.4,0.019602193268877615,0.00010278805312268582,-1.0617156455568513,1.9333424947568694,0.8690937022520668,-0.004820588378256843,72.78578267414981,4.5832080220423276e-07,0.002968114028810878,-1.6824802954774434e-05,-0.49106921303154305,138.4838441310527,-0.01864681410216548,9.437076518144528e-05,0.03030878576506215,23363,0.044232172515158444,0.012199999999999999,index_dividend_yield,0.065,11.5,65,23334.7,23360.55,23286.6,23270.6,mid_price,ok
2026-09-18T08:29:42.132113+00:00,2026-09-18T13:59:42.132113+05:30,NIFTY,29-Sep-2026,24350.0,PE,23331.7,992.9,65,999.65,65,995.15,996.275,4853,-11,34,-0.9998010346199762,18.37,,,,,,,,,,,,,,,0.03030878576506215,,,,,,11.5,65,23334.7,23360.55,23286.6,23270.6,mid_price,no_price_available
2026-09-18T08:29:42.132113+00:00,2026-09-18T13:59:42.132113+05:30,NIFTY,29-Sep-2026,24400.0,CE,23331.7,3.45,2015,3.5,4030,3.45,3.475,45441,1058,14133,-28.125,11.79,0.01817019394206648,9.317657864643809e-05,-1.0266058400622857,1.812516086856816,0.7998460072537045,-0.004572519554714868,67.99551628446243,4.0788894690612374e-07,0.0027051805354148936,-1.5776429079378615e-05,-0.4706071380362604,135.18476883821174,-0.017246126992612375,8.519613128037652e-05,0.03030878576506215,23363,0.044232172515158444,0.012199999999999999,index_dividend_yield,0.065,11.5,65,23334.7,23360.55,23286.6,23270.6,mid_price,ok
2026-09-18T08:29:42.132113+00:00,2026-09-18T13:59:42.132113+05:30,NIFTY,29-Sep-2026,24400.0,PE,23331.7,1040.65,65,1044.65,65,1041.95,1042.65,29411,-58,203,-0.9035141946835322,20.49,,,,,,,,,,,,,,,0.03030878576506215,,,,,,11.5,65,23334.7,23360.55,23286.6,23270.6,mid_price,no_price_available
2026-09-18T08:29:42.132113+00:00,2026-09-18T13:59:42.132113+05:30,NIFTY,29-Sep-2026,24450.0,CE,23331.7,3.3,2535,3.35,1105,3.3,3.325,5064,-484,2125,-26.666666666666668,12.19,0.016994829408148917,8.511907534959617e-05,-1.0000246686439056,1.7119532785071276,0.7402928516236397,-0.004361980157002421,63.74762987449056,3.6506489261550006e-07,0.002471292810511891,-1.4832617608819822e-05,-0.45296899208221,131.83751853874594,-0.01609450441430356,7.751074970803543e-05,0.03030878576506215,23363,0.044232172515158444,0.012199999999999999,index_dividend_yield,0.065,11.5,65,23334.7,23360.55,23286.6,23270.6,mid_price,ok
2026-09-18T08:29:42.132113+00:00,2026-09-18T13:59:42.132113+05:30,NIFTY,29-Sep-2026,24450.0,PE,23331.7,1093.25,65,1100.45,65,1134.1,1096.85,1239,-6,14,2.1481648277414997,24.38,,,,,,,,,,,,,,,0.03030878576506215,,,,,,11.5,65,23334.7,23360.55,23286.6,23270.6,mid_price,no_price_available
2026-09-18T08:29:42.132113+00:00,2026-09-18T13:59:42.132113+05:30,NIFTY,29-Sep-2026,24500.0,CE,23331.7,3.15,14625,3.2,11310,3.2,3.175,87568,745,37683,-24.705882352941178,12.58,0.015893519679630715,7.788232004247948e-05,-0.9722450598472984,1.6165190485384329,0.6860775786236162,-0.004159955901267642,59.82827319880324,3.2777950094491774e-07,0.0022633640106859416,-1.3960462009819069e-05,-0.43580576327225873,128.79893973154756,-0.015018112250842954,7.063167065695863e-05,0.03030878576506215,23363,0.044232172515158444,0.012199999999999999,index_dividend_yield,0.065,11.5,65,23334.7,23360.55,23286.6,23270.6,mid_price,ok
2026-09-18T08:29:42.132113+00:00,2026-09-18T13:59:42.132113+05:30,NIFTY,29-Sep-2026,24500.0,PE,23331.7,1140.75,65,1144.5,130,1140.35,1142.625,44805,-6,1041,-1.97283589787673,21.98,,,,,,,,,,,,,,,0.03030878576506215,,,,,,11.5,65,23334.7,23360.55,23286.6,23270.6,mid_price,no_price_available
2026-09-18T08:29:42.132113+00:00,2026-09-18T13:59:42.132113+05:30,NIFTY,29-Sep-2026,24550.0,CE,23331.7,2.95,4680,3,975,3,2.975,4593,-96,2374,-25,12.96,0.01485879747283173,7.135275156961277e-05,-0.9433578723473672,1.5257277039029282,0.6365076005236774,-0.0039655638016586146,56.19735060976394,2.9512689388730886e-07,0.002077569833144701,-1.3151032925695682e-05,-0.4190641566754303,126.03713768201625,-0.014009384080585625,6.444667263362485e-05,0.03030878576506215,23363,0.044232172515158444,0.012199999999999999,index_dividend_yield,0.065,11.5,65,23334.7,23360.55,23286.6,23270.6,mid_price,ok
2026-09-18T08:29:42.132113+00:00,2026-09-18T13:59:42.132113+05:30,NIFTY,29-Sep-2026,24550.0,PE,23331.7,1191.4,65,1206.7,65,1198,1199.0500000000002,705,-15,33,-1.6823963890028724,21.51,,,,,,,,,,,,,,,0.03030878576506215,,,,,,11.5,65,23334.7,23360.55,23286.6,23270.6,mid_price,no_price_available
2026-09-18T08:29:42.132113+00:00,2026-09-18T13:59:42.132113+05:30,NIFTY,29-Sep-2026,24600.0,CE,23331.7,2.7,1300,2.75,5265,2.7,2.725,19174,-600,6964,-25,13.23,0.013299912598773403,6.352895419738544e-05,-0.8736505852158215,1.3867330157355542,0.5780669837215715,-0.0036676733832194577,52.05907490480388,2.627958834601414e-07,0.001904714327492713,-1.2261260589544724e-05,-0.39296842273795246,125.06180809196535,-0.012513346386382936,5.714710824500764e-05,0.03030878576506215,23363,0.044232172515158444,0.012199999999999999,index_dividend_yield,0.065,11.5,65,23334.7,23360.55,23286.6,23270.6,mid_price,ok
2026-09-18T08:29:42.132113+00:00,2026-09-18T13:59:42.132113+05:30,NIFTY,29-Sep-2026,24600.0,PE,23331.7,1242,260,1244.85,65,1242.05,1243.425,10206,-46,90,-1.783172544678159,21.15,,,,,,,,,,,,,,,0.03030878576506215,,,,,,11.5,65,23334.7,23360.55,23286.6,23270.6,mid_price,no_price_available
2026-09-18T08:29:42.132113+00:00,2026-09-18T13:59:42.132113+05:30,NIFTY,29-Sep-2026,24650.0,CE,23331.7,2.65,1950,2.7,780,2.7,2.675,2360,-37,1260,-22.857142857142858,13.65,0.012746752002287982,5.935400019123576e-05,-0.8672664051085135,1.336730785989915,0.544234881963139,-0.0035546983771231923,49.377076554108946,2.3960766441443523e-07,0.0017576049996627914,-1.1637984721758376e-05,-0.38291886631880145,121.82359792262243,-0.011966009374824995,5.3175173276538807e-05,0.03030878576506215,23363,0.044232172515158444,0.012199999999999999,index_dividend_yield,0.065,11.5,65,23334.7,23360.55,23286.6,23270.6,mid_price,ok
2026-09-18T08:29:42.132113+00:00,2026-09-18T13:59:42.132113+05:30,NIFTY,29-Sep-2026,24650.0,PE,23331.7,1288.2,65,1301.45,715,1333.5,1294.825,538,-19,68,2.129126139235659,27.3,,,,,,,,,,,,,,,0.03030878576506215,,,,,,11.5,65,23334.7,23360.55,23286.6,23270.6,mid_price,no_price_available
2026-09-18T08:29:42.132113+00:00,2026-09-18T13:59:42.132113+05:30,NIFTY,29-Sep-2026,24700.0,CE,23331.7,2.45,7345,2.5,7540,2.5,2.475,22362,785,15726,-25.37313432835821,13.95,0.011642594427663269,5.369140851683978e-05,-0.8180469754637242,1.2357775748754216,0.5000370779353076,-0.003330949644618759,46.075550693046694,2.154909677062814e-07,0.001616951290787174,-1.090818211232094e-05,-0.3627794264167303,120.42895709408367,-0.010906311906599605,4.7907516507656084e-05,0.03030878576506215,23363,0.044232172515158444,0.012199999999999999,index_dividend_yield,0.065,11.5,65,23334.7,23360.55,23286.6,23270.6,mid_price,ok
2026-09-18T08:29:42.132113+00:00,2026-09-18T13:59:42.132113+05:30,NIFTY,29-Sep-2026,24700.0,PE,23331.7,1338.1,195,1347,65,1342.45,1342.55,3372,-27,90,-1.9751734209565535,22.68,,,,,,,,,,,,,,,0.03030878576506215,,,,,,11.5,65,23334.7,23360.55,23286.6,23270.6,mid_price,no_price_available
2026-09-18T08:29:42.132113+00:00,2026-09-18T13:59:42.132113+05:30,NIFTY,29-Sep-2026,24750.0,CE,23331.7,2.35,2665,2.45,4940,2.4,2.4000000000000004,3104,-744,1730,-23.80952380952381,14.36,0.011181739429215633,5.035998820197741e-05,-0.8117426033234196,1.1931673610525406,0.4723118947094016,-0.0032325229975181773,43.816600024215724,1.9757024232668075e-07,0.001498640682674436,-1.0380345321049207e-05,-0.3538097606335626,117.5353437133484,-0.010451285886131858,4.4753600461980285e-05,0.03030878576506215,23363,0.044232172515158444,0.012199999999999999,index_dividend_yield,0.065,11.5,65,23334.7,23360.55,23286.6,23270.6,mid_price,ok
2026-09-18T08:29:42.132113+00:00,2026-09-18T13:59:42.132113+05:30,NIFTY,29-Sep-2026,24750.0,PE,23331.7,1390.55,65,1397.95,65,1407.95,1394.25,416,-10,13,-2.3545322144392813,25.6,,,,,,,,,,,,,,,0.03030878576506215,,,,,,11.5,65,23334.7,23360.55,23286.6,23270.6,mid_price,no_price_available
2026-09-18T08:29:42.132113+00:00,2026-09-18T13:59:42.132113+05:30,NIFTY,29-Sep-2026,24800.0,CE,23331.7,2.15,8840,2.2,2145,2.2,2.175,15634,-664,7331,-21.428571428571427,14.63,0.01015003878623239,4.543395943644879e-05,-0.7590646109423734,1.0966958934355473,0.4329593029353887,-0.0030135707377356626,40.80977118417517,1.7785122019785946e-07,0.0013800833244652648,-9.712868129691226e-06,-0.3336233424486734,116.59475057654318,-0.009467199284802372,4.0213325715634554e-05,0.03030878576506215,23363,0.044232172515158444,0.012199999999999999,index_dividend_yield,0.065,11.5,65,23334.7,23360.55,23286.6,23270.6,mid_price,ok
2026-09-18T08:29:42.132113+00:00,2026-09-18T13:59:42.132113+05:30,NIFTY,29-Sep-2026,24800.0,PE,23331.7,1437.95,65,1443.25,65,1437.7,1440.6,5203,-35,87,-1.863481228668942,26.28,,,,,,,,,,,,,,,0.03030878576506215,,,,,,11.5,65,23334.7,23360.55,23286.6,23270.6,mid_price,no_price_available
2026-09-18T08:29:42.132113+00:00,2026-09-18T13:59:42.132113+05:30,NIFTY,29-Sep-2026,24850.0,CE,23331.7,2,5590,2.05,845,2.05,2.025,3923,8,948,-21.153846153846153,14.89,0.009199726098614679,4.096594637247499e-05,-0.7080217839266786,1.0064193891547344,0.39657063660397934,-0.0028047257408069944,37.97139210013767,1.601365572412841e-07,0.0012704542878703457,-9.077713702971249e-06,-0.3140451829972426,115.77219851221153,-0.008563026896448207,3.6112950552770375e-05,0.03030878576506215,23363,0.044232172515158444,0.012199999999999999,index_dividend_yield,0.065,11.5,65,23334.7,23360.55,23286.6,23270.6,mid_price,ok
2026-09-18T08:29:42.132113+00:00,2026-09-18T13:59:42.132113+05:30,NIFTY,29-Sep-2026,24850.0,PE,23331.7,1477.35,65,1504.9,715,1505.3,1491.125,210,0,1,-3.0527468281058803,26.57,,,,,,,,,,,,,,,0.03030878576506215,,,,,,11.5,65,23334.7,23360.55,23286.6,23270.6,mid_price,no_price_available
2026-09-18T08:29:42.132113+00:00,2026-09-18T13:59:42.132113+05:30,NIFTY,29-Sep-2026,24900.0,CE,23331.7,2,1105,2.05,6955,2,2.025,7689,850,7309,-23.076923076923077,15.32,0.008992184510577166,3.9028503033892427e-05,-0.7130948828832604,0.9865110732069945,0.3792758541775491,-0.0027555597899592476,36.44581852237416,1.4868468255261453e-07,0.0011870887149824706,-8.709628176410866e-06,-0.30938544278020863,112.81716066758803,-0.008351135703679262,3.426699072059159e-05,0.03030878576506215,23363,0.044232172515158444,0.012199999999999999,index_dividend_yield,0.065,11.5,65,23334.7,23360.55,23286.6,23270.6,mid_price,ok
2026-09-18T08:29:42.132113+00:00,2026-09-18T13:59:42.132113+05:30,NIFTY,29-Sep-2026,24900.0,PE,23331.7,1536.5,130,1548.05,130,1525,1542.275,1062,1,7,-1.3519632576492657,21.87,,,,,,,,,,,,,,,0.03030878576506215,,,,,,11.5,65,23334.7,23360.55,23286.6,23270.6,mid_price,no_price_available
2026-09-18T08:29:42.132113+00:00,2026-09-18T13:59:42.132113+05:30,NIFTY,29-Sep-2026,24950.0,CE,23331.7,1.9,4095,2,3445,2,1.95,1723,-166,1124,-18.367346938775512,15.65,0.008444594416509136,3.6157719453283725e-05,-0.6885744940466488,0.9336340405602485,0.3548668487947945,-0.002629938418982487,34.43428590160591,1.361471364889769e-07,0.0011024986264903786,-8.246549920383978e-06,-0.2974014539638802,111.17856517929013,-0.007825834818167747,3.161933254059973e-05,0.03030878576506215,23363,0.044232172515158444,0.012199999999999999,index_dividend_yield,0.065,11.5,65,23334.7,23360.55,23286.6,23270.6,mid_price,ok
2026-09-18T08:29:42.132113+00:00,2026-09-18T13:59:42.132113+05:30,NIFTY,29-Sep-2026,24950.0,PE,23331.7,1576.4,130,1605.05,715,0.0,1590.725,73,0,0,0,24.15,,,,,,,,,,,,,,,0.03030878576506215,,,,,,11.5,65,23334.7,23360.55,23286.6,23270.6,mid_price,no_price_available
2026-09-18T08:29:42.132113+00:00,2026-09-18T13:59:42.132113+05:30,NIFTY,29-Sep-2026,25000.0,CE,23331.7,1.95,9945,2,26585,2,1.975,79926,5551,24684,-14.893617021276595,16.17,0.008597489267466979,3.555029189504356e-05,-0.7218443370915162,0.9484501205263746,0.3480828869327776,-0.0026616634467876545,33.682794321050366,1.290087137564956e-07,0.0010426359809979282,-8.045032184855626e-06,-0.30043552835215803,107.43416786248038,-0.007949076234025222,3.096391886916193e-05,0.03030878576506215,23363,0.044232172515158444,0.012199999999999999,index_dividend_yield,0.065,11.5,65,23334.7,23360.55,23286.6,23270.6,mid_price,ok
2026-09-18T08:29:42.132113+00:00,2026-09-18T13:59:42.132113+05:30,NIFTY,29-Sep-2026,25000.0,PE,23331.7,1640.15,65,1643,650,1643,1641.575,29942.923076923078,-494,1018,-1.2204653399867733,29.02,,,,,,,,,,,,,,,0.03030878576506215,,,,,,11.5,65,23334.7,23360.55,23286.6,23270.6,mid_price,no_price_available
2026-09-18T08:29:42.132113+00:00,2026-09-18T13:59:42.132113+05:30,NIFTY,29-Sep-2026,25050.0,CE,23331.7,1.8,5135,1.85,1430,1.85,1.8250000000000002,1211,50,1369,-15.909090909090908,16.38,0.007724728147731901,3.194415907830826e-05,-0.6649024110433396,0.8633097833666636,0.3179043667102259,-0.0024593661677197237,31.268104077925184,1.1639067884716247e-07,0.0009619346512964519,-7.504139110392911e-06,-0.28092649552812043,107.23459200824051,-0.007127757380062152,2.7712057199871628e-05,0.03030878576506215,23363,0.044232172515158444,0.012199999999999999,index_dividend_yield,0.065,11.5,65,23334.7,23360.55,23286.6,23270.6,mid_price,ok
2026-09-18T08:29:42.132113+00:00,2026-09-18T13:59:42.132113+05:30,NIFTY,29-Sep-2026,25050.0,PE,23331.7,1676.45,130,1705.05,65,1719.6,1690.75,59,0,1,-3.0665163472378807,31.21,,,,,,,,,,,,,,,0.03030878576506215,,,,,,11.5,65,23334.7,23360.55,23286.6,23270.6,mid_price,no_price_available
2026-09-18T08:29:42.132113+00:00,2026-09-18T13:59:42.132113+05:30,NIFTY,29-Sep-2026,25100.0,CE,23331.7,1.65,6760,1.7,6760,1.7,1.6749999999999998,6898,1423,8085,-20.930232558139537,16.56,0.0068660074563551415,2.8478888081197845e-05,-0.6052973071333297,0.7781165749805963,0.2883765920745794,-0.0022527979706770257,28.861976076040516,1.0452108574275016e-07,0.0008843394629723095,-6.9618165240422545e-06,-0.2606532845428249,107.33539534414534,-0.006322834621831172,2.4607548692247196e-05,0.03030878576506215,23363,0.044232172515158444,0.012199999999999999,index_dividend_yield,0.065,11.5,65,23334.7,23360.55,23286.6,23270.6,mid_price,ok
2026-09-18T08:29:42.132113+00:00,2026-09-18T13:59:42.132113+05:30,NIFTY,29-Sep-2026,25100.0,PE,23331.7,1734.8,65,1741.65,65,1752.25,1738.225,1503,-1,13,4.059029633588693,29.38,,,,,,,,,,,,,,,0.03030878576506215,,,,,,11.5,65,23334.7,23360.55,23286.6,23270.6,mid_price,no_price_available
2026-09-18T08:29:42.132113+00:00,2026-09-18T13:59:42.132113+05:30,NIFTY,29-Sep-2026,25150.0,CE,23331.7,1.55,130,1.65,520,1.6,1.6,585,-11,372,-21.951219512195124,16.97,0.00673077295419226,2.730671055728306e-05,-0.608862829380875,0.764561692620517,0.2773764969437376,-0.0022179522198737846,27.841313473996376,9.800406842434492e-08,0.0008334290772579824,-6.713797461563295e-06,-0.25719515919252567,104.97018647048826,-0.006184665126354457,2.3500990958666614e-05,0.03030878576506215,23363,0.044232172515158444,0.012199999999999999,index_dividend_yield,0.065,11.5,65,23334.7,23360.55,23286.6,23270.6,mid_price,ok
2026-09-18T08:29:42.132113+00:00,2026-09-18T13:59:42.132113+05:30,NIFTY,29-Sep-2026,25150.0,PE,23331.7,1772.55,65,1804.1,65,1800,1788.3249999999998,21,-2,4,-6.14245489623527,29.66,,,,,,,,,,,,,,,0.03030878576506215,,,,,,11.5,65,23334.7,23360.55,23286.6,23270.6,mid_price,no_price_available
2026-09-18T08:29:42.132113+00:00,2026-09-18T13:59:42.132113+05:30,NIFTY,29-Sep-2026,25200.0,CE,23331.7,1.6,2210,1.65,5850,1.6,1.625,8613,-406,4901,-15.789473684210526,17.32,0.006447692074075982,2.5757490277396105e-05,-0.5976969661993452,0.7360591866345955,0.26330766125321015,-0.002146561192894899,26.593104440241266,9.110202496744711e-08,0.0007818533736268512,-6.419069865257481e-06,-0.25007835540017687,103.30168163172495,-0.00591187867240904,2.2079804831077648e-05,0.03030878576506215,23363,0.044232172515158444,0.012199999999999999,index_dividend_yield,0.065,11.5,65,23334.7,23360.55,23286.6,23270.6,mid_price,ok
2026-09-18T08:29:42.132113+00:00,2026-09-18T13:59:42.132113+05:30,NIFTY,29-Sep-2026,25200.0,PE,23331.7,1835.05,65,1843.8,65,1840,1839.425,1218,0,2,2.712961929217372,28.56,,,,,,,,,,,,,,,0.03030878576506215,,,,,,11.5,65,23334.7,23360.55,23286.6,23270.6,mid_price,no_price_available
2026-09-18T08:29:42.132113+00:00,2026-09-18T13:59:42.132113+05:30,NIFTY,29-Sep-2026,25250.0,CE,23331.7,1.5,1170,1.6,1430,1.5,1.55,723,11,92,-18.91891891891892,17.66,0.006163233669818717,2.427241325576424e-05,-0.5850503686566227,0.7072369818385299,0.2497640326623281,-0.0020740039099792582,25.38770976508675,8.471005044792719e-08,0.0007338416355045055,-6.134856254351977e-06,-0.24279751327906185,101.77590202852912,-0.005639042513453124,2.072444743509363e-05,0.03030878576506215,23363,0.044232172515158444,0.012199999999999999,index_dividend_yield,0.065,11.5,65,23334.7,23360.55,23286.6,23270.6,mid_price,ok
2026-09-18T08:29:42.132113+00:00,2026-09-18T13:59:42.132113+05:30,NIFTY,29-Sep-2026,25250.0,PE,23331.7,1876.8,65,1904.55,65,0.0,1890.675,26,0,0,0,19.56,,,,,,,,,,,,,,,0.03030878576506215,,,,,,11.5,65,23334.7,23360.55,23286.6,23270.6,mid_price,no_price_available
2026-09-18T08:29:42.132113+00:00,2026-09-18T13:59:42.132113+05:30,NIFTY,29-Sep-2026,25300.0,CE,23331.7,1.3,6955,1.35,13130,1.35,1.3250000000000002,11231,-242,6181,-15.625,17.77,0.00537196790618326,2.135288404835022e-05,-0.5207201650932266,0.6260446012494082,0.22392634475474227,-0.0018693305720272543,23.200311430748464,7.556423651696126e-08,0.000671120922957058,-5.637052725322637e-06,-0.22199033443585547,102.48803657330419,-0.0049056995833267475,1.815968314718618e-05,0.03030878576506215,23363,0.044232172515158444,0.012199999999999999,index_dividend_yield,0.065,11.5,65,23334.7,23360.55,23286.6,23270.6,mid_price,ok
2026-09-18T08:29:42.132113+00:00,2026-09-18T13:59:42.132113+05:30,NIFTY,29-Sep-2026,25300.0,PE,23331.7,1933.75,65,1942.5,65,1979.4,1938.125,450,-2,22,0.9897959183673469,35.86,,,,,,,,,,,,,,,0.03030878576506215,,,,,,11.5,65,23334.7,23360.55,23286.6,23270.6,mid_price,no_price_available
2026-09-18T08:29:42.132113+00:00,2026-09-18T13:59:42.132113+05:30,NIFTY,29-Sep-2026,25350.0,CE,23331.7,1.3,650,1.45,1885,1.3,1.375,350,-191,307,-3.7037037037037037,18.24,0.0054395554173457955,2.103516764709208e-05,-0.5400063771845706,0.6330414052756459,0.22029143761995987,-0.0018858341897075145,22.784738948150974,7.231412061911259e-08,0.0006417624869611224,-5.52705868645171e-06,-0.22368224876293274,99.7533060263662,-0.004956283855739658,1.7818979062063777e-05,0.03030878576506215,23363,0.044232172515158444,0.012199999999999999,index_dividend_yield,0.065,11.5,65,23334.7,23360.55,23286.6,23270.6,mid_price,ok
2026-09-18T08:29:42.132113+00:00,2026-09-18T13:59:42.132113+05:30,NIFTY,29-Sep-2026,25350.0,PE,23331.7,1975.35,130,2004.25,65,0.0,1989.8,16,0,0,0,6.15,,,,,,,,,,,,,,,0.03030878576506215,,,,,,11.5,65,23334.7,23360.55,23286.6,23270.6,mid_price,no_price_available
2026-09-18T08:29:42.132113+00:00,2026-09-18T13:59:42.132113+05:30,NIFTY,29-Sep-2026,25400.0,CE,23331.7,1.25,4940,1.3,4940,1.25,1.275,8574,-229,4932,-13.793103448275861,18.48,0.005021905237271235,1.9337542261092465e-05,-0.5092038579252985,0.5896096024789708,0.20472718747927865,-0.0017741537480049068,21.40576110604181,6.634154163339869e-08,0.0005973879519012943,-5.206247049162957e-06,-0.2121697869663438,99.21073587305554,-0.004566479102953935,1.6316485142299984e-05,0.03030878576506215,23363,0.044232172515158444,0.012199999999999999,index_dividend_yield,0.065,11.5,65,23334.7,23360.55,23286.6,23270.6,mid_price,ok
2026-09-18T08:29:42.132113+00:00,2026-09-18T13:59:42.132113+05:30,NIFTY,29-Sep-2026,25400.0,PE,23331.7,2032.55,65,2046.35,65,2044.4,2039.4499999999998,396,-1,2,-0.7572815533980582,31.79,,,,,,,,,,,,,,,0.03030878576506215,,,,,,11.5,65,23334.7,23360.55,23286.6,23270.6,mid_price,no_price_available
2026-09-18T08:29:42.132113+00:00,2026-09-18T13:59:42.132113+05:30,NIFTY,29-Sep-2026,25450.0,CE,23331.7,1.3,715,1.5,2665,1.25,1.4,628,3,73,-19.35483870967742,18.87,0.0049356579855738,1.864788676071194e-05,-0.5116051476897056,0.5805810127491705,0.19793079702684407,-0.001749980098446899,20.743309765879182,6.275642439092488e-08,0.0005674196973988065,-5.04421612402507e-06,-0.20966002712730225,97.33617409086784,-0.004478357685437842,1.567280813935178e-05,0.03030878576506215,23363,0.044232172515158444,0.012199999999999999,index_dividend_yield,0.065,11.5,65,23334.7,23360.55,23286.6,23270.6,mid_price,ok
2026-09-18T08:29:42.132113+00:00,2026-09-18T13:59:42.132113+05:30,NIFTY,29-Sep-2026,25450.0,PE,23331.7,2067.7,780,2136.5,65,0.0,2102.1,11,0,0,0,6.11,,,,,,,,,,,,,,,0.03030878576506215,,,,,,11.5,65,23334.7,23360.55,23286.6,23270.6,mid_price,no_price_available
2026-09-18T08:29:42.132113+00:00,2026-09-18T13:59:42.132113+05:30,NIFTY,29-Sep-2026,25500.0,CE,23331.7,1.45,68055,1.5,41535,1.5,1.475,49587,523,9539,-6.25,19.65,0.00563956903255985,2.016229661346784e-05,-0.5993242328507918,0.6536779859410548,0.21031622009956996,-0.0019346074037884127,21.645237725584188,6.38217163419333e-08,0.0005650112937092815,-5.226811287341015e-06,-0.22866666146839432,92.3455728823444,-0.005104151356379706,1.687922124902599e-05,0.03030878576506215,23363,0.044232172515158444,0.012199999999999999,index_dividend_yield,0.065,11.5,65,23334.7,23360.55,23286.6,23270.6,mid_price,ok
2026-09-18T08:29:42.132113+00:00,2026-09-18T13:59:42.132113+05:30,NIFTY,29-Sep-2026,25500.0,PE,23331.7,2138.6,65,2148.2,130,2148.35,2143.3999999999996,22183,-299,697,-0.5899773263615751,36.08,,,,,,,,,,,,,,,0.03030878576506215,,,,,,11.5,65,23334.7,23360.55,23286.6,23270.6,mid_price,no_price_available
2026-09-18T08:29:42.132113+00:00,2026-09-18T13:59:42.132113+05:30,NIFTY,29-Sep-2026,25550.0,CE,23331.7,1.3,845,1.45,2210,1.2,1.375,587,-117,269,4.3478260869565215,19.55,0.004598869006949671,1.689987949509469e-05,-0.4969868389332173,0.5451194459233514,0.18112788724501844,-0.0016565680458648189,19.161237627344562,5.536825918472704e-08,0.0005075785227762852,-4.665556975412318e-06,-0.19990433588113363,94.59757706947671,-0.004155192152278123,1.4092711657200461e-05,0.03030878576506215,23363,0.044232172515158444,0.012199999999999999,index_dividend_yield,0.065,11.5,65,23334.7,23360.55,23286.6,23270.6,mid_price,ok
2026-09-18T08:29:42.132113+00:00,2026-09-18T13:59:42.132113+05:30,NIFTY,29-Sep-2026,25550.0,PE,23331.7,2181.65,130,2211.2,130,0.0,2196.425,6,0,0,0,0,,,,,,,,,,,,,,,0.03030878576506215,,,,,,11.5,65,23334.7,23360.55,23286.6,23270.6,mid_price,no_price_available
2026-09-18T08:29:42.132113+00:00,2026-09-18T13:59:42.132113+05:30,NIFTY,29-Sep-2026,25600.0,CE,23331.7,1.3,195,1.4,2080,1.4,1.35,2119,-152,606,-3.4482758620689653,20.19,0.004989137565130762,1.7596842808759464e-05,-0.5515167165776176,0.5861818654501029,0.18667245179339276,-0.0017617601508160465,19.53528198632659,5.512176862886257e-08,0.0004992671401936684,-4.735948604816762e-06,-0.21088115871479493,90.94220267793794,-0.0044970731042193735,1.4616641362720876e-05,0.03030878576506215,23363,0.044232172515158444,0.012199999999999999,index_dividend_yield,0.065,11.5,65,23334.7,23360.55,23286.6,23270.6,mid_price,ok
2026-09-18T08:29:42.132113+00:00,2026-09-18T13:59:42.132113+05:30,NIFTY,29-Sep-2026,25600.0,PE,23331.7,2227.9,130,2250.3,65,2250,2239.1000000000004,470,-7,9,0,33.74,,,,,,,,,,,,,,,0.03030878576506215,,,,,,11.5,65,23334.7,23360.55,23286.6,23270.6,mid_price,no_price_available
2026-09-18T08:29:42.132113+00:00,2026-09-18T13:59:42.132113+05:30,NIFTY,29-Sep-2026,25650.0,CE,23331.7,1.3,910,1.4,65,1.3,1.35,851,-13,48,-13.333333333333334,20.5,0.004774367537626043,1.6664274714414552e-05,-0.5381261327840482,0.5636397098704019,0.17784355689378153,-0.0017030448284362507,18.72096714060095,5.1702213329330215e-08,0.0004721912607489647,-4.543750360728266e-06,-0.20476812130630312,89.94676008137701,-0.004294567880095519,1.3788100643107896e-05,0.03030878576506215,23363,0.044232172515158444,0.012199999999999999,index_dividend_yield,0.065,11.5,65,23334.7,23360.55,23286.6,23270.6,mid_price,ok
2026-09-18T08:29:42.132113+00:00,2026-09-18T13:59:42.132113+05:30,NIFTY,29-Sep-2026,25650.0,PE,23331.7,2147.75,780,2320.35,65,0.0,2234.05,1,0,0,0,13.42,,,,,,,,,,,,,,,0.03030878576506215,,,,,,11.5,65,23334.7,23360.55,23286.6,23270.6,mid_price,no_price_available
2026-09-18T08:29:42.132113+00:00,2026-09-18T13:59:42.132113+05:30,NIFTY,29-Sep-2026,25700.0,CE,23331.7,1.3,195,1.35,1495,1.25,1.3250000000000002,3178,-42,706,-7.407407407407407,20.79,0.00454157621446695,1.5715056385394114e-05,-0.5216344848622466,0.5390533360509275,0.16884083684240522,-0.001638646424077204,17.890917762107218,4.83881800966811e-08,0.0004459723607858866,-4.348343470694216e-06,-0.19802017044809223,89.11309960232866,-0.004076794270860565,1.2952167858049708e-05,0.03030878576506215,23363,0.044232172515158444,0.012199999999999999,index_dividend_yield,0.065,11.5,65,23334.7,23360.55,23286.6,23270.6,mid_price,ok
2026-09-18T08:29:42.132113+00:00,2026-09-18T13:59:42.132113+05:30,NIFTY,29-Sep-2026,25700.0,PE,23331.7,2331.4,65,2342.25,65,2349.15,2336.825,185,1,2,-3.723360655737705,36.27,,,,,,,,,,,,,,,0.03030878576506215,,,,,,11.5,65,23334.7,23360.55,23286.6,23270.6,mid_price,no_price_available
2026-09-18T08:29:42.132113+00:00,2026-09-18T13:59:42.132113+05:30,NIFTY,29-Sep-2026,25750.0,CE,23331.7,1.05,195,1.2,1365,0.95,1.125,124,11,105,-36.666666666666664,21.08,0.004326362527923364,1.4841093254657804e-05,-0.5061852966671319,0.5161759975058766,0.16048074516480068,-0.0015782592812246996,17.113072802404538,4.534762420467136e-08,0.0004216188394807528,-4.164750643229025e-06,-0.1916501839510993,88.28915869455663,-0.0038756539064459064,1.2184401305254065e-05,0.03030878576506215,23363,0.044232172515158444,0.012199999999999999,index_dividend_yield,0.065,11.5,65,23334.7,23360.55,23286.6,23270.6,mid_price,ok
2026-09-18T08:29:42.132113+00:00,2026-09-18T13:59:42.132113+05:30,NIFTY,29-Sep-2026,25750.0,PE,23331.7,2364.15,65,2420.7,780,0.0,2392.425,7,0,0,0,44.03,,,,,,,,,,,,,,,0.03030878576506215,,,,,,11.5,65,23334.7,23360.55,23286.6,23270.6,mid_price,no_price_available
2026-09-18T08:29:42.132113+00:00,2026-09-18T13:59:42.132113+05:30,NIFTY,29-Sep-2026,25800.0,CE,23331.7,1.15,325,1.25,130,1.15,1.2,4775,-92,761,-20.689655172413794,21.46,0.004266012614795066,1.4396369197440905e-05,-0.5085985525966846,0.5097344646294524,0.15598995881828306,-0.0015607865753285838,16.664485711600506,4.3264643092036846e-08,0.000403556644742297,-4.055148229945014e-06,-0.18979893839497908,86.85262147351382,-0.0038134621691830223,1.1773520138320985e-05,0.03030878576506215,23363,0.044232172515158444,0.012199999999999999,index_dividend_yield,0.065,11.5,65,23334.7,23360.55,23286.6,23270.6,mid_price,ok
2026-09-18T08:29:42.132113+00:00,2026-09-18T13:59:42.132113+05:30,NIFTY,29-Sep-2026,25800.0,PE,23331.7,2428.2,65,2443.6,65,2447,2435.8999999999996,322,1,4,-4.03921568627451,37.06,,,,,,,,,,,,,,,0.03030878576506215,,,,,,11.5,65,23334.7,23360.55,23286.6,23270.6,mid_price,no_price_available
2026-09-18T08:29:42.132113+00:00,2026-09-18T13:59:42.132113+05:30,NIFTY,29-Sep-2026,25850.0,CE,23331.7,1.1,455,1.4,5980,1.35,1.25,130,-5,19,-12.903225806451612,22.11,0.004632466432353397,1.5040518757751618e-05,-0.5636949481881294,0.5486720829734996,0.16131884276999064,-0.0016618960557431887,17.049445954882337,4.333199006802388e-08,0.0003993331473932704,-4.131847957800046e-06,-0.20046006671051042,83.69661982412141,-0.004131216514623344,1.2252775830777911e-05,0.03030878576506215,23363,0.044232172515158444,0.012199999999999999,index_dividend_yield,0.065,11.5,65,23334.7,23360.55,23286.6,23270.6,mid_price,wide_quote_low_liquidity
2026-09-18T08:29:42.132113+00:00,2026-09-18T13:59:42.132113+05:30,NIFTY,29-Sep-2026,25850.0,PE,23331.7,2463.15,780,2521.2,65,0.0,2492.175,0,0,0,0,0,,,,,,,,,,,,,,,0.03030878576506215,,,,,,11.5,65,23334.7,23360.55,23286.6,23270.6,mid_price,no_price_available
2026-09-18T08:29:42.132113+00:00,2026-09-18T13:59:42.132113+05:30,NIFTY,29-Sep-2026,25900.0,CE,23331.7,1.05,260,1.25,130,1.05,1.15,619,-26,142,-19.23076923076923,21.9,0.0037018534973031402,1.2424239167426821e-05,-0.45666855598547257,0.44892647993161233,0.13707614413084904,-0.001398165717019518,14.910391715590471,3.726210295135122e-08,0.00035590904578435413,-3.644015669366227e-06,-0.1723971308152517,86.21098581288314,-0.003296088206850428,1.0082379542912223e-05,0.03030878576506215,23363,0.044232172515158444,0.012199999999999999,index_dividend_yield,0.065,11.5,65,23334.7,23360.55,23286.6,23270.6,mid_price,wide_quote_low_liquidity
2026-09-18T08:29:42.132113+00:00,2026-09-18T13:59:42.132113+05:30,NIFTY,29-Sep-2026,25900.0,PE,23331.7,2358.15,780,2561.4,65,0.0,2459.775,72,0,0,0,52.11,,,,,,,,,,,,,,,0.03030878576506215,,,,,,11.5,65,23334.7,23360.55,23286.6,23270.6,mid_price,no_price_available
2026-09-18T08:29:42.132113+00:00,2026-09-18T13:59:42.132113+05:30,NIFTY,29-Sep-2026,25950.0,CE,23331.7,0.9,7995,1.1,65,1.05,1.0,147,-4,14,-8.695652173913043,22.38,0.003799851152714778,1.2445985266858751e-05,-0.4774943418565666,0.45956894077810523,0.13691495815652105,-0.001426306704427678,14.84414736975939,3.6372274238476234e-08,0.00034638509411598096,-3.6220120924880236e-06,-0.17543127912093104,84.18740248661555,-0.003375872687611529,1.0061143085638968e-05,0.03030878576506215,23363,0.044232172515158444,0.012199999999999999,index_dividend_yield,0.065,11.5,65,23334.7,23360.55,23286.6,23270.6,mid_price,wide_quote_low_liquidity
2026-09-18T08:29:42.132113+00:00,2026-09-18T13:59:42.132113+05:30,NIFTY,29-Sep-2026,25950.0,PE,23331.7,2404.3,780,2622,780,0.0,2513.15,1,0,0,0,13.83,,,,,,,,,,,,,,,0.03030878576506215,,,,,,11.5,65,23334.7,23360.55,23286.6,23270.6,mid_price,no_price_available
2026-09-18T08:29:42.132113+00:00,2026-09-18T13:59:42.132113+05:30,NIFTY,29-Sep-2026,26000.0,CE,23331.7,1.1,1755,1.15,15470,1.15,1.125,51132.61538461538,-223.6153846153846,6242,-11.538461538461538,22.75,0.0037486741917210466,1.209561603920268e-05,-0.4792964531144684,0.45401551939833373,0.13331585671808402,-0.0014110338360372107,14.478590988523248,3.481541998889624e-08,0.00033255318426811517,-3.5326183295065195e-06,-0.1737853489024725,82.93276371101032,-0.0033233968050716445,9.740338805047013e-06,0.03030878576506215,23363,0.044232172515158444,0.012199999999999999,index_dividend_yield,0.065,11.5,65,23334.7,23360.55,23286.6,23270.6,mid_price,ok
2026-09-18T08:29:42.132113+00:00,2026-09-18T13:59:42.132113+05:30,NIFTY,29-Sep-2026,26000.0,PE,23331.7,2637.1,65,2643,130,2643,2640.05,29655.53846153846,-293,464,-0.47072114479382415,40.75,,,,,,,,,,,,,,,0.03030878576506215,,,,,,11.5,65,23334.7,23360.55,23286.6,23270.6,mid_price,no_price_available
2026-09-18T08:29:42.132113+00:00,2026-09-18T13:59:42.132113+05:30,NIFTY,29-Sep-2026,26050.0,CE,23331.7,0.8,1755,1.1,390,0.8,0.9500000000000001,132,-7,52,-15.789473684210526,22.39,0.0028303616486427302,9.545361646440643e-06,-0.3662540265142277,0.35262068598991625,0.10878709998545041,-0.001132895200819226,12.225170197116553,2.8955804757930016e-08,0.0002882903513982373,-3.011355859341066e-06,-0.14327252160067772,86.31904914938742,-0.0025056473412350573,7.657194860623085e-06,0.03030878576506215,23363,0.044232172515158444,0.012199999999999999,index_dividend_yield,0.065,11.5,65,23334.7,23360.55,23286.6,23270.6,mid_price,wide_quote_low_liquidity
2026-09-18T08:29:42.132113+00:00,2026-09-18T13:59:42.132113+05:30,NIFTY,29-Sep-2026,26050.0,PE,23331.7,2497.05,780,2722.1,780,0.0,2609.575,4,0,0,0,18.06,,,,,,,,,,,,,,,0.03030878576506215,,,,,,11.5,65,23334.7,23360.55,23286.6,23270.6,mid_price,no_price_available
2026-09-18T08:29:42.132113+00:00,2026-09-18T13:59:42.132113+05:30,NIFTY,29-Sep-2026,26100.0,CE,23331.7,0.8,1690,1.15,1560,1.05,0.975,213,12,30,0,23.37,0.0035061772633049205,1.108886124768665e-05,-0.4632755433985987,0.42756974507732504,0.1232751851116278,-0.0013390380962638084,13.500066827085988,3.131399245968195e-08,0.000302661557644132,-3.298599394662062e-06,-0.16598725343195098,81.23295048292049,-0.0030957100778102914,8.861325748968297e-06,0.03030878576506215,23363,0.044232172515158444,0.012199999999999999,index_dividend_yield,0.065,11.5,65,23334.7,23360.55,23286.6,23270.6,mid_price,wide_quote_low_liquidity
2026-09-18T08:29:42.132113+00:00,2026-09-18T13:59:42.132113+05:30,NIFTY,29-Sep-2026,26100.0,PE,23331.7,2585.4,3380,2772.4,65,0.0,2678.9,144,0,0,0,0,,,,,,,,,,,,,,,0.03030878576506215,,,,,,11.5,65,23334.7,23360.55,23286.6,23270.6,mid_price,no_price_available
2026-09-18T08:29:42.132113+00:00,2026-09-18T13:59:42.132113+05:30,NIFTY,29-Sep-2026,26150.0,CE,23331.7,0.8,390,1.15,1365,1.2,0.975,97,0,26,0,24.06,0.0038672527169786087,1.1760824425136973e-05,-0.5205374116525732,0.46686863115197036,0.12923453735973872,-0.001444407265577949,13.98047581390871,3.181527433905579e-08,0.0003032914894542401,-3.401526471405809e-06,-0.17737675954593263,78.25211594587802,-0.003406367790425215,9.3623990371109e-06,0.03030878576506215,23363,0.044232172515158444,0.012199999999999999,index_dividend_yield,0.065,11.5,65,23334.7,23360.55,23286.6,23270.6,mid_price,wide_quote_low_liquidity
2026-09-18T08:29:42.132113+00:00,2026-09-18T13:59:42.132113+05:30,NIFTY,29-Sep-2026,26150.0,PE,23331.7,2589.85,780,2822.55,780,0.0,2706.2,1,0,0,0,19.21,,,,,,,,,,,,,,,0.03030878576506215,,,,,,11.5,65,23334.7,23360.55,23286.6,23270.6,mid_price,no_price_available
2026-09-18T08:29:42.132113+00:00,2026-09-18T13:59:42.132113+05:30,NIFTY,29-Sep-2026,26200.0,CE,23331.7,0.9,1430,0.95,1235,0.95,0.925,2409,-85,529,-20.833333333333332,23.86,0.003146573598833407,9.854213894773324e-06,-0.42880052696116255,0.38793032414864614,0.11101901204122995,-0.0012301512078526653,12.319521301813268,2.7616303231468145e-08,0.000271632777849158,-3.018909069680177e-06,-0.15406304276436722,80.33235130744752,-0.0027672145611089935,7.814697461663263e-06,0.03030878576506215,23363,0.044232172515158444,0.012199999999999999,index_dividend_yield,0.065,11.5,65,23334.7,23360.55,23286.6,23270.6,mid_price,ok
2026-09-18T08:29:42.132113+00:00,2026-09-18T13:59:42.132113+05:30,NIFTY,29-Sep-2026,26200.0,PE,23331.7,2809.25,780,2995.3,1690,0.0,2902.275,570,0,0,0,0,,,,,,,,,,,,,,,0.03030878576506215,23363,0.044232172515158444,0.012199999999999999,index_dividend_yield,0.065,11.5,65,23334.7,23360.55,23286.6,23270.6,mid_price,no_nse_iv
2026-09-18T08:29:42.132113+00:00,2026-09-18T13:59:42.132113+05:30,NIFTY,29-Sep-2026,26250.0,CE,23331.7,0.75,1365,1.1,2665,0.95,0.925,30,-13,15,-17.391304347826086,24.22,0.003108704042922901,9.602503702531491e-06,-0.43038081314731225,0.3837248520194002,0.10836312704175623,-0.0012183082243408016,12.042360070926739,2.653743833052775e-08,0.0002616990908957681,-2.950841667022789e-06,-0.15275612700357516,79.23431163933049,-0.0027282265455680797,7.586101253582542e-06,0.03030878576506215,23363,0.044232172515158444,0.012199999999999999,index_dividend_yield,0.065,11.5,65,23334.7,23360.55,23286.6,23270.6,mid_price,wide_quote_low_liquidity
2026-09-18T08:29:42.132113+00:00,2026-09-18T13:59:42.132113+05:30,NIFTY,29-Sep-2026,26250.0,PE,23331.7,2858.75,780,2923.25,65,0.0,2891.0,0,0,0,0,0,,,,,,,,,,,,,,,0.03030878576506215,,,,,,11.5,65,23334.7,23360.55,23286.6,23270.6,mid_price,no_price_available
2026-09-18T08:29:42.132113+00:00,2026-09-18T13:59:42.132113+05:30,NIFTY,29-Sep-2026,26300.0,CE,23331.7,0.8,845,0.9,1690,0.9,0.8500000000000001,1984,-16,278,-10,24.44,0.0029274069494651784,9.014626777348329e-06,-0.4112581183074857,0.36350489003816283,0.10246514306739424,-0.0011620254891348777,11.468968412123276,2.4867240648242792e-08,0.0002475293287913137,-2.814889595707973e-06,-0.1465183130377687,78.93212729482829,-0.002564108853499639,7.094618075772346e-06,0.03030878576506215,23363,0.044232172515158444,0.012199999999999999,index_dividend_yield,0.065,11.5,65,23334.7,23360.55,23286.6,23270.6,mid_price,ok
2026-09-18T08:29:42.132113+00:00,2026-09-18T13:59:42.132113+05:30,NIFTY,29-Sep-2026,26300.0,PE,23331.7,2926,65,2944.1,65,2949,2935.05,1225,-4,5,-2.3509933774834435,43.25,,,,,,,,,,,,,,,0.03030878576506215,,,,,,11.5,65,23334.7,23360.55,23286.6,23270.6,mid_price,no_price_available
2026-09-18T08:29:42.132113+00:00,2026-09-18T13:59:42.132113+05:30,NIFTY,29-Sep-2026,26350.0,CE,23331.7,0.65,130,0.95,715,0.9,0.8,43,-19,51,-25,24.8,0.0028974132661985464,8.801669603084901e-06,-0.41330549401006234,0.36014554589450576,0.10018730302079017,-0.00115245959876966,11.227718494762895,2.3945663175922758e-08,0.00023889920317850214,-2.755423576157334e-06,-0.14545342207611806,77.86773569688549,-0.0025325775363599077,6.900754703901425e-06,0.03030878576506215,23363,0.044232172515158444,0.012199999999999999,index_dividend_yield,0.065,11.5,65,23334.7,23360.55,23286.6,23270.6,mid_price,wide_quote_low_liquidity
2026-09-18T08:29:42.132113+00:00,2026-09-18T13:59:42.132113+05:30,NIFTY,29-Sep-2026,26350.0,PE,23331.7,2957.5,780,3023.6,65,0.0,2990.55,0,0,0,0,0,,,,,,,,,,,,,,,0.03030878576506215,,,,,,11.5,65,23334.7,23360.55,23286.6,23270.6,mid_price,no_price_available
2026-09-18T08:29:42.132113+00:00,2026-09-18T13:59:42.132113+05:30,NIFTY,29-Sep-2026,26400.0,CE,23331.7,0.7,130,0.8,195,0.75,0.75,290,-17,73,-16.666666666666668,24.55,0.0023124825786777323,7.25226289050102e-06,-0.33363156444924885,0.29375572565179014,0.08468608869142469,-0.0009641590009154231,9.7412333475827,2.0491553883221195e-08,0.0002109447414600032,-2.4070438728023315e-06,-0.12420531959176559,80.13745293542398,-0.0020182151399826963,5.664459188673186e-06,0.03030878576506215,23363,0.044232172515158444,0.012199999999999999,index_dividend_yield,0.065,11.5,65,23334.7,23360.55,23286.6,23270.6,mid_price,ok
2026-09-18T08:29:42.132113+00:00,2026-09-18T13:59:42.132113+05:30,NIFTY,29-Sep-2026,26400.0,PE,23331.7,3006.75,780,3073.7,65,0.0,3040.225,52,0,0,0,0,,,,,,,,,,,,,,,0.03030878576506215,,,,,,11.5,65,23334.7,23360.55,23286.6,23270.6,mid_price,no_price_available
2026-09-18T08:29:42.132113+00:00,2026-09-18T13:59:42.132113+05:30,NIFTY,29-Sep-2026,26450.0,CE,23331.7,0.75,1495,1.45,585,0.0,1.1,42,0,0,0,19.27,0.00011899938661360343,5.954350293087322e-07,-0.016885645759042944,0.018931167599114826,0.00897278396152823,-8.060551469850228e-05,1.3391932808441835,2.872220759276543e-09,3.902621910961103e-05,-3.501775771602481e-07,-0.012894714365505069,124.23474040231999,-0.00010412512308560609,4.6331439630664503e-07,0.03030878576506215,23363,0.044232172515158444,0.012199999999999999,index_dividend_yield,0.065,11.5,65,23334.7,23360.55,23286.6,23270.6,mid_price,wide_quote_low_liquidity
2026-09-18T08:29:42.132113+00:00,2026-09-18T13:59:42.132113+05:30,NIFTY,29-Sep-2026,26450.0,PE,23331.7,3056.45,780,3124.15,65,0.0,3090.3,0,0,0,0,0,,,,,,,,,,,,,,,0.03030878576506215,,,,,,11.5,65,23334.7,23360.55,23286.6,23270.6,mid_price,no_price_available
2026-09-18T08:29:42.132113+00:00,2026-09-18T13:59:42.132113+05:30,NIFTY,29-Sep-2026,26500.0,CE,23331.7,0.6,41470,0.65,6890,0.65,0.625,13014,-184,2282,-13.333333333333334,25.24,0.0022592611093302287,6.906800083708016e-06,-0.3356196367867325,0.2876256024621425,0.0808943135254998,-0.0009461707428728495,9.329523284325209,1.9015056667129442e-08,0.00019666081719077618,-2.3050782574869596e-06,-0.12214492777591016,78.12016765221504,-0.0019636846013907803,5.353994305786026e-06,0.03030878576506215,23363,0.044232172515158444,0.012199999999999999,index_dividend_yield,0.065,11.5,65,23334.7,23360.55,23286.6,23270.6,mid_price,ok
2026-09-18T08:29:42.132113+00:00,2026-09-18T13:59:42.132113+05:30,NIFTY,29-Sep-2026,26500.0,PE,23331.7,3126.05,130,3138.7,65,3126,3132.375,12817,-116,126,-1.0853399993671486,40.01,,,,,,,,,,,,,,,0.03030878576506215,,,,,,11.5,65,23334.7,23360.55,23286.6,23270.6,mid_price,no_price_available
2026-09-18T08:29:42.132113+00:00,2026-09-18T13:59:42.132113+05:30,NIFTY,29-Sep-2026,26550.0,CE,23331.7,0.6,1495,0.95,3120,0.0,0.7749999999999999,68,0,0,0,26.21,0.0027680113652461765,7.991920301652268e-06,-0.4185937804660446,0.34560456507801685,0.09153328981460025,-0.0011111127866894953,10.313296486756496,2.064976548023513e-08,0.00020799223760448597,-2.5307858364670644e-06,-0.14083505800977297,74.01315023607353,-0.00239961696996152,6.17184286915254e-06,0.03030878576506215,23363,0.044232172515158444,0.012199999999999999,index_dividend_yield,0.065,11.5,65,23334.7,23360.55,23286.6,23270.6,mid_price,wide_quote_low_liquidity
2026-09-18T08:29:42.132113+00:00,2026-09-18T13:59:42.132113+05:30,NIFTY,29-Sep-2026,26550.0,PE,23331.7,3155.3,780,3224.6,65,0.0,3189.95,0,0,0,0,0,,,,,,,,,,,,,,,0.03030878576506215,,,,,,11.5,65,23334.7,23360.55,23286.6,23270.6,mid_price,no_price_available
2026-09-18T08:29:42.132113+00:00,2026-09-18T13:59:42.132113+05:30,NIFTY,29-Sep-2026,26600.0,CE,23331.7,0.75,975,0.9,1365,0.75,0.825,580,-14,14,-11.764705882352942,26.09,0.0023386556220368116,6.894084276620683e-06,-0.35770518561109277,0.2967645167496781,0.08047739767227816,-0.0009722559961694648,9.245378963647216,1.8265343295627577e-08,0.00018834820944907933,-2.2801461583596743e-06,-0.12513049925291225,75.39332275966454,-0.002024100603233867,5.304031347032142e-06,0.03030878576506215,23363,0.044232172515158444,0.012199999999999999,index_dividend_yield,0.065,11.5,65,23334.7,23360.55,23286.6,23270.6,mid_price,wide_quote_low_liquidity
2026-09-18T08:29:42.132113+00:00,2026-09-18T13:59:42.132113+05:30,NIFTY,29-Sep-2026,26600.0,PE,23331.7,3204.7,780,3274.85,65,0.0,3239.7749999999996,0,0,0,0,0,,,,,,,,,,,,,,,0.03030878576506215,,,,,,11.5,65,23334.7,23360.55,23286.6,23270.6,mid_price,no_price_available
2026-09-18T08:29:42.132113+00:00,2026-09-18T13:59:42.132113+05:30,NIFTY,29-Sep-2026,26650.0,CE,23331.7,0.65,1430,1.2,130,0.0,0.925,17,0,0,0,26.63,0.0024718463398126773,7.101443113539544e-06,-0.3837453949615947,0.31201759431724363,0.08241200300731165,-0.0010158259420502132,9.408137462467186,1.8298941408215983e-08,0.00018745484868687003,-2.3154458248694853e-06,-0.13009176139697531,73.54883757004743,-0.0021346431548967793,5.44308295199721e-06,0.03030878576506215,23363,0.044232172515158444,0.012199999999999999,index_dividend_yield,0.065,11.5,65,23334.7,23360.55,23286.6,23270.6,mid_price,wide_quote_low_liquidity
2026-09-18T08:29:42.132113+00:00,2026-09-18T13:59:42.132113+05:30,NIFTY,29-Sep-2026,26650.0,PE,23331.7,3254.15,780,3325.1,65,0.0,3289.625,0,0,0,0,0,,,,,,,,,,,,,,,0.03030878576506215,,,,,,11.5,65,23334.7,23360.55,23286.6,23270.6,mid_price,no_price_available
2026-09-18T08:29:42.132113+00:00,2026-09-18T13:59:42.132113+05:30,NIFTY,29-Sep-2026,26700.0,CE,23331.7,0.65,1365,1.3,130,0.0,0.9750000000000001,41,0,0,0,27.28,0.00270072783928069,7.509777537137121e-06,-0.42571754030445097,0.3380124860267039,0.08631182343847077,-0.001089401793245313,9.753028221345938,1.8673748830554912e-08,0.00018915441582704692,-2.3926578427476202e-06,-0.13839957056115365,71.29345795927527,-0.002326918496142618,5.73452323249047e-06,0.03030878576506215,23363,0.044232172515158444,0.012199999999999999,index_dividend_yield,0.065,11.5,65,23334.7,23360.55,23286.6,23270.6,mid_price,wide_quote_low_liquidity
2026-09-18T08:29:42.132113+00:00,2026-09-18T13:59:42.132113+05:30,NIFTY,29-Sep-2026,26700.0,PE,23331.7,3303.6,780,3375.35,65,0.0,3339.475,0,0,0,0,0,,,,,,,,,,,,,,,0.03030878576506215,,,,,,11.5,65,23334.7,23360.55,23286.6,23270.6,mid_price,no_price_available
2026-09-18T08:29:42.132113+00:00,2026-09-18T13:59:42.132113+05:30,NIFTY,29-Sep-2026,26750.0,CE,23331.7,0.7,715,1.25,195,0.7,0.975,101,-21,22,-36.36363636363637,26.95,0.0021411685040007957,6.161337299943515e-06,-0.340810481101043,0.27396498468459407,0.07266518319309152,-0.0009059912836920178,8.430913122536687,1.5949445448478623e-08,0.00016674035727390693,-2.0826478548282427e-06,-0.11752235420430482,73.54123967988255,-0.0018421605189463443,4.6872722493406195e-06,0.03030878576506215,23363,0.044232172515158444,0.012199999999999999,index_dividend_yield,0.065,11.5,65,23334.7,23360.55,23286.6,23270.6,mid_price,wide_quote_low_liquidity
2026-09-18T08:29:42.132113+00:00,2026-09-18T13:59:42.132113+05:30,NIFTY,29-Sep-2026,26750.0,PE,23331.7,3354,780,3706.95,780,0.0,3530.475,1,0,0,0,18.46,-0.9996162578297452,8.250913472523743e-08,3.972613583848515,0.002513014732000335,0.0014158293532018362,-4.5658603179510315e-05,0.2408370554360388,4.83264606578678e-10,7.458893433237397e-06,-6.431795028728823e-08,-0.002198990365732477,-6.91191707298249,0.9980197043575688,6.276929158191952e-08,0.03030878576506215,23363,0.044232172515158444,0.012199999999999999,index_dividend_yield,0.065,11.5,65,23334.7,23360.55,23286.6,23270.6,mid_price,ok
2026-09-18T08:29:42.132113+00:00,2026-09-18T13:59:42.132113+05:30,NIFTY,29-Sep-2026,26800.0,CE,23331.7,0.65,1430,1.2,130,0.0,0.925,35,0,0,0,27.22,0.0020707140753746626,5.917866238647015e-06,-0.33384359711460015,0.2657752716026419,0.07006002427813401,-0.0008820167938390331,8.158832427519497,1.5220844770855606e-08,0.00015992278134087856,-2.016763187928079e-06,-0.1147504944084484,73.01687943225339,-0.0017780450313405077,4.485267235838628e-06,0.03030878576506215,23363,0.044232172515158444,0.012199999999999999,index_dividend_yield,0.065,11.5,65,23334.7,23360.55,23286.6,23270.6,mid_price,wide_quote_low_liquidity
2026-09-18T08:29:42.132113+00:00,2026-09-18T13:59:42.132113+05:30,NIFTY,29-Sep-2026,26800.0,PE,23331.7,3193,780,3475.85,65,0.0,3334.425,21,0,0,0,0,,,,,,,,,,,,,,,0.03030878576506215,,,,,,11.5,65,23334.7,23360.55,23286.6,23270.6,mid_price,no_price_available
2026-09-18T08:29:42.132113+00:00,2026-09-18T13:59:42.132113+05:30,NIFTY,29-Sep-2026,26850.0,CE,23331.7,0.6,1430,0.8,845,0.8,0.7,52,-1,16,-20,27.97,0.002347143717872082,6.451825862801351e-06,-0.38417274982345045,0.2977394684248901,0.07536975546542334,-0.0009745745107578645,8.655082004487003,1.5899691806152772e-08,0.00016447915310057663,-2.130714682517541e-06,-0.12539501010884616,70.36797451896425,-0.0020106002838501803,4.871770533216211e-06,0.03030878576506215,23363,0.044232172515158444,0.012199999999999999,index_dividend_yield,0.065,11.5,65,23334.7,23360.55,23286.6,23270.6,mid_price,wide_quote_low_liquidity
2026-09-18T08:29:42.132113+00:00,2026-09-18T13:59:42.132113+05:30,NIFTY,29-Sep-2026,26850.0,PE,23331.7,3451.9,780,3526.1,65,0.0,3489.0,0,0,0,0,0,,,,,,,,,,,,,,,0.03030878576506215,,,,,,11.5,65,23334.7,23360.55,23286.6,23270.6,mid_price,no_price_available
2026-09-18T08:29:42.132113+00:00,2026-09-18T13:59:42.132113+05:30,NIFTY,29-Sep-2026,26900.0,CE,23331.7,0.8,650,1.15,195,0.65,0.975,91,-8,19,-45.833333333333336,27.77,0.0019478417213966738,5.4873083230905425e-06,-0.32202100498389097,0.251418104678644,0.06541446292250877,-0.0008397242526106216,7.669130056602135,1.3921628362669074e-08,0.00014761819859751378,-1.8978776831108297e-06,-0.10983478351592998,71.93898942962173,-0.001665974816443267,4.128074917794005e-06,0.03030878576506215,23363,0.044232172515158444,0.012199999999999999,index_dividend_yield,0.065,11.5,65,23334.7,23360.55,23286.6,23270.6,mid_price,wide_quote_low_liquidity
2026-09-18T08:29:42.132113+00:00,2026-09-18T13:59:42.132113+05:30,NIFTY,29-Sep-2026,26900.0,PE,23331.7,3501.4,780,3723.55,780,0.0,3612.4750000000004,1,0,0,0,0,,,,,,,,,,,,,,,0.03030878576506215,23363,0.044232172515158444,0.012199999999999999,index_dividend_yield,0.065,11.5,65,23334.7,23360.55,23286.6,23270.6,mid_price,no_nse_iv
2026-09-18T08:29:42.132113+00:00,2026-09-18T13:59:42.132113+05:30,NIFTY,29-Sep-2026,26950.0,CE,23331.7,0.7,130,0.8,520,0.75,0.75,43,-4,5,-37.5,28.47,0.002173736036240233,5.912762964214202e-06,-0.36459095503074473,0.2777405181075382,0.06968163183184903,-0.0009166694893521267,8.07119729970604,1.4436154086279642e-08,0.00015105399962670932,-1.9903989806690516e-06,-0.11875338213071138,69.58036853833919,-0.0018548445109831712,4.431652485052193e-06,0.03030878576506215,23363,0.044232172515158444,0.012199999999999999,index_dividend_yield,0.065,11.5,65,23334.7,23360.55,23286.6,23270.6,mid_price,ok
2026-09-18T08:29:42.132113+00:00,2026-09-18T13:59:42.132113+05:30,NIFTY,29-Sep-2026,26950.0,PE,23331.7,3550.85,780,3626.6,65,0.0,3588.725,0,0,0,0,0,,,,,,,,,,,,,,,0.03030878576506215,,,,,,11.5,65,23334.7,23360.55,23286.6,23270.6,mid_price,no_price_available
2026-09-18T08:29:42.132113+00:00,2026-09-18T13:59:42.132113+05:30,NIFTY,29-Sep-2026,27000.0,CE,23331.7,0.85,3705,0.95,5200,0.95,0.8999999999999999,25985,235,1868,-5,29.3,0.0025086799026662328,6.541224970479384e-06,-0.4270702160098143,0.3162190368079433,0.07590717685933496,-0.001027231760299921,8.650898740793721,1.5243253542351233e-08,0.00015662184486463636,-2.123350608841835e-06,-0.13138499421318306,66.8505315326907,-0.002135415005828093,4.88454736047463e-06,0.03030878576506215,23363,0.044232172515158444,0.012199999999999999,index_dividend_yield,0.065,11.5,65,23334.7,23360.55,23286.6,23270.6,mid_price,ok
2026-09-18T08:29:42.132113+00:00,2026-09-18T13:59:42.132113+05:30,NIFTY,29-Sep-2026,27000.0,PE,23331.7,3637.4,65,3649.05,65,3647.8,3643.2250000000004,22934.46153846154,-30,875,-0.21337126600284495,54,,,,,,,,,,,,,,,0.03030878576506215,,,,,,11.5,65,23334.7,23360.55,23286.6,23270.6,mid_price,no_price_available
2026-09-18T08:29:42.132113+00:00,2026-09-18T13:59:42.132113+05:30,NIFTY,29-Sep-2026,27050.0,CE,23331.7,0.75,65,0.95,6630,0.6,0.85,180,0,5,-33.333333333333336,28.56,0.0017663554667401344,4.88161099919618e-06,-0.3027844164985732,0.23002904539091593,0.05882888532670509,-0.000776104542764794,6.970265068247771,1.2164130596935269e-08,0.00013082498562905662,-1.7281433753595925e-06,-0.10237508631049683,70.51546763045745,-0.0015019458638547616,3.631795592110078e-06,0.03030878576506215,23363,0.044232172515158444,0.012199999999999999,index_dividend_yield,0.065,11.5,65,23334.7,23360.55,23286.6,23270.6,mid_price,wide_quote_low_liquidity
2026-09-18T08:29:42.132113+00:00,2026-09-18T13:59:42.132113+05:30,NIFTY,29-Sep-2026,27050.0,PE,23331.7,3649.75,780,3727.1,780,0.0,3688.425,0,0,0,0,0,,,,,,,,,,,,,,,0.03030878576506215,,,,,,11.5,65,23334.7,23360.55,23286.6,23270.6,mid_price,no_price_available
2026-09-18T08:29:42.132113+00:00,2026-09-18T13:59:42.132113+05:30,NIFTY,29-Sep-2026,27100.0,CE,23331.7,0.6,1430,0.8,390,0.55,0.7,211,-7,76,-31.25,28.66,0.00162111562581321,4.499007295388045e-06,-0.28095069012294477,0.21274246579986286,0.054708654062374996,-0.0007241601010372737,6.541324741083376,1.1276947163882037e-08,0.00012263250897128302,-1.625101580827125e-06,-0.09622315705477766,70.74199581457052,-0.0013759674107637458,3.3348083701985927e-06,0.03030878576506215,23363,0.044232172515158444,0.012199999999999999,index_dividend_yield,0.065,11.5,65,23334.7,23360.55,23286.6,23270.6,mid_price,wide_quote_low_liquidity
2026-09-18T08:29:42.132113+00:00,2026-09-18T13:59:42.132113+05:30,NIFTY,29-Sep-2026,27100.0,PE,23331.7,3699.2,780,3777.35,780,0.0,3738.2749999999996,0,0,0,0,0,,,,,,,,,,,,,,,0.03030878576506215,,,,,,11.5,65,23334.7,23360.55,23286.6,23270.6,mid_price,no_price_available
2026-09-18T08:29:42.132113+00:00,2026-09-18T13:59:42.132113+05:30,NIFTY,29-Sep-2026,27150.0,CE,23331.7,0.55,130,1.1,1300,1.95,0.8250000000000001,130,1,19,143.75,32.76,0.004647353634949824,1.0180076837269765e-05,-0.8300658949226721,0.5502451892688724,0.10990777919737439,-0.0016607716454190408,11.611174025110804,1.9538640243359952e-08,0.00018374121286859717,-2.7837776453907956e-06,-0.20033811168686594,56.77376893927266,-0.003923417616600843,7.518031747977231e-06,0.03030878576506215,23363,0.044232172515158444,0.012199999999999999,index_dividend_yield,0.065,11.5,65,23334.7,23360.55,23286.6,23270.6,mid_price,wide_quote_low_liquidity
2026-09-18T08:29:42.132113+00:00,2026-09-18T13:59:42.132113+05:30,NIFTY,29-Sep-2026,27150.0,PE,23331.7,3748.65,780,3827.6,780,0.0,3788.125,0,0,0,0,0,,,,,,,,,,,,,,,0.03030878576506215,,,,,,11.5,65,23334.7,23360.55,23286.6,23270.6,mid_price,no_price_available
2026-09-18T08:29:42.132113+00:00,2026-09-18T13:59:42.132113+05:30,NIFTY,29-Sep-2026,27200.0,CE,23331.7,0.75,260,0.85,390,0.8,0.8,1260,138,355,-20,30.49,0.0023027078634564936,5.8170352446634766e-06,-0.41088528714056516,0.29263106284925855,0.06820203039245445,-0.0009595218915360909,7.848942187275942,1.3142395522312123e-08,0.00013694298310118326,-1.92958296431757e-06,-0.12367389038810744,64.73016613608492,-0.0019447091274770187,4.2801269872675486e-06,0.03030878576506215,23363,0.044232172515158444,0.012199999999999999,index_dividend_yield,0.065,11.5,65,23334.7,23360.55,23286.6,23270.6,mid_price,ok
2026-09-18T08:29:42.132113+00:00,2026-09-18T13:59:42.132113+05:30,NIFTY,29-Sep-2026,27200.0,PE,23331.7,3798.15,780,3877.9,780,0.0,3838.025,0,0,0,0,0,,,,,,,,,,,,,,,0.03030878576506215,,,,,,11.5,65,23334.7,23360.55,23286.6,23270.6,mid_price,no_price_available
2026-09-18T08:29:42.132113+00:00,2026-09-18T13:59:42.132113+05:30,NIFTY,29-Sep-2026,28500.0,CE,23331.7,0.4,3705,0.45,26000,0.4,0.42500000000000004,7950,-7,798,-20,36.8,0.0010837393152706683,2.4249232720863775e-06,-0.24846448922246595,0.14723366584060582,0.030833370401439523,-0.0005215411189375058,3.84006947957162,4.897394367676134e-09,5.665496022600291e-05,-9.583109748027403e-07,-0.07162888577274701,56.98854919217487,-0.0008716416324667645,1.6251784267406738e-06,0.03030878576506215,23363,0.044232172515158444,0.012199999999999999,index_dividend_yield,0.065,11.5,65,23334.7,23360.55,23286.6,23270.6,mid_price,ok
2026-09-18T08:29:42.132113+00:00,2026-09-18T13:59:42.132113+05:30,NIFTY,29-Sep-2026,28500.0,PE,23331.7,5127.2,65,5144.3,65,5137.7,5135.75,6396,-54,176,-0.31916028831136073,63.85,,,,,,,,,,,,,,,0.03030878576506215,,,,,,11.5,65,23334.7,23360.55,23286.6,23270.6,mid_price,no_price_available
2026-09-18T08:29:42.132113+00:00,2026-09-18T13:59:42.132113+05:30,NIFTY,29-Sep-2026,30000.0,CE,23331.7,0.6,260,0.7,1560,0.65,0.6499999999999999,4164.692307692308,-60.38461538461539,171,-7.142857142857143,46.78,0.0012372694967478775,2.1536915338824833e-06,-0.3555189812553844,0.16622832300034826,0.02718768399365243,-0.0005825893687959847,3.3420594277486644,3.3483905386379964e-09,3.869614427707796e-05,-8.28970902556342e-07,-0.07914849966390647,44.59943675530564,-0.0009406778973880271,1.3026680414002538e-06,0.03030878576506215,23363,0.044232172515158444,0.012199999999999999,index_dividend_yield,0.065,11.5,65,23334.7,23360.55,23286.6,23270.6,mid_price,wide_quote_low_liquidity
2026-09-18T08:29:42.132113+00:00,2026-09-18T13:59:42.132113+05:30,NIFTY,29-Sep-2026,30000.0,PE,23331.7,6628.7,325,6665.75,65,6670,6647.225,2106,-1,15,0,86.3,,,,,,,,,,,,,,,0.03030878576506215,,,,,,11.5,65,23334.7,23360.55,23286.6,23270.6,mid_price,no_price_available
2026-09-18T08:29:42.132113+00:00,2026-09-18T13:59:42.132113+05:30,NIFTY,29-Sep-2026,31500.0,CE,23331.7,0.35,5655,0.7,455,0.6,0.5249999999999999,242,0,20,0,54.67,0.001002286155096707,1.5193994722796045e-06,-0.3419171085306213,0.13705104467278628,0.019654806911721275,-0.0004913635134626891,2.466472934022329,2.0536433525521307e-09,2.4564797007161068e-05,-6.136611862945231e-07,-0.06787454760166897,38.885891597402974,-0.0007232909186620918,8.335729842516006e-07,0.03030878576506215,23363,0.044232172515158444,0.012199999999999999,index_dividend_yield,0.065,11.5,65,23334.7,23360.55,23286.6,23270.6,mid_price,wide_quote_low_liquidity
2026-09-18T08:29:42.132113+00:00,2026-09-18T13:59:42.132113+05:30,NIFTY,29-Sep-2026,31500.0,PE,23331.7,,0,8675.15,1690,0.0,,0,0,0,0,0,,,,,,,,,,,,,,,0.03030878576506215,,,,,,11.5,65,23334.7,23360.55,23286.6,23270.6,none,no_price_available
2026-09-18T08:29:42.132113+00:00,2026-09-18T13:59:42.132113+05:30,NIFTY,29-Sep-2026,33000.0,CE,23331.7,0.5,1625,0.6,390,0.6,0.55,514,-24,50,9.090909090909092,62.38,0.0008936477724370372,1.198430491265104e-06,-0.3506635408236514,0.12334442527187793,0.015733205829620903,-0.00044825279327311094,1.9960339060976426,1.4285428881108415e-09,1.7472415940360132e-05,-4.972988944891301e-07,-0.06246210468968545,34.47366447148752,-0.0006135000876626101,5.990702288191324e-07,0.03030878576506215,23363,0.044232172515158444,0.012199999999999999,index_dividend_yield,0.065,11.5,65,23334.7,23360.55,23286.6,23270.6,mid_price,wide_quote_low_liquidity
2026-09-18T08:29:42.132113+00:00,2026-09-18T13:59:42.132113+05:30,NIFTY,29-Sep-2026,33000.0,PE,23331.7,,0,10215,3380,0.0,,0,0,0,0,0,,,,,,,,,,,,,,,0.03030878576506215,,,,,,11.5,65,23334.7,23360.55,23286.6,23270.6,none,no_price_available
2026-09-18T08:29:42.132113+00:00,2026-09-18T13:59:42.132113+05:30,NIFTY,29-Sep-2026,34500.0,CE,23331.7,0.3,7475,0.45,1365,0.3,0.375,151,0,29,-33.333333333333336,66.18,0.00044445194381391223,5.927686330956685e-07,-0.19504738307447,0.06472518232660258,0.00827962274119778,-0.00025033925668400074,1.1176931051747467,7.088417468988319e-10,9.340330976927232e-06,-2.819266374414612e-07,-0.036733999081068544,34.09803775298089,-0.0002917594678605034,2.711064134163079e-07,0.03030878576506215,23363,0.044232172515158444,0.012199999999999999,index_dividend_yield,0.065,11.5,65,23334.7,23360.55,23286.6,23270.6,mid_price,wide_quote_low_liquidity
2026-09-18T08:29:42.132113+00:00,2026-09-18T13:59:42.132113+05:30,NIFTY,29-Sep-2026,34500.0,PE,0,,0,,0,0.0,,0,0,0,0,0,,,,,,,,,,,,,,,0.03030878576506215,,,,,,11.5,65,23334.7,23360.55,23286.6,23270.6,none,no_price_available
