fetch_ts_utc,fetch_ts_ist,symbol,expiry_date,strike,option_type,underlying_value,bid_price,bid_qty,ask_price,ask_qty,ltp,mid_price,open_interest,change_in_oi,total_traded_volume,pchange_vs_prev_close,nse_iv,delta,gamma,theta,vega,vanna,charm,vomma,speed,zomma,color,veta,omega,dual_delta,dual_gamma,time_to_expiry_years,futures_price,implied_cost_of_carry,dividend_yield_used,dividend_yield_source,risk_free_rate_used,india_vix,lot_size,underlying_day_open,underlying_day_high,underlying_day_low,underlying_prev_close,price_source_for_iv,data_quality_flag
2026-09-16T08:50:21.908876+00:00,2026-09-16T14:20:21.908876+05:30,NIFTY,29-Sep-2026,15000.0,CE,23231.2,,0,8700.4,1690,0.0,,0,0,0,0,0,,,,,,,,,,,,,,,0.035748924756595635,,,,,,13.11,65,23201.6,23284.75,23116.1,23118.6,none,no_price_available
2026-09-16T08:50:21.908876+00:00,2026-09-16T14:20:21.908876+05:30,NIFTY,29-Sep-2026,15000.0,PE,23231.2,0.9,1755,1.4,65,0.0,1.15,1427,0,0,0,77.73,-0.0010959315585344302,1.0725951400693587e-06,-0.4752390402752086,0.16085359209093317,-0.013737352165252683,0.00040563665012807834,1.84808643621083,-1.0100398293522159e-09,1.0943368177614715e-05,-3.2244019636773193e-07,-0.06074658292186586,-23.471922276722385,0.0017696331450633214,2.5727441192458704e-06,0.035748924756595635,23288,0.06830984909836378,0.0123,index_dividend_yield,0.065,13.11,65,23201.6,23284.75,23116.1,23118.6,mid_price,wide_quote_low_liquidity
2026-09-16T08:50:21.908876+00:00,2026-09-16T14:20:21.908876+05:30,NIFTY,29-Sep-2026,16500.0,CE,23231.2,,0,6906.2,780,0.0,,0,0,0,0,0,,,,,,,,,,,,,,,0.035748924756595635,,,,,,13.11,65,23201.6,23284.75,23116.1,23118.6,none,no_price_available
2026-09-16T08:50:21.908876+00:00,2026-09-16T14:20:21.908876+05:30,NIFTY,29-Sep-2026,16500.0,PE,23231.2,0.55,1950,0.75,1300,0.7,0.65,2034,0,43,27.272727272727273,59.93,-0.000991296182247012,1.2688405045641104e-06,-0.3334541458245106,0.14670927903618033,-0.016605120241906163,0.0003771802421298577,2.2556938975744623,-1.5494993528726739e-09,1.7391433183579658e-05,-3.940637778575431e-07,-0.05687159080555528,-30.95465505213839,0.0014407853970651839,2.515257385999394e-06,0.035748924756595635,23288,0.06830984909836378,0.0123,index_dividend_yield,0.065,13.11,65,23201.6,23284.75,23116.1,23118.6,mid_price,wide_quote_low_liquidity
2026-09-16T08:50:21.908876+00:00,2026-09-16T14:20:21.908876+05:30,NIFTY,29-Sep-2026,18000.0,CE,23231.2,5240.85,65,5294.3,195,5250,5267.575000000001,15,0,1,0.07624857033930614,0,,,,,,,,,,,,,,,0.035748924756595635,23288,0.06830984909836378,0.0123,index_dividend_yield,0.065,13.11,65,23201.6,23284.75,23116.1,23118.6,mid_price,no_nse_iv
2026-09-16T08:50:21.908876+00:00,2026-09-16T14:20:21.908876+05:30,NIFTY,29-Sep-2026,18000.0,PE,23231.2,0.7,13520,0.75,7800,0.75,0.725,12679,-152,1455,-11.764705882352942,46.06,-0.0013729796274376028,2.2246856533468723e-06,-0.3441801011617445,0.19769644459657607,-0.0284128631059487,0.0004940317532505067,3.737381356842262,-3.402257509650859e-09,3.722653202588971e-05,-6.453886274387581e-07,-0.07257317282698666,-39.56831195581858,0.0018167812782274963,3.7056716190804317e-06,0.035748924756595635,23288,0.06830984909836378,0.0123,index_dividend_yield,0.065,13.11,65,23201.6,23284.75,23116.1,23118.6,mid_price,ok
2026-09-16T08:50:21.908876+00:00,2026-09-16T14:20:21.908876+05:30,NIFTY,29-Sep-2026,19500.0,CE,23231.2,3765.95,390,3789.9,130,3753.85,3777.925,2161,0,12,0.6191784493734503,0,,,,,,,,,,,,,,,0.035748924756595635,23288,0.06830984909836378,0.0123,index_dividend_yield,0.065,13.11,65,23201.6,23284.75,23116.1,23118.6,mid_price,no_nse_iv
2026-09-16T08:50:21.908876+00:00,2026-09-16T14:20:21.908876+05:30,NIFTY,29-Sep-2026,19500.0,PE,23231.2,2.1,2015,2.15,390,2.1,2.125,15904,-139,2219,-28.8135593220339,36.35,-0.004535426548871881,8.301659152671802e-06,-0.7953251617988937,0.5822045359113064,-0.09263772523069062,0.0012617135472033332,10.616910920452415,-1.3981046481140958e-08,0.0001285473856475719,-1.7431864099985144e-06,-0.1669208273784465,-45.5155438895609,0.0055219635676433156,1.17825410898706e-05,0.035748924756595635,23288,0.06830984909836378,0.0123,index_dividend_yield,0.065,13.11,65,23201.6,23284.75,23116.1,23118.6,mid_price,ok
2026-09-16T08:50:21.908876+00:00,2026-09-16T14:20:21.908876+05:30,NIFTY,29-Sep-2026,21000.0,CE,23231.2,2286,130,2289.05,650,2291.4,2287.525,7897,-42,654,3.2813485982150907,0,,,,,,,,,,,,,,,0.035748924756595635,23288,0.06830984909836378,0.0123,index_dividend_yield,0.065,13.11,65,23201.6,23284.75,23116.1,23118.6,mid_price,no_nse_iv
2026-09-16T08:50:21.908876+00:00,2026-09-16T14:20:21.908876+05:30,NIFTY,29-Sep-2026,21000.0,PE,23231.2,5.9,3900,5.95,2340,5.95,5.925000000000001,39963,1030,16261,-26.54320987654321,25.71,-0.01616035425329209,3.57468772700826e-05,-1.6914918745195642,1.7731540041283824,-0.3284135992839901,0.0031132168021738276,30.873423903129083,-6.953633336594644e-08,0.0004833713933253328,-4.532109089610165e-06,-0.36059027529888454,-56.5874408417512,0.018193277817794673,4.3746449112416816e-05,0.035748924756595635,23288,0.06830984909836378,0.0123,index_dividend_yield,0.065,13.11,65,23201.6,23284.75,23116.1,23118.6,mid_price,ok
2026-09-16T08:50:21.908876+00:00,2026-09-16T14:20:21.908876+05:30,NIFTY,29-Sep-2026,21350.0,CE,23231.2,1910.4,780,1961.25,65,0.0,1935.825,0,0,0,0,0,,,,,,,,,,,,,,,0.035748924756595635,23288,0.06830984909836378,0.0123,index_dividend_yield,0.065,13.11,65,23201.6,23284.75,23116.1,23118.6,mid_price,no_nse_iv
2026-09-16T08:50:21.908876+00:00,2026-09-16T14:20:21.908876+05:30,NIFTY,29-Sep-2026,21350.0,PE,23231.2,8.15,130,8.35,130,8.35,8.25,181,0,283,-85.41484716157206,23.23,-0.023425342992120887,5.4229369850450517e-05,-2.0832902834880236,2.4304687359188173,-0.46293787953840226,0.003936210299209545,40.4131197765758,-1.0827212593263718e-07,0.0006682697877225181,-5.5922375069010236e-06,-0.43671161578751194,-59.861382064217295,0.025915213652286846,6.420695685598971e-05,0.035748924756595635,23288,0.06830984909836378,0.0123,index_dividend_yield,0.065,13.11,65,23201.6,23284.75,23116.1,23118.6,mid_price,ok
2026-09-16T08:50:21.908876+00:00,2026-09-16T14:20:21.908876+05:30,NIFTY,29-Sep-2026,21400.0,CE,23231.2,1861.65,780,1911,65,0.0,1886.325,0,0,0,0,0,,,,,,,,,,,,,,,0.035748924756595635,23288,0.06830984909836378,0.0123,index_dividend_yield,0.065,13.11,65,23201.6,23284.75,23116.1,23118.6,mid_price,no_nse_iv
2026-09-16T08:50:21.908876+00:00,2026-09-16T14:20:21.908876+05:30,NIFTY,29-Sep-2026,21400.0,PE,23231.2,8.85,975,8.95,715,8.9,8.899999999999999,1509,0,3926,-85.40983606557377,22.96,-0.025195856216460893,5.832874826490286e-05,-2.18699864878956,2.5838114087080943,-0.49011455168251544,0.0041136069657879415,42.11767232189567,-1.1597043733886967e-07,0.0006967549578835806,-5.748694792375006e-06,-0.4524635890031452,-59.99239657598719,0.027807790230286098,6.873823829139263e-05,0.035748924756595635,23288,0.06830984909836378,0.0123,index_dividend_yield,0.065,13.11,65,23201.6,23284.75,23116.1,23118.6,mid_price,ok
2026-09-16T08:50:21.908876+00:00,2026-09-16T14:20:21.908876+05:30,NIFTY,29-Sep-2026,21450.0,CE,23231.2,1811.7,780,1861.3,65,0.0,1836.5,0,0,0,0,0,,,,,,,,,,,,,,,0.035748924756595635,23288,0.06830984909836378,0.0123,index_dividend_yield,0.065,13.11,65,23201.6,23284.75,23116.1,23118.6,mid_price,no_nse_iv
2026-09-16T08:50:21.908876+00:00,2026-09-16T14:20:21.908876+05:30,NIFTY,29-Sep-2026,21450.0,PE,23231.2,9.1,715,9.6,130,9,9.35,39,0,105,-86.14318706697459,22.45,-0.025880602246123117,6.100834968219112e-05,-2.1846652513673974,2.6424811242522166,-0.5098037716692715,0.004178201917058526,43.55191262319402,-1.2327864400712437e-07,0.000733761346618865,-5.906885838947151e-06,-0.45814867679325166,-61.15486073678588,0.02848805778677272,7.156125882510607e-05,0.035748924756595635,23288,0.06830984909836378,0.0123,index_dividend_yield,0.065,13.11,65,23201.6,23284.75,23116.1,23118.6,mid_price,ok
2026-09-16T08:50:21.908876+00:00,2026-09-16T14:20:21.908876+05:30,NIFTY,29-Sep-2026,21500.0,CE,23231.2,1772.25,130,1814.45,195,0.0,1793.35,0,0,0,0,0,,,,,,,,,,,,,,,0.035748924756595635,23288,0.06830984909836378,0.0123,index_dividend_yield,0.065,13.11,65,23201.6,23284.75,23116.1,23118.6,mid_price,no_nse_iv
2026-09-16T08:50:21.908876+00:00,2026-09-16T14:20:21.908876+05:30,NIFTY,29-Sep-2026,21500.0,PE,23231.2,9.9,2080,9.95,3185,9.85,9.925,2828,0,10641,-85.74529667149059,22.3,-0.02854018417422436,6.664124739969977e-05,-2.352367523498872,2.8671753347320235,-0.5445392060438419,0.004426760273642548,45.5046859212771,-1.3260371496473414e-07,0.0007588271926206089,-6.04872694688628e-06,-0.47973802862671194,-60.75450734686353,0.03134585447602304,7.780535440282503e-05,0.035748924756595635,23288,0.06830984909836378,0.0123,index_dividend_yield,0.065,13.11,65,23201.6,23284.75,23116.1,23118.6,mid_price,ok
2026-09-16T08:50:21.908876+00:00,2026-09-16T14:20:21.908876+05:30,NIFTY,29-Sep-2026,21550.0,CE,23231.2,1714.45,780,1761.25,65,0.0,1737.85,0,0,0,0,0,,,,,,,,,,,,,,,0.035748924756595635,23288,0.06830984909836378,0.0123,index_dividend_yield,0.065,13.11,65,23201.6,23284.75,23116.1,23118.6,mid_price,no_nse_iv
2026-09-16T08:50:21.908876+00:00,2026-09-16T14:20:21.908876+05:30,NIFTY,29-Sep-2026,21550.0,PE,23231.2,10.35,260,10.65,195,10.9,10.5,43,0,91,-85.15997277059223,21.9,-0.030014283712859642,7.075682274615228e-05,-2.406168432172247,2.98963871750821,-0.5715306511213692,0.00455597776948433,47.205141461162725,-1.4165746240721166e-07,0.0007941412688602093,-6.199191666424783e-06,-0.4908004359852107,-61.44800453604813,0.03288237167794468,8.222749530754828e-05,0.035748924756595635,23288,0.06830984909836378,0.0123,index_dividend_yield,0.065,13.11,65,23201.6,23284.75,23116.1,23118.6,mid_price,ok
2026-09-16T08:50:21.908876+00:00,2026-09-16T14:20:21.908876+05:30,NIFTY,29-Sep-2026,21600.0,CE,23231.2,1678.9,65,1690.7,65,1673.2,1684.8000000000002,719,-80,113,3.20431765612953,0,,,,,,,,,,,,,,,0.035748924756595635,23288,0.06830984909836378,0.0123,index_dividend_yield,0.065,13.11,65,23201.6,23284.75,23116.1,23118.6,mid_price,no_nse_iv
2026-09-16T08:50:21.908876+00:00,2026-09-16T14:20:21.908876+05:30,NIFTY,29-Sep-2026,21600.0,PE,23231.2,11.05,715,11.1,390,11.05,11.075,13683,1026,12393,-20.788530465949822,21.61,-0.03226149151845941,7.61198329723501e-05,-2.5176381936346197,3.173648794554734,-0.6043213922010509,0.004745982340581111,49.063099379354156,-1.5177964540279485e-07,0.0008245461855642015,-6.3297921063869245e-06,-0.5068614453312215,-61.65116469445586,0.03526064058280009,8.805086196185989e-05,0.035748924756595635,23288,0.06830984909836378,0.0123,index_dividend_yield,0.065,13.11,65,23201.6,23284.75,23116.1,23118.6,mid_price,ok
2026-09-16T08:50:21.908876+00:00,2026-09-16T14:20:21.908876+05:30,NIFTY,29-Sep-2026,21650.0,CE,23231.2,1492.2,780,1672.95,780,0.0,1582.575,1,0,0,0,32.96,0.8830834732087125,0.00013527617459218393,-13.522907764545883,8.60230403215914,-0.671552976078349,0.008059800306738585,35.17647612523955,-1.1708432408604437e-07,0.00014275054356931074,-1.4309289621266153e-06,-0.7498884391125724,12.025820257724153,-0.8687837717787602,0.0001557574396538892,0.035748924756595635,23288,0.06830984909836378,0.0123,index_dividend_yield,0.065,13.11,65,23201.6,23284.75,23116.1,23118.6,mid_price,ok
2026-09-16T08:50:21.908876+00:00,2026-09-16T14:20:21.908876+05:30,NIFTY,29-Sep-2026,21650.0,PE,23231.2,11.85,585,11.95,130,11.85,11.899999999999999,1170,251,1695,-23.300970873786408,21.35,-0.03489365713812571,8.218476330233086e-05,-2.6501593342201963,3.3852867333956316,-0.6399193335045495,0.00495664350053289,50.96207093940808,-1.6267788662899135e-07,0.000852284018665782,-6.439157454775573e-06,-0.5243915035869122,-61.70950335188302,0.038048850655871935,9.462781121008711e-05,0.035748924756595635,23288,0.06830984909836378,0.0123,index_dividend_yield,0.065,13.11,65,23201.6,23284.75,23116.1,23118.6,mid_price,ok
2026-09-16T08:50:21.908876+00:00,2026-09-16T14:20:21.908876+05:30,NIFTY,29-Sep-2026,21700.0,CE,23231.2,1567.9,780,1613.4,65,0.0,1590.65,0,0,0,0,33.96,0.8689721132562584,0.00014224263474935152,-14.7448849488911,9.319738802943162,-0.6617340859439436,0.008166141049799291,32.65138988526495,-1.1306985688329803e-07,7.949341158491581e-05,-6.763325357363516e-07,-0.7582317419137645,12.074938163856947,-0.85324577009837,0.00016302477438390124,0.035748924756595635,23288,0.06830984909836378,0.0123,index_dividend_yield,0.065,13.11,65,23201.6,23284.75,23116.1,23118.6,mid_price,ok
2026-09-16T08:50:21.908876+00:00,2026-09-16T14:20:21.908876+05:30,NIFTY,29-Sep-2026,21700.0,PE,23231.2,12.45,1300,12.5,1625,12.5,12.475,8070,2087,8709,-21.13564668769716,21,-0.03715143199128559,8.795717260876838e-05,-2.7405918511931757,3.563664628391359,-0.6740919452700306,0.005126442496185261,52.83831157302088,-1.7417231914616647e-07,0.0008853121681963582,-6.55313726013497e-06,-0.5383168081743381,-62.175971199986314,0.040412602330304734,0.00010080801895477894,0.035748924756595635,23288,0.06830984909836378,0.0123,index_dividend_yield,0.065,13.11,65,23201.6,23284.75,23116.1,23118.6,mid_price,ok
2026-09-16T08:50:21.908876+00:00,2026-09-16T14:20:21.908876+05:30,NIFTY,29-Sep-2026,21750.0,CE,23231.2,1532.8,195,1558.85,130,0.0,1545.8249999999998,1,0,0,0,29.91,0.8896182788378271,0.0001430548093604406,-12.161697407712117,8.255153386779137,-0.7351904017865452,0.007978124059534797,39.60964651225751,-1.3948876013482707e-07,0.0002081257135521801,-1.939497015081282e-06,-0.7441952479095608,12.974252164210846,-0.8769647666134522,0.00016320265806706743,0.035748924756595635,23288,0.06830984909836378,0.0123,index_dividend_yield,0.065,13.11,65,23201.6,23284.75,23116.1,23118.6,mid_price,ok
2026-09-16T08:50:21.908876+00:00,2026-09-16T14:20:21.908876+05:30,NIFTY,29-Sep-2026,21750.0,PE,23231.2,13.4,845,13.5,130,13.35,13.45,612,-203,1876,-20.535714285714285,20.55,-0.03888875867570702,9.329762810513989e-05,-2.779837424142125,3.6990372119415884,-0.7067563893490558,0.005249518880289766,54.74631017023368,-1.8649612309270095e-07,0.0009268372254202892,-6.687091073016369e-06,-0.5483022546604177,-63.12420406540984,0.04219515004455424,0.0001064376721494704,0.035748924756595635,23288,0.06830984909836378,0.0123,index_dividend_yield,0.065,13.11,65,23201.6,23284.75,23116.1,23118.6,mid_price,ok
2026-09-16T08:50:21.908876+00:00,2026-09-16T14:20:21.908876+05:30,NIFTY,29-Sep-2026,21800.0,CE,23231.2,1484.5,195,1509.5,260,0.0,1497.0,1,0,0,0,0,,,,,,,,,,,,,,,0.035748924756595635,23288,0.06830984909836378,0.0123,index_dividend_yield,0.065,13.11,65,23201.6,23284.75,23116.1,23118.6,mid_price,no_nse_iv
2026-09-16T08:50:21.908876+00:00,2026-09-16T14:20:21.908876+05:30,NIFTY,29-Sep-2026,21800.0,PE,23231.2,14.45,1040,14.55,520,14.5,14.5,9560,187,10364,-18.76750700280112,20.38,-0.042849935375256165,0.00010177821811237423,-2.978688138936116,4.0018913550168875,-0.7509357394067107,0.005520065597520371,56.67759725087307,-1.9987223825380812e-07,0.0009420768545890435,-6.70235327678374e-06,-0.569897125685721,-62.72256239370803,0.046391109614700145,0.00011558065289662041,0.035748924756595635,23288,0.06830984909836378,0.0123,index_dividend_yield,0.065,13.11,65,23201.6,23284.75,23116.1,23118.6,mid_price,ok
2026-09-16T08:50:21.908876+00:00,2026-09-16T14:20:21.908876+05:30,NIFTY,29-Sep-2026,21850.0,CE,23231.2,1433.95,195,1461.4,195,0.0,1447.6750000000002,1,0,0,0,19.44,0.9584080638257291,0.00010326465874508487,-5.844069811089185,3.8730601874605366,-0.771297002797322,0.005429969660967315,58.85597078710081,-2.147237756109455e-07,0.0010380666574929468,-7.028493036148082e-06,-0.5601099757325816,15.503341632092424,-0.9532645029324309,0.00011673258932303356,0.035748924756595635,23288,0.06830984909836378,0.0123,index_dividend_yield,0.065,13.11,65,23201.6,23284.75,23116.1,23118.6,mid_price,ok
2026-09-16T08:50:21.908876+00:00,2026-09-16T14:20:21.908876+05:30,NIFTY,29-Sep-2026,21850.0,PE,23231.2,15.25,260,15.35,65,15.1,15.3,906,-354,1719,-20.73490813648294,19.97,-0.0452892735023035,0.00010860968046375727,-3.047314136548657,4.184589606750747,-0.7892200857104598,0.005672165132367582,58.65966796684718,-2.1426967651145063e-07,0.0009786570368713174,-6.7871258992263745e-06,-0.5818512594622831,-63.47784803188974,0.04891070193288528,0.00012277471673420053,0.035748924756595635,23288,0.06830984909836378,0.0123,index_dividend_yield,0.065,13.11,65,23201.6,23284.75,23116.1,23118.6,mid_price,ok
2026-09-16T08:50:21.908876+00:00,2026-09-16T14:20:21.908876+05:30,NIFTY,29-Sep-2026,21900.0,CE,23231.2,1386.9,195,1411,260,0.0,1398.95,9,0,0,0,14.08,0.9888603422432429,4.571103334568841e-05,-3.742093674807756,1.2417379810796256,-0.45657735865795024,0.002341988161499109,46.137972175352424,-1.7459687944147293e-07,0.0013737589920058265,-6.836675287718044e-06,-0.28084051922471187,16.718215432635226,-0.9862245485451918,5.143705517750991e-05,0.035748924756595635,23288,0.06830984909836378,0.0123,index_dividend_yield,0.065,13.11,65,23201.6,23284.75,23116.1,23118.6,mid_price,ok
2026-09-16T08:50:21.908876+00:00,2026-09-16T14:20:21.908876+05:30,NIFTY,29-Sep-2026,21900.0,PE,23231.2,16.3,455,16.4,195,15.95,16.35,4581,984,4784,-20.64676616915423,19.73,-0.049347626465226904,0.0001177576181286065,-3.2201952084929024,4.482521374360508,-0.834647813452747,0.0059123973552119985,60.527774452294736,-2.2938770750762492e-07,0.0009932755710324395,-6.758423124621744e-06,-0.6004314723111763,-63.387903048570045,0.0531730649266042,0.00013250860148897935,0.035748924756595635,23288,0.06830984909836378,0.0123,index_dividend_yield,0.065,13.11,65,23201.6,23284.75,23116.1,23118.6,mid_price,ok
2026-09-16T08:50:21.908876+00:00,2026-09-16T14:20:21.908876+05:30,NIFTY,29-Sep-2026,21950.0,CE,23231.2,1338.75,195,1362.5,195,0.0,1350.625,2,0,0,0,29.21,0.8615214545490596,0.00017179622543480385,-13.474591634092729,9.68169608740449,-0.7800053541160423,0.008186420295012042,37.3070314676438,-1.5285475681583618e-07,7.385851759057977e-05,-3.3856934044421095e-07,-0.7607635176529257,14.15311545913049,-0.8473831016635939,0.00019243668011474402,0.035748924756595635,23288,0.06830984909836378,0.0123,index_dividend_yield,0.065,13.11,65,23201.6,23284.75,23116.1,23118.6,mid_price,ok
2026-09-16T08:50:21.908876+00:00,2026-09-16T14:20:21.908876+05:30,NIFTY,29-Sep-2026,21950.0,PE,23231.2,17.45,130,17.55,195,17.25,17.5,2723,-13,1979,-19.767441860465116,19.29,-0.05202749190973497,0.00012562454903905474,-3.2780275981484697,4.675338013837113,-0.8766800656205553,0.0060560245285058364,62.58595610042761,-2.46284419836231e-07,0.001030456078839051,-6.810314796428695e-06,-0.6113927856883894,-64.29834210408643,0.05592067298371637,0.00014071770841764977,0.035748924756595635,23288,0.06830984909836378,0.0123,index_dividend_yield,0.065,13.11,65,23201.6,23284.75,23116.1,23118.6,mid_price,ok
2026-09-16T08:50:21.908876+00:00,2026-09-16T14:20:21.908876+05:30,NIFTY,29-Sep-2026,22000.0,CE,23231.2,1293.95,65,1299.9,65,1301.85,1296.9250000000002,12436,-16,392,4.852609536082475,0,,,,,,,,,,,,,,,0.035748924756595635,23288,0.06830984909836378,0.0123,index_dividend_yield,0.065,13.11,65,23201.6,23284.75,23116.1,23118.6,mid_price,no_nse_iv
2026-09-16T08:50:21.908876+00:00,2026-09-16T14:20:21.908876+05:30,NIFTY,29-Sep-2026,22000.0,PE,23231.2,18.9,845,19,2925,18.9,18.95,60665,4645,43498,-19.23076923076923,19.12,-0.05743249110861856,0.00013704247991234042,-3.5074697588196453,5.055328342192249,-0.9271741833979524,0.006330655222195128,64.20294486657552,-2.629002004608586e-07,0.0010237391996903704,-6.639921288597293e-06,-0.6319789185103595,-63.818010243636486,0.061596927907550746,0.00015281047819828354,0.035748924756595635,23288,0.06830984909836378,0.0123,index_dividend_yield,0.065,13.11,65,23201.6,23284.75,23116.1,23118.6,mid_price,ok
2026-09-16T08:50:21.908876+00:00,2026-09-16T14:20:21.908876+05:30,NIFTY,29-Sep-2026,22050.0,CE,23231.2,1238.45,195,1267.6,195,0.0,1253.025,1,0,0,0,31.11,0.8282238338131263,0.0001860876409933359,-15.852341217873967,11.169244880690119,-0.7272836222720902,0.008077850754801053,30.303547900828676,-1.3686485193027494e-07,-9.327666789100389e-05,1.5465509642604094e-06,-0.7629888962039182,14.241587479835234,-0.8113204560140638,0.0002065587659247322,0.035748924756595635,23288,0.06830984909836378,0.0123,index_dividend_yield,0.065,13.11,65,23201.6,23284.75,23116.1,23118.6,mid_price,ok
2026-09-16T08:50:21.908876+00:00,2026-09-16T14:20:21.908876+05:30,NIFTY,29-Sep-2026,22050.0,PE,23231.2,20.15,65,20.25,195,19.9,20.2,2557,119,1625,-19.595959595959595,18.72,-0.0611146158774331,0.0001469598347095283,-3.5985097900697776,5.307753806449659,-0.9746087542255727,0.006495616942677563,66.15128755656751,-2.8212662753844047e-07,0.0010465866898351581,-6.5837507933471176e-06,-0.6441629936953168,-64.51159654745034,0.06538656605002749,0.0001631265888269812,0.035748924756595635,23288,0.06830984909836378,0.0123,index_dividend_yield,0.065,13.11,65,23201.6,23284.75,23116.1,23118.6,mid_price,ok
2026-09-16T08:50:21.908876+00:00,2026-09-16T14:20:21.908876+05:30,NIFTY,29-Sep-2026,22100.0,CE,23231.2,1193.9,65,1205.8,65,1156.5,1199.85,18,0,1,2.576610936183423,0,,,,,,,,,,,,,,,0.035748924756595635,23288,0.06830984909836378,0.0123,index_dividend_yield,0.065,13.11,65,23201.6,23284.75,23116.1,23118.6,mid_price,no_nse_iv
2026-09-16T08:50:21.908876+00:00,2026-09-16T14:20:21.908876+05:30,NIFTY,29-Sep-2026,22100.0,PE,23231.2,21.5,650,21.6,260,21.5,21.55,4302,1367,6360,-17.938931297709924,18.33,-0.06523317698947087,0.0001579055861610595,-3.6993712191046684,5.584267711387318,-1.0246688046208139,0.006664958083015253,68.05393632344669,-3.028018348843444e-07,0.0010629457577902633,-6.474272798045078e-06,-0.6565218818482572,-65.15711793555313,0.06962458368631827,0.00017448425127641968,0.035748924756595635,23288,0.06830984909836378,0.0123,index_dividend_yield,0.065,13.11,65,23201.6,23284.75,23116.1,23118.6,mid_price,ok
2026-09-16T08:50:21.908876+00:00,2026-09-16T14:20:21.908876+05:30,NIFTY,29-Sep-2026,22150.0,CE,23231.2,1147.65,65,1170.5,195,1180,1159.075,7,0,1,-2.479338842975207,19.31,0.915064500049523,0.0001826264956138083,-7.897912843294257,6.803812403006861,-1.0738498737660196,0.007364762981950656,64.86650853663977,-3.0308443796052873e-07,0.0007954202895305902,-4.895903154110431e-06,-0.7034144760487989,18.39389952019186,-0.9075546108533252,0.00020089059816922843,0.035748924756595635,23288,0.06830984909836378,0.0123,index_dividend_yield,0.065,13.11,65,23201.6,23284.75,23116.1,23118.6,mid_price,ok
2026-09-16T08:50:21.908876+00:00,2026-09-16T14:20:21.908876+05:30,NIFTY,29-Sep-2026,22150.0,PE,23231.2,23.2,455,23.35,195,23.15,23.275,1051,210,1664,-18.485915492957748,18.09,-0.07135116994543836,0.00017146164076840622,-3.9043773810470292,5.984278728649864,-1.077982819709257,0.006894948019229921,69.39465063106631,-3.2286332167027697e-07,0.0010405302116656323,-6.155415215535712e-06,-0.6730447345450337,-64.98135174217715,0.07598563183725214,0.0001886091690106226,0.035748924756595635,23288,0.06830984909836378,0.0123,index_dividend_yield,0.065,13.11,65,23201.6,23284.75,23116.1,23118.6,mid_price,ok
2026-09-16T08:50:21.908876+00:00,2026-09-16T14:20:21.908876+05:30,NIFTY,29-Sep-2026,22200.0,CE,23231.2,1097.7,260,1124.3,325,0.0,1111.0,17,0,0,0,0,,,,,,,,,,,,,,,0.035748924756595635,23288,0.06830984909836378,0.0123,index_dividend_yield,0.065,13.11,65,23201.6,23284.75,23116.1,23118.6,mid_price,no_nse_iv
2026-09-16T08:50:21.908876+00:00,2026-09-16T14:20:21.908876+05:30,NIFTY,29-Sep-2026,22200.0,PE,23231.2,25,455,25.15,520,24.55,25.075,7490,594,10130,-19.902120717781404,17.76,-0.07704100880387081,0.00018518785810074488,-4.055066185340572,6.345439990344846,-1.1318084397133747,0.0070790248924441765,70.84406424339295,-3.4524344767066867e-07,0.0010248829203559089,-5.843687666082475e-06,-0.686120842739494,-65.2754890290812,0.08185466530403465,0.00020279154648938558,0.035748924756595635,23288,0.06830984909836378,0.0123,index_dividend_yield,0.065,13.11,65,23201.6,23284.75,23116.1,23118.6,mid_price,ok
2026-09-16T08:50:21.908876+00:00,2026-09-16T14:20:21.908876+05:30,NIFTY,29-Sep-2026,22250.0,CE,23231.2,1049.7,260,1075.85,260,0.0,1062.775,6,0,0,0,25.01,0.8351200434398575,0.00022543406669034438,-13.026419397183746,10.877760898333884,-0.9196902473816992,0.008089868877540152,39.430697103905565,-2.092481903404526e-07,-8.418946227005874e-05,1.4797989722487436e-06,-0.7620460816135619,17.31505869934093,-0.8215901200377759,0.0002457552488657798,0.035748924756595635,23288,0.06830984909836378,0.0123,index_dividend_yield,0.065,13.11,65,23201.6,23284.75,23116.1,23118.6,mid_price,ok
2026-09-16T08:50:21.908876+00:00,2026-09-16T14:20:21.908876+05:30,NIFTY,29-Sep-2026,22250.0,PE,23231.2,27.25,260,27.35,130,27.25,27.3,1149,206,1279,-16.282642089093702,17.49,-0.08399080549795854,0.00020072529657447108,-4.252388636994972,6.7732668949854755,-1.1861822383782,0.0072743669828767695,71.82243461408343,-3.6749360558974454e-07,0.0009808673210217592,-5.369429960595552e-06,-0.6998628691184869,-65.219220235703,0.08903932009415878,0.00021881916933643927,0.035748924756595635,23288,0.06830984909836378,0.0123,index_dividend_yield,0.065,13.11,65,23201.6,23284.75,23116.1,23118.6,mid_price,ok
2026-09-16T08:50:21.908876+00:00,2026-09-16T14:20:21.908876+05:30,NIFTY,29-Sep-2026,22300.0,CE,23231.2,1006,65,1014.4,130,1005.5,1010.2,23,-2,5,5.018538827092798,14.92,0.936712769846209,0.00018845674211387622,-6.066963244080156,5.42483799922875,-1.2439974571691326,0.006511327565125957,83.66120803201804,-4.472348272101181e-07,0.0016433620960507862,-7.922032971248043e-06,-0.643391183088097,21.962578608603938,-0.9313964896322864,0.00020452445330315755,0.035748924756595635,23288,0.06830984909836378,0.0123,index_dividend_yield,0.065,13.11,65,23201.6,23284.75,23116.1,23118.6,mid_price,ok
2026-09-16T08:50:21.908876+00:00,2026-09-16T14:20:21.908876+05:30,NIFTY,29-Sep-2026,22300.0,PE,23231.2,29.75,195,29.9,1300,29.05,29.825,7929,1062,11625,-19.52908587257618,17.22,-0.09161419360398203,0.00021752235626711018,-4.455485715135966,7.226754762756633,-1.2402232547182799,0.007452042048820426,72.48837348073688,-3.903718352497253e-07,0.0009187521292253903,-4.782625087406501e-06,-0.7123316054907969,-65.1378688717308,0.09690500205680738,0.00023606818465461327,0.035748924756595635,23288,0.06830984909836378,0.0123,index_dividend_yield,0.065,13.11,65,23201.6,23284.75,23116.1,23118.6,mid_price,ok
2026-09-16T08:50:21.908876+00:00,2026-09-16T14:20:21.908876+05:30,NIFTY,29-Sep-2026,22350.0,CE,23231.2,954.55,260,979.8,260,0.0,967.175,2,0,0,0,0,,,,,,,,,,,,,,,0.035748924756595635,23288,0.06830984909836378,0.0123,index_dividend_yield,0.065,13.11,65,23201.6,23284.75,23116.1,23118.6,mid_price,no_nse_iv
2026-09-16T08:50:21.908876+00:00,2026-09-16T14:20:21.908876+05:30,NIFTY,29-Sep-2026,22350.0,PE,23231.2,32.55,65,32.75,65,32.6,32.65,922,10,2076,-16.624040920716112,16.96,-0.10010615509286457,0.00023573762862742596,-4.670887943041625,7.713669544106922,-1.2928821436097442,0.007609755454015904,72.73028430001638,-4.1336194206841755e-07,0.0008328325255881221,-4.0567299944695525e-06,-0.7235092798349836,-64.97339091024962,0.10565454186147709,0.0002546930786082194,0.035748924756595635,23288,0.06830984909836378,0.0123,index_dividend_yield,0.065,13.11,65,23201.6,23284.75,23116.1,23118.6,mid_price,ok
2026-09-16T08:50:21.908876+00:00,2026-09-16T14:20:21.908876+05:30,NIFTY,29-Sep-2026,22400.0,CE,23231.2,900.8,1885,932.05,390,0.0,916.425,4,0,0,0,0,,,,,,,,,,,,,,,0.035748924756595635,23288,0.06830984909836378,0.0123,index_dividend_yield,0.065,13.11,65,23201.6,23284.75,23116.1,23118.6,mid_price,no_nse_iv
2026-09-16T08:50:21.908876+00:00,2026-09-16T14:20:21.908876+05:30,NIFTY,29-Sep-2026,22400.0,PE,23231.2,35.8,195,35.95,390,35.25,35.875,9136,2645,19513,-17.92782305005821,16.69,-0.10928440555044519,0.0002552652402422351,-4.883304893307182,8.219668227387885,-1.3438102733694945,0.0077363383462004665,72.60799733960432,-4.3680535810979945e-07,0.0007255093861109326,-3.2064796015152494e-06,-0.7328156737161029,-64.83580837664978,0.11508774008208962,0.000274561052647421,0.035748924756595635,23288,0.06830984909836378,0.0123,index_dividend_yield,0.065,13.11,65,23201.6,23284.75,23116.1,23118.6,mid_price,ok
2026-09-16T08:50:21.908876+00:00,2026-09-16T14:20:21.908876+05:30,NIFTY,29-Sep-2026,22450.0,CE,23231.2,863.4,325,885.65,325,0.0,874.525,2,0,0,0,17.21,0.8694006294121898,0.0002800459539684469,-8.892794345545477,9.298575978172988,-1.3442527736125531,0.007957763597731815,66.44869465133674,-4.2621762382979167e-07,0.00037408500633878054,-1.0701959127875e-06,-0.7478429412291376,23.132724668966574,-0.8607625059949142,0.000299874750221579,0.035748924756595635,23288,0.06830984909836378,0.0123,index_dividend_yield,0.065,13.11,65,23201.6,23284.75,23116.1,23118.6,mid_price,ok
2026-09-16T08:50:21.908876+00:00,2026-09-16T14:20:21.908876+05:30,NIFTY,29-Sep-2026,22450.0,PE,23231.2,39.35,260,39.6,195,39.4,39.475,1308,89,3125,-17.22689075630252,16.43,-0.11948894821697582,0.00027632100996577766,-5.106100964836817,8.759064859626106,-1.391168008747251,0.007830105033096793,71.9402631597923,-4.596656453646519e-07,0.0005877730069906383,-2.191052811077092e-06,-0.7403846675539842,-64.61058728082627,0.1255605684651703,0.00029588605966361555,0.035748924756595635,23288,0.06830984909836378,0.0123,index_dividend_yield,0.065,13.11,65,23201.6,23284.75,23116.1,23118.6,mid_price,ok
2026-09-16T08:50:21.908876+00:00,2026-09-16T14:20:21.908876+05:30,NIFTY,29-Sep-2026,22500.0,CE,23231.2,820.5,65,825.8,65,831,823.15,9979,277,1547,7.782101167315175,13.71,0.9060793802182223,0.00027731933989418977,-6.7504253023146825,7.335401399151562,-1.5755121481045298,0.007378730428035052,91.30670703837306,-6.151306147890764e-07,0.0014293484930971755,-5.475420573932354e-06,-0.7066063204422263,26.318638905709843,-0.8999788474714283,0.00029563674295380725,0.035748924756595635,23288,0.06830984909836378,0.0123,index_dividend_yield,0.065,13.11,65,23201.6,23284.75,23116.1,23118.6,mid_price,ok
2026-09-16T08:50:21.908876+00:00,2026-09-16T14:20:21.908876+05:30,NIFTY,29-Sep-2026,22500.0,PE,23231.2,43.2,1300,43.35,130,42.8,43.275000000000006,55706,1385,49218,-18.3206106870229,16.2,-0.13110178058362662,0.0002989925032191359,-5.352912814773543,9.34504904388308,-1.431876070209781,0.007884242580795203,70.50107077347522,-4.803390604861503e-07,0.0004101234242335388,-9.6755468423365e-07,-0.7461169464119006,-64.18245304174572,0.13747132054305125,0.00031874145471800553,0.035748924756595635,23288,0.06830984909836378,0.0123,index_dividend_yield,0.065,13.11,65,23201.6,23284.75,23116.1,23118.6,mid_price,ok
2026-09-16T08:50:21.908876+00:00,2026-09-16T14:20:21.908876+05:30,NIFTY,29-Sep-2026,22550.0,CE,23231.2,773.55,65,783.9,130,769.25,778.7249999999999,8,4,4,-9.5,12.26,0.915303199012315,0.000287034263201823,-6.127159861824241,6.789385723696778,-1.7064803599844969,0.007086006930905886,103.198077826669,-7.404294881794712e-07,0.0020219699082729995,-7.042326204225325e-06,-0.6865009983664097,28.568903431202397,-0.9099467932501243,0.00030463790246564054,0.035748924756595635,23288,0.06830984909836378,0.0123,index_dividend_yield,0.065,13.11,65,23201.6,23284.75,23116.1,23118.6,mid_price,ok
2026-09-16T08:50:21.908876+00:00,2026-09-16T14:20:21.908876+05:30,NIFTY,29-Sep-2026,22550.0,PE,23231.2,47.8,845,48.05,390,47.85,47.925,2801,24,4251,-17.142857142857142,15.95,-0.1435074504797385,0.000323022184786821,-5.58473564241054,9.940295814261928,-1.4674474273826676,0.007883917944076002,68.60994369021256,-5.005633054148233e-07,0.00020443865563727227,3.965791451505116e-07,-0.7493350661447717,-63.831477302462716,0.15015872380444467,0.00034283294170401566,0.035748924756595635,23288,0.06830984909836378,0.0123,index_dividend_yield,0.065,13.11,65,23201.6,23284.75,23116.1,23118.6,mid_price,ok
2026-09-16T08:50:21.908876+00:00,2026-09-16T14:20:21.908876+05:30,NIFTY,29-Sep-2026,22600.0,CE,23231.2,730.85,65,735.35,390,728.5,733.1,57,19,109,5.8558558558558556,13.28,0.8815352212303047,0.00033890047127477327,-7.249485727174493,8.68313431619021,-1.726060293468723,0.0076789926200271355,89.81814332930682,-6.958828570935202e-07,0.000953833126680697,-2.5477469814757397e-06,-0.7303954755240323,28.943254043474933,-0.874847784022493,0.00035809526782141083,0.035748924756595635,23288,0.06830984909836378,0.0123,index_dividend_yield,0.065,13.11,65,23201.6,23284.75,23116.1,23118.6,mid_price,ok
2026-09-16T08:50:21.908876+00:00,2026-09-16T14:20:21.908876+05:30,NIFTY,29-Sep-2026,22600.0,PE,23231.2,52.9,390,53.05,65,52.65,52.974999999999994,17820,4469,28845,-17.21698113207547,15.75,-0.15781895672959548,0.0003485036767885453,-5.851602002209103,10.589956927331912,-1.490047642986117,0.00782235060855141,65.65857293697074,-5.15669435448419e-07,-5.1885243131013364e-05,2.010061191229319e-06,-0.7503044611099341,-63.16353708170456,0.16479507469078142,0.0003682423839864105,0.035748924756595635,23288,0.06830984909836378,0.0123,index_dividend_yield,0.065,13.11,65,23201.6,23284.75,23116.1,23118.6,mid_price,ok
2026-09-16T08:50:21.908876+00:00,2026-09-16T14:20:21.908876+05:30,NIFTY,29-Sep-2026,22650.0,CE,23231.2,686.4,65,694.4,65,719.95,690.4,31,15,27,18.403091850999097,16.41,0.8136663286223893,0.00037137436929329847,-9.998400429066486,11.757819247632499,-1.4057989862375497,0.007626100784507428,55.13201856930561,-4.715636422806474e-07,-0.0005216832235025034,4.829071884563166e-06,-0.7481142132747874,27.08282318516552,-0.8037304913066002,0.0003906778616649943,0.035748924756595635,23288,0.06830984909836378,0.0123,index_dividend_yield,0.065,13.11,65,23201.6,23284.75,23116.1,23118.6,mid_price,ok
2026-09-16T08:50:21.908876+00:00,2026-09-16T14:20:21.908876+05:30,NIFTY,29-Sep-2026,22650.0,PE,23231.2,58.65,65,58.85,65,58.6,58.75,2357,316,3506,-17.75438596491228,15.5,-0.1726443610551003,0.00037531316023438956,-6.075719718802538,11.223589199276782,-1.507034002420568,0.007690454594243196,62.45497165199776,-5.309268222016926e-07,-0.00033282226186804676,3.725422643749692e-06,-0.7486000459844532,-62.735846115189524,0.17989696278897946,0.00039482138515407937,0.035748924756595635,23288,0.06830984909836378,0.0123,index_dividend_yield,0.065,13.11,65,23201.6,23284.75,23116.1,23118.6,mid_price,ok
2026-09-16T08:50:21.908876+00:00,2026-09-16T14:20:21.908876+05:30,NIFTY,29-Sep-2026,22700.0,CE,23231.2,645.05,65,648.7,65,658.2,646.875,417,111,426,8.595941263817851,11.27,0.8815252150128946,0.0003993671805810825,-6.599586137293014,8.683654977660677,-2.0405886573879872,0.0075051956341979364,106.18181791959103,-9.593542851762072e-07,0.0013401604588834416,-2.5840242220216605e-06,-0.7213552052996626,33.98508346155526,-0.8756081037815644,0.00041827696232399954,0.035748924756595635,23288,0.06830984909836378,0.0123,index_dividend_yield,0.065,13.11,65,23201.6,23284.75,23116.1,23118.6,mid_price,ok
2026-09-16T08:50:21.908876+00:00,2026-09-16T14:20:21.908876+05:30,NIFTY,29-Sep-2026,22700.0,PE,23231.2,64.85,130,65,65,64.9,64.925,19168,5527,28161,-18.055555555555557,15.28,-0.18926252397775714,0.0004032880777549559,-6.313741209007581,11.88899128705825,-1.508225324602333,0.007476316520904941,58.32015675857338,-5.403821610386412e-07,-0.000660966894709599,5.651227098158005e-06,-0.7444771280964987,-62.10140143558256,0.19681038810197848,0.00042238351148281186,0.035748924756595635,23288,0.06830984909836378,0.0123,index_dividend_yield,0.065,13.11,65,23201.6,23284.75,23116.1,23118.6,mid_price,ok
2026-09-16T08:50:21.908876+00:00,2026-09-16T14:20:21.908876+05:30,NIFTY,29-Sep-2026,22750.0,CE,23231.2,601.8,65,607.6,195,604.5,604.7,30,15,25,6.77382319173364,13.4,0.8190631809017179,0.00044651553544987035,-8.571066392787218,11.543769417870756,-1.7413080664185343,0.007475442232989349,69.84701413657035,-7.022023006459921e-07,-0.0006303779988174943,5.567375060683082e-06,-0.7406562353830778,32.68548868181837,-0.8107987556046624,0.0004656043822088755,0.035748924756595635,23288,0.06830984909836378,0.0123,index_dividend_yield,0.065,13.11,65,23201.6,23284.75,23116.1,23118.6,mid_price,ok
2026-09-16T08:50:21.908876+00:00,2026-09-16T14:20:21.908876+05:30,NIFTY,29-Sep-2026,22750.0,PE,23231.2,72.3,260,72.55,390,72.4,72.425,3297,365,5820,-18.284424379232505,15.08,-0.20760602518232366,0.00043209497146630454,-6.554083174242375,12.57149204678061,-1.4916591158051633,0.0071679995280684305,53.36358959208898,-5.433946816355975e-07,-0.0010311405289763925,7.7507435808977e-06,-0.7379626071406342,-61.31773931348153,0.21545459051118385,0.0004505673291802345,0.035748924756595635,23288,0.06830984909836378,0.0123,index_dividend_yield,0.065,13.11,65,23201.6,23284.75,23116.1,23118.6,mid_price,ok
2026-09-16T08:50:21.908876+00:00,2026-09-16T14:20:21.908876+05:30,NIFTY,29-Sep-2026,22800.0,CE,23231.2,560,65,562.6,65,566,561.3,4184,310,1094,8.595548733691482,12.12,0.81856071031165,0.0004945332891460225,-8.02238255679374,11.563902523398166,-1.9296780388644574,0.007335126973986639,77.24165421958683,-8.532004649472654e-07,-0.0007768548297497043,6.455682454422446e-06,-0.7351869894396685,36.09633269349885,-0.810935568630128,0.000513415675785763,0.035748924756595635,23288,0.06830984909836378,0.0123,index_dividend_yield,0.065,13.11,65,23201.6,23284.75,23116.1,23118.6,mid_price,ok
2026-09-16T08:50:21.908876+00:00,2026-09-16T14:20:21.908876+05:30,NIFTY,29-Sep-2026,22800.0,PE,23231.2,80.25,195,80.45,65,80.45,80.35,23787,4342,39247,-17.444843509492046,14.91,-0.2278773137207054,0.00046115466880106485,-6.799210067804625,13.265710779505445,-1.4530450082703288,0.00675218770665617,47.58385079729255,-5.37873361822637e-07,-0.001438741964258298,9.99490715977632e-06,-0.7292440831022377,-60.33606112742437,0.23603522266323868,0.00047876258508928863,0.035748924756595635,23288,0.06830984909836378,0.0123,index_dividend_yield,0.065,13.11,65,23201.6,23284.75,23116.1,23118.6,mid_price,ok
2026-09-16T08:50:21.908876+00:00,2026-09-16T14:20:21.908876+05:30,NIFTY,29-Sep-2026,22850.0,CE,23231.2,518.1,65,521.7,130,512.25,519.9000000000001,148,71,224,6.430500727197174,12.41,0.7869713623504592,0.0005324257437783127,-8.614394257551787,12.747854530647011,-1.80940482628561,0.006849819967720161,63.357792376936395,-7.873743580867338e-07,-0.0016440021627094374,1.0444105614086131e-05,-0.726955862869424,37.265246801957524,-0.7786297685951075,0.0005503385368692367,0.035748924756595635,23288,0.06830984909836378,0.0123,index_dividend_yield,0.065,13.11,65,23201.6,23284.75,23116.1,23118.6,mid_price,ok
2026-09-16T08:50:21.908876+00:00,2026-09-16T14:20:21.908876+05:30,NIFTY,29-Sep-2026,22850.0,PE,23231.2,88.8,65,89.2,260,87.55,89.0,2134,279,4597,-19.826007326007325,14.74,-0.24966534298064819,0.0004903688402148169,-7.021750264334403,13.94526015089229,-1.394315760586115,0.006227084809009825,41.353462739480484,-5.252214207910791e-07,-0.0018726439469658848,1.2310580537690534e-05,-0.7188445949054731,-59.320885556294954,0.25810937712162624,0.0005068666817930066,0.035748924756595635,23288,0.06830984909836378,0.0123,index_dividend_yield,0.065,13.11,65,23201.6,23284.75,23116.1,23118.6,mid_price,ok
2026-09-16T08:50:21.908876+00:00,2026-09-16T14:20:21.908876+05:30,NIFTY,29-Sep-2026,22900.0,CE,23231.2,478.95,1105,481.3,130,487.25,480.125,544,-4,916,9.322414179941665,12.32,0.7604924824883473,0.0005731393027657547,-8.901854311101607,13.623138442258675,-1.726207963008597,0.006257251894537075,53.75821111252499,-7.607572231731871e-07,-0.002390412180450479,1.3823921260201202e-05,-0.7156324360891873,39.160880945340196,-0.7517908327661015,0.0005898376814766893,0.035748924756595635,23288,0.06830984909836378,0.0123,index_dividend_yield,0.065,13.11,65,23201.6,23284.75,23116.1,23118.6,mid_price,ok
2026-09-16T08:50:21.908876+00:00,2026-09-16T14:20:21.908876+05:30,NIFTY,29-Sep-2026,22900.0,PE,23231.2,99.1,975,99.45,195,99.2,99.275,17322,4800,28922,-17.880794701986755,14.53,-0.27247200290304024,0.0005203204358056871,-7.188039339771988,14.586220309744922,-1.3199406955124449,0.005599390866888542,35.07726227950059,-5.080649475712299e-07,-0.0023297615702955123,1.4648467223069396e-05,-0.7075129119151438,-58.473235161622114,0.28113990011122847,0.0005354799400417332,0.035748924756595635,23288,0.06830984909836378,0.0123,index_dividend_yield,0.065,13.11,65,23201.6,23284.75,23116.1,23118.6,mid_price,ok
2026-09-16T08:50:21.908876+00:00,2026-09-16T14:20:21.908876+05:30,NIFTY,29-Sep-2026,22950.0,CE,23231.2,440.65,65,443.45,130,450.4,442.04999999999995,166,22,260,10.745020899926235,12.06,0.7347087703333218,0.0006180178993425687,-9.03657371696042,14.379859162225237,-1.6432112831423207,0.005550155845527759,45.337061626014474,-7.435177205176757e-07,-0.0031760721068344717,1.7161883090551443e-05,-0.7030058943322216,41.573724711020354,-0.7258219874721864,0.0006332554865374826,0.035748924756595635,23288,0.06830984909836378,0.0123,index_dividend_yield,0.065,13.11,65,23201.6,23284.75,23116.1,23118.6,mid_price,ok
2026-09-16T08:50:21.908876+00:00,2026-09-16T14:20:21.908876+05:30,NIFTY,29-Sep-2026,22950.0,PE,23231.2,110.45,325,110.9,65,110.2,110.67500000000001,4662,875,6624,-18.309859154929576,14.37,-0.2975260924430712,0.0005486523373151255,-7.356463532603808,15.211087796258083,-1.214591109213542,0.004842160914692473,28.33806856446852,-4.777351616763201e-07,-0.002795975112633315,1.6971536734485047e-05,-0.6956161523307323,-57.33599427269285,0.3064243465192654,0.0005621796766339799,0.035748924756595635,23288,0.06830984909836378,0.0123,index_dividend_yield,0.065,13.11,65,23201.6,23284.75,23116.1,23118.6,mid_price,ok
2026-09-16T08:50:21.908876+00:00,2026-09-16T14:20:21.908876+05:30,NIFTY,29-Sep-2026,23000.0,CE,23231.2,405.1,130,406.3,130,410.85,405.70000000000005,17471,1759,26432,9.691629955947137,12.04,0.7028503070058872,0.0006540070228525214,-9.299760357749605,15.192007636157127,-1.467272468709535,0.004603648837500085,34.38606895425966,-6.7274537364323e-07,-0.003951785159521685,2.047779360827087e-05,-0.6890090509357467,43.569065387338576,-0.6936214546114453,0.0006672214924453318,0.035748924756595635,23288,0.06830984909836378,0.0123,index_dividend_yield,0.065,13.11,65,23201.6,23284.75,23116.1,23118.6,mid_price,ok
2026-09-16T08:50:21.908876+00:00,2026-09-16T14:20:21.908876+05:30,NIFTY,29-Sep-2026,23000.0,PE,23231.2,122.85,650,123.05,65,122.8,122.94999999999999,112809.61538461539,12141,103142,-17.969271877087508,14.24,-0.3244395084782855,0.0005748654638543802,-7.505809490287744,15.793648887332013,-1.0807608221005405,0.003962058908777044,21.59685002381284,-4.3554610057863954e-07,-0.0032509890448225473,1.9173321457918377e-05,-0.684122754781054,-56.02631152384884,0.33354988322320994,0.0005864808470637645,0.035748924756595635,23288,0.06830984909836378,0.0123,index_dividend_yield,0.065,13.11,65,23201.6,23284.75,23116.1,23118.6,mid_price,ok
2026-09-16T08:50:21.908876+00:00,2026-09-16T14:20:21.908876+05:30,NIFTY,29-Sep-2026,23050.0,CE,23231.2,368.4,65,370.1,260,369.9,369.25,421,186,699,9.648732770120054,12.4,0.664678637277969,0.0006686127081680333,-9.768165854756637,15.995675430528282,-1.1824968024063964,0.0034019292990811185,22.13136995126952,-5.397241589142924e-07,-0.004467161080837657,2.3018431123029067e-05,-0.6757223926076303,44.54151393737244,-0.654863802963449,0.0006791661852599556,0.035748924756595635,23288,0.06830984909836378,0.0123,index_dividend_yield,0.065,13.11,65,23201.6,23284.75,23116.1,23118.6,mid_price,ok
2026-09-16T08:50:21.908876+00:00,2026-09-16T14:20:21.908876+05:30,NIFTY,29-Sep-2026,23050.0,PE,23231.2,136.05,130,136.55,195,135.65,136.3,3622,1229,9734,-18.18455971049457,14.04,-0.35210762568385595,0.0006017574746322305,-7.562007897250066,16.300272789764872,-0.932216407654507,0.002988267195479899,15.52854391162839,-3.889792230684964e-07,-0.0037129009556531893,2.125219781634114e-05,-0.674119201179618,-55.01549547844942,0.36132607045076925,0.0006112556993082537,0.035748924756595635,23288,0.06830984909836378,0.0123,index_dividend_yield,0.065,13.11,65,23201.6,23284.75,23116.1,23118.6,mid_price,ok
2026-09-16T08:50:21.908876+00:00,2026-09-16T14:20:21.908876+05:30,NIFTY,29-Sep-2026,23100.0,CE,23231.2,332.2,65,333,65,333.75,332.6,4214,1713,10343,8.536585365853659,11.85,0.6358257979310075,0.000721090773820112,-9.564202401902337,16.485972097565316,-1.0315470306537788,0.0022894816030526455,15.771939331861162,-5.005447099068647e-07,-0.005395608211489797,2.6161841970978966e-05,-0.6659381886807374,48.31911523792656,-0.6262034429146388,0.0007293051268360486,0.035748924756595635,23288,0.06830984909836378,0.0123,index_dividend_yield,0.065,13.11,65,23201.6,23284.75,23116.1,23118.6,mid_price,ok
2026-09-16T08:50:21.908876+00:00,2026-09-16T14:20:21.908876+05:30,NIFTY,29-Sep-2026,23100.0,PE,23231.2,150.2,390,150.5,65,150.25,150.35,17142,2611,33142,-18.186768309283963,13.91,-0.3818720346421776,0.0006239201047676957,-7.614585323886115,16.744122069206355,-0.7504644042601871,0.0018968879660288263,9.893724182623131,-3.2715470594955314e-07,-0.004116931511658471,2.3011240499219254e-05,-0.666329960893961,-53.65437152561562,0.39119861766553793,0.0006310275317108403,0.035748924756595635,23288,0.06830984909836378,0.0123,index_dividend_yield,0.065,13.11,65,23201.6,23284.75,23116.1,23118.6,mid_price,ok
2026-09-16T08:50:21.908876+00:00,2026-09-16T14:20:21.908876+05:30,NIFTY,29-Sep-2026,23150.0,CE,23231.2,299.95,65,300.9,130,300.25,300.42499999999995,5469,1890,7290,7.73232866881952,12.24,0.5962290684708083,0.0007199084195342601,-9.923378165878606,17.00062711475957,-0.6992982244709012,0.0008868319684877113,7.503652678273909,-3.493624900432756e-07,-0.005564195171306094,2.724119347906828e-05,-0.6602834997748808,49.12949076295368,-0.5861419409676841,0.0007249675196293558,0.035748924756595635,23288,0.06830984909836378,0.0123,index_dividend_yield,0.065,13.11,65,23201.6,23284.75,23116.1,23118.6,mid_price,ok
2026-09-16T08:50:21.908876+00:00,2026-09-16T14:20:21.908876+05:30,NIFTY,29-Sep-2026,23150.0,PE,23231.2,166.6,780,167.1,195,166.9,166.85,7280,1223,20822,-18.146150073565472,13.76,-0.4127513896112724,0.0006440016109228575,-7.597489601985854,17.09667511024574,-0.5487737188540065,0.0007209407868816742,5.303393846649129,-2.5697351764607417e-07,-0.004480695735264062,2.4453843662455778e-05,-0.6617649391674512,-52.359837898676645,0.4221097664773883,0.0006485272818591266,0.035748924756595635,23288,0.06830984909836378,0.0123,index_dividend_yield,0.065,13.11,65,23201.6,23284.75,23116.1,23118.6,mid_price,ok
2026-09-16T08:50:21.908876+00:00,2026-09-16T14:20:21.908876+05:30,NIFTY,29-Sep-2026,23200.0,CE,23231.2,267.55,65,268.35,65,267.1,267.95000000000005,18490,4810,56779,6.861372274454891,11.66,0.5623033202647226,0.0007690152761236228,-9.572236881028699,17.299748463521816,-0.45737089325581515,-0.00051653297986054,3.1631075126323793,-2.6192983546153645e-07,-0.006455179839708112,2.9685535967911872e-05,-0.6587433661949014,53.647634637262684,-0.5525640068924361,0.0007710850528499326,0.035748924756595635,23288,0.06830984909836378,0.0123,index_dividend_yield,0.065,13.11,65,23201.6,23284.75,23116.1,23118.6,mid_price,ok
2026-09-16T08:50:21.908876+00:00,2026-09-16T14:20:21.908876+05:30,NIFTY,29-Sep-2026,23200.0,PE,23231.2,185.55,65,186,65,185.8,185.775,49807,11024,93389,-17.20142602495544,13.65,-0.4449344814297231,0.000658793753451562,-7.546184437117911,17.34955720513012,-0.32459380036273244,-0.0005265333581293552,1.9672708507290082,-1.761397947966768e-07,-0.004751876033329369,2.540746762137876e-05,-0.661254029146157,-50.88247133809392,0.45428895799122826,0.0006605668729469323,0.035748924756595635,23288,0.06830984909836378,0.0123,index_dividend_yield,0.065,13.11,65,23201.6,23284.75,23116.1,23118.6,mid_price,ok
2026-09-16T08:50:21.908876+00:00,2026-09-16T14:20:21.908876+05:30,NIFTY,29-Sep-2026,23250.0,CE,23231.2,239.25,195,240,130,239.95,239.625,10538,1021,16776,7.576776507509527,11.66,0.5236068474674364,0.0007772151194418001,-9.529607179042053,17.48421193420839,-0.12885233179915634,-0.002014423145183186,0.3383951242472705,-1.2020541796161616e-07,-0.006651097784730983,3.0072837935461058e-05,-0.6641788428504256,56.098184307065615,-0.5138572476595384,0.0007759587119801207,0.035748924756595635,23288,0.06830984909836378,0.0123,index_dividend_yield,0.065,13.11,65,23201.6,23284.75,23116.1,23118.6,mid_price,ok
2026-09-16T08:50:21.908876+00:00,2026-09-16T14:20:21.908876+05:30,NIFTY,29-Sep-2026,23250.0,PE,23231.2,204.45,65,205,130,204.5,204.725,16627,279,23208,-16.920576884013812,13.5,-0.47790698962952016,0.0006714724502666122,-7.4043427066406355,17.489131309865538,-0.08658499070671177,-0.0018211744715416753,0.20872538276606178,-8.878200876877471e-08,-0.004966128004144033,2.5943462416184613e-05,-0.6653516097014922,-49.55076503327213,0.4871575495868797,0.000670386981165814,0.035748924756595635,23288,0.06830984909836378,0.0123,index_dividend_yield,0.065,13.11,65,23201.6,23284.75,23116.1,23118.6,mid_price,ok
2026-09-16T08:50:21.908876+00:00,2026-09-16T14:20:21.908876+05:30,NIFTY,29-Sep-2026,23300.0,CE,23231.2,210.8,130,211.25,195,211.25,211.025,36689,6791,69424,7.369758576874206,11.5,0.4844374115910308,0.0007888537759974722,-9.3039984503379,17.50252151881136,0.20870310748644094,-0.0035514411505621624,0.35283064908853135,2.6337372950752508e-08,-0.006844211265628625,3.0009418384440377e-05,-0.6762479083547142,59.44756067736706,-0.47488204482807295,0.000784202015379055,0.035748924756595635,23288,0.06830984909836378,0.0123,index_dividend_yield,0.065,13.11,65,23201.6,23284.75,23116.1,23118.6,mid_price,ok
2026-09-16T08:50:21.908876+00:00,2026-09-16T14:20:21.908876+05:30,NIFTY,29-Sep-2026,23300.0,PE,23231.2,225.4,390,225.85,130,225.35,225.625,61948,14992,72918,-16.614246068455135,13.41,-0.5116016855162322,0.0006767001859625616,-7.236390893817152,17.507790650696805,0.16349872672133392,-0.003129011848831409,0.21294567364193995,5.3944430341738685e-09,-0.005038284293119063,2.5819708777893207e-05,-0.6744703918047072,-47.98580850507446,0.5207210726930954,0.0006727097794115428,0.035748924756595635,23288,0.06830984909836378,0.0123,index_dividend_yield,0.065,13.11,65,23201.6,23284.75,23116.1,23118.6,mid_price,ok
2026-09-16T08:50:21.908876+00:00,2026-09-16T14:20:21.908876+05:30,NIFTY,29-Sep-2026,23350.0,CE,23231.2,184.9,65,185.4,65,185.1,185.15,4198,590,14210,7.491289198606272,11.54,0.44550864046283806,0.0007794045743024582,-9.138071027353579,17.35301852312724,0.5421101837391196,-0.004999713570677411,3.251068954794434,1.7266800597959825e-07,-0.006608398310801078,2.8565715531413236e-05,-0.6945588865362922,61.88621573309536,-0.4360797755220347,0.0007714938491905051,0.035748924756595635,23288,0.06830984909836378,0.0123,index_dividend_yield,0.065,13.11,65,23201.6,23284.75,23116.1,23118.6,mid_price,ok
2026-09-16T08:50:21.908876+00:00,2026-09-16T14:20:21.908876+05:30,NIFTY,29-Sep-2026,23350.0,PE,23231.2,250.45,130,251.25,130,250.1,250.85,3655,172,5757,-15.847913862718707,13.38,-0.5453423454078022,0.000674081847447012,-7.04366270654317,17.40103244165302,0.4139629395131794,-0.004404671921880876,2.082211111069654,1.0089899680657989e-07,-0.004957590260878139,2.5019804270630708e-05,-0.688388205114002,-46.23160006790345,0.5543036193293525,0.0006672401167542157,0.035748924756595635,23288,0.06830984909836378,0.0123,index_dividend_yield,0.065,13.11,65,23201.6,23284.75,23116.1,23118.6,mid_price,ok
2026-09-16T08:50:21.908876+00:00,2026-09-16T14:20:21.908876+05:30,NIFTY,29-Sep-2026,23400.0,CE,23231.2,159.85,260,160.2,65,161.7,160.02499999999998,31208,-4156,63347,6.556836902800659,11.41,0.405965230170078,0.0007735427812533957,-8.78120918943847,17.028494493904,0.8802368688251017,-0.006433715914140382,9.182406228157802,3.253751546032918e-07,-0.006362834165376413,2.6633045125254415e-05,-0.7193040932967811,65.41303892851458,-0.3968753161507936,0.0007624228614085719,0.035748924756595635,23288,0.06830984909836378,0.0123,index_dividend_yield,0.065,13.11,65,23201.6,23284.75,23116.1,23118.6,mid_price,ok
2026-09-16T08:50:21.908876+00:00,2026-09-16T14:20:21.908876+05:30,NIFTY,29-Sep-2026,23400.0,PE,23231.2,277.25,65,278,130,275.6,277.625,31502,-3188,51344,-15.134719014626636,13.28,-0.5792979804538755,0.0006699876253880913,-6.738750180137178,17.166079821451017,0.6647040266260507,-0.0056531118252525206,5.861538087980733,1.9836416130927835e-07,-0.004816567093856238,2.377633772469075e-05,-0.7069987938328701,-44.73100431341332,0.5879763944426781,0.0006603563433544489,0.035748924756595635,23288,0.06830984909836378,0.0123,index_dividend_yield,0.065,13.11,65,23201.6,23284.75,23116.1,23118.6,mid_price,ok
2026-09-16T08:50:21.908876+00:00,2026-09-16T14:20:21.908876+05:30,NIFTY,29-Sep-2026,23450.0,CE,23231.2,138.85,65,139.3,325,141,139.075,5700,487,11386,6.0549078600977815,11.28,0.3665634806248687,0.0007594946963161668,-8.351962514731383,16.528754010425338,1.2072763577472279,-0.007758393664858198,18.059783379269945,4.772919265629798e-07,-0.005903633710882029,2.3803660353542764e-05,-0.7491365332188876,69.16225563814231,-0.3578926646829829,0.0007453879004908939,0.035748924756595635,23288,0.06830984909836378,0.0123,index_dividend_yield,0.065,13.11,65,23201.6,23284.75,23116.1,23118.6,mid_price,ok
2026-09-16T08:50:21.908876+00:00,2026-09-16T14:20:21.908876+05:30,NIFTY,29-Sep-2026,23450.0,PE,23231.2,305.3,130,307.8,130,297.95,306.55,4812,470,4137,-16.680648769574944,13.25,-0.6124682876159743,0.0006576289829858671,-6.422369265327308,16.811369536772926,0.8998758378112037,-0.006799915118029798,11.32340360250872,2.9020562852983004e-07,-0.004520508152416511,2.190134724706569e-05,-0.7290315194840886,-43.04142622734242,0.6208506272950666,0.0006454142330517852,0.035748924756595635,23288,0.06830984909836378,0.0123,index_dividend_yield,0.065,13.11,65,23201.6,23284.75,23116.1,23118.6,mid_price,ok
2026-09-16T08:50:21.908876+00:00,2026-09-16T14:20:21.908876+05:30,NIFTY,29-Sep-2026,23500.0,CE,23231.2,119.05,260,119.35,195,119.5,119.19999999999999,67098,-1305,117190,4.458041958041958,11.3,0.3299716050799341,0.0007294171358047747,-7.973613738486477,15.902326883575101,1.4769448806135899,-0.008836074170674002,28.519933700257738,5.996691272783317e-07,-0.005147109760167097,2.015009320267239e-05,-0.7797260749222286,71.99869604229924,-0.3216666915815828,0.0007128259879013861,0.035748924756595635,23288,0.06830984909836378,0.0123,index_dividend_yield,0.065,13.11,65,23201.6,23284.75,23116.1,23118.6,mid_price,ok
2026-09-16T08:50:21.908876+00:00,2026-09-16T14:20:21.908876+05:30,NIFTY,29-Sep-2026,23500.0,PE,23231.2,334.25,130,335.45,130,335,334.85,68807,-1899,53758,-13.268608414239482,13.25,-0.6445767538522731,0.0006394906785263588,-6.073577602140748,16.347689031612095,1.1138752858977918,-0.007827232785252436,18.17608147002936,3.739206546488315e-07,-0.004115507377978997,1.9556752686909328e-05,-0.7533254511704435,-41.318066846696574,0.652625812249766,0.0006249449763355774,0.035748924756595635,23288,0.06830984909836378,0.0123,index_dividend_yield,0.065,13.11,65,23201.6,23284.75,23116.1,23118.6,mid_price,ok
2026-09-16T08:50:21.908876+00:00,2026-09-16T14:20:21.908876+05:30,NIFTY,29-Sep-2026,23550.0,CE,23231.2,101.25,195,101.6,520,101.75,101.425,4700,1093,10758,3.5623409669211195,11.21,0.29324026010871057,0.00069863538393072,-7.458138724268126,15.109930316283293,1.733175969673123,-0.009783878141837787,41.383918957246024,7.232679629044402e-07,-0.004318928458822582,1.5987442753773282e-05,-0.8123710799734685,75.77630694644203,-0.28545319292349836,0.0006798483411075638,0.035748924756595635,23288,0.06830984909836378,0.0123,index_dividend_yield,0.065,13.11,65,23201.6,23284.75,23116.1,23118.6,mid_price,ok
2026-09-16T08:50:21.908876+00:00,2026-09-16T14:20:21.908876+05:30,NIFTY,29-Sep-2026,23550.0,PE,23231.2,367.1,65,369.15,65,360.45,368.125,2290,160,1198,-14.777160420853528,13.34,-0.674454578865979,0.0006141657432901351,-5.747118369426236,15.80693580933141,1.2903308451025497,-0.008684020569716178,25.67992501691574,4.406758702531206e-07,-0.003606292869909333,1.6866676705670595e-05,-0.777609210448329,-39.44318434528297,0.6821923002803347,0.0005976501782542086,0.035748924756595635,23288,0.06830984909836378,0.0123,index_dividend_yield,0.065,13.11,65,23201.6,23284.75,23116.1,23118.6,mid_price,ok
2026-09-16T08:50:21.908876+00:00,2026-09-16T14:20:21.908876+05:30,NIFTY,29-Sep-2026,23600.0,CE,23231.2,85.8,130,86,130,86.05,85.9,30672,2469,47250,1.5938606847697756,11.13,0.25824587783513975,0.0006610343054495206,-6.906688673462404,14.194674366919111,1.9438678086525774,-0.010504147254192908,55.3669858042003,8.282315074100429e-07,-0.0033608212854072984,1.1407440544263022e-05,-0.8428866035216734,79.6482663845489,-0.2510185781977699,0.0006405356115083623,0.035748924756595635,23288,0.06830984909836378,0.0123,index_dividend_yield,0.065,13.11,65,23201.6,23284.75,23116.1,23118.6,mid_price,ok
2026-09-16T08:50:21.908876+00:00,2026-09-16T14:20:21.908876+05:30,NIFTY,29-Sep-2026,23600.0,PE,23231.2,399.55,325,400.9,65,396.5,400.225,23069,-657,7651,-12.103746397694524,13.25,-0.7054283254532517,0.000591902831384843,-5.239646559046805,15.13117196126777,1.4716650100622952,-0.009486672035861177,34.97150003764382,5.156427348990145e-07,-0.003099243737816719,1.3909761809404828e-05,-0.8042080555883153,-38.04761394705834,0.7126554479029116,0.0005735479065595542,0.035748924756595635,23288,0.06830984909836378,0.0123,index_dividend_yield,0.065,13.11,65,23201.6,23284.75,23116.1,23118.6,mid_price,ok
2026-09-16T08:50:21.908876+00:00,2026-09-16T14:20:21.908876+05:30,NIFTY,29-Sep-2026,23650.0,CE,23231.2,72.1,65,72.35,195,72.7,72.225,7963,641,10775,1.7494751574527643,11.11,0.2264168845844553,0.0006166469641508063,-6.37528414422323,13.217731572080547,2.0893829158463855,-0.010960417293387065,68.86908950544068,9.007657435971441e-07,-0.0023373015410439128,6.778032916661294e-06,-0.8675430247982571,83.10905252427018,-0.21973134724674864,0.000595000862168807,0.035748924756595635,23288,0.06830984909836378,0.0123,index_dividend_yield,0.065,13.11,65,23201.6,23284.75,23116.1,23118.6,mid_price,ok
2026-09-16T08:50:21.908876+00:00,2026-09-16T14:20:21.908876+05:30,NIFTY,29-Sep-2026,23650.0,PE,23231.2,435.95,65,438.75,65,425.5,437.35,3296,-85,1749,-13.22524727235648,13.39,-0.7316062262409061,0.0005599198947273014,-4.884278856410618,14.464810454901722,1.5838312329582993,-0.01003463385157255,43.04092136108029,5.555290867988618e-07,-0.0025155710230156817,1.094610080597247e-05,-0.8258299230419404,-36.23278967019291,0.7384850290897272,0.0005402650778748287,0.035748924756595635,23288,0.06830984909836378,0.0123,index_dividend_yield,0.065,13.11,65,23201.6,23284.75,23116.1,23118.6,mid_price,ok
2026-09-16T08:50:21.908876+00:00,2026-09-16T14:20:21.908876+05:30,NIFTY,29-Sep-2026,23700.0,CE,23231.2,60.95,195,61.15,650,61.25,61.05,34603,1619,49087,0.24549918166939444,11.11,0.197323641261707,0.0005689549995272547,-5.844322226369934,12.195461743172247,2.179024665152532,-0.011182326964663952,81.44683869956548,9.469114461759572e-07,-0.0013211263099566716,2.2992199050551974e-06,-0.8850760225384828,86.44811125177539,-0.19118304619834461,0.0005466690835920525,0.035748924756595635,23288,0.06830984909836378,0.0123,index_dividend_yield,0.065,13.11,65,23201.6,23284.75,23116.1,23118.6,mid_price,ok
2026-09-16T08:50:21.908876+00:00,2026-09-16T14:20:21.908876+05:30,NIFTY,29-Sep-2026,23700.0,PE,23231.2,473.25,130,474.75,65,473.55,474.0,17189,20,4491,-10.414301929625426,13.36,-0.7588587308684596,0.0005304901366828983,-4.364681526339015,13.67382580217457,1.6986318016156687,-0.010506018053149657,52.50672619681396,6.034713486877291e-07,-0.0019336484533822142,7.77477990369002e-06,-0.8474643190970355,-34.822646313949,0.7652091002344441,0.0005097108859506044,0.035748924756595635,23288,0.06830984909836378,0.0123,index_dividend_yield,0.065,13.11,65,23201.6,23284.75,23116.1,23118.6,mid_price,ok
2026-09-16T08:50:21.908876+00:00,2026-09-16T14:20:21.908876+05:30,NIFTY,29-Sep-2026,23750.0,CE,23231.2,51.3,195,51.5,390,51.3,51.4,5680,477,9975,-1.5355086372360844,11.16,0.17177485065694448,0.0005195917190661282,-5.352428375689783,11.18749068591581,2.2091925948931475,-0.011187531890929275,91.8872480920232,9.61909112479382e-07,-0.0003879033614528297,-1.7092197578050727e-06,-0.8938141728658202,89.29635479907243,-0.1661409361726415,0.0004971395106063129,0.035748924756595635,23288,0.06830984909836378,0.0123,index_dividend_yield,0.065,13.11,65,23201.6,23284.75,23116.1,23118.6,mid_price,ok
2026-09-16T08:50:21.908876+00:00,2026-09-16T14:20:21.908876+05:30,NIFTY,29-Sep-2026,23750.0,PE,23231.2,513.8,65,520.75,715,510,517.275,2200,-256,724,-11.73416407061267,13.83,,,,,,,,,,,,,,,0.035748924756595635,,,,,,13.11,65,23201.6,23284.75,23116.1,23118.6,mid_price,no_price_available
2026-09-16T08:50:21.908876+00:00,2026-09-16T14:20:21.908876+05:30,NIFTY,29-Sep-2026,23800.0,CE,23231.2,42.5,195,42.6,65,42.95,42.55,57505,8934,67579,-4.555555555555555,11.19,0.14825072387263802,0.0004706009177263497,-4.8470793177118345,10.159892844578616,2.20108781419788,-0.011013708678224154,100.90931155076,9.61350404725752e-07,0.00046890762222520296,-5.366701643125574e-06,-0.8940470957265932,92.36582663227036,-0.14314097655435612,0.00044837577783236,0.035748924756595635,23288,0.06830984909836378,0.0123,index_dividend_yield,0.065,13.11,65,23201.6,23284.75,23116.1,23118.6,mid_price,ok
2026-09-16T08:50:21.908876+00:00,2026-09-16T14:20:21.908876+05:30,NIFTY,29-Sep-2026,23800.0,PE,23231.2,555.85,65,557.6,65,554.15,556.725,26334,-702,6908,-9.886982681518823,13.33,,,,,,,,,,,,,,,0.035748924756595635,,,,,,13.11,65,23201.6,23284.75,23116.1,23118.6,mid_price,no_price_available
2026-09-16T08:50:21.908876+00:00,2026-09-16T14:20:21.908876+05:30,NIFTY,29-Sep-2026,23850.0,CE,23231.2,36.25,260,36.4,845,36.4,36.325,11012,238,13058,-7.142857142857143,11.31,0.12907106671293028,0.0004236634895740272,-4.433786688576643,9.244638114424124,2.143551029807289,-0.010707917009784476,106.44759266296776,9.306425087226693e-07,0.001132775626716488,-8.148774352677442e-06,-0.8858086275226852,94.37476933312503,-0.12439009470565261,0.00040196437060752377,0.035748924756595635,23288,0.06830984909836378,0.0123,index_dividend_yield,0.065,13.11,65,23201.6,23284.75,23116.1,23118.6,mid_price,ok
2026-09-16T08:50:21.908876+00:00,2026-09-16T14:20:21.908876+05:30,NIFTY,29-Sep-2026,23850.0,PE,23231.2,597.8,65,604.1,65,592.25,600.95,1375,-109,386,-9.875979608917294,14.51,,,,,,,,,,,,,,,0.035748924756595635,,,,,,13.11,65,23201.6,23284.75,23116.1,23118.6,mid_price,no_price_available
2026-09-16T08:50:21.908876+00:00,2026-09-16T14:20:21.908876+05:30,NIFTY,29-Sep-2026,23900.0,CE,23231.2,30.2,715,30.35,1235,30.3,30.275,28100,-849,38144,-7.339449541284404,11.34,0.11021071959393548,0.0003779776013303691,-3.9584467851733622,8.269616892477536,2.069570415670942,-0.010257572056687925,111.37545406813842,9.004628368727428e-07,0.0017579063565592936,-1.0763046487607334e-05,-0.8687280140830236,97.41212872049435,-0.10602693783957298,0.00035711948791594683,0.035748924756595635,23288,0.06830984909836378,0.0123,index_dividend_yield,0.065,13.11,65,23201.6,23284.75,23116.1,23118.6,mid_price,ok
2026-09-16T08:50:21.908876+00:00,2026-09-16T14:20:21.908876+05:30,NIFTY,29-Sep-2026,23900.0,PE,23231.2,641.15,130,644,65,630.2,642.575,14000,-861,3674,-10.061367204224346,14.48,,,,,,,,,,,,,,,0.035748924756595635,,,,,,13.11,65,23201.6,23284.75,23116.1,23118.6,mid_price,no_price_available
2026-09-16T08:50:21.908876+00:00,2026-09-16T14:20:21.908876+05:30,NIFTY,29-Sep-2026,23950.0,CE,23231.2,25.5,195,25.55,260,26.1,25.525,4684,407,7000,-6.451612903225806,11.47,0.09549872310737793,0.00033673752805855005,-3.5915457542249767,7.451800314185927,1.965741244565007,-0.009765759595573256,112.88789073695415,8.488782824800758e-07,0.002165860815394135,-1.2455754887711506e-05,-0.8462083663960485,99.17752520258053,-0.09169855755874363,0.0003168281572702928,0.035748924756595635,23288,0.06830984909836378,0.0123,index_dividend_yield,0.065,13.11,65,23201.6,23284.75,23116.1,23118.6,mid_price,ok
2026-09-16T08:50:21.908876+00:00,2026-09-16T14:20:21.908876+05:30,NIFTY,29-Sep-2026,23950.0,PE,23231.2,685.35,65,693.65,65,700.5,689.5,1926,-97,133,-6.2186223977508535,14.74,,,,,,,,,,,,,,,0.035748924756595635,,,,,,13.11,65,23201.6,23284.75,23116.1,23118.6,mid_price,no_price_available
2026-09-16T08:50:21.908876+00:00,2026-09-16T14:20:21.908876+05:30,NIFTY,29-Sep-2026,24000.0,CE,23231.2,21.75,1040,21.8,845,21.8,21.775,148192,6658,120901,-11.919191919191919,11.62,0.0829665706058526,0.00029935146371918355,-3.2631054488041404,6.711101161246405,1.850102231503982,-0.009238254498330295,112.56603179188751,7.913651992316048e-07,0.002445256884453333,-1.361719118961075e-05,-0.819098558985158,100.6080686538287,-0.07951063986257327,0.0002804801881248249,0.035748924756595635,23288,0.06830984909836378,0.0123,index_dividend_yield,0.065,13.11,65,23201.6,23284.75,23116.1,23118.6,mid_price,ok
2026-09-16T08:50:21.908876+00:00,2026-09-16T14:20:21.908876+05:30,NIFTY,29-Sep-2026,24000.0,PE,23231.2,732.5,130,735.6,65,728.6,734.05,90312.15384615384,-1320,15700,-8.097880928355197,15.11,,,,,,,,,,,,,,,0.035748924756595635,,,,,,13.11,65,23201.6,23284.75,23116.1,23118.6,mid_price,no_price_available
2026-09-16T08:50:21.908876+00:00,2026-09-16T14:20:21.908876+05:30,NIFTY,29-Sep-2026,24050.0,CE,23231.2,18.45,715,18.5,65,18.85,18.475,4517,531,5820,-12.121212121212121,11.76,0.0718394396735454,0.00026513714223841596,-2.9489036907206687,6.015672211469276,1.7284313301194065,-0.008674313665901656,110.99675579420021,7.329233755938756e-07,0.002637885424199124,-1.4407138850037938e-05,-0.7874288694913032,102.08414753039413,-0.06871384418330383,0.00024739088657393504,0.035748924756595635,23288,0.06830984909836378,0.0123,index_dividend_yield,0.065,13.11,65,23201.6,23284.75,23116.1,23118.6,mid_price,ok
2026-09-16T08:50:21.908876+00:00,2026-09-16T14:20:21.908876+05:30,NIFTY,29-Sep-2026,24050.0,PE,23231.2,779.45,65,786.15,65,778.55,782.8,1391,2,83,-7.574048792069805,15.86,,,,,,,,,,,,,,,0.035748924756595635,,,,,,13.11,65,23201.6,23284.75,23116.1,23118.6,mid_price,no_price_available
2026-09-16T08:50:21.908876+00:00,2026-09-16T14:20:21.908876+05:30,NIFTY,29-Sep-2026,24100.0,CE,23231.2,15.8,1885,15.9,910,15.8,15.850000000000001,28202,42,32790,-13.896457765667575,11.91,0.06229950683815874,0.0002344786959387204,-2.6654080515519505,5.3879235247220665,1.6045819867954552,-0.008105520510769224,108.22542034498639,6.738566795596907e-07,0.0027414346028932983,-1.4821247339956172e-05,-0.7530384742226531,103.35037555819748,-0.05947255428527818,0.00021787760484760115,0.035748924756595635,23288,0.06830984909836378,0.0123,index_dividend_yield,0.065,13.11,65,23201.6,23284.75,23116.1,23118.6,mid_price,ok
2026-09-16T08:50:21.908876+00:00,2026-09-16T14:20:21.908876+05:30,NIFTY,29-Sep-2026,24100.0,PE,23231.2,825.85,65,829.85,65,837.35,827.85,12580,-402,2279,-5.517630465444288,16.26,,,,,,,,,,,,,,,0.035748924756595635,,,,,,13.11,65,23201.6,23284.75,23116.1,23118.6,mid_price,no_price_available
2026-09-16T08:50:21.908876+00:00,2026-09-16T14:20:21.908876+05:30,NIFTY,29-Sep-2026,24150.0,CE,23231.2,13.65,585,13.75,390,13.85,13.7,6280,1137,6564,-16.31419939577039,12.08,0.05429543647638442,0.00020750601653257293,-2.4186075162275085,4.83619605980799,1.483006774795799,-0.0075567867733549315,104.50738888320909,6.156720646272604e-07,0.002766568926688509,-1.4910607661342093e-05,-0.7177377250086748,104.27323333710677,-0.0517288437665125,0.00019201701347798257,0.035748924756595635,23288,0.06830984909836378,0.0123,index_dividend_yield,0.065,13.11,65,23201.6,23284.75,23116.1,23118.6,mid_price,ok
2026-09-16T08:50:21.908876+00:00,2026-09-16T14:20:21.908876+05:30,NIFTY,29-Sep-2026,24150.0,PE,23231.2,871.65,455,887.3,195,866,879.4749999999999,2468,6,42,-7.7349243554229705,14.66,,,,,,,,,,,,,,,0.035748924756595635,,,,,,13.11,65,23201.6,23284.75,23116.1,23118.6,mid_price,no_price_available
2026-09-16T08:50:21.908876+00:00,2026-09-16T14:20:21.908876+05:30,NIFTY,29-Sep-2026,24200.0,CE,23231.2,12.15,6695,12.2,715,12.2,12.175,57259,547,30304,-17.56756756756757,12.33,0.04842963212580874,0.00018562515760466906,-2.246849556255364,4.415767341984754,1.372441129873659,-0.007103087734317219,100.07442472006423,5.592655286976069e-07,0.002701548704601788,-1.4671207365253396e-05,-0.6870487775312224,104.06698902857637,-0.04604410625342458,0.000171060363623133,0.035748924756595635,23288,0.06830984909836378,0.0123,index_dividend_yield,0.065,13.11,65,23201.6,23284.75,23116.1,23118.6,mid_price,ok
2026-09-16T08:50:21.908876+00:00,2026-09-16T14:20:21.908876+05:30,NIFTY,29-Sep-2026,24200.0,PE,23231.2,921,195,924.65,65,912,922.825,26943,-443,2001,-7.052588666938442,16.65,,,,,,,,,,,,,,,0.035748924756595635,,,,,,13.11,65,23201.6,23284.75,23116.1,23118.6,mid_price,no_price_available
2026-09-16T08:50:21.908876+00:00,2026-09-16T14:20:21.908876+05:30,NIFTY,29-Sep-2026,24250.0,CE,23231.2,10.75,1170,10.9,1690,10.9,10.825,6622,425,4537,-18.352059925093634,12.55,0.04292213630885175,0.00016550310393418797,-2.0694085571990466,4.007339527576934,1.2657435635923011,-0.006638238602231401,95.48905044024968,5.07713889016554e-07,0.002625115351950237,-1.4351359719320534e-05,-0.6542688586155108,104.18578017548636,-0.04072420680038226,0.00015188886776895704,0.035748924756595635,23288,0.06830984909836378,0.0123,index_dividend_yield,0.065,13.11,65,23201.6,23284.75,23116.1,23118.6,mid_price,ok
2026-09-16T08:50:21.908876+00:00,2026-09-16T14:20:21.908876+05:30,NIFTY,29-Sep-2026,24250.0,PE,23231.2,967.35,65,984.6,195,961.1,975.975,2438,-17,58,-7.675312199807877,17.43,,,,,,,,,,,,,,,0.035748924756595635,,,,,,13.11,65,23201.6,23284.75,23116.1,23118.6,mid_price,no_price_available
2026-09-16T08:50:21.908876+00:00,2026-09-16T14:20:21.908876+05:30,NIFTY,29-Sep-2026,24300.0,CE,23231.2,9.6,1300,9.65,1495,9.8,9.625,62094,-2679,21726,-19.672131147540984,12.8,0.038461228599038395,0.0001484434694038955,-1.9255234851793683,3.6658723390015115,1.1688958576847561,-0.006227331690654696,90.80573485770515,4.6040400703197427e-07,0.0025174487230670483,-1.3910457722046552e-05,-0.6241687907145805,103.85861452794407,-0.0364155328104988,0.00013567250269191718,0.035748924756595635,23288,0.06830984909836378,0.0123,index_dividend_yield,0.065,13.11,65,23201.6,23284.75,23116.1,23118.6,mid_price,ok
2026-09-16T08:50:21.908876+00:00,2026-09-16T14:20:21.908876+05:30,NIFTY,29-Sep-2026,24300.0,PE,23231.2,1020.05,65,1026.25,65,1029.25,1023.15,45990,-1266,2978,-5.103263876083349,17.25,,,,,,,,,,,,,,,0.035748924756595635,,,,,,13.11,65,23201.6,23284.75,23116.1,23118.6,mid_price,no_price_available
2026-09-16T08:50:21.908876+00:00,2026-09-16T14:20:21.908876+05:30,NIFTY,29-Sep-2026,24350.0,CE,23231.2,8.65,780,8.75,325,8.85,8.7,8884,545,4075,-16.50943396226415,13.07,0.034764882361639514,0.00013384290056682352,-1.8055275624043432,3.37502658909615,1.081349741926866,-0.005860933855590951,86.19580775363067,4.176231211796986e-07,0.0023943132910605384,-1.3406301453085706e-05,-0.5964446452650654,103.23414029167381,-0.03284626906483779,0.00012182619951075023,0.035748924756595635,23288,0.06830984909836378,0.0123,index_dividend_yield,0.065,13.11,65,23201.6,23284.75,23116.1,23118.6,mid_price,ok
2026-09-16T08:50:21.908876+00:00,2026-09-16T14:20:21.908876+05:30,NIFTY,29-Sep-2026,24350.0,PE,23231.2,1063.2,65,1077.55,65,1081.35,1070.375,4903,-21,72,-3.4552028927280034,18.16,,,,,,,,,,,,,,,0.035748924756595635,,,,,,13.11,65,23201.6,23284.75,23116.1,23118.6,mid_price,no_price_available
2026-09-16T08:50:21.908876+00:00,2026-09-16T14:20:21.908876+05:30,NIFTY,29-Sep-2026,24400.0,CE,23231.2,7.9,4030,8,1430,8.05,7.95,42267,-537,15198,-22.966507177033492,13.3,0.031110606654781686,0.0001200232280225842,-1.6727025895130299,3.0798049673738213,0.9961587345886213,-0.0054758428127265266,81.5820189613059,3.785852366833848e-07,0.0022769882083180015,-1.2884389733298538e-05,-0.5664112162354411,103.064747211366,-0.029332961968521688,0.00010880001060371967,0.035748924756595635,23288,0.06830984909836378,0.0123,index_dividend_yield,0.065,13.11,65,23201.6,23284.75,23116.1,23118.6,mid_price,ok
2026-09-16T08:50:21.908876+00:00,2026-09-16T14:20:21.908876+05:30,NIFTY,29-Sep-2026,24400.0,PE,23231.2,1115.4,65,1126,390,1108,1120.7,29701,-371,1667,-6.026037911878207,16.78,,,,,,,,,,,,,,,0.035748924756595635,,,,,,13.11,65,23201.6,23284.75,23116.1,23118.6,mid_price,no_price_available
2026-09-16T08:50:21.908876+00:00,2026-09-16T14:20:21.908876+05:30,NIFTY,29-Sep-2026,24450.0,CE,23231.2,7.2,650,7.25,130,7.35,7.225,7543,964,4860,-22.63157894736842,13.63,0.028822428391695673,0.00010992743327961746,-1.6052991183252534,2.890734560216298,0.9289297050359049,-0.005216914564457994,77.45007294487883,3.446475491665812e-07,0.0021387858720341812,-1.233430813616641e-05,-0.5456824143563304,101.65260950580141,-0.02711626416599229,9.92411179993262e-05,0.035748924756595635,23288,0.06830984909836378,0.0123,index_dividend_yield,0.065,13.11,65,23201.6,23284.75,23116.1,23118.6,mid_price,ok
2026-09-16T08:50:21.908876+00:00,2026-09-16T14:20:21.908876+05:30,NIFTY,29-Sep-2026,24450.0,PE,23231.2,1162,65,1181.85,65,1186,1171.925,1320,-4,7,-3.4398534500305313,20.15,,,,,,,,,,,,,,,0.035748924756595635,,,,,,13.11,65,23201.6,23284.75,23116.1,23118.6,mid_price,no_price_available
2026-09-16T08:50:21.908876+00:00,2026-09-16T14:20:21.908876+05:30,NIFTY,29-Sep-2026,24500.0,CE,23231.2,6.7,4095,6.75,1300,6.75,6.725,83819,-740,31421,-25.824175824175825,13.87,0.02600863738645794,9.915671569719221e-05,-1.4964240023126818,2.6534130806688916,0.857538907117079,-0.004886933179097851,73.17773105665792,3.129804805864159e-07,0.0020197608068272827,-1.1789479881495088e-05,-0.518656914862762,101.29606326439429,-0.024418246775752207,8.91524437720126e-05,0.035748924756595635,23288,0.06830984909836378,0.0123,index_dividend_yield,0.065,13.11,65,23201.6,23284.75,23116.1,23118.6,mid_price,ok
2026-09-16T08:50:21.908876+00:00,2026-09-16T14:20:21.908876+05:30,NIFTY,29-Sep-2026,24500.0,PE,23231.2,1214.85,260,1220.3,65,1205.95,1217.5749999999998,46620,-718,3219,-5.352587999843033,17.91,,,,,,,,,,,,,,,0.035748924756595635,,,,,,13.11,65,23201.6,23284.75,23116.1,23118.6,mid_price,no_price_available
2026-09-16T08:50:21.908876+00:00,2026-09-16T14:20:21.908876+05:30,NIFTY,29-Sep-2026,24550.0,CE,23231.2,5.85,3640,5.9,715,5.9,5.875,11582,588,6785,-26.25,14.04,0.022970018860448325,8.825520312370528e-05,-1.3622717401518691,2.390637335932899,0.7839137686473426,-0.004510322736060134,68.71815732708697,2.8306155024627923e-07,0.0019083013275984755,-1.1218285039416847e-05,-0.4869479983736213,101.71457005089903,-0.021522396820194644,7.902793124784815e-05,0.035748924756595635,23288,0.06830984909836378,0.0123,index_dividend_yield,0.065,13.11,65,23201.6,23284.75,23116.1,23118.6,mid_price,ok
2026-09-16T08:50:21.908876+00:00,2026-09-16T14:20:21.908876+05:30,NIFTY,29-Sep-2026,24550.0,PE,23231.2,1261.2,65,1273.95,65,1265.3,1267.575,761,-26,53,-5.7890622091508135,18.16,,,,,,,,,,,,,,,0.035748924756595635,,,,,,13.11,65,23201.6,23284.75,23116.1,23118.6,mid_price,no_price_available
2026-09-16T08:50:21.908876+00:00,2026-09-16T14:20:21.908876+05:30,NIFTY,29-Sep-2026,24600.0,CE,23231.2,5.5,3575,5.6,2535,5.6,5.55,23043,-319,8622,-25.333333333333332,14.31,0.02102739041001731,8.036533951276928e-05,-1.2863262116247733,2.2187822798079617,0.727088994335403,-0.004253512268390144,64.91955920338354,2.577445883013527e-07,0.0017898336096544892,-1.067968597397738e-05,-0.4647747104145154,100.93855813603494,-0.019660651155843326,7.167073478897295e-05,0.035748924756595635,23288,0.06830984909836378,0.0123,index_dividend_yield,0.065,13.11,65,23201.6,23284.75,23116.1,23118.6,mid_price,ok
2026-09-16T08:50:21.908876+00:00,2026-09-16T14:20:21.908876+05:30,NIFTY,29-Sep-2026,24600.0,PE,23231.2,1311.7,65,1314,130,1307.55,1312.85,10359,-133,325,-5.363152752144176,21.24,,,,,,,,,,,,,,,0.035748924756595635,,,,,,13.11,65,23201.6,23284.75,23116.1,23118.6,mid_price,no_price_available
2026-09-16T08:50:21.908876+00:00,2026-09-16T14:20:21.908876+05:30,NIFTY,29-Sep-2026,24650.0,CE,23231.2,5.25,455,5.3,520,5.25,5.275,2270,-132,4000,-28.571428571428573,14.72,0.020253207854373453,7.568360009663567e-05,-1.2794611057073544,2.1493931650083233,0.6901678202902057,-0.004143843068239703,62.094996278839965,2.3771388817846335e-07,0.001672324053830055,-1.0230586706538755e-05,-0.45515969786280536,98.61380202744667,-0.018893919707289795,6.722196795484826e-05,0.035748924756595635,23288,0.06830984909836378,0.0123,index_dividend_yield,0.065,13.11,65,23201.6,23284.75,23116.1,23118.6,mid_price,ok
2026-09-16T08:50:21.908876+00:00,2026-09-16T14:20:21.908876+05:30,NIFTY,29-Sep-2026,24650.0,PE,23231.2,1350.6,65,1372.05,65,1321,1361.3249999999998,569,0,6,-6.965279245017255,0,,,,,,,,,,,,,,,0.035748924756595635,,,,,,13.11,65,23201.6,23284.75,23116.1,23118.6,mid_price,no_price_available
2026-09-16T08:50:21.908876+00:00,2026-09-16T14:20:21.908876+05:30,NIFTY,29-Sep-2026,24700.0,CE,23231.2,4.9,5590,5,5590,4.95,4.95,22326,-756,14336,-28.776978417266186,14.96,0.018449849417516845,6.879599395667115e-05,-1.1993808725652835,1.9856422927664341,0.6390795064672716,-0.0038915083558871406,58.57430058284507,2.167312455212073e-07,0.0015695472193516646,-9.723620068885426e-06,-0.4327378667559463,98.16639301177014,-0.017175949869989725,6.0857278992512954e-05,0.035748924756595635,23288,0.06830984909836378,0.0123,index_dividend_yield,0.065,13.11,65,23201.6,23284.75,23116.1,23118.6,mid_price,ok
2026-09-16T08:50:21.908876+00:00,2026-09-16T14:20:21.908876+05:30,NIFTY,29-Sep-2026,24700.0,PE,23231.2,1412.65,65,1417.55,65,1430.2,1415.1,3536,-119,227,-2.3287577682168954,21.03,,,,,,,,,,,,,,,0.035748924756595635,,,,,,13.11,65,23201.6,23284.75,23116.1,23118.6,mid_price,no_price_available
2026-09-16T08:50:21.908876+00:00,2026-09-16T14:20:21.908876+05:30,NIFTY,29-Sep-2026,24750.0,CE,23231.2,4.65,1755,4.75,975,4.65,4.7,4148,-333,2439,-27.906976744186046,15.3,0.017439112565624346,6.411175762866258e-05,-1.1672828562528164,1.89249780864812,0.6021964133786535,-0.0037429167986234094,55.7994664071918,1.9965775078654529e-07,0.0014712777405993926,-9.29426350747079e-06,-0.41931677024940894,96.66128758994317,-0.016199606584655264,5.6484665881905154e-05,0.035748924756595635,23288,0.06830984909836378,0.0123,index_dividend_yield,0.065,13.11,65,23201.6,23284.75,23116.1,23118.6,mid_price,ok
2026-09-16T08:50:21.908876+00:00,2026-09-16T14:20:21.908876+05:30,NIFTY,29-Sep-2026,24750.0,PE,23231.2,1443.65,195,1468.45,195,0.0,1456.0500000000002,440,0,0,0,29.46,,,,,,,,,,,,,,,0.035748924756595635,,,,,,13.11,65,23201.6,23284.75,23116.1,23118.6,mid_price,no_price_available
2026-09-16T08:50:21.908876+00:00,2026-09-16T14:20:21.908876+05:30,NIFTY,29-Sep-2026,24800.0,CE,23231.2,4.3,1950,4.35,1820,4.35,4.324999999999999,16295,-855,9335,-29.26829268292683,15.53,0.015903672905399867,5.8372601668738035e-05,-1.0934731077763011,1.7489877884051375,0.5579032253008493,-0.0035133177121809567,52.60324101893554,1.8234286577680652e-07,0.0013797636546945217,-8.820407252233557e-06,-0.39826529216732376,96.29194453588869,-0.014742924113103937,5.122110885859576e-05,0.035748924756595635,23288,0.06830984909836378,0.0123,index_dividend_yield,0.065,13.11,65,23201.6,23284.75,23116.1,23118.6,mid_price,ok
2026-09-16T08:50:21.908876+00:00,2026-09-16T14:20:21.908876+05:30,NIFTY,29-Sep-2026,24800.0,PE,23231.2,1508.15,65,1516.5,130,1519.25,1512.325,5274,-67,140,-3.911833533615837,21.79,,,,,,,,,,,,,,,0.035748924756595635,,,,,,13.11,65,23201.6,23284.75,23116.1,23118.6,mid_price,no_price_available
2026-09-16T08:50:21.908876+00:00,2026-09-16T14:20:21.908876+05:30,NIFTY,29-Sep-2026,24850.0,CE,23231.2,4,975,4.05,1560,4,4.025,3925,-79,1789,-27.272727272727273,15.76,0.014530681385070592,5.322799860638069e-05,-1.0255135080851476,1.6184624255203597,0.517213818385486,-0.0032996662680407924,49.58068889644906,1.666670371757998e-07,0.0012928608260018846,-8.363955685450882e-06,-0.37831578424523027,95.90236102311316,-0.013442466060726662,4.651902868832112e-05,0.035748924756595635,23288,0.06830984909836378,0.0123,index_dividend_yield,0.065,13.11,65,23201.6,23284.75,23116.1,23118.6,mid_price,ok
2026-09-16T08:50:21.908876+00:00,2026-09-16T14:20:21.908876+05:30,NIFTY,29-Sep-2026,24850.0,PE,23231.2,1548.65,65,1571.65,65,1557.1,1560.15,211,-2,3,13.243636363636364,19.89,,,,,,,,,,,,,,,0.035748924756595635,,,,,,13.11,65,23201.6,23284.75,23116.1,23118.6,mid_price,no_price_available
2026-09-16T08:50:21.908876+00:00,2026-09-16T14:20:21.908876+05:30,NIFTY,29-Sep-2026,24900.0,CE,23231.2,3.8,7020,3.85,1040,3.85,3.825,7952,155,6123,-30,16.15,0.014080116614914897,5.0552479334716314e-05,-1.0213905327136863,1.5751476086660023,0.49413293616713466,-0.0032252034596081426,47.63716013981956,1.5528431028800016e-07,0.0012158306413542538,-8.042360514834344e-06,-0.3712749181070098,93.94764626241906,-0.012996638551837882,4.400348300867162e-05,0.035748924756595635,23288,0.06830984909836378,0.0123,index_dividend_yield,0.065,13.11,65,23201.6,23284.75,23116.1,23118.6,mid_price,ok
2026-09-16T08:50:21.908876+00:00,2026-09-16T14:20:21.908876+05:30,NIFTY,29-Sep-2026,24900.0,PE,23231.2,1607.2,65,1620.45,195,1630,1613.825,1075,-19,43,-2.692376574532864,24.7,,,,,,,,,,,,,,,0.035748924756595635,,,,,,13.11,65,23201.6,23284.75,23116.1,23118.6,mid_price,no_price_available
2026-09-16T08:50:21.908876+00:00,2026-09-16T14:20:21.908876+05:30,NIFTY,29-Sep-2026,24950.0,CE,23231.2,3.6,2535,3.7,1040,3.6,3.6500000000000004,2241,805,2211,-32.71028037383178,16.42,0.013105797758861856,4.6737430870465375e-05,-0.9749820687081285,1.4806222102974596,0.46269990534358785,-0.003065881373434874,45.176203959844784,1.4303817866605843e-07,0.0011413873744628136,-7.658366249535427e-06,-0.3560686760911919,93.17294072854412,-0.012071971358151246,4.051977483098713e-05,0.035748924756595635,23288,0.06830984909836378,0.0123,index_dividend_yield,0.065,13.11,65,23201.6,23284.75,23116.1,23118.6,mid_price,ok
2026-09-16T08:50:21.908876+00:00,2026-09-16T14:20:21.908876+05:30,NIFTY,29-Sep-2026,24950.0,PE,23231.2,1642.75,130,1669.4,130,1680.95,1656.075,75,-1,1,7.584242695766265,25.43,,,,,,,,,,,,,,,0.035748924756595635,,,,,,13.11,65,23201.6,23284.75,23116.1,23118.6,mid_price,no_price_available
2026-09-16T08:50:21.908876+00:00,2026-09-16T14:20:21.908876+05:30,NIFTY,29-Sep-2026,25000.0,CE,23231.2,3.4,1495,3.45,8515,3.4,3.425,77466,-1534,29865,-35.23809523809524,16.63,0.011964526837871393,4.264704460310834e-05,-0.9115535032756689,1.3683193256247341,0.4288758756622619,-0.0028740133457413625,42.536899178657436,1.3097622456175361e-07,0.001069307518868564,-7.250028337333579e-06,-0.3374793368242912,92.94714661521586,-0.010998396132112577,3.6825801720075467e-05,0.035748924756595635,23288,0.06830984909836378,0.0123,index_dividend_yield,0.065,13.11,65,23201.6,23284.75,23116.1,23118.6,mid_price,ok
2026-09-16T08:50:21.908876+00:00,2026-09-16T14:20:21.908876+05:30,NIFTY,29-Sep-2026,25000.0,PE,23231.2,1709.55,65,1718.1,130,1705.45,1713.8249999999998,31264.923076923078,-309,1323,-3.7909344766310324,24.03,,,,,,,,,,,,,,,0.035748924756595635,,,,,,13.11,65,23201.6,23284.75,23116.1,23118.6,mid_price,no_price_available
2026-09-16T08:50:21.908876+00:00,2026-09-16T14:20:21.908876+05:30,NIFTY,29-Sep-2026,25050.0,CE,23231.2,3.3,715,3.4,2080,3.35,3.3499999999999996,1262,-14,453,-29.473684210526315,17.04,0.011750733877473463,4.097492195051559e-05,-0.9184644828174919,1.3470818871037773,0.41344536074171007,-0.0028350591323222396,41.13210668347944,1.231195227225427e-07,0.001010661830898752,-7.008955728130193e-06,-0.33366384128099735,90.91327384177879,-0.010777683308468905,3.5240816494408964e-05,0.035748924756595635,23288,0.06830984909836378,0.0123,index_dividend_yield,0.065,13.11,65,23201.6,23284.75,23116.1,23118.6,mid_price,ok
2026-09-16T08:50:21.908876+00:00,2026-09-16T14:20:21.908876+05:30,NIFTY,29-Sep-2026,25050.0,PE,23231.2,1741.95,130,1765.95,130,1774,1753.95,59,-1,4,21.12108694910047,25.47,,,,,,,,,,,,,,,0.035748924756595635,,,,,,13.11,65,23201.6,23284.75,23116.1,23118.6,mid_price,no_price_available
2026-09-16T08:50:21.908876+00:00,2026-09-16T14:20:21.908876+05:30,NIFTY,29-Sep-2026,25100.0,CE,23231.2,3.2,4680,3.25,2015,3.15,3.225,4989,-108,3488,-32.97872340425532,17.37,0.011237361817296693,3.866671127608084e-05,-0.8996701915342331,1.295815961652524,0.3931603154181942,-0.0027446570067401477,39.408734689353466,1.1481521072442439e-07,0.0009533241827060592,-6.727269354266097e-06,-0.3247643196212655,89.64059816875533,-0.010284666627879338,3.3123260490375284e-05,0.035748924756595635,23288,0.06830984909836378,0.0123,index_dividend_yield,0.065,13.11,65,23201.6,23284.75,23116.1,23118.6,mid_price,ok
2026-09-16T08:50:21.908876+00:00,2026-09-16T14:20:21.908876+05:30,NIFTY,29-Sep-2026,25100.0,PE,23231.2,1805.15,65,1815.95,195,1802.4,1810.5500000000002,1509,-5,8,-3.3254666380605022,0,,,,,,,,,,,,,,,0.035748924756595635,,,,,,13.11,65,23201.6,23284.75,23116.1,23118.6,mid_price,no_price_available
2026-09-16T08:50:21.908876+00:00,2026-09-16T14:20:21.908876+05:30,NIFTY,29-Sep-2026,25150.0,CE,23231.2,3,910,3.1,455,3.05,3.05,504,-47,442,-35.1063829787234,17.59,0.010357832003321963,3.5567892989981955e-05,-0.847861190697617,1.2070638662490998,0.366542375055583,-0.0025881332365658045,37.23780267168675,1.0573886310725259e-07,0.0008950467440000017,-6.384184489132303e-06,-0.30918694019440673,89.31335938139027,-0.009460465308462729,3.034767660195704e-05,0.035748924756595635,23288,0.06830984909836378,0.0123,index_dividend_yield,0.065,13.11,65,23201.6,23284.75,23116.1,23118.6,mid_price,ok
2026-09-16T08:50:21.908876+00:00,2026-09-16T14:20:21.908876+05:30,NIFTY,29-Sep-2026,25150.0,PE,23231.2,1800.15,780,1890,65,0.0,1845.075,23,0,0,0,29.07,,,,,,,,,,,,,,,0.035748924756595635,,,,,,13.11,65,23201.6,23284.75,23116.1,23118.6,mid_price,no_price_available
2026-09-16T08:50:21.908876+00:00,2026-09-16T14:20:21.908876+05:30,NIFTY,29-Sep-2026,25200.0,CE,23231.2,2.85,8320,2.9,845,2.85,2.875,7508,-509,6306,-32.94117647058823,17.9,0.009872159986608054,3.3517631395889095e-05,-0.8266125154459646,1.1575309787469668,0.34815731297433045,-0.0024987722752141932,35.645981227263256,9.866926916245134e-08,0.0008449066607589019,-6.122902221444588e-06,-0.3001923484589579,88.23269660007321,-0.008997731580691937,2.8484954262008158e-05,0.035748924756595635,23288,0.06830984909836378,0.0123,index_dividend_yield,0.065,13.11,65,23201.6,23284.75,23116.1,23118.6,mid_price,ok
2026-09-16T08:50:21.908876+00:00,2026-09-16T14:20:21.908876+05:30,NIFTY,29-Sep-2026,25200.0,PE,23231.2,1904.45,65,1923.4,130,1900.35,1913.9250000000002,1231,-15,22,-3.540429419826405,26.64,,,,,,,,,,,,,,,0.035748924756595635,,,,,,13.11,65,23201.6,23284.75,23116.1,23118.6,mid_price,no_price_available
2026-09-16T08:50:21.908876+00:00,2026-09-16T14:20:21.908876+05:30,NIFTY,29-Sep-2026,25250.0,CE,23231.2,2.75,2535,2.85,1300,2.8,2.8,879,-418,1586,-34.883720930232556,18.21,0.009425171962175087,3.1639591213743556e-05,-0.8068262536943833,1.111596269827953,0.33113689949473835,-0.0024151396170619573,34.15507310757171,9.222137513427006e-08,0.0007984004010283611,-5.877164512815271e-06,-0.29170653866428076,87.17130293924916,-0.008572128372083652,2.6782516816056953e-05,0.035748924756595635,23288,0.06830984909836378,0.0123,index_dividend_yield,0.065,13.11,65,23201.6,23284.75,23116.1,23118.6,mid_price,ok
2026-09-16T08:50:21.908876+00:00,2026-09-16T14:20:21.908876+05:30,NIFTY,29-Sep-2026,25250.0,PE,23231.2,1936.35,780,1964.75,130,0.0,1950.55,29,0,0,0,42.46,,,,,,,,,,,,,,,0.035748924756595635,,,,,,13.11,65,23201.6,23284.75,23116.1,23118.6,mid_price,no_price_available
2026-09-16T08:50:21.908876+00:00,2026-09-16T14:20:21.908876+05:30,NIFTY,29-Sep-2026,25300.0,CE,23231.2,2.6,3120,2.65,910,2.65,2.625,7092,142,5100,-35.36585365853659,18.52,0.009013035522012214,2.991606517551799e-05,-0.7883881906023336,1.0689360507900816,0.31535831433086253,-0.0023367907094468243,32.75760915103354,8.63304749031486e-08,0.0007552320386521344,-5.645945705949089e-06,-0.2836959974901937,86.1290427783193,-0.00817994407964492,2.5223579388521283e-05,0.035748924756595635,23288,0.06830984909836378,0.0123,index_dividend_yield,0.065,13.11,65,23201.6,23284.75,23116.1,23118.6,mid_price,ok
2026-09-16T08:50:21.908876+00:00,2026-09-16T14:20:21.908876+05:30,NIFTY,29-Sep-2026,25300.0,PE,23231.2,2002.45,65,2014.55,130,1993.6,2008.5,455,-4,5,-3.92289156626506,19.6,,,,,,,,,,,,,,,0.035748924756595635,,,,,,13.11,65,23201.6,23284.75,23116.1,23118.6,mid_price,no_price_available
2026-09-16T08:50:21.908876+00:00,2026-09-16T14:20:21.908876+05:30,NIFTY,29-Sep-2026,25350.0,CE,23231.2,2.5,520,2.65,130,2.5,2.575,397,23,316,-38.27160493827161,18.77,0.008453022367145556,2.7903272014957e-05,-0.7547263307226303,1.0104752408059179,0.297099575814354,-0.002229026881221891,31.16978502117401,8.025169916466362e-08,0.0007120499625422001,-5.387306185267354e-06,-0.272580185123233,85.55944961928866,-0.0076559636637768495,2.3433787799714726e-05,0.035748924756595635,23288,0.06830984909836378,0.0123,index_dividend_yield,0.065,13.11,65,23201.6,23284.75,23116.1,23118.6,mid_price,ok
2026-09-16T08:50:21.908876+00:00,2026-09-16T14:20:21.908876+05:30,NIFTY,29-Sep-2026,25350.0,PE,23231.2,2035.6,130,2064.2,130,0.0,2049.8999999999996,16,0,0,0,6.15,,,,,,,,,,,,,,,0.035748924756595635,,,,,,13.11,65,23201.6,23284.75,23116.1,23118.6,mid_price,no_price_available
2026-09-16T08:50:21.908876+00:00,2026-09-16T14:20:21.908876+05:30,NIFTY,29-Sep-2026,25400.0,CE,23231.2,2.45,3965,2.5,1300,2.45,2.475,3457,462,2722,-32.87671232876713,19.05,0.008024117295392569,2.6263950272194645e-05,-0.7311679923348399,0.9652977605851113,0.28190690149189734,-0.0021445831200240743,29.81203007761579,7.501620461606219e-08,0.0006732475160093264,-5.162937614198229e-06,-0.2637874117790544,84.76509414546358,-0.007252391293290662,2.1970295673035895e-05,0.035748924756595635,23288,0.06830984909836378,0.0123,index_dividend_yield,0.065,13.11,65,23201.6,23284.75,23116.1,23118.6,mid_price,ok
2026-09-16T08:50:21.908876+00:00,2026-09-16T14:20:21.908876+05:30,NIFTY,29-Sep-2026,25400.0,PE,23231.2,2099.8,65,2118.4,65,2122.7,2109.1000000000004,403,-9,11,-2.4045977011494255,29.15,,,,,,,,,,,,,,,0.035748924756595635,,,,,,13.11,65,23201.6,23284.75,23116.1,23118.6,mid_price,no_price_available
2026-09-16T08:50:21.908876+00:00,2026-09-16T14:20:21.908876+05:30,NIFTY,29-Sep-2026,25450.0,CE,23231.2,2.35,715,2.45,715,2.3,2.4000000000000004,659,-123,328,-40.25974025974026,19.33,0.007628455569962535,2.4757277329481022e-05,-0.7091027923282239,0.9232961122687238,0.2677946112433017,-0.002065322614949598,28.536141829117955,7.021571655609545e-08,0.0006370782140155822,-4.951217107124159e-06,-0.2554667922164785,83.97887129323473,-0.00688046782054757,2.062863994625349e-05,0.035748924756595635,23288,0.06830984909836378,0.0123,index_dividend_yield,0.065,13.11,65,23201.6,23284.75,23116.1,23118.6,mid_price,ok
2026-09-16T08:50:21.908876+00:00,2026-09-16T14:20:21.908876+05:30,NIFTY,29-Sep-2026,25450.0,PE,23231.2,2110.15,780,2200.65,65,0.0,2155.4,11,0,0,0,6.11,,,,,,,,,,,,,,,0.035748924756595635,,,,,,13.11,65,23201.6,23284.75,23116.1,23118.6,mid_price,no_price_available
2026-09-16T08:50:21.908876+00:00,2026-09-16T14:20:21.908876+05:30,NIFTY,29-Sep-2026,25500.0,CE,23231.2,2.4,3640,2.45,6760,2.45,2.425,45361,-1537,19240,-31.944444444444443,19.86,0.00791612504758671,2.489439592282614e-05,-0.7520564533140499,0.9538654263437697,0.26791484082686057,-0.0021210259306543846,28.390576059546813,6.826219469041912e-08,0.0006155884757133122,-4.910783957684074e-06,-0.26131894423044677,81.45753988990305,-0.007123272666557341,2.066162708772359e-05,0.035748924756595635,23288,0.06830984909836378,0.0123,index_dividend_yield,0.065,13.11,65,23201.6,23284.75,23116.1,23118.6,mid_price,ok
2026-09-16T08:50:21.908876+00:00,2026-09-16T14:20:21.908876+05:30,NIFTY,29-Sep-2026,25500.0,PE,23231.2,2207.25,65,2216.9,130,2205,2212.075,22614,-140,766,-2.8527370855821124,27.02,,,,,,,,,,,,,,,0.035748924756595635,,,,,,13.11,65,23201.6,23284.75,23116.1,23118.6,mid_price,no_price_available
2026-09-16T08:50:21.908876+00:00,2026-09-16T14:20:21.908876+05:30,NIFTY,29-Sep-2026,25550.0,CE,23231.2,2.25,455,2.4,2080,2.15,2.325,576,-6,335,-37.68115942028985,19.92,0.0069975931235734205,2.22636921502392e-05,-0.6762442329004166,0.855643377778448,0.24397966641914173,-0.0019358467522861775,26.332416552386604,6.204033969281737e-08,0.000573386809454192,-4.581815954329133e-06,-0.2417289890110994,82.22382135548483,-0.006285143346994289,1.840596817133098e-05,0.035748924756595635,23288,0.06830984909836378,0.0123,index_dividend_yield,0.065,13.11,65,23201.6,23284.75,23116.1,23118.6,mid_price,ok
2026-09-16T08:50:21.908876+00:00,2026-09-16T14:20:21.908876+05:30,NIFTY,29-Sep-2026,25550.0,PE,23231.2,2235.8,130,2263.4,130,0.0,2249.6000000000004,6,0,0,0,0,,,,,,,,,,,,,,,0.035748924756595635,,,,,,13.11,65,23201.6,23284.75,23116.1,23118.6,mid_price,no_price_available
2026-09-16T08:50:21.908876+00:00,2026-09-16T14:20:21.908876+05:30,NIFTY,29-Sep-2026,25600.0,CE,23231.2,2.05,1040,2.1,390,2.1,2.075,2149,-32,1741,-35.38461538461539,20.24,0.0067741094799207546,2.1292541101475915e-05,-0.6672417932023998,0.831465576356847,0.23448245289708944,-0.001888894598666822,25.42725987354777,5.86563091616805e-08,0.0005459402810344243,-4.428001723610399e-06,-0.23670107951267327,81.1979264683613,-0.006071585154175559,1.753439763698027e-05,0.035748924756595635,23288,0.06830984909836378,0.0123,index_dividend_yield,0.065,13.11,65,23201.6,23284.75,23116.1,23118.6,mid_price,ok
2026-09-16T08:50:21.908876+00:00,2026-09-16T14:20:21.908876+05:30,NIFTY,29-Sep-2026,25600.0,PE,23231.2,2301.55,325,2352.9,780,2280,2327.2250000000004,477,-2,4,-5.806531573402739,0,,,,,,,,,,,,,,,0.035748924756595635,,,,,,13.11,65,23201.6,23284.75,23116.1,23118.6,mid_price,no_price_available
2026-09-16T08:50:21.908876+00:00,2026-09-16T14:20:21.908876+05:30,NIFTY,29-Sep-2026,25650.0,CE,23231.2,2.05,1885,2.2,780,2.2,2.125,641,187,280,-34.32835820895522,20.55,0.006543065120521254,2.0337818559324793e-05,-0.6565725438481642,0.8063479124665349,0.22512842231840138,-0.0018399363056535265,24.535466730887244,5.544464103929988e-08,0.0005198579251520624,-4.276781952610906e-06,-0.2314316855610895,80.25938064073448,-0.005852216540370036,1.6682952645925687e-05,0.035748924756595635,23288,0.06830984909836378,0.0123,index_dividend_yield,0.065,13.11,65,23201.6,23284.75,23116.1,23118.6,mid_price,ok
2026-09-16T08:50:21.908876+00:00,2026-09-16T14:20:21.908876+05:30,NIFTY,29-Sep-2026,25650.0,PE,23231.2,2295.85,780,2385.45,65,0.0,2340.6499999999996,1,0,0,0,13.42,,,,,,,,,,,,,,,0.035748924756595635,,,,,,13.11,65,23201.6,23284.75,23116.1,23118.6,mid_price,no_price_available
2026-09-16T08:50:21.908876+00:00,2026-09-16T14:20:21.908876+05:30,NIFTY,29-Sep-2026,25700.0,CE,23231.2,1.9,2665,1.95,325,1.95,1.9249999999999998,2793,-257,2805,-31.57894736842105,20.73,0.006049958430082139,1.8810056934189383e-05,-0.6175786272388136,0.75230800567515,0.21054271909096145,-0.0017345860157693526,23.202938600732914,5.141724653686737e-08,0.0004893963009266181,-4.057187334595263e-06,-0.2199986723999614,80.17702571926301,-0.005400576881657986,1.5369762294572817e-05,0.035748924756595635,23288,0.06830984909836378,0.0123,index_dividend_yield,0.065,13.11,65,23201.6,23284.75,23116.1,23118.6,mid_price,ok
2026-09-16T08:50:21.908876+00:00,2026-09-16T14:20:21.908876+05:30,NIFTY,29-Sep-2026,25700.0,PE,23231.2,2374.7,780,2426.65,130,0.0,2400.675,185,0,0,0,32.3,,,,,,,,,,,,,,,0.035748924756595635,,,,,,13.11,65,23201.6,23284.75,23116.1,23118.6,mid_price,no_price_available
2026-09-16T08:50:21.908876+00:00,2026-09-16T14:20:21.908876+05:30,NIFTY,29-Sep-2026,25750.0,CE,23231.2,1.8,195,2.15,975,1.65,1.975,117,2,5,-46.774193548387096,20.76,0.005308637836427408,1.672480711168753e-05,-0.5504236969520694,0.6698764931834895,0.19057467701153386,-0.001571335564907409,21.38597956135518,4.6523942495098866e-08,0.0004533691684830406,-3.7598123024026735e-06,-0.20201387884737187,81.06344177282418,-0.004730278653585245,1.3612877563050817e-05,0.035748924756595635,23288,0.06830984909836378,0.0123,index_dividend_yield,0.065,13.11,65,23201.6,23284.75,23116.1,23118.6,mid_price,wide_quote_low_liquidity
2026-09-16T08:50:21.908876+00:00,2026-09-16T14:20:21.908876+05:30,NIFTY,29-Sep-2026,25750.0,PE,23231.2,2395.05,780,2482.85,65,0.0,2438.95,8,0,0,0,0,,,,,,,,,,,,,,,0.035748924756595635,,,,,,13.11,65,23201.6,23284.75,23116.1,23118.6,mid_price,no_price_available
2026-09-16T08:50:21.908876+00:00,2026-09-16T14:20:21.908876+05:30,NIFTY,29-Sep-2026,25800.0,CE,23231.2,1.85,1170,1.9,2795,1.85,1.875,4774,-181,1842,-33.92857142857143,21.45,0.005877529059778233,1.7718551621402458e-05,-0.6221044550252083,0.7332664014901481,0.1992250752923621,-0.0016960264265796698,22.044932189094702,4.69556233742093e-08,0.0004500766529052035,-3.854273284642922e-06,-0.21577954701549143,77.73220931930322,-0.005224243537652903,1.4365875346225928e-05,0.035748924756595635,23288,0.06830984909836378,0.0123,index_dividend_yield,0.065,13.11,65,23201.6,23284.75,23116.1,23118.6,mid_price,ok
2026-09-16T08:50:21.908876+00:00,2026-09-16T14:20:21.908876+05:30,NIFTY,29-Sep-2026,25800.0,PE,23231.2,2444.9,780,2529.55,65,0.0,2487.2250000000004,322,0,0,0,0,,,,,,,,,,,,,,,0.035748924756595635,,,,,,13.11,65,23201.6,23284.75,23116.1,23118.6,mid_price,no_price_available
2026-09-16T08:50:21.908876+00:00,2026-09-16T14:20:21.908876+05:30,NIFTY,29-Sep-2026,25850.0,CE,23231.2,1.75,1820,2.1,780,2.15,1.925,117,-41,63,-6.521739130434782,22.12,0.006420416813552154,1.858067033874502e-05,-0.6933082186351172,0.7929627233848319,0.2064698763742695,-0.001811353376971486,22.56314860692715,4.708367577749702e-08,0.0004446906609278117,-3.924805294520468e-06,-0.22833999375181147,74.76635546728347,-0.005692806673521818,1.5006643678011218e-05,0.035748924756595635,23288,0.06830984909836378,0.0123,index_dividend_yield,0.065,13.11,65,23201.6,23284.75,23116.1,23118.6,mid_price,wide_quote_low_liquidity
2026-09-16T08:50:21.908876+00:00,2026-09-16T14:20:21.908876+05:30,NIFTY,29-Sep-2026,25850.0,PE,23231.2,2520.7,780,2584.2,65,0.0,2552.45,0,0,0,0,0,,,,,,,,,,,,,,,0.035748924756595635,,,,,,13.11,65,23201.6,23284.75,23116.1,23118.6,mid_price,no_price_available
2026-09-16T08:50:21.908876+00:00,2026-09-16T14:20:21.908876+05:30,NIFTY,29-Sep-2026,25900.0,CE,23231.2,1.65,520,1.85,130,1.65,1.75,736,-21,170,-34,21.97,0.0053562428487906,1.5929645320474655e-05,-0.586119230410974,0.6752155483187674,0.18145624304096797,-0.0015802530341964462,20.338007176250837,4.174080499659445e-08,0.000407297171799607,-3.566454487081642e-06,-0.2030032906041458,76.58583107410985,-0.004741591133644972,1.2815922292130048e-05,0.035748924756595635,23288,0.06830984909836378,0.0123,index_dividend_yield,0.065,13.11,65,23201.6,23284.75,23116.1,23118.6,mid_price,ok
2026-09-16T08:50:21.908876+00:00,2026-09-16T14:20:21.908876+05:30,NIFTY,29-Sep-2026,25900.0,PE,23231.2,2410.65,3380,2629.05,130,0.0,2519.8500000000004,72,0,0,0,52.11,,,,,,,,,,,,,,,0.035748924756595635,,,,,,13.11,65,23201.6,23284.75,23116.1,23118.6,mid_price,no_price_available
2026-09-16T08:50:21.908876+00:00,2026-09-16T14:20:21.908876+05:30,NIFTY,29-Sep-2026,25950.0,CE,23231.2,1.5,6955,2.05,2340,1.6,1.775,158,-8,45,-47.540983606557376,22.1,0.004899548940843897,1.4628235385859614e-05,-0.5443682704286165,0.6237211700823458,0.1686335823596675,-0.0014764471690738388,19.129675846179804,3.8580885468328473e-08,0.0003824508085763225,-3.365787566663378e-06,-0.1914000958873006,76.77622917350477,-0.004329089787007789,1.1723586796303743e-05,0.035748924756595635,23288,0.06830984909836378,0.0123,index_dividend_yield,0.065,13.11,65,23201.6,23284.75,23116.1,23118.6,mid_price,wide_quote_low_liquidity
2026-09-16T08:50:21.908876+00:00,2026-09-16T14:20:21.908876+05:30,NIFTY,29-Sep-2026,25950.0,PE,23231.2,2498.8,780,2706.6,780,0.0,2602.7,1,0,0,0,13.83,,,,,,,,,,,,,,,0.035748924756595635,,,,,,13.11,65,23201.6,23284.75,23116.1,23118.6,mid_price,no_price_available
2026-09-16T08:50:21.908876+00:00,2026-09-16T14:20:21.908876+05:30,NIFTY,29-Sep-2026,26000.0,CE,23231.2,1.65,7150,1.75,6435,1.65,1.7,51298.230769230766,-4278,11421,-28.26086956521739,22.45,0.004837034311422397,1.4236306004296503e-05,-0.5464172941858118,0.6166232997843799,0.16443370567801588,-0.001461634238257123,18.685235317433214,3.70092229017082e-08,0.0003679734793105872,-3.287352192743701e-06,-0.18973212115780969,75.68352161777929,-0.004264822102760983,1.1365640262453509e-05,0.035748924756595635,23288,0.06830984909836378,0.0123,index_dividend_yield,0.065,13.11,65,23201.6,23284.75,23116.1,23118.6,mid_price,ok
2026-09-16T08:50:21.908876+00:00,2026-09-16T14:20:21.908876+05:30,NIFTY,29-Sep-2026,26000.0,PE,23231.2,2704.6,65,2716.85,65,2713.9,2710.725,30284.53846153846,-365,773,-1.8339000217029588,34.38,,,,,,,,,,,,,,,0.035748924756595635,,,,,,13.11,65,23201.6,23284.75,23116.1,23118.6,mid_price,no_price_available
2026-09-16T08:50:21.908876+00:00,2026-09-16T14:20:21.908876+05:30,NIFTY,29-Sep-2026,26050.0,CE,23231.2,1.45,1365,1.75,130,1.6,1.6,185,-4,13,-33.333333333333336,22.8,0.004778450835329295,1.3866304001899096e-05,-0.5486692501140646,0.6099606738902521,0.16045593466415844,-0.001447707926366025,18.262807987492913,3.553640470097994e-08,0.0003543448644464747,-3.2127745492301586e-06,-0.18816123130779694,74.61976212617881,-0.004204279572677235,1.1027791578979752e-05,0.035748924756595635,23288,0.06830984909836378,0.0123,index_dividend_yield,0.065,13.11,65,23201.6,23284.75,23116.1,23118.6,mid_price,wide_quote_low_liquidity
2026-09-16T08:50:21.908876+00:00,2026-09-16T14:20:21.908876+05:30,NIFTY,29-Sep-2026,26050.0,PE,23231.2,2581.25,780,2806.05,780,0.0,2693.65,4,0,0,0,18.06,,,,,,,,,,,,,,,0.035748924756595635,,,,,,13.11,65,23201.6,23284.75,23116.1,23118.6,mid_price,no_price_available
2026-09-16T08:50:21.908876+00:00,2026-09-16T14:20:21.908876+05:30,NIFTY,29-Sep-2026,26100.0,CE,23231.2,1.3,1625,1.6,195,1.6,1.4500000000000002,209,-6,39,-34.69387755102041,23.15,0.0047235380700815024,1.3516616131764888e-05,-0.5511162690842348,0.6037056587808803,0.15668474738768584,-0.0014346145431903996,17.860943499677372,3.415445125663106e-08,0.00034150096659031626,-3.1418020812987625e-06,-0.186681846753332,73.58384686341348,-0.004147210214709662,1.0708539744304367e-05,0.035748924756595635,23288,0.06830984909836378,0.0123,index_dividend_yield,0.065,13.11,65,23201.6,23284.75,23116.1,23118.6,mid_price,wide_quote_low_liquidity
2026-09-16T08:50:21.908876+00:00,2026-09-16T14:20:21.908876+05:30,NIFTY,29-Sep-2026,26100.0,PE,23231.2,2651.15,1690,2834.45,65,0.0,2742.8,144,0,0,0,0,,,,,,,,,,,,,,,0.035748924756595635,,,,,,13.11,65,23201.6,23284.75,23116.1,23118.6,mid_price,no_price_available
2026-09-16T08:50:21.908876+00:00,2026-09-16T14:20:21.908876+05:30,NIFTY,29-Sep-2026,26150.0,CE,23231.2,1.25,1170,1.6,130,1.4,1.425,140,-54,63,-37.77777777777778,23.49,0.004656763412827131,1.3152853582309444e-05,-0.5518998315558143,0.5960864827110192,0.15278763507984,-0.001418745979027994,17.449521113397704,3.280334892768756e-08,0.00032902871737914256,-3.0695686536307947e-06,-0.1848857909210658,72.62704561868077,-0.004080024631817003,1.0380538573577307e-05,0.035748924756595635,23288,0.06830984909836378,0.0123,index_dividend_yield,0.065,13.11,65,23201.6,23284.75,23116.1,23118.6,mid_price,wide_quote_low_liquidity
2026-09-16T08:50:21.908876+00:00,2026-09-16T14:20:21.908876+05:30,NIFTY,29-Sep-2026,26150.0,PE,23231.2,2660.8,780,2906.55,845,0.0,2783.675,1,0,0,0,19.21,,,,,,,,,,,,,,,0.035748924756595635,,,,,,13.11,65,23201.6,23284.75,23116.1,23118.6,mid_price,no_price_available
2026-09-16T08:50:21.908876+00:00,2026-09-16T14:20:21.908876+05:30,NIFTY,29-Sep-2026,26200.0,CE,23231.2,1.25,1690,1.45,195,1.35,1.35,2717,-11,454,-44.89795918367347,23.41,0.0039946982921093225,1.1507215230524264e-05,-0.4793981486335976,0.5197301616729332,0.1363027302945662,-0.00126083152740562,15.87926658057076,2.9404721993247495e-08,0.00030241593369053255,-2.809424353013813e-06,-0.16681649263656623,73.88927746363504,-0.0034941099080782485,9.047132295038024e-06,0.035748924756595635,23288,0.06830984909836378,0.0123,index_dividend_yield,0.065,13.11,65,23201.6,23284.75,23116.1,23118.6,mid_price,ok
2026-09-16T08:50:21.908876+00:00,2026-09-16T14:20:21.908876+05:30,NIFTY,29-Sep-2026,26200.0,PE,23231.2,2863.95,780,3063.55,1690,0.0,2963.75,570,0,0,0,0,,,,,,,,,,,,,,,0.035748924756595635,,,,,,13.11,65,23201.6,23284.75,23116.1,23118.6,mid_price,no_price_available
2026-09-16T08:50:21.908876+00:00,2026-09-16T14:20:21.908876+05:30,NIFTY,29-Sep-2026,26250.0,CE,23231.2,1.2,455,1.5,260,1.25,1.35,90,12,24,-13.793103448275861,23.56,0.0037015336617801874,1.0678969863181904e-05,-0.4504367803464784,0.4854124580290671,0.127708121223407,-0.0011883720157056655,15.021758372172206,2.7382760127425533e-08,0.0002851411264584078,-2.664151341970862e-06,-0.15839821698963058,73.92235408071816,-0.003231535495551156,8.36400016774528e-06,0.035748924756595635,23288,0.06830984909836378,0.0123,index_dividend_yield,0.065,13.11,65,23201.6,23284.75,23116.1,23118.6,mid_price,wide_quote_low_liquidity
2026-09-16T08:50:21.908876+00:00,2026-09-16T14:20:21.908876+05:30,NIFTY,29-Sep-2026,26250.0,PE,23231.2,2913.1,780,2983.65,65,0.0,2948.375,0,0,0,0,0,,,,,,,,,,,,,,,0.035748924756595635,,,,,,13.11,65,23201.6,23284.75,23116.1,23118.6,mid_price,no_price_available
2026-09-16T08:50:21.908876+00:00,2026-09-16T14:20:21.908876+05:30,NIFTY,29-Sep-2026,26300.0,CE,23231.2,1.05,2210,1.1,2015,1.05,1.0750000000000002,2023,13,1119,-30,23.48,0.003163977108752577,9.306252471675985e-06,-0.38974604535873353,0.4215792182986117,0.11341800376210835,-0.001051422133449836,13.600592609457562,2.4434809157081958e-08,0.00026058703767094834,-2.4247267178913464e-06,-0.14225192310634371,75.18912179386105,-0.0027576201629103208,7.261170271380948e-06,0.035748924756595635,23288,0.06830984909836378,0.0123,index_dividend_yield,0.065,13.11,65,23201.6,23284.75,23116.1,23118.6,mid_price,ok
2026-09-16T08:50:21.908876+00:00,2026-09-16T14:20:21.908876+05:30,NIFTY,29-Sep-2026,26300.0,PE,23231.2,2984.65,325,3015.95,65,2988.75,3000.3,1233,-6,8,-3.3032984454114565,26.12,,,,,,,,,,,,,,,0.035748924756595635,,,,,,13.11,65,23201.6,23284.75,23116.1,23118.6,mid_price,no_price_available
2026-09-16T08:50:21.908876+00:00,2026-09-16T14:20:21.908876+05:30,NIFTY,29-Sep-2026,26350.0,CE,23231.2,1.05,1560,1.3,1300,1.25,1.175,77,-8,11,-50,24.23,0.0036173545438757714,1.017155936957715e-05,-0.453409457705015,0.47549638956119955,0.12204048368577884,-0.001166857493037202,14.396369049391232,2.5413130848191972e-08,0.00026597323552624214,-2.5529086692737582e-06,-0.15588213682552177,72.04951919616522,-0.0031449385017586927,7.906232592998366e-06,0.035748924756595635,23288,0.06830984909836378,0.0123,index_dividend_yield,0.065,13.11,65,23201.6,23284.75,23116.1,23118.6,mid_price,wide_quote_low_liquidity
2026-09-16T08:50:21.908876+00:00,2026-09-16T14:20:21.908876+05:30,NIFTY,29-Sep-2026,26350.0,PE,23231.2,3010.55,780,3083.85,65,0.0,3047.2,0,0,0,0,0,,,,,,,,,,,,,,,0.035748924756595635,,,,,,13.11,65,23201.6,23284.75,23116.1,23118.6,mid_price,no_price_available
2026-09-16T08:50:21.908876+00:00,2026-09-16T14:20:21.908876+05:30,NIFTY,29-Sep-2026,26400.0,CE,23231.2,1.1,1365,1.15,780,1.15,1.125,568,-79,184,-34.285714285714285,24.36,0.0033396603292761497,9.416852692778146e-06,-0.42413478779664593,0.44257750077415264,0.11409537727375871,-0.0010963151479041443,13.592337819969242,2.363981183041473e-08,0.0002505444734530189,-2.4162746889745306e-06,-0.14757961744839448,72.17015203228192,-0.002898079454276623,7.291908501791032e-06,0.035748924756595635,23288,0.06830984909836378,0.0123,index_dividend_yield,0.065,13.11,65,23201.6,23284.75,23116.1,23118.6,mid_price,ok
2026-09-16T08:50:21.908876+00:00,2026-09-16T14:20:21.908876+05:30,NIFTY,29-Sep-2026,26400.0,PE,23231.2,3059.35,780,3137.4,195,3099.65,3098.375,52,-4,4,7.821413663559204,33.43,,,,,,,,,,,,,,,0.035748924756595635,,,,,,13.11,65,23201.6,23284.75,23116.1,23118.6,mid_price,no_price_available
2026-09-16T08:50:21.908876+00:00,2026-09-16T14:20:21.908876+05:30,NIFTY,29-Sep-2026,26450.0,CE,23231.2,0.9,6695,1.6,585,0.0,1.25,42,0,0,0,19.27,0.00024002607343981506,1.0615495322694573e-06,-0.029938382183994517,0.039466466878605305,0.01645535850894537,-0.00012540067716561594,2.5234194958067486,4.4505527288792386e-09,6.235803714186389e-05,-4.754920473034523e-07,-0.020751164325375195,109.91961460984025,-0.000208898483357335,8.189025019641369e-07,0.035748924756595635,23288,0.06830984909836378,0.0123,index_dividend_yield,0.065,13.11,65,23201.6,23284.75,23116.1,23118.6,mid_price,wide_quote_low_liquidity
2026-09-16T08:50:21.908876+00:00,2026-09-16T14:20:21.908876+05:30,NIFTY,29-Sep-2026,26450.0,PE,23231.2,3108.9,780,3183.85,65,0.0,3146.375,0,0,0,0,0,,,,,,,,,,,,,,,0.035748924756595635,,,,,,13.11,65,23201.6,23284.75,23116.1,23118.6,mid_price,no_price_available
2026-09-16T08:50:21.908876+00:00,2026-09-16T14:20:21.908876+05:30,NIFTY,29-Sep-2026,26500.0,CE,23231.2,0.9,40495,0.95,28015,0.9,0.925,13544,-98,3424,-33.333333333333336,24.42,0.002655605095748648,7.640867114118406e-06,-0.34562161841582034,0.35999343226721925,0.09510288964027368,-0.0009154430136423287,11.643445537307784,1.968680310620892e-08,0.00021583643088978727,-2.084220059260982e-06,-0.1258880553884527,73.40915243867057,-0.002296320575885794,5.872110051879736e-06,0.035748924756595635,23288,0.06830984909836378,0.0123,index_dividend_yield,0.065,13.11,65,23201.6,23284.75,23116.1,23118.6,mid_price,ok
2026-09-16T08:50:21.908876+00:00,2026-09-16T14:20:21.908876+05:30,NIFTY,29-Sep-2026,26500.0,PE,23231.2,3192.3,650,3209.15,65,3200,3200.7250000000004,12958,-8,115,-1.6232169208066896,37.63,,,,,,,,,,,,,,,0.035748924756595635,,,,,,13.11,65,23201.6,23284.75,23116.1,23118.6,mid_price,no_price_available
2026-09-16T08:50:21.908876+00:00,2026-09-16T14:20:21.908876+05:30,NIFTY,29-Sep-2026,26550.0,CE,23231.2,1,130,1.2,650,1.9,1.1,74,2,2,-15.555555555555555,26.71,0.004915191854276285,1.2137910563261587e-05,-0.6563619570373586,0.6254953599481912,0.14033064745889567,-0.0014763015078543195,15.912359966139434,2.6318195736644107e-08,0.0002633359090130979,-2.781873896062043e-06,-0.19138023129413925,63.667012304934744,-0.004233232407616294,9.293047772510093e-06,0.035748924756595635,23288,0.06830984909836378,0.0123,index_dividend_yield,0.065,13.11,65,23201.6,23284.75,23116.1,23118.6,mid_price,wide_quote_low_liquidity
2026-09-16T08:50:21.908876+00:00,2026-09-16T14:20:21.908876+05:30,NIFTY,29-Sep-2026,26550.0,PE,23231.2,3207.1,780,3283.6,65,0.0,3245.35,0,0,0,0,0,,,,,,,,,,,,,,,0.035748924756595635,,,,,,13.11,65,23201.6,23284.75,23116.1,23118.6,mid_price,no_price_available
2026-09-16T08:50:21.908876+00:00,2026-09-16T14:20:21.908876+05:30,NIFTY,29-Sep-2026,26600.0,CE,23231.2,0.9,8970,0.95,650,0.9,0.925,594,-48,247,-25,25.06,0.002597897462728344,7.29941127307915e-06,-0.34746303961054037,0.35291910712808744,0.09111965219746136,-0.000899387093988692,11.18425153619032,1.835945316272858e-08,0.00020218979196217382,-2.0017536255839816e-06,-0.12393219203978974,71.68907565412324,-0.002237233608927179,5.567597717328343e-06,0.035748924756595635,23288,0.06830984909836378,0.0123,index_dividend_yield,0.065,13.11,65,23201.6,23284.75,23116.1,23118.6,mid_price,ok
2026-09-16T08:50:21.908876+00:00,2026-09-16T14:20:21.908876+05:30,NIFTY,29-Sep-2026,26600.0,PE,23231.2,3255.1,780,3333.25,65,0.0,3294.175,0,0,0,0,0,,,,,,,,,,,,,,,0.035748924756595635,,,,,,13.11,65,23201.6,23284.75,23116.1,23118.6,mid_price,no_price_available
2026-09-16T08:50:21.908876+00:00,2026-09-16T14:20:21.908876+05:30,NIFTY,29-Sep-2026,26650.0,CE,23231.2,0.9,6305,1.4,585,0.95,1.15,17,3,9,-52.5,25.51,0.002689338930581518,7.398240613800595e-06,-0.3647964505105122,0.36412054294528845,0.09201666897167352,-0.0009241749348123506,11.249085936881398,1.819236732319701e-08,0.0001995533065695966,-2.0103020927312287e-06,-0.12694911392036445,70.23859317426148,-0.0023109598473962907,5.621824871342664e-06,0.035748924756595635,23288,0.06830984909836378,0.0123,index_dividend_yield,0.065,13.11,65,23201.6,23284.75,23116.1,23118.6,mid_price,wide_quote_low_liquidity
2026-09-16T08:50:21.908876+00:00,2026-09-16T14:20:21.908876+05:30,NIFTY,29-Sep-2026,26650.0,PE,23231.2,3304.5,780,3383.55,65,0.0,3344.025,0,0,0,0,0,,,,,,,,,,,,,,,0.035748924756595635,,,,,,13.11,65,23201.6,23284.75,23116.1,23118.6,mid_price,no_price_available
2026-09-16T08:50:21.908876+00:00,2026-09-16T14:20:21.908876+05:30,NIFTY,29-Sep-2026,26700.0,CE,23231.2,0.95,1300,1.4,585,0.0,1.1749999999999998,41,0,0,0,27.28,0.004195035076419716,1.0316834587780969e-05,-0.5814139684716375,0.5429965930130987,0.1217828777827488,-0.0013071361060099924,14.099208204150393,2.2366356775524786e-08,0.0002300597758816622,-2.4784016843222626e-06,-0.17215130377885562,63.262150874921154,-0.0035923293351582445,7.81029130222437e-06,0.035748924756595635,23288,0.06830984909836378,0.0123,index_dividend_yield,0.065,13.11,65,23201.6,23284.75,23116.1,23118.6,mid_price,wide_quote_low_liquidity
2026-09-16T08:50:21.908876+00:00,2026-09-16T14:20:21.908876+05:30,NIFTY,29-Sep-2026,26700.0,PE,23231.2,3353.85,780,3433.25,65,0.0,3393.55,0,0,0,0,0,,,,,,,,,,,,,,,0.035748924756595635,,,,,,13.11,65,23201.6,23284.75,23116.1,23118.6,mid_price,no_price_available
2026-09-16T08:50:21.908876+00:00,2026-09-16T14:20:21.908876+05:30,NIFTY,29-Sep-2026,26750.0,CE,23231.2,0.95,520,1.1,455,0.9,1.025,122,13,29,-40,26.02,0.002523221488822702,6.847206732416604e-06,-0.35103975344645116,0.3437375710748918,0.08581243031097847,-0.0008784947525055068,10.568341548403803,1.6624029975155465e-08,0.00018419973908436477,-1.8910670294259705e-06,-0.12137938507119993,69.24557585785254,-0.002159661585416317,5.164272556545681e-06,0.035748924756595635,23288,0.06830984909836378,0.0123,index_dividend_yield,0.065,13.11,65,23201.6,23284.75,23116.1,23118.6,mid_price,ok
2026-09-16T08:50:21.908876+00:00,2026-09-16T14:20:21.908876+05:30,NIFTY,29-Sep-2026,26750.0,PE,23231.2,3404.15,780,3569.35,845,0.0,3486.75,1,0,0,0,18.46,,,,,,,,,,,,,,,0.035748924756595635,,,,,,13.11,65,23201.6,23284.75,23116.1,23118.6,mid_price,no_price_available
2026-09-16T08:50:21.908876+00:00,2026-09-16T14:20:21.908876+05:30,NIFTY,29-Sep-2026,26800.0,CE,23231.2,0.9,7085,1.45,195,0.0,1.175,35,0,0,0,27.22,0.0033186696809957947,8.379789790051686e-06,-0.469937439071945,0.44007582967407255,0.10180567240199666,-0.0010896969189563236,12.137650502480696,1.8773458302904096e-08,0.0002003317006010527,-2.151121487550984e-06,-0.14679534629936108,64.7206530112256,-0.0028322931674082618,6.296610419780654e-06,0.035748924756595635,23288,0.06830984909836378,0.0123,index_dividend_yield,0.065,13.11,65,23201.6,23284.75,23116.1,23118.6,mid_price,wide_quote_low_liquidity
2026-09-16T08:50:21.908876+00:00,2026-09-16T14:20:21.908876+05:30,NIFTY,29-Sep-2026,26800.0,PE,23231.2,3251.4,780,3533.1,65,0.0,3392.25,21,0,0,0,0,,,,,,,,,,,,,,,0.035748924756595635,,,,,,13.11,65,23201.6,23284.75,23116.1,23118.6,mid_price,no_price_available
2026-09-16T08:50:21.908876+00:00,2026-09-16T14:20:21.908876+05:30,NIFTY,29-Sep-2026,26850.0,CE,23231.2,0.95,390,1.1,195,1,1.025,54,13,87,-54.54545454545455,26.92,0.0027016708635583253,7.039759786880526e-06,-0.3860564785888609,0.3656277644078228,0.08759424435508985,-0.0009270674190831924,10.702758246989353,1.636592153378517e-08,0.00017991469578312666,-1.9095443763301117e-06,-0.12730002553051634,66.58331415763254,-0.0023024369374818935,5.270023449015129e-06,0.035748924756595635,23288,0.06830984909836378,0.0123,index_dividend_yield,0.065,13.11,65,23201.6,23284.75,23116.1,23118.6,mid_price,ok
2026-09-16T08:50:21.908876+00:00,2026-09-16T14:20:21.908876+05:30,NIFTY,29-Sep-2026,26850.0,PE,23231.2,3501.45,780,3583.2,65,0.0,3542.325,0,0,0,0,0,,,,,,,,,,,,,,,0.035748924756595635,,,,,,13.11,65,23201.6,23284.75,23116.1,23118.6,mid_price,no_price_available
2026-09-16T08:50:21.908876+00:00,2026-09-16T14:20:21.908876+05:30,NIFTY,29-Sep-2026,26900.0,CE,23231.2,0.9,6370,1.15,260,0.9,1.025,88,0,15,-28,26.96,0.0024446086796425476,6.421994334576541e-06,-0.3531370626702393,0.33403815569829914,0.08082096149861195,-0.0008564344205560025,9.989797680703294,1.508730259816611e-08,0.0001682323465929808,-1.787417302349784e-06,-0.11867418191331391,67.0382894598723,-0.0020797043695333396,4.789703673010216e-06,0.035748924756595635,23288,0.06830984909836378,0.0123,index_dividend_yield,0.065,13.11,65,23201.6,23284.75,23116.1,23118.6,mid_price,wide_quote_low_liquidity
2026-09-16T08:50:21.908876+00:00,2026-09-16T14:20:21.908876+05:30,NIFTY,29-Sep-2026,26900.0,PE,23231.2,3550.45,780,3720.55,845,0.0,3635.5,1,0,0,0,0,,,,,,,,,,,,,,,0.035748924756595635,,,,,,13.11,65,23201.6,23284.75,23116.1,23118.6,mid_price,no_price_available
2026-09-16T08:50:21.908876+00:00,2026-09-16T14:20:21.908876+05:30,NIFTY,29-Sep-2026,26950.0,CE,23231.2,0.9,6825,1.4,3315,1.05,1.15,41,1,9,-30,27.68,0.002758515022227104,6.976372906260118e-06,-0.40424461851535404,0.37256499174172353,0.08664206892369103,-0.0009422501939080177,10.560686285797427,1.5719040946726852e-08,0.00017254383862590444,-1.8816348225278769e-06,-0.1291409603357107,64.66829619806191,-0.0023411003870490218,5.183885914856173e-06,0.035748924756595635,23288,0.06830984909836378,0.0123,index_dividend_yield,0.065,13.11,65,23201.6,23284.75,23116.1,23118.6,mid_price,wide_quote_low_liquidity
2026-09-16T08:50:21.908876+00:00,2026-09-16T14:20:21.908876+05:30,NIFTY,29-Sep-2026,26950.0,PE,23231.2,3599.7,780,3683.35,65,0.0,3641.5249999999996,0,0,0,0,0,,,,,,,,,,,,,,,0.035748924756595635,,,,,,13.11,65,23201.6,23284.75,23116.1,23118.6,mid_price,no_price_available
2026-09-16T08:50:21.908876+00:00,2026-09-16T14:20:21.908876+05:30,NIFTY,29-Sep-2026,27000.0,CE,23231.2,1.1,4290,1.15,6890,1.1,1.125,25577,-629,4493,-35.294117647058826,28,0.0027357342682034864,6.845216410204103e-06,-0.40575547844523163,0.3697868689380255,0.08511241246913505,-0.0009360287002787692,10.38432091380656,1.5256996313480542e-08,0.00016777571651556175,-1.8501151778104815e-06,-0.12838702747347025,63.98427321767434,-0.0023170780929184457,5.067607169997861e-06,0.035748924756595635,23288,0.06830984909836378,0.0123,index_dividend_yield,0.065,13.11,65,23201.6,23284.75,23116.1,23118.6,mid_price,ok
2026-09-16T08:50:21.908876+00:00,2026-09-16T14:20:21.908876+05:30,NIFTY,29-Sep-2026,27000.0,PE,23231.2,3703,65,3713.5,65,3725.25,3708.25,23017.46153846154,-9,1000,-1.0597187363053264,45.2,,,,,,,,,,,,,,,0.035748924756595635,,,,,,13.11,65,23201.6,23284.75,23116.1,23118.6,mid_price,no_price_available
2026-09-16T08:50:21.908876+00:00,2026-09-16T14:20:21.908876+05:30,NIFTY,29-Sep-2026,27050.0,CE,23231.2,0.9,5265,1.05,520,0.9,0.9750000000000001,94,30,36,-51.351351351351354,27.9,0.002378108827345076,6.052681860273511e-06,-0.3561438144418502,0.32580543266896983,0.07645571556436624,-0.0008376574558325192,9.479980874126214,1.3770094433389967e-08,0.00015441725372600503,-1.69599456529163e-06,-0.11636357648109003,64.95774080976439,-0.0020109362452786295,4.464333144784566e-06,0.035748924756595635,23288,0.06830984909836378,0.0123,index_dividend_yield,0.065,13.11,65,23201.6,23284.75,23116.1,23118.6,mid_price,wide_quote_low_liquidity
2026-09-16T08:50:21.908876+00:00,2026-09-16T14:20:21.908876+05:30,NIFTY,29-Sep-2026,27050.0,PE,23231.2,3697,780,3782.55,65,0.0,3739.775,0,0,0,0,0,,,,,,,,,,,,,,,0.035748924756595635,,,,,,13.11,65,23201.6,23284.75,23116.1,23118.6,mid_price,no_price_available
2026-09-16T08:50:21.908876+00:00,2026-09-16T14:20:21.908876+05:30,NIFTY,29-Sep-2026,27100.0,CE,23231.2,0.9,7020,1.15,1235,0.95,1.025,213,2,12,-45.714285714285715,28.35,0.002462515164742885,6.147573521346436e-06,-0.37338368768714203,0.33625059832209053,0.07737470647122924,-0.0008611202980764081,9.555872524878883,1.369994863261779e-08,0.00015301913021113756,-1.7071990367915547e-06,-0.11924938763144183,63.75914552498175,-0.002077857691769063,4.51760688941988e-06,0.035748924756595635,23288,0.06830984909836378,0.0123,index_dividend_yield,0.065,13.11,65,23201.6,23284.75,23116.1,23118.6,mid_price,wide_quote_low_liquidity
2026-09-16T08:50:21.908876+00:00,2026-09-16T14:20:21.908876+05:30,NIFTY,29-Sep-2026,27100.0,PE,23231.2,3746.35,780,3832.6,65,0.0,3789.475,0,0,0,0,0,,,,,,,,,,,,,,,0.035748924756595635,,,,,,13.11,65,23201.6,23284.75,23116.1,23118.6,mid_price,no_price_available
2026-09-16T08:50:21.908876+00:00,2026-09-16T14:20:21.908876+05:30,NIFTY,29-Sep-2026,27150.0,CE,23231.2,0.9,6500,1.25,585,0.0,1.075,122,0,0,0,25.85,0.00088454921038607,2.64933744783961e-06,-0.13380014974419746,0.13213080984464318,0.036953362054628895,-0.0003752596264925182,5.07434649123023,7.256816184195653e-09,9.149226110264226e-05,-9.30281629034268e-07,-0.05660653189217993,75.49905218955153,-0.000746849435168013,1.9397282808932398e-06,0.035748924756595635,23288,0.06830984909836378,0.0123,index_dividend_yield,0.065,13.11,65,23201.6,23284.75,23116.1,23118.6,mid_price,wide_quote_low_liquidity
2026-09-16T08:50:21.908876+00:00,2026-09-16T14:20:21.908876+05:30,NIFTY,29-Sep-2026,27150.0,PE,23231.2,3823.8,65,3911.3,780,0.0,3867.55,0,0,0,0,0,,,,,,,,,,,,,,,0.035748924756595635,,,,,,13.11,65,23201.6,23284.75,23116.1,23118.6,mid_price,no_price_available
2026-09-16T08:50:21.908876+00:00,2026-09-16T14:20:21.908876+05:30,NIFTY,29-Sep-2026,27200.0,CE,23231.2,1.05,3575,1.25,325,1.25,1.15,981,110,328,-28.571428571428573,29.87,0.003154876608215442,7.296453318013622e-06,-0.49164746026386763,0.4204877054361404,0.08934062138126526,-0.0010468146301626752,10.717176499200036,1.4947429711213212e-08,0.00016153792685740846,-1.8979240829349609e-06,-0.14170127020415318,59.318765538062706,-0.0026491181959929044,5.322519823322061e-06,0.035748924756595635,23288,0.06830984909836378,0.0123,index_dividend_yield,0.065,13.11,65,23201.6,23284.75,23116.1,23118.6,mid_price,wide_quote_low_liquidity
2026-09-16T08:50:21.908876+00:00,2026-09-16T14:20:21.908876+05:30,NIFTY,29-Sep-2026,27200.0,PE,23231.2,3845,780,3961.9,780,0.0,3903.45,0,0,0,0,0,,,,,,,,,,,,,,,0.035748924756595635,,,,,,13.11,65,23201.6,23284.75,23116.1,23118.6,mid_price,no_price_available
2026-09-16T08:50:21.908876+00:00,2026-09-16T14:20:21.908876+05:30,NIFTY,29-Sep-2026,28500.0,CE,23231.2,0.5,26975,0.55,3380,0.5,0.525,7999,10,734,-16.666666666666668,34.74,0.0011419822771649775,2.4921528007770074e-06,-0.22610416208420225,0.16703625788426296,0.03411240808124348,-0.00046275764951305277,4.570584630109023,4.900149480037797e-09,6.101729265935477e-05,-8.284306797450485e-07,-0.06841742650548255,55.396827248129235,-0.0009140602549929807,1.6558776106101165e-06,0.035748924756595635,23288,0.06830984909836378,0.0123,index_dividend_yield,0.065,13.11,65,23201.6,23284.75,23116.1,23118.6,mid_price,ok
2026-09-16T08:50:21.908876+00:00,2026-09-16T14:20:21.908876+05:30,NIFTY,29-Sep-2026,28500.0,PE,23231.2,5209.95,130,5217.35,130,5225,5213.65,6505,-12,153,-0.8990213185646005,60.75,,,,,,,,,,,,,,,0.035748924756595635,,,,,,13.11,65,23201.6,23284.75,23116.1,23118.6,mid_price,no_price_available
2026-09-16T08:50:21.908876+00:00,2026-09-16T14:20:21.908876+05:30,NIFTY,29-Sep-2026,30000.0,CE,23231.2,0.65,650,0.75,520,0.7,0.7,4183.076923076923,-4.923076923076923,179,16.666666666666668,43.9,0.0012783701162377044,2.1866861177866045e-06,-0.3157226676070758,0.18520693272044583,0.02977007037155237,-0.000508402912722052,3.9442873921397004,3.3365317811156126e-09,4.158747792452391e-05,-7.105517700402228e-07,-0.07446969603940803,43.672294893425374,-0.0009672683659060095,1.311255207115771e-06,0.035748924756595635,23288,0.06830984909836378,0.0123,index_dividend_yield,0.065,13.11,65,23201.6,23284.75,23116.1,23118.6,mid_price,ok
2026-09-16T08:50:21.908876+00:00,2026-09-16T14:20:21.908876+05:30,NIFTY,29-Sep-2026,30000.0,PE,23231.2,6679.55,65,6739.75,650,6744,6709.65,2112,-25,34,-0.2691431782555973,78.68,,,,,,,,,,,,,,,0.035748924756595635,,,,,,13.11,65,23201.6,23284.75,23116.1,23118.6,mid_price,no_price_available
2026-09-16T08:50:21.908876+00:00,2026-09-16T14:20:21.908876+05:30,NIFTY,29-Sep-2026,31500.0,CE,23231.2,0.65,780,0.9,520,0.55,0.775,243,-16,28,-50,50.52,0.0009031328534214446,1.381765414892358e-06,-0.26365782738958127,0.13468025541703335,0.01951780950397664,-0.00038283707410879464,2.674961639343748,1.8880832221580714e-09,2.4708666541234934e-05,-4.846097480969901e-07,-0.0576419286453756,39.035703261245445,-0.0006489962292475596,7.51547610111585e-07,0.035748924756595635,23288,0.06830984909836378,0.0123,index_dividend_yield,0.065,13.11,65,23201.6,23284.75,23116.1,23118.6,mid_price,wide_quote_low_liquidity
2026-09-16T08:50:21.908876+00:00,2026-09-16T14:20:21.908876+05:30,NIFTY,29-Sep-2026,31500.0,PE,23231.2,,0,8569.6,1690,0.0,,0,0,0,0,0,,,,,,,,,,,,,,,0.035748924756595635,,,,,,13.11,65,23201.6,23284.75,23116.1,23118.6,none,no_price_available
2026-09-16T08:50:21.908876+00:00,2026-09-16T14:20:21.908876+05:30,NIFTY,29-Sep-2026,33000.0,CE,23231.2,0.55,1560,0.95,390,0.0,0.75,534,0,0,0,57.27,0.0007616420134435366,1.0420381054213072e-06,-0.25513730278936564,0.1151375688297512,0.015005599568088654,-0.0003331900711667378,2.089410270358541,1.270807047872756e-09,1.7090265996365556e-05,-3.7932351340729386e-07,-0.05081770517937626,34.95555932739752,-0.0005208386796581663,5.164151900348883e-07,0.035748924756595635,23288,0.06830984909836378,0.0123,index_dividend_yield,0.065,13.11,65,23201.6,23284.75,23116.1,23118.6,mid_price,wide_quote_low_liquidity
2026-09-16T08:50:21.908876+00:00,2026-09-16T14:20:21.908876+05:30,NIFTY,29-Sep-2026,33000.0,PE,23231.2,,0,10125.2,1690,0.0,,0,0,0,0,0,,,,,,,,,,,,,,,0.035748924756595635,,,,,,13.11,65,23201.6,23284.75,23116.1,23118.6,none,no_price_available
2026-09-16T08:50:21.908876+00:00,2026-09-16T14:20:21.908876+05:30,NIFTY,29-Sep-2026,34500.0,CE,23231.2,0.5,130,1,1560,0.3,0.75,151,0,60,-50,61.42,0.0004323502105600411,5.757211926108504e-07,-0.16196293401750675,0.0682226052004998,0.008717557429226114,-0.00020751581420857054,1.2754995949907226,6.874256944335045e-10,9.82631955538025e-06,-2.3369510582157014e-07,-0.03298613828049611,33.89648220157181,-0.0002825420248695966,2.6104616273641714e-07,0.035748924756595635,23288,0.06830984909836378,0.0123,index_dividend_yield,0.065,13.11,65,23201.6,23284.75,23116.1,23118.6,mid_price,wide_quote_low_liquidity
2026-09-16T08:50:21.908876+00:00,2026-09-16T14:20:21.908876+05:30,NIFTY,29-Sep-2026,34500.0,PE,0,,0,,0,0.0,,0,0,0,0,0,,,,,,,,,,,,,,,0.035748924756595635,,,,,,13.11,65,23201.6,23284.75,23116.1,23118.6,none,no_price_available
2026-09-16T08:59:38.213101+00:00,2026-09-16T14:29:38.213101+05:30,NIFTY,29-Sep-2026,15000.0,CE,23228.25,,0,8690.85,1690,0.0,,0,0,0,0,0,,,,,,,,,,,,,,,0.0357312844653412,,,,,,13.16,65,23201.6,23284.75,23116.1,23118.6,none,no_price_available
2026-09-16T08:59:38.213101+00:00,2026-09-16T14:29:38.213101+05:30,NIFTY,29-Sep-2026,15000.0,PE,23228.25,0.9,1755,1.4,65,0.0,1.15,1427,0,0,0,77.73,-0.0010964847186194857,1.0734925428524303e-06,-0.47551670151509606,0.16086786991055382,-0.013743167065621516,0.00040600942115765837,1.848086689846054,-1.0112043394749156e-09,1.09514311448316e-05,-3.2283742246994575e-07,-0.060777234929096174,-23.477043102428492,0.0017702857409438314,2.5742427422409115e-06,0.0357312844653412,23269.3,0.04941565671892667,0.0123,index_dividend_yield,0.065,13.16,65,23201.6,23284.75,23116.1,23118.6,mid_price,wide_quote_low_liquidity
2026-09-16T08:59:38.213101+00:00,2026-09-16T14:29:38.213101+05:30,NIFTY,29-Sep-2026,16500.0,CE,23228.25,,0,6887.5,780,0.0,,0,0,0,0,0,,,,,,,,,,,,,,,0.0357312844653412,,,,,,13.16,65,23201.6,23284.75,23116.1,23118.6,none,no_price_available
2026-09-16T08:59:38.213101+00:00,2026-09-16T14:29:38.213101+05:30,NIFTY,29-Sep-2026,16500.0,PE,23228.25,0.55,1950,0.75,1300,0.7,0.65,2034,0,43,27.272727272727273,60.09,-0.0010194652012348922,1.2989096430008264e-06,-0.34309589064250556,0.15047444724069575,-0.016943223528352785,0.0003860686339333651,2.294569294664317,-1.5785661691796337e-09,1.7645211784851566e-05,-4.0107062671456867e-07,-0.05806551271759397,-30.81294912136655,0.0014817523253784458,2.5742103714229124e-06,0.0357312844653412,23269.3,0.04941565671892667,0.0123,index_dividend_yield,0.065,13.16,65,23201.6,23284.75,23116.1,23118.6,mid_price,wide_quote_low_liquidity
2026-09-16T08:59:38.213101+00:00,2026-09-16T14:29:38.213101+05:30,NIFTY,29-Sep-2026,18000.0,CE,23228.25,5234.4,65,5286.45,65,5250,5260.424999999999,15,0,1,0.07624857033930614,0,,,,,,,,,,,,,,,0.0357312844653412,23269.3,0.04941565671892667,0.0123,index_dividend_yield,0.065,13.16,65,23201.6,23284.75,23116.1,23118.6,mid_price,no_nse_iv
2026-09-16T08:59:38.213101+00:00,2026-09-16T14:29:38.213101+05:30,NIFTY,29-Sep-2026,18000.0,PE,23228.25,0.7,5785,0.75,7410,0.7,0.725,12679,-152,1546,-17.647058823529413,46.21,-0.0014195360849139445,2.2868915131710097e-06,-0.35602380402882855,0.20373382689466926,-0.029091477865267182,0.0005077152762800244,3.812203562372607,-3.475910298344337e-09,3.7842298873645025e-05,-6.585063843515466e-07,-0.0743563122823791,-39.34441630052106,0.0018784115639906265,3.8083208966882274e-06,0.0357312844653412,23269.3,0.04941565671892667,0.0123,index_dividend_yield,0.065,13.16,65,23201.6,23284.75,23116.1,23118.6,mid_price,ok
2026-09-16T08:59:38.213101+00:00,2026-09-16T14:29:38.213101+05:30,NIFTY,29-Sep-2026,19500.0,CE,23228.25,3761,390,3780.8,130,3753.85,3770.9,2161,0,12,0.6191784493734503,0,,,,,,,,,,,,,,,0.0357312844653412,23269.3,0.04941565671892667,0.0123,index_dividend_yield,0.065,13.16,65,23201.6,23284.75,23116.1,23118.6,mid_price,no_nse_iv
2026-09-16T08:59:38.213101+00:00,2026-09-16T14:29:38.213101+05:30,NIFTY,29-Sep-2026,19500.0,PE,23228.25,1.95,1430,2.05,1495,2.05,2.0,15903,-140,2266,-30.508474576271187,36.43,-0.0046265088259540565,8.434905936057513e-06,-0.8114486575220459,0.5924081527909179,-0.09383220048827037,0.0012814100809818325,10.721728666709895,-1.4143527744928096e-08,0.00012950474195726192,-1.7608482424815702e-06,-0.1691421181622974,-45.34010318450218,0.005632611111425583,1.1968617954784216e-05,0.0357312844653412,23269.3,0.04941565671892667,0.0123,index_dividend_yield,0.065,13.16,65,23201.6,23284.75,23116.1,23118.6,mid_price,ok
2026-09-16T08:59:38.213101+00:00,2026-09-16T14:29:38.213101+05:30,NIFTY,29-Sep-2026,21000.0,CE,23228.25,2274.35,65,2280,260,2283,2277.175,7897,-42,665,2.9027314522671954,0,,,,,,,,,,,,,,,0.0357312844653412,23269.3,0.04941565671892667,0.0123,index_dividend_yield,0.065,13.16,65,23201.6,23284.75,23116.1,23118.6,mid_price,no_nse_iv
2026-09-16T08:59:38.213101+00:00,2026-09-16T14:29:38.213101+05:30,NIFTY,29-Sep-2026,21000.0,PE,23228.25,5.85,455,5.9,130,5.85,5.875,39945,1012,16425,-27.77777777777778,25.85,-0.016710434433657273,3.6600560917383445e-05,-1.7503931529660572,1.824021277987086,-0.33393172632275797,0.0031842352547673466,31.18351164627253,-7.040155365656483e-08,0.00048413642829226507,-4.565276782518279e-06,-0.3672589580779757,-56.062391803152906,0.018813226611895797,4.4779798487433386e-05,0.0357312844653412,23269.3,0.04941565671892667,0.0123,index_dividend_yield,0.065,13.16,65,23201.6,23284.75,23116.1,23118.6,mid_price,ok
2026-09-16T08:59:38.213101+00:00,2026-09-16T14:29:38.213101+05:30,NIFTY,29-Sep-2026,21350.0,CE,23228.25,1903.9,780,1954.55,65,0.0,1929.225,0,0,0,0,0,,,,,,,,,,,,,,,0.0357312844653412,23269.3,0.04941565671892667,0.0123,index_dividend_yield,0.065,13.16,65,23201.6,23284.75,23116.1,23118.6,mid_price,no_nse_iv
2026-09-16T08:59:38.213101+00:00,2026-09-16T14:29:38.213101+05:30,NIFTY,29-Sep-2026,21350.0,PE,23228.25,7.7,65,8.2,130,7.95,7.949999999999999,185,0,304,-86.11353711790393,23.45,-0.024591235469674563,5.5979398477035616e-05,-2.191023577420949,2.530770049686439,-0.4725255746717491,0.004057592699482398,40.80642793966804,-1.0963062069803806e-07,0.0006639058209165218,-5.608149121657444e-06,-0.447386431111624,-58.92568289488382,0.027208670924471177,6.62621391152522e-05,0.0357312844653412,23269.3,0.04941565671892667,0.0123,index_dividend_yield,0.065,13.16,65,23201.6,23284.75,23116.1,23118.6,mid_price,ok
2026-09-16T08:59:38.213101+00:00,2026-09-16T14:29:38.213101+05:30,NIFTY,29-Sep-2026,21400.0,CE,23228.25,1855.1,780,1904.9,65,0.0,1880.0,0,0,0,0,0,,,,,,,,,,,,,,,0.0357312844653412,23269.3,0.04941565671892667,0.0123,index_dividend_yield,0.065,13.16,65,23201.6,23284.75,23116.1,23118.6,mid_price,no_nse_iv
2026-09-16T08:59:38.213101+00:00,2026-09-16T14:29:38.213101+05:30,NIFTY,29-Sep-2026,21400.0,PE,23228.25,8.6,1495,8.7,195,8.65,8.649999999999999,1523,0,4041,-85.81967213114754,23.16,-0.026332808544131128,6.0023395325131034e-05,-2.2894644067833245,2.6800366004232337,-0.4990687951780051,0.004227123201011731,42.45540347402032,-1.1722807997219661e-07,0.0006916903374039954,-5.7563508520409994e-06,-0.4622967190685748,-59.128377875357515,0.029065876424752904,7.07173527574715e-05,0.0357312844653412,23269.3,0.04941565671892667,0.0123,index_dividend_yield,0.065,13.16,65,23201.6,23284.75,23116.1,23118.6,mid_price,ok
2026-09-16T08:59:38.213101+00:00,2026-09-16T14:29:38.213101+05:30,NIFTY,29-Sep-2026,21450.0,CE,23228.25,1806.15,780,1855,65,0.0,1830.575,0,0,0,0,0,,,,,,,,,,,,,,,0.0357312844653412,23269.3,0.04941565671892667,0.0123,index_dividend_yield,0.065,13.16,65,23201.6,23284.75,23116.1,23118.6,mid_price,no_nse_iv
2026-09-16T08:59:38.213101+00:00,2026-09-16T14:29:38.213101+05:30,NIFTY,29-Sep-2026,21450.0,PE,23228.25,8.9,780,9.05,130,9,8.975000000000001,43,0,112,-86.14318706697459,22.67,-0.02716882497421908,6.294232349912488e-05,-2.297883842012425,2.750906962532802,-0.5198579707772609,0.004304247907392887,43.91536020377473,-1.2466546989613242e-07,0.0007271707502579829,-5.910398012407513e-06,-0.4690179034679818,-60.1694013491742,0.02991014997836839,7.381101217602529e-05,0.0357312844653412,23269.3,0.04941565671892667,0.0123,index_dividend_yield,0.065,13.16,65,23201.6,23284.75,23116.1,23118.6,mid_price,ok
2026-09-16T08:59:38.213101+00:00,2026-09-16T14:29:38.213101+05:30,NIFTY,29-Sep-2026,21500.0,CE,23228.25,1762.1,130,1811.2,975,0.0,1786.65,0,0,0,0,0,,,,,,,,,,,,,,,0.0357312844653412,23269.3,0.04941565671892667,0.0123,index_dividend_yield,0.065,13.16,65,23201.6,23284.75,23116.1,23118.6,mid_price,no_nse_iv
2026-09-16T08:59:38.213101+00:00,2026-09-16T14:29:38.213101+05:30,NIFTY,29-Sep-2026,21500.0,PE,23228.25,9.65,2340,9.75,3055,9.7,9.7,2906,0,10910,-85.96237337192474,22.46,-0.029587753173149163,6.820376859821645e-05,-2.441681427017242,2.9532467576764985,-0.5522772029391294,0.004523851652438852,45.75073767645876,-1.336978968586209e-07,0.0007529327818553324,-6.0444193844298515e-06,-0.4879218118025243,-60.02859362552369,0.03249864187271421,7.960941555663091e-05,0.0357312844653412,23269.3,0.04941565671892667,0.0123,index_dividend_yield,0.065,13.16,65,23201.6,23284.75,23116.1,23118.6,mid_price,ok
2026-09-16T08:59:38.213101+00:00,2026-09-16T14:29:38.213101+05:30,NIFTY,29-Sep-2026,21550.0,CE,23228.25,1708.6,780,1755.55,65,0.0,1732.0749999999998,0,0,0,0,0,,,,,,,,,,,,,,,0.0357312844653412,23269.3,0.04941565671892667,0.0123,index_dividend_yield,0.065,13.16,65,23201.6,23284.75,23116.1,23118.6,mid_price,no_nse_iv
2026-09-16T08:59:38.213101+00:00,2026-09-16T14:29:38.213101+05:30,NIFTY,29-Sep-2026,21550.0,PE,23228.25,10.3,325,10.35,130,10.4,10.325,64,0,134,-85.84070796460178,22.3,-0.03251747904367866,7.427490756492591e-05,-2.6186848601578436,3.1932181911309385,-0.5878811525159462,0.004773963956530878,47.61938759341322,-1.433852968390683e-07,0.0007745773058612541,-6.1519697968447475e-06,-0.5090578768619438,-59.663057660789384,0.03563730682205295,8.629399082175538e-05,0.0357312844653412,23269.3,0.04941565671892667,0.0123,index_dividend_yield,0.065,13.16,65,23201.6,23284.75,23116.1,23118.6,mid_price,ok
2026-09-16T08:59:38.213101+00:00,2026-09-16T14:29:38.213101+05:30,NIFTY,29-Sep-2026,21600.0,CE,23228.25,1677.4,65,1684.1,65,1673.2,1680.75,719,-80,113,3.20431765612953,0,,,,,,,,,,,,,,,0.0357312844653412,23269.3,0.04941565671892667,0.0123,index_dividend_yield,0.065,13.16,65,23201.6,23284.75,23116.1,23118.6,mid_price,no_nse_iv
2026-09-16T08:59:38.213101+00:00,2026-09-16T14:29:38.213101+05:30,NIFTY,29-Sep-2026,21600.0,PE,23228.25,10.85,2665,10.9,585,10.9,10.875,13735,1078,12599,-21.863799283154123,21.81,-0.033676132056346675,7.816616619847059e-05,-2.6329123867732607,3.2866699111930653,-0.6136083189273236,0.0048655911981130145,49.280279731235275,-1.5291371569770261e-07,0.0008136401201174148,-6.301855916616966e-06,-0.516705493873372,-60.716857724224695,0.03681115658868115,9.039497575189426e-05,0.0357312844653412,23269.3,0.04941565671892667,0.0123,index_dividend_yield,0.065,13.16,65,23201.6,23284.75,23116.1,23118.6,mid_price,ok
2026-09-16T08:59:38.213101+00:00,2026-09-16T14:29:38.213101+05:30,NIFTY,29-Sep-2026,21650.0,CE,23228.25,1492.2,780,1658.1,65,0.0,1575.15,1,0,0,0,32.96,,,,,,,,,,,,,,,0.0357312844653412,,,,,,13.16,65,23201.6,23284.75,23116.1,23118.6,mid_price,no_price_available
2026-09-16T08:59:38.213101+00:00,2026-09-16T14:29:38.213101+05:30,NIFTY,29-Sep-2026,21650.0,PE,23228.25,11.75,130,11.9,2470,11.8,11.825,1168,249,1705,-23.624595469255663,21.57,-0.03652587366889096,8.448360987716924e-05,-2.7802560236124805,3.5132108812059215,-0.6497137639009456,0.005086506506726839,51.12989127284728,-1.6372786880521143e-07,0.0008378856378235476,-6.392407935489712e-06,-0.5349057495205143,-60.67697512575087,0.03983440619032473,9.725000766832285e-05,0.0357312844653412,23269.3,0.04941565671892667,0.0123,index_dividend_yield,0.065,13.16,65,23201.6,23284.75,23116.1,23118.6,mid_price,ok
2026-09-16T08:59:38.213101+00:00,2026-09-16T14:29:38.213101+05:30,NIFTY,29-Sep-2026,21700.0,CE,23228.25,1564.4,780,1608.4,65,0.0,1586.4,0,0,0,0,33.96,0.8686045919323757,0.0001425726482186589,-14.768806141632453,9.33438070490629,-0.6619476001091806,0.008172132990202252,32.59939845667503,-1.1320712621899404e-07,7.810019810131638e-05,-6.583303020391712e-07,-0.7584960995250274,12.087515719536361,-0.8528567192192946,0.00016336150732948262,0.0357312844653412,23269.3,0.04941565671892667,0.0123,index_dividend_yield,0.065,13.16,65,23201.6,23284.75,23116.1,23118.6,mid_price,ok
2026-09-16T08:59:38.213101+00:00,2026-09-16T14:29:38.213101+05:30,NIFTY,29-Sep-2026,21700.0,PE,23228.25,12.35,1755,12.45,325,12.45,12.399999999999999,8120,2137,8915,-21.451104100946374,21.17,-0.03853334012345637,8.992398706658092e-05,-2.8468739070342415,3.670101068373804,-0.6821600966442181,0.00523196976357463,52.9481826308662,-1.7507681307570032e-07,0.0008725722566846805,-6.5083670441294644e-06,-0.5467258611951071,-61.349187403383475,0.041919432698608705,0.0001030360188704906,0.0357312844653412,23269.3,0.04941565671892667,0.0123,index_dividend_yield,0.065,13.16,65,23201.6,23284.75,23116.1,23118.6,mid_price,ok
2026-09-16T08:59:38.213101+00:00,2026-09-16T14:29:38.213101+05:30,NIFTY,29-Sep-2026,21750.0,CE,23228.25,1515.35,195,1548.35,130,0.0,1531.85,1,0,0,0,29.91,0.8892470639502065,0.00014345493005423393,-12.184608580125913,8.272056702747228,-0.7357367633287759,0.00798727609029215,39.56050680594636,-1.3971328226980508e-07,0.00020644909042389704,-1.920809311221157e-06,-0.7446428313037803,12.98922628193918,-0.8765719004000457,0.0001636175701111504,0.0357312844653412,23269.3,0.04941565671892667,0.0123,index_dividend_yield,0.065,13.16,65,23201.6,23284.75,23116.1,23118.6,mid_price,ok
2026-09-16T08:59:38.213101+00:00,2026-09-16T14:29:38.213101+05:30,NIFTY,29-Sep-2026,21750.0,PE,23228.25,13.3,195,13.4,390,13.35,13.350000000000001,606,-209,1883,-20.535714285714285,20.86,-0.04134553250186439,9.66373618744203e-05,-2.966580363911745,3.886341688608774,-0.7194666885141955,0.0054267457091031965,54.811312394626555,-1.8737157404707289e-07,0.0008996875380918679,-6.581479149593859e-06,-0.5623405678480617,-61.61230834885822,0.04487227154289563,0.00011021977652400598,0.0357312844653412,23269.3,0.04941565671892667,0.0123,index_dividend_yield,0.065,13.16,65,23201.6,23284.75,23116.1,23118.6,mid_price,ok
2026-09-16T08:59:38.213101+00:00,2026-09-16T14:29:38.213101+05:30,NIFTY,29-Sep-2026,21800.0,CE,23228.25,1471.5,65,1501.2,390,0.0,1486.35,1,0,0,0,0,,,,,,,,,,,,,,,0.0357312844653412,23269.3,0.04941565671892667,0.0123,index_dividend_yield,0.065,13.16,65,23201.6,23284.75,23116.1,23118.6,mid_price,no_nse_iv
2026-09-16T08:59:38.213101+00:00,2026-09-16T14:29:38.213101+05:30,NIFTY,29-Sep-2026,21800.0,PE,23228.25,14.25,1950,14.3,1300,14.3,14.275,9582,209,10689,-19.88795518207283,20.65,-0.04516072532475414,0.00010483245571757896,-3.149543837862466,4.1734712584298235,-0.761523588234933,0.0056743209298179345,56.62510694864498,-2.003893819176875e-07,0.0009147144569333445,-6.585776805307828e-06,-0.5818435617193782,-61.40087420395727,0.048903171584575016,0.000119018851551292,0.0357312844653412,23269.3,0.04941565671892667,0.0123,index_dividend_yield,0.065,13.16,65,23201.6,23284.75,23116.1,23118.6,mid_price,ok
2026-09-16T08:59:38.213101+00:00,2026-09-16T14:29:38.213101+05:30,NIFTY,29-Sep-2026,21850.0,CE,23228.25,1417.35,195,1450.9,195,0.0,1434.125,1,0,0,0,19.44,0.9581376057191766,0.00010385368719330435,-5.858984750041764,3.892241621624356,-0.7740148445589679,0.0054511291343046775,58.93725190006438,-2.1564795091911273e-07,0.0010383791960145736,-7.031736990218779e-06,-0.5616500116311474,15.527971240690292,-0.9529786909958851,0.00011736862609079037,0.0357312844653412,23269.3,0.04941565671892667,0.0123,index_dividend_yield,0.065,13.16,65,23201.6,23284.75,23116.1,23118.6,mid_price,ok
2026-09-16T08:59:38.213101+00:00,2026-09-16T14:29:38.213101+05:30,NIFTY,29-Sep-2026,21850.0,PE,23228.25,15.1,65,15.2,390,15.15,15.149999999999999,898,-362,1752,-20.47244094488189,20.19,-0.0473230604419223,0.00011132427555886603,-3.1922237181476336,4.333190758464162,-0.7981943836497009,0.005802130162530353,58.569519733667974,-2.146838056891789e-07,0.0009533583653305026,-6.676715477905209e-06,-0.5917797609049034,-62.35668128320432,0.051114874683393124,0.00012581139510797306,0.0357312844653412,23269.3,0.04941565671892667,0.0123,index_dividend_yield,0.065,13.16,65,23201.6,23284.75,23116.1,23118.6,mid_price,ok
2026-09-16T08:59:38.213101+00:00,2026-09-16T14:29:38.213101+05:30,NIFTY,29-Sep-2026,21900.0,CE,23228.25,1369.15,910,1403.65,390,0.0,1386.4,9,0,0,0,14.08,0.9887399596447071,4.617651518721616e-05,-3.74844289825967,1.2534454011966492,-0.46019478611286635,0.002361174683766065,46.400382090931004,-1.7609902624300124e-07,0.0013813908651762804,-6.876645689526192e-06,-0.28272966830743274,16.749908537009514,-0.9860979576914144,5.1947650303829736e-05,0.0357312844653412,23269.3,0.04941565671892667,0.0123,index_dividend_yield,0.065,13.16,65,23201.6,23284.75,23116.1,23118.6,mid_price,ok
2026-09-16T08:59:38.213101+00:00,2026-09-16T14:29:38.213101+05:30,NIFTY,29-Sep-2026,21900.0,PE,23228.25,16.15,780,16.25,260,16.1,16.2,4594,997,4834,-19.90049751243781,19.94,-0.051421815910601354,0.00012044857071705922,-3.3637932185234933,4.630292391529962,-0.8426245344516566,0.006034732135965857,60.34374870454284,-2.2950371558788646e-07,0.0009657092324492607,-6.631522140235018e-06,-0.6095888862574084,-62.30827796301698,0.0554159187488186,0.00013550221808288684,0.0357312844653412,23269.3,0.04941565671892667,0.0123,index_dividend_yield,0.065,13.16,65,23201.6,23284.75,23116.1,23118.6,mid_price,ok
2026-09-16T08:59:38.213101+00:00,2026-09-16T14:29:38.213101+05:30,NIFTY,29-Sep-2026,21950.0,CE,23228.25,1320.6,195,1353,195,0.0,1336.8,2,0,0,0,29.21,0.8610666988504733,0.00017224637491962007,-13.498803150521328,9.699810710173926,-0.7802080116522392,0.008191570299050488,37.232151701725336,-1.5303318766387743e-07,7.148278608309065e-05,-3.1188320923143556e-07,-0.7610029601805888,14.170178863789154,-0.8469057890151912,0.00019289191494098416,0.0357312844653412,23269.3,0.04941565671892667,0.0123,index_dividend_yield,0.065,13.16,65,23201.6,23284.75,23116.1,23118.6,mid_price,ok
2026-09-16T08:59:38.213101+00:00,2026-09-16T14:29:38.213101+05:30,NIFTY,29-Sep-2026,21950.0,PE,23228.25,17.35,195,17.45,130,17.45,17.4,2716,-20,1992,-18.837209302325583,19.55,-0.054654623078743636,0.00012893713015108563,-3.455457867902271,4.859665454956866,-0.8854879361211571,0.006201597824786888,62.250204708260256,-2.45891383020141e-07,0.0009921403773328521,-6.63156059345604e-06,-0.6221810687492884,-62.93238677404654,0.05875645504818334,0.00014439160158490413,0.0357312844653412,23269.3,0.04941565671892667,0.0123,index_dividend_yield,0.065,13.16,65,23201.6,23284.75,23116.1,23118.6,mid_price,ok
2026-09-16T08:59:38.213101+00:00,2026-09-16T14:29:38.213101+05:30,NIFTY,29-Sep-2026,22000.0,CE,23228.25,1287.35,65,1291.45,65,1288,1289.4,12435,-17,393,3.7371134020618557,0,,,,,,,,,,,,,,,0.0357312844653412,23269.3,0.04941565671892667,0.0123,index_dividend_yield,0.065,13.16,65,23201.6,23284.75,23116.1,23118.6,mid_price,no_nse_iv
2026-09-16T08:59:38.213101+00:00,2026-09-16T14:29:38.213101+05:30,NIFTY,29-Sep-2026,22000.0,PE,23228.25,18.85,1885,18.95,1300,18.8,18.9,60470,4450,44423,-19.65811965811966,19.37,-0.060127470753907904,0.00014028309296545968,-3.6845916137332484,5.238615999703314,-0.9342958370107575,0.006464986135736533,63.728583495954894,-2.6197593225139745e-07,0.000982377943723828,-6.438295071906709e-06,-0.6417047013426531,-62.507724155617325,0.06449998435984149,0.00015638422931955377,0.0357312844653412,23269.3,0.04941565671892667,0.0123,index_dividend_yield,0.065,13.16,65,23201.6,23284.75,23116.1,23118.6,mid_price,ok
2026-09-16T08:59:38.213101+00:00,2026-09-16T14:29:38.213101+05:30,NIFTY,29-Sep-2026,22050.0,CE,23228.25,1233.5,195,1256.45,195,0.0,1244.975,1,0,0,0,31.11,0.8277262478503998,0.00018650256805321908,-15.877072695565639,11.185784263435401,-0.7270432847853447,0.008077954861458236,30.21978142667958,-1.3695201282546718e-07,-9.562952280247619e-05,1.5753702471164104e-06,-0.7630224409162487,14.258079394323186,-0.8108008806582534,0.00020696676515623532,0.0357312844653412,23269.3,0.04941565671892667,0.0123,index_dividend_yield,0.065,13.16,65,23201.6,23284.75,23116.1,23118.6,mid_price,ok
2026-09-16T08:59:38.213101+00:00,2026-09-16T14:29:38.213101+05:30,NIFTY,29-Sep-2026,22050.0,PE,23228.25,20.05,260,20.2,780,19.75,20.125,2554,116,1630,-20.2020202020202,18.99,-0.06415172880785683,0.0001505078888886533,-3.7922570599837955,5.510180690357467,-0.9811395884010282,0.006635707665401057,65.50735807639852,-2.8052154785353517e-07,0.000996783574618956,-6.339217024183409e-06,-0.6541755883094318,-63.06279205932011,0.06865132600830198,0.00016702253067577008,0.0357312844653412,23269.3,0.04941565671892667,0.0123,index_dividend_yield,0.065,13.16,65,23201.6,23284.75,23116.1,23118.6,mid_price,ok
2026-09-16T08:59:38.213101+00:00,2026-09-16T14:29:38.213101+05:30,NIFTY,29-Sep-2026,22100.0,CE,23228.25,1190.4,65,1199.2,195,1156.5,1194.8000000000002,18,0,1,2.576610936183423,0,,,,,,,,,,,,,,,0.0357312844653412,23269.3,0.04941565671892667,0.0123,index_dividend_yield,0.065,13.16,65,23201.6,23284.75,23116.1,23118.6,mid_price,no_nse_iv
2026-09-16T08:59:38.213101+00:00,2026-09-16T14:29:38.213101+05:30,NIFTY,29-Sep-2026,22100.0,PE,23228.25,21.4,650,21.55,520,21.5,21.475,4284,1349,6400,-17.938931297709924,18.64,-0.0688473592224515,0.00016195272084308017,-3.9236258761442526,5.819903294488069,-1.0303350065038395,0.006817333406182374,67.145355594028,-3.000586121676247e-07,0.0009996865784761555,-6.162097774278189e-06,-0.667275292641019,-63.462332642095745,0.07350239500078866,0.00017891085223777946,0.0357312844653412,23269.3,0.04941565671892667,0.0123,index_dividend_yield,0.065,13.16,65,23201.6,23284.75,23116.1,23118.6,mid_price,ok
2026-09-16T08:59:38.213101+00:00,2026-09-16T14:29:38.213101+05:30,NIFTY,29-Sep-2026,22150.0,CE,23228.25,1132.8,260,1160.15,65,1180,1146.475,7,0,1,-2.479338842975207,14.83,0.9617740142725876,0.00012633509902163225,-5.078056835579365,3.6119920667115286,-0.9699932217279716,0.0051221735926362255,75.67278605809169,-3.5081667591834335e-07,0.001794961064150615,-9.049409809980372e-06,-0.5353743883680866,19.78110102004971,-0.9576049619545615,0.0001389343223527373,0.0357312844653412,23269.3,0.04941565671892667,0.0123,index_dividend_yield,0.065,13.16,65,23201.6,23284.75,23116.1,23118.6,mid_price,ok
2026-09-16T08:59:38.213101+00:00,2026-09-16T14:29:38.213101+05:30,NIFTY,29-Sep-2026,22150.0,PE,23228.25,23.15,195,23.3,1040,23,23.225,1056,215,1674,-19.014084507042252,18.37,-0.07484112756057754,0.000175197856477795,-4.113875577962431,6.204682402556375,-1.081316227556063,0.00702543064016696,68.38919599044324,-3.1959435008530773e-07,0.0009774039225356787,-5.837664615535125e-06,-0.6820769773734794,-63.4352214018927,0.07972158931733998,0.00019267009450181928,0.0357312844653412,23269.3,0.04941565671892667,0.0123,index_dividend_yield,0.065,13.16,65,23201.6,23284.75,23116.1,23118.6,mid_price,ok
2026-09-16T08:59:38.213101+00:00,2026-09-16T14:29:38.213101+05:30,NIFTY,29-Sep-2026,22200.0,CE,23228.25,1092.9,65,1112.45,650,0.0,1102.6750000000002,17,0,0,0,0,,,,,,,,,,,,,,,0.0357312844653412,23269.3,0.04941565671892667,0.0123,index_dividend_yield,0.065,13.16,65,23201.6,23284.75,23116.1,23118.6,mid_price,no_nse_iv
2026-09-16T08:59:38.213101+00:00,2026-09-16T14:29:38.213101+05:30,NIFTY,29-Sep-2026,22200.0,PE,23228.25,24.9,1560,25.05,455,24.8,24.975,7453,557,10289,-19.086460032626427,18.07,-0.08105814058919648,0.0001892244908253982,-4.289585994614394,6.591998646252181,-1.1329095028494578,0.007211574923347355,69.52981103922484,-3.404355275464644e-07,0.0009487532477499999,-5.458278004844746e-06,-0.6951816601515093,-63.54453109394795,0.08614725131287601,0.0002071592736332409,0.0357312844653412,23269.3,0.04941565671892667,0.0123,index_dividend_yield,0.065,13.16,65,23201.6,23284.75,23116.1,23118.6,mid_price,ok
2026-09-16T08:59:38.213101+00:00,2026-09-16T14:29:38.213101+05:30,NIFTY,29-Sep-2026,22250.0,CE,23228.25,1038.4,130,1064.4,260,0.0,1051.4,6,0,0,0,25.01,0.8345061480591303,0.0002260635254161504,-13.050911723471328,10.89998246881317,-0.919466909700295,0.008090066527802864,39.30640375758987,-2.0939787563384048e-07,-8.867307242253417e-05,1.5235652112119457e-06,-0.7621069045827847,17.339543675409526,-0.8209529664069504,0.00024637886408670936,0.0357312844653412,23269.3,0.04941565671892667,0.0123,index_dividend_yield,0.065,13.16,65,23201.6,23284.75,23116.1,23118.6,mid_price,ok
2026-09-16T08:59:38.213101+00:00,2026-09-16T14:29:38.213101+05:30,NIFTY,29-Sep-2026,22250.0,PE,23228.25,27.3,390,27.45,130,26.8,27.375,1150,207,1281,-17.665130568356375,17.75,-0.08762414783581815,0.00020423110109690337,-4.45629782554638,6.9887876975853525,-1.185223096404342,0.007378387594137183,70.5307622885556,-3.625930404832807e-07,0.0009105685441969543,-5.009035781775294e-06,-0.7068692948578709,-63.74049469221924,0.09291179864992216,0.00022258445543925907,0.0357312844653412,23269.3,0.04941565671892667,0.0123,index_dividend_yield,0.065,13.16,65,23201.6,23284.75,23116.1,23118.6,mid_price,ok
2026-09-16T08:59:38.213101+00:00,2026-09-16T14:29:38.213101+05:30,NIFTY,29-Sep-2026,22300.0,CE,23228.25,1000.45,65,1007.2,195,1005.5,1003.825,23,-2,5,5.018538827092798,0,,,,,,,,,,,,,,,0.0357312844653412,23269.3,0.04941565671892667,0.0123,index_dividend_yield,0.065,13.16,65,23201.6,23284.75,23116.1,23118.6,mid_price,no_nse_iv
2026-09-16T08:59:38.213101+00:00,2026-09-16T14:29:38.213101+05:30,NIFTY,29-Sep-2026,22300.0,PE,23228.25,29.7,390,29.85,455,29.75,29.775,7910,1043,11669,-17.590027700831026,17.52,-0.09592722198084348,0.00022126542189504738,-4.6918892250632265,7.473589910446098,-1.2355163388189094,0.007554712018329801,70.78826383814985,-3.831667085763342e-07,0.0008329217346162397,-4.339488362978462e-06,-0.719215712444223,-63.43464906130248,0.10149541463582039,0.00024006940010747472,0.0357312844653412,23269.3,0.04941565671892667,0.0123,index_dividend_yield,0.065,13.16,65,23201.6,23284.75,23116.1,23118.6,mid_price,ok
2026-09-16T08:59:38.213101+00:00,2026-09-16T14:29:38.213101+05:30,NIFTY,29-Sep-2026,22350.0,CE,23228.25,948.9,65,971.5,260,0.0,960.2,2,0,0,0,0,,,,,,,,,,,,,,,0.0357312844653412,23269.3,0.04941565671892667,0.0123,index_dividend_yield,0.065,13.16,65,23201.6,23284.75,23116.1,23118.6,mid_price,no_nse_iv
2026-09-16T08:59:38.213101+00:00,2026-09-16T14:29:38.213101+05:30,NIFTY,29-Sep-2026,22350.0,PE,23228.25,32.55,195,32.75,130,32.2,32.65,934,22,2090,-17.647058823529413,17.3,-0.10513795153342123,0.00023958092125055393,-4.940232705689643,7.990610200310369,-1.283199846538824,0.007705486455487548,70.57297503740534,-4.03325707226803e-07,0.0007311915455309592,-3.528032161768458e-06,-0.7299708542357397,-63.04874094844625,0.11100247284531259,0.00025877967243922415,0.0357312844653412,23269.3,0.04941565671892667,0.0123,index_dividend_yield,0.065,13.16,65,23201.6,23284.75,23116.1,23118.6,mid_price,ok
2026-09-16T08:59:38.213101+00:00,2026-09-16T14:29:38.213101+05:30,NIFTY,29-Sep-2026,22400.0,CE,23228.25,903.8,130,922.75,585,0.0,913.275,4,0,0,0,0,,,,,,,,,,,,,,,0.0357312844653412,23269.3,0.04941565671892667,0.0123,index_dividend_yield,0.065,13.16,65,23201.6,23284.75,23116.1,23118.6,mid_price,no_nse_iv
2026-09-16T08:59:38.213101+00:00,2026-09-16T14:29:38.213101+05:30,NIFTY,29-Sep-2026,22400.0,PE,23228.25,35.9,130,36,390,35.95,35.95,9127,2636,19767,-16.29802095459837,17,-0.11413929295112372,0.0002586212615680756,-5.133950724590583,8.476074376154154,-1.331312529528103,0.00780773964702862,70.41283921619268,-4.260156357012016e-07,0.0006272097779763815,-2.691013413713315e-06,-0.7377428174762635,-63.06083518035382,0.12023655635790968,0.00027810011753028345,0.0357312844653412,23269.3,0.04941565671892667,0.0123,index_dividend_yield,0.065,13.16,65,23201.6,23284.75,23116.1,23118.6,mid_price,ok
2026-09-16T08:59:38.213101+00:00,2026-09-16T14:29:38.213101+05:30,NIFTY,29-Sep-2026,22450.0,CE,23228.25,850.65,65,876.8,325,0.0,863.7249999999999,2,0,0,0,17.21,0.8686238785225424,0.00028130589436047276,-8.916310211742617,9.333430851168542,-1.3452824863529056,0.00796483633219136,66.25840673151106,-4.269209135835686e-07,0.00036252518126851717,-9.930233750993504e-07,-0.7482824078039929,23.178701269339157,-0.8599613311674049,0.00030114740471841686,0.0357312844653412,23269.3,0.04941565671892667,0.0123,index_dividend_yield,0.065,13.16,65,23201.6,23284.75,23116.1,23118.6,mid_price,ok
2026-09-16T08:59:38.213101+00:00,2026-09-16T14:29:38.213101+05:30,NIFTY,29-Sep-2026,22450.0,PE,23228.25,39.5,130,39.65,260,39.6,39.575,1293,74,3172,-16.80672268907563,16.81,-0.12550557150722688,0.0002796508063422193,-5.411425839034248,9.062862708376398,-1.3701274302103799,0.00789049345315794,69.04183146042264,-4.4395865837083734e-07,0.0004668924212440455,-1.5526813008826142e-06,-0.7448915413993653,-62.456117625246634,0.1319354993721732,0.0002993755774255308,0.0357312844653412,23269.3,0.04941565671892667,0.0123,index_dividend_yield,0.065,13.16,65,23201.6,23284.75,23116.1,23118.6,mid_price,ok
2026-09-16T08:59:38.213101+00:00,2026-09-16T14:29:38.213101+05:30,NIFTY,29-Sep-2026,22500.0,CE,23228.25,815.05,65,819.25,65,821,817.15,9977,275,1548,6.485084306095979,10.96,0.9489548830431183,0.0002163647192224032,-4.964544624336261,4.571709342248481,-1.5370681971455524,0.00576434094856626,110.60200081807636,-7.447131788858693e-07,0.0032606638105575937,-1.1233016904779884e-05,-0.5875268431367484,28.241006107565095,-0.9449797829105149,0.00023059739263366283,0.0357312844653412,23269.3,0.04941565671892667,0.0123,index_dividend_yield,0.065,13.16,65,23201.6,23284.75,23116.1,23118.6,mid_price,ok
2026-09-16T08:59:38.213101+00:00,2026-09-16T14:29:38.213101+05:30,NIFTY,29-Sep-2026,22500.0,PE,23228.25,43.55,585,43.65,130,43.35,43.599999999999994,55712,1391,49878,-17.270992366412212,16.58,-0.13732810839767873,0.00030171229388040107,-5.660440022609069,9.64404314452119,-1.4052708808046237,0.007919143083136404,67.38821323445698,-4.6223923765204e-07,0.00028857384880160157,-3.1715783633759096e-07,-0.7493126734395421,-62.03377008583116,0.14405837735803206,0.0003215592105052306,0.0357312844653412,23269.3,0.04941565671892667,0.0123,index_dividend_yield,0.065,13.16,65,23201.6,23284.75,23116.1,23118.6,mid_price,ok
2026-09-16T08:59:38.213101+00:00,2026-09-16T14:29:38.213101+05:30,NIFTY,29-Sep-2026,22550.0,CE,23228.25,768.3,65,777,65,769.25,772.65,8,4,4,-9.5,0,,,,,,,,,,,,,,,0.0357312844653412,23269.3,0.04941565671892667,0.0123,index_dividend_yield,0.065,13.16,65,23201.6,23284.75,23116.1,23118.6,mid_price,no_nse_iv
2026-09-16T08:59:38.213101+00:00,2026-09-16T14:29:38.213101+05:30,NIFTY,29-Sep-2026,22550.0,PE,23228.25,48,845,48.25,195,48.1,48.125,2817,40,4283,-16.70995670995671,16.36,-0.15035796183321823,0.00032505283226575766,-5.915915675392004,10.252242389875699,-1.4324997799062127,0.007893130474606047,65.07665795552508,-4.782929528945192e-07,7.649326802850495e-05,1.0910641024828097e-06,-0.7514457576500319,-61.52607585616892,0.15739768191957434,0.00034490051691728413,0.0357312844653412,23269.3,0.04941565671892667,0.0123,index_dividend_yield,0.065,13.16,65,23201.6,23284.75,23116.1,23118.6,mid_price,ok
2026-09-16T08:59:38.213101+00:00,2026-09-16T14:29:38.213101+05:30,NIFTY,29-Sep-2026,22600.0,CE,23228.25,725.8,65,730.75,65,728.5,728.275,57,19,109,5.8558558558558556,9.05,0.9569941152707794,0.00022805666500666134,-4.469454357608195,3.9789910288178834,-1.706421210585063,0.00518743882008621,128.97965322939896,-9.985712654834859e-07,0.004873156145730818,-1.3597608990416132e-05,-0.5420065317916047,32.815229725424615,-0.9536234768012019,0.00024091224460245195,0.0357312844653412,23269.3,0.04941565671892667,0.0123,index_dividend_yield,0.065,13.16,65,23201.6,23284.75,23116.1,23118.6,mid_price,ok
2026-09-16T08:59:38.213101+00:00,2026-09-16T14:29:38.213101+05:30,NIFTY,29-Sep-2026,22600.0,PE,23228.25,53.2,65,53.4,780,53,53.3,17896,4545,29472,-16.666666666666668,16.16,-0.16482324223938258,0.0003495494723288259,-6.182877341526916,10.890093761380788,-1.4488280933902808,0.007802228963942309,61.99635467387932,-4.907616745691176e-07,-0.0001730263215679042,2.684755500090307e-06,-0.7511824605105134,-60.88078990779878,0.17218768040313115,0.0003692536149990634,0.0357312844653412,23269.3,0.04941565671892667,0.0123,index_dividend_yield,0.065,13.16,65,23201.6,23284.75,23116.1,23118.6,mid_price,ok
2026-09-16T08:59:38.213101+00:00,2026-09-16T14:29:38.213101+05:30,NIFTY,29-Sep-2026,22650.0,CE,23228.25,682.3,130,691.75,65,719.95,687.025,31,15,27,18.403091850999097,14.6,0.8398792918334677,0.00037899806633188087,-8.66762134211973,10.66771640276164,-1.6106486738543535,0.007776465942165189,70.4024489204631,-5.984371724068746e-07,-9.453397905315663e-05,2.505517998229248e-06,-0.7472358224639901,28.897164955088257,-0.8315148160984891,0.00039859657685961875,0.0357312844653412,23269.3,0.04941565671892667,0.0123,index_dividend_yield,0.065,13.16,65,23201.6,23284.75,23116.1,23118.6,mid_price,ok
2026-09-16T08:59:38.213101+00:00,2026-09-16T14:29:38.213101+05:30,NIFTY,29-Sep-2026,22650.0,PE,23228.25,59.1,195,59.35,195,59.3,59.225,2355,314,3527,-16.771929824561404,15.86,-0.17905256463850028,0.0003754987426636691,-6.368417485922417,11.48135860490639,-1.465237000335018,0.007648192409632714,59.10521025664561,-5.065571986755204e-07,-0.0004344762440654541,4.308060559534831e-06,-0.7484983215311924,-60.71952707692953,0.18664787100118732,0.00039491629835853616,0.0357312844653412,23269.3,0.04941565671892667,0.0123,index_dividend_yield,0.065,13.16,65,23201.6,23284.75,23116.1,23118.6,mid_price,ok
2026-09-16T08:59:38.213101+00:00,2026-09-16T14:29:38.213101+05:30,NIFTY,29-Sep-2026,22700.0,CE,23228.25,638.65,65,642.75,195,640.2,640.7,422,116,433,5.626134301270417,12.6,0.8543297306259771,0.00041236195226516855,-7.5948787066216275,10.016840162079216,-1.8703496479369752,0.007684219085543176,86.79322689356184,-7.947586142950531e-07,0.0003005252581508107,1.191427702080779e-06,-0.7388640869142531,32.40227840698637,-0.8472308570605628,0.00043177734930785396,0.0357312844653412,23269.3,0.04941565671892667,0.0123,index_dividend_yield,0.065,13.16,65,23201.6,23284.75,23116.1,23118.6,mid_price,ok
2026-09-16T08:59:38.213101+00:00,2026-09-16T14:29:38.213101+05:30,NIFTY,29-Sep-2026,22700.0,PE,23228.25,65.45,260,65.7,195,65.55,65.575,19148,5507,28297,-17.234848484848484,15.7,-0.1966219470111568,0.00040190032192124125,-6.6489391373615785,12.164650004156623,-1.4536663560787837,0.0073998371084748596,54.47416339633726,-5.094349823530708e-07,-0.0007600835207420933,6.2515444814323045e-06,-0.7434727332323502,-59.79581601388124,0.20456226408413947,0.00042082314998241556,0.0357312844653412,23269.3,0.04941565671892667,0.0123,index_dividend_yield,0.065,13.16,65,23201.6,23284.75,23116.1,23118.6,mid_price,ok
2026-09-16T08:59:38.213101+00:00,2026-09-16T14:29:38.213101+05:30,NIFTY,29-Sep-2026,22750.0,CE,23228.25,598.1,65,601.65,65,604.5,599.875,30,15,25,6.77382319173364,11.45,0.8548321010096506,0.0004527210715921752,-7.154288745274067,9.993504381943339,-2.062107013364789,0.007566058205858206,95.89210640628387,-9.57483837350466e-07,0.00039050847959224105,1.486175048262051e-06,-0.7332157839078786,35.549576180024914,-0.8482506673429898,0.00047195532453399476,0.0357312844653412,23269.3,0.04941565671892667,0.0123,index_dividend_yield,0.065,13.16,65,23201.6,23284.75,23116.1,23118.6,mid_price,ok
2026-09-16T08:59:38.213101+00:00,2026-09-16T14:29:38.213101+05:30,NIFTY,29-Sep-2026,22750.0,PE,23228.25,73.05,65,73.3,195,71.8,73.175,3297,365,5856,-18.96162528216704,15.54,-0.21554065888379206,0.00042877223476355886,-6.91509792488129,12.845744534620412,-1.4263937315690394,0.007057629345397082,49.292356686081895,-5.07185054864402e-07,-0.0011138092388483908,8.305580298399186e-06,-0.7361730276069879,-58.84447587772044,0.2238116378891831,0.0004469890003072241,0.0357312844653412,23269.3,0.04941565671892667,0.0123,index_dividend_yield,0.065,13.16,65,23201.6,23284.75,23116.1,23118.6,mid_price,ok
2026-09-16T08:59:38.213101+00:00,2026-09-16T14:29:38.213101+05:30,NIFTY,29-Sep-2026,22800.0,CE,23228.25,554.75,65,557.35,65,557.1,556.05,4182,308,1098,6.887950882578664,11.36,0.8323657759006928,0.0005018573474160112,-7.486542355655138,10.991076479070557,-2.079147991698227,0.0074041380127900505,88.1016720226917,-9.74507079248822e-07,-0.0003947024104965441,4.981856354443451e-06,-0.7334978247878237,37.48749466451636,-0.8253791374170323,0.0005208870687090569,0.0357312844653412,23269.3,0.04941565671892667,0.0123,index_dividend_yield,0.065,13.16,65,23201.6,23284.75,23116.1,23118.6,mid_price,ok
2026-09-16T08:59:38.213101+00:00,2026-09-16T14:29:38.213101+05:30,NIFTY,29-Sep-2026,22800.0,PE,23228.25,81.55,130,81.85,650,81.25,81.69999999999999,23769,4324,39604,-16.623909697280656,15.39,-0.23598547528989453,0.00045572423157468555,-7.169589943052806,13.521421551098287,-1.3804000693184992,0.006613233703320315,43.57656136295862,-4.983280187873067e-07,-0.0014924576684287002,1.0446800935823579e-05,-0.7269448926844079,-57.816731448015304,0.24457624230369027,0.00047300465031918746,0.0357312844653412,23269.3,0.04941565671892667,0.0123,index_dividend_yield,0.065,13.16,65,23201.6,23284.75,23116.1,23118.6,mid_price,ok
2026-09-16T08:59:38.213101+00:00,2026-09-16T14:29:38.213101+05:30,NIFTY,29-Sep-2026,22850.0,CE,23228.25,515.05,65,517.35,65,512.25,516.2,148,71,224,6.430500727197174,10.76,0.8182185350283306,0.0005579075865452975,-7.434928624397705,11.5732717292947,-2.179286604443942,0.007150759812638241,87.07724667333937,-1.075098139457037e-06,-0.000987008543755529,7.686011345501274e-06,-0.7278729518740866,40.6051024587481,-0.8112788067966986,0.0005765312352785176,0.0357312844653412,23269.3,0.04941565671892667,0.0123,index_dividend_yield,0.065,13.16,65,23201.6,23284.75,23116.1,23118.6,mid_price,ok
2026-09-16T08:59:38.213101+00:00,2026-09-16T14:29:38.213101+05:30,NIFTY,29-Sep-2026,22850.0,PE,23228.25,90.3,390,90.7,650,90.8,90.5,2125,270,4642,-16.84981684981685,15.11,-0.25611104932988576,0.00048500171972877965,-7.306914049978403,14.128281990320447,-1.3341202993693013,0.006098041350381112,38.37198930783536,-4.931415974607516e-07,-0.0018925642562796143,1.2588082200477066e-05,-0.7168283684273185,-57.385390768585864,0.2648874915413211,0.0005011916800036844,0.0357312844653412,23269.3,0.04941565671892667,0.0123,index_dividend_yield,0.065,13.16,65,23201.6,23284.75,23116.1,23118.6,mid_price,ok
2026-09-16T08:59:38.213101+00:00,2026-09-16T14:29:38.213101+05:30,NIFTY,29-Sep-2026,22900.0,CE,23228.25,475.4,130,477.6,65,481.95,476.5,545,-3,923,8.133273502355845,12.12,0.7623206537119215,0.0005803695016977596,-8.778359394254798,13.5609093777766,-1.7633611459073606,0.006277606135086544,55.35213864694288,-7.888151834120833e-07,-0.0024195710661857454,1.3877848255971679e-05,-0.7156856693357234,39.691830432993946,-0.7537665209846521,0.0005971268513334282,0.0357312844653412,23269.3,0.04941565671892667,0.0123,index_dividend_yield,0.065,13.16,65,23201.6,23284.75,23116.1,23118.6,mid_price,ok
2026-09-16T08:59:38.213101+00:00,2026-09-16T14:29:38.213101+05:30,NIFTY,29-Sep-2026,22900.0,PE,23228.25,100.8,585,101.05,130,100.65,100.925,17415,4893,29303,-16.68046357615894,15.02,-0.2802276513926934,0.0005105121934988847,-7.551962851326492,14.782832767254423,-1.2405231414376605,0.005426470813936213,31.690997536016674,-4.657662336779016e-07,-0.002304499044159848,1.4803562960988672e-05,-0.7051475578013182,-56.009390571012126,0.28931939444866916,0.0005252525120282136,0.0357312844653412,23269.3,0.04941565671892667,0.0123,index_dividend_yield,0.065,13.16,65,23201.6,23284.75,23116.1,23118.6,mid_price,ok
2026-09-16T08:59:38.213101+00:00,2026-09-16T14:29:38.213101+05:30,NIFTY,29-Sep-2026,22950.0,CE,23228.25,436.95,130,439.45,65,450.4,438.2,166,22,260,10.745020899926235,12.24,0.7300128229449251,0.0006145831089615194,-9.18051962848155,14.50252589217447,-1.5940270030669335,0.005448102261182641,42.96397436114763,-7.134800395694815e-07,-0.0032004444166047774,1.739939101273475e-05,-0.7017122041839432,41.26452235780351,-0.7209580901571966,0.0006295760862771821,0.0357312844653412,23269.3,0.04941565671892667,0.0123,index_dividend_yield,0.065,13.16,65,23201.6,23284.75,23116.1,23118.6,mid_price,ok
2026-09-16T08:59:38.213101+00:00,2026-09-16T14:29:38.213101+05:30,NIFTY,29-Sep-2026,22950.0,PE,23228.25,112,65,112.4,130,111.4,112.2,4665,878,6692,-17.420311341734617,14.88,-0.3050786160275715,0.0005360602698075007,-7.726453255600273,15.377940049083106,-1.132974544666182,0.004659474198189462,25.345095539646145,-4.3458013355323266e-07,-0.0027191175889767355,1.694083024329112e-05,-0.6935569042825485,-54.85204646867048,0.3144067234838567,0.0005491376540503451,0.0357312844653412,23269.3,0.04941565671892667,0.0123,index_dividend_yield,0.065,13.16,65,23201.6,23284.75,23116.1,23118.6,mid_price,ok
2026-09-16T08:59:38.213101+00:00,2026-09-16T14:29:38.213101+05:30,NIFTY,29-Sep-2026,23000.0,CE,23228.25,399.95,130,401.15,195,400.75,400.54999999999995,17472,1760,26569,6.995060739554131,11.21,0.7138133105219189,0.0006904553045446194,-8.742777186708357,14.921854286832922,-1.6501817509688155,0.004804671496673629,40.975291274487624,-8.024067912808071e-07,-0.0042634315325967755,2.101662652768759e-05,-0.6903127206615576,46.042657207138696,-0.7052399743287784,0.0007042273401848385,0.0357312844653412,23269.3,0.04941565671892667,0.0123,index_dividend_yield,0.065,13.16,65,23201.6,23284.75,23116.1,23118.6,mid_price,ok
2026-09-16T08:59:38.213101+00:00,2026-09-16T14:29:38.213101+05:30,NIFTY,29-Sep-2026,23000.0,PE,23228.25,125.05,520,125.4,130,124.65,125.225,112682.61538461539,12014,104585,-16.733466933867735,14.76,-0.331498021170487,0.0005596683539411684,-7.874482477939675,15.925706945471065,-1.0013655677650057,0.0037820227027163256,19.14339406944343,-3.938617579392282e-07,-0.003119144779863169,1.8942490175948858e-05,-0.6826079453423066,-53.58692178796102,0.3410353437381396,0.0005708316725027719,0.0357312844653412,23269.3,0.04941565671892667,0.0123,index_dividend_yield,0.065,13.16,65,23201.6,23284.75,23116.1,23118.6,mid_price,ok
2026-09-16T08:59:38.213101+00:00,2026-09-16T14:29:38.213101+05:30,NIFTY,29-Sep-2026,23050.0,CE,23228.25,363.45,65,364.95,130,363,364.2,421,186,700,7.603379279679857,11.69,0.671501352950827,0.0007036984645771542,-9.300351316564338,15.859252957837393,-1.3063806017106772,0.0035209569749929948,25.520072749461775,-6.246061993534455e-07,-0.004887539548839061,2.3989549557463532e-05,-0.6758839679719326,46.793881443561894,-0.6622330312391745,0.0007146242133562916,0.0357312844653412,23269.3,0.04941565671892667,0.0123,index_dividend_yield,0.065,13.16,65,23201.6,23284.75,23116.1,23118.6,mid_price,ok
2026-09-16T08:59:38.213101+00:00,2026-09-16T14:29:38.213101+05:30,NIFTY,29-Sep-2026,23050.0,PE,23228.25,138.05,195,138.35,130,138,138.2,3626,1233,9833,-16.767189384800965,14.52,-0.3581453953679913,0.0005855967579118383,-7.8959993047426815,16.39256414088561,-0.8628157396399216,0.0028301014254298873,13.752551681283975,-3.526831240516201e-07,-0.0035418831564624294,2.0869902571443114e-05,-0.6732928316937539,-52.81026743005256,0.36774918372027066,0.0005946888383765394,0.0357312844653412,23269.3,0.04941565671892667,0.0123,index_dividend_yield,0.065,13.16,65,23201.6,23284.75,23116.1,23118.6,mid_price,ok
2026-09-16T08:59:38.213101+00:00,2026-09-16T14:29:38.213101+05:30,NIFTY,29-Sep-2026,23100.0,CE,23228.25,328.85,130,329.85,130,330,329.35,4222,1721,10424,7.317073170731708,11.29,0.6396736406368339,0.0007543995163251624,-9.200084793166027,16.420143751312196,-1.1163450738669867,0.002326118809812039,17.565640465818433,-5.621656357856637e-07,-0.0058753571896245785,2.7305337787884615e-05,-0.6653111929092965,50.44628438005773,-0.6304743826513598,0.0007627995438818959,0.0357312844653412,23269.3,0.04941565671892667,0.0123,index_dividend_yield,0.065,13.16,65,23201.6,23284.75,23116.1,23118.6,mid_price,ok
2026-09-16T08:59:38.213101+00:00,2026-09-16T14:29:38.213101+05:30,NIFTY,29-Sep-2026,23100.0,PE,23228.25,152.85,325,153.35,130,153.25,153.1,17108,2577,33407,-16.553226245575825,14.39,-0.3871268527942475,0.0006057727337868483,-7.941908132630652,16.805526659951283,-0.6893746075482543,0.0017607841538639921,8.66851049852535,-2.9537724383893816e-07,-0.003897379047065213,2.2460460856639063e-05,-0.6661289632828016,-51.53790189811914,0.396829362529592,0.000612517843701174,0.0357312844653412,23269.3,0.04941565671892667,0.0123,index_dividend_yield,0.065,13.16,65,23201.6,23284.75,23116.1,23118.6,mid_price,ok
2026-09-16T08:59:38.213101+00:00,2026-09-16T14:29:38.213101+05:30,NIFTY,29-Sep-2026,23150.0,CE,23228.25,295.6,65,296.6,65,296,296.1,5461,1882,7331,6.207391460351633,11.28,0.6012361901261015,0.0007789344836299782,-9.294797106668778,16.939151095200234,-0.8069049501601699,0.0008989639265367666,9.114266175172858,-4.2568497566687976e-07,-0.006486795963648445,2.9459157507913417e-05,-0.6588738428379806,52.938181748873156,-0.5918727310881516,0.0007842091821644789,0.0357312844653412,23269.3,0.04941565671892667,0.0123,index_dividend_yield,0.065,13.16,65,23201.6,23284.75,23116.1,23118.6,mid_price,ok
2026-09-16T08:59:38.213101+00:00,2026-09-16T14:29:38.213101+05:30,NIFTY,29-Sep-2026,23150.0,PE,23228.25,170,65,170.5,195,170.1,170.25,7278,1221,20929,-16.576753310446296,14.27,-0.41727703635525526,0.0006227648418046573,-7.939246112173641,17.1328523137075,-0.4961040774314196,0.0006127686957340672,4.539621126646409,-2.2960383467696705e-07,-0.0041993371754487805,2.3709535470093084e-05,-0.6621098158362315,-50.21192595760135,0.4270258940503987,0.0006269820088032186,0.0357312844653412,23269.3,0.04941565671892667,0.0123,index_dividend_yield,0.065,13.16,65,23201.6,23284.75,23116.1,23118.6,mid_price,ok
2026-09-16T08:59:38.213101+00:00,2026-09-16T14:29:38.213101+05:30,NIFTY,29-Sep-2026,23200.0,CE,23228.25,264.65,65,265.4,65,265.85,265.025,18587,4907,57343,6.36127225445089,11.16,0.5623264283754695,0.0008037625286162887,-9.243286543351786,17.293128228658812,-0.48142235086851004,-0.0006165681785704757,3.3294547619302506,-2.840031042944622e-07,-0.007047971650135881,3.107434253220667e-05,-0.6581257330707615,56.02862557652751,-0.5529625236510936,0.0008057211592926473,0.0357312844653412,23269.3,0.04941565671892667,0.0123,index_dividend_yield,0.065,13.16,65,23201.6,23284.75,23116.1,23118.6,mid_price,ok
2026-09-16T08:59:38.213101+00:00,2026-09-16T14:29:38.213101+05:30,NIFTY,29-Sep-2026,23200.0,PE,23228.25,188.25,65,188.75,65,188.35,188.5,49673,10890,94069,-16.0650623885918,14.15,-0.44837415133370767,0.0006364922994780011,-7.877552022429313,17.363257472887835,-0.2865404843402364,-0.0005950186197521967,1.6264858865433496,-1.5663162941789787e-07,-0.004438773176082078,2.4566391140363003e-05,-0.6619162556063003,-48.876211426362524,0.45810496299059317,0.000638043321451083,0.0357312844653412,23269.3,0.04941565671892667,0.0123,index_dividend_yield,0.065,13.16,65,23201.6,23284.75,23116.1,23118.6,mid_price,ok
2026-09-16T08:59:38.213101+00:00,2026-09-16T14:29:38.213101+05:30,NIFTY,29-Sep-2026,23250.0,CE,23228.25,235.7,195,236.4,65,237,236.05,10524,1007,17038,6.254203093476799,11.14,0.5219029773161745,0.0008139995821495621,-9.179923558530362,17.48199470828287,-0.12313504460415015,-0.002187458149501831,0.3001181456578905,-1.2292648758048488e-07,-0.007293609796562813,3.1513320047799076e-05,-0.6643876293526425,58.80880447237405,-0.5125484753852769,0.0008124773275449249,0.0357312844653412,23269.3,0.04941565671892667,0.0123,index_dividend_yield,0.065,13.16,65,23201.6,23284.75,23116.1,23118.6,mid_price,ok
2026-09-16T08:59:38.213101+00:00,2026-09-16T14:29:38.213101+05:30,NIFTY,29-Sep-2026,23250.0,PE,23228.25,208.45,65,208.95,65,208.3,208.7,16672,324,23604,-15.376802762543164,14.03,-0.48025933947884025,0.0006465467387210143,-7.753964467719312,17.487962288492106,-0.06374376236992219,-0.001842454205039756,0.1370724459306416,-7.73580117571982e-08,-0.0046034817279454535,2.497699008688467e-05,-0.6660620097804824,-47.53252627932564,0.4899044168842718,0.0006453376364417084,0.0357312844653412,23269.3,0.04941565671892667,0.0123,index_dividend_yield,0.065,13.16,65,23201.6,23284.75,23116.1,23118.6,mid_price,ok
2026-09-16T08:59:38.213101+00:00,2026-09-16T14:29:38.213101+05:30,NIFTY,29-Sep-2026,23300.0,CE,23228.25,207.15,130,207.7,260,206.95,207.425,36541,6643,70215,5.184243964421855,11.08,0.48109453352781656,0.0008187691644983758,-9.01069907834405,17.489719747318997,0.24383238651567996,-0.0037677669456409046,0.5019103941972247,4.3393015324721825e-08,-0.007366713868808329,3.108030238659033e-05,-0.6778460681591518,61.918424212967885,-0.4718671654959065,0.0008137342945152729,0.0357312844653412,23269.3,0.04941565671892667,0.0123,index_dividend_yield,0.065,13.16,65,23201.6,23284.75,23116.1,23118.6,mid_price,ok
2026-09-16T08:59:38.213101+00:00,2026-09-16T14:29:38.213101+05:30,NIFTY,29-Sep-2026,23300.0,PE,23228.25,229.65,260,230.35,130,229.8,230.0,61828,14872,73586,-14.967622571692877,13.9,-0.5127682703855378,0.0006530300294224861,-7.559910073728287,17.4996581335242,0.16875017227957478,-0.003108498571147811,0.24138785716054656,7.1212617453015624e-09,-0.004689291881583677,2.4915107053976172e-05,-0.6748589445318096,-46.21568362599391,0.5222501997560532,0.0006490143416856156,0.0357312844653412,23269.3,0.04941565671892667,0.0123,index_dividend_yield,0.065,13.16,65,23201.6,23284.75,23116.1,23118.6,mid_price,ok
2026-09-16T08:59:38.213101+00:00,2026-09-16T14:29:38.213101+05:30,NIFTY,29-Sep-2026,23350.0,CE,23228.25,182.2,65,182.7,130,181.75,182.45,4196,588,14317,5.545876887340302,10.99,0.4399451000538764,0.000817061104398578,-8.741540478427707,17.311465747659426,0.6149206460424883,-0.005319703010901011,4.067008653098725,2.1458901525343794e-07,-0.007243209480564444,2.9711619392423284e-05,-0.6985023493475886,65.36460636411766,-0.4309556304734615,0.0008085627878397607,0.0357312844653412,23269.3,0.04941565671892667,0.0123,index_dividend_yield,0.065,13.16,65,23201.6,23284.75,23116.1,23118.6,mid_price,ok
2026-09-16T08:59:38.213101+00:00,2026-09-16T14:29:38.213101+05:30,NIFTY,29-Sep-2026,23350.0,PE,23228.25,255,65,255.8,195,253.65,255.4,3667,184,5825,-14.653432032301481,13.92,-0.5451252635102404,0.0006482150843851931,-7.404433806503741,17.39562272118458,0.39925457605016756,-0.004325849732733311,1.9978579632216054,9.178804633495674e-08,-0.00458250183055399,2.4090749069589283e-05,-0.6880019622558855,-44.43078978222271,0.5544880232208513,0.0006414729485086352,0.0357312844653412,23269.3,0.04941565671892667,0.0123,index_dividend_yield,0.065,13.16,65,23201.6,23284.75,23116.1,23118.6,mid_price,ok
2026-09-16T08:59:38.213101+00:00,2026-09-16T14:29:38.213101+05:30,NIFTY,29-Sep-2026,23400.0,CE,23228.25,158.1,195,158.55,65,159,158.325,31125,-4239,63698,4.7775947281713345,10.95,0.39934557334144044,0.0008029527549919328,-8.431129771178721,16.950625285451927,0.9706123163772395,-0.006758470573380582,10.850738311518171,3.8051044787131367e-07,-0.006819407168160221,2.7245346566321394e-05,-0.7250879225159679,68.65179048543071,-0.39064020187369863,0.0007912090768583981,0.0357312844653412,23269.3,0.04941565671892667,0.0123,index_dividend_yield,0.065,13.16,65,23201.6,23284.75,23116.1,23118.6,mid_price,ok
2026-09-16T08:59:38.213101+00:00,2026-09-16T14:29:38.213101+05:30,NIFTY,29-Sep-2026,23400.0,PE,23228.25,281.4,65,282.15,65,282.15,281.775,31587,-3103,51554,-13.117782909930716,13.86,-0.5775237594982355,0.0006427694536490423,-7.133705002001346,17.175131525088137,0.6277280895339854,-0.005514417613091681,5.408293788605079,1.7684152072274812e-07,-0.004435399183748564,2.2911197479819523e-05,-0.7053352627167122,-42.93017805377873,0.5866387733676641,0.0006333685548654043,0.0357312844653412,23269.3,0.04941565671892667,0.0123,index_dividend_yield,0.065,13.16,65,23201.6,23284.75,23116.1,23118.6,mid_price,ok
2026-09-16T08:59:38.213101+00:00,2026-09-16T14:29:38.213101+05:30,NIFTY,29-Sep-2026,23450.0,CE,23228.25,136.85,65,137.25,65,137.05,137.05,5695,482,11538,3.0838661150808573,10.89,0.35934278695318994,0.0007817006818612714,-8.036399900840914,16.411564433960802,1.3056519172628955,-0.008065682460837553,20.628019541788944,5.398971225701682e-07,-0.006196020053718593,2.393224382722821e-05,-0.7563331652233813,72.21806163930842,-0.351015987828073,0.0007669866059979631,0.0357312844653412,23269.3,0.04941565671892667,0.0123,index_dividend_yield,0.065,13.16,65,23201.6,23284.75,23116.1,23118.6,mid_price,ok
2026-09-16T08:59:38.213101+00:00,2026-09-16T14:29:38.213101+05:30,NIFTY,29-Sep-2026,23450.0,PE,23228.25,309.85,130,310.95,65,309.15,310.4,4813,471,4144,-13.548657718120806,13.17,-0.6151859725619183,0.0006605082623913664,-6.345449956866009,16.770485723144212,0.9236358921531629,-0.006904068073241287,11.906310280201282,3.0142933446212295e-07,-0.004546539577640672,2.1866423699833408e-05,-0.7312076299017818,-43.171237474295545,0.623483747999925,0.0006480754106532463,0.0357312844653412,23269.3,0.04941565671892667,0.0123,index_dividend_yield,0.065,13.16,65,23201.6,23284.75,23116.1,23118.6,mid_price,ok
2026-09-16T08:59:38.213101+00:00,2026-09-16T14:29:38.213101+05:30,NIFTY,29-Sep-2026,23500.0,CE,23228.25,117.8,520,118.15,260,118,117.975,66948,-1455,118458,3.1468531468531467,10.89,0.3214465946615481,0.0007491140742885282,-7.626630945217892,15.727418670404745,1.5915655678941099,-0.009151703138507827,32.37632995263606,6.754244548844265e-07,-0.005337066712578989,1.9876968611649598e-05,-0.7888683258931941,75.44108759685203,-0.31351781767302506,0.0007318889921475524,0.0357312844653412,23269.3,0.04941565671892667,0.0123,index_dividend_yield,0.065,13.16,65,23201.6,23284.75,23116.1,23118.6,mid_price,ok
2026-09-16T08:59:38.213101+00:00,2026-09-16T14:29:38.213101+05:30,NIFTY,29-Sep-2026,23500.0,PE,23228.25,338.65,65,339.6,65,337.35,339.125,68641,-2065,54195,-12.660194174757281,13.88,-0.6397060696048877,0.0006136099314938568,-6.525244472043558,16.41963345851893,1.036407376931614,-0.007599525662435158,16.311413515452955,3.290846571729325e-07,-0.003811407613052355,1.9101281380956505e-05,-0.7482898300532028,-39.667942090598906,0.6482486583557094,0.0005995006231317911,0.0357312844653412,23269.3,0.04941565671892667,0.0123,index_dividend_yield,0.065,13.16,65,23201.6,23284.75,23116.1,23118.6,mid_price,ok
2026-09-16T08:59:38.213101+00:00,2026-09-16T14:29:38.213101+05:30,NIFTY,29-Sep-2026,23550.0,CE,23228.25,100.2,455,100.6,195,100.15,100.4,4674,1067,10867,1.9338422391857506,10.84,0.2844782084721589,0.0007125097409595681,-7.1273464703476375,14.890240076062284,1.8449879710308592,-0.010052864578406706,46.11563590353729,8.003686323717271e-07,-0.004366419824021201,1.5309081879944907e-05,-0.8218948090360422,79.1837843134469,-0.2770479995092607,0.0006931735240462005,0.0357312844653412,23269.3,0.04941565671892667,0.0123,index_dividend_yield,0.065,13.16,65,23201.6,23284.75,23116.1,23118.6,mid_price,ok
2026-09-16T08:59:38.213101+00:00,2026-09-16T14:29:38.213101+05:30,NIFTY,29-Sep-2026,23550.0,PE,23228.25,372.05,65,373.55,65,373,372.8,2290,160,1200,-11.80990660834614,13.2,-0.678158928570598,0.0006179832004386251,-5.613471840233048,15.72650480713875,1.3251281288187422,-0.008806813701231153,26.962958893285816,4.59212037477238e-07,-0.003622287441338635,1.6698537646405798e-05,-0.7811803294953403,-39.67964254706743,0.6857509865531489,0.0006012122617053448,0.0357312844653412,23269.3,0.04941565671892667,0.0123,index_dividend_yield,0.065,13.16,65,23201.6,23284.75,23116.1,23118.6,mid_price,ok
2026-09-16T08:59:38.213101+00:00,2026-09-16T14:29:38.213101+05:30,NIFTY,29-Sep-2026,23600.0,CE,23228.25,84.55,195,84.8,260,84.85,84.675,30728,2525,47815,0.1770956316410862,10.78,0.2492252965607103,0.0006701266973827523,-6.579235050557317,13.926990930465095,2.0508048062343605,-0.010719742847917019,60.9282870233363,9.058935577786272e-07,-0.0032846585599347663,1.0375390844283338e-05,-0.8521833203316119,83.16526165031848,-0.2423499276639639,0.0006491811449246074,0.0357312844653412,23269.3,0.04941565671892667,0.0123,index_dividend_yield,0.065,13.16,65,23201.6,23284.75,23116.1,23118.6,mid_price,ok
2026-09-16T08:59:38.213101+00:00,2026-09-16T14:29:38.213101+05:30,NIFTY,29-Sep-2026,23600.0,PE,23228.25,405.05,65,406.65,130,406.15,405.85,23042,-684,7687,-9.964531146087342,13.91,-0.6978441834926254,0.0005706108332978574,-5.740998515681449,15.302019614373625,1.366462489660658,-0.009229814087688304,31.145967712618017,4.531524355866588e-07,-0.002940802959933023,1.4076349323232469e-05,-0.796016729118735,-36.60722512260871,0.7056143939841852,0.0005527757594398767,0.0357312844653412,23269.3,0.04941565671892667,0.0123,index_dividend_yield,0.065,13.16,65,23201.6,23284.75,23116.1,23118.6,mid_price,ok
2026-09-16T08:59:38.213101+00:00,2026-09-16T14:29:38.213101+05:30,NIFTY,29-Sep-2026,23650.0,CE,23228.25,71.35,390,71.65,130,72.15,71.5,7983,661,10859,0.979706088173548,10.81,0.21812275075184487,0.0006206423711773297,-6.081557787816252,12.934472657585111,2.1764817803492793,-0.011098685174254745,74.37550511910284,9.675299203028161e-07,-0.0021723917676542254,5.596759107957014e-06,-0.8749312231513837,86.35718597499977,-0.21175219429586317,0.000598703937699677,0.0357312844653412,23269.3,0.04941565671892667,0.0123,index_dividend_yield,0.065,13.16,65,23201.6,23284.75,23116.1,23118.6,mid_price,ok
2026-09-16T08:59:38.213101+00:00,2026-09-16T14:29:38.213101+05:30,NIFTY,29-Sep-2026,23650.0,PE,23228.25,440.75,65,443.85,65,431.75,442.3,3295,-86,1751,-11.95064749668604,12.99,-0.7398370969978434,0.0005682684563786135,-4.52317612893504,14.23129143687711,1.667801752823328,-0.01024190076024123,47.15085525689222,6.062760818947378e-07,-0.0024918884979639776,1.027166733996211e-05,-0.8339747051557982,-36.9190979029684,0.7463256478915132,0.0005481813332515518,0.0357312844653412,23269.3,0.04941565671892667,0.0123,index_dividend_yield,0.065,13.16,65,23201.6,23284.75,23116.1,23118.6,mid_price,ok
2026-09-16T08:59:38.213101+00:00,2026-09-16T14:29:38.213101+05:30,NIFTY,29-Sep-2026,23700.0,CE,23228.25,60.05,390,60.25,130,60.2,60.15,34575,1591,49546,-1.4729950900163666,10.81,0.18891943348467674,0.0005696265010096515,-5.5447497078010874,11.871278443927062,2.2560551690054,-0.011257547083739551,87.33309823734636,1.010635990085727e-06,-0.0010785820713367735,9.227888585131147e-07,-0.8906953096529459,89.90539760724889,-0.1830994933977495,0.0005471752904956606,0.0357312844653412,23269.3,0.04941565671892667,0.0123,index_dividend_yield,0.065,13.16,65,23201.6,23284.75,23116.1,23118.6,mid_price,ok
2026-09-16T08:59:38.213101+00:00,2026-09-16T14:29:38.213101+05:30,NIFTY,29-Sep-2026,23700.0,PE,23228.25,479.85,65,481.15,65,477.45,480.5,17166,-3,4523,-9.67650397275823,14.16,-0.7474224849412066,0.0005133154065213603,-5.007924568995706,14.012936831466181,1.5646507503238039,-0.010245937250574766,45.854519737206445,5.212670769633815e-07,-0.0019453779981866751,8.72365241156789e-06,-0.8362953522710619,-33.4176053216035,0.7544659232542955,0.0004930836367012084,0.0357312844653412,23269.3,0.04941565671892667,0.0123,index_dividend_yield,0.065,13.16,65,23201.6,23284.75,23116.1,23118.6,mid_price,ok
2026-09-16T08:59:38.213101+00:00,2026-09-16T14:29:38.213101+05:30,NIFTY,29-Sep-2026,23750.0,CE,23228.25,50.55,65,50.8,325,50.5,50.675,5680,477,10034,-3.071017274472169,10.83,0.16276692350800795,0.0005173485405801777,-5.02354004146843,10.801729480561109,2.2791258680510267,-0.011195261187983002,98.3615184360449,1.0257244939960298e-06,-6.557365666692155e-05,-3.316748115292107e-06,-0.8970732809417594,93.27708242346546,-0.1574845427161326,0.0004948675578066916,0.0357312844653412,23269.3,0.04941565671892667,0.0123,index_dividend_yield,0.065,13.16,65,23201.6,23284.75,23116.1,23118.6,mid_price,ok
2026-09-16T08:59:38.213101+00:00,2026-09-16T14:29:38.213101+05:30,NIFTY,29-Sep-2026,23750.0,PE,23228.25,519.55,65,522.25,65,523.2,520.9,2198,-258,728,-9.44963655244029,14.01,,,,,,,,,,,,,,,0.0357312844653412,,,,,,13.16,65,23201.6,23284.75,23116.1,23118.6,mid_price,no_price_available
2026-09-16T08:59:38.213101+00:00,2026-09-16T14:29:38.213101+05:30,NIFTY,29-Sep-2026,23800.0,CE,23228.25,42.15,325,42.3,1365,42.3,42.224999999999994,57415,8844,68155,-6,10.87,0.13967189179808057,0.0004655385142735413,-4.528038553227534,9.755887238804153,2.252673048589476,-0.010946027844528028,106.97815526780107,1.0158323702996082e-06,0.0008225385586971637,-6.970824213054005e-06,-0.893647475436884,96.42844098451639,-0.13490288377706414,0.00044343981593095687,0.0357312844653412,23269.3,0.04941565671892667,0.0123,index_dividend_yield,0.065,13.16,65,23201.6,23284.75,23116.1,23118.6,mid_price,ok
2026-09-16T08:59:38.213101+00:00,2026-09-16T14:29:38.213101+05:30,NIFTY,29-Sep-2026,23800.0,PE,23228.25,561.45,65,563.4,65,558.3,562.425,26322,-714,6937,-9.21213106756647,14.65,,,,,,,,,,,,,,,0.0357312844653412,,,,,,13.16,65,23201.6,23284.75,23116.1,23118.6,mid_price,no_price_available
2026-09-16T08:59:38.213101+00:00,2026-09-16T14:29:38.213101+05:30,NIFTY,29-Sep-2026,23850.0,CE,23228.25,35.8,455,35.95,195,35.95,35.875,11015,241,13173,-8.290816326530612,11.01,0.12128120861050731,0.0004168505172196219,-4.136426904111599,8.848084780906182,2.176447924909036,-0.01058167465856956,111.65499166780623,9.734357993765462e-07,0.0014746471738031881,-9.609182202656278e-06,-0.8818895782296217,98.29278100772268,-0.11691779575936516,0.0003953999054520992,0.0357312844653412,23269.3,0.04941565671892667,0.0123,index_dividend_yield,0.065,13.16,65,23201.6,23284.75,23116.1,23118.6,mid_price,ok
2026-09-16T08:59:38.213101+00:00,2026-09-16T14:29:38.213101+05:30,NIFTY,29-Sep-2026,23850.0,PE,23228.25,605.2,65,609.3,130,604.95,607.25,1372,-112,391,-7.943391919653047,14.07,,,,,,,,,,,,,,,0.0357312844653412,,,,,,13.16,65,23201.6,23284.75,23116.1,23118.6,mid_price,no_price_available
2026-09-16T08:59:38.213101+00:00,2026-09-16T14:29:38.213101+05:30,NIFTY,29-Sep-2026,23900.0,CE,23228.25,29.8,1430,29.95,975,29.9,29.875,28113,-836,38370,-8.562691131498472,11.06,0.10322449232900137,0.00036979517720512077,-3.6853228958144233,7.8849325299852,2.0848070169873916,-0.010076735965628567,115.63082073323594,9.326386617248213e-07,0.0020799045213969287,-1.2050884244497061e-05,-0.8610134505814616,101.24626043246032,-0.09933231010352857,0.000349299870129774,0.0357312844653412,23269.3,0.04941565671892667,0.0123,index_dividend_yield,0.065,13.16,65,23201.6,23284.75,23116.1,23118.6,mid_price,ok
2026-09-16T08:59:38.213101+00:00,2026-09-16T14:29:38.213101+05:30,NIFTY,29-Sep-2026,23900.0,PE,23228.25,647.55,65,649.8,130,645,648.675,13995,-866,3680,-7.949193663479377,13.85,,,,,,,,,,,,,,,0.0357312844653412,,,,,,13.16,65,23201.6,23284.75,23116.1,23118.6,mid_price,no_price_available
2026-09-16T08:59:38.213101+00:00,2026-09-16T14:29:38.213101+05:30,NIFTY,29-Sep-2026,23950.0,CE,23228.25,25.45,910,25.55,260,25.55,25.5,4771,494,7156,-8.422939068100359,11.19,0.08894774321184556,0.0003275989541969164,-3.3266273154637127,7.067311029493888,1.9679042284561286,-0.009537389558024634,116.39443735762312,8.735510015861253e-07,0.0024682030523087628,-1.3605757485912514e-05,-0.8348917334597683,103.0872230586119,-0.08543040339111119,0.00030815161938894963,0.0357312844653412,23269.3,0.04941565671892667,0.0123,index_dividend_yield,0.065,13.16,65,23201.6,23284.75,23116.1,23118.6,mid_price,ok
2026-09-16T08:59:38.213101+00:00,2026-09-16T14:29:38.213101+05:30,NIFTY,29-Sep-2026,23950.0,PE,23228.25,692.4,65,697.9,130,700.5,695.15,1926,-97,133,-6.2186223977508535,16.33,,,,,,,,,,,,,,,0.0357312844653412,,,,,,13.16,65,23201.6,23284.75,23116.1,23118.6,mid_price,no_price_available
2026-09-16T08:59:38.213101+00:00,2026-09-16T14:29:38.213101+05:30,NIFTY,29-Sep-2026,24000.0,CE,23228.25,21.7,3575,21.8,910,21.8,21.75,148288,6754,121943,-11.919191919191919,11.33,0.07668564683893109,0.00028937536160452505,-2.999720534071883,6.320814900354286,1.8408533826348854,-0.008962779673410803,115.38343924633531,8.099700036718472e-07,0.002728749274592503,-1.4641279715062716e-05,-0.8039658290998757,104.70570913602197,-0.07351088277436893,0.0002710641298500614,0.0357312844653412,23269.3,0.04941565671892667,0.0123,index_dividend_yield,0.065,13.16,65,23201.6,23284.75,23116.1,23118.6,mid_price,ok
2026-09-16T08:59:38.213101+00:00,2026-09-16T14:29:38.213101+05:30,NIFTY,29-Sep-2026,24000.0,PE,23228.25,739.05,65,741.85,65,735.1,740.45,90305.15384615384,-1327,15770,-7.2780020181634715,16.22,,,,,,,,,,,,,,,0.0357312844653412,,,,,,13.16,65,23201.6,23284.75,23116.1,23118.6,mid_price,no_price_available
2026-09-16T08:59:38.213101+00:00,2026-09-16T14:29:38.213101+05:30,NIFTY,29-Sep-2026,24050.0,CE,23228.25,18.45,455,18.55,585,18.6,18.5,4533,547,6040,-13.286713286713287,11.48,0.06620221901427975,0.000255120077974124,-2.704515906860343,5.646354465257522,1.7094630420710009,-0.008375372239112347,112.92474909071393,7.447809488406899e-07,0.002880350323123293,-1.523276226682394e-05,-0.7696076853259015,106.09748414932002,-0.06333754001968882,0.00023798383611545296,0.0357312844653412,23269.3,0.04941565671892667,0.0123,index_dividend_yield,0.065,13.16,65,23201.6,23284.75,23116.1,23118.6,mid_price,ok
2026-09-16T08:59:38.213101+00:00,2026-09-16T14:29:38.213101+05:30,NIFTY,29-Sep-2026,24050.0,PE,23228.25,784.75,65,794.75,65,778.55,789.75,1391,2,83,-7.574048792069805,15.93,,,,,,,,,,,,,,,0.0357312844653412,,,,,,13.16,65,23201.6,23284.75,23116.1,23118.6,mid_price,no_price_available
2026-09-16T08:59:38.213101+00:00,2026-09-16T14:29:38.213101+05:30,NIFTY,29-Sep-2026,24100.0,CE,23228.25,15.75,975,15.85,1235,15.8,15.8,28419,259,33210,-13.896457765667575,11.62,0.05695689252060288,0.00022410786701726923,-2.425384417828154,5.020475382085746,1.5768555726061,-0.007772320190106785,109.43754807130368,6.808742636572346e-07,0.0029568223197457477,-1.5501056719202048e-05,-0.7317801144344226,107.54242779573471,-0.05438617154340821,0.0002081881472212012,0.0357312844653412,23269.3,0.04941565671892667,0.0123,index_dividend_yield,0.065,13.16,65,23201.6,23284.75,23116.1,23118.6,mid_price,ok
2026-09-16T08:59:38.213101+00:00,2026-09-16T14:29:38.213101+05:30,NIFTY,29-Sep-2026,24100.0,PE,23228.25,832.1,65,835.55,65,819.75,833.825,12579,-403,2281,-7.503526093088857,17.48,,,,,,,,,,,,,,,0.0357312844653412,,,,,,13.16,65,23201.6,23284.75,23116.1,23118.6,mid_price,no_price_available
2026-09-16T08:59:38.213101+00:00,2026-09-16T14:29:38.213101+05:30,NIFTY,29-Sep-2026,24150.0,CE,23228.25,13.7,260,13.8,260,13.75,13.75,6285,1142,6606,-16.91842900302115,11.83,0.04997793439208505,0.00019846854496477858,-2.218615705597833,4.526453278908928,1.4527647633160063,-0.007250494767085475,104.92188726440688,6.176511139914359e-07,0.0029230235455034092,-1.5363678890461434e-05,-0.6970825593607328,107.91508033870447,-0.04762494502342707,0.00018360749216788695,0.0357312844653412,23269.3,0.04941565671892667,0.0123,index_dividend_yield,0.065,13.16,65,23201.6,23284.75,23116.1,23118.6,mid_price,ok
2026-09-16T08:59:38.213101+00:00,2026-09-16T14:29:38.213101+05:30,NIFTY,29-Sep-2026,24150.0,PE,23228.25,881.95,65,887.55,195,866,884.75,2468,6,42,-7.7349243554229705,16.08,,,,,,,,,,,,,,,0.0357312844653412,,,,,,13.16,65,23201.6,23284.75,23116.1,23118.6,mid_price,no_price_available
2026-09-16T08:59:38.213101+00:00,2026-09-16T14:29:38.213101+05:30,NIFTY,29-Sep-2026,24200.0,CE,23228.25,12.25,325,12.3,780,12.3,12.275,57269,557,30581,-16.89189189189189,12.08,0.044459286195707305,0.00017696000875759213,-2.0560166515402822,4.121199866193985,1.3392529174192715,-0.006791947128738832,100.0203230663228,5.586660290706426e-07,0.002830071200234739,-1.5007569307416084e-05,-0.6651580649247291,107.65068684836356,-0.042277613383410455,0.00016303369906139065,0.0357312844653412,23269.3,0.04941565671892667,0.0123,index_dividend_yield,0.065,13.16,65,23201.6,23284.75,23116.1,23118.6,mid_price,ok
2026-09-16T08:59:38.213101+00:00,2026-09-16T14:29:38.213101+05:30,NIFTY,29-Sep-2026,24200.0,PE,23228.25,927.4,195,932.1,65,912,929.75,26943,-443,2001,-7.052588666938442,16.31,,,,,,,,,,,,,,,0.0357312844653412,,,,,,13.16,65,23201.6,23284.75,23116.1,23118.6,mid_price,no_price_available
2026-09-16T08:59:38.213101+00:00,2026-09-16T14:29:38.213101+05:30,NIFTY,29-Sep-2026,24250.0,CE,23228.25,10.8,390,10.9,130,11,10.850000000000001,6620,423,4556,-17.60299625468165,12.34,0.03977647151639265,0.0001583088852485741,-1.9136121661280234,3.7661885797201156,1.234695972771163,-0.006368315588246305,95.03898811296673,5.05014912577825e-07,0.0027121629335929926,-1.4545474434364005e-05,-0.634502573723732,107.18842686215915,-0.03774507509015718,0.0001452495474942903,0.0357312844653412,23269.3,0.04941565671892667,0.0123,index_dividend_yield,0.065,13.16,65,23201.6,23284.75,23116.1,23118.6,mid_price,ok
2026-09-16T08:59:38.213101+00:00,2026-09-16T14:29:38.213101+05:30,NIFTY,29-Sep-2026,24250.0,PE,23228.25,974.4,65,984.75,65,961.1,979.575,2438,-17,58,-7.675312199807877,16.86,,,,,,,,,,,,,,,0.0357312844653412,,,,,,13.16,65,23201.6,23284.75,23116.1,23118.6,mid_price,no_price_available
2026-09-16T08:59:38.213101+00:00,2026-09-16T14:29:38.213101+05:30,NIFTY,29-Sep-2026,24300.0,CE,23228.25,9.7,1690,9.8,1300,9.8,9.75,62102,-2671,21881,-19.672131147540984,12.56,0.03523188372281872,0.00014086388003395404,-1.7592387736593538,3.4109150062862734,1.1333048126206564,-0.005925836765049896,90.00267577994836,4.5622707432167133e-07,0.002595527969279432,-1.404318307730878e-05,-0.6013075938415566,107.21025401549247,-0.03336385341818066,0.00012871230940677097,0.0357312844653412,23269.3,0.04941565671892667,0.0123,index_dividend_yield,0.065,13.16,65,23201.6,23284.75,23116.1,23118.6,mid_price,ok
2026-09-16T08:59:38.213101+00:00,2026-09-16T14:29:38.213101+05:30,NIFTY,29-Sep-2026,24300.0,PE,23228.25,1027.05,65,1032.4,65,1029.25,1029.725,45992,-1264,2994,-5.103263876083349,19.53,,,,,,,,,,,,,,,0.0357312844653412,,,,,,13.16,65,23201.6,23284.75,23116.1,23118.6,mid_price,no_price_available
2026-09-16T08:59:38.213101+00:00,2026-09-16T14:29:38.213101+05:30,NIFTY,29-Sep-2026,24350.0,CE,23228.25,8.85,325,8.9,2665,8.85,8.875,8891,552,4090,-16.50943396226415,12.81,0.031582047313850385,0.00012622086937170082,-1.635570009512483,3.117180196785014,1.042981487646767,-0.0055418869977388735,85.07871117177656,4.122311928432221e-07,0.002459774437969087,-1.3473304536637239e-05,-0.5715145522379119,106.7749943204503,-0.02984497775716343,0.00011485931429206895,0.0357312844653412,23269.3,0.04941565671892667,0.0123,index_dividend_yield,0.065,13.16,65,23201.6,23284.75,23116.1,23118.6,mid_price,ok
2026-09-16T08:59:38.213101+00:00,2026-09-16T14:29:38.213101+05:30,NIFTY,29-Sep-2026,24350.0,PE,23228.25,1072.7,65,1082.35,65,1070,1077.525,4902,-22,73,-4.468550511137896,20.44,,,,,,,,,,,,,,,0.0357312844653412,,,,,,13.16,65,23201.6,23284.75,23116.1,23118.6,mid_price,no_price_available
2026-09-16T08:59:38.213101+00:00,2026-09-16T14:29:38.213101+05:30,NIFTY,29-Sep-2026,24400.0,CE,23228.25,8.05,1755,8.1,1560,8.05,8.075,42146,-658,15468,-22.966507177033492,13.12,0.02896234897211256,0.00011470401718598598,-1.5553377418480037,2.901309598496516,0.9673699659230838,-0.005247006391295123,80.53473286914681,3.7358153532059604e-07,0.0023097676411377496,-1.2878588579613156e-05,-0.5479987392757715,105.52501762409912,-0.02731022407551206,0.00010395178677923812,0.0357312844653412,23269.3,0.04941565671892667,0.0123,index_dividend_yield,0.065,13.16,65,23201.6,23284.75,23116.1,23118.6,mid_price,ok
2026-09-16T08:59:38.213101+00:00,2026-09-16T14:29:38.213101+05:30,NIFTY,29-Sep-2026,24400.0,PE,23228.25,1122.3,65,1128.45,130,1120.15,1125.375,29696,-376,1675,-4.995547262626691,18.41,,,,,,,,,,,,,,,0.0357312844653412,,,,,,13.16,65,23201.6,23284.75,23116.1,23118.6,mid_price,no_price_available
2026-09-16T08:59:38.213101+00:00,2026-09-16T14:29:38.213101+05:30,NIFTY,29-Sep-2026,24450.0,CE,23228.25,7.3,780,7.35,520,7.4,7.324999999999999,7517,938,4896,-22.105263157894736,13.36,0.026019388695959537,0.00010301598395442474,-1.4452652869825207,2.653338659706347,0.8900590670557467,-0.004900986806735962,75.91740859891938,3.3794132488917184e-07,0.0021764728251884267,-1.228583123119448e-05,-0.5197088206055005,105.14816526821528,-0.0244841280179164,9.297792961486564e-05,0.0357312844653412,23269.3,0.04941565671892667,0.0123,index_dividend_yield,0.065,13.16,65,23201.6,23284.75,23116.1,23118.6,mid_price,ok
2026-09-16T08:59:38.213101+00:00,2026-09-16T14:29:38.213101+05:30,NIFTY,29-Sep-2026,24450.0,PE,23228.25,1172.35,65,1178.2,130,1186,1175.275,1320,-4,7,-3.4398534500305313,22.29,,,,,,,,,,,,,,,0.0357312844653412,,,,,,13.16,65,23201.6,23284.75,23116.1,23118.6,mid_price,no_price_available
2026-09-16T08:59:38.213101+00:00,2026-09-16T14:29:38.213101+05:30,NIFTY,29-Sep-2026,24500.0,CE,23228.25,6.8,5265,6.85,5980,6.85,6.824999999999999,83953,-606,31799,-24.725274725274726,13.67,0.024007423515224027,9.41110173055359e-05,-1.3793927065130716,2.4802222214576632,0.8275900839052815,-0.004649636982433595,71.83996290200656,3.0724206652137935e-07,0.0020375277414572115,-1.1711560118850712e-05,-0.49866597170786825,103.87457028700915,-0.022542119883584934,8.459433533109453e-05,0.0357312844653412,23269.3,0.04941565671892667,0.0123,index_dividend_yield,0.065,13.16,65,23201.6,23284.75,23116.1,23118.6,mid_price,ok
2026-09-16T08:59:38.213101+00:00,2026-09-16T14:29:38.213101+05:30,NIFTY,29-Sep-2026,24500.0,PE,23228.25,1221.05,65,1225.9,65,1205.95,1223.475,46620,-718,3219,-5.352587999843033,19.39,,,,,,,,,,,,,,,0.0357312844653412,,,,,,13.16,65,23201.6,23284.75,23116.1,23118.6,mid_price,no_price_available
2026-09-16T08:59:38.213101+00:00,2026-09-16T14:29:38.213101+05:30,NIFTY,29-Sep-2026,24550.0,CE,23228.25,5.95,520,6,3900,6.05,5.975,11602,608,6835,-24.375,13.83,0.02107452130974799,8.33434201477758e-05,-1.2480626935031414,2.2221588973304494,0.7530727260585557,-0.004269403463943538,67.18353466863202,2.767776307240405e-07,0.0019171539422466475,-1.1093495927278068e-05,-0.4660476416613779,104.40634522309375,-0.019748904480065024,7.461073336965883e-05,0.0357312844653412,23269.3,0.04941565671892667,0.0123,index_dividend_yield,0.065,13.16,65,23201.6,23284.75,23116.1,23118.6,mid_price,ok
2026-09-16T08:59:38.213101+00:00,2026-09-16T14:29:38.213101+05:30,NIFTY,29-Sep-2026,24550.0,PE,23228.25,1270.95,65,1279,65,1265.3,1274.975,761,-26,53,-5.7890622091508135,21.24,,,,,,,,,,,,,,,0.0357312844653412,,,,,,13.16,65,23201.6,23284.75,23116.1,23118.6,mid_price,no_price_available
2026-09-16T08:59:38.213101+00:00,2026-09-16T14:29:38.213101+05:30,NIFTY,29-Sep-2026,24600.0,CE,23228.25,5.6,650,5.65,3055,5.6,5.625,23064,-298,8790,-25.333333333333332,14.15,0.01962471670420711,7.66831278932217e-05,-1.1998377438656498,2.091885313503961,0.7030364785043982,-0.004068135264813224,63.630784999279655,2.5259036564869035e-07,0.0017906239157088936,-1.056024325040141e-05,-0.44837371712253415,102.97626643676179,-0.01835045116742131,6.836952904887773e-05,0.0357312844653412,23269.3,0.04941565671892667,0.0123,index_dividend_yield,0.065,13.16,65,23201.6,23284.75,23116.1,23118.6,mid_price,ok
2026-09-16T08:59:38.213101+00:00,2026-09-16T14:29:38.213101+05:30,NIFTY,29-Sep-2026,24600.0,PE,23228.25,1319.3,65,1324.55,130,1314,1321.925,10359,-133,327,-4.896319617848225,21.71,,,,,,,,,,,,,,,0.0357312844653412,,,,,,13.16,65,23201.6,23284.75,23116.1,23118.6,mid_price,no_price_available
2026-09-16T08:59:38.213101+00:00,2026-09-16T14:29:38.213101+05:30,NIFTY,29-Sep-2026,24650.0,CE,23228.25,5.3,845,5.4,1365,5.35,5.35,2271,-131,4001,-27.210884353741495,14.48,0.018392277733786096,7.091408567749034e-05,-1.1598883119358898,1.9796238673879756,0.6586199681864209,-0.003891270850228945,60.37949569736156,2.3124563786561742e-07,0.0016731828472051865,-1.0062589224923938e-05,-0.4326076161748438,101.45358365930468,-0.017160626017721014,6.296970282112823e-05,0.0357312844653412,23269.3,0.04941565671892667,0.0123,index_dividend_yield,0.065,13.16,65,23201.6,23284.75,23116.1,23118.6,mid_price,ok
2026-09-16T08:59:38.213101+00:00,2026-09-16T14:29:38.213101+05:30,NIFTY,29-Sep-2026,24650.0,PE,23228.25,1369.05,65,1382.25,260,1321,1375.65,569,0,6,-6.965279245017255,12.55,,,,,,,,,,,,,,,0.0357312844653412,,,,,,13.16,65,23201.6,23284.75,23116.1,23118.6,mid_price,no_price_available
2026-09-16T08:59:38.213101+00:00,2026-09-16T14:29:38.213101+05:30,NIFTY,29-Sep-2026,24700.0,CE,23228.25,4.95,5720,5.05,3900,5.05,5.0,22328,-754,14397,-27.33812949640288,14.79,0.01716041846603319,6.54405588221171e-05,-1.114862665936815,1.8659361769960072,0.616038989125895,-0.003709867294359022,57.2368427991422,2.1178614861718709e-07,0.001564898974707535,-9.581575249237556e-06,-0.41620496885242936,100.1806304552925,-0.01597682641281182,5.787434327816603e-05,0.0357312844653412,23269.3,0.04941565671892667,0.0123,index_dividend_yield,0.065,13.16,65,23201.6,23284.75,23116.1,23118.6,mid_price,ok
2026-09-16T08:59:38.213101+00:00,2026-09-16T14:29:38.213101+05:30,NIFTY,29-Sep-2026,24700.0,PE,23228.25,1419.5,65,1425.05,65,1409.1,1422.275,3534,-121,229,-3.769719319811514,24.96,,,,,,,,,,,,,,,0.0357312844653412,,,,,,13.16,65,23201.6,23284.75,23116.1,23118.6,mid_price,no_price_available
2026-09-16T08:59:38.213101+00:00,2026-09-16T14:29:38.213101+05:30,NIFTY,29-Sep-2026,24750.0,CE,23228.25,4.75,130,4.8,1170,4.8,4.775,4148,-333,2441,-25.58139534883721,15.09,0.015994630467427086,6.039164928564092e-05,-1.0693762890293639,1.7569028272133898,0.5761569027625604,-0.003533184949184422,54.24632234912907,1.9416228452548247e-07,0.0014644457495469416,-9.120792479946697e-06,-0.3999967936605151,99.03067958670766,-0.014859621697336633,5.319361025478639e-05,0.0357312844653412,23269.3,0.04941565671892667,0.0123,index_dividend_yield,0.065,13.16,65,23201.6,23284.75,23116.1,23118.6,mid_price,ok
2026-09-16T08:59:38.213101+00:00,2026-09-16T14:29:38.213101+05:30,NIFTY,29-Sep-2026,24750.0,PE,23228.25,1453.3,195,1485.7,195,0.0,1469.5,440,0,0,0,29.46,,,,,,,,,,,,,,,0.0357312844653412,,,,,,13.16,65,23201.6,23284.75,23116.1,23118.6,mid_price,no_price_available
2026-09-16T08:59:38.213101+00:00,2026-09-16T14:29:38.213101+05:30,NIFTY,29-Sep-2026,24800.0,CE,23228.25,4.35,1495,4.4,1950,4.4,4.375,16328,-822,9464,-28.45528455284553,15.37,0.014836893461559952,5.558742281805809e-05,-1.0197208562040943,1.64714570666198,0.5377453451973143,-0.003352712038322171,51.33510588113488,1.779553464748322e-07,0.0013707736614067814,-8.671193005154263e-06,-0.38319776913832415,98.09999112614197,-0.013754918170679462,4.8764767842187696e-05,0.0357312844653412,23269.3,0.04941565671892667,0.0123,index_dividend_yield,0.065,13.16,65,23201.6,23284.75,23116.1,23118.6,mid_price,ok
2026-09-16T08:59:38.213101+00:00,2026-09-16T14:29:38.213101+05:30,NIFTY,29-Sep-2026,24800.0,PE,23228.25,1515.45,65,1523.9,130,1519.25,1519.6750000000002,5274,-67,140,-3.911833533615837,24.88,,,,,,,,,,,,,,,0.0357312844653412,,,,,,13.16,65,23201.6,23284.75,23116.1,23118.6,mid_price,no_price_available
2026-09-16T08:59:38.213101+00:00,2026-09-16T14:29:38.213101+05:30,NIFTY,29-Sep-2026,24850.0,CE,23228.25,4,195,4.05,780,4.05,4.025,3924,-80,1799,-26.363636363636363,15.61,0.013594455684936063,5.076071353223816e-05,-0.9592216044759979,1.5276090864599068,0.49881761464442337,-0.003153193172085596,48.37181577031235,1.6260913135461058e-07,0.001282148245934221,-8.214952389303157e-06,-0.36433109030478716,97.57915359037862,-0.012577035018926043,4.4351459428784976e-05,0.0357312844653412,23269.3,0.04941565671892667,0.0123,index_dividend_yield,0.065,13.16,65,23201.6,23284.75,23116.1,23118.6,mid_price,ok
2026-09-16T08:59:38.213101+00:00,2026-09-16T14:29:38.213101+05:30,NIFTY,29-Sep-2026,24850.0,PE,23228.25,1558.35,65,1581.75,715,1557.1,1570.05,211,-2,3,13.243636363636364,23.79,,,,,,,,,,,,,,,0.0357312844653412,,,,,,13.16,65,23201.6,23284.75,23116.1,23118.6,mid_price,no_price_available
2026-09-16T08:59:38.213101+00:00,2026-09-16T14:29:38.213101+05:30,NIFTY,29-Sep-2026,24900.0,CE,23228.25,3.8,3380,3.85,390,3.85,3.825,7964,167,6217,-30,15.92,0.012807466673363818,4.727272801637491e-05,-0.9279409106801023,1.4508928495125388,0.4694816246059059,-0.003021833336373018,46.00537387388681,1.500490840640517e-07,0.001201986372583432,-7.835816197674363e-06,-0.3517327003981711,96.34270318876911,-0.011823580494595039,4.113816865213303e-05,0.0357312844653412,23269.3,0.04941565671892667,0.0123,index_dividend_yield,0.065,13.16,65,23201.6,23284.75,23116.1,23118.6,mid_price,ok
2026-09-16T08:59:38.213101+00:00,2026-09-16T14:29:38.213101+05:30,NIFTY,29-Sep-2026,24900.0,PE,23228.25,1616.4,65,1623.55,65,1630,1619.975,1075,-19,43,-2.692376574532864,27.48,,,,,,,,,,,,,,,0.0357312844653412,,,,,,13.16,65,23201.6,23284.75,23116.1,23118.6,mid_price,no_price_available
2026-09-16T08:59:38.213101+00:00,2026-09-16T14:29:38.213101+05:30,NIFTY,29-Sep-2026,24950.0,CE,23228.25,3.6,1495,3.7,1495,3.65,3.6500000000000004,2240,804,2213,-31.77570093457944,16.21,0.012004174233673453,4.389413545272697e-05,-0.8922153563353669,1.3717378620732594,0.4408521975496106,-0.002884892119753346,43.683743648117,1.3837712919077817e-07,0.0011270338631906105,-7.464369044877539e-06,-0.33844723894646433,95.32001563184086,-0.011058545040751107,3.804506958460515e-05,0.0357312844653412,23269.3,0.04941565671892667,0.0123,index_dividend_yield,0.065,13.16,65,23201.6,23284.75,23116.1,23118.6,mid_price,ok
2026-09-16T08:59:38.213101+00:00,2026-09-16T14:29:38.213101+05:30,NIFTY,29-Sep-2026,24950.0,PE,23228.25,1652.65,65,1675.15,130,1680.95,1663.9,75,-1,1,7.584242695766265,28.22,,,,,,,,,,,,,,,0.0357312844653412,,,,,,13.16,65,23201.6,23284.75,23116.1,23118.6,mid_price,no_price_available
2026-09-16T08:59:38.213101+00:00,2026-09-16T14:29:38.213101+05:30,NIFTY,29-Sep-2026,25000.0,CE,23228.25,3.35,4030,3.4,6110,3.4,3.375,77523,-1477,30257,-35.23809523809524,16.5,0.011274998464942657,4.083924146732544e-05,-0.859099497819152,1.2991019149063003,0.4145696732928061,-0.0027575115950555385,41.515892876205385,1.2783424091985655e-07,0.0010575889454970532,-7.114938941463737e-06,-0.32594563932779974,94.30719923095438,-0.010364856188943308,3.5255804795769226e-05,0.0357312844653412,23269.3,0.04941565671892667,0.0123,index_dividend_yield,0.065,13.16,65,23201.6,23284.75,23116.1,23118.6,mid_price,ok
2026-09-16T08:59:38.213101+00:00,2026-09-16T14:29:38.213101+05:30,NIFTY,29-Sep-2026,25000.0,PE,23228.25,1716.55,65,1724.6,65,1715,1720.5749999999998,31263.923076923078,-310,1324,-3.252193044312188,25.3,,,,,,,,,,,,,,,0.0357312844653412,,,,,,13.16,65,23201.6,23284.75,23116.1,23118.6,mid_price,no_price_available
2026-09-16T08:59:38.213101+00:00,2026-09-16T14:29:38.213101+05:30,NIFTY,29-Sep-2026,25050.0,CE,23228.25,3.3,780,3.4,1950,3.35,3.3499999999999996,1262,-14,453,-29.473684210526315,16.87,0.010926509616125847,3.88676884301626e-05,-0.853734478992798,1.2641115718433775,0.39671368130611645,-0.0026942728813832365,39.935748552339945,1.1957012470264128e-07,0.0009974955228174238,-6.848736727585654e-06,-0.31968466307278454,92.57423065724872,-0.01002243805887851,3.341998383351393e-05,0.0357312844653412,23269.3,0.04941565671892667,0.0123,index_dividend_yield,0.065,13.16,65,23201.6,23284.75,23116.1,23118.6,mid_price,ok
2026-09-16T08:59:38.213101+00:00,2026-09-16T14:29:38.213101+05:30,NIFTY,29-Sep-2026,25050.0,PE,23228.25,1751.15,65,1784.35,65,1774,1767.75,59,-1,4,21.12108694910047,28.56,,,,,,,,,,,,,,,0.0357312844653412,,,,,,13.16,65,23201.6,23284.75,23116.1,23118.6,mid_price,no_price_available
2026-09-16T08:59:38.213101+00:00,2026-09-16T14:29:38.213101+05:30,NIFTY,29-Sep-2026,25100.0,CE,23228.25,3.2,3055,3.25,2795,3.25,3.225,4978,-119,3537,-30.851063829787233,17.14,0.010229184170300708,3.611956723852681e-05,-0.8181310713285843,1.1935344734641937,0.37269869702003744,-0.002568427277680708,37.926049734381294,1.1056545712587837e-07,0.000936995902418786,-6.524171446356875e-06,-0.3071227323371293,91.77897405429913,-0.00936323319018327,3.093342998503685e-05,0.0357312844653412,23269.3,0.04941565671892667,0.0123,index_dividend_yield,0.065,13.16,65,23201.6,23284.75,23116.1,23118.6,mid_price,ok
2026-09-16T08:59:38.213101+00:00,2026-09-16T14:29:38.213101+05:30,NIFTY,29-Sep-2026,25100.0,PE,23228.25,1812.1,65,1820.75,65,1802.4,1816.425,1509,-5,8,-3.3254666380605022,25.95,,,,,,,,,,,,,,,0.0357312844653412,,,,,,13.16,65,23201.6,23284.75,23116.1,23118.6,mid_price,no_price_available
2026-09-16T08:59:38.213101+00:00,2026-09-16T14:29:38.213101+05:30,NIFTY,29-Sep-2026,25150.0,CE,23228.25,3,845,3.1,845,3.05,3.05,504,-47,442,-35.1063829787234,17.46,0.009770328149692082,3.406525155037134e-05,-0.7998774282215492,1.1466673622428818,0.3541682403892868,-0.0024832973611011097,36.30816390732194,1.0310807271133388e-07,0.0008835244701691356,-6.256252585878126e-06,-0.298541832308693,90.55440115518766,-0.008924112238718928,2.9058193048316724e-05,0.0357312844653412,23269.3,0.04941565671892667,0.0123,index_dividend_yield,0.065,13.16,65,23201.6,23284.75,23116.1,23118.6,mid_price,ok
2026-09-16T08:59:38.213101+00:00,2026-09-16T14:29:38.213101+05:30,NIFTY,29-Sep-2026,25150.0,PE,23228.25,1800.15,780,1891.45,65,0.0,1845.8000000000002,23,0,0,0,29.07,,,,,,,,,,,,,,,0.0357312844653412,,,,,,13.16,65,23201.6,23284.75,23116.1,23118.6,mid_price,no_price_available
2026-09-16T08:59:38.213101+00:00,2026-09-16T14:29:38.213101+05:30,NIFTY,29-Sep-2026,25200.0,CE,23228.25,2.9,1755,2.95,2210,2.85,2.925,7503,-514,6392,-32.94117647058823,17.75,0.009247538001283893,3.193564521332416e-05,-0.7742611763587217,1.092837688200245,0.3349798731331378,-0.002385045074081899,34.642582409859955,9.591310811346901e-08,0.0008324141657160778,-5.982574725098314e-06,-0.28855398420458966,89.60677492366985,-0.008428846760909567,2.7133611126867728e-05,0.0357312844653412,23269.3,0.04941565671892667,0.0123,index_dividend_yield,0.065,13.16,65,23201.6,23284.75,23116.1,23118.6,mid_price,ok
2026-09-16T08:59:38.213101+00:00,2026-09-16T14:29:38.213101+05:30,NIFTY,29-Sep-2026,25200.0,PE,23228.25,1913.4,65,1920.45,65,1900.35,1916.9250000000002,1231,-15,22,-3.540429419826405,26.73,,,,,,,,,,,,,,,0.0357312844653412,,,,,,13.16,65,23201.6,23284.75,23116.1,23118.6,mid_price,no_price_available
2026-09-16T08:59:38.213101+00:00,2026-09-16T14:29:38.213101+05:30,NIFTY,29-Sep-2026,25250.0,CE,23228.25,2.75,2145,2.8,130,2.8,2.775,870,-427,1608,-34.883720930232556,18.06,0.008831568058335758,3.0147459900288406e-05,-0.7559752677921032,1.0496634711784123,0.31855854326870264,-0.0023052348042006208,33.18283687275858,8.961780354355572e-08,0.0007861017018386542,-5.7398076268308885e-06,-0.28037194887668815,88.50753516705016,-0.008032636865536652,2.5512965657054423e-05,0.0357312844653412,23269.3,0.04941565671892667,0.0123,index_dividend_yield,0.065,13.16,65,23201.6,23284.75,23116.1,23118.6,mid_price,ok
2026-09-16T08:59:38.213101+00:00,2026-09-16T14:29:38.213101+05:30,NIFTY,29-Sep-2026,25250.0,PE,23228.25,1947.05,130,1983.3,65,0.0,1965.175,29,0,0,0,42.46,,,,,,,,,,,,,,,0.0357312844653412,,,,,,13.16,65,23201.6,23284.75,23116.1,23118.6,mid_price,no_price_available
2026-09-16T08:59:38.213101+00:00,2026-09-16T14:29:38.213101+05:30,NIFTY,29-Sep-2026,25300.0,CE,23228.25,2.6,2405,2.65,260,2.65,2.625,7156,206,5375,-35.36585365853659,18.32,0.0082972442503813,2.813612501406514e-05,-0.7253879851441822,0.9937367841265745,0.3002042946774466,-0.0022014303274599314,31.57367633721675,8.325430926897409e-08,0.0007403629934075758,-5.475596123917645e-06,-0.26963627397048817,87.82706187840256,-0.007531068472053061,2.371680734681862e-05,0.0357312844653412,23269.3,0.04941565671892667,0.0123,index_dividend_yield,0.065,13.16,65,23201.6,23284.75,23116.1,23118.6,mid_price,ok
2026-09-16T08:59:38.213101+00:00,2026-09-16T14:29:38.213101+05:30,NIFTY,29-Sep-2026,25300.0,PE,23228.25,2012.55,65,2021.4,65,1993.6,2016.975,455,-4,5,-3.92289156626506,26.55,,,,,,,,,,,,,,,0.0357312844653412,,,,,,13.16,65,23201.6,23284.75,23116.1,23118.6,mid_price,no_price_available
2026-09-16T08:59:38.213101+00:00,2026-09-16T14:29:38.213101+05:30,NIFTY,29-Sep-2026,25350.0,CE,23228.25,2.55,130,2.65,130,2.6,2.5999999999999996,397,23,319,-35.80246913580247,18.57,0.007779538835875254,2.622900938895218e-05,-0.69424409129806,0.9390212143692684,0.28262065390548696,-0.002098722696793988,30.016271309275034,7.732423249364394e-08,0.0006971636168168473,-5.219146356336039e-06,-0.2589056744129591,87.22658838463751,-0.00704668239690367,2.2022110852647503e-05,0.0357312844653412,23269.3,0.04941565671892667,0.0123,index_dividend_yield,0.065,13.16,65,23201.6,23284.75,23116.1,23118.6,mid_price,ok
2026-09-16T08:59:38.213101+00:00,2026-09-16T14:29:38.213101+05:30,NIFTY,29-Sep-2026,25350.0,PE,23228.25,2048.1,130,2083.3,130,0.0,2065.7,16,0,0,0,6.15,,,,,,,,,,,,,,,0.0357312844653412,,,,,,13.16,65,23201.6,23284.75,23116.1,23118.6,mid_price,no_price_available
2026-09-16T08:59:38.213101+00:00,2026-09-16T14:29:38.213101+05:30,NIFTY,29-Sep-2026,25400.0,CE,23228.25,2.45,2275,2.5,1625,2.45,2.475,3636,641,2875,-32.87671232876713,18.91,0.007547484930521368,2.5079830871497006e-05,-0.6878031401791993,0.9143189983956461,0.27152010273933735,-0.0020512774662703034,28.96841636629366,7.291143391146508e-08,0.0006619635186053005,-5.040165718647005e-06,-0.25391052305223993,85.93659618051758,-0.006821843222065196,2.097442932893149e-05,0.0357312844653412,23269.3,0.04941565671892667,0.0123,index_dividend_yield,0.065,13.16,65,23201.6,23284.75,23116.1,23118.6,mid_price,ok
2026-09-16T08:59:38.213101+00:00,2026-09-16T14:29:38.213101+05:30,NIFTY,29-Sep-2026,25400.0,PE,23228.25,2107.2,65,2121.65,195,2122.7,2114.425,403,-9,11,-2.4045977011494255,32.55,,,,,,,,,,,,,,,0.0357312844653412,,,,,,13.16,65,23201.6,23284.75,23116.1,23118.6,mid_price,no_price_available
2026-09-16T08:59:38.213101+00:00,2026-09-16T14:29:38.213101+05:30,NIFTY,29-Sep-2026,25450.0,CE,23228.25,2.35,715,2.5,780,2.3,2.425,659,-123,328,-40.25974025974026,19.14,0.007047861933949238,2.3326557057605522e-05,-0.6548996218346008,0.8607443642287991,0.25511622561727454,-0.001949071120370409,27.495211698672083,6.768985803787489e-08,0.0006232445340113793,-4.7969459195870125e-06,-0.24306915476788157,85.49711873505882,-0.006357355735107248,1.9431577209794847e-05,0.0357312844653412,23269.3,0.04941565671892667,0.0123,index_dividend_yield,0.065,13.16,65,23201.6,23284.75,23116.1,23118.6,mid_price,ok
2026-09-16T08:59:38.213101+00:00,2026-09-16T14:29:38.213101+05:30,NIFTY,29-Sep-2026,25450.0,PE,23228.25,2137.7,780,2200.65,65,0.0,2169.175,11,0,0,0,6.11,,,,,,,,,,,,,,,0.0357312844653412,,,,,,13.16,65,23201.6,23284.75,23116.1,23118.6,mid_price,no_price_available
2026-09-16T08:59:38.213101+00:00,2026-09-16T14:29:38.213101+05:30,NIFTY,29-Sep-2026,25500.0,CE,23228.25,2.4,10270,2.45,4940,2.45,2.425,45329,-1569,19552,-31.944444444444443,19.62,0.0072067865965055435,2.3207971235084687e-05,-0.6841179352108332,0.8778449037216892,0.2530934874285314,-0.0019803716411974466,27.188052802233297,6.541998938853429e-08,0.0006004820532400623,-4.733042138198096e-06,-0.2463998203061295,83.24364240446943,-0.006485884857825052,1.9257051853407885e-05,0.0357312844653412,23269.3,0.04941565671892667,0.0123,index_dividend_yield,0.065,13.16,65,23201.6,23284.75,23116.1,23118.6,mid_price,ok
2026-09-16T08:59:38.213101+00:00,2026-09-16T14:29:38.213101+05:30,NIFTY,29-Sep-2026,25500.0,PE,23228.25,2214.6,65,2224.3,130,2215,2219.45,22614,-140,776,-2.4121599295076552,30.89,,,,,,,,,,,,,,,0.0357312844653412,,,,,,13.16,65,23201.6,23284.75,23116.1,23118.6,mid_price,no_price_available
2026-09-16T08:59:38.213101+00:00,2026-09-16T14:29:38.213101+05:30,NIFTY,29-Sep-2026,25550.0,CE,23228.25,2.25,455,2.4,780,2.3,2.325,576,-6,336,-33.333333333333336,19.73,0.006469185876310711,2.0979222314957635e-05,-0.6249825612659912,0.7979911631688352,0.23237073980828274,-0.0018269775860978105,25.35650903000497,5.97735730240885e-08,0.0005602785358751199,-4.435292521910392e-06,-0.22996446962476202,83.66952721575478,-0.0058110331880403465,1.7339659278485995e-05,0.0357312844653412,23269.3,0.04941565671892667,0.0123,index_dividend_yield,0.065,13.16,65,23201.6,23284.75,23116.1,23118.6,mid_price,ok
2026-09-16T08:59:38.213101+00:00,2026-09-16T14:29:38.213101+05:30,NIFTY,29-Sep-2026,25550.0,PE,23228.25,2245.8,130,2281.35,65,0.0,2263.575,6,0,0,0,0,,,,,,,,,,,,,,,0.0357312844653412,,,,,,13.16,65,23201.6,23284.75,23116.1,23118.6,mid_price,no_price_available
2026-09-16T08:59:38.213101+00:00,2026-09-16T14:29:38.213101+05:30,NIFTY,29-Sep-2026,25600.0,CE,23228.25,2.05,195,2.1,455,2.05,2.075,2219,38,1828,-36.92307692307692,19.99,0.006133211643270672,1.975143051867992e-05,-0.6036206432607713,0.761189801825416,0.22045582830131993,-0.0017547826239533296,24.23952936245982,5.5963681091168107e-08,0.0005301500016227088,-4.247548836380855e-06,-0.22213449378206662,83.02156181271067,-0.0054979604737771925,1.6261163178061194e-05,0.0357312844653412,23269.3,0.04941565671892667,0.0123,index_dividend_yield,0.065,13.16,65,23201.6,23284.75,23116.1,23118.6,mid_price,ok
2026-09-16T08:59:38.213101+00:00,2026-09-16T14:29:38.213101+05:30,NIFTY,29-Sep-2026,25600.0,PE,23228.25,2297.85,130,2325.7,65,2280,2311.7749999999996,477,-2,4,-5.806531573402739,26.29,,,,,,,,,,,,,,,0.0357312844653412,,,,,,13.16,65,23201.6,23284.75,23116.1,23118.6,mid_price,no_price_available
2026-09-16T08:59:38.213101+00:00,2026-09-16T14:29:38.213101+05:30,NIFTY,29-Sep-2026,25650.0,CE,23228.25,2.1,130,2.2,130,2.2,2.1500000000000004,630,176,284,-34.32835820895522,20.53,0.006426975838090752,2.0045286232728402e-05,-0.6456781374346817,0.7933828768070782,0.22236431966840292,-0.0018163638947011618,24.287389751793285,5.4870342495374677e-08,0.0005159845583886499,-4.242357227629524e-06,-0.22881548936899476,80.4965941603953,-0.005747868271515386,1.6438814937152693e-05,0.0357312844653412,23269.3,0.04941565671892667,0.0123,index_dividend_yield,0.065,13.16,65,23201.6,23284.75,23116.1,23118.6,mid_price,ok
2026-09-16T08:59:38.213101+00:00,2026-09-16T14:29:38.213101+05:30,NIFTY,29-Sep-2026,25650.0,PE,23228.25,2295.95,780,2394.6,65,0.0,2345.2749999999996,1,0,0,0,13.42,,,,,,,,,,,,,,,0.0357312844653412,,,,,,13.16,65,23201.6,23284.75,23116.1,23118.6,mid_price,no_price_available
2026-09-16T08:59:38.213101+00:00,2026-09-16T14:29:38.213101+05:30,NIFTY,29-Sep-2026,25700.0,CE,23228.25,1.9,3640,2.05,2730,2,1.9749999999999999,2878,-172,2923,-29.82456140350877,20.61,0.005736235105179504,1.8053585547996146e-05,-0.5857450219321433,0.7173367348873632,0.2034681696837389,-0.0016673512827173767,22.58240811508122,5.0054445579499416e-08,0.0004807349143295709,-3.9635073863119094e-06,-0.21256739307111916,81.07033317273718,-0.005120589826705378,1.4747900699752276e-05,0.0357312844653412,23269.3,0.04941565671892667,0.0123,index_dividend_yield,0.065,13.16,65,23201.6,23284.75,23116.1,23118.6,mid_price,ok
2026-09-16T08:59:38.213101+00:00,2026-09-16T14:29:38.213101+05:30,NIFTY,29-Sep-2026,25700.0,PE,23228.25,2384,780,2433.1,130,0.0,2408.55,185,0,0,0,32.3,,,,,,,,,,,,,,,0.0357312844653412,,,,,,13.16,65,23201.6,23284.75,23116.1,23118.6,mid_price,no_price_available
2026-09-16T08:59:38.213101+00:00,2026-09-16T14:29:38.213101+05:30,NIFTY,29-Sep-2026,25750.0,CE,23228.25,1.85,195,2.15,325,1.65,2.0,117,2,5,-46.774193548387096,20.58,0.00491617867992421,1.576204188853293e-05,-0.5096570190056143,0.6253734786917867,0.18135602636966439,-0.0014830548552960772,20.55582234268022,4.474335733234588e-08,0.0004414914529726181,-3.630559799297335e-06,-0.19208576402017763,82.37228283410818,-0.004380889663174761,1.2825992858419844e-05,0.0357312844653412,23269.3,0.04941565671892667,0.0123,index_dividend_yield,0.065,13.16,65,23201.6,23284.75,23116.1,23118.6,mid_price,ok
2026-09-16T08:59:38.213101+00:00,2026-09-16T14:29:38.213101+05:30,NIFTY,29-Sep-2026,25750.0,PE,23228.25,2395.05,780,2494.95,65,0.0,2445.0,8,0,0,0,0,,,,,,,,,,,,,,,0.0357312844653412,,,,,,13.16,65,23201.6,23284.75,23116.1,23118.6,mid_price,no_price_available
2026-09-16T08:59:38.213101+00:00,2026-09-16T14:29:38.213101+05:30,NIFTY,29-Sep-2026,25800.0,CE,23228.25,1.9,325,1.95,2730,1.95,1.9249999999999998,4827,-128,1869,-30.357142857142858,21.21,0.005352192201842868,1.649550822493027e-05,-0.5661463599951795,0.6745093602738931,0.18774628614571034,-0.0015811754679279921,21.037279919444206,4.4845500911372514e-08,0.0004366953092792492,-3.6987059262384533e-06,-0.20304446474496674,79.3217316349091,-0.004757935834785206,1.3370857856520397e-05,0.0357312844653412,23269.3,0.04941565671892667,0.0123,index_dividend_yield,0.065,13.16,65,23201.6,23284.75,23116.1,23118.6,mid_price,ok
2026-09-16T08:59:38.213101+00:00,2026-09-16T14:29:38.213101+05:30,NIFTY,29-Sep-2026,25800.0,PE,23228.25,2444.9,780,2559.05,65,0.0,2501.9750000000004,322,0,0,0,0,,,,,,,,,,,,,,,0.0357312844653412,,,,,,13.16,65,23201.6,23284.75,23116.1,23118.6,mid_price,no_price_available
2026-09-16T08:59:38.213101+00:00,2026-09-16T14:29:38.213101+05:30,NIFTY,29-Sep-2026,25850.0,CE,23228.25,1.75,1820,2.15,780,2.15,1.95,117,-41,63,-6.521739130434782,21.94,0.005991921138547926,1.762805548510765e-05,-0.6469426040233629,0.7456287473704891,0.1976783330021768,-0.0017209118407599969,21.806668600120094,4.552833246340064e-08,0.00043519444685808,-3.8107910664187972e-06,-0.21843628700453865,75.8951717504335,-0.005313267801411979,1.4233650479779186e-05,0.0357312844653412,23269.3,0.04941565671892667,0.0123,index_dividend_yield,0.065,13.16,65,23201.6,23284.75,23116.1,23118.6,mid_price,wide_quote_low_liquidity
2026-09-16T08:59:38.213101+00:00,2026-09-16T14:29:38.213101+05:30,NIFTY,29-Sep-2026,25850.0,PE,23228.25,2531.95,780,2595.35,65,0.0,2563.6499999999996,0,0,0,0,0,,,,,,,,,,,,,,,0.0357312844653412,,,,,,13.16,65,23201.6,23284.75,23116.1,23118.6,mid_price,no_price_available
2026-09-16T08:59:38.213101+00:00,2026-09-16T14:29:38.213101+05:30,NIFTY,29-Sep-2026,25900.0,CE,23228.25,1.6,1690,1.9,195,1.65,1.75,736,-21,170,-34,21.65,0.0047427738546954295,1.4511008271831176e-05,-0.5183735633419062,0.605671449357422,0.16787885378351328,-0.001441433217766153,19.119478960934412,3.928621922506333e-08,0.00039103911283665905,-3.3749331661314543e-06,-0.18739605720789532,78.60730892685032,-0.0041994154352827644,1.1671617451386634e-05,0.0357312844653412,23269.3,0.04941565671892667,0.0123,index_dividend_yield,0.065,13.16,65,23201.6,23284.75,23116.1,23118.6,mid_price,wide_quote_low_liquidity
2026-09-16T08:59:38.213101+00:00,2026-09-16T14:29:38.213101+05:30,NIFTY,29-Sep-2026,25900.0,PE,23228.25,2410.65,3380,2632.95,130,0.0,2521.8,72,0,0,0,52.11,,,,,,,,,,,,,,,0.0357312844653412,,,,,,13.16,65,23201.6,23284.75,23116.1,23118.6,mid_price,no_price_available
2026-09-16T08:59:38.213101+00:00,2026-09-16T14:29:38.213101+05:30,NIFTY,29-Sep-2026,25950.0,CE,23228.25,1.5,6955,2.05,1170,1.6,1.775,158,-8,45,-47.540983606557376,21.92,0.004551942860725079,1.3816577626065185e-05,-0.5056971106712675,0.5838787140342905,0.16073084163687779,-0.0013964591493361585,18.40483240883667,3.714039665637155e-08,0.000372479809467852,-3.252336934862296e-06,-0.18230272703127437,77.94334795107783,-0.004022239755470427,1.1070283430634796e-05,0.0357312844653412,23269.3,0.04941565671892667,0.0123,index_dividend_yield,0.065,13.16,65,23201.6,23284.75,23116.1,23118.6,mid_price,wide_quote_low_liquidity
2026-09-16T08:59:38.213101+00:00,2026-09-16T14:29:38.213101+05:30,NIFTY,29-Sep-2026,25950.0,PE,23228.25,2498.8,780,2696.1,65,0.0,2597.45,1,0,0,0,13.83,,,,,,,,,,,,,,,0.0357312844653412,,,,,,13.16,65,23201.6,23284.75,23116.1,23118.6,mid_price,no_price_available
2026-09-16T08:59:38.213101+00:00,2026-09-16T14:29:38.213101+05:30,NIFTY,29-Sep-2026,26000.0,CE,23228.25,1.7,2795,1.75,4030,1.7,1.725,51261.230769230766,-4315,11528,-26.08695652173913,22.35,0.004624499199180186,1.3743378488720043e-05,-0.5226686024781162,0.592178514385967,0.15960120231803915,-0.0014130132566898138,18.23753744006662,3.613089177789495e-08,0.0003617589992435945,-3.2185878921959425e-06,-0.18418024054075152,76.35122059475036,-0.004077389118808911,1.0969322228353088e-05,0.0357312844653412,23269.3,0.04941565671892667,0.0123,index_dividend_yield,0.065,13.16,65,23201.6,23284.75,23116.1,23118.6,mid_price,ok
2026-09-16T08:59:38.213101+00:00,2026-09-16T14:29:38.213101+05:30,NIFTY,29-Sep-2026,26000.0,PE,23228.25,2711.6,65,2720.7,65,2713.65,2716.1499999999996,30278.53846153846,-371,781,-1.8429429212182595,38.11,,,,,,,,,,,,,,,0.0357312844653412,,,,,,13.16,65,23201.6,23284.75,23116.1,23118.6,mid_price,no_price_available
2026-09-16T08:59:38.213101+00:00,2026-09-16T14:29:38.213101+05:30,NIFTY,29-Sep-2026,26050.0,CE,23228.25,1.45,1365,1.75,130,1.6,1.6,185,-4,13,-33.333333333333336,22.62,0.004447411796520895,1.311410914173203e-05,-0.5106183580202286,0.5718906628837024,0.1530924121478359,-0.0013710229869347062,17.583589312542223,3.4234567177734193e-08,0.00034522731985224325,-3.106391030193773e-06,-0.17940881075729553,75.72022075926608,-0.0039132931483179464,1.042692672748415e-05,0.0357312844653412,23269.3,0.04941565671892667,0.0123,index_dividend_yield,0.065,13.16,65,23201.6,23284.75,23116.1,23118.6,mid_price,wide_quote_low_liquidity
2026-09-16T08:59:38.213101+00:00,2026-09-16T14:29:38.213101+05:30,NIFTY,29-Sep-2026,26050.0,PE,23228.25,2581.35,780,2796.1,65,0.0,2688.725,4,0,0,0,18.06,,,,,,,,,,,,,,,0.0357312844653412,,,,,,13.16,65,23201.6,23284.75,23116.1,23118.6,mid_price,no_price_available
2026-09-16T08:59:38.213101+00:00,2026-09-16T14:29:38.213101+05:30,NIFTY,29-Sep-2026,26100.0,CE,23228.25,1.3,2275,1.6,195,1.6,1.4500000000000002,209,-6,39,-34.69387755102041,22.97,0.004400134007239721,1.2791575387777187e-05,-0.5133473745467529,0.5664566003477212,0.14956918458234983,-0.0013594691314045087,17.20288778458784,3.291519808247646e-08,0.00033277462052536485,-3.0387068548634077e-06,-0.1780912335424913,74.65306833862107,-0.003863536940032115,1.013155259349117e-05,0.0357312844653412,23269.3,0.04941565671892667,0.0123,index_dividend_yield,0.065,13.16,65,23201.6,23284.75,23116.1,23118.6,mid_price,wide_quote_low_liquidity
2026-09-16T08:59:38.213101+00:00,2026-09-16T14:29:38.213101+05:30,NIFTY,29-Sep-2026,26100.0,PE,23228.25,2651.15,1690,2846.25,65,0.0,2748.7,144,0,0,0,0,,,,,,,,,,,,,,,0.0357312844653412,,,,,,13.16,65,23201.6,23284.75,23116.1,23118.6,mid_price,no_price_available
2026-09-16T08:59:38.213101+00:00,2026-09-16T14:29:38.213101+05:30,NIFTY,29-Sep-2026,26150.0,CE,23228.25,1.25,1170,1.6,130,1.4,1.425,140,-54,63,-37.77777777777778,22.99,0.0038903712367812718,1.1447233389471565e-05,-0.46002047574644206,0.5073657193437086,0.1359498214169193,-0.0012361975119428476,15.885470228030885,2.9919944361456124e-08,0.00030860886050230606,-2.8183039208544246e-06,-0.1639130430909742,75.41788273132806,-0.003409877818710302,9.032129052032933e-06,0.0357312844653412,23269.3,0.04941565671892667,0.0123,index_dividend_yield,0.065,13.16,65,23201.6,23284.75,23116.1,23118.6,mid_price,wide_quote_low_liquidity
2026-09-16T08:59:38.213101+00:00,2026-09-16T14:29:38.213101+05:30,NIFTY,29-Sep-2026,26150.0,PE,23228.25,2660.8,780,2906.65,780,0.0,2783.7250000000004,1,0,0,0,19.21,,,,,,,,,,,,,,,0.0357312844653412,,,,,,13.16,65,23201.6,23284.75,23116.1,23118.6,mid_price,no_price_available
2026-09-16T08:59:38.213101+00:00,2026-09-16T14:29:38.213101+05:30,NIFTY,29-Sep-2026,26200.0,CE,23228.25,1.25,1690,1.45,195,1.35,1.35,2717,-11,454,-44.89795918367347,23.24,0.003727295911438313,1.0897641647093621e-05,-0.4473203501083471,0.4882590008124076,0.1301338581900938,-0.0011956080795269422,15.288079400274324,2.8326209099151098e-08,0.00029432075754221005,-2.715314462880352e-06,-0.159193107419977,74.89984920452048,-0.003260405987844608,8.56570124963845e-06,0.0357312844653412,23269.3,0.04941565671892667,0.0123,index_dividend_yield,0.065,13.16,65,23201.6,23284.75,23116.1,23118.6,mid_price,ok
2026-09-16T08:59:38.213101+00:00,2026-09-16T14:29:38.213101+05:30,NIFTY,29-Sep-2026,26200.0,PE,23228.25,2877.15,780,3063.55,1690,0.0,2970.3500000000004,570,0,0,0,0,,,,,,,,,,,,,,,0.0357312844653412,,,,,,13.16,65,23201.6,23284.75,23116.1,23118.6,mid_price,no_price_available
2026-09-16T08:59:38.213101+00:00,2026-09-16T14:29:38.213101+05:30,NIFTY,29-Sep-2026,26250.0,CE,23228.25,1.2,455,1.5,260,1.25,1.35,90,12,24,-13.793103448275861,23.39,0.0034513469237890324,1.0105406928670767e-05,-0.4200089856532015,0.4556859517493876,0.12182583527491639,-0.0011260071351771174,14.44941139055006,2.6354926453316284e-08,0.00027722197273618443,-2.5723913881678335e-06,-0.15103759811078415,74.92850518032245,-0.0030132880988351794,7.91276329423844e-06,0.0357312844653412,23269.3,0.04941565671892667,0.0123,index_dividend_yield,0.065,13.16,65,23201.6,23284.75,23116.1,23118.6,mid_price,wide_quote_low_liquidity
2026-09-16T08:59:38.213101+00:00,2026-09-16T14:29:38.213101+05:30,NIFTY,29-Sep-2026,26250.0,PE,23228.25,2926.5,780,2997.1,65,0.0,2961.8,0,0,0,0,0,,,,,,,,,,,,,,,0.0357312844653412,,,,,,13.16,65,23201.6,23284.75,23116.1,23118.6,mid_price,no_price_available
2026-09-16T08:59:38.213101+00:00,2026-09-16T14:29:38.213101+05:30,NIFTY,29-Sep-2026,26300.0,CE,23228.25,1.05,3250,1.15,1105,1.1,1.1,2051,41,1167,-26.666666666666668,23.31,0.0029425936850248934,8.784542093295016e-06,-0.3624970997202119,0.3947689744170835,0.10792638792103529,-0.0009937631915547178,13.050115157712872,2.3460308318729444e-08,0.0002527022394975441,-2.3351992974803104e-06,-0.1353131156193903,76.21893292853271,-0.002564810869564893,6.852366991982858e-06,0.0357312844653412,23269.3,0.04941565671892667,0.0123,index_dividend_yield,0.065,13.16,65,23201.6,23284.75,23116.1,23118.6,mid_price,ok
2026-09-16T08:59:38.213101+00:00,2026-09-16T14:29:38.213101+05:30,NIFTY,29-Sep-2026,26300.0,PE,23228.25,2997.45,65,3057,1365,2988.75,3027.225,1233,-6,8,-3.3032984454114565,35.86,,,,,,,,,,,,,,,0.0357312844653412,,,,,,13.16,65,23201.6,23284.75,23116.1,23118.6,mid_price,no_price_available
2026-09-16T08:59:38.213101+00:00,2026-09-16T14:29:38.213101+05:30,NIFTY,29-Sep-2026,26350.0,CE,23228.25,1.05,1560,1.3,1300,1.25,1.175,77,-8,11,-50,24.06,0.0033780593899654207,9.63635206383842e-06,-0.42343850999065635,0.4469818546701381,0.11652634288774688,-0.0011068633832524376,13.857349706694388,2.447610095201235e-08,0.0002586882052339929,-2.466468078776334e-06,-0.14877990763972365,73.00388676857028,-0.0029370619715597445,7.488320132988478e-06,0.0357312844653412,23269.3,0.04941565671892667,0.0123,index_dividend_yield,0.065,13.16,65,23201.6,23284.75,23116.1,23118.6,mid_price,wide_quote_low_liquidity
2026-09-16T08:59:38.213101+00:00,2026-09-16T14:29:38.213101+05:30,NIFTY,29-Sep-2026,26350.0,PE,23228.25,3025,780,3097.35,65,0.0,3061.175,0,0,0,0,0,,,,,,,,,,,,,,,0.0357312844653412,,,,,,13.16,65,23201.6,23284.75,23116.1,23118.6,mid_price,no_price_available
2026-09-16T08:59:38.213101+00:00,2026-09-16T14:29:38.213101+05:30,NIFTY,29-Sep-2026,26400.0,CE,23228.25,1.1,1365,1.2,780,1.15,1.15,568,-79,184,-34.285714285714285,24.19,0.003116275567668872,8.91375582701022e-06,-0.3957911722396721,0.41569826641291785,0.10884177468997702,-0.0010390512313941669,13.070886355425248,2.2746670170684854e-08,0.00024342126479620348,-2.3320678709899823e-06,-0.14073276368247023,73.12251000921218,-0.0027043827771742095,6.900584253332025e-06,0.0357312844653412,23269.3,0.04941565671892667,0.0123,index_dividend_yield,0.065,13.16,65,23201.6,23284.75,23116.1,23118.6,mid_price,ok
2026-09-16T08:59:38.213101+00:00,2026-09-16T14:29:38.213101+05:30,NIFTY,29-Sep-2026,26400.0,PE,23228.25,3074.3,780,3147.5,195,3099.65,3110.9,52,-4,4,7.821413663559204,39.43,,,,,,,,,,,,,,,0.0357312844653412,,,,,,13.16,65,23201.6,23284.75,23116.1,23118.6,mid_price,no_price_available
2026-09-16T08:59:38.213101+00:00,2026-09-16T14:29:38.213101+05:30,NIFTY,29-Sep-2026,26450.0,CE,23228.25,0.9,6695,1.6,585,0.0,1.25,42,0,0,0,19.27,0.00023611825010788967,1.0458102561204633e-06,-0.02948595764834064,0.03885225432000443,0.016225450966361247,-0.00012370815705656227,2.4903547968830146,4.39224402741319e-09,6.160050723120136e-05,-4.6993261075171217e-07,-0.020485461094994554,110.05495213379143,-0.00020547366782837188,8.065560013864276e-07,0.0357312844653412,23269.3,0.04941565671892667,0.0123,index_dividend_yield,0.065,13.16,65,23201.6,23284.75,23116.1,23118.6,mid_price,wide_quote_low_liquidity
2026-09-16T08:59:38.213101+00:00,2026-09-16T14:29:38.213101+05:30,NIFTY,29-Sep-2026,26450.0,PE,23228.25,3123.7,780,3197.85,65,0.0,3160.7749999999996,0,0,0,0,0,,,,,,,,,,,,,,,0.0357312844653412,,,,,,13.16,65,23201.6,23284.75,23116.1,23118.6,mid_price,no_price_available
2026-09-16T08:59:38.213101+00:00,2026-09-16T14:29:38.213101+05:30,NIFTY,29-Sep-2026,26500.0,CE,23228.25,0.9,39975,0.95,13195,0.9,0.925,13546,-96,3475,-33.333333333333336,24.38,0.002589762179350186,7.4845682468518675e-06,-0.3373495711791513,0.35178884628030793,0.0933869714937678,-0.0008978759805157526,11.462404724204205,1.9383118188973626e-08,0.00021316497159445323,-2.0559277250816935e-06,-0.12370886475025018,73.6996129189428,-0.0022392232431596363,5.750531517830929e-06,0.0357312844653412,23269.3,0.04941565671892667,0.0123,index_dividend_yield,0.065,13.16,65,23201.6,23284.75,23116.1,23118.6,mid_price,ok
2026-09-16T08:59:38.213101+00:00,2026-09-16T14:29:38.213101+05:30,NIFTY,29-Sep-2026,26500.0,PE,23228.25,3197.5,650,3214.55,65,3200,3206.025,12958,-8,115,-1.6232169208066896,40.53,,,,,,,,,,,,,,,0.0357312844653412,,,,,,13.16,65,23201.6,23284.75,23116.1,23118.6,mid_price,no_price_available
2026-09-16T08:59:38.213101+00:00,2026-09-16T14:29:38.213101+05:30,NIFTY,29-Sep-2026,26550.0,CE,23228.25,1,130,1.2,650,1.9,1.1,74,2,2,-15.555555555555555,26.53,0.004623294997946949,1.1575315902062474e-05,-0.6173765869427623,0.5920409049982692,0.1348290769666591,-0.0014095489203925253,15.407485319993363,2.5498258088586273e-08,0.00025760444382207006,-2.7039682136639985e-06,-0.18378465629700025,64.4698169871437,-0.003982120338529607,8.860062481032594e-06,0.0357312844653412,23269.3,0.04941565671892667,0.0123,index_dividend_yield,0.065,13.16,65,23201.6,23284.75,23116.1,23118.6,mid_price,wide_quote_low_liquidity
2026-09-16T08:59:38.213101+00:00,2026-09-16T14:29:38.213101+05:30,NIFTY,29-Sep-2026,26550.0,PE,23228.25,3222.3,780,3298.25,65,0.0,3260.275,0,0,0,0,0,,,,,,,,,,,,,,,0.0357312844653412,,,,,,13.16,65,23201.6,23284.75,23116.1,23118.6,mid_price,no_price_available
2026-09-16T08:59:38.213101+00:00,2026-09-16T14:29:38.213101+05:30,NIFTY,29-Sep-2026,26600.0,CE,23228.25,0.9,8970,0.95,650,0.9,0.925,594,-48,247,-25,24.89,0.002420177797401312,6.895741034214294e-06,-0.3237270508370188,0.3308929023831174,0.08673002389623193,-0.000850684402345946,10.728420705307023,1.7622563214770688e-08,0.00019586726198394844,-1.926772227152998e-06,-0.1179304519760081,72.61318662086748,-0.0020842971299202466,5.258364089031996e-06,0.0357312844653412,23269.3,0.04941565671892667,0.0123,index_dividend_yield,0.065,13.16,65,23201.6,23284.75,23116.1,23118.6,mid_price,ok
2026-09-16T08:59:38.213101+00:00,2026-09-16T14:29:38.213101+05:30,NIFTY,29-Sep-2026,26600.0,PE,23228.25,3271.55,780,3348.35,65,0.0,3309.95,0,0,0,0,0,,,,,,,,,,,,,,,0.0357312844653412,,,,,,13.16,65,23201.6,23284.75,23116.1,23118.6,mid_price,no_price_available
2026-09-16T08:59:38.213101+00:00,2026-09-16T14:29:38.213101+05:30,NIFTY,29-Sep-2026,26650.0,CE,23228.25,0.9,6305,1.45,585,0.95,1.175,17,3,9,-52.5,25.34,0.002509574708104567,6.9991785708260196e-06,-0.3404482646140047,0.34192849604493425,0.08769826127852268,-0.0008753764185565424,10.80327371920145,1.7482570883326304e-08,0.00019351325119386744,-1.937237976079879e-06,-0.12095940974001113,71.12778630849868,-0.0021566031961884422,5.317232251884424e-06,0.0357312844653412,23269.3,0.04941565671892667,0.0123,index_dividend_yield,0.065,13.16,65,23201.6,23284.75,23116.1,23118.6,mid_price,wide_quote_low_liquidity
2026-09-16T08:59:38.213101+00:00,2026-09-16T14:29:38.213101+05:30,NIFTY,29-Sep-2026,26650.0,PE,23228.25,3321,780,3398.7,65,0.0,3359.85,0,0,0,0,0,,,,,,,,,,,,,,,0.0357312844653412,,,,,,13.16,65,23201.6,23284.75,23116.1,23118.6,mid_price,no_price_available
2026-09-16T08:59:38.213101+00:00,2026-09-16T14:29:38.213101+05:30,NIFTY,29-Sep-2026,26700.0,CE,23228.25,0.95,1300,1.4,910,0.0,1.1749999999999998,41,0,0,0,27.28,0.004156329997745497,1.0235469132517748e-05,-0.5766656103902734,0.5383115901802211,0.1209180235734221,-0.0012984515025101194,14.010540466097677,2.222597895513298e-08,0.00022887243279090896,-2.4666908577228374e-06,-0.17109966591587555,63.330178813906684,-0.0035587944978723402,7.746726321549385e-06,0.0357312844653412,23269.3,0.04941565671892667,0.0123,index_dividend_yield,0.065,13.16,65,23201.6,23284.75,23116.1,23118.6,mid_price,wide_quote_low_liquidity
2026-09-16T08:59:38.213101+00:00,2026-09-16T14:29:38.213101+05:30,NIFTY,29-Sep-2026,26700.0,PE,23228.25,3370.35,780,3448.9,65,0.0,3409.625,0,0,0,0,0,,,,,,,,,,,,,,,0.0357312844653412,,,,,,13.16,65,23201.6,23284.75,23116.1,23118.6,mid_price,no_price_available
2026-09-16T08:59:38.213101+00:00,2026-09-16T14:29:38.213101+05:30,NIFTY,29-Sep-2026,26750.0,CE,23228.25,0.9,6500,1.1,455,0.9,1.0,122,13,29,-40,25.85,0.0023556188640026367,6.4791580001247144e-06,-0.32776109119060703,0.3228945611610754,0.0817887228582461,-0.0008322561849784869,10.14834505718265,1.597374322939179e-08,0.00017856572465884895,-1.8219918815714992e-06,-0.11566114832293745,70.1062604319816,-0.002016314714162051,4.885443344315442e-06,0.0357312844653412,23269.3,0.04941565671892667,0.0123,index_dividend_yield,0.065,13.16,65,23201.6,23284.75,23116.1,23118.6,mid_price,wide_quote_low_liquidity
2026-09-16T08:59:38.213101+00:00,2026-09-16T14:29:38.213101+05:30,NIFTY,29-Sep-2026,26750.0,PE,23228.25,3420.65,780,3549,65,0.0,3484.825,1,0,0,0,18.46,,,,,,,,,,,,,,,0.0357312844653412,,,,,,13.16,65,23201.6,23284.75,23116.1,23118.6,mid_price,no_price_available
2026-09-16T08:59:38.213101+00:00,2026-09-16T14:29:38.213101+05:30,NIFTY,29-Sep-2026,26800.0,CE,23228.25,0.9,7085,1.45,195,0.0,1.175,35,0,0,0,27.22,0.0032870580488184283,8.311087159888652e-06,-0.46595335534462223,0.43614165715224806,0.10104848192832999,-0.0010820936382008478,12.056931501907314,1.864929244566713e-08,0.00019921876266739146,-2.1401178139707855e-06,-0.1458487494466803,64.78983225080222,-0.0028050052332480846,6.243401034131555e-06,0.0357312844653412,23269.3,0.04941565671892667,0.0123,index_dividend_yield,0.065,13.16,65,23201.6,23284.75,23116.1,23118.6,mid_price,wide_quote_low_liquidity
2026-09-16T08:59:38.213101+00:00,2026-09-16T14:29:38.213101+05:30,NIFTY,29-Sep-2026,26800.0,PE,23228.25,3251.4,780,3549.35,65,0.0,3400.375,21,0,0,0,0,,,,,,,,,,,,,,,0.0357312844653412,,,,,,13.16,65,23201.6,23284.75,23116.1,23118.6,mid_price,no_price_available
2026-09-16T08:59:38.213101+00:00,2026-09-16T14:29:38.213101+05:30,NIFTY,29-Sep-2026,26850.0,CE,23228.25,0.95,390,1.1,195,1,1.025,54,13,87,-54.54545454545455,26.75,0.0025300449689451025,6.679125372598739e-06,-0.36157592327058286,0.3444490518361083,0.0836890898998847,-0.0008805897370104806,10.29980115736659,1.5759859235152802e-08,0.0001747476406634286,-1.8437453986961048e-06,-0.12159699450990452,67.38283057666581,-0.0021562889542698495,4.998779714109964e-06,0.0357312844653412,23269.3,0.04941565671892667,0.0123,index_dividend_yield,0.065,13.16,65,23201.6,23284.75,23116.1,23118.6,mid_price,ok
2026-09-16T08:59:38.213101+00:00,2026-09-16T14:29:38.213101+05:30,NIFTY,29-Sep-2026,26850.0,PE,23228.25,3518.4,780,3599.6,780,0.0,3559.0,0,0,0,0,0,,,,,,,,,,,,,,,0.0357312844653412,,,,,,13.16,65,23201.6,23284.75,23116.1,23118.6,mid_price,no_price_available
2026-09-16T08:59:38.213101+00:00,2026-09-16T14:29:38.213101+05:30,NIFTY,29-Sep-2026,26900.0,CE,23228.25,0.9,6370,1.15,260,0.9,1.025,88,0,15,-28,26.79,0.002286555331204124,6.085617560498322e-06,-0.3303490140355417,0.31431056672527985,0.0771226451697772,-0.0008125067652358458,9.601623621720734,1.451055495417513e-08,0.0001631842490466172,-1.7235670112879732e-06,-0.11322111520285694,67.84346517453518,-0.0019453460189467365,4.537671784475177e-06,0.0357312844653412,23269.3,0.04941565671892667,0.0123,index_dividend_yield,0.065,13.16,65,23201.6,23284.75,23116.1,23118.6,mid_price,wide_quote_low_liquidity
2026-09-16T08:59:38.213101+00:00,2026-09-16T14:29:38.213101+05:30,NIFTY,29-Sep-2026,26900.0,PE,23228.25,3567.7,780,3720.45,845,0.0,3644.075,1,0,0,0,0,,,,,,,,,,,,,,,0.0357312844653412,,,,,,13.16,65,23201.6,23284.75,23116.1,23118.6,mid_price,no_price_available
2026-09-16T08:59:38.213101+00:00,2026-09-16T14:29:38.213101+05:30,NIFTY,29-Sep-2026,26950.0,CE,23228.25,0.9,6825,1.4,3315,1.05,1.15,41,1,9,-30,27.51,0.0025884338401826906,6.629923622715637e-06,-0.3793686923221123,0.3516257952285881,0.08289975815264157,-0.0008964689855525381,10.175858326626457,1.515597897859915e-08,0.00016776224490377162,-1.8190048169513488e-06,-0.12353645705016963,65.42365334144128,-0.002196875007636416,4.925201118911945e-06,0.0357312844653412,23269.3,0.04941565671892667,0.0123,index_dividend_yield,0.065,13.16,65,23201.6,23284.75,23116.1,23118.6,mid_price,wide_quote_low_liquidity
2026-09-16T08:59:38.213101+00:00,2026-09-16T14:29:38.213101+05:30,NIFTY,29-Sep-2026,26950.0,PE,23228.25,3617.05,780,3700.1,65,0.0,3658.575,0,0,0,0,0,,,,,,,,,,,,,,,0.0357312844653412,,,,,,13.16,65,23201.6,23284.75,23116.1,23118.6,mid_price,no_price_available
2026-09-16T08:59:38.213101+00:00,2026-09-16T14:29:38.213101+05:30,NIFTY,29-Sep-2026,27000.0,CE,23228.25,1.1,3120,1.15,910,1.15,1.125,25575,-631,4505,-32.35294117647059,28.07,0.0027691836624456575,6.906032134725524e-06,-0.41129046636749106,0.37372540322295683,0.0857202465127918,-0.0009454967840101732,10.439702870887052,1.5336039099272736e-08,0.00016830748044192946,-1.8614797644149815e-06,-0.12949303810532176,63.77772131575032,-0.0023449902289046803,5.111331515174397e-06,0.0357312844653412,23269.3,0.04941565671892667,0.0123,index_dividend_yield,0.065,13.16,65,23201.6,23284.75,23116.1,23118.6,mid_price,ok
2026-09-16T08:59:38.213101+00:00,2026-09-16T14:29:38.213101+05:30,NIFTY,29-Sep-2026,27000.0,PE,23228.25,3710.25,65,3721.05,65,3709,3715.65,23015.46153846154,-11,1004,-1.4913084472066187,50.51,,,,,,,,,,,,,,,0.0357312844653412,,,,,,13.16,65,23201.6,23284.75,23116.1,23118.6,mid_price,no_price_available
2026-09-16T08:59:38.213101+00:00,2026-09-16T14:29:38.213101+05:30,NIFTY,29-Sep-2026,27050.0,CE,23228.25,0.9,5265,1.05,520,0.9,0.9750000000000001,94,30,36,-51.351351351351354,27.73,0.002228396695981837,5.743687011126442e-06,-0.3337712110287113,0.30705929413904487,0.07304139303106714,-0.0007957817491610303,9.11988851387896,1.3255807340990986e-08,0.0001498750016087849,-1.636768242052189e-06,-0.1111480790587932,65.71252204521203,-0.0018844382818462666,4.235349073734332e-06,0.0357312844653412,23269.3,0.04941565671892667,0.0123,index_dividend_yield,0.065,13.16,65,23201.6,23284.75,23116.1,23118.6,mid_price,wide_quote_low_liquidity
2026-09-16T08:59:38.213101+00:00,2026-09-16T14:29:38.213101+05:30,NIFTY,29-Sep-2026,27050.0,PE,23228.25,3715.8,780,3800.55,65,0.0,3758.175,0,0,0,0,0,,,,,,,,,,,,,,,0.0357312844653412,,,,,,13.16,65,23201.6,23284.75,23116.1,23118.6,mid_price,no_price_available
2026-09-16T08:59:38.213101+00:00,2026-09-16T14:29:38.213101+05:30,NIFTY,29-Sep-2026,27100.0,CE,23228.25,0.9,7020,1.15,1235,0.95,1.025,213,2,12,-45.714285714285715,28.18,0.002310770440512233,5.840899718781813e-06,-0.3504260866994551,0.3173235837432461,0.07400211604939654,-0.000819066297407856,9.202206890260634,1.3201610141712742e-08,0.0001486520793440261,-1.6492297262766448e-06,-0.11403220781647129,64.48806701695632,-0.0019499197998476526,4.291154501424997e-06,0.0357312844653412,23269.3,0.04941565671892667,0.0123,index_dividend_yield,0.065,13.16,65,23201.6,23284.75,23116.1,23118.6,mid_price,wide_quote_low_liquidity
2026-09-16T08:59:38.213101+00:00,2026-09-16T14:29:38.213101+05:30,NIFTY,29-Sep-2026,27100.0,PE,23228.25,3765.15,780,3850.75,780,0.0,3807.95,0,0,0,0,0,,,,,,,,,,,,,,,0.0357312844653412,,,,,,13.16,65,23201.6,23284.75,23116.1,23118.6,mid_price,no_price_available
2026-09-16T08:59:38.213101+00:00,2026-09-16T14:29:38.213101+05:30,NIFTY,29-Sep-2026,27150.0,CE,23228.25,0.9,6500,1.3,780,0.0,1.1,122,0,0,0,25.85,0.0008743709511445516,2.62227707856992e-06,-0.13239652663819743,0.13068349413786223,0.036601306848321906,-0.0003718617606372468,5.029590838716763,7.193644326393025e-09,9.077498688367193e-05,-9.234134430251811e-07,-0.05612337552054564,75.57921407246064,-0.0007381724107226917,1.919428301679931e-06,0.0357312844653412,23269.3,0.04941565671892667,0.0123,index_dividend_yield,0.065,13.16,65,23201.6,23284.75,23116.1,23118.6,mid_price,wide_quote_low_liquidity
2026-09-16T08:59:38.213101+00:00,2026-09-16T14:29:38.213101+05:30,NIFTY,29-Sep-2026,27150.0,PE,23228.25,3814.5,780,3901.05,65,0.0,3857.775,0,0,0,0,0,,,,,,,,,,,,,,,0.0357312844653412,,,,,,13.16,65,23201.6,23284.75,23116.1,23118.6,mid_price,no_price_available
2026-09-16T08:59:38.213101+00:00,2026-09-16T14:29:38.213101+05:30,NIFTY,29-Sep-2026,27200.0,CE,23228.25,1.25,8970,1.3,2535,1.25,1.275,1118,247,484,-28.571428571428573,29.7,0.002978317341927249,6.969923048705602e-06,-0.46419641556632507,0.39908558771399705,0.08587965308731021,-0.0010010380776066625,10.369509289258449,1.4471842362266747e-08,0.00015762989726045068,-1.8422354624685405e-06,-0.1361845721294147,59.9604005848575,-0.0025010044111849644,5.083035682447231e-06,0.0357312844653412,23269.3,0.04941565671892667,0.0123,index_dividend_yield,0.065,13.16,65,23201.6,23284.75,23116.1,23118.6,mid_price,ok
2026-09-16T08:59:38.213101+00:00,2026-09-16T14:29:38.213101+05:30,NIFTY,29-Sep-2026,27200.0,PE,23228.25,3864.2,780,3951.5,780,0.0,3907.85,0,0,0,0,0,,,,,,,,,,,,,,,0.0357312844653412,,,,,,13.16,65,23201.6,23284.75,23116.1,23118.6,mid_price,no_price_available
2026-09-16T08:59:38.213101+00:00,2026-09-16T14:29:38.213101+05:30,NIFTY,29-Sep-2026,28500.0,CE,23228.25,0.5,26975,0.55,3380,0.5,0.525,7999,10,734,-16.666666666666668,34.58,0.0010784538872370142,2.3766303450500043e-06,-0.2135866238251263,0.15844124214730063,0.03269467510711625,-0.00044171949135545863,4.4036042409341665,4.724577116565781e-09,5.9180211817513534e-05,-8.001730139973032e-07,-0.06558251897741543,55.894317881265785,-0.0008632427590567205,1.5787192375199266e-06,0.0357312844653412,23269.3,0.04941565671892667,0.0123,index_dividend_yield,0.065,13.16,65,23201.6,23284.75,23116.1,23118.6,mid_price,ok
2026-09-16T08:59:38.213101+00:00,2026-09-16T14:29:38.213101+05:30,NIFTY,29-Sep-2026,28500.0,PE,23228.25,5209.45,325,5222,130,5225,5215.725,6505,-12,153,-0.8990213185646005,65.38,,,,,,,,,,,,,,,0.0357312844653412,,,,,,13.16,65,23201.6,23284.75,23116.1,23118.6,mid_price,no_price_available
2026-09-16T08:59:38.213101+00:00,2026-09-16T14:29:38.213101+05:30,NIFTY,29-Sep-2026,30000.0,CE,23228.25,0.65,520,0.7,325,0.7,0.675,4183.076923076923,-4.923076923076923,179,16.666666666666668,43.74,0.001221977610141594,2.1067352825325275e-06,-0.30188822276008664,0.17765210549143806,0.028794210472809924,-0.0004902039416388435,3.8308272565502204,3.2431157680283656e-09,4.0611848449485095e-05,-6.916903142259488e-07,-0.07204181288362041,43.98503211153665,-0.00092463606220305,1.2629915426500868e-06,0.0357312844653412,23269.3,0.04941565671892667,0.0123,index_dividend_yield,0.065,13.16,65,23201.6,23284.75,23116.1,23118.6,mid_price,ok
2026-09-16T08:59:38.213101+00:00,2026-09-16T14:29:38.213101+05:30,NIFTY,29-Sep-2026,30000.0,PE,23228.25,6695.9,65,6736.75,130,6735,6716.325,2112,-25,35,-0.4022359587116619,82.92,,,,,,,,,,,,,,,0.0357312844653412,,,,,,13.16,65,23201.6,23284.75,23116.1,23118.6,mid_price,no_price_available
2026-09-16T08:59:38.213101+00:00,2026-09-16T14:29:38.213101+05:30,NIFTY,29-Sep-2026,31500.0,CE,23228.25,0.65,780,0.9,520,0.55,0.775,243,-16,28,-50,50.37,0.0008678603635024071,1.3365420488922773e-06,-0.2534512647067181,0.12978849280684462,0.018938927974713374,-0.00037057651099873997,2.6043962731758104,1.8397851184325946e-09,2.4165945574711792e-05,-4.7279445745195455e-07,-0.05594811512203656,39.26783520723084,-0.0006236669456865535,7.267658335677067e-07,0.0357312844653412,23269.3,0.04941565671892667,0.0123,index_dividend_yield,0.065,13.16,65,23201.6,23284.75,23116.1,23118.6,mid_price,wide_quote_low_liquidity
2026-09-16T08:59:38.213101+00:00,2026-09-16T14:29:38.213101+05:30,NIFTY,29-Sep-2026,31500.0,PE,23228.25,,0,8559.35,1690,0.0,,0,0,0,0,0,,,,,,,,,,,,,,,0.0357312844653412,,,,,,13.16,65,23201.6,23284.75,23116.1,23118.6,none,no_price_available
2026-09-16T08:59:38.213101+00:00,2026-09-16T14:29:38.213101+05:30,NIFTY,29-Sep-2026,33000.0,CE,23228.25,0.55,1560,1,1365,0.0,0.775,534,0,0,0,57.27,0.0007564401252176229,1.0358677471029004e-06,-0.2535602512505021,0.11437025931573055,0.014920105150879241,-0.00033145563107179587,2.0780336326318425,1.2645935964070213e-09,1.7012142251601824e-05,-3.7777364107375783e-07,-0.05056067256405958,34.980323971754544,-0.0005172265351955994,5.132269038850062e-07,0.0357312844653412,23269.3,0.04941565671892667,0.0123,index_dividend_yield,0.065,13.16,65,23201.6,23284.75,23116.1,23118.6,mid_price,wide_quote_low_liquidity
2026-09-16T08:59:38.213101+00:00,2026-09-16T14:29:38.213101+05:30,NIFTY,29-Sep-2026,33000.0,PE,23228.25,,0,10115.5,1690,0.0,,0,0,0,0,0,,,,,,,,,,,,,,,0.0357312844653412,,,,,,13.16,65,23201.6,23284.75,23116.1,23118.6,none,no_price_available
2026-09-16T08:59:38.213101+00:00,2026-09-16T14:29:38.213101+05:30,NIFTY,29-Sep-2026,34500.0,CE,23228.25,0.5,130,1,1560,0.3,0.75,151,0,60,-50,61.27,0.0004164793663621408,5.576643774000329e-07,-0.15607772524864494,0.06587223445407962,0.008465683761598727,-0.0002011376780088694,1.2420483735513452,6.699903802363389e-10,9.604724313419201e-06,-2.2798563102310113e-07,-0.03204479132230135,34.06580483398302,-0.00027217694218809426,2.5279454401068405e-07,0.0357312844653412,23269.3,0.04941565671892667,0.0123,index_dividend_yield,0.065,13.16,65,23201.6,23284.75,23116.1,23118.6,mid_price,wide_quote_low_liquidity
2026-09-16T08:59:38.213101+00:00,2026-09-16T14:29:38.213101+05:30,NIFTY,29-Sep-2026,34500.0,PE,0,,0,,0,0.0,,0,0,0,0,0,,,,,,,,,,,,,,,0.0357312844653412,,,,,,13.16,65,23201.6,23284.75,23116.1,23118.6,none,no_price_available
