fetch_ts_utc,fetch_ts_ist,symbol,expiry_date,strike,option_type,underlying_value,bid_price,bid_qty,ask_price,ask_qty,ltp,mid_price,open_interest,change_in_oi,total_traded_volume,pchange_vs_prev_close,nse_iv,delta,gamma,theta,vega,vanna,charm,vomma,speed,zomma,color,veta,omega,dual_delta,dual_gamma,time_to_expiry_years,futures_price,implied_cost_of_carry,dividend_yield_used,dividend_yield_source,risk_free_rate_used,india_vix,lot_size,underlying_day_open,underlying_day_high,underlying_day_low,underlying_prev_close,price_source_for_iv,data_quality_flag
2026-09-10T08:23:36.478383+00:00,2026-09-10T13:53:36.478383+05:30,NIFTY,29-Sep-2026,15000.0,CE,23435.45,,0,8809.15,1690,0.0,,0,0,0,0,0,,,,,,,,,,,,,,,0.05223818878795662,,,,,,11.82,65,23446.6,23494.95,23403.05,23431.5,none,no_price_available
2026-09-10T08:23:36.478383+00:00,2026-09-10T13:53:36.478383+05:30,NIFTY,29-Sep-2026,15000.0,PE,23435.45,1.45,65,1.55,65,1.4,1.5,1470,67,176,-9.67741935483871,67.51,-0.001408446130999422,1.27399985281938e-06,-0.43179448414729743,0.2467585392401505,-0.019329357535633265,0.00033782415809366253,3.0924071385643734,-1.1082738113917553e-09,1.407872420791261e-05,-2.455263893310691e-07,-0.06052236568143813,-21.88004877347665,0.0023010758757249115,3.1098071228639915e-06,0.05223818878795662,23519,0.06812586660813466,0.0121,index_dividend_yield,0.065,11.82,65,23446.6,23494.95,23403.05,23431.5,mid_price,ok
2026-09-10T08:23:36.478383+00:00,2026-09-10T13:53:36.478383+05:30,NIFTY,29-Sep-2026,16500.0,CE,23435.45,,0,7118.15,1690,0.0,,0,0,0,0,0,,,,,,,,,,,,,,,0.05223818878795662,,,,,,11.82,65,23446.6,23494.95,23403.05,23431.5,none,no_price_available
2026-09-10T08:23:36.478383+00:00,2026-09-10T13:53:36.478383+05:30,NIFTY,29-Sep-2026,16500.0,PE,23435.45,0.8,8255,1.15,130,1,0.975,2042,0,369,17.647058823529413,52.56,-0.0013314497767887305,1.5544513712357161e-06,-0.318363803256157,0.23440517837793462,-0.024011811698256676,0.0003256436374232143,3.8635709936971905,-1.7288616025429603e-09,2.2663502497290783e-05,-3.065672498686537e-07,-0.05854880604057125,-28.49503048975178,0.001957464369180862,3.1358540841458754e-06,0.05223818878795662,23519,0.06812586660813466,0.0121,index_dividend_yield,0.065,11.82,65,23446.6,23494.95,23403.05,23431.5,mid_price,wide_quote_low_liquidity
2026-09-10T08:23:36.478383+00:00,2026-09-10T13:53:36.478383+05:30,NIFTY,29-Sep-2026,18000.0,CE,23435.45,5414.6,390,5564.2,65,0.0,5489.4,18,0,0,0,69.65,0.9597281143599297,2.2926808203615754e-05,-10.640066812516341,4.581412785052631,-0.1959199359677366,0.0035318631159594323,18.41283908191116,-1.1763715614102472e-08,5.922652129146929e-05,-1.0446463698407845e-06,-0.44890642882288395,4.056269131334615,-0.9414859466938995,3.886379278570161e-05,0.05223818878795662,23519,0.06812586660813466,0.0121,index_dividend_yield,0.065,11.82,65,23446.6,23494.95,23403.05,23431.5,mid_price,ok
2026-09-10T08:23:36.478383+00:00,2026-09-10T13:53:36.478383+05:30,NIFTY,29-Sep-2026,18000.0,PE,23435.45,1.3,65,1.35,4680,1.3,1.3250000000000002,13191,-94,593,-16.129032258064516,41.56,-0.002153221905997496,3.0452399616982555e-06,-0.388156678988233,0.36310461100354724,-0.04501335582925538,0.00048011080963713073,6.882550687684175,-4.047005633450222e-09,5.039385124586424e-05,-5.356211340582342e-07,-0.08293586665174923,-34.9093599971166,0.0028837350732818555,5.162060667280941e-06,0.05223818878795662,23519,0.06812586660813466,0.0121,index_dividend_yield,0.065,11.82,65,23446.6,23494.95,23403.05,23431.5,mid_price,ok
2026-09-10T08:23:36.478383+00:00,2026-09-10T13:53:36.478383+05:30,NIFTY,29-Sep-2026,19500.0,CE,23435.45,4003.75,195,4021.15,130,4020,4012.45,2161,0,10,-1.08632801446797,0,,,,,,,,,,,,,,,0.05223818878795662,23519,0.06812586660813466,0.0121,index_dividend_yield,0.065,11.82,65,23446.6,23494.95,23403.05,23431.5,mid_price,no_nse_iv
2026-09-10T08:23:36.478383+00:00,2026-09-10T13:53:36.478383+05:30,NIFTY,29-Sep-2026,19500.0,PE,23435.45,3.3,325,3.35,7605,3.35,3.325,15090,166,695,-8.219178082191782,33.28,-0.006361186598083664,1.0044477669873959e-05,-0.8147105694120473,0.9590591211557868,-0.12993925348065696,0.0010993667798048154,17.33870150638317,-1.4508784689125591e-08,0.00015140993863113292,-1.2729008109952844e-06,-0.17184642692451213,-39.71056983505684,0.00783750594530071,1.4507905869715625e-05,0.05223818878795662,23519,0.06812586660813466,0.0121,index_dividend_yield,0.065,11.82,65,23446.6,23494.95,23403.05,23431.5,mid_price,ok
2026-09-10T08:23:36.478383+00:00,2026-09-10T13:53:36.478383+05:30,NIFTY,29-Sep-2026,21000.0,CE,23435.45,2513.3,65,2526.9,65,2529,2520.1000000000004,7923,33,233,-1.4764891503369824,0,,,,,,,,,,,,,,,0.05223818878795662,23519,0.06812586660813466,0.0121,index_dividend_yield,0.065,11.82,65,23446.6,23494.95,23403.05,23431.5,mid_price,no_nse_iv
2026-09-10T08:23:36.478383+00:00,2026-09-10T13:53:36.478383+05:30,NIFTY,29-Sep-2026,21000.0,PE,23435.45,7.55,65,7.6,1560,7.55,7.574999999999999,29900,1491,4449,-5.031446540880503,23.83,-0.018180611590077757,3.4974791267955354e-05,-1.4309844186245724,2.391188858292093,-0.3818120085398828,0.002265997948437088,42.79584984743745,-5.89874313638455e-08,0.00047918827152135886,-2.7983072638091525e-06,-0.31667443034462694,-49.68357968892038,0.02069745240931301,4.3557519131043705e-05,0.05223818878795662,23519,0.06812586660813466,0.0121,index_dividend_yield,0.065,11.82,65,23446.6,23494.95,23403.05,23431.5,mid_price,ok
2026-09-10T08:23:36.478383+00:00,2026-09-10T13:53:36.478383+05:30,NIFTY,29-Sep-2026,21600.0,CE,23435.45,1917.3,65,1926.65,65,1930,1921.975,695,-80,96,-5.392156862745098,0,,,,,,,,,,,,,,,0.05223818878795662,23519,0.06812586660813466,0.0121,index_dividend_yield,0.065,11.82,65,23446.6,23494.95,23403.05,23431.5,mid_price,no_nse_iv
2026-09-10T08:23:36.478383+00:00,2026-09-10T13:53:36.478383+05:30,NIFTY,29-Sep-2026,21600.0,PE,23435.45,10.5,7150,10.55,1300,10.5,10.525,6844,1292,3705,0.4784688995215311,19.77,-0.029449451510456876,6.326764712626664e-05,-1.7582472800150741,3.588583515561987,-0.6247073038601128,0.0030223240278824596,63.1972625712307,-1.1575908365563097e-07,0.0007941789489635298,-3.7323979433275933e-06,-0.3998172849040981,-56.382419011332736,0.032518604808643756,7.447676009883012e-05,0.05223818878795662,23519,0.06812586660813466,0.0121,index_dividend_yield,0.065,11.82,65,23446.6,23494.95,23403.05,23431.5,mid_price,ok
2026-09-10T08:23:36.478383+00:00,2026-09-10T13:53:36.478383+05:30,NIFTY,29-Sep-2026,21650.0,CE,23435.45,1846.15,65,1904.2,65,0.0,1875.1750000000002,1,0,0,0,25.63,0.9229486758861738,0.0001045797558924756,-7.9663897625005085,7.69008136332488,-0.7677863767502346,0.00483582326484,58.778023901919326,-1.1325178803400231e-07,0.00039131602566975485,-2.2585623938909695e-06,-0.569238425536235,11.43034913623207,-0.9116587347846378,0.000122540152546412,0.05223818878795662,23519,0.06812586660813466,0.0121,index_dividend_yield,0.065,11.82,65,23446.6,23494.95,23403.05,23431.5,mid_price,ok
2026-09-10T08:23:36.478383+00:00,2026-09-10T13:53:36.478383+05:30,NIFTY,29-Sep-2026,21650.0,PE,23435.45,10.9,390,11.1,1170,10.9,11.0,337,69,271,-3.111111111111111,19.43,-0.030801003593575804,6.68145367320473e-05,-1.7908847376494341,3.7245899487929637,-0.6529211805949928,0.00309830363874853,65.35904755350441,-1.2305026258031927e-07,0.0008286029989687431,-3.8127113769355993e-06,-0.4077824395135914,-57.024122151570694,0.033925810682164666,7.82891818171857e-05,0.05223818878795662,23519,0.06812586660813466,0.0121,index_dividend_yield,0.065,11.82,65,23446.6,23494.95,23403.05,23431.5,mid_price,ok
2026-09-10T08:23:36.478383+00:00,2026-09-10T13:53:36.478383+05:30,NIFTY,29-Sep-2026,21700.0,CE,23435.45,1614.5,650,1872.65,650,0.0,1743.575,1,0,0,0,16.59,0.9824142605467984,4.732981323245638e-05,-3.9963690555791924,2.252764955636959,-0.528051020119602,0.0021685743700836646,59.987234163146,-1.1560014331590765e-07,0.0009750228096698599,-3.856301440980025e-06,-0.3016505041096762,12.7929518871812,-0.9780475767871283,5.520290304104962e-05,0.05223818878795662,23519,0.06812586660813466,0.0121,index_dividend_yield,0.065,11.82,65,23446.6,23494.95,23403.05,23431.5,mid_price,ok
2026-09-10T08:23:36.478383+00:00,2026-09-10T13:53:36.478383+05:30,NIFTY,29-Sep-2026,21700.0,PE,23435.45,11.3,65,11.35,455,11.3,11.325,3305,370,1012,0,19.1,-0.032312891434899106,7.071490690503145e-05,-1.8288004576936963,3.8750654847309183,-0.683248340403838,0.0031804201684443073,67.61488707519625,-1.3093758135411008e-07,0.0008636667191532291,-3.890366802212591e-06,-0.416315543262225,-57.630742083240946,0.03550263307405572,8.247799606270931e-05,0.05223818878795662,23519,0.06812586660813466,0.0121,index_dividend_yield,0.065,11.82,65,23446.6,23494.95,23403.05,23431.5,mid_price,ok
2026-09-10T08:23:36.478383+00:00,2026-09-10T13:53:36.478383+05:30,NIFTY,29-Sep-2026,21750.0,CE,23435.45,1700.15,650,1820.7,650,0.0,1760.4250000000002,1,0,0,0,29.91,0.8777170670311683,0.00012604608191351787,-11.136620469087497,10.81634343300017,-0.7413276110005418,0.005416315435385677,46.315341684538325,-9.702676438616377e-08,0.0001183151753211863,-6.13864496048209e-07,-0.6198265516208554,11.15817163637582,-0.8609760844234476,0.00014633810337461026,0.05223818878795662,23519,0.06812586660813466,0.0121,index_dividend_yield,0.065,11.82,65,23446.6,23494.95,23403.05,23431.5,mid_price,ok
2026-09-10T08:23:36.478383+00:00,2026-09-10T13:53:36.478383+05:30,NIFTY,29-Sep-2026,21750.0,PE,23435.45,11.8,65,11.95,975,11.85,11.875,411,106,654,2.5974025974025974,18.81,-0.03421811851547369,7.527435552587165e-05,-1.8850892564228192,4.062286469632252,-0.7171997692935472,0.0032804035428688344,69.98686336033421,-1.3952842982237608e-07,0.000896698099137721,-3.959033640821988e-06,-0.4265982621750774,-58.0513274633792,0.037504870625628205,8.739269204702509e-05,0.05223818878795662,23519,0.06812586660813466,0.0121,index_dividend_yield,0.065,11.82,65,23446.6,23494.95,23403.05,23431.5,mid_price,ok
2026-09-10T08:23:36.478383+00:00,2026-09-10T13:53:36.478383+05:30,NIFTY,29-Sep-2026,21800.0,CE,23435.45,1699,65,1754.05,65,0.0,1726.525,2,0,0,0,0,,,,,,,,,,,,,,,0.05223818878795662,23519,0.06812586660813466,0.0121,index_dividend_yield,0.065,11.82,65,23446.6,23494.95,23403.05,23431.5,mid_price,no_nse_iv
2026-09-10T08:23:36.478383+00:00,2026-09-10T13:53:36.478383+05:30,NIFTY,29-Sep-2026,21800.0,PE,23435.45,12.25,975,12.4,1690,12.4,12.325,4990,40,2027,-0.8,18.5,-0.036117497980924874,8.000412969193261e-05,-1.934810950306104,4.246379831024515,-0.7520719501544898,0.0033751746926073967,72.40324037615675,-1.4871543533679368e-07,0.0009316862381936387,-4.0252822279109935e-06,-0.43624359447423083,-58.57381549822576,0.03948992981441695,9.245832305132377e-05,0.05223818878795662,23519,0.06812586660813466,0.0121,index_dividend_yield,0.065,11.82,65,23446.6,23494.95,23403.05,23431.5,mid_price,ok
2026-09-10T08:23:36.478383+00:00,2026-09-10T13:53:36.478383+05:30,NIFTY,29-Sep-2026,21850.0,CE,23435.45,1478.6,650,1702.4,65,0.0,1590.5,1,0,0,0,19.44,0.9510391910599373,9.638283377734422e-05,-5.673970015711189,5.375645935542154,-0.834531935236249,0.003958167557056136,74.2461750636938,-1.5787579767525973e-07,0.0008354306152847914,-3.734922504490808e-06,-0.4901070093041424,13.378369858875962,-0.943801202938881,0.00011087749423598049,0.05223818878795662,23519,0.06812586660813466,0.0121,index_dividend_yield,0.065,11.82,65,23446.6,23494.95,23403.05,23431.5,mid_price,ok
2026-09-10T08:23:36.478383+00:00,2026-09-10T13:53:36.478383+05:30,NIFTY,29-Sep-2026,21850.0,PE,23435.45,12.3,2730,12.95,1300,12.3,12.625,216,0,14,-3.5294117647058822,18.02,-0.0368255341992246,8.345040123901503e-05,-1.911098173982053,4.314375297012829,-0.7809972009831418,0.0034054825436078125,74.81729069809172,-1.5838575550823995e-07,0.0009840752015118498,-4.123206481277281e-06,-0.43932732842080574,-59.985483325526076,0.040156071507748047,9.600020065548339e-05,0.05223818878795662,23519,0.06812586660813466,0.0121,index_dividend_yield,0.065,11.82,65,23446.6,23494.95,23403.05,23431.5,mid_price,ok
2026-09-10T08:23:36.478383+00:00,2026-09-10T13:53:36.478383+05:30,NIFTY,29-Sep-2026,21900.0,CE,23435.45,1439.6,650,1654.65,65,0.0,1547.125,9,0,0,0,14.08,0.9857429078921097,4.622073463505939e-05,-3.7528342255935625,1.8671284803570105,-0.5385711765795165,0.0018637825490686044,63.68406490658207,-1.3847685561530327e-07,0.0012482169983354947,-4.147279479994431e-06,-0.265424204915629,14.451716514191025,-0.9818635002212456,5.29291852014961e-05,0.05223818878795662,23519,0.06812586660813466,0.0121,index_dividend_yield,0.065,11.82,65,23446.6,23494.95,23403.05,23431.5,mid_price,ok
2026-09-10T08:23:36.478383+00:00,2026-09-10T13:53:36.478383+05:30,NIFTY,29-Sep-2026,21900.0,PE,23435.45,13.3,520,13.5,65,13.5,13.4,3040,-23,514,-1.098901098901099,17.88,-0.040359412219985645,9.062426376038592e-05,-2.0398261568409115,4.6488626011161,-0.8277837761665809,0.0035717431803675634,77.42613582613123,-1.6925012075539213e-07,0.0010025188136377706,-4.137487038006053e-06,-0.45593857610092403,-59.63530087873876,0.04391330631310307,0.00010377741674154009,0.05223818878795662,23519,0.06812586660813466,0.0121,index_dividend_yield,0.065,11.82,65,23446.6,23494.95,23403.05,23431.5,mid_price,ok
2026-09-10T08:23:36.478383+00:00,2026-09-10T13:53:36.478383+05:30,NIFTY,29-Sep-2026,21950.0,CE,23435.45,1382.1,650,1604.2,65,0.0,1493.15,2,0,0,0,29.21,0.8538889669054488,0.00014596965915111086,-11.973851542209495,12.232883949973655,-0.7731497147187016,0.005455823144927541,43.716105338846845,-1.0454888140637861e-07,2.1926479176070804e-05,1.6978708742063477e-07,-0.6272448557251309,12.01400161190532,-0.8357908733647119,0.0001663949490256466,0.05223818878795662,23519,0.06812586660813466,0.0121,index_dividend_yield,0.065,11.82,65,23446.6,23494.95,23403.05,23431.5,mid_price,ok
2026-09-10T08:23:36.478383+00:00,2026-09-10T13:53:36.478383+05:30,NIFTY,29-Sep-2026,21950.0,PE,23435.45,13.8,585,14,325,14,13.9,981,85,626,-1.7543859649122806,17.52,-0.04229688617844611,9.60689222631874e-05,-2.0719954466584722,4.828939066301524,-0.86666994469917,0.0036537292724361722,80.04671445680955,-1.807423463720972e-07,0.0010441805464764362,-4.195877568059965e-06,-0.46404074168424886,-60.443186799694125,0.04590643289919761,0.00010951168561943045,0.05223818878795662,23519,0.06812586660813466,0.0121,index_dividend_yield,0.065,11.82,65,23446.6,23494.95,23403.05,23431.5,mid_price,ok
2026-09-10T08:23:36.478383+00:00,2026-09-10T13:53:36.478383+05:30,NIFTY,29-Sep-2026,22000.0,CE,23435.45,1524.45,65,1531,65,1528,1527.725,12121,111,427,-2.264295765638992,0,,,,,,,,,,,,,,,0.05223818878795662,23519,0.06812586660813466,0.0121,index_dividend_yield,0.065,11.82,65,23446.6,23494.95,23403.05,23431.5,mid_price,no_nse_iv
2026-09-10T08:23:36.478383+00:00,2026-09-10T13:53:36.478383+05:30,NIFTY,29-Sep-2026,22000.0,PE,23435.45,14.55,520,14.65,1040,14.55,14.600000000000001,48832,-2054,12891,-2.0202020202020203,17.21,-0.0448355058878516,0.00010250988981472757,-2.128936751337502,5.061524482499547,-0.9100655822725616,0.0037572034312760086,82.7143620478652,-1.9314493605951199e-07,0.001079595265028202,-4.229432507234525e-06,-0.47415947490746024,-60.99234198020962,0.04854398496896773,0.00011632337634128727,0.05223818878795662,23519,0.06812586660813466,0.0121,index_dividend_yield,0.065,11.82,65,23446.6,23494.95,23403.05,23431.5,mid_price,ok
2026-09-10T08:23:36.478383+00:00,2026-09-10T13:53:36.478383+05:30,NIFTY,29-Sep-2026,22050.0,CE,23435.45,1407.85,650,1509,195,1500,1458.425,1,1,1,-3.225806451612903,11.18,0.9932614063091112,2.8838142590923692e-05,-3.3872290185619027,0.9250043886946671,-0.383104212775931,0.0010578389617060813,51.413312509109076,-1.2466459535996012e-07,0.0013448303352970145,-3.5312521006182644e-06,-0.16178549674028264,16.091505294771977,-0.9900660130513961,3.25759201297792e-05,0.05223818878795662,23519,0.06812586660813466,0.0121,index_dividend_yield,0.065,11.82,65,23446.6,23494.95,23403.05,23431.5,mid_price,ok
2026-09-10T08:23:36.478383+00:00,2026-09-10T13:53:36.478383+05:30,NIFTY,29-Sep-2026,22050.0,PE,23435.45,14.95,520,15.15,65,15.1,15.05,1156,625,1101,-3.2051282051282053,16.83,-0.04691263843178213,0.00010870919902588475,-2.1541373740299,5.249103264786843,-0.9530400126172636,0.0038350941445891365,85.51855566653055,-2.0669645504717335e-07,0.0011252163702246685,-4.277868297481143e-06,-0.4817217048702984,-61.94488626733407,0.05066517598883956,0.00012279924664614344,0.05223818878795662,23519,0.06812586660813466,0.0121,index_dividend_yield,0.065,11.82,65,23446.6,23494.95,23403.05,23431.5,mid_price,ok
2026-09-10T08:23:36.478383+00:00,2026-09-10T13:53:36.478383+05:30,NIFTY,29-Sep-2026,22100.0,CE,23435.45,1425.2,130,1436.9,130,1450,1431.0500000000002,12,0,1,-1.3773167828600579,10.43,0.9945595548742563,2.4995995425741394e-05,-3.333961094240195,0.7479790772310014,-0.34347086809444205,0.0008872109229414171,47.62722854053442,-1.20315622874193e-07,0.0013518117671253087,-3.302357400786185e-06,-0.13805942514307223,16.691378558216044,-0.9914725858790817,2.8108164296431138e-05,0.05223818878795662,23519,0.06812586660813466,0.0121,index_dividend_yield,0.065,11.82,65,23446.6,23494.95,23403.05,23431.5,mid_price,ok
2026-09-10T08:23:36.478383+00:00,2026-09-10T13:53:36.478383+05:30,NIFTY,29-Sep-2026,22100.0,PE,23435.45,15.7,975,15.85,195,15.7,15.774999999999999,2276,406,2187,-2.484472049689441,16.51,-0.049751662017218284,0.0001161486263640388,-2.2096445496494024,5.501686708998947,-1.001113894843541,0.003937943812107651,88.31529575351426,-2.2124244543590644e-07,0.0011610144980605936,-4.289811600149932e-06,-0.4916030446637647,-62.570126061953665,0.05360121814410437,0.00013060990838888992,0.05223818878795662,23519,0.06812586660813466,0.0121,index_dividend_yield,0.065,11.82,65,23446.6,23494.95,23403.05,23431.5,mid_price,ok
2026-09-10T08:23:36.478383+00:00,2026-09-10T13:53:36.478383+05:30,NIFTY,29-Sep-2026,22150.0,CE,23435.45,1363.5,195,1402.2,65,0.0,1382.85,1,0,0,0,30.44,0.8115019781869964,0.00016524002576977025,-14.005065590531174,14.430939533177787,-0.7220271836561043,0.005230621791466605,34.240301122308914,-9.660183430331382e-08,-0.0001507701154673585,1.5127579174919862e-06,-0.6247095488503387,12.516286958535682,-0.7899982254542235,0.00018497557548869553,0.05223818878795662,23519,0.06812586660813466,0.0121,index_dividend_yield,0.065,11.82,65,23446.6,23494.95,23403.05,23431.5,mid_price,ok
2026-09-10T08:23:36.478383+00:00,2026-09-10T13:53:36.478383+05:30,NIFTY,29-Sep-2026,22150.0,PE,23435.45,16.35,585,16.7,1040,16.7,16.525,1109,-40,256,-0.8902077151335311,16.13,-0.05219954863404675,0.00012351789413012404,-2.237086191335557,5.716088588903964,-1.0497385502960082,0.004018795666672362,91.29040810169897,-2.3729125191811266e-07,0.0012069749101433927,-4.314764619822278e-06,-0.49932256822158916,-63.56540386741787,0.05609774133062457,0.00013827033397891976,0.05223818878795662,23519,0.06812586660813466,0.0121,index_dividend_yield,0.065,11.82,65,23446.6,23494.95,23403.05,23431.5,mid_price,ok
2026-09-10T08:23:36.478383+00:00,2026-09-10T13:53:36.478383+05:30,NIFTY,29-Sep-2026,22200.0,CE,23435.45,1306.7,650,1348.65,65,0.0,1327.6750000000002,1,0,0,0,21.3,0.8831179704739923,0.00017141153683092761,-8.607883275153148,10.475007846922534,-1.0511542112622285,0.005319136505023914,67.2025677472412,-1.8618338603028894e-07,0.0002949705695552072,-1.0351718865648563e-06,-0.6125033985028097,15.194608692933187,-0.8709093426822573,0.00019102081516261734,0.05223818878795662,23519,0.06812586660813466,0.0121,index_dividend_yield,0.065,11.82,65,23446.6,23494.95,23403.05,23431.5,mid_price,ok
2026-09-10T08:23:36.478383+00:00,2026-09-10T13:53:36.478383+05:30,NIFTY,29-Sep-2026,22200.0,PE,23435.45,17.35,325,17.45,195,17.55,17.4,3878,362,2498,-0.2840909090909091,15.88,-0.056283993489523974,0.00013316870195361074,-2.3316904809986516,6.067186841856921,-1.1056747466986343,0.004150067872040274,93.95547063670494,-2.538488073868132e-07,0.0012237057187165902,-4.249961023020717e-06,-0.5116849860439805,-63.77646164509379,0.06034788131030031,0.00014840304492700046,0.05223818878795662,23519,0.06812586660813466,0.0121,index_dividend_yield,0.065,11.82,65,23446.6,23494.95,23403.05,23431.5,mid_price,ok
2026-09-10T08:23:36.478383+00:00,2026-09-10T13:53:36.478383+05:30,NIFTY,29-Sep-2026,22250.0,CE,23435.45,1258.35,650,1300,65,0.0,1279.175,3,0,0,0,23.5,0.8513892120006986,0.0001835227309722345,-10.277491272067182,12.373496231022566,-0.9741857842877066,0.005409429397546406,54.51560586793214,-1.5974629935839389e-07,2.763832591967403e-05,3.5123447003523574e-07,-0.6251727081486589,14.839183540777283,-0.8363188534515368,0.00020359936861846404,0.05223818878795662,23519,0.06812586660813466,0.0121,index_dividend_yield,0.065,11.82,65,23446.6,23494.95,23403.05,23431.5,mid_price,ok
2026-09-10T08:23:36.478383+00:00,2026-09-10T13:53:36.478383+05:30,NIFTY,29-Sep-2026,22250.0,PE,23435.45,18.3,1560,18.55,65,18.25,18.425,905,80,385,-1.881720430107527,15.59,-0.06027559636958386,0.00014314645292666324,-2.4089145812620303,6.402674313017005,-1.1627313916689301,0.004265295904662368,96.66809111670283,-2.7184173451204245e-07,0.0012431224879776073,-4.176031506210532e-06,-0.5224342640160602,-64.22662726852194,0.06447548295846295,0.00015880609056679007,0.05223818878795662,23519,0.06812586660813466,0.0121,index_dividend_yield,0.065,11.82,65,23446.6,23494.95,23403.05,23431.5,mid_price,ok
2026-09-10T08:23:36.478383+00:00,2026-09-10T13:53:36.478383+05:30,NIFTY,29-Sep-2026,22300.0,CE,23435.45,1079.5,650,1268.2,195,0.0,1173.85,30,0,0,0,22.82,0.8482526162260744,0.00019165498876856703,-10.159493682260571,12.547883368381374,-1.005108632089191,0.005393069092584857,55.520213681623964,-1.6940832718581097e-07,8.170672995082132e-06,5.047770521639e-07,-0.6249564673020593,15.35809285533602,-0.833399259977131,0.00021166887254737973,0.05223818878795662,23519,0.06812586660813466,0.0121,index_dividend_yield,0.065,11.82,65,23446.6,23494.95,23403.05,23431.5,mid_price,wide_quote_low_liquidity
2026-09-10T08:23:36.478383+00:00,2026-09-10T13:53:36.478383+05:30,NIFTY,29-Sep-2026,22300.0,PE,23435.45,19.5,1885,19.65,260,19.7,19.575,3674,-701,6292,-0.7556675062972292,15.28,-0.06438514359893034,0.00015375933409699234,-2.478088235573225,6.740615404496229,-1.2219312390181063,0.004371878558653279,99.39746679160555,-2.9137265115214493e-07,0.0012611551034316176,-4.081740408941315e-06,-0.532308109607877,-64.80059374131005,0.06870762394575232,0.0001698159025291393,0.05223818878795662,23519,0.06812586660813466,0.0121,index_dividend_yield,0.065,11.82,65,23446.6,23494.95,23403.05,23431.5,mid_price,ok
2026-09-10T08:23:36.478383+00:00,2026-09-10T13:53:36.478383+05:30,NIFTY,29-Sep-2026,22350.0,CE,23435.45,1171.2,195,1203.95,65,0.0,1187.575,2,0,0,0,18.26,0.8888480067689062,0.00019286942354275095,-7.643630820924007,10.104128493410109,-1.2207299777914904,0.005220420438791118,79.9946476630895,-2.486795511002295e-07,0.00047076197394401126,-1.431064862078199e-06,-0.6047598723893035,17.364647064481584,-0.8783426169568422,0.0002120581272723017,0.05223818878795662,23519,0.06812586660813466,0.0121,index_dividend_yield,0.065,11.82,65,23446.6,23494.95,23403.05,23431.5,mid_price,ok
2026-09-10T08:23:36.478383+00:00,2026-09-10T13:53:36.478383+05:30,NIFTY,29-Sep-2026,22350.0,PE,23435.45,20.75,1495,21.1,65,20.95,20.925,445,-10,300,-0.7109004739336493,14.99,-0.0691283227822268,0.000165596055508214,-2.5602587042571545,7.121743459045241,-1.2840713114170703,0.004482945263529908,101.93096839133942,-3.1203404129968774e-07,0.0012655083813982806,-3.933623140990242e-06,-0.5425293182288708,-65.24165555262609,0.07359664123395929,0.00018207131420687977,0.05223818878795662,23519,0.06812586660813466,0.0121,index_dividend_yield,0.065,11.82,65,23446.6,23494.95,23403.05,23431.5,mid_price,ok
2026-09-10T08:23:36.478383+00:00,2026-09-10T13:53:36.478383+05:30,NIFTY,29-Sep-2026,22400.0,CE,23435.45,1127.15,260,1153.4,650,1131,1140.275,3,0,1,-2.5,0,,,,,,,,,,,,,,,0.05223818878795662,23519,0.06812586660813466,0.0121,index_dividend_yield,0.065,11.82,65,23446.6,23494.95,23403.05,23431.5,mid_price,no_nse_iv
2026-09-10T08:23:36.478383+00:00,2026-09-10T13:53:36.478383+05:30,NIFTY,29-Sep-2026,22400.0,PE,23435.45,22.45,325,22.65,65,22.6,22.549999999999997,2909,268,1828,-1.5250544662309369,14.73,-0.07472121720000871,0.00017887824419565647,-2.6614700664791955,7.559533135756422,-1.3485292950895165,0.004599179249279051,104.09964167531926,-3.334562310012209e-07,0.0012490009335026522,-3.7116756727362586e-06,-0.5531754377093252,-65.47336055120815,0.07936923953029922,0.00019579792316710298,0.05223818878795662,23519,0.06812586660813466,0.0121,index_dividend_yield,0.065,11.82,65,23446.6,23494.95,23403.05,23431.5,mid_price,ok
2026-09-10T08:23:36.478383+00:00,2026-09-10T13:53:36.478383+05:30,NIFTY,29-Sep-2026,22450.0,CE,23435.45,923.25,650,1118.6,260,0.0,1020.925,2,0,0,0,17.21,0.8808538595968176,0.00021506531255109567,-7.5881650726681285,10.619056822529085,-1.3163730829388043,0.005240406174380707,83.34837812289386,-2.8384040177935883e-07,0.00043844415863890276,-1.037627596074946e-06,-0.6080382974520937,18.744898223319424,-0.8704648514969666,0.00023436042295630458,0.05223818878795662,23519,0.06812586660813466,0.0121,index_dividend_yield,0.065,11.82,65,23446.6,23494.95,23403.05,23431.5,mid_price,wide_quote_low_liquidity
2026-09-10T08:23:36.478383+00:00,2026-09-10T13:53:36.478383+05:30,NIFTY,29-Sep-2026,22450.0,PE,23435.45,24.1,715,24.55,2340,24.75,24.325000000000003,584,-25,387,0.814663951120163,14.53,-0.08169679998527193,0.00019404100029334835,-2.7994036031901937,8.088981159959728,-1.4136765520772963,0.004725066450169166,105.51224608723864,-3.544866356050991e-07,0.0011957327256365176,-3.37265725685454e-06,-0.5646818248351293,-65.2833949294499,0.08658925655268508,0.00021144986311453349,0.05223818878795662,23519,0.06812586660813466,0.0121,index_dividend_yield,0.065,11.82,65,23446.6,23494.95,23403.05,23431.5,mid_price,ok
2026-09-10T08:23:36.478383+00:00,2026-09-10T13:53:36.478383+05:30,NIFTY,29-Sep-2026,22500.0,CE,23435.45,1042.85,65,1047.35,65,1051.4,1045.1,8199,7,341,-3.563402889245586,0,,,,,,,,,,,,,,,0.05223818878795662,23519,0.06812586660813466,0.0121,index_dividend_yield,0.065,11.82,65,23446.6,23494.95,23403.05,23431.5,mid_price,no_nse_iv
2026-09-10T08:23:36.478383+00:00,2026-09-10T13:53:36.478383+05:30,NIFTY,29-Sep-2026,22500.0,PE,23435.45,26.35,585,26.5,520,26.4,26.425,35477,-772,13551,-3.8251366120218577,14.23,-0.08786253591261918,0.0002092414316141557,-2.883722242471455,8.542545245044671,-1.480674904653159,0.004812134248545222,107.36287064716964,-3.7902477843247187e-07,0.0011594615673505638,-3.0606254050950224e-06,-0.5728303370541035,-65.74689738829423,0.09290740559931777,0.00022700176856970091,0.05223818878795662,23519,0.06812586660813466,0.0121,index_dividend_yield,0.065,11.82,65,23446.6,23494.95,23403.05,23431.5,mid_price,ok
2026-09-10T08:23:36.478383+00:00,2026-09-10T13:53:36.478383+05:30,NIFTY,29-Sep-2026,22550.0,CE,23435.45,979.15,65,1012.15,130,0.0,995.65,3,0,0,0,14.99,0.8885763025432837,0.00023535675793020085,-6.820462100086648,10.121922567463331,-1.4972453946628383,0.005116332614674812,98.00006773061564,-3.6644007986303394e-07,0.0007087334672580469,-1.5645853113902713e-06,-0.5980135870301257,21.01886050425387,-0.8795320367617802,0.00025420270918726764,0.05223818878795662,23519,0.06812586660813466,0.0121,index_dividend_yield,0.065,11.82,65,23446.6,23494.95,23403.05,23431.5,mid_price,ok
2026-09-10T08:23:36.478383+00:00,2026-09-10T13:53:36.478383+05:30,NIFTY,29-Sep-2026,22550.0,PE,23435.45,28.35,1365,28.85,845,29.05,28.6,405,-72,401,-1.0221465076660987,14.03,-0.09617530343222248,0.00022691645196184574,-3.027718764471017,9.133944328058327,-1.5450704008751759,0.004911216391286263,107.86239468115966,-4.0132544798834563e-07,0.0010624270114728096,-2.5678389824346096e-06,-0.5822603080931756,-65.50573317499901,0.10147757720373271,0.00024508655436599136,0.05223818878795662,23519,0.06812586660813466,0.0121,index_dividend_yield,0.065,11.82,65,23446.6,23494.95,23403.05,23431.5,mid_price,ok
2026-09-10T08:23:36.478383+00:00,2026-09-10T13:53:36.478383+05:30,NIFTY,29-Sep-2026,22600.0,CE,23435.45,933.35,520,967.05,975,0.0,950.2,15,0,0,0,21.74,0.7908207647900437,0.0002464233859835853,-11.263673326417747,15.370081320591988,-1.0048988155377248,0.0049196546048527745,43.65403855629868,-1.8143523091128706e-07,-0.0004336031031182419,3.0622965482302728e-06,-0.6151142280322386,17.858496968734904,-0.7741352973434462,0.00026497910974392503,0.05223818878795662,23519,0.06812586660813466,0.0121,index_dividend_yield,0.065,11.82,65,23446.6,23494.95,23403.05,23431.5,mid_price,ok
2026-09-10T08:23:36.478383+00:00,2026-09-10T13:53:36.478383+05:30,NIFTY,29-Sep-2026,22600.0,PE,23435.45,31.35,260,31.5,65,32,31.425,6499,-108,4348,-1.5384615384615385,13.83,-0.10528790700343037,0.00024590894632734004,-3.174339364869088,9.757334953703399,-1.606925621279641,0.004989832224886082,107.7323690193248,-4.236641359682622e-07,0.0009371919536145241,-1.9827574515054167e-06,-0.5902741481590272,-65.23549063236922,0.11085369536160351,0.0002644259326922229,0.05223818878795662,23519,0.06812586660813466,0.0121,index_dividend_yield,0.065,11.82,65,23446.6,23494.95,23403.05,23431.5,mid_price,ok
2026-09-10T08:23:36.478383+00:00,2026-09-10T13:53:36.478383+05:30,NIFTY,29-Sep-2026,22650.0,CE,23435.45,885.75,65,946.25,650,0.0,916.0,3,0,0,0,0,,,,,,,,,,,,,,,0.05223818878795662,23519,0.06812586660813466,0.0121,index_dividend_yield,0.065,11.82,65,23446.6,23494.95,23403.05,23431.5,mid_price,no_nse_iv
2026-09-10T08:23:36.478383+00:00,2026-09-10T13:53:36.478383+05:30,NIFTY,29-Sep-2026,22650.0,PE,23435.45,33.9,520,34.3,130,33.7,34.099999999999994,1609,50,717,-0.14814814814814814,13.58,-0.11443863203448502,0.00026587201594314866,-3.2928806087582236,10.35874407250471,-1.6687928138619037,0.005036815458593122,107.52396540698328,-4.482179838604939e-07,0.0008020988072620651,-1.3573763288650504e-06,-0.596038010405719,-65.27975036572319,0.12022094226955903,0.00028463140076434904,0.05223818878795662,23519,0.06812586660813466,0.0121,index_dividend_yield,0.065,11.82,65,23446.6,23494.95,23403.05,23431.5,mid_price,ok
2026-09-10T08:23:36.478383+00:00,2026-09-10T13:53:36.478383+05:30,NIFTY,29-Sep-2026,22700.0,CE,23435.45,853.65,65,859.7,650,846.25,856.675,27,-1,2,-3.9934199330648363,0,,,,,,,,,,,,,,,0.05223818878795662,23519,0.06812586660813466,0.0121,index_dividend_yield,0.065,11.82,65,23446.6,23494.95,23403.05,23431.5,mid_price,no_nse_iv
2026-09-10T08:23:36.478383+00:00,2026-09-10T13:53:36.478383+05:30,NIFTY,29-Sep-2026,22700.0,PE,23435.45,37.3,195,37.45,130,37.05,37.375,10953,1969,7149,-3.7662337662337664,13.3,-0.12396289895177745,0.0002872281988249596,-3.3936158333585285,10.960072339424396,-1.730194671380747,0.005055697754263233,107.04475934041379,-4.7458653417865544e-07,0.0006458593308335606,-6.643723212324307e-07,-0.6000535760846475,-65.50496057373601,0.12993286498025478,0.0003061413229919713,0.05223818878795662,23519,0.06812586660813466,0.0121,index_dividend_yield,0.065,11.82,65,23446.6,23494.95,23403.05,23431.5,mid_price,ok
2026-09-10T08:23:36.478383+00:00,2026-09-10T13:53:36.478383+05:30,NIFTY,29-Sep-2026,22750.0,CE,23435.45,791.5,1300,824.95,260,0.0,808.225,3,0,0,0,15.74,0.8206826332085794,0.0003097337489223982,-8.41281128455225,13.987109086274423,-1.4665631859951955,0.00502989679141197,72.26811834013169,-3.488294624707886e-07,-0.00036743527027165396,2.6731852730601515e-06,-0.6128232821239727,23.152654229834045,-0.8088949467079884,0.0003286792757910632,0.05223818878795662,23519,0.06812586660813466,0.0121,index_dividend_yield,0.065,11.82,65,23446.6,23494.95,23403.05,23431.5,mid_price,ok
2026-09-10T08:23:36.478383+00:00,2026-09-10T13:53:36.478383+05:30,NIFTY,29-Sep-2026,22750.0,PE,23435.45,41.5,130,41.85,195,41.6,41.675,1562,-19,394,-2.0023557126030624,13.16,-0.1369271787326739,0.00031095764664085333,-3.5777868367503287,11.740641712705344,-1.7717711086769339,0.0050547606313857685,103.81065034347347,-4.919008286333968e-07,0.0003867528777594094,3.1177161494621783e-07,-0.603887378316152,-64.71565675724996,0.14323232637084624,0.0003299780358297858,0.05223818878795662,23519,0.06812586660813466,0.0121,index_dividend_yield,0.065,11.82,65,23446.6,23494.95,23403.05,23431.5,mid_price,ok
2026-09-10T08:23:36.478383+00:00,2026-09-10T13:53:36.478383+05:30,NIFTY,29-Sep-2026,22800.0,CE,23435.45,762.15,65,765.8,65,776,763.9749999999999,207,5,247,-3.3804395193923926,10.62,0.8953288017244722,0.0003174825493103493,-5.605613956195838,9.673398531345631,-2.0987819027319943,0.0047971521978279474,141.48396407691254,-7.092813348555834e-07,0.0016544939419108323,-2.214931136468605e-06,-0.5746921939840739,28.88282308145662,-0.8884195538883456,0.0003354260277772912,0.05223818878795662,23519,0.06812586660813466,0.0121,index_dividend_yield,0.065,11.82,65,23446.6,23494.95,23403.05,23431.5,mid_price,ok
2026-09-10T08:23:36.478383+00:00,2026-09-10T13:53:36.478383+05:30,NIFTY,29-Sep-2026,22800.0,PE,23435.45,45.55,195,45.75,520,45.55,45.65,17449,1477,14563,-3.9029535864978904,12.93,-0.1494303709392378,0.00033573160294875096,-3.7057098865017415,12.454475817180253,-1.814328137297219,0.005007741898106904,100.92421125483585,-5.131907726061305e-07,0.00012421818482063465,1.2973100179022846e-06,-0.6049908507066739,-64.51799628182725,0.15597574208157142,0.00035470648141457166,0.05223818878795662,23519,0.06812586660813466,0.0121,index_dividend_yield,0.065,11.82,65,23446.6,23494.95,23403.05,23431.5,mid_price,ok
2026-09-10T08:23:36.478383+00:00,2026-09-10T13:53:36.478383+05:30,NIFTY,29-Sep-2026,22850.0,CE,23435.45,708.25,1170,730.3,260,0.0,719.275,5,0,0,0,0,,,,,,,,,,,,,,,0.05223818878795662,23519,0.06812586660813466,0.0121,index_dividend_yield,0.065,11.82,65,23446.6,23494.95,23403.05,23431.5,mid_price,no_nse_iv
2026-09-10T08:23:36.478383+00:00,2026-09-10T13:53:36.478383+05:30,NIFTY,29-Sep-2026,22850.0,PE,23435.45,51.3,65,51.6,195,51.9,51.45,1517,294,1432,0,12.82,-0.16532872075646493,0.00036188178139804174,-3.9023077353753615,13.31034920250306,-1.8280142025457329,0.004912172882248794,95.21309060627559,-5.227912577173799e-07,-0.00023398737381385005,2.53715215760438e-06,-0.6047117395153965,-63.45281094414775,0.17223697716857647,0.00038066320947344233,0.05223818878795662,23519,0.06812586660813466,0.0121,index_dividend_yield,0.065,11.82,65,23446.6,23494.95,23403.05,23431.5,mid_price,ok
2026-09-10T08:23:36.478383+00:00,2026-09-10T13:53:36.478383+05:30,NIFTY,29-Sep-2026,22900.0,CE,23435.45,674.8,65,678.25,325,675.4,676.525,84,9,28,-5.326604990187833,9.42,0.8868046506349913,0.00037879624465120694,-5.429466054740277,10.237437712917991,-2.4166105146731787,0.00471345351869179,156.97467333579772,-9.145007767786528e-07,0.0017877514153489442,-1.3147813338672699e-06,-0.5723347382217838,33.19468992126499,-0.8802000871330078,0.00039671744141616967,0.05223818878795662,23519,0.06812586660813466,0.0121,index_dividend_yield,0.065,11.82,65,23446.6,23494.95,23403.05,23431.5,mid_price,ok
2026-09-10T08:23:36.478383+00:00,2026-09-10T13:53:36.478383+05:30,NIFTY,29-Sep-2026,22900.0,PE,23435.45,56.95,195,57.2,585,57.1,57.075,11157,1317,15765,-2.4765157984628523,12.63,-0.1810753019849687,0.0003892360184115554,-4.044318423707081,14.104285057955908,-1.8388264162587513,0.0047635433876229705,89.71602112927623,-5.349512144880662e-07,-0.0006058110303650032,3.7979328186938614e-06,-0.6020763229512802,-62.90087448964828,0.1882552736944092,0.0004076511304208817,0.05223818878795662,23519,0.06812586660813466,0.0121,index_dividend_yield,0.065,11.82,65,23446.6,23494.95,23403.05,23431.5,mid_price,ok
2026-09-10T08:23:36.478383+00:00,2026-09-10T13:53:36.478383+05:30,NIFTY,29-Sep-2026,22950.0,CE,23435.45,619.6,260,636.65,65,622.65,628.125,10,5,14,-30.816666666666666,8.54,0.8889119891919551,0.00041221710773283653,-5.17902747521029,10.09993519789475,-2.6587459000516067,0.004584656309412405,174.2858432909191,-1.1029262035325272e-06,0.0022874337872414653,-1.3664374595327774e-06,-0.5630713125935092,36.35220395091188,-0.8827447001470745,0.00042984039464254864,0.05223818878795662,23519,0.06812586660813466,0.0121,index_dividend_yield,0.065,11.82,65,23446.6,23494.95,23403.05,23431.5,mid_price,ok
2026-09-10T08:23:36.478383+00:00,2026-09-10T13:53:36.478383+05:30,NIFTY,29-Sep-2026,22950.0,PE,23435.45,63.6,260,64,130,64.05,63.8,2102,232,962,-0.4662004662004662,12.42,-0.1978366195927444,0.0004179791032342275,-4.165708816857463,14.893983573927471,-1.8370805138560458,0.004558455371495684,83.53834617198075,-5.448297566338818e-07,-0.001020873814942374,5.149657456811514e-06,-0.5976454550340833,-62.44139202497246,0.20525673542353265,0.00043584872950732024,0.05223818878795662,23519,0.06812586660813466,0.0121,index_dividend_yield,0.065,11.82,65,23446.6,23494.95,23403.05,23431.5,mid_price,ok
2026-09-10T08:23:36.478383+00:00,2026-09-10T13:53:36.478383+05:30,NIFTY,29-Sep-2026,23000.0,CE,23435.45,589.7,65,591.45,130,591.7,590.575,10922,1148,5521,-4.7565392354124745,9.48,0.841777363157044,0.0004743227378735212,-5.969901490188211,12.900810215029486,-2.4957362228482105,0.004622490066069629,134.22396091929477,-9.416686890313467e-07,-6.786065365985573e-05,3.368284492394661e-06,-0.5849405667863934,36.46624433981571,-0.8341936274882689,0.000492453089440628,0.05223818878795662,23519,0.06812586660813466,0.0121,index_dividend_yield,0.065,11.82,65,23446.6,23494.95,23403.05,23431.5,mid_price,ok
2026-09-10T08:23:36.478383+00:00,2026-09-10T13:53:36.478383+05:30,NIFTY,29-Sep-2026,23000.0,PE,23435.45,71.6,390,71.8,325,72,71.69999999999999,93229.76923076923,1505.7692307692307,50473,-1.5721120984278878,12.37,-0.21895281939340064,0.0004455381634489486,-4.370491715440775,15.812091352895214,-1.782707937310765,0.00426370303772633,74.03223360881394,-5.336307639215085e-07,-0.0015156873014434617,6.702148407457796e-06,-0.5914757798596728,-60.88423846288353,0.2267624683071949,0.0004625682631993984,0.05223818878795662,23519,0.06812586660813466,0.0121,index_dividend_yield,0.065,11.82,65,23446.6,23494.95,23403.05,23431.5,mid_price,ok
2026-09-10T08:23:36.478383+00:00,2026-09-10T13:53:36.478383+05:30,NIFTY,29-Sep-2026,23050.0,CE,23435.45,545.65,650,554.4,195,572.05,550.025,5,0,2,-7.412802460144048,11.39,0.7747506711014156,0.0004909821079889186,-7.329499847400508,16.044422695107592,-1.9203469903910086,0.00409522553550834,77.78943325734211,-6.202120804351575e-07,-0.0019300988824888163,7.84885462250625e-06,-0.5850461599821077,34.32852078928697,-0.7647601985243828,0.000507540146799488,0.05223818878795662,23519,0.06812586660813466,0.0121,index_dividend_yield,0.065,11.82,65,23446.6,23494.95,23403.05,23431.5,mid_price,ok
2026-09-10T08:23:36.478383+00:00,2026-09-10T13:53:36.478383+05:30,NIFTY,29-Sep-2026,23050.0,PE,23435.45,79.6,130,80,455,79.6,79.8,1763,73,1235,-1.5460729746444033,12.17,-0.23886373012637424,0.00047552724516045374,-4.4709858744690925,16.603539809523227,-1.7363005801904752,0.003919554317237506,65.98630411473216,-5.3062947853589e-07,-0.002017493011324085,8.213186033700676e-06,-0.5841061807902079,-60.27518769284267,0.24688724657707517,0.0004915640791972402,0.05223818878795662,23519,0.06812586660813466,0.0121,index_dividend_yield,0.065,11.82,65,23446.6,23494.95,23403.05,23431.5,mid_price,ok
2026-09-10T08:23:36.478383+00:00,2026-09-10T13:53:36.478383+05:30,NIFTY,29-Sep-2026,23100.0,CE,23435.45,508.75,130,511.1,325,510,509.925,233,40,199,-7.583582495243273,9.87,0.7797103915359415,0.0005594218922509885,-6.665405864264999,15.841318120281635,-2.248390129797939,0.003946482087331282,93.08652674031137,-8.253357711290317e-07,-0.0023804706366907123,8.958691546909572e-06,-0.5771932887686191,39.18839597233702,-0.7708476787327062,0.000575787314391409,0.05223818878795662,23519,0.06812586660813466,0.0121,index_dividend_yield,0.065,11.82,65,23446.6,23494.95,23403.05,23431.5,mid_price,ok
2026-09-10T08:23:36.478383+00:00,2026-09-10T13:53:36.478383+05:30,NIFTY,29-Sep-2026,23100.0,PE,23435.45,89.6,130,89.95,65,89.75,89.775,12568,338,8455,-0.49889135254988914,12.11,-0.26268967377711583,0.0005025560687602667,-4.634039692301056,17.460769119281863,-1.6337205596187176,0.0034738111513910597,55.532500707093035,-5.057967422615903e-07,-0.0025516205299226354,9.791493862059742e-06,-0.5756820747270943,-58.747078401627576,0.2710408299912224,0.0005172579285344673,0.05223818878795662,23519,0.06812586660813466,0.0121,index_dividend_yield,0.065,11.82,65,23446.6,23494.95,23403.05,23431.5,mid_price,ok
2026-09-10T08:23:36.478383+00:00,2026-09-10T13:53:36.478383+05:30,NIFTY,29-Sep-2026,23150.0,CE,23435.45,468.9,650,472.95,65,480,470.92499999999995,70,34,81,-6.222526130702354,10.45,0.7386888993408891,0.000580097624424526,-7.196939983750647,17.392102339817377,-1.916809570758904,0.0033081308499890434,65.79090113276287,-6.757580389467522e-07,-0.0033568238142720483,1.1476086204716933e-05,-0.5682106316883484,39.483646613035454,-0.7288578509898165,0.000594491556157478,0.05223818878795662,23519,0.06812586660813466,0.0121,index_dividend_yield,0.065,11.82,65,23446.6,23494.95,23403.05,23431.5,mid_price,ok
2026-09-10T08:23:36.478383+00:00,2026-09-10T13:53:36.478383+05:30,NIFTY,29-Sep-2026,23150.0,PE,23435.45,100,195,100.45,195,99.55,100.225,3900,7,1609,-0.20050125313283207,12.05,-0.28787108936020195,0.0005283321287972292,-4.77295378847862,18.26538258919875,-1.5042884744038976,0.0029506082638844906,45.05052260925879,-4.729950696006065e-07,-0.0030814888111964822,1.131201399697055e-05,-0.5670388394839314,-57.21939766635437,0.29651371027410467,0.0005414416060197516,0.05223818878795662,23519,0.06812586660813466,0.0121,index_dividend_yield,0.065,11.82,65,23446.6,23494.95,23403.05,23431.5,mid_price,ok
2026-09-10T08:23:36.478383+00:00,2026-09-10T13:53:36.478383+05:30,NIFTY,29-Sep-2026,23200.0,CE,23435.45,432.25,325,434.05,65,429.75,433.15,1120,172,1160,-7.151344928162471,9.69,0.7225436287346901,0.0006447615322374569,-6.939687745709195,17.92493545746202,-1.967387247451935,0.002834318859182949,62.36725702508039,-7.454137220032214e-07,-0.004410681436099869,1.3729668567048596e-05,-0.5585564748482845,43.53333603019303,-0.7131105903354763,0.0006579149318761988,0.05223818878795662,23519,0.06812586660813466,0.0121,index_dividend_yield,0.065,11.82,65,23446.6,23494.95,23403.05,23431.5,mid_price,ok
2026-09-10T08:23:36.478383+00:00,2026-09-10T13:53:36.478383+05:30,NIFTY,29-Sep-2026,23200.0,PE,23435.45,112.35,65,112.75,650,112.45,112.55,20284,-113,11499,1.1241007194244603,11.89,-0.3129862019947725,0.0005560560082026949,-4.828049655109367,18.96859208017244,-1.3691637019614677,0.002371018085623622,35.705993490728005,-4.416336212596233e-07,-0.003630117788456849,1.2784506153962769e-05,-0.558917095917991,-56.26035202321627,0.32178224157945823,0.0005673997787778911,0.05223818878795662,23519,0.06812586660813466,0.0121,index_dividend_yield,0.065,11.82,65,23446.6,23494.95,23403.05,23431.5,mid_price,ok
2026-09-10T08:23:36.478383+00:00,2026-09-10T13:53:36.478383+05:30,NIFTY,29-Sep-2026,23250.0,CE,23435.45,395.85,65,398.3,65,396.75,397.07500000000005,174,58,139,-6.6360748323332155,9.75,0.6880867458630963,0.0006765060313152691,-7.11227280208743,18.923915205277627,-1.700978091079719,0.002074946528710986,44.79983553917499,-6.501328949981054e-07,-0.005337313958096452,1.583680058178899e-05,-0.5496910269337825,45.387850535838304,-0.6782940871922579,0.0006873411617900307,0.05223818878795662,23519,0.06812586660813466,0.0121,index_dividend_yield,0.065,11.82,65,23446.6,23494.95,23403.05,23431.5,mid_price,ok
2026-09-10T08:23:36.478383+00:00,2026-09-10T13:53:36.478383+05:30,NIFTY,29-Sep-2026,23250.0,PE,23435.45,125.45,260,125.95,65,125.65,125.7,2386,185,2046,0.9236947791164659,11.77,-0.3401362474132641,0.0005810598932596234,-4.875087570264914,19.62149380759514,-1.1970934197399197,0.0017108057539637065,26.387533552574283,-3.97248710521637e-07,-0.004155581642174409,1.4138220439687682e-05,-0.5518810455651035,-55.04045740064833,0.34907833261935556,0.00059036632877636,0.05223818878795662,23519,0.06812586660813466,0.0121,index_dividend_yield,0.065,11.82,65,23446.6,23494.95,23403.05,23431.5,mid_price,ok
2026-09-10T08:23:36.478383+00:00,2026-09-10T13:53:36.478383+05:30,NIFTY,29-Sep-2026,23300.0,CE,23435.45,360.95,130,362.1,65,358.25,361.525,2130,657,3842,-9.234861920445908,9.62,0.6551201807342666,0.0007141614547316556,-7.140658420712773,19.710887684866385,-1.4473104353676658,0.0012477772005140553,31.035909536752726,-5.705932886347445e-07,-0.006299735545833743,1.7806162730693272e-05,-0.5425555679918723,48.02682476267136,-0.6452085823504768,0.0007224888657820882,0.05223818878795662,23519,0.06812586660813466,0.0121,index_dividend_yield,0.065,11.82,65,23446.6,23494.95,23403.05,23431.5,mid_price,ok
2026-09-10T08:23:36.478383+00:00,2026-09-10T13:53:36.478383+05:30,NIFTY,29-Sep-2026,23300.0,PE,23435.45,140.55,65,141,390,141.15,140.775,33591,1053,14958,1.3280689160086145,11.73,-0.3694515144957987,0.0006003937061425308,-4.9314684684756065,20.205464921799216,-0.9837404229688929,0.0009750874135405208,17.531278801248718,-3.374818994414368e-07,-0.004597793268392607,1.5247785955605526e-05,-0.5468183889737794,-53.37509175401536,0.37856128357575797,0.0006073945392874957,0.05223818878795662,23519,0.06812586660813466,0.0121,index_dividend_yield,0.065,11.82,65,23446.6,23494.95,23403.05,23431.5,mid_price,ok
2026-09-10T08:23:36.478383+00:00,2026-09-10T13:53:36.478383+05:30,NIFTY,29-Sep-2026,23350.0,CE,23435.45,327.3,65,329.35,65,328.15,328.32500000000005,392,160,739,-7.913568121229129,9.86,0.6159889092382209,0.0007225500381635103,-7.325015096607769,20.43993677398877,-1.0584024472836129,0.0003032022756469521,16.781335006282205,-4.2486626925786757e-07,-0.006735478482660349,1.882111905571768e-05,-0.5398516238478059,49.23100017975975,-0.6056851336201007,0.000727848100167485,0.05223818878795662,23519,0.06812586660813466,0.0121,index_dividend_yield,0.065,11.82,65,23446.6,23494.95,23403.05,23431.5,mid_price,ok
2026-09-10T08:23:36.478383+00:00,2026-09-10T13:53:36.478383+05:30,NIFTY,29-Sep-2026,23350.0,PE,23435.45,156.55,130,157.2,130,155.9,156.875,3824,172,2736,0.8082767539605561,11.63,-0.3992350171977586,0.0006195902406496974,-4.916996281079897,20.673737042002763,-0.7570339478167321,0.00019141964238755804,10.327547693405492,-2.7454323470670293e-07,-0.00501833856438803,1.6191492466190475e-05,-0.544285284285202,-52.02539369368566,0.4083979609917428,0.0006241333550897201,0.05223818878795662,23519,0.06812586660813466,0.0121,index_dividend_yield,0.065,11.82,65,23446.6,23494.95,23403.05,23431.5,mid_price,ok
2026-09-10T08:23:36.478383+00:00,2026-09-10T13:53:36.478383+05:30,NIFTY,29-Sep-2026,23400.0,CE,23435.45,297.2,325,298.15,325,297.85,297.67499999999995,15752,11251,29305,-8.774885145482388,9.84,0.579451630205288,0.0007412466528976191,-7.3210008715777,20.926304890445405,-0.7105231704944148,-0.0006650529855323217,7.666676477544598,-3.066286951557428e-07,-0.007262135489779185,1.9732496686468274e-05,-0.540729397935646,51.54705043599681,-0.5690712267167654,0.0007434942681333524,0.05223818878795662,23519,0.06812586660813466,0.0121,index_dividend_yield,0.065,11.82,65,23446.6,23494.95,23403.05,23431.5,mid_price,ok
2026-09-10T08:23:36.478383+00:00,2026-09-10T13:53:36.478383+05:30,NIFTY,29-Sep-2026,23400.0,PE,23435.45,174.5,260,174.95,130,175,174.725,27245,8459,39679,2.100350058343057,11.56,-0.4302299193536106,0.0006340929245874046,-4.8783467292885785,21.03029894108248,-0.5050021632797552,-0.0006370760328902603,4.736609711429196,-2.022985625154777e-07,-0.005342801279892078,1.6832402130479893e-05,-0.5449948136032958,-50.5213388642022,0.4394104063524449,0.000636015627256755,0.05223818878795662,23519,0.06812586660813466,0.0121,index_dividend_yield,0.065,11.82,65,23446.6,23494.95,23403.05,23431.5,mid_price,ok
2026-09-10T08:23:36.478383+00:00,2026-09-10T13:53:36.478383+05:30,NIFTY,29-Sep-2026,23450.0,CE,23435.45,266.2,195,267.1,65,267.1,266.65,1576,724,6214,-8.839590443686006,9.82,0.5421403173789262,0.0007536763998344057,-7.267499883397501,21.23396557177724,-0.340140203353545,-0.001666355987216206,1.9439942941712474,-1.7975981712632e-07,-0.007606690379017146,2.0139119308230143e-05,-0.5465477223689064,53.95077707662221,-0.5317613756982026,0.0007527414241765626,0.05223818878795662,23519,0.06812586660813466,0.0121,index_dividend_yield,0.065,11.82,65,23446.6,23494.95,23403.05,23431.5,mid_price,ok
2026-09-10T08:23:36.478383+00:00,2026-09-10T13:53:36.478383+05:30,NIFTY,29-Sep-2026,23450.0,PE,23435.45,194.1,325,194.75,65,194.4,194.425,4506,2056,8209,1.0920436817472698,11.52,-0.4620456586864008,0.0006432424025059481,-4.813691282435922,21.25993093157677,-0.2350538762608545,-0.0014903060627769469,1.1904334503007874,-1.232876656878971e-07,-0.005548097400445261,1.712260475043566e-05,-0.5493831483941953,-48.88840794322234,0.47120413647257237,0.0006424444260951602,0.05223818878795662,23519,0.06812586660813466,0.0121,index_dividend_yield,0.065,11.82,65,23446.6,23494.95,23403.05,23431.5,mid_price,ok
2026-09-10T08:23:36.478383+00:00,2026-09-10T13:53:36.478383+05:30,NIFTY,29-Sep-2026,23500.0,CE,23435.45,238.2,260,239,130,239.05,238.6,34840,8473,49984,-10.73562359970127,9.77,0.5043640826760132,0.0007618048220685737,-7.146781841676585,21.353692570027803,0.04321702861098675,-0.00268217241989388,-0.027173586563122853,-4.757418740445817e-08,-0.007799174600018048,2.007119313178463e-05,-0.5576133091388762,56.61343531016812,-0.4940942507341739,0.0007576255059157876,0.05223818878795662,23519,0.06812586660813466,0.0121,index_dividend_yield,0.065,11.82,65,23446.6,23494.95,23403.05,23431.5,mid_price,ok
2026-09-10T08:23:36.478383+00:00,2026-09-10T13:53:36.478383+05:30,NIFTY,29-Sep-2026,23500.0,PE,23435.45,216.6,585,217.3,390,216.8,216.95,72415,2036,56706,3.164406376397811,11.53,-0.49423713015622334,0.0006455031454961058,-4.733741758009083,21.353170854484173,0.04387628585600378,-0.0023420949629499588,-0.03210909114415017,-4.0592430393180586e-08,-0.00559985798156352,1.700723219895861e-05,-0.5575938160642409,-47.071330174072024,0.5033504631397544,0.0006419618687221932,0.05223818878795662,23519,0.06812586660813466,0.0121,index_dividend_yield,0.065,11.82,65,23446.6,23494.95,23403.05,23431.5,mid_price,ok
2026-09-10T08:23:36.478383+00:00,2026-09-10T13:53:36.478383+05:30,NIFTY,29-Sep-2026,23550.0,CE,23435.45,211.65,65,212.35,130,213.05,212.0,2872,1418,5090,-10.689582896667366,9.77,0.4664548792454357,0.0007592096438262041,-7.003615851609301,21.28094869030083,0.4301723198880669,-0.0036662956668384035,1.9228660702612643,8.725808793706274e-08,-0.007703022156029741,1.9354786406944086e-05,-0.5738596670686924,59.08164849314184,-0.4563293008016008,0.000751841834513584,0.05223818878795662,23519,0.06812586660813466,0.0121,index_dividend_yield,0.065,11.82,65,23446.6,23494.95,23403.05,23431.5,mid_price,ok
2026-09-10T08:23:36.478383+00:00,2026-09-10T13:53:36.478383+05:30,NIFTY,29-Sep-2026,23550.0,PE,23435.45,239.05,130,239.95,130,238.95,239.5,3347,611,3639,3.1067961165048543,11.43,-0.5266967619341312,0.000649716085466901,-4.549151085555894,21.306129102004252,0.3269051193449668,-0.0032049473506360333,1.1873911177779917,4.392942880920205e-08,-0.005648524575914849,1.6713019034363726e-05,-0.5696398053261653,-45.73240558646044,0.5355957532389877,0.0006434108649471286,0.05223818878795662,23519,0.06812586660813466,0.0121,index_dividend_yield,0.065,11.82,65,23446.6,23494.95,23403.05,23431.5,mid_price,ok
2026-09-10T08:23:36.478383+00:00,2026-09-10T13:53:36.478383+05:30,NIFTY,29-Sep-2026,23600.0,CE,23435.45,187.3,390,188,910,187.95,187.65,14979,2063,22063,-12.682926829268293,9.7,0.42835637864969495,0.0007550418759869603,-6.771019910476097,21.012487986607542,0.8171805284283851,-0.004630177066753061,7.87395713296668,2.2424682676098468e-07,-0.007501754444076149,1.8223562554835985e-05,-0.5951159872029166,62.09287264335606,-0.4185191423658889,0.0007445495874985781,0.05223818878795662,23519,0.06812586660813466,0.0121,index_dividend_yield,0.065,11.82,65,23446.6,23494.95,23403.05,23431.5,mid_price,ok
2026-09-10T08:23:36.478383+00:00,2026-09-10T13:53:36.478383+05:30,NIFTY,29-Sep-2026,23600.0,PE,23435.45,265.8,65,266.6,65,265.8,266.20000000000005,27742,-104,16448,4.7281323877068555,11.51,-0.5583860688199784,0.0006396627374906231,-4.425808554530317,21.12326662078392,0.596481382213021,-0.00399262009804946,4.721666847647299,1.2426042709168887e-07,-0.005414861343075884,1.5848845940459448e-05,-0.5847277718327888,-43.74037143550805,0.5671696554683495,0.0006307737921347819,0.05223818878795662,23519,0.06812586660813466,0.0121,index_dividend_yield,0.065,11.82,65,23446.6,23494.95,23403.05,23431.5,mid_price,ok
2026-09-10T08:23:36.478383+00:00,2026-09-10T13:53:36.478383+05:30,NIFTY,29-Sep-2026,23650.0,CE,23435.45,164.9,130,165.5,65,166.2,165.2,3415,100,3325,-12.480252764612954,9.62,0.3903338575315486,0.0007444483016411824,-6.484171306915911,20.546805996905135,1.1955406573923577,-0.005532986695293175,17.79183081360891,3.611149770292699e-07,-0.007094582145771499,1.6561919680124163e-05,-0.6206928768907893,65.32829233196827,-0.38087204027174415,0.0007310024753089826,0.05223818878795662,23519,0.06812586660813466,0.0121,index_dividend_yield,0.065,11.82,65,23446.6,23494.95,23403.05,23431.5,mid_price,ok
2026-09-10T08:23:36.478383+00:00,2026-09-10T13:53:36.478383+05:30,NIFTY,29-Sep-2026,23650.0,PE,23435.45,291.15,65,292.65,195,290.5,291.9,3857,-12,999,3.694449402106015,11.48,-0.5901491933209666,0.000631611388188533,-4.199821441087176,20.803027577235248,0.8631833375978837,-0.00476473702893998,10.583494903739776,2.0492396814529355e-07,-0.005180867554824069,1.4822877170625035e-05,-0.6030570264964545,-42.20536219141781,0.5986513806909963,0.000620203561726574,0.05223818878795662,23519,0.06812586660813466,0.0121,index_dividend_yield,0.065,11.82,65,23446.6,23494.95,23403.05,23431.5,mid_price,ok
2026-09-10T08:23:36.478383+00:00,2026-09-10T13:53:36.478383+05:30,NIFTY,29-Sep-2026,23700.0,CE,23435.45,144.5,585,144.95,195,144.9,144.725,17828,1183,16565,-14.412285883047844,9.71,0.3553961202489606,0.0007157990805756475,-6.262630015320405,19.940914480028443,1.5045432123891866,-0.006251978812213732,29.836001853420058,4.6808390093550703e-07,-0.0063012850600994465,1.4339844272724256e-05,-0.6464944259105536,67.34238822407748,-0.3462104885663442,0.0006999081303372244,0.05223818878795662,23519,0.06812586660813466,0.0121,index_dividend_yield,0.065,11.82,65,23446.6,23494.95,23403.05,23431.5,mid_price,ok
2026-09-10T08:23:36.478383+00:00,2026-09-10T13:53:36.478383+05:30,NIFTY,29-Sep-2026,23700.0,PE,23435.45,322.2,195,323.2,195,322.35,322.7,21619,-411,6148,4.421768707482993,11.55,-0.620317282531747,0.0006147157251717508,-3.99866428560696,20.369999207275054,1.0989587222038355,-0.005438470953988972,18.092860196633254,2.7475212012841825e-07,-0.004776515338012562,1.345300439705322e-05,-0.6227267683669879,-40.401876585150625,0.628575313996551,0.0006010688551707097,0.05223818878795662,23519,0.06812586660813466,0.0121,index_dividend_yield,0.065,11.82,65,23446.6,23494.95,23403.05,23431.5,mid_price,ok
2026-09-10T08:23:36.478383+00:00,2026-09-10T13:53:36.478383+05:30,NIFTY,29-Sep-2026,23750.0,CE,23435.45,125.9,195,126.35,65,126.6,126.125,3987,-528,5043,-15.261044176706827,9.67,0.31998791325476983,0.0006901610543978522,-5.923314227816527,19.14748012671011,1.8088330566558841,-0.006921954247656181,45.26700314847254,5.796261568283893e-07,-0.005505857067353715,1.1870534115658582e-05,-0.6749781153257679,70.43652602687871,-0.3112671676047619,0.000672000838332844,0.05223818878795662,23519,0.06812586660813466,0.0121,index_dividend_yield,0.065,11.82,65,23446.6,23494.95,23403.05,23431.5,mid_price,ok
2026-09-10T08:23:36.478383+00:00,2026-09-10T13:53:36.478383+05:30,NIFTY,29-Sep-2026,23750.0,PE,23435.45,351.05,65,353.8,65,351.9,352.425,3582,-143,648,4.6076099881093935,11.39,-0.6524225132697917,0.0006049350147142065,-3.6192372018261665,19.768201165010524,1.3577990098906922,-0.006133432902894476,28.583299733581313,3.579094261263583e-07,-0.004436663087028668,1.1949724501281156e-05,-0.6464185046230426,-39.32299466919746,0.6601533265497691,0.0005890173524490072,0.05223818878795662,23519,0.06812586660813466,0.0121,index_dividend_yield,0.065,11.82,65,23446.6,23494.95,23403.05,23431.5,mid_price,ok
2026-09-10T08:23:36.478383+00:00,2026-09-10T13:53:36.478383+05:30,NIFTY,29-Sep-2026,23800.0,CE,23435.45,109.6,325,109.9,390,109.6,109.75,42425,2608,26718,-15.72472126105344,9.7,0.2873828233581523,0.000655804042974679,-5.60205972698512,18.25074212812547,2.046930301742883,-0.007426188162179881,61.460845355117755,6.645759694391478e-07,-0.004552563380274622,9.197749355759695e-06,-0.7012522106303436,72.98751282202142,-0.2791038013433085,0.000635867707395899,0.05223818878795662,23519,0.06812586660813466,0.0121,index_dividend_yield,0.065,11.82,65,23446.6,23494.95,23403.05,23431.5,mid_price,ok
2026-09-10T08:23:36.478383+00:00,2026-09-10T13:53:36.478383+05:30,NIFTY,29-Sep-2026,23800.0,PE,23435.45,386.1,65,387.7,65,383.25,386.9,32954,-874,7720,3.3854869166441866,11.63,-0.6780508213306695,0.0005748414316019016,-3.4705762755718124,19.18061295691897,1.5089101667281057,-0.006578431739606704,37.45978641540759,3.9686361862912135e-07,-0.0038202470626584454,1.0217969300990032e-05,-0.6651170240174089,-37.20074277845953,0.685612587571615,0.0005573663461586661,0.05223818878795662,23519,0.06812586660813466,0.0121,index_dividend_yield,0.065,11.82,65,23446.6,23494.95,23403.05,23431.5,mid_price,ok
2026-09-10T08:23:36.478383+00:00,2026-09-10T13:53:36.478383+05:30,NIFTY,29-Sep-2026,23850.0,CE,23435.45,95.55,65,95.9,195,95.4,95.725,3490,423,3901,-15.2,9.78,0.2578015118779012,0.0006162942110941833,-5.296257974333078,17.292653841392266,2.2183957939380936,-0.007775585280823005,77.19943248178396,7.225093380073966e-07,-0.0035502626706862593,6.527360439999232e-06,-0.7237693075087499,75.07043057499452,-0.24994608355059614,0.0005950561059013395,0.05223818878795662,23519,0.06812586660813466,0.0121,index_dividend_yield,0.065,11.82,65,23446.6,23494.95,23403.05,23431.5,mid_price,ok
2026-09-10T08:23:36.478383+00:00,2026-09-10T13:53:36.478383+05:30,NIFTY,29-Sep-2026,23850.0,PE,23435.45,421.05,65,423.75,65,419.5,422.4,1935,-179,538,5.58771709035993,11.96,-0.7003539700439745,0.0005417501701989897,-3.3680624822430087,18.589381526113215,1.6077506892778204,-0.00690736342168774,45.359900960757926,4.161540882111094e-07,-0.0032078595381672837,8.565715681041431e-06,-0.6810934787299026,-35.053504042767976,0.707813026524202,0.0005230809260363688,0.05223818878795662,23519,0.06812586660813466,0.0121,index_dividend_yield,0.065,11.82,65,23446.6,23494.95,23403.05,23431.5,mid_price,ok
2026-09-10T08:23:36.478383+00:00,2026-09-10T13:53:36.478383+05:30,NIFTY,29-Sep-2026,23900.0,CE,23435.45,82.7,2795,82.75,65,82.7,82.725,28426,-21,20291,-15.955284552845528,9.78,0.2284984263565283,0.0005773630657357144,-4.918669864230728,16.20028138646092,2.367984828831951,-0.008027826567400476,94.28907795609476,7.786536104894175e-07,-0.0025429708981222245,3.7549177253381246e-06,-0.7442185979657499,77.93519659247745,-0.22118213317592456,0.0005551365098925007,0.05223818878795662,23519,0.06812586660813466,0.0121,index_dividend_yield,0.065,11.82,65,23446.6,23494.95,23403.05,23431.5,mid_price,ok
2026-09-10T08:23:36.478383+00:00,2026-09-10T13:53:36.478383+05:30,NIFTY,29-Sep-2026,23900.0,PE,23435.45,458.95,130,460.8,260,457.05,459.875,16536,-449,1614,3.032010820559062,11.86,,,,,,,,,,,,,,,0.05223818878795662,,,,,,11.82,65,23446.6,23494.95,23403.05,23431.5,mid_price,no_price_available
2026-09-10T08:23:36.478383+00:00,2026-09-10T13:53:36.478383+05:30,NIFTY,29-Sep-2026,23950.0,CE,23435.45,71.55,195,71.85,260,71.7,71.69999999999999,4008,138,3375,-15.894428152492669,9.89,0.20391577652496573,0.0005345213226333918,-4.6154438688540145,15.166872321881554,2.4332881329413443,-0.008120637721603152,107.82947860525915,7.966901793408715e-07,-0.0016041817350610755,1.3388646497603527e-06,-0.7573488845973291,79.66113670068387,-0.19702998562659127,0.0005118003671548688,0.05223818878795662,23519,0.06812586660813466,0.0121,index_dividend_yield,0.065,11.82,65,23446.6,23494.95,23403.05,23431.5,mid_price,ok
2026-09-10T08:23:36.478383+00:00,2026-09-10T13:53:36.478383+05:30,NIFTY,29-Sep-2026,23950.0,PE,23435.45,495.55,65,498.85,65,497.75,497.20000000000005,2264,-65,545,5.5785343090465584,11.91,,,,,,,,,,,,,,,0.05223818878795662,,,,,,11.82,65,23446.6,23494.95,23403.05,23431.5,mid_price,no_price_available
2026-09-10T08:23:36.478383+00:00,2026-09-10T13:53:36.478383+05:30,NIFTY,29-Sep-2026,24000.0,CE,23435.45,61.35,130,61.5,585,61.35,61.425,126788,3206,57952,-17.761394101876675,9.88,0.17854921412021413,0.0004932052724037691,-4.219574827508271,13.98039235820805,2.4913678440717373,-0.008125024787445728,122.84271078603214,8.220505044530651e-07,-0.0006578612351410278,-1.197636110431455e-06,-0.7670213903482779,82.66105880613878,-0.17224000965851352,0.0004702749234530223,0.05223818878795662,23519,0.06812586660813466,0.0121,index_dividend_yield,0.065,11.82,65,23446.6,23494.95,23403.05,23431.5,mid_price,ok
2026-09-10T08:23:36.478383+00:00,2026-09-10T13:53:36.478383+05:30,NIFTY,29-Sep-2026,24000.0,PE,23435.45,538,65,538.8,390,537.2,538.4,100813.76923076923,-833,9821,4.422198464379434,12.1,,,,,,,,,,,,,,,0.05223818878795662,,,,,,11.82,65,23446.6,23494.95,23403.05,23431.5,mid_price,no_price_available
2026-09-10T08:23:36.478383+00:00,2026-09-10T13:53:36.478383+05:30,NIFTY,29-Sep-2026,24050.0,CE,23435.45,52.95,260,53.15,130,52.9,53.05,3905,-85,3417,-18.615384615384617,9.92,0.15651689788208206,0.00045125063787611146,-3.864852228762147,12.8429326719404,2.492297636934704,-0.008011583099024444,134.6345988327613,8.235553574704463e-07,0.00018212764543642243,-3.372690281305986e-06,-0.7693785597929635,85.1212902617212,-0.15072565348251774,0.00042848365670363305,0.05223818878795662,23519,0.06812586660813466,0.0121,index_dividend_yield,0.065,11.82,65,23446.6,23494.95,23403.05,23431.5,mid_price,ok
2026-09-10T08:23:36.478383+00:00,2026-09-10T13:53:36.478383+05:30,NIFTY,29-Sep-2026,24050.0,PE,23435.45,577.2,65,581.4,65,585.35,579.3,1675,-63,121,7.838983050847458,12.66,,,,,,,,,,,,,,,0.05223818878795662,,,,,,11.82,65,23446.6,23494.95,23403.05,23431.5,mid_price,no_price_available
2026-09-10T08:23:36.478383+00:00,2026-09-10T13:53:36.478383+05:30,NIFTY,29-Sep-2026,24100.0,CE,23435.45,45.7,845,45.9,390,45.8,45.8,29840,1432,17810,-18.287243532560215,10.03,0.13826530044561747,0.0004107131393006486,-3.5715641908687945,11.818823162524943,2.4433485053225734,-0.007817440535412029,142.3664878174451,8.020356768666887e-07,0.0008530228945018462,-5.059401741039544e-06,-0.7652516752842047,86.71928003023449,-0.1329022419970912,0.000388374856563386,0.05223818878795662,23519,0.06812586660813466,0.0121,index_dividend_yield,0.065,11.82,65,23446.6,23494.95,23403.05,23431.5,mid_price,ok
2026-09-10T08:23:36.478383+00:00,2026-09-10T13:53:36.478383+05:30,NIFTY,29-Sep-2026,24100.0,PE,23435.45,620.35,65,622.45,65,620.9,621.4000000000001,15742,-266,1993,4.195334787716059,12.65,,,,,,,,,,,,,,,0.05223818878795662,,,,,,11.82,65,23446.6,23494.95,23403.05,23431.5,mid_price,no_price_available
2026-09-10T08:23:36.478383+00:00,2026-09-10T13:53:36.478383+05:30,NIFTY,29-Sep-2026,24150.0,CE,23435.45,39.5,780,39.8,195,40,39.65,4044,31,2926,-20.23928215353938,10.15,0.12214355306003823,0.0003724878640204763,-3.296221377719454,10.847080786725613,2.3685063369442774,-0.007565625043311638,147.67313467053444,7.712543029978285e-07,0.0014017865459835049,-6.432153783474244e-06,-0.7559940774360303,88.12995044618863,-0.11718462977182217,0.0003507716225714265,0.05223818878795662,23519,0.06812586660813466,0.0121,index_dividend_yield,0.065,11.82,65,23446.6,23494.95,23403.05,23431.5,mid_price,ok
2026-09-10T08:23:36.478383+00:00,2026-09-10T13:53:36.478383+05:30,NIFTY,29-Sep-2026,24150.0,PE,23435.45,664,65,668.55,65,649,666.275,2539,-36,132,4.064779924637216,11.63,,,,,,,,,,,,,,,0.05223818878795662,,,,,,11.82,65,23446.6,23494.95,23403.05,23431.5,mid_price,no_price_available
2026-09-10T08:23:36.478383+00:00,2026-09-10T13:53:36.478383+05:30,NIFTY,29-Sep-2026,24200.0,CE,23435.45,34.5,650,34.65,455,34.8,34.575,52773,145,22432,-18.309859154929576,10.25,0.10729815346914896,0.00033635982410082604,-3.018189343434419,9.89151210738905,2.2773540000256554,-0.007260315917802642,151.34560075094595,7.370294697121588e-07,0.0018654601706825208,-7.589132141542131e-06,-0.7417429564825078,89.72483468560885,-0.10275020836416675,0.00031544233508410085,0.05223818878795662,23519,0.06812586660813466,0.0121,index_dividend_yield,0.065,11.82,65,23446.6,23494.95,23403.05,23431.5,mid_price,ok
2026-09-10T08:23:36.478383+00:00,2026-09-10T13:53:36.478383+05:30,NIFTY,29-Sep-2026,24200.0,PE,23435.45,708.05,195,711.15,65,708.7,709.5999999999999,30326,-704,1923,3.930195043261475,13.1,,,,,,,,,,,,,,,0.05223818878795662,,,,,,11.82,65,23446.6,23494.95,23403.05,23431.5,mid_price,no_price_available
2026-09-10T08:23:36.478383+00:00,2026-09-10T13:53:36.478383+05:30,NIFTY,29-Sep-2026,24250.0,CE,23435.45,30.25,390,30.45,260,30.45,30.35,5447,-68,2423,-18.25503355704698,10.4,0.09516370548396696,0.0003037468742863586,-2.79058113862517,9.063164478322367,2.1686850752683924,-0.006942998829132838,152.09153639288252,6.938117707788295e-07,0.0021771165029925454,-8.356256988947754e-06,-0.7244559443115453,90.62267935954985,-0.09095234973303809,0.0002836840548291183,0.05223818878795662,23519,0.06812586660813466,0.0121,index_dividend_yield,0.065,11.82,65,23446.6,23494.95,23403.05,23431.5,mid_price,ok
2026-09-10T08:23:36.478383+00:00,2026-09-10T13:53:36.478383+05:30,NIFTY,29-Sep-2026,24250.0,PE,23435.45,753.65,65,759.1,65,748.75,756.375,2668,-49,207,4.210160055671538,12.85,,,,,,,,,,,,,,,0.05223818878795662,,,,,,11.82,65,23446.6,23494.95,23403.05,23431.5,mid_price,no_price_available
2026-09-10T08:23:36.478383+00:00,2026-09-10T13:53:36.478383+05:30,NIFTY,29-Sep-2026,24300.0,CE,23435.45,26.55,715,26.75,260,26.7,26.65,72612,104,18030,-17.846153846153847,10.56,0.08460595145771299,0.0002741076189201539,-2.5832084033054272,8.304619333881037,2.053223876333415,-0.006613793671609607,151.15736670621428,6.486457995582986e-07,0.002393937224864478,-8.88601103714602e-06,-0.7045642079140403,91.32034275267719,-0.08070231287006913,0.0002549500809055109,0.05223818878795662,23519,0.06812586660813466,0.0121,index_dividend_yield,0.065,11.82,65,23446.6,23494.95,23403.05,23431.5,mid_price,ok
2026-09-10T08:23:36.478383+00:00,2026-09-10T13:53:36.478383+05:30,NIFTY,29-Sep-2026,24300.0,PE,23435.45,799.7,65,802.5,325,800.6,801.1,51094,-272,948,5.487845049080967,13.84,,,,,,,,,,,,,,,0.05223818878795662,,,,,,11.82,65,23446.6,23494.95,23403.05,23431.5,mid_price,no_price_available
2026-09-10T08:23:36.478383+00:00,2026-09-10T13:53:36.478383+05:30,NIFTY,29-Sep-2026,24350.0,CE,23435.45,23.5,195,23.7,260,23.7,23.6,6984,-396,2365,-17.132867132867133,10.69,0.0746723521085762,0.00024635749481829636,-2.368344609791434,7.555760601645471,1.93430273952077,-0.006256363703028289,149.35583120940655,6.05260095993003e-07,0.0025656380399833416,-9.293690179936295e-06,-0.6811161216645933,92.33349126697767,-0.07108941900487742,0.0002281993706194979,0.05223818878795662,23519,0.06812586660813466,0.0121,index_dividend_yield,0.065,11.82,65,23446.6,23494.95,23403.05,23431.5,mid_price,ok
2026-09-10T08:23:36.478383+00:00,2026-09-10T13:53:36.478383+05:30,NIFTY,29-Sep-2026,24350.0,PE,23435.45,846.6,65,852.4,65,849.05,849.5,5078,-98,150,4.402090378112511,14.08,,,,,,,,,,,,,,,0.05223818878795662,,,,,,11.82,65,23446.6,23494.95,23403.05,23431.5,mid_price,no_price_available
2026-09-10T08:23:36.478383+00:00,2026-09-10T13:53:36.478383+05:30,NIFTY,29-Sep-2026,24400.0,CE,23435.45,20.85,455,21,390,20.9,20.925,43328,-639,9634,-16.733067729083665,10.89,0.06715379707279469,0.00022289973107364315,-2.2138470180230563,6.964214340219039,1.816904249435626,-0.005943030256338495,145.69031156954094,5.591639305493774e-07,0.002616561748411259,-9.410422523954416e-06,-0.6590816182679271,92.38244643721907,-0.06380098246510472,0.00020562527024517663,0.05223818878795662,23519,0.06812586660813466,0.0121,index_dividend_yield,0.065,11.82,65,23446.6,23494.95,23403.05,23431.5,mid_price,ok
2026-09-10T08:23:36.478383+00:00,2026-09-10T13:53:36.478383+05:30,NIFTY,29-Sep-2026,24400.0,PE,23435.45,893.6,65,897.1,65,893.55,895.35,30947,-106,416,5.0123398754260196,14.95,,,,,,,,,,,,,,,0.05223818878795662,,,,,,11.82,65,23446.6,23494.95,23403.05,23431.5,mid_price,no_price_available
2026-09-10T08:23:36.478383+00:00,2026-09-10T13:53:36.478383+05:30,NIFTY,29-Sep-2026,24450.0,CE,23435.45,18.6,715,18.75,65,18.8,18.675,3829,105,1776,-16.071428571428573,11.07,0.060154214528241545,0.00020127684498077766,-2.0573270600034523,6.392579561895143,1.7016307294651714,-0.005620865562011704,141.56492073755,5.161564546286672e-07,0.0026394110907376495,-9.448240505420899e-06,-0.6351742601950354,92.62774203789846,-0.057035650741723426,0.00018491948853546569,0.05223818878795662,23519,0.06812586660813466,0.0121,index_dividend_yield,0.065,11.82,65,23446.6,23494.95,23403.05,23431.5,mid_price,ok
2026-09-10T08:23:36.478383+00:00,2026-09-10T13:53:36.478383+05:30,NIFTY,29-Sep-2026,24450.0,PE,23435.45,938.65,65,946.55,65,942,942.5999999999999,1363,-7,44,3.87032748924909,14.67,,,,,,,,,,,,,,,0.05223818878795662,,,,,,11.82,65,23446.6,23494.95,23403.05,23431.5,mid_price,no_price_available
2026-09-10T08:23:36.478383+00:00,2026-09-10T13:53:36.478383+05:30,NIFTY,29-Sep-2026,24500.0,CE,23435.45,17.1,65,17.15,650,17.1,17.125,93165,-1443,24446,-15.136476426799007,11.28,0.054431700081104414,0.00018258620555316226,-1.930294796954162,5.90896976551353,1.592832563836407,-0.005329389430753215,136.76601489402128,4.748753973605306e-07,0.0026076451603270416,-9.354461523475218e-06,-0.6124801243166225,92.43929700151436,-0.05150333551344029,0.00016706381281035492,0.05223818878795662,23519,0.06812586660813466,0.0121,index_dividend_yield,0.065,11.82,65,23446.6,23494.95,23403.05,23431.5,mid_price,ok
2026-09-10T08:23:36.478383+00:00,2026-09-10T13:53:36.478383+05:30,NIFTY,29-Sep-2026,24500.0,PE,23435.45,988.65,65,992.5,65,990,990.575,50147,140,2227,3.7463976945244957,15.41,,,,,,,,,,,,,,,0.05223818878795662,,,,,,11.82,65,23446.6,23494.95,23403.05,23431.5,mid_price,no_price_available
2026-09-10T08:23:36.478383+00:00,2026-09-10T13:53:36.478383+05:30,NIFTY,29-Sep-2026,24550.0,CE,23435.45,15.15,455,15.25,325,15.25,15.2,3650,-2482,6333,-13.352272727272727,11.45,0.04875626297955056,0.0001647962306682656,-1.7888886925961138,5.413616230129925,1.4853925603095126,-0.005017509244457444,131.81423329450982,4.370019979192175e-07,0.002573525674534681,-9.235079191565051e-06,-0.587155137542779,92.70298737933146,-0.04604070505381187,0.00015017266063937525,0.05223818878795662,23519,0.06812586660813466,0.0121,index_dividend_yield,0.065,11.82,65,23446.6,23494.95,23403.05,23431.5,mid_price,ok
2026-09-10T08:23:36.478383+00:00,2026-09-10T13:53:36.478383+05:30,NIFTY,29-Sep-2026,24550.0,PE,23435.45,1027.4,390,1052.6,130,1041,1040.0,840,-1,12,1.923924217946835,15.72,,,,,,,,,,,,,,,0.05223818878795662,,,,,,11.82,65,23446.6,23494.95,23403.05,23431.5,mid_price,no_price_available
2026-09-10T08:23:36.478383+00:00,2026-09-10T13:53:36.478383+05:30,NIFTY,29-Sep-2026,24600.0,CE,23435.45,13.6,1105,13.7,260,13.7,13.649999999999999,26276,2115,11904,-14.641744548286605,11.63,0.043862643214092785,0.0001490354058659368,-1.6636137176241308,4.972832992962731,1.3839646700160335,-0.0047248799833916055,126.55595844719159,4.01448584313386e-07,0.0025115894050494287,-9.043048019717137e-06,-0.5624130608273186,92.79283963944586,-0.04133589345845276,0.00013525889485355185,0.05223818878795662,23519,0.06812586660813466,0.0121,index_dividend_yield,0.065,11.82,65,23446.6,23494.95,23403.05,23431.5,mid_price,ok
2026-09-10T08:23:36.478383+00:00,2026-09-10T13:53:36.478383+05:30,NIFTY,29-Sep-2026,24600.0,PE,23435.45,1085.25,65,1091.45,65,1070,1088.35,10753,-139,419,1.2682188150671967,14.17,,,,,,,,,,,,,,,0.05223818878795662,,,,,,11.82,65,23446.6,23494.95,23403.05,23431.5,mid_price,no_price_available
2026-09-10T08:23:36.478383+00:00,2026-09-10T13:53:36.478383+05:30,NIFTY,29-Sep-2026,24650.0,CE,23435.45,12.6,585,12.7,910,12.75,12.649999999999999,2825,-72,1627,-12.068965517241379,11.89,0.04055222914265127,0.0001368077322457696,-1.5910123665054225,4.666886119567838,1.2978167959293156,-0.004509186246408441,121.23578851077133,3.684856934289379e-07,0.00240352141742204,-8.762643929207856e-06,-0.5435577246713077,91.86552506244864,-0.03813446734315482,0.0001236583339678376,0.05223818878795662,23519,0.06812586660813466,0.0121,index_dividend_yield,0.065,11.82,65,23446.6,23494.95,23403.05,23431.5,mid_price,ok
2026-09-10T08:23:36.478383+00:00,2026-09-10T13:53:36.478383+05:30,NIFTY,29-Sep-2026,24650.0,PE,23435.45,1131,325,1152.85,910,1129,1141.925,585,-11,14,4.016952275658744,15.66,,,,,,,,,,,,,,,0.05223818878795662,,,,,,11.82,65,23446.6,23494.95,23403.05,23431.5,mid_price,no_price_available
2026-09-10T08:23:36.478383+00:00,2026-09-10T13:53:36.478383+05:30,NIFTY,29-Sep-2026,24700.0,CE,23435.45,11.75,1950,11.9,975,11.8,11.825,27037,-676,9803,-13.553113553113553,12.15,0.03758951810833031,0.00012586160436140313,-1.5238278105174743,4.3873698472151474,1.218015325063715,-0.004306314049101277,116.06822107530456,3.386281726204151e-07,0.0022939120597675407,-8.473566918268405e-06,-0.5253675353395879,90.93192082589842,-0.035272854454991454,0.00011330418496952024,0.05223818878795662,23519,0.06812586660813466,0.0121,index_dividend_yield,0.065,11.82,65,23446.6,23494.95,23403.05,23431.5,mid_price,ok
2026-09-10T08:23:36.478383+00:00,2026-09-10T13:53:36.478383+05:30,NIFTY,29-Sep-2026,24700.0,PE,23435.45,1182.2,130,1187.3,65,1182.15,1184.75,3819,-75,162,2.0943086622333533,16.52,,,,,,,,,,,,,,,0.05223818878795662,,,,,,11.82,65,23446.6,23494.95,23403.05,23431.5,mid_price,no_price_available
2026-09-10T08:23:36.478383+00:00,2026-09-10T13:53:36.478383+05:30,NIFTY,29-Sep-2026,24750.0,CE,23435.45,10.95,1560,11.05,130,11.1,11.0,3987,505,1159,-10.483870967741936,12.36,0.0343606426514843,0.00011494787834206876,-1.4363026851366096,4.07618733477272,1.1378652520771735,-0.004076631856315245,110.92179078943576,3.1124763822012046e-07,0.002198085692216474,-8.194029771908053e-06,-0.5042512225472011,90.5680277482395,-0.03217640151361647,0.00010306166333608641,0.05223818878795662,23519,0.06812586660813466,0.0121,index_dividend_yield,0.065,11.82,65,23446.6,23494.95,23403.05,23431.5,mid_price,ok
2026-09-10T08:23:36.478383+00:00,2026-09-10T13:53:36.478383+05:30,NIFTY,29-Sep-2026,24750.0,PE,23435.45,1231.65,65,1253.95,585,1232,1242.8000000000002,460,-6,12,4.076029567053855,17.03,,,,,,,,,,,,,,,0.05223818878795662,,,,,,11.82,65,23446.6,23494.95,23403.05,23431.5,mid_price,no_price_available
2026-09-10T08:23:36.478383+00:00,2026-09-10T13:53:36.478383+05:30,NIFTY,29-Sep-2026,24800.0,CE,23435.45,9.9,1365,10.05,2860,9.9,9.975000000000001,21572,-369,10595,-11.210762331838565,12.54,0.03115203981848126,0.00010450063104159912,-1.340712152672636,3.759682356473681,1.0592416536866767,-0.0038364128233278963,105.74675617942674,2.8587855373446604e-07,0.002105984680921112,-7.90663705072668e-06,-0.48155591318252533,90.5197273187633,-0.029112776024891943,9.331729590966145e-05,0.05223818878795662,23519,0.06812586660813466,0.0121,index_dividend_yield,0.065,11.82,65,23446.6,23494.95,23403.05,23431.5,mid_price,ok
2026-09-10T08:23:36.478383+00:00,2026-09-10T13:53:36.478383+05:30,NIFTY,29-Sep-2026,24800.0,PE,23435.45,1278.5,65,1284.45,65,1278.85,1281.475,5446,-64,526,1.7706509629158045,17.23,,,,,,,,,,,,,,,0.05223818878795662,,,,,,11.82,65,23446.6,23494.95,23403.05,23431.5,mid_price,no_price_available
2026-09-10T08:23:36.478383+00:00,2026-09-10T13:53:36.478383+05:30,NIFTY,29-Sep-2026,24850.0,CE,23435.45,9.25,1950,9.35,260,9.3,9.3,4341,-685,5341,-11.428571428571429,12.82,0.029277489458164455,9.709311912892692e-05,-1.2986461440107984,3.571175414726862,0.9987406964712883,-0.0036856936472123777,101.17225251326744,2.6370600341397166e-07,0.0019933830214756668,-7.606171271717452e-06,-0.46697712281007986,89.32171672128214,-0.02730179351991308,8.635396060487321e-05,0.05223818878795662,23519,0.06812586660813466,0.0121,index_dividend_yield,0.065,11.82,65,23446.6,23494.95,23403.05,23431.5,mid_price,ok
2026-09-10T08:23:36.478383+00:00,2026-09-10T13:53:36.478383+05:30,NIFTY,29-Sep-2026,24850.0,PE,23435.45,1236.15,650,1347.45,260,0.0,1291.8000000000002,217,0,0,0,11.81,,,,,,,,,,,,,,,0.05223818878795662,,,,,,11.82,65,23446.6,23494.95,23403.05,23431.5,mid_price,no_price_available
2026-09-10T08:23:36.478383+00:00,2026-09-10T13:53:36.478383+05:30,NIFTY,29-Sep-2026,24900.0,CE,23435.45,8.85,1625,8.95,390,9,8.899999999999999,10192,-1091,3032,-6.7357512953367875,13.1,0.027581232140108655,9.041464998084067e-05,-1.2597355319154235,3.3981676867411137,0.9429841076597448,-0.0035448613367011074,96.84110859775163,2.436862216607344e-07,0.0018865067449581716,-7.316338148132483e-06,-0.4531276176409293,88.14102836276864,-0.0256644629762709,8.009155126050063e-05,0.05223818878795662,23519,0.06812586660813466,0.0121,index_dividend_yield,0.065,11.82,65,23446.6,23494.95,23403.05,23431.5,mid_price,ok
2026-09-10T08:23:36.478383+00:00,2026-09-10T13:53:36.478383+05:30,NIFTY,29-Sep-2026,24900.0,PE,23435.45,1377.9,65,1383.1,130,1394,1380.5,1194,-2,6,4.158105129450442,19.82,,,,,,,,,,,,,,,0.05223818878795662,,,,,,11.82,65,23446.6,23494.95,23403.05,23431.5,mid_price,no_price_available
2026-09-10T08:23:36.478383+00:00,2026-09-10T13:53:36.478383+05:30,NIFTY,29-Sep-2026,24950.0,CE,23435.45,8.45,1170,8.6,455,8.55,8.524999999999999,1832,-535,1235,-6.557377049180328,13.39,0.026131612300804876,8.455775753022496e-05,-1.2281146589632534,3.2483942929516445,0.89278513426474,-0.0034204663254909545,92.80316902645701,2.257087914717981e-07,0.001784269763938823,-7.038907255677522e-06,-0.4407081916195881,86.87489316284524,-0.024262797837746757,7.460345680604231e-05,0.05223818878795662,23519,0.06812586660813466,0.0121,index_dividend_yield,0.065,11.82,65,23446.6,23494.95,23403.05,23431.5,mid_price,ok
2026-09-10T08:23:36.478383+00:00,2026-09-10T13:53:36.478383+05:30,NIFTY,29-Sep-2026,24950.0,PE,23435.45,1410.55,130,1451.2,910,1385,1430.875,79,-1,1,0.2606051831475315,0,,,,,,,,,,,,,,,0.05223818878795662,,,,,,11.82,65,23446.6,23494.95,23403.05,23431.5,mid_price,no_price_available
2026-09-10T08:23:36.478383+00:00,2026-09-10T13:53:36.478383+05:30,NIFTY,29-Sep-2026,25000.0,CE,23435.45,8.05,520,8.1,11895,8.05,8.075,91274,-3126,17998,-6.936416184971098,13.63,0.024390233876218498,7.840496340269717e-05,-1.1775304638971178,3.0660138835664776,0.8404637869031412,-0.003268813596784537,88.69456176734246,2.087998049586508e-07,0.0016929174859781453,-6.766309246429119e-06,-0.42533760625149025,86.13729637131703,-0.02259840936429088,6.88985581297236e-05,0.05223818878795662,23519,0.06812586660813466,0.0121,index_dividend_yield,0.065,11.82,65,23446.6,23494.95,23403.05,23431.5,mid_price,ok
2026-09-10T08:23:36.478383+00:00,2026-09-10T13:53:36.478383+05:30,NIFTY,29-Sep-2026,25000.0,PE,23435.45,1477.2,65,1482.45,65,1489.55,1479.825,33053.307692307695,-253.84615384615384,977,3.8665365037305626,20.44,,,,,,,,,,,,,,,0.05223818878795662,,,,,,11.82,65,23446.6,23494.95,23403.05,23431.5,mid_price,no_price_available
2026-09-10T08:23:36.478383+00:00,2026-09-10T13:53:36.478383+05:30,NIFTY,29-Sep-2026,25050.0,CE,23435.45,7.7,3185,7.85,2990,7.7,7.775,1747,-659,2093,-6.097560975609756,13.91,0.02312767889365613,7.346907774912499e-05,-1.146922885350331,2.9320165881734117,0.7966820653730836,-0.0031541078329681213,85.03653819295698,1.9392664467916387e-07,0.0016026564820464406,-6.5102048422381725e-06,-0.41353055917429016,85.00357994736181,-0.02138248588111598,6.43036643666201e-05,0.05223818878795662,23519,0.06812586660813466,0.0121,index_dividend_yield,0.065,11.82,65,23446.6,23494.95,23403.05,23431.5,mid_price,ok
2026-09-10T08:23:36.478383+00:00,2026-09-10T13:53:36.478383+05:30,NIFTY,29-Sep-2026,25050.0,PE,23435.45,1458.35,650,1550.85,65,0.0,1504.6,60,0,0,0,11.04,,,,,,,,,,,,,,,0.05223818878795662,,,,,,11.82,65,23446.6,23494.95,23403.05,23431.5,mid_price,no_price_available
2026-09-10T08:23:36.478383+00:00,2026-09-10T13:53:36.478383+05:30,NIFTY,29-Sep-2026,25100.0,CE,23435.45,7.35,130,7.4,1235,7.35,7.375,6162,-342,2098,-5.161290322580645,14.17,0.021823300430216172,6.867547214405245e-05,-1.1104853933299332,2.791940823391468,0.7539028500652689,-0.0030332372487014737,81.45619834805218,1.8015353331973502e-07,0.0015190045409444808,-6.2612233968522465e-06,-0.4009243233171657,84.08032859133844,-0.020133710160124538,5.986883471794134e-05,0.05223818878795662,23519,0.06812586660813466,0.0121,index_dividend_yield,0.065,11.82,65,23446.6,23494.95,23403.05,23431.5,mid_price,ok
2026-09-10T08:23:36.478383+00:00,2026-09-10T13:53:36.478383+05:30,NIFTY,29-Sep-2026,25100.0,PE,23435.45,1573.25,65,1581.3,65,1560,1577.275,1472,-2,3,0,17.8,,,,,,,,,,,,,,,0.05223818878795662,,,,,,11.82,65,23446.6,23494.95,23403.05,23431.5,mid_price,no_price_available
2026-09-10T08:23:36.478383+00:00,2026-09-10T13:53:36.478383+05:30,NIFTY,29-Sep-2026,25150.0,CE,23435.45,7.05,1300,7.15,260,7.05,7.1,777,-171,412,-4.081632653061225,14.48,0.020990330264826287,6.503011093391678e-05,-1.096065071383607,2.701579558532262,0.719791778900988,-0.002952651607955964,78.39689554519124,1.6825958800054884e-07,0.0014380144852070016,-6.036404336519623e-06,-0.392418019617855,82.70405399831925,-0.01932285910436676,5.646575121410619e-05,0.05223818878795662,23519,0.06812586660813466,0.0121,index_dividend_yield,0.065,11.82,65,23446.6,23494.95,23403.05,23431.5,mid_price,ok
2026-09-10T08:23:36.478383+00:00,2026-09-10T13:53:36.478383+05:30,NIFTY,29-Sep-2026,25150.0,PE,23435.45,1478.95,650,1650.85,65,0.0,1564.9,21,0,0,0,0,,,,,,,,,,,,,,,0.05223818878795662,,,,,,11.82,65,23446.6,23494.95,23403.05,23431.5,mid_price,no_price_available
2026-09-10T08:23:36.478383+00:00,2026-09-10T13:53:36.478383+05:30,NIFTY,29-Sep-2026,25200.0,CE,23435.45,6.75,1300,6.85,1235,6.75,6.8,8918,-429,3162,-4.929577464788732,14.71,0.019676954152074697,6.0601674757676265e-05,-1.0524161727728143,2.5575963521321827,0.6796329890330025,-0.0028261725936846,74.99693031527977,1.5641577157840453e-07,0.0013650686383506368,-5.800942488510757e-06,-0.37891901394015637,82.0819631431465,-0.01807620052293079,5.241192838736595e-05,0.05223818878795662,23519,0.06812586660813466,0.0121,index_dividend_yield,0.065,11.82,65,23446.6,23494.95,23403.05,23431.5,mid_price,ok
2026-09-10T08:23:36.478383+00:00,2026-09-10T13:53:36.478383+05:30,NIFTY,29-Sep-2026,25200.0,PE,23435.45,1672,65,1680.55,65,1643.15,1676.275,1411,0,10,0.33584709797575796,15.31,,,,,,,,,,,,,,,0.05223818878795662,,,,,,11.82,65,23446.6,23494.95,23403.05,23431.5,mid_price,no_price_available
2026-09-10T08:23:36.478383+00:00,2026-09-10T13:53:36.478383+05:30,NIFTY,29-Sep-2026,25250.0,CE,23435.45,6.55,585,6.6,65,6.6,6.574999999999999,1457,-112,554,-2.9411764705882355,15.02,0.01899403872270954,5.759597591489398e-05,-1.041120046754711,2.481971435152042,0.6506235739889427,-0.0027569820639796773,72.30168209021225,1.4658759392853506e-07,0.0012943581394023623,-5.599752260773569e-06,-0.3714455273817654,80.75635444518966,-0.01741076376672405,4.961533988082366e-05,0.05223818878795662,23519,0.06812586660813466,0.0121,index_dividend_yield,0.065,11.82,65,23446.6,23494.95,23403.05,23431.5,mid_price,ok
2026-09-10T08:23:36.478383+00:00,2026-09-10T13:53:36.478383+05:30,NIFTY,29-Sep-2026,25250.0,PE,23435.45,1568,650,1747.6,65,0.0,1657.8,30,0,0,0,0,,,,,,,,,,,,,,,0.05223818878795662,,,,,,11.82,65,23446.6,23494.95,23403.05,23431.5,mid_price,no_price_available
2026-09-10T08:23:36.478383+00:00,2026-09-10T13:53:36.478383+05:30,NIFTY,29-Sep-2026,25300.0,CE,23435.45,6.25,2990,6.35,715,6.25,6.3,7898,-930,2521,-3.8461538461538463,15.25,0.017867728005188478,5.384950758238128e-05,-1.0019623919202183,2.356059667596185,0.615649837506926,-0.0026436916834524163,69.23763604579337,1.3663073508634365e-07,0.0012293689350623249,-5.3836521583429595e-06,-0.35908775355394873,80.14488647170873,-0.01634440635074625,4.6204820585650645e-05,0.05223818878795662,23519,0.06812586660813466,0.0121,index_dividend_yield,0.065,11.82,65,23446.6,23494.95,23403.05,23431.5,mid_price,ok
2026-09-10T08:23:36.478383+00:00,2026-09-10T13:53:36.478383+05:30,NIFTY,29-Sep-2026,25300.0,PE,23435.45,1770.7,65,1780,130,1773.05,1775.35,487,-4,12,3.0843023255813953,21.56,,,,,,,,,,,,,,,0.05223818878795662,,,,,,11.82,65,23446.6,23494.95,23403.05,23431.5,mid_price,no_price_available
2026-09-10T08:23:36.478383+00:00,2026-09-10T13:53:36.478383+05:30,NIFTY,29-Sep-2026,25350.0,CE,23435.45,6.05,325,6.15,585,6.05,6.1,480,-81,273,-2.4193548387096775,15.53,0.01712755121991948,5.1002741968014756e-05,-0.9827362117758407,2.2724779894757225,0.5879598738954463,-0.002566496452529588,66.66307988243325,1.2809927484252493e-07,0.0011677498988778585,-5.193730628682625e-06,-0.3505705852462859,79.11691200992757,-0.015633864639381222,4.3589731290717224e-05,0.05223818878795662,23519,0.06812586660813466,0.0121,index_dividend_yield,0.065,11.82,65,23446.6,23494.95,23403.05,23431.5,mid_price,ok
2026-09-10T08:23:36.478383+00:00,2026-09-10T13:53:36.478383+05:30,NIFTY,29-Sep-2026,25350.0,PE,23435.45,1797.15,65,1857.75,130,0.0,1827.45,16,0,0,0,6.15,,,,,,,,,,,,,,,0.05223818878795662,,,,,,11.82,65,23446.6,23494.95,23403.05,23431.5,mid_price,no_price_available
2026-09-10T08:23:36.478383+00:00,2026-09-10T13:53:36.478383+05:30,NIFTY,29-Sep-2026,25400.0,CE,23435.45,5.9,585,5.95,65,5.9,5.925000000000001,3516,-250,1735,-2.479338842975207,15.82,0.016499719576316813,4.8493885783103656e-05,-0.9682705929223676,2.201041186309024,0.5631165312973262,-0.002499656301009458,64.29982637245169,1.203954379388474e-07,0.001110132888544103,-5.017130113394644e-06,-0.3431328531640765,78.02891752205282,-0.015028455731462078,4.128251489232289e-05,0.05223818878795662,23519,0.06812586660813466,0.0121,index_dividend_yield,0.065,11.82,65,23446.6,23494.95,23403.05,23431.5,mid_price,ok
2026-09-10T08:23:36.478383+00:00,2026-09-10T13:53:36.478383+05:30,NIFTY,29-Sep-2026,25400.0,PE,23435.45,1869,65,1882.75,65,1900,1875.875,419,0,1,3.660865295433466,25.64,,,,,,,,,,,,,,,0.05223818878795662,,,,,,11.82,65,23446.6,23494.95,23403.05,23431.5,mid_price,no_price_available
2026-09-10T08:23:36.478383+00:00,2026-09-10T13:53:36.478383+05:30,NIFTY,29-Sep-2026,25450.0,CE,23435.45,5.65,780,5.8,1495,5.65,5.725,691,-37,125,-3.4188034188034186,16.07,0.015702650929865652,4.575627452334263e-05,-0.9414955502531884,2.1096054490325877,0.5363235455113601,-0.0024144095672807443,61.80952054881028,1.1287116462811682e-07,0.0010558827442750964,-4.835462138289561e-06,-0.33356419905935875,77.27813795607898,-0.014272561421410476,3.879910234225865e-05,0.05223818878795662,23519,0.06812586660813466,0.0121,index_dividend_yield,0.065,11.82,65,23446.6,23494.95,23403.05,23431.5,mid_price,ok
2026-09-10T08:23:36.478383+00:00,2026-09-10T13:53:36.478383+05:30,NIFTY,29-Sep-2026,25450.0,PE,23435.45,1899.15,65,2194.85,650,0.0,2047.0,11,0,0,0,6.11,-0.9993681116647976,1.0706087135880488e-10,3.740418271002402,1.8767511420513435e-06,3.4004967175427225e-06,-3.3135494165503765e-05,0.00103558893047311,3.2107912956848094e-12,5.710999615836842e-08,-9.703858129324944e-11,-1.8080757149356602e-06,-12.053297475986566,0.9966102703724891,9.078242815818754e-11,0.05223818878795662,23519,0.06812586660813466,0.0121,index_dividend_yield,0.065,11.82,65,23446.6,23494.95,23403.05,23431.5,mid_price,ok
2026-09-10T08:23:36.478383+00:00,2026-09-10T13:53:36.478383+05:30,NIFTY,29-Sep-2026,25500.0,CE,23435.45,5.55,4680,5.6,1625,5.55,5.574999999999999,49629,-2173,11743,0,16.37,0.015222765616089125,4.373678623514066e-05,-0.9326660757711263,2.0541410058892056,0.5157066241454024,-0.002361264881289975,59.77455552406741,1.0649515062604977e-07,0.0010055394845364654,-4.680619064335143e-06,-0.32754726380576527,76.15373842167585,-0.013806577601906794,3.6941378835237964e-05,0.05223818878795662,23519,0.06812586660813466,0.0121,index_dividend_yield,0.065,11.82,65,23446.6,23494.95,23403.05,23431.5,mid_price,ok
2026-09-10T08:23:36.478383+00:00,2026-09-10T13:53:36.478383+05:30,NIFTY,29-Sep-2026,25500.0,PE,23435.45,1980,520,1981,65,1980.4,1980.5,23243,-52,236,2.5210954081896775,22.33,,,,,,,,,,,,,,,0.05223818878795662,,,,,,11.82,65,23446.6,23494.95,23403.05,23431.5,mid_price,no_price_available
2026-09-10T08:23:36.478383+00:00,2026-09-10T13:53:36.478383+05:30,NIFTY,29-Sep-2026,25550.0,CE,23435.45,5.25,130,5.4,845,5.4,5.325,687,-56,168,0,16.65,0.014677245694994009,4.167319018456917e-05,-0.9182157473407357,1.9906994236179127,0.49474341529756255,-0.0023006227964664453,57.72763648844204,1.0041424454139437e-07,0.0009581723908594305,-4.526819417837793e-06,-0.3206359448597951,75.20527252168228,-0.013283527892037737,3.506077674514512e-05,0.05223818878795662,23519,0.06812586660813466,0.0121,index_dividend_yield,0.065,11.82,65,23446.6,23494.95,23403.05,23431.5,mid_price,ok
2026-09-10T08:23:36.478383+00:00,2026-09-10T13:53:36.478383+05:30,NIFTY,29-Sep-2026,25550.0,PE,23435.45,1956.7,650,2136.55,715,0.0,2046.625,6,0,0,0,0,,,,,,,,,,,,,,,0.05223818878795662,,,,,,11.82,65,23446.6,23494.95,23403.05,23431.5,mid_price,no_price_available
2026-09-10T08:23:36.478383+00:00,2026-09-10T13:53:36.478383+05:30,NIFTY,29-Sep-2026,25600.0,CE,23435.45,5.05,2470,5.15,1495,5.1,5.1,2586,-50,1736,-1.9230769230769231,16.83,0.013698746859008805,3.884833054073854e-05,-0.8736401533196996,1.875820082386533,0.46693596761000594,-0.0021917144102193125,55.16114893071888,9.378268586315856e-08,0.0009115552427482315,-4.343463352879085e-06,-0.3081004437225996,74.99990379952483,-0.012373273735369669,3.255659851524021e-05,0.05223818878795662,23519,0.06812586660813466,0.0121,index_dividend_yield,0.065,11.82,65,23446.6,23494.95,23403.05,23431.5,mid_price,ok
2026-09-10T08:23:36.478383+00:00,2026-09-10T13:53:36.478383+05:30,NIFTY,29-Sep-2026,25600.0,PE,23435.45,2070.55,65,2083.3,65,2084.4,2076.925,494,-2,12,12.430216564632271,25.89,,,,,,,,,,,,,,,0.05223818878795662,,,,,,11.82,65,23446.6,23494.95,23403.05,23431.5,mid_price,no_price_available
2026-09-10T08:23:36.478383+00:00,2026-09-10T13:53:36.478383+05:30,NIFTY,29-Sep-2026,25650.0,CE,23435.45,4.95,130,5,65,4.95,4.975,248,18,179,-2.9411764705882355,17.12,0.01328918221196279,3.720255726350718e-05,-0.864746869976794,1.8273059106839675,0.44964854003931143,-0.0021440472533711084,53.40428479586223,8.874215573498339e-08,0.0008699584484125899,-4.2088153759599245e-06,-0.30255837803786556,73.9985087505429,-0.011977748900706802,3.10559378686795e-05,0.05223818878795662,23519,0.06812586660813466,0.0121,index_dividend_yield,0.065,11.82,65,23446.6,23494.95,23403.05,23431.5,mid_price,ok
2026-09-10T08:23:36.478383+00:00,2026-09-10T13:53:36.478383+05:30,NIFTY,29-Sep-2026,25650.0,PE,23435.45,1930.3,650,2154.35,65,0.0,2042.3249999999998,1,0,0,0,13.42,,,,,,,,,,,,,,,0.05223818878795662,,,,,,11.82,65,23446.6,23494.95,23403.05,23431.5,mid_price,no_price_available
2026-09-10T08:23:36.478383+00:00,2026-09-10T13:53:36.478383+05:30,NIFTY,29-Sep-2026,25700.0,CE,23435.45,4.65,325,4.7,195,4.7,4.675000000000001,4312,-257,1038,0,17.35,0.012648213457112823,3.517342931211711e-05,-0.8388359715873488,1.7508498239907724,0.42883919525950764,-0.002069638013923531,51.37360014094894,8.35068204763403e-08,0.000829325078591553,-4.058449154881427e-06,-0.29384435927732144,73.4353900603209,-0.011376659427890337,2.9247925004638905e-05,0.05223818878795662,23519,0.06812586660813466,0.0121,index_dividend_yield,0.065,11.82,65,23446.6,23494.95,23403.05,23431.5,mid_price,ok
2026-09-10T08:23:36.478383+00:00,2026-09-10T13:53:36.478383+05:30,NIFTY,29-Sep-2026,25700.0,PE,23435.45,2137.95,650,2196.9,130,0.0,2167.425,184,0,0,0,0,,,,,,,,,,,,,,,0.05223818878795662,,,,,,11.82,65,23446.6,23494.95,23403.05,23431.5,mid_price,no_price_available
2026-09-10T08:23:36.478383+00:00,2026-09-10T13:53:36.478383+05:30,NIFTY,29-Sep-2026,25750.0,CE,23435.45,4.55,65,4.65,65,4.5,4.6,61,4,43,-3.225806451612903,17.56,0.011971356659981506,3.313571250320841e-05,-0.8086984117752365,1.6693812444393534,0.4078443869082633,-0.001989699255545263,49.32164929830562,7.847084281705523e-08,0.0007902812054951968,-3.907034822556312e-06,-0.28439217397507455,73.01170171798337,-0.010746079189464344,2.744659291571325e-05,0.05223818878795662,23519,0.06812586660813466,0.0121,index_dividend_yield,0.065,11.82,65,23446.6,23494.95,23403.05,23431.5,mid_price,ok
2026-09-10T08:23:36.478383+00:00,2026-09-10T13:53:36.478383+05:30,NIFTY,29-Sep-2026,25750.0,PE,23435.45,2021.95,650,2254.55,65,0.0,2138.25,8,0,0,0,0,,,,,,,,,,,,,,,0.05223818878795662,,,,,,11.82,65,23446.6,23494.95,23403.05,23431.5,mid_price,no_price_available
2026-09-10T08:23:36.478383+00:00,2026-09-10T13:53:36.478383+05:30,NIFTY,29-Sep-2026,25800.0,CE,23435.45,4.55,2275,4.65,715,4.65,4.6,5040,-24,2792,0,17.91,0.011894435700052006,3.2307032823716016e-05,-0.8193791556478468,1.6600736784399015,0.3982118216371731,-0.0019790807711132664,48.20958574849787,7.505780704599136e-08,0.0007578225842108429,-3.81554504993177e-06,-0.28312644357963124,71.65370194817669,-0.010653534659192884,2.6656569315484906e-05,0.05223818878795662,23519,0.06812586660813466,0.0121,index_dividend_yield,0.065,11.82,65,23446.6,23494.95,23403.05,23431.5,mid_price,ok
2026-09-10T08:23:36.478383+00:00,2026-09-10T13:53:36.478383+05:30,NIFTY,29-Sep-2026,25800.0,PE,23435.45,2265.7,65,2279.75,65,2275,2272.725,319,1,3,6.0606060606060606,26.58,,,,,,,,,,,,,,,0.05223818878795662,,,,,,11.82,65,23446.6,23494.95,23403.05,23431.5,mid_price,no_price_available
2026-09-10T08:23:36.478383+00:00,2026-09-10T13:53:36.478383+05:30,NIFTY,29-Sep-2026,25850.0,CE,23435.45,4.2,520,4.35,65,4.25,4.275,129,4,10,-3.409090909090909,18.07,0.011097295068328994,3.0148631580185103e-05,-0.7776860337982408,1.5630053410214129,0.3759471983487616,-0.0018830098027926082,46.04771930017437,7.025435470746965e-08,0.0007213561286160772,-3.658006887062048e-06,-0.2716240753356274,71.56724037632173,-0.009920161587472913,2.477953224355099e-05,0.05223818878795662,23519,0.06812586660813466,0.0121,index_dividend_yield,0.065,11.82,65,23446.6,23494.95,23403.05,23431.5,mid_price,ok
2026-09-10T08:23:36.478383+00:00,2026-09-10T13:53:36.478383+05:30,NIFTY,29-Sep-2026,25850.0,PE,23435.45,2284.95,650,2354.85,65,0.0,2319.8999999999996,0,0,0,0,0,,,,,,,,,,,,,,,0.05223818878795662,,,,,,11.82,65,23446.6,23494.95,23403.05,23431.5,mid_price,no_price_available
2026-09-10T08:23:36.478383+00:00,2026-09-10T13:53:36.478383+05:30,NIFTY,29-Sep-2026,25900.0,CE,23435.45,4.1,520,4.25,195,4.15,4.175,437,-99,229,-3.488372093023256,18.34,0.010756976029531556,2.891053060919193e-05,-0.7675100643824004,1.521213247199648,0.36243495649207563,-0.0018404607659280297,44.62216591292456,6.670723228082349e-08,0.0006903945797592677,-3.5480577679883707e-06,-0.2664823174934148,70.76482077798615,-0.009595835751460807,2.3670265465955664e-05,0.05223818878795662,23519,0.06812586660813466,0.0121,index_dividend_yield,0.065,11.82,65,23446.6,23494.95,23403.05,23431.5,mid_price,ok
2026-09-10T08:23:36.478383+00:00,2026-09-10T13:53:36.478383+05:30,NIFTY,29-Sep-2026,25900.0,PE,23435.45,2167.2,650,2396.45,130,0.0,2281.825,76,0,0,0,0,,,,,,,,,,,,,,,0.05223818878795662,,,,,,11.82,65,23446.6,23494.95,23403.05,23431.5,mid_price,no_price_available
2026-09-10T08:23:36.478383+00:00,2026-09-10T13:53:36.478383+05:30,NIFTY,29-Sep-2026,25950.0,CE,23435.45,3.6,260,4.15,520,4.05,3.875,615,-7,39,-4.705882352941177,18.6,0.010402995065906839,2.7687467638879403e-05,-0.7553783056459992,1.477511551630268,0.3490662244155359,-0.0017958359017215193,43.21268649878507,6.33280804354556e-08,0.0006609068040731443,-3.4397502397275226e-06,-0.26105910756680495,70.03941872678446,-0.0092608088584558,2.258162056914781e-05,0.05223818878795662,23519,0.06812586660813466,0.0121,index_dividend_yield,0.065,11.82,65,23446.6,23494.95,23403.05,23431.5,mid_price,ok
2026-09-10T08:23:36.478383+00:00,2026-09-10T13:53:36.478383+05:30,NIFTY,29-Sep-2026,25950.0,PE,23435.45,2248.45,650,2455.5,65,0.0,2351.975,1,0,0,0,13.83,,,,,,,,,,,,,,,0.05223818878795662,,,,,,11.82,65,23446.6,23494.95,23403.05,23431.5,mid_price,no_price_available
2026-09-10T08:23:36.478383+00:00,2026-09-10T13:53:36.478383+05:30,NIFTY,29-Sep-2026,26000.0,CE,23435.45,3.7,1885,3.75,3640,3.75,3.725,59736.846153846156,-100,8406,-6.25,18.73,0.009638970446774689,2.5724369715402973e-05,-0.7111251956069123,1.3823474792730739,0.3283031150715819,-0.0016991435327229337,41.14568648309525,5.917220032456374e-08,0.000628334654802198,-3.287988990731416e-06,-0.24919996642037032,70.12459884219378,-0.008564318933778485,2.0899920831458296e-05,0.05223818878795662,23519,0.06812586660813466,0.0121,index_dividend_yield,0.065,11.82,65,23446.6,23494.95,23403.05,23431.5,mid_price,ok
2026-09-10T08:23:36.478383+00:00,2026-09-10T13:53:36.478383+05:30,NIFTY,29-Sep-2026,26000.0,PE,23435.45,2469.25,65,2477.7,65,2475,2473.475,31353.53846153846,-191,594,1.7179023508137432,28.65,,,,,,,,,,,,,,,0.05223818878795662,,,,,,11.82,65,23446.6,23494.95,23403.05,23431.5,mid_price,no_price_available
2026-09-10T08:23:36.478383+00:00,2026-09-10T13:53:36.478383+05:30,NIFTY,29-Sep-2026,26050.0,CE,23435.45,3.7,130,4.25,1365,3.7,3.975,594,7,44,-6.329113924050633,19.01,0.00940612778529147,2.4809369951777714e-05,-0.7059154194076085,1.353108296651058,0.3179227567525287,-0.001668411887629208,40.0000279431294,5.643114707016056e-08,0.0006028874941010319,-3.1979252709954457e-06,-0.24539687157916834,69.28287855363192,-0.008339928774796905,2.007922166821497e-05,0.05223818878795662,23519,0.06812586660813466,0.0121,index_dividend_yield,0.065,11.82,65,23446.6,23494.95,23403.05,23431.5,mid_price,ok
2026-09-10T08:23:36.478383+00:00,2026-09-10T13:53:36.478383+05:30,NIFTY,29-Sep-2026,26050.0,PE,23435.45,2337.85,650,2555.6,65,0.0,2446.725,4,0,0,0,18.06,,,,,,,,,,,,,,,0.05223818878795662,,,,,,11.82,65,23446.6,23494.95,23403.05,23431.5,mid_price,no_price_available
2026-09-10T08:23:36.478383+00:00,2026-09-10T13:53:36.478383+05:30,NIFTY,29-Sep-2026,26100.0,CE,23435.45,3.5,780,3.6,130,3.45,3.55,252,-63,204,-8,19.16,0.00879147823762593,2.3200865773716043e-05,-0.670125335618146,1.2753647259301524,0.30046756078656695,-0.0015877997619089205,38.20709799384503,5.292928957184445e-08,0.0005739460557082817,-3.064191572404014e-06,-0.23534756948123237,69.23236965783894,-0.007779934716103775,1.870551936702708e-05,0.05223818878795662,23519,0.06812586660813466,0.0121,index_dividend_yield,0.065,11.82,65,23446.6,23494.95,23403.05,23431.5,mid_price,ok
2026-09-10T08:23:36.478383+00:00,2026-09-10T13:53:36.478383+05:30,NIFTY,29-Sep-2026,26100.0,PE,23435.45,2423.25,650,2605.6,65,0.0,2514.425,144,0,0,0,0,,,,,,,,,,,,,,,0.05223818878795662,,,,,,11.82,65,23446.6,23494.95,23403.05,23431.5,mid_price,no_price_available
2026-09-10T08:23:36.478383+00:00,2026-09-10T13:53:36.478383+05:30,NIFTY,29-Sep-2026,26150.0,CE,23435.45,2.8,65,3.9,1300,0.0,3.3499999999999996,122,0,0,0,19.75,0.009527914271784876,2.414995218369324e-05,-0.7404843377755186,1.3684157999880475,0.3090713063613011,-0.001682012526421318,38.80708263434784,5.2702681367457874e-08,0.0005625850043897831,-3.0936107983500447e-06,-0.24707743680965155,66.63172632901889,-0.00841070125443786,1.939632636638636e-05,0.05223818878795662,23519,0.06812586660813466,0.0121,index_dividend_yield,0.065,11.82,65,23446.6,23494.95,23403.05,23431.5,mid_price,wide_quote_low_liquidity
2026-09-10T08:23:36.478383+00:00,2026-09-10T13:53:36.478383+05:30,NIFTY,29-Sep-2026,26150.0,PE,23435.45,2437.25,650,2655.85,65,0.0,2546.55,1,0,0,0,19.21,,,,,,,,,,,,,,,0.05223818878795662,,,,,,11.82,65,23446.6,23494.95,23403.05,23431.5,mid_price,no_price_available
2026-09-10T08:23:36.478383+00:00,2026-09-10T13:53:36.478383+05:30,NIFTY,29-Sep-2026,26200.0,CE,23435.45,3.25,65,3.35,130,3.25,3.3,2746,-36,191,-4.411764705882353,19.7,0.008357385079606275,2.158444608937993e-05,-0.658098166845931,1.2199494598030818,0.2818319367055887,-0.0015286197984021154,36.11879308856081,4.824443288570375e-08,0.0005294708695004879,-2.899737956522652e-06,-0.22789574045703923,67.71119653398476,-0.0073651341423426305,1.7269705024557544e-05,0.05223818878795662,23519,0.06812586660813466,0.0121,index_dividend_yield,0.065,11.82,65,23446.6,23494.95,23403.05,23431.5,mid_price,ok
2026-09-10T08:23:36.478383+00:00,2026-09-10T13:53:36.478383+05:30,NIFTY,29-Sep-2026,26200.0,PE,23435.45,2600.05,650,2706.4,65,0.0,2653.2250000000004,582,0,0,0,0,,,,,,,,,,,,,,,0.05223818878795662,,,,,,11.82,65,23446.6,23494.95,23403.05,23431.5,mid_price,no_price_available
2026-09-10T08:23:36.478383+00:00,2026-09-10T13:53:36.478383+05:30,NIFTY,29-Sep-2026,26250.0,CE,23435.45,2.2,910,3,65,2.85,2.6,7,2,2,0,19.62,0.007235084170725509,1.908981130455791e-05,-0.5770069169642347,1.074571563129782,0.254605445394177,-0.0013742468237371867,33.344795289127816,4.382671232213335e-08,0.0004950631492439292,-2.6963375078371135e-06,-0.2081619613991155,68.97855380822335,-0.006365688949113294,1.5215618627454353e-05,0.05223818878795662,23519,0.06812586660813466,0.0121,index_dividend_yield,0.065,11.82,65,23446.6,23494.95,23403.05,23431.5,mid_price,wide_quote_low_liquidity
2026-09-10T08:23:36.478383+00:00,2026-09-10T13:53:36.478383+05:30,NIFTY,29-Sep-2026,26250.0,PE,23435.45,2677.05,650,2756.4,65,0.0,2716.7250000000004,0,0,0,0,0,,,,,,,,,,,,,,,0.05223818878795662,,,,,,11.82,65,23446.6,23494.95,23403.05,23431.5,mid_price,no_price_available
2026-09-10T08:23:36.478383+00:00,2026-09-10T13:53:36.478383+05:30,NIFTY,29-Sep-2026,26300.0,CE,23435.45,2.6,845,3,390,2.6,2.8,2087,9,80,-11.864406779661017,19.7,0.006614874262033495,1.7565788620232816e-05,-0.5349588884800964,0.992815578844616,0.2373223576214718,-0.001285181170955425,31.489945363373018,4.070966085628435e-08,0.0004679708163111529,-2.556055693610206e-06,-0.19656733320163178,69.31144049634918,-0.0058093515799286,1.3947704880992112e-05,0.05223818878795662,23519,0.06812586660813466,0.0121,index_dividend_yield,0.065,11.82,65,23446.6,23494.95,23403.05,23431.5,mid_price,ok
2026-09-10T08:23:36.478383+00:00,2026-09-10T13:53:36.478383+05:30,NIFTY,29-Sep-2026,26300.0,PE,23435.45,2736.65,780,2776.2,195,2748,2756.425,1245,1,2,4.100767118098305,26.26,,,,,,,,,,,,,,,0.05223818878795662,,,,,,11.82,65,23446.6,23494.95,23403.05,23431.5,mid_price,no_price_available
2026-09-10T08:23:36.478383+00:00,2026-09-10T13:53:36.478383+05:30,NIFTY,29-Sep-2026,26350.0,CE,23435.45,2.05,910,3,715,0.0,2.525,85,0,0,0,13.52,0.00011272246834633961,6.116595604856088e-07,-0.008791146453591647,0.02372581636857004,0.012196592031164764,-4.537946422058534e-05,2.4091786536140027,3.2259181950235576e-09,5.757028074968071e-05,-2.148010656033854e-07,-0.009589509732178082,135.19917559444102,-9.951280597273687e-05,4.838325958384153e-07,0.05223818878795662,23519,0.06812586660813466,0.0121,index_dividend_yield,0.065,11.82,65,23446.6,23494.95,23403.05,23431.5,mid_price,wide_quote_low_liquidity
2026-09-10T08:23:36.478383+00:00,2026-09-10T13:53:36.478383+05:30,NIFTY,29-Sep-2026,26350.0,PE,23435.45,2775.05,650,2856.7,65,0.0,2815.875,0,0,0,0,0,,,,,,,,,,,,,,,0.05223818878795662,,,,,,11.82,65,23446.6,23494.95,23403.05,23431.5,mid_price,no_price_available
2026-09-10T08:23:36.478383+00:00,2026-09-10T13:53:36.478383+05:30,NIFTY,29-Sep-2026,26400.0,CE,23435.45,2.65,65,2.8,65,2.65,2.7249999999999996,725,20,66,-14.516129032258064,20.25,0.006369277985912854,1.6526247518348625e-05,-0.5310974482530447,0.9601387229714453,0.22458184473197335,-0.001248245579135783,29.961519421375314,3.7440172313235244e-08,0.0004340868940352373,-2.432516220902233e-06,-0.19171054945746965,67.70287995049921,-0.00557053640040566,1.3023058562803226e-05,0.05223818878795662,23519,0.06812586660813466,0.0121,index_dividend_yield,0.065,11.82,65,23446.6,23494.95,23403.05,23431.5,mid_price,ok
2026-09-10T08:23:36.478383+00:00,2026-09-10T13:53:36.478383+05:30,NIFTY,29-Sep-2026,26400.0,PE,23435.45,2826.7,780,2897.7,260,2874.8,2862.2,56,-2,2,52.299215935579575,32.06,,,,,,,,,,,,,,,0.05223818878795662,,,,,,11.82,65,23446.6,23494.95,23403.05,23431.5,mid_price,no_price_available
2026-09-10T08:23:36.478383+00:00,2026-09-10T13:53:36.478383+05:30,NIFTY,29-Sep-2026,26450.0,CE,23435.45,1.8,65,2.9,1300,0.0,2.35,42,0,0,0,19.27,0.003873363825512778,1.1151097767163799e-05,-0.3244724262493955,0.6165013656864395,0.16167657717602044,-0.0008546362211051006,23.057918074403215,2.8507319093066042e-08,0.0003591833195952338,-1.911620007710326e-06,-0.13806017788151204,74.45531540887174,-0.0033858166250789225,8.754127447032057e-06,0.05223818878795662,23519,0.06812586660813466,0.0121,index_dividend_yield,0.065,11.82,65,23446.6,23494.95,23403.05,23431.5,mid_price,wide_quote_low_liquidity
2026-09-10T08:23:36.478383+00:00,2026-09-10T13:53:36.478383+05:30,NIFTY,29-Sep-2026,26450.0,PE,23435.45,2873.25,650,2957.15,65,0.0,2915.2,0,0,0,0,0,,,,,,,,,,,,,,,0.05223818878795662,,,,,,11.82,65,23446.6,23494.95,23403.05,23431.5,mid_price,no_price_available
2026-09-10T08:23:36.478383+00:00,2026-09-10T13:53:36.478383+05:30,NIFTY,29-Sep-2026,26500.0,CE,23435.45,2.15,1300,2.2,23140,2.15,2.175,13995,-232,2131,-6.521739130434782,20.44,0.005411925535364696,1.4170162054903845e-05,-0.46346067514059464,0.8309796976574458,0.1969507226882274,-0.0011034165842830207,26.880108262833602,3.255801590183894e-08,0.00038903304322752545,-2.1959158456588055e-06,-0.1723919002379838,68.13369312344825,-0.004715826780859565,1.1082293900348941e-05,0.05223818878795662,23519,0.06812586660813466,0.0121,index_dividend_yield,0.065,11.82,65,23446.6,23494.95,23403.05,23431.5,mid_price,ok
2026-09-10T08:23:36.478383+00:00,2026-09-10T13:53:36.478383+05:30,NIFTY,29-Sep-2026,26500.0,PE,23435.45,2959.95,65,2970.7,130,2953.55,2965.325,13069,-13,20,0.7882748383354092,29.23,,,,,,,,,,,,,,,0.05223818878795662,,,,,,11.82,65,23446.6,23494.95,23403.05,23431.5,mid_price,no_price_available
2026-09-10T08:23:36.478383+00:00,2026-09-10T13:53:36.478383+05:30,NIFTY,29-Sep-2026,26550.0,CE,23435.45,1.6,910,2.4,650,2,2.0,72,-4,6,-9.090909090909092,20.56,0.0050366696682239654,1.321497584038681e-05,-0.4370766833251168,0.7795144831155894,0.18546198658133056,-0.0010444639706816668,25.56011968579719,3.048890903213676e-08,0.0003690307219309232,-2.0932375020852746e-06,-0.16439352966552445,68.19789696471335,-0.004380633693918422,1.0296364697632839e-05,0.05223818878795662,23519,0.06812586660813466,0.0121,index_dividend_yield,0.065,11.82,65,23446.6,23494.95,23403.05,23431.5,mid_price,wide_quote_low_liquidity
2026-09-10T08:23:36.478383+00:00,2026-09-10T13:53:36.478383+05:30,NIFTY,29-Sep-2026,26550.0,PE,23435.45,2971.35,650,3057.55,65,0.0,3014.45,0,0,0,0,0,,,,,,,,,,,,,,,0.05223818878795662,,,,,,11.82,65,23446.6,23494.95,23403.05,23431.5,mid_price,no_price_available
2026-09-10T08:23:36.478383+00:00,2026-09-10T13:53:36.478383+05:30,NIFTY,29-Sep-2026,26600.0,CE,23435.45,1.95,195,2.25,1300,2.2,2.1,685,-167,221,-15.384615384615385,21.07,0.0054025487704379045,1.372529605347472e-05,-0.4764405989131794,0.8296997540575143,0.19091774230494069,-0.001101110443080657,26.0629475594753,3.057191113760935e-08,0.00036599518871865695,-2.1261980392491245e-06,-0.17207927719122784,66.13506363816502,-0.004687846931620808,1.0653812320262531e-05,0.05223818878795662,23519,0.06812586660813466,0.0121,index_dividend_yield,0.065,11.82,65,23446.6,23494.95,23403.05,23431.5,mid_price,ok
2026-09-10T08:23:36.478383+00:00,2026-09-10T13:53:36.478383+05:30,NIFTY,29-Sep-2026,26600.0,PE,23435.45,3020.25,650,3107.65,65,0.0,3063.95,0,0,0,0,0,,,,,,,,,,,,,,,0.05223818878795662,,,,,,11.82,65,23446.6,23494.95,23403.05,23431.5,mid_price,no_price_available
2026-09-10T08:23:36.478383+00:00,2026-09-10T13:53:36.478383+05:30,NIFTY,29-Sep-2026,26650.0,CE,23435.45,1.35,910,2.65,1300,0.0,2.0,14,0,0,0,21.05,0.004792702973651038,1.2348762537021352e-05,-0.4276518136687863,0.7457791618134987,0.1745132207097888,-0.0010049391896079923,24.21137519789579,2.7999827108885073e-08,0.0003422232852043369,-1.984226320020704e-06,-0.15898425236605274,66.93847956430852,-0.004151639960621658,9.549389482122628e-06,0.05223818878795662,23519,0.06812586660813466,0.0121,index_dividend_yield,0.065,11.82,65,23446.6,23494.95,23403.05,23431.5,mid_price,wide_quote_low_liquidity
2026-09-10T08:23:36.478383+00:00,2026-09-10T13:53:36.478383+05:30,NIFTY,29-Sep-2026,26650.0,PE,23435.45,3069.55,650,3158.05,65,0.0,3113.8,0,0,0,0,0,,,,,,,,,,,,,,,0.05223818878795662,,,,,,11.82,65,23446.6,23494.95,23403.05,23431.5,mid_price,no_price_available
2026-09-10T08:23:36.478383+00:00,2026-09-10T13:53:36.478383+05:30,NIFTY,29-Sep-2026,26700.0,CE,23435.45,1.85,520,2.5,130,1.9,2.175,39,-3,5,-20.833333333333332,21.29,0.004671889973564484,1.193467843766366e-05,-0.4225662856886575,0.7289891900381137,0.16925759590366876,-0.0009851859775934033,23.56179670810049,2.684081880450178e-08,0.00032967607382748714,-1.9317773318355666e-06,-0.1562666706698348,66.34967482741818,-0.004038864415543169,9.194641348982494e-06,0.05223818878795662,23519,0.06812586660813466,0.0121,index_dividend_yield,0.065,11.82,65,23446.6,23494.95,23403.05,23431.5,mid_price,wide_quote_low_liquidity
2026-09-10T08:23:36.478383+00:00,2026-09-10T13:53:36.478383+05:30,NIFTY,29-Sep-2026,26700.0,PE,23435.45,3118.65,650,3208.3,65,0.0,3163.4750000000004,0,0,0,0,0,,,,,,,,,,,,,,,0.05223818878795662,,,,,,11.82,65,23446.6,23494.95,23403.05,23431.5,mid_price,no_price_available
2026-09-10T08:23:36.478383+00:00,2026-09-10T13:53:36.478383+05:30,NIFTY,29-Sep-2026,26750.0,CE,23435.45,2.1,390,2.9,1300,1.9,2.5,110,-6,12,-20.833333333333332,21.57,0.004623442122861493,1.1670695634948572e-05,-0.4239363787689527,0.7222400924485654,0.16577736640229543,-0.0009770365858268633,23.10909460083521,2.593297641035214e-08,0.00031930549648316294,-1.8942522607240256e-06,-0.15514243334044164,65.5629679839967,-0.003988777556332369,8.957684552732907e-06,0.05223818878795662,23519,0.06812586660813466,0.0121,index_dividend_yield,0.065,11.82,65,23446.6,23494.95,23403.05,23431.5,mid_price,wide_quote_low_liquidity
2026-09-10T08:23:36.478383+00:00,2026-09-10T13:53:36.478383+05:30,NIFTY,29-Sep-2026,26750.0,PE,23435.45,3168.65,650,3368.75,715,0.0,3268.7,1,0,0,0,18.46,,,,,,,,,,,,,,,0.05223818878795662,,,,,,11.82,65,23446.6,23494.95,23403.05,23431.5,mid_price,no_price_available
2026-09-10T08:23:36.478383+00:00,2026-09-10T13:53:36.478383+05:30,NIFTY,29-Sep-2026,26800.0,CE,23435.45,1.75,780,2.3,650,0.0,2.025,41,0,0,0,22.24,0.005239385275982437,1.2653414552830708e-05,-0.48831805516338667,0.8073785821629517,0.17691288512356687,-0.0010743843085695738,24.25232499013413,2.6773647717475468e-08,0.00032318531083747927,-1.9759622927951024e-06,-0.16846006301258898,62.88516329148208,-0.004508760706696894,9.675752322446124e-06,0.05223818878795662,23519,0.06812586660813466,0.0121,index_dividend_yield,0.065,11.82,65,23446.6,23494.95,23403.05,23431.5,mid_price,wide_quote_low_liquidity
2026-09-10T08:23:36.478383+00:00,2026-09-10T13:53:36.478383+05:30,NIFTY,29-Sep-2026,26800.0,PE,23435.45,2983.5,650,3308.7,65,0.0,3146.1,21,0,0,0,0,,,,,,,,,,,,,,,0.05223818878795662,,,,,,11.82,65,23446.6,23494.95,23403.05,23431.5,mid_price,no_price_available
2026-09-10T08:23:36.478383+00:00,2026-09-10T13:53:36.478383+05:30,NIFTY,29-Sep-2026,26850.0,CE,23435.45,1.35,910,2.5,650,0.0,1.925,41,0,0,0,21.32,0.0033596073690224265,8.870498268661858e-06,-0.31455703131982016,0.5425876702599927,0.13109241908957747,-0.0007628685367086531,19.02996570339688,2.080992797646809e-08,0.0002694956684641381,-1.5772818528391656e-06,-0.12497685911745154,68.23074907997896,-0.0028893845296538807,6.7578108165904685e-06,0.05223818878795662,23519,0.06812586660813466,0.0121,index_dividend_yield,0.065,11.82,65,23446.6,23494.95,23403.05,23431.5,mid_price,wide_quote_low_liquidity
2026-09-10T08:23:36.478383+00:00,2026-09-10T13:53:36.478383+05:30,NIFTY,29-Sep-2026,26850.0,PE,23435.45,3266,650,3359.05,65,0.0,3312.525,0,0,0,0,0,,,,,,,,,,,,,,,0.05223818878795662,,,,,,11.82,65,23446.6,23494.95,23403.05,23431.5,mid_price,no_price_available
2026-09-10T08:23:36.478383+00:00,2026-09-10T13:53:36.478383+05:30,NIFTY,29-Sep-2026,26900.0,CE,23435.45,1.75,650,2.25,195,0.0,2.0,87,0,0,0,22.69,0.004944958386890499,1.1780028081638606e-05,-0.47275080574787703,0.7668590133340509,0.16603133303920004,-0.001027577020239044,22.938830467378267,2.4615104386584566e-08,0.000300448160198752,-1.871458209247454e-06,-0.16208410307577925,61.98863946245556,-0.004238581117799662,8.94104663252567e-06,0.05223818878795662,23519,0.06812586660813466,0.0121,index_dividend_yield,0.065,11.82,65,23446.6,23494.95,23403.05,23431.5,mid_price,wide_quote_low_liquidity
2026-09-10T08:23:36.478383+00:00,2026-09-10T13:53:36.478383+05:30,NIFTY,29-Sep-2026,26900.0,PE,23435.45,3315.1,650,3520.2,715,0.0,3417.6499999999996,1,0,0,0,0,,,,,,,,,,,,,,,0.05223818878795662,,,,,,11.82,65,23446.6,23494.95,23403.05,23431.5,mid_price,no_price_available
2026-09-10T08:23:36.478383+00:00,2026-09-10T13:53:36.478383+05:30,NIFTY,29-Sep-2026,26950.0,CE,23435.45,1.85,130,2.25,650,0.0,2.05,48,0,0,0,22.54,0.004229132967453958,1.0313551150148386e-05,-0.40830655318430104,0.6669554770754713,0.14830304257125274,-0.0009113489429799773,20.914870709413,2.2167521257611012e-08,0.00027765563034010414,-1.7165049715559898e-06,-0.146021176916311,63.290810860318594,-0.003619505093017649,7.79897057907956e-06,0.05223818878795662,23519,0.06812586660813466,0.0121,index_dividend_yield,0.065,11.82,65,23446.6,23494.95,23403.05,23431.5,mid_price,wide_quote_low_liquidity
2026-09-10T08:23:36.478383+00:00,2026-09-10T13:53:36.478383+05:30,NIFTY,29-Sep-2026,26950.0,PE,23435.45,3364.25,650,3459.55,65,0.0,3411.9,0,0,0,0,0,,,,,,,,,,,,,,,0.05223818878795662,,,,,,11.82,65,23446.6,23494.95,23403.05,23431.5,mid_price,no_price_available
2026-09-10T08:23:36.478383+00:00,2026-09-10T13:53:36.478383+05:30,NIFTY,29-Sep-2026,27000.0,CE,23435.45,2.1,520,2.15,3770,2.15,2.125,27277,210,2333,-2.272727272727273,23.21,0.004789935036689987,1.119377828877543e-05,-0.46962151506445854,0.7453951214816024,0.15849838415565215,-0.0010023926558371732,21.99133110963447,2.2951244647017853e-08,0.0002820143086446309,-1.7945797533658861e-06,-0.15863157288252683,60.79886051794625,-0.004089183737130668,8.43326537292018e-06,0.05223818878795662,23519,0.06812586660813466,0.0121,index_dividend_yield,0.065,11.82,65,23446.6,23494.95,23403.05,23431.5,mid_price,ok
2026-09-10T08:23:36.478383+00:00,2026-09-10T13:53:36.478383+05:30,NIFTY,29-Sep-2026,27000.0,PE,23435.45,3470.75,65,3479.35,65,3475,3475.05,23272.46153846154,205,568,1.145343675869195,37.39,,,,,,,,,,,,,,,0.05223818878795662,,,,,,11.82,65,23446.6,23494.95,23403.05,23431.5,mid_price,no_price_available
2026-09-10T08:23:36.478383+00:00,2026-09-10T13:53:36.478383+05:30,NIFTY,29-Sep-2026,27050.0,CE,23435.45,1.15,910,2.5,1300,0.0,1.825,64,0,0,0,22,0.002779377811994458,7.246923560115542e-06,-0.2731576160601778,0.4574156991207811,0.10957759379288663,-0.0006566701789387265,16.27235098659496,1.6853309223251095e-08,0.0002248571705503097,-1.3543756718505437e-06,-0.10951811872343727,67.22710996617145,-0.0023721654474484753,5.439584602766104e-06,0.05223818878795662,23519,0.06812586660813466,0.0121,index_dividend_yield,0.065,11.82,65,23446.6,23494.95,23403.05,23431.5,mid_price,wide_quote_low_liquidity
2026-09-10T08:23:36.478383+00:00,2026-09-10T13:53:36.478383+05:30,NIFTY,29-Sep-2026,27050.0,PE,23435.45,3462.5,650,3560.05,65,0.0,3511.275,0,0,0,0,0,,,,,,,,,,,,,,,0.05223818878795662,,,,,,11.82,65,23446.6,23494.95,23403.05,23431.5,mid_price,no_price_available
2026-09-10T08:23:36.478383+00:00,2026-09-10T13:53:36.478383+05:30,NIFTY,29-Sep-2026,27100.0,CE,23435.45,1.55,325,2.2,65,2.15,1.875,208,0,2,19.444444444444443,23.83,0.00480274385348856,1.0928533015862097e-05,-0.4828848109916852,0.7471720469980215,0.15477164909210575,-0.001003971697798923,21.466659748396843,2.179858881641119e-08,0.0002681163942522176,-1.7496908259376043e-06,-0.15884781257913372,59.226720731741274,-0.004083175770644384,8.172781367445314e-06,0.05223818878795662,23519,0.06812586660813466,0.0121,index_dividend_yield,0.065,11.82,65,23446.6,23494.95,23403.05,23431.5,mid_price,wide_quote_low_liquidity
2026-09-10T08:23:36.478383+00:00,2026-09-10T13:53:36.478383+05:30,NIFTY,29-Sep-2026,27100.0,PE,23435.45,3511.6,650,3610.3,65,0.0,3560.95,0,0,0,0,0,,,,,,,,,,,,,,,0.05223818878795662,,,,,,11.82,65,23446.6,23494.95,23403.05,23431.5,mid_price,no_price_available
2026-09-10T08:23:36.478383+00:00,2026-09-10T13:53:36.478383+05:30,NIFTY,29-Sep-2026,27150.0,CE,23435.45,1.2,910,2.5,1300,0.0,1.85,119,0,0,0,16.39,6.273335729997277e-05,2.907343980044501e-07,-0.006086753973725215,0.013671308277199604,0.006035116635611921,-2.698141970151189e-05,1.239532456141704,1.2990413315754848e-09,2.4581180719205104e-05,-1.1007544418373223e-07,-0.0059022599555670074,115.2532723877543,-5.368060181695338e-05,2.1662239064512992e-07,0.05223818878795662,23519,0.06812586660813466,0.0121,index_dividend_yield,0.065,11.82,65,23446.6,23494.95,23403.05,23431.5,mid_price,wide_quote_low_liquidity
2026-09-10T08:23:36.478383+00:00,2026-09-10T13:53:36.478383+05:30,NIFTY,29-Sep-2026,27150.0,PE,23435.45,3560.75,650,3660.55,65,0.0,3610.65,0,0,0,0,0,,,,,,,,,,,,,,,0.05223818878795662,,,,,,11.82,65,23446.6,23494.95,23403.05,23431.5,mid_price,no_price_available
2026-09-10T08:23:36.478383+00:00,2026-09-10T13:53:36.478383+05:30,NIFTY,29-Sep-2026,27200.0,CE,23435.45,1.7,260,2,585,2,1.85,664,3,40,-4.761904761904762,24.19,0.004435571627901425,1.0028267149475154e-05,-0.4562411696319822,0.69597953266029,0.14353105236635183,-0.0009442578613424483,20.117208724821143,1.9911569037244642e-08,0.00024840402147418525,-1.6435129666931222e-06,-0.15060244799579026,58.78408762573363,-0.00375666499754582,7.444485374962185e-06,0.05223818878795662,23519,0.06812586660813466,0.0121,index_dividend_yield,0.065,11.82,65,23446.6,23494.95,23403.05,23431.5,mid_price,wide_quote_low_liquidity
2026-09-10T08:23:36.478383+00:00,2026-09-10T13:53:36.478383+05:30,NIFTY,29-Sep-2026,27200.0,PE,23435.45,3609.9,650,3710.85,65,0.0,3660.375,0,0,0,0,0,,,,,,,,,,,,,,,0.05223818878795662,,,,,,11.82,65,23446.6,23494.95,23403.05,23431.5,mid_price,no_price_available
2026-09-10T08:23:36.478383+00:00,2026-09-10T13:53:36.478383+05:30,NIFTY,29-Sep-2026,28500.0,CE,23435.45,0.6,13130,0.65,7215,0.65,0.625,8503,-180,648,-7.142857142857143,27.92,0.0013901633129842015,3.043966518913883e-06,-0.18314155292856243,0.24383160087570815,0.04980736046694364,-0.00037504719023483666,7.978895985934931,5.988746395760156e-09,8.870240708538753e-05,-6.69817043557548e-07,-0.06648100811715202,56.16897945779242,-0.0011227748534517986,2.058243466358496e-06,0.05223818878795662,23519,0.06812586660813466,0.0121,index_dividend_yield,0.065,11.82,65,23446.6,23494.95,23403.05,23431.5,mid_price,ok
2026-09-10T08:23:36.478383+00:00,2026-09-10T13:53:36.478383+05:30,NIFTY,29-Sep-2026,28500.0,PE,23435.45,4950.95,65,4969.45,65,4972,4960.2,6641,-5,25,1.2864520203306273,49.44,,,,,,,,,,,,,,,0.05223818878795662,,,,,,11.82,65,23446.6,23494.95,23403.05,23431.5,mid_price,no_price_available
2026-09-10T08:23:36.478383+00:00,2026-09-10T13:53:36.478383+05:30,NIFTY,29-Sep-2026,30000.0,CE,23435.45,0.65,585,0.7,5135,0.7,0.675,4423,30,96,0,34.87,0.0012463741439702409,2.205761661618418e-06,-0.20590286533121563,0.2206709863316352,0.036671322058749296,-0.00034287849344035343,5.939802934459129,3.4887088470930335e-09,5.3045712477710033e-05,-4.9697610817803e-07,-0.061329713220420023,45.52904287263726,-0.0009522594982112697,1.3460545759603333e-06,0.05223818878795662,23519,0.06812586660813466,0.0121,index_dividend_yield,0.065,11.82,65,23446.6,23494.95,23403.05,23431.5,mid_price,ok
2026-09-10T08:23:36.478383+00:00,2026-09-10T13:53:36.478383+05:30,NIFTY,29-Sep-2026,30000.0,PE,23435.45,6447,65,6473.6,130,6444,6460.3,2185,-7,26,1.0031347962382444,55.07,,,,,,,,,,,,,,,0.05223818878795662,,,,,,11.82,65,23446.6,23494.95,23403.05,23431.5,mid_price,no_price_available
2026-09-10T08:23:36.478383+00:00,2026-09-10T13:53:36.478383+05:30,NIFTY,29-Sep-2026,31500.0,CE,23435.45,0.55,3510,0.95,130,1,0.75,249,0,6,53.84615384615385,42.45,0.0014825109315865059,2.1231298959721856e-06,-0.29271158133034736,0.25857644785139206,0.0348926217266874,-0.0003956730832310677,5.552901784770387,2.689116757545814e-09,4.05919570941795e-05,-4.610714540523635e-07,-0.06975449330345637,37.086632553528595,-0.0010732220917102592,1.1751736698073955e-06,0.05223818878795662,23519,0.06812586660813466,0.0121,index_dividend_yield,0.065,11.82,65,23446.6,23494.95,23403.05,23431.5,mid_price,wide_quote_low_liquidity
2026-09-10T08:23:36.478383+00:00,2026-09-10T13:53:36.478383+05:30,NIFTY,29-Sep-2026,31500.0,PE,23435.45,,0,,0,0.0,,0,0,0,0,0,,,,,,,,,,,,,,,0.05223818878795662,,,,,,11.82,65,23446.6,23494.95,23403.05,23431.5,none,no_price_available
2026-09-10T08:23:36.478383+00:00,2026-09-10T13:53:36.478383+05:30,NIFTY,29-Sep-2026,33000.0,CE,23435.45,0.55,520,0.95,260,0.5,0.75,539,-2,4,-37.5,45.9,0.000726631720068418,1.0209337891721458e-06,-0.1642095746569118,0.13444509674087682,0.01798408720815977,-0.00022004385793414122,3.0667553428614656,1.2812084529367262e-09,2.1063406333830957e-05,-2.57961294482294e-07,-0.04105339127602459,36.16504725207929,-0.0005017598168444673,5.148921754099259e-07,0.05223818878795662,23519,0.06812586660813466,0.0121,index_dividend_yield,0.065,11.82,65,23446.6,23494.95,23403.05,23431.5,mid_price,wide_quote_low_liquidity
2026-09-10T08:23:36.478383+00:00,2026-09-10T13:53:36.478383+05:30,NIFTY,29-Sep-2026,33000.0,PE,0,,0,,0,0.0,,0,0,0,0,0,,,,,,,,,,,,,,,0.05223818878795662,,,,,,11.82,65,23446.6,23494.95,23403.05,23431.5,none,no_price_available
2026-09-10T08:23:36.478383+00:00,2026-09-10T13:53:36.478383+05:30,NIFTY,29-Sep-2026,34500.0,CE,23435.45,0.2,1755,0.55,1495,0.0,0.375,151,0,0,0,52.03,0.0007638092972571782,9.430241389135301e-07,-0.194562037913611,0.14077039861511875,0.016609212906721335,-0.00022993135366366203,2.819435040200796,1.0337779854005156e-09,1.7074802147126746e-05,-2.3655388063520407e-07,-0.0427271502686255,31.907353570938497,-0.0005025857583889398,4.351422106550649e-07,0.05223818878795662,23519,0.06812586660813466,0.0121,index_dividend_yield,0.065,11.82,65,23446.6,23494.95,23403.05,23431.5,mid_price,wide_quote_low_liquidity
2026-09-10T08:23:36.478383+00:00,2026-09-10T13:53:36.478383+05:30,NIFTY,29-Sep-2026,34500.0,PE,0,,0,,0,0.0,,0,0,0,0,0,,,,,,,,,,,,,,,0.05223818878795662,,,,,,11.82,65,23446.6,23494.95,23403.05,23431.5,none,no_price_available
2026-09-10T08:34:55.016498+00:00,2026-09-10T14:04:55.016498+05:30,NIFTY,29-Sep-2026,15000.0,CE,23419.15,,0,8807.9,1690,0.0,,0,0,0,0,0,,,,,,,,,,,,,,,0.05221667248547692,,,,,,11.84,65,23446.6,23494.95,23403.05,23431.5,none,no_price_available
2026-09-10T08:34:55.016498+00:00,2026-09-10T14:04:55.016498+05:30,NIFTY,29-Sep-2026,15000.0,PE,23419.15,1.35,65,1.55,65,1.4,1.4500000000000002,1468,65,176,-9.67741935483871,67.45,-0.0014149916464950788,1.2816985192232575e-06,-0.43302367077535886,0.2475821249041532,-0.01942006907453128,0.0003392422349885293,3.102645801328463,-1.116406530126755e-09,1.416168419447573e-05,-2.4685063342094455e-07,-0.06069885474208558,-21.896991163501955,0.0023100837153352677,3.124248866935426e-06,0.05221667248547692,23502,0.06763089256227152,0.0121,index_dividend_yield,0.065,11.84,65,23446.6,23494.95,23403.05,23431.5,mid_price,ok
2026-09-10T08:34:55.016498+00:00,2026-09-10T14:04:55.016498+05:30,NIFTY,29-Sep-2026,16500.0,CE,23419.15,,0,7113,650,0.0,,0,0,0,0,0,,,,,,,,,,,,,,,0.05221667248547692,,,,,,11.84,65,23446.6,23494.95,23403.05,23431.5,none,no_price_available
2026-09-10T08:34:55.016498+00:00,2026-09-10T14:04:55.016498+05:30,NIFTY,29-Sep-2026,16500.0,PE,23419.15,0.8,8255,1.15,130,1,0.975,2042,0,369,17.647058823529413,52.5,-0.0013398697033774783,1.5666317142135254e-06,-0.3196743050048363,0.23554704854253422,-0.024163422660831796,0.0003274516250046447,3.8819805400616,-1.7448139529973776e-09,2.283494704876543e-05,-3.086507932120528e-07,-0.05879110333407184,-28.52070261343085,0.0019684129825031493,3.1560311574977748e-06,0.05221667248547692,23502,0.06763089256227152,0.0121,index_dividend_yield,0.065,11.84,65,23446.6,23494.95,23403.05,23431.5,mid_price,wide_quote_low_liquidity
2026-09-10T08:34:55.016498+00:00,2026-09-10T14:04:55.016498+05:30,NIFTY,29-Sep-2026,18000.0,CE,23419.15,5430,65,5577.6,390,0.0,5503.8,18,0,0,0,69.65,0.9593807174339696,2.3110958810739914e-05,-10.69490207066497,4.6098896947989205,-0.19681872614563112,0.003549181694237346,18.437977811528228,-1.1843545434170802e-08,5.925448947176345e-05,-1.045386481721942e-06,-0.45027029126797213,4.063504110504295,-0.9410384582640459,3.912147402846512e-05,0.05221667248547692,23502,0.06763089256227152,0.0121,index_dividend_yield,0.065,11.84,65,23446.6,23494.95,23403.05,23431.5,mid_price,ok
2026-09-10T08:34:55.016498+00:00,2026-09-10T14:04:55.016498+05:30,NIFTY,29-Sep-2026,18000.0,PE,23419.15,1.3,65,1.35,4810,1.3,1.3250000000000002,13193,-92,599,-16.129032258064516,41.5,-0.002172208984055585,3.076787131149405e-06,-0.39048701315928686,0.3656764537230157,-0.045395320682832876,0.0004836609512803274,6.927920031755852,-4.0944456999006895e-09,5.087677134358042e-05,-5.40162057124149e-07,-0.08341121173104898,-34.94295604024578,0.002907062564784418,5.208284469203446e-06,0.05221667248547692,23502,0.06763089256227152,0.0121,index_dividend_yield,0.065,11.84,65,23446.6,23494.95,23403.05,23431.5,mid_price,ok
2026-09-10T08:34:55.016498+00:00,2026-09-10T14:04:55.016498+05:30,NIFTY,29-Sep-2026,19500.0,CE,23419.15,3990.75,130,4006.35,65,4020,3998.55,2161,0,10,-1.08632801446797,0,,,,,,,,,,,,,,,0.05221667248547692,23502,0.06763089256227152,0.0121,index_dividend_yield,0.065,11.84,65,23446.6,23494.95,23403.05,23431.5,mid_price,no_nse_iv
2026-09-10T08:34:55.016498+00:00,2026-09-10T14:04:55.016498+05:30,NIFTY,29-Sep-2026,19500.0,PE,23419.15,3.3,65,3.35,6370,3.35,3.325,15090,166,716,-8.219178082191782,33.21,-0.006425826389705837,1.0165273407228767e-05,-0.8198339384545563,0.9668061158812794,-0.13119741528805612,0.001108017666933238,17.465574824310938,-1.4705840151791077e-08,0.00015302781920497886,-1.2841386662513176e-06,-0.17286792277775098,-39.764296336271805,0.007911378324240024,1.466196227752712e-05,0.05221667248547692,23502,0.06763089256227152,0.0121,index_dividend_yield,0.065,11.84,65,23446.6,23494.95,23403.05,23431.5,mid_price,ok
2026-09-10T08:34:55.016498+00:00,2026-09-10T14:04:55.016498+05:30,NIFTY,29-Sep-2026,21000.0,CE,23419.15,2498.25,65,2512.4,1300,2529,2505.325,7923,33,233,-1.4764891503369824,0,,,,,,,,,,,,,,,0.05221667248547692,23502,0.06763089256227152,0.0121,index_dividend_yield,0.065,11.84,65,23446.6,23494.95,23403.05,23431.5,mid_price,no_nse_iv
2026-09-10T08:34:55.016498+00:00,2026-09-10T14:04:55.016498+05:30,NIFTY,29-Sep-2026,21000.0,PE,23419.15,7.5,8775,7.6,455,7.65,7.55,29904,1495,4495,-3.7735849056603774,23.75,-0.018430017806517433,3.553435042368149e-05,-1.4417973715619983,2.4169265041755055,-0.3865515559969765,0.0022866712479760395,43.17314137643224,-6.002501460715463e-08,0.00048512726973862154,-2.8231847025473753e-06,-0.3187815997420844,-49.78001621335331,0.020965990749085114,4.419285384302397e-05,0.05221667248547692,23502,0.06763089256227152,0.0121,index_dividend_yield,0.065,11.84,65,23446.6,23494.95,23403.05,23431.5,mid_price,ok
2026-09-10T08:34:55.016498+00:00,2026-09-10T14:04:55.016498+05:30,NIFTY,29-Sep-2026,21600.0,CE,23419.15,1902.35,65,1911.65,65,1930,1907.0,695,-80,96,-5.392156862745098,0,,,,,,,,,,,,,,,0.05221667248547692,23502,0.06763089256227152,0.0121,index_dividend_yield,0.065,11.84,65,23446.6,23494.95,23403.05,23431.5,mid_price,no_nse_iv
2026-09-10T08:34:55.016498+00:00,2026-09-10T14:04:55.016498+05:30,NIFTY,29-Sep-2026,21600.0,PE,23419.15,10.5,6630,10.55,650,10.55,10.525,6871,1319,3738,0.9569377990430622,19.67,-0.029836817726484766,6.434062373756373e-05,-1.766838562992748,3.624441347008771,-0.6328310799201143,0.003045688788084016,63.76665061540332,-1.1805703742254364e-07,0.000804891302720148,-3.761161382880143e-06,-0.40194491803837495,-56.58193618677719,0.03292140319095045,7.563451406614554e-05,0.05221667248547692,23502,0.06763089256227152,0.0121,index_dividend_yield,0.065,11.84,65,23446.6,23494.95,23403.05,23431.5,mid_price,ok
2026-09-10T08:34:55.016498+00:00,2026-09-10T14:04:55.016498+05:30,NIFTY,29-Sep-2026,21650.0,CE,23419.15,1846.15,65,1904.2,65,0.0,1875.1750000000002,1,0,0,0,25.63,0.9212671857798497,0.00010641940449625645,-8.044795559658851,7.81125615665027,-0.773979431173133,0.004873566496373161,58.717565530604254,-1.14441136166655e-07,0.0003847576567506743,-2.2119948141697448e-06,-0.5720450061503737,11.493260613145868,-0.9098421129957466,0.00012452234179297534,0.05221667248547692,23502,0.06763089256227152,0.0121,index_dividend_yield,0.065,11.84,65,23446.6,23494.95,23403.05,23431.5,mid_price,ok
2026-09-10T08:34:55.016498+00:00,2026-09-10T14:04:55.016498+05:30,NIFTY,29-Sep-2026,21650.0,PE,23419.15,10.9,1430,11.15,390,10.9,11.025,337,69,271,-3.111111111111111,19.35,-0.03135021178145856,6.814041363045523e-05,-1.8081445177746018,3.7760452005294725,-0.6624885630272717,0.003130182734947598,65.97904100957174,-1.255882657879693e-07,0.0008384906164802299,-3.839106512807256e-06,-0.41076723408039584,-57.13233309790945,0.0345055933923835,7.973173610743839e-05,0.05221667248547692,23502,0.06763089256227152,0.0121,index_dividend_yield,0.065,11.84,65,23446.6,23494.95,23403.05,23431.5,mid_price,ok
2026-09-10T08:34:55.016498+00:00,2026-09-10T14:04:55.016498+05:30,NIFTY,29-Sep-2026,21700.0,CE,23419.15,1614.9,650,1837.55,65,0.0,1726.225,1,0,0,0,16.59,0.9816448779737755,4.920329388210212e-05,-4.031670314572507,2.337717418179921,-0.5437325712051577,0.0022314943490033823,61.19063637350819,-1.1925645119165525e-07,0.0009913353600170503,-3.9171426753549865e-06,-0.3087128836854274,12.888906846647462,-0.9772184066347648,5.7308226163396524e-05,0.05221667248547692,23502,0.06763089256227152,0.0121,index_dividend_yield,0.065,11.84,65,23446.6,23494.95,23403.05,23431.5,mid_price,ok
2026-09-10T08:34:55.016498+00:00,2026-09-10T14:04:55.016498+05:30,NIFTY,29-Sep-2026,21700.0,PE,23419.15,11.35,130,11.45,455,11.4,11.399999999999999,3310,375,1028,0.8849557522123894,19.05,-0.033109592356184325,7.240405349065203e-05,-1.8593368358156437,3.950111093817362,-0.694761956381247,0.0032248235615496418,68.28699905892633,-1.3374242145465745e-07,0.0008716202542933667,-3.9115728962332575e-06,-0.4205502507619512,-57.59458578217267,0.03635306705053092,8.433069303309971e-05,0.05221667248547692,23502,0.06763089256227152,0.0121,index_dividend_yield,0.065,11.84,65,23446.6,23494.95,23403.05,23431.5,mid_price,ok
2026-09-10T08:34:55.016498+00:00,2026-09-10T14:04:55.016498+05:30,NIFTY,29-Sep-2026,21750.0,CE,23419.15,1700.15,650,1789.6,65,0.0,1744.875,1,0,0,0,29.91,0.8756922024933329,0.0001276292073040441,-11.224843855192098,10.932460939550593,-0.743161953418614,0.005427990750871192,45.991571049679436,-9.753641368325976e-08,0.00011021663677534264,-5.493620919713943e-07,-0.620535042320828,11.212136401295483,-0.8587991066358076,0.00014797004498152868,0.05221667248547692,23502,0.06763089256227152,0.0121,index_dividend_yield,0.065,11.84,65,23446.6,23494.95,23403.05,23431.5,mid_price,ok
2026-09-10T08:34:55.016498+00:00,2026-09-10T14:04:55.016498+05:30,NIFTY,29-Sep-2026,21750.0,PE,23419.15,11.85,455,12.05,455,11.9,11.95,411,106,655,3.0303030303030303,18.74,-0.03492647855339822,7.690723900126642e-05,-1.9081512064016037,4.127511160914678,-0.7283548388848371,0.0033181520872400186,70.65037659205986,-1.4248205009651754e-07,0.0009060479855902339,-3.980868051626225e-06,-0.43009956069775823,-58.109834007341014,0.03825399283367484,8.916428970143717e-05,0.05221667248547692,23502,0.06763089256227152,0.0121,index_dividend_yield,0.065,11.84,65,23446.6,23494.95,23403.05,23431.5,mid_price,ok
2026-09-10T08:34:55.016498+00:00,2026-09-10T14:04:55.016498+05:30,NIFTY,29-Sep-2026,21800.0,CE,23419.15,1699,65,1754.05,65,0.0,1726.525,2,0,0,0,0,,,,,,,,,,,,,,,0.05221667248547692,23502,0.06763089256227152,0.0121,index_dividend_yield,0.065,11.84,65,23446.6,23494.95,23403.05,23431.5,mid_price,no_nse_iv
2026-09-10T08:34:55.016498+00:00,2026-09-10T14:04:55.016498+05:30,NIFTY,29-Sep-2026,21800.0,PE,23419.15,12.45,65,12.5,650,12.45,12.475,4990,40,2081,-0.4,18.39,-0.03657343558704423,8.138664303680533e-05,-1.9412015698389324,4.286337010069255,-0.7619997175754601,0.003398359129585644,73.05957930371365,-1.518260330200245e-07,0.0009446816265631453,-4.0529292206181565e-06,-0.4382337229802129,-58.832672861444586,0.039957675698374606,9.392525975248041e-05,0.05221667248547692,23502,0.06763089256227152,0.0121,index_dividend_yield,0.065,11.84,65,23446.6,23494.95,23403.05,23431.5,mid_price,ok
2026-09-10T08:34:55.016498+00:00,2026-09-10T14:04:55.016498+05:30,NIFTY,29-Sep-2026,21850.0,CE,23419.15,1513.15,650,1702.4,65,0.0,1607.775,1,0,0,0,19.44,0.9494786199223486,9.895021506527662e-05,-5.738277817567456,5.508894463773903,-0.8478636784834404,0.004019396318103663,74.66758603104839,-1.6074726468701734e-07,0.00083219710893272,-3.7111076248082952e-06,-0.49551098268108884,13.472751656737282,-0.9421300313179333,0.00011367268448839109,0.05221667248547692,23502,0.06763089256227152,0.0121,index_dividend_yield,0.065,11.84,65,23446.6,23494.95,23403.05,23431.5,mid_price,ok
2026-09-10T08:34:55.016498+00:00,2026-09-10T14:04:55.016498+05:30,NIFTY,29-Sep-2026,21850.0,PE,23419.15,12.3,2730,13,585,12.3,12.65,220,4,14,-3.5294117647058822,17.94,-0.037543738992396755,8.523277742019972e-05,-1.9309310550378886,4.379056300579666,-0.7930114422874495,0.003441289212558457,75.52435408712599,-1.618210478205419e-07,0.0009949154526349598,-4.144422683510012e-06,-0.44257379782468576,-60.09668139248611,0.04090951583724148,9.791427547038801e-05,0.05221667248547692,23502,0.06763089256227152,0.0121,index_dividend_yield,0.065,11.84,65,23446.6,23494.95,23403.05,23431.5,mid_price,ok
2026-09-10T08:34:55.016498+00:00,2026-09-10T14:04:55.016498+05:30,NIFTY,29-Sep-2026,21900.0,CE,23419.15,1436.9,650,1654.65,65,0.0,1545.775,9,0,0,0,14.08,0.9849862086132257,4.846952273584606e-05,-3.7833385222178406,1.9544422735157172,-0.5587640461911514,0.00193163510302774,65.3780670011117,-1.4391299407860702e-07,0.0012771051838674904,-4.238039739549863e-06,-0.27339984693922337,14.577317835381075,-0.9810553824043426,5.5427178331917074e-05,0.05221667248547692,23502,0.06763089256227152,0.0121,index_dividend_yield,0.065,11.84,65,23446.6,23494.95,23403.05,23431.5,mid_price,ok
2026-09-10T08:34:55.016498+00:00,2026-09-10T14:04:55.016498+05:30,NIFTY,29-Sep-2026,21900.0,PE,23419.15,13.45,1040,13.65,65,13.5,13.55,3042,-21,516,-1.098901098901099,17.78,-0.04098891964112312,9.236909893230576e-05,-2.051883710685088,4.7033783216914395,-0.8395153357494307,0.00360062803923495,78.1288741943893,-1.729014536517033e-07,0.0010148858580655124,-4.159028796828432e-06,-0.4584275865592078,-59.84678893508455,0.044564629044592984,0.00010562840791277359,0.05221667248547692,23502,0.06763089256227152,0.0121,index_dividend_yield,0.065,11.84,65,23446.6,23494.95,23403.05,23431.5,mid_price,ok
2026-09-10T08:34:55.016498+00:00,2026-09-10T14:04:55.016498+05:30,NIFTY,29-Sep-2026,21950.0,CE,23419.15,1387.9,650,1604.2,65,0.0,1496.0500000000002,2,0,0,0,29.21,0.8515385577324293,0.00014768106782703626,-12.06302618761905,12.354006636981806,-0.7734297931057954,0.005454894681814815,43.26880458811022,-1.0490046736261677e-07,1.166195257033722e-05,2.491616127914449e-07,-0.6272534726921553,12.074035957832574,-0.8332865764754616,0.00016811173537694456,0.05221667248547692,23502,0.06763089256227152,0.0121,index_dividend_yield,0.065,11.84,65,23446.6,23494.95,23403.05,23431.5,mid_price,ok
2026-09-10T08:34:55.016498+00:00,2026-09-10T14:04:55.016498+05:30,NIFTY,29-Sep-2026,21950.0,PE,23419.15,13.95,520,14.15,65,14,14.05,981,85,627,-1.7543859649122806,17.43,-0.04306437369982622,9.806740837172936e-05,-2.089274583062699,4.895234882378528,-0.8795785645343696,0.0036873637513489405,80.76796822692866,-1.8469612050940613e-07,0.001055446302361532,-4.211955373631718e-06,-0.466963086734105,-60.603773149491545,0.04670489373028745,0.00011163436483679563,0.05221667248547692,23502,0.06763089256227152,0.0121,index_dividend_yield,0.065,11.84,65,23446.6,23494.95,23403.05,23431.5,mid_price,ok
2026-09-10T08:34:55.016498+00:00,2026-09-10T14:04:55.016498+05:30,NIFTY,29-Sep-2026,22000.0,CE,23419.15,1510.05,130,1517.5,65,1522.1,1513.775,12123,113,429,-2.6416783932454906,0,,,,,,,,,,,,,,,0.05221667248547692,23502,0.06763089256227152,0.0121,index_dividend_yield,0.065,11.84,65,23446.6,23494.95,23403.05,23431.5,mid_price,no_nse_iv
2026-09-10T08:34:55.016498+00:00,2026-09-10T14:04:55.016498+05:30,NIFTY,29-Sep-2026,22000.0,PE,23419.15,14.75,325,14.8,4030,14.8,14.775,48724,-2162,13093,-0.3367003367003367,17.11,-0.04557682252148359,0.0001045726592579379,-2.142250498634004,5.12412376794307,-0.9233128966755557,0.003787712570561569,83.45770629070026,-1.9742931714229505e-07,0.001092062314010562,-4.2452277988129186e-06,-0.4767384848536187,-61.208738496967456,0.04930948394272855,0.00011849909867996624,0.05221667248547692,23502,0.06763089256227152,0.0121,index_dividend_yield,0.065,11.84,65,23446.6,23494.95,23403.05,23431.5,mid_price,ok
2026-09-10T08:34:55.016498+00:00,2026-09-10T14:04:55.016498+05:30,NIFTY,29-Sep-2026,22050.0,CE,23419.15,1407.85,650,1490.45,195,1500,1449.15,1,1,1,-3.225806451612903,15.81,0.9603580901854567,9.978513769399361e-05,-4.876645089717349,4.518030727920658,-0.9215773004971339,0.0035151629441108057,86.89854090425575,-2.1231493706409336e-07,0.001288137396292489,-4.63537479962974e-06,-0.44681040607806466,15.591296149996058,-0.9545691289146728,0.00011256177420988669,0.05221667248547692,23502,0.06763089256227152,0.0121,index_dividend_yield,0.065,11.84,65,23446.6,23494.95,23403.05,23431.5,mid_price,ok
2026-09-10T08:34:55.016498+00:00,2026-09-10T14:04:55.016498+05:30,NIFTY,29-Sep-2026,22050.0,PE,23419.15,15.1,1040,15.35,65,15.25,15.225,1156,625,1103,-2.2435897435897436,16.77,-0.0480996220351916,0.00011140434177261159,-2.1874006778903436,5.350404651733995,-0.9687255686397049,0.0038819226939321855,86.22610529460405,-2.1123783033023667e-07,0.001131113594752704,-4.27350483366034e-06,-0.48583157503408003,-61.93511327001455,0.051911105792135495,0.00012566871835227787,0.05221667248547692,23502,0.06763089256227152,0.0121,index_dividend_yield,0.065,11.84,65,23446.6,23494.95,23403.05,23431.5,mid_price,ok
2026-09-10T08:34:55.016498+00:00,2026-09-10T14:04:55.016498+05:30,NIFTY,29-Sep-2026,22100.0,CE,23419.15,1409.15,130,1422.85,130,1450,1416.0,12,0,1,-1.3773167828600579,15.29,0.9598393254102321,0.00010429390585701479,-4.841755714766162,4.566861776135933,-0.9604682068073411,0.003530144558982706,90.25157785555882,-2.2851692276482876e-07,0.0013790375427062296,-4.769914753897339e-06,-0.448359674973581,16.143315442718535,-0.9541257789148962,0.00011711611069039551,0.05221667248547692,23502,0.06763089256227152,0.0121,index_dividend_yield,0.065,11.84,65,23446.6,23494.95,23403.05,23431.5,mid_price,ok
2026-09-10T08:34:55.016498+00:00,2026-09-10T14:04:55.016498+05:30,NIFTY,29-Sep-2026,22100.0,PE,23419.15,16,130,16.05,195,15.8,16.025,2261,391,2200,-1.8633540372670807,16.44,-0.050930072006938505,0.00011894676034268646,-2.239067641777755,5.6002302179768115,-1.0171798859538033,0.003981394130567202,89.03305696183317,-2.261556433126483e-07,0.0011675645636248849,-4.282940962821506e-06,-0.49534115956213665,-62.614850095608666,0.05483202785675852,0.0001335704309478697,0.05221667248547692,23502,0.06763089256227152,0.0121,index_dividend_yield,0.065,11.84,65,23446.6,23494.95,23403.05,23431.5,mid_price,ok
2026-09-10T08:34:55.016498+00:00,2026-09-10T14:04:55.016498+05:30,NIFTY,29-Sep-2026,22150.0,CE,23419.15,1363.5,195,1402.2,65,0.0,1382.85,1,0,0,0,30.44,0.8088365891510108,0.00016682980216987692,-14.091128375316874,14.543526692188475,-0.7195347921546968,0.005208016524511638,33.7120275121503,-9.660873060780428e-08,-0.00016134504713516537,1.5973671418128739e-06,-0.6237954719440495,12.576719542393269,-0.7871841167915977,0.00018649553141505054,0.05221667248547692,23502,0.06763089256227152,0.0121,index_dividend_yield,0.065,11.84,65,23446.6,23494.95,23403.05,23431.5,mid_price,ok
2026-09-10T08:34:55.016498+00:00,2026-09-10T14:04:55.016498+05:30,NIFTY,29-Sep-2026,22150.0,PE,23419.15,16.45,2535,16.85,65,16.7,16.65,1109,-40,256,-0.8902077151335311,16.11,-0.05399877751620689,0.00012715373883345565,-2.2925214179318907,5.866460145152212,-1.0683828947838578,0.004081834789560292,91.87708755547241,-2.422965880505233e-07,0.0012021880177187643,-4.274212722711238e-06,-0.5048558801258203,-63.30340977321926,0.05799468911483158,0.00014214249364756263,0.05221667248547692,23502,0.06763089256227152,0.0121,index_dividend_yield,0.065,11.84,65,23446.6,23494.95,23403.05,23431.5,mid_price,ok
2026-09-10T08:34:55.016498+00:00,2026-09-10T14:04:55.016498+05:30,NIFTY,29-Sep-2026,22200.0,CE,23419.15,1306.65,195,1348.65,195,0.0,1327.65,1,0,0,0,21.3,0.8803410120982167,0.00017445703617718163,-8.694616482231037,10.64190904903853,-1.0557285047965714,0.005337131017426389,66.63856162324677,-1.8749792093967848e-07,0.00027341136259474686,-9.116378784200388e-07,-0.6138402163756105,15.298482441120347,-0.8679819270169408,0.00019414436854042037,0.05221667248547692,23502,0.06763089256227152,0.0121,index_dividend_yield,0.065,11.84,65,23446.6,23494.95,23403.05,23431.5,mid_price,ok
2026-09-10T08:34:55.016498+00:00,2026-09-10T14:04:55.016498+05:30,NIFTY,29-Sep-2026,22200.0,PE,23419.15,17.65,650,17.8,325,17.8,17.725,3865,349,2514,1.1363636363636365,15.84,-0.05800559040422211,0.00013683211917777464,-2.3787117188745386,6.207184863309026,-1.1241429936457368,0.004204959308224947,94.5352569224216,-2.5924489905420335e-07,0.0012201833720314858,-4.207190642971511e-06,-0.5163840297428299,-63.628240051788104,0.06215276070798664,0.00015227351075044356,0.05221667248547692,23502,0.06763089256227152,0.0121,index_dividend_yield,0.065,11.84,65,23446.6,23494.95,23403.05,23431.5,mid_price,ok
2026-09-10T08:34:55.016498+00:00,2026-09-10T14:04:55.016498+05:30,NIFTY,29-Sep-2026,22250.0,CE,23419.15,1258.3,195,1300,65,0.0,1279.15,3,0,0,0,23.5,0.8484189248048142,0.0001861409354698361,-10.365908683254291,12.527407476809163,-0.9744803841988947,0.005405199346162792,53.81679970268305,-1.6027646213446784e-07,7.572931096840323e-06,4.760637431746521e-07,-0.6251616274201499,14.93187299847787,-0.8331950471490083,0.00020621683548464979,0.05221667248547692,23502,0.06763089256227152,0.0121,index_dividend_yield,0.065,11.84,65,23446.6,23494.95,23403.05,23431.5,mid_price,ok
2026-09-10T08:34:55.016498+00:00,2026-09-10T14:04:55.016498+05:30,NIFTY,29-Sep-2026,22250.0,PE,23419.15,18.5,2145,19,390,18.25,18.75,905,80,385,-1.881720430107527,15.43,-0.06072185320339408,0.00014559911244188924,-2.394407199556792,6.433926615074033,-1.178977225377225,0.004276222328723767,97.6955753730726,-2.7887621032372364e-07,0.0012673142223912706,-4.20085585804426e-06,-0.5230589828548622,-64.83301575740161,0.0648983502765985,0.00016130244613499117,0.05221667248547692,23502,0.06763089256227152,0.0121,index_dividend_yield,0.065,11.84,65,23446.6,23494.95,23403.05,23431.5,mid_price,ok
2026-09-10T08:34:55.016498+00:00,2026-09-10T14:04:55.016498+05:30,NIFTY,29-Sep-2026,22300.0,CE,23419.15,1169.5,650,1243.35,195,0.0,1206.425,30,0,0,0,22.82,0.8451483336584985,0.00019443277205812918,-10.247663565177819,12.706810626108135,-1.0050728048484614,0.005386286125970474,54.76020846745566,-1.6991850517829435e-07,-1.41007330196804e-05,6.391843590965705e-07,-0.6248466549463636,15.457012150937107,-0.8301416472383288,0.00021443812365017483,0.05221667248547692,23502,0.06763089256227152,0.0121,index_dividend_yield,0.065,11.84,65,23446.6,23494.95,23403.05,23431.5,mid_price,ok
2026-09-10T08:34:55.016498+00:00,2026-09-10T14:04:55.016498+05:30,NIFTY,29-Sep-2026,22300.0,PE,23419.15,19.95,455,20.05,195,20,20.0,3666,-709,6319,0.7556675062972292,15.19,-0.06577829751452248,0.00015740315152172878,-2.501167242249749,6.84735188543384,-1.2406934509177556,0.004407787336089486,100.1038254567157,-2.9810807574412333e-07,0.0012649964982982592,-4.047461952354242e-06,-0.5351877649917265,-64.95774586777144,0.07014290577969631,0.00017359849428496828,0.05221667248547692,23502,0.06763089256227152,0.0121,index_dividend_yield,0.065,11.84,65,23446.6,23494.95,23403.05,23431.5,mid_price,ok
2026-09-10T08:34:55.016498+00:00,2026-09-10T14:04:55.016498+05:30,NIFTY,29-Sep-2026,22350.0,CE,23419.15,1170.7,195,1203.95,65,0.0,1187.325,2,0,0,0,18.26,0.8857121730432991,0.000196943205768204,-7.728797181100259,10.298956541407627,-1.2280544749158073,0.005244484369391733,79.32045055997516,-2.508258562512505e-07,0.0004383157247924861,-1.2702024233753636e-06,-0.6066564149304607,17.50325635208558,-0.8750583366670968,0.00021623610230533385,0.05221667248547692,23502,0.06763089256227152,0.0121,index_dividend_yield,0.065,11.84,65,23446.6,23494.95,23403.05,23431.5,mid_price,ok
2026-09-10T08:34:55.016498+00:00,2026-09-10T14:04:55.016498+05:30,NIFTY,29-Sep-2026,22350.0,PE,23419.15,21.35,65,21.65,780,21.55,21.5,442,-13,316,2.132701421800948,14.98,-0.071703200700169,0.00017058536419873167,-2.627989902140228,7.318212733013219,-1.3041657763072436,0.00454403885623407,102.10021001883618,-3.178102032260368e-07,0.0012412750540027374,-3.818602505416052e-06,-0.5476391224828872,-64.8684193910134,0.07629148512945835,0.0001872962010585128,0.05221667248547692,23502,0.06763089256227152,0.0121,index_dividend_yield,0.065,11.84,65,23446.6,23494.95,23403.05,23431.5,mid_price,ok
2026-09-10T08:34:55.016498+00:00,2026-09-10T14:04:55.016498+05:30,NIFTY,29-Sep-2026,22400.0,CE,23419.15,1120.7,65,1153.1,260,1131,1136.9,3,0,1,-2.5,0,,,,,,,,,,,,,,,0.05221667248547692,23502,0.06763089256227152,0.0121,index_dividend_yield,0.065,11.84,65,23446.6,23494.95,23403.05,23431.5,mid_price,no_nse_iv
2026-09-10T08:34:55.016498+00:00,2026-09-10T14:04:55.016498+05:30,NIFTY,29-Sep-2026,22400.0,PE,23419.15,23.05,195,23.2,195,23.05,23.125,2909,268,1850,0.4357298474945534,14.67,-0.07682388594559651,0.0001836120253118141,-2.7031476197279374,7.714054171361163,-1.3686269512685687,0.004641767551735343,104.47623470260936,-3.404525735828029e-07,0.00123527213323081,-3.6185060530161063e-06,-0.5566115732676122,-65.42039804900041,0.08154694068991288,0.0002006999854187716,0.05221667248547692,23502,0.06763089256227152,0.0121,index_dividend_yield,0.065,11.84,65,23446.6,23494.95,23403.05,23431.5,mid_price,ok
2026-09-10T08:34:55.016498+00:00,2026-09-10T14:04:55.016498+05:30,NIFTY,29-Sep-2026,22450.0,CE,23419.15,923.35,650,1097.9,260,0.0,1010.625,2,0,0,0,17.21,0.8773516201531094,0.00021972134882584858,-7.673704235604406,10.829404509363677,-1.3231103011734913,0.00525790554777128,82.46136519647517,-2.8605409629029485e-07,0.0003964394577489732,-8.422999002792825e-07,-0.6095889938903731,18.90439179279048,-0.8668128255611718,0.0002391012366150738,0.05221667248547692,23502,0.06763089256227152,0.0121,index_dividend_yield,0.065,11.84,65,23446.6,23494.95,23403.05,23431.5,mid_price,wide_quote_low_liquidity
2026-09-10T08:34:55.016498+00:00,2026-09-10T14:04:55.016498+05:30,NIFTY,29-Sep-2026,22450.0,PE,23419.15,24.75,260,25.15,975,24.55,24.95,585,-24,406,0,14.38,-0.08271872798053623,0.00019808787921197108,-2.7914767254171227,8.157709537362901,-1.435089978646921,0.004739147890966536,106.49673791367941,-3.641096352447275e-07,0.0012085899904881654,-3.344353631144699e-06,-0.5655953161543898,-65.83066901986602,0.08760041634798305,0.00021555964921542357,0.05221667248547692,23502,0.06763089256227152,0.0121,index_dividend_yield,0.065,11.84,65,23446.6,23494.95,23403.05,23431.5,mid_price,ok
2026-09-10T08:34:55.016498+00:00,2026-09-10T14:04:55.016498+05:30,NIFTY,29-Sep-2026,22500.0,CE,23419.15,1029,65,1034.4,130,1035,1031.7,8206,14,346,-5.067645035542307,10.24,0.9665673793050827,0.0001336615321413722,-4.157797807278035,3.9197452376777786,-1.299875043236809,0.003070187653131717,128.05348897622082,-4.5661599779918724e-07,0.0030614973869588667,-6.697994042303014e-06,-0.40198026453742663,22.917993589350836,-0.9621547897008073,0.00014480503248267998,0.05221667248547692,23502,0.06763089256227152,0.0121,index_dividend_yield,0.065,11.84,65,23446.6,23494.95,23403.05,23431.5,mid_price,ok
2026-09-10T08:34:55.016498+00:00,2026-09-10T14:04:55.016498+05:30,NIFTY,29-Sep-2026,22500.0,PE,23419.15,27.1,195,27.25,845,27.2,27.175,35492,-757,13703,-0.9107468123861566,14.16,-0.09023575051123747,0.00021468190442955408,-2.922009976520671,8.705829190978546,-1.5010714623985566,0.004844976257896039,107.56027580288307,-3.868674217576576e-07,0.001136413196137662,-2.930030148493999e-06,-0.5754487453586297,-65.74409823853769,0.09535058061022988,0.0002325801571052231,0.05221667248547692,23502,0.06763089256227152,0.0121,index_dividend_yield,0.065,11.84,65,23446.6,23494.95,23403.05,23431.5,mid_price,ok
2026-09-10T08:34:55.016498+00:00,2026-09-10T14:04:55.016498+05:30,NIFTY,29-Sep-2026,22550.0,CE,23419.15,972.45,260,1000.2,130,0.0,986.325,3,0,0,0,14.99,0.8847312760274442,0.00024137816807943285,-6.9040159366328,10.362178499596277,-1.5082138981275528,0.005141932101966895,97.0066636197835,-3.700622782235943e-07,0.0006495359706248563,-1.3218632166598374e-06,-0.6003010562119435,21.22411781266055,-0.8755398165982688,0.0002603437469317765,0.05221667248547692,23502,0.06763089256227152,0.0121,index_dividend_yield,0.065,11.84,65,23446.6,23494.95,23403.05,23431.5,mid_price,ok
2026-09-10T08:34:55.016498+00:00,2026-09-10T14:04:55.016498+05:30,NIFTY,29-Sep-2026,22550.0,PE,23419.15,28.7,2015,29.75,2730,29.05,29.225,405,-72,401,-1.0221465076660987,13.92,-0.09816820446388339,0.00023238711466746592,-3.0436367664260384,9.264089208872804,-1.5667913970781877,0.0049302263233053645,108.30771248861825,-4.108524281238903e-07,0.0010475716687393158,-2.45333917551127e-06,-0.5837280436688257,-65.76892891779099,0.10350207819943456,0.00025064624797087244,0.05221667248547692,23502,0.06763089256227152,0.0121,index_dividend_yield,0.065,11.84,65,23446.6,23494.95,23403.05,23431.5,mid_price,ok
2026-09-10T08:34:55.016498+00:00,2026-09-10T14:04:55.016498+05:30,NIFTY,29-Sep-2026,22600.0,CE,23419.15,926.4,650,952.4,845,0.0,939.4,15,0,0,0,21.74,0.7868181281211921,0.0002494122204426341,-11.344470766330055,15.528471808962804,-0.997669398083878,0.004871101901057329,42.56030100647745,-1.8082802672076283e-07,-0.00046365586495666303,3.2320096381619986e-06,-0.6135417330225721,17.98005599986739,-0.7699900704903334,0.00026782006247718466,0.05221667248547692,23502,0.06763089256227152,0.0121,index_dividend_yield,0.065,11.84,65,23446.6,23494.95,23403.05,23431.5,mid_price,ok
2026-09-10T08:34:55.016498+00:00,2026-09-10T14:04:55.016498+05:30,NIFTY,29-Sep-2026,22600.0,PE,23419.15,32.3,455,32.5,780,32.2,32.4,6509,-98,4391,-0.9230769230769231,13.69,-0.10703720403065517,0.00025162495908497,-3.1729746143237763,9.86526179966016,-1.6303822741276577,0.004998608000609084,108.37366813881388,-4.3486797326889763e-07,0.0009263359095581147,-1.873830048665923e-06,-0.5909422414689036,-65.69674157392315,0.112605144590685,0.0002701961120564088,0.05221667248547692,23502,0.06763089256227152,0.0121,index_dividend_yield,0.065,11.84,65,23446.6,23494.95,23403.05,23431.5,mid_price,ok
2026-09-10T08:34:55.016498+00:00,2026-09-10T14:04:55.016498+05:30,NIFTY,29-Sep-2026,22650.0,CE,23419.15,879.1,325,941.4,650,0.0,910.25,3,0,0,0,0,,,,,,,,,,,,,,,0.05221667248547692,23502,0.06763089256227152,0.0121,index_dividend_yield,0.065,11.84,65,23446.6,23494.95,23403.05,23431.5,mid_price,no_nse_iv
2026-09-10T08:34:55.016498+00:00,2026-09-10T14:04:55.016498+05:30,NIFTY,29-Sep-2026,22650.0,PE,23419.15,34.8,1430,35.35,130,34.4,35.075,1609,50,718,1.9259259259259258,13.43,-0.11626183064192278,0.0002721236367425966,-3.285566999353295,10.46631324318483,-1.6933505500523958,0.005039493491880875,108.15851549349631,-4.605225129221812e-07,0.0007860484070621474,-1.2297764071178487e-06,-0.5963220685104744,-65.80521291750163,0.12203660935376995,0.00029091901617250317,0.05221667248547692,23502,0.06763089256227152,0.0121,index_dividend_yield,0.065,11.84,65,23446.6,23494.95,23403.05,23431.5,mid_price,ok
2026-09-10T08:34:55.016498+00:00,2026-09-10T14:04:55.016498+05:30,NIFTY,29-Sep-2026,22700.0,CE,23419.15,839.25,65,846.25,130,846.25,842.75,27,-1,2,-3.9934199330648363,8.15,0.9659397722889576,0.00017058073753578533,-3.9896724340488507,3.9814296467636336,-1.6554232327076202,0.0029926057466059803,162.32532168240076,-7.280272840193498e-07,0.0048622283778638154,-7.961175157616507e-06,-0.3946078223344589,28.74232138545723,-0.9618697723701618,0.0001815601487889994,0.05221667248547692,23502,0.06763089256227152,0.0121,index_dividend_yield,0.065,11.84,65,23446.6,23494.95,23403.05,23431.5,mid_price,ok
2026-09-10T08:34:55.016498+00:00,2026-09-10T14:04:55.016498+05:30,NIFTY,29-Sep-2026,22700.0,PE,23419.15,38.4,1365,38.65,195,38.35,38.525,10954,1970,7250,-0.38961038961038963,13.24,-0.12762285093338666,0.0002947105207682744,-3.4401093037802952,11.174679457985363,-1.74597191977105,0.005060952571835559,106.26927263324148,-4.820950668235987e-07,0.0005769080322004993,-3.9143687399051906e-07,-0.6010465055811167,-65.38779137421082,0.13367963937557195,0.00031367953248030874,0.05221667248547692,23502,0.06763089256227152,0.0121,index_dividend_yield,0.065,11.84,65,23446.6,23494.95,23403.05,23431.5,mid_price,ok
2026-09-10T08:34:55.016498+00:00,2026-09-10T14:04:55.016498+05:30,NIFTY,29-Sep-2026,22750.0,CE,23419.15,782.4,325,809.1,260,0.0,795.75,3,0,0,0,15.74,0.8156264777688033,0.0003154778376156027,-8.494987441982207,14.220832883394177,-1.4600238967733548,0.004986483329524449,70.38133229180055,-3.484293221819928e-07,-0.00044290057068109134,2.9828920951403327e-06,-0.6116542250849513,23.371072329481276,-0.8036911862694872,0.00033430918585726087,0.05221667248547692,23502,0.06763089256227152,0.0121,index_dividend_yield,0.065,11.84,65,23446.6,23494.95,23403.05,23431.5,mid_price,ok
2026-09-10T08:34:55.016498+00:00,2026-09-10T14:04:55.016498+05:30,NIFTY,29-Sep-2026,22750.0,PE,23419.15,42.8,195,43.05,130,41.9,42.925,1566,-15,409,-1.2956419316843346,13.04,-0.13988066904072172,0.0003187034850403217,-3.587811658513582,11.901887842174267,-1.7919351011256301,0.005044858192020135,103.61480055706362,-5.029115624552986e-07,0.0003306777841767842,5.51441441772407e-07,-0.6037839676510774,-65.00475491332996,0.14621015102099788,0.00033772737704485976,0.05221667248547692,23502,0.06763089256227152,0.0121,index_dividend_yield,0.065,11.84,65,23446.6,23494.95,23403.05,23431.5,mid_price,ok
2026-09-10T08:34:55.016498+00:00,2026-09-10T14:04:55.016498+05:30,NIFTY,29-Sep-2026,22800.0,CE,23419.15,747.75,65,753.05,65,758,750.4,207,5,249,-5.621614891365249,11.62,0.8694461101597694,0.00033998274104232837,-6.271339638167617,11.313955036916907,-2.001000630293237,0.004975815796012251,120.6210214989456,-6.242247881315274e-07,0.0006990916396488057,-3.2637299935333805e-08,-0.5946054334817017,28.180267720169297,-0.8613656832463137,0.0003586983950766294,0.05221667248547692,23502,0.06763089256227152,0.0121,index_dividend_yield,0.065,11.84,65,23446.6,23494.95,23403.05,23431.5,mid_price,ok
2026-09-10T08:34:55.016498+00:00,2026-09-10T14:04:55.016498+05:30,NIFTY,29-Sep-2026,22800.0,PE,23419.15,47.05,260,47.25,260,47.2,47.15,17484,1512,14785,-0.4219409282700422,12.82,-0.1529268789478682,0.0003441722514119543,-3.7209132582465876,12.636166141095732,-1.831259397775911,0.004986919193026157,100.31196044643309,-5.233678084537812e-07,4.772155166730052e-05,1.5913571035982167e-06,-0.6044983836874991,-64.7237895072704,0.15950663962474637,0.0003631185331140323,0.05221667248547692,23502,0.06763089256227152,0.0121,index_dividend_yield,0.065,11.84,65,23446.6,23494.95,23403.05,23431.5,mid_price,ok
2026-09-10T08:34:55.016498+00:00,2026-09-10T14:04:55.016498+05:30,NIFTY,29-Sep-2026,22850.0,CE,23419.15,700.35,65,716.05,260,0.0,708.2,5,0,0,0,0,,,,,,,,,,,,,,,0.05221667248547692,23502,0.06763089256227152,0.0121,index_dividend_yield,0.065,11.84,65,23446.6,23494.95,23403.05,23431.5,mid_price,no_nse_iv
2026-09-10T08:34:55.016498+00:00,2026-09-10T14:04:55.016498+05:30,NIFTY,29-Sep-2026,22850.0,PE,23419.15,52.95,65,53.2,195,52.85,53.075,1524,301,1450,1.8304431599229287,12.71,-0.16924386364697183,0.0003708949788294196,-3.916009057216505,13.50044095846926,-1.8413331675852518,0.004876518518854456,94.27964938549671,-5.321716849513319e-07,-0.00032785963259625186,2.874380628158752e-06,-0.6036725406945695,-63.637421647765564,0.17618515144679933,0.00038960166267743175,0.05221667248547692,23502,0.06763089256227152,0.0121,index_dividend_yield,0.065,11.84,65,23446.6,23494.95,23403.05,23431.5,mid_price,ok
2026-09-10T08:34:55.016498+00:00,2026-09-10T14:04:55.016498+05:30,NIFTY,29-Sep-2026,22900.0,CE,23419.15,662.5,325,665.95,130,665.5,664.225,85,10,30,-6.714325763947294,9.65,0.8749687967212736,0.00039720186273324695,-5.639410254389302,10.977161134365598,-2.403675615904155,0.004767093375636189,148.30813191795576,-8.913797307061869e-07,0.0012509807435368144,-1.470175213667737e-07,-0.5799114342033374,33.36638270203234,-0.8679870576886821,0.00041541537704181,0.05221667248547692,23502,0.06763089256227152,0.0121,index_dividend_yield,0.065,11.84,65,23446.6,23494.95,23403.05,23431.5,mid_price,ok
2026-09-10T08:34:55.016498+00:00,2026-09-10T14:04:55.016498+05:30,NIFTY,29-Sep-2026,22900.0,PE,23419.15,58.85,390,59,325,58.95,58.925,11455,1615,16442,0.6831767719897524,12.52,-0.18543295730088122,0.00039888055305836067,-4.055890919095782,14.302061513688045,-1.848179886587198,0.004711766021022551,88.46653083985511,-5.434959511191246e-07,-0.0007185103517216873,4.179250269642672e-06,-0.6005381931251019,-63.06786111385131,0.19264364785029023,0.000417171042963276,0.05221667248547692,23502,0.06763089256227152,0.0121,index_dividend_yield,0.065,11.84,65,23446.6,23494.95,23403.05,23431.5,mid_price,ok
2026-09-10T08:34:55.016498+00:00,2026-09-10T14:04:55.016498+05:30,NIFTY,29-Sep-2026,22950.0,CE,23419.15,614.55,65,629.95,260,622.65,622.25,10,5,14,-30.816666666666666,9.5,0.8572108510956001,0.0004422785038625972,-5.807017667065515,12.032916042840691,-2.481782039261138,0.004713696879367513,142.15608607254015,-9.349867073999578e-07,0.0005700930396554914,1.7519041189019554e-06,-0.5836055808696603,35.254190541108485,-0.8499219787138625,0.00046054567542249016,0.05221667248547692,23502,0.06763089256227152,0.0121,index_dividend_yield,0.065,11.84,65,23446.6,23494.95,23403.05,23431.5,mid_price,ok
2026-09-10T08:34:55.016498+00:00,2026-09-10T14:04:55.016498+05:30,NIFTY,29-Sep-2026,22950.0,PE,23419.15,65.7,65,66.15,260,65,65.92500000000001,2108,238,996,1.0101010101010102,12.38,-0.2039583485684832,0.00042745102460557525,-4.216098617309513,15.15508779214011,-1.8273440375198013,0.004478666589411234,80.88748525469391,-5.453440559384972e-07,-0.001171215878206566,5.628806841358788e-06,-0.5956105525519284,-62.11968848799513,0.21147815016915428,0.0004451057854219587,0.05221667248547692,23502,0.06763089256227152,0.0121,index_dividend_yield,0.065,11.84,65,23446.6,23494.95,23403.05,23431.5,mid_price,ok
2026-09-10T08:34:55.016498+00:00,2026-09-10T14:04:55.016498+05:30,NIFTY,29-Sep-2026,23000.0,CE,23419.15,576.95,65,579.55,325,578,578.25,10918,1144,5559,-6.961770623742455,9.81,0.8258872589197355,0.00048819233164770553,-6.238297897213679,13.715492601195363,-2.3974574976019514,0.004541743656442221,120.61987521954353,-8.797308833663997e-07,-0.0006826994424987429,4.739306300836443e-06,-0.5864534732514066,36.37467520209796,-0.8178193753294793,0.0005061480148952728,0.05221667248547692,23502,0.06763089256227152,0.0121,index_dividend_yield,0.065,11.84,65,23446.6,23494.95,23403.05,23431.5,mid_price,ok
2026-09-10T08:34:55.016498+00:00,2026-09-10T14:04:55.016498+05:30,NIFTY,29-Sep-2026,23000.0,PE,23419.15,74.25,910,74.6,325,74.45,74.425,93188.76923076923,1464.7692307692307,51456,1.7771701982228298,12.25,-0.22413054688163273,0.00045636279568663115,-4.369151341746229,16.010237341113875,-1.7825124050281915,0.0041734722283500725,72.29551319977823,-5.400513635674997e-07,-0.001664610527563309,7.155645265682366e-06,-0.5890455725679242,-61.07249311039849,0.23195187249391966,0.0004731477906038325,0.05221667248547692,23502,0.06763089256227152,0.0121,index_dividend_yield,0.065,11.84,65,23446.6,23494.95,23403.05,23431.5,mid_price,ok
2026-09-10T08:34:55.016498+00:00,2026-09-10T14:04:55.016498+05:30,NIFTY,29-Sep-2026,23050.0,CE,23419.15,534.35,325,542.45,65,572.05,538.4000000000001,5,0,2,-7.412802460144048,11.92,0.7570379607086543,0.0004897639725148156,-7.704293932220137,16.71916330177916,-1.7589909627442335,0.0038647172975516675,65.73990704821142,-5.492305528576865e-07,-0.0021829836143041426,8.66367085480558e-06,-0.5815571771179435,33.76650433181252,-0.7463832154239023,0.0005055769108278769,0.05221667248547692,23502,0.06763089256227152,0.0121,index_dividend_yield,0.065,11.84,65,23446.6,23494.95,23403.05,23431.5,mid_price,ok
2026-09-10T08:34:55.016498+00:00,2026-09-10T14:04:55.016498+05:30,NIFTY,29-Sep-2026,23050.0,PE,23419.15,82.3,130,82.75,65,80.55,82.525,1753,63,1260,-0.37105751391465674,12.09,-0.24528738257607957,0.00048604731973006103,-4.488110812914841,16.82892220734873,-1.720093296102232,0.0037991801105528578,63.41764073798117,-5.308631959553414e-07,-0.002188625571182095,8.715605576729239e-06,-0.5813042868787051,-60.185598297034105,0.25335649160681756,0.0005017402590139683,0.05221667248547692,23502,0.06763089256227152,0.0121,index_dividend_yield,0.065,11.84,65,23446.6,23494.95,23403.05,23431.5,mid_price,ok
2026-09-10T08:34:55.016498+00:00,2026-09-10T14:04:55.016498+05:30,NIFTY,29-Sep-2026,23100.0,CE,23419.15,497.35,325,499.45,130,500,498.4,245,52,215,-9.395669112983601,10.12,0.7650959292948798,0.0005662926553385695,-6.872703468709872,16.412430155183472,-2.1252177773829484,0.0037468304648877737,82.38953277267669,-7.666382155962617e-07,-0.002752940805921737,9.899996596817828e-06,-0.5742868177567715,39.150070042023195,-0.7558538611544228,0.0005820485688667997,0.05221667248547692,23502,0.06763089256227152,0.0121,index_dividend_yield,0.065,11.84,65,23446.6,23494.95,23403.05,23431.5,mid_price,ok
2026-09-10T08:34:55.016498+00:00,2026-09-10T14:04:55.016498+05:30,NIFTY,29-Sep-2026,23100.0,PE,23419.15,92.8,390,93.3,65,93,93.05,12543,313,8698,3.104212860310421,11.97,-0.26867389903047906,0.0005147353464003943,-4.610130802071559,17.645322151803665,-1.6224267072985354,0.003340101584054955,53.51417792319069,-5.096146881310422e-07,-0.0027391859971249034,1.0301849668790507e-05,-0.5727962560056525,-59.00937483164526,0.2770018790221331,0.0005290567852030208,0.05221667248547692,23502,0.06763089256227152,0.0121,index_dividend_yield,0.065,11.84,65,23446.6,23494.95,23403.05,23431.5,mid_price,ok
2026-09-10T08:34:55.016498+00:00,2026-09-10T14:04:55.016498+05:30,NIFTY,29-Sep-2026,23150.0,CE,23419.15,457.75,65,462.55,65,480,460.15,70,34,81,-6.222526130702354,10.93,0.7205725065607564,0.0005741141876050591,-7.521258352293716,17.970902615071907,-1.7234551538617415,0.003018273459761911,54.041748700045744,-5.888598461073665e-07,-0.0035262828145533583,1.2085180857266016e-05,-0.5647598210966223,38.79455531791452,-0.7101601232970997,0.0005875414966209327,0.05221667248547692,23502,0.06763089256227152,0.0121,index_dividend_yield,0.065,11.84,65,23446.6,23494.95,23403.05,23431.5,mid_price,ok
2026-09-10T08:34:55.016498+00:00,2026-09-10T14:04:55.016498+05:30,NIFTY,29-Sep-2026,23150.0,PE,23419.15,103.6,260,104.1,65,103.8,103.85,3918,25,1642,4.06015037593985,11.86,-0.2937247850458777,0.0005423579549922135,-4.713419692481411,18.421379644351997,-1.4945229521517167,0.0028006072131318,43.351312301780354,-4.78721588428652e-07,-0.0032967729152001755,1.1850617104576305e-05,-0.5641936774696781,-57.74616218569483,0.30228535087176905,0.0005550425533110192,0.05221667248547692,23502,0.06763089256227152,0.0121,index_dividend_yield,0.065,11.84,65,23446.6,23494.95,23403.05,23431.5,mid_price,ok
2026-09-10T08:34:55.016498+00:00,2026-09-10T14:04:55.016498+05:30,NIFTY,29-Sep-2026,23200.0,CE,23419.15,421.7,65,423.3,65,423.25,422.5,1131,183,1193,-8.555687587771416,10.07,0.7049993513710587,0.0006394120078093129,-7.195931578637735,18.440033589542466,-1.7695950877208988,0.0025290174399958953,51.154377451231525,-6.53785706447596e-07,-0.004576096830951086,1.4289516768582472e-05,-0.5555945771336539,42.974540705668666,-0.6950988494809226,0.000651548988021099,0.05221667248547692,23502,0.06763089256227152,0.0121,index_dividend_yield,0.065,11.84,65,23446.6,23494.95,23403.05,23431.5,mid_price,ok
2026-09-10T08:34:55.016498+00:00,2026-09-10T14:04:55.016498+05:30,NIFTY,29-Sep-2026,23200.0,PE,23419.15,116.45,65,116.85,65,116.25,116.65,20282,-115,11669,4.5413669064748206,11.74,-0.32010541816527194,0.0005690719530690135,-4.782700725703807,19.133161093496014,-1.3400834876709788,0.0021861763188427696,33.48133546230159,-4.397620256622912e-07,-0.003851643824364509,1.332079098794088e-05,-0.5562182018480613,-56.518595191953175,0.32884639133616816,0.0005798737756014749,0.05221667248547692,23502,0.06763089256227152,0.0121,index_dividend_yield,0.065,11.84,65,23446.6,23494.95,23403.05,23431.5,mid_price,ok
2026-09-10T08:34:55.016498+00:00,2026-09-10T14:04:55.016498+05:30,NIFTY,29-Sep-2026,23250.0,CE,23419.15,386,325,387.55,65,387.55,386.775,176,60,150,-8.801035415931286,10.04,0.672438437674518,0.0006712375421136618,-7.303602297169109,19.300181835156554,-1.5263873052643873,0.001765170981844033,36.58446826608852,-5.748298455317917e-07,-0.005413627829277455,1.618532946864664e-05,-0.5474841018102552,45.03467859797015,-0.6622904072939442,0.0006810399375237079,0.05221667248547692,23502,0.06763089256227152,0.0121,index_dividend_yield,0.065,11.84,65,23446.6,23494.95,23403.05,23431.5,mid_price,ok
2026-09-10T08:34:55.016498+00:00,2026-09-10T14:04:55.016498+05:30,NIFTY,29-Sep-2026,23250.0,PE,23419.15,130.05,715,130.45,130,129.95,130.25,2411,210,2124,4.377510040160643,11.71,-0.34896848066552444,0.0005901945735797621,-4.869314682729699,19.792632303497207,-1.1394827823703324,0.0014865054448897628,23.631785518297477,-3.8343674169920286e-07,-0.004335658949231665,1.4582382790244342e-05,-0.549688275656365,-54.76826984290129,0.35792540350985125,0.0005988134606594015,0.05221667248547692,23502,0.06763089256227152,0.0121,index_dividend_yield,0.065,11.84,65,23446.6,23494.95,23403.05,23431.5,mid_price,ok
2026-09-10T08:34:55.016498+00:00,2026-09-10T14:04:55.016498+05:30,NIFTY,29-Sep-2026,23300.0,CE,23419.15,351.25,325,352.5,130,351.25,351.875,2139,666,3877,-11.008360780339498,10.05,0.6378780813280422,0.0006963091337952564,-7.392391869459108,20.04100993049146,-1.233153984935953,0.0009095345056151505,23.354728168019534,-4.7639487184990283e-07,-0.006117497120096318,1.771300875482969e-05,-0.5419564367419554,47.03103783417258,-0.6275077455507235,0.0007034488217227189,0.05221667248547692,23502,0.06763089256227152,0.0121,index_dividend_yield,0.065,11.84,65,23446.6,23494.95,23403.05,23431.5,mid_price,ok
2026-09-10T08:34:55.016498+00:00,2026-09-10T14:04:55.016498+05:30,NIFTY,29-Sep-2026,23300.0,PE,23419.15,145.7,65,146,195,145.75,145.85,33884,1346,15904,4.630294328786791,11.6,-0.3780835374309869,0.0006121374916261511,-4.875707934226538,20.33566684135025,-0.9283846908831328,0.0007355146479099961,15.397158721066617,-3.256824223833514e-07,-0.004813874640778311,1.5712378617158433e-05,-0.5452611021892118,-53.45768773557642,0.38712569889610826,0.0006184141156811727,0.05221667248547692,23502,0.06763089256227152,0.0121,index_dividend_yield,0.065,11.84,65,23446.6,23494.95,23403.05,23431.5,mid_price,ok
2026-09-10T08:34:55.016498+00:00,2026-09-10T14:04:55.016498+05:30,NIFTY,29-Sep-2026,23350.0,CE,23419.15,318.05,65,319.85,65,320.6,318.95000000000005,398,166,746,-10.032271643047565,10.19,0.6011327983521801,0.0007073166121541518,-7.506698000962653,20.641416237434605,-0.885743892210189,-1.2780930535583046e-05,12.195596077601678,-3.5518942480735837e-07,-0.00652394588512037,1.860266408587575e-05,-0.5404202486695944,48.53947929591492,-0.5904919411581362,0.0007115121896733692,0.05221667248547692,23502,0.06763089256227152,0.0121,index_dividend_yield,0.065,11.84,65,23446.6,23494.95,23403.05,23431.5,mid_price,ok
2026-09-10T08:34:55.016498+00:00,2026-09-10T14:04:55.016498+05:30,NIFTY,29-Sep-2026,23350.0,PE,23419.15,162.05,260,162.7,260,162,162.375,3831,179,2781,4.75266731328807,11.47,-0.4082763378542691,0.0006323791410232356,-4.832268325232253,20.772673913060327,-0.6941706855521923,-7.090365493184203e-05,8.59369048758829,-2.601861645723671e-07,-0.00525208504514158,1.663962880422466e-05,-0.5436004098799643,-52.2294849017779,0.417325550328428,0.0006361302132617607,0.05221667248547692,23502,0.06763089256227152,0.0121,index_dividend_yield,0.065,11.84,65,23446.6,23494.95,23403.05,23431.5,mid_price,ok
2026-09-10T08:34:55.016498+00:00,2026-09-10T14:04:55.016498+05:30,NIFTY,29-Sep-2026,23400.0,CE,23419.15,288.1,325,289,520,289.4,288.55,15800,11299,29963,-11.362940275650843,10.09,0.5658831124995588,0.0007281593526676072,-7.444181955885859,21.041129425194722,-0.5602336164355903,-0.0009698954211059263,5.001611429035435,-2.494753988227581e-07,-0.007044222010190826,1.9440541236007743e-05,-0.54252240248519,51.10917059315877,-0.5552651101157599,0.0007293516567209823,0.05221667248547692,23502,0.06763089256227152,0.0121,index_dividend_yield,0.065,11.84,65,23446.6,23494.95,23403.05,23431.5,mid_price,ok
2026-09-10T08:34:55.016498+00:00,2026-09-10T14:04:55.016498+05:30,NIFTY,29-Sep-2026,23400.0,PE,23419.15,180.65,390,181.15,65,181.4,180.9,27338,8552,40603,5.834305717619603,11.39,-0.4398781040915214,0.0006467150701731582,-4.77429120678768,21.095418949839203,-0.4310774050088617,-0.0009216263754767695,3.473839107373422,-1.8349850484052834e-07,-0.005571840645575725,1.7218919447622365e-05,-0.5454616033798168,-50.735674849086934,0.448915181242336,0.0006477740155766902,0.05221667248547692,23502,0.06763089256227152,0.0121,index_dividend_yield,0.065,11.84,65,23446.6,23494.95,23403.05,23431.5,mid_price,ok
2026-09-10T08:34:55.016498+00:00,2026-09-10T14:04:55.016498+05:30,NIFTY,29-Sep-2026,23450.0,CE,23419.15,257.8,65,258.65,195,258,258.225,1597,745,6332,-11.945392491467576,9.91,0.5296253272913679,0.0007496513208284104,-7.288211536438375,21.275727265245802,-0.21074033676926618,-0.001979454127136293,0.8478175361332774,-1.3419325011247758e-07,-0.007535484209368213,1.9982836526813083e-05,-0.5494641605068225,54.25339401676485,-0.5191793452616793,0.0007476801881307391,0.05221667248547692,23502,0.06763089256227152,0.0121,index_dividend_yield,0.065,11.84,65,23446.6,23494.95,23403.05,23431.5,mid_price,ok
2026-09-10T08:34:55.016498+00:00,2026-09-10T14:04:55.016498+05:30,NIFTY,29-Sep-2026,23450.0,PE,23419.15,200.5,325,201.05,65,200.35,200.775,4445,1995,8344,4.186167446697868,11.34,-0.47229497952033483,0.0006554211741373534,-4.68920408737027,21.285554665751878,-0.15027274912415844,-0.001793596602902736,0.5529287914054493,-9.985397186634322e-08,-0.0057631485035975405,1.742498173563792e-05,-0.5512129338776788,-49.10717935981934,0.48127862820506473,0.0006536978101263881,0.05221667248547692,23502,0.06763089256227152,0.0121,index_dividend_yield,0.065,11.84,65,23446.6,23494.95,23403.05,23431.5,mid_price,ok
2026-09-10T08:34:55.016498+00:00,2026-09-10T14:04:55.016498+05:30,NIFTY,29-Sep-2026,23500.0,CE,23419.15,231,65,231.15,130,231,231.075,35045,8678,51207,-13.741598207617626,9.96,0.4922379996228688,0.0007478678308590505,-7.20824233241309,21.33219969415807,0.16585305867189426,-0.0029561967886816416,0.1658033465226083,-4.838511162281407e-09,-0.007503655729732299,1.9548336244929886e-05,-0.5619488886917487,56.32608305438782,-0.48183548018316125,0.0007427307158578812,0.05221667248547692,23502,0.06763089256227152,0.0121,index_dividend_yield,0.065,11.84,65,23446.6,23494.95,23403.05,23431.5,mid_price,ok
2026-09-10T08:34:55.016498+00:00,2026-09-10T14:04:55.016498+05:30,NIFTY,29-Sep-2026,23500.0,PE,23419.15,223.45,130,224.05,65,224,223.75,72313,1934,57789,6.590530573399953,11.34,-0.5050437025789108,0.0006569126833009447,-4.588028654761586,21.333993137209376,0.13836274902639945,-0.002658720104417589,0.09955521291438174,-1.273696120474945e-08,-0.005790265078521833,1.7203943655967418e-05,-0.5609247952741505,-47.288488102232705,0.5139494494239175,0.000652400340530475,0.05221667248547692,23502,0.06763089256227152,0.0121,index_dividend_yield,0.065,11.84,65,23446.6,23494.95,23403.05,23431.5,mid_price,ok
2026-09-10T08:34:55.016498+00:00,2026-09-10T14:04:55.016498+05:30,NIFTY,29-Sep-2026,23550.0,CE,23419.15,203.95,1040,204.65,195,203.95,204.3,2873,1419,5427,-14.504296793125132,9.9,0.45477570087194186,0.0007477525754694739,-7.017638369392641,21.200424724129565,0.5422735114611887,-0.003932353798471011,3.2760977912964506,1.2507803897038467e-07,-0.007438247384404864,1.880771443290804e-05,-0.5793689233380661,59.09575041289033,-0.44459603231282635,0.0007394662397932686,0.05221667248547692,23502,0.06763089256227152,0.0121,index_dividend_yield,0.065,11.84,65,23446.6,23494.95,23403.05,23431.5,mid_price,ok
2026-09-10T08:34:55.016498+00:00,2026-09-10T14:04:55.016498+05:30,NIFTY,29-Sep-2026,23550.0,PE,23419.15,246,390,246.8,195,246.05,246.4,3346,610,3879,6.170442286947141,11.28,-0.537943026624948,0.0006574232616234756,-4.409765377487932,21.237608750085514,0.4288455697298299,-0.0035192446055787308,2.2058677863228127,7.568956885377921e-08,-0.005760380961302488,1.6717928644895e-05,-0.5745063443135834,-45.7525255631388,0.5466464133002027,0.0006501379241925244,0.05221667248547692,23502,0.06763089256227152,0.0121,index_dividend_yield,0.065,11.84,65,23446.6,23494.95,23403.05,23431.5,mid_price,ok
2026-09-10T08:34:55.016498+00:00,2026-09-10T14:04:55.016498+05:30,NIFTY,29-Sep-2026,23600.0,CE,23419.15,180.8,195,181.25,325,180.85,181.025,14938,2022,22485,-15.981416957026713,9.88,0.4177038693501106,0.0007380570331349542,-6.802349166541357,20.88326103678792,0.907220792507657,-0.004843981407862907,10.055514310794322,2.5213181284775544e-07,-0.007115505506260957,1.749026983489878e-05,-0.6010476009516346,61.71957413456232,-0.40778704050789805,0.0007267887122948362,0.05221667248547692,23502,0.06763089256227152,0.0121,index_dividend_yield,0.065,11.84,65,23446.6,23494.95,23403.05,23431.5,mid_price,ok
2026-09-10T08:34:55.016498+00:00,2026-09-10T14:04:55.016498+05:30,NIFTY,29-Sep-2026,23600.0,PE,23419.15,273.8,65,274.7,130,274.1,274.25,27707,-139,16620,7.998423955870765,11.28,-0.5704315310478115,0.0006500406104991398,-4.223907480039984,20.99911725568685,0.7102842648626373,-0.004328340185104085,6.781364260907807,1.6180629943610027e-07,-0.0055532619102020685,1.5807212007793543e-05,-0.5913865032380272,-44.01714661231194,0.5789202307775854,0.0006401160845758554,0.05221667248547692,23502,0.06763089256227152,0.0121,index_dividend_yield,0.065,11.84,65,23446.6,23494.95,23403.05,23431.5,mid_price,ok
2026-09-10T08:34:55.016498+00:00,2026-09-10T14:04:55.016498+05:30,NIFTY,29-Sep-2026,23650.0,CE,23419.15,158.7,130,159.3,65,158.65,159.0,3431,116,3398,-16.456029489204845,9.84,0.3810272870976783,0.0007233362175206869,-6.530650417105353,20.3838755272399,1.2567611128571077,-0.0056882018639002885,20.323516360727822,3.757093843378502e-07,-0.006630360003042875,1.5733885916456168e-05,-0.626300298862688,64.57235823852383,-0.3714648598790421,0.0007092840229280241,0.05221667248547692,23502,0.06763089256227152,0.0121,index_dividend_yield,0.065,11.84,65,23446.6,23494.95,23403.05,23431.5,mid_price,ok
2026-09-10T08:34:55.016498+00:00,2026-09-10T14:04:55.016498+05:30,NIFTY,29-Sep-2026,23650.0,PE,23419.15,299.05,130,300.45,65,294,299.75,3856,-13,1018,4.943780117794039,11.19,-0.6032665601463177,0.0006431803605268651,-3.9441897430265778,20.611723635068373,0.9926357611795833,-0.005118443908568415,13.96134611602129,2.505519504506584e-07,-0.00531252895208525,1.466213333366402e-05,-0.611794984459678,-42.633683668651834,0.6113898942716179,0.0006306853473291554,0.05221667248547692,23502,0.06763089256227152,0.0121,index_dividend_yield,0.065,11.84,65,23446.6,23494.95,23403.05,23431.5,mid_price,ok
2026-09-10T08:34:55.016498+00:00,2026-09-10T14:04:55.016498+05:30,NIFTY,29-Sep-2026,23700.0,CE,23419.15,139.05,325,139.45,65,139.5,139.25,17798,1153,17686,-17.601890135853516,9.87,0.346274735920104,0.0006982258501121731,-6.264090928281383,19.73624490233597,1.5596097583409352,-0.006398287260482083,32.95467432134913,4.813051751667561e-07,-0.005908794694839826,1.3552810265693958e-05,-0.6525693801486305,66.97253441564438,-0.33706217840309827,0.0006817756529650488,0.05221667248547692,23502,0.06763089256227152,0.0121,index_dividend_yield,0.065,11.84,65,23446.6,23494.95,23403.05,23431.5,mid_price,ok
2026-09-10T08:34:55.016498+00:00,2026-09-10T14:04:55.016498+05:30,NIFTY,29-Sep-2026,23700.0,PE,23419.15,331.4,195,332.45,195,331.6,331.92499999999995,21598,-432,6349,7.418205377389051,11.37,-0.6324904531700413,0.0006185408573694253,-3.7956838092441796,20.14096645363312,1.2099253852456138,-0.005730927113443362,21.985199021612445,3.135062925974442e-07,-0.004765228129410272,1.3065227893407417e-05,-0.6314980188284736,-40.43197510476715,0.6404532543583327,0.0006039680382083422,0.05221667248547692,23502,0.06763089256227152,0.0121,index_dividend_yield,0.065,11.84,65,23446.6,23494.95,23403.05,23431.5,mid_price,ok
2026-09-10T08:34:55.016498+00:00,2026-09-10T14:04:55.016498+05:30,NIFTY,29-Sep-2026,23750.0,CE,23419.15,120.85,325,121.3,65,121.15,121.07499999999999,3980,-535,5074,-18.90896921017403,9.76,0.3104561457877967,0.0006756440238232534,-5.870851388747322,18.885096433200548,1.8669443180092948,-0.007064763008916174,49.360372115089035,5.967043007464348e-07,-0.005156924031536321,1.1057308151410284e-05,-0.6818741828902191,70.59334635593395,-0.3017947817901086,0.0006569509852996027,0.05221667248547692,23502,0.06763089256227152,0.0121,index_dividend_yield,0.065,11.84,65,23446.6,23494.95,23403.05,23431.5,mid_price,ok
2026-09-10T08:34:55.016498+00:00,2026-09-10T14:04:55.016498+05:30,NIFTY,29-Sep-2026,23750.0,PE,23419.15,360.5,65,363.25,65,354.25,361.875,3576,-149,655,5.306183115338882,11.25,-0.6643057382151334,0.0006049399642321221,-3.4268081838948614,19.49019786857579,1.4604577046736789,-0.006387222878988852,33.249875799644,3.9488956604462013e-07,-0.004345457736003723,1.1395292078439651e-05,-0.6555982072925559,-39.20918381982921,0.671758195855603,0.0005882030944350687,0.05221667248547692,23502,0.06763089256227152,0.0121,index_dividend_yield,0.065,11.84,65,23446.6,23494.95,23403.05,23431.5,mid_price,ok
2026-09-10T08:34:55.016498+00:00,2026-09-10T14:04:55.016498+05:30,NIFTY,29-Sep-2026,23800.0,CE,23419.15,105.25,65,105.45,455,105.35,105.35,42526,2709,27427,-18.992695117262592,9.83,0.2794504267256602,0.0006390867157654164,-5.572142035592046,17.991391643067303,2.0741023759996424,-0.007510181420133488,64.82189517958936,6.676387838497078e-07,-0.0041989191805079824,8.440061401425144e-06,-0.706392940896695,72.74251402193299,-0.27119846881674226,0.000618796904788491,0.05221667248547692,23502,0.06763089256227152,0.0121,index_dividend_yield,0.065,11.84,65,23446.6,23494.95,23403.05,23431.5,mid_price,ok
2026-09-10T08:34:55.016498+00:00,2026-09-10T14:04:55.016498+05:30,NIFTY,29-Sep-2026,23800.0,PE,23419.15,395.85,65,397.2,260,397.9,396.525,32917,-911,7917,7.337469652009712,11.35,-0.691906903078379,0.0005785377814851023,-3.173861131611395,18.80524677209215,1.6361671886813145,-0.006860055767172523,44.00237813451291,4.465513237910239e-07,-0.0037436760034597065,9.541711509775965e-06,-0.6766021277677687,-37.42466804203083,0.6990270827458065,0.0005601702862144742,0.05221667248547692,23502,0.06763089256227152,0.0121,index_dividend_yield,0.065,11.84,65,23446.6,23494.95,23403.05,23431.5,mid_price,ok
2026-09-10T08:34:55.016498+00:00,2026-09-10T14:04:55.016498+05:30,NIFTY,29-Sep-2026,23850.0,CE,23419.15,91.7,65,91.9,325,91.7,91.80000000000001,3476,409,3965,-18.488888888888887,9.87,0.24982555738311427,0.000601228207912741,-5.234497313999579,16.99448273313299,2.242997358903792,-0.007841656136317793,80.97509671830316,7.270145456421548e-07,-0.0032267057501030516,5.766163559513195e-06,-0.7286487135009948,75.15823466515619,-0.24204851475014377,0.0005797020524910804,0.05221667248547692,23502,0.06763089256227152,0.0121,index_dividend_yield,0.065,11.84,65,23446.6,23494.95,23403.05,23431.5,mid_price,ok
2026-09-10T08:34:55.016498+00:00,2026-09-10T14:04:55.016498+05:30,NIFTY,29-Sep-2026,23850.0,PE,23419.15,431.6,65,434.6,65,433.8,433.1,1934,-180,547,9.187012333249434,11.67,-0.7140908310220776,0.0005436903830572796,-3.0548174119020644,18.170796165526088,1.7265245046791944,-0.007156494077883324,52.364046851284485,4.630284484125478e-07,-0.00309215549987909,7.809364599973049e-06,-0.692429626715068,-35.251610068162215,0.7210818163465342,0.0005242242909263332,0.05221667248547692,23502,0.06763089256227152,0.0121,index_dividend_yield,0.065,11.84,65,23446.6,23494.95,23403.05,23431.5,mid_price,ok
2026-09-10T08:34:55.016498+00:00,2026-09-10T14:04:55.016498+05:30,NIFTY,29-Sep-2026,23900.0,CE,23419.15,78.9,260,79.15,520,79.05,79.025,28419,-28,20721,-19.664634146341463,9.9,0.22199461115687455,0.0005616215978119805,-4.877122283215301,15.923203474602191,2.367307416675346,-0.008048508255413006,96.92353701246859,7.717028226142992e-07,-0.002254201880061478,3.1170867509722547e-06,-0.7470038070072533,77.6791374889171,-0.214727903543074,0.0005392501261630494,0.05221667248547692,23502,0.06763089256227152,0.0121,index_dividend_yield,0.065,11.84,65,23446.6,23494.95,23403.05,23431.5,mid_price,ok
2026-09-10T08:34:55.016498+00:00,2026-09-10T14:04:55.016498+05:30,NIFTY,29-Sep-2026,23900.0,PE,23419.15,469.6,260,471.45,260,471,470.525,16531,-454,1634,6.176735798016231,11.89,,,,,,,,,,,,,,,0.05221667248547692,,,,,,11.84,65,23446.6,23494.95,23403.05,23431.5,mid_price,no_price_available
2026-09-10T08:34:55.016498+00:00,2026-09-10T14:04:55.016498+05:30,NIFTY,29-Sep-2026,23950.0,CE,23419.15,68.4,195,68.7,325,68.75,68.55000000000001,4016,146,3510,-19.35483870967742,9.97,0.19720342867604215,0.0005201531016005284,-4.543585761933486,14.851755816590117,2.432881894457728,-0.008123388105685081,110.83156758101697,7.929380292331735e-07,-0.001335221852463795,6.886888842784966e-07,-0.7594587510158277,79.78360044488953,-0.1904154859073981,0.0004973503335096127,0.05221667248547692,23502,0.06763089256227152,0.0121,index_dividend_yield,0.065,11.84,65,23446.6,23494.95,23403.05,23431.5,mid_price,ok
2026-09-10T08:34:55.016498+00:00,2026-09-10T14:04:55.016498+05:30,NIFTY,29-Sep-2026,23950.0,PE,23419.15,506.55,65,510.2,65,505.95,508.375,2262,-67,549,7.317849188673242,11.56,,,,,,,,,,,,,,,0.05221667248547692,,,,,,11.84,65,23446.6,23494.95,23403.05,23431.5,mid_price,no_price_available
2026-09-10T08:34:55.016498+00:00,2026-09-10T14:04:55.016498+05:30,NIFTY,29-Sep-2026,24000.0,CE,23419.15,58.6,390,58.8,845,58.9,58.7,126699,3117,59769,-21.0455764075067,9.99,0.17329133936763974,0.00047906223253606754,-4.171460797128385,13.705941433747519,2.4705026059604616,-0.008095856567275267,124.39244336985222,8.086076866542504e-07,-0.0004471313310461266,-1.6784780533723532e-06,-0.7669898411601075,82.41366488633614,-0.16704551615757343,0.00045615423070206965,0.05221667248547692,23502,0.06763089256227152,0.0121,index_dividend_yield,0.065,11.84,65,23446.6,23494.95,23403.05,23431.5,mid_price,ok
2026-09-10T08:34:55.016498+00:00,2026-09-10T14:04:55.016498+05:30,NIFTY,29-Sep-2026,24000.0,PE,23419.15,549.05,390,550.75,715,551.1,549.9,100675.76923076923,-971,10090,7.124113130527748,11.88,,,,,,,,,,,,,,,0.05221667248547692,,,,,,11.84,65,23446.6,23494.95,23403.05,23431.5,mid_price,no_price_available
2026-09-10T08:34:55.016498+00:00,2026-09-10T14:04:55.016498+05:30,NIFTY,29-Sep-2026,24050.0,CE,23419.15,50.65,130,50.85,390,51,50.75,3925,-65,3498,-21.53846153846154,10.07,0.1529161209668017,0.0004381412608420814,-3.8495113247945,12.635576855325356,2.4539819268447336,-0.00796563171178069,134.43237608279367,8.008183692500168e-07,0.0003109887948546722,-3.636667152721634e-06,-0.7676619239129536,84.36033189663485,-0.14713990647262684,0.0004154571607552536,0.05221667248547692,23502,0.06763089256227152,0.0121,index_dividend_yield,0.065,11.84,65,23446.6,23494.95,23403.05,23431.5,mid_price,ok
2026-09-10T08:34:55.016498+00:00,2026-09-10T14:04:55.016498+05:30,NIFTY,29-Sep-2026,24050.0,PE,23419.15,588.25,65,593.95,65,585.35,591.1,1675,-63,121,7.838983050847458,12.18,,,,,,,,,,,,,,,0.05221667248547692,,,,,,11.84,65,23446.6,23494.95,23403.05,23431.5,mid_price,no_price_available
2026-09-10T08:34:55.016498+00:00,2026-09-10T14:04:55.016498+05:30,NIFTY,29-Sep-2026,24100.0,CE,23419.15,43.65,455,43.8,845,43.8,43.724999999999994,29846,1438,18309,-21.855486173059766,10.13,0.13403676038763992,0.0003984656927760698,-3.520538421799978,11.559840188004884,2.410120777847274,-0.007753435472694858,142.8016260487066,7.854562191769461e-07,0.0009893420933267702,-5.3829563022681775e-06,-0.7624889398444646,86.50435116360548,-0.12874437730032381,0.00037626957832334086,0.05221667248547692,23502,0.06763089256227152,0.0121,index_dividend_yield,0.065,11.84,65,23446.6,23494.95,23403.05,23431.5,mid_price,ok
2026-09-10T08:34:55.016498+00:00,2026-09-10T14:04:55.016498+05:30,NIFTY,29-Sep-2026,24100.0,PE,23419.15,632.35,130,634.8,65,633.2,633.575,15734,-274,2008,6.259439503272361,12.62,,,,,,,,,,,,,,,0.05221667248547692,,,,,,11.84,65,23446.6,23494.95,23403.05,23431.5,mid_price,no_price_available
2026-09-10T08:34:55.016498+00:00,2026-09-10T14:04:55.016498+05:30,NIFTY,29-Sep-2026,24150.0,CE,23419.15,38.05,130,38.2,195,38.4,38.125,4012,-1,3032,-23.429710867397805,10.2,0.11728735825876846,0.0003605335214458379,-3.2107245554916752,10.531670708854021,2.337558504541738,-0.007475121625504372,148.65477307363494,7.596962911150149e-07,0.001554827638245419,-6.817205313483336e-06,-0.7515089297716244,88.49672711269231,-0.11245267645965462,0.0003390421058364989,0.05221667248547692,23502,0.06763089256227152,0.0121,index_dividend_yield,0.065,11.84,65,23446.6,23494.95,23403.05,23431.5,mid_price,ok
2026-09-10T08:34:55.016498+00:00,2026-09-10T14:04:55.016498+05:30,NIFTY,29-Sep-2026,24150.0,PE,23419.15,677,65,681.7,65,649,679.35,2539,-36,132,4.064779924637216,11,,,,,,,,,,,,,,,0.05221667248547692,,,,,,11.84,65,23446.6,23494.95,23403.05,23431.5,mid_price,no_price_available
2026-09-10T08:34:55.016498+00:00,2026-09-10T14:04:55.016498+05:30,NIFTY,29-Sep-2026,24200.0,CE,23419.15,33.1,715,33.2,260,33.25,33.150000000000006,52850,222,22924,-21.948356807511736,10.33,0.1036519590097162,0.00032580731265920024,-2.959039291501477,9.63856984207332,2.239079415551716,-0.007170370373835749,151.0631334065504,7.209331473110204e-07,0.0019528266675501932,-7.80750288239564e-06,-0.7364821295893726,89.69224284275019,-0.09918911840048052,0.0003051211779084342,0.05221667248547692,23502,0.06763089256227152,0.0121,index_dividend_yield,0.065,11.84,65,23446.6,23494.95,23403.05,23431.5,mid_price,ok
2026-09-10T08:34:55.016498+00:00,2026-09-10T14:04:55.016498+05:30,NIFTY,29-Sep-2026,24200.0,PE,23419.15,720.65,65,723.95,130,724,722.3,30321,-709,1956,6.173925795571198,12.88,,,,,,,,,,,,,,,0.05221667248547692,,,,,,11.84,65,23446.6,23494.95,23403.05,23431.5,mid_price,no_price_available
2026-09-10T08:34:55.016498+00:00,2026-09-10T14:04:55.016498+05:30,NIFTY,29-Sep-2026,24250.0,CE,23419.15,29.2,325,29.35,260,29.5,29.275,5457,-58,2529,-20.80536912751678,10.49,0.09216902512573762,0.000294380654796906,-2.7423578577826286,8.843744856030234,2.1284410538156067,-0.006853439638746377,151.17418389365423,6.767692834335776e-07,0.0022262969400304545,-8.48306820795848e-06,-0.7186546322904483,90.43869524964447,-0.08802692803702901,0.00027455416580218203,0.05221667248547692,23502,0.06763089256227152,0.0121,index_dividend_yield,0.065,11.84,65,23446.6,23494.95,23403.05,23431.5,mid_price,ok
2026-09-10T08:34:55.016498+00:00,2026-09-10T14:04:55.016498+05:30,NIFTY,29-Sep-2026,24250.0,PE,23419.15,765.35,65,771.7,65,748.75,768.5250000000001,2668,-49,207,4.210160055671538,12.18,,,,,,,,,,,,,,,0.05221667248547692,,,,,,11.84,65,23446.6,23494.95,23403.05,23431.5,mid_price,no_price_available
2026-09-10T08:34:55.016498+00:00,2026-09-10T14:04:55.016498+05:30,NIFTY,29-Sep-2026,24300.0,CE,23419.15,25.65,2145,25.8,2275,25.75,25.725,72701,193,18598,-20.76923076923077,10.61,0.0811801333259391,0.00026470218178738117,-2.5106049354737032,8.043116407918069,2.012920970304484,-0.006498383867037814,150.4737771302036,6.346295039721387e-07,0.002457757093935755,-9.045973483011167e-06,-0.6966736091211159,91.62248693379851,-0.07738352614717957,0.00024585963372979354,0.05221667248547692,23502,0.06763089256227152,0.0121,index_dividend_yield,0.065,11.84,65,23446.6,23494.95,23403.05,23431.5,mid_price,ok
2026-09-10T08:34:55.016498+00:00,2026-09-10T14:04:55.016498+05:30,NIFTY,29-Sep-2026,24300.0,PE,23419.15,812.85,260,816.3,65,803.05,814.575,51080,-286,978,5.810659463732788,13.68,,,,,,,,,,,,,,,0.05221667248547692,,,,,,11.84,65,23446.6,23494.95,23403.05,23431.5,mid_price,no_price_available
2026-09-10T08:34:55.016498+00:00,2026-09-10T14:04:55.016498+05:30,NIFTY,29-Sep-2026,24350.0,CE,23419.15,22.8,130,22.9,325,22.85,22.85,6987,-393,2406,-20.104895104895103,10.8,0.07277189337026975,0.00023930600930665666,-2.3408026152006354,7.401654508490784,1.8949814232132254,-0.0061785282432304245,147.56730676492634,5.881937172676915e-07,0.002555656664465634,-9.2809345781758e-06,-0.6752156736588608,91.84702130085715,-0.06922794710542134,0.00022135938009859934,0.05221667248547692,23502,0.06763089256227152,0.0121,index_dividend_yield,0.065,11.84,65,23446.6,23494.95,23403.05,23431.5,mid_price,ok
2026-09-10T08:34:55.016498+00:00,2026-09-10T14:04:55.016498+05:30,NIFTY,29-Sep-2026,24350.0,PE,23419.15,860.75,65,867.25,65,860,864.0,5078,-98,159,5.748539809406702,13.37,,,,,,,,,,,,,,,0.05221667248547692,,,,,,11.84,65,23446.6,23494.95,23403.05,23431.5,mid_price,no_price_available
2026-09-10T08:34:55.016498+00:00,2026-09-10T14:04:55.016498+05:30,NIFTY,29-Sep-2026,24400.0,CE,23419.15,20.3,585,20.4,2015,20.4,20.35,43220,-747,10082,-18.725099601593627,10.97,0.06496981367774063,0.0002158731768484207,-2.169364060970125,6.781983983026553,1.7779003754546594,-0.005846719183876407,144.0527435680883,5.44443987108146e-07,0.0026177494803174403,-9.418574427499108e-06,-0.6515565900102267,92.26255100628477,-0.06168223036462634,0.00019886634261493457,0.05221667248547692,23502,0.06763089256227152,0.0121,index_dividend_yield,0.065,11.84,65,23446.6,23494.95,23403.05,23431.5,mid_price,ok
2026-09-10T08:34:55.016498+00:00,2026-09-10T14:04:55.016498+05:30,NIFTY,29-Sep-2026,24400.0,PE,23419.15,907.5,390,909.95,65,908,908.725,30901,-152,492,6.710541779292514,14.28,,,,,,,,,,,,,,,0.05221667248547692,,,,,,11.84,65,23446.6,23494.95,23403.05,23431.5,mid_price,no_price_available
2026-09-10T08:34:55.016498+00:00,2026-09-10T14:04:55.016498+05:30,NIFTY,29-Sep-2026,24450.0,CE,23419.15,18.15,195,18.3,260,18.35,18.225,3835,111,1785,-18.080357142857142,11.14,0.05806126551600773,0.00019470874056969355,-2.0098675955083984,6.211866131478414,1.6633055791299145,-0.005519420260759314,139.83429730661624,5.025486150089364e-07,0.0026355214509024816,-9.43931732826439e-06,-0.6269034965274196,92.61791677708999,-0.05501285277679363,0.00017863640794056712,0.05221667248547692,23502,0.06763089256227152,0.0121,index_dividend_yield,0.065,11.84,65,23446.6,23494.95,23403.05,23431.5,mid_price,ok
2026-09-10T08:34:55.016498+00:00,2026-09-10T14:04:55.016498+05:30,NIFTY,29-Sep-2026,24450.0,PE,23419.15,953.55,65,961.2,65,942,957.375,1363,-7,44,3.87032748924909,13.88,,,,,,,,,,,,,,,0.05221667248547692,,,,,,11.84,65,23446.6,23494.95,23403.05,23431.5,mid_price,no_price_available
2026-09-10T08:34:55.016498+00:00,2026-09-10T14:04:55.016498+05:30,NIFTY,29-Sep-2026,24500.0,CE,23419.15,16.65,1040,16.75,1105,16.65,16.7,93046,-1562,25186,-17.3697270471464,11.39,0.05318803358310304,0.00017770373026392382,-1.9101779441360625,5.796578449707332,1.5598952493685903,-0.005261898810128139,134.76676054196622,4.614860218878816e-07,0.0025715796717884747,-9.277310740916152e-06,-0.6065984575928134,91.91861393487599,-0.0502884578305165,0.00016237031461625577,0.05221667248547692,23502,0.06763089256227152,0.0121,index_dividend_yield,0.065,11.84,65,23446.6,23494.95,23403.05,23431.5,mid_price,ok
2026-09-10T08:34:55.016498+00:00,2026-09-10T14:04:55.016498+05:30,NIFTY,29-Sep-2026,24500.0,PE,23419.15,1002.4,65,1005.8,65,1002.95,1004.0999999999999,50197,190,2374,5.103484411841761,14.83,,,,,,,,,,,,,,,0.05221667248547692,,,,,,11.84,65,23446.6,23494.95,23403.05,23431.5,mid_price,no_price_available
2026-09-10T08:34:55.016498+00:00,2026-09-10T14:04:55.016498+05:30,NIFTY,29-Sep-2026,24550.0,CE,23419.15,14.9,65,15,715,15.05,14.95,3648,-2484,6339,-14.488636363636363,11.55,0.04753787934217276,0.00016023914386033476,-1.7652274470795661,5.300319502066976,1.4536490581945753,-0.004946300614425213,129.82819114045842,4.2482250713456924e-07,0.0025378265148402177,-9.154134374198631e-06,-0.5807515560480043,92.29303801639479,-0.04485678604697252,0.00014581690618667567,0.05221667248547692,23502,0.06763089256227152,0.0121,index_dividend_yield,0.065,11.84,65,23446.6,23494.95,23403.05,23431.5,mid_price,ok
2026-09-10T08:34:55.016498+00:00,2026-09-10T14:04:55.016498+05:30,NIFTY,29-Sep-2026,24550.0,PE,23419.15,1027.85,65,1057.85,65,1041,1042.85,840,-1,12,1.923924217946835,14.88,,,,,,,,,,,,,,,0.05221667248547692,,,,,,11.84,65,23446.6,23494.95,23403.05,23431.5,mid_price,no_price_available
2026-09-10T08:34:55.016498+00:00,2026-09-10T14:04:55.016498+05:30,NIFTY,29-Sep-2026,24600.0,CE,23419.15,13.35,1170,13.45,65,13.45,13.399999999999999,26246,2085,11981,-16.1993769470405,11.72,0.04266346229824525,0.00014474776496638643,-1.6366629683670655,4.858373817824057,1.3532103165636196,-0.004649860664674932,124.57785150122457,3.903203506669018e-07,0.0024767356032496806,-8.958633332108103e-06,-0.5554724326436888,92.49521679868704,-0.04017641988284263,0.00013118491821861156,0.05221667248547692,23502,0.06763089256227152,0.0121,index_dividend_yield,0.065,11.84,65,23446.6,23494.95,23403.05,23431.5,mid_price,ok
2026-09-10T08:34:55.016498+00:00,2026-09-10T14:04:55.016498+05:30,NIFTY,29-Sep-2026,24600.0,PE,23419.15,1098.7,65,1105.1,65,1099.45,1101.9,10742,-150,452,4.0554609123604015,13.02,,,,,,,,,,,,,,,0.05221667248547692,,,,,,11.84,65,23446.6,23494.95,23403.05,23431.5,mid_price,no_price_available
2026-09-10T08:34:55.016498+00:00,2026-09-10T14:04:55.016498+05:30,NIFTY,29-Sep-2026,24650.0,CE,23419.15,12.35,1040,12.45,65,12.5,12.399999999999999,2839,-58,1703,-13.793103448275861,11.97,0.03934699946294143,0.00013272154022711028,-1.5604872711924254,4.549744543809195,1.267990126438901,-0.00443026764344031,119.29281460240392,3.5836753528258894e-07,0.002371279259236146,-8.678806070338516e-06,-0.5361112593937873,91.68644979756604,-0.03697456453029884,0.00011979807024511746,0.05221667248547692,23502,0.06763089256227152,0.0121,index_dividend_yield,0.065,11.84,65,23446.6,23494.95,23403.05,23431.5,mid_price,ok
2026-09-10T08:34:55.016498+00:00,2026-09-10T14:04:55.016498+05:30,NIFTY,29-Sep-2026,24650.0,PE,23419.15,1139.95,650,1162.8,650,1129,1151.375,585,-11,14,4.016952275658744,14.66,,,,,,,,,,,,,,,0.05221667248547692,,,,,,11.84,65,23446.6,23494.95,23403.05,23431.5,mid_price,no_price_available
2026-09-10T08:34:55.016498+00:00,2026-09-10T14:04:55.016498+05:30,NIFTY,29-Sep-2026,24700.0,CE,23419.15,11.6,195,11.75,1755,11.7,11.675,26998,-715,9937,-14.285714285714286,12.21,0.03626017711116565,0.00012172001139240779,-1.4847779672699812,4.256269291617679,1.1876866253870826,-0.004215619919200206,114.12270293725291,3.2931030295498683e-07,0.0022668943729677025,-8.392805921624924e-06,-0.5166881396872776,90.98283498329106,-0.03400198745507401,0.00010942343258224815,0.05221667248547692,23502,0.06763089256227152,0.0121,index_dividend_yield,0.065,11.84,65,23446.6,23494.95,23403.05,23431.5,mid_price,ok
2026-09-10T08:34:55.016498+00:00,2026-09-10T14:04:55.016498+05:30,NIFTY,29-Sep-2026,24700.0,PE,23419.15,1195.15,65,1201.35,65,1190,1198.25,3819,-75,171,2.772260126090336,16.39,,,,,,,,,,,,,,,0.05221667248547692,,,,,,11.84,65,23446.6,23494.95,23403.05,23431.5,mid_price,no_price_available
2026-09-10T08:34:55.016498+00:00,2026-09-10T14:04:55.016498+05:30,NIFTY,29-Sep-2026,24750.0,CE,23419.15,10.85,65,10.95,455,10.85,10.899999999999999,3986,504,1160,-12.5,12.49,0.033939940434531704,0.00011270683475308713,-1.4345967255593066,4.031476578848566,1.1182038995817614,-0.004044665526313197,109.23936922453214,3.0318755773837496e-07,0.0021516974315362292,-8.091485960194124e-06,-0.5008540270569979,89.81025998742813,-0.03175734511207054,0.0001009118349376186,0.05221667248547692,23502,0.06763089256227152,0.0121,index_dividend_yield,0.065,11.84,65,23446.6,23494.95,23403.05,23431.5,mid_price,ok
2026-09-10T08:34:55.016498+00:00,2026-09-10T14:04:55.016498+05:30,NIFTY,29-Sep-2026,24750.0,PE,23419.15,1238.1,65,1255.4,130,1232,1246.75,460,-6,12,4.076029567053855,16.03,,,,,,,,,,,,,,,0.05221667248547692,,,,,,11.84,65,23446.6,23494.95,23403.05,23431.5,mid_price,no_price_available
2026-09-10T08:34:55.016498+00:00,2026-09-10T14:04:55.016498+05:30,NIFTY,29-Sep-2026,24800.0,CE,23419.15,9.8,325,9.9,3380,9.85,9.850000000000001,21630,-311,10779,-11.659192825112108,12.63,0.0303845294948898,0.00010172684548395583,-1.3208883442164516,3.679513302485414,1.0363202582706759,-0.0037772723911344702,103.977819858319,2.7823923208918135e-07,0.00206929639129925,-7.810546152562514e-06,-0.4754835630904073,90.21004586192036,-0.028374670182649855,9.071403234290059e-05,0.05221667248547692,23502,0.06763089256227152,0.0121,index_dividend_yield,0.065,11.84,65,23446.6,23494.95,23403.05,23431.5,mid_price,ok
2026-09-10T08:34:55.016498+00:00,2026-09-10T14:04:55.016498+05:30,NIFTY,29-Sep-2026,24800.0,PE,23419.15,1292.25,65,1299.05,65,1278.85,1295.65,5446,-64,526,1.7706509629158045,16.16,,,,,,,,,,,,,,,0.05221667248547692,,,,,,11.84,65,23446.6,23494.95,23403.05,23431.5,mid_price,no_price_available
2026-09-10T08:34:55.016498+00:00,2026-09-10T14:04:55.016498+05:30,NIFTY,29-Sep-2026,24850.0,CE,23419.15,9.2,65,9.3,1300,9.2,9.25,4340,-686,5347,-12.380952380952381,12.9,0.0284783721009656,9.438182106980349e-05,-1.2753419337489884,3.4868198716908974,0.9761895900282508,-0.0036223149360951577,99.43198550349996,2.5666544853235215e-07,0.0019598623988043525,-7.512321841052309e-06,-0.4604030122799911,89.12613185867421,-0.02653747176976106,8.382582243173027e-05,0.05221667248547692,23502,0.06763089256227152,0.0121,index_dividend_yield,0.065,11.84,65,23446.6,23494.95,23403.05,23431.5,mid_price,ok
2026-09-10T08:34:55.016498+00:00,2026-09-10T14:04:55.016498+05:30,NIFTY,29-Sep-2026,24850.0,PE,23419.15,1261.85,715,1351.3,65,0.0,1306.5749999999998,217,0,0,0,11.81,,,,,,,,,,,,,,,0.05221667248547692,,,,,,11.84,65,23446.6,23494.95,23403.05,23431.5,mid_price,no_price_available
2026-09-10T08:34:55.016498+00:00,2026-09-10T14:04:55.016498+05:30,NIFTY,29-Sep-2026,24900.0,CE,23419.15,8.75,1300,8.85,455,8.8,8.8,10191,-1092,3056,-8.808290155440414,13.16,0.02666195929736347,8.757138827772168e-05,-1.2286791223410878,3.300422759978508,0.9194556281251071,-0.0034699780887482707,95.06270032669306,2.3702706729652808e-07,0.001856948803808521,-7.222955018776944e-06,-0.44531877130981057,88.1598505216506,-0.024791880728001883,7.746504848204058e-05,0.05221667248547692,23502,0.06763089256227152,0.0121,index_dividend_yield,0.065,11.84,65,23446.6,23494.95,23403.05,23431.5,mid_price,ok
2026-09-10T08:34:55.016498+00:00,2026-09-10T14:04:55.016498+05:30,NIFTY,29-Sep-2026,24900.0,PE,23419.15,1389.95,65,1397.8,130,1394,1393.875,1194,-2,6,4.158105129450442,18.9,,,,,,,,,,,,,,,0.05221667248547692,,,,,,11.84,65,23446.6,23494.95,23403.05,23431.5,mid_price,no_price_available
2026-09-10T08:34:55.016498+00:00,2026-09-10T14:04:55.016498+05:30,NIFTY,29-Sep-2026,24950.0,CE,23419.15,8.4,1235,8.5,130,8.55,8.45,1804,-563,1272,-6.557377049180328,13.47,0.025451609163895154,8.229534149043902e-05,-1.2069998239634816,3.174638632070505,0.873185789628356,-0.0033633821049206263,91.21373232114816,2.198726550084182e-07,0.0017535972841133036,-6.949834186440766e-06,-0.43460089147907505,86.68302976078702,-0.023614380469798586,7.250641097346393e-05,0.05221667248547692,23502,0.06763089256227152,0.0121,index_dividend_yield,0.065,11.84,65,23446.6,23494.95,23403.05,23431.5,mid_price,ok
2026-09-10T08:34:55.016498+00:00,2026-09-10T14:04:55.016498+05:30,NIFTY,29-Sep-2026,24950.0,PE,23419.15,1416.1,65,1454.55,910,1385,1435.3249999999998,79,-1,1,0.2606051831475315,0,,,,,,,,,,,,,,,0.05221667248547692,,,,,,11.84,65,23446.6,23494.95,23403.05,23431.5,mid_price,no_price_available
2026-09-10T08:34:55.016498+00:00,2026-09-10T14:04:55.016498+05:30,NIFTY,29-Sep-2026,25000.0,CE,23419.15,8,195,8.05,910,8,8.025,91259,-3141,18542,-7.514450867052023,13.73,0.023933406113202247,7.667667547582178e-05,-1.1660548070838483,3.0149857322007434,0.8245892316865646,-0.0032288860674889557,87.29582461255525,2.03728289402632e-07,0.0016616644688692056,-6.682700163500869e-06,-0.42090198275553004,85.74415365611685,-0.022158525545009508,6.728612434031688e-05,0.05221667248547692,23502,0.06763089256227152,0.0121,index_dividend_yield,0.065,11.84,65,23446.6,23494.95,23403.05,23431.5,mid_price,ok
2026-09-10T08:34:55.016498+00:00,2026-09-10T14:04:55.016498+05:30,NIFTY,29-Sep-2026,25000.0,PE,23419.15,1490.65,65,1495,65,1486.25,1492.825,33059.307692307695,-247.84615384615384,990,3.6364270274039465,18.92,,,,,,,,,,,,,,,0.05221667248547692,,,,,,11.84,65,23446.6,23494.95,23403.05,23431.5,mid_price,no_price_available
2026-09-10T08:34:55.016498+00:00,2026-09-10T14:04:55.016498+05:30,NIFTY,29-Sep-2026,25050.0,CE,23419.15,7.65,1950,7.7,65,7.7,7.675000000000001,1711,-695,2129,-6.097560975609756,13.99,0.022551576236677823,7.15773383238699e-05,-1.1279550444209168,2.8677725842159902,0.7796113154941459,-0.003102801700034616,83.58315004895967,1.890493878365161e-07,0.001574560262277871,-6.425835813714362e-06,-0.4078689588272937,84.8132692895611,-0.02083479719613113,6.256080679167218e-05,0.05221667248547692,23502,0.06763089256227152,0.0121,index_dividend_yield,0.065,11.84,65,23446.6,23494.95,23403.05,23431.5,mid_price,ok
2026-09-10T08:34:55.016498+00:00,2026-09-10T14:04:55.016498+05:30,NIFTY,29-Sep-2026,25050.0,PE,23419.15,1475.55,715,1551.15,130,0.0,1513.35,60,0,0,0,11.04,,,,,,,,,,,,,,,0.05221667248547692,,,,,,11.84,65,23446.6,23494.95,23403.05,23431.5,mid_price,no_price_available
2026-09-10T08:34:55.016498+00:00,2026-09-10T14:04:55.016498+05:30,NIFTY,29-Sep-2026,25100.0,CE,23419.15,7.3,845,7.35,1950,7.3,7.324999999999999,6164,-340,2137,-5.806451612903226,14.27,0.021439035241255035,6.72388398944759e-05,-1.100396759961931,2.7478665301675322,0.7402196531740914,-0.0029979216997866216,80.19990141242327,1.7595430034163202e-07,0.0014912760550089943,-6.184739528319665e-06,-0.39688273645892647,83.70204705212034,-0.019764363147007493,5.853491948334933e-05,0.05221667248547692,23502,0.06763089256227152,0.0121,index_dividend_yield,0.065,11.84,65,23446.6,23494.95,23403.05,23431.5,mid_price,ok
2026-09-10T08:34:55.016498+00:00,2026-09-10T14:04:55.016498+05:30,NIFTY,29-Sep-2026,25100.0,PE,23419.15,1587.35,65,1595.5,65,1560,1591.425,1472,-2,3,0,16.1,,,,,,,,,,,,,,,0.05221667248547692,,,,,,11.84,65,23446.6,23494.95,23403.05,23431.5,mid_price,no_price_available
2026-09-10T08:34:55.016498+00:00,2026-09-10T14:04:55.016498+05:30,NIFTY,29-Sep-2026,25150.0,CE,23419.15,7,780,7.15,130,7.05,7.075,764,-184,430,-4.081632653061225,14.53,0.020279375074806063,6.299905952488786e-05,-1.0670844263899892,2.6215076530949557,0.701541000934126,-0.0028866352693408537,76.87710414797478,1.6377416299473688e-07,0.0014139134575175067,-5.949701782957674e-06,-0.3850833204472455,82.79465573045498,-0.01865564765759325,5.46261186815451e-05,0.05221667248547692,23502,0.06763089256227152,0.0121,index_dividend_yield,0.065,11.84,65,23446.6,23494.95,23403.05,23431.5,mid_price,ok
2026-09-10T08:34:55.016498+00:00,2026-09-10T14:04:55.016498+05:30,NIFTY,29-Sep-2026,25150.0,PE,23419.15,1478.95,650,1651.75,130,0.0,1565.35,21,0,0,0,0,,,,,,,,,,,,,,,0.05221667248547692,,,,,,11.84,65,23446.6,23494.95,23403.05,23431.5,mid_price,no_price_available
2026-09-10T08:34:55.016498+00:00,2026-09-10T14:04:55.016498+05:30,NIFTY,29-Sep-2026,25200.0,CE,23419.15,6.7,1690,6.8,910,6.7,6.75,8914,-433,3189,-5.633802816901408,14.83,0.019484418398805794,5.9665235462386424e-05,-1.0510146478521738,2.534042878606125,0.6699067289606987,-0.002807493632494794,74.00218068105202,1.5317506657234638e-07,0.0013400965244202221,-5.737490447429376e-06,-0.37659692127519406,81.54050083064924,-0.01788541351479363,5.153028374227563e-05,0.05221667248547692,23502,0.06763089256227152,0.0121,index_dividend_yield,0.065,11.84,65,23446.6,23494.95,23403.05,23431.5,mid_price,ok
2026-09-10T08:34:55.016498+00:00,2026-09-10T14:04:55.016498+05:30,NIFTY,29-Sep-2026,25200.0,PE,23419.15,1685.65,65,1695.1,130,1643.15,1690.375,1411,0,10,0.33584709797575796,0,,,,,,,,,,,,,,,0.05221667248547692,,,,,,11.84,65,23446.6,23494.95,23403.05,23431.5,mid_price,no_price_available
2026-09-10T08:34:55.016498+00:00,2026-09-10T14:04:55.016498+05:30,NIFTY,29-Sep-2026,25250.0,CE,23419.15,6.55,520,6.6,65,6.6,6.574999999999999,1455,-114,555,-2.9411764705882355,15.1,0.018560189629772284,5.622608910307417e-05,-1.025224069258775,2.431455206726215,0.6374747814333858,-0.002714840275446377,71.09917536852906,1.4313215609238498e-07,0.0012717765843878895,-5.527312333854123e-06,-0.36656636638057805,80.57650551930388,-0.01700076992470338,4.836791516788898e-05,0.05221667248547692,23502,0.06763089256227152,0.0121,index_dividend_yield,0.065,11.84,65,23446.6,23494.95,23403.05,23431.5,mid_price,ok
2026-09-10T08:34:55.016498+00:00,2026-09-10T14:04:55.016498+05:30,NIFTY,29-Sep-2026,25250.0,PE,23419.15,1672.6,650,1747.65,130,0.0,1710.125,30,0,0,0,0,,,,,,,,,,,,,,,0.05221667248547692,,,,,,11.84,65,23446.6,23494.95,23403.05,23431.5,mid_price,no_price_available
2026-09-10T08:34:55.016498+00:00,2026-09-10T14:04:55.016498+05:30,NIFTY,29-Sep-2026,25300.0,CE,23419.15,6.25,2210,6.35,3510,6.25,6.3,7879,-949,2534,-3.8461538461538463,15.33,0.017467281822390126,5.258969663832772e-05,-0.9869240049544354,2.3088422969097118,0.6033416663465425,-0.0026037435211045956,68.0890337967337,1.334488188635799e-07,0.0012078495324087995,-5.313655826234521e-06,-0.3543992574406274,79.96531362149429,-0.015966534146867512,4.506110939872353e-05,0.05221667248547692,23502,0.06763089256227152,0.0121,index_dividend_yield,0.065,11.84,65,23446.6,23494.95,23403.05,23431.5,mid_price,ok
2026-09-10T08:34:55.016498+00:00,2026-09-10T14:04:55.016498+05:30,NIFTY,29-Sep-2026,25300.0,PE,23419.15,1785.35,65,1794.7,260,1773.05,1790.025,487,-4,12,3.0843023255813953,20.23,,,,,,,,,,,,,,,0.05221667248547692,,,,,,11.84,65,23446.6,23494.95,23403.05,23431.5,mid_price,no_price_available
2026-09-10T08:34:55.016498+00:00,2026-09-10T14:04:55.016498+05:30,NIFTY,29-Sep-2026,25350.0,CE,23419.15,6,910,6.15,585,6.05,6.075,480,-81,273,-2.4193548387096775,15.61,0.01675151404108812,4.983226165745998e-05,-0.9682685901297954,2.2277422974430783,0.5763822034610521,-0.0025283360404497086,65.56746528086066,1.2516514337633437e-07,0.0011474416830138064,-5.126630627742739e-06,-0.3460476812247095,78.94054039683375,-0.015279549432691577,4.2530151274368704e-05,0.05221667248547692,23502,0.06763089256227152,0.0121,index_dividend_yield,0.065,11.84,65,23446.6,23494.95,23403.05,23431.5,mid_price,ok
2026-09-10T08:34:55.016498+00:00,2026-09-10T14:04:55.016498+05:30,NIFTY,29-Sep-2026,25350.0,PE,23419.15,1797.15,65,1857.75,65,0.0,1827.45,16,0,0,0,6.15,,,,,,,,,,,,,,,0.05221667248547692,,,,,,11.84,65,23446.6,23494.95,23403.05,23431.5,mid_price,no_price_available
2026-09-10T08:34:55.016498+00:00,2026-09-10T14:04:55.016498+05:30,NIFTY,29-Sep-2026,25400.0,CE,23419.15,5.9,585,5.95,2730,5.9,5.925000000000001,3515,-251,1735,-2.479338842975207,15.9,0.016144837790293437,4.740248140270628e-05,-0.9542904865002267,2.158488058151544,0.5522030464604789,-0.0024631138627199435,63.25440061227838,1.1768520374122892e-07,0.001090996445558774,-4.952892580338128e-06,-0.3387636384156918,77.85629111887962,-0.014694567534162787,4.0297295480663826e-05,0.05221667248547692,23502,0.06763089256227152,0.0121,index_dividend_yield,0.065,11.84,65,23446.6,23494.95,23403.05,23431.5,mid_price,ok
2026-09-10T08:34:55.016498+00:00,2026-09-10T14:04:55.016498+05:30,NIFTY,29-Sep-2026,25400.0,PE,23419.15,1877.9,195,1894.75,130,1900,1886.325,419,0,1,3.660865295433466,24.65,,,,,,,,,,,,,,,0.05221667248547692,,,,,,11.84,65,23446.6,23494.95,23403.05,23431.5,mid_price,no_price_available
2026-09-10T08:34:55.016498+00:00,2026-09-10T14:04:55.016498+05:30,NIFTY,29-Sep-2026,25450.0,CE,23419.15,5.65,585,5.8,520,5.75,5.725,708,-20,149,-1.7094017094017093,16.21,0.01568849486032695,4.536690375091527e-05,-0.9480173776613449,2.106073891708728,0.5314437537005902,-0.0024128565638574934,61.20218619720985,1.1103894251425985e-07,0.0010384820575709468,-4.795604719932424e-06,-0.33311119538759426,76.64231905712423,-0.014248226789927983,3.841544101095049e-05,0.05221667248547692,23502,0.06763089256227152,0.0121,index_dividend_yield,0.065,11.84,65,23446.6,23494.95,23403.05,23431.5,mid_price,ok
2026-09-10T08:34:55.016498+00:00,2026-09-10T14:04:55.016498+05:30,NIFTY,29-Sep-2026,25450.0,PE,23419.15,1899.2,650,1967.75,65,0.0,1933.475,11,0,0,0,6.11,,,,,,,,,,,,,,,0.05221667248547692,,,,,,11.84,65,23446.6,23494.95,23403.05,23431.5,mid_price,no_price_available
2026-09-10T08:34:55.016498+00:00,2026-09-10T14:04:55.016498+05:30,NIFTY,29-Sep-2026,25500.0,CE,23419.15,5.55,1430,5.6,910,5.6,5.574999999999999,49555,-2247,11870,0.9009009009009009,16.47,0.015009262206427251,4.298558117753252e-05,-0.9261696279196757,2.02753262656469,0.5077318293743669,-0.00233860702157449,58.94935400995838,1.0438949033430375e-07,0.0009887832827703417,-4.628912720799253e-06,-0.3247021381753181,75.83645254775051,-0.013602711134120957,3.6256401585409356e-05,0.05221667248547692,23502,0.06763089256227152,0.0121,index_dividend_yield,0.065,11.84,65,23446.6,23494.95,23403.05,23431.5,mid_price,ok
2026-09-10T08:34:55.016498+00:00,2026-09-10T14:04:55.016498+05:30,NIFTY,29-Sep-2026,25500.0,PE,23419.15,1987.9,65,1996.35,130,1993.15,1992.125,23240,-55,250,3.181135787130507,24.23,,,,,,,,,,,,,,,0.05221667248547692,,,,,,11.84,65,23446.6,23494.95,23403.05,23431.5,mid_price,no_price_available
2026-09-10T08:34:55.016498+00:00,2026-09-10T14:04:55.016498+05:30,NIFTY,29-Sep-2026,25550.0,CE,23419.15,5.25,130,5.4,845,5.4,5.325,675,-68,168,0,16.73,0.01437941542341747,4.078531783638604e-05,-0.9056670156945684,1.9541200530911822,0.48556929200937404,-0.0022685358622800463,56.81617730629906,9.826028398125241e-08,0.0009420446136767179,-4.470223840632251e-06,-0.3166971456906855,75.04186949034036,-0.01300454570539537,3.4266070073163926e-05,0.05221667248547692,23502,0.06763089256227152,0.0121,index_dividend_yield,0.065,11.84,65,23446.6,23494.95,23403.05,23431.5,mid_price,ok
2026-09-10T08:34:55.016498+00:00,2026-09-10T14:04:55.016498+05:30,NIFTY,29-Sep-2026,25550.0,PE,23419.15,1956.95,650,2136.55,715,0.0,2046.75,6,0,0,0,0,,,,,,,,,,,,,,,0.05221667248547692,,,,,,11.84,65,23446.6,23494.95,23403.05,23431.5,mid_price,no_price_available
2026-09-10T08:34:55.016498+00:00,2026-09-10T14:04:55.016498+05:30,NIFTY,29-Sep-2026,25600.0,CE,23419.15,5.05,195,5.15,2080,5.1,5.1,2582,-54,1741,-1.9230769230769231,16.95,0.013609208276556133,3.839025979187661e-05,-0.8740972595091296,1.8635549493730956,0.4615960182280622,-0.002181875736198397,54.544514391502204,9.219827858113004e-08,0.000897148749061796,-4.3041407533869915e-06,-0.3067038470339656,74.5459843757473,-0.01228283830677347,3.2127976759098306e-05,0.05221667248547692,23502,0.06763089256227152,0.0121,index_dividend_yield,0.065,11.84,65,23446.6,23494.95,23403.05,23431.5,mid_price,ok
2026-09-10T08:34:55.016498+00:00,2026-09-10T14:04:55.016498+05:30,NIFTY,29-Sep-2026,25600.0,PE,23419.15,2080.75,325,2113.45,195,2084.4,2097.1,494,-2,12,12.430216564632271,24.69,,,,,,,,,,,,,,,0.05221667248547692,,,,,,11.84,65,23446.6,23494.95,23403.05,23431.5,mid_price,no_price_available
2026-09-10T08:34:55.016498+00:00,2026-09-10T14:04:55.016498+05:30,NIFTY,29-Sep-2026,25650.0,CE,23419.15,4.9,260,5,65,4.95,4.95,248,18,179,-2.9411764705882355,17.2,0.013028795207076697,3.6434565096256996e-05,-0.853308659320954,1.7947067087574964,0.4415046623240243,-0.002114889500868293,52.57165237555361,8.688706252890929e-08,0.0008554269639616881,-4.156529073882807e-06,-0.29890507436354885,73.83767506826503,-0.011734540220817052,3.0372539640173218e-05,0.05221667248547692,23502,0.06763089256227152,0.0121,index_dividend_yield,0.065,11.84,65,23446.6,23494.95,23403.05,23431.5,mid_price,ok
2026-09-10T08:34:55.016498+00:00,2026-09-10T14:04:55.016498+05:30,NIFTY,29-Sep-2026,25650.0,PE,23419.15,1931,650,2154.35,65,0.0,2042.675,1,0,0,0,13.42,,,,,,,,,,,,,,,0.05221667248547692,,,,,,11.84,65,23446.6,23494.95,23403.05,23431.5,mid_price,no_price_available
2026-09-10T08:34:55.016498+00:00,2026-09-10T14:04:55.016498+05:30,NIFTY,29-Sep-2026,25700.0,CE,23419.15,4.6,1560,4.75,2275,4.7,4.675,4308,-261,1044,0,17.4,0.012278576242773008,3.421388544330651e-05,-0.8192308225661319,1.7049164245966284,0.41888132300689324,-0.0020272954706774034,50.39217783536931,8.149550053686498e-08,0.0008146186643317995,-3.996613985132559e-06,-0.2886099745567803,73.48365358422761,-0.011036601232376902,2.841046924064031e-05,0.05221667248547692,23502,0.06763089256227152,0.0121,index_dividend_yield,0.065,11.84,65,23446.6,23494.95,23403.05,23431.5,mid_price,ok
2026-09-10T08:34:55.016498+00:00,2026-09-10T14:04:55.016498+05:30,NIFTY,29-Sep-2026,25700.0,PE,23419.15,2137.95,650,2202.95,130,0.0,2170.45,184,0,0,0,0,,,,,,,,,,,,,,,0.05221667248547692,,,,,,11.84,65,23446.6,23494.95,23403.05,23431.5,mid_price,no_price_available
2026-09-10T08:34:55.016498+00:00,2026-09-10T14:04:55.016498+05:30,NIFTY,29-Sep-2026,25750.0,CE,23419.15,4.55,65,4.65,65,4.5,4.6,51,-6,43,-3.225806451612903,17.63,0.011704506021447923,3.2394107979834616e-05,-0.7955248050456466,1.635572452452204,0.3998826021022021,-0.0019585605888232972,48.500231335044774,7.677637087357583e-08,0.0007768407312459948,-3.854871719451174e-06,-0.28045066481707015,72.92064563520806,-0.010499051269492278,2.6795003325538992e-05,0.05221667248547692,23502,0.06763089256227152,0.0121,index_dividend_yield,0.065,11.84,65,23446.6,23494.95,23403.05,23431.5,mid_price,ok
2026-09-10T08:34:55.016498+00:00,2026-09-10T14:04:55.016498+05:30,NIFTY,29-Sep-2026,25750.0,PE,23419.15,2022.9,650,2254.55,65,0.0,2138.7250000000004,8,0,0,0,0,,,,,,,,,,,,,,,0.05221667248547692,,,,,,11.84,65,23446.6,23494.95,23403.05,23431.5,mid_price,no_price_available
2026-09-10T08:34:55.016498+00:00,2026-09-10T14:04:55.016498+05:30,NIFTY,29-Sep-2026,25800.0,CE,23419.15,4.5,1820,4.65,1495,4.55,4.575,5036,-28,2800,-2.150537634408602,18.01,0.01175177322273619,3.1821726062242344e-05,-0.8146807445209321,1.6413034978419194,0.39270215861606644,-0.0019625514224983643,47.596949530736566,7.373217794224056e-08,0.0007461157166116426,-3.7768693919574317e-06,-0.2809228502599055,71.36996332908055,-0.010517842800423354,2.6219631121500893e-05,0.05221667248547692,23502,0.06763089256227152,0.0121,index_dividend_yield,0.065,11.84,65,23446.6,23494.95,23403.05,23431.5,mid_price,ok
2026-09-10T08:34:55.016498+00:00,2026-09-10T14:04:55.016498+05:30,NIFTY,29-Sep-2026,25800.0,PE,23419.15,2278.85,65,2293,65,2275,2285.925,319,1,3,6.0606060606060606,25.17,,,,,,,,,,,,,,,0.05221667248547692,,,,,,11.84,65,23446.6,23494.95,23403.05,23431.5,mid_price,no_price_available
2026-09-10T08:34:55.016498+00:00,2026-09-10T14:04:55.016498+05:30,NIFTY,29-Sep-2026,25850.0,CE,23419.15,4.25,65,4.35,195,4.35,4.3,130,5,11,-1.1363636363636365,18.15,0.010894119675435326,2.9563745760148356e-05,-0.7680387184787054,1.5366945025757124,0.36945980339669027,-0.0018587013313030483,45.35109081574562,6.886114243969898e-08,0.0007095930784341785,-3.613598552269781e-06,-0.26846652099193835,71.41290790292719,-0.009731466345870634,2.426501814940793e-05,0.05221667248547692,23502,0.06763089256227152,0.0121,index_dividend_yield,0.065,11.84,65,23446.6,23494.95,23403.05,23431.5,mid_price,ok
2026-09-10T08:34:55.016498+00:00,2026-09-10T14:04:55.016498+05:30,NIFTY,29-Sep-2026,25850.0,PE,23419.15,2284.95,650,2354.85,65,0.0,2319.8999999999996,0,0,0,0,0,,,,,,,,,,,,,,,0.05221667248547692,,,,,,11.84,65,23446.6,23494.95,23403.05,23431.5,mid_price,no_price_available
2026-09-10T08:34:55.016498+00:00,2026-09-10T14:04:55.016498+05:30,NIFTY,29-Sep-2026,25900.0,CE,23419.15,4.1,520,4.25,455,4.15,4.175,438,-98,229,-3.488372093023256,18.41,0.0105277650238217,2.8290870419332797e-05,-0.7555111268161253,1.4915971588015162,0.35560353568798647,-0.0018126851405705858,43.896655514200745,6.53216895553501e-08,0.0006788995427259951,-3.50166745033519e-06,-0.2628915397340392,70.6768861842133,-0.009384667147962678,2.3130713951187077e-05,0.05221667248547692,23502,0.06763089256227152,0.0121,index_dividend_yield,0.065,11.84,65,23446.6,23494.95,23403.05,23431.5,mid_price,ok
2026-09-10T08:34:55.016498+00:00,2026-09-10T14:04:55.016498+05:30,NIFTY,29-Sep-2026,25900.0,PE,23419.15,2167.5,650,2400.2,65,0.0,2283.85,76,0,0,0,0,,,,,,,,,,,,,,,0.05221667248547692,,,,,,11.84,65,23446.6,23494.95,23403.05,23431.5,mid_price,no_price_available
2026-09-10T08:34:55.016498+00:00,2026-09-10T14:04:55.016498+05:30,NIFTY,29-Sep-2026,25950.0,CE,23419.15,3.6,260,4.15,520,4.05,3.875,615,-7,39,-4.705882352941177,18.67,0.010184540531659562,2.710232831675341e-05,-0.7437259824849833,1.4491133899253368,0.3425626612700563,-0.0017690575516319392,42.515872441439285,6.202950923306927e-08,0.0006499867364468047,-3.3951182213214933e-06,-0.25757463084354626,69.9526000784426,-0.009059870557838358,2.2073649089272972e-05,0.05221667248547692,23502,0.06763089256227152,0.0121,index_dividend_yield,0.065,11.84,65,23446.6,23494.95,23403.05,23431.5,mid_price,ok
2026-09-10T08:34:55.016498+00:00,2026-09-10T14:04:55.016498+05:30,NIFTY,29-Sep-2026,25950.0,PE,23419.15,2255.05,650,2455.5,65,0.0,2355.275,1,0,0,0,13.83,,,,,,,,,,,,,,,0.05221667248547692,,,,,,11.84,65,23446.6,23494.95,23403.05,23431.5,mid_price,no_price_available
2026-09-10T08:34:55.016498+00:00,2026-09-10T14:04:55.016498+05:30,NIFTY,29-Sep-2026,26000.0,CE,23419.15,3.7,1820,3.75,3120,3.7,3.725,59679.846153846156,-157,8508,-7.5,18.8,0.009438502746751964,2.518469708253491e-05,-0.7002362238007257,1.355957352364539,0.3222031030582859,-0.001673873554275911,40.47994613702721,5.7963017557986014e-08,0.0006178775435727349,-3.244933748740778e-06,-0.24586892114669623,70.03549794232288,-0.008380214360946447,2.0433007395750288e-05,0.05221667248547692,23502,0.06763089256227152,0.0121,index_dividend_yield,0.065,11.84,65,23446.6,23494.95,23403.05,23431.5,mid_price,ok
2026-09-10T08:34:55.016498+00:00,2026-09-10T14:04:55.016498+05:30,NIFTY,29-Sep-2026,26000.0,PE,23419.15,2482.65,65,2491.75,195,2492.5,2487.2,31350.53846153846,-194,601,2.4371198421831335,28.5,,,,,,,,,,,,,,,0.05221667248547692,,,,,,11.84,65,23446.6,23494.95,23403.05,23431.5,mid_price,no_price_available
2026-09-10T08:34:55.016498+00:00,2026-09-10T14:04:55.016498+05:30,NIFTY,29-Sep-2026,26050.0,CE,23419.15,3.65,260,4.25,1365,3.7,3.95,594,7,44,-6.329113924050633,19.08,0.009213420598664597,2.42965980191983e-05,-0.695257364416363,1.32762459161441,0.3120918964700176,-0.0016439321416965823,39.35956986066391,5.529435080208411e-08,0.0005929611379860031,-3.15651303724752e-06,-0.24215399741366375,69.19556749782109,-0.008163232582384747,1.9636870212794913e-05,0.05221667248547692,23502,0.06763089256227152,0.0121,index_dividend_yield,0.065,11.84,65,23446.6,23494.95,23403.05,23431.5,mid_price,wide_quote_low_liquidity
2026-09-10T08:34:55.016498+00:00,2026-09-10T14:04:55.016498+05:30,NIFTY,29-Sep-2026,26050.0,PE,23419.15,2346.9,650,2555.6,65,0.0,2451.25,4,0,0,0,18.06,,,,,,,,,,,,,,,0.05221667248547692,,,,,,11.84,65,23446.6,23494.95,23403.05,23431.5,mid_price,no_price_available
2026-09-10T08:34:55.016498+00:00,2026-09-10T14:04:55.016498+05:30,NIFTY,29-Sep-2026,26100.0,CE,23419.15,3.5,780,3.6,65,3.45,3.55,252,-63,204,-8,19.23,0.008613214696815282,2.2725372149044396e-05,-0.6600925221351972,1.2515313636506924,0.2949816052602817,-0.0015646087213192822,37.59494413655518,5.18686213442564e-08,0.0005644639433070456,-3.0243205547008764e-06,-0.2322405610468199,69.14353395935606,-0.007616737236366638,1.829667803006923e-05,0.05221667248547692,23502,0.06763089256227152,0.0121,index_dividend_yield,0.065,11.84,65,23446.6,23494.95,23403.05,23431.5,mid_price,ok
2026-09-10T08:34:55.016498+00:00,2026-09-10T14:04:55.016498+05:30,NIFTY,29-Sep-2026,26100.0,PE,23419.15,2414,650,2605.6,65,0.0,2509.8,144,0,0,0,0,,,,,,,,,,,,,,,0.05221667248547692,,,,,,11.84,65,23446.6,23494.95,23403.05,23431.5,mid_price,no_price_available
2026-09-10T08:34:55.016498+00:00,2026-09-10T14:04:55.016498+05:30,NIFTY,29-Sep-2026,26150.0,CE,23419.15,2.8,65,3.75,650,0.0,3.275,122,0,0,0,19.75,0.00912836074766554,2.3282556707508355e-05,-0.7127285214807898,1.3168891479317744,0.29968639068648445,-0.0016310757503831058,37.85031134519057,5.121576571908172e-08,0.0005512970685959716,-3.031055034438241e-06,-0.24055157743386912,66.94413042035784,-0.008052966102970556,1.8673663972702102e-05,0.05221667248547692,23502,0.06763089256227152,0.0121,index_dividend_yield,0.065,11.84,65,23446.6,23494.95,23403.05,23431.5,mid_price,wide_quote_low_liquidity
2026-09-10T08:34:55.016498+00:00,2026-09-10T14:04:55.016498+05:30,NIFTY,29-Sep-2026,26150.0,PE,23419.15,2432.5,650,2655.85,65,0.0,2544.175,1,0,0,0,19.21,,,,,,,,,,,,,,,0.05221667248547692,,,,,,11.84,65,23446.6,23494.95,23403.05,23431.5,mid_price,no_price_available
2026-09-10T08:34:55.016498+00:00,2026-09-10T14:04:55.016498+05:30,NIFTY,29-Sep-2026,26200.0,CE,23419.15,3.25,130,3.35,130,3.3,3.3,2753,-29,197,-2.9411764705882355,19.7,0.00800024027039734,2.079066239853611e-05,-0.6328696456708327,1.172967561759805,0.2730004027727091,-0.0014808607216339094,35.18891456024531,4.6836051829131054e-08,0.000518171493751011,-2.837490342631584e-06,-0.2216517283276329,68.0265795373182,-0.007045978114940499,1.6611467476838378e-05,0.05221667248547692,23502,0.06763089256227152,0.0121,index_dividend_yield,0.065,11.84,65,23446.6,23494.95,23403.05,23431.5,mid_price,ok
2026-09-10T08:34:55.016498+00:00,2026-09-10T14:04:55.016498+05:30,NIFTY,29-Sep-2026,26200.0,PE,23419.15,2601.25,715,2706.4,65,0.0,2653.825,582,0,0,0,0,,,,,,,,,,,,,,,0.05221667248547692,,,,,,11.84,65,23446.6,23494.95,23403.05,23431.5,mid_price,no_price_available
2026-09-10T08:34:55.016498+00:00,2026-09-10T14:04:55.016498+05:30,NIFTY,29-Sep-2026,26250.0,CE,23419.15,2.25,910,3,65,2.85,2.625,7,2,2,0,19.69,0.0070929366466749985,1.8708770994684015e-05,-0.5685945133518338,1.054975622888666,0.25002943375376047,-0.0013544981087492284,32.8116086900071,4.2964015278634785e-08,0.00048684838744642744,-2.660988162508073e-06,-0.2054314381159108,68.88601256492134,-0.006236158645657895,1.4891172689730334e-05,0.05221667248547692,23502,0.06763089256227152,0.0121,index_dividend_yield,0.065,11.84,65,23446.6,23494.95,23403.05,23431.5,mid_price,wide_quote_low_liquidity
2026-09-10T08:34:55.016498+00:00,2026-09-10T14:04:55.016498+05:30,NIFTY,29-Sep-2026,26250.0,PE,23419.15,2677.05,650,2756.4,65,0.0,2716.7250000000004,0,0,0,0,0,,,,,,,,,,,,,,,0.05221667248547692,,,,,,11.84,65,23446.6,23494.95,23403.05,23431.5,mid_price,no_price_available
2026-09-10T08:34:55.016498+00:00,2026-09-10T14:04:55.016498+05:30,NIFTY,29-Sep-2026,26300.0,CE,23419.15,2.7,195,2.95,130,2.7,2.825,2076,-2,90,-8.474576271186441,19.86,0.006697820717420114,1.763315754368222e-05,-0.5448529855487337,1.0029072742421954,0.2376313455376977,-0.0012974371567575612,31.445951496639534,4.048752552781554e-08,0.0004640858824795551,-2.5556343542820192e-06,-0.1980047898889793,68.69074135645916,-0.005877328498792938,1.3981727941054583e-05,0.05221667248547692,23502,0.06763089256227152,0.0121,index_dividend_yield,0.065,11.84,65,23446.6,23494.95,23403.05,23431.5,mid_price,ok
2026-09-10T08:34:55.016498+00:00,2026-09-10T14:04:55.016498+05:30,NIFTY,29-Sep-2026,26300.0,PE,23419.15,2754.2,715,2791.25,65,2748,2772.725,1245,1,2,4.100767118098305,23.3,,,,,,,,,,,,,,,0.05221667248547692,,,,,,11.84,65,23446.6,23494.95,23403.05,23431.5,mid_price,no_price_available
2026-09-10T08:34:55.016498+00:00,2026-09-10T14:04:55.016498+05:30,NIFTY,29-Sep-2026,26350.0,CE,23419.15,2.1,325,3,715,0.0,2.55,85,0,0,0,13.52,0.00010282400774804667,5.615921835157763e-07,-0.008058323392889625,0.021744488468728406,0.011258653731225768,-4.189738804790636e-05,2.2359472201301887,2.9856455063311694e-09,5.357947777302163e-05,-1.9993052548978038e-07,-0.008894586635196475,135.91254126745767,-9.071473286049833e-05,4.436107602750863e-07,0.05221667248547692,23502,0.06763089256227152,0.0121,index_dividend_yield,0.065,11.84,65,23446.6,23494.95,23403.05,23431.5,mid_price,wide_quote_low_liquidity
2026-09-10T08:34:55.016498+00:00,2026-09-10T14:04:55.016498+05:30,NIFTY,29-Sep-2026,26350.0,PE,23419.15,2775.05,650,2856.7,65,0.0,2815.875,0,0,0,0,0,,,,,,,,,,,,,,,0.05221667248547692,,,,,,11.84,65,23446.6,23494.95,23403.05,23431.5,mid_price,no_price_available
2026-09-10T08:34:55.016498+00:00,2026-09-10T14:04:55.016498+05:30,NIFTY,29-Sep-2026,26400.0,CE,23419.15,2.65,65,2.8,195,2.65,2.7249999999999996,725,20,66,-14.516129032258064,20.41,0.0064491076975435975,1.6593369630031256e-05,-0.5408145315236698,0.9699046504851329,0.22492894753928847,-0.0012602035046362127,29.927487770862793,3.72534150445601e-08,0.0004306967733180651,-2.4328392906088674e-06,-0.19312214033812558,67.11188516560422,-0.005635687894848176,1.3057769268697962e-05,0.05221667248547692,23502,0.06763089256227152,0.0121,index_dividend_yield,0.065,11.84,65,23446.6,23494.95,23403.05,23431.5,mid_price,ok
2026-09-10T08:34:55.016498+00:00,2026-09-10T14:04:55.016498+05:30,NIFTY,29-Sep-2026,26400.0,PE,23419.15,2826.8,650,2897.95,65,2874.8,2862.375,56,-2,2,52.299215935579575,30.53,,,,,,,,,,,,,,,0.05221667248547692,,,,,,11.84,65,23446.6,23494.95,23403.05,23431.5,mid_price,no_price_available
2026-09-10T08:34:55.016498+00:00,2026-09-10T14:04:55.016498+05:30,NIFTY,29-Sep-2026,26450.0,CE,23419.15,1.8,65,2.9,1300,0.0,2.35,42,0,0,0,19.27,0.0036888482296541535,1.0683274225174375e-05,-0.3103635716924898,0.5895729374911761,0.15569081504230164,-0.0008231173153021998,22.320716738456923,2.751212056473625e-08,0.00034900551535622834,-1.8574500066012751e-06,-0.13348119810335068,74.79233674449165,-0.0032224812590431356,8.375201798963841e-06,0.05221667248547692,23502,0.06763089256227152,0.0121,index_dividend_yield,0.065,11.84,65,23446.6,23494.95,23403.05,23431.5,mid_price,wide_quote_low_liquidity
2026-09-10T08:34:55.016498+00:00,2026-09-10T14:04:55.016498+05:30,NIFTY,29-Sep-2026,26450.0,PE,23419.15,2873.25,650,2957.15,65,0.0,2915.2,0,0,0,0,0,,,,,,,,,,,,,,,0.05221667248547692,,,,,,11.84,65,23446.6,23494.95,23403.05,23431.5,mid_price,no_price_available
2026-09-10T08:34:55.016498+00:00,2026-09-10T14:04:55.016498+05:30,NIFTY,29-Sep-2026,26500.0,CE,23419.15,2.1,7215,2.15,2730,2.1,2.125,13974,-253,2154,-8.695652173913043,20.45,0.005195890016481821,1.3671611614998856e-05,-0.4468807048041937,0.800690128367247,0.19088881551909034,-0.0010701414769889693,26.17411203372938,3.160747514433471e-08,0.0003800528825562194,-2.146279285576868e-06,-0.16774535792948442,68.37522203567278,-0.004524667433368631,1.06775157584307e-05,0.05221667248547692,23502,0.06763089256227152,0.0121,index_dividend_yield,0.065,11.84,65,23446.6,23494.95,23403.05,23431.5,mid_price,ok
2026-09-10T08:34:55.016498+00:00,2026-09-10T14:04:55.016498+05:30,NIFTY,29-Sep-2026,26500.0,PE,23419.15,2974.1,65,2985.7,65,2953.55,2979.8999999999996,13069,-13,20,0.7882748383354092,26.85,,,,,,,,,,,,,,,0.05221667248547692,,,,,,11.84,65,23446.6,23494.95,23403.05,23431.5,mid_price,no_price_available
2026-09-10T08:34:55.016498+00:00,2026-09-10T14:04:55.016498+05:30,NIFTY,29-Sep-2026,26550.0,CE,23419.15,1.6,910,2.4,650,2,2.0,72,-4,6,-9.090909090909092,20.63,0.004943853723278141,1.2965425932237651e-05,-0.43105399058300464,0.7660153384919376,0.18225250423868547,-0.0010300422896248945,25.157870605207798,2.9913307903076234e-08,0.00036295940939915004,-2.065940186043395e-06,-0.16228683501929897,68.10076909314796,-0.004296825302124998,1.0087882015170112e-05,0.05221667248547692,23502,0.06763089256227152,0.0121,index_dividend_yield,0.065,11.84,65,23446.6,23494.95,23403.05,23431.5,mid_price,wide_quote_low_liquidity
2026-09-10T08:34:55.016498+00:00,2026-09-10T14:04:55.016498+05:30,NIFTY,29-Sep-2026,26550.0,PE,23419.15,2971.35,650,3057.55,65,0.0,3014.45,0,0,0,0,0,,,,,,,,,,,,,,,0.05221667248547692,,,,,,11.84,65,23446.6,23494.95,23403.05,23431.5,mid_price,no_price_available
2026-09-10T08:34:55.016498+00:00,2026-09-10T14:04:55.016498+05:30,NIFTY,29-Sep-2026,26600.0,CE,23419.15,1.95,195,2.25,1300,2.2,2.1,684,-168,221,-15.384615384615385,21.13,0.005286069266034882,1.3435739580470262e-05,-0.46830042595934296,0.8130411446136986,0.18727682549163782,-0.0010833632611861885,25.618957556240996,2.995912284937419e-08,0.0003597652998534695,-2.096090327182535e-06,-0.16953547536642766,66.09832357201655,-0.004583547128120293,1.0414551232965563e-05,0.05221667248547692,23502,0.06763089256227152,0.0121,index_dividend_yield,0.065,11.84,65,23446.6,23494.95,23403.05,23431.5,mid_price,ok
2026-09-10T08:34:55.016498+00:00,2026-09-10T14:04:55.016498+05:30,NIFTY,29-Sep-2026,26600.0,PE,23419.15,3020.25,650,3107.65,65,0.0,3063.95,0,0,0,0,0,,,,,,,,,,,,,,,0.05221667248547692,,,,,,11.84,65,23446.6,23494.95,23403.05,23431.5,mid_price,no_price_available
2026-09-10T08:34:55.016498+00:00,2026-09-10T14:04:55.016498+05:30,NIFTY,29-Sep-2026,26650.0,CE,23419.15,1.45,910,2.65,1300,0.0,2.05,14,0,0,0,21.05,0.004587440601649565,1.1886568808657557e-05,-0.41099875830499977,0.7165723699299837,0.16878598753463508,-0.000972130738427811,23.53144987546818,2.7139449019688057e-08,0.00033386391132132146,-1.935825288064668e-06,-0.15433495286637877,67.22119418845269,-0.003971322476190106,9.179189559100785e-06,0.05221667248547692,23502,0.06763089256227152,0.0121,index_dividend_yield,0.065,11.84,65,23446.6,23494.95,23403.05,23431.5,mid_price,wide_quote_low_liquidity
2026-09-10T08:34:55.016498+00:00,2026-09-10T14:04:55.016498+05:30,NIFTY,29-Sep-2026,26650.0,PE,23419.15,3069.55,650,3158.05,65,0.0,3113.8,0,0,0,0,0,,,,,,,,,,,,,,,0.05221667248547692,,,,,,11.84,65,23446.6,23494.95,23403.05,23431.5,mid_price,no_price_available
2026-09-10T08:34:55.016498+00:00,2026-09-10T14:04:55.016498+05:30,NIFTY,29-Sep-2026,26700.0,CE,23419.15,1.85,520,2.5,130,1.9,2.175,39,-3,5,-20.833333333333332,21.36,0.004588927227336206,1.1717445913671328e-05,-0.4169433104333546,0.7167796310238864,0.16642185490458716,-0.0009720357067739133,23.200883298849504,2.6351813349017815e-08,0.00032440679594069276,-1.9073317702971876e-06,-0.1543213675102023,66.25716755780657,-0.0039642988902293475,9.014729328392432e-06,0.05221667248547692,23502,0.06763089256227152,0.0121,index_dividend_yield,0.065,11.84,65,23446.6,23494.95,23403.05,23431.5,mid_price,wide_quote_low_liquidity
2026-09-10T08:34:55.016498+00:00,2026-09-10T14:04:55.016498+05:30,NIFTY,29-Sep-2026,26700.0,PE,23419.15,3118.65,650,3208.3,65,0.0,3163.4750000000004,0,0,0,0,0,,,,,,,,,,,,,,,0.05221667248547692,,,,,,11.84,65,23446.6,23494.95,23403.05,23431.5,mid_price,no_price_available
2026-09-10T08:34:55.016498+00:00,2026-09-10T14:04:55.016498+05:30,NIFTY,29-Sep-2026,26750.0,CE,23419.15,2.15,65,2.9,1300,1.9,2.525,110,-6,12,-20.833333333333332,21.64,0.004542379347441447,1.14610514071002e-05,-0.41836341420226536,0.7102858556191539,0.16303367364219273,-0.0009641599028096803,22.75900858199753,2.546684475766319e-08,0.0003142644230285602,-1.8705904564113247e-06,-0.1532332067070129,65.47275729062956,-0.0039160331135977555,8.784542419410302e-06,0.05221667248547692,23502,0.06763089256227152,0.0121,index_dividend_yield,0.065,11.84,65,23446.6,23494.95,23403.05,23431.5,mid_price,wide_quote_low_liquidity
2026-09-10T08:34:55.016498+00:00,2026-09-10T14:04:55.016498+05:30,NIFTY,29-Sep-2026,26750.0,PE,23419.15,3168.65,650,3368.75,715,0.0,3268.7,1,0,0,0,18.46,,,,,,,,,,,,,,,0.05221667248547692,,,,,,11.84,65,23446.6,23494.95,23403.05,23431.5,mid_price,no_price_available
2026-09-10T08:34:55.016498+00:00,2026-09-10T14:04:55.016498+05:30,NIFTY,29-Sep-2026,26800.0,CE,23419.15,1.75,780,2.3,650,0.0,2.025,41,0,0,0,22.24,0.005028456012366575,1.2209984726063479e-05,-0.4704721847366684,0.777680757254121,0.17149000676783396,-0.0010416549932341125,23.618501979674853,2.600864672347375e-08,0.00031591383759989745,-1.9316214064160145e-06,-0.16386882629288235,63.13893789921726,-0.004324516350067062,9.323689221974045e-06,0.05221667248547692,23502,0.06763089256227152,0.0121,index_dividend_yield,0.065,11.84,65,23446.6,23494.95,23403.05,23431.5,mid_price,wide_quote_low_liquidity
2026-09-10T08:34:55.016498+00:00,2026-09-10T14:04:55.016498+05:30,NIFTY,29-Sep-2026,26800.0,PE,23419.15,2988.9,650,3308.7,65,0.0,3148.8,21,0,0,0,0,,,,,,,,,,,,,,,0.05221667248547692,,,,,,11.84,65,23446.6,23494.95,23403.05,23431.5,mid_price,no_price_available
2026-09-10T08:34:55.016498+00:00,2026-09-10T14:04:55.016498+05:30,NIFTY,29-Sep-2026,26850.0,CE,23419.15,1.45,910,2.5,650,0.0,1.975,41,0,0,0,21.32,0.003211946454544516,8.526784967796092e-06,-0.30189815077613363,0.5206237316004494,0.12657783263788736,-0.0007367477025773768,18.458780000613906,2.0136358223138016e-08,0.0002623145459470927,-1.535389301356171e-06,-0.12110474137796114,68.50950457990004,-0.002760636519695732,6.486926651830353e-06,0.05221667248547692,23502,0.06763089256227152,0.0121,index_dividend_yield,0.065,11.84,65,23446.6,23494.95,23403.05,23431.5,mid_price,wide_quote_low_liquidity
2026-09-10T08:34:55.016498+00:00,2026-09-10T14:04:55.016498+05:30,NIFTY,29-Sep-2026,26850.0,PE,23419.15,3266,650,3359.05,65,0.0,3312.525,0,0,0,0,0,,,,,,,,,,,,,,,0.05221667248547692,,,,,,11.84,65,23446.6,23494.95,23403.05,23431.5,mid_price,no_price_available
2026-09-10T08:34:55.016498+00:00,2026-09-10T14:04:55.016498+05:30,NIFTY,29-Sep-2026,26900.0,CE,23419.15,1.75,650,2.25,195,0.0,2.0,87,0,0,0,22.69,0.004748337542688597,1.1371850156684665e-05,-0.45566358179144817,0.7389534376025892,0.1609844670709083,-0.0009965483282340778,22.3419626666308,2.391788121713796e-08,0.00029369783848998083,-1.8295603024405755e-06,-0.15769518957483397,62.233323196488236,-0.00406747853102652,8.619237049868026e-06,0.05221667248547692,23502,0.06763089256227152,0.0121,index_dividend_yield,0.065,11.84,65,23446.6,23494.95,23403.05,23431.5,mid_price,wide_quote_low_liquidity
2026-09-10T08:34:55.016498+00:00,2026-09-10T14:04:55.016498+05:30,NIFTY,29-Sep-2026,26900.0,PE,23419.15,3315.1,650,3520.1,715,0.0,3417.6,1,0,0,0,0,,,,,,,,,,,,,,,0.05221667248547692,,,,,,11.84,65,23446.6,23494.95,23403.05,23431.5,mid_price,no_price_available
2026-09-10T08:34:55.016498+00:00,2026-09-10T14:04:55.016498+05:30,NIFTY,29-Sep-2026,26950.0,CE,23419.15,1.85,130,2.25,650,0.0,2.05,48,0,0,0,22.54,0.004056985949808594,9.94608940466066e-06,-0.39315048008543724,0.6420335452865769,0.14363956949751652,-0.0008828799395072173,20.347177879507406,2.1516242066019078e-08,0.0002710752424446182,-1.6759859959095006e-06,-0.1419129500218611,63.53979320141697,-0.0034699762812420475,7.510642254593653e-06,0.05221667248547692,23502,0.06763089256227152,0.0121,index_dividend_yield,0.065,11.84,65,23446.6,23494.95,23403.05,23431.5,mid_price,wide_quote_low_liquidity
2026-09-10T08:34:55.016498+00:00,2026-09-10T14:04:55.016498+05:30,NIFTY,29-Sep-2026,26950.0,PE,23419.15,3364.25,650,3459.55,65,0.0,3411.9,0,0,0,0,0,,,,,,,,,,,,,,,0.05221667248547692,,,,,,11.84,65,23446.6,23494.95,23403.05,23431.5,mid_price,no_price_available
2026-09-10T08:34:55.016498+00:00,2026-09-10T14:04:55.016498+05:30,NIFTY,29-Sep-2026,27000.0,CE,23419.15,2.05,1625,2.1,2730,2.1,2.075,27315,248,2398,-4.545454545454546,23.22,0.004618232808458356,1.0840252303912025e-05,-0.45447927654882114,0.720863531707483,0.15408267386969554,-0.0009750978205992069,21.462783185620225,2.2348631858282152e-08,0.0002760629785388823,-1.7576508868687899e-06,-0.1547415339599314,60.98895171309332,-0.003940064128739041,8.155566224710984e-06,0.05221667248547692,23502,0.06763089256227152,0.0121,index_dividend_yield,0.065,11.84,65,23446.6,23494.95,23403.05,23431.5,mid_price,ok
2026-09-10T08:34:55.016498+00:00,2026-09-10T14:04:55.016498+05:30,NIFTY,29-Sep-2026,27000.0,PE,23419.15,3483.15,65,3493.05,65,3488,3488.1000000000004,23272.46153846154,205,584,1.5237291342249648,37.41,,,,,,,,,,,,,,,0.05221667248547692,,,,,,11.84,65,23446.6,23494.95,23403.05,23431.5,mid_price,no_price_available
2026-09-10T08:34:55.016498+00:00,2026-09-10T14:04:55.016498+05:30,NIFTY,29-Sep-2026,27050.0,CE,23419.15,1.15,910,2.5,1300,0.0,1.825,64,0,0,0,22,0.002658470253654663,6.967996374804784e-06,-0.2622392295627091,0.43901771631198616,0.10580360031159385,-0.0006341980034423201,15.779521048627009,1.6307472893392443e-08,0.00021876833590788543,-1.3178688337176805e-06,-0.10610860342036667,67.49100007852022,-0.0022675280371704572,5.222947178696516e-06,0.05221667248547692,23502,0.06763089256227152,0.0121,index_dividend_yield,0.065,11.84,65,23446.6,23494.95,23403.05,23431.5,mid_price,wide_quote_low_liquidity
2026-09-10T08:34:55.016498+00:00,2026-09-10T14:04:55.016498+05:30,NIFTY,29-Sep-2026,27050.0,PE,23419.15,3462.5,650,3560.05,65,0.0,3511.275,0,0,0,0,0,,,,,,,,,,,,,,,0.05221667248547692,,,,,,11.84,65,23446.6,23494.95,23403.05,23431.5,mid_price,no_price_available
2026-09-10T08:34:55.016498+00:00,2026-09-10T14:04:55.016498+05:30,NIFTY,29-Sep-2026,27100.0,CE,23419.15,1.65,325,2.35,1040,2.15,2.0,210,2,2,19.444444444444443,23.9,0.0047257470025606815,1.0750299677430957e-05,-0.47706240225124713,0.73581717605482,0.15243873979303582,-0.0009919618754610652,21.169383252436667,2.144549708713863e-08,0.000264298799593215,-1.730109834466831e-06,-0.15706344412161954,59.15560911256628,-0.0040148376038955415,8.028312069998742e-06,0.05221667248547692,23502,0.06763089256227152,0.0121,index_dividend_yield,0.065,11.84,65,23446.6,23494.95,23403.05,23431.5,mid_price,wide_quote_low_liquidity
2026-09-10T08:34:55.016498+00:00,2026-09-10T14:04:55.016498+05:30,NIFTY,29-Sep-2026,27100.0,PE,23419.15,3511.6,650,3610.3,65,0.0,3560.95,0,0,0,0,0,,,,,,,,,,,,,,,0.05221667248547692,,,,,,11.84,65,23446.6,23494.95,23403.05,23431.5,mid_price,no_price_available
2026-09-10T08:34:55.016498+00:00,2026-09-10T14:04:55.016498+05:30,NIFTY,29-Sep-2026,27150.0,CE,23419.15,1.2,910,2.5,1300,0.0,1.85,119,0,0,0,16.39,5.796050823953536e-05,2.700759927953219e-07,-0.005645477748185562,0.012676996902901989,0.005629409278935402,-2.517503859253233e-05,1.1610064331445844,1.2145319704919165e-09,2.3082089513831677e-05,-1.0338713802558677e-07,-0.00552668382536862,115.74984348386617,-4.9563865385018995e-05,2.0095025882972334e-07,0.05221667248547692,23502,0.06763089256227152,0.0121,index_dividend_yield,0.065,11.84,65,23446.6,23494.95,23403.05,23431.5,mid_price,wide_quote_low_liquidity
2026-09-10T08:34:55.016498+00:00,2026-09-10T14:04:55.016498+05:30,NIFTY,29-Sep-2026,27150.0,PE,23419.15,3560.75,650,3660.55,65,0.0,3610.65,0,0,0,0,0,,,,,,,,,,,,,,,0.05221667248547692,,,,,,11.84,65,23446.6,23494.95,23403.05,23431.5,mid_price,no_price_available
2026-09-10T08:34:55.016498+00:00,2026-09-10T14:04:55.016498+05:30,NIFTY,29-Sep-2026,27200.0,CE,23419.15,1.7,260,2,585,2,1.85,664,3,40,-4.761904761904762,24.26,0.004365772956888374,9.867523532036603e-06,-0.4508321351179022,0.6855678085903363,0.14139668708594305,-0.0009331224918786348,19.841129689097848,1.9593869301940453e-08,0.00024489796745133123,-1.6252773293308415e-06,-0.14892842793472483,58.713222087172156,-0.003694900753091588,7.314971177260954e-06,0.05221667248547692,23502,0.06763089256227152,0.0121,index_dividend_yield,0.065,11.84,65,23446.6,23494.95,23403.05,23431.5,mid_price,wide_quote_low_liquidity
2026-09-10T08:34:55.016498+00:00,2026-09-10T14:04:55.016498+05:30,NIFTY,29-Sep-2026,27200.0,PE,23419.15,3609.9,650,3710.85,65,0.0,3660.375,0,0,0,0,0,,,,,,,,,,,,,,,0.05221667248547692,,,,,,11.84,65,23446.6,23494.95,23403.05,23431.5,mid_price,no_price_available
2026-09-10T08:34:55.016498+00:00,2026-09-10T14:04:55.016498+05:30,NIFTY,29-Sep-2026,28500.0,CE,23419.15,0.6,18005,0.65,1040,0.65,0.625,8400,-283,774,-7.142857142857143,27.98,0.0013676735967243102,2.995220626313389e-06,-0.18071523946532805,0.24000924865224513,0.0490473712212023,-0.00037023263019112136,7.863131308098625,5.895310650642195e-09,8.742116264973982e-05,-6.617455541536537e-07,-0.06565723352032657,56.13052934670489,-0.0011038288879297116,2.0224665819497305e-06,0.05221667248547692,23502,0.06763089256227152,0.0121,index_dividend_yield,0.065,11.84,65,23446.6,23494.95,23403.05,23431.5,mid_price,ok
2026-09-10T08:34:55.016498+00:00,2026-09-10T14:04:55.016498+05:30,NIFTY,29-Sep-2026,28500.0,PE,23419.15,4960.35,65,4987.75,65,4972,4974.05,6641,-5,25,1.2864520203306273,47.62,,,,,,,,,,,,,,,0.05221667248547692,,,,,,11.84,65,23446.6,23494.95,23403.05,23431.5,mid_price,no_price_available
2026-09-10T08:34:55.016498+00:00,2026-09-10T14:04:55.016498+05:30,NIFTY,29-Sep-2026,30000.0,CE,23419.15,0.65,455,0.7,5135,0.65,0.675,4423,30,98,-7.142857142857143,34.71,0.0011520263193470473,2.0637343311821802e-06,-0.1906081312337271,0.20514448779354286,0.034537174535145085,-0.00032156559365876603,5.632948392545369,3.3093711608218018e-09,5.072017081318647e-05,-4.7315703330047506e-07,-0.05783403820848523,46.008268829342285,-0.0008797690737939871,1.2576318746469109e-06,0.05221667248547692,23502,0.06763089256227152,0.0121,index_dividend_yield,0.065,11.84,65,23446.6,23494.95,23403.05,23431.5,mid_price,ok
2026-09-10T08:34:55.016498+00:00,2026-09-10T14:04:55.016498+05:30,NIFTY,29-Sep-2026,30000.0,PE,23419.15,6452.25,65,6497.1,650,6444,6474.675,2185,-7,26,1.0031347962382444,52.14,,,,,,,,,,,,,,,0.05221667248547692,,,,,,11.84,65,23446.6,23494.95,23403.05,23431.5,mid_price,no_price_available
2026-09-10T08:34:55.016498+00:00,2026-09-10T14:04:55.016498+05:30,NIFTY,29-Sep-2026,31500.0,CE,23419.15,0.55,3510,0.95,130,1,0.75,249,0,6,53.84615384615385,42.51,0.0014658226381053516,2.1002376500235444e-06,-0.28995817785459654,0.2556883814496845,0.03452566579821234,-0.0003922091343829348,5.495971239642711,2.6618774423585493e-09,4.020307617451631e-05,-4.5746069424911175e-07,-0.06914693035075534,37.07457997018775,-0.0010603934654702437,1.1608860396452488e-06,0.05221667248547692,23502,0.06763089256227152,0.0121,index_dividend_yield,0.065,11.84,65,23446.6,23494.95,23403.05,23431.5,mid_price,wide_quote_low_liquidity
2026-09-10T08:34:55.016498+00:00,2026-09-10T14:04:55.016498+05:30,NIFTY,29-Sep-2026,31500.0,PE,23419.15,,0,,0,0.0,,0,0,0,0,0,,,,,,,,,,,,,,,0.05221667248547692,,,,,,11.84,65,23446.6,23494.95,23403.05,23431.5,none,no_price_available
2026-09-10T08:34:55.016498+00:00,2026-09-10T14:04:55.016498+05:30,NIFTY,29-Sep-2026,33000.0,CE,23419.15,0.55,520,0.95,260,0.5,0.75,539,-2,4,-37.5,45.95,0.0007173113626532804,1.008668852550298e-06,-0.1623589804876851,0.13273503701869388,0.01777268901330208,-0.000217777321595126,3.031527455930369,1.2670825276064956e-09,2.0841472252763803e-05,-2.5561592169973686e-07,-0.040633522142474315,36.165660509336035,-0.0004949795729622281,5.079991515179407e-07,0.05221667248547692,23502,0.06763089256227152,0.0121,index_dividend_yield,0.065,11.84,65,23446.6,23494.95,23403.05,23431.5,mid_price,wide_quote_low_liquidity
2026-09-10T08:34:55.016498+00:00,2026-09-10T14:04:55.016498+05:30,NIFTY,29-Sep-2026,33000.0,PE,0,,0,,0,0.0,,0,0,0,0,0,,,,,,,,,,,,,,,0.05221667248547692,,,,,,11.84,65,23446.6,23494.95,23403.05,23431.5,none,no_price_available
2026-09-10T08:34:55.016498+00:00,2026-09-10T14:04:55.016498+05:30,NIFTY,29-Sep-2026,34500.0,CE,23419.15,0.2,1755,0.55,1495,0.0,0.375,151,0,0,0,52.03,0.0007468012668502555,9.244964010564963e-07,-0.19046954869279373,0.13775599252151746,0.016300449434171645,-0.000225746292484201,2.770231872383649,1.0165761497779585e-09,1.6814299864564286e-05,-2.3303356848566467e-07,-0.041983598176115466,31.96270615400651,-0.0004910802273415039,4.259996980135953e-07,0.05221667248547692,23502,0.06763089256227152,0.0121,index_dividend_yield,0.065,11.84,65,23446.6,23494.95,23403.05,23431.5,mid_price,wide_quote_low_liquidity
2026-09-10T08:34:55.016498+00:00,2026-09-10T14:04:55.016498+05:30,NIFTY,29-Sep-2026,34500.0,PE,0,,0,,0,0.0,,0,0,0,0,0,,,,,,,,,,,,,,,0.05221667248547692,,,,,,11.84,65,23446.6,23494.95,23403.05,23431.5,none,no_price_available
