fetch_ts_utc,fetch_ts_ist,symbol,expiry_date,strike,option_type,underlying_value,bid_price,bid_qty,ask_price,ask_qty,ltp,mid_price,open_interest,change_in_oi,total_traded_volume,pchange_vs_prev_close,nse_iv,delta,gamma,theta,vega,vanna,charm,vomma,speed,zomma,color,veta,omega,dual_delta,dual_gamma,time_to_expiry_years,futures_price,implied_cost_of_carry,dividend_yield_used,dividend_yield_source,risk_free_rate_used,india_vix,lot_size,underlying_day_open,underlying_day_high,underlying_day_low,underlying_prev_close,price_source_for_iv,data_quality_flag
2026-09-02T08:08:07.106895+00:00,2026-09-02T13:38:07.106895+05:30,NIFTY,29-Sep-2026,15000.0,CE,23885.2,,0,9310.95,1690,0.0,,0,0,0,0,0,,,,,,,,,,,,,,,0.07418546718369481,,,,,,11.55,65,23858,23896.05,23786.8,24055.8,none,no_price_available
2026-09-02T08:08:07.106895+00:00,2026-09-02T13:38:07.106895+05:30,NIFTY,29-Sep-2026,15000.0,PE,23885.2,1.2,130,1.75,650,1.85,1.475,1284,-4,14,19.35483870967742,60.48,-0.0016909077176401391,1.3831758320546996e-06,-0.3891443739753312,0.3540509587693832,-0.02488721215901206,0.0002730486308848588,4.744565902037396,-1.0894221903718884e-09,1.6248580053088306e-05,-1.7778734553178712e-07,-0.05859387793168702,-20.135963294692484,0.0028262278041745427,3.507136249280757e-06,0.07418546718369481,24021.6,0.0767590411430499,0.011699999999999999,index_dividend_yield,0.065,11.55,65,23858,23896.05,23786.8,24055.8,mid_price,wide_quote_low_liquidity
2026-09-02T08:08:07.106895+00:00,2026-09-02T13:38:07.106895+05:30,NIFTY,29-Sep-2026,16500.0,CE,23885.2,,0,7902.15,1690,0.0,,0,0,0,0,0,,,,,,,,,,,,,,,0.07418546718369481,,,,,,11.55,65,23858,23896.05,23786.8,24055.8,none,no_price_available
2026-09-02T08:08:07.106895+00:00,2026-09-02T13:38:07.106895+05:30,NIFTY,29-Sep-2026,16500.0,PE,23885.2,0.95,650,1.1,325,1.1,1.025,2045,0,211,15.789473684210526,46.8,-0.0013637640169723642,1.4691746350104855e-06,-0.24650449976408295,0.2910019338637952,-0.027423418738719965,0.00023181898558740114,5.346114434200716,-1.5105605901047917e-09,2.3851304561637434e-05,-2.0098826902789192e-07,-0.050567652389838506,-26.74955109675337,0.0020479701816333933,3.0786711190764365e-06,0.07418546718369481,24021.6,0.0767590411430499,0.011699999999999999,index_dividend_yield,0.065,11.55,65,23858,23896.05,23786.8,24055.8,mid_price,ok
2026-09-02T08:08:07.106895+00:00,2026-09-02T13:38:07.106895+05:30,NIFTY,29-Sep-2026,18000.0,CE,23885.2,5956.5,130,6019.55,65,5945.75,5988.025,20,-1,5,-6.218454258675079,0,,,,,,,,,,,,,,,0.07418546718369481,24021.6,0.0767590411430499,0.011699999999999999,index_dividend_yield,0.065,11.55,65,23858,23896.05,23786.8,24055.8,mid_price,no_nse_iv
2026-09-02T08:08:07.106895+00:00,2026-09-02T13:38:07.106895+05:30,NIFTY,29-Sep-2026,18000.0,PE,23885.2,1.75,390,1.95,130,1.8,1.85,14816,-12,276,-10,38.34,-0.0025605673754921588,3.179313815205696e-06,-0.3559551179304038,0.5158959352270364,-0.05573420813979944,0.0003833735284828445,10.14878338466091,-3.709758026751421e-09,5.42509285197008e-05,-3.714525596806187e-07,-0.07933702761649647,-31.2071695001885,0.003506636620530682,5.598170885849118e-06,0.07418546718369481,24021.6,0.0767590411430499,0.011699999999999999,index_dividend_yield,0.065,11.55,65,23858,23896.05,23786.8,24055.8,mid_price,ok
2026-09-02T08:08:07.106895+00:00,2026-09-02T13:38:07.106895+05:30,NIFTY,29-Sep-2026,19500.0,CE,23885.2,4491.25,65,4509.1,130,4450.25,4500.175,2161,-1,42,-2.4260562608257144,0,,,,,,,,,,,,,,,0.07418546718369481,24021.6,0.0767590411430499,0.011699999999999999,index_dividend_yield,0.065,11.55,65,23858,23896.05,23786.8,24055.8,mid_price,no_nse_iv
2026-09-02T08:08:07.106895+00:00,2026-09-02T13:38:07.106895+05:30,NIFTY,29-Sep-2026,19500.0,PE,23885.2,3,5980,3.1,1690,3.05,3.05,14469,284,6302,-19.736842105263158,30.28,-0.00540176727031931,7.862166025095597e-06,-0.543904368532588,1.0075687324020173,-0.12614271279199046,0.0006776162162793736,20.915204008111367,-1.0530262197384681e-08,0.00013723725466676737,-7.314767128417796e-07,-0.13095709520979604,-37.14662388580322,0.006794646997374801,1.1795891036399495e-05,0.07418546718369481,24021.6,0.0767590411430499,0.011699999999999999,index_dividend_yield,0.065,11.55,65,23858,23896.05,23786.8,24055.8,mid_price,ok
2026-09-02T08:08:07.106895+00:00,2026-09-02T13:38:07.106895+05:30,NIFTY,29-Sep-2026,21000.0,CE,23885.2,3004.05,65,3013.25,65,2984.45,3008.65,8017,68,368,-2.919458720968057,0,,,,,,,,,,,,,,,0.07418546718369481,24021.6,0.0767590411430499,0.011699999999999999,index_dividend_yield,0.065,11.55,65,23858,23896.05,23786.8,24055.8,mid_price,no_nse_iv
2026-09-02T08:08:07.106895+00:00,2026-09-02T13:38:07.106895+05:30,NIFTY,29-Sep-2026,21000.0,PE,23885.2,6.4,3120,6.5,2080,6.4,6.45,26257,1500,7253,1.5873015873015872,22.58,-0.014312124475455162,2.475681880339313e-05,-0.9351892938056741,2.365894507008105,-0.34252992889441564,0.0013411998080085363,48.7624553555186,-3.801625032680452e-08,0.0004006114785256351,-1.5408362595909724e-06,-0.23460938011609134,-45.184168420766966,0.016638743490715823,3.202683430277892e-05,0.07418546718369481,24021.6,0.0767590411430499,0.011699999999999999,index_dividend_yield,0.065,11.55,65,23858,23896.05,23786.8,24055.8,mid_price,ok
2026-09-02T08:08:07.106895+00:00,2026-09-02T13:38:07.106895+05:30,NIFTY,29-Sep-2026,21600.0,CE,23885.2,2406.95,65,2414.35,65,2390,2410.6499999999996,756,59,71,-7.184466019417476,0,,,,,,,,,,,,,,,0.07418546718369481,24021.6,0.0767590411430499,0.011699999999999999,index_dividend_yield,0.065,11.55,65,23858,23896.05,23786.8,24055.8,mid_price,no_nse_iv
2026-09-02T08:08:07.106895+00:00,2026-09-02T13:38:07.106895+05:30,NIFTY,29-Sep-2026,21600.0,PE,23885.2,9.1,325,9.15,260,9.1,9.125,3629,593,1721,8.333333333333334,19.37,-0.02232919932569865,4.217018957596328e-05,-1.1567342300989354,3.4570986650348607,-0.5362530710314762,0.0017700836564751125,70.03398645284476,-6.910007569015583e-08,0.0006365823759897979,-2.0412925756573214e-06,-0.2949870079714363,-49.994124160297986,0.025185434872138666,5.156509419095227e-05,0.07418546718369481,24021.6,0.0767590411430499,0.011699999999999999,index_dividend_yield,0.065,11.55,65,23858,23896.05,23786.8,24055.8,mid_price,ok
2026-09-02T08:08:07.106895+00:00,2026-09-02T13:38:07.106895+05:30,NIFTY,29-Sep-2026,21650.0,CE,23885.2,2310.5,65,2403.4,65,2300,2356.95,1,-1,1,-11.538461538461538,0,,,,,,,,,,,,,,,0.07418546718369481,24021.6,0.0767590411430499,0.011699999999999999,index_dividend_yield,0.065,11.55,65,23858,23896.05,23786.8,24055.8,mid_price,no_nse_iv
2026-09-02T08:08:07.106895+00:00,2026-09-02T13:38:07.106895+05:30,NIFTY,29-Sep-2026,21650.0,PE,23885.2,8.9,780,9.65,325,9.45,9.275,86,4,31,6.179775280898877,19.14,-0.02346108630108753,4.449223948166135e-05,-1.189990689998022,3.604149522508974,-0.5599246254523217,0.0018228388942284172,72.36569676600423,-7.300493313375543e-08,0.0006608856478194968,-2.086825601657562e-06,-0.30211726417702867,-50.278432033502725,0.026398065986906562,5.415346237912839e-05,0.07418546718369481,24021.6,0.0767590411430499,0.011699999999999999,index_dividend_yield,0.065,11.55,65,23858,23896.05,23786.8,24055.8,mid_price,ok
2026-09-02T08:08:07.106895+00:00,2026-09-02T13:38:07.106895+05:30,NIFTY,29-Sep-2026,21700.0,CE,23885.2,2197.5,1755,2375.3,650,0.0,2286.4,1,0,0,0,0,,,,,,,,,,,,,,,0.07418546718369481,24021.6,0.0767590411430499,0.011699999999999999,index_dividend_yield,0.065,11.55,65,23858,23896.05,23786.8,24055.8,mid_price,no_nse_iv
2026-09-02T08:08:07.106895+00:00,2026-09-02T13:38:07.106895+05:30,NIFTY,29-Sep-2026,21700.0,PE,23885.2,9.95,65,10.05,65,9.95,10.0,1172,57,410,6.4171122994652405,18.91,-0.024663744616707884,4.696507035264072e-05,-1.2243814684222238,3.7587471030395228,-0.5847415338462932,0.0018770553868488159,74.76456937279252,-7.715505199444133e-08,0.0006858220650084501,-2.131665952728852e-06,-0.3093821048036425,-50.56401811760033,0.027684286635247413,5.690013199258985e-05,0.07418546718369481,24021.6,0.0767590411430499,0.011699999999999999,index_dividend_yield,0.065,11.55,65,23858,23896.05,23786.8,24055.8,mid_price,ok
2026-09-02T08:08:07.106895+00:00,2026-09-02T13:38:07.106895+05:30,NIFTY,29-Sep-2026,21750.0,CE,23885.2,1969.15,1755,2312.85,65,0.0,2141.0,1,0,0,0,0,,,,,,,,,,,,,,,0.07418546718369481,24021.6,0.0767590411430499,0.011699999999999999,index_dividend_yield,0.065,11.55,65,23858,23896.05,23786.8,24055.8,mid_price,no_nse_iv
2026-09-02T08:08:07.106895+00:00,2026-09-02T13:38:07.106895+05:30,NIFTY,29-Sep-2026,21750.0,PE,23885.2,10.1,65,10.4,65,10.2,10.25,93,-5,108,2.512562814070352,18.65,-0.025759500202924227,4.938632960281665e-05,-1.2504582052112962,3.898182675139049,-0.6091318372255221,0.0019245019073807386,77.14520936052138,-8.146895412731933e-08,0.0007125624002949434,-2.1760888254116942e-06,-0.3156906327310818,-50.982790002397216,0.028843173346527064,5.9558807314027926e-05,0.07418546718369481,24021.6,0.0767590411430499,0.011699999999999999,index_dividend_yield,0.065,11.55,65,23858,23896.05,23786.8,24055.8,mid_price,ok
2026-09-02T08:08:07.106895+00:00,2026-09-02T13:38:07.106895+05:30,NIFTY,29-Sep-2026,21800.0,CE,23885.2,2189.4,65,2236.3,65,2150,2212.8500000000004,2,0,1,-8.51063829787234,0,,,,,,,,,,,,,,,0.07418546718369481,24021.6,0.0767590411430499,0.011699999999999999,index_dividend_yield,0.065,11.55,65,23858,23896.05,23786.8,24055.8,mid_price,no_nse_iv
2026-09-02T08:08:07.106895+00:00,2026-09-02T13:38:07.106895+05:30,NIFTY,29-Sep-2026,21800.0,PE,23885.2,10.75,65,10.85,65,10.85,10.8,1816,251,943,9.595959595959595,18.42,-0.027111927542420505,5.2187524954471786e-05,-1.2870112910768239,4.068486944013217,-0.6363942291696227,0.0019815525082599213,79.68341499900045,-8.616393383002173e-08,0.0007388123232808307,-2.219079906550947e-06,-0.32321141830027056,-51.272528691139165,0.030284580107468234,6.264861547375116e-05,0.07418546718369481,24021.6,0.0767590411430499,0.011699999999999999,index_dividend_yield,0.065,11.55,65,23858,23896.05,23786.8,24055.8,mid_price,ok
2026-09-02T08:08:07.106895+00:00,2026-09-02T13:38:07.106895+05:30,NIFTY,29-Sep-2026,21850.0,CE,23885.2,1887.7,1755,2212.7,65,0.0,2050.2,1,0,0,0,17.26,0.9765108587421015,4.784736419108711e-05,-4.140763578564656,3.4952271894626263,-0.6085277888923102,0.0018037310884574387,79.25622092235885,-8.75460940266667e-08,0.0008077607607022717,-2.275466510466922e-06,-0.29527168455743213,10.954354286421971,-0.9700203127542393,5.717588559557664e-05,0.07418546718369481,24021.6,0.0767590411430499,0.011699999999999999,index_dividend_yield,0.065,11.55,65,23858,23896.05,23786.8,24055.8,mid_price,wide_quote_low_liquidity
2026-09-02T08:08:07.106895+00:00,2026-09-02T13:38:07.106895+05:30,NIFTY,29-Sep-2026,21850.0,PE,23885.2,10.65,780,11.55,260,11,11.100000000000001,65,17,62,11.11111111111111,18.15,-0.02828654829819448,5.4869282355308194e-05,-1.31160863613335,4.214853749384173,-0.6627720542965836,0.002028843635721367,82.19064711655078,-9.10382811989693e-08,0.0007676684685131121,-2.2622900661259577e-06,-0.3293986835791003,-51.74569454341299,0.03151883749340061,6.556682617101994e-05,0.07418546718369481,24021.6,0.0767590411430499,0.011699999999999999,index_dividend_yield,0.065,11.55,65,23858,23896.05,23786.8,24055.8,mid_price,ok
2026-09-02T08:08:07.106895+00:00,2026-09-02T13:38:07.106895+05:30,NIFTY,29-Sep-2026,21900.0,CE,23885.2,2078.35,65,2140.55,65,0.0,2109.45,9,0,0,0,0,,,,,,,,,,,,,,,0.07418546718369481,24021.6,0.0767590411430499,0.011699999999999999,index_dividend_yield,0.065,11.55,65,23858,23896.05,23786.8,24055.8,mid_price,no_nse_iv
2026-09-02T08:08:07.106895+00:00,2026-09-02T13:38:07.106895+05:30,NIFTY,29-Sep-2026,21900.0,PE,23885.2,11.6,65,11.75,65,11.65,11.675,2503,-32,646,11.483253588516746,17.91,-0.029740070610199468,5.7968739244424726e-05,-1.347022868308021,4.394060590650303,-0.6921714216247699,0.002085850314537195,84.8472136442493,-9.633069473305138e-08,0.00079569863006512,-2.3028853368326874e-06,-0.3367942325676667,-52.08630376745628,0.03305869540643331,6.895462320716711e-05,0.07418546718369481,24021.6,0.0767590411430499,0.011699999999999999,index_dividend_yield,0.065,11.55,65,23858,23896.05,23786.8,24055.8,mid_price,ok
2026-09-02T08:08:07.106895+00:00,2026-09-02T13:38:07.106895+05:30,NIFTY,29-Sep-2026,21950.0,CE,23885.2,1801.75,1755,2111.85,65,0.0,1956.8,2,0,0,0,24.47,0.9123507609245203,9.92564784999848e-05,-7.455546923666781,10.279439446097676,-0.8353772879099441,0.003457814817078408,73.93156343309303,-8.890678676338816e-08,0.0003082576987163338,-1.0943802969715669e-06,-0.492900511539931,10.449471040549554,-0.8977788868622814,0.00011752968658727452,0.07418546718369481,24021.6,0.0767590411430499,0.011699999999999999,index_dividend_yield,0.065,11.55,65,23858,23896.05,23786.8,24055.8,mid_price,wide_quote_low_liquidity
2026-09-02T08:08:07.106895+00:00,2026-09-02T13:38:07.106895+05:30,NIFTY,29-Sep-2026,21950.0,PE,23885.2,11.85,975,12,130,11.95,11.925,344,176,339,4.824561403508772,17.56,-0.030496831288875748,6.0368664579199434e-05,-1.3459545687380048,4.4865517427064425,-0.7168465876234795,0.0021127376670564517,87.35486593004538,-1.0167794005539724e-07,0.0008316347078939454,-2.3496482219403046e-06,-0.34027314111833196,-52.95494464505489,0.03381222946988485,7.148259070753449e-05,0.07418546718369481,24021.6,0.0767590411430499,0.011699999999999999,index_dividend_yield,0.065,11.55,65,23858,23896.05,23786.8,24055.8,mid_price,ok
2026-09-02T08:08:07.106895+00:00,2026-09-02T13:38:07.106895+05:30,NIFTY,29-Sep-2026,22000.0,CE,23885.2,2015.1,65,2020,65,2015,2017.55,12315,-58,291,-3.1296572280178836,0,,,,,,,,,,,,,,,0.07418546718369481,24021.6,0.0767590411430499,0.011699999999999999,index_dividend_yield,0.065,11.55,65,23858,23896.05,23786.8,24055.8,mid_price,no_nse_iv
2026-09-02T08:08:07.106895+00:00,2026-09-02T13:38:07.106895+05:30,NIFTY,29-Sep-2026,22000.0,PE,23885.2,12.35,1495,12.4,520,12.45,12.375,39106,245,10611,11.160714285714286,17.39,-0.03263863998897009,6.44761980582209e-05,-1.4073582037580692,4.745430344262591,-0.7531516538350699,0.002192430984749194,90.2998061163669,-1.07886456430791e-07,0.0008561602540794631,-2.3811091161444407e-06,-0.3504561348908286,-52.96689273192108,0.036104486492307776,7.599969044245554e-05,0.07418546718369481,24021.6,0.0767590411430499,0.011699999999999999,index_dividend_yield,0.065,11.55,65,23858,23896.05,23786.8,24055.8,mid_price,ok
2026-09-02T08:08:07.106895+00:00,2026-09-02T13:38:07.106895+05:30,NIFTY,29-Sep-2026,22050.0,CE,23885.2,1873.95,650,2003.5,65,1900,1938.725,2,0,1,-16.666666666666668,0,,,,,,,,,,,,,,,0.07418546718369481,24021.6,0.0767590411430499,0.011699999999999999,index_dividend_yield,0.065,11.55,65,23858,23896.05,23786.8,24055.8,mid_price,no_nse_iv
2026-09-02T08:08:07.106895+00:00,2026-09-02T13:38:07.106895+05:30,NIFTY,29-Sep-2026,22050.0,PE,23885.2,12.8,260,12.9,715,12.95,12.850000000000001,198,124,179,16.143497757847534,17.1,-0.03399492034662407,6.780533972613888e-05,-1.4282278133145283,4.907232183969731,-0.7843225881556913,0.0022388792773862173,93.10423999245421,-1.1420531860939379e-07,0.0008899639824710544,-2.420360062162005e-06,-0.35634827398916524,-53.56435069029323,0.03751176189243916,7.956177672371812e-05,0.07418546718369481,24021.6,0.0767590411430499,0.011699999999999999,index_dividend_yield,0.065,11.55,65,23858,23896.05,23786.8,24055.8,mid_price,ok
2026-09-02T08:08:07.106895+00:00,2026-09-02T13:38:07.106895+05:30,NIFTY,29-Sep-2026,22100.0,CE,23885.2,1621.2,2080,1949.45,65,0.0,1785.325,13,0,0,0,28.6,0.8607188041674598,0.00011866897828801781,-10.230655527158161,14.364146857012605,-0.7789871516017954,0.003727959338301501,55.08376696965733,-7.421291677694279e-08,4.015222957798255e-05,3.31012648256446e-08,-0.526427489551601,10.246873066318628,-0.8394627684249518,0.00013861506091020163,0.07418546718369481,24021.6,0.0767590411430499,0.011699999999999999,index_dividend_yield,0.065,11.55,65,23858,23896.05,23786.8,24055.8,mid_price,wide_quote_low_liquidity
2026-09-02T08:08:07.106895+00:00,2026-09-02T13:38:07.106895+05:30,NIFTY,29-Sep-2026,22100.0,PE,23885.2,13.4,390,13.55,325,13.55,13.475000000000001,1531,35,923,12.916666666666666,16.86,-0.035845897375871086,7.182936971305851e-05,-1.4678487090788706,5.125499862519671,-0.8199563165838322,0.0023009749056834075,96.05364785734815,-1.2106905987130358e-07,0.0009201017180572742,-2.451265275148142e-06,-0.3641539358694051,-53.91959226858674,0.03945997178678031,8.390257168770398e-05,0.07418546718369481,24021.6,0.0767590411430499,0.011699999999999999,index_dividend_yield,0.065,11.55,65,23858,23896.05,23786.8,24055.8,mid_price,ok
2026-09-02T08:08:07.106895+00:00,2026-09-02T13:38:07.106895+05:30,NIFTY,29-Sep-2026,22150.0,CE,23885.2,1597.55,1690,1909.95,65,0.0,1753.75,2,0,0,0,29.56,0.8468505235337692,0.00012243195872580235,-10.961924391251111,15.317074603098858,-0.753183454085038,0.0037116814643602947,50.28015591654711,-7.037732081771706e-08,-1.2278883923034275e-05,2.9841153666041115e-07,-0.5283019466923271,10.22100553226,-0.8238470125008732,0.00014236561245434287,0.07418546718369481,24021.6,0.0767590411430499,0.011699999999999999,index_dividend_yield,0.065,11.55,65,23858,23896.05,23786.8,24055.8,mid_price,wide_quote_low_liquidity
2026-09-02T08:08:07.106895+00:00,2026-09-02T13:38:07.106895+05:30,NIFTY,29-Sep-2026,22150.0,PE,23885.2,13.5,1560,14.35,1820,13.85,13.925,583,8,50,13.061224489795919,16.6,-0.037654251426517085,7.595069374688663e-05,-1.5013422399976304,5.336007526470979,-0.856238319559506,0.002358402262816757,99.05104428981781,-1.283676612089454e-07,0.0009523529346993427,-2.4809589878774474e-06,-0.37131519220337683,-54.37945269181635,0.04135071247258993,8.831654042082207e-05,0.07418546718369481,24021.6,0.0767590411430499,0.011699999999999999,index_dividend_yield,0.065,11.55,65,23858,23896.05,23786.8,24055.8,mid_price,ok
2026-09-02T08:08:07.106895+00:00,2026-09-02T13:38:07.106895+05:30,NIFTY,29-Sep-2026,22200.0,CE,23885.2,1789.15,780,1851.1,65,0.0,1820.125,4,0,0,0,0,,,,,,,,,,,,,,,0.07418546718369481,24021.6,0.0767590411430499,0.011699999999999999,index_dividend_yield,0.065,11.55,65,23858,23896.05,23786.8,24055.8,mid_price,no_nse_iv
2026-09-02T08:08:07.106895+00:00,2026-09-02T13:38:07.106895+05:30,NIFTY,29-Sep-2026,22200.0,PE,23885.2,14.4,65,14.45,455,14.45,14.425,2685,93,1144,16.06425702811245,16.32,-0.03940800805694192,8.017355394522918e-05,-1.528306517316087,5.537680436013558,-0.893296375979527,0.002411036573011352,102.11843769387396,-1.3616589911839745e-07,0.0009872298991168496,-2.5100972769467124e-06,-0.3778341245108221,-54.950287948595836,0.043171063199329944,9.280747368571262e-05,0.07418546718369481,24021.6,0.0767590411430499,0.011699999999999999,index_dividend_yield,0.065,11.55,65,23858,23896.05,23786.8,24055.8,mid_price,ok
2026-09-02T08:08:07.106895+00:00,2026-09-02T13:38:07.106895+05:30,NIFTY,29-Sep-2026,22250.0,CE,23885.2,1468.1,1690,1804.15,65,0.0,1636.125,2,0,0,0,0,,,,,,,,,,,,,,,0.07418546718369481,24021.6,0.0767590411430499,0.011699999999999999,index_dividend_yield,0.065,11.55,65,23858,23896.05,23786.8,24055.8,mid_price,no_nse_iv
2026-09-02T08:08:07.106895+00:00,2026-09-02T13:38:07.106895+05:30,NIFTY,29-Sep-2026,22250.0,PE,23885.2,13.8,3055,17,1950,0.0,15.4,383,0,0,0,15.44,-0.035789987580186956,7.833519123337e-05,-1.3320275323465962,5.118949018539373,-0.8965489835293174,0.0022816778411740013,105.0674535327003,-1.4395361774684052e-07,0.0011005336824063858,-2.6455756959925856e-06,-0.3618778474151209,-58.97483707978443,0.039071739037997516,9.027232782783475e-05,0.07418546718369481,24021.6,0.0767590411430499,0.011699999999999999,index_dividend_yield,0.065,11.55,65,23858,23896.05,23786.8,24055.8,mid_price,wide_quote_low_liquidity
2026-09-02T08:08:07.106895+00:00,2026-09-02T13:38:07.106895+05:30,NIFTY,29-Sep-2026,22300.0,CE,23885.2,1441.95,65,1739.4,65,0.0,1590.6750000000002,29,0,0,0,20.94,0.9027406151815922,0.00012537660016391294,-7.136099319065173,11.111425187920466,-1.0153653956039843,0.0035178997052128787,85.99881226069161,-1.249022025090414e-07,0.00037165569233346414,-1.015752557384183e-06,-0.5003107836444176,12.428081272957508,-0.8891115192821305,0.0001438349832494103,0.07418546718369481,24021.6,0.0767590411430499,0.011699999999999999,index_dividend_yield,0.065,11.55,65,23858,23896.05,23786.8,24055.8,mid_price,wide_quote_low_liquidity
2026-09-02T08:08:07.106895+00:00,2026-09-02T13:38:07.106895+05:30,NIFTY,29-Sep-2026,22300.0,PE,23885.2,15.65,130,15.75,325,15.85,15.7,2696,-10,1034,20.075757575757574,15.84,-0.04406420372771289,9.042299691811782e-05,-1.6160054039431027,6.0619266137755226,-0.9775276697910374,0.002542364464713953,108.42477920817694,-1.534614431307342e-07,0.0010465178709050842,-2.536764120541097e-06,-0.3938797789959949,-55.67793108668222,0.04804418662594314,0.00010373538786404628,0.07418546718369481,24021.6,0.0767590411430499,0.011699999999999999,index_dividend_yield,0.065,11.55,65,23858,23896.05,23786.8,24055.8,mid_price,ok
2026-09-02T08:08:07.106895+00:00,2026-09-02T13:38:07.106895+05:30,NIFTY,29-Sep-2026,22350.0,CE,23885.2,1630.75,65,1708.5,65,1600,1669.625,3,0,1,-10.52204792662808,0,,,,,,,,,,,,,,,0.07418546718369481,24021.6,0.0767590411430499,0.011699999999999999,index_dividend_yield,0.065,11.55,65,23858,23896.05,23786.8,24055.8,mid_price,no_nse_iv
2026-09-02T08:08:07.106895+00:00,2026-09-02T13:38:07.106895+05:30,NIFTY,29-Sep-2026,22350.0,PE,23885.2,16.6,715,16.7,130,16.7,16.65,378,1,323,13.605442176870747,15.55,-0.04614137146390671,9.55875043139918e-05,-1.6419080381858564,6.290832422819084,-1.0202435389917164,0.002594608118078656,111.71054488067078,-1.6307920031800006e-07,0.0010827541749072315,-2.551762148945771e-06,-0.4002056008924874,-56.32317192720074,0.05018627505774494,0.00010917013118053806,0.07418546718369481,24021.6,0.0767590411430499,0.011699999999999999,index_dividend_yield,0.065,11.55,65,23858,23896.05,23786.8,24055.8,mid_price,ok
2026-09-02T08:08:07.106895+00:00,2026-09-02T13:38:07.106895+05:30,NIFTY,29-Sep-2026,22400.0,CE,23885.2,1612.5,65,1644.3,65,1550,1628.4,4,0,1,-7.902554961378491,0,,,,,,,,,,,,,,,0.07418546718369481,24021.6,0.0767590411430499,0.011699999999999999,index_dividend_yield,0.065,11.55,65,23858,23896.05,23786.8,24055.8,mid_price,no_nse_iv
2026-09-02T08:08:07.106895+00:00,2026-09-02T13:38:07.106895+05:30,NIFTY,29-Sep-2026,22400.0,PE,23885.2,17.4,455,17.5,260,17.45,17.45,1223,-14,1480,16.333333333333332,15.31,-0.04889956452398603,0.00010170786891421953,-1.6888903824223873,6.590317616026633,-1.0675650253895892,0.0026617587113027946,114.95693571823517,-1.7328632888164907e-07,0.0011098583366354702,-2.545401697801863e-06,-0.4082601257776446,-56.69152625895273,0.05306152586605078,0.00011564218324656862,0.07418546718369481,24021.6,0.0767590411430499,0.011699999999999999,index_dividend_yield,0.065,11.55,65,23858,23896.05,23786.8,24055.8,mid_price,ok
2026-09-02T08:08:07.106895+00:00,2026-09-02T13:38:07.106895+05:30,NIFTY,29-Sep-2026,22450.0,CE,23885.2,1548,65,1671,1690,0.0,1609.5,1,0,0,0,0,,,,,,,,,,,,,,,0.07418546718369481,24021.6,0.0767590411430499,0.011699999999999999,index_dividend_yield,0.065,11.55,65,23858,23896.05,23786.8,24055.8,mid_price,no_nse_iv
2026-09-02T08:08:07.106895+00:00,2026-09-02T13:38:07.106895+05:30,NIFTY,29-Sep-2026,22450.0,PE,23885.2,18.3,325,18.5,780,18.35,18.4,262,-63,228,15.40880503144654,15.06,-0.05175643586690396,0.00010818220153309451,-1.733148126214386,6.895367020348245,-1.1166007970222214,0.002726186923668404,118.23485469021966,-1.84211311249442e-07,0.0011367260599138352,-2.531393262416074e-06,-0.41593832486457316,-57.11749652369433,0.05602922725598906,0.00012245623110459922,0.07418546718369481,24021.6,0.0767590411430499,0.011699999999999999,index_dividend_yield,0.065,11.55,65,23858,23896.05,23786.8,24055.8,mid_price,ok
2026-09-02T08:08:07.106895+00:00,2026-09-02T13:38:07.106895+05:30,NIFTY,29-Sep-2026,22500.0,CE,23885.2,1535,1235,1535.75,65,1534.7,1535.375,8083,-189,1052,-3.5386549340037714,0,,,,,,,,,,,,,,,0.07418546718369481,24021.6,0.0767590411430499,0.011699999999999999,index_dividend_yield,0.065,11.55,65,23858,23896.05,23786.8,24055.8,mid_price,no_nse_iv
2026-09-02T08:08:07.106895+00:00,2026-09-02T13:38:07.106895+05:30,NIFTY,29-Sep-2026,22500.0,PE,23885.2,19.25,1430,19.4,1625,19.35,19.325,33475,711,18204,19.076923076923077,14.85,-0.055300149555516945,0.00011562216566235508,-1.7956545702828912,7.266815830798313,-1.1693311923799652,0.0028014415925894237,121.34152743517346,-1.9564016095471637e-07,0.0011521372908218437,-2.49038152733407e-06,-0.42482734212080686,-57.30522201521714,0.05972909353533656,0.0001302968233659197,0.07418546718369481,24021.6,0.0767590411430499,0.011699999999999999,index_dividend_yield,0.065,11.55,65,23858,23896.05,23786.8,24055.8,mid_price,ok
2026-09-02T08:08:07.106895+00:00,2026-09-02T13:38:07.106895+05:30,NIFTY,29-Sep-2026,22550.0,CE,23885.2,1437.55,195,1495.2,195,0.0,1466.375,2,0,0,0,0,,,,,,,,,,,,,,,0.07418546718369481,24021.6,0.0767590411430499,0.011699999999999999,index_dividend_yield,0.065,11.55,65,23858,23896.05,23786.8,24055.8,mid_price,no_nse_iv
2026-09-02T08:08:07.106895+00:00,2026-09-02T13:38:07.106895+05:30,NIFTY,29-Sep-2026,22550.0,PE,23885.2,20.5,130,20.65,195,20.55,20.575,407,178,587,22.321428571428573,14.61,-0.058760102932420254,0.0001232724907745076,-1.847087978435118,7.622421973337567,-1.2229769059132756,0.002867575596642101,124.50266568388012,-2.079446802370727e-07,0.00116983048297662,-2.4448052756999826e-06,-0.4326113109500396,-57.66630189420366,0.06331862791550774,0.00013830275872004437,0.07418546718369481,24021.6,0.0767590411430499,0.011699999999999999,index_dividend_yield,0.065,11.55,65,23858,23896.05,23786.8,24055.8,mid_price,ok
2026-09-02T08:08:07.106895+00:00,2026-09-02T13:38:07.106895+05:30,NIFTY,29-Sep-2026,22600.0,CE,23885.2,1353,65,1445.2,195,0.0,1399.1,14,0,0,0,15.59,0.9209429059731992,0.00014403173850946238,-5.696931295049012,9.503441775718507,-1.2878258534055886,0.0032346507769437367,118.71025451246986,-2.068761662939e-07,0.0008753447295324575,-1.8141923623953198e-06,-0.4706079912552302,15.604997371173331,-0.9109424341785254,0.00016087890024592936,0.07418546718369481,24021.6,0.0767590411430499,0.011699999999999999,index_dividend_yield,0.065,11.55,65,23858,23896.05,23786.8,24055.8,mid_price,ok
2026-09-02T08:08:07.106895+00:00,2026-09-02T13:38:07.106895+05:30,NIFTY,29-Sep-2026,22600.0,PE,23885.2,21.9,1560,22.1,1430,22.35,22.0,5249,304,2154,23.822714681440445,14.43,-0.0632627235884702,0.00013222529749868164,-1.9263811910315383,8.075278035670818,-1.2801129538963576,0.002947826712604657,127.21098560015199,-2.2042670017558465e-07,0.0011667338098068864,-2.354873130005347e-06,-0.4419798059856186,-57.656262378403746,0.06801993753647786,0.00014769147874224415,0.07418546718369481,24021.6,0.0767590411430499,0.011699999999999999,index_dividend_yield,0.065,11.55,65,23858,23896.05,23786.8,24055.8,mid_price,ok
2026-09-02T08:08:07.106895+00:00,2026-09-02T13:38:07.106895+05:30,NIFTY,29-Sep-2026,22650.0,CE,23885.2,1359.75,650,1424.4,65,1361.2,1392.075,3,-1,2,-18.75373045242927,0,,,,,,,,,,,,,,,0.07418546718369481,24021.6,0.0767590411430499,0.011699999999999999,index_dividend_yield,0.065,11.55,65,23858,23896.05,23786.8,24055.8,mid_price,no_nse_iv
2026-09-02T08:08:07.106895+00:00,2026-09-02T13:38:07.106895+05:30,NIFTY,29-Sep-2026,22650.0,PE,23885.2,23.25,130,23.4,260,22.95,23.325,453,61,381,17.994858611825194,14.19,-0.0673332401070152,0.00014112591259774073,-1.980995840264447,8.475508408852885,-1.3375020132053508,0.0030103215252825495,130.129523759976,-2.341768054398297e-07,0.0011723477140660311,-2.270622162252832e-06,-0.44930837209579977,-58.003593665235705,0.07222935742402715,0.00015693800044163218,0.07418546718369481,24021.6,0.0767590411430499,0.011699999999999999,index_dividend_yield,0.065,11.55,65,23858,23896.05,23786.8,24055.8,mid_price,ok
2026-09-02T08:08:07.106895+00:00,2026-09-02T13:38:07.106895+05:30,NIFTY,29-Sep-2026,22700.0,CE,23885.2,1332.8,65,1344.85,65,1280.55,1338.8249999999998,16,-1,10,-9.466577114779597,0,,,,,,,,,,,,,,,0.07418546718369481,24021.6,0.0767590411430499,0.011699999999999999,index_dividend_yield,0.065,11.55,65,23858,23896.05,23786.8,24055.8,mid_price,no_nse_iv
2026-09-02T08:08:07.106895+00:00,2026-09-02T13:38:07.106895+05:30,NIFTY,29-Sep-2026,22700.0,PE,23885.2,25,780,25.15,585,25.25,25.075,6125,-1048,5083,26.25,14.03,-0.07285239723148337,0.00015165288054692176,-2.073467172317761,9.005025255863385,-1.3971675751201715,0.003088518963477352,132.20020544932785,-2.475229059434169e-07,0.0011455654517937358,-2.120841818835221e-06,-0.4584322287113735,-57.84433156798976,0.07798134095158642,0.00016790232645974115,0.07418546718369481,24021.6,0.0767590411430499,0.011699999999999999,index_dividend_yield,0.065,11.55,65,23858,23896.05,23786.8,24055.8,mid_price,ok
2026-09-02T08:08:07.106895+00:00,2026-09-02T13:38:07.106895+05:30,NIFTY,29-Sep-2026,22750.0,CE,23885.2,1264.05,195,1301.1,195,0.0,1282.5749999999998,3,0,0,0,9.43,0.979575837768312,7.742587605778384e-05,-3.735986682597933,3.090113426564135,-1.0259069526422637,0.0015477605579176101,137.6575776010225,-2.660052010968712e-07,0.0026281513759460148,-3.6667164343621545e-06,-0.26043291501078514,19.047858238609418,-0.9744623548677251,8.534559103600481e-05,0.07418546718369481,24021.6,0.0767590411430499,0.011699999999999999,index_dividend_yield,0.065,11.55,65,23858,23896.05,23786.8,24055.8,mid_price,ok
2026-09-02T08:08:07.106895+00:00,2026-09-02T13:38:07.106895+05:30,NIFTY,29-Sep-2026,22750.0,PE,23885.2,26.7,195,27.15,2015,27,26.924999999999997,866,-33,643,25,13.76,-0.07722797264662142,0.00016166165686935287,-2.1171056278192184,9.414604053423181,-1.4576445059653191,0.0031375013523367995,134.9915541469233,-2.6323369781571425e-07,0.0011432466190875502,-2.0037420311739065e-06,-0.4643156187264239,-58.3623349430963,0.08247084256932183,0.00017819765633749878,0.07418546718369481,24021.6,0.0767590411430499,0.011699999999999999,index_dividend_yield,0.065,11.55,65,23858,23896.05,23786.8,24055.8,mid_price,ok
2026-09-02T08:08:07.106895+00:00,2026-09-02T13:38:07.106895+05:30,NIFTY,29-Sep-2026,22800.0,CE,23885.2,1237.4,65,1247.8,65,1218,1242.6,42,0,8,-7.7272727272727275,0,,,,,,,,,,,,,,,0.07418546718369481,24021.6,0.0767590411430499,0.011699999999999999,index_dividend_yield,0.065,11.55,65,23858,23896.05,23786.8,24055.8,mid_price,no_nse_iv
2026-09-02T08:08:07.106895+00:00,2026-09-02T13:38:07.106895+05:30,NIFTY,29-Sep-2026,22800.0,PE,23885.2,29.05,65,29.2,1495,29.25,29.125,10280,-644,11294,24.46808510638298,13.67,-0.08469905487185485,0.0001744729667382289,-2.2463417811975788,10.094231504038147,-1.5168766953144313,0.003217904516362599,135.55920430979285,-2.7602695888230286e-07,0.0010668725761878248,-1.7482232728166958e-06,-0.4738694397860233,-57.72839235227966,0.09026746549681489,0.00019147682439118395,0.07418546718369481,24021.6,0.0767590411430499,0.011699999999999999,index_dividend_yield,0.065,11.55,65,23858,23896.05,23786.8,24055.8,mid_price,ok
2026-09-02T08:08:07.106895+00:00,2026-09-02T13:38:07.106895+05:30,NIFTY,29-Sep-2026,22850.0,CE,23885.2,1171.65,650,1212.65,195,0.0,1192.15,5,0,0,0,0,,,,,,,,,,,,,,,0.07418546718369481,24021.6,0.0767590411430499,0.011699999999999999,index_dividend_yield,0.065,11.55,65,23858,23896.05,23786.8,24055.8,mid_price,no_nse_iv
2026-09-02T08:08:07.106895+00:00,2026-09-02T13:38:07.106895+05:30,NIFTY,29-Sep-2026,22850.0,PE,23885.2,31.05,65,31.15,130,31.25,31.1,1562,354,1085,23.762376237623762,13.45,-0.09073921984073517,0.0001866771842501355,-2.3160355554677188,10.626497055419957,-1.5776468832667812,0.0032644820254411067,137.09716101949354,-2.918370942716672e-07,0.0010206115123824796,-1.5356161285101546e-06,-0.4797976508257378,-57.89963386105741,0.09648826481540623,0.0002039748380850556,0.07418546718369481,24021.6,0.0767590411430499,0.011699999999999999,index_dividend_yield,0.065,11.55,65,23858,23896.05,23786.8,24055.8,mid_price,ok
2026-09-02T08:08:07.106895+00:00,2026-09-02T13:38:07.106895+05:30,NIFTY,29-Sep-2026,22900.0,CE,23885.2,1144.3,65,1156.75,130,1105,1150.525,58,-11,13,-8.741792955361936,0,,,,,,,,,,,,,,,0.07418546718369481,24021.6,0.0767590411430499,0.011699999999999999,index_dividend_yield,0.065,11.55,65,23858,23896.05,23786.8,24055.8,mid_price,no_nse_iv
2026-09-02T08:08:07.106895+00:00,2026-09-02T13:38:07.106895+05:30,NIFTY,29-Sep-2026,22900.0,PE,23885.2,33.75,910,33.95,520,34.1,33.85,6738,1088,4704,26.296296296296298,13.32,-0.09875818235356591,0.0002006375048660283,-2.430223534349751,11.310790109999177,-1.634009638460429,0.0033163248807880213,136.938759391656,-3.055104446573601e-07,0.0009229604187279474,-1.2241212513550669e-06,-0.4866665835240571,-57.48218745305929,0.10479892066466459,0.00021827244733266086,0.07418546718369481,24021.6,0.0767590411430499,0.011699999999999999,index_dividend_yield,0.065,11.55,65,23858,23896.05,23786.8,24055.8,mid_price,ok
2026-09-02T08:08:07.106895+00:00,2026-09-02T13:38:07.106895+05:30,NIFTY,29-Sep-2026,22950.0,CE,23885.2,1078.3,650,1113.45,65,0.0,1095.875,4,0,0,0,0,,,,,,,,,,,,,,,0.07418546718369481,24021.6,0.0767590411430499,0.011699999999999999,index_dividend_yield,0.065,11.55,65,23858,23896.05,23786.8,24055.8,mid_price,no_nse_iv
2026-09-02T08:08:07.106895+00:00,2026-09-02T13:38:07.106895+05:30,NIFTY,29-Sep-2026,22950.0,PE,23885.2,36.65,65,37.2,2015,37,36.925,1432,-87,858,25,13.15,-0.10675652007428034,0.00021506397501657197,-2.5261109664822237,11.969334984861865,-1.6896047985879292,0.003349484566320115,136.68401564287967,-3.202358922372404e-07,0.0008206129830366126,-8.961141398697963e-07,-0.4918546166126685,-57.29932713195934,0.1130458493680362,0.0002329485723313321,0.07418546718369481,24021.6,0.0767590411430499,0.011699999999999999,index_dividend_yield,0.065,11.55,65,23858,23896.05,23786.8,24055.8,mid_price,ok
2026-09-02T08:08:07.106895+00:00,2026-09-02T13:38:07.106895+05:30,NIFTY,29-Sep-2026,23000.0,CE,23885.2,1052,65,1057.8,195,1050.65,1054.9,6614,14,1372,-5.4660788195069285,7.93,0.9731060375387496,0.00011715407277042858,-3.795280275898896,3.9319426861853914,-1.4636556074922313,0.0017660108256413176,184.94071296116599,-4.496796311114761e-07,0.00403336348678812,-4.365404042532426e-06,-0.291683897172089,23.71096040525555,-0.9679380624735012,0.00012634541416140624,0.07418546718369481,24021.6,0.0767590411430499,0.011699999999999999,index_dividend_yield,0.065,11.55,65,23858,23896.05,23786.8,24055.8,mid_price,ok
2026-09-02T08:08:07.106895+00:00,2026-09-02T13:38:07.106895+05:30,NIFTY,29-Sep-2026,23000.0,PE,23885.2,40.2,1170,40.4,390,40.8,40.3,88394.15384615384,8311,54538,25.731895223420647,13.02,-0.1161086048976854,0.00023066543924157016,-2.6422391019108957,12.71071887005981,-1.73872142004617,0.0033723262987841313,135.08009962684753,-3.332534357064057e-07,0.0006798744050536784,-4.935610200527713e-07,-0.49656353741437803,-56.843327481085616,0.12269849293312715,0.0002487623329221135,0.07418546718369481,24021.6,0.0767590411430499,0.011699999999999999,index_dividend_yield,0.065,11.55,65,23858,23896.05,23786.8,24055.8,mid_price,ok
2026-09-02T08:08:07.106895+00:00,2026-09-02T13:38:07.106895+05:30,NIFTY,29-Sep-2026,23050.0,CE,23885.2,997.6,65,1018.9,65,0.0,1008.25,4,0,0,0,0,,,,,,,,,,,,,,,0.07418546718369481,24021.6,0.0767590411430499,0.011699999999999999,index_dividend_yield,0.065,11.55,65,23858,23896.05,23786.8,24055.8,mid_price,no_nse_iv
2026-09-02T08:08:07.106895+00:00,2026-09-02T13:38:07.106895+05:30,NIFTY,29-Sep-2026,23050.0,PE,23885.2,43.6,195,43.95,1365,44.15,43.775000000000006,1598,-60,933,26.867816091954023,12.82,-0.12495493009448257,0.0002466942013759807,-2.7234325785489775,13.385159998825692,-1.7896346107456815,0.0033724747198319444,133.90018300412177,-3.486348311531565e-07,0.0005437077746505315,-9.329396018681367e-08,-0.49934070599422326,-56.80838943301487,0.13176186743872703,0.00026489566199679166,0.07418546718369481,24021.6,0.0767590411430499,0.011699999999999999,index_dividend_yield,0.065,11.55,65,23858,23896.05,23786.8,24055.8,mid_price,ok
2026-09-02T08:08:07.106895+00:00,2026-09-02T13:38:07.106895+05:30,NIFTY,29-Sep-2026,23100.0,CE,23885.2,961.65,130,967.6,65,954.15,964.625,81,19,277,-6.793982612093386,8.37,0.9498143602964629,0.00018730961702262438,-4.180435690149658,6.635324000965059,-1.9839041833119575,0.002443723872297854,213.10052524870392,-5.751628418313494e-07,0.003778452903264334,-3.854006991906234e-06,-0.38151736202705416,25.579749161612412,-0.9437061793987639,0.00020025984717738661,0.07418546718369481,24021.6,0.0767590411430499,0.011699999999999999,index_dividend_yield,0.065,11.55,65,23858,23896.05,23786.8,24055.8,mid_price,ok
2026-09-02T08:08:07.106895+00:00,2026-09-02T13:38:07.106895+05:30,NIFTY,29-Sep-2026,23100.0,PE,23885.2,47.4,325,47.55,260,47.9,47.474999999999994,10859,1774,7526,26.55217965653897,12.66,-0.13526617537903898,0.0002639020756063588,-2.8235829135645236,14.140120548968458,-1.8315408748580813,0.0033572396750670692,131.22781569280838,-3.6178705710156346e-07,0.0003647788961675194,3.8602207768452176e-07,-0.5014830128218417,-56.49828598207463,0.14233959929178144,0.0002821477624629447,0.07418546718369481,24021.6,0.0767590411430499,0.011699999999999999,index_dividend_yield,0.065,11.55,65,23858,23896.05,23786.8,24055.8,mid_price,ok
2026-09-02T08:08:07.106895+00:00,2026-09-02T13:38:07.106895+05:30,NIFTY,29-Sep-2026,23150.0,CE,23885.2,904.95,65,931.25,65,0.0,918.1,12,0,0,0,16.68,0.7868567451719384,0.00026717639574571397,-8.382908272817813,18.861261374659975,-1.3079441335225872,0.0031223363286122514,67.89631288456555,-2.0666883321960458e-07,-0.0006399832889679132,2.6649222469186853e-06,-0.5084429716859482,19.58619928493852,-0.7703959291470627,0.0002844158927210943,0.07418546718369481,24021.6,0.0767590411430499,0.011699999999999999,index_dividend_yield,0.065,11.55,65,23858,23896.05,23786.8,24055.8,mid_price,ok
2026-09-02T08:08:07.106895+00:00,2026-09-02T13:38:07.106895+05:30,NIFTY,29-Sep-2026,23150.0,PE,23885.2,52.05,195,52.45,195,52.35,52.25,999,137,511,26.90909090909091,12.57,-0.14770223124347576,0.0002821133110053463,-2.957162631815156,15.008436636304328,-1.856507070804772,0.0033208537161730496,126.31193160846709,-3.7019166992451367e-07,0.00013009912207869595,9.6505372369814e-07,-0.5029013959769273,-55.72723194716197,0.1551275964346882,0.0003003166090856903,0.07418546718369481,24021.6,0.0767590411430499,0.011699999999999999,index_dividend_yield,0.065,11.55,65,23858,23896.05,23786.8,24055.8,mid_price,ok
2026-09-02T08:08:07.106895+00:00,2026-09-02T13:38:07.106895+05:30,NIFTY,29-Sep-2026,23200.0,CE,23885.2,870.55,130,879.35,260,869.7,874.95,377,54,85,-6.9142673659424165,9.56,0.8994213542493941,0.0002815187403559753,-5.0043463439328555,11.390474160404862,-2.3014125690083986,0.0031100210762640135,192.05771505627567,-5.87874379504835e-07,0.0018025609641625123,-1.1483776261387159e-06,-0.46707030006105477,26.662025686157097,-0.8912548056440567,0.00029839332588608075,0.07418546718369481,24021.6,0.0767590411430499,0.011699999999999999,index_dividend_yield,0.065,11.55,65,23858,23896.05,23786.8,24055.8,mid_price,ok
2026-09-02T08:08:07.106895+00:00,2026-09-02T13:38:07.106895+05:30,NIFTY,29-Sep-2026,23200.0,PE,23885.2,57.15,6955,57.35,195,57.95,57.25,16985,-743,19971,28.207964601769913,12.4,-0.15954143206419255,0.00030095898346674835,-3.0477704614684686,15.794489620749015,-1.8835273407761255,0.0032583466411969515,122.02254770110787,-3.8139642362523764e-07,-0.00010183982589618158,1.5383293469499783e-06,-0.5025479772688044,-55.43332351163948,0.16721648634325045,0.0003189988414923331,0.07418546718369481,24021.6,0.0767590411430499,0.011699999999999999,index_dividend_yield,0.065,11.55,65,23858,23896.05,23786.8,24055.8,mid_price,ok
2026-09-02T08:08:07.106895+00:00,2026-09-02T13:38:07.106895+05:30,NIFTY,29-Sep-2026,23250.0,CE,23885.2,821.65,65,837,65,811.45,829.325,6,0,1,-18.976535197204193,8.16,0.9187106707024385,0.00028110435096554955,-4.534332106851736,9.708101912780704,-2.5226152435006144,0.002850513341979943,230.0595309506308,-7.481447069598977e-07,0.0032176323637782235,-2.2507847773995055e-06,-0.436203301710032,29.42023408587845,-0.9117299309753404,0.0002966739524589322,0.07418546718369481,24021.6,0.0767590411430499,0.011699999999999999,index_dividend_yield,0.065,11.55,65,23858,23896.05,23786.8,24055.8,mid_price,ok
2026-09-02T08:08:07.106895+00:00,2026-09-02T13:38:07.106895+05:30,NIFTY,29-Sep-2026,23250.0,PE,23885.2,62.8,65,63,130,63.4,62.9,1724,122,1624,24.680432645034415,12.29,-0.1734397088047922,0.0003204735795514942,-3.164537831722106,16.669428648562075,-1.8901619647502115,0.003166642734767661,115.6029192944441,-3.87246107023217e-07,-0.00038497106649509286,2.198064538811654e-06,-0.501270485002923,-54.745943329976825,0.18143279294540485,0.00033822373498536046,0.07418546718369481,24021.6,0.0767590411430499,0.011699999999999999,index_dividend_yield,0.065,11.55,65,23858,23896.05,23786.8,24055.8,mid_price,ok
2026-09-02T08:08:07.106895+00:00,2026-09-02T13:38:07.106895+05:30,NIFTY,29-Sep-2026,23300.0,CE,23885.2,782.8,65,787.85,130,775.2,785.325,172,25,82,-8.842897460018815,9.81,0.8613332430972968,0.00034491884196276675,-5.469827759529112,14.320643286247298,-2.385239447896925,0.0031457791768224603,169.10706467269065,-5.972968455210241e-07,0.0005574717331158013,1.055364115855762e-06,-0.48502274530696715,28.50476240325667,-0.8519902848093479,0.0003624622996979443,0.07418546718369481,24021.6,0.0767590411430499,0.011699999999999999,index_dividend_yield,0.065,11.55,65,23858,23896.05,23786.8,24055.8,mid_price,ok
2026-09-02T08:08:07.106895+00:00,2026-09-02T13:38:07.106895+05:30,NIFTY,29-Sep-2026,23300.0,PE,23885.2,68.5,130,68.7,195,68.6,68.6,32501,14645,34432,25.411334552102378,12.13,-0.18737370169842274,0.00034082774229638683,-3.250939777190937,17.497352408654457,-1.8935370761879178,0.003046918620373068,109.27304865575138,-3.940951572316363e-07,-0.0006811659449432682,2.87290941195802e-06,-0.49870041249750585,-54.34074804344945,0.19561448495223907,0.0003581631162003678,0.07418546718369481,24021.6,0.0767590411430499,0.011699999999999999,index_dividend_yield,0.065,11.55,65,23858,23896.05,23786.8,24055.8,mid_price,ok
2026-09-02T08:08:07.106895+00:00,2026-09-02T13:38:07.106895+05:30,NIFTY,29-Sep-2026,23350.0,CE,23885.2,733.1,65,750.4,65,0.0,741.75,7,0,0,0,0,,,,,,,,,,,,,,,0.07418546718369481,24021.6,0.0767590411430499,0.011699999999999999,index_dividend_yield,0.065,11.55,65,23858,23896.05,23786.8,24055.8,mid_price,no_nse_iv
2026-09-02T08:08:07.106895+00:00,2026-09-02T13:38:07.106895+05:30,NIFTY,29-Sep-2026,23350.0,PE,23885.2,76.1,195,76.4,65,77.6,76.25,1750,458,1376,25.668016194331983,12,-0.2029012817315903,0.00036159793541240375,-3.345572995291727,18.364697896920465,-1.877256519736581,0.0028924393167598646,101.45381096023876,-3.9635434487960884e-07,-0.0010156152928386143,3.6042648409922774e-06,-0.4951809486826164,-53.72905265005657,0.21141487233607623,0.0003783641119871297,0.07418546718369481,24021.6,0.0767590411430499,0.011699999999999999,index_dividend_yield,0.065,11.55,65,23858,23896.05,23786.8,24055.8,mid_price,ok
2026-09-02T08:08:07.106895+00:00,2026-09-02T13:38:07.106895+05:30,NIFTY,29-Sep-2026,23400.0,CE,23885.2,702.6,65,705.55,65,688.2,704.075,575,46,163,-8.678343949044587,10.23,0.813203777523865,0.00040219724625145426,-6.01085421922003,17.413710767315543,-2.262131449386251,0.002896863949274353,131.3393215912999,-5.497114447993095e-07,-0.0008978197957987114,3.5903349690947096e-06,-0.4876546485046979,30.08363457846842,-0.8024736608357662,0.0004190493219166664,0.07418546718369481,24021.6,0.0767590411430499,0.011699999999999999,index_dividend_yield,0.065,11.55,65,23858,23896.05,23786.8,24055.8,mid_price,ok
2026-09-02T08:08:07.106895+00:00,2026-09-02T13:38:07.106895+05:30,NIFTY,29-Sep-2026,23400.0,PE,23885.2,84,130,84.2,715,84.2,84.1,17584,1114,12493,23.641703377386197,11.98,-0.22150990284973515,0.0003812619911938991,-3.4857731671930763,19.33111614073697,-1.820194834875194,0.002690078407493607,90.76493236242378,-3.8724472361831515e-07,-0.0013923018756384082,4.4003784058086934e-06,-0.4908252248875371,-52.454719243277005,0.23041336015416308,0.0003972368790971646,0.07418546718369481,24021.6,0.0767590411430499,0.011699999999999999,index_dividend_yield,0.065,11.55,65,23858,23896.05,23786.8,24055.8,mid_price,ok
2026-09-02T08:08:07.106895+00:00,2026-09-02T13:38:07.106895+05:30,NIFTY,29-Sep-2026,23450.0,CE,23885.2,657.45,65,666.4,65,651.35,661.925,11,0,2,-30.4261909848323,9.52,0.8084098548921418,0.0004390316470519612,-5.823614535000491,17.689248200971022,-2.424089738767954,0.002756347779420132,137.94186380979133,-6.297172088114631e-07,-0.001187785203816044,4.265306012671841e-06,-0.48142921233013425,32.55205008876541,-0.798117570402022,0.0004554785161545043,0.07418546718369481,24021.6,0.0767590411430499,0.011699999999999999,index_dividend_yield,0.065,11.55,65,23858,23896.05,23786.8,24055.8,mid_price,ok
2026-09-02T08:08:07.106895+00:00,2026-09-02T13:38:07.106895+05:30,NIFTY,29-Sep-2026,23450.0,PE,23885.2,92.7,195,93.05,65,92.5,92.875,3522,573,2079,22.516556291390728,11.86,-0.23932473897935577,0.00040213452393352136,-3.5661328718195198,20.185181041203663,-1.7672698101480755,0.0024604422337799192,81.38258758816264,-3.818928561550597e-07,-0.0017693338086277285,5.175009858206757e-06,-0.4857318432698747,-51.74966957259834,0.24847676913598632,0.00041719916431003914,0.07418546718369481,24021.6,0.0767590411430499,0.011699999999999999,index_dividend_yield,0.065,11.55,65,23858,23896.05,23786.8,24055.8,mid_price,ok
2026-09-02T08:08:07.106895+00:00,2026-09-02T13:38:07.106895+05:30,NIFTY,29-Sep-2026,23500.0,CE,23885.2,620.2,130,622.45,195,621,621.325,8850,1245,6411,-7.44466800804829,9.78,0.7793004651184715,0.0004649976355578179,-6.094470697185032,19.247139750399157,-2.25523587759785,0.002476249157285504,113.29196133531383,-5.75600161538871e-07,-0.002017385194354269,5.627234717780008e-06,-0.4779180545938182,33.30929830656994,-0.7682949834511266,0.0004803665791448879,0.07418546718369481,24021.6,0.0767590411430499,0.011699999999999999,index_dividend_yield,0.065,11.55,65,23858,23896.05,23786.8,24055.8,mid_price,ok
2026-09-02T08:08:07.106895+00:00,2026-09-02T13:38:07.106895+05:30,NIFTY,29-Sep-2026,23500.0,PE,23885.2,102.1,455,102.45,325,102,102.275,74516,-1984,40995,21.428571428571427,11.79,-0.25907953677708,0.0004219439064606032,-3.6583542133800853,21.054509330672932,-1.6837975608381406,0.00218611305503863,70.71229793458578,-3.688390084628068e-07,-0.0021617381645005615,5.9590764970514115e-06,-0.4802598394633364,-50.748450079722964,0.2685150890274274,0.0004358898528470221,0.07418546718369481,24021.6,0.0767590411430499,0.011699999999999999,index_dividend_yield,0.065,11.55,65,23858,23896.05,23786.8,24055.8,mid_price,ok
2026-09-02T08:08:07.106895+00:00,2026-09-02T13:38:07.106895+05:30,NIFTY,29-Sep-2026,23550.0,CE,23885.2,580.9,65,587.25,65,574.45,584.075,27,8,17,-22.18233541045787,9.96,0.751190805605689,0.0004880762047713497,-6.310547393631524,20.574229203203863,-2.074088921299455,0.002136604276414822,91.80229829901165,-5.252144901112638e-07,-0.0027225591505372106,6.811248361601914e-06,-0.4727506438754858,34.195388667622936,-0.7396026318876946,0.0005020691958751558,0.07418546718369481,24021.6,0.0767590411430499,0.011699999999999999,index_dividend_yield,0.065,11.55,65,23858,23896.05,23786.8,24055.8,mid_price,ok
2026-09-02T08:08:07.106895+00:00,2026-09-02T13:38:07.106895+05:30,NIFTY,29-Sep-2026,23550.0,PE,23885.2,112.55,130,113.05,325,114,112.8,1846,339,2528,22.911051212938006,11.68,-0.27921310316095926,0.0004422073699499354,-3.7169777422836545,21.859761508472108,-1.589948469903818,0.0018781362423032075,60.45797556208221,-3.546608561552237e-07,-0.002563068061528468,6.729379438355867e-06,-0.47470742039539715,-49.9527758273926,0.28885639589380757,0.00045488531600273627,0.07418546718369481,24021.6,0.0767590411430499,0.011699999999999999,index_dividend_yield,0.065,11.55,65,23858,23896.05,23786.8,24055.8,mid_price,ok
2026-09-02T08:08:07.106895+00:00,2026-09-02T13:38:07.106895+05:30,NIFTY,29-Sep-2026,23600.0,CE,23885.2,542.4,65,544.6,130,539,543.5,814,434,1378,-8.574336358239336,9.77,0.729529993909008,0.0005196024194700217,-6.334386563529773,21.485344848234504,-1.9833594975625646,0.0017894389711845538,79.1420509336156,-5.149983527045653e-07,-0.003404463483389509,7.908567453503179e-06,-0.4665172756005589,35.98253391720564,-0.7178266068853696,0.0005322368290425797,0.07418546718369481,24021.6,0.0767590411430499,0.011699999999999999,index_dividend_yield,0.065,11.55,65,23858,23896.05,23786.8,24055.8,mid_price,ok
2026-09-02T08:08:07.106895+00:00,2026-09-02T13:38:07.106895+05:30,NIFTY,29-Sep-2026,23600.0,PE,23885.2,123.85,325,124.3,65,125.2,124.07499999999999,16283,493,12053,21.908471275559883,11.62,-0.30116517327995723,0.00046052576980459343,-3.782966813911436,22.648355094693514,-1.4640837654761318,0.0015258075327431175,49.56076672223375,-3.323358716365407e-07,-0.0029555771329877636,7.463121055321345e-06,-0.46946789576692893,-48.87963856242291,0.31104049885641727,0.0004717236991759836,0.07418546718369481,24021.6,0.0767590411430499,0.011699999999999999,index_dividend_yield,0.065,11.55,65,23858,23896.05,23786.8,24055.8,mid_price,ok
2026-09-02T08:08:07.106895+00:00,2026-09-02T13:38:07.106895+05:30,NIFTY,29-Sep-2026,23650.0,CE,23885.2,505.55,65,510.2,65,498.7,507.875,112,36,169,-10.41049133207581,10,0.6985990982888842,0.0005346247141374742,-6.533897461981256,22.626929898821782,-1.721350991385484,0.0013364135372613273,58.47425576200571,-4.444064236007984e-07,-0.003964835658322777,8.836276288130742e-06,-0.46173293138732063,36.73477407435345,-0.6863401816642357,0.0005453113099489018,0.07418546718369481,24021.6,0.0767590411430499,0.011699999999999999,index_dividend_yield,0.065,11.55,65,23858,23896.05,23786.8,24055.8,mid_price,ok
2026-09-02T08:08:07.106895+00:00,2026-09-02T13:38:07.106895+05:30,NIFTY,29-Sep-2026,23650.0,PE,23885.2,136.7,65,137.2,195,137.9,136.95,1815,140,1483,22.36024844720497,11.49,-0.32312182302961456,0.00048010278389626213,-3.7979094318769997,23.346987632005234,-1.333477440139813,0.0011445120975462353,39.75246325304305,-3.105361977275686e-07,-0.003361146157264091,8.174349528901326e-06,-0.46480053185471,-48.15383286050771,0.3331122124082834,0.0004896995426389213,0.07418546718369481,24021.6,0.0767590411430499,0.011699999999999999,index_dividend_yield,0.065,11.55,65,23858,23896.05,23786.8,24055.8,mid_price,ok
2026-09-02T08:08:07.106895+00:00,2026-09-02T13:38:07.106895+05:30,NIFTY,29-Sep-2026,23700.0,CE,23885.2,471.3,65,472.8,65,471,472.05,1882,1114,4539,-8.525927364536804,9.84,0.6735529295049699,0.0005623538206560567,-6.530391500880874,23.41970114656256,-1.5533890224982416,0.0008827765037275892,45.6184020713728,-4.130488480698546e-07,-0.0046199069413084895,9.79683670699835e-06,-0.4570040170982743,38.593758313550445,-0.6612275463662526,0.0005711770148801689,0.07418546718369481,24021.6,0.0767590411430499,0.011699999999999999,index_dividend_yield,0.065,11.55,65,23858,23896.05,23786.8,24055.8,mid_price,ok
2026-09-02T08:08:07.106895+00:00,2026-09-02T13:38:07.106895+05:30,NIFTY,29-Sep-2026,23700.0,PE,23885.2,150.95,260,151.45,650,151.75,151.2,22331,1467,14798,21.25449460647223,11.51,-0.3479302814191168,0.0004933157239920077,-3.862277687451683,24.03127882237744,-1.1514116742395442,0.0007155353189006175,29.222785711874977,-2.741398901261225e-07,-0.0036863010252892003,8.74827243801165e-06,-0.4614332119657547,-46.68020729441836,0.3581608593506715,0.0005010557273256956,0.07418546718369481,24021.6,0.0767590411430499,0.011699999999999999,index_dividend_yield,0.065,11.55,65,23858,23896.05,23786.8,24055.8,mid_price,ok
2026-09-02T08:08:07.106895+00:00,2026-09-02T13:38:07.106895+05:30,NIFTY,29-Sep-2026,23750.0,CE,23885.2,436.4,65,438.4,65,432,437.4,293,145,875,-9.642334239698808,9.98,0.6429618276399623,0.0005737541701678151,-6.639535917458207,24.234440447953403,-1.2718242796435075,0.0003632389117222967,30.44154155464973,-3.4323220269124557e-07,-0.005028732196847444,1.0420987920035517e-05,-0.45493743486391125,39.59048429238062,-0.6302892100643598,0.000580305105491905,0.07418546718369481,24021.6,0.0767590411430499,0.011699999999999999,index_dividend_yield,0.065,11.55,65,23858,23896.05,23786.8,24055.8,mid_price,ok
2026-09-02T08:08:07.106895+00:00,2026-09-02T13:38:07.106895+05:30,NIFTY,29-Sep-2026,23750.0,PE,23885.2,165.95,65,166.4,65,166.35,166.175,3031,184,2702,18.482905982905983,11.44,-0.37239710858606456,0.0005080787694798286,-3.863004807741539,24.599918748859444,-0.9701858647337136,0.00026547758711509273,20.49265218134977,-2.3969636803259617e-07,-0.004018259271897952,9.27906702002457e-06,-0.45933449886132754,-45.650712704265544,0.38272099704466,0.000513879844803485,0.07418546718369481,24021.6,0.0767590411430499,0.011699999999999999,index_dividend_yield,0.065,11.55,65,23858,23896.05,23786.8,24055.8,mid_price,ok
2026-09-02T08:08:07.106895+00:00,2026-09-02T13:38:07.106895+05:30,NIFTY,29-Sep-2026,23800.0,CE,23885.2,404.7,195,405,585,404.05,404.85,9642,7679,26970,-8.66862567811935,9.84,0.6151883444821103,0.0005962747779687593,-6.594759746169075,24.832368143191143,-1.0376327886950087,-0.00017468466090497792,19.866131305995793,-2.93695272057302e-07,-0.005583181959240241,1.1121249784890799e-05,-0.45403976041820826,41.55030656524004,-0.6025317450819908,0.0006005515463290659,0.07418546718369481,24021.6,0.0767590411430499,0.011699999999999999,index_dividend_yield,0.065,11.55,65,23858,23896.05,23786.8,24055.8,mid_price,ok
2026-09-02T08:08:07.106895+00:00,2026-09-02T13:38:07.106895+05:30,NIFTY,29-Sep-2026,23800.0,PE,23885.2,182.4,130,182.95,195,182.95,182.675,29205,6121,41196,19.14685770107457,11.42,-0.3980281506616724,0.0005190078535240772,-3.8634101992846803,25.085146042133342,-0.764672415974943,-0.00021049430272712666,12.813582442857907,-1.9888604027589675e-07,-0.004279914299291649,9.670899521919984e-06,-0.45910826966158425,-44.39931974662124,0.4084498521281644,0.0005227304264866029,0.07418546718369481,24021.6,0.0767590411430499,0.011699999999999999,index_dividend_yield,0.065,11.55,65,23858,23896.05,23786.8,24055.8,mid_price,ok
2026-09-02T08:08:07.106895+00:00,2026-09-02T13:38:07.106895+05:30,NIFTY,29-Sep-2026,23850.0,CE,23885.2,371.55,65,372,65,372,371.775,1011,847,3682,-9.157509157509157,9.77,0.585511249204565,0.0006124843896236304,-6.553747935803335,25.325975846391046,-0.7599709927991749,-0.0007465836897695421,10.745407186309563,-2.3060873194674156e-07,-0.006009753376344995,1.159351477836388e-05,-0.4560417584260997,43.364978632204135,-0.5728535346749901,0.0006142936441489203,0.07418546718369481,24021.6,0.0767590411430499,0.011699999999999999,index_dividend_yield,0.065,11.55,65,23858,23896.05,23786.8,24055.8,mid_price,ok
2026-09-02T08:08:07.106895+00:00,2026-09-02T13:38:07.106895+05:30,NIFTY,29-Sep-2026,23850.0,PE,23885.2,199.95,130,200.6,65,202,200.27499999999998,2350,491,3854,19.526627218934912,11.35,-0.4238674741899078,0.0005300556009411167,-3.8164233801472163,25.46208067056064,-0.5523158401210537,-0.0007048751704843426,6.865909229748723,-1.57043982899667e-07,-0.004527497482254168,9.985659832291677e-06,-0.46077825910995424,-43.37304769878589,0.43428008031853904,0.0005316213641032559,0.07418546718369481,24021.6,0.0767590411430499,0.011699999999999999,index_dividend_yield,0.065,11.55,65,23858,23896.05,23786.8,24055.8,mid_price,ok
2026-09-02T08:08:07.106895+00:00,2026-09-02T13:38:07.106895+05:30,NIFTY,29-Sep-2026,23900.0,CE,23885.2,341.05,65,342,3250,341.15,341.525,6710,4574,19802,-9.974930729647712,9.81,0.5544622278162615,0.0006186296825364648,-6.533940142200155,25.684810257032733,-0.44855781634872693,-0.0013275798896550395,4.032134571371415,-1.5664342552932075e-07,-0.006209627235992388,1.1736767199024833e-05,-0.4613857397678416,44.794025277939625,-0.5417485040811731,0.0006178637507811245,0.07418546718369481,24021.6,0.0767590411430499,0.011699999999999999,index_dividend_yield,0.065,11.55,65,23858,23896.05,23786.8,24055.8,mid_price,ok
2026-09-02T08:08:07.106895+00:00,2026-09-02T13:38:07.106895+05:30,NIFTY,29-Sep-2026,23900.0,PE,23885.2,218.85,65,219.35,585,219.3,219.1,14553,3588,21384,18.093699515347335,11.26,-0.45024090180499754,0.0005399630702775399,-3.734737074029302,25.73232624542377,-0.3281111898441602,-0.0012156958113493377,2.6484323191375836,-1.1227488294062527e-07,-0.00474020200668079,1.019352319271043e-05,-0.46465813539605705,-42.42501784529726,0.4605681469848479,0.0005392945364617346,0.07418546718369481,24021.6,0.0767590411430499,0.011699999999999999,index_dividend_yield,0.065,11.55,65,23858,23896.05,23786.8,24055.8,mid_price,ok
2026-09-02T08:08:07.106895+00:00,2026-09-02T13:38:07.106895+05:30,NIFTY,29-Sep-2026,23950.0,CE,23885.2,312.1,390,312.95,65,313.6,312.525,1793,496,3570,-9.768378650553878,9.85,0.5233928485578778,0.0006209144121684412,-6.485418587904975,25.884785548064677,-0.1332541829019429,-0.0019067823329812494,0.5185522613082583,-8.20698635107939e-08,-0.006291907125299313,1.166725879178849e-05,-0.4696802831030773,46.237297604878975,-0.5106876536131648,0.0006175590198579745,0.07418546718369481,24021.6,0.0767590411430499,0.011699999999999999,index_dividend_yield,0.065,11.55,65,23858,23896.05,23786.8,24055.8,mid_price,ok
2026-09-02T08:08:07.106895+00:00,2026-09-02T13:38:07.106895+05:30,NIFTY,29-Sep-2026,23950.0,PE,23885.2,239.05,65,239.95,65,241.3,239.5,2107,-224,5601,17.621252741896175,11.13,-0.4771692212670715,0.0005496210153709633,-3.607864139830151,25.890181483725698,-0.09263642487980506,-0.0017421395867505682,0.3388291766146523,-6.449392696575162e-08,-0.0049313982600561294,1.0302784055430184e-05,-0.4709484516607709,-41.62293019061887,0.4873112519020068,0.0005466508892271586,0.07418546718369481,24021.6,0.0767590411430499,0.011699999999999999,index_dividend_yield,0.065,11.55,65,23858,23896.05,23786.8,24055.8,mid_price,ok
2026-09-02T08:08:07.106895+00:00,2026-09-02T13:38:07.106895+05:30,NIFTY,29-Sep-2026,24000.0,CE,23885.2,284.1,260,284.5,325,284.5,284.3,71501,10793,69809,-10.436014481347394,9.76,0.4922586067784993,0.000627656455083372,-6.3462000356195,25.926770155853724,0.18342549416291987,-0.0025042971775293132,0.21882270997863884,-7.554680115253619e-09,-0.006426282412004829,1.1539548312140347e-05,-0.4809450667159112,48.33039615385424,-0.47976740958284797,0.0006216662359504493,0.07418546718369481,24021.6,0.0767590411430499,0.011699999999999999,index_dividend_yield,0.065,11.55,65,23858,23896.05,23786.8,24055.8,mid_price,ok
2026-09-02T08:08:07.106895+00:00,2026-09-02T13:38:07.106895+05:30,NIFTY,29-Sep-2026,24000.0,PE,23885.2,262.05,195,262.75,130,262.7,262.4,101280.84615384616,4520.692307692308,71344,16.62597114317425,11.23,-0.5044260121803829,0.0005455477560413488,-3.5637713942066522,25.92920076124392,0.15183842237170841,-0.002234115443723095,0.12046043640445703,-1.3252600968218826e-08,-0.004855799821108331,1.0056243213985125e-05,-0.47974287894281886,-39.96606608023503,0.5145741598694815,0.0005403411647927526,0.07418546718369481,24021.6,0.0767590411430499,0.011699999999999999,index_dividend_yield,0.065,11.55,65,23858,23896.05,23786.8,24055.8,mid_price,ok
2026-09-02T08:08:07.106895+00:00,2026-09-02T13:38:07.106895+05:30,NIFTY,29-Sep-2026,24050.0,CE,23885.2,257.8,65,258.35,65,256.25,258.07500000000005,2024,194,2212,-11.270775623268698,9.81,0.4613618592708368,0.0006216913219650464,-6.245473400180435,25.811926090654133,0.49635999661348795,-0.003053089060257308,3.100148399019176,6.675973848676111e-08,-0.006263292937431098,1.1040316140530666e-05,-0.4949807118339002,49.78304874197777,-0.44899648278937565,0.0006132003697876656,0.07418546718369481,24021.6,0.0767590411430499,0.011699999999999999,index_dividend_yield,0.065,11.55,65,23858,23896.05,23786.8,24055.8,mid_price,ok
2026-09-02T08:08:07.106895+00:00,2026-09-02T13:38:07.106895+05:30,NIFTY,29-Sep-2026,24050.0,PE,23885.2,283.8,390,285.4,195,291.95,284.6,1738,-193,1686,19.21192323397305,11.18,-0.5317093337566993,0.0005462454610440612,-3.4231810706040418,25.846768030410086,0.3951210721779286,-0.0027383198252646235,2.075325514786286,3.7558446847247876e-08,-0.004842438538456923,9.803994061982103e-06,-0.49075555119295444,-38.88852848321215,0.5416448156609415,0.0005387849353410869,0.07418546718369481,24021.6,0.0767590411430499,0.011699999999999999,index_dividend_yield,0.065,11.55,65,23858,23896.05,23786.8,24055.8,mid_price,ok
2026-09-02T08:08:07.106895+00:00,2026-09-02T13:38:07.106895+05:30,NIFTY,29-Sep-2026,24100.0,CE,23885.2,232.5,325,233,130,232.55,232.75,19242,1094,17008,-10.985645933014354,9.7,0.42977634720428537,0.0006219381882015819,-6.03721395950488,25.53263040651768,0.8190605158319708,-0.003622921684477698,9.378854580511131,1.452671198334747e-07,-0.006183899485660751,1.0491832355243817e-05,-0.5123104315467764,52.14539997385351,-0.4177773840739358,0.0006109010946094332,0.07418546718369481,24021.6,0.0767590411430499,0.011699999999999999,index_dividend_yield,0.065,11.55,65,23858,23896.05,23786.8,24055.8,mid_price,ok
2026-09-02T08:08:07.106895+00:00,2026-09-02T13:38:07.106895+05:30,NIFTY,29-Sep-2026,24100.0,PE,23885.2,309.9,585,310.75,130,311.1,310.325,16545,-718,12204,15.672058003346347,11.19,-0.5586477303442696,0.0005415126996699641,-3.2874707277293616,25.64574579076438,0.6315167851625447,-0.0032119138851365303,6.112647176856001,8.711991387399454e-08,-0.004710547065465303,9.365580160889601e-06,-0.5036704622935204,-37.63119785618471,0.5683815999628286,0.0005319028598804557,0.07418546718369481,24021.6,0.0767590411430499,0.011699999999999999,index_dividend_yield,0.065,11.55,65,23858,23896.05,23786.8,24055.8,mid_price,ok
2026-09-02T08:08:07.106895+00:00,2026-09-02T13:38:07.106895+05:30,NIFTY,29-Sep-2026,24150.0,CE,23885.2,209.9,65,210.4,65,208.35,210.15,2754,460,2632,-12.199747155499368,9.69,0.3991194620790286,0.0006121121237986429,-5.852386555001672,25.10333136298301,1.119578726860554,-0.00412586183964081,18.555365786491862,2.1826984056640777e-07,-0.005865051938936739,9.651649839254191e-06,-0.531341654216746,54.018390227754374,-0.38743562516440455,0.0005987623380634359,0.07418546718369481,24021.6,0.0767590411430499,0.011699999999999999,index_dividend_yield,0.065,11.55,65,23858,23896.05,23786.8,24055.8,mid_price,ok
2026-09-02T08:08:07.106895+00:00,2026-09-02T13:38:07.106895+05:30,NIFTY,29-Sep-2026,24150.0,PE,23885.2,336,325,337.35,195,336.2,336.675,3394,-762,2246,13.754017932667907,11,-0.586958853521891,0.0005435541300217882,-3.0252822881413777,25.305334673250897,0.8876340046960474,-0.003718050281478091,12.765168249270431,1.434541068096012e-07,-0.004667559821279043,8.913250953276755e-06,-0.5196756424434064,-37.00535617109884,0.5962105040592779,0.0005316995516052617,0.07418546718369481,24021.6,0.0767590411430499,0.011699999999999999,index_dividend_yield,0.065,11.55,65,23858,23896.05,23786.8,24055.8,mid_price,ok
2026-09-02T08:08:07.106895+00:00,2026-09-02T13:38:07.106895+05:30,NIFTY,29-Sep-2026,24200.0,CE,23885.2,188,65,188.7,455,188.15,188.35,52145,3964,29385,-12.304824050337917,9.67,0.3689306948914714,0.0005992634781405753,-5.638078163588216,24.52567025919889,1.4042974259377838,-0.0045862893722464215,30.502042268134133,2.8825634298153514e-07,-0.005452317563183243,8.64589894999533e-06,-0.5519692322173206,55.99974323469928,-0.3576291679790689,0.0005837741268635587,0.07418546718369481,24021.6,0.0767590411430499,0.011699999999999999,index_dividend_yield,0.065,11.55,65,23858,23896.05,23786.8,24055.8,mid_price,ok
2026-09-02T08:08:07.106895+00:00,2026-09-02T13:38:07.106895+05:30,NIFTY,29-Sep-2026,24200.0,PE,23885.2,363.5,195,364.5,390,364.45,364.0,44136,-2838,15469,13.979671618451915,11.13,-0.6121557454647646,0.000528380593761188,-2.9067081309061393,24.889640465662964,1.0885222870057887,-0.004100137450679275,20.278145003805648,1.846324132378946e-07,-0.00431716916965137,8.161322578728722e-06,-0.5348266776084358,-35.44093510169617,0.6212405374857172,0.0005147233746526245,0.07418546718369481,24021.6,0.0767590411430499,0.011699999999999999,index_dividend_yield,0.065,11.55,65,23858,23896.05,23786.8,24055.8,mid_price,ok
2026-09-02T08:08:07.106895+00:00,2026-09-02T13:38:07.106895+05:30,NIFTY,29-Sep-2026,24250.0,CE,23885.2,168.05,390,168.75,65,167.35,168.4,5987,387,3188,-13.155163466528283,9.64,0.33930101884898967,0.0005834819609124906,-5.396171593524346,23.80570612408454,1.6696671848183964,-0.0049967937249159045,44.92718594729794,3.545670350959951e-07,-0.0049519100467281885,7.491336308547728e-06,-0.573564104892796,58.101903551102744,-0.32844490403854554,0.0005660590162104958,0.07418546718369481,24021.6,0.0767590411430499,0.011699999999999999,index_dividend_yield,0.065,11.55,65,23858,23896.05,23786.8,24055.8,mid_price,ok
2026-09-02T08:08:07.106895+00:00,2026-09-02T13:38:07.106895+05:30,NIFTY,29-Sep-2026,24250.0,PE,23885.2,391.8,195,393.8,130,393.25,392.8,4165,-305,1946,13.524826789838338,11.08,-0.6385817071921249,0.0005189928126714837,-2.673182866850944,24.33759749070953,1.3044759145605656,-0.004500044684800475,30.22689374039622,2.3187891874470766e-07,-0.004039723903672635,7.387683271322851e-06,-0.5524295231065786,-34.42714116426525,0.647245083669599,0.0005034955330953219,0.07418546718369481,24021.6,0.0767590411430499,0.011699999999999999,index_dividend_yield,0.065,11.55,65,23858,23896.05,23786.8,24055.8,mid_price,ok
2026-09-02T08:08:07.106895+00:00,2026-09-02T13:38:07.106895+05:30,NIFTY,29-Sep-2026,24300.0,CE,23885.2,149.55,780,150,3900,149.7,149.775,67744,1664,24590,-12.990409764603314,9.64,0.3110847396655224,0.0005631205082235431,-5.152680290564148,22.974971343159176,1.8987951699100947,-0.005334535985992261,60.78372521782249,4.11568654191039e-07,-0.004351927524452086,6.223634883318198e-06,-0.5945858461981466,60.03805298486088,-0.30068152376718377,0.0005440597044419864,0.07418546718369481,24021.6,0.0767590411430499,0.011699999999999999,index_dividend_yield,0.065,11.55,65,23858,23896.05,23786.8,24055.8,mid_price,ok
2026-09-02T08:08:07.106895+00:00,2026-09-02T13:38:07.106895+05:30,NIFTY,29-Sep-2026,24300.0,PE,23885.2,424.05,65,425.7,65,425.1,424.875,61969,-3155,11459,11.457787100157315,11.03,-0.6645375790004279,0.0005071969592251034,-2.4199952999949197,23.67711338589379,1.5063897583712516,-0.004858943685578487,41.79661894865205,2.7679417995517046e-07,-0.0037031993436914307,6.507406102538205e-06,-0.5706768730009593,-33.42710618519957,0.6727347963433006,0.0004900290856044286,0.07418546718369481,24021.6,0.0767590411430499,0.011699999999999999,index_dividend_yield,0.065,11.55,65,23858,23896.05,23786.8,24055.8,mid_price,ok
2026-09-02T08:08:07.106895+00:00,2026-09-02T13:38:07.106895+05:30,NIFTY,29-Sep-2026,24350.0,CE,23885.2,132.5,65,132.8,65,132.65,132.65,6926,159,3013,-13.300653594771243,9.6,0.28314946174405115,0.0005416658776617176,-4.869566054895589,22.007935842847175,2.110695816013336,-0.005622189097293674,78.65887202420119,4.6665103606164575e-07,-0.0037065002005961883,4.854684262621165e-06,-0.6155257667172123,62.32373393351845,-0.27328813873104,0.0005211842838096895,0.07418546718369481,24021.6,0.0767590411430499,0.011699999999999999,index_dividend_yield,0.065,11.55,65,23858,23896.05,23786.8,24055.8,mid_price,ok
2026-09-02T08:08:07.106895+00:00,2026-09-02T13:38:07.106895+05:30,NIFTY,29-Sep-2026,24350.0,PE,23885.2,458.05,65,459.6,65,462.25,458.82500000000005,6112,-532,1580,13.700651826343623,11.1,,,,,,,,,,,,,,,0.07418546718369481,,,,,,11.55,65,23858,23896.05,23786.8,24055.8,mid_price,no_price_available
2026-09-02T08:08:07.106895+00:00,2026-09-02T13:38:07.106895+05:30,NIFTY,29-Sep-2026,24400.0,CE,23885.2,117.25,130,117.55,195,117.25,117.4,46364,1285,21504,-13.627992633517495,9.6,0.2572241138757894,0.0005162736646849979,-4.598575572082548,20.976247827881316,2.2752329504302504,-0.0058261030116174015,96.40345827641106,5.088172190475086e-07,-0.0030051365156010044,3.465467903733033e-06,-0.6338491239691884,64.33918143029085,-0.24788351784456158,0.0004947184232194916,0.07418546718369481,24021.6,0.0767590411430499,0.011699999999999999,index_dividend_yield,0.065,11.55,65,23858,23896.05,23786.8,24055.8,mid_price,ok
2026-09-02T08:08:07.106895+00:00,2026-09-02T13:38:07.106895+05:30,NIFTY,29-Sep-2026,24400.0,PE,23885.2,490.3,130,492,65,498.1,491.15,35565,-846,2970,13.037558152728923,11.14,,,,,,,,,,,,,,,0.07418546718369481,,,,,,11.55,65,23858,23896.05,23786.8,24055.8,mid_price,no_price_available
2026-09-02T08:08:07.106895+00:00,2026-09-02T13:38:07.106895+05:30,NIFTY,29-Sep-2026,24450.0,CE,23885.2,103.15,65,103.55,195,102.85,103.35,2607,145,2431,-14.505403158769742,9.6,0.2326384242857923,0.0004891099590654045,-4.319278475774764,19.872583899278915,2.404622179733862,-0.005961482973656257,114.13373920247771,5.426975268432828e-07,-0.0022856764407843365,2.074051092724311e-06,-0.6496050532186146,66.38388403600766,-0.2238409411297553,0.0004667738774979261,0.07418546718369481,24021.6,0.0767590411430499,0.011699999999999999,index_dividend_yield,0.065,11.55,65,23858,23896.05,23786.8,24055.8,mid_price,ok
2026-09-02T08:08:07.106895+00:00,2026-09-02T13:38:07.106895+05:30,NIFTY,29-Sep-2026,24450.0,PE,23885.2,524.8,65,532.05,65,546.55,528.425,1565,-10,119,15.40329391891892,11.89,,,,,,,,,,,,,,,0.07418546718369481,,,,,,11.55,65,23858,23896.05,23786.8,24055.8,mid_price,no_price_available
2026-09-02T08:08:07.106895+00:00,2026-09-02T13:38:07.106895+05:30,NIFTY,29-Sep-2026,24500.0,CE,23885.2,90.25,130,90.5,1235,90.5,90.375,91603,4952,61682,-15.023474178403756,9.55,0.2082094399082525,0.00046138115610157326,-4.001891474008913,18.6483248037339,2.5154819387758485,-0.006038806474590319,132.89638425318094,5.753466463145364e-07,-0.0015429567229483616,6.316801618330118e-07,-0.6631121012080499,68.9279150696685,-0.2000397745382704,0.00043851600458581525,0.07418546718369481,24021.6,0.0767590411430499,0.011699999999999999,index_dividend_yield,0.065,11.55,65,23858,23896.05,23786.8,24055.8,mid_price,ok
2026-09-02T08:08:07.106895+00:00,2026-09-02T13:38:07.106895+05:30,NIFTY,29-Sep-2026,24500.0,PE,23885.2,566,65,566.6,65,566,566.3,60176,-124,11861,10.991273654279832,11.45,,,,,,,,,,,,,,,0.07418546718369481,,,,,,11.55,65,23858,23896.05,23786.8,24055.8,mid_price,no_price_available
2026-09-02T08:08:07.106895+00:00,2026-09-02T13:38:07.106895+05:30,NIFTY,29-Sep-2026,24550.0,CE,23885.2,78.6,325,79.15,65,78.8,78.875,2718,-62,2525,-15.359828141783028,9.55,0.18646414018967267,0.00043160370538207623,-3.7154910188706327,17.44476552199741,2.5731809092737064,-0.006037354142615665,149.0657520217322,5.922992735931199e-07,-0.0008310005405799703,-6.789935218347309e-07,-0.6716251574067371,71.05129494711146,-0.17886150427542263,0.00040854503401667637,0.07418546718369481,24021.6,0.0767590411430499,0.011699999999999999,index_dividend_yield,0.065,11.55,65,23858,23896.05,23786.8,24055.8,mid_price,ok
2026-09-02T08:08:07.106895+00:00,2026-09-02T13:38:07.106895+05:30,NIFTY,29-Sep-2026,24550.0,PE,23885.2,598.05,65,603.95,65,615.65,601.0,983,-3,86,14.040937297397425,11.61,,,,,,,,,,,,,,,0.07418546718369481,,,,,,11.55,65,23858,23896.05,23786.8,24055.8,mid_price,no_price_available
2026-09-02T08:08:07.106895+00:00,2026-09-02T13:38:07.106895+05:30,NIFTY,29-Sep-2026,24600.0,CE,23885.2,69.05,260,69.25,325,69.05,69.15,26303,2173,22206,-16.0996354799514,9.57,0.16674253471859424,0.00040130495744475933,-3.4441866842340234,16.254105070966034,2.5914360340186375,-0.005974031562548638,162.95983017700522,5.984323692913032e-07,-0.00016954538372353873,-1.8613439747802738e-06,-0.6755885611154362,72.99211502935674,-0.15967949809000193,0.0003783224163275235,0.07418546718369481,24021.6,0.0767590411430499,0.011699999999999999,index_dividend_yield,0.065,11.55,65,23858,23896.05,23786.8,24055.8,mid_price,ok
2026-09-02T08:08:07.106895+00:00,2026-09-02T13:38:07.106895+05:30,NIFTY,29-Sep-2026,24600.0,PE,23885.2,642.15,130,644.2,65,644.3,643.175,11274,-429,975,9.752150583425603,11.28,,,,,,,,,,,,,,,0.07418546718369481,,,,,,11.55,65,23858,23896.05,23786.8,24055.8,mid_price,no_price_available
2026-09-02T08:08:07.106895+00:00,2026-09-02T13:38:07.106895+05:30,NIFTY,29-Sep-2026,24650.0,CE,23885.2,60.05,130,60.45,130,60,60.25,3579,343,2953,-16.83991683991684,9.62,0.14930253118824502,0.00037128941563935287,-3.1975699298632145,15.116952250983662,2.572624155332853,-0.005860371510031104,173.88270274548657,5.936222585877794e-07,0.0004116796838431365,-2.8699229578938844e-06,-0.6750427861704544,74.61559990994942,-0.14273134215224545,0.0003486073070868647,0.07418546718369481,24021.6,0.0767590411430499,0.011699999999999999,index_dividend_yield,0.065,11.55,65,23858,23896.05,23786.8,24055.8,mid_price,ok
2026-09-02T08:08:07.106895+00:00,2026-09-02T13:38:07.106895+05:30,NIFTY,29-Sep-2026,24650.0,PE,23885.2,678.25,65,691,715,697.35,684.625,662,3,25,9.268254465684738,12.08,,,,,,,,,,,,,,,0.07418546718369481,,,,,,11.55,65,23858,23896.05,23786.8,24055.8,mid_price,no_price_available
2026-09-02T08:08:07.106895+00:00,2026-09-02T13:38:07.106895+05:30,NIFTY,29-Sep-2026,24700.0,CE,23885.2,52.4,1235,52.6,195,52.45,52.5,19654,-1002,21810,-16.147082334132694,9.65,0.1328128605779698,0.0003418917960153593,-2.9440064835439443,13.963445468314873,2.533189245405104,-0.005702307361674236,183.37651286786283,5.851299502292201e-07,0.000947531744824472,-3.7917693334208673e-06,-0.6704517209044045,76.443199247788,-0.12675155674401478,0.000319707288691405,0.07418546718369481,24021.6,0.0767590411430499,0.011699999999999999,index_dividend_yield,0.065,11.55,65,23858,23896.05,23786.8,24055.8,mid_price,ok
2026-09-02T08:08:07.106895+00:00,2026-09-02T13:38:07.106895+05:30,NIFTY,29-Sep-2026,24700.0,PE,23885.2,722.1,130,724.95,65,731.8,723.5250000000001,4818,35,1306,9.362624224762758,11.74,,,,,,,,,,,,,,,0.07418546718369481,,,,,,11.55,65,23858,23896.05,23786.8,24055.8,mid_price,no_price_available
2026-09-02T08:08:07.106895+00:00,2026-09-02T13:38:07.106895+05:30,NIFTY,29-Sep-2026,24750.0,CE,23885.2,45.9,65,46.2,910,45.65,46.05,3301,472,3736,-17.89568345323741,9.68,0.11774320032081356,0.0003133433273258797,-2.6988719154895184,12.837262102043672,2.4709538528184942,-0.005505968501840167,190.63304723332575,5.711398999466958e-07,0.0014166626074574426,-4.580960305669145e-06,-0.6616717643435184,78.2662493782316,-0.11217725898260783,0.00029182857101610815,0.07418546718369481,24021.6,0.0767590411430499,0.011699999999999999,index_dividend_yield,0.065,11.55,65,23858,23896.05,23786.8,24055.8,mid_price,ok
2026-09-02T08:08:07.106895+00:00,2026-09-02T13:38:07.106895+05:30,NIFTY,29-Sep-2026,24750.0,PE,23885.2,762.1,65,776.9,715,820,769.5,528,-18,41,15.241374464197877,14.37,,,,,,,,,,,,,,,0.07418546718369481,,,,,,11.55,65,23858,23896.05,23786.8,24055.8,mid_price,no_price_available
2026-09-02T08:08:07.106895+00:00,2026-09-02T13:38:07.106895+05:30,NIFTY,29-Sep-2026,24800.0,CE,23885.2,39.75,325,39.9,780,39.6,39.825,25627,1294,28863,-18.26625386996904,9.7,0.1037959722983697,0.0002856841039523497,-2.4572265372265494,11.72828229172561,2.390231793846849,-0.005274446683791817,195.8942979407894,5.533136546695395e-07,0.0018270507997225909,-5.253242067195104e-06,-0.6487032477897134,80.20304113164752,-0.09872081317012812,0.00026499670790902663,0.07418546718369481,24021.6,0.0767590411430499,0.011699999999999999,index_dividend_yield,0.065,11.55,65,23858,23896.05,23786.8,24055.8,mid_price,ok
2026-09-02T08:08:07.106895+00:00,2026-09-02T13:38:07.106895+05:30,NIFTY,29-Sep-2026,24800.0,PE,23885.2,809.7,65,812.65,65,812.65,811.175,5807,66,665,8.534223706176961,12.35,,,,,,,,,,,,,,,0.07418546718369481,,,,,,11.55,65,23858,23896.05,23786.8,24055.8,mid_price,no_price_available
2026-09-02T08:08:07.106895+00:00,2026-09-02T13:38:07.106895+05:30,NIFTY,29-Sep-2026,24850.0,CE,23885.2,34.85,195,35,195,34.8,34.925,2642,73,1977,-18.501170960187352,9.79,0.0927667064107105,0.000260699099387754,-2.2714252124475456,10.801866933279328,2.289629339120754,-0.005045480388772866,197.1381238375498,5.26578922822668e-07,0.0020954640447901963,-5.6699005193269975e-06,-0.6337567611545865,81.28269464877421,-0.08806806919597719,0.00024084881230066732,0.07418546718369481,24021.6,0.0767590411430499,0.011699999999999999,index_dividend_yield,0.065,11.55,65,23858,23896.05,23786.8,24055.8,mid_price,ok
2026-09-02T08:08:07.106895+00:00,2026-09-02T13:38:07.106895+05:30,NIFTY,29-Sep-2026,24850.0,PE,23885.2,844,65,874.95,715,919.65,859.475,219,-1,1,14.669576059850375,15.49,,,,,,,,,,,,,,,0.07418546718369481,,,,,,11.55,65,23858,23896.05,23786.8,24055.8,mid_price,no_price_available
2026-09-02T08:08:07.106895+00:00,2026-09-02T13:38:07.106895+05:30,NIFTY,29-Sep-2026,24900.0,CE,23885.2,30.4,1040,30.55,650,30.6,30.475,16802,-151,16224,-17.85234899328859,9.83,0.08173823738458169,0.00023622476336034701,-2.0647895384392805,9.827782596360901,2.1817499744585107,-0.004781532318774498,197.72472213573255,5.012038324218944e-07,0.0023499898267865756,-6.053405072294912e-06,-0.614701778975558,82.9414176915362,-0.0774616640776714,0.0002173624360496513,0.07418546718369481,24021.6,0.0767590411430499,0.011699999999999999,index_dividend_yield,0.065,11.55,65,23858,23896.05,23786.8,24055.8,mid_price,ok
2026-09-02T08:08:07.106895+00:00,2026-09-02T13:38:07.106895+05:30,NIFTY,29-Sep-2026,24900.0,PE,23885.2,898.8,65,902.9,65,911.45,900.8499999999999,1376,-101,279,8.248218527315915,12.77,,,,,,,,,,,,,,,0.07418546718369481,,,,,,11.55,65,23858,23896.05,23786.8,24055.8,mid_price,no_price_available
2026-09-02T08:08:07.106895+00:00,2026-09-02T13:38:07.106895+05:30,NIFTY,29-Sep-2026,24950.0,CE,23885.2,26.95,325,27.1,325,27.05,27.025,3270,27,2567,-16.897081413210447,9.97,0.07389309030639019,0.00021573681517227268,-1.9298642676598032,9.10324060863773,2.068738330878998,-0.004558643792894224,194.7403734205597,4.694611771730345e-07,0.0024517214431340273,-6.1859481238243194e-06,-0.5971275305292423,83.31944956328469,-0.06989051288615881,0.0001977155956755522,0.07418546718369481,24021.6,0.0767590411430499,0.011699999999999999,index_dividend_yield,0.065,11.55,65,23858,23896.05,23786.8,24055.8,mid_price,ok
2026-09-02T08:08:07.106895+00:00,2026-09-02T13:38:07.106895+05:30,NIFTY,29-Sep-2026,24950.0,PE,23885.2,938.5,65,968.85,715,984.45,953.675,78,1,3,12.11776094755424,14.66,,,,,,,,,,,,,,,0.07418546718369481,,,,,,11.55,65,23858,23896.05,23786.8,24055.8,mid_price,no_price_available
2026-09-02T08:08:07.106895+00:00,2026-09-02T13:38:07.106895+05:30,NIFTY,29-Sep-2026,25000.0,CE,23885.2,24.05,1040,24.2,1495,23.95,24.125,101657,388,41829,-17.838765008576328,10.06,0.06587209221336354,0.00019571186475971202,-1.7743485233726775,8.332814922966433,1.9532455608481796,-0.004308868078514411,191.4759126932468,4.40250132582289e-07,0.0025521318636585136,-6.306811552350174e-06,-0.5761828043682762,84.27810239761415,-0.0621879732732904,0.00017864666037842623,0.07418546718369481,24021.6,0.0767590411430499,0.011699999999999999,index_dividend_yield,0.065,11.55,65,23858,23896.05,23786.8,24055.8,mid_price,ok
2026-09-02T08:08:07.106895+00:00,2026-09-02T13:38:07.106895+05:30,NIFTY,29-Sep-2026,25000.0,PE,23885.2,994,260,995.55,130,1000.75,994.775,35008.153846153844,-385,2075,7.775564051478111,12.88,,,,,,,,,,,,,,,0.07418546718369481,,,,,,11.55,65,23858,23896.05,23786.8,24055.8,mid_price,no_price_available
2026-09-02T08:08:07.106895+00:00,2026-09-02T13:38:07.106895+05:30,NIFTY,29-Sep-2026,25050.0,CE,23885.2,20.9,195,21.05,325,21,20.975,3692,440,2484,-18.28793774319066,10.09,0.057583621964927605,0.00017568099653845668,-1.595786788912197,7.502267630932081,1.8312860303771883,-0.004022834248849423,187.6370722701348,4.1260196851883624e-07,0.0026531308913989734,-6.40824642926283e-06,-0.5506496414575892,85.97000095274136,-0.0542673758918085,0.000159722864450271,0.07418546718369481,24021.6,0.0767590411430499,0.011699999999999999,index_dividend_yield,0.065,11.55,65,23858,23896.05,23786.8,24055.8,mid_price,ok
2026-09-02T08:08:07.106895+00:00,2026-09-02T13:38:07.106895+05:30,NIFTY,29-Sep-2026,25050.0,PE,23885.2,1026.15,65,1062.85,65,0.0,1044.5,60,0,0,0,11.04,,,,,,,,,,,,,,,0.07418546718369481,,,,,,11.55,65,23858,23896.05,23786.8,24055.8,mid_price,no_price_available
2026-09-02T08:08:07.106895+00:00,2026-09-02T13:38:07.106895+05:30,NIFTY,29-Sep-2026,25100.0,CE,23885.2,18.35,2015,18.5,650,18.3,18.425,12579,-1898,8867,-17.381489841986458,10.19,0.05139302850599458,0.00015899139447846873,-1.4669324579928362,6.856846112893723,1.7156305267504723,-0.00378099571259647,182.04920241089795,3.8346026836146494e-07,0.002661267386815482,-6.36723267739554e-06,-0.5277636111646586,86.7288119790309,-0.048341795774701456,0.0001439739565934054,0.07418546718369481,24021.6,0.0767590411430499,0.011699999999999999,index_dividend_yield,0.065,11.55,65,23858,23896.05,23786.8,24055.8,mid_price,ok
2026-09-02T08:08:07.106895+00:00,2026-09-02T13:38:07.106895+05:30,NIFTY,29-Sep-2026,25100.0,PE,23885.2,1084.35,65,1090.1,65,1100.65,1087.225,1509,-32,54,7.695694716242661,14.01,,,,,,,,,,,,,,,0.07418546718369481,,,,,,11.55,65,23858,23896.05,23786.8,24055.8,mid_price,no_price_available
2026-09-02T08:08:07.106895+00:00,2026-09-02T13:38:07.106895+05:30,NIFTY,29-Sep-2026,25150.0,CE,23885.2,16.5,65,16.6,650,16.5,16.55,1710,-186,855,-16.876574307304786,10.32,0.04634398347319485,0.00014453722818867933,-1.3624017667736303,6.313003346282321,1.6069077021788405,-0.003564723259198765,175.72801043592222,3.5515770441601626e-07,0.002623036861633895,-6.256466448344606e-06,-0.5063504699622818,87.05547997495361,-0.04350775459993208,0.00013036514962927044,0.07418546718369481,24021.6,0.0767590411430499,0.011699999999999999,index_dividend_yield,0.065,11.55,65,23858,23896.05,23786.8,24055.8,mid_price,ok
2026-09-02T08:08:07.106895+00:00,2026-09-02T13:38:07.106895+05:30,NIFTY,29-Sep-2026,25150.0,PE,23885.2,1125.05,65,1158.55,65,0.0,1141.8,21,0,0,0,0,,,,,,,,,,,,,,,0.07418546718369481,,,,,,11.55,65,23858,23896.05,23786.8,24055.8,mid_price,no_price_available
2026-09-02T08:08:07.106895+00:00,2026-09-02T13:38:07.106895+05:30,NIFTY,29-Sep-2026,25200.0,CE,23885.2,14.65,1040,14.8,1170,14.75,14.725000000000001,14506,297,11238,-16.430594900849858,10.43,0.04152440351428518,0.00013089151657078845,-1.2556111422901175,5.777931761128209,1.4996325654073988,-0.003343301348642177,169.0577513608007,3.284613556658922e-07,0.002575058447898656,-6.121401928579711e-06,-0.48354700499622977,87.60359365719323,-0.03890861175361905,0.0001175894021737135,0.07418546718369481,24021.6,0.0767590411430499,0.011699999999999999,index_dividend_yield,0.065,11.55,65,23858,23896.05,23786.8,24055.8,mid_price,ok
2026-09-02T08:08:07.106895+00:00,2026-09-02T13:38:07.106895+05:30,NIFTY,29-Sep-2026,25200.0,PE,23885.2,1180.4,65,1185.4,130,1186.05,1182.9,1589,0,129,6.400825334170629,14.14,,,,,,,,,,,,,,,0.07418546718369481,,,,,,11.55,65,23858,23896.05,23786.8,24055.8,mid_price,no_price_available
2026-09-02T08:08:07.106895+00:00,2026-09-02T13:38:07.106895+05:30,NIFTY,29-Sep-2026,25250.0,CE,23885.2,13.2,195,13.35,520,13.1,13.274999999999999,2153,-52,735,-19.135802469135804,10.57,0.03763825621334841,0.00011923787079858635,-1.1705691506946252,5.334157071740241,1.4017197373628365,-0.0031504283274503483,162.16992118354943,3.033082972068564e-07,0.0024971999521665117,-5.945979160527735e-06,-0.46294334079066246,87.7229960712187,-0.03519798575675856,0.00010669626375046526,0.07418546718369481,24021.6,0.0767590411430499,0.011699999999999999,index_dividend_yield,0.065,11.55,65,23858,23896.05,23786.8,24055.8,mid_price,ok
2026-09-02T08:08:07.106895+00:00,2026-09-02T13:38:07.106895+05:30,NIFTY,29-Sep-2026,25250.0,PE,23885.2,1217,65,1247.7,65,1296,1232.35,30,0,1,9.923664122137405,18.4,,,,,,,,,,,,,,,0.07418546718369481,,,,,,11.55,65,23858,23896.05,23786.8,24055.8,mid_price,no_price_available
2026-09-02T08:08:07.106895+00:00,2026-09-02T13:38:07.106895+05:30,NIFTY,29-Sep-2026,25300.0,CE,23885.2,11.8,1690,11.85,325,11.8,11.825,12421,-1505,7847,-16.607773851590107,10.67,0.03363247560874269,0.00010771247421936204,-1.0740492277067606,4.864150700576477,1.3022494525927568,-0.002940248319970195,154.99282976369378,2.795526285044057e-07,0.002422847699373517,-5.7605076496080175e-06,-0.43973307378842286,88.32726508116188,-0.031392237588316545,9.60025400793957e-05,0.07418546718369481,24021.6,0.0767590411430499,0.011699999999999999,index_dividend_yield,0.065,11.55,65,23858,23896.05,23786.8,24055.8,mid_price,ok
2026-09-02T08:08:07.106895+00:00,2026-09-02T13:38:07.106895+05:30,NIFTY,29-Sep-2026,25300.0,PE,23885.2,1276.1,130,1283.65,65,1279.8,1279.875,558,-2,19,7.4604307485620724,14.19,,,,,,,,,,,,,,,0.07418546718369481,,,,,,11.55,65,23858,23896.05,23786.8,24055.8,mid_price,no_price_available
2026-09-02T08:08:07.106895+00:00,2026-09-02T13:38:07.106895+05:30,NIFTY,29-Sep-2026,25350.0,CE,23885.2,10.85,195,11.1,1170,10.9,10.975,901,-31,334,-18.65671641791045,10.86,0.03115239862196158,9.934639478216581e-05,-1.0228321185212355,4.5662379276139475,1.2235598764267825,-0.0027990270719243887,148.35112635819402,2.5820898482500104e-07,0.0023129669793147704,-5.5492839317433745e-06,-0.42365901405090955,87.73441566746018,-0.029017759632519027,8.819702750966633e-05,0.07418546718369481,24021.6,0.0767590411430499,0.011699999999999999,index_dividend_yield,0.065,11.55,65,23858,23896.05,23786.8,24055.8,mid_price,ok
2026-09-02T08:08:07.106895+00:00,2026-09-02T13:38:07.106895+05:30,NIFTY,29-Sep-2026,25350.0,PE,23885.2,1314.1,195,1357.3,65,0.0,1335.6999999999998,16,0,0,0,6.15,,,,,,,,,,,,,,,0.07418546718369481,,,,,,11.55,65,23858,23896.05,23786.8,24055.8,mid_price,no_price_available
2026-09-02T08:08:07.106895+00:00,2026-09-02T13:38:07.106895+05:30,NIFTY,29-Sep-2026,25400.0,CE,23885.2,10.1,3445,10.2,1560,10.15,10.149999999999999,9392,-98,5156,-16.46090534979424,11.04,0.0287972742714183,9.155901378185544e-05,-0.9711538152109132,4.278059098573017,1.1485864305938627,-0.002659762258651801,141.85003460633848,2.3857280107127506e-07,0.002206634045714971,-5.339619610090243e-06,-0.40745165398585476,87.25492714610264,-0.026769514866421894,8.096390323130728e-05,0.07418546718369481,24021.6,0.0767590411430499,0.011699999999999999,index_dividend_yield,0.065,11.55,65,23858,23896.05,23786.8,24055.8,mid_price,ok
2026-09-02T08:08:07.106895+00:00,2026-09-02T13:38:07.106895+05:30,NIFTY,29-Sep-2026,25400.0,PE,23885.2,1369.3,260,1382.6,65,1436.55,1375.9499999999998,487,1,4,8.459796149490373,19.29,,,,,,,,,,,,,,,0.07418546718369481,,,,,,11.55,65,23858,23896.05,23786.8,24055.8,mid_price,no_price_available
2026-09-02T08:08:07.106895+00:00,2026-09-02T13:38:07.106895+05:30,NIFTY,29-Sep-2026,25450.0,CE,23885.2,9.15,130,9.25,195,9.2,9.2,946,11,368,-18.22222222222222,11.17,0.026131659606325096,8.345335319103918e-05,-0.9036112422211606,3.945241246577492,1.070003721038942,-0.0024970595845710854,135.08158197924215,2.1987527203372743e-07,0.0021103234808849737,-5.127370357396193e-06,-0.38806935717891955,87.3807794602095,-0.024244280054132112,7.350654029542034e-05,0.07418546718369481,24021.6,0.0767590411430499,0.011699999999999999,index_dividend_yield,0.065,11.55,65,23858,23896.05,23786.8,24055.8,mid_price,ok
2026-09-02T08:08:07.106895+00:00,2026-09-02T13:38:07.106895+05:30,NIFTY,29-Sep-2026,25450.0,PE,23885.2,1416.7,195,1462.25,65,0.0,1439.475,11,0,0,0,6.11,,,,,,,,,,,,,,,0.07418546718369481,,,,,,11.55,65,23858,23896.05,23786.8,24055.8,mid_price,no_price_available
2026-09-02T08:08:07.106895+00:00,2026-09-02T13:38:07.106895+05:30,NIFTY,29-Sep-2026,25500.0,CE,23885.2,8.7,2730,8.75,910,8.75,8.725,48357,-2313,19946,-14.215686274509803,11.38,0.024539803739736264,7.77120488829577e-05,-0.8709018667853438,3.7428913606504124,1.0103056252324505,-0.00239312477437938,129.3157494246717,2.0381245451579942e-07,0.002002102765633926,-4.9249703236988135e-06,-0.37540832726262424,86.49625768607818,-0.022720065249772017,6.8181376167043e-05,0.07418546718369481,24021.6,0.0767590411430499,0.011699999999999999,index_dividend_yield,0.065,11.55,65,23858,23896.05,23786.8,24055.8,mid_price,ok
2026-09-02T08:08:07.106895+00:00,2026-09-02T13:38:07.106895+05:30,NIFTY,29-Sep-2026,25500.0,PE,23885.2,1475.05,65,1477.5,65,1476,1476.275,24068,-160,674,4.67713910854225,16.36,,,,,,,,,,,,,,,0.07418546718369481,,,,,,11.55,65,23858,23896.05,23786.8,24055.8,mid_price,no_price_available
2026-09-02T08:08:07.106895+00:00,2026-09-02T13:38:07.106895+05:30,NIFTY,29-Sep-2026,25550.0,CE,23885.2,7.75,845,7.9,390,7.9,7.825,812,-65,487,-18.556701030927837,11.51,0.02233207838405384,7.09752747577173e-05,-0.8116344426995503,3.4574746642885947,0.9413168316611594,-0.0022473226652965847,122.92892795401289,1.8790763768548698e-07,0.0019068931580508875,-4.714166813087143e-06,-0.35731288881551254,86.57435773269076,-0.020635808603056343,6.202732295358137e-05,0.07418546718369481,24021.6,0.0767590411430499,0.011699999999999999,index_dividend_yield,0.065,11.55,65,23858,23896.05,23786.8,24055.8,mid_price,ok
2026-09-02T08:08:07.106895+00:00,2026-09-02T13:38:07.106895+05:30,NIFTY,29-Sep-2026,25550.0,PE,23885.2,1500.8,195,1543.25,65,0.0,1522.025,8,0,0,0,0,,,,,,,,,,,,,,,0.07418546718369481,,,,,,11.55,65,23858,23896.05,23786.8,24055.8,mid_price,no_price_available
2026-09-02T08:08:07.106895+00:00,2026-09-02T13:38:07.106895+05:30,NIFTY,29-Sep-2026,25600.0,CE,23885.2,7.4,2340,7.5,1690,7.4,7.45,5112,-524,3954,-15.909090909090908,11.71,0.020962139727415147,6.61295436579204e-05,-0.7807447301162584,3.2773967683562306,0.8886752193223469,-0.0021513993330575625,117.58446223687002,1.7439671620355912e-07,0.001807856622042138,-4.522710288175493e-06,-0.3451670285695818,85.7945084619003,-0.01933004054516571,5.7566968434891664e-05,0.07418546718369481,24021.6,0.0767590411430499,0.011699999999999999,index_dividend_yield,0.065,11.55,65,23858,23896.05,23786.8,24055.8,mid_price,ok
2026-09-02T08:08:07.106895+00:00,2026-09-02T13:38:07.106895+05:30,NIFTY,29-Sep-2026,25600.0,PE,23885.2,1560.9,65,1602.6,130,0.0,1581.75,496,0,0,0,0,,,,,,,,,,,,,,,0.07418546718369481,,,,,,11.55,65,23858,23896.05,23786.8,24055.8,mid_price,no_price_available
2026-09-02T08:08:07.106895+00:00,2026-09-02T13:38:07.106895+05:30,NIFTY,29-Sep-2026,25650.0,CE,23885.2,6.65,1300,6.85,650,6.6,6.75,472,-18,145,-19.01840490797546,11.78,0.018634628302078144,5.9486928633297415e-05,-0.7092093792788206,2.96581076512052,0.8182694804485506,-0.0019866469772326367,110.85201529154065,1.598276481700451e-07,0.0017184499887067744,-4.299765496610138e-06,-0.32388969559374114,86.53965051455936,-0.01715199264273652,5.158275952236069e-05,0.07418546718369481,24021.6,0.0767590411430499,0.011699999999999999,index_dividend_yield,0.065,11.55,65,23858,23896.05,23786.8,24055.8,mid_price,ok
2026-09-02T08:08:07.106895+00:00,2026-09-02T13:38:07.106895+05:30,NIFTY,29-Sep-2026,25650.0,PE,23885.2,1595.35,130,1671.3,650,0.0,1633.3249999999998,1,0,0,0,13.42,,,,,,,,,,,,,,,0.07418546718369481,,,,,,11.55,65,23858,23896.05,23786.8,24055.8,mid_price,no_price_available
2026-09-02T08:08:07.106895+00:00,2026-09-02T13:38:07.106895+05:30,NIFTY,29-Sep-2026,25700.0,CE,23885.2,6.4,1365,6.5,1365,6.45,6.45,4454,-893,3873,-12.837837837837839,12.02,0.017861932128501484,5.623295718661013e-05,-0.6963525089673136,2.8606978582084532,0.7800645975767663,-0.0019267860747755293,106.55201801493618,1.4927920756513597e-07,0.0016266784252862937,-4.135160836315715e-06,-0.31600308490183826,85.26665579174508,-0.016405925022779416,4.8571603428664214e-05,0.07418546718369481,24021.6,0.0767590411430499,0.011699999999999999,index_dividend_yield,0.065,11.55,65,23858,23896.05,23786.8,24055.8,mid_price,ok
2026-09-02T08:08:07.106895+00:00,2026-09-02T13:38:07.106895+05:30,NIFTY,29-Sep-2026,25700.0,PE,23885.2,1660.65,65,1678.85,65,1725.5,1669.75,186,0,2,22.367207999432665,21.35,,,,,,,,,,,,,,,0.07418546718369481,,,,,,11.55,65,23858,23896.05,23786.8,24055.8,mid_price,no_price_available
2026-09-02T08:08:07.106895+00:00,2026-09-02T13:38:07.106895+05:30,NIFTY,29-Sep-2026,25750.0,CE,23885.2,5.85,390,6.05,1300,5.9,5.949999999999999,90,90,318,-97.98977853492335,12.17,0.016486871961253927,5.186538461517283e-05,-0.6570147877698573,2.6714360440882117,0.7305337693279695,-0.0018218973942024461,101.32359732413309,1.3814109947286004e-07,0.001540999564259473,-3.948291551122698e-06,-0.3020166600841554,85.03723785159666,-0.015113064585731372,4.46252744785515e-05,0.07418546718369481,24021.6,0.0767590411430499,0.011699999999999999,index_dividend_yield,0.065,11.55,65,23858,23896.05,23786.8,24055.8,mid_price,ok
2026-09-02T08:08:07.106895+00:00,2026-09-02T13:38:07.106895+05:30,NIFTY,29-Sep-2026,25750.0,PE,23885.2,1662.35,390,1767.55,650,0.0,1714.9499999999998,7,0,0,0,0,,,,,,,,,,,,,,,0.07418546718369481,,,,,,11.55,65,23858,23896.05,23786.8,24055.8,mid_price,no_price_available
2026-09-02T08:08:07.106895+00:00,2026-09-02T13:38:07.106895+05:30,NIFTY,29-Sep-2026,25800.0,CE,23885.2,5.65,650,5.7,65,5.75,5.675000000000001,6031,-414,2642,-13.533834586466165,12.36,0.01551317089511153,4.8471727780973606e-05,-0.6320351108660918,2.5356165137138564,0.6905730081170364,-0.001744520018738503,96.87422839424853,1.2858666966792524e-07,0.0014597065316209834,-3.7831520437950355e-06,-0.2915392074577281,84.34570605345779,-0.014191555661984793,4.1543860651276705e-05,0.07418546718369481,24021.6,0.0767590411430499,0.011699999999999999,index_dividend_yield,0.065,11.55,65,23858,23896.05,23786.8,24055.8,mid_price,ok
2026-09-02T08:08:07.106895+00:00,2026-09-02T13:38:07.106895+05:30,NIFTY,29-Sep-2026,25800.0,PE,23885.2,1751.5,65,1849.25,65,0.0,1800.375,316,0,0,0,0,,,,,,,,,,,,,,,0.07418546718369481,,,,,,11.55,65,23858,23896.05,23786.8,24055.8,mid_price,no_price_available
2026-09-02T08:08:07.106895+00:00,2026-09-02T13:38:07.106895+05:30,NIFTY,29-Sep-2026,25850.0,CE,23885.2,5.2,455,5.25,195,5.2,5.225,152,151,489,-95.56503198294243,12.51,0.014360664248255738,4.481544321037811e-05,-0.5974840747349894,2.3728025795081824,0.647513734544085,-0.001651467508431802,92.12090964905317,1.1916871933917802e-07,0.0013816481717008275,-3.610008866273527e-06,-0.2787634425346437,84.09350574331442,-0.013111352320175814,3.826170907958054e-05,0.07418546718369481,24021.6,0.0767590411430499,0.011699999999999999,index_dividend_yield,0.065,11.55,65,23858,23896.05,23786.8,24055.8,mid_price,ok
2026-09-02T08:08:07.106895+00:00,2026-09-02T13:38:07.106895+05:30,NIFTY,29-Sep-2026,25850.0,PE,23885.2,1791.45,650,1856.15,65,0.0,1823.8000000000002,0,0,0,0,0,,,,,,,,,,,,,,,0.07418546718369481,,,,,,11.55,65,23858,23896.05,23786.8,24055.8,mid_price,no_price_available
2026-09-02T08:08:07.106895+00:00,2026-09-02T13:38:07.106895+05:30,NIFTY,29-Sep-2026,25900.0,CE,23885.2,4.9,195,5,195,4.9,4.95,249,97,315,-17.647058823529413,12.69,0.01349413213853821,4.187159318113653e-05,-0.5733387122820105,2.2488356023462153,0.6117622335528334,-0.0015789770795932993,88.00554311084396,1.1100203408662157e-07,0.0013086195051144828,-3.456045364595078e-06,-0.26866828868678594,83.50394023197872,-0.012295375542691351,3.5610471329692045e-05,0.07418546718369481,24021.6,0.0767590411430499,0.011699999999999999,index_dividend_yield,0.065,11.55,65,23858,23896.05,23786.8,24055.8,mid_price,ok
2026-09-02T08:08:07.106895+00:00,2026-09-02T13:38:07.106895+05:30,NIFTY,29-Sep-2026,25900.0,PE,23885.2,1847.1,65,1894.9,130,0.0,1871.0,76,0,0,0,0,,,,,,,,,,,,,,,0.07418546718369481,,,,,,11.55,65,23858,23896.05,23786.8,24055.8,mid_price,no_price_available
2026-09-02T08:08:07.106895+00:00,2026-09-02T13:38:07.106895+05:30,NIFTY,29-Sep-2026,25950.0,CE,23885.2,4.7,195,4.8,195,4.75,4.75,1558,-35,200,-14.414414414414415,12.89,0.012815174119162151,3.942341162964899e-05,-0.5559504189125434,2.150719250010677,0.581285629015881,-0.0015205148848237164,84.38065660763993,1.038246165309427e-07,0.001240859973252469,-3.3178659912480265e-06,-0.2604333892503812,82.70167967962162,-0.011652864224122716,3.339929075694345e-05,0.07418546718369481,24021.6,0.0767590411430499,0.011699999999999999,index_dividend_yield,0.065,11.55,65,23858,23896.05,23786.8,24055.8,mid_price,ok
2026-09-02T08:08:07.106895+00:00,2026-09-02T13:38:07.106895+05:30,NIFTY,29-Sep-2026,25950.0,PE,23885.2,1858.65,65,1956.75,65,0.0,1907.7,1,0,0,0,13.83,,,,,,,,,,,,,,,0.07418546718369481,,,,,,11.55,65,23858,23896.05,23786.8,24055.8,mid_price,no_price_available
2026-09-02T08:08:07.106895+00:00,2026-09-02T13:38:07.106895+05:30,NIFTY,29-Sep-2026,26000.0,CE,23885.2,4.5,3835,4.55,1235,4.5,4.525,62560.846153846156,-66,14214,-18.91891891891892,13.09,0.012188935986355124,3.717305346364646e-05,-0.5396664501180661,2.059417899808714,0.5529194790794356,-0.0014655914636021745,80.95914991647356,9.723656898740098e-08,0.0011773313330172182,-3.186987799122832e-06,-0.2526206171791381,81.90761663600959,-0.011060797705911646,3.137179039410178e-05,0.07418546718369481,24021.6,0.0767590411430499,0.011699999999999999,index_dividend_yield,0.065,11.55,65,23858,23896.05,23786.8,24055.8,mid_price,ok
2026-09-02T08:08:07.106895+00:00,2026-09-02T13:38:07.106895+05:30,NIFTY,29-Sep-2026,26000.0,PE,23885.2,1962.45,65,1971.25,325,1975,1966.85,34329.769230769234,-539,1092,4.158426284840334,19.89,,,,,,,,,,,,,,,0.07418546718369481,,,,,,11.55,65,23858,23896.05,23786.8,24055.8,mid_price,no_price_available
2026-09-02T08:08:07.106895+00:00,2026-09-02T13:38:07.106895+05:30,NIFTY,29-Sep-2026,26050.0,CE,23885.2,4.15,585,4.25,65,4.2,4.2,1403,-4,261,-16.831683168316832,13.2,0.01114177254823721,3.409793936610624e-05,-0.5025966879505359,1.9049284396965884,0.5148758245596026,-0.001373408412527262,76.54019516288646,8.984418307139745e-08,0.00111171375405757,-3.0248464452564533e-06,-0.23934307866435311,82.03675729183468,-0.01009134401861565,2.8666220899423488e-05,0.07418546718369481,24021.6,0.0767590411430499,0.011699999999999999,index_dividend_yield,0.065,11.55,65,23858,23896.05,23786.8,24055.8,mid_price,ok
2026-09-02T08:08:07.106895+00:00,2026-09-02T13:38:07.106895+05:30,NIFTY,29-Sep-2026,26050.0,PE,23885.2,1957.5,65,2065,650,0.0,2011.25,4,0,0,0,18.06,,,,,,,,,,,,,,,0.07418546718369481,,,,,,11.55,65,23858,23896.05,23786.8,24055.8,mid_price,no_price_available
2026-09-02T08:08:07.106895+00:00,2026-09-02T13:38:07.106895+05:30,NIFTY,29-Sep-2026,26100.0,CE,23885.2,3.9,1365,3.95,325,3.95,3.925,308,118,198,-17.708333333333332,13.38,0.010530598494689212,3.202727842123654e-05,-0.4842715799653763,1.8136469462284666,0.48816953277263514,-0.0013173406180705931,73.24928158127975,8.40365316342977e-08,0.0010541178023906115,-2.8990840437338598e-06,-0.231155998598876,81.44004293844866,-0.009518658130826679,2.6822347505766623e-05,0.07418546718369481,24021.6,0.0767590411430499,0.011699999999999999,index_dividend_yield,0.065,11.55,65,23858,23896.05,23786.8,24055.8,mid_price,ok
2026-09-02T08:08:07.106895+00:00,2026-09-02T13:38:07.106895+05:30,NIFTY,29-Sep-2026,26100.0,PE,23885.2,2037.7,650,2085.05,65,0.0,2061.375,144,0,0,0,0,,,,,,,,,,,,,,,0.07418546718369481,,,,,,11.55,65,23858,23896.05,23786.8,24055.8,mid_price,no_price_available
2026-09-02T08:08:07.106895+00:00,2026-09-02T13:38:07.106895+05:30,NIFTY,29-Sep-2026,26150.0,CE,23885.2,3.6,845,3.75,260,3.65,3.675,233,40,83,-7.594936708860759,13.56,0.009966730604070988,3.0121243581046767e-05,-0.46707830336884115,1.7286584281972894,0.4632742322344865,-0.0012646049044874302,70.13801487046867,7.868913573319432e-08,0.0009999675384257717,-2.7797452182456986e-06,-0.22337823898953466,80.8445837765475,-0.008990926356838607,2.5129698380980348e-05,0.07418546718369481,24021.6,0.0767590411430499,0.011699999999999999,index_dividend_yield,0.065,11.55,65,23858,23896.05,23786.8,24055.8,mid_price,ok
2026-09-02T08:08:07.106895+00:00,2026-09-02T13:38:07.106895+05:30,NIFTY,29-Sep-2026,26150.0,PE,23885.2,1984.9,65,2156.95,65,0.0,2070.925,1,0,0,0,19.21,,,,,,,,,,,,,,,0.07418546718369481,,,,,,11.55,65,23858,23896.05,23786.8,24055.8,mid_price,no_price_available
2026-09-02T08:08:07.106895+00:00,2026-09-02T13:38:07.106895+05:30,NIFTY,29-Sep-2026,26200.0,CE,23885.2,3.4,2470,3.45,195,3.45,3.425,3023,-25,1390,-14.814814814814815,13.67,0.009140585922101983,2.770210504484893e-05,-0.4359626501561679,1.6027208495367318,0.43194089206263947,-0.0011865190330384578,66.30113823499329,7.281296656260897e-08,0.0009432970790197324,-2.6362788262575977e-06,-0.21172290229876856,80.93463219740765,-0.008230044998968287,2.3023320193089443e-05,0.07418546718369481,24021.6,0.0767590411430499,0.011699999999999999,index_dividend_yield,0.065,11.55,65,23858,23896.05,23786.8,24055.8,mid_price,ok
2026-09-02T08:08:07.106895+00:00,2026-09-02T13:38:07.106895+05:30,NIFTY,29-Sep-2026,26200.0,PE,23885.2,2154.95,65,2172.7,65,2226.35,2163.825,583,0,3,23.68611111111111,25.87,,,,,,,,,,,,,,,0.07418546718369481,,,,,,11.55,65,23858,23896.05,23786.8,24055.8,mid_price,no_price_available
2026-09-02T08:08:07.106895+00:00,2026-09-02T13:38:07.106895+05:30,NIFTY,29-Sep-2026,26250.0,CE,23885.2,2.25,910,3.65,650,0.0,2.95,0,0,0,0,0,,,,,,,,,,,,,,,0.07418546718369481,24021.6,0.0767590411430499,0.011699999999999999,index_dividend_yield,0.065,11.55,65,23858,23896.05,23786.8,24055.8,mid_price,no_nse_iv
2026-09-02T08:08:07.106895+00:00,2026-09-02T13:38:07.106895+05:30,NIFTY,29-Sep-2026,26250.0,PE,23885.2,2176.75,650,2257.5,65,0.0,2217.125,0,0,0,0,0,,,,,,,,,,,,,,,0.07418546718369481,,,,,,11.55,65,23858,23896.05,23786.8,24055.8,mid_price,no_price_available
2026-09-02T08:08:07.106895+00:00,2026-09-02T13:38:07.106895+05:30,NIFTY,29-Sep-2026,26300.0,CE,23885.2,2.75,1170,2.85,455,2.8,2.8,5022,346,888,-13.846153846153847,13.82,0.007444776090760911,2.288213523344362e-05,-0.36712397636796756,1.3383854027480782,0.3680453067486629,-0.0010186880157675906,58.293322735159855,6.145945919543175e-08,0.0008310226054581304,-2.3358203028269336e-06,-0.18606413957278464,81.7622097974085,-0.006678521784373459,1.8873081497562043e-05,0.07418546718369481,24021.6,0.0767590411430499,0.011699999999999999,index_dividend_yield,0.065,11.55,65,23858,23896.05,23786.8,24055.8,mid_price,ok
2026-09-02T08:08:07.106895+00:00,2026-09-02T13:38:07.106895+05:30,NIFTY,29-Sep-2026,26300.0,PE,23885.2,2225.1,650,2274.45,130,0.0,2249.7749999999996,1256,0,0,0,0,,,,,,,,,,,,,,,0.07418546718369481,,,,,,11.55,65,23858,23896.05,23786.8,24055.8,mid_price,no_price_available
2026-09-02T08:08:07.106895+00:00,2026-09-02T13:38:07.106895+05:30,NIFTY,29-Sep-2026,26350.0,CE,23885.2,2.6,780,2.95,780,2.5,2.7750000000000004,85,12,51,-20.634920634920636,13.92,0.006805201719240531,2.098692955406902e-05,-0.34118856024702027,1.2364163526034382,0.3420163288027681,-0.0009519978575804064,54.88997280019392,5.673103905487202e-08,0.0007808980095132261,-2.2056795005931557e-06,-0.1756211386899309,81.90839890897051,-0.0060933263082023,1.7244294451228492e-05,0.07418546718369481,24021.6,0.0767590411430499,0.011699999999999999,index_dividend_yield,0.065,11.55,65,23858,23896.05,23786.8,24055.8,mid_price,ok
2026-09-02T08:08:07.106895+00:00,2026-09-02T13:38:07.106895+05:30,NIFTY,29-Sep-2026,26350.0,PE,23885.2,2274.15,650,2357.85,65,0.0,2316.0,0,0,0,0,0,,,,,,,,,,,,,,,0.07418546718369481,,,,,,11.55,65,23858,23896.05,23786.8,24055.8,mid_price,no_price_available
2026-09-02T08:08:07.106895+00:00,2026-09-02T13:38:07.106895+05:30,NIFTY,29-Sep-2026,26400.0,CE,23885.2,2.6,975,2.7,325,2.65,2.6500000000000004,820,-19,159,-18.46153846153846,14.24,0.0069476009460692646,2.089396106241159e-05,-0.354975316470163,1.2592366944270663,0.3396099093254316,-0.0009655488318221103,54.33991326341459,5.499658165563498e-08,0.0007548783519301109,-2.1774755299407584e-06,-0.17775092810515083,79.92529698695456,-0.006207143517600497,1.710293682744974e-05,0.07418546718369481,24021.6,0.0767590411430499,0.011699999999999999,index_dividend_yield,0.065,11.55,65,23858,23896.05,23786.8,24055.8,mid_price,ok
2026-09-02T08:08:07.106895+00:00,2026-09-02T13:38:07.106895+05:30,NIFTY,29-Sep-2026,26400.0,PE,23885.2,2215.65,650,2422.05,910,0.0,2318.8500000000004,58,0,0,0,18.9,,,,,,,,,,,,,,,0.07418546718369481,,,,,,11.55,65,23858,23896.05,23786.8,24055.8,mid_price,no_price_available
2026-09-02T08:08:07.106895+00:00,2026-09-02T13:38:07.106895+05:30,NIFTY,29-Sep-2026,26450.0,CE,23885.2,1.85,1235,3.4,260,0.0,2.625,43,0,0,0,13.39,0.0037886034850455434,1.2953125618226236e-05,-0.19453247808512278,0.7340603299937045,0.228090452814419,-0.0006089618739344893,39.61699684724501,3.961304276919022e-08,0.0006022898643910097,-1.6270197528555487e-06,-0.11933310954391063,89.89559101763696,-0.00338317287266135,1.0562846991616373e-05,0.07418546718369481,24021.6,0.0767590411430499,0.011699999999999999,index_dividend_yield,0.065,11.55,65,23858,23896.05,23786.8,24055.8,mid_price,wide_quote_low_liquidity
2026-09-02T08:08:07.106895+00:00,2026-09-02T13:38:07.106895+05:30,NIFTY,29-Sep-2026,26450.0,PE,23885.2,2371.7,650,2458.4,65,0.0,2415.05,0,0,0,0,0,,,,,,,,,,,,,,,0.07418546718369481,,,,,,11.55,65,23858,23896.05,23786.8,24055.8,mid_price,no_price_available
2026-09-02T08:08:07.106895+00:00,2026-09-02T13:38:07.106895+05:30,NIFTY,29-Sep-2026,26500.0,CE,23885.2,2.3,3055,2.35,4095,2.3,2.325,14369,-180,6382,-19.29824561403509,14.53,0.00611192409377219,1.8282651584735693e-05,-0.32264142757382386,1.1242978949580165,0.3026933603936907,-0.0008756173207586179,49.332001307605175,4.804962048178847e-08,0.0006763481209995783,-1.9828115061699054e-06,-0.16347069006225357,79.334208205081,-0.005439411642664112,1.4852692826360653e-05,0.07418546718369481,24021.6,0.0767590411430499,0.011699999999999999,index_dividend_yield,0.065,11.55,65,23858,23896.05,23786.8,24055.8,mid_price,ok
2026-09-02T08:08:07.106895+00:00,2026-09-02T13:38:07.106895+05:30,NIFTY,29-Sep-2026,26500.0,PE,23885.2,2455.9,65,2464.15,130,2477,2460.025,13137,20,80,3.547018372593692,23.83,,,,,,,,,,,,,,,0.07418546718369481,,,,,,11.55,65,23858,23896.05,23786.8,24055.8,mid_price,no_price_available
2026-09-02T08:08:07.106895+00:00,2026-09-02T13:38:07.106895+05:30,NIFTY,29-Sep-2026,26550.0,CE,23885.2,2.15,195,2.4,520,2.15,2.275,80,-21,40,-25.862068965517242,14.66,0.0056990167294260425,1.7030593560352122e-05,-0.30561522501453203,1.0566723786128422,0.28473468751207726,-0.0008299213259874713,46.86150381051135,4.480650936023618e-08,0.0006390736658736433,-1.8867546301561965e-06,-0.15610497210109409,79.16738470023708,-0.0050622498019232106,1.3783467862408797e-05,0.07418546718369481,24021.6,0.0767590411430499,0.011699999999999999,index_dividend_yield,0.065,11.55,65,23858,23896.05,23786.8,24055.8,mid_price,ok
2026-09-02T08:08:07.106895+00:00,2026-09-02T13:38:07.106895+05:30,NIFTY,29-Sep-2026,26550.0,PE,23885.2,2469.25,650,2558.9,65,0.0,2514.075,0,0,0,0,0,,,,,,,,,,,,,,,0.07418546718369481,,,,,,11.55,65,23858,23896.05,23786.8,24055.8,mid_price,no_price_available
2026-09-02T08:08:07.106895+00:00,2026-09-02T13:38:07.106895+05:30,NIFTY,29-Sep-2026,26600.0,CE,23885.2,2.05,130,2.2,65,2.15,2.125,990,-40,97,-21.818181818181817,14.9,0.0056189328020504825,1.654705334246144e-05,-0.306388511497253,1.0434785731105178,0.27725500551012977,-0.0008202781683905713,45.72005004957125,4.289859046779004e-08,0.0006139257118881944,-1.839258060666847e-06,-0.1545390524893382,78.01197787329194,-0.004980788175316079,1.3341822484025905e-05,0.07418546718369481,24021.6,0.0767590411430499,0.011699999999999999,index_dividend_yield,0.065,11.55,65,23858,23896.05,23786.8,24055.8,mid_price,ok
2026-09-02T08:08:07.106895+00:00,2026-09-02T13:38:07.106895+05:30,NIFTY,29-Sep-2026,26600.0,PE,23885.2,2517.95,650,2609.1,65,0.0,2563.5249999999996,0,0,0,0,0,,,,,,,,,,,,,,,0.07418546718369481,,,,,,11.55,65,23858,23896.05,23786.8,24055.8,mid_price,no_price_available
2026-09-02T08:08:07.106895+00:00,2026-09-02T13:38:07.106895+05:30,NIFTY,29-Sep-2026,26650.0,CE,23885.2,1.9,780,2.45,780,2.75,2.175,7,-4,12,-11.290322580645162,15.59,0.006842714136260985,1.883002217861335e-05,-0.3811352623627362,1.2424346276857843,0.3071814774445983,-0.0009496595213870815,49.260556373373674,4.5249886153635843e-08,0.0006257746168541517,-1.960201857639319e-06,-0.17523532669116326,73.19415538005575,-0.006049029494782228,1.5125654259452145e-05,0.07418546718369481,24021.6,0.0767590411430499,0.011699999999999999,index_dividend_yield,0.065,11.55,65,23858,23896.05,23786.8,24055.8,mid_price,wide_quote_low_liquidity
2026-09-02T08:08:07.106895+00:00,2026-09-02T13:38:07.106895+05:30,NIFTY,29-Sep-2026,26650.0,PE,23885.2,2566.9,650,2659.5,65,0.0,2613.2,0,0,0,0,0,,,,,,,,,,,,,,,0.07418546718369481,,,,,,11.55,65,23858,23896.05,23786.8,24055.8,mid_price,no_price_available
2026-09-02T08:08:07.106895+00:00,2026-09-02T13:38:07.106895+05:30,NIFTY,29-Sep-2026,26700.0,CE,23885.2,1.8,780,2.1,325,2.1,1.9500000000000002,42,1,9,-14.285714285714286,15.35,0.005394775886614379,1.549136569127674e-05,-0.30377497080240357,1.0064094039536224,0.26112449052480236,-0.0007939245713510564,43.3018833599062,3.917591040456854e-08,0.0005655853047136162,-1.7402907173103446e-06,-0.15024373541416858,76.04418460072019,-0.004762577589895496,1.239723825274347e-05,0.07418546718369481,24021.6,0.0767590411430499,0.011699999999999999,index_dividend_yield,0.065,11.55,65,23858,23896.05,23786.8,24055.8,mid_price,wide_quote_low_liquidity
2026-09-02T08:08:07.106895+00:00,2026-09-02T13:38:07.106895+05:30,NIFTY,29-Sep-2026,26700.0,PE,23885.2,2615.7,650,2709.75,65,0.0,2662.725,0,0,0,0,0,,,,,,,,,,,,,,,0.07418546718369481,,,,,,11.55,65,23858,23896.05,23786.8,24055.8,mid_price,no_price_available
2026-09-02T08:08:07.106895+00:00,2026-09-02T13:38:07.106895+05:30,NIFTY,29-Sep-2026,26750.0,CE,23885.2,1.65,845,2,520,1.95,1.825,120,-3,12,-18.75,15.46,0.005005718320080077,1.4390096356000682e-05,-0.28597217432867306,0.9415638843168491,0.2450243762817561,-0.0007494447662231493,41.04632059514701,3.6509154122471973e-08,0.0005342123111499072,-1.6528406423036388e-06,-0.14293775545573328,76.04001515690358,-0.004410849316183401,1.1472918105339181e-05,0.07418546718369481,24021.6,0.0767590411430499,0.011699999999999999,index_dividend_yield,0.065,11.55,65,23858,23896.05,23786.8,24055.8,mid_price,wide_quote_low_liquidity
2026-09-02T08:08:07.106895+00:00,2026-09-02T13:38:07.106895+05:30,NIFTY,29-Sep-2026,26750.0,PE,23885.2,2665.15,650,2926,715,0.0,2795.575,1,0,0,0,18.46,,,,,,,,,,,,,,,0.07418546718369481,,,,,,11.55,65,23858,23896.05,23786.8,24055.8,mid_price,no_price_available
2026-09-02T08:08:07.106895+00:00,2026-09-02T13:38:07.106895+05:30,NIFTY,29-Sep-2026,26800.0,CE,23885.2,1.55,650,2.4,650,0.0,1.975,39,0,0,0,16.06,0.005862411817424498,1.594085902158243e-05,-0.341421830347205,1.0835123409989786,0.26587922823523896,-0.0008438050058599961,43.586883556277044,3.8016354538006755e-08,0.0005419791470151991,-1.7405933541995298e-06,-0.15834020360565026,72.15252914507137,-0.005152395522759986,1.2661929678237964e-05,0.07418546718369481,24021.6,0.0767590411430499,0.011699999999999999,index_dividend_yield,0.065,11.55,65,23858,23896.05,23786.8,24055.8,mid_price,wide_quote_low_liquidity
2026-09-02T08:08:07.106895+00:00,2026-09-02T13:38:07.106895+05:30,NIFTY,29-Sep-2026,26800.0,PE,23885.2,2583.55,650,2824.4,715,0.0,2703.9750000000004,21,0,0,0,0,,,,,,,,,,,,,,,0.07418546718369481,,,,,,11.55,65,23858,23896.05,23786.8,24055.8,mid_price,no_price_available
2026-09-02T08:08:07.106895+00:00,2026-09-02T13:38:07.106895+05:30,NIFTY,29-Sep-2026,26850.0,CE,23885.2,2,65,2.65,650,0.0,2.325,76,0,0,0,16.08,0.005238344506344412,1.440613448699592e-05,-0.3090730840113041,0.9804153664075267,0.24397825560753225,-0.0007744354135445045,40.6213041701367,3.487211325347081e-08,0.000507272720772995,-1.6284330829507526e-06,-0.14704805491226103,72.83498394712409,-0.004595942846001497,1.140030968662395e-05,0.07418546718369481,24021.6,0.0767590411430499,0.011699999999999999,index_dividend_yield,0.065,11.55,65,23858,23896.05,23786.8,24055.8,mid_price,wide_quote_low_liquidity
2026-09-02T08:08:07.106895+00:00,2026-09-02T13:38:07.106895+05:30,NIFTY,29-Sep-2026,26850.0,PE,23885.2,2762.35,650,2860.75,65,0.0,2811.55,0,0,0,0,0,,,,,,,,,,,,,,,0.07418546718369481,,,,,,11.55,65,23858,23896.05,23786.8,24055.8,mid_price,no_price_available
2026-09-02T08:08:07.106895+00:00,2026-09-02T13:38:07.106895+05:30,NIFTY,29-Sep-2026,26900.0,CE,23885.2,1.5,65,2.4,650,0.0,1.95,56,0,0,0,16.32,0.00518482436058991,1.4065173577211718e-05,-0.3105429360593269,0.9714978657534614,0.2385901255670354,-0.0007678240103714653,39.77962256074991,3.357921867962981e-08,0.0004897172251841575,-1.5935126330155757e-06,-0.14596083739850219,71.84650482954092,-0.0045396611251031236,1.1089151080663987e-05,0.07418546718369481,24021.6,0.0767590411430499,0.011699999999999999,index_dividend_yield,0.065,11.55,65,23858,23896.05,23786.8,24055.8,mid_price,wide_quote_low_liquidity
2026-09-02T08:08:07.106895+00:00,2026-09-02T13:38:07.106895+05:30,NIFTY,29-Sep-2026,26900.0,PE,23885.2,2811.05,650,3077.45,650,0.0,2944.25,1,0,0,0,20.92,,,,,,,,,,,,,,,0.07418546718369481,,,,,,11.55,65,23858,23896.05,23786.8,24055.8,mid_price,no_price_available
2026-09-02T08:08:07.106895+00:00,2026-09-02T13:38:07.106895+05:30,NIFTY,29-Sep-2026,26950.0,CE,23885.2,1.35,650,2.55,650,0.0,1.95,46,0,0,0,15.79,0.0035309132886305506,1.0311586461607796e-05,-0.21304070011031356,0.6891031227204131,0.18359301816939297,-0.0005711108905247834,32.17034439810745,2.6831030376681845e-08,0.0004160598599929186,-1.3068731125556579e-06,-0.11280397634547623,76.84807070363433,-0.0030886502624280048,8.099639933303949e-06,0.07418546718369481,24021.6,0.0767590411430499,0.011699999999999999,index_dividend_yield,0.065,11.55,65,23858,23896.05,23786.8,24055.8,mid_price,wide_quote_low_liquidity
2026-09-02T08:08:07.106895+00:00,2026-09-02T13:38:07.106895+05:30,NIFTY,29-Sep-2026,26950.0,PE,23885.2,2859.9,650,2961.25,65,0.0,2910.575,0,0,0,0,0,,,,,,,,,,,,,,,0.07418546718369481,,,,,,11.55,65,23858,23896.05,23786.8,24055.8,mid_price,no_price_available
2026-09-02T08:08:07.106895+00:00,2026-09-02T13:38:07.106895+05:30,NIFTY,29-Sep-2026,27000.0,CE,23885.2,1.85,4160,1.9,2860,1.9,1.875,25812,-389,4163,0,16.55,0.004536059705501736,1.2311765580964344e-05,-0.2790951982313132,0.8623725740662145,0.21258941613294322,-0.0006924155140666764,36.08172921856284,2.9515741511830896e-08,0.0004407129953443516,-1.4502592833635289e-06,-0.13344872560986687,71.74044335483616,-0.003956831909489851,9.634974593730008e-06,0.07418546718369481,24021.6,0.0767590411430499,0.011699999999999999,index_dividend_yield,0.065,11.55,65,23858,23896.05,23786.8,24055.8,mid_price,ok
2026-09-02T08:08:07.106895+00:00,2026-09-02T13:38:07.106895+05:30,NIFTY,29-Sep-2026,27000.0,PE,23885.2,2956.6,65,2970.15,65,2970,2963.375,24093.46153846154,-310,1453,2.899906454630496,26.87,,,,,,,,,,,,,,,0.07418546718369481,,,,,,11.55,65,23858,23896.05,23786.8,24055.8,mid_price,no_price_available
2026-09-02T08:08:07.106895+00:00,2026-09-02T13:38:07.106895+05:30,NIFTY,29-Sep-2026,27050.0,CE,23885.2,1.2,1300,2.25,260,0.0,1.725,63,0,0,0,16.46,0.003848284143300974,1.0685867185392719e-05,-0.23945699860006117,0.7444168642596941,0.18837805725778023,-0.0006096587453521957,32.65587403992687,2.6338089307828686e-08,0.00040382286221838157,-1.3195761083936045e-06,-0.11943708287373866,73.20163898488059,-0.0033516217122288245,8.331687982095034e-06,0.07418546718369481,24021.6,0.0767590411430499,0.011699999999999999,index_dividend_yield,0.065,11.55,65,23858,23896.05,23786.8,24055.8,mid_price,wide_quote_low_liquidity
2026-09-02T08:08:07.106895+00:00,2026-09-02T13:38:07.106895+05:30,NIFTY,29-Sep-2026,27050.0,PE,23885.2,2957.6,650,3061.9,65,0.0,3009.75,0,0,0,0,0,,,,,,,,,,,,,,,0.07418546718369481,,,,,,11.55,65,23858,23896.05,23786.8,24055.8,mid_price,no_price_available
2026-09-02T08:08:07.106895+00:00,2026-09-02T13:38:07.106895+05:30,NIFTY,29-Sep-2026,27100.0,CE,23885.2,1.3,130,1.75,650,1.45,1.525,220,-23,75,-17.142857142857142,16.58,0.0036115632464413816,1.0021383838968218e-05,-0.22768042469426525,0.7032161292164676,0.17807371107732023,-0.0005799804845909142,31.116091491339482,2.4720303319766068e-08,0.00038296517362224156,-1.2589894090339255e-06,-0.11433441266922417,73.08637755326563,-0.003139580196630919,7.784789599757511e-06,0.07418546718369481,24021.6,0.0767590411430499,0.011699999999999999,index_dividend_yield,0.065,11.55,65,23858,23896.05,23786.8,24055.8,mid_price,wide_quote_low_liquidity
2026-09-02T08:08:07.106895+00:00,2026-09-02T13:38:07.106895+05:30,NIFTY,29-Sep-2026,27100.0,PE,23885.2,3006.45,650,3112.2,65,0.0,3059.325,0,0,0,0,0,,,,,,,,,,,,,,,0.07418546718369481,,,,,,11.55,65,23858,23896.05,23786.8,24055.8,mid_price,no_price_available
2026-09-02T08:08:07.106895+00:00,2026-09-02T13:38:07.106895+05:30,NIFTY,29-Sep-2026,27150.0,CE,23885.2,1.6,65,2,65,1.8,1.8,129,9,10,-16.27906976744186,17.2,0.00430392457686579,1.1303394491109558e-05,-0.2760846906865944,0.8228372272548397,0.1966263725407167,-0.0006637279209828163,33.60177317955415,2.622899625877668e-08,0.0003958553870535832,-1.349226336881068e-06,-0.12862371943994733,69.39445951043369,-0.003731812581790951,8.74836675011742e-06,0.07418546718369481,24021.6,0.0767590411430499,0.011699999999999999,index_dividend_yield,0.065,11.55,65,23858,23896.05,23786.8,24055.8,mid_price,wide_quote_low_liquidity
2026-09-02T08:08:07.106895+00:00,2026-09-02T13:38:07.106895+05:30,NIFTY,29-Sep-2026,27150.0,PE,23885.2,3055.4,650,3162.6,65,0.0,3109.0,0,0,0,0,0,,,,,,,,,,,,,,,0.07418546718369481,,,,,,11.55,65,23858,23896.05,23786.8,24055.8,mid_price,no_price_available
2026-09-02T08:08:07.106895+00:00,2026-09-02T13:38:07.106895+05:30,NIFTY,29-Sep-2026,27200.0,CE,23885.2,1.6,65,1.65,65,1.6,1.625,622,12,58,0,17.21,0.003850067356023226,1.0224428534271662e-05,-0.2498607426667125,0.7447259966551829,0.18036831633201675,-0.0006086850083414533,31.26567279945247,2.4066150561321333e-08,0.0003698220649243957,-1.2595915714953277e-06,-0.11926782023234848,70.04935495246036,-0.003332604611552068,7.884224822796626e-06,0.07418546718369481,24021.6,0.0767590411430499,0.011699999999999999,index_dividend_yield,0.065,11.55,65,23858,23896.05,23786.8,24055.8,mid_price,ok
2026-09-02T08:08:07.106895+00:00,2026-09-02T13:38:07.106895+05:30,NIFTY,29-Sep-2026,27200.0,PE,23885.2,3104.2,650,3212.85,65,0.0,3158.5249999999996,0,0,0,0,0,,,,,,,,,,,,,,,0.07418546718369481,,,,,,11.55,65,23858,23896.05,23786.8,24055.8,mid_price,no_price_available
2026-09-02T08:08:07.106895+00:00,2026-09-02T13:38:07.106895+05:30,NIFTY,29-Sep-2026,28500.0,CE,23885.2,1,520,1.05,130,1.05,1.025,8700,3,241,5,21.79,0.001986289028832047,4.444364790717872e-06,-0.17169857421729495,0.40986754354084204,0.08499359218763985,-0.0003574240283313579,15.92423320917427,8.890774129658899e-09,0.00015227002427617838,-6.439195031305803e-07,-0.07453832943949806,58.682246262468915,-0.0016362961204245804,3.1216035262198497e-06,0.07418546718369481,24021.6,0.0767590411430499,0.011699999999999999,index_dividend_yield,0.065,11.55,65,23858,23896.05,23786.8,24055.8,mid_price,ok
2026-09-02T08:08:07.106895+00:00,2026-09-02T13:38:07.106895+05:30,NIFTY,29-Sep-2026,28500.0,PE,23885.2,4432.5,65,4453.8,65,4514.4,4443.15,6693,-7,11,3.410834955904249,43.08,,,,,,,,,,,,,,,0.07418546718369481,,,,,,11.55,65,23858,23896.05,23786.8,24055.8,mid_price,no_price_available
2026-09-02T08:08:07.106895+00:00,2026-09-02T13:38:07.106895+05:30,NIFTY,29-Sep-2026,30000.0,CE,23885.2,0.9,520,1,11440,0.95,0.95,4631.384615384615,-50,109,0,27.51,0.0015781551712502578,2.8555877586875266e-06,-0.174256146913246,0.332477838345233,0.056231944766079726,-0.00029557952880855556,10.79816198649805,4.606365625266448e-09,8.236059362585288e-05,-4.3464596457244934e-07,-0.06290199955203934,47.5171523705672,-0.0012300422946421611,1.8101341690264857e-06,0.07418546718369481,24021.6,0.0767590411430499,0.011699999999999999,index_dividend_yield,0.065,11.55,65,23858,23896.05,23786.8,24055.8,mid_price,ok
2026-09-02T08:08:07.106895+00:00,2026-09-02T13:38:07.106895+05:30,NIFTY,29-Sep-2026,30000.0,PE,23885.2,5921.15,65,5954.05,65,5963.95,5937.6,2220,-6,60,1.2959330123224038,47.43,,,,,,,,,,,,,,,0.07418546718369481,,,,,,11.55,65,23858,23896.05,23786.8,24055.8,mid_price,no_price_available
2026-09-02T08:08:07.106895+00:00,2026-09-02T13:38:07.106895+05:30,NIFTY,29-Sep-2026,31500.0,CE,23885.2,0.65,975,1.2,1300,0.0,0.925,264,0,0,0,32.7,0.0012706736084891169,1.9710772233475174e-06,-0.1690147818339784,0.27278971525185286,0.03984531873924457,-0.0002474596996126098,7.823334865846576,2.72088953604226e-09,5.049954137144461e-05,-3.1457352535202723e-07,-0.05362649087011608,40.781065908353796,-0.00093987517978387,1.1332880157442233e-06,0.07418546718369481,24021.6,0.0767590411430499,0.011699999999999999,index_dividend_yield,0.065,11.55,65,23858,23896.05,23786.8,24055.8,mid_price,wide_quote_low_liquidity
2026-09-02T08:08:07.106895+00:00,2026-09-02T13:38:07.106895+05:30,NIFTY,29-Sep-2026,31500.0,PE,23885.2,,0,7883.8,1690,0.0,,0,0,0,0,0,,,,,,,,,,,,,,,0.07418546718369481,,,,,,11.55,65,23858,23896.05,23786.8,24055.8,none,no_price_available
2026-09-02T08:08:07.106895+00:00,2026-09-02T13:38:07.106895+05:30,NIFTY,29-Sep-2026,33000.0,CE,23885.2,0.85,1495,0.95,130,0.9,0.8999999999999999,554,-8,55,20,38.03,0.001218770628886988,1.6313783928435941e-06,-0.18849618562901793,0.2625775740777589,0.03326595499992624,-0.00023929362196643085,6.558859433138858,1.933706877692001e-09,3.645941438851087e-05,-2.629162763831829e-07,-0.05203094397623473,35.30530545483988,-0.0008571527824464813,8.546427059532411e-07,0.07418546718369481,24021.6,0.0767590411430499,0.011699999999999999,index_dividend_yield,0.065,11.55,65,23858,23896.05,23786.8,24055.8,mid_price,ok
2026-09-02T08:08:07.106895+00:00,2026-09-02T13:38:07.106895+05:30,NIFTY,29-Sep-2026,33000.0,PE,23885.2,,0,9455.35,1690,0.0,,0,0,0,0,0,,,,,,,,,,,,,,,0.07418546718369481,,,,,,11.55,65,23858,23896.05,23786.8,24055.8,none,no_price_available
2026-09-02T08:08:07.106895+00:00,2026-09-02T13:38:07.106895+05:30,NIFTY,29-Sep-2026,34500.0,CE,23885.2,0.4,65,2.45,1365,0.0,1.425,152,0,0,0,34.32,6.0338206447081216e-05,1.1019542923114013e-07,-0.01034859719572437,0.016006171297161597,0.0028236364228497192,-1.8299508967949386e-05,0.7061965292162733,1.860252600724075e-10,4.540557399822105e-06,-2.945284966955289e-08,-0.004872983743317115,46.85338647911853,-4.0882045111179196e-05,5.2818146283445564e-08,0.07418546718369481,24021.6,0.0767590411430499,0.011699999999999999,index_dividend_yield,0.065,11.55,65,23858,23896.05,23786.8,24055.8,mid_price,wide_quote_low_liquidity
2026-09-02T08:08:07.106895+00:00,2026-09-02T13:38:07.106895+05:30,NIFTY,29-Sep-2026,34500.0,PE,23885.2,,0,11012.5,1690,0.0,,0,0,0,0,0,,,,,,,,,,,,,,,0.07418546718369481,,,,,,11.55,65,23858,23896.05,23786.8,24055.8,none,no_price_available
2026-09-02T08:19:07.366633+00:00,2026-09-02T13:49:07.366633+05:30,NIFTY,29-Sep-2026,15000.0,CE,23873.95,,0,9310.95,1690,0.0,,0,0,0,0,0,,,,,,,,,,,,,,,0.0741645304847476,,,,,,11.6,65,23858,23896.05,23786.8,24055.8,none,no_price_available
2026-09-02T08:19:07.366633+00:00,2026-09-02T13:49:07.366633+05:30,NIFTY,29-Sep-2026,15000.0,PE,23873.95,1.2,130,1.75,650,1.85,1.475,1284,-4,14,19.35483870967742,60.51,-0.0017119612606259435,1.399008760847143e-06,-0.3936148628483713,0.35784289499918137,-0.025121160716886,0.00027582556423459345,4.779952606265042,-1.1006668128157687e-09,1.6375404168901436e-05,-1.7931006859959325e-07,-0.05909398851523762,-20.108113386798284,0.002860256931925241,3.5439409419352017e-06,0.0741645304847476,24002.3,0.07229537775562274,0.011699999999999999,index_dividend_yield,0.065,11.6,65,23858,23896.05,23786.8,24055.8,mid_price,wide_quote_low_liquidity
2026-09-02T08:19:07.366633+00:00,2026-09-02T13:49:07.366633+05:30,NIFTY,29-Sep-2026,16500.0,CE,23873.95,,0,7888.6,1690,0.0,,0,0,0,0,0,,,,,,,,,,,,,,,0.0741645304847476,,,,,,11.6,65,23858,23896.05,23786.8,24055.8,none,no_price_available
2026-09-02T08:19:07.366633+00:00,2026-09-02T13:49:07.366633+05:30,NIFTY,29-Sep-2026,16500.0,PE,23873.95,0.95,650,1.1,260,1.1,1.025,2045,0,212,15.789473684210526,46.83,-0.0013869162864613585,1.491899671130811e-06,-0.25039856703528907,0.2953306951345737,-0.02778011197390284,0.00023504499480456228,5.403059755862444,-1.5313753615167466e-09,2.410821308499229e-05,-2.0333274584217276e-07,-0.051171487998770804,-26.700398762643022,0.00208189516883844,3.123347382927389e-06,0.0741645304847476,24002.3,0.07229537775562274,0.011699999999999999,index_dividend_yield,0.065,11.6,65,23858,23896.05,23786.8,24055.8,mid_price,ok
2026-09-02T08:19:07.366633+00:00,2026-09-02T13:49:07.366633+05:30,NIFTY,29-Sep-2026,18000.0,CE,23873.95,5917,65,5993.2,65,5945.75,5955.1,20,-1,5,-6.218454258675079,0,,,,,,,,,,,,,,,0.0741645304847476,24002.3,0.07229537775562274,0.011699999999999999,index_dividend_yield,0.065,11.6,65,23858,23896.05,23786.8,24055.8,mid_price,no_nse_iv
2026-09-02T08:19:07.366633+00:00,2026-09-02T13:49:07.366633+05:30,NIFTY,29-Sep-2026,18000.0,PE,23873.95,1.75,390,1.95,130,1.8,1.85,14816,-12,276,-10,38.48,-0.002673214429835861,3.2954001173465997e-06,-0.3712952208905946,0.5360286809243542,-0.057427507405433724,0.0003965554079627294,10.398710978683445,-3.815480197162382e-09,5.5364734166833413e-05,-3.8052928051295925e-07,-0.08170847907693052,-30.979438840647475,0.003660014985781782,5.79711215439565e-06,0.0741645304847476,24002.3,0.07229537775562274,0.011699999999999999,index_dividend_yield,0.065,11.6,65,23858,23896.05,23786.8,24055.8,mid_price,ok
2026-09-02T08:19:07.366633+00:00,2026-09-02T13:49:07.366633+05:30,NIFTY,29-Sep-2026,19500.0,CE,23873.95,4472.45,65,4496.95,65,4497.4,4484.7,2161,-1,43,-1.3922690697011555,0,,,,,,,,,,,,,,,0.0741645304847476,24002.3,0.07229537775562274,0.011699999999999999,index_dividend_yield,0.065,11.6,65,23858,23896.05,23786.8,24055.8,mid_price,no_nse_iv
2026-09-02T08:19:07.366633+00:00,2026-09-02T13:49:07.366633+05:30,NIFTY,29-Sep-2026,19500.0,PE,23873.95,3.05,780,3.15,130,3.2,3.0999999999999996,14437,252,6308,-15.789473684210526,30.37,-0.005601207432932544,8.100456213844507e-06,-0.5631716107336429,1.0399179685449165,-0.12920665590782304,0.0006962720038910788,21.303677607088954,-1.0772120846627181e-08,0.0001392713617429168,-7.445858414498383e-07,-0.13400866350925478,-36.908294109354436,0.007043387687069505,1.2141960509735816e-05,0.0741645304847476,24002.3,0.07229537775562274,0.011699999999999999,index_dividend_yield,0.065,11.6,65,23858,23896.05,23786.8,24055.8,mid_price,ok
2026-09-02T08:19:07.366633+00:00,2026-09-02T13:49:07.366633+05:30,NIFTY,29-Sep-2026,21000.0,CE,23873.95,2984.75,130,2998.7,65,2998.7,2991.725,8018,69,372,-2.4559234922906774,0,,,,,,,,,,,,,,,0.0741645304847476,24002.3,0.07229537775562274,0.011699999999999999,index_dividend_yield,0.065,11.6,65,23858,23896.05,23786.8,24055.8,mid_price,no_nse_iv
2026-09-02T08:19:07.366633+00:00,2026-09-02T13:49:07.366633+05:30,NIFTY,29-Sep-2026,21000.0,PE,23873.95,6.5,65,6.6,3120,6.55,6.55,26197,1440,7376,3.9682539682539684,22.57,-0.014547997017136697,2.51341822504558e-05,-0.9475742463972742,2.397955561489302,-0.34649159185766704,0.0013562023834045069,49.151172150548426,-3.852407061505749e-08,0.0004038169242253144,-1.552269223146182e-06,-0.23666336555611833,-45.12395344574504,0.016905482527682057,3.2484391081644725e-05,0.0741645304847476,24002.3,0.07229537775562274,0.011699999999999999,index_dividend_yield,0.065,11.6,65,23858,23896.05,23786.8,24055.8,mid_price,ok
2026-09-02T08:19:07.366633+00:00,2026-09-02T13:49:07.366633+05:30,NIFTY,29-Sep-2026,21600.0,CE,23873.95,2385.85,325,2403.8,65,2390,2394.825,756,59,71,-7.184466019417476,0,,,,,,,,,,,,,,,0.0741645304847476,24002.3,0.07229537775562274,0.011699999999999999,index_dividend_yield,0.065,11.6,65,23858,23896.05,23786.8,24055.8,mid_price,no_nse_iv
2026-09-02T08:19:07.366633+00:00,2026-09-02T13:49:07.366633+05:30,NIFTY,29-Sep-2026,21600.0,PE,23873.95,9.3,260,9.35,260,9.3,9.325,3639,603,1739,10.714285714285714,19.43,-0.023121181183465397,4.331965053816318e-05,-1.1943106951750666,3.557972251466508,-0.5463529604619651,0.0018088523314722658,70.7877364401619,-7.030100174876116e-08,0.0006389219710581227,-2.0534401071950205e-06,-0.3000588029166731,-49.61696751133349,0.02607032534771737,5.29207514254838e-05,0.0741645304847476,24002.3,0.07229537775562274,0.011699999999999999,index_dividend_yield,0.065,11.6,65,23858,23896.05,23786.8,24055.8,mid_price,ok
2026-09-02T08:19:07.366633+00:00,2026-09-02T13:49:07.366633+05:30,NIFTY,29-Sep-2026,21650.0,CE,23873.95,2310.5,65,2403.4,65,2300,2356.95,1,-1,1,-11.538461538461538,0,,,,,,,,,,,,,,,0.0741645304847476,24002.3,0.07229537775562274,0.011699999999999999,index_dividend_yield,0.065,11.6,65,23858,23896.05,23786.8,24055.8,mid_price,no_nse_iv
2026-09-02T08:19:07.366633+00:00,2026-09-02T13:49:07.366633+05:30,NIFTY,29-Sep-2026,21650.0,PE,23873.95,9,780,9.9,260,9.65,9.45,84,2,36,8.426966292134832,19.19,-0.024236399660222868,4.563370381938284e-05,-1.2255255608163367,3.7017365380996607,-0.569804539299213,0.0018596580063154414,73.08617229869596,-7.422000784700898e-08,0.0006631895527287788,-2.097764174825283e-06,-0.3068801157853511,-49.93651465906988,0.02726123222823078,5.549047953566626e-05,0.0741645304847476,24002.3,0.07229537775562274,0.011699999999999999,index_dividend_yield,0.065,11.6,65,23858,23896.05,23786.8,24055.8,mid_price,ok
2026-09-02T08:19:07.366633+00:00,2026-09-02T13:49:07.366633+05:30,NIFTY,29-Sep-2026,21700.0,CE,23873.95,2107.9,1235,2374,650,0.0,2240.95,1,0,0,0,0,,,,,,,,,,,,,,,0.0741645304847476,24002.3,0.07229537775562274,0.011699999999999999,index_dividend_yield,0.065,11.6,65,23858,23896.05,23786.8,24055.8,mid_price,no_nse_iv
2026-09-02T08:19:07.366633+00:00,2026-09-02T13:49:07.366633+05:30,NIFTY,29-Sep-2026,21700.0,PE,23873.95,10.05,260,10.2,650,10,10.125,1173,58,412,6.951871657754011,19,-0.025717671976219686,4.8440341920759e-05,-1.2734946927416189,3.8905017281328185,-0.5970210850454581,0.0019253483459086007,75.59226613158243,-7.854490041302911e-08,0.0006862544036705574,-2.140698798353272e-06,-0.3156145582327836,-50.045132731501866,0.02885949257553299,5.8632213788650374e-05,0.0741645304847476,24002.3,0.07229537775562274,0.011699999999999999,index_dividend_yield,0.065,11.6,65,23858,23896.05,23786.8,24055.8,mid_price,ok
2026-09-02T08:19:07.366633+00:00,2026-09-02T13:49:07.366633+05:30,NIFTY,29-Sep-2026,21750.0,CE,23873.95,2051.15,1690,2312.8,650,0.0,2181.9750000000004,1,0,0,0,0,,,,,,,,,,,,,,,0.0741645304847476,24002.3,0.07229537775562274,0.011699999999999999,index_dividend_yield,0.065,11.6,65,23858,23896.05,23786.8,24055.8,mid_price,no_nse_iv
2026-09-02T08:19:07.366633+00:00,2026-09-02T13:49:07.366633+05:30,NIFTY,29-Sep-2026,21750.0,PE,23873.95,10.2,65,10.65,780,10.2,10.425,93,-5,108,2.512562814070352,18.69,-0.026552592069815768,5.057711941959251e-05,-1.284629039007941,3.9958410467602765,-0.6191066191288865,0.001959935113587233,77.83451544054331,-8.275721024630634e-08,0.0007145865704379161,-2.1848061732777634e-06,-0.32018419792921105,-50.67010879213238,0.029720730612363216,6.0937429160195604e-05,0.0741645304847476,24002.3,0.07229537775562274,0.011699999999999999,index_dividend_yield,0.065,11.6,65,23858,23896.05,23786.8,24055.8,mid_price,ok
2026-09-02T08:19:07.366633+00:00,2026-09-02T13:49:07.366633+05:30,NIFTY,29-Sep-2026,21800.0,CE,23873.95,2175.2,390,2236.3,65,2150,2205.75,2,0,1,-8.51063829787234,0,,,,,,,,,,,,,,,0.0741645304847476,24002.3,0.07229537775562274,0.011699999999999999,index_dividend_yield,0.065,11.6,65,23858,23896.05,23786.8,24055.8,mid_price,no_nse_iv
2026-09-02T08:19:07.366633+00:00,2026-09-02T13:49:07.366633+05:30,NIFTY,29-Sep-2026,21800.0,PE,23873.95,10.95,390,11,195,11,10.975,1928,363,1233,11.11111111111111,18.53,-0.028401404474413014,5.39586255171227e-05,-1.345164558251962,4.2265022969639725,-0.6503926334210097,0.0020368775637588862,80.53129393149882,-8.77057993343466e-08,0.000736939000812284,-2.223338286579693e-06,-0.3302430248495982,-50.64482800655704,0.0317175284462029,6.471373276068125e-05,0.0741645304847476,24002.3,0.07229537775562274,0.011699999999999999,index_dividend_yield,0.065,11.6,65,23858,23896.05,23786.8,24055.8,mid_price,ok
2026-09-02T08:19:07.366633+00:00,2026-09-02T13:49:07.366633+05:30,NIFTY,29-Sep-2026,21850.0,CE,23873.95,1965.25,1755,2212.65,650,0.0,2088.95,1,0,0,0,17.26,0.9759810021725107,4.8820078256963006e-05,-4.160849712358126,3.5619192878363397,-0.6174196792119169,0.001829297825324816,79.97292967705638,-8.894717177431245e-08,0.0008132784642497368,-2.289152259384901e-06,-0.29856605340492326,11.000157910032039,-0.9694426917121267,5.8283302017274455e-05,0.0741645304847476,24002.3,0.07229537775562274,0.011699999999999999,index_dividend_yield,0.065,11.6,65,23858,23896.05,23786.8,24055.8,mid_price,ok
2026-09-02T08:19:07.366633+00:00,2026-09-02T13:49:07.366633+05:30,NIFTY,29-Sep-2026,21850.0,PE,23873.95,10.65,780,11.55,260,11,11.100000000000001,65,17,62,11.11111111111111,18.19,-0.02916283531822278,5.618960619106547e-05,-1.3475201597927384,4.320494921701082,-0.6733893217508256,0.002065500971266447,82.87156378303884,-9.244106951904601e-08,0.0007688862500759274,-2.26817934606625e-06,-0.33396666188052393,-51.418820448820306,0.032483866608206666,6.70813301574029e-05,0.0741645304847476,24002.3,0.07229537775562274,0.011699999999999999,index_dividend_yield,0.065,11.6,65,23858,23896.05,23786.8,24055.8,mid_price,ok
2026-09-02T08:19:07.366633+00:00,2026-09-02T13:49:07.366633+05:30,NIFTY,29-Sep-2026,21900.0,CE,23873.95,2078.35,65,2140.55,65,0.0,2109.45,9,0,0,0,0,,,,,,,,,,,,,,,0.0741645304847476,24002.3,0.07229537775562274,0.011699999999999999,index_dividend_yield,0.065,11.6,65,23858,23896.05,23786.8,24055.8,mid_price,no_nse_iv
2026-09-02T08:19:07.366633+00:00,2026-09-02T13:49:07.366633+05:30,NIFTY,29-Sep-2026,21900.0,PE,23873.95,11.7,130,11.9,325,11.85,11.8,2503,-32,651,13.397129186602871,18,-0.031015244626394694,5.975716525134513e-05,-1.4009966715068498,4.546815209110065,-0.7057892581687347,0.0021371015159964216,85.61228723296166,-9.791605248204222e-08,0.0007932051358958804,-2.303379083101513e-06,-0.343181450312132,-51.522779656908675,0.03446702451090541,7.101503698835152e-05,0.0741645304847476,24002.3,0.07229537775562274,0.011699999999999999,index_dividend_yield,0.065,11.6,65,23858,23896.05,23786.8,24055.8,mid_price,ok
2026-09-02T08:19:07.366633+00:00,2026-09-02T13:49:07.366633+05:30,NIFTY,29-Sep-2026,21950.0,CE,23873.95,1779.15,1755,2111.8,650,0.0,1945.4750000000001,2,0,0,0,24.47,0.9112550041744402,0.00010025204419432556,-7.494234565741417,10.369839099853188,-0.8387463485628466,0.003470770959261071,73.80782395644391,-8.941640081294581e-08,0.00030386760648235835,-1.073409782298922e-06,-0.4940394806065403,10.48386011479698,-0.8965894074611472,0.0001185967390219399,0.0741645304847476,24002.3,0.07229537775562274,0.011699999999999999,index_dividend_yield,0.065,11.6,65,23858,23896.05,23786.8,24055.8,mid_price,wide_quote_low_liquidity
2026-09-02T08:19:07.366633+00:00,2026-09-02T13:49:07.366633+05:30,NIFTY,29-Sep-2026,21950.0,PE,23873.95,11.85,1560,12.3,260,11.95,12.075,351,183,362,4.824561403508772,17.7,-0.032187952049218704,6.266276981673409e-05,-1.4179468848948966,4.688432476481778,-0.7337121112595442,0.0021791214070277717,88.21166810969494,-1.0346412964756586e-07,0.0008249773040512891,-2.3443148173579498e-06,-0.3485533698509755,-52.13483848317711,0.03568078770073203,7.412916333099319e-05,0.0741645304847476,24002.3,0.07229537775562274,0.011699999999999999,index_dividend_yield,0.065,11.6,65,23858,23896.05,23786.8,24055.8,mid_price,ok
2026-09-02T08:19:07.366633+00:00,2026-09-02T13:49:07.366633+05:30,NIFTY,29-Sep-2026,22000.0,CE,23873.95,1997.65,65,2007.8,65,2008.85,2002.725,12315,-58,294,-3.4253160905725686,0,,,,,,,,,,,,,,,0.0741645304847476,24002.3,0.07229537775562274,0.011699999999999999,index_dividend_yield,0.065,11.6,65,23858,23896.05,23786.8,24055.8,mid_price,no_nse_iv
2026-09-02T08:19:07.366633+00:00,2026-09-02T13:49:07.366633+05:30,NIFTY,29-Sep-2026,22000.0,PE,23873.95,12.45,520,12.5,325,12.45,12.475,39092,231,10963,11.160714285714286,17.45,-0.033812428229339574,6.619234471389976e-05,-1.4530929205849872,4.882564713911921,-0.7658332140621157,0.0022364242807119544,90.97452510479087,-1.0951405380641752e-07,0.0008540279428649567,-2.3791770145849142e-06,-0.35581713038991314,-52.52051139998403,0.037391188364408835,7.794907457975824e-05,0.0741645304847476,24002.3,0.07229537775562274,0.011699999999999999,index_dividend_yield,0.065,11.6,65,23858,23896.05,23786.8,24055.8,mid_price,ok
2026-09-02T08:19:07.366633+00:00,2026-09-02T13:49:07.366633+05:30,NIFTY,29-Sep-2026,22050.0,CE,23873.95,1798.3,910,2003.5,65,1900,1900.9,2,0,1,-16.666666666666668,0,,,,,,,,,,,,,,,0.0741645304847476,24002.3,0.07229537775562274,0.011699999999999999,index_dividend_yield,0.065,11.6,65,23858,23896.05,23786.8,24055.8,mid_price,no_nse_iv
2026-09-02T08:19:07.366633+00:00,2026-09-02T13:49:07.366633+05:30,NIFTY,29-Sep-2026,22050.0,PE,23873.95,12.95,130,13.1,1365,13,13.024999999999999,199,125,181,16.591928251121075,17.2,-0.03554453581630244,6.996683661764905e-05,-1.4893512226172807,5.087044038138912,-0.7995349185880781,0.0022949259644900258,93.80358605739225,-1.1596708785577676e-07,0.0008834099492362919,-2.411025106018841e-06,-0.36317030133535244,-52.90930727035852,0.03921210970409957,8.202072638201082e-05,0.0741645304847476,24002.3,0.07229537775562274,0.011699999999999999,index_dividend_yield,0.065,11.6,65,23858,23896.05,23786.8,24055.8,mid_price,ok
2026-09-02T08:19:07.366633+00:00,2026-09-02T13:49:07.366633+05:30,NIFTY,29-Sep-2026,22100.0,CE,23873.95,1621.2,2080,1949.45,65,0.0,1785.325,13,0,0,0,28.6,0.859407559539514,0.00011950619043511416,-10.27273091651017,14.44778423202578,-0.779411192405266,0.0037286001598934022,54.77999569331615,-7.440060071019853e-08,3.526976689402646e-05,5.927692055356624e-08,-0.5265080697940085,10.27640434679832,-0.8380494827571109,0.00013946152663207805,0.0741645304847476,24002.3,0.07229537775562274,0.011699999999999999,index_dividend_yield,0.065,11.6,65,23858,23896.05,23786.8,24055.8,mid_price,wide_quote_low_liquidity
2026-09-02T08:19:07.366633+00:00,2026-09-02T13:49:07.366633+05:30,NIFTY,29-Sep-2026,22100.0,PE,23873.95,13.5,390,13.75,455,13.65,13.625,1531,35,925,13.75,16.96,-0.0374766687920316,7.409751815840559e-05,-1.530461112192007,5.312198824381608,-0.8354121835371063,0.0023574226771425136,96.70051905278632,-1.2286241921800893e-07,0.00091196681057787,-2.437748631315106e-06,-0.37095574459578623,-53.25133347557455,0.04124515279459286,8.647044110765187e-05,0.0741645304847476,24002.3,0.07229537775562274,0.011699999999999999,index_dividend_yield,0.065,11.6,65,23858,23896.05,23786.8,24055.8,mid_price,ok
2026-09-02T08:19:07.366633+00:00,2026-09-02T13:49:07.366633+05:30,NIFTY,29-Sep-2026,22150.0,CE,23873.95,1597.6,65,1909.5,650,0.0,1753.55,2,0,0,0,29.56,0.8454970420208441,0.0001232277127224165,-11.003940088685347,15.39776293041779,-0.7530311208793217,0.003709398562306898,49.95855158342799,-7.050952185988263e-08,-1.705229939231187e-05,3.2475438684469193e-07,-0.5281972954483578,10.249601507014416,-0.8223916344211496,0.0001431559773373635,0.0741645304847476,24002.3,0.07229537775562274,0.011699999999999999,index_dividend_yield,0.065,11.6,65,23858,23896.05,23786.8,24055.8,mid_price,wide_quote_low_liquidity
2026-09-02T08:19:07.366633+00:00,2026-09-02T13:49:07.366633+05:30,NIFTY,29-Sep-2026,22150.0,PE,23873.95,13.65,1560,14.35,1820,13.85,14.0,583,8,50,13.061224489795919,16.65,-0.0389326578681307,7.785982085677158e-05,-1.5464654783985412,5.479897681709749,-0.8693759946119157,0.002400887473566621,99.64031118615146,-1.3016606187659377e-07,0.0009481225867977939,-2.471694339569548e-06,-0.376344121411992,-53.950003278002086,0.042740623166468955,9.04512345787911e-05,0.0741645304847476,24002.3,0.07229537775562274,0.011699999999999999,index_dividend_yield,0.065,11.6,65,23858,23896.05,23786.8,24055.8,mid_price,ok
2026-09-02T08:19:07.366633+00:00,2026-09-02T13:49:07.366633+05:30,NIFTY,29-Sep-2026,22200.0,CE,23873.95,1748.9,780,1851.05,65,0.0,1799.975,4,0,0,0,0,,,,,,,,,,,,,,,0.0741645304847476,24002.3,0.07229537775562274,0.011699999999999999,index_dividend_yield,0.065,11.6,65,23858,23896.05,23786.8,24055.8,mid_price,no_nse_iv
2026-09-02T08:19:07.366633+00:00,2026-09-02T13:49:07.366633+05:30,NIFTY,29-Sep-2026,22200.0,PE,23873.95,14.55,65,14.65,65,14.45,14.600000000000001,2685,93,1144,16.06425702811245,16.39,-0.040934194525537246,8.238399953566391e-05,-1.5820255649364214,5.707772270212903,-0.907809862723239,0.002459666767669934,102.67216422654002,-1.3803641365759042e-07,0.0009793242477397406,-2.4936777369255725e-06,-0.38356693324115915,-54.40399190453517,0.04482990767027774,9.527643159721778e-05,0.0741645304847476,24002.3,0.07229537775562274,0.011699999999999999,index_dividend_yield,0.065,11.6,65,23858,23896.05,23786.8,24055.8,mid_price,ok
2026-09-02T08:19:07.366633+00:00,2026-09-02T13:49:07.366633+05:30,NIFTY,29-Sep-2026,22250.0,CE,23873.95,1469.35,1690,1804.15,65,0.0,1636.75,2,0,0,0,0,,,,,,,,,,,,,,,0.0741645304847476,24002.3,0.07229537775562274,0.011699999999999999,index_dividend_yield,0.065,11.6,65,23858,23896.05,23786.8,24055.8,mid_price,no_nse_iv
2026-09-02T08:19:07.366633+00:00,2026-09-02T13:49:07.366633+05:30,NIFTY,29-Sep-2026,22250.0,PE,23873.95,14.95,780,17,1950,0.0,15.975,383,0,0,0,15.44,-0.03666273621406033,7.994450398878448e-05,-1.3575528945305106,5.217719401720498,-0.9087027979845577,0.002311555004505722,105.77780286371308,-1.4611028623269465e-07,0.0011029658312671064,-2.6462713017413414e-06,-0.3654128863462809,-58.77375327182309,0.04000794457366014,9.204011266668763e-05,0.0741645304847476,24002.3,0.07229537775562274,0.011699999999999999,index_dividend_yield,0.065,11.6,65,23858,23896.05,23786.8,24055.8,mid_price,ok
2026-09-02T08:19:07.366633+00:00,2026-09-02T13:49:07.366633+05:30,NIFTY,29-Sep-2026,22300.0,CE,23873.95,1441.95,65,1739.4,65,0.0,1590.6750000000002,29,0,0,0,20.94,0.9013491704384085,0.00012678006667548295,-7.175584643409813,11.222056858435362,-1.0194290474130896,0.0035300007975632704,85.75294323914662,-1.2561926338455498e-07,0.00036336464146206806,-9.81940752778083e-07,-0.501410843658137,12.476450539028338,-0.8876239672513497,0.00014530809517132698,0.0741645304847476,24002.3,0.07229537775562274,0.011699999999999999,index_dividend_yield,0.065,11.6,65,23858,23896.05,23786.8,24055.8,mid_price,wide_quote_low_liquidity
2026-09-02T08:19:07.366633+00:00,2026-09-02T13:49:07.366633+05:30,NIFTY,29-Sep-2026,22300.0,PE,23873.95,15.85,130,16,130,15.9,15.925,2684,-22,1053,20.454545454545453,15.9,-0.04566589100734254,9.27653701891429e-05,-1.6683513434522177,6.2348759619798555,-0.9919240412127016,0.002588223197690774,108.86165917607649,-1.5541037325038851e-07,0.0010363123251817844,-2.5129238108026144e-06,-0.39916376736037584,-55.161927304243214,0.049775304343168764,0.00010632238642491629,0.0741645304847476,24002.3,0.07229537775562274,0.011699999999999999,index_dividend_yield,0.065,11.6,65,23858,23896.05,23786.8,24055.8,mid_price,ok
2026-09-02T08:19:07.366633+00:00,2026-09-02T13:49:07.366633+05:30,NIFTY,29-Sep-2026,22350.0,CE,23873.95,1630.75,65,1708.5,65,1600,1669.625,3,0,1,-10.52204792662808,0,,,,,,,,,,,,,,,0.0741645304847476,24002.3,0.07229537775562274,0.011699999999999999,index_dividend_yield,0.065,11.6,65,23858,23896.05,23786.8,24055.8,mid_price,no_nse_iv
2026-09-02T08:19:07.366633+00:00,2026-09-02T13:49:07.366633+05:30,NIFTY,29-Sep-2026,22350.0,PE,23873.95,16.8,845,17,130,16.65,16.9,378,1,324,13.26530612244898,15.66,-0.04834525767348141,9.859298449460224e-05,-1.7155505431742555,6.526533666509925,-1.0371544880847863,0.0026546974150229927,111.98454943887847,-1.6495930705749225e-07,0.001062162237025908,-2.5090488543839164e-06,-0.40713044812786237,-55.514278597788376,0.05257195402825315,0.00011249663144351793,0.0741645304847476,24002.3,0.07229537775562274,0.011699999999999999,index_dividend_yield,0.065,11.6,65,23858,23896.05,23786.8,24055.8,mid_price,ok
2026-09-02T08:19:07.366633+00:00,2026-09-02T13:49:07.366633+05:30,NIFTY,29-Sep-2026,22400.0,CE,23873.95,1563.15,65,1644.3,65,1550,1603.725,4,0,1,-7.902554961378491,0,,,,,,,,,,,,,,,0.0741645304847476,24002.3,0.07229537775562274,0.011699999999999999,index_dividend_yield,0.065,11.6,65,23858,23896.05,23786.8,24055.8,mid_price,no_nse_iv
2026-09-02T08:19:07.366633+00:00,2026-09-02T13:49:07.366633+05:30,NIFTY,29-Sep-2026,22400.0,PE,23873.95,17.65,130,17.8,650,17.9,17.725,1225,-12,1498,19.333333333333332,15.44,-0.0514415800495604,0.00010507334527979098,-1.772486841673104,6.857797658572706,-1.0851822983211599,0.0027268509878665276,115.04773515668987,-1.7504948065604392e-07,0.0010822644084596189,-2.488662806436384e-06,-0.4157022821952073,-55.75354706679969,0.055809877410877284,0.00011935622724309484,0.0741645304847476,24002.3,0.07229537775562274,0.011699999999999999,index_dividend_yield,0.065,11.6,65,23858,23896.05,23786.8,24055.8,mid_price,ok
2026-09-02T08:19:07.366633+00:00,2026-09-02T13:49:07.366633+05:30,NIFTY,29-Sep-2026,22450.0,CE,23873.95,1548,65,1657.3,1690,0.0,1602.65,1,0,0,0,0,,,,,,,,,,,,,,,0.0741645304847476,24002.3,0.07229537775562274,0.011699999999999999,index_dividend_yield,0.065,11.6,65,23858,23896.05,23786.8,24055.8,mid_price,no_nse_iv
2026-09-02T08:19:07.366633+00:00,2026-09-02T13:49:07.366633+05:30,NIFTY,29-Sep-2026,22450.0,PE,23873.95,18.5,650,18.8,130,18.35,18.65,262,-63,228,15.40880503144654,15.17,-0.05420855718300108,0.00011148173048157937,-1.8100102653614571,7.148815584372107,-1.1332801316443624,0.00278509292166304,118.2541905554686,-1.8600088947282112e-07,0.0011092921478468476,-2.472847662899033e-06,-0.42259714390319214,-56.27275078981532,0.05867129581218927,0.00012607226945141265,0.0741645304847476,24002.3,0.07229537775562274,0.011699999999999999,index_dividend_yield,0.065,11.6,65,23858,23896.05,23786.8,24055.8,mid_price,ok
2026-09-02T08:19:07.366633+00:00,2026-09-02T13:49:07.366633+05:30,NIFTY,29-Sep-2026,22500.0,CE,23873.95,1515.45,65,1520.2,65,1520,1517.825,8069,-203,1134,-4.462602137020742,0,,,,,,,,,,,,,,,0.0741645304847476,24002.3,0.07229537775562274,0.011699999999999999,index_dividend_yield,0.065,11.6,65,23858,23896.05,23786.8,24055.8,mid_price,no_nse_iv
2026-09-02T08:19:07.366633+00:00,2026-09-02T13:49:07.366633+05:30,NIFTY,29-Sep-2026,22500.0,PE,23873.95,19.65,65,19.75,390,19.55,19.7,33442,678,18314,20.307692307692307,14.97,-0.05801254136094765,0.00011917734418161236,-1.8786532128269282,7.5415447964754625,-1.1858407319261417,0.0028616353903756562,121.1425220661102,-1.9724764584249804e-07,0.0011183556680091622,-2.4184072236064147e-06,-0.4315681303610974,-56.389174505117246,0.06264665600187208,0.00013417673719865882,0.0741645304847476,24002.3,0.07229537775562274,0.011699999999999999,index_dividend_yield,0.065,11.6,65,23858,23896.05,23786.8,24055.8,mid_price,ok
2026-09-02T08:19:07.366633+00:00,2026-09-02T13:49:07.366633+05:30,NIFTY,29-Sep-2026,22550.0,CE,23873.95,1437.55,195,1485.55,195,0.0,1461.55,2,0,0,0,0,,,,,,,,,,,,,,,0.0741645304847476,24002.3,0.07229537775562274,0.011699999999999999,index_dividend_yield,0.065,11.6,65,23858,23896.05,23786.8,24055.8,mid_price,no_nse_iv
2026-09-02T08:19:07.366633+00:00,2026-09-02T13:49:07.366633+05:30,NIFTY,29-Sep-2026,22550.0,PE,23873.95,20.8,260,21.15,195,20.85,20.975,404,175,593,24.107142857142858,14.72,-0.06149914230103629,0.00012687171557774425,-1.9273721185049182,7.894369212951999,-1.2387342550940483,0.0029237765277484312,124.18043407582103,-2.095061694071639e-07,0.001133907968276781,-2.366979723283523e-06,-0.438845322792373,-56.78996336442168,0.06625636769426398,0.0001422067725509833,0.0741645304847476,24002.3,0.07229537775562274,0.011699999999999999,index_dividend_yield,0.065,11.6,65,23858,23896.05,23786.8,24055.8,mid_price,ok
2026-09-02T08:19:07.366633+00:00,2026-09-02T13:49:07.366633+05:30,NIFTY,29-Sep-2026,22600.0,CE,23873.95,1360.45,65,1440.25,65,0.0,1400.35,14,0,0,0,15.59,0.9193342695587836,0.00014636027360724607,-5.733272554980244,9.645264450914262,-1.2974522494660357,0.0032554925176712097,118.6025427395263,-2.0875691707659106e-07,0.0008609791211442309,-1.7675214922788153e-06,-0.47272415915142396,15.686080807254733,-0.9092446529643304,0.0001633258376900102,0.0741645304847476,24002.3,0.07229537775562274,0.011699999999999999,index_dividend_yield,0.065,11.6,65,23858,23896.05,23786.8,24055.8,mid_price,ok
2026-09-02T08:19:07.366633+00:00,2026-09-02T13:49:07.366633+05:30,NIFTY,29-Sep-2026,22600.0,PE,23873.95,22.35,650,22.5,195,22.45,22.425,5250,305,2155,24.37673130193906,14.57,-0.06655351605215859,0.0001362959561807962,-2.0220380105421945,8.394355047141856,-1.295353418333388,0.0030088410760525652,126.45784528814995,-2.2144258806359703e-07,0.0011178835323439223,-2.2515970683248106e-06,-0.4487074368165498,-56.59322045760458,0.0715473908336721,0.0001520949002645713,0.0741645304847476,24002.3,0.07229537775562274,0.011699999999999999,index_dividend_yield,0.065,11.6,65,23858,23896.05,23786.8,24055.8,mid_price,ok
2026-09-02T08:19:07.366633+00:00,2026-09-02T13:49:07.366633+05:30,NIFTY,29-Sep-2026,22650.0,CE,23873.95,1356.8,65,1422.1,650,1361.2,1389.4499999999998,3,-1,2,-18.75373045242927,0,,,,,,,,,,,,,,,0.0741645304847476,24002.3,0.07229537775562274,0.011699999999999999,index_dividend_yield,0.065,11.6,65,23858,23896.05,23786.8,24055.8,mid_price,no_nse_iv
2026-09-02T08:19:07.366633+00:00,2026-09-02T13:49:07.366633+05:30,NIFTY,29-Sep-2026,22650.0,PE,23873.95,23.65,975,24,455,22.95,23.825,453,61,381,17.994858611825194,14.24,-0.06958797604108098,0.00014433771299792673,-2.037457094453916,8.688296244644592,-1.3509486752815019,0.003048003576329089,129.85656588258897,-2.3613903085376712e-07,0.001143788160763758,-2.2009909244158723e-06,-0.4533787918567622,-57.464102001314224,0.07462475837565616,0.00016035849326809397,0.0741645304847476,24002.3,0.07229537775562274,0.011699999999999999,index_dividend_yield,0.065,11.6,65,23858,23896.05,23786.8,24055.8,mid_price,ok
2026-09-02T08:19:07.366633+00:00,2026-09-02T13:49:07.366633+05:30,NIFTY,29-Sep-2026,22700.0,CE,23873.95,1316,1105,1328.7,130,1280.55,1322.35,16,-1,10,-9.466577114779597,0,,,,,,,,,,,,,,,0.0741645304847476,24002.3,0.07229537775562274,0.011699999999999999,index_dividend_yield,0.065,11.6,65,23858,23896.05,23786.8,24055.8,mid_price,no_nse_iv
2026-09-02T08:19:07.366633+00:00,2026-09-02T13:49:07.366633+05:30,NIFTY,29-Sep-2026,22700.0,PE,23873.95,25.6,130,25.7,65,25.6,25.65,6112,-1061,5110,28,14.14,-0.07610120077732915,0.00015566399997711178,-2.1590453313668485,9.304272193753041,-1.4095906799848832,0.003136548550834492,131.1788380350105,-2.483549870261001e-07,0.0010939047126133628,-2.0078465635853964e-06,-0.46365882293341615,-56.9344676010795,0.08144261103500913,0.0001721809229846767,0.0741645304847476,24002.3,0.07229537775562274,0.011699999999999999,index_dividend_yield,0.065,11.6,65,23858,23896.05,23786.8,24055.8,mid_price,ok
2026-09-02T08:19:07.366633+00:00,2026-09-02T13:49:07.366633+05:30,NIFTY,29-Sep-2026,22750.0,CE,23873.95,1247.7,195,1301.1,195,0.0,1274.4,3,0,0,0,9.43,0.9787000965987872,8.040732498374562e-05,-3.753484643889284,3.2051777441875955,-1.0552978486778608,0.0015891712835647276,140.27312826177064,-2.738899248299158e-07,0.002666390494143407,-3.707719043250448e-06,-0.26616965661355874,19.194441355723328,-0.9735443909464424,8.854853331062544e-05,0.0741645304847476,24002.3,0.07229537775562274,0.011699999999999999,index_dividend_yield,0.065,11.6,65,23858,23896.05,23786.8,24055.8,mid_price,ok
2026-09-02T08:19:07.366633+00:00,2026-09-02T13:49:07.366633+05:30,NIFTY,29-Sep-2026,22750.0,PE,23873.95,27.3,130,27.7,325,27.95,27.5,869,-30,646,29.39814814814815,13.91,-0.08124345646746772,0.00016627593782392078,-2.222664949372631,9.77690392737599,-1.4684784204549717,0.0031908329386478172,133.31319178036694,-2.630241711136133e-07,0.0010720095555287917,-1.854730764458656e-06,-0.4701638466377478,-57.18127586964372,0.08674823959671349,0.00018311130760951562,0.0741645304847476,24002.3,0.07229537775562274,0.011699999999999999,index_dividend_yield,0.065,11.6,65,23858,23896.05,23786.8,24055.8,mid_price,ok
2026-09-02T08:19:07.366633+00:00,2026-09-02T13:49:07.366633+05:30,NIFTY,29-Sep-2026,22800.0,CE,23873.95,1223.85,65,1233.15,65,1218,1228.5,42,0,8,-7.7272727272727275,0,,,,,,,,,,,,,,,0.0741645304847476,24002.3,0.07229537775562274,0.011699999999999999,index_dividend_yield,0.065,11.6,65,23858,23896.05,23786.8,24055.8,mid_price,no_nse_iv
2026-09-02T08:19:07.366633+00:00,2026-09-02T13:49:07.366633+05:30,NIFTY,29-Sep-2026,22800.0,PE,23873.95,29.9,455,30.05,715,30,29.975,10293,-631,11394,27.659574468085108,13.73,-0.08757142876488581,0.00017820745544480825,-2.311150516441404,10.342873618156716,-1.5270346769254983,0.0032487431933789918,134.56849238798884,-2.772295464489169e-07,0.0010207984695452164,-1.6405047169184238e-06,-0.47722816630169085,-57.10821619279355,0.09330197075503259,0.00019539108074639964,0.0741645304847476,24002.3,0.07229537775562274,0.011699999999999999,index_dividend_yield,0.065,11.6,65,23858,23896.05,23786.8,24055.8,mid_price,ok
2026-09-02T08:19:07.366633+00:00,2026-09-02T13:49:07.366633+05:30,NIFTY,29-Sep-2026,22850.0,CE,23873.95,1165.1,65,1196.2,65,0.0,1180.65,5,0,0,0,0,,,,,,,,,,,,,,,0.0741645304847476,24002.3,0.07229537775562274,0.011699999999999999,index_dividend_yield,0.065,11.6,65,23858,23896.05,23786.8,24055.8,mid_price,no_nse_iv
2026-09-02T08:19:07.366633+00:00,2026-09-02T13:49:07.366633+05:30,NIFTY,29-Sep-2026,22850.0,PE,23873.95,31.8,1950,32.05,390,31.55,31.924999999999997,1643,435,1361,24.95049504950495,13.58,-0.0948950358648058,0.0001912313312847708,-2.415568230382051,10.977504656854334,-1.583607121758243,0.0033027307971205404,134.95465145022044,-2.9090494473211835e-07,0.0009429017644331099,-1.3700132520258826e-06,-0.484106743039872,-56.83294927068672,0.1008919965546022,0.00020875418924070678,0.0741645304847476,24002.3,0.07229537775562274,0.011699999999999999,index_dividend_yield,0.065,11.6,65,23858,23896.05,23786.8,24055.8,mid_price,ok
2026-09-02T08:19:07.366633+00:00,2026-09-02T13:49:07.366633+05:30,NIFTY,29-Sep-2026,22900.0,CE,23873.95,1131,65,1138.6,65,1105,1134.8,58,-11,13,-8.741792955361936,0,,,,,,,,,,,,,,,0.0741645304847476,24002.3,0.07229537775562274,0.011699999999999999,index_dividend_yield,0.065,11.6,65,23858,23896.05,23786.8,24055.8,mid_price,no_nse_iv
2026-09-02T08:19:07.366633+00:00,2026-09-02T13:49:07.366633+05:30,NIFTY,29-Sep-2026,22900.0,PE,23873.95,34.8,325,34.95,195,34.4,34.875,6741,1091,4731,27.40740740740741,13.38,-0.10199484006561432,0.00020461857680593152,-2.496904220524992,11.573000841985738,-1.6407299745460207,0.003338534021750536,135.45530049070197,-3.0605235803933276e-07,0.0008657999404735342,-1.0926411127184512e-06,-0.4892616795401494,-56.84885343043744,0.1082031850073345,0.00022239378941351417,0.0741645304847476,24002.3,0.07229537775562274,0.011699999999999999,index_dividend_yield,0.065,11.6,65,23858,23896.05,23786.8,24055.8,mid_price,ok
2026-09-02T08:19:07.366633+00:00,2026-09-02T13:49:07.366633+05:30,NIFTY,29-Sep-2026,22950.0,CE,23873.95,1073.6,65,1103,65,0.0,1088.3,4,0,0,0,0,,,,,,,,,,,,,,,0.0741645304847476,24002.3,0.07229537775562274,0.011699999999999999,index_dividend_yield,0.065,11.6,65,23858,23896.05,23786.8,24055.8,mid_price,no_nse_iv
2026-09-02T08:19:07.366633+00:00,2026-09-02T13:49:07.366633+05:30,NIFTY,29-Sep-2026,22950.0,PE,23873.95,37.9,65,38.15,845,37.9,38.025,1432,-87,860,28.04054054054054,13.21,-0.110188547690311,0.00021915016004990054,-2.593472376802076,12.237407480686738,-1.6941551729637572,0.0033664782083121236,134.9369489836487,-3.203528708231184e-07,0.0007576589369579016,-7.525987059844971e-07,-0.494036100752222,-56.660151896378935,0.11664767764354052,0.00023715100659320513,0.0741645304847476,24002.3,0.07229537775562274,0.011699999999999999,index_dividend_yield,0.065,11.6,65,23858,23896.05,23786.8,24055.8,mid_price,ok
2026-09-02T08:19:07.366633+00:00,2026-09-02T13:49:07.366633+05:30,NIFTY,29-Sep-2026,23000.0,CE,23873.95,1038.1,65,1044.05,65,1043.45,1041.0749999999998,6589,-11,1404,-6.113910383300342,7.18,0.9821111519748349,9.039931812181108e-05,-3.6155927069092786,2.743686020569237,-1.2338444397888004,0.0013527634026839763,169.9876113994323,-4.2157577556576e-07,0.004341784691807068,-4.3263068343812525e-06,-0.2326364074269014,24.253766226220442,-0.9773974494064153,9.739979493881075e-05,0.0741645304847476,24002.3,0.07229537775562274,0.011699999999999999,index_dividend_yield,0.065,11.6,65,23858,23896.05,23786.8,24055.8,mid_price,ok
2026-09-02T08:19:07.366633+00:00,2026-09-02T13:49:07.366633+05:30,NIFTY,29-Sep-2026,23000.0,PE,23873.95,41.6,910,41.8,195,41.6,41.7,88401.15384615384,8318,54911,28.19722650231125,13.16,-0.12113454506069196,0.0002352910646407148,-2.750031189376886,13.088989994362207,-1.7331699272925964,0.0033890769226619104,131.71103312379094,-3.296578552440401e-07,0.0005798936198866478,-2.820970564344717e-07,-0.49916761973105395,-55.71320978303354,0.12799426304910128,0.00025351188397305745,0.0741645304847476,24002.3,0.07229537775562274,0.011699999999999999,index_dividend_yield,0.065,11.6,65,23858,23896.05,23786.8,24055.8,mid_price,ok
2026-09-02T08:19:07.366633+00:00,2026-09-02T13:49:07.366633+05:30,NIFTY,29-Sep-2026,23050.0,CE,23873.95,983.2,1040,1018.95,260,0.0,1001.075,4,0,0,0,0,,,,,,,,,,,,,,,0.0741645304847476,24002.3,0.07229537775562274,0.011699999999999999,index_dividend_yield,0.065,11.6,65,23858,23896.05,23786.8,24055.8,mid_price,no_nse_iv
2026-09-02T08:19:07.366633+00:00,2026-09-02T13:49:07.366633+05:30,NIFTY,29-Sep-2026,23050.0,PE,23873.95,45.15,65,45.4,260,44.15,45.275,1598,-60,933,26.867816091954023,12.91,-0.12933814648968744,0.0002510749005949534,-2.8065141141972125,13.701696811470356,-1.7855526472089072,0.0033786886640317097,131.0694617087611,-3.463408535226978e-07,0.0004571099401346455,9.483864808767801e-08,-0.5009384337501306,-55.97340596519248,0.1363548003523276,0.0002693456710507229,0.0741645304847476,24002.3,0.07229537775562274,0.011699999999999999,index_dividend_yield,0.065,11.6,65,23858,23896.05,23786.8,24055.8,mid_price,ok
2026-09-02T08:19:07.366633+00:00,2026-09-02T13:49:07.366633+05:30,NIFTY,29-Sep-2026,23100.0,CE,23873.95,948.7,65,952.65,65,954.15,950.675,81,19,277,-6.793982612093386,6.5,0.9810130288703744,0.00010532995024430625,-3.613097124260522,2.894076770034467,-1.4214883623357433,0.0013710869636681666,193.49603462956355,-5.368325130568627e-07,0.005421989212170992,-4.689455540179738e-06,-0.2357319060991334,27.009484442777538,-0.9763432423167979,0.00011250620594717683,0.0741645304847476,24002.3,0.07229537775562274,0.011699999999999999,index_dividend_yield,0.065,11.6,65,23858,23896.05,23786.8,24055.8,mid_price,ok
2026-09-02T08:19:07.366633+00:00,2026-09-02T13:49:07.366633+05:30,NIFTY,29-Sep-2026,23100.0,PE,23873.95,49.05,260,49.25,260,49,49.15,10913,1828,7742,29.458388375165125,12.82,-0.1411525161700628,0.0002684508669281346,-2.941861807440757,14.547810912312228,-1.8146419511070322,0.0033569561641912105,126.78855320223458,-3.552197151233513e-07,0.00024577866226821736,6.32764515569751e-07,-0.5030873706644865,-55.23192402939845,0.14852299406465405,0.00028674074611506335,0.0741645304847476,24002.3,0.07229537775562274,0.011699999999999999,index_dividend_yield,0.065,11.6,65,23858,23896.05,23786.8,24055.8,mid_price,ok
2026-09-02T08:19:07.366633+00:00,2026-09-02T13:49:07.366633+05:30,NIFTY,29-Sep-2026,23150.0,CE,23873.95,893.55,325,924.75,260,0.0,909.15,12,0,0,0,16.68,0.7838615125803347,0.00026952978227154123,-8.418409587327004,19.00411362529469,-1.3006377557066573,0.0030931024841861494,66.60557783909482,-2.0606115858650112e-07,-0.0006712216261493928,2.7590386627866412e-06,-0.5075132077996294,19.68502211566496,-0.7673090756209937,0.00028665091322966366,0.0741645304847476,24002.3,0.07229537775562274,0.011699999999999999,index_dividend_yield,0.065,11.6,65,23858,23896.05,23786.8,24055.8,mid_price,ok
2026-09-02T08:19:07.366633+00:00,2026-09-02T13:49:07.366633+05:30,NIFTY,29-Sep-2026,23150.0,PE,23873.95,53.85,325,54.3,65,53.65,54.075,1000,138,517,30.060606060606062,12.59,-0.15124554277013058,0.0002863315360393788,-3.004710548306511,15.238412470348788,-1.8546572502508019,0.0033102755339323997,124.27146260921518,-3.70041750187825e-07,6.0946965423335766e-05,1.1238466788082366e-06,-0.5030861946002751,-55.323318378773266,0.158794655552766,0.00030451995174859964,0.0741645304847476,24002.3,0.07229537775562274,0.011699999999999999,index_dividend_yield,0.065,11.6,65,23858,23896.05,23786.8,24055.8,mid_price,ok
2026-09-02T08:19:07.366633+00:00,2026-09-02T13:49:07.366633+05:30,NIFTY,29-Sep-2026,23200.0,CE,23873.95,858.7,65,863.65,130,869.7,861.175,377,54,85,-6.9142673659424165,8.88,0.9122411440865983,0.000273940512939186,-4.726530540811819,10.282862818591694,-2.3784136150073465,0.0029757217465219417,210.26435062259807,-6.517570349072911e-07,0.002517369703898954,-1.8716068694193237e-06,-0.4500591495054085,27.63299345409779,-0.9047695984885091,0.000290087392808789,0.0741645304847476,24002.3,0.07229537775562274,0.011699999999999999,index_dividend_yield,0.065,11.6,65,23858,23896.05,23786.8,24055.8,mid_price,ok
2026-09-02T08:19:07.366633+00:00,2026-09-02T13:49:07.366633+05:30,NIFTY,29-Sep-2026,23200.0,PE,23873.95,59.3,260,59.5,260,59.3,59.4,16947,-781,20244,31.194690265486727,12.57,-0.16610201565606458,0.00030495673487268907,-3.170014310521162,16.203853884767728,-1.853599722609525,0.003235574597414303,116.79615205447291,-3.7175085735003395e-07,-0.0002278315201118225,1.7992328553324288e-06,-0.5029697344182651,-54.120790527774794,0.17408546169735728,0.00032293180438899984,0.0741645304847476,24002.3,0.07229537775562274,0.011699999999999999,index_dividend_yield,0.065,11.6,65,23858,23896.05,23786.8,24055.8,mid_price,ok
2026-09-02T08:19:07.366633+00:00,2026-09-02T13:49:07.366633+05:30,NIFTY,29-Sep-2026,23250.0,CE,23873.95,813.2,65,826.45,65,811.45,819.825,6,0,1,-18.976535197204193,7.24,0.9390332794318209,0.00025334683368453324,-4.181035889604727,7.753519057539743,-2.525999295425241,0.0025253998699755753,255.1437780683883,-8.423489945926674e-07,0.004838990819241198,-3.5490451670632753e-06,-0.39498379078720625,30.82273365832306,-0.9329505028676043,0.00026712720887390686,0.0741645304847476,24002.3,0.07229537775562274,0.011699999999999999,index_dividend_yield,0.065,11.6,65,23858,23896.05,23786.8,24055.8,mid_price,ok
2026-09-02T08:19:07.366633+00:00,2026-09-02T13:49:07.366633+05:30,NIFTY,29-Sep-2026,23250.0,PE,23873.95,64.95,130,65.35,195,64.55,65.15,1725,123,1631,26.94198623402163,12.34,-0.1779861250630771,0.0003246476923996425,-3.225354358733629,16.934496614092378,-1.876190406852718,0.0031392955035627616,112.53148382721356,-3.8389596637874074e-07,-0.00047341553573417906,2.390712924046142e-06,-0.5008657594753565,-54.15605319160486,0.1861374013660594,0.00034230635795534544,0.0741645304847476,24002.3,0.07229537775562274,0.011699999999999999,index_dividend_yield,0.065,11.6,65,23858,23896.05,23786.8,24055.8,mid_price,ok
2026-09-02T08:19:07.366633+00:00,2026-09-02T13:49:07.366633+05:30,NIFTY,29-Sep-2026,23300.0,CE,23873.95,770.2,65,776.35,65,777,773.2750000000001,172,25,84,-8.631232361241768,9.03,0.8767409468186477,0.0003454009303113472,-5.130666811270476,13.18426928857315,-2.5554901487927495,0.003086718662717813,193.175875416566,-6.909375157915792e-07,0.0012364475726625796,3.333192313995461e-07,-0.47427972464743107,29.85109450525317,-0.8682437844703652,0.0003626270699564646,0.0741645304847476,24002.3,0.07229537775562274,0.011699999999999999,index_dividend_yield,0.065,11.6,65,23858,23896.05,23786.8,24055.8,mid_price,ok
2026-09-02T08:19:07.366633+00:00,2026-09-02T13:49:07.366633+05:30,NIFTY,29-Sep-2026,23300.0,PE,23873.95,71.15,195,71.4,195,71.2,71.275,32533,14677,34625,30.16453382084095,12.32,-0.1947560531196359,0.000343826594886296,-3.380002604895982,17.905851798685493,-1.8472558531780203,0.0029991207914442375,103.27932332883627,-3.8036243249498814e-07,-0.000807543317988494,3.1355390272502196e-06,-0.49817434237152725,-52.92839254313323,0.20332374225510205,0.00036097421788742025,0.0741645304847476,24002.3,0.07229537775562274,0.011699999999999999,index_dividend_yield,0.065,11.6,65,23858,23896.05,23786.8,24055.8,mid_price,ok
2026-09-02T08:19:07.366633+00:00,2026-09-02T13:49:07.366633+05:30,NIFTY,29-Sep-2026,23350.0,CE,23873.95,728.15,65,741.3,325,0.0,734.7249999999999,7,0,0,0,0,,,,,,,,,,,,,,,0.0741645304847476,24002.3,0.07229537775562274,0.011699999999999999,index_dividend_yield,0.065,11.6,65,23858,23896.05,23786.8,24055.8,mid_price,no_nse_iv
2026-09-02T08:19:07.366633+00:00,2026-09-02T13:49:07.366633+05:30,NIFTY,29-Sep-2026,23350.0,PE,23873.95,79.1,65,79.45,130,78.95,79.275,1756,464,1385,27.85425101214575,12.15,-0.20974646543887207,0.0003644462818517073,-3.452408607215247,18.717791848451476,-1.8330400002490588,0.002836837781133361,96.1419155752452,-3.840078016216687e-07,-0.0011275445526918299,3.839808300872146e-06,-0.4942622468670805,-52.55751872631089,0.21853330842617694,0.0003809853832242301,0.0741645304847476,24002.3,0.07229537775562274,0.011699999999999999,index_dividend_yield,0.065,11.6,65,23858,23896.05,23786.8,24055.8,mid_price,ok
2026-09-02T08:19:07.366633+00:00,2026-09-02T13:49:07.366633+05:30,NIFTY,29-Sep-2026,23400.0,CE,23873.95,688.15,65,693.35,65,705,690.75,575,46,164,-6.449044585987261,9.93,0.8155487812196037,0.00041134502757852315,-5.897666191132103,17.266340929633646,-2.3378819081132374,0.0028805004244792927,136.99169991541993,-5.84211488456127e-07,-0.0008785456935743398,3.6267922755034037e-06,-0.485604169613893,30.84454920512417,-0.8050909811303512,0.00042817676533713536,0.0741645304847476,24002.3,0.07229537775562274,0.011699999999999999,index_dividend_yield,0.065,11.6,65,23858,23896.05,23786.8,24055.8,mid_price,ok
2026-09-02T08:19:07.366633+00:00,2026-09-02T13:49:07.366633+05:30,NIFTY,29-Sep-2026,23400.0,PE,23873.95,87.35,65,87.6,130,86.75,87.475,17658,1188,12687,27.38619676945668,12.14,-0.22866138178366802,0.00038330373412424906,-3.594550962499448,19.670099125379238,-1.7683124771350338,0.0026219449358286517,85.38158442911303,-3.7318564806235794e-07,-0.001493525090284168,4.6189595973305944e-06,-0.4896340654258466,-51.26359844341191,0.23784359814580322,0.00039898805629207817,0.0741645304847476,24002.3,0.07229537775562274,0.011699999999999999,index_dividend_yield,0.065,11.6,65,23858,23896.05,23786.8,24055.8,mid_price,ok
2026-09-02T08:19:07.366633+00:00,2026-09-02T13:49:07.366633+05:30,NIFTY,29-Sep-2026,23450.0,CE,23873.95,647.35,65,655.35,65,651.35,651.35,11,0,2,-30.4261909848323,9.16,0.8123460572037358,0.0004507372409650097,-5.682007408981117,17.45274435536385,-2.532774344284505,0.0027402846984957425,146.43833816840868,-6.8184297278494e-07,-0.0011384059636162136,4.287536380909044e-06,-0.47871538688382026,33.571629062546094,-0.8023975134946919,0.00046718222189927235,0.0741645304847476,24002.3,0.07229537775562274,0.011699999999999999,index_dividend_yield,0.065,11.6,65,23858,23896.05,23786.8,24055.8,mid_price,ok
2026-09-02T08:19:07.366633+00:00,2026-09-02T13:49:07.366633+05:30,NIFTY,29-Sep-2026,23450.0,PE,23873.95,96.2,195,96.6,65,96.3,96.4,3504,555,2092,27.549668874172184,11.95,-0.2454175152940904,0.00040482432113573066,-3.6375879050493607,20.449340819405535,-1.7260380668601276,0.0023909866746776864,77.24646993301931,-3.7185445609838526e-07,-0.0018584390215087168,5.365925292541981e-06,-0.4844099989013344,-50.95355299859419,0.25475796339648155,0.00041959418623174484,0.0741645304847476,24002.3,0.07229537775562274,0.011699999999999999,index_dividend_yield,0.065,11.6,65,23858,23896.05,23786.8,24055.8,mid_price,ok
2026-09-02T08:19:07.366633+00:00,2026-09-02T13:49:07.366633+05:30,NIFTY,29-Sep-2026,23500.0,CE,23873.95,608.75,65,610.75,65,611,609.75,8850,1245,6506,-8.935092033683583,9.26,0.7861282786963584,0.0004825227963780164,-5.874935910540633,18.88746333747005,-2.4163174079074867,0.0024761789771120535,124.96947975631656,-6.476211230727346e-07,-0.0020179931942082637,5.6904862017327184e-06,-0.4750067937037982,34.752452558442634,-0.7756569945156381,0.0004980015235843202,0.0741645304847476,24002.3,0.07229537775562274,0.011699999999999999,index_dividend_yield,0.065,11.6,65,23858,23896.05,23786.8,24055.8,mid_price,ok
2026-09-02T08:19:07.366633+00:00,2026-09-02T13:49:07.366633+05:30,NIFTY,29-Sep-2026,23500.0,PE,23873.95,105.95,195,106.2,260,104.8,106.075,74609,-1891,41760,24.761904761904763,11.97,-0.2667821552631308,0.0004221249686490997,-3.7693299256313284,21.35895513089948,-1.6173263978296881,0.002095973155403108,65.39515012738839,-3.5130990988326036e-07,-0.0022341327486651887,6.129781875289998e-06,-0.4789230384312901,-49.49398572771439,0.27650336354860244,0.00043566620915780753,0.0741645304847476,24002.3,0.07229537775562274,0.011699999999999999,index_dividend_yield,0.065,11.6,65,23858,23896.05,23786.8,24055.8,mid_price,ok
2026-09-02T08:19:07.366633+00:00,2026-09-02T13:49:07.366633+05:30,NIFTY,29-Sep-2026,23550.0,CE,23873.95,570.2,65,576.2,65,574.45,573.2,27,8,17,-22.18233541045787,9.43,0.7569923345118014,0.0005092993516007706,-6.085154669068615,20.30157012697478,-2.228882364552265,0.0021312396590533744,101.26961124399791,-5.922612402559768e-07,-0.0028602814736331753,7.023116709876019e-06,-0.4700559318126096,35.763075673468485,-0.7459473619771614,0.000523407402202604,0.0741645304847476,24002.3,0.07229537775562274,0.011699999999999999,index_dividend_yield,0.065,11.6,65,23858,23896.05,23786.8,24055.8,mid_price,ok
2026-09-02T08:19:07.366633+00:00,2026-09-02T13:49:07.366633+05:30,NIFTY,29-Sep-2026,23550.0,PE,23873.95,116.7,65,117.55,130,116.65,117.125,1845,338,2544,25.768194070080863,11.9,-0.28757431456018767,0.00044048034143197323,-3.8424363668855652,22.15737478419192,-1.5103080010722136,0.0017751323085998803,54.96817369247253,-3.334652301510392e-07,-0.0026088484289189164,6.860335768720145e-06,-0.473495824891458,-48.516574839533206,0.29753901762972595,0.0004526820434889322,0.0741645304847476,24002.3,0.07229537775562274,0.011699999999999999,index_dividend_yield,0.065,11.6,65,23858,23896.05,23786.8,24055.8,mid_price,ok
2026-09-02T08:19:07.366633+00:00,2026-09-02T13:49:07.366633+05:30,NIFTY,29-Sep-2026,23600.0,CE,23873.95,531.35,65,533.75,65,529.65,532.55,815,435,1383,-10.160291747943347,9.61,0.7268192509201936,0.0005312203471877384,-6.280143609125267,21.5795756673752,-1.9997079326481981,0.0017211011685139832,78.68118399123247,-5.280666812434084e-07,-0.0035910180855625615,8.18611744400231e-06,-0.46469867688677274,36.71796565954341,-0.7152317792101196,0.0005436247930559628,0.0741645304847476,24002.3,0.07229537775562274,0.011699999999999999,index_dividend_yield,0.065,11.6,65,23858,23896.05,23786.8,24055.8,mid_price,ok
2026-09-02T08:19:07.366633+00:00,2026-09-02T13:49:07.366633+05:30,NIFTY,29-Sep-2026,23600.0,PE,23873.95,128.95,195,129.3,65,127.25,129.125,16277,487,12214,23.904576436222005,11.83,-0.30931113785360465,0.0004580149335206797,-3.8986609912478953,22.90388711823182,-1.3842537183703096,0.0014182872924305423,44.73620581150506,-3.1158185910249613e-07,-0.0029771619894592358,7.5529790877528475e-06,-0.46847851696152526,-47.533404324107515,0.3194844108309242,0.000468709970862101,0.0741645304847476,24002.3,0.07229537775562274,0.011699999999999999,index_dividend_yield,0.065,11.6,65,23858,23896.05,23786.8,24055.8,mid_price,ok
2026-09-02T08:19:07.366633+00:00,2026-09-02T13:49:07.366633+05:30,NIFTY,29-Sep-2026,23650.0,CE,23873.95,495.4,65,498.3,130,497.3,496.85,115,39,182,-10.661995868139766,9.4,0.7031977922092338,0.0005651197122833573,-6.273172758967284,22.45500321967045,-1.873207565136925,0.0013048870523559852,65.2106292227721,-5.096456077515322e-07,-0.004371012690447897,9.33461160660049e-06,-0.45868409010834904,38.79180450131838,-0.6915574756432148,0.0005758730123148775,0.0741645304847476,24002.3,0.07229537775562274,0.011699999999999999,index_dividend_yield,0.065,11.6,65,23858,23896.05,23786.8,24055.8,mid_price,ok
2026-09-02T08:19:07.366633+00:00,2026-09-02T13:49:07.366633+05:30,NIFTY,29-Sep-2026,23650.0,PE,23873.95,142.05,65,142.55,455,140.85,142.3,1823,148,1493,24.97781721384206,11.63,-0.3303272764453758,0.00047888493229775604,-3.8758922203663,23.54266912119563,-1.2658728187651958,0.0010393605930323346,36.06883687332463,-2.9398865510789203e-07,-0.003384161182998121,8.25378031334671e-06,-0.46401989839678137,-47.16543496077008,0.3405251666938081,0.00048799732608909116,0.0741645304847476,24002.3,0.07229537775562274,0.011699999999999999,index_dividend_yield,0.065,11.6,65,23858,23896.05,23786.8,24055.8,mid_price,ok
2026-09-02T08:19:07.366633+00:00,2026-09-02T13:49:07.366633+05:30,NIFTY,29-Sep-2026,23700.0,CE,23873.95,460.05,325,462,130,464.15,461.025,1867,1099,4656,-9.85628277335405,9.36,0.6747558023537864,0.0005906593280514766,-6.3218008049720185,23.369946993693784,-1.648467780596019,0.0008124789966005297,48.73981164707253,-4.575200459941573e-07,-0.005078980019025127,1.0339902313460654e-05,-0.45430107207987186,40.476038821056676,-0.6629154264045635,0.0005993616274288026,0.0741645304847476,24002.3,0.07229537775562274,0.011699999999999999,index_dividend_yield,0.065,11.6,65,23858,23896.05,23786.8,24055.8,mid_price,ok
2026-09-02T08:19:07.366633+00:00,2026-09-02T13:49:07.366633+05:30,NIFTY,29-Sep-2026,23700.0,PE,23873.95,156.7,390,157.2,130,156.3,156.95,22343,1479,14973,24.890131841789852,11.71,-0.35567456800584285,0.000489048904907283,-3.962672297070658,24.20772613328812,-1.0726378276350867,0.0006038052098941149,25.75047495906624,-2.5446441899627137e-07,-0.0036563318006140226,8.752144289853449e-06,-0.4611386183875225,-45.46175091372379,0.3661661221596028,0.0004962541580515891,0.0741645304847476,24002.3,0.07229537775562274,0.011699999999999999,index_dividend_yield,0.065,11.6,65,23858,23896.05,23786.8,24055.8,mid_price,ok
2026-09-02T08:19:07.366633+00:00,2026-09-02T13:49:07.366633+05:30,NIFTY,29-Sep-2026,23750.0,CE,23873.95,427.1,65,429,65,430.25,428.05,296,148,920,-10.00836645053336,9.58,0.6415447147919761,0.000598909476692971,-6.462116537658548,24.253337248807092,-1.3162344069434506,0.0002616868744528267,31.16009503660777,-3.6830510449359105e-07,-0.005482676987655184,1.0942729216146347e-05,-0.4529199551019545,41.29135362494506,-0.6292747928946673,0.0006051771435115377,0.0741645304847476,24002.3,0.07229537775562274,0.011699999999999999,index_dividend_yield,0.065,11.6,65,23858,23896.05,23786.8,24055.8,mid_price,ok
2026-09-02T08:19:07.366633+00:00,2026-09-02T13:49:07.366633+05:30,NIFTY,29-Sep-2026,23750.0,PE,23873.95,171.75,325,172.55,130,170,172.15,3034,187,2732,21.08262108262108,11.65,-0.38003309830686866,0.0005023973006599758,-3.962578131540547,24.741044720342448,-0.8911405364029068,0.00015398080556927596,17.645124405504475,-2.2015476976683935e-07,-0.003954369953154668,9.230802719521433e-06,-0.45949609689195364,-44.42529281907344,0.3906155470850711,0.0005076549548024202,0.0741645304847476,24002.3,0.07229537775562274,0.011699999999999999,index_dividend_yield,0.065,11.6,65,23858,23896.05,23786.8,24055.8,mid_price,ok
2026-09-02T08:19:07.366633+00:00,2026-09-02T13:49:07.366633+05:30,NIFTY,29-Sep-2026,23800.0,CE,23873.95,395,455,395.75,325,396,395.375,9689,7726,27433,-10.488245931283906,9.5,0.6118922573249115,0.0006195409203213461,-6.438565330253495,24.879314694992424,-1.0464700000615834,-0.00030407714820723797,19.436343187580363,-3.064397258508124e-07,-0.006038072848195722,1.1615281823653798e-05,-0.4527454649105671,43.18938632340948,-0.5995818196275022,0.0006233969058685803,0.0741645304847476,24002.3,0.07229537775562274,0.011699999999999999,index_dividend_yield,0.065,11.6,65,23858,23896.05,23786.8,24055.8,mid_price,ok
2026-09-02T08:19:07.366633+00:00,2026-09-02T13:49:07.366633+05:30,NIFTY,29-Sep-2026,23800.0,PE,23873.95,189.3,260,189.9,65,187.7,189.60000000000002,29125,6041,41828,22.240312601758387,11.64,-0.40542634852934195,0.0005119345712848638,-3.962260161539178,25.1890768071847,-0.6880972800965834,-0.0003183386416151235,10.666979957866474,-1.802752479040222e-07,-0.004181555966356251,9.570359437924172e-06,-0.4597358562448228,-43.182505820121655,0.41610390925010093,0.0005151208213665856,0.0741645304847476,24002.3,0.07229537775562274,0.011699999999999999,index_dividend_yield,0.065,11.6,65,23858,23896.05,23786.8,24055.8,mid_price,ok
2026-09-02T08:19:07.366633+00:00,2026-09-02T13:49:07.366633+05:30,NIFTY,29-Sep-2026,23850.0,CE,23873.95,362.35,195,363.75,195,366.75,363.05,994,830,3843,-10.43956043956044,9.53,0.5803042633971646,0.0006300638509563622,-6.435739706201123,25.381791692021434,-0.7292816347709286,-0.0008943797330615011,9.671841421745597,-2.2911722747050857e-07,-0.006371946666933398,1.1960902288158672e-05,-0.455916903491147,44.719105589473685,-0.5678973179105522,0.0006313298975710623,0.0741645304847476,24002.3,0.07229537775562274,0.011699999999999999,index_dividend_yield,0.065,11.6,65,23858,23896.05,23786.8,24055.8,mid_price,ok
2026-09-02T08:19:07.366633+00:00,2026-09-02T13:49:07.366633+05:30,NIFTY,29-Sep-2026,23850.0,PE,23873.95,206.95,195,207.75,65,208.2,207.35,2364,505,3926,23.19526627218935,11.57,-0.4309261532882218,0.0005220037014431612,-3.910160316218884,25.530055157455806,-0.4804624636570165,-0.0008069552545565961,5.406546263035494,-1.399493996881611e-07,-0.004401470771263458,9.843005283747337e-06,-0.4618330461682128,-42.19663120251533,0.4415814768781828,0.0005230526126258453,0.0741645304847476,24002.3,0.07229537775562274,0.011699999999999999,index_dividend_yield,0.065,11.6,65,23858,23896.05,23786.8,24055.8,mid_price,ok
2026-09-02T08:19:07.366633+00:00,2026-09-02T13:49:07.366633+05:30,NIFTY,29-Sep-2026,23900.0,CE,23873.95,332.45,260,333.5,520,333.8,332.975,6659,4523,20287,-11.914500593745876,9.5,0.5486979765866659,0.000640429269269382,-6.375560344113913,25.71814194576941,-0.40687371136999273,-0.0015013719669129122,3.269319234298962,-1.5163178301417634e-07,-0.006660672936121723,1.2156070224188154e-05,-0.46202295970917,46.5466089457534,-0.5363246266040803,0.0006390339478903826,0.0741645304847476,24002.3,0.07229537775562274,0.011699999999999999,index_dividend_yield,0.065,11.6,65,23858,23896.05,23786.8,24055.8,mid_price,ok
2026-09-02T08:19:07.366633+00:00,2026-09-02T13:49:07.366633+05:30,NIFTY,29-Sep-2026,23900.0,PE,23873.95,226,325,226.75,455,225.05,226.375,14512,3547,21883,21.1900915455035,11.55,-0.45710496070198503,0.0005277828344772509,-3.8562856147834594,25.768079816418094,-0.25832639313905226,-0.0013036829469962319,1.7926830545800243,-9.56384259147153e-08,-0.004533166069191634,9.950673415516382e-06,-0.46620250048009737,-41.02167685517562,0.467737600134652,0.0005266329390746638,0.0741645304847476,24002.3,0.07229537775562274,0.011699999999999999,index_dividend_yield,0.065,11.6,65,23858,23896.05,23786.8,24055.8,mid_price,ok
2026-09-02T08:19:07.366633+00:00,2026-09-02T13:49:07.366633+05:30,NIFTY,29-Sep-2026,23950.0,CE,23873.95,303.3,130,304.45,260,304.2,303.875,1782,485,3611,-12.47302546396202,9.49,0.5166268981566655,0.0006454261345514467,-6.29407236605382,25.891521419417014,-0.0712273751037884,-0.0021089747680245186,0.198287831031152,-6.999836157844218e-08,-0.006796929081597566,1.2092041649356062e-05,-0.471507728345518,48.33909374160744,-0.5043327972882901,0.000641333714787572,0.0741645304847476,24002.3,0.07229537775562274,0.011699999999999999,index_dividend_yield,0.065,11.6,65,23858,23896.05,23786.8,24055.8,mid_price,ok
2026-09-02T08:19:07.366633+00:00,2026-09-02T13:49:07.366633+05:30,NIFTY,29-Sep-2026,23950.0,PE,23873.95,247.3,325,248.15,260,244.8,247.72500000000002,2107,-224,5618,19.32732147209359,11.32,-0.4834379077639643,0.0005411387881959344,-3.6781297187783557,25.89404528823348,-0.03394478138796231,-0.0018312892691374483,0.08932921497617485,-5.144916702438679e-08,-0.004778883707954999,1.011443843305644e-05,-0.47269224648598746,-40.622521038221485,0.4937657628273625,0.0005377076177594425,0.0741645304847476,24002.3,0.07229537775562274,0.011699999999999999,index_dividend_yield,0.065,11.6,65,23858,23896.05,23786.8,24055.8,mid_price,ok
2026-09-02T08:19:07.366633+00:00,2026-09-02T13:49:07.366633+05:30,NIFTY,29-Sep-2026,24000.0,CE,23873.95,276.5,260,277.1,65,276.5,276.8,71593,10885,71012,-12.954509680465922,9.48,0.48444418394533206,0.0006462339619723632,-6.1823782635682045,25.89661063203208,0.2679356593388582,-0.0027068859151545555,0.6611529372513303,1.2980573123411023e-08,-0.006801069040562998,1.179172399329363e-05,-0.48423508631268325,50.18054733006293,-0.4722965229414031,0.0006394636386928946,0.0741645304847476,24002.3,0.07229537775562274,0.011699999999999999,index_dividend_yield,0.065,11.6,65,23858,23896.05,23786.8,24055.8,mid_price,ok
2026-09-02T08:19:07.366633+00:00,2026-09-02T13:49:07.366633+05:30,NIFTY,29-Sep-2026,24000.0,PE,23873.95,270.1,260,271,390,271.15,270.55,101426.84615384616,4666.692307692308,72471,20.37735849056604,11.54,-0.5099542744975024,0.0005310769895205636,-3.688023798134884,25.906461938697753,0.19852082706095509,-0.0022912425517725987,0.3364546020758752,-3.470244135774256e-09,-0.004595500521186705,9.749258020055494e-06,-0.4815544352740986,-38.627919923041546,0.5204083173725155,0.0005255131177389458,0.0741645304847476,24002.3,0.07229537775562274,0.011699999999999999,index_dividend_yield,0.065,11.6,65,23858,23896.05,23786.8,24055.8,mid_price,ok
2026-09-02T08:19:07.366633+00:00,2026-09-02T13:49:07.366633+05:30,NIFTY,29-Sep-2026,24050.0,CE,23873.95,250.25,325,251,390,254,250.625,2041,211,2252,-12.049861495844876,9.56,0.4528979425093858,0.0006368872402460903,-6.086255858059129,25.737434357272654,0.5937896297002754,-0.0032547023716943957,4.5309878189563335,9.234281717882722e-08,-0.006550576785876354,1.1168918883955672e-05,-0.4995257829311228,51.55649478461571,-0.4408624598996346,0.0006275971266921574,0.0741645304847476,24002.3,0.07229537775562274,0.011699999999999999,index_dividend_yield,0.065,11.6,65,23858,23896.05,23786.8,24055.8,mid_price,ok
2026-09-02T08:19:07.366633+00:00,2026-09-02T13:49:07.366633+05:30,NIFTY,29-Sep-2026,24050.0,PE,23873.95,293.1,65,294.25,65,292,293.675,1729,-202,1709,19.232339730502247,11.49,-0.5365127270737908,0.0005312754667904035,-3.5452124057440915,25.803855538376425,0.4287418898473172,-0.0027796017606177554,2.5877292747615854,4.3486541245545415e-08,-0.004570868646954623,9.488583870355697e-06,-0.4924784339671646,-37.61037925164384,0.5467459601121102,0.0005235258855411475,0.0741645304847476,24002.3,0.07229537775562274,0.011699999999999999,index_dividend_yield,0.065,11.6,65,23858,23896.05,23786.8,24055.8,mid_price,ok
2026-09-02T08:19:07.366633+00:00,2026-09-02T13:49:07.366633+05:30,NIFTY,29-Sep-2026,24100.0,CE,23873.95,225.85,260,226.5,65,226.4,226.175,19266,1118,17177,-13.339712918660288,9.52,0.4211336498806715,0.0006314743312304578,-5.90323100687115,25.41191895771551,0.9196886262692605,-0.003805556543809152,11.84429629653927,1.7288120707475712e-07,-0.006339459741970901,1.0463643753446977e-05,-0.517757576781154,53.6387170458893,-0.4094058987990015,0.000619683847970429,0.0741645304847476,24002.3,0.07229537775562274,0.011699999999999999,index_dividend_yield,0.065,11.6,65,23858,23896.05,23786.8,24055.8,mid_price,ok
2026-09-02T08:19:07.366633+00:00,2026-09-02T13:49:07.366633+05:30,NIFTY,29-Sep-2026,24100.0,PE,23873.95,319.5,65,319.9,130,318,319.7,16599,-664,12394,18.237590630228667,11.35,-0.5636781180497362,0.0005331484955609038,-3.332361186173031,25.579312118029485,0.6671540935185849,-0.003275776770113925,7.007698719128541,9.344586950775433e-08,-0.004551618732141359,9.153166232858992e-06,-0.5058815406998036,-36.8721595746391,0.5735349778322208,0.0005231938891721188,0.0741645304847476,24002.3,0.07229537775562274,0.011699999999999999,index_dividend_yield,0.065,11.6,65,23858,23896.05,23786.8,24055.8,mid_price,ok
2026-09-02T08:19:07.366633+00:00,2026-09-02T13:49:07.366633+05:30,NIFTY,29-Sep-2026,24150.0,CE,23873.95,203.85,65,204.2,65,205.3,204.02499999999998,2772,478,2655,-13.4850400337126,9.68,0.3920965900363364,0.000610175666253341,-5.800437675903054,24.967499678519676,1.1876117005761577,-0.004238472540090188,21.079671310349823,2.353446294869487e-07,-0.00578884314796275,9.447463548310406e-06,-0.5358290891199751,54.50862111441592,-0.38050360336521005,0.0005963059925662016,0.0741645304847476,24002.3,0.07229537775562274,0.011699999999999999,index_dividend_yield,0.065,11.6,65,23858,23896.05,23786.8,24055.8,mid_price,ok
2026-09-02T08:19:07.366633+00:00,2026-09-02T13:49:07.366633+05:30,NIFTY,29-Sep-2026,24150.0,PE,23873.95,345.3,260,347.8,130,348.65,346.55,3394,-762,2247,17.966503129758078,11.14,-0.5917926547238359,0.0005355352961146437,-3.0565948575541455,25.218433279370984,0.9186460633394677,-0.0037766378091689252,13.946342052951977,1.4849612045905326e-07,-0.004511484268715201,8.698933812606143e-06,-0.5220522764597249,-36.320043092300224,0.6011356671990487,0.0005233622446216796,0.0741645304847476,24002.3,0.07229537775562274,0.011699999999999999,index_dividend_yield,0.065,11.6,65,23858,23896.05,23786.8,24055.8,mid_price,ok
2026-09-02T08:19:07.366633+00:00,2026-09-02T13:49:07.366633+05:30,NIFTY,29-Sep-2026,24200.0,CE,23873.95,182.4,130,182.95,260,183.5,182.675,52344,4163,29967,-14.47215101374971,9.45,0.35888131758991104,0.0006079112235573795,-5.4634893362624934,24.283807512497773,1.5271637503387336,-0.004773873831865227,35.80982872975724,3.2579940524898065e-07,-0.005536950131557899,8.440241962841656e-06,-0.559971880243161,57.94951989522167,-0.3479364993422443,0.0005916406283071944,0.0741645304847476,24002.3,0.07229537775562274,0.011699999999999999,index_dividend_yield,0.065,11.6,65,23858,23896.05,23786.8,24055.8,mid_price,ok
2026-09-02T08:19:07.366633+00:00,2026-09-02T13:49:07.366633+05:30,NIFTY,29-Sep-2026,24200.0,PE,23873.95,373.55,195,374.25,130,374.15,373.9,44135,-2839,15531,17.013291634089132,11.54,-0.6136088129741382,0.0005093620477315329,-3.080491111833663,24.84718555493573,1.064962325385499,-0.004065866829837672,20.0900989490318,1.7372074792819173e-07,-0.004002295212200951,7.861123936319715e-06,-0.5344876388294466,-34.09765910583548,0.6230947462984613,0.000495729097074778,0.0741645304847476,24002.3,0.07229537775562274,0.011699999999999999,index_dividend_yield,0.065,11.6,65,23858,23896.05,23786.8,24055.8,mid_price,ok
2026-09-02T08:19:07.366633+00:00,2026-09-02T13:49:07.366633+05:30,NIFTY,29-Sep-2026,24250.0,CE,23873.95,162.65,325,163.35,65,163.85,163.0,5994,394,3215,-14.97145822522055,9.56,0.3313312102546243,0.0005832821137086223,-5.293453825252528,23.571182094253086,1.7502161790706183,-0.005113790010297936,49.555905310320725,3.7794269790036764e-07,-0.004875334125772077,7.202820622957706e-06,-0.579709588396149,59.130338766721316,-0.320676674087086,0.0005653322137239391,0.0741645304847476,24002.3,0.07229537775562274,0.011699999999999999,index_dividend_yield,0.065,11.6,65,23858,23896.05,23786.8,24055.8,mid_price,ok
2026-09-02T08:19:07.366633+00:00,2026-09-02T13:49:07.366633+05:30,NIFTY,29-Sep-2026,24250.0,PE,23873.95,402.95,130,405.4,130,400,404.17499999999995,4172,-298,1954,15.473441108545035,11.21,-0.6427038499228034,0.0005112430050581079,-2.694711682283974,24.225781906691772,1.3220695417914263,-0.004540816911608125,31.56480377051274,2.3337894330869612e-07,-0.0038947115467264336,7.182942716825067e-06,-0.5546164020607485,-33.84294113369588,0.6514335880518362,0.0004955100336657325,0.0741645304847476,24002.3,0.07229537775562274,0.011699999999999999,index_dividend_yield,0.065,11.6,65,23858,23896.05,23786.8,24055.8,mid_price,ok
2026-09-02T08:19:07.366633+00:00,2026-09-02T13:49:07.366633+05:30,NIFTY,29-Sep-2026,24300.0,CE,23873.95,144.6,65,145,130,146.5,144.8,67800,1720,24924,-14.850334205172915,9.44,0.30077195610254914,0.0005668895433561353,-4.972242499009696,22.621179824826346,2.0167467360248934,-0.005483540755825245,68.37797351049701,4.5032709640335443e-07,-0.004291845828913274,5.822200279103577e-06,-0.6033388239508426,62.05191919805708,-0.2907364271781989,0.0005471853470213345,0.0741645304847476,24002.3,0.07229537775562274,0.011699999999999999,index_dividend_yield,0.065,11.6,65,23858,23896.05,23786.8,24055.8,mid_price,ok
2026-09-02T08:19:07.366633+00:00,2026-09-02T13:49:07.366633+05:30,NIFTY,29-Sep-2026,24300.0,PE,23873.95,435.55,65,437.15,130,435.9,436.35,61969,-3155,11467,14.289459884635553,11.35,-0.6654317034829239,0.0004926809989921031,-2.5483517517352743,23.637769125809985,1.473026627725138,-0.004827501583235638,41.08110326972536,2.626850551207999e-07,-0.003484727296543678,6.322983648562136e-06,-0.5698879109002029,-32.4296633596822,0.6739242088604206,0.0004755561759144133,0.0741645304847476,24002.3,0.07229537775562274,0.011699999999999999,index_dividend_yield,0.065,11.6,65,23858,23896.05,23786.8,24055.8,mid_price,ok
2026-09-02T08:19:07.366633+00:00,2026-09-02T13:49:07.366633+05:30,NIFTY,29-Sep-2026,24350.0,CE,23873.95,127.9,65,128.35,130,128.5,128.125,6952,185,3084,-16.013071895424837,9.47,0.2742149664380144,0.0005409336952501486,-4.7253765023941705,21.654034556121292,2.1989032467062963,-0.005723683885244857,85.70153283074333,4.95875324789367e-07,-0.0035712744357258366,4.427744310095752e-06,-0.6226743850604137,63.865991262074786,-0.2646443214096911,0.0005199896072670657,0.0741645304847476,24002.3,0.07229537775562274,0.011699999999999999,index_dividend_yield,0.065,11.6,65,23858,23896.05,23786.8,24055.8,mid_price,ok
2026-09-02T08:19:07.366633+00:00,2026-09-02T13:49:07.366633+05:30,NIFTY,29-Sep-2026,24350.0,PE,23873.95,469.3,65,471.95,65,469.1,470.625,6107,-537,1589,15.385561431558234,11.61,,,,,,,,,,,,,,,0.0741645304847476,,,,,,11.6,65,23858,23896.05,23786.8,24055.8,mid_price,no_price_available
2026-09-02T08:19:07.366633+00:00,2026-09-02T13:49:07.366633+05:30,NIFTY,29-Sep-2026,24400.0,CE,23873.95,113.3,65,113.6,455,114.2,113.44999999999999,46373,1294,21642,-15.874769797421731,9.44,0.2476643704047751,0.0005149697085070414,-4.430555984589413,20.54936895027156,2.366880301975391,-0.005914694490633532,104.83371681472953,5.413656830184487e-07,-0.0028279877024192613,2.954330295201887e-06,-0.6412032250941557,66.21596617401921,-0.23866525480447728,0.0004930041681078723,0.0741645304847476,24002.3,0.07229537775562274,0.011699999999999999,index_dividend_yield,0.065,11.6,65,23858,23896.05,23786.8,24055.8,mid_price,ok
2026-09-02T08:19:07.366633+00:00,2026-09-02T13:49:07.366633+05:30,NIFTY,29-Sep-2026,24400.0,PE,23873.95,502.5,130,504.85,65,500.85,503.675,35565,-846,2981,13.661636219221604,11.62,,,,,,,,,,,,,,,0.0741645304847476,,,,,,11.6,65,23858,23896.05,23786.8,24055.8,mid_price,no_price_available
2026-09-02T08:19:07.366633+00:00,2026-09-02T13:49:07.366633+05:30,NIFTY,29-Sep-2026,24450.0,CE,23873.95,99.85,65,100.05,195,99.9,99.94999999999999,2615,153,2470,-16.957605985037407,9.56,0.22615061070504924,0.00048373107777621043,-4.225916096928859,19.54819640605038,2.4436895340029934,-0.005994547051567516,119.3184367093778,5.558202479612841e-07,-0.0021071869533020944,1.698241683563851e-06,-0.653464878493633,67.23458497988828,-0.21753807059937444,0.0004612058666481518,0.0741645304847476,24002.3,0.07229537775562274,0.011699999999999999,index_dividend_yield,0.065,11.6,65,23858,23896.05,23786.8,24055.8,mid_price,ok
2026-09-02T08:19:07.366633+00:00,2026-09-02T13:49:07.366633+05:30,NIFTY,29-Sep-2026,24450.0,PE,23873.95,535.75,65,542,130,546.55,538.875,1565,-10,119,15.40329391891892,12.09,,,,,,,,,,,,,,,0.0741645304847476,,,,,,11.6,65,23858,23896.05,23786.8,24055.8,mid_price,no_price_available
2026-09-02T08:19:07.366633+00:00,2026-09-02T13:49:07.366633+05:30,NIFTY,29-Sep-2026,24500.0,CE,23873.95,87.15,65,87.4,260,87.35,87.275,91733,5082,62650,-17.981220657276996,9.44,0.20020431677485537,0.0004562687205520197,-3.8604993950296627,18.206962709076706,2.5689875782182874,-0.006063902011075094,140.35933246062802,5.968223904316722e-07,-0.0013156320076977192,1.3010307658192473e-07,-0.6673362628136061,70.50167613949775,-0.19232133686640465,0.00043324852018903704,0.0741645304847476,24002.3,0.07229537775562274,0.011699999999999999,index_dividend_yield,0.065,11.6,65,23858,23896.05,23786.8,24055.8,mid_price,ok
2026-09-02T08:19:07.366633+00:00,2026-09-02T13:49:07.366633+05:30,NIFTY,29-Sep-2026,24500.0,PE,23873.95,578,65,580.2,195,578.05,579.1,60181,-119,12093,13.35425041670752,11.94,,,,,,,,,,,,,,,0.0741645304847476,,,,,,11.6,65,23858,23896.05,23786.8,24055.8,mid_price,no_price_available
2026-09-02T08:19:07.366633+00:00,2026-09-02T13:49:07.366633+05:30,NIFTY,29-Sep-2026,24550.0,CE,23873.95,76.15,65,76.45,65,77.4,76.30000000000001,2721,-59,2559,-16.86358754027927,9.43,0.17848069977625697,0.0004255739665449392,-3.566577007958588,16.964128658069612,2.6182559109821644,-0.006038619283660619,156.7218660481906,6.126750017842344e-07,-0.0005809399932539679,-1.2030063635053395e-06,-0.6745567153528604,72.79093559037786,-0.1711813138141211,0.0004024580514902299,0.0741645304847476,24002.3,0.07229537775562274,0.011699999999999999,index_dividend_yield,0.065,11.6,65,23858,23896.05,23786.8,24055.8,mid_price,ok
2026-09-02T08:19:07.366633+00:00,2026-09-02T13:49:07.366633+05:30,NIFTY,29-Sep-2026,24550.0,PE,23873.95,609.8,65,615.95,65,617.95,612.875,983,-3,89,14.466981568954338,11.65,,,,,,,,,,,,,,,0.0741645304847476,,,,,,11.6,65,23858,23896.05,23786.8,24055.8,mid_price,no_price_available
2026-09-02T08:19:07.366633+00:00,2026-09-02T13:49:07.366633+05:30,NIFTY,29-Sep-2026,24600.0,CE,23873.95,66.5,260,66.7,65,67,66.6,26258,2128,22581,-18.59052247873633,9.45,0.15909068883459607,0.00039441982293710374,-3.2956835724853097,15.755614780838197,2.6242902019899677,-0.005950796541525277,170.23040729763926,6.159195377156108e-07,8.820808316495972e-05,-2.374859942270199e-06,-0.6768157496541392,74.78990538750476,-0.1523308638092138,0.00037148140507445613,0.0741645304847476,24002.3,0.07229537775562274,0.011699999999999999,index_dividend_yield,0.065,11.6,65,23858,23896.05,23786.8,24055.8,mid_price,ok
2026-09-02T08:19:07.366633+00:00,2026-09-02T13:49:07.366633+05:30,NIFTY,29-Sep-2026,24600.0,PE,23873.95,655.3,130,658.3,65,656.6,656.8,11273,-430,978,11.847372455497828,11.59,,,,,,,,,,,,,,,0.0741645304847476,,,,,,11.6,65,23858,23896.05,23786.8,24055.8,mid_price,no_price_available
2026-09-02T08:19:07.366633+00:00,2026-09-02T13:49:07.366633+05:30,NIFTY,29-Sep-2026,24650.0,CE,23873.95,58.05,65,58.35,130,58.05,58.2,3578,342,2967,-19.542619542619544,9.48,0.14150333467635332,0.00036364286022785115,-3.037099123229161,14.57230370823788,2.5979590669384653,-0.00581246176213443,181.2595162452837,6.105194924129781e-07,0.0006878592679099467,-3.4007037014759708e-06,-0.6745058351089597,76.68193061109712,-0.1352611870971545,0.00034110632918724667,0.0741645304847476,24002.3,0.07229537775562274,0.011699999999999999,index_dividend_yield,0.065,11.6,65,23858,23896.05,23786.8,24055.8,mid_price,ok
2026-09-02T08:19:07.366633+00:00,2026-09-02T13:49:07.366633+05:30,NIFTY,29-Sep-2026,24650.0,PE,23873.95,688.25,65,699.65,65,697.35,693.95,662,3,25,9.268254465684738,12.33,,,,,,,,,,,,,,,0.0741645304847476,,,,,,11.6,65,23858,23896.05,23786.8,24055.8,mid_price,no_price_available
2026-09-02T08:19:07.366633+00:00,2026-09-02T13:49:07.366633+05:30,NIFTY,29-Sep-2026,24700.0,CE,23873.95,50.6,910,50.8,455,51,50.7,19745,-911,22169,-18.465227817745802,9.52,0.12566783713712756,0.00033373404108721905,-2.792865500723729,13.43019341580207,2.544054144976028,-0.005633070539913215,189.66224556466392,5.976842480358898e-07,0.0012079725073726772,-4.269498121771637e-06,-0.6678480982111736,78.45310250713605,-0.1199168365548974,0.0003117849592544766,0.0741645304847476,24002.3,0.07229537775562274,0.011699999999999999,index_dividend_yield,0.065,11.6,65,23858,23896.05,23786.8,24055.8,mid_price,ok
2026-09-02T08:19:07.366633+00:00,2026-09-02T13:49:07.366633+05:30,NIFTY,29-Sep-2026,24700.0,PE,23873.95,737.35,130,740.55,65,741,738.95,4819,36,1323,10.737502802062318,12.39,,,,,,,,,,,,,,,0.0741645304847476,,,,,,11.6,65,23858,23896.05,23786.8,24055.8,mid_price,no_price_available
2026-09-02T08:19:07.366633+00:00,2026-09-02T13:49:07.366633+05:30,NIFTY,29-Sep-2026,24750.0,CE,23873.95,44.4,520,44.65,325,44.8,44.525,3300,471,3774,-19.424460431654676,9.64,0.11323013947329578,0.0003062144030731008,-2.610476960347164,12.478071211775768,2.4591894852771317,-0.005442777626333495,193.31687058468728,5.722035918316809e-07,0.0015680906890186007,-4.842354147311973e-06,-0.6581836424102061,79.25796343847848,-0.10784418976731129,0.00028492054584582425,0.0741645304847476,24002.3,0.07229537775562274,0.011699999999999999,index_dividend_yield,0.065,11.6,65,23858,23896.05,23786.8,24055.8,mid_price,ok
2026-09-02T08:19:07.366633+00:00,2026-09-02T13:49:07.366633+05:30,NIFTY,29-Sep-2026,24750.0,PE,23873.95,773.95,65,785.65,65,779,779.8,512,-34,51,9.479305740987984,14.61,,,,,,,,,,,,,,,0.0741645304847476,,,,,,11.6,65,23858,23896.05,23786.8,24055.8,mid_price,no_price_available
2026-09-02T08:19:07.366633+00:00,2026-09-02T13:49:07.366633+05:30,NIFTY,29-Sep-2026,24800.0,CE,23873.95,38.5,780,38.7,520,38.7,38.6,25631,1298,29170,-20.123839009287927,9.59,0.09796705742777784,0.00027720815220032914,-2.3269940973574736,11.237492548072689,2.376835665076987,-0.005173517624585219,199.77905366604088,5.582204271887983e-07,0.0020381523795478867,-5.605782632894687e-06,-0.6422803891284019,82.07923547409614,-0.09315989816685476,0.0002568923645835341,0.0741645304847476,24002.3,0.07229537775562274,0.011699999999999999,index_dividend_yield,0.065,11.6,65,23858,23896.05,23786.8,24055.8,mid_price,ok
2026-09-02T08:19:07.366633+00:00,2026-09-02T13:49:07.366633+05:30,NIFTY,29-Sep-2026,24800.0,PE,23873.95,823.4,65,827.75,65,821.7,825.575,5807,66,668,9.742904841402337,12.14,,,,,,,,,,,,,,,0.0741645304847476,,,,,,11.6,65,23858,23896.05,23786.8,24055.8,mid_price,no_price_available
2026-09-02T08:19:07.366633+00:00,2026-09-02T13:49:07.366633+05:30,NIFTY,29-Sep-2026,24850.0,CE,23873.95,33.85,65,34.15,390,34,34.0,2649,80,2002,-20.374707259953162,9.67,0.08710856084731912,0.00025202985083503667,-2.13929072297157,10.302040860995493,2.268724159300739,-0.0049280788444169416,200.36283311809822,5.298765804094868e-07,0.0022959227181860963,-5.991640229304905e-06,-0.6253945973892652,83.30152875902378,-0.08268251078868989,0.00023262037751435266,0.0741645304847476,24002.3,0.07229537775562274,0.011699999999999999,index_dividend_yield,0.065,11.6,65,23858,23896.05,23786.8,24055.8,mid_price,ok
2026-09-02T08:19:07.366633+00:00,2026-09-02T13:49:07.366633+05:30,NIFTY,29-Sep-2026,24850.0,PE,23873.95,846.6,65,883,715,919.65,864.8,219,-1,1,14.669576059850375,15.74,,,,,,,,,,,,,,,0.0741645304847476,,,,,,11.6,65,23858,23896.05,23786.8,24055.8,mid_price,no_price_available
2026-09-02T08:19:07.366633+00:00,2026-09-02T13:49:07.366633+05:30,NIFTY,29-Sep-2026,24900.0,CE,23873.95,29.45,650,29.55,325,29.7,29.5,16832,-121,16400,-20.268456375838927,9.73,0.0769224410943014,0.00022807116295064456,-1.9501727441335073,9.380544088013373,2.1530903821162033,-0.004662176254492806,199.57314579178663,5.011395857071123e-07,0.00250876802177607,-6.293881023991462e-06,-0.6053086142806077,84.74343988066464,-0.07288240549944985,0.00020966225033032453,0.0741645304847476,24002.3,0.07229537775562274,0.011699999999999999,index_dividend_yield,0.065,11.6,65,23858,23896.05,23786.8,24055.8,mid_price,ok
2026-09-02T08:19:07.366633+00:00,2026-09-02T13:49:07.366633+05:30,NIFTY,29-Sep-2026,24900.0,PE,23873.95,914.3,195,918.35,65,910,916.325,1373,-104,289,8.076009501187649,13.11,,,,,,,,,,,,,,,0.0741645304847476,,,,,,11.6,65,23858,23896.05,23786.8,24055.8,mid_price,no_price_available
2026-09-02T08:19:07.366633+00:00,2026-09-02T13:49:07.366633+05:30,NIFTY,29-Sep-2026,24950.0,CE,23873.95,26.25,325,26.4,845,26.4,26.325,3271,28,2741,-18.89400921658986,9.92,0.07044173539639774,0.00020914727468649788,-1.848977851839166,8.77018376926724,2.0382779126903103,-0.004461576778726772,195.08397403773526,4.659941903022522e-07,0.002544378770619654,-6.320094508070295e-06,-0.5889193122089775,84.46670693414245,-0.06660571475775176,0.00019149598372146466,0.0741645304847476,24002.3,0.07229537775562274,0.011699999999999999,index_dividend_yield,0.065,11.6,65,23858,23896.05,23786.8,24055.8,mid_price,ok
2026-09-02T08:19:07.366633+00:00,2026-09-02T13:49:07.366633+05:30,NIFTY,29-Sep-2026,24950.0,PE,23873.95,939.65,65,972.6,715,984.45,956.125,78,1,3,12.11776094755424,14.96,,,,,,,,,,,,,,,0.0741645304847476,,,,,,11.6,65,23858,23896.05,23786.8,24055.8,mid_price,no_price_available
2026-09-02T08:19:07.366633+00:00,2026-09-02T13:49:07.366633+05:30,NIFTY,29-Sep-2026,25000.0,CE,23873.95,23.45,130,23.55,910,23.5,23.5,101550,281,42349,-19.382504288164665,9.96,0.0617455913044035,0.00018809160446591982,-1.6690573782067608,7.919058680961729,1.9160871142551577,-0.00417869250457753,191.83273048142536,4.374391929796994e-07,0.0026682994430488162,-6.462559573401823e-06,-0.5645510700621061,86.07789908568333,-0.05827943377011694,0.00017152915718631387,0.0741645304847476,24002.3,0.07229537775562274,0.011699999999999999,index_dividend_yield,0.065,11.6,65,23858,23896.05,23786.8,24055.8,mid_price,ok
2026-09-02T08:19:07.366633+00:00,2026-09-02T13:49:07.366633+05:30,NIFTY,29-Sep-2026,25000.0,PE,23873.95,1009,260,1013,195,1009.15,1011.0,35006.153846153844,-387,2103,8.6802003123149,13.25,,,,,,,,,,,,,,,0.0741645304847476,,,,,,11.6,65,23858,23896.05,23786.8,24055.8,mid_price,no_price_available
2026-09-02T08:19:07.366633+00:00,2026-09-02T13:49:07.366633+05:30,NIFTY,29-Sep-2026,25050.0,CE,23873.95,20.25,1105,20.4,715,20.6,20.325,3766,514,2776,-19.844357976653697,10.01,0.05416579283325059,0.0001688433656523837,-1.507128912719494,7.144352752568936,1.7920040562790716,-0.0039000862499766753,187.03611345829384,4.080458545532101e-07,0.002733857017366093,-6.50160541945148e-06,-0.5389578822641461,87.53842022809849,-0.051033095517384254,0.00015336176573217076,0.0741645304847476,24002.3,0.07229537775562274,0.011699999999999999,index_dividend_yield,0.065,11.6,65,23858,23896.05,23786.8,24055.8,mid_price,ok
2026-09-02T08:19:07.366633+00:00,2026-09-02T13:49:07.366633+05:30,NIFTY,29-Sep-2026,25050.0,PE,23873.95,1027.35,650,1070.3,325,0.0,1048.8249999999998,60,0,0,0,11.04,,,,,,,,,,,,,,,0.0741645304847476,,,,,,11.6,65,23858,23896.05,23786.8,24055.8,mid_price,no_price_available
2026-09-02T08:19:07.366633+00:00,2026-09-02T13:49:07.366633+05:30,NIFTY,29-Sep-2026,25100.0,CE,23873.95,18.05,65,18.1,390,18.25,18.075000000000003,12520,-1957,9022,-17.607223476297968,10.12,0.048423748432046776,0.00015276388695598477,-1.3880214350692126,6.535006505384822,1.675868727463628,-0.0036635199063405894,180.86341751228872,3.781124785885199e-07,0.0027186887897592345,-6.420896405054849e-06,-0.5160250213448894,88.16369703760223,-0.04553599305796191,0.00013820438321563938,0.0741645304847476,24002.3,0.07229537775562274,0.011699999999999999,index_dividend_yield,0.065,11.6,65,23858,23896.05,23786.8,24055.8,mid_price,ok
2026-09-02T08:19:07.366633+00:00,2026-09-02T13:49:07.366633+05:30,NIFTY,29-Sep-2026,25100.0,PE,23873.95,1099.85,130,1105.3,65,1100.65,1102.5749999999998,1509,-32,54,7.695694716242661,14.4,,,,,,,,,,,,,,,0.0741645304847476,,,,,,11.6,65,23858,23896.05,23786.8,24055.8,mid_price,no_price_available
2026-09-02T08:19:07.366633+00:00,2026-09-02T13:49:07.366633+05:30,NIFTY,29-Sep-2026,25150.0,CE,23873.95,16.15,650,16.3,975,16.35,16.225,1730,-166,879,-17.632241813602015,10.29,0.04424117672824734,0.000139729423010034,-1.3072628934162305,6.077823053220889,1.5724784430868715,-0.003474311310914503,174.11423020794768,3.493032029435183e-07,0.002645238854034193,-6.263487799709241e-06,-0.49690881748444937,87.94614945035151,-0.0415189617062623,0.00012591006463494886,0.0741645304847476,24002.3,0.07229537775562274,0.011699999999999999,index_dividend_yield,0.065,11.6,65,23858,23896.05,23786.8,24055.8,mid_price,ok
2026-09-02T08:19:07.366633+00:00,2026-09-02T13:49:07.366633+05:30,NIFTY,29-Sep-2026,25150.0,PE,23873.95,1125.05,65,1165.35,65,0.0,1145.1999999999998,21,0,0,0,0,,,,,,,,,,,,,,,0.0741645304847476,,,,,,11.6,65,23858,23896.05,23786.8,24055.8,mid_price,no_price_available
2026-09-02T08:19:07.366633+00:00,2026-09-02T13:49:07.366633+05:30,NIFTY,29-Sep-2026,25200.0,CE,23873.95,14.4,195,14.5,1430,14.65,14.45,14516,307,11304,-16.997167138810198,10.35,0.038876449219478644,0.00012510548080161456,-1.1800430529751715,5.473454317387108,1.4571812769657577,-0.0032204988683790926,167.07166390741034,3.2245802468570654e-07,0.0026101850438396707,-6.12913386945092e-06,-0.47030097475759813,89.15635135100072,-0.03641762764099345,0.00011228553554412782,0.0741645304847476,24002.3,0.07229537775562274,0.011699999999999999,index_dividend_yield,0.065,11.6,65,23858,23896.05,23786.8,24055.8,mid_price,ok
2026-09-02T08:19:07.366633+00:00,2026-09-02T13:49:07.366633+05:30,NIFTY,29-Sep-2026,25200.0,PE,23873.95,1194.6,65,1201,65,1186.05,1197.8,1589,0,129,6.400825334170629,14.29,,,,,,,,,,,,,,,0.0741645304847476,,,,,,11.6,65,23858,23896.05,23786.8,24055.8,mid_price,no_price_available
2026-09-02T08:19:07.366633+00:00,2026-09-02T13:49:07.366633+05:30,NIFTY,29-Sep-2026,25250.0,CE,23873.95,12.95,260,13.15,1365,13.1,13.05,2154,-51,738,-19.135802469135804,10.49,0.03519914696961563,0.00011380663881110396,-1.0988235014967482,5.046472335315117,1.3595024774135689,-0.003029635726862212,159.8907523002362,2.971742558238079e-07,0.002521081755062266,-5.93363691084008e-06,-0.449491963667147,89.2588938034213,-0.03290803995135265,0.00010174038858336107,0.0741645304847476,24002.3,0.07229537775562274,0.011699999999999999,index_dividend_yield,0.065,11.6,65,23858,23896.05,23786.8,24055.8,mid_price,ok
2026-09-02T08:19:07.366633+00:00,2026-09-02T13:49:07.366633+05:30,NIFTY,29-Sep-2026,25250.0,PE,23873.95,1226.7,195,1254.45,65,1296,1240.575,30,0,1,9.923664122137405,18.73,,,,,,,,,,,,,,,0.0741645304847476,,,,,,11.6,65,23858,23896.05,23786.8,24055.8,mid_price,no_price_available
2026-09-02T08:19:07.366633+00:00,2026-09-02T13:49:07.366633+05:30,NIFTY,29-Sep-2026,25300.0,CE,23873.95,11.6,715,11.75,1040,11.75,11.675,12467,-1459,7935,-16.96113074204947,10.61,0.031654702036659176,0.00010310405082591454,-1.0150710836589358,4.624192702576858,1.2638327422708762,-0.00283507384683283,152.5561165642948,2.734834304477007e-07,0.002429869043725105,-5.726145796321378e-06,-0.4276024634030344,89.59343589025103,-0.02953706520871988,9.180857489710725e-05,0.0741645304847476,24002.3,0.07229537775562274,0.011699999999999999,index_dividend_yield,0.065,11.6,65,23858,23896.05,23786.8,24055.8,mid_price,ok
2026-09-02T08:19:07.366633+00:00,2026-09-02T13:49:07.366633+05:30,NIFTY,29-Sep-2026,25300.0,PE,23873.95,1291.4,260,1299.15,65,1279.8,1295.275,558,-2,19,7.4604307485620724,14.69,,,,,,,,,,,,,,,0.0741645304847476,,,,,,11.6,65,23858,23896.05,23786.8,24055.8,mid_price,no_price_available
2026-09-02T08:19:07.366633+00:00,2026-09-02T13:49:07.366633+05:30,NIFTY,29-Sep-2026,25350.0,CE,23873.95,10.75,65,10.95,1495,10.75,10.85,902,-30,344,-19.776119402985074,10.78,0.02907799114678568,9.45842282715197e-05,-0.9581747588131301,4.3100498891674786,1.1827535553078221,-0.0026836907444605825,145.65327228892366,2.5208379418873494e-07,0.002319073625998787,-5.505770198586192e-06,-0.4100750195412406,89.23218606480457,-0.027077977505403483,8.389022463556308e-05,0.0741645304847476,24002.3,0.07229537775562274,0.011699999999999999,index_dividend_yield,0.065,11.6,65,23858,23896.05,23786.8,24055.8,mid_price,ok
2026-09-02T08:19:07.366633+00:00,2026-09-02T13:49:07.366633+05:30,NIFTY,29-Sep-2026,25350.0,PE,23873.95,1314.1,195,1360.45,195,0.0,1337.275,16,0,0,0,6.15,,,,,,,,,,,,,,,0.0741645304847476,,,,,,11.6,65,23858,23896.05,23786.8,24055.8,mid_price,no_price_available
2026-09-02T08:19:07.366633+00:00,2026-09-02T13:49:07.366633+05:30,NIFTY,29-Sep-2026,25400.0,CE,23873.95,9.9,1235,10,3510,10,9.95,9442,-48,5356,-17.695473251028808,10.97,0.026980285782303874,8.732760910773499e-05,-0.9132878227399149,4.04951497408079,1.1108381869480015,-0.002554243312908832,139.15377508928682,2.327630124872505e-07,0.0022048737177039275,-5.287260913775657e-06,-0.39474385045224425,88.59236715632086,-0.025073044185499115,7.714942555889749e-05,0.0741645304847476,24002.3,0.07229537775562274,0.011699999999999999,index_dividend_yield,0.065,11.6,65,23858,23896.05,23786.8,24055.8,mid_price,ok
2026-09-02T08:19:07.366633+00:00,2026-09-02T13:49:07.366633+05:30,NIFTY,29-Sep-2026,25400.0,PE,23873.95,1386.85,65,1395.9,65,1436.55,1391.375,487,1,4,8.459796149490373,19.64,,,,,,,,,,,,,,,0.0741645304847476,,,,,,11.6,65,23858,23896.05,23786.8,24055.8,mid_price,no_price_available
2026-09-02T08:19:07.366633+00:00,2026-09-02T13:49:07.366633+05:30,NIFTY,29-Sep-2026,25450.0,CE,23873.95,9.05,195,9.15,1430,9.15,9.100000000000001,948,13,371,-18.666666666666668,11.14,0.024874965459465586,8.034403021547962e-05,-0.8640052672901128,3.783411812600853,1.040510764652133,-0.002420132001661846,132.70849526602134,2.1482412038368888e-07,0.002097024754404002,-5.070962619880851e-06,-0.37853176718907156,88.19611045341233,-0.0230699503486784,7.070116980876228e-05,0.0741645304847476,24002.3,0.07229537775562274,0.011699999999999999,index_dividend_yield,0.065,11.6,65,23858,23896.05,23786.8,24055.8,mid_price,ok
2026-09-02T08:19:07.366633+00:00,2026-09-02T13:49:07.366633+05:30,NIFTY,29-Sep-2026,25450.0,PE,23873.95,1417,65,1462.55,195,0.0,1439.775,11,0,0,0,6.11,,,,,,,,,,,,,,,0.0741645304847476,,,,,,11.6,65,23858,23896.05,23786.8,24055.8,mid_price,no_price_available
2026-09-02T08:19:07.366633+00:00,2026-09-02T13:49:07.366633+05:30,NIFTY,29-Sep-2026,25500.0,CE,23873.95,8.6,520,8.7,2795,8.7,8.649999999999999,48362,-2308,20538,-14.705882352941176,11.31,0.02297350576457139,7.402045603593676e-05,-0.8182480395982797,3.5388257031729036,0.9750967372228799,-0.002294164237021279,126.50641035953703,1.9839542423622743e-07,0.001991671737833884,-4.858523525301384e-06,-0.3629879122784318,87.78331869027316,-0.021263543097691722,6.488136161645915e-05,0.0741645304847476,24002.3,0.07229537775562274,0.011699999999999999,index_dividend_yield,0.065,11.6,65,23858,23896.05,23786.8,24055.8,mid_price,ok
2026-09-02T08:19:07.366633+00:00,2026-09-02T13:49:07.366633+05:30,NIFTY,29-Sep-2026,25500.0,PE,23873.95,1488.95,65,1493.9,65,1493.75,1491.4250000000002,24061,-167,689,5.935959717740506,16.07,,,,,,,,,,,,,,,0.0741645304847476,,,,,,11.6,65,23858,23896.05,23786.8,24055.8,mid_price,no_price_available
2026-09-02T08:19:07.366633+00:00,2026-09-02T13:49:07.366633+05:30,NIFTY,29-Sep-2026,25550.0,CE,23873.95,7.7,65,7.9,975,7.9,7.800000000000001,812,-65,487,-18.556701030927837,11.47,0.02116216329794658,6.809960749274692e-05,-0.7722632916928502,3.301815776287205,0.9125445443664125,-0.002169874045594558,120.43410741983872,1.831794067689736e-07,0.001890253522940316,-4.648635211041956e-06,-0.3473458253561703,87.47849704807636,-0.019547906681117583,5.9458145546688267e-05,0.0741645304847476,24002.3,0.07229537775562274,0.011699999999999999,index_dividend_yield,0.065,11.6,65,23858,23896.05,23786.8,24055.8,mid_price,ok
2026-09-02T08:19:07.366633+00:00,2026-09-02T13:49:07.366633+05:30,NIFTY,29-Sep-2026,25550.0,PE,23873.95,1500.8,195,1551.9,65,0.0,1526.35,8,0,0,0,0,,,,,,,,,,,,,,,0.0741645304847476,,,,,,11.6,65,23858,23896.05,23786.8,24055.8,mid_price,no_price_available
2026-09-02T08:19:07.366633+00:00,2026-09-02T13:49:07.366633+05:30,NIFTY,29-Sep-2026,25600.0,CE,23873.95,7.3,2080,7.4,910,7.4,7.35,5110,-526,3983,-15.909090909090908,11.66,0.019781137159783718,6.3266677784756e-05,-0.7395731696700968,3.1183035686790066,0.8595064149647235,-0.0020708659166706854,114.9974828203213,1.697599302478173e-07,0.0017905866755790973,-4.452939147881733e-06,-0.334657634298698,86.79471591413973,-0.01823487638149701,5.502292315039887e-05,0.0741645304847476,24002.3,0.07229537775562274,0.011699999999999999,index_dividend_yield,0.065,11.6,65,23858,23896.05,23786.8,24055.8,mid_price,ok
2026-09-02T08:19:07.366633+00:00,2026-09-02T13:49:07.366633+05:30,NIFTY,29-Sep-2026,25600.0,PE,23873.95,1569.8,65,1605,195,0.0,1587.4,496,0,0,0,0,,,,,,,,,,,,,,,0.0741645304847476,,,,,,11.6,65,23858,23896.05,23786.8,24055.8,mid_price,no_price_available
2026-09-02T08:19:07.366633+00:00,2026-09-02T13:49:07.366633+05:30,NIFTY,29-Sep-2026,25650.0,CE,23873.95,6.7,65,6.75,260,6.7,6.725,472,-18,147,-17.791411042944784,11.81,0.01820093791820403,5.819325447223544e-05,-0.696280351985893,2.905141933584046,0.8036499666783242,-0.001955199377175386,109.30681843630174,1.5679614215970548e-07,0.001696801016503722,-4.252106108818264e-06,-0.31958406395059447,86.58160859838708,-0.016745012412588734,5.041345556450386e-05,0.0741645304847476,24002.3,0.07229537775562274,0.011699999999999999,index_dividend_yield,0.065,11.6,65,23858,23896.05,23786.8,24055.8,mid_price,ok
2026-09-02T08:19:07.366633+00:00,2026-09-02T13:49:07.366633+05:30,NIFTY,29-Sep-2026,25650.0,PE,23873.95,1595.35,130,1671.35,130,0.0,1633.35,1,0,0,0,13.42,,,,,,,,,,,,,,,0.0741645304847476,,,,,,11.6,65,23858,23896.05,23786.8,24055.8,mid_price,no_price_available
2026-09-02T08:19:07.366633+00:00,2026-09-02T13:49:07.366633+05:30,NIFTY,29-Sep-2026,25700.0,CE,23873.95,6.3,325,6.4,2210,6.3,6.35,4450,-897,3964,-14.864864864864865,11.99,0.016996557216955383,5.406622175844252e-05,-0.665276217553383,2.7402489253273608,0.7565844278464607,-0.0018633370729161346,104.2699549881496,1.4542999928815642e-07,0.0016063607677873086,-4.068134424442147e-06,-0.30740644109703297,86.00040398656749,-0.015605317738464176,4.665608942064501e-05,0.0741645304847476,24002.3,0.07229537775562274,0.011699999999999999,index_dividend_yield,0.065,11.6,65,23858,23896.05,23786.8,24055.8,mid_price,ok
2026-09-02T08:19:07.366633+00:00,2026-09-02T13:49:07.366633+05:30,NIFTY,29-Sep-2026,25700.0,PE,23873.95,1681.7,390,1694.6,65,1725.5,1688.15,186,0,2,22.367207999432665,21.75,,,,,,,,,,,,,,,0.0741645304847476,,,,,,11.6,65,23858,23896.05,23786.8,24055.8,mid_price,no_price_available
2026-09-02T08:19:07.366633+00:00,2026-09-02T13:49:07.366633+05:30,NIFTY,29-Sep-2026,25750.0,CE,23873.95,5.9,65,6,1365,5.9,5.95,90,90,318,-97.98977853492335,12.13,0.015614527177048608,4.969803298791474e-05,-0.624597883912466,2.548266309610047,0.7065673253211753,-0.001755657534451673,98.93802477550805,1.343201740511796e-07,0.0015198364927181273,-3.876552405542426e-06,-0.29290163927325796,85.87422261838469,-0.014308327610346975,4.272020157155622e-05,0.0741645304847476,24002.3,0.07229537775562274,0.011699999999999999,index_dividend_yield,0.065,11.6,65,23858,23896.05,23786.8,24055.8,mid_price,ok
2026-09-02T08:19:07.366633+00:00,2026-09-02T13:49:07.366633+05:30,NIFTY,29-Sep-2026,25750.0,PE,23873.95,1662.35,390,1776.4,65,0.0,1719.375,7,0,0,0,0,,,,,,,,,,,,,,,0.0741645304847476,,,,,,11.6,65,23858,23896.05,23786.8,24055.8,mid_price,no_price_available
2026-09-02T08:19:07.366633+00:00,2026-09-02T13:49:07.366633+05:30,NIFTY,29-Sep-2026,25800.0,CE,23873.95,5.6,130,5.65,3770,5.6,5.625,6031,-414,2649,-15.789473684210526,12.37,0.0150303582124079,4.7163919483195735e-05,-0.6151196983334408,2.466177893804666,0.6753875852344681,-0.0017069229306789849,95.23724988796455,1.2585426125320827e-07,0.0014400571938449087,-3.731968618282271e-06,-0.28624300260039837,84.60071077684776,-0.013743896092864073,4.0384902368620626e-05,0.0741645304847476,24002.3,0.07229537775562274,0.011699999999999999,index_dividend_yield,0.065,11.6,65,23858,23896.05,23786.8,24055.8,mid_price,ok
2026-09-02T08:19:07.366633+00:00,2026-09-02T13:49:07.366633+05:30,NIFTY,29-Sep-2026,25800.0,PE,23873.95,1762.45,65,1849.25,65,0.0,1805.85,316,0,0,0,0,,,,,,,,,,,,,,,0.0741645304847476,,,,,,11.6,65,23858,23896.05,23786.8,24055.8,mid_price,no_price_available
2026-09-02T08:19:07.366633+00:00,2026-09-02T13:49:07.366633+05:30,NIFTY,29-Sep-2026,25850.0,CE,23873.95,5.2,65,5.25,845,5.2,5.225,152,151,490,-95.56503198294243,12.47,0.013600123265084538,4.292529670859489e-05,-0.5678933733849365,2.262687464742358,0.6257508770042587,-0.0015903451669680834,89.83837628295443,1.1576262105740069e-07,0.0013600699935726957,-3.538626013603632e-06,-0.27011516743721886,84.89749371229836,-0.012412540968999138,3.661345990582713e-05,0.0741645304847476,24002.3,0.07229537775562274,0.011699999999999999,index_dividend_yield,0.065,11.6,65,23858,23896.05,23786.8,24055.8,mid_price,ok
2026-09-02T08:19:07.366633+00:00,2026-09-02T13:49:07.366633+05:30,NIFTY,29-Sep-2026,25850.0,PE,23873.95,1791.45,650,1856.15,65,0.0,1823.8000000000002,0,0,0,0,0,,,,,,,,,,,,,,,0.0741645304847476,,,,,,11.6,65,23858,23896.05,23786.8,24055.8,mid_price,no_price_available
2026-09-02T08:19:07.366633+00:00,2026-09-02T13:49:07.366633+05:30,NIFTY,29-Sep-2026,25900.0,CE,23873.95,4.85,390,5,975,5.05,4.925,249,97,321,-15.126050420168067,12.65,0.012780667989313552,4.010232772593165e-05,-0.5449565084496414,2.1443956568539844,0.5910341047167897,-0.001520220383609978,85.78326804484759,1.0779243613364017e-07,0.0012871949728842321,-3.385533355234512e-06,-0.2602533008138841,84.29046259184462,-0.01164112374585301,3.407364651154311e-05,0.0741645304847476,24002.3,0.07229537775562274,0.011699999999999999,index_dividend_yield,0.065,11.6,65,23858,23896.05,23786.8,24055.8,mid_price,ok
2026-09-02T08:19:07.366633+00:00,2026-09-02T13:49:07.366633+05:30,NIFTY,29-Sep-2026,25900.0,PE,23873.95,1848.85,650,1896.3,65,0.0,1872.5749999999998,76,0,0,0,0,,,,,,,,,,,,,,,0.0741645304847476,,,,,,11.6,65,23858,23896.05,23786.8,24055.8,mid_price,no_price_available
2026-09-02T08:19:07.366633+00:00,2026-09-02T13:49:07.366633+05:30,NIFTY,29-Sep-2026,25950.0,CE,23873.95,4.65,780,4.8,845,4.7,4.725,1558,-35,201,-15.315315315315315,12.87,0.012253668319175388,3.8005690077756595e-05,-0.5336025433132819,2.0676259825959495,0.5643040590649194,-0.001473404468496798,82.50057436117896,1.0112875268787956e-07,0.0012211407264936065,-3.2574622261633907e-06,-0.2535994343697958,83.2547708889629,-0.01113794337288895,3.216788134116478e-05,0.0741645304847476,24002.3,0.07229537775562274,0.011699999999999999,index_dividend_yield,0.065,11.6,65,23858,23896.05,23786.8,24055.8,mid_price,ok
2026-09-02T08:19:07.366633+00:00,2026-09-02T13:49:07.366633+05:30,NIFTY,29-Sep-2026,25950.0,PE,23873.95,1863.45,1105,1956.75,65,0.0,1910.1,1,0,0,0,13.83,,,,,,,,,,,,,,,0.0741645304847476,,,,,,11.6,65,23858,23896.05,23786.8,24055.8,mid_price,no_price_available
2026-09-02T08:19:07.366633+00:00,2026-09-02T13:49:07.366633+05:30,NIFTY,29-Sep-2026,26000.0,CE,23873.95,4.45,325,4.5,3380,4.45,4.475,62536.846153846156,-90,14416,-19.81981981981982,13.05,0.011551173225064023,3.561029640621629e-05,-0.5131786664246675,1.9644044617790226,0.5340994250824316,-0.001411035454523672,78.87144136716717,9.439780793056736e-08,0.0011568623903191163,-3.1194629347486424e-06,-0.24465383068641455,82.6548379446657,-0.010478296207648258,3.002461537048657e-05,0.0741645304847476,24002.3,0.07229537775562274,0.011699999999999999,index_dividend_yield,0.065,11.6,65,23858,23896.05,23786.8,24055.8,mid_price,ok
2026-09-02T08:19:07.366633+00:00,2026-09-02T13:49:07.366633+05:30,NIFTY,29-Sep-2026,26000.0,PE,23873.95,1978.95,65,1988.7,195,1985,1983.825,34265.769230769234,-603,1158,4.685810721725602,21.38,,,,,,,,,,,,,,,0.0741645304847476,,,,,,11.6,65,23858,23896.05,23786.8,24055.8,mid_price,no_price_available
2026-09-02T08:19:07.366633+00:00,2026-09-02T13:49:07.366633+05:30,NIFTY,29-Sep-2026,26050.0,CE,23873.95,4.15,585,4.25,130,4.2,4.2,1403,-4,263,-16.831683168316832,13.2,0.01075354219908146,3.308205282799535e-05,-0.4869898960346728,1.845912852410377,0.5021261851661075,-0.001339095313267426,75.03862384956928,8.775988444657513e-08,0.0010941759366106172,-2.975305800123455e-06,-0.23421267808206014,82.36369696444572,-0.009735604832755023,2.7785969553725624e-05,0.0741645304847476,24002.3,0.07229537775562274,0.011699999999999999,index_dividend_yield,0.065,11.6,65,23858,23896.05,23786.8,24055.8,mid_price,ok
2026-09-02T08:19:07.366633+00:00,2026-09-02T13:49:07.366633+05:30,NIFTY,29-Sep-2026,26050.0,PE,23873.95,1960.45,390,2068.05,65,0.0,2014.25,4,0,0,0,18.06,,,,,,,,,,,,,,,0.0741645304847476,,,,,,11.6,65,23858,23896.05,23786.8,24055.8,mid_price,no_price_available
2026-09-02T08:19:07.366633+00:00,2026-09-02T13:49:07.366633+05:30,NIFTY,29-Sep-2026,26100.0,CE,23873.95,3.9,1235,3.95,65,3.95,3.925,308,118,200,-17.708333333333332,13.34,0.009976275333209226,3.0662357494765736e-05,-0.46029626037527993,1.7290445527808185,0.471115690453828,-0.0012672657128562255,71.2704284463862,8.150029687807755e-08,0.0010340050130183654,-2.833299085699449e-06,-0.22365020988703233,82.16574980890803,-0.009014345124394868,2.5655063154106186e-05,0.0741645304847476,24002.3,0.07229537775562274,0.011699999999999999,index_dividend_yield,0.065,11.6,65,23858,23896.05,23786.8,24055.8,mid_price,ok
2026-09-02T08:19:07.366633+00:00,2026-09-02T13:49:07.366633+05:30,NIFTY,29-Sep-2026,26100.0,PE,23873.95,2051.25,650,2094.25,65,0.0,2072.75,144,0,0,0,0,,,,,,,,,,,,,,,0.0741645304847476,,,,,,11.6,65,23858,23896.05,23786.8,24055.8,mid_price,no_price_available
2026-09-02T08:19:07.366633+00:00,2026-09-02T13:49:07.366633+05:30,NIFTY,29-Sep-2026,26150.0,CE,23873.95,3.6,845,3.75,195,3.65,3.675,233,40,83,-7.594936708860759,13.49,0.009310013170412012,2.8544076682134705e-05,-0.4375432806785702,1.6276939929003524,0.4434380751154373,-0.0012039966319975903,67.82752945474724,7.587376584374592e-08,0.000977832060414112,-2.702194126859941e-06,-0.21422804994413044,81.85648632134797,-0.008395849562718532,2.3791464324207128e-05,0.0741645304847476,24002.3,0.07229537775562274,0.011699999999999999,index_dividend_yield,0.065,11.6,65,23858,23896.05,23786.8,24055.8,mid_price,ok
2026-09-02T08:19:07.366633+00:00,2026-09-02T13:49:07.366633+05:30,NIFTY,29-Sep-2026,26150.0,PE,23873.95,2054.75,390,2156.95,65,0.0,2105.85,1,0,0,0,19.21,,,,,,,,,,,,,,,0.0741645304847476,,,,,,11.6,65,23858,23896.05,23786.8,24055.8,mid_price,no_price_available
2026-09-02T08:19:07.366633+00:00,2026-09-02T13:49:07.366633+05:30,NIFTY,29-Sep-2026,26200.0,CE,23873.95,3.45,1040,3.55,3380,3.55,3.5,3256,208,1667,-12.345679012345679,13.68,0.008866806804618285,2.6970774768633273e-05,-0.4245336158678684,1.5596398789469845,0.4222598342367026,-0.001160579094971987,65.08456594457168,7.123557208491815e-08,0.0009283175192965511,-2.5951416023551345e-06,-0.20769471126957373,81.14348370774827,-0.007980035106417267,2.2394398372752235e-05,0.0741645304847476,24002.3,0.07229537775562274,0.011699999999999999,index_dividend_yield,0.065,11.6,65,23858,23896.05,23786.8,24055.8,mid_price,ok
2026-09-02T08:19:07.366633+00:00,2026-09-02T13:49:07.366633+05:30,NIFTY,29-Sep-2026,26200.0,PE,23873.95,2130.9,650,2182.95,65,2226.35,2156.925,583,0,3,23.68611111111111,26.31,,,,,,,,,,,,,,,0.0741645304847476,,,,,,11.6,65,23858,23896.05,23786.8,24055.8,mid_price,no_price_available
2026-09-02T08:19:07.366633+00:00,2026-09-02T13:49:07.366633+05:30,NIFTY,29-Sep-2026,26250.0,CE,23873.95,2.25,910,3.65,650,0.0,2.95,0,0,0,0,0,,,,,,,,,,,,,,,0.0741645304847476,24002.3,0.07229537775562274,0.011699999999999999,index_dividend_yield,0.065,11.6,65,23858,23896.05,23786.8,24055.8,mid_price,no_nse_iv
2026-09-02T08:19:07.366633+00:00,2026-09-02T13:49:07.366633+05:30,NIFTY,29-Sep-2026,26250.0,PE,23873.95,2176.75,650,2257.5,65,0.0,2217.125,0,0,0,0,0,,,,,,,,,,,,,,,0.0741645304847476,,,,,,11.6,65,23858,23896.05,23786.8,24055.8,mid_price,no_price_available
2026-09-02T08:19:07.366633+00:00,2026-09-02T13:49:07.366633+05:30,NIFTY,29-Sep-2026,26300.0,CE,23873.95,2.75,1235,2.85,780,2.8,2.8,5022,346,902,-13.846153846153847,13.82,0.007183597069778645,2.2186566777904646e-05,-0.3555222353724717,1.2961132725540303,0.3584996032038926,-0.0009921354144815167,57.04716899508644,5.995933443421721e-08,0.000815944580101912,-2.2925235259602857e-06,-0.18182051908630692,82.06547833176231,-0.006441484120988954,1.828214572132084e-05,0.0741645304847476,24002.3,0.07229537775562274,0.011699999999999999,index_dividend_yield,0.065,11.6,65,23858,23896.05,23786.8,24055.8,mid_price,ok
2026-09-02T08:19:07.366633+00:00,2026-09-02T13:49:07.366633+05:30,NIFTY,29-Sep-2026,26300.0,PE,23873.95,2225.1,650,2290.2,130,0.0,2257.6499999999996,1256,0,0,0,0,,,,,,,,,,,,,,,0.0741645304847476,,,,,,11.6,65,23858,23896.05,23786.8,24055.8,mid_price,no_price_available
2026-09-02T08:19:07.366633+00:00,2026-09-02T13:49:07.366633+05:30,NIFTY,29-Sep-2026,26350.0,CE,23873.95,2.6,780,2.95,780,2.5,2.7750000000000004,85,12,51,-20.634920634920636,13.88,0.006433145253727537,2.0039062751809797e-05,-0.32352338285988963,1.1757410540853193,0.32897049694050007,-0.0009129510885169546,53.19299625376272,5.482761901777099e-08,0.0007621980590075274,-2.1456914371766833e-06,-0.16934175070503943,82.6065505428418,-0.005758078102279934,1.6449955449335766e-05,0.0741645304847476,24002.3,0.07229537775562274,0.011699999999999999,index_dividend_yield,0.065,11.6,65,23858,23896.05,23786.8,24055.8,mid_price,ok
2026-09-02T08:19:07.366633+00:00,2026-09-02T13:49:07.366633+05:30,NIFTY,29-Sep-2026,26350.0,PE,23873.95,2274.15,650,2357.85,65,0.0,2316.0,0,0,0,0,0,,,,,,,,,,,,,,,0.0741645304847476,,,,,,11.6,65,23858,23896.05,23786.8,24055.8,mid_price,no_price_available
2026-09-02T08:19:07.366633+00:00,2026-09-02T13:49:07.366633+05:30,NIFTY,29-Sep-2026,26400.0,CE,23873.95,2.6,975,2.75,455,2.65,2.675,820,-19,159,-18.46153846153846,14.23,0.00667573625440456,2.0196594208673952e-05,-0.3422306934149389,1.2148645274796461,0.3299477610261394,-0.0009373247339283675,53.06814919773362,5.355661679513814e-08,0.000740271706566815,-2.1330620586875665e-06,-0.17320125315169377,80.3067305794199,-0.005961803042588436,1.651653134506036e-05,0.0741645304847476,24002.3,0.07229537775562274,0.011699999999999999,index_dividend_yield,0.065,11.6,65,23858,23896.05,23786.8,24055.8,mid_price,ok
2026-09-02T08:19:07.366633+00:00,2026-09-02T13:49:07.366633+05:30,NIFTY,29-Sep-2026,26400.0,PE,23873.95,2215.65,650,2422.05,260,0.0,2318.8500000000004,58,0,0,0,18.9,,,,,,,,,,,,,,,0.0741645304847476,,,,,,11.6,65,23858,23896.05,23786.8,24055.8,mid_price,no_price_available
2026-09-02T08:19:07.366633+00:00,2026-09-02T13:49:07.366633+05:30,NIFTY,29-Sep-2026,26450.0,CE,23873.95,1.85,1235,3.4,260,0.0,2.625,43,0,0,0,13.39,0.0036408215938252032,1.2506682609171868e-05,-0.18759820974719005,0.7078928360112006,0.22117914632803015,-0.0005904574586822944,38.58471233905658,3.847332301602585e-08,0.00058824258529037,-1.5886303162470327e-06,-0.11608850503445134,90.22446632093833,-0.0032498075180118725,1.0189182377325752e-05,0.0741645304847476,24002.3,0.07229537775562274,0.011699999999999999,index_dividend_yield,0.065,11.6,65,23858,23896.05,23786.8,24055.8,mid_price,wide_quote_low_liquidity
2026-09-02T08:19:07.366633+00:00,2026-09-02T13:49:07.366633+05:30,NIFTY,29-Sep-2026,26450.0,PE,23873.95,2371.7,650,2458.4,65,0.0,2415.05,0,0,0,0,0,,,,,,,,,,,,,,,0.0741645304847476,,,,,,11.6,65,23858,23896.05,23786.8,24055.8,mid_price,no_price_available
2026-09-02T08:19:07.366633+00:00,2026-09-02T13:49:07.366633+05:30,NIFTY,29-Sep-2026,26500.0,CE,23873.95,2.3,2990,2.35,2730,2.3,2.325,14369,-180,6435,-19.29824561403509,14.49,0.005785478466236854,1.7472900831241356e-05,-0.30629801690859665,1.070232682300844,0.29129665658807463,-0.0008402703895670579,47.81194981954307,4.6453876856770266e-08,0.0006599714365516207,-1.928761109022306e-06,-0.15769067295162786,79.98164061382782,-0.0051469924346347,1.4181488728489155e-05,0.0741645304847476,24002.3,0.07229537775562274,0.011699999999999999,index_dividend_yield,0.065,11.6,65,23858,23896.05,23786.8,24055.8,mid_price,ok
2026-09-02T08:19:07.366633+00:00,2026-09-02T13:49:07.366633+05:30,NIFTY,29-Sep-2026,26500.0,PE,23873.95,2470.4,390,2478.75,130,2477,2474.575,13137,20,80,3.547018372593692,24.49,,,,,,,,,,,,,,,0.0741645304847476,,,,,,11.6,65,23858,23896.05,23786.8,24055.8,mid_price,no_price_available
2026-09-02T08:19:07.366633+00:00,2026-09-02T13:49:07.366633+05:30,NIFTY,29-Sep-2026,26550.0,CE,23873.95,2.15,195,2.4,520,2.15,2.275,80,-21,40,-25.862068965517242,14.62,0.005393778653644947,1.6272161546958163e-05,-0.29007665815991746,1.0056281722700522,0.27391431068567995,-0.0007961582476641098,45.395912142456254,4.330130826038265e-08,0.0006232220229164523,-1.8343097277265217e-06,-0.15052749514793506,79.8072850694141,-0.004789351412150022,1.3157238776612121e-05,0.0741645304847476,24002.3,0.07229537775562274,0.011699999999999999,index_dividend_yield,0.065,11.6,65,23858,23896.05,23786.8,24055.8,mid_price,ok
2026-09-02T08:19:07.366633+00:00,2026-09-02T13:49:07.366633+05:30,NIFTY,29-Sep-2026,26550.0,PE,23873.95,2469.25,650,2558.9,65,0.0,2514.075,0,0,0,0,0,,,,,,,,,,,,,,,0.0741645304847476,,,,,,11.6,65,23858,23896.05,23786.8,24055.8,mid_price,no_price_available
2026-09-02T08:19:07.366633+00:00,2026-09-02T13:49:07.366633+05:30,NIFTY,29-Sep-2026,26600.0,CE,23873.95,2.05,130,2.25,260,2.15,2.15,990,-40,97,-21.818181818181817,14.87,0.005348664469763837,1.5879564231039794e-05,-0.29250598040335035,0.998146665889248,0.2676781310335984,-0.0007903122235104363,44.413408837612685,4.157308595081529e-08,0.0005997551736116329,-1.79264875920579e-06,-0.14957087515281653,78.54321839771409,-0.004739397415167007,1.2791570447367535e-05,0.0741645304847476,24002.3,0.07229537775562274,0.011699999999999999,index_dividend_yield,0.065,11.6,65,23858,23896.05,23786.8,24055.8,mid_price,ok
2026-09-02T08:19:07.366633+00:00,2026-09-02T13:49:07.366633+05:30,NIFTY,29-Sep-2026,26600.0,PE,23873.95,2517.95,650,2609.1,65,0.0,2563.5249999999996,0,0,0,0,0,,,,,,,,,,,,,,,0.0741645304847476,,,,,,11.6,65,23858,23896.05,23786.8,24055.8,mid_price,no_price_available
2026-09-02T08:19:07.366633+00:00,2026-09-02T13:49:07.366633+05:30,NIFTY,29-Sep-2026,26650.0,CE,23873.95,1.9,780,2.45,780,2.75,2.175,7,-4,12,-11.290322580645162,15.56,0.006536994523272936,1.8130481085730522e-05,-0.3651440152300974,1.1925146756176759,0.2975044873654363,-0.0009179396572884958,47.995376479633585,4.39846373741194e-08,0.0006131574580999922,-1.9164143668385573e-06,-0.17011786667122264,73.67281259282716,-0.00577656821447721,1.4550015679067866e-05,0.0741645304847476,24002.3,0.07229537775562274,0.011699999999999999,index_dividend_yield,0.065,11.6,65,23858,23896.05,23786.8,24055.8,mid_price,wide_quote_low_liquidity
2026-09-02T08:19:07.366633+00:00,2026-09-02T13:49:07.366633+05:30,NIFTY,29-Sep-2026,26650.0,PE,23873.95,2566.9,650,2659.5,65,0.0,2613.2,0,0,0,0,0,,,,,,,,,,,,,,,0.0741645304847476,,,,,,11.6,65,23858,23896.05,23786.8,24055.8,mid_price,no_price_available
2026-09-02T08:19:07.366633+00:00,2026-09-02T13:49:07.366633+05:30,NIFTY,29-Sep-2026,26700.0,CE,23873.95,1.8,780,2.1,130,2.1,1.9500000000000002,42,1,12,-14.285714285714286,15.31,0.005115806505530393,1.4824367303947373e-05,-0.28885269143112635,0.9593921691314908,0.2514980221052835,-0.0007626448021426993,41.981808934494325,3.789851726750177e-08,0.0005518402399893568,-1.6931054142673544e-06,-0.1450315121471003,76.63131914993039,-0.004514633523874446,1.1852288226258317e-05,0.0741645304847476,24002.3,0.07229537775562274,0.011699999999999999,index_dividend_yield,0.065,11.6,65,23858,23896.05,23786.8,24055.8,mid_price,wide_quote_low_liquidity
2026-09-02T08:19:07.366633+00:00,2026-09-02T13:49:07.366633+05:30,NIFTY,29-Sep-2026,26700.0,PE,23873.95,2615.7,650,2709.75,65,0.0,2662.725,0,0,0,0,0,,,,,,,,,,,,,,,0.0741645304847476,,,,,,11.6,65,23858,23896.05,23786.8,24055.8,mid_price,no_price_available
2026-09-02T08:19:07.366633+00:00,2026-09-02T13:49:07.366633+05:30,NIFTY,29-Sep-2026,26750.0,CE,23873.95,1.65,845,2,520,1.95,1.825,120,-3,12,-18.75,15.43,0.004769199566570236,1.3817827368302576e-05,-0.27322220290313004,0.9012608378625302,0.23662932692080416,-0.0007223513968625641,39.87252883828529,3.538781500611918e-08,0.0005217332656950281,-1.6107172942128837e-06,-0.13836967498008823,76.53846160127652,-0.004200823129391725,1.1006284884129029e-05,0.0741645304847476,24002.3,0.07229537775562274,0.011699999999999999,index_dividend_yield,0.065,11.6,65,23858,23896.05,23786.8,24055.8,mid_price,wide_quote_low_liquidity
2026-09-02T08:19:07.366633+00:00,2026-09-02T13:49:07.366633+05:30,NIFTY,29-Sep-2026,26750.0,PE,23873.95,2665.15,650,2925,715,0.0,2795.075,1,0,0,0,18.46,,,,,,,,,,,,,,,0.0741645304847476,,,,,,11.6,65,23858,23896.05,23786.8,24055.8,mid_price,no_price_available
2026-09-02T08:19:07.366633+00:00,2026-09-02T13:49:07.366633+05:30,NIFTY,29-Sep-2026,26800.0,CE,23873.95,1.55,650,2.4,650,0.0,1.975,39,0,0,0,16.06,0.005679152057972679,1.5507362522038033e-05,-0.33175295308459085,1.052757374355007,0.2596156439847344,-0.0008239188149499997,42.72232986179558,3.717643098115184e-08,0.0005327287450576723,-1.7105727061325472e-06,-0.155032898908935,72.38122288063339,-0.004989201572565417,1.2306000023403744e-05,0.0741645304847476,24002.3,0.07229537775562274,0.011699999999999999,index_dividend_yield,0.065,11.6,65,23858,23896.05,23786.8,24055.8,mid_price,wide_quote_low_liquidity
2026-09-02T08:19:07.366633+00:00,2026-09-02T13:49:07.366633+05:30,NIFTY,29-Sep-2026,26800.0,PE,23873.95,2583.55,650,2824.4,65,0.0,2703.9750000000004,21,0,0,0,0,,,,,,,,,,,,,,,0.0741645304847476,,,,,,11.6,65,23858,23896.05,23786.8,24055.8,mid_price,no_price_available
2026-09-02T08:19:07.366633+00:00,2026-09-02T13:49:07.366633+05:30,NIFTY,29-Sep-2026,26850.0,CE,23873.95,2,65,2.6,975,0.0,2.3,76,0,0,0,16.08,0.005072673461232802,1.4008501049589228e-05,-0.30019598210049386,0.9521876033221153,0.2381144956269698,-0.000755822374642134,39.79334536437873,3.40849267552089e-08,0.0004982958460310568,-1.5993566771380176e-06,-0.14390377512538244,73.06392322277499,-0.0044486865843343226,1.1075201766233901e-05,0.0741645304847476,24002.3,0.07229537775562274,0.011699999999999999,index_dividend_yield,0.065,11.6,65,23858,23896.05,23786.8,24055.8,mid_price,wide_quote_low_liquidity
2026-09-02T08:19:07.366633+00:00,2026-09-02T13:49:07.366633+05:30,NIFTY,29-Sep-2026,26850.0,PE,23873.95,2762.35,650,2860.75,65,0.0,2811.55,0,0,0,0,0,,,,,,,,,,,,,,,0.0741645304847476,,,,,,11.6,65,23858,23896.05,23786.8,24055.8,mid_price,no_price_available
2026-09-02T08:19:07.366633+00:00,2026-09-02T13:49:07.366633+05:30,NIFTY,29-Sep-2026,26900.0,CE,23873.95,1.5,520,2.4,650,0.0,1.95,56,0,0,0,16.32,0.005022956576709637,1.368196999810147e-05,-0.3017361772537184,0.9438730799022172,0.23292562029593497,-0.0007496008597466302,38.977866494381004,3.283087938976478e-08,0.000481148853490784,-1.5654000263738718e-06,-0.14287664928719446,72.06908629556017,-0.004396055225291961,1.0776869743387531e-05,0.0741645304847476,24002.3,0.07229537775562274,0.011699999999999999,index_dividend_yield,0.065,11.6,65,23858,23896.05,23786.8,24055.8,mid_price,wide_quote_low_liquidity
2026-09-02T08:19:07.366633+00:00,2026-09-02T13:49:07.366633+05:30,NIFTY,29-Sep-2026,26900.0,PE,23873.95,2811.05,650,3075.95,650,0.0,2943.5,1,0,0,0,20.92,,,,,,,,,,,,,,,0.0741645304847476,,,,,,11.6,65,23858,23896.05,23786.8,24055.8,mid_price,no_price_available
2026-09-02T08:19:07.366633+00:00,2026-09-02T13:49:07.366633+05:30,NIFTY,29-Sep-2026,26950.0,CE,23873.95,1.4,1755,2.55,650,0.0,1.9749999999999999,46,0,0,0,15.79,0.003412326360953107,1.0006098887753655e-05,-0.20649268939190232,0.6678696868290664,0.17878469945611583,-0.0005561627150909004,31.440732716209784,2.61673870519606e-08,0.00040765322848249503,-1.2803165578441379e-06,-0.11014743036253825,77.08787245333433,-0.0029836333474949897,7.852280615258026e-06,0.0741645304847476,24002.3,0.07229537775562274,0.011699999999999999,index_dividend_yield,0.065,11.6,65,23858,23896.05,23786.8,24055.8,mid_price,wide_quote_low_liquidity
2026-09-02T08:19:07.366633+00:00,2026-09-02T13:49:07.366633+05:30,NIFTY,29-Sep-2026,26950.0,PE,23873.95,2859.9,650,2961.25,65,0.0,2910.575,0,0,0,0,0,,,,,,,,,,,,,,,0.0741645304847476,,,,,,11.6,65,23858,23896.05,23786.8,24055.8,mid_price,no_price_available
2026-09-02T08:19:07.366633+00:00,2026-09-02T13:49:07.366633+05:30,NIFTY,29-Sep-2026,27000.0,CE,23873.95,1.9,325,1.95,2405,1.9,1.9249999999999998,25827,-374,4272,0,16.57,0.0044358489245641996,1.2061394741388523e-05,-0.2737659725670889,0.8448212926710181,0.20874164104017637,-0.0006807198540758081,35.51058844841548,2.89856147134272e-08,0.0004341683324473366,-1.430320684755172e-06,-0.1314112144471291,71.81080083569219,-0.003867648507633501,9.43014917284381e-06,0.0741645304847476,24002.3,0.07229537775562274,0.011699999999999999,index_dividend_yield,0.065,11.6,65,23858,23896.05,23786.8,24055.8,mid_price,ok
2026-09-02T08:19:07.366633+00:00,2026-09-02T13:49:07.366633+05:30,NIFTY,29-Sep-2026,27000.0,PE,23873.95,2972.55,65,2986.75,65,2984.7,2979.65,24051.46153846154,-352,1538,3.409209021931192,27.62,,,,,,,,,,,,,,,0.0741645304847476,,,,,,11.6,65,23858,23896.05,23786.8,24055.8,mid_price,no_price_available
2026-09-02T08:19:07.366633+00:00,2026-09-02T13:49:07.366633+05:30,NIFTY,29-Sep-2026,27050.0,CE,23873.95,1.2,1300,2.25,260,0.0,1.725,63,0,0,0,16.46,0.0037251648377009563,1.0385209794166548e-05,-0.23245627046388737,0.722586621973179,0.18370304815195998,-0.0005945477994693349,31.956318337975908,2.572251352808008e-08,0.00039616955949349486,-1.2944403360629308e-06,-0.11677712623431523,73.42251968013437,-0.003242999275013188,8.089641862056783e-06,0.0741645304847476,24002.3,0.07229537775562274,0.011699999999999999,index_dividend_yield,0.065,11.6,65,23858,23896.05,23786.8,24055.8,mid_price,wide_quote_low_liquidity
2026-09-02T08:19:07.366633+00:00,2026-09-02T13:49:07.366633+05:30,NIFTY,29-Sep-2026,27050.0,PE,23873.95,2957.6,650,3061.9,65,0.0,3009.75,0,0,0,0,0,,,,,,,,,,,,,,,0.0741645304847476,,,,,,11.6,65,23858,23896.05,23786.8,24055.8,mid_price,no_price_available
2026-09-02T08:19:07.366633+00:00,2026-09-02T13:49:07.366633+05:30,NIFTY,29-Sep-2026,27100.0,CE,23873.95,1.3,130,1.9,325,1.45,1.6,220,-23,75,-17.142857142857142,16.55,0.0034442061358943344,9.626700628732737e-06,-0.21768111561479553,0.6734731346322487,0.1719408255349221,-0.00055901642099876,30.20280216172516,2.395239030059559e-08,0.00037353366273964295,-1.2256139780231819e-06,-0.11064046222321611,73.53134656549423,-0.002992935422654814,7.4711498039047e-06,0.0741645304847476,24002.3,0.07229537775562274,0.011699999999999999,index_dividend_yield,0.065,11.6,65,23858,23896.05,23786.8,24055.8,mid_price,wide_quote_low_liquidity
2026-09-02T08:19:07.366633+00:00,2026-09-02T13:49:07.366633+05:30,NIFTY,29-Sep-2026,27100.0,PE,23873.95,3006.45,650,3112.2,65,0.0,3059.325,0,0,0,0,0,,,,,,,,,,,,,,,0.0741645304847476,,,,,,11.6,65,23858,23896.05,23786.8,24055.8,mid_price,no_price_available
2026-09-02T08:19:07.366633+00:00,2026-09-02T13:49:07.366633+05:30,NIFTY,29-Sep-2026,27150.0,CE,23873.95,1.6,65,2,65,1.8,1.8,129,9,10,-16.27906976744186,17.17,0.004116090589146853,1.0886801391148363e-05,-0.2646906715949454,0.7901606661586803,0.1903303787046239,-0.0006413863092195092,32.69335069686602,2.547581629246756e-08,0.0003870234788153248,-1.3166686484693471e-06,-0.12477110450053885,69.80340090769708,-0.0035675715636121017,8.418005249092585e-06,0.0741645304847476,24002.3,0.07229537775562274,0.011699999999999999,index_dividend_yield,0.065,11.6,65,23858,23896.05,23786.8,24055.8,mid_price,wide_quote_low_liquidity
2026-09-02T08:19:07.366633+00:00,2026-09-02T13:49:07.366633+05:30,NIFTY,29-Sep-2026,27150.0,PE,23873.95,3055.4,650,3162.6,65,0.0,3109.0,0,0,0,0,0,,,,,,,,,,,,,,,0.0741645304847476,,,,,,11.6,65,23858,23896.05,23786.8,24055.8,mid_price,no_price_available
2026-09-02T08:19:07.366633+00:00,2026-09-02T13:49:07.366633+05:30,NIFTY,29-Sep-2026,27200.0,CE,23873.95,1.55,195,1.6,130,1.6,1.5750000000000002,625,15,59,0,17.18,0.0036794242266845697,9.840317879332656e-06,-0.23937305899561753,0.7146231799261413,0.17445423221110093,-0.0005877335136199209,30.39448832350028,2.3356439328281964e-08,0.0003612342150882652,-1.2280730556790252e-06,-0.11560277749755543,70.46111933262853,-0.00318366585025572,7.5808844994833385e-06,0.0741645304847476,24002.3,0.07229537775562274,0.011699999999999999,index_dividend_yield,0.065,11.6,65,23858,23896.05,23786.8,24055.8,mid_price,ok
2026-09-02T08:19:07.366633+00:00,2026-09-02T13:49:07.366633+05:30,NIFTY,29-Sep-2026,27200.0,PE,23873.95,3104.2,650,3212.85,65,0.0,3158.5249999999996,0,0,0,0,0,,,,,,,,,,,,,,,0.0741645304847476,,,,,,11.6,65,23858,23896.05,23786.8,24055.8,mid_price,no_price_available
2026-09-02T08:19:07.366633+00:00,2026-09-02T13:49:07.366633+05:30,NIFTY,29-Sep-2026,28500.0,CE,23873.95,1,390,1.1,1495,1.05,1.05,8700,3,241,5,21.97,0.0020879984075070175,4.61515933106899e-06,-0.18105540032332856,0.42860927762020695,0.08774638960732739,-0.00037209986965348256,16.339928115167627,9.10783937953648e-09,0.00015493110049670324,-6.607124439940362e-07,-0.07721187873085911,57.98626414445687,-0.0017189159454781106,3.238512210663126e-06,0.0741645304847476,24002.3,0.07229537775562274,0.011699999999999999,index_dividend_yield,0.065,11.6,65,23858,23896.05,23786.8,24055.8,mid_price,ok
2026-09-02T08:19:07.366633+00:00,2026-09-02T13:49:07.366633+05:30,NIFTY,29-Sep-2026,28500.0,PE,23873.95,4452.85,260,4470.1,65,4455.05,4461.475,6692,-8,13,2.051311419081434,36.66,,,,,,,,,,,,,,,0.0741645304847476,,,,,,11.6,65,23858,23896.05,23786.8,24055.8,mid_price,no_price_available
2026-09-02T08:19:07.366633+00:00,2026-09-02T13:49:07.366633+05:30,NIFTY,29-Sep-2026,30000.0,CE,23873.95,0.9,520,1,10790,1,0.95,4627.384615384615,-54,119,5.2631578947368425,27.61,0.0016000481941955596,2.8829621199235243e-06,-0.17702652911316827,0.3364729488724958,0.05666130775035011,-0.00029897807177088663,10.858274221299396,4.629031842426127e-09,8.259143693198625e-05,-4.375365566926774e-07,-0.06351226335488586,47.305200783237154,-0.0012463986524404343,1.8257654592274573e-06,0.0741645304847476,24002.3,0.07229537775562274,0.011699999999999999,index_dividend_yield,0.065,11.6,65,23858,23896.05,23786.8,24055.8,mid_price,ok
2026-09-02T08:19:07.366633+00:00,2026-09-02T13:49:07.366633+05:30,NIFTY,29-Sep-2026,30000.0,PE,23873.95,5936.75,195,5964.1,65,5963.95,5950.425,2213,-13,61,1.2959330123224038,48.34,,,,,,,,,,,,,,,0.0741645304847476,,,,,,11.6,65,23858,23896.05,23786.8,24055.8,mid_price,no_price_available
2026-09-02T08:19:07.366633+00:00,2026-09-02T13:49:07.366633+05:30,NIFTY,29-Sep-2026,31500.0,CE,23873.95,0.65,975,1.2,1300,0.0,0.925,264,0,0,0,32.7,0.001246807017910078,1.9383713388779233e-06,-0.16604658191512814,0.267935058769741,0.03923241284505756,-0.00024370978377703906,7.7129242725078315,2.6826874946778107e-09,4.987006353855548e-05,-3.107176154747339e-07,-0.05286365397071979,40.843639308861746,-0.0009218229833311338,1.113433879825284e-06,0.0741645304847476,24002.3,0.07229537775562274,0.011699999999999999,index_dividend_yield,0.065,11.6,65,23858,23896.05,23786.8,24055.8,mid_price,wide_quote_low_liquidity
2026-09-02T08:19:07.366633+00:00,2026-09-02T13:49:07.366633+05:30,NIFTY,29-Sep-2026,31500.0,PE,23873.95,,0,7882,1690,0.0,,0,0,0,0,0,,,,,,,,,,,,,,,0.0741645304847476,,,,,,11.6,65,23858,23896.05,23786.8,24055.8,none,no_price_available
2026-09-02T08:19:07.366633+00:00,2026-09-02T13:49:07.366633+05:30,NIFTY,29-Sep-2026,33000.0,CE,23873.95,0.85,1495,0.95,130,0.9,0.8999999999999999,554,-8,55,20,38,0.0011889188694571592,1.5970018740331467e-06,-0.1840542385092654,0.25652744404327504,0.0326217355873761,-0.0002345326345567621,6.443770032005941,1.9005589270517863e-09,3.591214918238035e-05,-2.588241063317709e-07,-0.051067621622129966,35.40120391052213,-0.0008358304134687558,8.358456872657588e-07,0.0741645304847476,24002.3,0.07229537775562274,0.011699999999999999,index_dividend_yield,0.065,11.6,65,23858,23896.05,23786.8,24055.8,mid_price,ok
2026-09-02T08:19:07.366633+00:00,2026-09-02T13:49:07.366633+05:30,NIFTY,29-Sep-2026,33000.0,PE,23873.95,,0,9441.75,1690,0.0,,0,0,0,0,0,,,,,,,,,,,,,,,0.0741645304847476,,,,,,11.6,65,23858,23896.05,23786.8,24055.8,none,no_price_available
2026-09-02T08:19:07.366633+00:00,2026-09-02T13:49:07.366633+05:30,NIFTY,29-Sep-2026,34500.0,CE,23873.95,0.4,65,2.45,1365,0.0,1.425,152,0,0,0,34.32,5.897314441667451e-05,1.0790926704399695e-07,-0.010124073678608863,0.015654919309649025,0.0027672938479171723,-1.7939066751791485e-05,0.692690467270462,1.8255441109319725e-10,4.460081357078595e-06,-2.893814844088671e-08,-0.0047802171918758015,46.91470012280594,-3.993946813571278e-05,5.1673646809888153e-08,0.0741645304847476,24002.3,0.07229537775562274,0.011699999999999999,index_dividend_yield,0.065,11.6,65,23858,23896.05,23786.8,24055.8,mid_price,wide_quote_low_liquidity
2026-09-02T08:19:07.366633+00:00,2026-09-02T13:49:07.366633+05:30,NIFTY,29-Sep-2026,34500.0,PE,23873.95,,0,10998.85,1690,0.0,,0,0,0,0,0,,,,,,,,,,,,,,,0.0741645304847476,,,,,,11.6,65,23858,23896.05,23786.8,24055.8,none,no_price_available
