fetch_ts_utc,fetch_ts_ist,symbol,expiry_date,strike,option_type,underlying_value,bid_price,bid_qty,ask_price,ask_qty,ltp,mid_price,open_interest,change_in_oi,total_traded_volume,pchange_vs_prev_close,nse_iv,delta,gamma,theta,vega,vanna,charm,vomma,speed,zomma,color,veta,omega,dual_delta,dual_gamma,time_to_expiry_years,futures_price,implied_cost_of_carry,dividend_yield_used,dividend_yield_source,risk_free_rate_used,india_vix,lot_size,underlying_day_open,underlying_day_high,underlying_day_low,underlying_prev_close,price_source_for_iv,data_quality_flag
2026-08-25T04:22:00.195794+00:00,2026-08-25T09:52:00.195794+05:30,NIFTYNXT50,25-Aug-2026,58500.0,CE,73846.35,13268.75,550,16497.2,550,0.0,14882.975,0,0,0,0,0,,,,,,,,,,,,,,,0.0006430683728437342,,,,,,11.41,25,73930.35,73946,73646,74022.4,mid_price,no_price_available
2026-08-25T04:22:00.195794+00:00,2026-08-25T09:52:00.195794+05:30,NIFTYNXT50,25-Aug-2026,58500.0,PE,0,,0,,0,0.0,,0,0,0,0,0,,,,,,,,,,,,,,,0.0006430683728437342,,,,,,11.41,25,73930.35,73946,73646,74022.4,none,no_price_available
2026-08-25T04:22:00.195794+00:00,2026-08-25T09:52:00.195794+05:30,NIFTYNXT50,25-Aug-2026,59000.0,CE,73846.35,12785.9,550,15948.5,550,0.0,14367.2,0,0,0,0,0,,,,,,,,,,,,,,,0.0006430683728437342,,,,,,11.41,25,73930.35,73946,73646,74022.4,mid_price,no_price_available
2026-08-25T04:22:00.195794+00:00,2026-08-25T09:52:00.195794+05:30,NIFTYNXT50,25-Aug-2026,59000.0,PE,0,,0,,0,0.0,,0,0,0,0,0,,,,,,,,,,,,,,,0.0006430683728437342,,,,,,11.41,25,73930.35,73946,73646,74022.4,none,no_price_available
2026-08-25T04:22:00.195794+00:00,2026-08-25T09:52:00.195794+05:30,NIFTYNXT50,25-Aug-2026,59500.0,CE,73846.35,12387.15,550,15434.25,550,0.0,13910.7,0,0,0,0,0,,,,,,,,,,,,,,,0.0006430683728437342,,,,,,11.41,25,73930.35,73946,73646,74022.4,mid_price,no_price_available
2026-08-25T04:22:00.195794+00:00,2026-08-25T09:52:00.195794+05:30,NIFTYNXT50,25-Aug-2026,59500.0,PE,0,,0,,0,0.0,,0,0,0,0,0,,,,,,,,,,,,,,,0.0006430683728437342,,,,,,11.41,25,73930.35,73946,73646,74022.4,none,no_price_available
2026-08-25T04:22:00.195794+00:00,2026-08-25T09:52:00.195794+05:30,NIFTYNXT50,25-Aug-2026,60000.0,CE,73846.35,11906.55,550,14881.75,550,0.0,13394.15,0,0,0,0,0,,,,,,,,,,,,,,,0.0006430683728437342,,,,,,11.41,25,73930.35,73946,73646,74022.4,mid_price,no_price_available
2026-08-25T04:22:00.195794+00:00,2026-08-25T09:52:00.195794+05:30,NIFTYNXT50,25-Aug-2026,60000.0,PE,0,,0,,0,0.0,,0,0,0,0,0,,,,,,,,,,,,,,,0.0006430683728437342,,,,,,11.41,25,73930.35,73946,73646,74022.4,none,no_price_available
2026-08-25T04:22:00.195794+00:00,2026-08-25T09:52:00.195794+05:30,NIFTYNXT50,25-Aug-2026,60500.0,CE,73846.35,11505.55,550,14365.55,550,0.0,12935.55,0,0,0,0,0,,,,,,,,,,,,,,,0.0006430683728437342,,,,,,11.41,25,73930.35,73946,73646,74022.4,mid_price,no_price_available
2026-08-25T04:22:00.195794+00:00,2026-08-25T09:52:00.195794+05:30,NIFTYNXT50,25-Aug-2026,60500.0,PE,0,,0,,0,0.0,,0,0,0,0,0,,,,,,,,,,,,,,,0.0006430683728437342,,,,,,11.41,25,73930.35,73946,73646,74022.4,none,no_price_available
2026-08-25T04:22:00.195794+00:00,2026-08-25T09:52:00.195794+05:30,NIFTYNXT50,25-Aug-2026,61000.0,CE,73846.35,11029.15,550,13814.9,550,0.0,12422.025,0,0,0,0,0,,,,,,,,,,,,,,,0.0006430683728437342,,,,,,11.41,25,73930.35,73946,73646,74022.4,mid_price,no_price_available
2026-08-25T04:22:00.195794+00:00,2026-08-25T09:52:00.195794+05:30,NIFTYNXT50,25-Aug-2026,61000.0,PE,0,,0,,0,0.0,,0,0,0,0,0,,,,,,,,,,,,,,,0.0006430683728437342,,,,,,11.41,25,73930.35,73946,73646,74022.4,none,no_price_available
2026-08-25T04:22:00.195794+00:00,2026-08-25T09:52:00.195794+05:30,NIFTYNXT50,25-Aug-2026,61500.0,CE,73846.35,10623.95,550,13282.95,550,0.0,11953.45,0,0,0,0,0,,,,,,,,,,,,,,,0.0006430683728437342,,,,,,11.41,25,73930.35,73946,73646,74022.4,mid_price,no_price_available
2026-08-25T04:22:00.195794+00:00,2026-08-25T09:52:00.195794+05:30,NIFTYNXT50,25-Aug-2026,61500.0,PE,0,,0,,0,0.0,,0,0,0,0,0,,,,,,,,,,,,,,,0.0006430683728437342,,,,,,11.41,25,73930.35,73946,73646,74022.4,none,no_price_available
2026-08-25T04:22:00.195794+00:00,2026-08-25T09:52:00.195794+05:30,NIFTYNXT50,25-Aug-2026,62000.0,CE,73846.35,10183.15,550,12748.1,550,0.0,11465.625,0,0,0,0,0,,,,,,,,,,,,,,,0.0006430683728437342,,,,,,11.41,25,73930.35,73946,73646,74022.4,mid_price,no_price_available
2026-08-25T04:22:00.195794+00:00,2026-08-25T09:52:00.195794+05:30,NIFTYNXT50,25-Aug-2026,62000.0,PE,73846.35,,0,3,25,0.0,,16,0,0,0,49.96,,,,,,,,,,,,,,,0.0006430683728437342,,,,,,11.41,25,73930.35,73946,73646,74022.4,none,no_price_available
2026-08-25T04:22:00.195794+00:00,2026-08-25T09:52:00.195794+05:30,NIFTYNXT50,25-Aug-2026,62200.0,CE,73846.35,9964.8,550,12553.2,550,0.0,11259.0,0,0,0,0,0,,,,,,,,,,,,,,,0.0006430683728437342,,,,,,11.41,25,73930.35,73946,73646,74022.4,mid_price,no_price_available
2026-08-25T04:22:00.195794+00:00,2026-08-25T09:52:00.195794+05:30,NIFTYNXT50,25-Aug-2026,62200.0,PE,0,,0,,0,0.0,,0,0,0,0,0,,,,,,,,,,,,,,,0.0006430683728437342,,,,,,11.41,25,73930.35,73946,73646,74022.4,none,no_price_available
2026-08-25T04:22:00.195794+00:00,2026-08-25T09:52:00.195794+05:30,NIFTYNXT50,25-Aug-2026,62300.0,CE,73846.35,9918.7,550,12461.45,550,0.0,11190.075,0,0,0,0,0,,,,,,,,,,,,,,,0.0006430683728437342,,,,,,11.41,25,73930.35,73946,73646,74022.4,mid_price,no_price_available
2026-08-25T04:22:00.195794+00:00,2026-08-25T09:52:00.195794+05:30,NIFTYNXT50,25-Aug-2026,62300.0,PE,0,,0,,0,0.0,,0,0,0,0,0,,,,,,,,,,,,,,,0.0006430683728437342,,,,,,11.41,25,73930.35,73946,73646,74022.4,none,no_price_available
2026-08-25T04:22:00.195794+00:00,2026-08-25T09:52:00.195794+05:30,NIFTYNXT50,25-Aug-2026,62400.0,CE,73846.35,,0,12401.25,550,0.0,,0,0,0,0,0,,,,,,,,,,,,,,,0.0006430683728437342,,,,,,11.41,25,73930.35,73946,73646,74022.4,none,no_price_available
2026-08-25T04:22:00.195794+00:00,2026-08-25T09:52:00.195794+05:30,NIFTYNXT50,25-Aug-2026,62400.0,PE,0,,0,,0,0.0,,0,0,0,0,0,,,,,,,,,,,,,,,0.0006430683728437342,,,,,,11.41,25,73930.35,73946,73646,74022.4,none,no_price_available
2026-08-25T04:22:00.195794+00:00,2026-08-25T09:52:00.195794+05:30,NIFTYNXT50,25-Aug-2026,62500.0,CE,73846.35,9742.35,550,12234.25,550,0.0,10988.3,0,0,0,0,0,,,,,,,,,,,,,,,0.0006430683728437342,,,,,,11.41,25,73930.35,73946,73646,74022.4,mid_price,no_price_available
2026-08-25T04:22:00.195794+00:00,2026-08-25T09:52:00.195794+05:30,NIFTYNXT50,25-Aug-2026,62500.0,PE,0,,0,,0,0.0,,0,0,0,0,0,,,,,,,,,,,,,,,0.0006430683728437342,,,,,,11.41,25,73930.35,73946,73646,74022.4,none,no_price_available
2026-08-25T04:22:00.195794+00:00,2026-08-25T09:52:00.195794+05:30,NIFTYNXT50,25-Aug-2026,62600.0,CE,73846.35,9618.6,550,12124.05,550,0.0,10871.325,0,0,0,0,0,,,,,,,,,,,,,,,0.0006430683728437342,,,,,,11.41,25,73930.35,73946,73646,74022.4,mid_price,no_price_available
2026-08-25T04:22:00.195794+00:00,2026-08-25T09:52:00.195794+05:30,NIFTYNXT50,25-Aug-2026,62600.0,PE,0,,0,,0,0.0,,0,0,0,0,0,,,,,,,,,,,,,,,0.0006430683728437342,,,,,,11.41,25,73930.35,73946,73646,74022.4,none,no_price_available
2026-08-25T04:22:00.195794+00:00,2026-08-25T09:52:00.195794+05:30,NIFTYNXT50,25-Aug-2026,62700.0,CE,73846.35,9566.05,550,12021,550,0.0,10793.525,0,0,0,0,0,,,,,,,,,,,,,,,0.0006430683728437342,,,,,,11.41,25,73930.35,73946,73646,74022.4,mid_price,no_price_available
2026-08-25T04:22:00.195794+00:00,2026-08-25T09:52:00.195794+05:30,NIFTYNXT50,25-Aug-2026,62700.0,PE,0,,0,,0,0.0,,0,0,0,0,0,,,,,,,,,,,,,,,0.0006430683728437342,,,,,,11.41,25,73930.35,73946,73646,74022.4,none,no_price_available
2026-08-25T04:22:00.195794+00:00,2026-08-25T09:52:00.195794+05:30,NIFTYNXT50,25-Aug-2026,62800.0,CE,73846.35,9477.9,550,11910.35,550,0.0,10694.125,0,0,0,0,0,,,,,,,,,,,,,,,0.0006430683728437342,,,,,,11.41,25,73930.35,73946,73646,74022.4,mid_price,no_price_available
2026-08-25T04:22:00.195794+00:00,2026-08-25T09:52:00.195794+05:30,NIFTYNXT50,25-Aug-2026,62800.0,PE,0,,0,,0,0.0,,0,0,0,0,0,,,,,,,,,,,,,,,0.0006430683728437342,,,,,,11.41,25,73930.35,73946,73646,74022.4,none,no_price_available
2026-08-25T04:22:00.195794+00:00,2026-08-25T09:52:00.195794+05:30,NIFTYNXT50,25-Aug-2026,62900.0,CE,73846.35,9389.75,550,11823.3,550,0.0,10606.525,0,0,0,0,0,,,,,,,,,,,,,,,0.0006430683728437342,,,,,,11.41,25,73930.35,73946,73646,74022.4,mid_price,no_price_available
2026-08-25T04:22:00.195794+00:00,2026-08-25T09:52:00.195794+05:30,NIFTYNXT50,25-Aug-2026,62900.0,PE,0,,0,,0,0.0,,0,0,0,0,0,,,,,,,,,,,,,,,0.0006430683728437342,,,,,,11.41,25,73930.35,73946,73646,74022.4,none,no_price_available
2026-08-25T04:22:00.195794+00:00,2026-08-25T09:52:00.195794+05:30,NIFTYNXT50,25-Aug-2026,63000.0,CE,73846.35,9258.9,550,11699.4,550,0.0,10479.15,0,0,0,0,0,,,,,,,,,,,,,,,0.0006430683728437342,,,,,,11.41,25,73930.35,73946,73646,74022.4,mid_price,no_price_available
2026-08-25T04:22:00.195794+00:00,2026-08-25T09:52:00.195794+05:30,NIFTYNXT50,25-Aug-2026,63000.0,PE,0,,0,,0,0.0,,0,0,0,0,0,,,,,,,,,,,,,,,0.0006430683728437342,,,,,,11.41,25,73930.35,73946,73646,74022.4,none,no_price_available
2026-08-25T04:22:00.195794+00:00,2026-08-25T09:52:00.195794+05:30,NIFTYNXT50,25-Aug-2026,63100.0,CE,73846.35,9213.4,550,11590.8,550,0.0,10402.099999999999,0,0,0,0,0,,,,,,,,,,,,,,,0.0006430683728437342,,,,,,11.41,25,73930.35,73946,73646,74022.4,mid_price,no_price_available
2026-08-25T04:22:00.195794+00:00,2026-08-25T09:52:00.195794+05:30,NIFTYNXT50,25-Aug-2026,63100.0,PE,0,,0,,0,0.0,,0,0,0,0,0,,,,,,,,,,,,,,,0.0006430683728437342,,,,,,11.41,25,73930.35,73946,73646,74022.4,none,no_price_available
2026-08-25T04:22:00.195794+00:00,2026-08-25T09:52:00.195794+05:30,NIFTYNXT50,25-Aug-2026,63200.0,CE,73846.35,9125.25,550,,0,0.0,,0,0,0,0,0,,,,,,,,,,,,,,,0.0006430683728437342,,,,,,11.41,25,73930.35,73946,73646,74022.4,none,no_price_available
2026-08-25T04:22:00.195794+00:00,2026-08-25T09:52:00.195794+05:30,NIFTYNXT50,25-Aug-2026,63200.0,PE,0,,0,,0,0.0,,0,0,0,0,0,,,,,,,,,,,,,,,0.0006430683728437342,,,,,,11.41,25,73930.35,73946,73646,74022.4,none,no_price_available
2026-08-25T04:22:00.195794+00:00,2026-08-25T09:52:00.195794+05:30,NIFTYNXT50,25-Aug-2026,63300.0,CE,73846.35,9037.1,550,11396.6,550,0.0,10216.85,0,0,0,0,0,,,,,,,,,,,,,,,0.0006430683728437342,,,,,,11.41,25,73930.35,73946,73646,74022.4,mid_price,no_price_available
2026-08-25T04:22:00.195794+00:00,2026-08-25T09:52:00.195794+05:30,NIFTYNXT50,25-Aug-2026,63300.0,PE,0,,0,,0,0.0,,0,0,0,0,0,,,,,,,,,,,,,,,0.0006430683728437342,,,,,,11.41,25,73930.35,73946,73646,74022.4,none,no_price_available
2026-08-25T04:22:00.195794+00:00,2026-08-25T09:52:00.195794+05:30,NIFTYNXT50,25-Aug-2026,63400.0,CE,73846.35,8906.25,550,11270.3,550,0.0,10088.275,0,0,0,0,0,,,,,,,,,,,,,,,0.0006430683728437342,,,,,,11.41,25,73930.35,73946,73646,74022.4,mid_price,no_price_available
2026-08-25T04:22:00.195794+00:00,2026-08-25T09:52:00.195794+05:30,NIFTYNXT50,25-Aug-2026,63400.0,PE,0,,0,,0,0.0,,0,0,0,0,0,,,,,,,,,,,,,,,0.0006430683728437342,,,,,,11.41,25,73930.35,73946,73646,74022.4,none,no_price_available
2026-08-25T04:22:00.195794+00:00,2026-08-25T09:52:00.195794+05:30,NIFTYNXT50,25-Aug-2026,63500.0,CE,73846.35,8860.75,550,11164.95,550,0.0,10012.85,0,0,0,0,0,,,,,,,,,,,,,,,0.0006430683728437342,,,,,,11.41,25,73930.35,73946,73646,74022.4,mid_price,no_price_available
2026-08-25T04:22:00.195794+00:00,2026-08-25T09:52:00.195794+05:30,NIFTYNXT50,25-Aug-2026,63500.0,PE,0,,0,,0,0.0,,0,0,0,0,0,,,,,,,,,,,,,,,0.0006430683728437342,,,,,,11.41,25,73930.35,73946,73646,74022.4,none,no_price_available
2026-08-25T04:22:00.195794+00:00,2026-08-25T09:52:00.195794+05:30,NIFTYNXT50,25-Aug-2026,63600.0,CE,73846.35,8772.6,550,11059.35,550,0.0,9915.975,0,0,0,0,0,,,,,,,,,,,,,,,0.0006430683728437342,,,,,,11.41,25,73930.35,73946,73646,74022.4,mid_price,no_price_available
2026-08-25T04:22:00.195794+00:00,2026-08-25T09:52:00.195794+05:30,NIFTYNXT50,25-Aug-2026,63600.0,PE,0,,0,,0,0.0,,0,0,0,0,0,,,,,,,,,,,,,,,0.0006430683728437342,,,,,,11.41,25,73930.35,73946,73646,74022.4,none,no_price_available
2026-08-25T04:22:00.195794+00:00,2026-08-25T09:52:00.195794+05:30,NIFTYNXT50,25-Aug-2026,63700.0,CE,73846.35,8684.45,550,10971.8,550,0.0,9828.125,0,0,0,0,0,,,,,,,,,,,,,,,0.0006430683728437342,,,,,,11.41,25,73930.35,73946,73646,74022.4,mid_price,no_price_available
2026-08-25T04:22:00.195794+00:00,2026-08-25T09:52:00.195794+05:30,NIFTYNXT50,25-Aug-2026,63700.0,PE,0,,0,,0,0.0,,0,0,0,0,0,,,,,,,,,,,,,,,0.0006430683728437342,,,,,,11.41,25,73930.35,73946,73646,74022.4,none,no_price_available
2026-08-25T04:22:00.195794+00:00,2026-08-25T09:52:00.195794+05:30,NIFTYNXT50,25-Aug-2026,63800.0,CE,73846.35,8560.65,550,10846.3,550,0.0,9703.474999999999,0,0,0,0,0,,,,,,,,,,,,,,,0.0006430683728437342,,,,,,11.41,25,73930.35,73946,73646,74022.4,mid_price,no_price_available
2026-08-25T04:22:00.195794+00:00,2026-08-25T09:52:00.195794+05:30,NIFTYNXT50,25-Aug-2026,63800.0,PE,0,,0,,0,0.0,,0,0,0,0,0,,,,,,,,,,,,,,,0.0006430683728437342,,,,,,11.41,25,73930.35,73946,73646,74022.4,none,no_price_available
2026-08-25T04:22:00.195794+00:00,2026-08-25T09:52:00.195794+05:30,NIFTYNXT50,25-Aug-2026,63900.0,CE,73846.35,8508.15,550,10800.25,550,0.0,9654.2,0,0,0,0,0,,,,,,,,,,,,,,,0.0006430683728437342,,,,,,11.41,25,73930.35,73946,73646,74022.4,mid_price,no_price_available
2026-08-25T04:22:00.195794+00:00,2026-08-25T09:52:00.195794+05:30,NIFTYNXT50,25-Aug-2026,63900.0,PE,0,,0,,0,0.0,,0,0,0,0,0,,,,,,,,,,,,,,,0.0006430683728437342,,,,,,11.41,25,73930.35,73946,73646,74022.4,none,no_price_available
2026-08-25T04:22:00.195794+00:00,2026-08-25T09:52:00.195794+05:30,NIFTYNXT50,25-Aug-2026,64000.0,CE,73846.35,8419.95,550,10631.55,550,0.0,9525.75,0,0,0,0,0,,,,,,,,,,,,,,,0.0006430683728437342,,,,,,11.41,25,73930.35,73946,73646,74022.4,mid_price,no_price_available
2026-08-25T04:22:00.195794+00:00,2026-08-25T09:52:00.195794+05:30,NIFTYNXT50,25-Aug-2026,64000.0,PE,0,,0,,0,0.0,,0,0,0,0,0,,,,,,,,,,,,,,,0.0006430683728437342,,,,,,11.41,25,73930.35,73946,73646,74022.4,none,no_price_available
2026-08-25T04:22:00.195794+00:00,2026-08-25T09:52:00.195794+05:30,NIFTYNXT50,25-Aug-2026,64100.0,CE,73846.35,8331.8,550,10524.5,550,0.0,9428.15,0,0,0,0,0,,,,,,,,,,,,,,,0.0006430683728437342,,,,,,11.41,25,73930.35,73946,73646,74022.4,mid_price,no_price_available
2026-08-25T04:22:00.195794+00:00,2026-08-25T09:52:00.195794+05:30,NIFTYNXT50,25-Aug-2026,64100.0,PE,0,,0,,0,0.0,,0,0,0,0,0,,,,,,,,,,,,,,,0.0006430683728437342,,,,,,11.41,25,73930.35,73946,73646,74022.4,none,no_price_available
2026-08-25T04:22:00.195794+00:00,2026-08-25T09:52:00.195794+05:30,NIFTYNXT50,25-Aug-2026,64200.0,CE,73846.35,8201.6,550,10435.7,550,0.0,9318.650000000001,0,0,0,0,0,,,,,,,,,,,,,,,0.0006430683728437342,,,,,,11.41,25,73930.35,73946,73646,74022.4,mid_price,no_price_available
2026-08-25T04:22:00.195794+00:00,2026-08-25T09:52:00.195794+05:30,NIFTYNXT50,25-Aug-2026,64200.0,PE,0,,0,,0,0.0,,0,0,0,0,0,,,,,,,,,,,,,,,0.0006430683728437342,,,,,,11.41,25,73930.35,73946,73646,74022.4,none,no_price_available
2026-08-25T04:22:00.195794+00:00,2026-08-25T09:52:00.195794+05:30,NIFTYNXT50,25-Aug-2026,64300.0,CE,73846.35,8155.5,550,10314,550,0.0,9234.75,0,0,0,0,0,,,,,,,,,,,,,,,0.0006430683728437342,,,,,,11.41,25,73930.35,73946,73646,74022.4,mid_price,no_price_available
2026-08-25T04:22:00.195794+00:00,2026-08-25T09:52:00.195794+05:30,NIFTYNXT50,25-Aug-2026,64300.0,PE,0,,0,,0,0.0,,0,0,0,0,0,,,,,,,,,,,,,,,0.0006430683728437342,,,,,,11.41,25,73930.35,73946,73646,74022.4,none,no_price_available
2026-08-25T04:22:00.195794+00:00,2026-08-25T09:52:00.195794+05:30,NIFTYNXT50,25-Aug-2026,64400.0,CE,73846.35,8067.35,550,,0,0.0,,0,0,0,0,0,,,,,,,,,,,,,,,0.0006430683728437342,,,,,,11.41,25,73930.35,73946,73646,74022.4,none,no_price_available
2026-08-25T04:22:00.195794+00:00,2026-08-25T09:52:00.195794+05:30,NIFTYNXT50,25-Aug-2026,64400.0,PE,0,,0,,0,0.0,,0,0,0,0,0,,,,,,,,,,,,,,,0.0006430683728437342,,,,,,11.41,25,73930.35,73946,73646,74022.4,none,no_price_available
2026-08-25T04:22:00.195794+00:00,2026-08-25T09:52:00.195794+05:30,NIFTYNXT50,25-Aug-2026,64500.0,CE,73846.35,7939.35,550,10097.25,550,0.0,9018.3,0,0,0,0,0,,,,,,,,,,,,,,,0.0006430683728437342,,,,,,11.41,25,73930.35,73946,73646,74022.4,mid_price,no_price_available
2026-08-25T04:22:00.195794+00:00,2026-08-25T09:52:00.195794+05:30,NIFTYNXT50,25-Aug-2026,64500.0,PE,0,,0,,0,0.0,,0,0,0,0,0,,,,,,,,,,,,,,,0.0006430683728437342,,,,,,11.41,25,73930.35,73946,73646,74022.4,none,no_price_available
2026-08-25T04:22:00.195794+00:00,2026-08-25T09:52:00.195794+05:30,NIFTYNXT50,25-Aug-2026,64600.0,CE,73846.35,7848.35,550,9990.15,550,0.0,8919.25,0,0,0,0,0,,,,,,,,,,,,,,,0.0006430683728437342,,,,,,11.41,25,73930.35,73946,73646,74022.4,mid_price,no_price_available
2026-08-25T04:22:00.195794+00:00,2026-08-25T09:52:00.195794+05:30,NIFTYNXT50,25-Aug-2026,64600.0,PE,0,,0,,0,0.0,,0,0,0,0,0,,,,,,,,,,,,,,,0.0006430683728437342,,,,,,11.41,25,73930.35,73946,73646,74022.4,none,no_price_available
2026-08-25T04:22:00.195794+00:00,2026-08-25T09:52:00.195794+05:30,NIFTYNXT50,25-Aug-2026,64700.0,CE,73846.35,7802.85,550,9902.6,550,0.0,8852.725,0,0,0,0,0,,,,,,,,,,,,,,,0.0006430683728437342,,,,,,11.41,25,73930.35,73946,73646,74022.4,mid_price,no_price_available
2026-08-25T04:22:00.195794+00:00,2026-08-25T09:52:00.195794+05:30,NIFTYNXT50,25-Aug-2026,64700.0,PE,0,,0,,0,0.0,,0,0,0,0,0,,,,,,,,,,,,,,,0.0006430683728437342,,,,,,11.41,25,73930.35,73946,73646,74022.4,none,no_price_available
2026-08-25T04:22:00.195794+00:00,2026-08-25T09:52:00.195794+05:30,NIFTYNXT50,25-Aug-2026,64800.0,CE,73846.35,7714.7,550,9779.15,550,0.0,8746.925,0,0,0,0,0,,,,,,,,,,,,,,,0.0006430683728437342,,,,,,11.41,25,73930.35,73946,73646,74022.4,mid_price,no_price_available
2026-08-25T04:22:00.195794+00:00,2026-08-25T09:52:00.195794+05:30,NIFTYNXT50,25-Aug-2026,64800.0,PE,0,,0,,0,0.0,,0,0,0,0,0,,,,,,,,,,,,,,,0.0006430683728437342,,,,,,11.41,25,73930.35,73946,73646,74022.4,none,no_price_available
2026-08-25T04:22:00.195794+00:00,2026-08-25T09:52:00.195794+05:30,NIFTYNXT50,25-Aug-2026,64900.0,CE,73846.35,7626.55,550,9691.65,550,0.0,8659.1,0,0,0,0,0,,,,,,,,,,,,,,,0.0006430683728437342,,,,,,11.41,25,73930.35,73946,73646,74022.4,mid_price,no_price_available
2026-08-25T04:22:00.195794+00:00,2026-08-25T09:52:00.195794+05:30,NIFTYNXT50,25-Aug-2026,64900.0,PE,0,,0,,0,0.0,,0,0,0,0,0,,,,,,,,,,,,,,,0.0006430683728437342,,,,,,11.41,25,73930.35,73946,73646,74022.4,none,no_price_available
2026-08-25T04:22:00.195794+00:00,2026-08-25T09:52:00.195794+05:30,NIFTYNXT50,25-Aug-2026,65000.0,CE,73846.35,7502.75,550,9581.1,550,0.0,8541.925,0,0,0,0,0,,,,,,,,,,,,,,,0.0006430683728437342,,,,,,11.41,25,73930.35,73946,73646,74022.4,mid_price,no_price_available
2026-08-25T04:22:00.195794+00:00,2026-08-25T09:52:00.195794+05:30,NIFTYNXT50,25-Aug-2026,65000.0,PE,0,,0,,0,0.0,,0,0,0,0,0,,,,,,,,,,,,,,,0.0006430683728437342,,,,,,11.41,25,73930.35,73946,73646,74022.4,none,no_price_available
2026-08-25T04:22:00.195794+00:00,2026-08-25T09:52:00.195794+05:30,NIFTYNXT50,25-Aug-2026,65100.0,CE,73846.35,7450.2,550,9477,550,0.0,8463.6,0,0,0,0,0,,,,,,,,,,,,,,,0.0006430683728437342,,,,,,11.41,25,73930.35,73946,73646,74022.4,mid_price,no_price_available
2026-08-25T04:22:00.195794+00:00,2026-08-25T09:52:00.195794+05:30,NIFTYNXT50,25-Aug-2026,65100.0,PE,0,,0,,0,0.0,,0,0,0,0,0,,,,,,,,,,,,,,,0.0006430683728437342,,,,,,11.41,25,73930.35,73946,73646,74022.4,none,no_price_available
2026-08-25T04:22:00.195794+00:00,2026-08-25T09:52:00.195794+05:30,NIFTYNXT50,25-Aug-2026,65200.0,CE,73846.35,7362.05,550,9367.75,550,0.0,8364.9,0,0,0,0,0,,,,,,,,,,,,,,,0.0006430683728437342,,,,,,11.41,25,73930.35,73946,73646,74022.4,mid_price,no_price_available
2026-08-25T04:22:00.195794+00:00,2026-08-25T09:52:00.195794+05:30,NIFTYNXT50,25-Aug-2026,65200.0,PE,0,,0,,0,0.0,,0,0,0,0,0,,,,,,,,,,,,,,,0.0006430683728437342,,,,,,11.41,25,73930.35,73946,73646,74022.4,none,no_price_available
2026-08-25T04:22:00.195794+00:00,2026-08-25T09:52:00.195794+05:30,NIFTYNXT50,25-Aug-2026,65300.0,CE,73846.35,7273.9,550,9262.7,550,0.0,8268.3,0,0,0,0,0,,,,,,,,,,,,,,,0.0006430683728437342,,,,,,11.41,25,73930.35,73946,73646,74022.4,mid_price,no_price_available
2026-08-25T04:22:00.195794+00:00,2026-08-25T09:52:00.195794+05:30,NIFTYNXT50,25-Aug-2026,65300.0,PE,0,,0,,0,0.0,,0,0,0,0,0,,,,,,,,,,,,,,,0.0006430683728437342,,,,,,11.41,25,73930.35,73946,73646,74022.4,none,no_price_available
2026-08-25T04:22:00.195794+00:00,2026-08-25T09:52:00.195794+05:30,NIFTYNXT50,25-Aug-2026,65400.0,CE,73846.35,,0,,0,0.0,,0,0,0,0,0,,,,,,,,,,,,,,,0.0006430683728437342,,,,,,11.41,25,73930.35,73946,73646,74022.4,none,no_price_available
2026-08-25T04:22:00.195794+00:00,2026-08-25T09:52:00.195794+05:30,NIFTYNXT50,25-Aug-2026,65400.0,PE,0,,0,,0,0.0,,0,0,0,0,0,,,,,,,,,,,,,,,0.0006430683728437342,,,,,,11.41,25,73930.35,73946,73646,74022.4,none,no_price_available
2026-08-25T04:22:00.195794+00:00,2026-08-25T09:52:00.195794+05:30,NIFTYNXT50,25-Aug-2026,65500.0,CE,73846.35,7097.55,550,9031.55,550,0.0,8064.549999999999,0,0,0,0,0,,,,,,,,,,,,,,,0.0006430683728437342,,,,,,11.41,25,73930.35,73946,73646,74022.4,mid_price,no_price_available
2026-08-25T04:22:00.195794+00:00,2026-08-25T09:52:00.195794+05:30,NIFTYNXT50,25-Aug-2026,65500.0,PE,0,,0,,0,0.0,,0,0,0,0,0,,,,,,,,,,,,,,,0.0006430683728437342,,,,,,11.41,25,73930.35,73946,73646,74022.4,none,no_price_available
2026-08-25T04:22:00.195794+00:00,2026-08-25T09:52:00.195794+05:30,NIFTYNXT50,25-Aug-2026,65600.0,CE,73846.35,7009.4,550,8944.95,550,0.0,7977.175,0,0,0,0,0,,,,,,,,,,,,,,,0.0006430683728437342,,,,,,11.41,25,73930.35,73946,73646,74022.4,mid_price,no_price_available
2026-08-25T04:22:00.195794+00:00,2026-08-25T09:52:00.195794+05:30,NIFTYNXT50,25-Aug-2026,65600.0,PE,0,,0,,0,0.0,,0,0,0,0,0,,,,,,,,,,,,,,,0.0006430683728437342,,,,,,11.41,25,73930.35,73946,73646,74022.4,none,no_price_available
2026-08-25T04:22:00.195794+00:00,2026-08-25T09:52:00.195794+05:30,NIFTYNXT50,25-Aug-2026,65700.0,CE,73846.35,6921.25,550,8819.4,550,0.0,7870.325,0,0,0,0,0,,,,,,,,,,,,,,,0.0006430683728437342,,,,,,11.41,25,73930.35,73946,73646,74022.4,mid_price,no_price_available
2026-08-25T04:22:00.195794+00:00,2026-08-25T09:52:00.195794+05:30,NIFTYNXT50,25-Aug-2026,65700.0,PE,0,,0,,0,0.0,,0,0,0,0,0,,,,,,,,,,,,,,,0.0006430683728437342,,,,,,11.41,25,73930.35,73946,73646,74022.4,none,no_price_available
2026-08-25T04:22:00.195794+00:00,2026-08-25T09:52:00.195794+05:30,NIFTYNXT50,25-Aug-2026,65800.0,CE,73846.35,,0,,0,0.0,,0,0,0,0,0,,,,,,,,,,,,,,,0.0006430683728437342,,,,,,11.41,25,73930.35,73946,73646,74022.4,none,no_price_available
2026-08-25T04:22:00.195794+00:00,2026-08-25T09:52:00.195794+05:30,NIFTYNXT50,25-Aug-2026,65800.0,PE,0,,0,,0,0.0,,0,0,0,0,0,,,,,,,,,,,,,,,0.0006430683728437342,,,,,,11.41,25,73930.35,73946,73646,74022.4,none,no_price_available
2026-08-25T04:22:00.195794+00:00,2026-08-25T09:52:00.195794+05:30,NIFTYNXT50,25-Aug-2026,65900.0,CE,73846.35,6744.95,550,8605.85,550,0.0,7675.4,0,0,0,0,0,,,,,,,,,,,,,,,0.0006430683728437342,,,,,,11.41,25,73930.35,73946,73646,74022.4,mid_price,no_price_available
2026-08-25T04:22:00.195794+00:00,2026-08-25T09:52:00.195794+05:30,NIFTYNXT50,25-Aug-2026,65900.0,PE,0,,0,,0,0.0,,0,0,0,0,0,,,,,,,,,,,,,,,0.0006430683728437342,,,,,,11.41,25,73930.35,73946,73646,74022.4,none,no_price_available
2026-08-25T04:22:00.195794+00:00,2026-08-25T09:52:00.195794+05:30,NIFTYNXT50,25-Aug-2026,66000.0,CE,73846.35,6656.75,550,8514.3,550,0.0,7585.525,0,0,0,0,0,,,,,,,,,,,,,,,0.0006430683728437342,,,,,,11.41,25,73930.35,73946,73646,74022.4,mid_price,no_price_available
2026-08-25T04:22:00.195794+00:00,2026-08-25T09:52:00.195794+05:30,NIFTYNXT50,25-Aug-2026,66000.0,PE,0,,0,,0,0.0,,0,0,0,0,0,,,,,,,,,,,,,,,0.0006430683728437342,,,,,,11.41,25,73930.35,73946,73646,74022.4,none,no_price_available
2026-08-25T04:22:00.195794+00:00,2026-08-25T09:52:00.195794+05:30,NIFTYNXT50,25-Aug-2026,66100.0,CE,73846.35,6568.6,550,8392.3,550,0.0,7480.45,0,0,0,0,0,,,,,,,,,,,,,,,0.0006430683728437342,,,,,,11.41,25,73930.35,73946,73646,74022.4,mid_price,no_price_available
2026-08-25T04:22:00.195794+00:00,2026-08-25T09:52:00.195794+05:30,NIFTYNXT50,25-Aug-2026,66100.0,PE,0,,0,,0,0.0,,0,0,0,0,0,,,,,,,,,,,,,,,0.0006430683728437342,,,,,,11.41,25,73930.35,73946,73646,74022.4,none,no_price_available
2026-08-25T04:22:00.195794+00:00,2026-08-25T09:52:00.195794+05:30,NIFTYNXT50,25-Aug-2026,66200.0,CE,73846.35,,0,,0,0.0,,0,0,0,0,0,,,,,,,,,,,,,,,0.0006430683728437342,,,,,,11.41,25,73930.35,73946,73646,74022.4,none,no_price_available
2026-08-25T04:22:00.195794+00:00,2026-08-25T09:52:00.195794+05:30,NIFTYNXT50,25-Aug-2026,66200.0,PE,0,,0,,0,0.0,,0,0,0,0,0,,,,,,,,,,,,,,,0.0006430683728437342,,,,,,11.41,25,73930.35,73946,73646,74022.4,none,no_price_available
2026-08-25T04:22:00.195794+00:00,2026-08-25T09:52:00.195794+05:30,NIFTYNXT50,25-Aug-2026,66300.0,CE,73846.35,6392.3,550,8196.95,550,0.0,7294.625,0,0,0,0,0,,,,,,,,,,,,,,,0.0006430683728437342,,,,,,11.41,25,73930.35,73946,73646,74022.4,mid_price,no_price_available
2026-08-25T04:22:00.195794+00:00,2026-08-25T09:52:00.195794+05:30,NIFTYNXT50,25-Aug-2026,66300.0,PE,0,,0,,0,0.0,,0,0,0,0,0,,,,,,,,,,,,,,,0.0006430683728437342,,,,,,11.41,25,73930.35,73946,73646,74022.4,none,no_price_available
2026-08-25T04:22:00.195794+00:00,2026-08-25T09:52:00.195794+05:30,NIFTYNXT50,25-Aug-2026,66400.0,CE,73846.35,6304.15,550,8087.6,550,0.0,7195.875,0,0,0,0,0,,,,,,,,,,,,,,,0.0006430683728437342,,,,,,11.41,25,73930.35,73946,73646,74022.4,mid_price,no_price_available
2026-08-25T04:22:00.195794+00:00,2026-08-25T09:52:00.195794+05:30,NIFTYNXT50,25-Aug-2026,66400.0,PE,0,,0,,0,0.0,,0,0,0,0,0,,,,,,,,,,,,,,,0.0006430683728437342,,,,,,11.41,25,73930.35,73946,73646,74022.4,none,no_price_available
2026-08-25T04:22:00.195794+00:00,2026-08-25T09:52:00.195794+05:30,NIFTYNXT50,25-Aug-2026,66500.0,CE,73846.35,6215.95,550,7966.75,550,0.0,7091.35,0,0,0,0,0,,,,,,,,,,,,,,,0.0006430683728437342,,,,,,11.41,25,73930.35,73946,73646,74022.4,mid_price,no_price_available
2026-08-25T04:22:00.195794+00:00,2026-08-25T09:52:00.195794+05:30,NIFTYNXT50,25-Aug-2026,66500.0,PE,0,,0,,0,0.0,,0,0,0,0,0,,,,,,,,,,,,,,,0.0006430683728437342,,,,,,11.41,25,73930.35,73946,73646,74022.4,none,no_price_available
2026-08-25T04:22:00.195794+00:00,2026-08-25T09:52:00.195794+05:30,NIFTYNXT50,25-Aug-2026,66600.0,CE,73846.35,,0,,0,0.0,,0,0,0,0,0,,,,,,,,,,,,,,,0.0006430683728437342,,,,,,11.41,25,73930.35,73946,73646,74022.4,none,no_price_available
2026-08-25T04:22:00.195794+00:00,2026-08-25T09:52:00.195794+05:30,NIFTYNXT50,25-Aug-2026,66600.0,PE,0,,0,,0,0.0,,0,0,0,0,0,,,,,,,,,,,,,,,0.0006430683728437342,,,,,,11.41,25,73930.35,73946,73646,74022.4,none,no_price_available
2026-08-25T04:22:00.195794+00:00,2026-08-25T09:52:00.195794+05:30,NIFTYNXT50,25-Aug-2026,66700.0,CE,73846.35,6039.65,550,7751.35,550,0.0,6895.5,0,0,0,0,0,,,,,,,,,,,,,,,0.0006430683728437342,,,,,,11.41,25,73930.35,73946,73646,74022.4,mid_price,no_price_available
2026-08-25T04:22:00.195794+00:00,2026-08-25T09:52:00.195794+05:30,NIFTYNXT50,25-Aug-2026,66700.0,PE,0,,0,,0,0.0,,0,0,0,0,0,,,,,,,,,,,,,,,0.0006430683728437342,,,,,,11.41,25,73930.35,73946,73646,74022.4,none,no_price_available
2026-08-25T04:22:00.195794+00:00,2026-08-25T09:52:00.195794+05:30,NIFTYNXT50,25-Aug-2026,66800.0,CE,73846.35,5951.5,550,7646.7,550,0.0,6799.1,0,0,0,0,0,,,,,,,,,,,,,,,0.0006430683728437342,,,,,,11.41,25,73930.35,73946,73646,74022.4,mid_price,no_price_available
2026-08-25T04:22:00.195794+00:00,2026-08-25T09:52:00.195794+05:30,NIFTYNXT50,25-Aug-2026,66800.0,PE,0,,0,,0,0.0,,0,0,0,0,0,,,,,,,,,,,,,,,0.0006430683728437342,,,,,,11.41,25,73930.35,73946,73646,74022.4,none,no_price_available
2026-08-25T04:22:00.195794+00:00,2026-08-25T09:52:00.195794+05:30,NIFTYNXT50,25-Aug-2026,66900.0,CE,73846.35,5863.35,550,7540.05,550,0.0,6701.700000000001,0,0,0,0,0,,,,,,,,,,,,,,,0.0006430683728437342,,,,,,11.41,25,73930.35,73946,73646,74022.4,mid_price,no_price_available
2026-08-25T04:22:00.195794+00:00,2026-08-25T09:52:00.195794+05:30,NIFTYNXT50,25-Aug-2026,66900.0,PE,0,,0,,0,0.0,,0,0,0,0,0,,,,,,,,,,,,,,,0.0006430683728437342,,,,,,11.41,25,73930.35,73946,73646,74022.4,none,no_price_available
2026-08-25T04:22:00.195794+00:00,2026-08-25T09:52:00.195794+05:30,NIFTYNXT50,25-Aug-2026,67000.0,CE,73846.35,,0,,0,0.0,,0,0,0,0,0,,,,,,,,,,,,,,,0.0006430683728437342,,,,,,11.41,25,73930.35,73946,73646,74022.4,none,no_price_available
2026-08-25T04:22:00.195794+00:00,2026-08-25T09:52:00.195794+05:30,NIFTYNXT50,25-Aug-2026,67000.0,PE,0,,0,,0,0.0,,0,0,0,0,0,,,,,,,,,,,,,,,0.0006430683728437342,,,,,,11.41,25,73930.35,73946,73646,74022.4,none,no_price_available
2026-08-25T04:22:00.195794+00:00,2026-08-25T09:52:00.195794+05:30,NIFTYNXT50,25-Aug-2026,67100.0,CE,73846.35,5687,550,7346.2,550,0.0,6516.6,0,0,0,0,0,,,,,,,,,,,,,,,0.0006430683728437342,,,,,,11.41,25,73930.35,73946,73646,74022.4,mid_price,no_price_available
2026-08-25T04:22:00.195794+00:00,2026-08-25T09:52:00.195794+05:30,NIFTYNXT50,25-Aug-2026,67100.0,PE,0,,0,,0,0.0,,0,0,0,0,0,,,,,,,,,,,,,,,0.0006430683728437342,,,,,,11.41,25,73930.35,73946,73646,74022.4,none,no_price_available
2026-08-25T04:22:00.195794+00:00,2026-08-25T09:52:00.195794+05:30,NIFTYNXT50,25-Aug-2026,67200.0,CE,73846.35,5598.85,550,7219.2,550,0.0,6409.025,0,0,0,0,0,,,,,,,,,,,,,,,0.0006430683728437342,,,,,,11.41,25,73930.35,73946,73646,74022.4,mid_price,no_price_available
2026-08-25T04:22:00.195794+00:00,2026-08-25T09:52:00.195794+05:30,NIFTYNXT50,25-Aug-2026,67200.0,PE,0,,0,,0,0.0,,0,0,0,0,0,,,,,,,,,,,,,,,0.0006430683728437342,,,,,,11.41,25,73930.35,73946,73646,74022.4,none,no_price_available
2026-08-25T04:22:00.195794+00:00,2026-08-25T09:52:00.195794+05:30,NIFTYNXT50,25-Aug-2026,67300.0,CE,73846.35,5510.7,550,7131.3,550,0.0,6321.0,0,0,0,0,0,,,,,,,,,,,,,,,0.0006430683728437342,,,,,,11.41,25,73930.35,73946,73646,74022.4,mid_price,no_price_available
2026-08-25T04:22:00.195794+00:00,2026-08-25T09:52:00.195794+05:30,NIFTYNXT50,25-Aug-2026,67300.0,PE,0,,0,,0,0.0,,0,0,0,0,0,,,,,,,,,,,,,,,0.0006430683728437342,,,,,,11.41,25,73930.35,73946,73646,74022.4,none,no_price_available
2026-08-25T04:22:00.195794+00:00,2026-08-25T09:52:00.195794+05:30,NIFTYNXT50,25-Aug-2026,67400.0,CE,73846.35,,0,,0,0.0,,0,0,0,0,0,,,,,,,,,,,,,,,0.0006430683728437342,,,,,,11.41,25,73930.35,73946,73646,74022.4,none,no_price_available
2026-08-25T04:22:00.195794+00:00,2026-08-25T09:52:00.195794+05:30,NIFTYNXT50,25-Aug-2026,67400.0,PE,0,,0,,0,0.0,,0,0,0,0,0,,,,,,,,,,,,,,,0.0006430683728437342,,,,,,11.41,25,73930.35,73946,73646,74022.4,none,no_price_available
2026-08-25T04:22:00.195794+00:00,2026-08-25T09:52:00.195794+05:30,NIFTYNXT50,25-Aug-2026,67500.0,CE,73846.35,5334.35,550,6915.3,550,0.0,6124.825000000001,0,0,0,0,0,,,,,,,,,,,,,,,0.0006430683728437342,,,,,,11.41,25,73930.35,73946,73646,74022.4,mid_price,no_price_available
2026-08-25T04:22:00.195794+00:00,2026-08-25T09:52:00.195794+05:30,NIFTYNXT50,25-Aug-2026,67500.0,PE,0,,0,,0,0.0,,0,0,0,0,0,,,,,,,,,,,,,,,0.0006430683728437342,,,,,,11.41,25,73930.35,73946,73646,74022.4,none,no_price_available
2026-08-25T04:22:00.195794+00:00,2026-08-25T09:52:00.195794+05:30,NIFTYNXT50,25-Aug-2026,67600.0,CE,73846.35,5246.2,550,6792.5,550,0.0,6019.35,0,0,0,0,0,,,,,,,,,,,,,,,0.0006430683728437342,,,,,,11.41,25,73930.35,73946,73646,74022.4,mid_price,no_price_available
2026-08-25T04:22:00.195794+00:00,2026-08-25T09:52:00.195794+05:30,NIFTYNXT50,25-Aug-2026,67600.0,PE,0,,0,,0,0.0,,0,0,0,0,0,,,,,,,,,,,,,,,0.0006430683728437342,,,,,,11.41,25,73930.35,73946,73646,74022.4,none,no_price_available
2026-08-25T04:22:00.195794+00:00,2026-08-25T09:52:00.195794+05:30,NIFTYNXT50,25-Aug-2026,67700.0,CE,73846.35,5158.05,550,6704.6,550,0.0,5931.325000000001,0,0,0,0,0,,,,,,,,,,,,,,,0.0006430683728437342,,,,,,11.41,25,73930.35,73946,73646,74022.4,mid_price,no_price_available
2026-08-25T04:22:00.195794+00:00,2026-08-25T09:52:00.195794+05:30,NIFTYNXT50,25-Aug-2026,67700.0,PE,0,,0,,0,0.0,,0,0,0,0,0,,,,,,,,,,,,,,,0.0006430683728437342,,,,,,11.41,25,73930.35,73946,73646,74022.4,none,no_price_available
2026-08-25T04:22:00.195794+00:00,2026-08-25T09:52:00.195794+05:30,NIFTYNXT50,25-Aug-2026,67800.0,CE,73846.35,,0,,0,0.0,,0,0,0,0,0,,,,,,,,,,,,,,,0.0006430683728437342,,,,,,11.41,25,73930.35,73946,73646,74022.4,none,no_price_available
2026-08-25T04:22:00.195794+00:00,2026-08-25T09:52:00.195794+05:30,NIFTYNXT50,25-Aug-2026,67800.0,PE,0,,0,,0,0.0,,0,0,0,0,0,,,,,,,,,,,,,,,0.0006430683728437342,,,,,,11.41,25,73930.35,73946,73646,74022.4,none,no_price_available
2026-08-25T04:22:00.195794+00:00,2026-08-25T09:52:00.195794+05:30,NIFTYNXT50,25-Aug-2026,67900.0,CE,73846.35,4981.75,550,6469.65,550,0.0,5725.7,0,0,0,0,0,,,,,,,,,,,,,,,0.0006430683728437342,,,,,,11.41,25,73930.35,73946,73646,74022.4,mid_price,no_price_available
2026-08-25T04:22:00.195794+00:00,2026-08-25T09:52:00.195794+05:30,NIFTYNXT50,25-Aug-2026,67900.0,PE,0,,0,,0,0.0,,0,0,0,0,0,,,,,,,,,,,,,,,0.0006430683728437342,,,,,,11.41,25,73930.35,73946,73646,74022.4,none,no_price_available
2026-08-25T04:22:00.195794+00:00,2026-08-25T09:52:00.195794+05:30,NIFTYNXT50,25-Aug-2026,68000.0,CE,73846.35,4893.55,550,6365.75,550,0.0,5629.65,0,0,0,0,0,,,,,,,,,,,,,,,0.0006430683728437342,,,,,,11.41,25,73930.35,73946,73646,74022.4,mid_price,no_price_available
2026-08-25T04:22:00.195794+00:00,2026-08-25T09:52:00.195794+05:30,NIFTYNXT50,25-Aug-2026,68000.0,PE,0,,0,,0,0.0,,0,0,0,0,0,,,,,,,,,,,,,,,0.0006430683728437342,,,,,,11.41,25,73930.35,73946,73646,74022.4,none,no_price_available
2026-08-25T04:22:00.195794+00:00,2026-08-25T09:52:00.195794+05:30,NIFTYNXT50,25-Aug-2026,68100.0,CE,73846.35,4805.4,550,6276.7,550,0.0,5541.049999999999,0,0,0,0,0,,,,,,,,,,,,,,,0.0006430683728437342,,,,,,11.41,25,73930.35,73946,73646,74022.4,mid_price,no_price_available
2026-08-25T04:22:00.195794+00:00,2026-08-25T09:52:00.195794+05:30,NIFTYNXT50,25-Aug-2026,68100.0,PE,0,,0,,0,0.0,,0,0,0,0,0,,,,,,,,,,,,,,,0.0006430683728437342,,,,,,11.41,25,73930.35,73946,73646,74022.4,none,no_price_available
2026-08-25T04:22:00.195794+00:00,2026-08-25T09:52:00.195794+05:30,NIFTYNXT50,25-Aug-2026,68200.0,CE,73846.35,,0,,0,0.0,,0,0,0,0,0,,,,,,,,,,,,,,,0.0006430683728437342,,,,,,11.41,25,73930.35,73946,73646,74022.4,none,no_price_available
2026-08-25T04:22:00.195794+00:00,2026-08-25T09:52:00.195794+05:30,NIFTYNXT50,25-Aug-2026,68200.0,PE,0,,0,,0,0.0,,0,0,0,0,0,,,,,,,,,,,,,,,0.0006430683728437342,,,,,,11.41,25,73930.35,73946,73646,74022.4,none,no_price_available
2026-08-25T04:22:00.195794+00:00,2026-08-25T09:52:00.195794+05:30,NIFTYNXT50,25-Aug-2026,68300.0,CE,73846.35,4629.1,550,6044.5,550,0.0,5336.8,0,0,0,0,0,,,,,,,,,,,,,,,0.0006430683728437342,,,,,,11.41,25,73930.35,73946,73646,74022.4,mid_price,no_price_available
2026-08-25T04:22:00.195794+00:00,2026-08-25T09:52:00.195794+05:30,NIFTYNXT50,25-Aug-2026,68300.0,PE,0,,0,,0,0.0,,0,0,0,0,0,,,,,,,,,,,,,,,0.0006430683728437342,,,,,,11.41,25,73930.35,73946,73646,74022.4,none,no_price_available
2026-08-25T04:22:00.195794+00:00,2026-08-25T09:52:00.195794+05:30,NIFTYNXT50,25-Aug-2026,68400.0,CE,73846.35,4540.95,550,5938.65,550,0.0,5239.799999999999,0,0,0,0,0,,,,,,,,,,,,,,,0.0006430683728437342,,,,,,11.41,25,73930.35,73946,73646,74022.4,mid_price,no_price_available
2026-08-25T04:22:00.195794+00:00,2026-08-25T09:52:00.195794+05:30,NIFTYNXT50,25-Aug-2026,68400.0,PE,0,,0,,0,0.0,,0,0,0,0,0,,,,,,,,,,,,,,,0.0006430683728437342,,,,,,11.41,25,73930.35,73946,73646,74022.4,none,no_price_available
2026-08-25T04:22:00.195794+00:00,2026-08-25T09:52:00.195794+05:30,NIFTYNXT50,25-Aug-2026,68500.0,CE,73846.35,4452.75,550,5847.3,550,0.0,5150.025,0,0,0,0,0,,,,,,,,,,,,,,,0.0006430683728437342,,,,,,11.41,25,73930.35,73946,73646,74022.4,mid_price,no_price_available
2026-08-25T04:22:00.195794+00:00,2026-08-25T09:52:00.195794+05:30,NIFTYNXT50,25-Aug-2026,68500.0,PE,0,,0,,0,0.0,,0,0,0,0,0,,,,,,,,,,,,,,,0.0006430683728437342,,,,,,11.41,25,73930.35,73946,73646,74022.4,none,no_price_available
2026-08-25T04:22:00.195794+00:00,2026-08-25T09:52:00.195794+05:30,NIFTYNXT50,25-Aug-2026,68600.0,CE,73846.35,,0,,0,0.0,,0,0,0,0,0,,,,,,,,,,,,,,,0.0006430683728437342,,,,,,11.41,25,73930.35,73946,73646,74022.4,none,no_price_available
2026-08-25T04:22:00.195794+00:00,2026-08-25T09:52:00.195794+05:30,NIFTYNXT50,25-Aug-2026,68600.0,PE,0,,0,,0,0.0,,0,0,0,0,0,,,,,,,,,,,,,,,0.0006430683728437342,,,,,,11.41,25,73930.35,73946,73646,74022.4,none,no_price_available
2026-08-25T04:22:00.195794+00:00,2026-08-25T09:52:00.195794+05:30,NIFTYNXT50,25-Aug-2026,68700.0,CE,73846.35,4276.45,550,5636.5,550,0.0,4956.475,0,0,0,0,0,,,,,,,,,,,,,,,0.0006430683728437342,,,,,,11.41,25,73930.35,73946,73646,74022.4,mid_price,no_price_available
2026-08-25T04:22:00.195794+00:00,2026-08-25T09:52:00.195794+05:30,NIFTYNXT50,25-Aug-2026,68700.0,PE,0,,0,,0,0.0,,0,0,0,0,0,,,,,,,,,,,,,,,0.0006430683728437342,,,,,,11.41,25,73930.35,73946,73646,74022.4,none,no_price_available
2026-08-25T04:22:00.195794+00:00,2026-08-25T09:52:00.195794+05:30,NIFTYNXT50,25-Aug-2026,68800.0,CE,73846.35,4188.3,550,5532.85,550,0.0,4860.575000000001,0,0,0,0,0,,,,,,,,,,,,,,,0.0006430683728437342,,,,,,11.41,25,73930.35,73946,73646,74022.4,mid_price,no_price_available
2026-08-25T04:22:00.195794+00:00,2026-08-25T09:52:00.195794+05:30,NIFTYNXT50,25-Aug-2026,68800.0,PE,0,,0,,0,0.0,,0,0,0,0,0,,,,,,,,,,,,,,,0.0006430683728437342,,,,,,11.41,25,73930.35,73946,73646,74022.4,none,no_price_available
2026-08-25T04:22:00.195794+00:00,2026-08-25T09:52:00.195794+05:30,NIFTYNXT50,25-Aug-2026,68900.0,CE,73846.35,4100.15,550,5404.4,550,0.0,4752.275,0,0,0,0,0,,,,,,,,,,,,,,,0.0006430683728437342,,,,,,11.41,25,73930.35,73946,73646,74022.4,mid_price,no_price_available
2026-08-25T04:22:00.195794+00:00,2026-08-25T09:52:00.195794+05:30,NIFTYNXT50,25-Aug-2026,68900.0,PE,0,,0,,0,0.0,,0,0,0,0,0,,,,,,,,,,,,,,,0.0006430683728437342,,,,,,11.41,25,73930.35,73946,73646,74022.4,none,no_price_available
2026-08-25T04:22:00.195794+00:00,2026-08-25T09:52:00.195794+05:30,NIFTYNXT50,25-Aug-2026,69000.0,CE,73846.35,,0,,0,0.0,,0,0,0,0,0,,,,,,,,,,,,,,,0.0006430683728437342,,,,,,11.41,25,73930.35,73946,73646,74022.4,none,no_price_available
2026-08-25T04:22:00.195794+00:00,2026-08-25T09:52:00.195794+05:30,NIFTYNXT50,25-Aug-2026,69000.0,PE,0,,0,,0,0.0,,0,0,0,0,0,,,,,,,,,,,,,,,0.0006430683728437342,,,,,,11.41,25,73930.35,73946,73646,74022.4,none,no_price_available
2026-08-25T04:22:00.195794+00:00,2026-08-25T09:52:00.195794+05:30,NIFTYNXT50,25-Aug-2026,69100.0,CE,73846.35,3884,550,5191.45,550,0.0,4537.725,0,0,0,0,0,,,,,,,,,,,,,,,0.0006430683728437342,,,,,,11.41,25,73930.35,73946,73646,74022.4,mid_price,no_price_available
2026-08-25T04:22:00.195794+00:00,2026-08-25T09:52:00.195794+05:30,NIFTYNXT50,25-Aug-2026,69100.0,PE,0,,0,,0,0.0,,0,0,0,0,0,,,,,,,,,,,,,,,0.0006430683728437342,,,,,,11.41,25,73930.35,73946,73646,74022.4,none,no_price_available
2026-08-25T04:22:00.195794+00:00,2026-08-25T09:52:00.195794+05:30,NIFTYNXT50,25-Aug-2026,69200.0,CE,73846.35,3835.65,550,5086.65,550,0.0,4461.15,0,0,0,0,0,,,,,,,,,,,,,,,0.0006430683728437342,,,,,,11.41,25,73930.35,73946,73646,74022.4,mid_price,no_price_available
2026-08-25T04:22:00.195794+00:00,2026-08-25T09:52:00.195794+05:30,NIFTYNXT50,25-Aug-2026,69200.0,PE,0,,0,,0,0.0,,0,0,0,0,0,,,,,,,,,,,,,,,0.0006430683728437342,,,,,,11.41,25,73930.35,73946,73646,74022.4,none,no_price_available
2026-08-25T04:22:00.195794+00:00,2026-08-25T09:52:00.195794+05:30,NIFTYNXT50,25-Aug-2026,69300.0,CE,73846.35,3747.5,550,4978.3,550,0.0,4362.9,0,0,0,0,0,,,,,,,,,,,,,,,0.0006430683728437342,,,,,,11.41,25,73930.35,73946,73646,74022.4,mid_price,no_price_available
2026-08-25T04:22:00.195794+00:00,2026-08-25T09:52:00.195794+05:30,NIFTYNXT50,25-Aug-2026,69300.0,PE,0,,0,,0,0.0,,0,0,0,0,0,,,,,,,,,,,,,,,0.0006430683728437342,,,,,,11.41,25,73930.35,73946,73646,74022.4,none,no_price_available
2026-08-25T04:22:00.195794+00:00,2026-08-25T09:52:00.195794+05:30,NIFTYNXT50,25-Aug-2026,69400.0,CE,73846.35,,0,,0,0.0,,0,0,0,0,0,,,,,,,,,,,,,,,0.0006430683728437342,,,,,,11.41,25,73930.35,73946,73646,74022.4,none,no_price_available
2026-08-25T04:22:00.195794+00:00,2026-08-25T09:52:00.195794+05:30,NIFTYNXT50,25-Aug-2026,69400.0,PE,0,,0,,0,0.0,,0,0,0,0,0,,,,,,,,,,,,,,,0.0006430683728437342,,,,,,11.41,25,73930.35,73946,73646,74022.4,none,no_price_available
2026-08-25T04:22:00.195794+00:00,2026-08-25T09:52:00.195794+05:30,NIFTYNXT50,25-Aug-2026,69500.0,CE,73846.35,3571.15,550,4769.2,550,0.0,4170.175,0,0,0,0,0,,,,,,,,,,,,,,,0.0006430683728437342,,,,,,11.41,25,73930.35,73946,73646,74022.4,mid_price,no_price_available
2026-08-25T04:22:00.195794+00:00,2026-08-25T09:52:00.195794+05:30,NIFTYNXT50,25-Aug-2026,69500.0,PE,0,,0,,0,0.0,,0,0,0,0,0,,,,,,,,,,,,,,,0.0006430683728437342,,,,,,11.41,25,73930.35,73946,73646,74022.4,none,no_price_available
2026-08-25T04:22:00.195794+00:00,2026-08-25T09:52:00.195794+05:30,NIFTYNXT50,25-Aug-2026,69600.0,CE,73846.35,3443.2,550,4664.5,550,0.0,4053.85,0,0,0,0,0,,,,,,,,,,,,,,,0.0006430683728437342,,,,,,11.41,25,73930.35,73946,73646,74022.4,mid_price,no_price_available
2026-08-25T04:22:00.195794+00:00,2026-08-25T09:52:00.195794+05:30,NIFTYNXT50,25-Aug-2026,69600.0,PE,0,,0,,0,0.0,,0,0,0,0,0,,,,,,,,,,,,,,,0.0006430683728437342,,,,,,11.41,25,73930.35,73946,73646,74022.4,none,no_price_available
2026-08-25T04:22:00.195794+00:00,2026-08-25T09:52:00.195794+05:30,NIFTYNXT50,25-Aug-2026,69700.0,CE,73846.35,3394.85,550,4559.3,550,0.0,3977.075,0,0,0,0,0,,,,,,,,,,,,,,,0.0006430683728437342,,,,,,11.41,25,73930.35,73946,73646,74022.4,mid_price,no_price_available
2026-08-25T04:22:00.195794+00:00,2026-08-25T09:52:00.195794+05:30,NIFTYNXT50,25-Aug-2026,69700.0,PE,0,,0,,0,0.0,,0,0,0,0,0,,,,,,,,,,,,,,,0.0006430683728437342,,,,,,11.41,25,73930.35,73946,73646,74022.4,none,no_price_available
2026-08-25T04:22:00.195794+00:00,2026-08-25T09:52:00.195794+05:30,NIFTYNXT50,25-Aug-2026,69800.0,CE,73846.35,,0,,0,0.0,,0,0,0,0,0,,,,,,,,,,,,,,,0.0006430683728437342,,,,,,11.41,25,73930.35,73946,73646,74022.4,none,no_price_available
2026-08-25T04:22:00.195794+00:00,2026-08-25T09:52:00.195794+05:30,NIFTYNXT50,25-Aug-2026,69800.0,PE,0,,0,,0,0.0,,0,0,0,0,0,,,,,,,,,,,,,,,0.0006430683728437342,,,,,,11.41,25,73930.35,73946,73646,74022.4,none,no_price_available
2026-08-25T04:22:00.195794+00:00,2026-08-25T09:52:00.195794+05:30,NIFTYNXT50,25-Aug-2026,69900.0,CE,73846.35,3218.55,550,4350.75,550,0.0,3784.65,0,0,0,0,0,,,,,,,,,,,,,,,0.0006430683728437342,,,,,,11.41,25,73930.35,73946,73646,74022.4,mid_price,no_price_available
2026-08-25T04:22:00.195794+00:00,2026-08-25T09:52:00.195794+05:30,NIFTYNXT50,25-Aug-2026,69900.0,PE,0,,0,,0,0.0,,0,0,0,0,0,,,,,,,,,,,,,,,0.0006430683728437342,,,,,,11.41,25,73930.35,73946,73646,74022.4,none,no_price_available
2026-08-25T04:22:00.195794+00:00,2026-08-25T09:52:00.195794+05:30,NIFTYNXT50,25-Aug-2026,70000.0,CE,73846.35,3130.35,550,4263,550,0.0,3696.675,0,0,0,0,0,,,,,,,,,,,,,,,0.0006430683728437342,,,,,,11.41,25,73930.35,73946,73646,74022.4,mid_price,no_price_available
2026-08-25T04:22:00.195794+00:00,2026-08-25T09:52:00.195794+05:30,NIFTYNXT50,25-Aug-2026,70000.0,PE,0,,0,,0,0.0,,0,0,0,0,0,,,,,,,,,,,,,,,0.0006430683728437342,,,,,,11.41,25,73930.35,73946,73646,74022.4,none,no_price_available
2026-08-25T04:22:00.195794+00:00,2026-08-25T09:52:00.195794+05:30,NIFTYNXT50,25-Aug-2026,70100.0,CE,73846.35,3042.2,550,4139.5,550,0.0,3590.85,0,0,0,0,0,,,,,,,,,,,,,,,0.0006430683728437342,,,,,,11.41,25,73930.35,73946,73646,74022.4,mid_price,no_price_available
2026-08-25T04:22:00.195794+00:00,2026-08-25T09:52:00.195794+05:30,NIFTYNXT50,25-Aug-2026,70100.0,PE,0,,0,,0,0.0,,0,0,0,0,0,,,,,,,,,,,,,,,0.0006430683728437342,,,,,,11.41,25,73930.35,73946,73646,74022.4,none,no_price_available
2026-08-25T04:22:00.195794+00:00,2026-08-25T09:52:00.195794+05:30,NIFTYNXT50,25-Aug-2026,70200.0,CE,73846.35,,0,,0,0.0,,0,0,0,0,0,,,,,,,,,,,,,,,0.0006430683728437342,,,,,,11.41,25,73930.35,73946,73646,74022.4,none,no_price_available
2026-08-25T04:22:00.195794+00:00,2026-08-25T09:52:00.195794+05:30,NIFTYNXT50,25-Aug-2026,70200.0,PE,0,,0,,0,0.0,,0,0,0,0,0,,,,,,,,,,,,,,,0.0006430683728437342,,,,,,11.41,25,73930.35,73946,73646,74022.4,none,no_price_available
2026-08-25T04:22:00.195794+00:00,2026-08-25T09:52:00.195794+05:30,NIFTYNXT50,25-Aug-2026,70300.0,CE,73846.35,2865.9,550,3926.85,550,0.0,3396.375,0,0,0,0,0,,,,,,,,,,,,,,,0.0006430683728437342,,,,,,11.41,25,73930.35,73946,73646,74022.4,mid_price,no_price_available
2026-08-25T04:22:00.195794+00:00,2026-08-25T09:52:00.195794+05:30,NIFTYNXT50,25-Aug-2026,70300.0,PE,0,,0,,0,0.0,,0,0,0,0,0,,,,,,,,,,,,,,,0.0006430683728437342,,,,,,11.41,25,73930.35,73946,73646,74022.4,none,no_price_available
2026-08-25T04:22:00.195794+00:00,2026-08-25T09:52:00.195794+05:30,NIFTYNXT50,25-Aug-2026,70400.0,CE,73846.35,2777.75,550,3887.45,550,0.0,3332.6,0,0,0,0,0,,,,,,,,,,,,,,,0.0006430683728437342,,,,,,11.41,25,73930.35,73946,73646,74022.4,mid_price,no_price_available
2026-08-25T04:22:00.195794+00:00,2026-08-25T09:52:00.195794+05:30,NIFTYNXT50,25-Aug-2026,70400.0,PE,0,,0,,0,0.0,,0,0,0,0,0,,,,,,,,,,,,,,,0.0006430683728437342,,,,,,11.41,25,73930.35,73946,73646,74022.4,none,no_price_available
2026-08-25T04:22:00.195794+00:00,2026-08-25T09:52:00.195794+05:30,NIFTYNXT50,25-Aug-2026,70500.0,CE,73846.35,2689.55,550,3715.95,550,0.0,3202.75,0,0,0,0,0,,,,,,,,,,,,,,,0.0006430683728437342,,,,,,11.41,25,73930.35,73946,73646,74022.4,mid_price,no_price_available
2026-08-25T04:22:00.195794+00:00,2026-08-25T09:52:00.195794+05:30,NIFTYNXT50,25-Aug-2026,70500.0,PE,73846.35,1,300,,0,0.0,,12,0,0,0,46.2,,,,,,,,,,,,,,,0.0006430683728437342,,,,,,11.41,25,73930.35,73946,73646,74022.4,none,no_price_available
2026-08-25T04:22:00.195794+00:00,2026-08-25T09:52:00.195794+05:30,NIFTYNXT50,25-Aug-2026,70600.0,CE,73846.35,,0,,0,0.0,,0,0,0,0,0,,,,,,,,,,,,,,,0.0006430683728437342,,,,,,11.41,25,73930.35,73946,73646,74022.4,none,no_price_available
2026-08-25T04:22:00.195794+00:00,2026-08-25T09:52:00.195794+05:30,NIFTYNXT50,25-Aug-2026,70600.0,PE,73846.35,1,1000,,0,0.0,,40,0,0,0,45.52,,,,,,,,,,,,,,,0.0006430683728437342,,,,,,11.41,25,73930.35,73946,73646,74022.4,none,no_price_available
2026-08-25T04:22:00.195794+00:00,2026-08-25T09:52:00.195794+05:30,NIFTYNXT50,25-Aug-2026,70700.0,CE,73846.35,2513.25,550,3510.75,550,0.0,3012.0,0,0,0,0,0,,,,,,,,,,,,,,,0.0006430683728437342,,,,,,11.41,25,73930.35,73946,73646,74022.4,mid_price,no_price_available
2026-08-25T04:22:00.195794+00:00,2026-08-25T09:52:00.195794+05:30,NIFTYNXT50,25-Aug-2026,70700.0,PE,73846.35,1,450,,0,0.0,,18,0,0,0,45.23,,,,,,,,,,,,,,,0.0006430683728437342,,,,,,11.41,25,73930.35,73946,73646,74022.4,none,no_price_available
2026-08-25T04:22:00.195794+00:00,2026-08-25T09:52:00.195794+05:30,NIFTYNXT50,25-Aug-2026,70800.0,CE,73846.35,2425.1,550,3468.1,550,0.0,2946.6,0,0,0,0,0,,,,,,,,,,,,,,,0.0006430683728437342,,,,,,11.41,25,73930.35,73946,73646,74022.4,mid_price,no_price_available
2026-08-25T04:22:00.195794+00:00,2026-08-25T09:52:00.195794+05:30,NIFTYNXT50,25-Aug-2026,70800.0,PE,73846.35,,0,,0,0.0,,0,0,0,0,0,,,,,,,,,,,,,,,0.0006430683728437342,,,,,,11.41,25,73930.35,73946,73646,74022.4,none,no_price_available
2026-08-25T04:22:00.195794+00:00,2026-08-25T09:52:00.195794+05:30,NIFTYNXT50,25-Aug-2026,70900.0,CE,73846.35,2336.95,550,3316.2,550,0.0,2826.575,0,0,0,0,0,,,,,,,,,,,,,,,0.0006430683728437342,,,,,,11.41,25,73930.35,73946,73646,74022.4,mid_price,no_price_available
2026-08-25T04:22:00.195794+00:00,2026-08-25T09:52:00.195794+05:30,NIFTYNXT50,25-Aug-2026,70900.0,PE,73846.35,,0,,0,0.0,,0,0,0,0,0,,,,,,,,,,,,,,,0.0006430683728437342,,,,,,11.41,25,73930.35,73946,73646,74022.4,none,no_price_available
2026-08-25T04:22:00.195794+00:00,2026-08-25T09:52:00.195794+05:30,NIFTYNXT50,25-Aug-2026,71000.0,CE,73846.35,,0,,0,0.0,,0,0,0,0,0,,,,,,,,,,,,,,,0.0006430683728437342,,,,,,11.41,25,73930.35,73946,73646,74022.4,none,no_price_available
2026-08-25T04:22:00.195794+00:00,2026-08-25T09:52:00.195794+05:30,NIFTYNXT50,25-Aug-2026,71000.0,PE,73846.35,1.05,25,3,150,0.0,2.025,117,0,0,0,34.1,-2.6333998052721607e-06,1.9613601263069496e-08,-0.01700843669572227,0.00023454541115045785,-0.0001670129288226254,0.00012401834863102224,0.014241842369232868,-3.1450111858058855e-10,1.1333596008490857e-06,-8.359650245638216e-07,-0.011091779347331873,-570.8172729671269,2.7437696527934474e-06,2.1217719965354137e-08,0.0006430683728437342,73750,-2.0302476097754516,0.0109,index_dividend_yield,0.065,11.41,25,73930.35,73946,73646,74022.4,mid_price,wide_quote_low_liquidity
2026-08-25T04:22:00.195794+00:00,2026-08-25T09:52:00.195794+05:30,NIFTYNXT50,25-Aug-2026,71100.0,CE,73846.35,2160.6,550,3090.3,550,0.0,2625.45,0,0,0,0,0,,,,,,,,,,,,,,,0.0006430683728437342,,,,,,11.41,25,73930.35,73946,73646,74022.4,mid_price,no_price_available
2026-08-25T04:22:00.195794+00:00,2026-08-25T09:52:00.195794+05:30,NIFTYNXT50,25-Aug-2026,71100.0,PE,73846.35,,0,,0,0.0,,0,0,0,0,0,,,,,,,,,,,,,,,0.0006430683728437342,,,,,,11.41,25,73930.35,73946,73646,74022.4,none,no_price_available
2026-08-25T04:22:00.195794+00:00,2026-08-25T09:52:00.195794+05:30,NIFTYNXT50,25-Aug-2026,71200.0,CE,73846.35,2072.45,550,2985.55,550,0.0,2529.0,0,0,0,0,0,,,,,,,,,,,,,,,0.0006430683728437342,,,,,,11.41,25,73930.35,73946,73646,74022.4,mid_price,no_price_available
2026-08-25T04:22:00.195794+00:00,2026-08-25T09:52:00.195794+05:30,NIFTYNXT50,25-Aug-2026,71200.0,PE,73846.35,,0,,0,0.0,,0,0,0,0,0,,,,,,,,,,,,,,,0.0006430683728437342,,,,,,11.41,25,73930.35,73946,73646,74022.4,none,no_price_available
2026-08-25T04:22:00.195794+00:00,2026-08-25T09:52:00.195794+05:30,NIFTYNXT50,25-Aug-2026,71300.0,CE,73846.35,1984.3,550,2879.5,550,0.0,2431.9,0,0,0,0,0,,,,,,,,,,,,,,,0.0006430683728437342,,,,,,11.41,25,73930.35,73946,73646,74022.4,mid_price,no_price_available
2026-08-25T04:22:00.195794+00:00,2026-08-25T09:52:00.195794+05:30,NIFTYNXT50,25-Aug-2026,71300.0,PE,73846.35,,0,,0,0.0,,0,0,0,0,0,,,,,,,,,,,,,,,0.0006430683728437342,,,,,,11.41,25,73930.35,73946,73646,74022.4,none,no_price_available
2026-08-25T04:22:00.195794+00:00,2026-08-25T09:52:00.195794+05:30,NIFTYNXT50,25-Aug-2026,71400.0,CE,73846.35,,0,,0,0.0,,0,0,0,0,0,,,,,,,,,,,,,,,0.0006430683728437342,,,,,,11.41,25,73930.35,73946,73646,74022.4,none,no_price_available
2026-08-25T04:22:00.195794+00:00,2026-08-25T09:52:00.195794+05:30,NIFTYNXT50,25-Aug-2026,71400.0,PE,73846.35,,0,,0,0.0,,0,0,0,0,0,,,,,,,,,,,,,,,0.0006430683728437342,,,,,,11.41,25,73930.35,73946,73646,74022.4,none,no_price_available
2026-08-25T04:22:00.195794+00:00,2026-08-25T09:52:00.195794+05:30,NIFTYNXT50,25-Aug-2026,71500.0,CE,73846.35,1873.95,550,2665.35,550,0.0,2269.65,0,0,0,0,0,,,,,,,,,,,,,,,0.0006430683728437342,,,,,,11.41,25,73930.35,73946,73646,74022.4,mid_price,no_price_available
2026-08-25T04:22:00.195794+00:00,2026-08-25T09:52:00.195794+05:30,NIFTYNXT50,25-Aug-2026,71500.0,PE,73846.35,,0,14,50,0.0,,0,0,0,0,0,,,,,,,,,,,,,,,0.0006430683728437342,,,,,,11.41,25,73930.35,73946,73646,74022.4,none,no_price_available
2026-08-25T04:22:00.195794+00:00,2026-08-25T09:52:00.195794+05:30,NIFTYNXT50,25-Aug-2026,71600.0,CE,73846.35,1782.75,550,2548.6,550,0.0,2165.675,0,0,0,0,0,,,,,,,,,,,,,,,0.0006430683728437342,,,,,,11.41,25,73930.35,73946,73646,74022.4,mid_price,no_price_available
2026-08-25T04:22:00.195794+00:00,2026-08-25T09:52:00.195794+05:30,NIFTYNXT50,25-Aug-2026,71600.0,PE,0,,0,,0,0.0,,0,0,0,0,0,,,,,,,,,,,,,,,0.0006430683728437342,,,,,,11.41,25,73930.35,73946,73646,74022.4,none,no_price_available
2026-08-25T04:22:00.195794+00:00,2026-08-25T09:52:00.195794+05:30,NIFTYNXT50,25-Aug-2026,71700.0,CE,73846.35,1691.55,550,2457.95,550,0.0,2074.75,0,0,0,0,0,,,,,,,,,,,,,,,0.0006430683728437342,,,,,,11.41,25,73930.35,73946,73646,74022.4,mid_price,no_price_available
2026-08-25T04:22:00.195794+00:00,2026-08-25T09:52:00.195794+05:30,NIFTYNXT50,25-Aug-2026,71700.0,PE,0,,0,,0,0.0,,0,0,0,0,0,,,,,,,,,,,,,,,0.0006430683728437342,,,,,,11.41,25,73930.35,73946,73646,74022.4,none,no_price_available
2026-08-25T04:22:00.195794+00:00,2026-08-25T09:52:00.195794+05:30,NIFTYNXT50,25-Aug-2026,71800.0,CE,73846.35,,0,,0,0.0,,0,0,0,0,0,,,,,,,,,,,,,,,0.0006430683728437342,,,,,,11.41,25,73930.35,73946,73646,74022.4,none,no_price_available
2026-08-25T04:22:00.195794+00:00,2026-08-25T09:52:00.195794+05:30,NIFTYNXT50,25-Aug-2026,71800.0,PE,0,,0,,0,0.0,,0,0,0,0,0,,,,,,,,,,,,,,,0.0006430683728437342,,,,,,11.41,25,73930.35,73946,73646,74022.4,none,no_price_available
2026-08-25T04:22:00.195794+00:00,2026-08-25T09:52:00.195794+05:30,NIFTYNXT50,25-Aug-2026,71900.0,CE,73846.35,1506.6,550,2237.85,550,0.0,1872.225,0,0,0,0,0,,,,,,,,,,,,,,,0.0006430683728437342,,,,,,11.41,25,73930.35,73946,73646,74022.4,mid_price,no_price_available
2026-08-25T04:22:00.195794+00:00,2026-08-25T09:52:00.195794+05:30,NIFTYNXT50,25-Aug-2026,71900.0,PE,0,,0,,0,0.0,,0,0,0,0,0,,,,,,,,,,,,,,,0.0006430683728437342,,,,,,11.41,25,73930.35,73946,73646,74022.4,none,no_price_available
2026-08-25T04:22:00.195794+00:00,2026-08-25T09:52:00.195794+05:30,NIFTYNXT50,25-Aug-2026,72000.0,CE,73846.35,1411.6,550,2147,550,0.0,1779.3,0,0,0,0,0,,,,,,,,,,,,,,,0.0006430683728437342,,,,,,11.41,25,73930.35,73946,73646,74022.4,mid_price,no_price_available
2026-08-25T04:22:00.195794+00:00,2026-08-25T09:52:00.195794+05:30,NIFTYNXT50,25-Aug-2026,72000.0,PE,73846.35,2.5,25,5,50,2.1,3.75,140,18,21,-76.66666666666667,20.71,-6.808205874532759e-07,8.81730423008715e-09,-0.0028176222016554286,6.40370245132285e-05,-7.979352369743673e-05,3.623287308536562e-05,0.007216926674500348,-7.649403198551294e-10,9.509158725244029e-07,-4.2854460355234306e-07,-0.0034198203384199245,-989.698932355018,6.989849276633344e-07,9.275319996926324e-09,0.0006430683728437342,73750,-2.0302476097754516,0.0109,index_dividend_yield,0.065,11.41,25,73930.35,73946,73646,74022.4,mid_price,wide_quote_low_liquidity
2026-08-25T04:22:00.195794+00:00,2026-08-25T09:52:00.195794+05:30,NIFTYNXT50,25-Aug-2026,72100.0,CE,73846.35,1273.7,550,2046.55,550,0.0,1660.125,0,0,0,0,0,,,,,,,,,,,,,,,0.0006430683728437342,,,,,,11.41,25,73930.35,73946,73646,74022.4,mid_price,no_price_available
2026-08-25T04:22:00.195794+00:00,2026-08-25T09:52:00.195794+05:30,NIFTYNXT50,25-Aug-2026,72100.0,PE,0,,0,,0,0.0,,0,0,0,0,0,,,,,,,,,,,,,,,0.0006430683728437342,,,,,,11.41,25,73930.35,73946,73646,74022.4,none,no_price_available
2026-08-25T04:22:00.195794+00:00,2026-08-25T09:52:00.195794+05:30,NIFTYNXT50,25-Aug-2026,72200.0,CE,73846.35,,0,,0,0.0,,0,0,0,0,0,,,,,,,,,,,,,,,0.0006430683728437342,,,,,,11.41,25,73930.35,73946,73646,74022.4,none,no_price_available
2026-08-25T04:22:00.195794+00:00,2026-08-25T09:52:00.195794+05:30,NIFTYNXT50,25-Aug-2026,72200.0,PE,73846.35,,0,28,25,0.0,,0,0,0,0,0,,,,,,,,,,,,,,,0.0006430683728437342,,,,,,11.41,25,73930.35,73946,73646,74022.4,none,no_price_available
2026-08-25T04:22:00.195794+00:00,2026-08-25T09:52:00.195794+05:30,NIFTYNXT50,25-Aug-2026,72300.0,CE,73846.35,1130.55,550,1836.95,550,0.0,1483.75,0,0,0,0,0,,,,,,,,,,,,,,,0.0006430683728437342,,,,,,11.41,25,73930.35,73946,73646,74022.4,mid_price,no_price_available
2026-08-25T04:22:00.195794+00:00,2026-08-25T09:52:00.195794+05:30,NIFTYNXT50,25-Aug-2026,72300.0,PE,73846.35,,0,27,25,0.0,,0,0,0,0,0,,,,,,,,,,,,,,,0.0006430683728437342,,,,,,11.41,25,73930.35,73946,73646,74022.4,none,no_price_available
2026-08-25T04:22:00.195794+00:00,2026-08-25T09:52:00.195794+05:30,NIFTYNXT50,25-Aug-2026,72400.0,CE,73846.35,1066.85,550,1715.3,550,0.0,1391.0749999999998,0,0,0,0,0,,,,,,,,,,,,,,,0.0006430683728437342,,,,,,11.41,25,73930.35,73946,73646,74022.4,mid_price,no_price_available
2026-08-25T04:22:00.195794+00:00,2026-08-25T09:52:00.195794+05:30,NIFTYNXT50,25-Aug-2026,72400.0,PE,73846.35,,0,,0,0.0,,0,0,0,0,0,,,,,,,,,,,,,,,0.0006430683728437342,,,,,,11.41,25,73930.35,73946,73646,74022.4,none,no_price_available
2026-08-25T04:22:00.195794+00:00,2026-08-25T09:52:00.195794+05:30,NIFTYNXT50,25-Aug-2026,72500.0,CE,73846.35,1077.1,25,1328.75,25,0.0,1202.925,25,0,0,0,0,,,,,,,,,,,,,,,0.0006430683728437342,,,,,,11.41,25,73930.35,73946,73646,74022.4,mid_price,no_price_available
2026-08-25T04:22:00.195794+00:00,2026-08-25T09:52:00.195794+05:30,NIFTYNXT50,25-Aug-2026,72500.0,PE,73846.35,3.15,25,9,25,3,6.075,92,0,26,-79.79797979797979,19.61,-0.00010380451370875548,1.1164162969187354e-06,-0.31957518190325673,0.007677485070635814,-0.00774837284379915,0.0032450708352868224,0.5382096482634355,-3.843268173467544e-08,7.256125371694192e-05,-3.0268543261471818e-05,-0.24196819995328422,-837.0807342224276,0.00010585850995821364,1.158265772892801e-06,0.0006430683728437342,73750,-2.0302476097754516,0.0109,index_dividend_yield,0.065,11.41,25,73930.35,73946,73646,74022.4,mid_price,wide_quote_low_liquidity
2026-08-25T04:22:00.195794+00:00,2026-08-25T09:52:00.195794+05:30,NIFTYNXT50,25-Aug-2026,72600.0,CE,73846.35,,0,,0,0.0,,0,0,0,0,0,,,,,,,,,,,,,,,0.0006430683728437342,,,,,,11.41,25,73930.35,73946,73646,74022.4,none,no_price_available
2026-08-25T04:22:00.195794+00:00,2026-08-25T09:52:00.195794+05:30,NIFTYNXT50,25-Aug-2026,72600.0,PE,73846.35,0.1,25,13.95,25,20,7.0249999999999995,6,0,1,-48.38709677419355,21.51,-0.000875012521022786,7.3941784654418255e-06,-2.5460823231090473,0.055775767912860846,-0.04326533794501693,0.01976654576175641,2.5355657490323398,-1.1668069556022755e-07,0.0003017456302121925,-0.00013750612750156328,-1.277785103533152,-667.6350685981541,0.0008913672866975569,7.650234642398715e-06,0.0006430683728437342,73750,-2.0302476097754516,0.0109,index_dividend_yield,0.065,11.41,25,73930.35,73946,73646,74022.4,mid_price,wide_quote_low_liquidity
2026-08-25T04:22:00.195794+00:00,2026-08-25T09:52:00.195794+05:30,NIFTYNXT50,25-Aug-2026,72700.0,CE,73846.35,746.6,550,1416.05,550,0.0,1081.325,0,0,0,0,0,,,,,,,,,,,,,,,0.0006430683728437342,,,,,,11.41,25,73930.35,73946,73646,74022.4,mid_price,no_price_available
2026-08-25T04:22:00.195794+00:00,2026-08-25T09:52:00.195794+05:30,NIFTYNXT50,25-Aug-2026,72700.0,PE,0,,0,,0,0.0,,0,0,0,0,0,,,,,,,,,,,,,,,0.0006430683728437342,,,,,,11.41,25,73930.35,73946,73646,74022.4,none,no_price_available
2026-08-25T04:22:00.195794+00:00,2026-08-25T09:52:00.195794+05:30,NIFTYNXT50,25-Aug-2026,72800.0,CE,73846.35,,0,1372.7,550,0.0,,0,0,0,0,0,,,,,,,,,,,,,,,0.0006430683728437342,,,,,,11.41,25,73930.35,73946,73646,74022.4,none,no_price_available
2026-08-25T04:22:00.195794+00:00,2026-08-25T09:52:00.195794+05:30,NIFTYNXT50,25-Aug-2026,72800.0,PE,0,,0,,0,0.0,,0,0,0,0,0,,,,,,,,,,,,,,,0.0006430683728437342,,,,,,11.41,25,73930.35,73946,73646,74022.4,none,no_price_available
2026-08-25T04:22:00.195794+00:00,2026-08-25T09:52:00.195794+05:30,NIFTYNXT50,25-Aug-2026,72900.0,CE,73846.35,,0,1209,550,0.0,,0,0,0,0,0,,,,,,,,,,,,,,,0.0006430683728437342,,,,,,11.41,25,73930.35,73946,73646,74022.4,none,no_price_available
2026-08-25T04:22:00.195794+00:00,2026-08-25T09:52:00.195794+05:30,NIFTYNXT50,25-Aug-2026,72900.0,PE,0,,0,,0,0.0,,0,0,0,0,0,,,,,,,,,,,,,,,0.0006430683728437342,,,,,,11.41,25,73930.35,73946,73646,74022.4,none,no_price_available
2026-08-25T04:22:00.195794+00:00,2026-08-25T09:52:00.195794+05:30,NIFTYNXT50,25-Aug-2026,73000.0,CE,73846.35,765,25,862.85,25,791,813.925,47,7,17,2.727272727272727,0,,,,,,,,,,,,,,,0.0006430683728437342,,,,,,11.41,25,73930.35,73946,73646,74022.4,mid_price,no_price_available
2026-08-25T04:22:00.195794+00:00,2026-08-25T09:52:00.195794+05:30,NIFTYNXT50,25-Aug-2026,73000.0,PE,73846.35,4.05,100,29,100,0.0,16.525,185,0,0,0,18.82,-0.007654369729347929,5.982459785162821e-05,-15.745088508436156,0.39483407529156245,-0.27113793799230695,0.10794030878917513,12.312493015579351,-5.951410792567457e-07,0.0015476586825856075,-0.0006151336395701326,-5.74302412553576,-634.9064943135859,0.00775530890869595,6.121983240267405e-05,0.0006430683728437342,73750,-2.0302476097754516,0.0109,index_dividend_yield,0.065,11.41,25,73930.35,73946,73646,74022.4,mid_price,wide_quote_low_liquidity
2026-08-25T04:22:00.195794+00:00,2026-08-25T09:52:00.195794+05:30,NIFTYNXT50,25-Aug-2026,73100.0,CE,73846.35,0.05,50,1125.65,550,0.0,562.85,0,0,0,0,0,,,,,,,,,,,,,,,0.0006430683728437342,,,,,,11.41,25,73930.35,73946,73646,74022.4,mid_price,no_price_available
2026-08-25T04:22:00.195794+00:00,2026-08-25T09:52:00.195794+05:30,NIFTYNXT50,25-Aug-2026,73100.0,PE,0,,0,,0,0.0,,0,0,0,0,0,,,,,,,,,,,,,,,0.0006430683728437342,,,,,,11.41,25,73930.35,73946,73646,74022.4,none,no_price_available
2026-08-25T04:22:00.195794+00:00,2026-08-25T09:52:00.195794+05:30,NIFTYNXT50,25-Aug-2026,73200.0,CE,73846.35,0.05,50,1016.95,550,0.0,508.5,0,0,0,0,0,,,,,,,,,,,,,,,0.0006430683728437342,,,,,,11.41,25,73930.35,73946,73646,74022.4,mid_price,no_price_available
2026-08-25T04:22:00.195794+00:00,2026-08-25T09:52:00.195794+05:30,NIFTYNXT50,25-Aug-2026,73200.0,PE,0,,0,,0,0.0,,0,0,0,0,0,,,,,,,,,,,,,,,0.0006430683728437342,,,,,,11.41,25,73930.35,73946,73646,74022.4,none,no_price_available
2026-08-25T04:22:00.195794+00:00,2026-08-25T09:52:00.195794+05:30,NIFTYNXT50,25-Aug-2026,73300.0,CE,73846.35,403.65,25,823.3,550,0.0,613.4749999999999,2,0,0,0,0,,,,,,,,,,,,,,,0.0006430683728437342,73750,-2.0302476097754516,0.0109,index_dividend_yield,0.065,11.41,25,73930.35,73946,73646,74022.4,mid_price,no_nse_iv
2026-08-25T04:22:00.195794+00:00,2026-08-25T09:52:00.195794+05:30,NIFTYNXT50,25-Aug-2026,73300.0,PE,73846.35,,0,,0,0.0,,5,0,0,0,19.83,,,,,,,,,,,,,,,0.0006430683728437342,,,,,,11.41,25,73930.35,73946,73646,74022.4,none,no_price_available
2026-08-25T04:22:00.195794+00:00,2026-08-25T09:52:00.195794+05:30,NIFTYNXT50,25-Aug-2026,73400.0,CE,73846.35,346.95,75,481.45,75,0.0,414.2,0,0,0,0,0,,,,,,,,,,,,,,,0.0006430683728437342,,,,,,11.41,25,73930.35,73946,73646,74022.4,mid_price,no_price_available
2026-08-25T04:22:00.195794+00:00,2026-08-25T09:52:00.195794+05:30,NIFTYNXT50,25-Aug-2026,73400.0,PE,0,,0,,0,0.0,,0,0,0,0,0,,,,,,,,,,,,,,,0.0006430683728437342,,,,,,11.41,25,73930.35,73946,73646,74022.4,none,no_price_available
2026-08-25T04:22:00.195794+00:00,2026-08-25T09:52:00.195794+05:30,NIFTYNXT50,25-Aug-2026,73500.0,CE,73846.35,280.05,25,318.95,25,319.95,299.5,40,27,45,-14.68,0,,,,,,,,,,,,,,,0.0006430683728437342,,,,,,11.41,25,73930.35,73946,73646,74022.4,mid_price,no_price_available
2026-08-25T04:22:00.195794+00:00,2026-08-25T09:52:00.195794+05:30,NIFTYNXT50,25-Aug-2026,73500.0,PE,73846.35,61,75,85,25,68,73.0,24,-1,15,-42.90512174643157,14,-0.09081265129409054,0.000623552929992463,-90.30274542695545,3.0613753388376663,-1.5555806909308134,0.4571298998559733,38.91246613065902,-2.0170000541231746e-06,0.0034723180549504017,-0.0010038498719560037,-17.95299084409015,-605.644822205921,0.09139123306100129,0.0006294434443683244,0.0006430683728437342,73750,-2.0302476097754516,0.0109,index_dividend_yield,0.065,11.41,25,73930.35,73946,73646,74022.4,mid_price,wide_quote_low_liquidity
2026-08-25T04:22:00.195794+00:00,2026-08-25T09:52:00.195794+05:30,NIFTYNXT50,25-Aug-2026,73600.0,CE,73846.35,,0,,0,0.0,,0,0,0,0,0,,,,,,,,,,,,,,,0.0006430683728437342,,,,,,11.41,25,73930.35,73946,73646,74022.4,none,no_price_available
2026-08-25T04:22:00.195794+00:00,2026-08-25T09:52:00.195794+05:30,NIFTYNXT50,25-Aug-2026,73600.0,PE,73846.35,0.05,575,,0,0.0,,0,0,0,0,0,,,,,,,,,,,,,,,0.0006430683728437342,,,,,,11.41,25,73930.35,73946,73646,74022.4,none,no_price_available
2026-08-25T04:22:00.195794+00:00,2026-08-25T09:52:00.195794+05:30,NIFTYNXT50,25-Aug-2026,73700.0,CE,73846.35,5.35,25,,0,0.0,,0,0,0,0,0,,,,,,,,,,,,,,,0.0006430683728437342,,,,,,11.41,25,73930.35,73946,73646,74022.4,none,no_price_available
2026-08-25T04:22:00.195794+00:00,2026-08-25T09:52:00.195794+05:30,NIFTYNXT50,25-Aug-2026,73700.0,PE,73846.35,1.1,50,,0,0.0,,0,0,0,0,0,,,,,,,,,,,,,,,0.0006430683728437342,,,,,,11.41,25,73930.35,73946,73646,74022.4,none,no_price_available
2026-08-25T04:22:00.195794+00:00,2026-08-25T09:52:00.195794+05:30,NIFTYNXT50,25-Aug-2026,73800.0,CE,73846.35,146.35,125,213.15,350,0.0,179.75,1,0,0,0,29.48,0.536796759050215,0.0007195631709923932,-472.9847106973808,7.438949759475113,-0.11440442427984587,0.06409175297876,0.1979094080279964,-1.0241343737064516e-07,-0.0024217359344823634,0.0015244790279837937,-15.961932704359421,161.47667645206542,-0.5338075067472066,0.0007204672963647345,0.0006430683728437342,73750,-2.0302476097754516,0.0109,index_dividend_yield,0.065,11.41,25,73930.35,73946,73646,74022.4,mid_price,wide_quote_low_liquidity
2026-08-25T04:22:00.195794+00:00,2026-08-25T09:52:00.195794+05:30,NIFTYNXT50,25-Aug-2026,73800.0,PE,0,,0,,0,0.0,,0,0,0,0,0,,,,,,,,,,,,,,,0.0006430683728437342,,,,,,11.41,25,73930.35,73946,73646,74022.4,none,no_price_available
2026-08-25T04:22:00.195794+00:00,2026-08-25T09:52:00.195794+05:30,NIFTYNXT50,25-Aug-2026,73900.0,CE,73846.35,,0,183.2,100,0.0,,0,0,0,0,0,,,,,,,,,,,,,,,0.0006430683728437342,,,,,,11.41,25,73930.35,73946,73646,74022.4,none,no_price_available
2026-08-25T04:22:00.195794+00:00,2026-08-25T09:52:00.195794+05:30,NIFTYNXT50,25-Aug-2026,73900.0,PE,0,,0,,0,0.0,,0,0,0,0,0,,,,,,,,,,,,,,,0.0006430683728437342,,,,,,11.41,25,73930.35,73946,73646,74022.4,none,no_price_available
2026-08-25T04:22:00.195794+00:00,2026-08-25T09:52:00.195794+05:30,NIFTYNXT50,25-Aug-2026,74000.0,CE,73846.35,78.5,25,83,25,80,80.75,142,23,84,-42.48741912293314,8.41,0.16922608045170973,0.0016020884619043958,-86.4971375794628,4.724955339857923,2.8782474326144167,-0.5335103984068155,51.59904375291102,1.3000358198109068e-06,-0.0015517839281217706,0.00016685817386323748,-19.626730196160256,879.3333607251584,-0.16868265908864682,0.0015954423717984211,0.0006430683728437342,73750,-2.0302476097754516,0.0109,index_dividend_yield,0.065,11.41,25,73930.35,73946,73646,74022.4,mid_price,ok
2026-08-25T04:22:00.195794+00:00,2026-08-25T09:52:00.195794+05:30,NIFTYNXT50,25-Aug-2026,74000.0,PE,73846.35,310,25,352,25,336,331.0,31,0,12,-11.181601903251387,18.04,-0.6716381443287337,0.0010698372858096016,-252.70019355038372,6.768142320021047,0.8996215377718442,-0.3579104032242822,7.487845985183927,8.008199733948954e-07,-0.004746856299575001,0.0018102783718498357,-17.398821808679926,-221.72613713902584,0.6732664318499828,0.0010653991819412486,0.0006430683728437342,73750,-2.0302476097754516,0.0109,index_dividend_yield,0.065,11.41,25,73930.35,73946,73646,74022.4,mid_price,ok
2026-08-25T04:22:00.195794+00:00,2026-08-25T09:52:00.195794+05:30,NIFTYNXT50,25-Aug-2026,74100.0,CE,73846.35,2.1,500,131.1,50,0.0,66.6,0,0,0,0,0,,,,,,,,,,,,,,,0.0006430683728437342,73750,-2.0302476097754516,0.0109,index_dividend_yield,0.065,11.41,25,73930.35,73946,73646,74022.4,mid_price,no_nse_iv
2026-08-25T04:22:00.195794+00:00,2026-08-25T09:52:00.195794+05:30,NIFTYNXT50,25-Aug-2026,74100.0,PE,0,,0,,0,0.0,,0,0,0,0,0,,,,,,,,,,,,,,,0.0006430683728437342,,,,,,11.41,25,73930.35,73946,73646,74022.4,none,no_price_available
2026-08-25T04:22:00.195794+00:00,2026-08-25T09:52:00.195794+05:30,NIFTYNXT50,25-Aug-2026,74200.0,CE,73846.35,2.1,500,110.3,100,0.0,56.199999999999996,0,0,0,0,0,,,,,,,,,,,,,,,0.0006430683728437342,73750,-2.0302476097754516,0.0109,index_dividend_yield,0.065,11.41,25,73930.35,73946,73646,74022.4,mid_price,no_nse_iv
2026-08-25T04:22:00.195794+00:00,2026-08-25T09:52:00.195794+05:30,NIFTYNXT50,25-Aug-2026,74200.0,PE,0,,0,,0,0.0,,0,0,0,0,0,,,,,,,,,,,,,,,0.0006430683728437342,,,,,,11.41,25,73930.35,73946,73646,74022.4,none,no_price_available
2026-08-25T04:22:00.195794+00:00,2026-08-25T09:52:00.195794+05:30,NIFTYNXT50,25-Aug-2026,74300.0,CE,73846.35,0.05,50,91.5,100,0.0,45.775,0,0,0,0,0,,,,,,,,,,,,,,,0.0006430683728437342,73750,-2.0302476097754516,0.0109,index_dividend_yield,0.065,11.41,25,73930.35,73946,73646,74022.4,mid_price,no_nse_iv
2026-08-25T04:22:00.195794+00:00,2026-08-25T09:52:00.195794+05:30,NIFTYNXT50,25-Aug-2026,74300.0,PE,0,,0,,0,0.0,,0,0,0,0,0,,,,,,,,,,,,,,,0.0006430683728437342,,,,,,11.41,25,73930.35,73946,73646,74022.4,none,no_price_available
2026-08-25T04:22:00.195794+00:00,2026-08-25T09:52:00.195794+05:30,NIFTYNXT50,25-Aug-2026,74400.0,CE,73846.35,0.05,50,,0,0.0,,0,0,0,0,0,,,,,,,,,,,,,,,0.0006430683728437342,,,,,,11.41,25,73930.35,73946,73646,74022.4,none,no_price_available
2026-08-25T04:22:00.195794+00:00,2026-08-25T09:52:00.195794+05:30,NIFTYNXT50,25-Aug-2026,74400.0,PE,73846.35,,0,,0,0.0,,1,0,0,0,24.09,,,,,,,,,,,,,,,0.0006430683728437342,,,,,,11.41,25,73930.35,73946,73646,74022.4,none,no_price_available
2026-08-25T04:22:00.195794+00:00,2026-08-25T09:52:00.195794+05:30,NIFTYNXT50,25-Aug-2026,74500.0,CE,73846.35,2.1,500,60.85,100,0.0,31.475,0,0,0,0,0,,,,,,,,,,,,,,,0.0006430683728437342,73750,-2.0302476097754516,0.0109,index_dividend_yield,0.065,11.41,25,73930.35,73946,73646,74022.4,mid_price,no_nse_iv
2026-08-25T04:22:00.195794+00:00,2026-08-25T09:52:00.195794+05:30,NIFTYNXT50,25-Aug-2026,74500.0,PE,73846.35,438.1,550,1273.85,25,0.0,855.9749999999999,0,0,0,0,0,,,,,,,,,,,,,,,0.0006430683728437342,73750,-2.0302476097754516,0.0109,index_dividend_yield,0.065,11.41,25,73930.35,73946,73646,74022.4,mid_price,no_nse_iv
2026-08-25T04:22:00.195794+00:00,2026-08-25T09:52:00.195794+05:30,NIFTYNXT50,25-Aug-2026,74600.0,CE,73846.35,10.05,125,24.95,75,16.05,17.5,40,10,24,-56.44504748982361,12.4,0.0006488634406521843,9.738186997655696e-06,-1.1256482134015025,0.04234625558773639,0.058739845207656884,-0.015647351191410936,3.5375448251232022,6.128077043732713e-07,0.000734833532086794,-0.00019546442671007776,-1.0331514186231923,1185.2291817440262,-0.0006417663398172906,9.542419909123499e-06,0.0006430683728437342,73750,-2.0302476097754516,0.0109,index_dividend_yield,0.065,11.41,25,73930.35,73946,73646,74022.4,mid_price,wide_quote_low_liquidity
2026-08-25T04:22:00.195794+00:00,2026-08-25T09:52:00.195794+05:30,NIFTYNXT50,25-Aug-2026,74600.0,PE,73846.35,488.95,50,2543,50,0.0,1515.975,0,0,0,0,0,,,,,,,,,,,,,,,0.0006430683728437342,73750,-2.0302476097754516,0.0109,index_dividend_yield,0.065,11.41,25,73930.35,73946,73646,74022.4,mid_price,no_nse_iv
2026-08-25T04:22:00.195794+00:00,2026-08-25T09:52:00.195794+05:30,NIFTYNXT50,25-Aug-2026,74700.0,CE,73846.35,0.15,25,20,100,40,10.075,3,0,1,-89.1891891891892,17.42,0.004774732101315947,4.254140225238122e-05,-9.695865917842578,0.259881384134274,0.20682755298733618,-0.07715877809566403,10.037777223772734,5.637600167421897e-07,0.0013988735824015388,-0.0005219983075522578,-4.298880782104372,720.1191165007732,-0.004713613139243547,4.1574656156026884e-05,0.0006430683728437342,73750,-2.0302476097754516,0.0109,index_dividend_yield,0.065,11.41,25,73930.35,73946,73646,74022.4,mid_price,wide_quote_low_liquidity
2026-08-25T04:22:00.195794+00:00,2026-08-25T09:52:00.195794+05:30,NIFTYNXT50,25-Aug-2026,74700.0,PE,73846.35,588.3,550,2710.75,50,0.0,1649.525,0,0,0,0,0,,,,,,,,,,,,,,,0.0006430683728437342,73750,-2.0302476097754516,0.0109,index_dividend_yield,0.065,11.41,25,73930.35,73946,73646,74022.4,mid_price,no_nse_iv
2026-08-25T04:22:00.195794+00:00,2026-08-25T09:52:00.195794+05:30,NIFTYNXT50,25-Aug-2026,74800.0,CE,73846.35,0.05,50,35,100,0.0,17.525,3,0,0,0,18.56,0.00329883171511583,2.8672558834690467e-05,-7.414367109527705,0.18662062685930564,0.14611795832219165,-0.05805694279128394,7.432787074193564,3.907937691111019e-07,0.0009874501031987945,-0.000392245788121431,-3.3514736768630757,698.8241403140969,-0.003252113453352043,2.7946107510825366e-05,0.0006430683728437342,73750,-2.0302476097754516,0.0109,index_dividend_yield,0.065,11.41,25,73930.35,73946,73646,74022.4,mid_price,wide_quote_low_liquidity
2026-08-25T04:22:00.195794+00:00,2026-08-25T09:52:00.195794+05:30,NIFTYNXT50,25-Aug-2026,74800.0,PE,73846.35,681.05,550,2873.6,50,0.0,1777.3249999999998,0,0,0,0,0,,,,,,,,,,,,,,,0.0006430683728437342,73750,-2.0302476097754516,0.0109,index_dividend_yield,0.065,11.41,25,73930.35,73946,73646,74022.4,mid_price,no_nse_iv
2026-08-25T04:22:00.195794+00:00,2026-08-25T09:52:00.195794+05:30,NIFTYNXT50,25-Aug-2026,74900.0,CE,73846.35,,0,,0,0.0,,1,0,0,0,10.93,,,,,,,,,,,,,,,0.0006430683728437342,,,,,,11.41,25,73930.35,73946,73646,74022.4,none,no_price_available
2026-08-25T04:22:00.195794+00:00,2026-08-25T09:52:00.195794+05:30,NIFTYNXT50,25-Aug-2026,74900.0,PE,73846.35,775.25,550,3030.6,50,0.0,1902.925,0,0,0,0,0,,,,,,,,,,,,,,,0.0006430683728437342,73750,-2.0302476097754516,0.0109,index_dividend_yield,0.065,11.41,25,73930.35,73946,73646,74022.4,mid_price,no_nse_iv
2026-08-25T04:22:00.195794+00:00,2026-08-25T09:52:00.195794+05:30,NIFTYNXT50,25-Aug-2026,75000.0,CE,73846.35,0.05,50,17,125,0.0,8.525,0,0,0,0,0,,,,,,,,,,,,,,,0.0006430683728437342,73750,-2.0302476097754516,0.0109,index_dividend_yield,0.065,11.41,25,73930.35,73946,73646,74022.4,mid_price,no_nse_iv
2026-08-25T04:22:00.195794+00:00,2026-08-25T09:52:00.195794+05:30,NIFTYNXT50,25-Aug-2026,75000.0,PE,73846.35,0.05,50,1646.4,50,0.0,823.225,0,0,0,0,0,,,,,,,,,,,,,,,0.0006430683728437342,,,,,,11.41,25,73930.35,73946,73646,74022.4,mid_price,no_price_available
2026-08-25T04:22:00.195794+00:00,2026-08-25T09:52:00.195794+05:30,NIFTYNXT50,25-Aug-2026,75100.0,CE,0,,0,,0,0.0,,0,0,0,0,0,,,,,,,,,,,,,,,0.0006430683728437342,,,,,,11.41,25,73930.35,73946,73646,74022.4,none,no_price_available
2026-08-25T04:22:00.195794+00:00,2026-08-25T09:52:00.195794+05:30,NIFTYNXT50,25-Aug-2026,75100.0,PE,73846.35,1023.95,550,,0,0.0,,0,0,0,0,0,,,,,,,,,,,,,,,0.0006430683728437342,,,,,,11.41,25,73930.35,73946,73646,74022.4,none,no_price_available
2026-08-25T04:22:00.195794+00:00,2026-08-25T09:52:00.195794+05:30,NIFTYNXT50,25-Aug-2026,75200.0,CE,73846.35,,0,,0,0.0,,1,0,0,0,21.12,,,,,,,,,,,,,,,0.0006430683728437342,,,,,,11.41,25,73930.35,73946,73646,74022.4,none,no_price_available
2026-08-25T04:22:00.195794+00:00,2026-08-25T09:52:00.195794+05:30,NIFTYNXT50,25-Aug-2026,75200.0,PE,73846.35,1118.65,550,1819.8,550,0.0,1469.225,0,0,0,0,0,,,,,,,,,,,,,,,0.0006430683728437342,73750,-2.0302476097754516,0.0109,index_dividend_yield,0.065,11.41,25,73930.35,73946,73646,74022.4,mid_price,no_nse_iv
2026-08-25T04:22:00.195794+00:00,2026-08-25T09:52:00.195794+05:30,NIFTYNXT50,25-Aug-2026,75300.0,CE,0,,0,,0,0.0,,0,0,0,0,0,,,,,,,,,,,,,,,0.0006430683728437342,,,,,,11.41,25,73930.35,73946,73646,74022.4,none,no_price_available
2026-08-25T04:22:00.195794+00:00,2026-08-25T09:52:00.195794+05:30,NIFTYNXT50,25-Aug-2026,75300.0,PE,73846.35,1214,550,1912.65,550,0.0,1563.325,0,0,0,0,0,,,,,,,,,,,,,,,0.0006430683728437342,73750,-2.0302476097754516,0.0109,index_dividend_yield,0.065,11.41,25,73930.35,73946,73646,74022.4,mid_price,no_nse_iv
2026-08-25T04:22:00.195794+00:00,2026-08-25T09:52:00.195794+05:30,NIFTYNXT50,25-Aug-2026,75400.0,CE,0,,0,,0,0.0,,0,0,0,0,0,,,,,,,,,,,,,,,0.0006430683728437342,,,,,,11.41,25,73930.35,73946,73646,74022.4,none,no_price_available
2026-08-25T04:22:00.195794+00:00,2026-08-25T09:52:00.195794+05:30,NIFTYNXT50,25-Aug-2026,75400.0,PE,73846.35,,0,,0,0.0,,0,0,0,0,0,,,,,,,,,,,,,,,0.0006430683728437342,,,,,,11.41,25,73930.35,73946,73646,74022.4,none,no_price_available
2026-08-25T04:22:00.195794+00:00,2026-08-25T09:52:00.195794+05:30,NIFTYNXT50,25-Aug-2026,75500.0,CE,73846.35,,0,8.95,25,0.0,,0,0,0,0,0,,,,,,,,,,,,,,,0.0006430683728437342,,,,,,11.41,25,73930.35,73946,73646,74022.4,none,no_price_available
2026-08-25T04:22:00.195794+00:00,2026-08-25T09:52:00.195794+05:30,NIFTYNXT50,25-Aug-2026,75500.0,PE,73846.35,1403.95,550,2126.5,550,0.0,1765.225,0,0,0,0,0,,,,,,,,,,,,,,,0.0006430683728437342,73750,-2.0302476097754516,0.0109,index_dividend_yield,0.065,11.41,25,73930.35,73946,73646,74022.4,mid_price,no_nse_iv
2026-08-25T04:22:00.195794+00:00,2026-08-25T09:52:00.195794+05:30,NIFTYNXT50,25-Aug-2026,75600.0,CE,0,,0,,0,0.0,,0,0,0,0,0,,,,,,,,,,,,,,,0.0006430683728437342,,,,,,11.41,25,73930.35,73946,73646,74022.4,none,no_price_available
2026-08-25T04:22:00.195794+00:00,2026-08-25T09:52:00.195794+05:30,NIFTYNXT50,25-Aug-2026,75600.0,PE,73846.35,1496.95,550,2233.45,550,0.0,1865.1999999999998,0,0,0,0,0,,,,,,,,,,,,,,,0.0006430683728437342,73750,-2.0302476097754516,0.0109,index_dividend_yield,0.065,11.41,25,73930.35,73946,73646,74022.4,mid_price,no_nse_iv
2026-08-25T04:22:00.195794+00:00,2026-08-25T09:52:00.195794+05:30,NIFTYNXT50,25-Aug-2026,75700.0,CE,0,,0,,0,0.0,,0,0,0,0,0,,,,,,,,,,,,,,,0.0006430683728437342,,,,,,11.41,25,73930.35,73946,73646,74022.4,none,no_price_available
2026-08-25T04:22:00.195794+00:00,2026-08-25T09:52:00.195794+05:30,NIFTYNXT50,25-Aug-2026,75700.0,PE,73846.35,1593,550,2345.4,550,0.0,1969.2,0,0,0,0,0,,,,,,,,,,,,,,,0.0006430683728437342,73750,-2.0302476097754516,0.0109,index_dividend_yield,0.065,11.41,25,73930.35,73946,73646,74022.4,mid_price,no_nse_iv
2026-08-25T04:22:00.195794+00:00,2026-08-25T09:52:00.195794+05:30,NIFTYNXT50,25-Aug-2026,75800.0,CE,0,,0,,0,0.0,,0,0,0,0,0,,,,,,,,,,,,,,,0.0006430683728437342,,,,,,11.41,25,73930.35,73946,73646,74022.4,none,no_price_available
2026-08-25T04:22:00.195794+00:00,2026-08-25T09:52:00.195794+05:30,NIFTYNXT50,25-Aug-2026,75800.0,PE,73846.35,,0,,0,0.0,,0,0,0,0,0,,,,,,,,,,,,,,,0.0006430683728437342,,,,,,11.41,25,73930.35,73946,73646,74022.4,none,no_price_available
2026-08-25T04:22:00.195794+00:00,2026-08-25T09:52:00.195794+05:30,NIFTYNXT50,25-Aug-2026,75900.0,CE,73846.35,,0,,0,0.0,,0,0,0,0,0,,,,,,,,,,,,,,,0.0006430683728437342,,,,,,11.41,25,73930.35,73946,73646,74022.4,none,no_price_available
2026-08-25T04:22:00.195794+00:00,2026-08-25T09:52:00.195794+05:30,NIFTYNXT50,25-Aug-2026,75900.0,PE,73846.35,1777.5,550,2550.55,550,0.0,2164.025,0,0,0,0,0,,,,,,,,,,,,,,,0.0006430683728437342,73750,-2.0302476097754516,0.0109,index_dividend_yield,0.065,11.41,25,73930.35,73946,73646,74022.4,mid_price,no_nse_iv
2026-08-25T04:22:00.195794+00:00,2026-08-25T09:52:00.195794+05:30,NIFTYNXT50,25-Aug-2026,76000.0,CE,73846.35,,0,4.9,500,0.0,,1,0,0,0,40.84,,,,,,,,,,,,,,,0.0006430683728437342,,,,,,11.41,25,73930.35,73946,73646,74022.4,none,no_price_available
2026-08-25T04:22:00.195794+00:00,2026-08-25T09:52:00.195794+05:30,NIFTYNXT50,25-Aug-2026,76000.0,PE,73846.35,1865.65,550,2626.65,550,0.0,2246.15,0,0,0,0,0,,,,,,,,,,,,,,,0.0006430683728437342,73750,-2.0302476097754516,0.0109,index_dividend_yield,0.065,11.41,25,73930.35,73946,73646,74022.4,mid_price,no_nse_iv
2026-08-25T04:22:00.195794+00:00,2026-08-25T09:52:00.195794+05:30,NIFTYNXT50,25-Aug-2026,76100.0,CE,0,,0,,0,0.0,,0,0,0,0,0,,,,,,,,,,,,,,,0.0006430683728437342,,,,,,11.41,25,73930.35,73946,73646,74022.4,none,no_price_available
2026-08-25T04:22:00.195794+00:00,2026-08-25T09:52:00.195794+05:30,NIFTYNXT50,25-Aug-2026,76100.0,PE,73846.35,1889.05,550,2749.95,550,0.0,2319.5,0,0,0,0,0,,,,,,,,,,,,,,,0.0006430683728437342,73750,-2.0302476097754516,0.0109,index_dividend_yield,0.065,11.41,25,73930.35,73946,73646,74022.4,mid_price,no_nse_iv
2026-08-25T04:22:00.195794+00:00,2026-08-25T09:52:00.195794+05:30,NIFTYNXT50,25-Aug-2026,76200.0,CE,0,,0,,0,0.0,,0,0,0,0,0,,,,,,,,,,,,,,,0.0006430683728437342,,,,,,11.41,25,73930.35,73946,73646,74022.4,none,no_price_available
2026-08-25T04:22:00.195794+00:00,2026-08-25T09:52:00.195794+05:30,NIFTYNXT50,25-Aug-2026,76200.0,PE,73846.35,,0,,0,0.0,,0,0,0,0,0,,,,,,,,,,,,,,,0.0006430683728437342,,,,,,11.41,25,73930.35,73946,73646,74022.4,none,no_price_available
2026-08-25T04:22:00.195794+00:00,2026-08-25T09:52:00.195794+05:30,NIFTYNXT50,25-Aug-2026,76300.0,CE,0,,0,,0,0.0,,0,0,0,0,0,,,,,,,,,,,,,,,0.0006430683728437342,,,,,,11.41,25,73930.35,73946,73646,74022.4,none,no_price_available
2026-08-25T04:22:00.195794+00:00,2026-08-25T09:52:00.195794+05:30,NIFTYNXT50,25-Aug-2026,76300.0,PE,73846.35,2065.4,550,2959.95,550,0.0,2512.675,0,0,0,0,0,,,,,,,,,,,,,,,0.0006430683728437342,73750,-2.0302476097754516,0.0109,index_dividend_yield,0.065,11.41,25,73930.35,73946,73646,74022.4,mid_price,no_nse_iv
2026-08-25T04:22:00.195794+00:00,2026-08-25T09:52:00.195794+05:30,NIFTYNXT50,25-Aug-2026,76400.0,CE,0,,0,,0,0.0,,0,0,0,0,0,,,,,,,,,,,,,,,0.0006430683728437342,,,,,,11.41,25,73930.35,73946,73646,74022.4,none,no_price_available
2026-08-25T04:22:00.195794+00:00,2026-08-25T09:52:00.195794+05:30,NIFTYNXT50,25-Aug-2026,76400.0,PE,73846.35,2153.5,550,3113.1,550,0.0,2633.3,0,0,0,0,0,,,,,,,,,,,,,,,0.0006430683728437342,73750,-2.0302476097754516,0.0109,index_dividend_yield,0.065,11.41,25,73930.35,73946,73646,74022.4,mid_price,no_nse_iv
2026-08-25T04:22:00.195794+00:00,2026-08-25T09:52:00.195794+05:30,NIFTYNXT50,25-Aug-2026,76500.0,CE,73846.35,,0,,0,0.0,,0,0,0,0,0,,,,,,,,,,,,,,,0.0006430683728437342,,,,,,11.41,25,73930.35,73946,73646,74022.4,none,no_price_available
2026-08-25T04:22:00.195794+00:00,2026-08-25T09:52:00.195794+05:30,NIFTYNXT50,25-Aug-2026,76500.0,PE,73846.35,2241.4,550,3151.65,550,0.0,2696.525,0,0,0,0,0,,,,,,,,,,,,,,,0.0006430683728437342,73750,-2.0302476097754516,0.0109,index_dividend_yield,0.065,11.41,25,73930.35,73946,73646,74022.4,mid_price,no_nse_iv
2026-08-25T04:22:00.195794+00:00,2026-08-25T09:52:00.195794+05:30,NIFTYNXT50,25-Aug-2026,76600.0,CE,0,,0,,0,0.0,,0,0,0,0,0,,,,,,,,,,,,,,,0.0006430683728437342,,,,,,11.41,25,73930.35,73946,73646,74022.4,none,no_price_available
2026-08-25T04:22:00.195794+00:00,2026-08-25T09:52:00.195794+05:30,NIFTYNXT50,25-Aug-2026,76600.0,PE,73846.35,,0,3338.95,550,0.0,,0,0,0,0,0,,,,,,,,,,,,,,,0.0006430683728437342,,,,,,11.41,25,73930.35,73946,73646,74022.4,none,no_price_available
2026-08-25T04:22:00.195794+00:00,2026-08-25T09:52:00.195794+05:30,NIFTYNXT50,25-Aug-2026,76700.0,CE,0,,0,,0,0.0,,0,0,0,0,0,,,,,,,,,,,,,,,0.0006430683728437342,,,,,,11.41,25,73930.35,73946,73646,74022.4,none,no_price_available
2026-08-25T04:22:00.195794+00:00,2026-08-25T09:52:00.195794+05:30,NIFTYNXT50,25-Aug-2026,76700.0,PE,73846.35,2417.05,550,3443.95,550,0.0,2930.5,0,0,0,0,0,,,,,,,,,,,,,,,0.0006430683728437342,73750,-2.0302476097754516,0.0109,index_dividend_yield,0.065,11.41,25,73930.35,73946,73646,74022.4,mid_price,no_nse_iv
2026-08-25T04:22:00.195794+00:00,2026-08-25T09:52:00.195794+05:30,NIFTYNXT50,25-Aug-2026,76800.0,CE,0,,0,,0,0.0,,0,0,0,0,0,,,,,,,,,,,,,,,0.0006430683728437342,,,,,,11.41,25,73930.35,73946,73646,74022.4,none,no_price_available
2026-08-25T04:22:00.195794+00:00,2026-08-25T09:52:00.195794+05:30,NIFTYNXT50,25-Aug-2026,76800.0,PE,73846.35,2505.25,550,3502.95,550,0.0,3004.1,0,0,0,0,0,,,,,,,,,,,,,,,0.0006430683728437342,73750,-2.0302476097754516,0.0109,index_dividend_yield,0.065,11.41,25,73930.35,73946,73646,74022.4,mid_price,no_nse_iv
2026-08-25T04:22:00.195794+00:00,2026-08-25T09:52:00.195794+05:30,NIFTYNXT50,25-Aug-2026,76900.0,CE,73846.35,,0,,0,0.0,,0,0,0,0,0,,,,,,,,,,,,,,,0.0006430683728437342,,,,,,11.41,25,73930.35,73946,73646,74022.4,none,no_price_available
2026-08-25T04:22:00.195794+00:00,2026-08-25T09:52:00.195794+05:30,NIFTYNXT50,25-Aug-2026,76900.0,PE,73846.35,2592.3,550,3595.3,550,0.0,3093.8,0,0,0,0,0,,,,,,,,,,,,,,,0.0006430683728437342,73750,-2.0302476097754516,0.0109,index_dividend_yield,0.065,11.41,25,73930.35,73946,73646,74022.4,mid_price,no_nse_iv
2026-08-25T04:22:00.195794+00:00,2026-08-25T09:52:00.195794+05:30,NIFTYNXT50,25-Aug-2026,77000.0,CE,73846.35,,0,,0,0.0,,0,0,0,0,0,,,,,,,,,,,,,,,0.0006430683728437342,,,,,,11.41,25,73930.35,73946,73646,74022.4,none,no_price_available
2026-08-25T04:22:00.195794+00:00,2026-08-25T09:52:00.195794+05:30,NIFTYNXT50,25-Aug-2026,77000.0,PE,73846.35,,0,,0,0.0,,0,0,0,0,0,,,,,,,,,,,,,,,0.0006430683728437342,,,,,,11.41,25,73930.35,73946,73646,74022.4,none,no_price_available
2026-08-25T04:22:00.195794+00:00,2026-08-25T09:52:00.195794+05:30,NIFTYNXT50,25-Aug-2026,77100.0,CE,73846.35,,0,6,25,18.95,,1,0,2,-67.29939603106126,42.71,3.5586542909028275e-05,1.8683948493670248e-07,-0.25499106775268393,0.0027984235843380844,0.0013938360686134381,-0.0012842395897834007,0.10368220358107573,1.3741154685352307e-09,6.484775155383799e-06,-5.9472583667825955e-06,-0.10159080474123877,407.8666690828472,-3.400120852193523e-05,1.7140282437194637e-07,0.0006430683728437342,73750,-2.0302476097754516,0.0109,index_dividend_yield,0.065,11.41,25,73930.35,73946,73646,74022.4,ltp,ok
2026-08-25T04:22:00.195794+00:00,2026-08-25T09:52:00.195794+05:30,NIFTYNXT50,25-Aug-2026,77100.0,PE,73846.35,2768.8,550,3849.25,550,0.0,3309.025,0,0,0,0,0,,,,,,,,,,,,,,,0.0006430683728437342,73750,-2.0302476097754516,0.0109,index_dividend_yield,0.065,11.41,25,73930.35,73946,73646,74022.4,mid_price,no_nse_iv
2026-08-25T04:22:00.195794+00:00,2026-08-25T09:52:00.195794+05:30,NIFTYNXT50,25-Aug-2026,77200.0,CE,0,,0,,0,0.0,,0,0,0,0,0,,,,,,,,,,,,,,,0.0006430683728437342,,,,,,11.41,25,73930.35,73946,73646,74022.4,none,no_price_available
2026-08-25T04:22:00.195794+00:00,2026-08-25T09:52:00.195794+05:30,NIFTYNXT50,25-Aug-2026,77200.0,PE,73846.35,2860.8,550,3906.1,550,0.0,3383.45,0,0,0,0,0,,,,,,,,,,,,,,,0.0006430683728437342,73750,-2.0302476097754516,0.0109,index_dividend_yield,0.065,11.41,25,73930.35,73946,73646,74022.4,mid_price,no_nse_iv
2026-08-25T04:22:00.195794+00:00,2026-08-25T09:52:00.195794+05:30,NIFTYNXT50,25-Aug-2026,77300.0,CE,0,,0,,0,0.0,,0,0,0,0,0,,,,,,,,,,,,,,,0.0006430683728437342,,,,,,11.41,25,73930.35,73946,73646,74022.4,none,no_price_available
2026-08-25T04:22:00.195794+00:00,2026-08-25T09:52:00.195794+05:30,NIFTYNXT50,25-Aug-2026,77300.0,PE,73846.35,2945.1,550,4011.1,550,0.0,3478.1,0,0,0,0,0,,,,,,,,,,,,,,,0.0006430683728437342,73750,-2.0302476097754516,0.0109,index_dividend_yield,0.065,11.41,25,73930.35,73946,73646,74022.4,mid_price,no_nse_iv
2026-08-25T04:22:00.195794+00:00,2026-08-25T09:52:00.195794+05:30,NIFTYNXT50,25-Aug-2026,77400.0,CE,73846.35,1,50,4.2,125,4.2,2.6,6,0,3,-16,37.05,2.9562679147977663e-07,2.2074484785228896e-09,-0.002266842113948023,2.8680981394588442e-05,2.0694626948804943e-05,-1.701599243472652e-05,0.0019352851214734343,3.642456193751226e-11,1.4298144007312034e-07,-1.1659208964769423e-07,-0.0016554938230312246,571.0580753323812,-2.815598261938045e-07,2.009401505427627e-09,0.0006430683728437342,73750,-2.0302476097754516,0.0109,index_dividend_yield,0.065,11.41,25,73930.35,73946,73646,74022.4,mid_price,wide_quote_low_liquidity
2026-08-25T04:22:00.195794+00:00,2026-08-25T09:52:00.195794+05:30,NIFTYNXT50,25-Aug-2026,77400.0,PE,73846.35,3033.25,550,,0,0.0,,0,0,0,0,0,,,,,,,,,,,,,,,0.0006430683728437342,,,,,,11.41,25,73930.35,73946,73646,74022.4,none,no_price_available
2026-08-25T04:22:00.195794+00:00,2026-08-25T09:52:00.195794+05:30,NIFTYNXT50,25-Aug-2026,77500.0,CE,0,,0,,0,0.0,,0,0,0,0,0,,,,,,,,,,,,,,,0.0006430683728437342,,,,,,11.41,25,73930.35,73946,73646,74022.4,none,no_price_available
2026-08-25T04:22:00.195794+00:00,2026-08-25T09:52:00.195794+05:30,NIFTYNXT50,25-Aug-2026,77500.0,PE,73846.35,3123.3,550,4220.9,550,0.0,3672.1,0,0,0,0,0,,,,,,,,,,,,,,,0.0006430683728437342,73750,-2.0302476097754516,0.0109,index_dividend_yield,0.065,11.41,25,73930.35,73946,73646,74022.4,mid_price,no_nse_iv
2026-08-25T04:22:00.195794+00:00,2026-08-25T09:52:00.195794+05:30,NIFTYNXT50,25-Aug-2026,77600.0,CE,73846.35,0.15,25,1,550,0.0,0.575,51,0,0,0,32.9,1.4742794674334438e-09,1.4583602743959384e-11,-1.1808229159770205e-05,1.6825808550351965e-07,1.625482789926485e-07,-1.248395539752432e-07,1.8062432267828097e-05,5.703446041116345e-13,1.5209972568925767e-09,-1.154072520601044e-09,-1.4271209297608874e-05,749.786462531559,-1.4010947937956388e-09,1.3206856280755165e-11,0.0006430683728437342,73750,-2.0302476097754516,0.0109,index_dividend_yield,0.065,11.41,25,73930.35,73946,73646,74022.4,mid_price,wide_quote_low_liquidity
2026-08-25T04:22:00.195794+00:00,2026-08-25T09:52:00.195794+05:30,NIFTYNXT50,25-Aug-2026,77600.0,PE,73846.35,3213.05,550,4320.85,550,0.0,3766.9500000000003,0,0,0,0,0,,,,,,,,,,,,,,,0.0006430683728437342,73750,-2.0302476097754516,0.0109,index_dividend_yield,0.065,11.41,25,73930.35,73946,73646,74022.4,mid_price,no_nse_iv
2026-08-25T04:22:00.195794+00:00,2026-08-25T09:52:00.195794+05:30,NIFTYNXT50,25-Aug-2026,77700.0,CE,73846.35,,0,3,25,0.0,,11,0,0,0,37.79,,,,,,,,,,,,,,,0.0006430683728437342,,,,,,11.41,25,73930.35,73946,73646,74022.4,none,no_price_available
2026-08-25T04:22:00.195794+00:00,2026-08-25T09:52:00.195794+05:30,NIFTYNXT50,25-Aug-2026,77700.0,PE,73846.35,3298.3,550,4427.95,550,0.0,3863.125,0,0,0,0,0,,,,,,,,,,,,,,,0.0006430683728437342,73750,-2.0302476097754516,0.0109,index_dividend_yield,0.065,11.41,25,73930.35,73946,73646,74022.4,mid_price,no_nse_iv
2026-08-25T04:22:00.195794+00:00,2026-08-25T09:52:00.195794+05:30,NIFTYNXT50,25-Aug-2026,77800.0,CE,73846.35,1,50,3,300,2,2.0,197,-2,4,-34.42622950819672,33.01,2.452308930565036e-10,2.5291967974592513e-12,-2.0614550017683468e-06,2.927813217107476e-08,2.9565448241284698e-08,-2.327891370556565e-08,3.444556531917336e-06,1.16192333493639e-13,2.898506107411961e-10,-2.2519054041874868e-10,-2.7832366722225028e-06,780.1975452349811,-2.3247037339834692e-10,2.2786703319378944e-12,0.0006430683728437342,73750,-2.0302476097754516,0.0109,index_dividend_yield,0.065,11.41,25,73930.35,73946,73646,74022.4,mid_price,wide_quote_low_liquidity
2026-08-25T04:22:00.195794+00:00,2026-08-25T09:52:00.195794+05:30,NIFTYNXT50,25-Aug-2026,77800.0,PE,73846.35,,0,,0,0.0,,0,0,0,0,0,,,,,,,,,,,,,,,0.0006430683728437342,,,,,,11.41,25,73930.35,73946,73646,74022.4,none,no_price_available
2026-08-25T04:22:00.195794+00:00,2026-08-25T09:52:00.195794+05:30,NIFTYNXT50,25-Aug-2026,77900.0,CE,0,,0,,0,0.0,,0,0,0,0,0,,,,,,,,,,,,,,,0.0006430683728437342,,,,,,11.41,25,73930.35,73946,73646,74022.4,none,no_price_available
2026-08-25T04:22:00.195794+00:00,2026-08-25T09:52:00.195794+05:30,NIFTYNXT50,25-Aug-2026,77900.0,PE,73846.35,3473.9,550,4637.95,550,0.0,4055.925,0,0,0,0,0,,,,,,,,,,,,,,,0.0006430683728437342,73750,-2.0302476097754516,0.0109,index_dividend_yield,0.065,11.41,25,73930.35,73946,73646,74022.4,mid_price,no_nse_iv
2026-08-25T04:22:00.195794+00:00,2026-08-25T09:52:00.195794+05:30,NIFTYNXT50,25-Aug-2026,78000.0,CE,0,,0,,0,0.0,,0,0,0,0,0,,,,,,,,,,,,,,,0.0006430683728437342,,,,,,11.41,25,73930.35,73946,73646,74022.4,none,no_price_available
2026-08-25T04:22:00.195794+00:00,2026-08-25T09:52:00.195794+05:30,NIFTYNXT50,25-Aug-2026,78000.0,PE,73846.35,3563.15,550,4742.95,550,0.0,4153.05,0,0,0,0,0,,,,,,,,,,,,,,,0.0006430683728437342,,,,,,11.41,25,73930.35,73946,73646,74022.4,mid_price,no_price_available
2026-08-25T04:22:00.195794+00:00,2026-08-25T09:52:00.195794+05:30,NIFTYNXT50,25-Aug-2026,78100.0,CE,73846.35,0.05,75,19.95,550,0.0,10.0,6,0,0,0,19.15,0.0,1.6398758583030792e-32,-4.492455020242109e-27,1.1012729452515683e-28,0.0,-0.0,8.221895135348077e-26,1.7983295624225126e-30,1.2136838744556912e-29,-1.6154645262474965e-29,-1.1392686494064703e-25,,-0.0,1.4661114087282426e-32,0.0006430683728437342,73750,-2.0302476097754516,0.0109,index_dividend_yield,0.065,11.41,25,73930.35,73946,73646,74022.4,mid_price,wide_quote_low_liquidity
2026-08-25T04:22:00.195794+00:00,2026-08-25T09:52:00.195794+05:30,NIFTYNXT50,25-Aug-2026,78100.0,PE,73846.35,3651.95,550,4867.5,550,0.0,4259.725,0,0,0,0,0,,,,,,,,,,,,,,,0.0006430683728437342,73750,-2.0302476097754516,0.0109,index_dividend_yield,0.065,11.41,25,73930.35,73946,73646,74022.4,mid_price,no_nse_iv
2026-08-25T04:22:00.195794+00:00,2026-08-25T09:52:00.195794+05:30,NIFTYNXT50,25-Aug-2026,78200.0,CE,0,,0,,0,0.0,,0,0,0,0,0,,,,,,,,,,,,,,,0.0006430683728437342,,,,,,11.41,25,73930.35,73946,73646,74022.4,none,no_price_available
2026-08-25T04:22:00.195794+00:00,2026-08-25T09:52:00.195794+05:30,NIFTYNXT50,25-Aug-2026,78200.0,PE,73846.35,3742.4,550,4971.35,550,0.0,4356.875,0,0,0,0,0,,,,,,,,,,,,,,,0.0006430683728437342,73750,-2.0302476097754516,0.0109,index_dividend_yield,0.065,11.41,25,73930.35,73946,73646,74022.4,mid_price,no_nse_iv
2026-08-25T04:22:00.195794+00:00,2026-08-25T09:52:00.195794+05:30,NIFTYNXT50,25-Aug-2026,78300.0,CE,0,,0,,0,0.0,,0,0,0,0,0,,,,,,,,,,,,,,,0.0006430683728437342,,,,,,11.41,25,73930.35,73946,73646,74022.4,none,no_price_available
2026-08-25T04:22:00.195794+00:00,2026-08-25T09:52:00.195794+05:30,NIFTYNXT50,25-Aug-2026,78300.0,PE,73846.35,3828.3,550,5076.75,550,0.0,4452.525,0,0,0,0,0,,,,,,,,,,,,,,,0.0006430683728437342,,,,,,11.41,25,73930.35,73946,73646,74022.4,mid_price,no_price_available
2026-08-25T04:22:00.195794+00:00,2026-08-25T09:52:00.195794+05:30,NIFTYNXT50,25-Aug-2026,78400.0,CE,0,,0,,0,0.0,,0,0,0,0,0,,,,,,,,,,,,,,,0.0006430683728437342,,,,,,11.41,25,73930.35,73946,73646,74022.4,none,no_price_available
2026-08-25T04:22:00.195794+00:00,2026-08-25T09:52:00.195794+05:30,NIFTYNXT50,25-Aug-2026,78400.0,PE,73846.35,3916.45,550,5183.4,550,0.0,4549.924999999999,0,0,0,0,0,,,,,,,,,,,,,,,0.0006430683728437342,,,,,,11.41,25,73930.35,73946,73646,74022.4,mid_price,no_price_available
2026-08-25T04:22:00.195794+00:00,2026-08-25T09:52:00.195794+05:30,NIFTYNXT50,25-Aug-2026,78500.0,CE,0,,0,,0,0.0,,0,0,0,0,0,,,,,,,,,,,,,,,0.0006430683728437342,,,,,,11.41,25,73930.35,73946,73646,74022.4,none,no_price_available
2026-08-25T04:22:00.195794+00:00,2026-08-25T09:52:00.195794+05:30,NIFTYNXT50,25-Aug-2026,78500.0,PE,73846.35,4004.6,550,5291.65,550,0.0,4648.125,0,0,0,0,0,,,,,,,,,,,,,,,0.0006430683728437342,,,,,,11.41,25,73930.35,73946,73646,74022.4,mid_price,no_price_available
2026-08-25T04:22:00.195794+00:00,2026-08-25T09:52:00.195794+05:30,NIFTYNXT50,25-Aug-2026,78600.0,CE,0,,0,,0,0.0,,0,0,0,0,0,,,,,,,,,,,,,,,0.0006430683728437342,,,,,,11.41,25,73930.35,73946,73646,74022.4,none,no_price_available
2026-08-25T04:22:00.195794+00:00,2026-08-25T09:52:00.195794+05:30,NIFTYNXT50,25-Aug-2026,78600.0,PE,73846.35,4091,550,,0,0.0,,0,0,0,0,0,,,,,,,,,,,,,,,0.0006430683728437342,,,,,,11.41,25,73930.35,73946,73646,74022.4,none,no_price_available
2026-08-25T04:22:00.195794+00:00,2026-08-25T09:52:00.195794+05:30,NIFTYNXT50,25-Aug-2026,78700.0,CE,0,,0,,0,0.0,,0,0,0,0,0,,,,,,,,,,,,,,,0.0006430683728437342,,,,,,11.41,25,73930.35,73946,73646,74022.4,none,no_price_available
2026-08-25T04:22:00.195794+00:00,2026-08-25T09:52:00.195794+05:30,NIFTYNXT50,25-Aug-2026,78700.0,PE,73846.35,4180.95,550,5503.45,550,0.0,4842.2,0,0,0,0,0,,,,,,,,,,,,,,,0.0006430683728437342,,,,,,11.41,25,73930.35,73946,73646,74022.4,mid_price,no_price_available
2026-08-25T04:22:00.195794+00:00,2026-08-25T09:52:00.195794+05:30,NIFTYNXT50,25-Aug-2026,78800.0,CE,0,,0,,0,0.0,,0,0,0,0,0,,,,,,,,,,,,,,,0.0006430683728437342,,,,,,11.41,25,73930.35,73946,73646,74022.4,none,no_price_available
2026-08-25T04:22:00.195794+00:00,2026-08-25T09:52:00.195794+05:30,NIFTYNXT50,25-Aug-2026,78800.0,PE,73846.35,4267.35,550,5610.15,550,0.0,4938.75,0,0,0,0,0,,,,,,,,,,,,,,,0.0006430683728437342,,,,,,11.41,25,73930.35,73946,73646,74022.4,mid_price,no_price_available
2026-08-25T04:22:00.195794+00:00,2026-08-25T09:52:00.195794+05:30,NIFTYNXT50,25-Aug-2026,78900.0,CE,0,,0,,0,0.0,,0,0,0,0,0,,,,,,,,,,,,,,,0.0006430683728437342,,,,,,11.41,25,73930.35,73946,73646,74022.4,none,no_price_available
2026-08-25T04:22:00.195794+00:00,2026-08-25T09:52:00.195794+05:30,NIFTYNXT50,25-Aug-2026,78900.0,PE,73846.35,4356.35,550,5697.95,550,0.0,5027.15,0,0,0,0,0,,,,,,,,,,,,,,,0.0006430683728437342,,,,,,11.41,25,73930.35,73946,73646,74022.4,mid_price,no_price_available
2026-08-25T04:22:00.195794+00:00,2026-08-25T09:52:00.195794+05:30,NIFTYNXT50,25-Aug-2026,79000.0,CE,0,,0,,0,0.0,,0,0,0,0,0,,,,,,,,,,,,,,,0.0006430683728437342,,,,,,11.41,25,73930.35,73946,73646,74022.4,none,no_price_available
2026-08-25T04:22:00.195794+00:00,2026-08-25T09:52:00.195794+05:30,NIFTYNXT50,25-Aug-2026,79000.0,PE,73846.35,,0,,0,0.0,,0,0,0,0,0,,,,,,,,,,,,,,,0.0006430683728437342,,,,,,11.41,25,73930.35,73946,73646,74022.4,none,no_price_available
2026-08-25T04:22:00.195794+00:00,2026-08-25T09:52:00.195794+05:30,NIFTYNXT50,25-Aug-2026,79100.0,CE,0,,0,,0,0.0,,0,0,0,0,0,,,,,,,,,,,,,,,0.0006430683728437342,,,,,,11.41,25,73930.35,73946,73646,74022.4,none,no_price_available
2026-08-25T04:22:00.195794+00:00,2026-08-25T09:52:00.195794+05:30,NIFTYNXT50,25-Aug-2026,79100.0,PE,73846.35,4533.85,550,5932.35,550,0.0,5233.1,0,0,0,0,0,,,,,,,,,,,,,,,0.0006430683728437342,,,,,,11.41,25,73930.35,73946,73646,74022.4,mid_price,no_price_available
2026-08-25T04:22:00.195794+00:00,2026-08-25T09:52:00.195794+05:30,NIFTYNXT50,25-Aug-2026,79200.0,CE,0,,0,,0,0.0,,0,0,0,0,0,,,,,,,,,,,,,,,0.0006430683728437342,,,,,,11.41,25,73930.35,73946,73646,74022.4,none,no_price_available
2026-08-25T04:22:00.195794+00:00,2026-08-25T09:52:00.195794+05:30,NIFTYNXT50,25-Aug-2026,79200.0,PE,73846.35,4622.05,550,6039.1,550,0.0,5330.575000000001,0,0,0,0,0,,,,,,,,,,,,,,,0.0006430683728437342,,,,,,11.41,25,73930.35,73946,73646,74022.4,mid_price,no_price_available
2026-08-25T04:22:00.195794+00:00,2026-08-25T09:52:00.195794+05:30,NIFTYNXT50,25-Aug-2026,79300.0,CE,0,,0,,0,0.0,,0,0,0,0,0,,,,,,,,,,,,,,,0.0006430683728437342,,,,,,11.41,25,73930.35,73946,73646,74022.4,none,no_price_available
2026-08-25T04:22:00.195794+00:00,2026-08-25T09:52:00.195794+05:30,NIFTYNXT50,25-Aug-2026,79300.0,PE,73846.35,4709.9,550,6144.15,550,0.0,5427.025,0,0,0,0,0,,,,,,,,,,,,,,,0.0006430683728437342,,,,,,11.41,25,73930.35,73946,73646,74022.4,mid_price,no_price_available
2026-08-25T04:22:00.195794+00:00,2026-08-25T09:52:00.195794+05:30,NIFTYNXT50,25-Aug-2026,79400.0,CE,0,,0,,0,0.0,,0,0,0,0,0,,,,,,,,,,,,,,,0.0006430683728437342,,,,,,11.41,25,73930.35,73946,73646,74022.4,none,no_price_available
2026-08-25T04:22:00.195794+00:00,2026-08-25T09:52:00.195794+05:30,NIFTYNXT50,25-Aug-2026,79400.0,PE,73846.35,4800.35,550,6250.2,550,0.0,5525.275,0,0,0,0,0,,,,,,,,,,,,,,,0.0006430683728437342,,,,,,11.41,25,73930.35,73946,73646,74022.4,mid_price,no_price_available
2026-08-25T04:22:00.195794+00:00,2026-08-25T09:52:00.195794+05:30,NIFTYNXT50,25-Aug-2026,79500.0,CE,0,,0,,0,0.0,,0,0,0,0,0,,,,,,,,,,,,,,,0.0006430683728437342,,,,,,11.41,25,73930.35,73946,73646,74022.4,none,no_price_available
2026-08-25T04:22:00.195794+00:00,2026-08-25T09:52:00.195794+05:30,NIFTYNXT50,25-Aug-2026,79500.0,PE,73846.35,4886.2,550,6358.45,550,0.0,5622.325,0,0,0,0,0,,,,,,,,,,,,,,,0.0006430683728437342,,,,,,11.41,25,73930.35,73946,73646,74022.4,mid_price,no_price_available
2026-08-25T04:22:00.195794+00:00,2026-08-25T09:52:00.195794+05:30,NIFTYNXT50,25-Aug-2026,79600.0,CE,0,,0,,0,0.0,,0,0,0,0,0,,,,,,,,,,,,,,,0.0006430683728437342,,,,,,11.41,25,73930.35,73946,73646,74022.4,none,no_price_available
2026-08-25T04:22:00.195794+00:00,2026-08-25T09:52:00.195794+05:30,NIFTYNXT50,25-Aug-2026,79600.0,PE,73846.35,4972.6,550,6465.8,550,0.0,5719.200000000001,0,0,0,0,0,,,,,,,,,,,,,,,0.0006430683728437342,,,,,,11.41,25,73930.35,73946,73646,74022.4,mid_price,no_price_available
2026-08-25T04:22:00.195794+00:00,2026-08-25T09:52:00.195794+05:30,NIFTYNXT50,25-Aug-2026,79700.0,CE,0,,0,,0,0.0,,0,0,0,0,0,,,,,,,,,,,,,,,0.0006430683728437342,,,,,,11.41,25,73930.35,73946,73646,74022.4,none,no_price_available
2026-08-25T04:22:00.195794+00:00,2026-08-25T09:52:00.195794+05:30,NIFTYNXT50,25-Aug-2026,79700.0,PE,73846.35,5062.8,550,6570.85,550,0.0,5816.825000000001,0,0,0,0,0,,,,,,,,,,,,,,,0.0006430683728437342,,,,,,11.41,25,73930.35,73946,73646,74022.4,mid_price,no_price_available
2026-08-25T04:22:00.195794+00:00,2026-08-25T09:52:00.195794+05:30,NIFTYNXT50,25-Aug-2026,79800.0,CE,0,,0,,0,0.0,,0,0,0,0,0,,,,,,,,,,,,,,,0.0006430683728437342,,,,,,11.41,25,73930.35,73946,73646,74022.4,none,no_price_available
2026-08-25T04:22:00.195794+00:00,2026-08-25T09:52:00.195794+05:30,NIFTYNXT50,25-Aug-2026,79800.0,PE,73846.35,,0,,0,0.0,,0,0,0,0,0,,,,,,,,,,,,,,,0.0006430683728437342,,,,,,11.41,25,73930.35,73946,73646,74022.4,none,no_price_available
2026-08-25T04:22:00.195794+00:00,2026-08-25T09:52:00.195794+05:30,NIFTYNXT50,25-Aug-2026,79900.0,CE,0,,0,,0,0.0,,0,0,0,0,0,,,,,,,,,,,,,,,0.0006430683728437342,,,,,,11.41,25,73930.35,73946,73646,74022.4,none,no_price_available
2026-08-25T04:22:00.195794+00:00,2026-08-25T09:52:00.195794+05:30,NIFTYNXT50,25-Aug-2026,79900.0,PE,73846.35,5239.05,550,6785.2,550,0.0,6012.125,0,0,0,0,0,,,,,,,,,,,,,,,0.0006430683728437342,,,,,,11.41,25,73930.35,73946,73646,74022.4,mid_price,no_price_available
2026-08-25T04:22:00.195794+00:00,2026-08-25T09:52:00.195794+05:30,NIFTYNXT50,25-Aug-2026,80000.0,CE,0,,0,,0,0.0,,0,0,0,0,0,,,,,,,,,,,,,,,0.0006430683728437342,,,,,,11.41,25,73930.35,73946,73646,74022.4,none,no_price_available
2026-08-25T04:22:00.195794+00:00,2026-08-25T09:52:00.195794+05:30,NIFTYNXT50,25-Aug-2026,80000.0,PE,73846.35,5329.3,550,6890.3,550,0.0,6109.8,0,0,0,0,0,,,,,,,,,,,,,,,0.0006430683728437342,,,,,,11.41,25,73930.35,73946,73646,74022.4,mid_price,no_price_available
2026-08-25T04:22:00.195794+00:00,2026-08-25T09:52:00.195794+05:30,NIFTYNXT50,25-Aug-2026,80100.0,CE,0,,0,,0,0.0,,0,0,0,0,0,,,,,,,,,,,,,,,0.0006430683728437342,,,,,,11.41,25,73930.35,73946,73646,74022.4,none,no_price_available
2026-08-25T04:22:00.195794+00:00,2026-08-25T09:52:00.195794+05:30,NIFTYNXT50,25-Aug-2026,80100.0,PE,73846.35,5415.9,550,6997,550,0.0,6206.45,0,0,0,0,0,,,,,,,,,,,,,,,0.0006430683728437342,,,,,,11.41,25,73930.35,73946,73646,74022.4,mid_price,no_price_available
2026-08-25T04:22:00.195794+00:00,2026-08-25T09:52:00.195794+05:30,NIFTYNXT50,25-Aug-2026,80200.0,CE,0,,0,,0,0.0,,0,0,0,0,0,,,,,,,,,,,,,,,0.0006430683728437342,,,,,,11.41,25,73930.35,73946,73646,74022.4,none,no_price_available
2026-08-25T04:22:00.195794+00:00,2026-08-25T09:52:00.195794+05:30,NIFTYNXT50,25-Aug-2026,80200.0,PE,73846.35,,0,,0,0.0,,0,0,0,0,0,,,,,,,,,,,,,,,0.0006430683728437342,,,,,,11.41,25,73930.35,73946,73646,74022.4,none,no_price_available
2026-08-25T04:22:00.195794+00:00,2026-08-25T09:52:00.195794+05:30,NIFTYNXT50,25-Aug-2026,80300.0,CE,0,,0,,0,0.0,,0,0,0,0,0,,,,,,,,,,,,,,,0.0006430683728437342,,,,,,11.41,25,73930.35,73946,73646,74022.4,none,no_price_available
2026-08-25T04:22:00.195794+00:00,2026-08-25T09:52:00.195794+05:30,NIFTYNXT50,25-Aug-2026,80300.0,PE,73846.35,5591.8,550,7211.9,550,0.0,6401.85,0,0,0,0,0,,,,,,,,,,,,,,,0.0006430683728437342,,,,,,11.41,25,73930.35,73946,73646,74022.4,mid_price,no_price_available
2026-08-25T04:22:00.195794+00:00,2026-08-25T09:52:00.195794+05:30,NIFTYNXT50,25-Aug-2026,80400.0,CE,0,,0,,0,0.0,,0,0,0,0,0,,,,,,,,,,,,,,,0.0006430683728437342,,,,,,11.41,25,73930.35,73946,73646,74022.4,none,no_price_available
2026-08-25T04:22:00.195794+00:00,2026-08-25T09:52:00.195794+05:30,NIFTYNXT50,25-Aug-2026,80400.0,PE,73846.35,5678.75,550,7317,550,0.0,6497.875,0,0,0,0,0,,,,,,,,,,,,,,,0.0006430683728437342,,,,,,11.41,25,73930.35,73946,73646,74022.4,mid_price,no_price_available
2026-08-25T04:22:00.195794+00:00,2026-08-25T09:52:00.195794+05:30,NIFTYNXT50,25-Aug-2026,80500.0,CE,0,,0,,0,0.0,,0,0,0,0,0,,,,,,,,,,,,,,,0.0006430683728437342,,,,,,11.41,25,73930.35,73946,73646,74022.4,none,no_price_available
2026-08-25T04:22:00.195794+00:00,2026-08-25T09:52:00.195794+05:30,NIFTYNXT50,25-Aug-2026,80500.0,PE,73846.35,5766.8,550,7424.3,550,0.0,6595.55,0,0,0,0,0,,,,,,,,,,,,,,,0.0006430683728437342,,,,,,11.41,25,73930.35,73946,73646,74022.4,mid_price,no_price_available
2026-08-25T04:22:00.195794+00:00,2026-08-25T09:52:00.195794+05:30,NIFTYNXT50,25-Aug-2026,80600.0,CE,0,,0,,0,0.0,,0,0,0,0,0,,,,,,,,,,,,,,,0.0006430683728437342,,,,,,11.41,25,73930.35,73946,73646,74022.4,none,no_price_available
2026-08-25T04:22:00.195794+00:00,2026-08-25T09:52:00.195794+05:30,NIFTYNXT50,25-Aug-2026,80600.0,PE,73846.35,,0,,0,0.0,,0,0,0,0,0,,,,,,,,,,,,,,,0.0006430683728437342,,,,,,11.41,25,73930.35,73946,73646,74022.4,none,no_price_available
2026-08-25T04:22:00.195794+00:00,2026-08-25T09:52:00.195794+05:30,NIFTYNXT50,25-Aug-2026,80700.0,CE,0,,0,,0,0.0,,0,0,0,0,0,,,,,,,,,,,,,,,0.0006430683728437342,,,,,,11.41,25,73930.35,73946,73646,74022.4,none,no_price_available
2026-08-25T04:22:00.195794+00:00,2026-08-25T09:52:00.195794+05:30,NIFTYNXT50,25-Aug-2026,80700.0,PE,73846.35,5943.45,550,7637.65,550,0.0,6790.549999999999,0,0,0,0,0,,,,,,,,,,,,,,,0.0006430683728437342,,,,,,11.41,25,73930.35,73946,73646,74022.4,mid_price,no_price_available
2026-08-25T04:22:00.195794+00:00,2026-08-25T09:52:00.195794+05:30,NIFTYNXT50,25-Aug-2026,80800.0,CE,0,,0,,0,0.0,,0,0,0,0,0,,,,,,,,,,,,,,,0.0006430683728437342,,,,,,11.41,25,73930.35,73946,73646,74022.4,none,no_price_available
2026-08-25T04:22:00.195794+00:00,2026-08-25T09:52:00.195794+05:30,NIFTYNXT50,25-Aug-2026,80800.0,PE,73846.35,6032.55,550,7744.35,550,0.0,6888.450000000001,0,0,0,0,0,,,,,,,,,,,,,,,0.0006430683728437342,,,,,,11.41,25,73930.35,73946,73646,74022.4,mid_price,no_price_available
2026-08-25T04:22:00.195794+00:00,2026-08-25T09:52:00.195794+05:30,NIFTYNXT50,25-Aug-2026,80900.0,CE,0,,0,,0,0.0,,0,0,0,0,0,,,,,,,,,,,,,,,0.0006430683728437342,,,,,,11.41,25,73930.35,73946,73646,74022.4,none,no_price_available
2026-08-25T04:22:00.195794+00:00,2026-08-25T09:52:00.195794+05:30,NIFTYNXT50,25-Aug-2026,80900.0,PE,73846.35,6119.55,550,7852,550,0.0,6985.775,0,0,0,0,0,,,,,,,,,,,,,,,0.0006430683728437342,,,,,,11.41,25,73930.35,73946,73646,74022.4,mid_price,no_price_available
2026-08-25T04:22:00.195794+00:00,2026-08-25T09:52:00.195794+05:30,NIFTYNXT50,25-Aug-2026,81000.0,CE,0,,0,,0,0.0,,0,0,0,0,0,,,,,,,,,,,,,,,0.0006430683728437342,,,,,,11.41,25,73930.35,73946,73646,74022.4,none,no_price_available
2026-08-25T04:22:00.195794+00:00,2026-08-25T09:52:00.195794+05:30,NIFTYNXT50,25-Aug-2026,81000.0,PE,73846.35,,0,7934.2,550,0.0,,0,0,0,0,0,,,,,,,,,,,,,,,0.0006430683728437342,,,,,,11.41,25,73930.35,73946,73646,74022.4,none,no_price_available
2026-08-25T04:22:00.195794+00:00,2026-08-25T09:52:00.195794+05:30,NIFTYNXT50,25-Aug-2026,81500.0,CE,0,,0,,0,0.0,,0,0,0,0,0,,,,,,,,,,,,,,,0.0006430683728437342,,,,,,11.41,25,73930.35,73946,73646,74022.4,none,no_price_available
2026-08-25T04:22:00.195794+00:00,2026-08-25T09:52:00.195794+05:30,NIFTYNXT50,25-Aug-2026,81500.0,PE,73846.35,6647.65,550,8492.7,550,0.0,7570.175,0,0,0,0,0,,,,,,,,,,,,,,,0.0006430683728437342,,,,,,11.41,25,73930.35,73946,73646,74022.4,mid_price,no_price_available
2026-08-25T04:22:00.195794+00:00,2026-08-25T09:52:00.195794+05:30,NIFTYNXT50,25-Aug-2026,82000.0,CE,0,,0,,0,0.0,,0,0,0,0,0,,,,,,,,,,,,,,,0.0006430683728437342,,,,,,11.41,25,73930.35,73946,73646,74022.4,none,no_price_available
2026-08-25T04:22:00.195794+00:00,2026-08-25T09:52:00.195794+05:30,NIFTYNXT50,25-Aug-2026,82000.0,PE,73846.35,7089.2,550,9023.9,550,0.0,8056.549999999999,0,0,0,0,0,,,,,,,,,,,,,,,0.0006430683728437342,,,,,,11.41,25,73930.35,73946,73646,74022.4,mid_price,no_price_available
2026-08-25T04:22:00.195794+00:00,2026-08-25T09:52:00.195794+05:30,NIFTYNXT50,25-Aug-2026,82500.0,CE,0,,0,,0,0.0,,0,0,0,0,0,,,,,,,,,,,,,,,0.0006430683728437342,,,,,,11.41,25,73930.35,73946,73646,74022.4,none,no_price_available
2026-08-25T04:22:00.195794+00:00,2026-08-25T09:52:00.195794+05:30,NIFTYNXT50,25-Aug-2026,82500.0,PE,73846.35,7531.3,550,9558.85,550,0.0,8545.075,0,0,0,0,0,,,,,,,,,,,,,,,0.0006430683728437342,,,,,,11.41,25,73930.35,73946,73646,74022.4,mid_price,no_price_available
2026-08-25T04:22:00.195794+00:00,2026-08-25T09:52:00.195794+05:30,NIFTYNXT50,25-Aug-2026,83000.0,CE,0,,0,,0,0.0,,0,0,0,0,0,,,,,,,,,,,,,,,0.0006430683728437342,,,,,,11.41,25,73930.35,73946,73646,74022.4,none,no_price_available
2026-08-25T04:22:00.195794+00:00,2026-08-25T09:52:00.195794+05:30,NIFTYNXT50,25-Aug-2026,83000.0,PE,73846.35,7972.05,550,,0,0.0,,0,0,0,0,0,,,,,,,,,,,,,,,0.0006430683728437342,,,,,,11.41,25,73930.35,73946,73646,74022.4,none,no_price_available
2026-08-25T04:22:00.195794+00:00,2026-08-25T09:52:00.195794+05:30,NIFTYNXT50,25-Aug-2026,83500.0,CE,0,,0,,0,0.0,,0,0,0,0,0,,,,,,,,,,,,,,,0.0006430683728437342,,,,,,11.41,25,73930.35,73946,73646,74022.4,none,no_price_available
2026-08-25T04:22:00.195794+00:00,2026-08-25T09:52:00.195794+05:30,NIFTYNXT50,25-Aug-2026,83500.0,PE,73846.35,8415.1,550,10624.7,550,0.0,9519.900000000001,0,0,0,0,0,,,,,,,,,,,,,,,0.0006430683728437342,,,,,,11.41,25,73930.35,73946,73646,74022.4,mid_price,no_price_available
2026-08-25T04:22:00.195794+00:00,2026-08-25T09:52:00.195794+05:30,NIFTYNXT50,25-Aug-2026,84000.0,CE,0,,0,,0,0.0,,0,0,0,0,0,,,,,,,,,,,,,,,0.0006430683728437342,,,,,,11.41,25,73930.35,73946,73646,74022.4,none,no_price_available
2026-08-25T04:22:00.195794+00:00,2026-08-25T09:52:00.195794+05:30,NIFTYNXT50,25-Aug-2026,84000.0,PE,73846.35,8851.65,550,11157.5,550,0.0,10004.575,0,0,0,0,0,,,,,,,,,,,,,,,0.0006430683728437342,,,,,,11.41,25,73930.35,73946,73646,74022.4,mid_price,no_price_available
2026-08-25T04:22:00.195794+00:00,2026-08-25T09:52:00.195794+05:30,NIFTYNXT50,25-Aug-2026,84500.0,CE,0,,0,,0,0.0,,0,0,0,0,0,,,,,,,,,,,,,,,0.0006430683728437342,,,,,,11.41,25,73930.35,73946,73646,74022.4,none,no_price_available
2026-08-25T04:22:00.195794+00:00,2026-08-25T09:52:00.195794+05:30,NIFTYNXT50,25-Aug-2026,84500.0,PE,73846.35,9296.1,550,11690.9,550,0.0,10493.5,0,0,0,0,0,,,,,,,,,,,,,,,0.0006430683728437342,,,,,,11.41,25,73930.35,73946,73646,74022.4,mid_price,no_price_available
2026-08-25T04:22:00.195794+00:00,2026-08-25T09:52:00.195794+05:30,NIFTYNXT50,25-Aug-2026,85000.0,CE,0,,0,,0,0.0,,0,0,0,0,0,,,,,,,,,,,,,,,0.0006430683728437342,,,,,,11.41,25,73930.35,73946,73646,74022.4,none,no_price_available
2026-08-25T04:22:00.195794+00:00,2026-08-25T09:52:00.195794+05:30,NIFTYNXT50,25-Aug-2026,85000.0,PE,73846.35,9735.25,550,,0,0.0,,0,0,0,0,0,,,,,,,,,,,,,,,0.0006430683728437342,,,,,,11.41,25,73930.35,73946,73646,74022.4,none,no_price_available
