fetch_ts_utc,fetch_ts_ist,symbol,expiry_date,strike,option_type,underlying_value,bid_price,bid_qty,ask_price,ask_qty,ltp,mid_price,open_interest,change_in_oi,total_traded_volume,pchange_vs_prev_close,nse_iv,delta,gamma,theta,vega,vanna,charm,vomma,speed,zomma,color,veta,omega,dual_delta,dual_gamma,time_to_expiry_years,futures_price,implied_cost_of_carry,dividend_yield_used,dividend_yield_source,risk_free_rate_used,india_vix,lot_size,underlying_day_open,underlying_day_high,underlying_day_low,underlying_prev_close,price_source_for_iv,data_quality_flag
2026-08-27T20:08:09.161401+00:00,2026-08-28T01:38:09.161401+05:30,NIFTYNXT50,29-Sep-2026,61000.0,CE,74347.45,11591.85,550,15510.5,550,0.0,13551.175,0,0,0,0,0,,,,,,,,,,,,,,,0.08925389518642188,74423,0.011379433612210998,0.0097,index_dividend_yield,0.065,11.1,25,74680.25,74738.2,74234.9,74501.05,mid_price,no_nse_iv
2026-08-27T20:08:09.161401+00:00,2026-08-28T01:38:09.161401+05:30,NIFTYNXT50,29-Sep-2026,61000.0,PE,0,,0,,0,0.0,,0,0,0,0,0,,,,,,,,,,,,,,,0.08925389518642188,,,,,,11.1,25,74680.25,74738.2,74234.9,74501.05,none,no_price_available
2026-08-27T20:08:09.161401+00:00,2026-08-28T01:38:09.161401+05:30,NIFTYNXT50,29-Sep-2026,61500.0,CE,74347.45,11131.15,550,15041.95,550,0.0,13086.55,0,0,0,0,0,,,,,,,,,,,,,,,0.08925389518642188,74423,0.011379433612210998,0.0097,index_dividend_yield,0.065,11.1,25,74680.25,74738.2,74234.9,74501.05,mid_price,no_nse_iv
2026-08-27T20:08:09.161401+00:00,2026-08-28T01:38:09.161401+05:30,NIFTYNXT50,29-Sep-2026,61500.0,PE,0,,0,,0,0.0,,0,0,0,0,0,,,,,,,,,,,,,,,0.08925389518642188,,,,,,11.1,25,74680.25,74738.2,74234.9,74501.05,none,no_price_available
2026-08-27T20:08:09.161401+00:00,2026-08-28T01:38:09.161401+05:30,NIFTYNXT50,29-Sep-2026,62000.0,CE,74347.45,10695.1,550,14443.7,550,0.0,12569.400000000001,0,0,0,0,0,,,,,,,,,,,,,,,0.08925389518642188,74423,0.011379433612210998,0.0097,index_dividend_yield,0.065,11.1,25,74680.25,74738.2,74234.9,74501.05,mid_price,no_nse_iv
2026-08-27T20:08:09.161401+00:00,2026-08-28T01:38:09.161401+05:30,NIFTYNXT50,29-Sep-2026,62000.0,PE,0,,0,,0,0.0,,0,0,0,0,0,,,,,,,,,,,,,,,0.08925389518642188,,,,,,11.1,25,74680.25,74738.2,74234.9,74501.05,none,no_price_available
2026-08-27T20:08:09.161401+00:00,2026-08-28T01:38:09.161401+05:30,NIFTYNXT50,29-Sep-2026,62500.0,CE,74347.45,10257.15,550,13907.95,550,0.0,12082.55,0,0,0,0,0,,,,,,,,,,,,,,,0.08925389518642188,74423,0.011379433612210998,0.0097,index_dividend_yield,0.065,11.1,25,74680.25,74738.2,74234.9,74501.05,mid_price,no_nse_iv
2026-08-27T20:08:09.161401+00:00,2026-08-28T01:38:09.161401+05:30,NIFTYNXT50,29-Sep-2026,62500.0,PE,0,,0,,0,0.0,,0,0,0,0,0,,,,,,,,,,,,,,,0.08925389518642188,,,,,,11.1,25,74680.25,74738.2,74234.9,74501.05,none,no_price_available
2026-08-27T20:08:09.161401+00:00,2026-08-28T01:38:09.161401+05:30,NIFTYNXT50,29-Sep-2026,63000.0,CE,74347.45,9820.15,550,13408.9,550,0.0,11614.525,0,0,0,0,0,,,,,,,,,,,,,,,0.08925389518642188,74423,0.011379433612210998,0.0097,index_dividend_yield,0.065,11.1,25,74680.25,74738.2,74234.9,74501.05,mid_price,no_nse_iv
2026-08-27T20:08:09.161401+00:00,2026-08-28T01:38:09.161401+05:30,NIFTYNXT50,29-Sep-2026,63000.0,PE,0,,0,,0,0.0,,0,0,0,0,0,,,,,,,,,,,,,,,0.08925389518642188,,,,,,11.1,25,74680.25,74738.2,74234.9,74501.05,none,no_price_available
2026-08-27T20:08:09.161401+00:00,2026-08-28T01:38:09.161401+05:30,NIFTYNXT50,29-Sep-2026,63500.0,CE,74347.45,9383.15,550,12875.5,550,0.0,11129.325,0,0,0,0,0,,,,,,,,,,,,,,,0.08925389518642188,74423,0.011379433612210998,0.0097,index_dividend_yield,0.065,11.1,25,74680.25,74738.2,74234.9,74501.05,mid_price,no_nse_iv
2026-08-27T20:08:09.161401+00:00,2026-08-28T01:38:09.161401+05:30,NIFTYNXT50,29-Sep-2026,63500.0,PE,0,,0,,0,0.0,,0,0,0,0,0,,,,,,,,,,,,,,,0.08925389518642188,,,,,,11.1,25,74680.25,74738.2,74234.9,74501.05,none,no_price_available
2026-08-27T20:08:09.161401+00:00,2026-08-28T01:38:09.161401+05:30,NIFTYNXT50,29-Sep-2026,64000.0,CE,74347.45,8946.4,550,12342.1,550,0.0,10644.25,0,0,0,0,0,,,,,,,,,,,,,,,0.08925389518642188,74423,0.011379433612210998,0.0097,index_dividend_yield,0.065,11.1,25,74680.25,74738.2,74234.9,74501.05,mid_price,no_nse_iv
2026-08-27T20:08:09.161401+00:00,2026-08-28T01:38:09.161401+05:30,NIFTYNXT50,29-Sep-2026,64000.0,PE,0,,0,,0,0.0,,0,0,0,0,0,,,,,,,,,,,,,,,0.08925389518642188,,,,,,11.1,25,74680.25,74738.2,74234.9,74501.05,none,no_price_available
2026-08-27T20:08:09.161401+00:00,2026-08-28T01:38:09.161401+05:30,NIFTYNXT50,29-Sep-2026,64100.0,CE,74347.45,8859.05,550,12235.4,550,0.0,10547.224999999999,0,0,0,0,0,,,,,,,,,,,,,,,0.08925389518642188,74423,0.011379433612210998,0.0097,index_dividend_yield,0.065,11.1,25,74680.25,74738.2,74234.9,74501.05,mid_price,no_nse_iv
2026-08-27T20:08:09.161401+00:00,2026-08-28T01:38:09.161401+05:30,NIFTYNXT50,29-Sep-2026,64100.0,PE,0,,0,,0,0.0,,0,0,0,0,0,,,,,,,,,,,,,,,0.08925389518642188,,,,,,11.1,25,74680.25,74738.2,74234.9,74501.05,none,no_price_available
2026-08-27T20:08:09.161401+00:00,2026-08-28T01:38:09.161401+05:30,NIFTYNXT50,29-Sep-2026,64200.0,CE,74347.45,8771.35,550,12128.75,550,0.0,10450.05,0,0,0,0,0,,,,,,,,,,,,,,,0.08925389518642188,74423,0.011379433612210998,0.0097,index_dividend_yield,0.065,11.1,25,74680.25,74738.2,74234.9,74501.05,mid_price,no_nse_iv
2026-08-27T20:08:09.161401+00:00,2026-08-28T01:38:09.161401+05:30,NIFTYNXT50,29-Sep-2026,64200.0,PE,0,,0,,0,0.0,,0,0,0,0,0,,,,,,,,,,,,,,,0.08925389518642188,,,,,,11.1,25,74680.25,74738.2,74234.9,74501.05,none,no_price_available
2026-08-27T20:08:09.161401+00:00,2026-08-28T01:38:09.161401+05:30,NIFTYNXT50,29-Sep-2026,64300.0,CE,74347.45,8684.9,550,12022.05,550,0.0,10353.474999999999,0,0,0,0,0,,,,,,,,,,,,,,,0.08925389518642188,74423,0.011379433612210998,0.0097,index_dividend_yield,0.065,11.1,25,74680.25,74738.2,74234.9,74501.05,mid_price,no_nse_iv
2026-08-27T20:08:09.161401+00:00,2026-08-28T01:38:09.161401+05:30,NIFTYNXT50,29-Sep-2026,64300.0,PE,0,,0,,0,0.0,,0,0,0,0,0,,,,,,,,,,,,,,,0.08925389518642188,,,,,,11.1,25,74680.25,74738.2,74234.9,74501.05,none,no_price_available
2026-08-27T20:08:09.161401+00:00,2026-08-28T01:38:09.161401+05:30,NIFTYNXT50,29-Sep-2026,64400.0,CE,74347.45,8596.55,550,11915.35,550,0.0,10255.95,0,0,0,0,0,,,,,,,,,,,,,,,0.08925389518642188,74423,0.011379433612210998,0.0097,index_dividend_yield,0.065,11.1,25,74680.25,74738.2,74234.9,74501.05,mid_price,no_nse_iv
2026-08-27T20:08:09.161401+00:00,2026-08-28T01:38:09.161401+05:30,NIFTYNXT50,29-Sep-2026,64400.0,PE,0,,0,,0,0.0,,0,0,0,0,0,,,,,,,,,,,,,,,0.08925389518642188,,,,,,11.1,25,74680.25,74738.2,74234.9,74501.05,none,no_price_available
2026-08-27T20:08:09.161401+00:00,2026-08-28T01:38:09.161401+05:30,NIFTYNXT50,29-Sep-2026,64500.0,CE,74347.45,8510.1,550,11808.7,550,0.0,10159.400000000001,0,0,0,0,0,,,,,,,,,,,,,,,0.08925389518642188,74423,0.011379433612210998,0.0097,index_dividend_yield,0.065,11.1,25,74680.25,74738.2,74234.9,74501.05,mid_price,no_nse_iv
2026-08-27T20:08:09.161401+00:00,2026-08-28T01:38:09.161401+05:30,NIFTYNXT50,29-Sep-2026,64500.0,PE,74347.45,,0,38.95,25,0.0,,0,0,0,0,0,,,,,,,,,,,,,,,0.08925389518642188,,,,,,11.1,25,74680.25,74738.2,74234.9,74501.05,none,no_price_available
2026-08-27T20:08:09.161401+00:00,2026-08-28T01:38:09.161401+05:30,NIFTYNXT50,29-Sep-2026,64600.0,CE,74347.45,8422.05,550,11702,550,0.0,10062.025,0,0,0,0,0,,,,,,,,,,,,,,,0.08925389518642188,74423,0.011379433612210998,0.0097,index_dividend_yield,0.065,11.1,25,74680.25,74738.2,74234.9,74501.05,mid_price,no_nse_iv
2026-08-27T20:08:09.161401+00:00,2026-08-28T01:38:09.161401+05:30,NIFTYNXT50,29-Sep-2026,64600.0,PE,0,,0,,0,0.0,,0,0,0,0,0,,,,,,,,,,,,,,,0.08925389518642188,,,,,,11.1,25,74680.25,74738.2,74234.9,74501.05,none,no_price_available
2026-08-27T20:08:09.161401+00:00,2026-08-28T01:38:09.161401+05:30,NIFTYNXT50,29-Sep-2026,64700.0,CE,74347.45,8335.3,550,11595.35,550,0.0,9965.325,0,0,0,0,0,,,,,,,,,,,,,,,0.08925389518642188,74423,0.011379433612210998,0.0097,index_dividend_yield,0.065,11.1,25,74680.25,74738.2,74234.9,74501.05,mid_price,no_nse_iv
2026-08-27T20:08:09.161401+00:00,2026-08-28T01:38:09.161401+05:30,NIFTYNXT50,29-Sep-2026,64700.0,PE,0,,0,,0,0.0,,0,0,0,0,0,,,,,,,,,,,,,,,0.08925389518642188,,,,,,11.1,25,74680.25,74738.2,74234.9,74501.05,none,no_price_available
2026-08-27T20:08:09.161401+00:00,2026-08-28T01:38:09.161401+05:30,NIFTYNXT50,29-Sep-2026,64800.0,CE,74347.45,8246.95,550,11488.65,550,0.0,9867.8,0,0,0,0,0,,,,,,,,,,,,,,,0.08925389518642188,74423,0.011379433612210998,0.0097,index_dividend_yield,0.065,11.1,25,74680.25,74738.2,74234.9,74501.05,mid_price,no_nse_iv
2026-08-27T20:08:09.161401+00:00,2026-08-28T01:38:09.161401+05:30,NIFTYNXT50,29-Sep-2026,64800.0,PE,0,,0,,0,0.0,,0,0,0,0,0,,,,,,,,,,,,,,,0.08925389518642188,,,,,,11.1,25,74680.25,74738.2,74234.9,74501.05,none,no_price_available
2026-08-27T20:08:09.161401+00:00,2026-08-28T01:38:09.161401+05:30,NIFTYNXT50,29-Sep-2026,64900.0,CE,74347.45,8159.55,550,11381.95,550,0.0,9770.75,0,0,0,0,0,,,,,,,,,,,,,,,0.08925389518642188,74423,0.011379433612210998,0.0097,index_dividend_yield,0.065,11.1,25,74680.25,74738.2,74234.9,74501.05,mid_price,no_nse_iv
2026-08-27T20:08:09.161401+00:00,2026-08-28T01:38:09.161401+05:30,NIFTYNXT50,29-Sep-2026,64900.0,PE,0,,0,,0,0.0,,0,0,0,0,0,,,,,,,,,,,,,,,0.08925389518642188,,,,,,11.1,25,74680.25,74738.2,74234.9,74501.05,none,no_price_available
2026-08-27T20:08:09.161401+00:00,2026-08-28T01:38:09.161401+05:30,NIFTYNXT50,29-Sep-2026,65000.0,CE,74347.45,8072.45,550,11275.3,550,0.0,9673.875,0,0,0,0,0,,,,,,,,,,,,,,,0.08925389518642188,74423,0.011379433612210998,0.0097,index_dividend_yield,0.065,11.1,25,74680.25,74738.2,74234.9,74501.05,mid_price,no_nse_iv
2026-08-27T20:08:09.161401+00:00,2026-08-28T01:38:09.161401+05:30,NIFTYNXT50,29-Sep-2026,65000.0,PE,0,,0,,0,0.0,,0,0,0,0,0,,,,,,,,,,,,,,,0.08925389518642188,,,,,,11.1,25,74680.25,74738.2,74234.9,74501.05,none,no_price_available
2026-08-27T20:08:09.161401+00:00,2026-08-28T01:38:09.161401+05:30,NIFTYNXT50,29-Sep-2026,65100.0,CE,74347.45,7984.75,550,11168.6,550,0.0,9576.675,0,0,0,0,0,,,,,,,,,,,,,,,0.08925389518642188,74423,0.011379433612210998,0.0097,index_dividend_yield,0.065,11.1,25,74680.25,74738.2,74234.9,74501.05,mid_price,no_nse_iv
2026-08-27T20:08:09.161401+00:00,2026-08-28T01:38:09.161401+05:30,NIFTYNXT50,29-Sep-2026,65100.0,PE,0,,0,,0,0.0,,0,0,0,0,0,,,,,,,,,,,,,,,0.08925389518642188,,,,,,11.1,25,74680.25,74738.2,74234.9,74501.05,none,no_price_available
2026-08-27T20:08:09.161401+00:00,2026-08-28T01:38:09.161401+05:30,NIFTYNXT50,29-Sep-2026,65200.0,CE,74347.45,7897.65,550,11024.8,550,0.0,9461.224999999999,0,0,0,0,0,,,,,,,,,,,,,,,0.08925389518642188,74423,0.011379433612210998,0.0097,index_dividend_yield,0.065,11.1,25,74680.25,74738.2,74234.9,74501.05,mid_price,no_nse_iv
2026-08-27T20:08:09.161401+00:00,2026-08-28T01:38:09.161401+05:30,NIFTYNXT50,29-Sep-2026,65200.0,PE,0,,0,,0,0.0,,0,0,0,0,0,,,,,,,,,,,,,,,0.08925389518642188,,,,,,11.1,25,74680.25,74738.2,74234.9,74501.05,none,no_price_available
2026-08-27T20:08:09.161401+00:00,2026-08-28T01:38:09.161401+05:30,NIFTYNXT50,29-Sep-2026,65300.0,CE,74347.45,7810.25,550,10919.2,550,0.0,9364.725,0,0,0,0,0,,,,,,,,,,,,,,,0.08925389518642188,74423,0.011379433612210998,0.0097,index_dividend_yield,0.065,11.1,25,74680.25,74738.2,74234.9,74501.05,mid_price,no_nse_iv
2026-08-27T20:08:09.161401+00:00,2026-08-28T01:38:09.161401+05:30,NIFTYNXT50,29-Sep-2026,65300.0,PE,0,,0,,0,0.0,,0,0,0,0,0,,,,,,,,,,,,,,,0.08925389518642188,,,,,,11.1,25,74680.25,74738.2,74234.9,74501.05,none,no_price_available
2026-08-27T20:08:09.161401+00:00,2026-08-28T01:38:09.161401+05:30,NIFTYNXT50,29-Sep-2026,65400.0,CE,74347.45,7722.85,550,10848.55,550,0.0,9285.7,0,0,0,0,0,,,,,,,,,,,,,,,0.08925389518642188,74423,0.011379433612210998,0.0097,index_dividend_yield,0.065,11.1,25,74680.25,74738.2,74234.9,74501.05,mid_price,no_nse_iv
2026-08-27T20:08:09.161401+00:00,2026-08-28T01:38:09.161401+05:30,NIFTYNXT50,29-Sep-2026,65400.0,PE,0,,0,,0,0.0,,0,0,0,0,0,,,,,,,,,,,,,,,0.08925389518642188,,,,,,11.1,25,74680.25,74738.2,74234.9,74501.05,none,no_price_available
2026-08-27T20:08:09.161401+00:00,2026-08-28T01:38:09.161401+05:30,NIFTYNXT50,29-Sep-2026,65500.0,CE,74347.45,7636.1,550,10741.9,550,0.0,9189.0,0,0,0,0,0,,,,,,,,,,,,,,,0.08925389518642188,74423,0.011379433612210998,0.0097,index_dividend_yield,0.065,11.1,25,74680.25,74738.2,74234.9,74501.05,mid_price,no_nse_iv
2026-08-27T20:08:09.161401+00:00,2026-08-28T01:38:09.161401+05:30,NIFTYNXT50,29-Sep-2026,65500.0,PE,0,,0,,0,0.0,,0,0,0,0,0,,,,,,,,,,,,,,,0.08925389518642188,,,,,,11.1,25,74680.25,74738.2,74234.9,74501.05,none,no_price_available
2026-08-27T20:08:09.161401+00:00,2026-08-28T01:38:09.161401+05:30,NIFTYNXT50,29-Sep-2026,65600.0,CE,74347.45,7548.05,550,10600.45,550,0.0,9074.25,0,0,0,0,0,,,,,,,,,,,,,,,0.08925389518642188,74423,0.011379433612210998,0.0097,index_dividend_yield,0.065,11.1,25,74680.25,74738.2,74234.9,74501.05,mid_price,no_nse_iv
2026-08-27T20:08:09.161401+00:00,2026-08-28T01:38:09.161401+05:30,NIFTYNXT50,29-Sep-2026,65600.0,PE,0,,0,,0,0.0,,0,0,0,0,0,,,,,,,,,,,,,,,0.08925389518642188,,,,,,11.1,25,74680.25,74738.2,74234.9,74501.05,none,no_price_available
2026-08-27T20:08:09.161401+00:00,2026-08-28T01:38:09.161401+05:30,NIFTYNXT50,29-Sep-2026,65700.0,CE,74347.45,7461.3,550,10528.55,550,0.0,8994.925,0,0,0,0,0,,,,,,,,,,,,,,,0.08925389518642188,74423,0.011379433612210998,0.0097,index_dividend_yield,0.065,11.1,25,74680.25,74738.2,74234.9,74501.05,mid_price,no_nse_iv
2026-08-27T20:08:09.161401+00:00,2026-08-28T01:38:09.161401+05:30,NIFTYNXT50,29-Sep-2026,65700.0,PE,0,,0,,0,0.0,,0,0,0,0,0,,,,,,,,,,,,,,,0.08925389518642188,,,,,,11.1,25,74680.25,74738.2,74234.9,74501.05,none,no_price_available
2026-08-27T20:08:09.161401+00:00,2026-08-28T01:38:09.161401+05:30,NIFTYNXT50,29-Sep-2026,65800.0,CE,74347.45,7373.25,550,10389.85,550,0.0,8881.55,0,0,0,0,0,,,,,,,,,,,,,,,0.08925389518642188,74423,0.011379433612210998,0.0097,index_dividend_yield,0.065,11.1,25,74680.25,74738.2,74234.9,74501.05,mid_price,no_nse_iv
2026-08-27T20:08:09.161401+00:00,2026-08-28T01:38:09.161401+05:30,NIFTYNXT50,29-Sep-2026,65800.0,PE,0,,0,,0,0.0,,0,0,0,0,0,,,,,,,,,,,,,,,0.08925389518642188,,,,,,11.1,25,74680.25,74738.2,74234.9,74501.05,none,no_price_available
2026-08-27T20:08:09.161401+00:00,2026-08-28T01:38:09.161401+05:30,NIFTYNXT50,29-Sep-2026,65900.0,CE,74347.45,7286.5,550,10283.15,550,0.0,8784.825,0,0,0,0,0,,,,,,,,,,,,,,,0.08925389518642188,74423,0.011379433612210998,0.0097,index_dividend_yield,0.065,11.1,25,74680.25,74738.2,74234.9,74501.05,mid_price,no_nse_iv
2026-08-27T20:08:09.161401+00:00,2026-08-28T01:38:09.161401+05:30,NIFTYNXT50,29-Sep-2026,65900.0,PE,0,,0,,0,0.0,,0,0,0,0,0,,,,,,,,,,,,,,,0.08925389518642188,,,,,,11.1,25,74680.25,74738.2,74234.9,74501.05,none,no_price_available
2026-08-27T20:08:09.161401+00:00,2026-08-28T01:38:09.161401+05:30,NIFTYNXT50,29-Sep-2026,66000.0,CE,74347.45,7199.1,550,10176.5,550,0.0,8687.8,0,0,0,0,0,,,,,,,,,,,,,,,0.08925389518642188,74423,0.011379433612210998,0.0097,index_dividend_yield,0.065,11.1,25,74680.25,74738.2,74234.9,74501.05,mid_price,no_nse_iv
2026-08-27T20:08:09.161401+00:00,2026-08-28T01:38:09.161401+05:30,NIFTYNXT50,29-Sep-2026,66000.0,PE,0,,0,,0,0.0,,0,0,0,0,0,,,,,,,,,,,,,,,0.08925389518642188,,,,,,11.1,25,74680.25,74738.2,74234.9,74501.05,none,no_price_available
2026-08-27T20:08:09.161401+00:00,2026-08-28T01:38:09.161401+05:30,NIFTYNXT50,29-Sep-2026,66100.0,CE,74347.45,7110.75,550,10069.8,550,0.0,8590.275,0,0,0,0,0,,,,,,,,,,,,,,,0.08925389518642188,74423,0.011379433612210998,0.0097,index_dividend_yield,0.065,11.1,25,74680.25,74738.2,74234.9,74501.05,mid_price,no_nse_iv
2026-08-27T20:08:09.161401+00:00,2026-08-28T01:38:09.161401+05:30,NIFTYNXT50,29-Sep-2026,66100.0,PE,0,,0,,0,0.0,,0,0,0,0,0,,,,,,,,,,,,,,,0.08925389518642188,,,,,,11.1,25,74680.25,74738.2,74234.9,74501.05,none,no_price_available
2026-08-27T20:08:09.161401+00:00,2026-08-28T01:38:09.161401+05:30,NIFTYNXT50,29-Sep-2026,66200.0,CE,74347.45,7023.65,550,9963.15,550,0.0,8493.4,0,0,0,0,0,,,,,,,,,,,,,,,0.08925389518642188,74423,0.011379433612210998,0.0097,index_dividend_yield,0.065,11.1,25,74680.25,74738.2,74234.9,74501.05,mid_price,no_nse_iv
2026-08-27T20:08:09.161401+00:00,2026-08-28T01:38:09.161401+05:30,NIFTYNXT50,29-Sep-2026,66200.0,PE,0,,0,,0,0.0,,0,0,0,0,0,,,,,,,,,,,,,,,0.08925389518642188,,,,,,11.1,25,74680.25,74738.2,74234.9,74501.05,none,no_price_available
2026-08-27T20:08:09.161401+00:00,2026-08-28T01:38:09.161401+05:30,NIFTYNXT50,29-Sep-2026,66300.0,CE,74347.45,6936.25,550,9856.45,550,0.0,8396.35,0,0,0,0,0,,,,,,,,,,,,,,,0.08925389518642188,74423,0.011379433612210998,0.0097,index_dividend_yield,0.065,11.1,25,74680.25,74738.2,74234.9,74501.05,mid_price,no_nse_iv
2026-08-27T20:08:09.161401+00:00,2026-08-28T01:38:09.161401+05:30,NIFTYNXT50,29-Sep-2026,66300.0,PE,0,,0,,0,0.0,,0,0,0,0,0,,,,,,,,,,,,,,,0.08925389518642188,,,,,,11.1,25,74680.25,74738.2,74234.9,74501.05,none,no_price_available
2026-08-27T20:08:09.161401+00:00,2026-08-28T01:38:09.161401+05:30,NIFTYNXT50,29-Sep-2026,66400.0,CE,74347.45,6848.55,550,9749.75,550,0.0,8299.15,0,0,0,0,0,,,,,,,,,,,,,,,0.08925389518642188,74423,0.011379433612210998,0.0097,index_dividend_yield,0.065,11.1,25,74680.25,74738.2,74234.9,74501.05,mid_price,no_nse_iv
2026-08-27T20:08:09.161401+00:00,2026-08-28T01:38:09.161401+05:30,NIFTYNXT50,29-Sep-2026,66400.0,PE,0,,0,,0,0.0,,0,0,0,0,0,,,,,,,,,,,,,,,0.08925389518642188,,,,,,11.1,25,74680.25,74738.2,74234.9,74501.05,none,no_price_available
2026-08-27T20:08:09.161401+00:00,2026-08-28T01:38:09.161401+05:30,NIFTYNXT50,29-Sep-2026,66500.0,CE,74347.45,6761.15,550,9675.1,550,0.0,8218.125,0,0,0,0,0,,,,,,,,,,,,,,,0.08925389518642188,74423,0.011379433612210998,0.0097,index_dividend_yield,0.065,11.1,25,74680.25,74738.2,74234.9,74501.05,mid_price,no_nse_iv
2026-08-27T20:08:09.161401+00:00,2026-08-28T01:38:09.161401+05:30,NIFTYNXT50,29-Sep-2026,66500.0,PE,0,,0,,0,0.0,,0,0,0,0,0,,,,,,,,,,,,,,,0.08925389518642188,,,,,,11.1,25,74680.25,74738.2,74234.9,74501.05,none,no_price_available
2026-08-27T20:08:09.161401+00:00,2026-08-28T01:38:09.161401+05:30,NIFTYNXT50,29-Sep-2026,66600.0,CE,74347.45,6674.7,550,9568.4,550,0.0,8121.549999999999,0,0,0,0,0,,,,,,,,,,,,,,,0.08925389518642188,74423,0.011379433612210998,0.0097,index_dividend_yield,0.065,11.1,25,74680.25,74738.2,74234.9,74501.05,mid_price,no_nse_iv
2026-08-27T20:08:09.161401+00:00,2026-08-28T01:38:09.161401+05:30,NIFTYNXT50,29-Sep-2026,66600.0,PE,0,,0,,0,0.0,,0,0,0,0,0,,,,,,,,,,,,,,,0.08925389518642188,,,,,,11.1,25,74680.25,74738.2,74234.9,74501.05,none,no_price_available
2026-08-27T20:08:09.161401+00:00,2026-08-28T01:38:09.161401+05:30,NIFTYNXT50,29-Sep-2026,66700.0,CE,74347.45,6586.35,550,9461.75,550,0.0,8024.05,0,0,0,0,0,,,,,,,,,,,,,,,0.08925389518642188,74423,0.011379433612210998,0.0097,index_dividend_yield,0.065,11.1,25,74680.25,74738.2,74234.9,74501.05,mid_price,no_nse_iv
2026-08-27T20:08:09.161401+00:00,2026-08-28T01:38:09.161401+05:30,NIFTYNXT50,29-Sep-2026,66700.0,PE,0,,0,,0,0.0,,0,0,0,0,0,,,,,,,,,,,,,,,0.08925389518642188,,,,,,11.1,25,74680.25,74738.2,74234.9,74501.05,none,no_price_available
2026-08-27T20:08:09.161401+00:00,2026-08-28T01:38:09.161401+05:30,NIFTYNXT50,29-Sep-2026,66800.0,CE,74347.45,6498.95,550,9355.05,550,0.0,7927.0,0,0,0,0,0,,,,,,,,,,,,,,,0.08925389518642188,74423,0.011379433612210998,0.0097,index_dividend_yield,0.065,11.1,25,74680.25,74738.2,74234.9,74501.05,mid_price,no_nse_iv
2026-08-27T20:08:09.161401+00:00,2026-08-28T01:38:09.161401+05:30,NIFTYNXT50,29-Sep-2026,66800.0,PE,0,,0,,0,0.0,,0,0,0,0,0,,,,,,,,,,,,,,,0.08925389518642188,,,,,,11.1,25,74680.25,74738.2,74234.9,74501.05,none,no_price_available
2026-08-27T20:08:09.161401+00:00,2026-08-28T01:38:09.161401+05:30,NIFTYNXT50,29-Sep-2026,66900.0,CE,74347.45,6411.85,550,9248.35,550,0.0,7830.1,0,0,0,0,0,,,,,,,,,,,,,,,0.08925389518642188,74423,0.011379433612210998,0.0097,index_dividend_yield,0.065,11.1,25,74680.25,74738.2,74234.9,74501.05,mid_price,no_nse_iv
2026-08-27T20:08:09.161401+00:00,2026-08-28T01:38:09.161401+05:30,NIFTYNXT50,29-Sep-2026,66900.0,PE,0,,0,,0,0.0,,0,0,0,0,0,,,,,,,,,,,,,,,0.08925389518642188,,,,,,11.1,25,74680.25,74738.2,74234.9,74501.05,none,no_price_available
2026-08-27T20:08:09.161401+00:00,2026-08-28T01:38:09.161401+05:30,NIFTYNXT50,29-Sep-2026,67000.0,CE,74347.45,6325.1,550,9141.7,550,0.0,7733.400000000001,0,0,0,0,0,,,,,,,,,,,,,,,0.08925389518642188,74423,0.011379433612210998,0.0097,index_dividend_yield,0.065,11.1,25,74680.25,74738.2,74234.9,74501.05,mid_price,no_nse_iv
2026-08-27T20:08:09.161401+00:00,2026-08-28T01:38:09.161401+05:30,NIFTYNXT50,29-Sep-2026,67000.0,PE,0,,0,,0,0.0,,0,0,0,0,0,,,,,,,,,,,,,,,0.08925389518642188,,,,,,11.1,25,74680.25,74738.2,74234.9,74501.05,none,no_price_available
2026-08-27T20:08:09.161401+00:00,2026-08-28T01:38:09.161401+05:30,NIFTYNXT50,29-Sep-2026,67100.0,CE,74347.45,6236.75,550,9035,550,0.0,7635.875,0,0,0,0,0,,,,,,,,,,,,,,,0.08925389518642188,74423,0.011379433612210998,0.0097,index_dividend_yield,0.065,11.1,25,74680.25,74738.2,74234.9,74501.05,mid_price,no_nse_iv
2026-08-27T20:08:09.161401+00:00,2026-08-28T01:38:09.161401+05:30,NIFTYNXT50,29-Sep-2026,67100.0,PE,0,,0,,0,0.0,,0,0,0,0,0,,,,,,,,,,,,,,,0.08925389518642188,,,,,,11.1,25,74680.25,74738.2,74234.9,74501.05,none,no_price_available
2026-08-27T20:08:09.161401+00:00,2026-08-28T01:38:09.161401+05:30,NIFTYNXT50,29-Sep-2026,67200.0,CE,74347.45,6149.35,550,8928.35,550,0.0,7538.85,0,0,0,0,0,,,,,,,,,,,,,,,0.08925389518642188,74423,0.011379433612210998,0.0097,index_dividend_yield,0.065,11.1,25,74680.25,74738.2,74234.9,74501.05,mid_price,no_nse_iv
2026-08-27T20:08:09.161401+00:00,2026-08-28T01:38:09.161401+05:30,NIFTYNXT50,29-Sep-2026,67200.0,PE,0,,0,,0,0.0,,0,0,0,0,0,,,,,,,,,,,,,,,0.08925389518642188,,,,,,11.1,25,74680.25,74738.2,74234.9,74501.05,none,no_price_available
2026-08-27T20:08:09.161401+00:00,2026-08-28T01:38:09.161401+05:30,NIFTYNXT50,29-Sep-2026,67300.0,CE,74347.45,6062.25,550,8821.65,550,0.0,7441.95,0,0,0,0,0,,,,,,,,,,,,,,,0.08925389518642188,74423,0.011379433612210998,0.0097,index_dividend_yield,0.065,11.1,25,74680.25,74738.2,74234.9,74501.05,mid_price,no_nse_iv
2026-08-27T20:08:09.161401+00:00,2026-08-28T01:38:09.161401+05:30,NIFTYNXT50,29-Sep-2026,67300.0,PE,0,,0,,0,0.0,,0,0,0,0,0,,,,,,,,,,,,,,,0.08925389518642188,,,,,,11.1,25,74680.25,74738.2,74234.9,74501.05,none,no_price_available
2026-08-27T20:08:09.161401+00:00,2026-08-28T01:38:09.161401+05:30,NIFTYNXT50,29-Sep-2026,67400.0,CE,74347.45,5974.55,550,8714.95,550,0.0,7344.75,0,0,0,0,0,,,,,,,,,,,,,,,0.08925389518642188,74423,0.011379433612210998,0.0097,index_dividend_yield,0.065,11.1,25,74680.25,74738.2,74234.9,74501.05,mid_price,no_nse_iv
2026-08-27T20:08:09.161401+00:00,2026-08-28T01:38:09.161401+05:30,NIFTYNXT50,29-Sep-2026,67400.0,PE,0,,0,,0,0.0,,0,0,0,0,0,,,,,,,,,,,,,,,0.08925389518642188,,,,,,11.1,25,74680.25,74738.2,74234.9,74501.05,none,no_price_available
2026-08-27T20:08:09.161401+00:00,2026-08-28T01:38:09.161401+05:30,NIFTYNXT50,29-Sep-2026,67500.0,CE,74347.45,5887.15,550,8608.3,550,0.0,7247.724999999999,0,0,0,0,0,,,,,,,,,,,,,,,0.08925389518642188,74423,0.011379433612210998,0.0097,index_dividend_yield,0.065,11.1,25,74680.25,74738.2,74234.9,74501.05,mid_price,no_nse_iv
2026-08-27T20:08:09.161401+00:00,2026-08-28T01:38:09.161401+05:30,NIFTYNXT50,29-Sep-2026,67500.0,PE,0,,0,,0,0.0,,0,0,0,0,0,,,,,,,,,,,,,,,0.08925389518642188,,,,,,11.1,25,74680.25,74738.2,74234.9,74501.05,none,no_price_available
2026-08-27T20:08:09.161401+00:00,2026-08-28T01:38:09.161401+05:30,NIFTYNXT50,29-Sep-2026,67600.0,CE,74347.45,5799.75,550,8501.6,550,0.0,7150.675,0,0,0,0,0,,,,,,,,,,,,,,,0.08925389518642188,74423,0.011379433612210998,0.0097,index_dividend_yield,0.065,11.1,25,74680.25,74738.2,74234.9,74501.05,mid_price,no_nse_iv
2026-08-27T20:08:09.161401+00:00,2026-08-28T01:38:09.161401+05:30,NIFTYNXT50,29-Sep-2026,67600.0,PE,0,,0,,0,0.0,,0,0,0,0,0,,,,,,,,,,,,,,,0.08925389518642188,,,,,,11.1,25,74680.25,74738.2,74234.9,74501.05,none,no_price_available
2026-08-27T20:08:09.161401+00:00,2026-08-28T01:38:09.161401+05:30,NIFTYNXT50,29-Sep-2026,67700.0,CE,74347.45,5713.3,550,8394.95,550,0.0,7054.125,0,0,0,0,0,,,,,,,,,,,,,,,0.08925389518642188,74423,0.011379433612210998,0.0097,index_dividend_yield,0.065,11.1,25,74680.25,74738.2,74234.9,74501.05,mid_price,no_nse_iv
2026-08-27T20:08:09.161401+00:00,2026-08-28T01:38:09.161401+05:30,NIFTYNXT50,29-Sep-2026,67700.0,PE,0,,0,,0,0.0,,0,0,0,0,0,,,,,,,,,,,,,,,0.08925389518642188,,,,,,11.1,25,74680.25,74738.2,74234.9,74501.05,none,no_price_available
2026-08-27T20:08:09.161401+00:00,2026-08-28T01:38:09.161401+05:30,NIFTYNXT50,29-Sep-2026,67800.0,CE,74347.45,5625.25,550,8288.25,550,0.0,6956.75,0,0,0,0,0,,,,,,,,,,,,,,,0.08925389518642188,74423,0.011379433612210998,0.0097,index_dividend_yield,0.065,11.1,25,74680.25,74738.2,74234.9,74501.05,mid_price,no_nse_iv
2026-08-27T20:08:09.161401+00:00,2026-08-28T01:38:09.161401+05:30,NIFTYNXT50,29-Sep-2026,67800.0,PE,0,,0,,0,0.0,,0,0,0,0,0,,,,,,,,,,,,,,,0.08925389518642188,,,,,,11.1,25,74680.25,74738.2,74234.9,74501.05,none,no_price_available
2026-08-27T20:08:09.161401+00:00,2026-08-28T01:38:09.161401+05:30,NIFTYNXT50,29-Sep-2026,67900.0,CE,74347.45,5537.85,550,8181.55,550,0.0,6859.700000000001,0,0,0,0,0,,,,,,,,,,,,,,,0.08925389518642188,74423,0.011379433612210998,0.0097,index_dividend_yield,0.065,11.1,25,74680.25,74738.2,74234.9,74501.05,mid_price,no_nse_iv
2026-08-27T20:08:09.161401+00:00,2026-08-28T01:38:09.161401+05:30,NIFTYNXT50,29-Sep-2026,67900.0,PE,0,,0,,0,0.0,,0,0,0,0,0,,,,,,,,,,,,,,,0.08925389518642188,,,,,,11.1,25,74680.25,74738.2,74234.9,74501.05,none,no_price_available
2026-08-27T20:08:09.161401+00:00,2026-08-28T01:38:09.161401+05:30,NIFTYNXT50,29-Sep-2026,68000.0,CE,74347.45,5450.15,550,8042.9,550,0.0,6746.525,0,0,0,0,0,,,,,,,,,,,,,,,0.08925389518642188,74423,0.011379433612210998,0.0097,index_dividend_yield,0.065,11.1,25,74680.25,74738.2,74234.9,74501.05,mid_price,no_nse_iv
2026-08-27T20:08:09.161401+00:00,2026-08-28T01:38:09.161401+05:30,NIFTYNXT50,29-Sep-2026,68000.0,PE,0,,0,,0,0.0,,0,0,0,0,0,,,,,,,,,,,,,,,0.08925389518642188,,,,,,11.1,25,74680.25,74738.2,74234.9,74501.05,none,no_price_available
2026-08-27T20:08:09.161401+00:00,2026-08-28T01:38:09.161401+05:30,NIFTYNXT50,29-Sep-2026,68100.0,CE,74347.45,5363.05,550,7968.2,550,0.0,6665.625,0,0,0,0,0,,,,,,,,,,,,,,,0.08925389518642188,74423,0.011379433612210998,0.0097,index_dividend_yield,0.065,11.1,25,74680.25,74738.2,74234.9,74501.05,mid_price,no_nse_iv
2026-08-27T20:08:09.161401+00:00,2026-08-28T01:38:09.161401+05:30,NIFTYNXT50,29-Sep-2026,68100.0,PE,0,,0,,0,0.0,,0,0,0,0,0,,,,,,,,,,,,,,,0.08925389518642188,,,,,,11.1,25,74680.25,74738.2,74234.9,74501.05,none,no_price_available
2026-08-27T20:08:09.161401+00:00,2026-08-28T01:38:09.161401+05:30,NIFTYNXT50,29-Sep-2026,68200.0,CE,74347.45,5276.3,550,7823.75,550,0.0,6550.025,0,0,0,0,0,,,,,,,,,,,,,,,0.08925389518642188,74423,0.011379433612210998,0.0097,index_dividend_yield,0.065,11.1,25,74680.25,74738.2,74234.9,74501.05,mid_price,no_nse_iv
2026-08-27T20:08:09.161401+00:00,2026-08-28T01:38:09.161401+05:30,NIFTYNXT50,29-Sep-2026,68200.0,PE,0,,0,,0,0.0,,0,0,0,0,0,,,,,,,,,,,,,,,0.08925389518642188,,,,,,11.1,25,74680.25,74738.2,74234.9,74501.05,none,no_price_available
2026-08-27T20:08:09.161401+00:00,2026-08-28T01:38:09.161401+05:30,NIFTYNXT50,29-Sep-2026,68300.0,CE,74347.45,5188.9,550,7722.85,550,0.0,6455.875,0,0,0,0,0,,,,,,,,,,,,,,,0.08925389518642188,74423,0.011379433612210998,0.0097,index_dividend_yield,0.065,11.1,25,74680.25,74738.2,74234.9,74501.05,mid_price,no_nse_iv
2026-08-27T20:08:09.161401+00:00,2026-08-28T01:38:09.161401+05:30,NIFTYNXT50,29-Sep-2026,68300.0,PE,0,,0,,0,0.0,,0,0,0,0,0,,,,,,,,,,,,,,,0.08925389518642188,,,,,,11.1,25,74680.25,74738.2,74234.9,74501.05,none,no_price_available
2026-08-27T20:08:09.161401+00:00,2026-08-28T01:38:09.161401+05:30,NIFTYNXT50,29-Sep-2026,68400.0,CE,74347.45,5100.85,550,7610.85,550,0.0,6355.85,0,0,0,0,0,,,,,,,,,,,,,,,0.08925389518642188,74423,0.011379433612210998,0.0097,index_dividend_yield,0.065,11.1,25,74680.25,74738.2,74234.9,74501.05,mid_price,no_nse_iv
2026-08-27T20:08:09.161401+00:00,2026-08-28T01:38:09.161401+05:30,NIFTYNXT50,29-Sep-2026,68400.0,PE,0,,0,,0,0.0,,0,0,0,0,0,,,,,,,,,,,,,,,0.08925389518642188,,,,,,11.1,25,74680.25,74738.2,74234.9,74501.05,none,no_price_available
2026-08-27T20:08:09.161401+00:00,2026-08-28T01:38:09.161401+05:30,NIFTYNXT50,29-Sep-2026,68500.0,CE,74347.45,5013.65,550,7503.75,550,0.0,6258.7,0,0,0,0,0,,,,,,,,,,,,,,,0.08925389518642188,74423,0.011379433612210998,0.0097,index_dividend_yield,0.065,11.1,25,74680.25,74738.2,74234.9,74501.05,mid_price,no_nse_iv
2026-08-27T20:08:09.161401+00:00,2026-08-28T01:38:09.161401+05:30,NIFTYNXT50,29-Sep-2026,68500.0,PE,0,,0,,0,0.0,,0,0,0,0,0,,,,,,,,,,,,,,,0.08925389518642188,,,,,,11.1,25,74680.25,74738.2,74234.9,74501.05,none,no_price_available
2026-08-27T20:08:09.161401+00:00,2026-08-28T01:38:09.161401+05:30,NIFTYNXT50,29-Sep-2026,68600.0,CE,74347.45,4927.4,550,7398.05,550,0.0,6162.725,0,0,0,0,0,,,,,,,,,,,,,,,0.08925389518642188,74423,0.011379433612210998,0.0097,index_dividend_yield,0.065,11.1,25,74680.25,74738.2,74234.9,74501.05,mid_price,no_nse_iv
2026-08-27T20:08:09.161401+00:00,2026-08-28T01:38:09.161401+05:30,NIFTYNXT50,29-Sep-2026,68600.0,PE,0,,0,,0,0.0,,0,0,0,0,0,,,,,,,,,,,,,,,0.08925389518642188,,,,,,11.1,25,74680.25,74738.2,74234.9,74501.05,none,no_price_available
2026-08-27T20:08:09.161401+00:00,2026-08-28T01:38:09.161401+05:30,NIFTYNXT50,29-Sep-2026,68700.0,CE,74347.45,4839.05,550,7346.4,550,0.0,6092.725,0,0,0,0,0,,,,,,,,,,,,,,,0.08925389518642188,74423,0.011379433612210998,0.0097,index_dividend_yield,0.065,11.1,25,74680.25,74738.2,74234.9,74501.05,mid_price,no_nse_iv
2026-08-27T20:08:09.161401+00:00,2026-08-28T01:38:09.161401+05:30,NIFTYNXT50,29-Sep-2026,68700.0,PE,0,,0,,0,0.0,,0,0,0,0,0,,,,,,,,,,,,,,,0.08925389518642188,,,,,,11.1,25,74680.25,74738.2,74234.9,74501.05,none,no_price_available
2026-08-27T20:08:09.161401+00:00,2026-08-28T01:38:09.161401+05:30,NIFTYNXT50,29-Sep-2026,68800.0,CE,74347.45,4802.4,550,7188.95,550,0.0,5995.674999999999,0,0,0,0,0,,,,,,,,,,,,,,,0.08925389518642188,74423,0.011379433612210998,0.0097,index_dividend_yield,0.065,11.1,25,74680.25,74738.2,74234.9,74501.05,mid_price,no_nse_iv
2026-08-27T20:08:09.161401+00:00,2026-08-28T01:38:09.161401+05:30,NIFTYNXT50,29-Sep-2026,68800.0,PE,0,,0,,0,0.0,,0,0,0,0,0,,,,,,,,,,,,,,,0.08925389518642188,,,,,,11.1,25,74680.25,74738.2,74234.9,74501.05,none,no_price_available
2026-08-27T20:08:09.161401+00:00,2026-08-28T01:38:09.161401+05:30,NIFTYNXT50,29-Sep-2026,68900.0,CE,74347.45,4716.5,550,7253.7,550,0.0,5985.1,0,0,0,0,0,,,,,,,,,,,,,,,0.08925389518642188,74423,0.011379433612210998,0.0097,index_dividend_yield,0.065,11.1,25,74680.25,74738.2,74234.9,74501.05,mid_price,no_nse_iv
2026-08-27T20:08:09.161401+00:00,2026-08-28T01:38:09.161401+05:30,NIFTYNXT50,29-Sep-2026,68900.0,PE,0,,0,,0,0.0,,0,0,0,0,0,,,,,,,,,,,,,,,0.08925389518642188,,,,,,11.1,25,74680.25,74738.2,74234.9,74501.05,none,no_price_available
2026-08-27T20:08:09.161401+00:00,2026-08-28T01:38:09.161401+05:30,NIFTYNXT50,29-Sep-2026,69000.0,CE,74347.45,4403.5,550,6972.95,550,0.0,5688.225,0,0,0,0,0,,,,,,,,,,,,,,,0.08925389518642188,74423,0.011379433612210998,0.0097,index_dividend_yield,0.065,11.1,25,74680.25,74738.2,74234.9,74501.05,mid_price,no_nse_iv
2026-08-27T20:08:09.161401+00:00,2026-08-28T01:38:09.161401+05:30,NIFTYNXT50,29-Sep-2026,69000.0,PE,74347.45,,0,460,75,0.0,,0,0,0,0,0,,,,,,,,,,,,,,,0.08925389518642188,,,,,,11.1,25,74680.25,74738.2,74234.9,74501.05,none,no_price_available
2026-08-27T20:08:09.161401+00:00,2026-08-28T01:38:09.161401+05:30,NIFTYNXT50,29-Sep-2026,69100.0,CE,74347.45,4316.1,550,6919.6,550,0.0,5617.85,0,0,0,0,0,,,,,,,,,,,,,,,0.08925389518642188,74423,0.011379433612210998,0.0097,index_dividend_yield,0.065,11.1,25,74680.25,74738.2,74234.9,74501.05,mid_price,no_nse_iv
2026-08-27T20:08:09.161401+00:00,2026-08-28T01:38:09.161401+05:30,NIFTYNXT50,29-Sep-2026,69100.0,PE,0,,0,,0,0.0,,0,0,0,0,0,,,,,,,,,,,,,,,0.08925389518642188,,,,,,11.1,25,74680.25,74738.2,74234.9,74501.05,none,no_price_available
2026-08-27T20:08:09.161401+00:00,2026-08-28T01:38:09.161401+05:30,NIFTYNXT50,29-Sep-2026,69200.0,CE,74347.45,4228.7,550,6872.85,550,0.0,5550.775,0,0,0,0,0,,,,,,,,,,,,,,,0.08925389518642188,74423,0.011379433612210998,0.0097,index_dividend_yield,0.065,11.1,25,74680.25,74738.2,74234.9,74501.05,mid_price,no_nse_iv
2026-08-27T20:08:09.161401+00:00,2026-08-28T01:38:09.161401+05:30,NIFTYNXT50,29-Sep-2026,69200.0,PE,0,,0,,0,0.0,,0,0,0,0,0,,,,,,,,,,,,,,,0.08925389518642188,,,,,,11.1,25,74680.25,74738.2,74234.9,74501.05,none,no_price_available
2026-08-27T20:08:09.161401+00:00,2026-08-28T01:38:09.161401+05:30,NIFTYNXT50,29-Sep-2026,69300.0,CE,74347.45,4141.3,550,6755.05,550,0.0,5448.175,0,0,0,0,0,,,,,,,,,,,,,,,0.08925389518642188,74423,0.011379433612210998,0.0097,index_dividend_yield,0.065,11.1,25,74680.25,74738.2,74234.9,74501.05,mid_price,no_nse_iv
2026-08-27T20:08:09.161401+00:00,2026-08-28T01:38:09.161401+05:30,NIFTYNXT50,29-Sep-2026,69300.0,PE,0,,0,,0,0.0,,0,0,0,0,0,,,,,,,,,,,,,,,0.08925389518642188,,,,,,11.1,25,74680.25,74738.2,74234.9,74501.05,none,no_price_available
2026-08-27T20:08:09.161401+00:00,2026-08-28T01:38:09.161401+05:30,NIFTYNXT50,29-Sep-2026,69400.0,CE,74347.45,4002.25,550,6548.75,550,0.0,5275.5,0,0,0,0,0,,,,,,,,,,,,,,,0.08925389518642188,74423,0.011379433612210998,0.0097,index_dividend_yield,0.065,11.1,25,74680.25,74738.2,74234.9,74501.05,mid_price,no_nse_iv
2026-08-27T20:08:09.161401+00:00,2026-08-28T01:38:09.161401+05:30,NIFTYNXT50,29-Sep-2026,69400.0,PE,0,,0,,0,0.0,,0,0,0,0,0,,,,,,,,,,,,,,,0.08925389518642188,,,,,,11.1,25,74680.25,74738.2,74234.9,74501.05,none,no_price_available
2026-08-27T20:08:09.161401+00:00,2026-08-28T01:38:09.161401+05:30,NIFTYNXT50,29-Sep-2026,69500.0,CE,74347.45,3966.7,550,6492.7,550,0.0,5229.7,0,0,0,0,0,,,,,,,,,,,,,,,0.08925389518642188,74423,0.011379433612210998,0.0097,index_dividend_yield,0.065,11.1,25,74680.25,74738.2,74234.9,74501.05,mid_price,no_nse_iv
2026-08-27T20:08:09.161401+00:00,2026-08-28T01:38:09.161401+05:30,NIFTYNXT50,29-Sep-2026,69500.0,PE,0,,0,,0,0.0,,0,0,0,0,0,,,,,,,,,,,,,,,0.08925389518642188,,,,,,11.1,25,74680.25,74738.2,74234.9,74501.05,none,no_price_available
2026-08-27T20:08:09.161401+00:00,2026-08-28T01:38:09.161401+05:30,NIFTYNXT50,29-Sep-2026,69600.0,CE,74347.45,4052.8,550,6429.8,550,0.0,5241.3,0,0,0,0,0,,,,,,,,,,,,,,,0.08925389518642188,74423,0.011379433612210998,0.0097,index_dividend_yield,0.065,11.1,25,74680.25,74738.2,74234.9,74501.05,mid_price,no_nse_iv
2026-08-27T20:08:09.161401+00:00,2026-08-28T01:38:09.161401+05:30,NIFTYNXT50,29-Sep-2026,69600.0,PE,0,,0,,0,0.0,,0,0,0,0,0,,,,,,,,,,,,,,,0.08925389518642188,,,,,,11.1,25,74680.25,74738.2,74234.9,74501.05,none,no_price_available
2026-08-27T20:08:09.161401+00:00,2026-08-28T01:38:09.161401+05:30,NIFTYNXT50,29-Sep-2026,69700.0,CE,74347.45,3791.7,550,6414.05,550,0.0,5102.875,0,0,0,0,0,,,,,,,,,,,,,,,0.08925389518642188,74423,0.011379433612210998,0.0097,index_dividend_yield,0.065,11.1,25,74680.25,74738.2,74234.9,74501.05,mid_price,no_nse_iv
2026-08-27T20:08:09.161401+00:00,2026-08-28T01:38:09.161401+05:30,NIFTYNXT50,29-Sep-2026,69700.0,PE,0,,0,,0,0.0,,0,0,0,0,0,,,,,,,,,,,,,,,0.08925389518642188,,,,,,11.1,25,74680.25,74738.2,74234.9,74501.05,none,no_price_available
2026-08-27T20:08:09.161401+00:00,2026-08-28T01:38:09.161401+05:30,NIFTYNXT50,29-Sep-2026,69800.0,CE,74347.45,3704.2,550,6538.7,550,0.0,5121.45,0,0,0,0,0,,,,,,,,,,,,,,,0.08925389518642188,74423,0.011379433612210998,0.0097,index_dividend_yield,0.065,11.1,25,74680.25,74738.2,74234.9,74501.05,mid_price,no_nse_iv
2026-08-27T20:08:09.161401+00:00,2026-08-28T01:38:09.161401+05:30,NIFTYNXT50,29-Sep-2026,69800.0,PE,0,,0,,0,0.0,,0,0,0,0,0,,,,,,,,,,,,,,,0.08925389518642188,,,,,,11.1,25,74680.25,74738.2,74234.9,74501.05,none,no_price_available
2026-08-27T20:08:09.161401+00:00,2026-08-28T01:38:09.161401+05:30,NIFTYNXT50,29-Sep-2026,69900.0,CE,74347.45,3564.45,550,6066.45,550,0.0,4815.45,0,0,0,0,0,,,,,,,,,,,,,,,0.08925389518642188,74423,0.011379433612210998,0.0097,index_dividend_yield,0.065,11.1,25,74680.25,74738.2,74234.9,74501.05,mid_price,no_nse_iv
2026-08-27T20:08:09.161401+00:00,2026-08-28T01:38:09.161401+05:30,NIFTYNXT50,29-Sep-2026,69900.0,PE,0,,0,,0,0.0,,0,0,0,0,0,,,,,,,,,,,,,,,0.08925389518642188,,,,,,11.1,25,74680.25,74738.2,74234.9,74501.05,none,no_price_available
2026-08-27T20:08:09.161401+00:00,2026-08-28T01:38:09.161401+05:30,NIFTYNXT50,29-Sep-2026,70000.0,CE,74347.45,3529.5,550,6035.95,550,0.0,4782.725,0,0,0,0,0,,,,,,,,,,,,,,,0.08925389518642188,74423,0.011379433612210998,0.0097,index_dividend_yield,0.065,11.1,25,74680.25,74738.2,74234.9,74501.05,mid_price,no_nse_iv
2026-08-27T20:08:09.161401+00:00,2026-08-28T01:38:09.161401+05:30,NIFTYNXT50,29-Sep-2026,70000.0,PE,74347.45,7.35,50,,0,0.0,,0,0,0,0,0,,,,,,,,,,,,,,,0.08925389518642188,,,,,,11.1,25,74680.25,74738.2,74234.9,74501.05,none,no_price_available
2026-08-27T20:08:09.161401+00:00,2026-08-28T01:38:09.161401+05:30,NIFTYNXT50,29-Sep-2026,70100.0,CE,74347.45,3442,550,6218.65,550,0.0,4830.325,0,0,0,0,0,,,,,,,,,,,,,,,0.08925389518642188,74423,0.011379433612210998,0.0097,index_dividend_yield,0.065,11.1,25,74680.25,74738.2,74234.9,74501.05,mid_price,no_nse_iv
2026-08-27T20:08:09.161401+00:00,2026-08-28T01:38:09.161401+05:30,NIFTYNXT50,29-Sep-2026,70100.0,PE,0,,0,,0,0.0,,0,0,0,0,0,,,,,,,,,,,,,,,0.08925389518642188,,,,,,11.1,25,74680.25,74738.2,74234.9,74501.05,none,no_price_available
2026-08-27T20:08:09.161401+00:00,2026-08-28T01:38:09.161401+05:30,NIFTYNXT50,29-Sep-2026,70200.0,CE,74347.45,3303.05,550,5695,50,0.0,4499.025,0,0,0,0,0,,,,,,,,,,,,,,,0.08925389518642188,74423,0.011379433612210998,0.0097,index_dividend_yield,0.065,11.1,25,74680.25,74738.2,74234.9,74501.05,mid_price,no_nse_iv
2026-08-27T20:08:09.161401+00:00,2026-08-28T01:38:09.161401+05:30,NIFTYNXT50,29-Sep-2026,70200.0,PE,0,,0,,0,0.0,,0,0,0,0,0,,,,,,,,,,,,,,,0.08925389518642188,,,,,,11.1,25,74680.25,74738.2,74234.9,74501.05,none,no_price_available
2026-08-27T20:08:09.161401+00:00,2026-08-28T01:38:09.161401+05:30,NIFTYNXT50,29-Sep-2026,70300.0,CE,74347.45,3267.4,550,5639.65,550,0.0,4453.525,0,0,0,0,0,,,,,,,,,,,,,,,0.08925389518642188,74423,0.011379433612210998,0.0097,index_dividend_yield,0.065,11.1,25,74680.25,74738.2,74234.9,74501.05,mid_price,no_nse_iv
2026-08-27T20:08:09.161401+00:00,2026-08-28T01:38:09.161401+05:30,NIFTYNXT50,29-Sep-2026,70300.0,PE,0,,0,,0,0.0,,0,0,0,0,0,,,,,,,,,,,,,,,0.08925389518642188,,,,,,11.1,25,74680.25,74738.2,74234.9,74501.05,none,no_price_available
2026-08-27T20:08:09.161401+00:00,2026-08-28T01:38:09.161401+05:30,NIFTYNXT50,29-Sep-2026,70400.0,CE,74347.45,3195.4,550,5898.6,550,0.0,4547.0,0,0,0,0,0,,,,,,,,,,,,,,,0.08925389518642188,74423,0.011379433612210998,0.0097,index_dividend_yield,0.065,11.1,25,74680.25,74738.2,74234.9,74501.05,mid_price,no_nse_iv
2026-08-27T20:08:09.161401+00:00,2026-08-28T01:38:09.161401+05:30,NIFTYNXT50,29-Sep-2026,70400.0,PE,0,,0,,0,0.0,,0,0,0,0,0,,,,,,,,,,,,,,,0.08925389518642188,,,,,,11.1,25,74680.25,74738.2,74234.9,74501.05,none,no_price_available
2026-08-27T20:08:09.161401+00:00,2026-08-28T01:38:09.161401+05:30,NIFTYNXT50,29-Sep-2026,70500.0,CE,74347.45,3142.2,300,5791.95,550,0.0,4467.075,0,0,0,0,0,,,,,,,,,,,,,,,0.08925389518642188,74423,0.011379433612210998,0.0097,index_dividend_yield,0.065,11.1,25,74680.25,74738.2,74234.9,74501.05,mid_price,no_nse_iv
2026-08-27T20:08:09.161401+00:00,2026-08-28T01:38:09.161401+05:30,NIFTYNXT50,29-Sep-2026,70500.0,PE,0,,0,,0,0.0,,0,0,0,0,0,,,,,,,,,,,,,,,0.08925389518642188,,,,,,11.1,25,74680.25,74738.2,74234.9,74501.05,none,no_price_available
2026-08-27T20:08:09.161401+00:00,2026-08-28T01:38:09.161401+05:30,NIFTYNXT50,29-Sep-2026,70600.0,CE,74347.45,3089.5,300,5685.25,550,0.0,4387.375,0,0,0,0,0,,,,,,,,,,,,,,,0.08925389518642188,74423,0.011379433612210998,0.0097,index_dividend_yield,0.065,11.1,25,74680.25,74738.2,74234.9,74501.05,mid_price,no_nse_iv
2026-08-27T20:08:09.161401+00:00,2026-08-28T01:38:09.161401+05:30,NIFTYNXT50,29-Sep-2026,70600.0,PE,0,,0,,0,0.0,,0,0,0,0,0,,,,,,,,,,,,,,,0.08925389518642188,,,,,,11.1,25,74680.25,74738.2,74234.9,74501.05,none,no_price_available
2026-08-27T20:08:09.161401+00:00,2026-08-28T01:38:09.161401+05:30,NIFTYNXT50,29-Sep-2026,70700.0,CE,74347.45,3037.15,300,5578.6,550,0.0,4307.875,0,0,0,0,0,,,,,,,,,,,,,,,0.08925389518642188,74423,0.011379433612210998,0.0097,index_dividend_yield,0.065,11.1,25,74680.25,74738.2,74234.9,74501.05,mid_price,no_nse_iv
2026-08-27T20:08:09.161401+00:00,2026-08-28T01:38:09.161401+05:30,NIFTYNXT50,29-Sep-2026,70700.0,PE,0,,0,,0,0.0,,0,0,0,0,0,,,,,,,,,,,,,,,0.08925389518642188,,,,,,11.1,25,74680.25,74738.2,74234.9,74501.05,none,no_price_available
2026-08-27T20:08:09.161401+00:00,2026-08-28T01:38:09.161401+05:30,NIFTYNXT50,29-Sep-2026,70800.0,CE,74347.45,2985.25,550,5471.9,550,0.0,4228.575,0,0,0,0,0,,,,,,,,,,,,,,,0.08925389518642188,74423,0.011379433612210998,0.0097,index_dividend_yield,0.065,11.1,25,74680.25,74738.2,74234.9,74501.05,mid_price,no_nse_iv
2026-08-27T20:08:09.161401+00:00,2026-08-28T01:38:09.161401+05:30,NIFTYNXT50,29-Sep-2026,70800.0,PE,0,,0,,0,0.0,,0,0,0,0,0,,,,,,,,,,,,,,,0.08925389518642188,,,,,,11.1,25,74680.25,74738.2,74234.9,74501.05,none,no_price_available
2026-08-27T20:08:09.161401+00:00,2026-08-28T01:38:09.161401+05:30,NIFTYNXT50,29-Sep-2026,70900.0,CE,74347.45,2933.7,300,5365.2,550,0.0,4149.45,0,0,0,0,0,,,,,,,,,,,,,,,0.08925389518642188,74423,0.011379433612210998,0.0097,index_dividend_yield,0.065,11.1,25,74680.25,74738.2,74234.9,74501.05,mid_price,no_nse_iv
2026-08-27T20:08:09.161401+00:00,2026-08-28T01:38:09.161401+05:30,NIFTYNXT50,29-Sep-2026,70900.0,PE,0,,0,,0,0.0,,0,0,0,0,0,,,,,,,,,,,,,,,0.08925389518642188,,,,,,11.1,25,74680.25,74738.2,74234.9,74501.05,none,no_price_available
2026-08-27T20:08:09.161401+00:00,2026-08-28T01:38:09.161401+05:30,NIFTYNXT50,29-Sep-2026,71000.0,CE,74347.45,2606.1,350,5258.55,550,0.0,3932.325,0,0,0,0,0,,,,,,,,,,,,,,,0.08925389518642188,74423,0.011379433612210998,0.0097,index_dividend_yield,0.065,11.1,25,74680.25,74738.2,74234.9,74501.05,mid_price,no_nse_iv
2026-08-27T20:08:09.161401+00:00,2026-08-28T01:38:09.161401+05:30,NIFTYNXT50,29-Sep-2026,71000.0,PE,74347.45,,0,989,25,0.0,,0,0,0,0,0,,,,,,,,,,,,,,,0.08925389518642188,,,,,,11.1,25,74680.25,74738.2,74234.9,74501.05,none,no_price_available
2026-08-27T20:08:09.161401+00:00,2026-08-28T01:38:09.161401+05:30,NIFTYNXT50,29-Sep-2026,71100.0,CE,74347.45,2568,350,5151.85,550,0.0,3859.925,0,0,0,0,0,,,,,,,,,,,,,,,0.08925389518642188,74423,0.011379433612210998,0.0097,index_dividend_yield,0.065,11.1,25,74680.25,74738.2,74234.9,74501.05,mid_price,no_nse_iv
2026-08-27T20:08:09.161401+00:00,2026-08-28T01:38:09.161401+05:30,NIFTYNXT50,29-Sep-2026,71100.0,PE,0,,0,,0,0.0,,0,0,0,0,0,,,,,,,,,,,,,,,0.08925389518642188,,,,,,11.1,25,74680.25,74738.2,74234.9,74501.05,none,no_price_available
2026-08-27T20:08:09.161401+00:00,2026-08-28T01:38:09.161401+05:30,NIFTYNXT50,29-Sep-2026,71200.0,CE,74347.45,2480.7,375,4867.8,550,0.0,3674.25,0,0,0,0,0,,,,,,,,,,,,,,,0.08925389518642188,74423,0.011379433612210998,0.0097,index_dividend_yield,0.065,11.1,25,74680.25,74738.2,74234.9,74501.05,mid_price,no_nse_iv
2026-08-27T20:08:09.161401+00:00,2026-08-28T01:38:09.161401+05:30,NIFTYNXT50,29-Sep-2026,71200.0,PE,0,,0,,0,0.0,,0,0,0,0,0,,,,,,,,,,,,,,,0.08925389518642188,,,,,,11.1,25,74680.25,74738.2,74234.9,74501.05,none,no_price_available
2026-08-27T20:08:09.161401+00:00,2026-08-28T01:38:09.161401+05:30,NIFTYNXT50,29-Sep-2026,71300.0,CE,74347.45,2447.55,375,4696.55,550,0.0,3572.05,0,0,0,0,0,,,,,,,,,,,,,,,0.08925389518642188,74423,0.011379433612210998,0.0097,index_dividend_yield,0.065,11.1,25,74680.25,74738.2,74234.9,74501.05,mid_price,no_nse_iv
2026-08-27T20:08:09.161401+00:00,2026-08-28T01:38:09.161401+05:30,NIFTYNXT50,29-Sep-2026,71300.0,PE,0,,0,,0,0.0,,0,0,0,0,0,,,,,,,,,,,,,,,0.08925389518642188,,,,,,11.1,25,74680.25,74738.2,74234.9,74501.05,none,no_price_available
2026-08-27T20:08:09.161401+00:00,2026-08-28T01:38:09.161401+05:30,NIFTYNXT50,29-Sep-2026,71400.0,CE,74347.45,,0,4602.2,550,0.0,,0,0,0,0,0,,,,,,,,,,,,,,,0.08925389518642188,,,,,,11.1,25,74680.25,74738.2,74234.9,74501.05,none,no_price_available
2026-08-27T20:08:09.161401+00:00,2026-08-28T01:38:09.161401+05:30,NIFTYNXT50,29-Sep-2026,71400.0,PE,0,,0,,0,0.0,,0,0,0,0,0,,,,,,,,,,,,,,,0.08925389518642188,,,,,,11.1,25,74680.25,74738.2,74234.9,74501.05,none,no_price_available
2026-08-27T20:08:09.161401+00:00,2026-08-28T01:38:09.161401+05:30,NIFTYNXT50,29-Sep-2026,71500.0,CE,74347.45,,0,4502.9,550,0.0,,0,0,0,0,0,,,,,,,,,,,,,,,0.08925389518642188,,,,,,11.1,25,74680.25,74738.2,74234.9,74501.05,none,no_price_available
2026-08-27T20:08:09.161401+00:00,2026-08-28T01:38:09.161401+05:30,NIFTYNXT50,29-Sep-2026,71500.0,PE,0,,0,,0,0.0,,0,0,0,0,0,,,,,,,,,,,,,,,0.08925389518642188,,,,,,11.1,25,74680.25,74738.2,74234.9,74501.05,none,no_price_available
2026-08-27T20:08:09.161401+00:00,2026-08-28T01:38:09.161401+05:30,NIFTYNXT50,29-Sep-2026,71600.0,CE,74347.45,,0,4625.25,550,0.0,,0,0,0,0,0,,,,,,,,,,,,,,,0.08925389518642188,,,,,,11.1,25,74680.25,74738.2,74234.9,74501.05,none,no_price_available
2026-08-27T20:08:09.161401+00:00,2026-08-28T01:38:09.161401+05:30,NIFTYNXT50,29-Sep-2026,71600.0,PE,0,,0,,0,0.0,,0,0,0,0,0,,,,,,,,,,,,,,,0.08925389518642188,,,,,,11.1,25,74680.25,74738.2,74234.9,74501.05,none,no_price_available
2026-08-27T20:08:09.161401+00:00,2026-08-28T01:38:09.161401+05:30,NIFTYNXT50,29-Sep-2026,71700.0,CE,74347.45,,0,4520.25,550,0.0,,0,0,0,0,0,,,,,,,,,,,,,,,0.08925389518642188,,,,,,11.1,25,74680.25,74738.2,74234.9,74501.05,none,no_price_available
2026-08-27T20:08:09.161401+00:00,2026-08-28T01:38:09.161401+05:30,NIFTYNXT50,29-Sep-2026,71700.0,PE,0,,0,,0,0.0,,0,0,0,0,0,,,,,,,,,,,,,,,0.08925389518642188,,,,,,11.1,25,74680.25,74738.2,74234.9,74501.05,none,no_price_available
2026-08-27T20:08:09.161401+00:00,2026-08-28T01:38:09.161401+05:30,NIFTYNXT50,29-Sep-2026,71800.0,CE,74347.45,,0,4226.6,25,0.0,,0,0,0,0,0,,,,,,,,,,,,,,,0.08925389518642188,,,,,,11.1,25,74680.25,74738.2,74234.9,74501.05,none,no_price_available
2026-08-27T20:08:09.161401+00:00,2026-08-28T01:38:09.161401+05:30,NIFTYNXT50,29-Sep-2026,71800.0,PE,0,,0,,0,0.0,,0,0,0,0,0,,,,,,,,,,,,,,,0.08925389518642188,,,,,,11.1,25,74680.25,74738.2,74234.9,74501.05,none,no_price_available
2026-08-27T20:08:09.161401+00:00,2026-08-28T01:38:09.161401+05:30,NIFTYNXT50,29-Sep-2026,71900.0,CE,74347.45,,0,4132.8,550,0.0,,0,0,0,0,0,,,,,,,,,,,,,,,0.08925389518642188,,,,,,11.1,25,74680.25,74738.2,74234.9,74501.05,none,no_price_available
2026-08-27T20:08:09.161401+00:00,2026-08-28T01:38:09.161401+05:30,NIFTYNXT50,29-Sep-2026,71900.0,PE,0,,0,,0,0.0,,0,0,0,0,0,,,,,,,,,,,,,,,0.08925389518642188,,,,,,11.1,25,74680.25,74738.2,74234.9,74501.05,none,no_price_available
2026-08-27T20:08:09.161401+00:00,2026-08-28T01:38:09.161401+05:30,NIFTYNXT50,29-Sep-2026,72000.0,CE,74347.45,,0,4205.25,550,0.0,,0,0,0,0,0,,,,,,,,,,,,,,,0.08925389518642188,,,,,,11.1,25,74680.25,74738.2,74234.9,74501.05,none,no_price_available
2026-08-27T20:08:09.161401+00:00,2026-08-28T01:38:09.161401+05:30,NIFTYNXT50,29-Sep-2026,72000.0,PE,74347.45,,0,900,25,0.0,,0,0,0,0,0,,,,,,,,,,,,,,,0.08925389518642188,,,,,,11.1,25,74680.25,74738.2,74234.9,74501.05,none,no_price_available
2026-08-27T20:08:09.161401+00:00,2026-08-28T01:38:09.161401+05:30,NIFTYNXT50,29-Sep-2026,72100.0,CE,74347.45,1791.95,50,4019.4,550,0.0,2905.675,0,0,0,0,0,,,,,,,,,,,,,,,0.08925389518642188,74423,0.011379433612210998,0.0097,index_dividend_yield,0.065,11.1,25,74680.25,74738.2,74234.9,74501.05,mid_price,no_nse_iv
2026-08-27T20:08:09.161401+00:00,2026-08-28T01:38:09.161401+05:30,NIFTYNXT50,29-Sep-2026,72100.0,PE,0,,0,,0,0.0,,0,0,0,0,0,,,,,,,,,,,,,,,0.08925389518642188,,,,,,11.1,25,74680.25,74738.2,74234.9,74501.05,none,no_price_available
2026-08-27T20:08:09.161401+00:00,2026-08-28T01:38:09.161401+05:30,NIFTYNXT50,29-Sep-2026,72200.0,CE,74347.45,,0,3914.4,550,0.0,,0,0,0,0,0,,,,,,,,,,,,,,,0.08925389518642188,,,,,,11.1,25,74680.25,74738.2,74234.9,74501.05,none,no_price_available
2026-08-27T20:08:09.161401+00:00,2026-08-28T01:38:09.161401+05:30,NIFTYNXT50,29-Sep-2026,72200.0,PE,0,,0,,0,0.0,,0,0,0,0,0,,,,,,,,,,,,,,,0.08925389518642188,,,,,,11.1,25,74680.25,74738.2,74234.9,74501.05,none,no_price_available
2026-08-27T20:08:09.161401+00:00,2026-08-28T01:38:09.161401+05:30,NIFTYNXT50,29-Sep-2026,72300.0,CE,74347.45,,0,3986.85,550,0.0,,0,0,0,0,0,,,,,,,,,,,,,,,0.08925389518642188,,,,,,11.1,25,74680.25,74738.2,74234.9,74501.05,none,no_price_available
2026-08-27T20:08:09.161401+00:00,2026-08-28T01:38:09.161401+05:30,NIFTYNXT50,29-Sep-2026,72300.0,PE,0,,0,,0,0.0,,0,0,0,0,0,,,,,,,,,,,,,,,0.08925389518642188,,,,,,11.1,25,74680.25,74738.2,74234.9,74501.05,none,no_price_available
2026-08-27T20:08:09.161401+00:00,2026-08-28T01:38:09.161401+05:30,NIFTYNXT50,29-Sep-2026,72400.0,CE,74347.45,,0,3881.85,550,0.0,,0,0,0,0,0,,,,,,,,,,,,,,,0.08925389518642188,,,,,,11.1,25,74680.25,74738.2,74234.9,74501.05,none,no_price_available
2026-08-27T20:08:09.161401+00:00,2026-08-28T01:38:09.161401+05:30,NIFTYNXT50,29-Sep-2026,72400.0,PE,0,,0,,0,0.0,,0,0,0,0,0,,,,,,,,,,,,,,,0.08925389518642188,,,,,,11.1,25,74680.25,74738.2,74234.9,74501.05,none,no_price_available
2026-08-27T20:08:09.161401+00:00,2026-08-28T01:38:09.161401+05:30,NIFTYNXT50,29-Sep-2026,72500.0,CE,74347.45,,0,,0,0.0,,0,0,0,0,0,,,,,,,,,,,,,,,0.08925389518642188,,,,,,11.1,25,74680.25,74738.2,74234.9,74501.05,none,no_price_available
2026-08-27T20:08:09.161401+00:00,2026-08-28T01:38:09.161401+05:30,NIFTYNXT50,29-Sep-2026,72500.0,PE,0,,0,,0,0.0,,0,0,0,0,0,,,,,,,,,,,,,,,0.08925389518642188,,,,,,11.1,25,74680.25,74738.2,74234.9,74501.05,none,no_price_available
2026-08-27T20:08:09.161401+00:00,2026-08-28T01:38:09.161401+05:30,NIFTYNXT50,29-Sep-2026,72600.0,CE,74347.45,,0,,0,0.0,,0,0,0,0,0,,,,,,,,,,,,,,,0.08925389518642188,,,,,,11.1,25,74680.25,74738.2,74234.9,74501.05,none,no_price_available
2026-08-27T20:08:09.161401+00:00,2026-08-28T01:38:09.161401+05:30,NIFTYNXT50,29-Sep-2026,72600.0,PE,0,,0,,0,0.0,,0,0,0,0,0,,,,,,,,,,,,,,,0.08925389518642188,,,,,,11.1,25,74680.25,74738.2,74234.9,74501.05,none,no_price_available
2026-08-27T20:08:09.161401+00:00,2026-08-28T01:38:09.161401+05:30,NIFTYNXT50,29-Sep-2026,72700.0,CE,74347.45,,0,,0,0.0,,0,0,0,0,0,,,,,,,,,,,,,,,0.08925389518642188,,,,,,11.1,25,74680.25,74738.2,74234.9,74501.05,none,no_price_available
2026-08-27T20:08:09.161401+00:00,2026-08-28T01:38:09.161401+05:30,NIFTYNXT50,29-Sep-2026,72700.0,PE,0,,0,,0,0.0,,0,0,0,0,0,,,,,,,,,,,,,,,0.08925389518642188,,,,,,11.1,25,74680.25,74738.2,74234.9,74501.05,none,no_price_available
2026-08-27T20:08:09.161401+00:00,2026-08-28T01:38:09.161401+05:30,NIFTYNXT50,29-Sep-2026,72800.0,CE,74347.45,1440.8,50,,0,0.0,,0,0,0,0,0,,,,,,,,,,,,,,,0.08925389518642188,,,,,,11.1,25,74680.25,74738.2,74234.9,74501.05,none,no_price_available
2026-08-27T20:08:09.161401+00:00,2026-08-28T01:38:09.161401+05:30,NIFTYNXT50,29-Sep-2026,72800.0,PE,0,,0,,0,0.0,,0,0,0,0,0,,,,,,,,,,,,,,,0.08925389518642188,,,,,,11.1,25,74680.25,74738.2,74234.9,74501.05,none,no_price_available
2026-08-27T20:08:09.161401+00:00,2026-08-28T01:38:09.161401+05:30,NIFTYNXT50,29-Sep-2026,72900.0,CE,74347.45,,0,,0,0.0,,0,0,0,0,0,,,,,,,,,,,,,,,0.08925389518642188,,,,,,11.1,25,74680.25,74738.2,74234.9,74501.05,none,no_price_available
2026-08-27T20:08:09.161401+00:00,2026-08-28T01:38:09.161401+05:30,NIFTYNXT50,29-Sep-2026,72900.0,PE,0,,0,,0,0.0,,0,0,0,0,0,,,,,,,,,,,,,,,0.08925389518642188,,,,,,11.1,25,74680.25,74738.2,74234.9,74501.05,none,no_price_available
2026-08-27T20:08:09.161401+00:00,2026-08-28T01:38:09.161401+05:30,NIFTYNXT50,29-Sep-2026,73000.0,CE,74347.45,,0,,0,0.0,,0,0,0,0,0,,,,,,,,,,,,,,,0.08925389518642188,,,,,,11.1,25,74680.25,74738.2,74234.9,74501.05,none,no_price_available
2026-08-27T20:08:09.161401+00:00,2026-08-28T01:38:09.161401+05:30,NIFTYNXT50,29-Sep-2026,73000.0,PE,74347.45,,0,992,25,0.0,,0,0,0,0,0,,,,,,,,,,,,,,,0.08925389518642188,,,,,,11.1,25,74680.25,74738.2,74234.9,74501.05,none,no_price_available
2026-08-27T20:08:09.161401+00:00,2026-08-28T01:38:09.161401+05:30,NIFTYNXT50,29-Sep-2026,73100.0,CE,74347.45,,0,3663.05,550,0.0,,0,0,0,0,0,,,,,,,,,,,,,,,0.08925389518642188,,,,,,11.1,25,74680.25,74738.2,74234.9,74501.05,none,no_price_available
2026-08-27T20:08:09.161401+00:00,2026-08-28T01:38:09.161401+05:30,NIFTYNXT50,29-Sep-2026,73100.0,PE,0,,0,,0,0.0,,0,0,0,0,0,,,,,,,,,,,,,,,0.08925389518642188,,,,,,11.1,25,74680.25,74738.2,74234.9,74501.05,none,no_price_available
2026-08-27T20:08:09.161401+00:00,2026-08-28T01:38:09.161401+05:30,NIFTYNXT50,29-Sep-2026,73200.0,CE,74347.45,,0,3571,550,0.0,,0,0,0,0,0,,,,,,,,,,,,,,,0.08925389518642188,,,,,,11.1,25,74680.25,74738.2,74234.9,74501.05,none,no_price_available
2026-08-27T20:08:09.161401+00:00,2026-08-28T01:38:09.161401+05:30,NIFTYNXT50,29-Sep-2026,73200.0,PE,0,,0,,0,0.0,,0,0,0,0,0,,,,,,,,,,,,,,,0.08925389518642188,,,,,,11.1,25,74680.25,74738.2,74234.9,74501.05,none,no_price_available
2026-08-27T20:08:09.161401+00:00,2026-08-28T01:38:09.161401+05:30,NIFTYNXT50,29-Sep-2026,73300.0,CE,74347.45,,0,3444.75,550,0.0,,0,0,0,0,0,,,,,,,,,,,,,,,0.08925389518642188,,,,,,11.1,25,74680.25,74738.2,74234.9,74501.05,none,no_price_available
2026-08-27T20:08:09.161401+00:00,2026-08-28T01:38:09.161401+05:30,NIFTYNXT50,29-Sep-2026,73300.0,PE,0,,0,,0,0.0,,0,0,0,0,0,,,,,,,,,,,,,,,0.08925389518642188,,,,,,11.1,25,74680.25,74738.2,74234.9,74501.05,none,no_price_available
2026-08-27T20:08:09.161401+00:00,2026-08-28T01:38:09.161401+05:30,NIFTYNXT50,29-Sep-2026,73400.0,CE,74347.45,,0,3589.1,550,0.0,,0,0,0,0,0,,,,,,,,,,,,,,,0.08925389518642188,,,,,,11.1,25,74680.25,74738.2,74234.9,74501.05,none,no_price_available
2026-08-27T20:08:09.161401+00:00,2026-08-28T01:38:09.161401+05:30,NIFTYNXT50,29-Sep-2026,73400.0,PE,0,,0,,0,0.0,,0,0,0,0,0,,,,,,,,,,,,,,,0.08925389518642188,,,,,,11.1,25,74680.25,74738.2,74234.9,74501.05,none,no_price_available
2026-08-27T20:08:09.161401+00:00,2026-08-28T01:38:09.161401+05:30,NIFTYNXT50,29-Sep-2026,73500.0,CE,74347.45,,0,3236.95,550,0.0,,0,0,0,0,0,,,,,,,,,,,,,,,0.08925389518642188,,,,,,11.1,25,74680.25,74738.2,74234.9,74501.05,none,no_price_available
2026-08-27T20:08:09.161401+00:00,2026-08-28T01:38:09.161401+05:30,NIFTYNXT50,29-Sep-2026,73500.0,PE,0,,0,,0,0.0,,0,0,0,0,0,,,,,,,,,,,,,,,0.08925389518642188,,,,,,11.1,25,74680.25,74738.2,74234.9,74501.05,none,no_price_available
2026-08-27T20:08:09.161401+00:00,2026-08-28T01:38:09.161401+05:30,NIFTYNXT50,29-Sep-2026,73600.0,CE,74347.45,,0,3186.15,550,0.0,,0,0,0,0,0,,,,,,,,,,,,,,,0.08925389518642188,,,,,,11.1,25,74680.25,74738.2,74234.9,74501.05,none,no_price_available
2026-08-27T20:08:09.161401+00:00,2026-08-28T01:38:09.161401+05:30,NIFTYNXT50,29-Sep-2026,73600.0,PE,0,,0,,0,0.0,,0,0,0,0,0,,,,,,,,,,,,,,,0.08925389518642188,,,,,,11.1,25,74680.25,74738.2,74234.9,74501.05,none,no_price_available
2026-08-27T20:08:09.161401+00:00,2026-08-28T01:38:09.161401+05:30,NIFTYNXT50,29-Sep-2026,73700.0,CE,74347.45,,0,2699,25,2150,,1,0,0,0,13,0.6443878264009336,0.00012882733745553566,-23.438110721139655,82.62485624990435,-0.9525539524850579,0.00046662011095566225,78.64986519416561,-1.816239607518933e-08,-0.0008683908277861964,1.923065562547797e-06,-1.303067125626967,27.886600838742034,-0.6267383013379119,0.00013110076031203825,0.08925389518642188,74423,0.011379433612210998,0.0097,index_dividend_yield,0.065,11.1,25,74680.25,74738.2,74234.9,74501.05,ltp,ok
2026-08-27T20:08:09.161401+00:00,2026-08-28T01:38:09.161401+05:30,NIFTYNXT50,29-Sep-2026,73700.0,PE,0,,0,,0,0.0,,0,0,0,0,0,,,,,,,,,,,,,,,0.08925389518642188,,,,,,11.1,25,74680.25,74738.2,74234.9,74501.05,none,no_price_available
2026-08-27T20:08:09.161401+00:00,2026-08-28T01:38:09.161401+05:30,NIFTYNXT50,29-Sep-2026,73800.0,CE,74347.45,,0,2967.75,550,0.0,,0,0,0,0,0,,,,,,,,,,,,,,,0.08925389518642188,,,,,,11.1,25,74680.25,74738.2,74234.9,74501.05,none,no_price_available
2026-08-27T20:08:09.161401+00:00,2026-08-28T01:38:09.161401+05:30,NIFTYNXT50,29-Sep-2026,73800.0,PE,0,,0,,0,0.0,,0,0,0,0,0,,,,,,,,,,,,,,,0.08925389518642188,,,,,,11.1,25,74680.25,74738.2,74234.9,74501.05,none,no_price_available
2026-08-27T20:08:09.161401+00:00,2026-08-28T01:38:09.161401+05:30,NIFTYNXT50,29-Sep-2026,73900.0,CE,74347.45,,0,3043.1,550,0.0,,0,0,0,0,0,,,,,,,,,,,,,,,0.08925389518642188,,,,,,11.1,25,74680.25,74738.2,74234.9,74501.05,none,no_price_available
2026-08-27T20:08:09.161401+00:00,2026-08-28T01:38:09.161401+05:30,NIFTYNXT50,29-Sep-2026,73900.0,PE,0,,0,,0,0.0,,0,0,0,0,0,,,,,,,,,,,,,,,0.08925389518642188,,,,,,11.1,25,74680.25,74738.2,74234.9,74501.05,none,no_price_available
2026-08-27T20:08:09.161401+00:00,2026-08-28T01:38:09.161401+05:30,NIFTYNXT50,29-Sep-2026,74000.0,CE,74347.45,,0,2599,25,0.0,,0,0,0,0,0,,,,,,,,,,,,,,,0.08925389518642188,,,,,,11.1,25,74680.25,74738.2,74234.9,74501.05,none,no_price_available
2026-08-27T20:08:09.161401+00:00,2026-08-28T01:38:09.161401+05:30,NIFTYNXT50,29-Sep-2026,74000.0,PE,74347.45,561,25,900,25,0.0,730.5,0,0,0,0,0,,,,,,,,,,,,,,,0.08925389518642188,74423,0.011379433612210998,0.0097,index_dividend_yield,0.065,11.1,25,74680.25,74738.2,74234.9,74501.05,mid_price,no_nse_iv
2026-08-27T20:08:09.161401+00:00,2026-08-28T01:38:09.161401+05:30,NIFTYNXT50,29-Sep-2026,74500.0,CE,74347.45,1050.05,25,1234.95,25,1155,1142.5,9,1,3,-13.35658827500844,9.81,0.5445629077710199,0.00018176341234579546,-19.204842612659128,87.97004381115163,-0.33843549846435117,-0.0015235366500739866,8.504646569363672,-1.167668943971104e-08,-0.0018354536850093454,2.8747813779150756e-06,-1.3092193516181538,41.37730438364784,-0.5303138736541043,0.00018101979838845217,0.08925389518642188,74423,0.011379433612210998,0.0097,index_dividend_yield,0.065,11.1,25,74680.25,74738.2,74234.9,74501.05,mid_price,wide_quote_low_liquidity
2026-08-27T20:08:09.161401+00:00,2026-08-28T01:38:09.161401+05:30,NIFTYNXT50,29-Sep-2026,74500.0,PE,74347.45,650,25,1660,25,0.0,1155.0,0,0,0,0,0,,,,,,,,,,,,,,,0.08925389518642188,74423,0.011379433612210998,0.0097,index_dividend_yield,0.065,11.1,25,74680.25,74738.2,74234.9,74501.05,mid_price,no_nse_iv
2026-08-27T20:08:09.161401+00:00,2026-08-28T01:38:09.161401+05:30,NIFTYNXT50,29-Sep-2026,74700.0,CE,74347.45,,0,2031.5,25,0.0,,0,0,0,0,0,,,,,,,,,,,,,,,0.08925389518642188,,,,,,11.1,25,74680.25,74738.2,74234.9,74501.05,none,no_price_available
2026-08-27T20:08:09.161401+00:00,2026-08-28T01:38:09.161401+05:30,NIFTYNXT50,29-Sep-2026,74700.0,PE,0,,0,,0,0.0,,0,0,0,0,0,,,,,,,,,,,,,,,0.08925389518642188,,,,,,11.1,25,74680.25,74738.2,74234.9,74501.05,none,no_price_available
2026-08-27T20:08:09.161401+00:00,2026-08-28T01:38:09.161401+05:30,NIFTYNXT50,29-Sep-2026,74800.0,CE,74347.45,,0,,0,0.0,,0,0,0,0,0,,,,,,,,,,,,,,,0.08925389518642188,,,,,,11.1,25,74680.25,74738.2,74234.9,74501.05,none,no_price_available
2026-08-27T20:08:09.161401+00:00,2026-08-28T01:38:09.161401+05:30,NIFTYNXT50,29-Sep-2026,74800.0,PE,0,,0,,0,0.0,,0,0,0,0,0,,,,,,,,,,,,,,,0.08925389518642188,,,,,,11.1,25,74680.25,74738.2,74234.9,74501.05,none,no_price_available
2026-08-27T20:08:09.161401+00:00,2026-08-28T01:38:09.161401+05:30,NIFTYNXT50,29-Sep-2026,74900.0,CE,74347.45,,0,1215.45,25,0.0,,0,0,0,0,0,,,,,,,,,,,,,,,0.08925389518642188,,,,,,11.1,25,74680.25,74738.2,74234.9,74501.05,none,no_price_available
2026-08-27T20:08:09.161401+00:00,2026-08-28T01:38:09.161401+05:30,NIFTYNXT50,29-Sep-2026,74900.0,PE,0,,0,,0,0.0,,0,0,0,0,0,,,,,,,,,,,,,,,0.08925389518642188,,,,,,11.1,25,74680.25,74738.2,74234.9,74501.05,none,no_price_available
2026-08-27T20:08:09.161401+00:00,2026-08-28T01:38:09.161401+05:30,NIFTYNXT50,29-Sep-2026,75000.0,CE,74347.45,772,25,997.95,25,944.8,884.975,0,0,2,-16.002844950213372,10.47,0.45741828871455903,0.00017043962029699258,-19.158314502166593,88.03929845757051,0.5195228400135532,-0.002742738475418282,12.226290058279687,5.431416661647393e-09,-0.0016043591622648368,2.4952415485072793e-06,-1.4137514660123005,42.82981549639105,-0.4428514636160439,0.00016748664620303347,0.08925389518642188,74423,0.011379433612210998,0.0097,index_dividend_yield,0.065,11.1,25,74680.25,74738.2,74234.9,74501.05,mid_price,wide_quote_low_liquidity
2026-08-27T20:08:09.161401+00:00,2026-08-28T01:38:09.161401+05:30,NIFTYNXT50,29-Sep-2026,75000.0,PE,0,,0,,0,0.0,,0,0,0,0,0,,,,,,,,,,,,,,,0.08925389518642188,,,,,,11.1,25,74680.25,74738.2,74234.9,74501.05,none,no_price_available
2026-08-27T20:08:09.161401+00:00,2026-08-28T01:38:09.161401+05:30,NIFTYNXT50,29-Sep-2026,75100.0,CE,74347.45,,0,1156.3,25,0.0,,0,0,0,0,0,,,,,,,,,,,,,,,0.08925389518642188,,,,,,11.1,25,74680.25,74738.2,74234.9,74501.05,none,no_price_available
2026-08-27T20:08:09.161401+00:00,2026-08-28T01:38:09.161401+05:30,NIFTYNXT50,29-Sep-2026,75100.0,PE,0,,0,,0,0.0,,0,0,0,0,0,,,,,,,,,,,,,,,0.08925389518642188,,,,,,11.1,25,74680.25,74738.2,74234.9,74501.05,none,no_price_available
2026-08-27T20:08:09.161401+00:00,2026-08-28T01:38:09.161401+05:30,NIFTYNXT50,29-Sep-2026,75200.0,CE,74347.45,,0,1400,25,0.0,,0,0,0,0,0,,,,,,,,,,,,,,,0.08925389518642188,,,,,,11.1,25,74680.25,74738.2,74234.9,74501.05,none,no_price_available
2026-08-27T20:08:09.161401+00:00,2026-08-28T01:38:09.161401+05:30,NIFTYNXT50,29-Sep-2026,75200.0,PE,0,,0,,0,0.0,,0,0,0,0,0,,,,,,,,,,,,,,,0.08925389518642188,,,,,,11.1,25,74680.25,74738.2,74234.9,74501.05,none,no_price_available
2026-08-27T20:08:09.161401+00:00,2026-08-28T01:38:09.161401+05:30,NIFTYNXT50,29-Sep-2026,75300.0,CE,74347.45,,0,,0,0.0,,0,0,0,0,0,,,,,,,,,,,,,,,0.08925389518642188,,,,,,11.1,25,74680.25,74738.2,74234.9,74501.05,none,no_price_available
2026-08-27T20:08:09.161401+00:00,2026-08-28T01:38:09.161401+05:30,NIFTYNXT50,29-Sep-2026,75300.0,PE,0,,0,,0,0.0,,0,0,0,0,0,,,,,,,,,,,,,,,0.08925389518642188,,,,,,11.1,25,74680.25,74738.2,74234.9,74501.05,none,no_price_available
2026-08-27T20:08:09.161401+00:00,2026-08-28T01:38:09.161401+05:30,NIFTYNXT50,29-Sep-2026,75400.0,CE,74347.45,,0,,0,0.0,,0,0,0,0,0,,,,,,,,,,,,,,,0.08925389518642188,,,,,,11.1,25,74680.25,74738.2,74234.9,74501.05,none,no_price_available
2026-08-27T20:08:09.161401+00:00,2026-08-28T01:38:09.161401+05:30,NIFTYNXT50,29-Sep-2026,75400.0,PE,0,,0,,0,0.0,,0,0,0,0,0,,,,,,,,,,,,,,,0.08925389518642188,,,,,,11.1,25,74680.25,74738.2,74234.9,74501.05,none,no_price_available
2026-08-27T20:08:09.161401+00:00,2026-08-28T01:38:09.161401+05:30,NIFTYNXT50,29-Sep-2026,75500.0,CE,74347.45,,0,930.05,50,0.0,,0,0,0,0,0,,,,,,,,,,,,,,,0.08925389518642188,,,,,,11.1,25,74680.25,74738.2,74234.9,74501.05,none,no_price_available
2026-08-27T20:08:09.161401+00:00,2026-08-28T01:38:09.161401+05:30,NIFTYNXT50,29-Sep-2026,75500.0,PE,0,,0,,0,0.0,,0,0,0,0,0,,,,,,,,,,,,,,,0.08925389518642188,,,,,,11.1,25,74680.25,74738.2,74234.9,74501.05,none,no_price_available
2026-08-27T20:08:09.161401+00:00,2026-08-28T01:38:09.161401+05:30,NIFTYNXT50,29-Sep-2026,75600.0,CE,74347.45,,0,,0,0.0,,0,0,0,0,0,,,,,,,,,,,,,,,0.08925389518642188,,,,,,11.1,25,74680.25,74738.2,74234.9,74501.05,none,no_price_available
2026-08-27T20:08:09.161401+00:00,2026-08-28T01:38:09.161401+05:30,NIFTYNXT50,29-Sep-2026,75600.0,PE,0,,0,,0,0.0,,0,0,0,0,0,,,,,,,,,,,,,,,0.08925389518642188,,,,,,11.1,25,74680.25,74738.2,74234.9,74501.05,none,no_price_available
2026-08-27T20:08:09.161401+00:00,2026-08-28T01:38:09.161401+05:30,NIFTYNXT50,29-Sep-2026,75700.0,CE,74347.45,,0,,0,0.0,,0,0,0,0,0,,,,,,,,,,,,,,,0.08925389518642188,,,,,,11.1,25,74680.25,74738.2,74234.9,74501.05,none,no_price_available
2026-08-27T20:08:09.161401+00:00,2026-08-28T01:38:09.161401+05:30,NIFTYNXT50,29-Sep-2026,75700.0,PE,0,,0,,0,0.0,,0,0,0,0,0,,,,,,,,,,,,,,,0.08925389518642188,,,,,,11.1,25,74680.25,74738.2,74234.9,74501.05,none,no_price_available
2026-08-27T20:08:09.161401+00:00,2026-08-28T01:38:09.161401+05:30,NIFTYNXT50,29-Sep-2026,75800.0,CE,74347.45,,0,,0,0.0,,0,0,0,0,0,,,,,,,,,,,,,,,0.08925389518642188,,,,,,11.1,25,74680.25,74738.2,74234.9,74501.05,none,no_price_available
2026-08-27T20:08:09.161401+00:00,2026-08-28T01:38:09.161401+05:30,NIFTYNXT50,29-Sep-2026,75800.0,PE,0,,0,,0,0.0,,0,0,0,0,0,,,,,,,,,,,,,,,0.08925389518642188,,,,,,11.1,25,74680.25,74738.2,74234.9,74501.05,none,no_price_available
2026-08-27T20:08:09.161401+00:00,2026-08-28T01:38:09.161401+05:30,NIFTYNXT50,29-Sep-2026,75900.0,CE,74347.45,,0,,0,0.0,,0,0,0,0,0,,,,,,,,,,,,,,,0.08925389518642188,,,,,,11.1,25,74680.25,74738.2,74234.9,74501.05,none,no_price_available
2026-08-27T20:08:09.161401+00:00,2026-08-28T01:38:09.161401+05:30,NIFTYNXT50,29-Sep-2026,75900.0,PE,0,,0,,0,0.0,,0,0,0,0,0,,,,,,,,,,,,,,,0.08925389518642188,,,,,,11.1,25,74680.25,74738.2,74234.9,74501.05,none,no_price_available
2026-08-27T20:08:09.161401+00:00,2026-08-28T01:38:09.161401+05:30,NIFTYNXT50,29-Sep-2026,76000.0,CE,74347.45,,0,810.55,25,0.0,,0,0,0,0,0,,,,,,,,,,,,,,,0.08925389518642188,,,,,,11.1,25,74680.25,74738.2,74234.9,74501.05,none,no_price_available
2026-08-27T20:08:09.161401+00:00,2026-08-28T01:38:09.161401+05:30,NIFTYNXT50,29-Sep-2026,76000.0,PE,0,,0,,0,0.0,,0,0,0,0,0,,,,,,,,,,,,,,,0.08925389518642188,,,,,,11.1,25,74680.25,74738.2,74234.9,74501.05,none,no_price_available
2026-08-27T20:08:09.161401+00:00,2026-08-28T01:38:09.161401+05:30,NIFTYNXT50,29-Sep-2026,76100.0,CE,74347.45,,0,,0,0.0,,0,0,0,0,0,,,,,,,,,,,,,,,0.08925389518642188,,,,,,11.1,25,74680.25,74738.2,74234.9,74501.05,none,no_price_available
2026-08-27T20:08:09.161401+00:00,2026-08-28T01:38:09.161401+05:30,NIFTYNXT50,29-Sep-2026,76100.0,PE,0,,0,,0,0.0,,0,0,0,0,0,,,,,,,,,,,,,,,0.08925389518642188,,,,,,11.1,25,74680.25,74738.2,74234.9,74501.05,none,no_price_available
2026-08-27T20:08:09.161401+00:00,2026-08-28T01:38:09.161401+05:30,NIFTYNXT50,29-Sep-2026,76200.0,CE,74347.45,,0,,0,0.0,,0,0,0,0,0,,,,,,,,,,,,,,,0.08925389518642188,,,,,,11.1,25,74680.25,74738.2,74234.9,74501.05,none,no_price_available
2026-08-27T20:08:09.161401+00:00,2026-08-28T01:38:09.161401+05:30,NIFTYNXT50,29-Sep-2026,76200.0,PE,0,,0,,0,0.0,,0,0,0,0,0,,,,,,,,,,,,,,,0.08925389518642188,,,,,,11.1,25,74680.25,74738.2,74234.9,74501.05,none,no_price_available
2026-08-27T20:08:09.161401+00:00,2026-08-28T01:38:09.161401+05:30,NIFTYNXT50,29-Sep-2026,76300.0,CE,74347.45,,0,,0,0.0,,0,0,0,0,0,,,,,,,,,,,,,,,0.08925389518642188,,,,,,11.1,25,74680.25,74738.2,74234.9,74501.05,none,no_price_available
2026-08-27T20:08:09.161401+00:00,2026-08-28T01:38:09.161401+05:30,NIFTYNXT50,29-Sep-2026,76300.0,PE,0,,0,,0,0.0,,0,0,0,0,0,,,,,,,,,,,,,,,0.08925389518642188,,,,,,11.1,25,74680.25,74738.2,74234.9,74501.05,none,no_price_available
2026-08-27T20:08:09.161401+00:00,2026-08-28T01:38:09.161401+05:30,NIFTYNXT50,29-Sep-2026,76400.0,CE,74347.45,,0,,0,0.0,,0,0,0,0,0,,,,,,,,,,,,,,,0.08925389518642188,,,,,,11.1,25,74680.25,74738.2,74234.9,74501.05,none,no_price_available
2026-08-27T20:08:09.161401+00:00,2026-08-28T01:38:09.161401+05:30,NIFTYNXT50,29-Sep-2026,76400.0,PE,0,,0,,0,0.0,,0,0,0,0,0,,,,,,,,,,,,,,,0.08925389518642188,,,,,,11.1,25,74680.25,74738.2,74234.9,74501.05,none,no_price_available
2026-08-27T20:08:09.161401+00:00,2026-08-28T01:38:09.161401+05:30,NIFTYNXT50,29-Sep-2026,76500.0,CE,74347.45,,0,702.3,25,0.0,,0,0,0,0,0,,,,,,,,,,,,,,,0.08925389518642188,,,,,,11.1,25,74680.25,74738.2,74234.9,74501.05,none,no_price_available
2026-08-27T20:08:09.161401+00:00,2026-08-28T01:38:09.161401+05:30,NIFTYNXT50,29-Sep-2026,76500.0,PE,0,,0,,0,0.0,,0,0,0,0,0,,,,,,,,,,,,,,,0.08925389518642188,,,,,,11.1,25,74680.25,74738.2,74234.9,74501.05,none,no_price_available
2026-08-27T20:08:09.161401+00:00,2026-08-28T01:38:09.161401+05:30,NIFTYNXT50,29-Sep-2026,76600.0,CE,74347.45,,0,,0,0.0,,0,0,0,0,0,,,,,,,,,,,,,,,0.08925389518642188,,,,,,11.1,25,74680.25,74738.2,74234.9,74501.05,none,no_price_available
2026-08-27T20:08:09.161401+00:00,2026-08-28T01:38:09.161401+05:30,NIFTYNXT50,29-Sep-2026,76600.0,PE,0,,0,,0,0.0,,0,0,0,0,0,,,,,,,,,,,,,,,0.08925389518642188,,,,,,11.1,25,74680.25,74738.2,74234.9,74501.05,none,no_price_available
2026-08-27T20:08:09.161401+00:00,2026-08-28T01:38:09.161401+05:30,NIFTYNXT50,29-Sep-2026,76700.0,CE,74347.45,,0,,0,0.0,,0,0,0,0,0,,,,,,,,,,,,,,,0.08925389518642188,,,,,,11.1,25,74680.25,74738.2,74234.9,74501.05,none,no_price_available
2026-08-27T20:08:09.161401+00:00,2026-08-28T01:38:09.161401+05:30,NIFTYNXT50,29-Sep-2026,76700.0,PE,0,,0,,0,0.0,,0,0,0,0,0,,,,,,,,,,,,,,,0.08925389518642188,,,,,,11.1,25,74680.25,74738.2,74234.9,74501.05,none,no_price_available
2026-08-27T20:08:09.161401+00:00,2026-08-28T01:38:09.161401+05:30,NIFTYNXT50,29-Sep-2026,76800.0,CE,74347.45,,0,,0,0.0,,0,0,0,0,0,,,,,,,,,,,,,,,0.08925389518642188,,,,,,11.1,25,74680.25,74738.2,74234.9,74501.05,none,no_price_available
2026-08-27T20:08:09.161401+00:00,2026-08-28T01:38:09.161401+05:30,NIFTYNXT50,29-Sep-2026,76800.0,PE,0,,0,,0,0.0,,0,0,0,0,0,,,,,,,,,,,,,,,0.08925389518642188,,,,,,11.1,25,74680.25,74738.2,74234.9,74501.05,none,no_price_available
2026-08-27T20:08:09.161401+00:00,2026-08-28T01:38:09.161401+05:30,NIFTYNXT50,29-Sep-2026,77000.0,CE,74347.45,,0,604.95,25,0.0,,0,0,0,0,0,,,,,,,,,,,,,,,0.08925389518642188,,,,,,11.1,25,74680.25,74738.2,74234.9,74501.05,none,no_price_available
2026-08-27T20:08:09.161401+00:00,2026-08-28T01:38:09.161401+05:30,NIFTYNXT50,29-Sep-2026,77000.0,PE,0,,0,,0,0.0,,0,0,0,0,0,,,,,,,,,,,,,,,0.08925389518642188,,,,,,11.1,25,74680.25,74738.2,74234.9,74501.05,none,no_price_available
2026-08-27T20:08:09.161401+00:00,2026-08-28T01:38:09.161401+05:30,NIFTYNXT50,29-Sep-2026,77100.0,CE,74347.45,210.8,25,1810.65,50,0.0,1010.725,0,0,0,0,0,,,,,,,,,,,,,,,0.08925389518642188,74423,0.011379433612210998,0.0097,index_dividend_yield,0.065,11.1,25,74680.25,74738.2,74234.9,74501.05,mid_price,no_nse_iv
2026-08-27T20:08:09.161401+00:00,2026-08-28T01:38:09.161401+05:30,NIFTYNXT50,29-Sep-2026,77100.0,PE,0,,0,,0,0.0,,0,0,0,0,0,,,,,,,,,,,,,,,0.08925389518642188,,,,,,11.1,25,74680.25,74738.2,74234.9,74501.05,none,no_price_available
2026-08-27T20:08:09.161401+00:00,2026-08-28T01:38:09.161401+05:30,NIFTYNXT50,29-Sep-2026,77500.0,CE,74347.45,161.55,25,518.55,25,0.0,340.04999999999995,0,0,0,0,0,,,,,,,,,,,,,,,0.08925389518642188,74423,0.011379433612210998,0.0097,index_dividend_yield,0.065,11.1,25,74680.25,74738.2,74234.9,74501.05,mid_price,no_nse_iv
2026-08-27T20:08:09.161401+00:00,2026-08-28T01:38:09.161401+05:30,NIFTYNXT50,29-Sep-2026,77500.0,PE,0,,0,,0,0.0,,0,0,0,0,0,,,,,,,,,,,,,,,0.08925389518642188,,,,,,11.1,25,74680.25,74738.2,74234.9,74501.05,none,no_price_available
2026-08-27T20:08:09.161401+00:00,2026-08-28T01:38:09.161401+05:30,NIFTYNXT50,29-Sep-2026,77600.0,CE,74347.45,150.5,25,214.9,25,150.65,182.7,10,10,25,-89.76632022281095,10.04,0.1059308608046934,8.204156924455045e-05,-7.435279452526749,40.63750210899345,2.3286853150233724,-0.004509744858200604,645.5230295925851,4.448721776915139e-08,0.00048621486613961224,-1.2642668479114231e-06,-1.8734415846133743,70.45341286169837,-0.10005030414773589,7.530827003455795e-05,0.08925389518642188,74423,0.011379433612210998,0.0097,index_dividend_yield,0.065,11.1,25,74680.25,74738.2,74234.9,74501.05,mid_price,wide_quote_low_liquidity
2026-08-27T20:08:09.161401+00:00,2026-08-28T01:38:09.161401+05:30,NIFTYNXT50,29-Sep-2026,77600.0,PE,0,,0,,0,0.0,,0,0,0,0,0,,,,,,,,,,,,,,,0.08925389518642188,,,,,,11.1,25,74680.25,74738.2,74234.9,74501.05,none,no_price_available
2026-08-27T20:08:09.161401+00:00,2026-08-28T01:38:09.161401+05:30,NIFTYNXT50,29-Sep-2026,77700.0,CE,74347.45,141,75,997.85,50,0.0,569.425,0,0,0,0,0,,,,,,,,,,,,,,,0.08925389518642188,74423,0.011379433612210998,0.0097,index_dividend_yield,0.065,11.1,25,74680.25,74738.2,74234.9,74501.05,mid_price,no_nse_iv
2026-08-27T20:08:09.161401+00:00,2026-08-28T01:38:09.161401+05:30,NIFTYNXT50,29-Sep-2026,77700.0,PE,0,,0,,0,0.0,,0,0,0,0,0,,,,,,,,,,,,,,,0.08925389518642188,,,,,,11.1,25,74680.25,74738.2,74234.9,74501.05,none,no_price_available
2026-08-27T20:08:09.161401+00:00,2026-08-28T01:38:09.161401+05:30,NIFTYNXT50,29-Sep-2026,77800.0,CE,74347.45,,0,497.45,50,0.0,,0,0,0,0,0,,,,,,,,,,,,,,,0.08925389518642188,,,,,,11.1,25,74680.25,74738.2,74234.9,74501.05,none,no_price_available
2026-08-27T20:08:09.161401+00:00,2026-08-28T01:38:09.161401+05:30,NIFTYNXT50,29-Sep-2026,77800.0,PE,0,,0,,0,0.0,,0,0,0,0,0,,,,,,,,,,,,,,,0.08925389518642188,,,,,,11.1,25,74680.25,74738.2,74234.9,74501.05,none,no_price_available
2026-08-27T20:08:09.161401+00:00,2026-08-28T01:38:09.161401+05:30,NIFTYNXT50,29-Sep-2026,77900.0,CE,74347.45,120.25,50,490,25,0.0,305.125,0,0,0,0,0,,,,,,,,,,,,,,,0.08925389518642188,74423,0.011379433612210998,0.0097,index_dividend_yield,0.065,11.1,25,74680.25,74738.2,74234.9,74501.05,mid_price,no_nse_iv
2026-08-27T20:08:09.161401+00:00,2026-08-28T01:38:09.161401+05:30,NIFTYNXT50,29-Sep-2026,77900.0,PE,0,,0,,0,0.0,,0,0,0,0,0,,,,,,,,,,,,,,,0.08925389518642188,,,,,,11.1,25,74680.25,74738.2,74234.9,74501.05,none,no_price_available
2026-08-27T20:08:09.161401+00:00,2026-08-28T01:38:09.161401+05:30,NIFTYNXT50,29-Sep-2026,78000.0,CE,74347.45,111.05,50,442.05,25,0.0,276.55,0,0,0,0,0,,,,,,,,,,,,,,,0.08925389518642188,74423,0.011379433612210998,0.0097,index_dividend_yield,0.065,11.1,25,74680.25,74738.2,74234.9,74501.05,mid_price,no_nse_iv
2026-08-27T20:08:09.161401+00:00,2026-08-28T01:38:09.161401+05:30,NIFTYNXT50,29-Sep-2026,78000.0,PE,0,,0,,0,0.0,,0,0,0,0,0,,,,,,,,,,,,,,,0.08925389518642188,,,,,,11.1,25,74680.25,74738.2,74234.9,74501.05,none,no_price_available
2026-08-27T20:08:09.161401+00:00,2026-08-28T01:38:09.161401+05:30,NIFTYNXT50,29-Sep-2026,78100.0,CE,74347.45,,0,1090,25,0.0,,0,0,0,0,0,,,,,,,,,,,,,,,0.08925389518642188,,,,,,11.1,25,74680.25,74738.2,74234.9,74501.05,none,no_price_available
2026-08-27T20:08:09.161401+00:00,2026-08-28T01:38:09.161401+05:30,NIFTYNXT50,29-Sep-2026,78100.0,PE,0,,0,,0,0.0,,0,0,0,0,0,,,,,,,,,,,,,,,0.08925389518642188,,,,,,11.1,25,74680.25,74738.2,74234.9,74501.05,none,no_price_available
2026-08-27T20:08:09.161401+00:00,2026-08-28T01:38:09.161401+05:30,NIFTYNXT50,29-Sep-2026,78200.0,CE,74347.45,97.3,50,1016.7,50,0.0,557.0,0,0,0,0,0,,,,,,,,,,,,,,,0.08925389518642188,74423,0.011379433612210998,0.0097,index_dividend_yield,0.065,11.1,25,74680.25,74738.2,74234.9,74501.05,mid_price,no_nse_iv
2026-08-27T20:08:09.161401+00:00,2026-08-28T01:38:09.161401+05:30,NIFTYNXT50,29-Sep-2026,78200.0,PE,0,,0,,0,0.0,,0,0,0,0,0,,,,,,,,,,,,,,,0.08925389518642188,,,,,,11.1,25,74680.25,74738.2,74234.9,74501.05,none,no_price_available
2026-08-27T20:08:09.161401+00:00,2026-08-28T01:38:09.161401+05:30,NIFTYNXT50,29-Sep-2026,78300.0,CE,74347.45,,0,933.4,100,0.0,,0,0,0,0,0,,,,,,,,,,,,,,,0.08925389518642188,,,,,,11.1,25,74680.25,74738.2,74234.9,74501.05,none,no_price_available
2026-08-27T20:08:09.161401+00:00,2026-08-28T01:38:09.161401+05:30,NIFTYNXT50,29-Sep-2026,78300.0,PE,0,,0,,0,0.0,,0,0,0,0,0,,,,,,,,,,,,,,,0.08925389518642188,,,,,,11.1,25,74680.25,74738.2,74234.9,74501.05,none,no_price_available
2026-08-27T20:08:09.161401+00:00,2026-08-28T01:38:09.161401+05:30,NIFTYNXT50,29-Sep-2026,78400.0,CE,74347.45,,0,933.6,50,0.0,,0,0,0,0,0,,,,,,,,,,,,,,,0.08925389518642188,,,,,,11.1,25,74680.25,74738.2,74234.9,74501.05,none,no_price_available
2026-08-27T20:08:09.161401+00:00,2026-08-28T01:38:09.161401+05:30,NIFTYNXT50,29-Sep-2026,78400.0,PE,0,,0,,0,0.0,,0,0,0,0,0,,,,,,,,,,,,,,,0.08925389518642188,,,,,,11.1,25,74680.25,74738.2,74234.9,74501.05,none,no_price_available
2026-08-27T20:08:09.161401+00:00,2026-08-28T01:38:09.161401+05:30,NIFTYNXT50,29-Sep-2026,78500.0,CE,74347.45,,0,449.3,25,0.0,,0,0,0,0,0,,,,,,,,,,,,,,,0.08925389518642188,,,,,,11.1,25,74680.25,74738.2,74234.9,74501.05,none,no_price_available
2026-08-27T20:08:09.161401+00:00,2026-08-28T01:38:09.161401+05:30,NIFTYNXT50,29-Sep-2026,78500.0,PE,0,,0,,0,0.0,,0,0,0,0,0,,,,,,,,,,,,,,,0.08925389518642188,,,,,,11.1,25,74680.25,74738.2,74234.9,74501.05,none,no_price_available
2026-08-27T20:08:09.161401+00:00,2026-08-28T01:38:09.161401+05:30,NIFTYNXT50,29-Sep-2026,78600.0,CE,74347.45,,0,886.6,75,0.0,,0,0,0,0,0,,,,,,,,,,,,,,,0.08925389518642188,,,,,,11.1,25,74680.25,74738.2,74234.9,74501.05,none,no_price_available
2026-08-27T20:08:09.161401+00:00,2026-08-28T01:38:09.161401+05:30,NIFTYNXT50,29-Sep-2026,78600.0,PE,0,,0,,0,0.0,,0,0,0,0,0,,,,,,,,,,,,,,,0.08925389518642188,,,,,,11.1,25,74680.25,74738.2,74234.9,74501.05,none,no_price_available
2026-08-27T20:08:09.161401+00:00,2026-08-28T01:38:09.161401+05:30,NIFTYNXT50,29-Sep-2026,78700.0,CE,74347.45,,0,868.6,75,0.0,,0,0,0,0,0,,,,,,,,,,,,,,,0.08925389518642188,,,,,,11.1,25,74680.25,74738.2,74234.9,74501.05,none,no_price_available
2026-08-27T20:08:09.161401+00:00,2026-08-28T01:38:09.161401+05:30,NIFTYNXT50,29-Sep-2026,78700.0,PE,0,,0,,0,0.0,,0,0,0,0,0,,,,,,,,,,,,,,,0.08925389518642188,,,,,,11.1,25,74680.25,74738.2,74234.9,74501.05,none,no_price_available
2026-08-27T20:08:09.161401+00:00,2026-08-28T01:38:09.161401+05:30,NIFTYNXT50,29-Sep-2026,78800.0,CE,74347.45,,0,,0,0.0,,0,0,0,0,0,,,,,,,,,,,,,,,0.08925389518642188,,,,,,11.1,25,74680.25,74738.2,74234.9,74501.05,none,no_price_available
2026-08-27T20:08:09.161401+00:00,2026-08-28T01:38:09.161401+05:30,NIFTYNXT50,29-Sep-2026,78800.0,PE,0,,0,,0,0.0,,0,0,0,0,0,,,,,,,,,,,,,,,0.08925389518642188,,,,,,11.1,25,74680.25,74738.2,74234.9,74501.05,none,no_price_available
2026-08-27T20:08:09.161401+00:00,2026-08-28T01:38:09.161401+05:30,NIFTYNXT50,29-Sep-2026,79000.0,CE,74347.45,,0,439,25,0.0,,0,0,0,0,0,,,,,,,,,,,,,,,0.08925389518642188,,,,,,11.1,25,74680.25,74738.2,74234.9,74501.05,none,no_price_available
2026-08-27T20:08:09.161401+00:00,2026-08-28T01:38:09.161401+05:30,NIFTYNXT50,29-Sep-2026,79000.0,PE,0,,0,,0,0.0,,0,0,0,0,0,,,,,,,,,,,,,,,0.08925389518642188,,,,,,11.1,25,74680.25,74738.2,74234.9,74501.05,none,no_price_available
2026-08-27T20:08:09.161401+00:00,2026-08-28T01:38:09.161401+05:30,NIFTYNXT50,29-Sep-2026,79500.0,CE,74347.45,,0,424.9,25,0.0,,0,0,0,0,0,,,,,,,,,,,,,,,0.08925389518642188,,,,,,11.1,25,74680.25,74738.2,74234.9,74501.05,none,no_price_available
2026-08-27T20:08:09.161401+00:00,2026-08-28T01:38:09.161401+05:30,NIFTYNXT50,29-Sep-2026,79500.0,PE,0,,0,,0,0.0,,0,0,0,0,0,,,,,,,,,,,,,,,0.08925389518642188,,,,,,11.1,25,74680.25,74738.2,74234.9,74501.05,none,no_price_available
2026-08-27T20:08:09.161401+00:00,2026-08-28T01:38:09.161401+05:30,NIFTYNXT50,29-Sep-2026,80000.0,CE,74347.45,,0,424,25,0.0,,0,0,0,0,0,,,,,,,,,,,,,,,0.08925389518642188,,,,,,11.1,25,74680.25,74738.2,74234.9,74501.05,none,no_price_available
2026-08-27T20:08:09.161401+00:00,2026-08-28T01:38:09.161401+05:30,NIFTYNXT50,29-Sep-2026,80000.0,PE,0,,0,,0,0.0,,0,0,0,0,0,,,,,,,,,,,,,,,0.08925389518642188,,,,,,11.1,25,74680.25,74738.2,74234.9,74501.05,none,no_price_available
2026-08-27T20:08:09.161401+00:00,2026-08-28T01:38:09.161401+05:30,NIFTYNXT50,29-Sep-2026,81000.0,CE,74347.45,,0,,0,0.0,,0,0,0,0,0,,,,,,,,,,,,,,,0.08925389518642188,,,,,,11.1,25,74680.25,74738.2,74234.9,74501.05,none,no_price_available
2026-08-27T20:08:09.161401+00:00,2026-08-28T01:38:09.161401+05:30,NIFTYNXT50,29-Sep-2026,81000.0,PE,0,,0,,0,0.0,,0,0,0,0,0,,,,,,,,,,,,,,,0.08925389518642188,,,,,,11.1,25,74680.25,74738.2,74234.9,74501.05,none,no_price_available
2026-08-27T20:08:09.161401+00:00,2026-08-28T01:38:09.161401+05:30,NIFTYNXT50,29-Sep-2026,84000.0,CE,74347.45,,0,90,25,0.0,,0,0,0,0,0,,,,,,,,,,,,,,,0.08925389518642188,,,,,,11.1,25,74680.25,74738.2,74234.9,74501.05,none,no_price_available
2026-08-27T20:08:09.161401+00:00,2026-08-28T01:38:09.161401+05:30,NIFTYNXT50,29-Sep-2026,84000.0,PE,0,,0,,0,0.0,,0,0,0,0,0,,,,,,,,,,,,,,,0.08925389518642188,,,,,,11.1,25,74680.25,74738.2,74234.9,74501.05,none,no_price_available
2026-08-28T15:39:43.678309+00:00,2026-08-28T21:09:43.678309+05:30,NIFTYNXT50,29-Sep-2026,61000.0,CE,74159.15,,0,14458.35,550,0.0,,0,0,0,0,0,,,,,,,,,,,,,,,0.08702487067766997,,,,,,10.66,25,74434.85,74438.6,73843.7,74347.45,none,no_price_available
2026-08-28T15:39:43.678309+00:00,2026-08-28T21:09:43.678309+05:30,NIFTYNXT50,29-Sep-2026,61000.0,PE,0,,0,,0,0.0,,0,0,0,0,0,,,,,,,,,,,,,,,0.08702487067766997,,,,,,10.66,25,74434.85,74438.6,73843.7,74347.45,none,no_price_available
2026-08-28T15:39:43.678309+00:00,2026-08-28T21:09:43.678309+05:30,NIFTYNXT50,29-Sep-2026,61500.0,CE,74159.15,,0,13924.95,550,0.0,,0,0,0,0,0,,,,,,,,,,,,,,,0.08702487067766997,,,,,,10.66,25,74434.85,74438.6,73843.7,74347.45,none,no_price_available
2026-08-28T15:39:43.678309+00:00,2026-08-28T21:09:43.678309+05:30,NIFTYNXT50,29-Sep-2026,61500.0,PE,0,,0,,0,0.0,,0,0,0,0,0,,,,,,,,,,,,,,,0.08702487067766997,,,,,,10.66,25,74434.85,74438.6,73843.7,74347.45,none,no_price_available
2026-08-28T15:39:43.678309+00:00,2026-08-28T21:09:43.678309+05:30,NIFTYNXT50,29-Sep-2026,62000.0,CE,74159.15,,0,13391.55,550,0.0,,0,0,0,0,0,,,,,,,,,,,,,,,0.08702487067766997,,,,,,10.66,25,74434.85,74438.6,73843.7,74347.45,none,no_price_available
2026-08-28T15:39:43.678309+00:00,2026-08-28T21:09:43.678309+05:30,NIFTYNXT50,29-Sep-2026,62000.0,PE,0,,0,,0,0.0,,0,0,0,0,0,,,,,,,,,,,,,,,0.08702487067766997,,,,,,10.66,25,74434.85,74438.6,73843.7,74347.45,none,no_price_available
2026-08-28T15:39:43.678309+00:00,2026-08-28T21:09:43.678309+05:30,NIFTYNXT50,29-Sep-2026,62500.0,CE,74159.15,,0,12858.15,550,0.0,,0,0,0,0,0,,,,,,,,,,,,,,,0.08702487067766997,,,,,,10.66,25,74434.85,74438.6,73843.7,74347.45,none,no_price_available
2026-08-28T15:39:43.678309+00:00,2026-08-28T21:09:43.678309+05:30,NIFTYNXT50,29-Sep-2026,62500.0,PE,0,,0,,0,0.0,,0,0,0,0,0,,,,,,,,,,,,,,,0.08702487067766997,,,,,,10.66,25,74434.85,74438.6,73843.7,74347.45,none,no_price_available
2026-08-28T15:39:43.678309+00:00,2026-08-28T21:09:43.678309+05:30,NIFTYNXT50,29-Sep-2026,63000.0,CE,74159.15,,0,12318.35,550,0.0,,0,0,0,0,0,,,,,,,,,,,,,,,0.08702487067766997,,,,,,10.66,25,74434.85,74438.6,73843.7,74347.45,none,no_price_available
2026-08-28T15:39:43.678309+00:00,2026-08-28T21:09:43.678309+05:30,NIFTYNXT50,29-Sep-2026,63000.0,PE,0,,0,,0,0.0,,0,0,0,0,0,,,,,,,,,,,,,,,0.08702487067766997,,,,,,10.66,25,74434.85,74438.6,73843.7,74347.45,none,no_price_available
2026-08-28T15:39:43.678309+00:00,2026-08-28T21:09:43.678309+05:30,NIFTYNXT50,29-Sep-2026,63500.0,CE,74159.15,,0,11791.35,550,0.0,,0,0,0,0,0,,,,,,,,,,,,,,,0.08702487067766997,,,,,,10.66,25,74434.85,74438.6,73843.7,74347.45,none,no_price_available
2026-08-28T15:39:43.678309+00:00,2026-08-28T21:09:43.678309+05:30,NIFTYNXT50,29-Sep-2026,63500.0,PE,0,,0,,0,0.0,,0,0,0,0,0,,,,,,,,,,,,,,,0.08702487067766997,,,,,,10.66,25,74434.85,74438.6,73843.7,74347.45,none,no_price_available
2026-08-28T15:39:43.678309+00:00,2026-08-28T21:09:43.678309+05:30,NIFTYNXT50,29-Sep-2026,64000.0,CE,74159.15,,0,11257.95,550,0.0,,0,0,0,0,0,,,,,,,,,,,,,,,0.08702487067766997,,,,,,10.66,25,74434.85,74438.6,73843.7,74347.45,none,no_price_available
2026-08-28T15:39:43.678309+00:00,2026-08-28T21:09:43.678309+05:30,NIFTYNXT50,29-Sep-2026,64000.0,PE,74159.15,,0,45,25,0.0,,0,0,0,0,0,,,,,,,,,,,,,,,0.08702487067766997,,,,,,10.66,25,74434.85,74438.6,73843.7,74347.45,none,no_price_available
2026-08-28T15:39:43.678309+00:00,2026-08-28T21:09:43.678309+05:30,NIFTYNXT50,29-Sep-2026,64100.0,CE,74159.15,,0,11151.25,550,0.0,,0,0,0,0,0,,,,,,,,,,,,,,,0.08702487067766997,,,,,,10.66,25,74434.85,74438.6,73843.7,74347.45,none,no_price_available
2026-08-28T15:39:43.678309+00:00,2026-08-28T21:09:43.678309+05:30,NIFTYNXT50,29-Sep-2026,64100.0,PE,0,,0,,0,0.0,,0,0,0,0,0,,,,,,,,,,,,,,,0.08702487067766997,,,,,,10.66,25,74434.85,74438.6,73843.7,74347.45,none,no_price_available
2026-08-28T15:39:43.678309+00:00,2026-08-28T21:09:43.678309+05:30,NIFTYNXT50,29-Sep-2026,64200.0,CE,74159.15,,0,11044.6,550,0.0,,0,0,0,0,0,,,,,,,,,,,,,,,0.08702487067766997,,,,,,10.66,25,74434.85,74438.6,73843.7,74347.45,none,no_price_available
2026-08-28T15:39:43.678309+00:00,2026-08-28T21:09:43.678309+05:30,NIFTYNXT50,29-Sep-2026,64200.0,PE,0,,0,,0,0.0,,0,0,0,0,0,,,,,,,,,,,,,,,0.08702487067766997,,,,,,10.66,25,74434.85,74438.6,73843.7,74347.45,none,no_price_available
2026-08-28T15:39:43.678309+00:00,2026-08-28T21:09:43.678309+05:30,NIFTYNXT50,29-Sep-2026,64300.0,CE,74159.15,,0,10931.5,550,0.0,,0,0,0,0,0,,,,,,,,,,,,,,,0.08702487067766997,,,,,,10.66,25,74434.85,74438.6,73843.7,74347.45,none,no_price_available
2026-08-28T15:39:43.678309+00:00,2026-08-28T21:09:43.678309+05:30,NIFTYNXT50,29-Sep-2026,64300.0,PE,0,,0,,0,0.0,,0,0,0,0,0,,,,,,,,,,,,,,,0.08702487067766997,,,,,,10.66,25,74434.85,74438.6,73843.7,74347.45,none,no_price_available
2026-08-28T15:39:43.678309+00:00,2026-08-28T21:09:43.678309+05:30,NIFTYNXT50,29-Sep-2026,64400.0,CE,74159.15,,0,10831.2,550,0.0,,0,0,0,0,0,,,,,,,,,,,,,,,0.08702487067766997,,,,,,10.66,25,74434.85,74438.6,73843.7,74347.45,none,no_price_available
2026-08-28T15:39:43.678309+00:00,2026-08-28T21:09:43.678309+05:30,NIFTYNXT50,29-Sep-2026,64400.0,PE,0,,0,,0,0.0,,0,0,0,0,0,,,,,,,,,,,,,,,0.08702487067766997,,,,,,10.66,25,74434.85,74438.6,73843.7,74347.45,none,no_price_available
2026-08-28T15:39:43.678309+00:00,2026-08-28T21:09:43.678309+05:30,NIFTYNXT50,29-Sep-2026,64500.0,CE,74159.15,,0,10724.55,550,0.0,,0,0,0,0,0,,,,,,,,,,,,,,,0.08702487067766997,,,,,,10.66,25,74434.85,74438.6,73843.7,74347.45,none,no_price_available
2026-08-28T15:39:43.678309+00:00,2026-08-28T21:09:43.678309+05:30,NIFTYNXT50,29-Sep-2026,64500.0,PE,74159.15,,0,,0,0.0,,0,0,0,0,0,,,,,,,,,,,,,,,0.08702487067766997,,,,,,10.66,25,74434.85,74438.6,73843.7,74347.45,none,no_price_available
2026-08-28T15:39:43.678309+00:00,2026-08-28T21:09:43.678309+05:30,NIFTYNXT50,29-Sep-2026,64600.0,CE,74159.15,,0,11270.65,550,0.0,,0,0,0,0,0,,,,,,,,,,,,,,,0.08702487067766997,,,,,,10.66,25,74434.85,74438.6,73843.7,74347.45,none,no_price_available
2026-08-28T15:39:43.678309+00:00,2026-08-28T21:09:43.678309+05:30,NIFTYNXT50,29-Sep-2026,64600.0,PE,0,,0,,0,0.0,,0,0,0,0,0,,,,,,,,,,,,,,,0.08702487067766997,,,,,,10.66,25,74434.85,74438.6,73843.7,74347.45,none,no_price_available
2026-08-28T15:39:43.678309+00:00,2026-08-28T21:09:43.678309+05:30,NIFTYNXT50,29-Sep-2026,64700.0,CE,74159.15,,0,11163.95,550,0.0,,0,0,0,0,0,,,,,,,,,,,,,,,0.08702487067766997,,,,,,10.66,25,74434.85,74438.6,73843.7,74347.45,none,no_price_available
2026-08-28T15:39:43.678309+00:00,2026-08-28T21:09:43.678309+05:30,NIFTYNXT50,29-Sep-2026,64700.0,PE,0,,0,,0,0.0,,0,0,0,0,0,,,,,,,,,,,,,,,0.08702487067766997,,,,,,10.66,25,74434.85,74438.6,73843.7,74347.45,none,no_price_available
2026-08-28T15:39:43.678309+00:00,2026-08-28T21:09:43.678309+05:30,NIFTYNXT50,29-Sep-2026,64800.0,CE,74159.15,,0,11050.9,550,0.0,,0,0,0,0,0,,,,,,,,,,,,,,,0.08702487067766997,,,,,,10.66,25,74434.85,74438.6,73843.7,74347.45,none,no_price_available
2026-08-28T15:39:43.678309+00:00,2026-08-28T21:09:43.678309+05:30,NIFTYNXT50,29-Sep-2026,64800.0,PE,0,,0,,0,0.0,,0,0,0,0,0,,,,,,,,,,,,,,,0.08702487067766997,,,,,,10.66,25,74434.85,74438.6,73843.7,74347.45,none,no_price_available
2026-08-28T15:39:43.678309+00:00,2026-08-28T21:09:43.678309+05:30,NIFTYNXT50,29-Sep-2026,64900.0,CE,74159.15,,0,10950.6,550,0.0,,0,0,0,0,0,,,,,,,,,,,,,,,0.08702487067766997,,,,,,10.66,25,74434.85,74438.6,73843.7,74347.45,none,no_price_available
2026-08-28T15:39:43.678309+00:00,2026-08-28T21:09:43.678309+05:30,NIFTYNXT50,29-Sep-2026,64900.0,PE,0,,0,,0,0.0,,0,0,0,0,0,,,,,,,,,,,,,,,0.08702487067766997,,,,,,10.66,25,74434.85,74438.6,73843.7,74347.45,none,no_price_available
2026-08-28T15:39:43.678309+00:00,2026-08-28T21:09:43.678309+05:30,NIFTYNXT50,29-Sep-2026,65000.0,CE,74159.15,,0,10843.9,550,0.0,,0,0,0,0,0,,,,,,,,,,,,,,,0.08702487067766997,,,,,,10.66,25,74434.85,74438.6,73843.7,74347.45,none,no_price_available
2026-08-28T15:39:43.678309+00:00,2026-08-28T21:09:43.678309+05:30,NIFTYNXT50,29-Sep-2026,65000.0,PE,74159.15,0.05,100,53.15,25,0.0,26.599999999999998,0,0,0,0,0,,,,,,,,,,,,,,,0.08702487067766997,74314.6,0.0240617835928469,0.0097,index_dividend_yield,0.065,10.66,25,74434.85,74438.6,73843.7,74347.45,mid_price,no_nse_iv
2026-08-28T15:39:43.678309+00:00,2026-08-28T21:09:43.678309+05:30,NIFTYNXT50,29-Sep-2026,65100.0,CE,74159.15,,0,10737.25,550,0.0,,0,0,0,0,0,,,,,,,,,,,,,,,0.08702487067766997,,,,,,10.66,25,74434.85,74438.6,73843.7,74347.45,none,no_price_available
2026-08-28T15:39:43.678309+00:00,2026-08-28T21:09:43.678309+05:30,NIFTYNXT50,29-Sep-2026,65100.0,PE,0,,0,,0,0.0,,0,0,0,0,0,,,,,,,,,,,,,,,0.08702487067766997,,,,,,10.66,25,74434.85,74438.6,73843.7,74347.45,none,no_price_available
2026-08-28T15:39:43.678309+00:00,2026-08-28T21:09:43.678309+05:30,NIFTYNXT50,29-Sep-2026,65200.0,CE,74159.15,,0,10630.55,550,0.0,,0,0,0,0,0,,,,,,,,,,,,,,,0.08702487067766997,,,,,,10.66,25,74434.85,74438.6,73843.7,74347.45,none,no_price_available
2026-08-28T15:39:43.678309+00:00,2026-08-28T21:09:43.678309+05:30,NIFTYNXT50,29-Sep-2026,65200.0,PE,0,,0,,0,0.0,,0,0,0,0,0,,,,,,,,,,,,,,,0.08702487067766997,,,,,,10.66,25,74434.85,74438.6,73843.7,74347.45,none,no_price_available
2026-08-28T15:39:43.678309+00:00,2026-08-28T21:09:43.678309+05:30,NIFTYNXT50,29-Sep-2026,65300.0,CE,74159.15,,0,10523.9,550,0.0,,0,0,0,0,0,,,,,,,,,,,,,,,0.08702487067766997,,,,,,10.66,25,74434.85,74438.6,73843.7,74347.45,none,no_price_available
2026-08-28T15:39:43.678309+00:00,2026-08-28T21:09:43.678309+05:30,NIFTYNXT50,29-Sep-2026,65300.0,PE,0,,0,,0,0.0,,0,0,0,0,0,,,,,,,,,,,,,,,0.08702487067766997,,,,,,10.66,25,74434.85,74438.6,73843.7,74347.45,none,no_price_available
2026-08-28T15:39:43.678309+00:00,2026-08-28T21:09:43.678309+05:30,NIFTYNXT50,29-Sep-2026,65400.0,CE,74159.15,,0,10410.8,550,0.0,,0,0,0,0,0,,,,,,,,,,,,,,,0.08702487067766997,,,,,,10.66,25,74434.85,74438.6,73843.7,74347.45,none,no_price_available
2026-08-28T15:39:43.678309+00:00,2026-08-28T21:09:43.678309+05:30,NIFTYNXT50,29-Sep-2026,65400.0,PE,0,,0,,0,0.0,,0,0,0,0,0,,,,,,,,,,,,,,,0.08702487067766997,,,,,,10.66,25,74434.85,74438.6,73843.7,74347.45,none,no_price_available
2026-08-28T15:39:43.678309+00:00,2026-08-28T21:09:43.678309+05:30,NIFTYNXT50,29-Sep-2026,65500.0,CE,74159.15,,0,10310.5,550,0.0,,0,0,0,0,0,,,,,,,,,,,,,,,0.08702487067766997,,,,,,10.66,25,74434.85,74438.6,73843.7,74347.45,none,no_price_available
2026-08-28T15:39:43.678309+00:00,2026-08-28T21:09:43.678309+05:30,NIFTYNXT50,29-Sep-2026,65500.0,PE,0,,0,,0,0.0,,0,0,0,0,0,,,,,,,,,,,,,,,0.08702487067766997,,,,,,10.66,25,74434.85,74438.6,73843.7,74347.45,none,no_price_available
2026-08-28T15:39:43.678309+00:00,2026-08-28T21:09:43.678309+05:30,NIFTYNXT50,29-Sep-2026,65600.0,CE,74159.15,,0,10203.85,550,0.0,,0,0,0,0,0,,,,,,,,,,,,,,,0.08702487067766997,,,,,,10.66,25,74434.85,74438.6,73843.7,74347.45,none,no_price_available
2026-08-28T15:39:43.678309+00:00,2026-08-28T21:09:43.678309+05:30,NIFTYNXT50,29-Sep-2026,65600.0,PE,0,,0,,0,0.0,,0,0,0,0,0,,,,,,,,,,,,,,,0.08702487067766997,,,,,,10.66,25,74434.85,74438.6,73843.7,74347.45,none,no_price_available
2026-08-28T15:39:43.678309+00:00,2026-08-28T21:09:43.678309+05:30,NIFTYNXT50,29-Sep-2026,65700.0,CE,74159.15,,0,10097.15,550,0.0,,0,0,0,0,0,,,,,,,,,,,,,,,0.08702487067766997,,,,,,10.66,25,74434.85,74438.6,73843.7,74347.45,none,no_price_available
2026-08-28T15:39:43.678309+00:00,2026-08-28T21:09:43.678309+05:30,NIFTYNXT50,29-Sep-2026,65700.0,PE,0,,0,,0,0.0,,0,0,0,0,0,,,,,,,,,,,,,,,0.08702487067766997,,,,,,10.66,25,74434.85,74438.6,73843.7,74347.45,none,no_price_available
2026-08-28T15:39:43.678309+00:00,2026-08-28T21:09:43.678309+05:30,NIFTYNXT50,29-Sep-2026,65800.0,CE,74159.15,,0,9990.5,550,0.0,,0,0,0,0,0,,,,,,,,,,,,,,,0.08702487067766997,,,,,,10.66,25,74434.85,74438.6,73843.7,74347.45,none,no_price_available
2026-08-28T15:39:43.678309+00:00,2026-08-28T21:09:43.678309+05:30,NIFTYNXT50,29-Sep-2026,65800.0,PE,0,,0,,0,0.0,,0,0,0,0,0,,,,,,,,,,,,,,,0.08702487067766997,,,,,,10.66,25,74434.85,74438.6,73843.7,74347.45,none,no_price_available
2026-08-28T15:39:43.678309+00:00,2026-08-28T21:09:43.678309+05:30,NIFTYNXT50,29-Sep-2026,65900.0,CE,74159.15,,0,9877.4,550,0.0,,0,0,0,0,0,,,,,,,,,,,,,,,0.08702487067766997,,,,,,10.66,25,74434.85,74438.6,73843.7,74347.45,none,no_price_available
2026-08-28T15:39:43.678309+00:00,2026-08-28T21:09:43.678309+05:30,NIFTYNXT50,29-Sep-2026,65900.0,PE,0,,0,,0,0.0,,0,0,0,0,0,,,,,,,,,,,,,,,0.08702487067766997,,,,,,10.66,25,74434.85,74438.6,73843.7,74347.45,none,no_price_available
2026-08-28T15:39:43.678309+00:00,2026-08-28T21:09:43.678309+05:30,NIFTYNXT50,29-Sep-2026,66000.0,CE,74159.15,,0,9777.1,550,0.0,,0,0,0,0,0,,,,,,,,,,,,,,,0.08702487067766997,,,,,,10.66,25,74434.85,74438.6,73843.7,74347.45,none,no_price_available
2026-08-28T15:39:43.678309+00:00,2026-08-28T21:09:43.678309+05:30,NIFTYNXT50,29-Sep-2026,66000.0,PE,0,,0,,0,0.0,,0,0,0,0,0,,,,,,,,,,,,,,,0.08702487067766997,,,,,,10.66,25,74434.85,74438.6,73843.7,74347.45,none,no_price_available
2026-08-28T15:39:43.678309+00:00,2026-08-28T21:09:43.678309+05:30,NIFTYNXT50,29-Sep-2026,66100.0,CE,74159.15,,0,9664.05,550,0.0,,0,0,0,0,0,,,,,,,,,,,,,,,0.08702487067766997,,,,,,10.66,25,74434.85,74438.6,73843.7,74347.45,none,no_price_available
2026-08-28T15:39:43.678309+00:00,2026-08-28T21:09:43.678309+05:30,NIFTYNXT50,29-Sep-2026,66100.0,PE,0,,0,,0,0.0,,0,0,0,0,0,,,,,,,,,,,,,,,0.08702487067766997,,,,,,10.66,25,74434.85,74438.6,73843.7,74347.45,none,no_price_available
2026-08-28T15:39:43.678309+00:00,2026-08-28T21:09:43.678309+05:30,NIFTYNXT50,29-Sep-2026,66200.0,CE,74159.15,,0,9563.75,550,0.0,,0,0,0,0,0,,,,,,,,,,,,,,,0.08702487067766997,,,,,,10.66,25,74434.85,74438.6,73843.7,74347.45,none,no_price_available
2026-08-28T15:39:43.678309+00:00,2026-08-28T21:09:43.678309+05:30,NIFTYNXT50,29-Sep-2026,66200.0,PE,0,,0,,0,0.0,,0,0,0,0,0,,,,,,,,,,,,,,,0.08702487067766997,,,,,,10.66,25,74434.85,74438.6,73843.7,74347.45,none,no_price_available
2026-08-28T15:39:43.678309+00:00,2026-08-28T21:09:43.678309+05:30,NIFTYNXT50,29-Sep-2026,66300.0,CE,74159.15,,0,9457.1,550,0.0,,0,0,0,0,0,,,,,,,,,,,,,,,0.08702487067766997,,,,,,10.66,25,74434.85,74438.6,73843.7,74347.45,none,no_price_available
2026-08-28T15:39:43.678309+00:00,2026-08-28T21:09:43.678309+05:30,NIFTYNXT50,29-Sep-2026,66300.0,PE,0,,0,,0,0.0,,0,0,0,0,0,,,,,,,,,,,,,,,0.08702487067766997,,,,,,10.66,25,74434.85,74438.6,73843.7,74347.45,none,no_price_available
2026-08-28T15:39:43.678309+00:00,2026-08-28T21:09:43.678309+05:30,NIFTYNXT50,29-Sep-2026,66400.0,CE,74159.15,,0,9350.4,550,0.0,,0,0,0,0,0,,,,,,,,,,,,,,,0.08702487067766997,,,,,,10.66,25,74434.85,74438.6,73843.7,74347.45,none,no_price_available
2026-08-28T15:39:43.678309+00:00,2026-08-28T21:09:43.678309+05:30,NIFTYNXT50,29-Sep-2026,66400.0,PE,0,,0,,0,0.0,,0,0,0,0,0,,,,,,,,,,,,,,,0.08702487067766997,,,,,,10.66,25,74434.85,74438.6,73843.7,74347.45,none,no_price_available
2026-08-28T15:39:43.678309+00:00,2026-08-28T21:09:43.678309+05:30,NIFTYNXT50,29-Sep-2026,66500.0,CE,74159.15,,0,9243.7,550,0.0,,0,0,0,0,0,,,,,,,,,,,,,,,0.08702487067766997,,,,,,10.66,25,74434.85,74438.6,73843.7,74347.45,none,no_price_available
2026-08-28T15:39:43.678309+00:00,2026-08-28T21:09:43.678309+05:30,NIFTYNXT50,29-Sep-2026,66500.0,PE,0,,0,,0,0.0,,0,0,0,0,0,,,,,,,,,,,,,,,0.08702487067766997,,,,,,10.66,25,74434.85,74438.6,73843.7,74347.45,none,no_price_available
2026-08-28T15:39:43.678309+00:00,2026-08-28T21:09:43.678309+05:30,NIFTYNXT50,29-Sep-2026,66600.0,CE,74159.15,,0,9137.05,550,0.0,,0,0,0,0,0,,,,,,,,,,,,,,,0.08702487067766997,,,,,,10.66,25,74434.85,74438.6,73843.7,74347.45,none,no_price_available
2026-08-28T15:39:43.678309+00:00,2026-08-28T21:09:43.678309+05:30,NIFTYNXT50,29-Sep-2026,66600.0,PE,0,,0,,0,0.0,,0,0,0,0,0,,,,,,,,,,,,,,,0.08702487067766997,,,,,,10.66,25,74434.85,74438.6,73843.7,74347.45,none,no_price_available
2026-08-28T15:39:43.678309+00:00,2026-08-28T21:09:43.678309+05:30,NIFTYNXT50,29-Sep-2026,66700.0,CE,74159.15,,0,9030.35,550,0.0,,0,0,0,0,0,,,,,,,,,,,,,,,0.08702487067766997,,,,,,10.66,25,74434.85,74438.6,73843.7,74347.45,none,no_price_available
2026-08-28T15:39:43.678309+00:00,2026-08-28T21:09:43.678309+05:30,NIFTYNXT50,29-Sep-2026,66700.0,PE,0,,0,,0,0.0,,0,0,0,0,0,,,,,,,,,,,,,,,0.08702487067766997,,,,,,10.66,25,74434.85,74438.6,73843.7,74347.45,none,no_price_available
2026-08-28T15:39:43.678309+00:00,2026-08-28T21:09:43.678309+05:30,NIFTYNXT50,29-Sep-2026,66800.0,CE,74159.15,,0,8917.3,550,0.0,,0,0,0,0,0,,,,,,,,,,,,,,,0.08702487067766997,,,,,,10.66,25,74434.85,74438.6,73843.7,74347.45,none,no_price_available
2026-08-28T15:39:43.678309+00:00,2026-08-28T21:09:43.678309+05:30,NIFTYNXT50,29-Sep-2026,66800.0,PE,0,,0,,0,0.0,,0,0,0,0,0,,,,,,,,,,,,,,,0.08702487067766997,,,,,,10.66,25,74434.85,74438.6,73843.7,74347.45,none,no_price_available
2026-08-28T15:39:43.678309+00:00,2026-08-28T21:09:43.678309+05:30,NIFTYNXT50,29-Sep-2026,66900.0,CE,74159.15,,0,8817,550,0.0,,0,0,0,0,0,,,,,,,,,,,,,,,0.08702487067766997,,,,,,10.66,25,74434.85,74438.6,73843.7,74347.45,none,no_price_available
2026-08-28T15:39:43.678309+00:00,2026-08-28T21:09:43.678309+05:30,NIFTYNXT50,29-Sep-2026,66900.0,PE,0,,0,,0,0.0,,0,0,0,0,0,,,,,,,,,,,,,,,0.08702487067766997,,,,,,10.66,25,74434.85,74438.6,73843.7,74347.45,none,no_price_available
2026-08-28T15:39:43.678309+00:00,2026-08-28T21:09:43.678309+05:30,NIFTYNXT50,29-Sep-2026,67000.0,CE,74159.15,,0,8703.9,550,0.0,,0,0,0,0,0,,,,,,,,,,,,,,,0.08702487067766997,,,,,,10.66,25,74434.85,74438.6,73843.7,74347.45,none,no_price_available
2026-08-28T15:39:43.678309+00:00,2026-08-28T21:09:43.678309+05:30,NIFTYNXT50,29-Sep-2026,67000.0,PE,0,,0,,0,0.0,,0,0,0,0,0,,,,,,,,,,,,,,,0.08702487067766997,,,,,,10.66,25,74434.85,74438.6,73843.7,74347.45,none,no_price_available
2026-08-28T15:39:43.678309+00:00,2026-08-28T21:09:43.678309+05:30,NIFTYNXT50,29-Sep-2026,67100.0,CE,74159.15,,0,8603.65,550,0.0,,0,0,0,0,0,,,,,,,,,,,,,,,0.08702487067766997,,,,,,10.66,25,74434.85,74438.6,73843.7,74347.45,none,no_price_available
2026-08-28T15:39:43.678309+00:00,2026-08-28T21:09:43.678309+05:30,NIFTYNXT50,29-Sep-2026,67100.0,PE,0,,0,,0,0.0,,0,0,0,0,0,,,,,,,,,,,,,,,0.08702487067766997,,,,,,10.66,25,74434.85,74438.6,73843.7,74347.45,none,no_price_available
2026-08-28T15:39:43.678309+00:00,2026-08-28T21:09:43.678309+05:30,NIFTYNXT50,29-Sep-2026,67200.0,CE,74159.15,,0,8496.95,550,0.0,,0,0,0,0,0,,,,,,,,,,,,,,,0.08702487067766997,,,,,,10.66,25,74434.85,74438.6,73843.7,74347.45,none,no_price_available
2026-08-28T15:39:43.678309+00:00,2026-08-28T21:09:43.678309+05:30,NIFTYNXT50,29-Sep-2026,67200.0,PE,0,,0,,0,0.0,,0,0,0,0,0,,,,,,,,,,,,,,,0.08702487067766997,,,,,,10.66,25,74434.85,74438.6,73843.7,74347.45,none,no_price_available
2026-08-28T15:39:43.678309+00:00,2026-08-28T21:09:43.678309+05:30,NIFTYNXT50,29-Sep-2026,67300.0,CE,74159.15,,0,8390.3,550,0.0,,0,0,0,0,0,,,,,,,,,,,,,,,0.08702487067766997,,,,,,10.66,25,74434.85,74438.6,73843.7,74347.45,none,no_price_available
2026-08-28T15:39:43.678309+00:00,2026-08-28T21:09:43.678309+05:30,NIFTYNXT50,29-Sep-2026,67300.0,PE,0,,0,,0,0.0,,0,0,0,0,0,,,,,,,,,,,,,,,0.08702487067766997,,,,,,10.66,25,74434.85,74438.6,73843.7,74347.45,none,no_price_available
2026-08-28T15:39:43.678309+00:00,2026-08-28T21:09:43.678309+05:30,NIFTYNXT50,29-Sep-2026,67400.0,CE,74159.15,,0,8283.6,550,0.0,,0,0,0,0,0,,,,,,,,,,,,,,,0.08702487067766997,,,,,,10.66,25,74434.85,74438.6,73843.7,74347.45,none,no_price_available
2026-08-28T15:39:43.678309+00:00,2026-08-28T21:09:43.678309+05:30,NIFTYNXT50,29-Sep-2026,67400.0,PE,0,,0,,0,0.0,,0,0,0,0,0,,,,,,,,,,,,,,,0.08702487067766997,,,,,,10.66,25,74434.85,74438.6,73843.7,74347.45,none,no_price_available
2026-08-28T15:39:43.678309+00:00,2026-08-28T21:09:43.678309+05:30,NIFTYNXT50,29-Sep-2026,67500.0,CE,74159.15,,0,8170.5,550,0.0,,0,0,0,0,0,,,,,,,,,,,,,,,0.08702487067766997,,,,,,10.66,25,74434.85,74438.6,73843.7,74347.45,none,no_price_available
2026-08-28T15:39:43.678309+00:00,2026-08-28T21:09:43.678309+05:30,NIFTYNXT50,29-Sep-2026,67500.0,PE,0,,0,,0,0.0,,0,0,0,0,0,,,,,,,,,,,,,,,0.08702487067766997,,,,,,10.66,25,74434.85,74438.6,73843.7,74347.45,none,no_price_available
2026-08-28T15:39:43.678309+00:00,2026-08-28T21:09:43.678309+05:30,NIFTYNXT50,29-Sep-2026,67600.0,CE,74159.15,,0,8070.25,550,0.0,,0,0,0,0,0,,,,,,,,,,,,,,,0.08702487067766997,,,,,,10.66,25,74434.85,74438.6,73843.7,74347.45,none,no_price_available
2026-08-28T15:39:43.678309+00:00,2026-08-28T21:09:43.678309+05:30,NIFTYNXT50,29-Sep-2026,67600.0,PE,0,,0,,0,0.0,,0,0,0,0,0,,,,,,,,,,,,,,,0.08702487067766997,,,,,,10.66,25,74434.85,74438.6,73843.7,74347.45,none,no_price_available
2026-08-28T15:39:43.678309+00:00,2026-08-28T21:09:43.678309+05:30,NIFTYNXT50,29-Sep-2026,67700.0,CE,74159.15,,0,7963.55,550,0.0,,0,0,0,0,0,,,,,,,,,,,,,,,0.08702487067766997,,,,,,10.66,25,74434.85,74438.6,73843.7,74347.45,none,no_price_available
2026-08-28T15:39:43.678309+00:00,2026-08-28T21:09:43.678309+05:30,NIFTYNXT50,29-Sep-2026,67700.0,PE,0,,0,,0,0.0,,0,0,0,0,0,,,,,,,,,,,,,,,0.08702487067766997,,,,,,10.66,25,74434.85,74438.6,73843.7,74347.45,none,no_price_available
2026-08-28T15:39:43.678309+00:00,2026-08-28T21:09:43.678309+05:30,NIFTYNXT50,29-Sep-2026,67800.0,CE,74159.15,,0,7856.9,550,0.0,,0,0,0,0,0,,,,,,,,,,,,,,,0.08702487067766997,,,,,,10.66,25,74434.85,74438.6,73843.7,74347.45,none,no_price_available
2026-08-28T15:39:43.678309+00:00,2026-08-28T21:09:43.678309+05:30,NIFTYNXT50,29-Sep-2026,67800.0,PE,0,,0,,0,0.0,,0,0,0,0,0,,,,,,,,,,,,,,,0.08702487067766997,,,,,,10.66,25,74434.85,74438.6,73843.7,74347.45,none,no_price_available
2026-08-28T15:39:43.678309+00:00,2026-08-28T21:09:43.678309+05:30,NIFTYNXT50,29-Sep-2026,67900.0,CE,74159.15,,0,7750.2,550,0.0,,0,0,0,0,0,,,,,,,,,,,,,,,0.08702487067766997,,,,,,10.66,25,74434.85,74438.6,73843.7,74347.45,none,no_price_available
2026-08-28T15:39:43.678309+00:00,2026-08-28T21:09:43.678309+05:30,NIFTYNXT50,29-Sep-2026,67900.0,PE,0,,0,,0,0.0,,0,0,0,0,0,,,,,,,,,,,,,,,0.08702487067766997,,,,,,10.66,25,74434.85,74438.6,73843.7,74347.45,none,no_price_available
2026-08-28T15:39:43.678309+00:00,2026-08-28T21:09:43.678309+05:30,NIFTYNXT50,29-Sep-2026,68000.0,CE,74159.15,,0,7643.5,550,0.0,,0,0,0,0,0,,,,,,,,,,,,,,,0.08702487067766997,,,,,,10.66,25,74434.85,74438.6,73843.7,74347.45,none,no_price_available
2026-08-28T15:39:43.678309+00:00,2026-08-28T21:09:43.678309+05:30,NIFTYNXT50,29-Sep-2026,68000.0,PE,0,,0,,0,0.0,,0,0,0,0,0,,,,,,,,,,,,,,,0.08702487067766997,,,,,,10.66,25,74434.85,74438.6,73843.7,74347.45,none,no_price_available
2026-08-28T15:39:43.678309+00:00,2026-08-28T21:09:43.678309+05:30,NIFTYNXT50,29-Sep-2026,68100.0,CE,74159.15,,0,7530.45,550,0.0,,0,0,0,0,0,,,,,,,,,,,,,,,0.08702487067766997,,,,,,10.66,25,74434.85,74438.6,73843.7,74347.45,none,no_price_available
2026-08-28T15:39:43.678309+00:00,2026-08-28T21:09:43.678309+05:30,NIFTYNXT50,29-Sep-2026,68100.0,PE,0,,0,,0,0.0,,0,0,0,0,0,,,,,,,,,,,,,,,0.08702487067766997,,,,,,10.66,25,74434.85,74438.6,73843.7,74347.45,none,no_price_available
2026-08-28T15:39:43.678309+00:00,2026-08-28T21:09:43.678309+05:30,NIFTYNXT50,29-Sep-2026,68200.0,CE,74159.15,,0,7430.15,550,0.0,,0,0,0,0,0,,,,,,,,,,,,,,,0.08702487067766997,,,,,,10.66,25,74434.85,74438.6,73843.7,74347.45,none,no_price_available
2026-08-28T15:39:43.678309+00:00,2026-08-28T21:09:43.678309+05:30,NIFTYNXT50,29-Sep-2026,68200.0,PE,0,,0,,0,0.0,,0,0,0,0,0,,,,,,,,,,,,,,,0.08702487067766997,,,,,,10.66,25,74434.85,74438.6,73843.7,74347.45,none,no_price_available
2026-08-28T15:39:43.678309+00:00,2026-08-28T21:09:43.678309+05:30,NIFTYNXT50,29-Sep-2026,68300.0,CE,74159.15,,0,7317.1,550,0.0,,0,0,0,0,0,,,,,,,,,,,,,,,0.08702487067766997,,,,,,10.66,25,74434.85,74438.6,73843.7,74347.45,none,no_price_available
2026-08-28T15:39:43.678309+00:00,2026-08-28T21:09:43.678309+05:30,NIFTYNXT50,29-Sep-2026,68300.0,PE,0,,0,,0,0.0,,0,0,0,0,0,,,,,,,,,,,,,,,0.08702487067766997,,,,,,10.66,25,74434.85,74438.6,73843.7,74347.45,none,no_price_available
2026-08-28T15:39:43.678309+00:00,2026-08-28T21:09:43.678309+05:30,NIFTYNXT50,29-Sep-2026,68400.0,CE,74159.15,,0,7216.7,550,0.0,,0,0,0,0,0,,,,,,,,,,,,,,,0.08702487067766997,,,,,,10.66,25,74434.85,74438.6,73843.7,74347.45,none,no_price_available
2026-08-28T15:39:43.678309+00:00,2026-08-28T21:09:43.678309+05:30,NIFTYNXT50,29-Sep-2026,68400.0,PE,0,,0,,0,0.0,,0,0,0,0,0,,,,,,,,,,,,,,,0.08702487067766997,,,,,,10.66,25,74434.85,74438.6,73843.7,74347.45,none,no_price_available
2026-08-28T15:39:43.678309+00:00,2026-08-28T21:09:43.678309+05:30,NIFTYNXT50,29-Sep-2026,68500.0,CE,74159.15,3065.75,50,7103.6,550,0.0,5084.675,0,0,0,0,0,,,,,,,,,,,,,,,0.08702487067766997,,,,,,10.66,25,74434.85,74438.6,73843.7,74347.45,mid_price,no_price_available
2026-08-28T15:39:43.678309+00:00,2026-08-28T21:09:43.678309+05:30,NIFTYNXT50,29-Sep-2026,68500.0,PE,0,,0,,0,0.0,,0,0,0,0,0,,,,,,,,,,,,,,,0.08702487067766997,,,,,,10.66,25,74434.85,74438.6,73843.7,74347.45,none,no_price_available
2026-08-28T15:39:43.678309+00:00,2026-08-28T21:09:43.678309+05:30,NIFTYNXT50,29-Sep-2026,68600.0,CE,74159.15,,0,7003.35,550,0.0,,0,0,0,0,0,,,,,,,,,,,,,,,0.08702487067766997,,,,,,10.66,25,74434.85,74438.6,73843.7,74347.45,none,no_price_available
2026-08-28T15:39:43.678309+00:00,2026-08-28T21:09:43.678309+05:30,NIFTYNXT50,29-Sep-2026,68600.0,PE,0,,0,,0,0.0,,0,0,0,0,0,,,,,,,,,,,,,,,0.08702487067766997,,,,,,10.66,25,74434.85,74438.6,73843.7,74347.45,none,no_price_available
2026-08-28T15:39:43.678309+00:00,2026-08-28T21:09:43.678309+05:30,NIFTYNXT50,29-Sep-2026,68700.0,CE,74159.15,2914.5,50,6896.65,550,0.0,4905.575,0,0,0,0,0,,,,,,,,,,,,,,,0.08702487067766997,,,,,,10.66,25,74434.85,74438.6,73843.7,74347.45,mid_price,no_price_available
2026-08-28T15:39:43.678309+00:00,2026-08-28T21:09:43.678309+05:30,NIFTYNXT50,29-Sep-2026,68700.0,PE,0,,0,,0,0.0,,0,0,0,0,0,,,,,,,,,,,,,,,0.08702487067766997,,,,,,10.66,25,74434.85,74438.6,73843.7,74347.45,none,no_price_available
2026-08-28T15:39:43.678309+00:00,2026-08-28T21:09:43.678309+05:30,NIFTYNXT50,29-Sep-2026,68800.0,CE,74159.15,2840.1,50,6790,550,0.0,4815.05,0,0,0,0,0,,,,,,,,,,,,,,,0.08702487067766997,,,,,,10.66,25,74434.85,74438.6,73843.7,74347.45,mid_price,no_price_available
2026-08-28T15:39:43.678309+00:00,2026-08-28T21:09:43.678309+05:30,NIFTYNXT50,29-Sep-2026,68800.0,PE,0,,0,,0,0.0,,0,0,0,0,0,,,,,,,,,,,,,,,0.08702487067766997,,,,,,10.66,25,74434.85,74438.6,73843.7,74347.45,none,no_price_available
2026-08-28T15:39:43.678309+00:00,2026-08-28T21:09:43.678309+05:30,NIFTYNXT50,29-Sep-2026,68900.0,CE,74159.15,2766.55,50,6683.3,550,0.0,4724.925,0,0,0,0,0,,,,,,,,,,,,,,,0.08702487067766997,,,,,,10.66,25,74434.85,74438.6,73843.7,74347.45,mid_price,no_price_available
2026-08-28T15:39:43.678309+00:00,2026-08-28T21:09:43.678309+05:30,NIFTYNXT50,29-Sep-2026,68900.0,PE,0,,0,,0,0.0,,0,0,0,0,0,,,,,,,,,,,,,,,0.08702487067766997,,,,,,10.66,25,74434.85,74438.6,73843.7,74347.45,none,no_price_available
2026-08-28T15:39:43.678309+00:00,2026-08-28T21:09:43.678309+05:30,NIFTYNXT50,29-Sep-2026,69000.0,CE,74159.15,,0,6576.6,550,0.0,,0,0,0,0,0,,,,,,,,,,,,,,,0.08702487067766997,,,,,,10.66,25,74434.85,74438.6,73843.7,74347.45,none,no_price_available
2026-08-28T15:39:43.678309+00:00,2026-08-28T21:09:43.678309+05:30,NIFTYNXT50,29-Sep-2026,69000.0,PE,0,,0,,0,0.0,,0,0,0,0,0,,,,,,,,,,,,,,,0.08702487067766997,,,,,,10.66,25,74434.85,74438.6,73843.7,74347.45,none,no_price_available
2026-08-28T15:39:43.678309+00:00,2026-08-28T21:09:43.678309+05:30,NIFTYNXT50,29-Sep-2026,69100.0,CE,74159.15,2621.75,50,6469.95,550,0.0,4545.85,0,0,0,0,0,,,,,,,,,,,,,,,0.08702487067766997,,,,,,10.66,25,74434.85,74438.6,73843.7,74347.45,mid_price,no_price_available
2026-08-28T15:39:43.678309+00:00,2026-08-28T21:09:43.678309+05:30,NIFTYNXT50,29-Sep-2026,69100.0,PE,0,,0,,0,0.0,,0,0,0,0,0,,,,,,,,,,,,,,,0.08702487067766997,,,,,,10.66,25,74434.85,74438.6,73843.7,74347.45,none,no_price_available
2026-08-28T15:39:43.678309+00:00,2026-08-28T21:09:43.678309+05:30,NIFTYNXT50,29-Sep-2026,69200.0,CE,74159.15,2550.65,50,6356.85,550,0.0,4453.75,0,0,0,0,0,,,,,,,,,,,,,,,0.08702487067766997,,,,,,10.66,25,74434.85,74438.6,73843.7,74347.45,mid_price,no_price_available
2026-08-28T15:39:43.678309+00:00,2026-08-28T21:09:43.678309+05:30,NIFTYNXT50,29-Sep-2026,69200.0,PE,0,,0,,0,0.0,,0,0,0,0,0,,,,,,,,,,,,,,,0.08702487067766997,,,,,,10.66,25,74434.85,74438.6,73843.7,74347.45,none,no_price_available
2026-08-28T15:39:43.678309+00:00,2026-08-28T21:09:43.678309+05:30,NIFTYNXT50,29-Sep-2026,69300.0,CE,74159.15,2480.4,50,6256.6,550,0.0,4368.5,0,0,0,0,0,,,,,,,,,,,,,,,0.08702487067766997,,,,,,10.66,25,74434.85,74438.6,73843.7,74347.45,mid_price,no_price_available
2026-08-28T15:39:43.678309+00:00,2026-08-28T21:09:43.678309+05:30,NIFTYNXT50,29-Sep-2026,69300.0,PE,0,,0,,0,0.0,,0,0,0,0,0,,,,,,,,,,,,,,,0.08702487067766997,,,,,,10.66,25,74434.85,74438.6,73843.7,74347.45,none,no_price_available
2026-08-28T15:39:43.678309+00:00,2026-08-28T21:09:43.678309+05:30,NIFTYNXT50,29-Sep-2026,69400.0,CE,74159.15,,0,6149.9,550,0.0,,0,0,0,0,0,,,,,,,,,,,,,,,0.08702487067766997,,,,,,10.66,25,74434.85,74438.6,73843.7,74347.45,none,no_price_available
2026-08-28T15:39:43.678309+00:00,2026-08-28T21:09:43.678309+05:30,NIFTYNXT50,29-Sep-2026,69400.0,PE,0,,0,,0,0.0,,0,0,0,0,0,,,,,,,,,,,,,,,0.08702487067766997,,,,,,10.66,25,74434.85,74438.6,73843.7,74347.45,none,no_price_available
2026-08-28T15:39:43.678309+00:00,2026-08-28T21:09:43.678309+05:30,NIFTYNXT50,29-Sep-2026,69500.0,CE,74159.15,2342.55,50,6036.8,550,0.0,4189.675,0,0,0,0,0,,,,,,,,,,,,,,,0.08702487067766997,,,,,,10.66,25,74434.85,74438.6,73843.7,74347.45,mid_price,no_price_available
2026-08-28T15:39:43.678309+00:00,2026-08-28T21:09:43.678309+05:30,NIFTYNXT50,29-Sep-2026,69500.0,PE,0,,0,,0,0.0,,0,0,0,0,0,,,,,,,,,,,,,,,0.08702487067766997,,,,,,10.66,25,74434.85,74438.6,73843.7,74347.45,none,no_price_available
2026-08-28T15:39:43.678309+00:00,2026-08-28T21:09:43.678309+05:30,NIFTYNXT50,29-Sep-2026,69600.0,CE,74159.15,2274.95,50,5936.55,550,0.0,4105.75,0,0,0,0,0,,,,,,,,,,,,,,,0.08702487067766997,,,,,,10.66,25,74434.85,74438.6,73843.7,74347.45,mid_price,no_price_available
2026-08-28T15:39:43.678309+00:00,2026-08-28T21:09:43.678309+05:30,NIFTYNXT50,29-Sep-2026,69600.0,PE,0,,0,,0,0.0,,0,0,0,0,0,,,,,,,,,,,,,,,0.08702487067766997,,,,,,10.66,25,74434.85,74438.6,73843.7,74347.45,none,no_price_available
2026-08-28T15:39:43.678309+00:00,2026-08-28T21:09:43.678309+05:30,NIFTYNXT50,29-Sep-2026,69700.0,CE,74159.15,2208.35,50,5823.45,550,0.0,4015.8999999999996,0,0,0,0,0,,,,,,,,,,,,,,,0.08702487067766997,,,,,,10.66,25,74434.85,74438.6,73843.7,74347.45,mid_price,no_price_available
2026-08-28T15:39:43.678309+00:00,2026-08-28T21:09:43.678309+05:30,NIFTYNXT50,29-Sep-2026,69700.0,PE,0,,0,,0,0.0,,0,0,0,0,0,,,,,,,,,,,,,,,0.08702487067766997,,,,,,10.66,25,74434.85,74438.6,73843.7,74347.45,none,no_price_available
2026-08-28T15:39:43.678309+00:00,2026-08-28T21:09:43.678309+05:30,NIFTYNXT50,29-Sep-2026,69800.0,CE,74159.15,,0,5716.8,550,0.0,,0,0,0,0,0,,,,,,,,,,,,,,,0.08702487067766997,,,,,,10.66,25,74434.85,74438.6,73843.7,74347.45,none,no_price_available
2026-08-28T15:39:43.678309+00:00,2026-08-28T21:09:43.678309+05:30,NIFTYNXT50,29-Sep-2026,69800.0,PE,0,,0,,0,0.0,,0,0,0,0,0,,,,,,,,,,,,,,,0.08702487067766997,,,,,,10.66,25,74434.85,74438.6,73843.7,74347.45,none,no_price_available
2026-08-28T15:39:43.678309+00:00,2026-08-28T21:09:43.678309+05:30,NIFTYNXT50,29-Sep-2026,69900.0,CE,74159.15,2077.75,50,5616.5,550,0.0,3847.125,0,0,0,0,0,,,,,,,,,,,,,,,0.08702487067766997,,,,,,10.66,25,74434.85,74438.6,73843.7,74347.45,mid_price,no_price_available
2026-08-28T15:39:43.678309+00:00,2026-08-28T21:09:43.678309+05:30,NIFTYNXT50,29-Sep-2026,69900.0,PE,0,,0,,0,0.0,,0,0,0,0,0,,,,,,,,,,,,,,,0.08702487067766997,,,,,,10.66,25,74434.85,74438.6,73843.7,74347.45,none,no_price_available
2026-08-28T15:39:43.678309+00:00,2026-08-28T21:09:43.678309+05:30,NIFTYNXT50,29-Sep-2026,70000.0,CE,74159.15,2013.85,50,5509.8,550,0.0,3761.825,0,0,0,0,0,,,,,,,,,,,,,,,0.08702487067766997,,,,,,10.66,25,74434.85,74438.6,73843.7,74347.45,mid_price,no_price_available
2026-08-28T15:39:43.678309+00:00,2026-08-28T21:09:43.678309+05:30,NIFTYNXT50,29-Sep-2026,70000.0,PE,74159.15,4.35,50,890,25,0.0,447.175,0,0,0,0,0,,,,,,,,,,,,,,,0.08702487067766997,74314.6,0.0240617835928469,0.0097,index_dividend_yield,0.065,10.66,25,74434.85,74438.6,73843.7,74347.45,mid_price,no_nse_iv
2026-08-28T15:39:43.678309+00:00,2026-08-28T21:09:43.678309+05:30,NIFTYNXT50,29-Sep-2026,70100.0,CE,74159.15,1950.9,50,5396.75,550,0.0,3673.825,0,0,0,0,0,,,,,,,,,,,,,,,0.08702487067766997,,,,,,10.66,25,74434.85,74438.6,73843.7,74347.45,mid_price,no_price_available
2026-08-28T15:39:43.678309+00:00,2026-08-28T21:09:43.678309+05:30,NIFTYNXT50,29-Sep-2026,70100.0,PE,0,,0,,0,0.0,,0,0,0,0,0,,,,,,,,,,,,,,,0.08702487067766997,,,,,,10.66,25,74434.85,74438.6,73843.7,74347.45,none,no_price_available
2026-08-28T15:39:43.678309+00:00,2026-08-28T21:09:43.678309+05:30,NIFTYNXT50,29-Sep-2026,70200.0,CE,74159.15,,0,5296.45,550,0.0,,0,0,0,0,0,,,,,,,,,,,,,,,0.08702487067766997,,,,,,10.66,25,74434.85,74438.6,73843.7,74347.45,none,no_price_available
2026-08-28T15:39:43.678309+00:00,2026-08-28T21:09:43.678309+05:30,NIFTYNXT50,29-Sep-2026,70200.0,PE,0,,0,,0,0.0,,0,0,0,0,0,,,,,,,,,,,,,,,0.08702487067766997,,,,,,10.66,25,74434.85,74438.6,73843.7,74347.45,none,no_price_available
2026-08-28T15:39:43.678309+00:00,2026-08-28T21:09:43.678309+05:30,NIFTYNXT50,29-Sep-2026,70300.0,CE,74159.15,1827.95,50,5183.4,550,0.0,3505.6749999999997,0,0,0,0,0,,,,,,,,,,,,,,,0.08702487067766997,,,,,,10.66,25,74434.85,74438.6,73843.7,74347.45,mid_price,no_price_available
2026-08-28T15:39:43.678309+00:00,2026-08-28T21:09:43.678309+05:30,NIFTYNXT50,29-Sep-2026,70300.0,PE,0,,0,,0,0.0,,0,0,0,0,0,,,,,,,,,,,,,,,0.08702487067766997,,,,,,10.66,25,74434.85,74438.6,73843.7,74347.45,none,no_price_available
2026-08-28T15:39:43.678309+00:00,2026-08-28T21:09:43.678309+05:30,NIFTYNXT50,29-Sep-2026,70400.0,CE,74159.15,1767.85,50,5083.1,550,0.0,3425.4750000000004,0,0,0,0,0,,,,,,,,,,,,,,,0.08702487067766997,,,,,,10.66,25,74434.85,74438.6,73843.7,74347.45,mid_price,no_price_available
2026-08-28T15:39:43.678309+00:00,2026-08-28T21:09:43.678309+05:30,NIFTYNXT50,29-Sep-2026,70400.0,PE,0,,0,,0,0.0,,0,0,0,0,0,,,,,,,,,,,,,,,0.08702487067766997,,,,,,10.66,25,74434.85,74438.6,73843.7,74347.45,none,no_price_available
2026-08-28T15:39:43.678309+00:00,2026-08-28T21:09:43.678309+05:30,NIFTYNXT50,29-Sep-2026,70500.0,CE,74159.15,1708.8,50,4977.6,50,0.0,3343.2000000000003,0,0,0,0,0,,,,,,,,,,,,,,,0.08702487067766997,,,,,,10.66,25,74434.85,74438.6,73843.7,74347.45,mid_price,no_price_available
2026-08-28T15:39:43.678309+00:00,2026-08-28T21:09:43.678309+05:30,NIFTYNXT50,29-Sep-2026,70500.0,PE,0,,0,,0,0.0,,0,0,0,0,0,,,,,,,,,,,,,,,0.08702487067766997,,,,,,10.66,25,74434.85,74438.6,73843.7,74347.45,none,no_price_available
2026-08-28T15:39:43.678309+00:00,2026-08-28T21:09:43.678309+05:30,NIFTYNXT50,29-Sep-2026,70600.0,CE,74159.15,,0,,0,0.0,,0,0,0,0,0,,,,,,,,,,,,,,,0.08702487067766997,,,,,,10.66,25,74434.85,74438.6,73843.7,74347.45,none,no_price_available
2026-08-28T15:39:43.678309+00:00,2026-08-28T21:09:43.678309+05:30,NIFTYNXT50,29-Sep-2026,70600.0,PE,0,,0,,0,0.0,,0,0,0,0,0,,,,,,,,,,,,,,,0.08702487067766997,,,,,,10.66,25,74434.85,74438.6,73843.7,74347.45,none,no_price_available
2026-08-28T15:39:43.678309+00:00,2026-08-28T21:09:43.678309+05:30,NIFTYNXT50,29-Sep-2026,70700.0,CE,74159.15,1593.6,50,4767.6,50,0.0,3180.6000000000004,0,0,0,0,0,,,,,,,,,,,,,,,0.08702487067766997,,,,,,10.66,25,74434.85,74438.6,73843.7,74347.45,mid_price,no_price_available
2026-08-28T15:39:43.678309+00:00,2026-08-28T21:09:43.678309+05:30,NIFTYNXT50,29-Sep-2026,70700.0,PE,0,,0,,0,0.0,,0,0,0,0,0,,,,,,,,,,,,,,,0.08702487067766997,,,,,,10.66,25,74434.85,74438.6,73843.7,74347.45,none,no_price_available
2026-08-28T15:39:43.678309+00:00,2026-08-28T21:09:43.678309+05:30,NIFTYNXT50,29-Sep-2026,70800.0,CE,74159.15,1537.5,50,4656.3,50,0.0,3096.9,0,0,0,0,0,,,,,,,,,,,,,,,0.08702487067766997,,,,,,10.66,25,74434.85,74438.6,73843.7,74347.45,mid_price,no_price_available
2026-08-28T15:39:43.678309+00:00,2026-08-28T21:09:43.678309+05:30,NIFTYNXT50,29-Sep-2026,70800.0,PE,0,,0,,0,0.0,,0,0,0,0,0,,,,,,,,,,,,,,,0.08702487067766997,,,,,,10.66,25,74434.85,74438.6,73843.7,74347.45,none,no_price_available
2026-08-28T15:39:43.678309+00:00,2026-08-28T21:09:43.678309+05:30,NIFTYNXT50,29-Sep-2026,70900.0,CE,74159.15,1482.4,50,4557.6,50,0.0,3020.0,0,0,0,0,0,,,,,,,,,,,,,,,0.08702487067766997,,,,,,10.66,25,74434.85,74438.6,73843.7,74347.45,mid_price,no_price_available
2026-08-28T15:39:43.678309+00:00,2026-08-28T21:09:43.678309+05:30,NIFTYNXT50,29-Sep-2026,70900.0,PE,0,,0,,0,0.0,,0,0,0,0,0,,,,,,,,,,,,,,,0.08702487067766997,,,,,,10.66,25,74434.85,74438.6,73843.7,74347.45,none,no_price_available
2026-08-28T15:39:43.678309+00:00,2026-08-28T21:09:43.678309+05:30,NIFTYNXT50,29-Sep-2026,71000.0,CE,74159.15,,0,,0,0.0,,0,0,0,0,0,,,,,,,,,,,,,,,0.08702487067766997,,,,,,10.66,25,74434.85,74438.6,73843.7,74347.45,none,no_price_available
2026-08-28T15:39:43.678309+00:00,2026-08-28T21:09:43.678309+05:30,NIFTYNXT50,29-Sep-2026,71000.0,PE,74159.15,,0,650,25,0.0,,0,0,0,0,0,,,,,,,,,,,,,,,0.08702487067766997,,,,,,10.66,25,74434.85,74438.6,73843.7,74347.45,none,no_price_available
2026-08-28T15:39:43.678309+00:00,2026-08-28T21:09:43.678309+05:30,NIFTYNXT50,29-Sep-2026,71100.0,CE,74159.15,1375.25,50,4849.75,550,0.0,3112.5,0,0,0,0,0,,,,,,,,,,,,,,,0.08702487067766997,74314.6,0.0240617835928469,0.0097,index_dividend_yield,0.065,10.66,25,74434.85,74438.6,73843.7,74347.45,mid_price,no_nse_iv
2026-08-28T15:39:43.678309+00:00,2026-08-28T21:09:43.678309+05:30,NIFTYNXT50,29-Sep-2026,71100.0,PE,0,,0,,0,0.0,,0,0,0,0,0,,,,,,,,,,,,,,,0.08702487067766997,,,,,,10.66,25,74434.85,74438.6,73843.7,74347.45,none,no_price_available
2026-08-28T15:39:43.678309+00:00,2026-08-28T21:09:43.678309+05:30,NIFTYNXT50,29-Sep-2026,71200.0,CE,74159.15,1323.25,50,4751.1,550,0.0,3037.175,0,0,0,0,0,,,,,,,,,,,,,,,0.08702487067766997,74314.6,0.0240617835928469,0.0097,index_dividend_yield,0.065,10.66,25,74434.85,74438.6,73843.7,74347.45,mid_price,no_nse_iv
2026-08-28T15:39:43.678309+00:00,2026-08-28T21:09:43.678309+05:30,NIFTYNXT50,29-Sep-2026,71200.0,PE,0,,0,,0,0.0,,0,0,0,0,0,,,,,,,,,,,,,,,0.08702487067766997,,,,,,10.66,25,74434.85,74438.6,73843.7,74347.45,none,no_price_available
2026-08-28T15:39:43.678309+00:00,2026-08-28T21:09:43.678309+05:30,NIFTYNXT50,29-Sep-2026,71300.0,CE,74159.15,1272.2,50,4646.1,550,0.0,2959.15,0,0,0,0,0,,,,,,,,,,,,,,,0.08702487067766997,74314.6,0.0240617835928469,0.0097,index_dividend_yield,0.065,10.66,25,74434.85,74438.6,73843.7,74347.45,mid_price,no_nse_iv
2026-08-28T15:39:43.678309+00:00,2026-08-28T21:09:43.678309+05:30,NIFTYNXT50,29-Sep-2026,71300.0,PE,0,,0,,0,0.0,,0,0,0,0,0,,,,,,,,,,,,,,,0.08702487067766997,,,,,,10.66,25,74434.85,74438.6,73843.7,74347.45,none,no_price_available
2026-08-28T15:39:43.678309+00:00,2026-08-28T21:09:43.678309+05:30,NIFTYNXT50,29-Sep-2026,71400.0,CE,74159.15,,0,4541.1,550,0.0,,0,0,0,0,0,,,,,,,,,,,,,,,0.08702487067766997,,,,,,10.66,25,74434.85,74438.6,73843.7,74347.45,none,no_price_available
2026-08-28T15:39:43.678309+00:00,2026-08-28T21:09:43.678309+05:30,NIFTYNXT50,29-Sep-2026,71400.0,PE,0,,0,,0,0.0,,0,0,0,0,0,,,,,,,,,,,,,,,0.08702487067766997,,,,,,10.66,25,74434.85,74438.6,73843.7,74347.45,none,no_price_available
2026-08-28T15:39:43.678309+00:00,2026-08-28T21:09:43.678309+05:30,NIFTYNXT50,29-Sep-2026,71500.0,CE,74159.15,1173.2,50,4436.1,550,0.0,2804.65,0,0,0,0,0,,,,,,,,,,,,,,,0.08702487067766997,74314.6,0.0240617835928469,0.0097,index_dividend_yield,0.065,10.66,25,74434.85,74438.6,73843.7,74347.45,mid_price,no_nse_iv
2026-08-28T15:39:43.678309+00:00,2026-08-28T21:09:43.678309+05:30,NIFTYNXT50,29-Sep-2026,71500.0,PE,0,,0,,0,0.0,,0,0,0,0,0,,,,,,,,,,,,,,,0.08702487067766997,,,,,,10.66,25,74434.85,74438.6,73843.7,74347.45,none,no_price_available
2026-08-28T15:39:43.678309+00:00,2026-08-28T21:09:43.678309+05:30,NIFTYNXT50,29-Sep-2026,71600.0,CE,74159.15,1129.2,50,4331.1,550,0.0,2730.15,0,0,0,0,0,,,,,,,,,,,,,,,0.08702487067766997,74314.6,0.0240617835928469,0.0097,index_dividend_yield,0.065,10.66,25,74434.85,74438.6,73843.7,74347.45,mid_price,no_nse_iv
2026-08-28T15:39:43.678309+00:00,2026-08-28T21:09:43.678309+05:30,NIFTYNXT50,29-Sep-2026,71600.0,PE,0,,0,,0,0.0,,0,0,0,0,0,,,,,,,,,,,,,,,0.08702487067766997,,,,,,10.66,25,74434.85,74438.6,73843.7,74347.45,none,no_price_available
2026-08-28T15:39:43.678309+00:00,2026-08-28T21:09:43.678309+05:30,NIFTYNXT50,29-Sep-2026,71700.0,CE,74159.15,1081.85,50,4226.1,550,0.0,2653.9750000000004,0,0,0,0,0,,,,,,,,,,,,,,,0.08702487067766997,74314.6,0.0240617835928469,0.0097,index_dividend_yield,0.065,10.66,25,74434.85,74438.6,73843.7,74347.45,mid_price,no_nse_iv
2026-08-28T15:39:43.678309+00:00,2026-08-28T21:09:43.678309+05:30,NIFTYNXT50,29-Sep-2026,71700.0,PE,74159.15,108.25,50,1134.25,550,0.0,621.25,0,0,0,0,0,,,,,,,,,,,,,,,0.08702487067766997,74314.6,0.0240617835928469,0.0097,index_dividend_yield,0.065,10.66,25,74434.85,74438.6,73843.7,74347.45,mid_price,no_nse_iv
2026-08-28T15:39:43.678309+00:00,2026-08-28T21:09:43.678309+05:30,NIFTYNXT50,29-Sep-2026,71800.0,CE,74159.15,,0,,0,0.0,,0,0,0,0,0,,,,,,,,,,,,,,,0.08702487067766997,,,,,,10.66,25,74434.85,74438.6,73843.7,74347.45,none,no_price_available
2026-08-28T15:39:43.678309+00:00,2026-08-28T21:09:43.678309+05:30,NIFTYNXT50,29-Sep-2026,71800.0,PE,74159.15,,0,1134,550,0.0,,0,0,0,0,0,,,,,,,,,,,,,,,0.08702487067766997,,,,,,10.66,25,74434.85,74438.6,73843.7,74347.45,none,no_price_available
2026-08-28T15:39:43.678309+00:00,2026-08-28T21:09:43.678309+05:30,NIFTYNXT50,29-Sep-2026,71900.0,CE,74159.15,986.35,50,3758.5,50,0.0,2372.425,0,0,0,0,0,,,,,,,,,,,,,,,0.08702487067766997,74314.6,0.0240617835928469,0.0097,index_dividend_yield,0.065,10.66,25,74434.85,74438.6,73843.7,74347.45,mid_price,no_nse_iv
2026-08-28T15:39:43.678309+00:00,2026-08-28T21:09:43.678309+05:30,NIFTYNXT50,29-Sep-2026,71900.0,PE,74159.15,124.45,50,1134.1,550,0.0,629.275,0,0,0,0,0,,,,,,,,,,,,,,,0.08702487067766997,74314.6,0.0240617835928469,0.0097,index_dividend_yield,0.065,10.66,25,74434.85,74438.6,73843.7,74347.45,mid_price,no_nse_iv
2026-08-28T15:39:43.678309+00:00,2026-08-28T21:09:43.678309+05:30,NIFTYNXT50,29-Sep-2026,72000.0,CE,74159.15,942.5,50,3659.8,50,0.0,2301.15,0,0,0,0,0,,,,,,,,,,,,,,,0.08702487067766997,74314.6,0.0240617835928469,0.0097,index_dividend_yield,0.065,10.66,25,74434.85,74438.6,73843.7,74347.45,mid_price,no_nse_iv
2026-08-28T15:39:43.678309+00:00,2026-08-28T21:09:43.678309+05:30,NIFTYNXT50,29-Sep-2026,72000.0,PE,74159.15,135.2,50,894.95,50,0.0,515.075,0,0,0,0,0,,,,,,,,,,,,,,,0.08702487067766997,74314.6,0.0240617835928469,0.0097,index_dividend_yield,0.065,10.66,25,74434.85,74438.6,73843.7,74347.45,mid_price,no_nse_iv
2026-08-28T15:39:43.678309+00:00,2026-08-28T21:09:43.678309+05:30,NIFTYNXT50,29-Sep-2026,72100.0,CE,74159.15,899.7,50,4302.25,550,0.0,2600.975,0,0,0,0,0,,,,,,,,,,,,,,,0.08702487067766997,74314.6,0.0240617835928469,0.0097,index_dividend_yield,0.065,10.66,25,74434.85,74438.6,73843.7,74347.45,mid_price,no_nse_iv
2026-08-28T15:39:43.678309+00:00,2026-08-28T21:09:43.678309+05:30,NIFTYNXT50,29-Sep-2026,72100.0,PE,0,,0,,0,0.0,,0,0,0,0,0,,,,,,,,,,,,,,,0.08702487067766997,,,,,,10.66,25,74434.85,74438.6,73843.7,74347.45,none,no_price_available
2026-08-28T15:39:43.678309+00:00,2026-08-28T21:09:43.678309+05:30,NIFTYNXT50,29-Sep-2026,72200.0,CE,74159.15,,0,4279.7,550,0.0,,0,0,0,0,0,,,,,,,,,,,,,,,0.08702487067766997,,,,,,10.66,25,74434.85,74438.6,73843.7,74347.45,none,no_price_available
2026-08-28T15:39:43.678309+00:00,2026-08-28T21:09:43.678309+05:30,NIFTYNXT50,29-Sep-2026,72200.0,PE,0,,0,,0,0.0,,0,0,0,0,0,,,,,,,,,,,,,,,0.08702487067766997,,,,,,10.66,25,74434.85,74438.6,73843.7,74347.45,none,no_price_available
2026-08-28T15:39:43.678309+00:00,2026-08-28T21:09:43.678309+05:30,NIFTYNXT50,29-Sep-2026,72300.0,CE,74159.15,817.15,50,4170.5,550,0.0,2493.825,0,0,0,0,0,,,,,,,,,,,,,,,0.08702487067766997,74314.6,0.0240617835928469,0.0097,index_dividend_yield,0.065,10.66,25,74434.85,74438.6,73843.7,74347.45,mid_price,no_nse_iv
2026-08-28T15:39:43.678309+00:00,2026-08-28T21:09:43.678309+05:30,NIFTYNXT50,29-Sep-2026,72300.0,PE,0,,0,,0,0.0,,0,0,0,0,0,,,,,,,,,,,,,,,0.08702487067766997,,,,,,10.66,25,74434.85,74438.6,73843.7,74347.45,none,no_price_available
2026-08-28T15:39:43.678309+00:00,2026-08-28T21:09:43.678309+05:30,NIFTYNXT50,29-Sep-2026,72400.0,CE,74159.15,777.35,50,4054.75,550,0.0,2416.05,0,0,0,0,0,,,,,,,,,,,,,,,0.08702487067766997,74314.6,0.0240617835928469,0.0097,index_dividend_yield,0.065,10.66,25,74434.85,74438.6,73843.7,74347.45,mid_price,no_nse_iv
2026-08-28T15:39:43.678309+00:00,2026-08-28T21:09:43.678309+05:30,NIFTYNXT50,29-Sep-2026,72400.0,PE,0,,0,,0,0.0,,0,0,0,0,0,,,,,,,,,,,,,,,0.08702487067766997,,,,,,10.66,25,74434.85,74438.6,73843.7,74347.45,none,no_price_available
2026-08-28T15:39:43.678309+00:00,2026-08-28T21:09:43.678309+05:30,NIFTYNXT50,29-Sep-2026,72500.0,CE,74159.15,738.6,50,3952.1,550,0.0,2345.35,0,0,0,0,0,,,,,,,,,,,,,,,0.08702487067766997,74314.6,0.0240617835928469,0.0097,index_dividend_yield,0.065,10.66,25,74434.85,74438.6,73843.7,74347.45,mid_price,no_nse_iv
2026-08-28T15:39:43.678309+00:00,2026-08-28T21:09:43.678309+05:30,NIFTYNXT50,29-Sep-2026,72500.0,PE,0,,0,,0,0.0,,0,0,0,0,0,,,,,,,,,,,,,,,0.08702487067766997,,,,,,10.66,25,74434.85,74438.6,73843.7,74347.45,none,no_price_available
2026-08-28T15:39:43.678309+00:00,2026-08-28T21:09:43.678309+05:30,NIFTYNXT50,29-Sep-2026,72600.0,CE,74159.15,,0,3842.9,550,0.0,,0,0,0,0,0,,,,,,,,,,,,,,,0.08702487067766997,,,,,,10.66,25,74434.85,74438.6,73843.7,74347.45,none,no_price_available
2026-08-28T15:39:43.678309+00:00,2026-08-28T21:09:43.678309+05:30,NIFTYNXT50,29-Sep-2026,72600.0,PE,0,,0,,0,0.0,,0,0,0,0,0,,,,,,,,,,,,,,,0.08702487067766997,,,,,,10.66,25,74434.85,74438.6,73843.7,74347.45,none,no_price_available
2026-08-28T15:39:43.678309+00:00,2026-08-28T21:09:43.678309+05:30,NIFTYNXT50,29-Sep-2026,72700.0,CE,74159.15,664.05,50,3733.7,550,0.0,2198.875,0,0,0,0,0,,,,,,,,,,,,,,,0.08702487067766997,74314.6,0.0240617835928469,0.0097,index_dividend_yield,0.065,10.66,25,74434.85,74438.6,73843.7,74347.45,mid_price,no_nse_iv
2026-08-28T15:39:43.678309+00:00,2026-08-28T21:09:43.678309+05:30,NIFTYNXT50,29-Sep-2026,72700.0,PE,74159.15,225.2,50,1606.85,50,0.0,916.025,0,0,0,0,0,,,,,,,,,,,,,,,0.08702487067766997,74314.6,0.0240617835928469,0.0097,index_dividend_yield,0.065,10.66,25,74434.85,74438.6,73843.7,74347.45,mid_price,no_nse_iv
2026-08-28T15:39:43.678309+00:00,2026-08-28T21:09:43.678309+05:30,NIFTYNXT50,29-Sep-2026,72800.0,CE,74159.15,628.3,50,3624.5,550,0.0,2126.4,0,0,0,0,0,,,,,,,,,,,,,,,0.08702487067766997,74314.6,0.0240617835928469,0.0097,index_dividend_yield,0.065,10.66,25,74434.85,74438.6,73843.7,74347.45,mid_price,no_nse_iv
2026-08-28T15:39:43.678309+00:00,2026-08-28T21:09:43.678309+05:30,NIFTYNXT50,29-Sep-2026,72800.0,PE,74159.15,240.35,50,,0,0.0,,0,0,0,0,0,,,,,,,,,,,,,,,0.08702487067766997,,,,,,10.66,25,74434.85,74438.6,73843.7,74347.45,none,no_price_available
2026-08-28T15:39:43.678309+00:00,2026-08-28T21:09:43.678309+05:30,NIFTYNXT50,29-Sep-2026,72900.0,CE,74159.15,593.5,50,3515.3,550,0.0,2054.4,0,0,0,0,0,,,,,,,,,,,,,,,0.08702487067766997,74314.6,0.0240617835928469,0.0097,index_dividend_yield,0.065,10.66,25,74434.85,74438.6,73843.7,74347.45,mid_price,no_nse_iv
2026-08-28T15:39:43.678309+00:00,2026-08-28T21:09:43.678309+05:30,NIFTYNXT50,29-Sep-2026,72900.0,PE,74159.15,256.35,50,1606.8,550,0.0,931.575,0,0,0,0,0,,,,,,,,,,,,,,,0.08702487067766997,74314.6,0.0240617835928469,0.0097,index_dividend_yield,0.065,10.66,25,74434.85,74438.6,73843.7,74347.45,mid_price,no_nse_iv
2026-08-28T15:39:43.678309+00:00,2026-08-28T21:09:43.678309+05:30,NIFTYNXT50,29-Sep-2026,73000.0,CE,74159.15,,0,,0,0.0,,0,0,0,0,0,,,,,,,,,,,,,,,0.08702487067766997,,,,,,10.66,25,74434.85,74438.6,73843.7,74347.45,none,no_price_available
2026-08-28T15:39:43.678309+00:00,2026-08-28T21:09:43.678309+05:30,NIFTYNXT50,29-Sep-2026,73000.0,PE,74159.15,,0,1328,25,0.0,,0,0,0,0,0,,,,,,,,,,,,,,,0.08702487067766997,,,,,,10.66,25,74434.85,74438.6,73843.7,74347.45,none,no_price_available
2026-08-28T15:39:43.678309+00:00,2026-08-28T21:09:43.678309+05:30,NIFTYNXT50,29-Sep-2026,73100.0,CE,74159.15,526.8,50,2917,50,0.0,1721.9,0,0,0,0,0,,,,,,,,,,,,,,,0.08702487067766997,74314.6,0.0240617835928469,0.0097,index_dividend_yield,0.065,10.66,25,74434.85,74438.6,73843.7,74347.45,mid_price,no_nse_iv
2026-08-28T15:39:43.678309+00:00,2026-08-28T21:09:43.678309+05:30,NIFTYNXT50,29-Sep-2026,73100.0,PE,0,,0,,0,0.0,,0,0,0,0,0,,,,,,,,,,,,,,,0.08702487067766997,,,,,,10.66,25,74434.85,74438.6,73843.7,74347.45,none,no_price_available
2026-08-28T15:39:43.678309+00:00,2026-08-28T21:09:43.678309+05:30,NIFTYNXT50,29-Sep-2026,73200.0,CE,74159.15,494.9,50,2807.8,50,0.0,1651.3500000000001,0,0,0,0,0,,,,,,,,,,,,,,,0.08702487067766997,74314.6,0.0240617835928469,0.0097,index_dividend_yield,0.065,10.66,25,74434.85,74438.6,73843.7,74347.45,mid_price,no_nse_iv
2026-08-28T15:39:43.678309+00:00,2026-08-28T21:09:43.678309+05:30,NIFTYNXT50,29-Sep-2026,73200.0,PE,0,,0,,0,0.0,,0,0,0,0,0,,,,,,,,,,,,,,,0.08702487067766997,,,,,,10.66,25,74434.85,74438.6,73843.7,74347.45,none,no_price_available
2026-08-28T15:39:43.678309+00:00,2026-08-28T21:09:43.678309+05:30,NIFTYNXT50,29-Sep-2026,73300.0,CE,74159.15,463.95,50,2705.15,50,0.0,1584.55,0,0,0,0,0,,,,,,,,,,,,,,,0.08702487067766997,74314.6,0.0240617835928469,0.0097,index_dividend_yield,0.065,10.66,25,74434.85,74438.6,73843.7,74347.45,mid_price,no_nse_iv
2026-08-28T15:39:43.678309+00:00,2026-08-28T21:09:43.678309+05:30,NIFTYNXT50,29-Sep-2026,73300.0,PE,74159.15,326.55,50,,0,0.0,,0,0,0,0,0,,,,,,,,,,,,,,,0.08702487067766997,,,,,,10.66,25,74434.85,74438.6,73843.7,74347.45,none,no_price_available
2026-08-28T15:39:43.678309+00:00,2026-08-28T21:09:43.678309+05:30,NIFTYNXT50,29-Sep-2026,73400.0,CE,74159.15,,0,,0,0.0,,0,0,0,0,0,,,,,,,,,,,,,,,0.08702487067766997,,,,,,10.66,25,74434.85,74438.6,73843.7,74347.45,none,no_price_available
2026-08-28T15:39:43.678309+00:00,2026-08-28T21:09:43.678309+05:30,NIFTYNXT50,29-Sep-2026,73400.0,PE,74159.15,,0,1522.6,550,0.0,,0,0,0,0,0,,,,,,,,,,,,,,,0.08702487067766997,,,,,,10.66,25,74434.85,74438.6,73843.7,74347.45,none,no_price_available
2026-08-28T15:39:43.678309+00:00,2026-08-28T21:09:43.678309+05:30,NIFTYNXT50,29-Sep-2026,73500.0,CE,74159.15,404.9,50,2480.2,50,0.0,1442.55,0,0,0,0,0,,,,,,,,,,,,,,,0.08702487067766997,74314.6,0.0240617835928469,0.0097,index_dividend_yield,0.065,10.66,25,74434.85,74438.6,73843.7,74347.45,mid_price,no_nse_iv
2026-08-28T15:39:43.678309+00:00,2026-08-28T21:09:43.678309+05:30,NIFTYNXT50,29-Sep-2026,73500.0,PE,74159.15,365.95,50,1264.95,50,0.0,815.45,0,0,0,0,0,,,,,,,,,,,,,,,0.08702487067766997,74314.6,0.0240617835928469,0.0097,index_dividend_yield,0.065,10.66,25,74434.85,74438.6,73843.7,74347.45,mid_price,no_nse_iv
2026-08-28T15:39:43.678309+00:00,2026-08-28T21:09:43.678309+05:30,NIFTYNXT50,29-Sep-2026,73600.0,CE,74159.15,376.75,50,2725.5,50,0.0,1551.125,0,0,0,0,0,,,,,,,,,,,,,,,0.08702487067766997,74314.6,0.0240617835928469,0.0097,index_dividend_yield,0.065,10.66,25,74434.85,74438.6,73843.7,74347.45,mid_price,no_nse_iv
2026-08-28T15:39:43.678309+00:00,2026-08-28T21:09:43.678309+05:30,NIFTYNXT50,29-Sep-2026,73600.0,PE,0,,0,,0,0.0,,0,0,0,0,0,,,,,,,,,,,,,,,0.08702487067766997,,,,,,10.66,25,74434.85,74438.6,73843.7,74347.45,none,no_price_available
2026-08-28T15:39:43.678309+00:00,2026-08-28T21:09:43.678309+05:30,NIFTYNXT50,29-Sep-2026,73700.0,CE,74159.15,1004.45,25,2150,25,2150,1577.225,1,0,0,0,13,0.619906479389742,0.00013372102208033252,-23.708940069214925,83.19857981059413,-0.7848154563000476,0.00012006316213086787,52.645854833428984,-1.607443562987707e-08,-0.0009440566427715785,2.0976134760583413e-06,-1.3144069708568793,29.100752562645074,-0.6023336994336591,0.00013539237246471103,0.08702487067766997,74314.6,0.0240617835928469,0.0097,index_dividend_yield,0.065,10.66,25,74434.85,74438.6,73843.7,74347.45,mid_price,wide_quote_low_liquidity
2026-08-28T15:39:43.678309+00:00,2026-08-28T21:09:43.678309+05:30,NIFTYNXT50,29-Sep-2026,73700.0,PE,74159.15,407.8,50,1583.5,550,0.0,995.65,0,0,0,0,0,,,,,,,,,,,,,,,0.08702487067766997,74314.6,0.0240617835928469,0.0097,index_dividend_yield,0.065,10.66,25,74434.85,74438.6,73843.7,74347.45,mid_price,no_nse_iv
2026-08-28T15:39:43.678309+00:00,2026-08-28T21:09:43.678309+05:30,NIFTYNXT50,29-Sep-2026,73800.0,CE,74159.15,,0,2754.7,25,0.0,,0,0,0,0,0,,,,,,,,,,,,,,,0.08702487067766997,,,,,,10.66,25,74434.85,74438.6,73843.7,74347.45,none,no_price_available
2026-08-28T15:39:43.678309+00:00,2026-08-28T21:09:43.678309+05:30,NIFTYNXT50,29-Sep-2026,73800.0,PE,74159.15,,0,1585,550,0.0,,0,0,0,0,0,,,,,,,,,,,,,,,0.08702487067766997,,,,,,10.66,25,74434.85,74438.6,73843.7,74347.45,none,no_price_available
2026-08-28T15:39:43.678309+00:00,2026-08-28T21:09:43.678309+05:30,NIFTYNXT50,29-Sep-2026,73900.0,CE,74159.15,302.1,50,2710.85,50,0.0,1506.475,0,0,0,0,0,,,,,,,,,,,,,,,0.08702487067766997,74314.6,0.0240617835928469,0.0097,index_dividend_yield,0.065,10.66,25,74434.85,74438.6,73843.7,74347.45,mid_price,no_nse_iv
2026-08-28T15:39:43.678309+00:00,2026-08-28T21:09:43.678309+05:30,NIFTYNXT50,29-Sep-2026,73900.0,PE,0,,0,,0,0.0,,0,0,0,0,0,,,,,,,,,,,,,,,0.08702487067766997,,,,,,10.66,25,74434.85,74438.6,73843.7,74347.45,none,no_price_available
2026-08-28T15:39:43.678309+00:00,2026-08-28T21:09:43.678309+05:30,NIFTYNXT50,29-Sep-2026,74000.0,CE,74159.15,1125,25,2653.9,50,0.0,1889.45,0,0,0,0,0,,,,,,,,,,,,,,,0.08702487067766997,74314.6,0.0240617835928469,0.0097,index_dividend_yield,0.065,10.66,25,74434.85,74438.6,73843.7,74347.45,mid_price,no_nse_iv
2026-08-28T15:39:43.678309+00:00,2026-08-28T21:09:43.678309+05:30,NIFTYNXT50,29-Sep-2026,74000.0,PE,74159.15,623,25,1324,25,0.0,973.5,0,0,0,0,0,,,,,,,,,,,,,,,0.08702487067766997,74314.6,0.0240617835928469,0.0097,index_dividend_yield,0.065,10.66,25,74434.85,74438.6,73843.7,74347.45,mid_price,no_nse_iv
2026-08-28T15:39:43.678309+00:00,2026-08-28T21:09:43.678309+05:30,NIFTYNXT50,29-Sep-2026,74100.0,CE,74159.15,249.4,50,2390.7,50,0.0,1320.05,0,0,0,0,0,,,,,,,,,,,,,,,0.08702487067766997,74314.6,0.0240617835928469,0.0097,index_dividend_yield,0.065,10.66,25,74434.85,74438.6,73843.7,74347.45,mid_price,no_nse_iv
2026-08-28T15:39:43.678309+00:00,2026-08-28T21:09:43.678309+05:30,NIFTYNXT50,29-Sep-2026,74100.0,PE,74159.15,501.2,50,1776.95,50,0.0,1139.075,0,0,0,0,0,,,,,,,,,,,,,,,0.08702487067766997,74314.6,0.0240617835928469,0.0097,index_dividend_yield,0.065,10.66,25,74434.85,74438.6,73843.7,74347.45,mid_price,no_nse_iv
2026-08-28T15:39:43.678309+00:00,2026-08-28T21:09:43.678309+05:30,NIFTYNXT50,29-Sep-2026,74200.0,CE,74159.15,,0,2590.2,25,0.0,,0,0,0,0,0,,,,,,,,,,,,,,,0.08702487067766997,,,,,,10.66,25,74434.85,74438.6,73843.7,74347.45,none,no_price_available
2026-08-28T15:39:43.678309+00:00,2026-08-28T21:09:43.678309+05:30,NIFTYNXT50,29-Sep-2026,74200.0,PE,74159.15,,0,,0,0.0,,0,0,0,0,0,,,,,,,,,,,,,,,0.08702487067766997,,,,,,10.66,25,74434.85,74438.6,73843.7,74347.45,none,no_price_available
2026-08-28T15:39:43.678309+00:00,2026-08-28T21:09:43.678309+05:30,NIFTYNXT50,29-Sep-2026,74300.0,CE,74159.15,204.6,50,2550.2,25,0.0,1377.3999999999999,0,0,0,0,0,,,,,,,,,,,,,,,0.08702487067766997,74314.6,0.0240617835928469,0.0097,index_dividend_yield,0.065,10.66,25,74434.85,74438.6,73843.7,74347.45,mid_price,no_nse_iv
2026-08-28T15:39:43.678309+00:00,2026-08-28T21:09:43.678309+05:30,NIFTYNXT50,29-Sep-2026,74300.0,PE,74159.15,552.7,50,2159,50,0.0,1355.85,0,0,0,0,0,,,,,,,,,,,,,,,0.08702487067766997,74314.6,0.0240617835928469,0.0097,index_dividend_yield,0.065,10.66,25,74434.85,74438.6,73843.7,74347.45,mid_price,no_nse_iv
2026-08-28T15:39:43.678309+00:00,2026-08-28T21:09:43.678309+05:30,NIFTYNXT50,29-Sep-2026,74400.0,CE,74159.15,183.35,50,2510.7,25,0.0,1347.0249999999999,0,0,0,0,0,,,,,,,,,,,,,,,0.08702487067766997,74314.6,0.0240617835928469,0.0097,index_dividend_yield,0.065,10.66,25,74434.85,74438.6,73843.7,74347.45,mid_price,no_nse_iv
2026-08-28T15:39:43.678309+00:00,2026-08-28T21:09:43.678309+05:30,NIFTYNXT50,29-Sep-2026,74400.0,PE,0,,0,,0,0.0,,0,0,0,0,0,,,,,,,,,,,,,,,0.08702487067766997,,,,,,10.66,25,74434.85,74438.6,73843.7,74347.45,none,no_price_available
2026-08-28T15:39:43.678309+00:00,2026-08-28T21:09:43.678309+05:30,NIFTYNXT50,29-Sep-2026,74500.0,CE,74159.15,851.1,25,960.4,25,975,905.75,10,1,3,-15.584415584415584,9.28,0.5083359529444865,0.0001962927258272928,-18.301107193429523,87.18164421750018,0.023197918938289153,-0.0022260518726555656,-0.11151755609972724,-4.649283327507795e-09,-0.0021157200520208323,3.1197565563673266e-06,-1.3592970015909742,46.11044284717557,-0.49503635578411287,0.00019450069034672636,0.08702487067766997,74314.6,0.0240617835928469,0.0097,index_dividend_yield,0.065,10.66,25,74434.85,74438.6,73843.7,74347.45,mid_price,ok
2026-08-28T15:39:43.678309+00:00,2026-08-28T21:09:43.678309+05:30,NIFTYNXT50,29-Sep-2026,74500.0,PE,74159.15,1141.55,25,1334.75,25,1370,1238.15,15,15,42,-67.37668027956042,17.39,-0.48759327242858413,0.00010472758214230199,-18.11289168462391,87.16327352115236,0.04863789269252128,-0.0013228880152817979,-0.3199759579146644,-2.2228029411041328e-09,-0.0006026331393421615,1.6619104653685265e-06,-1.3611525161776257,-23.982752143048675,0.5056004311119129,0.00010377148179674934,0.08702487067766997,74314.6,0.0240617835928469,0.0097,index_dividend_yield,0.065,10.66,25,74434.85,74438.6,73843.7,74347.45,mid_price,wide_quote_low_liquidity
2026-08-28T15:39:43.678309+00:00,2026-08-28T21:09:43.678309+05:30,NIFTYNXT50,29-Sep-2026,74700.0,CE,0,,0,,0,0.0,,0,0,0,0,0,,,,,,,,,,,,,,,0.08702487067766997,,,,,,10.66,25,74434.85,74438.6,73843.7,74347.45,none,no_price_available
2026-08-28T15:39:43.678309+00:00,2026-08-28T21:09:43.678309+05:30,NIFTYNXT50,29-Sep-2026,74700.0,PE,74159.15,664.9,50,,0,0.0,,0,0,0,0,0,,,,,,,,,,,,,,,0.08702487067766997,,,,,,10.66,25,74434.85,74438.6,73843.7,74347.45,none,no_price_available
2026-08-28T15:39:43.678309+00:00,2026-08-28T21:09:43.678309+05:30,NIFTYNXT50,29-Sep-2026,74800.0,CE,0,,0,,0,0.0,,0,0,0,0,0,,,,,,,,,,,,,,,0.08702487067766997,,,,,,10.66,25,74434.85,74438.6,73843.7,74347.45,none,no_price_available
2026-08-28T15:39:43.678309+00:00,2026-08-28T21:09:43.678309+05:30,NIFTYNXT50,29-Sep-2026,74800.0,PE,74159.15,695.1,50,2198.55,550,0.0,1446.825,0,0,0,0,0,,,,,,,,,,,,,,,0.08702487067766997,74314.6,0.0240617835928469,0.0097,index_dividend_yield,0.065,10.66,25,74434.85,74438.6,73843.7,74347.45,mid_price,no_nse_iv
2026-08-28T15:39:43.678309+00:00,2026-08-28T21:09:43.678309+05:30,NIFTYNXT50,29-Sep-2026,74900.0,CE,74159.15,89.05,50,1203.3,50,0.0,646.175,0,0,0,0,0,,,,,,,,,,,,,,,0.08702487067766997,74314.6,0.0240617835928469,0.0097,index_dividend_yield,0.065,10.66,25,74434.85,74438.6,73843.7,74347.45,mid_price,no_nse_iv
2026-08-28T15:39:43.678309+00:00,2026-08-28T21:09:43.678309+05:30,NIFTYNXT50,29-Sep-2026,74900.0,PE,74159.15,726.15,50,2281.4,550,0.0,1503.775,0,0,0,0,0,,,,,,,,,,,,,,,0.08702487067766997,74314.6,0.0240617835928469,0.0097,index_dividend_yield,0.065,10.66,25,74434.85,74438.6,73843.7,74347.45,mid_price,no_nse_iv
2026-08-28T15:39:43.678309+00:00,2026-08-28T21:09:43.678309+05:30,NIFTYNXT50,29-Sep-2026,75000.0,CE,74159.15,575.1,25,949.75,50,669,762.425,3,3,3,-29.191363251481796,8.65,0.4046348798456598,0.00020463620963208677,-15.985137710655971,84.71717470796273,1.1909897268075065,-0.003910318537120316,62.667847065171145,2.286092105840095e-08,-0.0022146271392840832,2.7286089799397094e-06,-1.537620317550818,55.49980703503113,-0.39288937838500543,0.00020007344165830942,0.08702487067766997,74314.6,0.0240617835928469,0.0097,index_dividend_yield,0.065,10.66,25,74434.85,74438.6,73843.7,74347.45,mid_price,wide_quote_low_liquidity
2026-08-28T15:39:43.678309+00:00,2026-08-28T21:09:43.678309+05:30,NIFTYNXT50,29-Sep-2026,75000.0,PE,74159.15,,0,2135.3,550,0.0,,0,0,0,0,0,,,,,,,,,,,,,,,0.08702487067766997,,,,,,10.66,25,74434.85,74438.6,73843.7,74347.45,none,no_price_available
2026-08-28T15:39:43.678309+00:00,2026-08-28T21:09:43.678309+05:30,NIFTYNXT50,29-Sep-2026,75100.0,CE,74159.15,56.8,50,1458.35,50,0.0,757.5749999999999,0,0,0,0,0,,,,,,,,,,,,,,,0.08702487067766997,74314.6,0.0240617835928469,0.0097,index_dividend_yield,0.065,10.66,25,74434.85,74438.6,73843.7,74347.45,mid_price,no_nse_iv
2026-08-28T15:39:43.678309+00:00,2026-08-28T21:09:43.678309+05:30,NIFTYNXT50,29-Sep-2026,75100.0,PE,74159.15,791,50,2102.7,25,0.0,1446.85,0,0,0,0,0,,,,,,,,,,,,,,,0.08702487067766997,74314.6,0.0240617835928469,0.0097,index_dividend_yield,0.065,10.66,25,74434.85,74438.6,73843.7,74347.45,mid_price,no_nse_iv
2026-08-28T15:39:43.678309+00:00,2026-08-28T21:09:43.678309+05:30,NIFTYNXT50,29-Sep-2026,75200.0,CE,74159.15,41.65,50,1054.8,50,0.0,548.225,0,0,0,0,0,,,,,,,,,,,,,,,0.08702487067766997,74314.6,0.0240617835928469,0.0097,index_dividend_yield,0.065,10.66,25,74434.85,74438.6,73843.7,74347.45,mid_price,no_nse_iv
2026-08-28T15:39:43.678309+00:00,2026-08-28T21:09:43.678309+05:30,NIFTYNXT50,29-Sep-2026,75200.0,PE,74159.15,824.8,50,2469.2,550,0.0,1647.0,0,0,0,0,0,,,,,,,,,,,,,,,0.08702487067766997,74314.6,0.0240617835928469,0.0097,index_dividend_yield,0.065,10.66,25,74434.85,74438.6,73843.7,74347.45,mid_price,no_nse_iv
2026-08-28T15:39:43.678309+00:00,2026-08-28T21:09:43.678309+05:30,NIFTYNXT50,29-Sep-2026,75300.0,CE,74159.15,27.25,50,1054.8,50,0.0,541.025,0,0,0,0,0,,,,,,,,,,,,,,,0.08702487067766997,74314.6,0.0240617835928469,0.0097,index_dividend_yield,0.065,10.66,25,74434.85,74438.6,73843.7,74347.45,mid_price,no_nse_iv
2026-08-28T15:39:43.678309+00:00,2026-08-28T21:09:43.678309+05:30,NIFTYNXT50,29-Sep-2026,75300.0,PE,74159.15,859.4,50,2501.05,550,0.0,1680.2250000000001,0,0,0,0,0,,,,,,,,,,,,,,,0.08702487067766997,74314.6,0.0240617835928469,0.0097,index_dividend_yield,0.065,10.66,25,74434.85,74438.6,73843.7,74347.45,mid_price,no_nse_iv
2026-08-28T15:39:43.678309+00:00,2026-08-28T21:09:43.678309+05:30,NIFTYNXT50,29-Sep-2026,75400.0,CE,74159.15,,0,,0,0.0,,0,0,0,0,0,,,,,,,,,,,,,,,0.08702487067766997,,,,,,10.66,25,74434.85,74438.6,73843.7,74347.45,none,no_price_available
2026-08-28T15:39:43.678309+00:00,2026-08-28T21:09:43.678309+05:30,NIFTYNXT50,29-Sep-2026,75400.0,PE,74159.15,,0,2956.9,550,0.0,,0,0,0,0,0,,,,,,,,,,,,,,,0.08702487067766997,,,,,,10.66,25,74434.85,74438.6,73843.7,74347.45,none,no_price_available
2026-08-28T15:39:43.678309+00:00,2026-08-28T21:09:43.678309+05:30,NIFTYNXT50,29-Sep-2026,75500.0,CE,74159.15,0.5,50,884.95,50,0.0,442.725,0,0,0,0,0,,,,,,,,,,,,,,,0.08702487067766997,74314.6,0.0240617835928469,0.0097,index_dividend_yield,0.065,10.66,25,74434.85,74438.6,73843.7,74347.45,mid_price,no_nse_iv
2026-08-28T15:39:43.678309+00:00,2026-08-28T21:09:43.678309+05:30,NIFTYNXT50,29-Sep-2026,75500.0,PE,74159.15,931.05,50,2841.35,550,0.0,1886.1999999999998,0,0,0,0,0,,,,,,,,,,,,,,,0.08702487067766997,74314.6,0.0240617835928469,0.0097,index_dividend_yield,0.065,10.66,25,74434.85,74438.6,73843.7,74347.45,mid_price,no_nse_iv
2026-08-28T15:39:43.678309+00:00,2026-08-28T21:09:43.678309+05:30,NIFTYNXT50,29-Sep-2026,75600.0,CE,74159.15,0.05,50,1124.05,50,0.0,562.05,0,0,0,0,0,,,,,,,,,,,,,,,0.08702487067766997,74314.6,0.0240617835928469,0.0097,index_dividend_yield,0.065,10.66,25,74434.85,74438.6,73843.7,74347.45,mid_price,no_nse_iv
2026-08-28T15:39:43.678309+00:00,2026-08-28T21:09:43.678309+05:30,NIFTYNXT50,29-Sep-2026,75600.0,PE,74159.15,968.15,50,2950.55,550,0.0,1959.3500000000001,0,0,0,0,0,,,,,,,,,,,,,,,0.08702487067766997,74314.6,0.0240617835928469,0.0097,index_dividend_yield,0.065,10.66,25,74434.85,74438.6,73843.7,74347.45,mid_price,no_nse_iv
2026-08-28T15:39:43.678309+00:00,2026-08-28T21:09:43.678309+05:30,NIFTYNXT50,29-Sep-2026,75700.0,CE,74159.15,0.05,50,1375.1,50,0.0,687.5749999999999,0,0,0,0,0,,,,,,,,,,,,,,,0.08702487067766997,74314.6,0.0240617835928469,0.0097,index_dividend_yield,0.065,10.66,25,74434.85,74438.6,73843.7,74347.45,mid_price,no_nse_iv
2026-08-28T15:39:43.678309+00:00,2026-08-28T21:09:43.678309+05:30,NIFTYNXT50,29-Sep-2026,75700.0,PE,74159.15,1006.25,50,3474.15,550,0.0,2240.2,0,0,0,0,0,,,,,,,,,,,,,,,0.08702487067766997,74314.6,0.0240617835928469,0.0097,index_dividend_yield,0.065,10.66,25,74434.85,74438.6,73843.7,74347.45,mid_price,no_nse_iv
2026-08-28T15:39:43.678309+00:00,2026-08-28T21:09:43.678309+05:30,NIFTYNXT50,29-Sep-2026,75800.0,CE,74159.15,,0,,0,0.0,,0,0,0,0,0,,,,,,,,,,,,,,,0.08702487067766997,,,,,,10.66,25,74434.85,74438.6,73843.7,74347.45,none,no_price_available
2026-08-28T15:39:43.678309+00:00,2026-08-28T21:09:43.678309+05:30,NIFTYNXT50,29-Sep-2026,75800.0,PE,74159.15,,0,,0,0.0,,0,0,0,0,0,,,,,,,,,,,,,,,0.08702487067766997,,,,,,10.66,25,74434.85,74438.6,73843.7,74347.45,none,no_price_available
2026-08-28T15:39:43.678309+00:00,2026-08-28T21:09:43.678309+05:30,NIFTYNXT50,29-Sep-2026,75900.0,CE,74159.15,0.05,50,1375.1,50,0.0,687.5749999999999,0,0,0,0,0,,,,,,,,,,,,,,,0.08702487067766997,74314.6,0.0240617835928469,0.0097,index_dividend_yield,0.065,10.66,25,74434.85,74438.6,73843.7,74347.45,mid_price,no_nse_iv
2026-08-28T15:39:43.678309+00:00,2026-08-28T21:09:43.678309+05:30,NIFTYNXT50,29-Sep-2026,75900.0,PE,74159.15,1085.4,50,3272.15,50,0.0,2178.775,0,0,0,0,0,,,,,,,,,,,,,,,0.08702487067766997,74314.6,0.0240617835928469,0.0097,index_dividend_yield,0.065,10.66,25,74434.85,74438.6,73843.7,74347.45,mid_price,no_nse_iv
2026-08-28T15:39:43.678309+00:00,2026-08-28T21:09:43.678309+05:30,NIFTYNXT50,29-Sep-2026,76000.0,CE,74159.15,101,50,768,25,0.0,434.5,0,0,0,0,0,,,,,,,,,,,,,,,0.08702487067766997,74314.6,0.0240617835928469,0.0097,index_dividend_yield,0.065,10.66,25,74434.85,74438.6,73843.7,74347.45,mid_price,no_nse_iv
2026-08-28T15:39:43.678309+00:00,2026-08-28T21:09:43.678309+05:30,NIFTYNXT50,29-Sep-2026,76000.0,PE,74159.15,1126.15,50,3262.2,550,0.0,2194.175,0,0,0,0,0,,,,,,,,,,,,,,,0.08702487067766997,74314.6,0.0240617835928469,0.0097,index_dividend_yield,0.065,10.66,25,74434.85,74438.6,73843.7,74347.45,mid_price,no_nse_iv
2026-08-28T15:39:43.678309+00:00,2026-08-28T21:09:43.678309+05:30,NIFTYNXT50,29-Sep-2026,76100.0,CE,74159.15,0.1,50,1001.7,50,0.0,500.90000000000003,0,0,0,0,0,,,,,,,,,,,,,,,0.08702487067766997,74314.6,0.0240617835928469,0.0097,index_dividend_yield,0.065,10.66,25,74434.85,74438.6,73843.7,74347.45,mid_price,no_nse_iv
2026-08-28T15:39:43.678309+00:00,2026-08-28T21:09:43.678309+05:30,NIFTYNXT50,29-Sep-2026,76100.0,PE,74159.15,1167.7,50,3138.9,50,0.0,2153.3,0,0,0,0,0,,,,,,,,,,,,,,,0.08702487067766997,74314.6,0.0240617835928469,0.0097,index_dividend_yield,0.065,10.66,25,74434.85,74438.6,73843.7,74347.45,mid_price,no_nse_iv
2026-08-28T15:39:43.678309+00:00,2026-08-28T21:09:43.678309+05:30,NIFTYNXT50,29-Sep-2026,76200.0,CE,74159.15,,0,1962,25,0.0,,0,0,0,0,0,,,,,,,,,,,,,,,0.08702487067766997,,,,,,10.66,25,74434.85,74438.6,73843.7,74347.45,none,no_price_available
2026-08-28T15:39:43.678309+00:00,2026-08-28T21:09:43.678309+05:30,NIFTYNXT50,29-Sep-2026,76200.0,PE,74159.15,,0,3502.1,550,0.0,,0,0,0,0,0,,,,,,,,,,,,,,,0.08702487067766997,,,,,,10.66,25,74434.85,74438.6,73843.7,74347.45,none,no_price_available
2026-08-28T15:39:43.678309+00:00,2026-08-28T21:09:43.678309+05:30,NIFTYNXT50,29-Sep-2026,76300.0,CE,74159.15,0.15,50,1869,25,0.0,934.575,0,0,0,0,0,,,,,,,,,,,,,,,0.08702487067766997,74314.6,0.0240617835928469,0.0097,index_dividend_yield,0.065,10.66,25,74434.85,74438.6,73843.7,74347.45,mid_price,no_nse_iv
2026-08-28T15:39:43.678309+00:00,2026-08-28T21:09:43.678309+05:30,NIFTYNXT50,29-Sep-2026,76300.0,PE,74159.15,1254.1,50,3611.3,550,0.0,2432.7,0,0,0,0,0,,,,,,,,,,,,,,,0.08702487067766997,74314.6,0.0240617835928469,0.0097,index_dividend_yield,0.065,10.66,25,74434.85,74438.6,73843.7,74347.45,mid_price,no_nse_iv
2026-08-28T15:39:43.678309+00:00,2026-08-28T21:09:43.678309+05:30,NIFTYNXT50,29-Sep-2026,76400.0,CE,74159.15,0.05,50,1430,75,0.0,715.025,0,0,0,0,0,,,,,,,,,,,,,,,0.08702487067766997,74314.6,0.0240617835928469,0.0097,index_dividend_yield,0.065,10.66,25,74434.85,74438.6,73843.7,74347.45,mid_price,no_nse_iv
2026-08-28T15:39:43.678309+00:00,2026-08-28T21:09:43.678309+05:30,NIFTYNXT50,29-Sep-2026,76400.0,PE,74159.15,1298.45,50,4110.35,550,0.0,2704.4,0,0,0,0,0,,,,,,,,,,,,,,,0.08702487067766997,74314.6,0.0240617835928469,0.0097,index_dividend_yield,0.065,10.66,25,74434.85,74438.6,73843.7,74347.45,mid_price,no_nse_iv
2026-08-28T15:39:43.678309+00:00,2026-08-28T21:09:43.678309+05:30,NIFTYNXT50,29-Sep-2026,76500.0,CE,74159.15,,0,719.4,25,0.0,,0,0,0,0,0,,,,,,,,,,,,,,,0.08702487067766997,,,,,,10.66,25,74434.85,74438.6,73843.7,74347.45,none,no_price_available
2026-08-28T15:39:43.678309+00:00,2026-08-28T21:09:43.678309+05:30,NIFTYNXT50,29-Sep-2026,76500.0,PE,74159.15,1343.8,50,3469.25,550,0.0,2406.525,0,0,0,0,0,,,,,,,,,,,,,,,0.08702487067766997,74314.6,0.0240617835928469,0.0097,index_dividend_yield,0.065,10.66,25,74434.85,74438.6,73843.7,74347.45,mid_price,no_nse_iv
2026-08-28T15:39:43.678309+00:00,2026-08-28T21:09:43.678309+05:30,NIFTYNXT50,29-Sep-2026,76600.0,CE,74159.15,,0,1340,25,0.0,,0,0,0,0,0,,,,,,,,,,,,,,,0.08702487067766997,,,,,,10.66,25,74434.85,74438.6,73843.7,74347.45,none,no_price_available
2026-08-28T15:39:43.678309+00:00,2026-08-28T21:09:43.678309+05:30,NIFTYNXT50,29-Sep-2026,76600.0,PE,74159.15,,0,4270.9,550,0.0,,0,0,0,0,0,,,,,,,,,,,,,,,0.08702487067766997,,,,,,10.66,25,74434.85,74438.6,73843.7,74347.45,none,no_price_available
2026-08-28T15:39:43.678309+00:00,2026-08-28T21:09:43.678309+05:30,NIFTYNXT50,29-Sep-2026,76700.0,CE,74159.15,0.05,50,1300,75,0.0,650.025,0,0,0,0,0,,,,,,,,,,,,,,,0.08702487067766997,74314.6,0.0240617835928469,0.0097,index_dividend_yield,0.065,10.66,25,74434.85,74438.6,73843.7,74347.45,mid_price,no_nse_iv
2026-08-28T15:39:43.678309+00:00,2026-08-28T21:09:43.678309+05:30,NIFTYNXT50,29-Sep-2026,76700.0,PE,74159.15,1437.35,50,4332.65,550,0.0,2885.0,0,0,0,0,0,,,,,,,,,,,,,,,0.08702487067766997,74314.6,0.0240617835928469,0.0097,index_dividend_yield,0.065,10.66,25,74434.85,74438.6,73843.7,74347.45,mid_price,no_nse_iv
2026-08-28T15:39:43.678309+00:00,2026-08-28T21:09:43.678309+05:30,NIFTYNXT50,29-Sep-2026,76800.0,CE,74159.15,0.05,50,1260,75,0.0,630.025,0,0,0,0,0,,,,,,,,,,,,,,,0.08702487067766997,74314.6,0.0240617835928469,0.0097,index_dividend_yield,0.065,10.66,25,74434.85,74438.6,73843.7,74347.45,mid_price,no_nse_iv
2026-08-28T15:39:43.678309+00:00,2026-08-28T21:09:43.678309+05:30,NIFTYNXT50,29-Sep-2026,76800.0,PE,74159.15,1485.45,50,4566.95,550,0.0,3026.2,0,0,0,0,0,,,,,,,,,,,,,,,0.08702487067766997,74314.6,0.0240617835928469,0.0097,index_dividend_yield,0.065,10.66,25,74434.85,74438.6,73843.7,74347.45,mid_price,no_nse_iv
2026-08-28T15:39:43.678309+00:00,2026-08-28T21:09:43.678309+05:30,NIFTYNXT50,29-Sep-2026,76900.0,CE,74159.15,0.05,50,1220,50,0.0,610.025,0,0,0,0,0,,,,,,,,,,,,,,,0.08702487067766997,74314.6,0.0240617835928469,0.0097,index_dividend_yield,0.065,10.66,25,74434.85,74438.6,73843.7,74347.45,mid_price,no_nse_iv
2026-08-28T15:39:43.678309+00:00,2026-08-28T21:09:43.678309+05:30,NIFTYNXT50,29-Sep-2026,76900.0,PE,74159.15,1534.3,50,4460,550,0.0,2997.15,0,0,0,0,0,,,,,,,,,,,,,,,0.08702487067766997,74314.6,0.0240617835928469,0.0097,index_dividend_yield,0.065,10.66,25,74434.85,74438.6,73843.7,74347.45,mid_price,no_nse_iv
2026-08-28T15:39:43.678309+00:00,2026-08-28T21:09:43.678309+05:30,NIFTYNXT50,29-Sep-2026,77000.0,CE,74159.15,0.05,50,649.45,25,0.0,324.75,0,0,0,0,0,,,,,,,,,,,,,,,0.08702487067766997,74314.6,0.0240617835928469,0.0097,index_dividend_yield,0.065,10.66,25,74434.85,74438.6,73843.7,74347.45,mid_price,no_nse_iv
2026-08-28T15:39:43.678309+00:00,2026-08-28T21:09:43.678309+05:30,NIFTYNXT50,29-Sep-2026,77000.0,PE,74159.15,,0,3965.65,550,0.0,,0,0,0,0,0,,,,,,,,,,,,,,,0.08702487067766997,,,,,,10.66,25,74434.85,74438.6,73843.7,74347.45,none,no_price_available
2026-08-28T15:39:43.678309+00:00,2026-08-28T21:09:43.678309+05:30,NIFTYNXT50,29-Sep-2026,77100.0,CE,74159.15,0.05,50,1150,50,0.0,575.025,0,0,0,0,0,,,,,,,,,,,,,,,0.08702487067766997,74314.6,0.0240617835928469,0.0097,index_dividend_yield,0.065,10.66,25,74434.85,74438.6,73843.7,74347.45,mid_price,no_nse_iv
2026-08-28T15:39:43.678309+00:00,2026-08-28T21:09:43.678309+05:30,NIFTYNXT50,29-Sep-2026,77100.0,PE,74159.15,1635.15,50,4596.5,550,0.0,3115.825,0,0,0,0,0,,,,,,,,,,,,,,,0.08702487067766997,74314.6,0.0240617835928469,0.0097,index_dividend_yield,0.065,10.66,25,74434.85,74438.6,73843.7,74347.45,mid_price,no_nse_iv
2026-08-28T15:39:43.678309+00:00,2026-08-28T21:09:43.678309+05:30,NIFTYNXT50,29-Sep-2026,77200.0,CE,74159.15,0.05,50,1112,50,0.0,556.025,0,0,0,0,0,,,,,,,,,,,,,,,0.08702487067766997,74314.6,0.0240617835928469,0.0097,index_dividend_yield,0.065,10.66,25,74434.85,74438.6,73843.7,74347.45,mid_price,no_nse_iv
2026-08-28T15:39:43.678309+00:00,2026-08-28T21:09:43.678309+05:30,NIFTYNXT50,29-Sep-2026,77200.0,PE,74159.15,1686.85,50,4616.45,550,0.0,3151.6499999999996,0,0,0,0,0,,,,,,,,,,,,,,,0.08702487067766997,74314.6,0.0240617835928469,0.0097,index_dividend_yield,0.065,10.66,25,74434.85,74438.6,73843.7,74347.45,mid_price,no_nse_iv
2026-08-28T15:39:43.678309+00:00,2026-08-28T21:09:43.678309+05:30,NIFTYNXT50,29-Sep-2026,77300.0,CE,74159.15,0.05,50,1075,50,0.0,537.525,0,0,0,0,0,,,,,,,,,,,,,,,0.08702487067766997,74314.6,0.0240617835928469,0.0097,index_dividend_yield,0.065,10.66,25,74434.85,74438.6,73843.7,74347.45,mid_price,no_nse_iv
2026-08-28T15:39:43.678309+00:00,2026-08-28T21:09:43.678309+05:30,NIFTYNXT50,29-Sep-2026,77300.0,PE,74159.15,1739.55,50,4897.7,550,0.0,3318.625,0,0,0,0,0,,,,,,,,,,,,,,,0.08702487067766997,74314.6,0.0240617835928469,0.0097,index_dividend_yield,0.065,10.66,25,74434.85,74438.6,73843.7,74347.45,mid_price,no_nse_iv
2026-08-28T15:39:43.678309+00:00,2026-08-28T21:09:43.678309+05:30,NIFTYNXT50,29-Sep-2026,77400.0,CE,74159.15,0.05,50,1040,50,0.0,520.025,0,0,0,0,0,,,,,,,,,,,,,,,0.08702487067766997,74314.6,0.0240617835928469,0.0097,index_dividend_yield,0.065,10.66,25,74434.85,74438.6,73843.7,74347.45,mid_price,no_nse_iv
2026-08-28T15:39:43.678309+00:00,2026-08-28T21:09:43.678309+05:30,NIFTYNXT50,29-Sep-2026,77400.0,PE,74159.15,,0,4750.75,550,0.0,,0,0,0,0,0,,,,,,,,,,,,,,,0.08702487067766997,,,,,,10.66,25,74434.85,74438.6,73843.7,74347.45,none,no_price_available
2026-08-28T15:39:43.678309+00:00,2026-08-28T21:09:43.678309+05:30,NIFTYNXT50,29-Sep-2026,77500.0,CE,74159.15,124.3,50,673.25,25,0.0,398.775,0,0,0,0,0,,,,,,,,,,,,,,,0.08702487067766997,74314.6,0.0240617835928469,0.0097,index_dividend_yield,0.065,10.66,25,74434.85,74438.6,73843.7,74347.45,mid_price,no_nse_iv
2026-08-28T15:39:43.678309+00:00,2026-08-28T21:09:43.678309+05:30,NIFTYNXT50,29-Sep-2026,77500.0,PE,74159.15,1847.45,50,4686.3,550,0.0,3266.875,0,0,0,0,0,,,,,,,,,,,,,,,0.08702487067766997,,,,,,10.66,25,74434.85,74438.6,73843.7,74347.45,mid_price,no_price_available
2026-08-28T15:39:43.678309+00:00,2026-08-28T21:09:43.678309+05:30,NIFTYNXT50,29-Sep-2026,77600.0,CE,74159.15,55.05,25,150.65,25,150.65,102.85,10,0,0,0,10,0.08691454181127635,7.230923711199756e-05,-6.408669169495622,34.60721514614666,2.19719341884092,-0.004268807719985668,653.5251924976819,4.3692334675959025e-08,0.0006425407372579199,-1.5144754842569338e-06,-1.8141443657844647,74.48969047335763,-0.08194561438206083,6.603889895291129e-05,0.08702487067766997,74314.6,0.0240617835928469,0.0097,index_dividend_yield,0.065,10.66,25,74434.85,74438.6,73843.7,74347.45,mid_price,wide_quote_low_liquidity
2026-08-28T15:39:43.678309+00:00,2026-08-28T21:09:43.678309+05:30,NIFTYNXT50,29-Sep-2026,77600.0,PE,74159.15,1902.65,50,4791.3,550,0.0,3346.9750000000004,0,0,0,0,0,,,,,,,,,,,,,,,0.08702487067766997,,,,,,10.66,25,74434.85,74438.6,73843.7,74347.45,mid_price,no_price_available
2026-08-28T15:39:43.678309+00:00,2026-08-28T21:09:43.678309+05:30,NIFTYNXT50,29-Sep-2026,77700.0,CE,74159.15,0.3,50,538.9,50,0.0,269.59999999999997,0,0,0,0,0,,,,,,,,,,,,,,,0.08702487067766997,74314.6,0.0240617835928469,0.0097,index_dividend_yield,0.065,10.66,25,74434.85,74438.6,73843.7,74347.45,mid_price,no_nse_iv
2026-08-28T15:39:43.678309+00:00,2026-08-28T21:09:43.678309+05:30,NIFTYNXT50,29-Sep-2026,77700.0,PE,74159.15,1958.8,50,4592.3,550,0.0,3275.55,0,0,0,0,0,,,,,,,,,,,,,,,0.08702487067766997,,,,,,10.66,25,74434.85,74438.6,73843.7,74347.45,mid_price,no_price_available
2026-08-28T15:39:43.678309+00:00,2026-08-28T21:09:43.678309+05:30,NIFTYNXT50,29-Sep-2026,77800.0,CE,74159.15,0.15,50,596.15,25,0.0,298.15,0,0,0,0,0,,,,,,,,,,,,,,,0.08702487067766997,74314.6,0.0240617835928469,0.0097,index_dividend_yield,0.065,10.66,25,74434.85,74438.6,73843.7,74347.45,mid_price,no_nse_iv
2026-08-28T15:39:43.678309+00:00,2026-08-28T21:09:43.678309+05:30,NIFTYNXT50,29-Sep-2026,77800.0,PE,74159.15,,0,4749.85,550,0.0,,0,0,0,0,0,,,,,,,,,,,,,,,0.08702487067766997,,,,,,10.66,25,74434.85,74438.6,73843.7,74347.45,none,no_price_available
2026-08-28T15:39:43.678309+00:00,2026-08-28T21:09:43.678309+05:30,NIFTYNXT50,29-Sep-2026,77900.0,CE,74159.15,0.2,50,820.8,50,0.0,410.5,0,0,0,0,0,,,,,,,,,,,,,,,0.08702487067766997,74314.6,0.0240617835928469,0.0097,index_dividend_yield,0.065,10.66,25,74434.85,74438.6,73843.7,74347.45,mid_price,no_nse_iv
2026-08-28T15:39:43.678309+00:00,2026-08-28T21:09:43.678309+05:30,NIFTYNXT50,29-Sep-2026,77900.0,PE,74159.15,2077.15,50,4854.45,550,0.0,3465.8,0,0,0,0,0,,,,,,,,,,,,,,,0.08702487067766997,,,,,,10.66,25,74434.85,74438.6,73843.7,74347.45,mid_price,no_price_available
2026-08-28T15:39:43.678309+00:00,2026-08-28T21:09:43.678309+05:30,NIFTYNXT50,29-Sep-2026,78000.0,CE,74159.15,0.05,50,438.65,25,0.0,219.35,0,0,0,0,0,,,,,,,,,,,,,,,0.08702487067766997,74314.6,0.0240617835928469,0.0097,index_dividend_yield,0.065,10.66,25,74434.85,74438.6,73843.7,74347.45,mid_price,no_nse_iv
2026-08-28T15:39:43.678309+00:00,2026-08-28T21:09:43.678309+05:30,NIFTYNXT50,29-Sep-2026,78000.0,PE,74159.15,2136.15,50,4792.65,550,0.0,3464.3999999999996,0,0,0,0,0,,,,,,,,,,,,,,,0.08702487067766997,,,,,,10.66,25,74434.85,74438.6,73843.7,74347.45,mid_price,no_price_available
2026-08-28T15:39:43.678309+00:00,2026-08-28T21:09:43.678309+05:30,NIFTYNXT50,29-Sep-2026,78100.0,CE,74159.15,0.1,50,631.1,25,0.0,315.6,0,0,0,0,0,,,,,,,,,,,,,,,0.08702487067766997,74314.6,0.0240617835928469,0.0097,index_dividend_yield,0.065,10.66,25,74434.85,74438.6,73843.7,74347.45,mid_price,no_nse_iv
2026-08-28T15:39:43.678309+00:00,2026-08-28T21:09:43.678309+05:30,NIFTYNXT50,29-Sep-2026,78100.0,PE,74159.15,2195.9,50,5056.55,550,0.0,3626.2250000000004,0,0,0,0,0,,,,,,,,,,,,,,,0.08702487067766997,,,,,,10.66,25,74434.85,74438.6,73843.7,74347.45,mid_price,no_price_available
2026-08-28T15:39:43.678309+00:00,2026-08-28T21:09:43.678309+05:30,NIFTYNXT50,29-Sep-2026,78200.0,CE,74159.15,,0,390,25,0.0,,0,0,0,0,0,,,,,,,,,,,,,,,0.08702487067766997,,,,,,10.66,25,74434.85,74438.6,73843.7,74347.45,none,no_price_available
2026-08-28T15:39:43.678309+00:00,2026-08-28T21:09:43.678309+05:30,NIFTYNXT50,29-Sep-2026,78200.0,PE,74159.15,,0,4908.35,550,0.0,,0,0,0,0,0,,,,,,,,,,,,,,,0.08702487067766997,,,,,,10.66,25,74434.85,74438.6,73843.7,74347.45,none,no_price_available
2026-08-28T15:39:43.678309+00:00,2026-08-28T21:09:43.678309+05:30,NIFTYNXT50,29-Sep-2026,78300.0,CE,74159.15,0.2,50,685.95,50,0.0,343.07500000000005,0,0,0,0,0,,,,,,,,,,,,,,,0.08702487067766997,74314.6,0.0240617835928469,0.0097,index_dividend_yield,0.065,10.66,25,74434.85,74438.6,73843.7,74347.45,mid_price,no_nse_iv
2026-08-28T15:39:43.678309+00:00,2026-08-28T21:09:43.678309+05:30,NIFTYNXT50,29-Sep-2026,78300.0,PE,74159.15,,0,5328.6,550,0.0,,0,0,0,0,0,,,,,,,,,,,,,,,0.08702487067766997,,,,,,10.66,25,74434.85,74438.6,73843.7,74347.45,none,no_price_available
2026-08-28T15:39:43.678309+00:00,2026-08-28T21:09:43.678309+05:30,NIFTYNXT50,29-Sep-2026,78400.0,CE,74159.15,0.15,50,722.85,50,0.0,361.5,0,0,0,0,0,,,,,,,,,,,,,,,0.08702487067766997,74314.6,0.0240617835928469,0.0097,index_dividend_yield,0.065,10.66,25,74434.85,74438.6,73843.7,74347.45,mid_price,no_nse_iv
2026-08-28T15:39:43.678309+00:00,2026-08-28T21:09:43.678309+05:30,NIFTYNXT50,29-Sep-2026,78400.0,PE,74159.15,,0,5474.55,550,0.0,,0,0,0,0,0,,,,,,,,,,,,,,,0.08702487067766997,,,,,,10.66,25,74434.85,74438.6,73843.7,74347.45,none,no_price_available
2026-08-28T15:39:43.678309+00:00,2026-08-28T21:09:43.678309+05:30,NIFTYNXT50,29-Sep-2026,78500.0,CE,74159.15,46.7,50,620,25,0.0,333.35,0,0,0,0,0,,,,,,,,,,,,,,,0.08702487067766997,74314.6,0.0240617835928469,0.0097,index_dividend_yield,0.065,10.66,25,74434.85,74438.6,73843.7,74347.45,mid_price,no_nse_iv
2026-08-28T15:39:43.678309+00:00,2026-08-28T21:09:43.678309+05:30,NIFTYNXT50,29-Sep-2026,78500.0,PE,74159.15,,0,5471.5,550,0.0,,0,0,0,0,0,,,,,,,,,,,,,,,0.08702487067766997,,,,,,10.66,25,74434.85,74438.6,73843.7,74347.45,none,no_price_available
2026-08-28T15:39:43.678309+00:00,2026-08-28T21:09:43.678309+05:30,NIFTYNXT50,29-Sep-2026,78600.0,CE,74159.15,40.75,50,871,75,0.0,455.875,0,0,0,0,0,,,,,,,,,,,,,,,0.08702487067766997,74314.6,0.0240617835928469,0.0097,index_dividend_yield,0.065,10.66,25,74434.85,74438.6,73843.7,74347.45,mid_price,no_nse_iv
2026-08-28T15:39:43.678309+00:00,2026-08-28T21:09:43.678309+05:30,NIFTYNXT50,29-Sep-2026,78600.0,PE,74159.15,,0,5578.2,550,0.0,,0,0,0,0,0,,,,,,,,,,,,,,,0.08702487067766997,,,,,,10.66,25,74434.85,74438.6,73843.7,74347.45,none,no_price_available
2026-08-28T15:39:43.678309+00:00,2026-08-28T21:09:43.678309+05:30,NIFTYNXT50,29-Sep-2026,78700.0,CE,74159.15,35.15,50,846,50,0.0,440.575,0,0,0,0,0,,,,,,,,,,,,,,,0.08702487067766997,74314.6,0.0240617835928469,0.0097,index_dividend_yield,0.065,10.66,25,74434.85,74438.6,73843.7,74347.45,mid_price,no_nse_iv
2026-08-28T15:39:43.678309+00:00,2026-08-28T21:09:43.678309+05:30,NIFTYNXT50,29-Sep-2026,78700.0,PE,74159.15,,0,5684.85,550,0.0,,0,0,0,0,0,,,,,,,,,,,,,,,0.08702487067766997,,,,,,10.66,25,74434.85,74438.6,73843.7,74347.45,none,no_price_available
2026-08-28T15:39:43.678309+00:00,2026-08-28T21:09:43.678309+05:30,NIFTYNXT50,29-Sep-2026,78800.0,CE,0,,0,,0,0.0,,0,0,0,0,0,,,,,,,,,,,,,,,0.08702487067766997,,,,,,10.66,25,74434.85,74438.6,73843.7,74347.45,none,no_price_available
2026-08-28T15:39:43.678309+00:00,2026-08-28T21:09:43.678309+05:30,NIFTYNXT50,29-Sep-2026,78800.0,PE,74159.15,,0,5791.55,550,0.0,,0,0,0,0,0,,,,,,,,,,,,,,,0.08702487067766997,,,,,,10.66,25,74434.85,74438.6,73843.7,74347.45,none,no_price_available
2026-08-28T15:39:43.678309+00:00,2026-08-28T21:09:43.678309+05:30,NIFTYNXT50,29-Sep-2026,78900.0,CE,0,,0,,0,0.0,,0,0,0,0,0,,,,,,,,,,,,,,,0.08702487067766997,,,,,,10.66,25,74434.85,74438.6,73843.7,74347.45,none,no_price_available
2026-08-28T15:39:43.678309+00:00,2026-08-28T21:09:43.678309+05:30,NIFTYNXT50,29-Sep-2026,78900.0,PE,74159.15,,0,5898.25,550,0.0,,0,0,0,0,0,,,,,,,,,,,,,,,0.08702487067766997,,,,,,10.66,25,74434.85,74438.6,73843.7,74347.45,none,no_price_available
2026-08-28T15:39:43.678309+00:00,2026-08-28T21:09:43.678309+05:30,NIFTYNXT50,29-Sep-2026,79000.0,CE,74159.15,20.6,50,599.6,25,0.0,310.1,0,0,0,0,0,,,,,,,,,,,,,,,0.08702487067766997,74314.6,0.0240617835928469,0.0097,index_dividend_yield,0.065,10.66,25,74434.85,74438.6,73843.7,74347.45,mid_price,no_nse_iv
2026-08-28T15:39:43.678309+00:00,2026-08-28T21:09:43.678309+05:30,NIFTYNXT50,29-Sep-2026,79000.0,PE,74159.15,,0,5983.15,550,0.0,,0,0,0,0,0,,,,,,,,,,,,,,,0.08702487067766997,,,,,,10.66,25,74434.85,74438.6,73843.7,74347.45,none,no_price_available
2026-08-28T15:39:43.678309+00:00,2026-08-28T21:09:43.678309+05:30,NIFTYNXT50,29-Sep-2026,79100.0,CE,0,,0,,0,0.0,,0,0,0,0,0,,,,,,,,,,,,,,,0.08702487067766997,,,,,,10.66,25,74434.85,74438.6,73843.7,74347.45,none,no_price_available
2026-08-28T15:39:43.678309+00:00,2026-08-28T21:09:43.678309+05:30,NIFTYNXT50,29-Sep-2026,79100.0,PE,74159.15,,0,6089.85,550,0.0,,0,0,0,0,0,,,,,,,,,,,,,,,0.08702487067766997,,,,,,10.66,25,74434.85,74438.6,73843.7,74347.45,none,no_price_available
2026-08-28T15:39:43.678309+00:00,2026-08-28T21:09:43.678309+05:30,NIFTYNXT50,29-Sep-2026,79200.0,CE,0,,0,,0,0.0,,0,0,0,0,0,,,,,,,,,,,,,,,0.08702487067766997,,,,,,10.66,25,74434.85,74438.6,73843.7,74347.45,none,no_price_available
2026-08-28T15:39:43.678309+00:00,2026-08-28T21:09:43.678309+05:30,NIFTYNXT50,29-Sep-2026,79200.0,PE,74159.15,,0,6196.5,550,0.0,,0,0,0,0,0,,,,,,,,,,,,,,,0.08702487067766997,,,,,,10.66,25,74434.85,74438.6,73843.7,74347.45,none,no_price_available
2026-08-28T15:39:43.678309+00:00,2026-08-28T21:09:43.678309+05:30,NIFTYNXT50,29-Sep-2026,79300.0,CE,0,,0,,0,0.0,,0,0,0,0,0,,,,,,,,,,,,,,,0.08702487067766997,,,,,,10.66,25,74434.85,74438.6,73843.7,74347.45,none,no_price_available
2026-08-28T15:39:43.678309+00:00,2026-08-28T21:09:43.678309+05:30,NIFTYNXT50,29-Sep-2026,79300.0,PE,74159.15,,0,6303.2,550,0.0,,0,0,0,0,0,,,,,,,,,,,,,,,0.08702487067766997,,,,,,10.66,25,74434.85,74438.6,73843.7,74347.45,none,no_price_available
2026-08-28T15:39:43.678309+00:00,2026-08-28T21:09:43.678309+05:30,NIFTYNXT50,29-Sep-2026,79400.0,CE,0,,0,,0,0.0,,0,0,0,0,0,,,,,,,,,,,,,,,0.08702487067766997,,,,,,10.66,25,74434.85,74438.6,73843.7,74347.45,none,no_price_available
2026-08-28T15:39:43.678309+00:00,2026-08-28T21:09:43.678309+05:30,NIFTYNXT50,29-Sep-2026,79400.0,PE,74159.15,,0,6409.85,550,0.0,,0,0,0,0,0,,,,,,,,,,,,,,,0.08702487067766997,,,,,,10.66,25,74434.85,74438.6,73843.7,74347.45,none,no_price_available
2026-08-28T15:39:43.678309+00:00,2026-08-28T21:09:43.678309+05:30,NIFTYNXT50,29-Sep-2026,79500.0,CE,74159.15,1.65,50,419.55,25,0.0,210.6,0,0,0,0,0,,,,,,,,,,,,,,,0.08702487067766997,74314.6,0.0240617835928469,0.0097,index_dividend_yield,0.065,10.66,25,74434.85,74438.6,73843.7,74347.45,mid_price,no_nse_iv
2026-08-28T15:39:43.678309+00:00,2026-08-28T21:09:43.678309+05:30,NIFTYNXT50,29-Sep-2026,79500.0,PE,74159.15,,0,6324.45,550,0.0,,0,0,0,0,0,,,,,,,,,,,,,,,0.08702487067766997,,,,,,10.66,25,74434.85,74438.6,73843.7,74347.45,none,no_price_available
2026-08-28T15:39:43.678309+00:00,2026-08-28T21:09:43.678309+05:30,NIFTYNXT50,29-Sep-2026,79600.0,CE,0,,0,,0,0.0,,0,0,0,0,0,,,,,,,,,,,,,,,0.08702487067766997,,,,,,10.66,25,74434.85,74438.6,73843.7,74347.45,none,no_price_available
2026-08-28T15:39:43.678309+00:00,2026-08-28T21:09:43.678309+05:30,NIFTYNXT50,29-Sep-2026,79600.0,PE,74159.15,,0,6431.15,550,0.0,,0,0,0,0,0,,,,,,,,,,,,,,,0.08702487067766997,,,,,,10.66,25,74434.85,74438.6,73843.7,74347.45,none,no_price_available
2026-08-28T15:39:43.678309+00:00,2026-08-28T21:09:43.678309+05:30,NIFTYNXT50,29-Sep-2026,79700.0,CE,0,,0,,0,0.0,,0,0,0,0,0,,,,,,,,,,,,,,,0.08702487067766997,,,,,,10.66,25,74434.85,74438.6,73843.7,74347.45,none,no_price_available
2026-08-28T15:39:43.678309+00:00,2026-08-28T21:09:43.678309+05:30,NIFTYNXT50,29-Sep-2026,79700.0,PE,74159.15,,0,6537.85,550,0.0,,0,0,0,0,0,,,,,,,,,,,,,,,0.08702487067766997,,,,,,10.66,25,74434.85,74438.6,73843.7,74347.45,none,no_price_available
2026-08-28T15:39:43.678309+00:00,2026-08-28T21:09:43.678309+05:30,NIFTYNXT50,29-Sep-2026,79800.0,CE,0,,0,,0,0.0,,0,0,0,0,0,,,,,,,,,,,,,,,0.08702487067766997,,,,,,10.66,25,74434.85,74438.6,73843.7,74347.45,none,no_price_available
2026-08-28T15:39:43.678309+00:00,2026-08-28T21:09:43.678309+05:30,NIFTYNXT50,29-Sep-2026,79800.0,PE,74159.15,,0,6644.5,550,0.0,,0,0,0,0,0,,,,,,,,,,,,,,,0.08702487067766997,,,,,,10.66,25,74434.85,74438.6,73843.7,74347.45,none,no_price_available
2026-08-28T15:39:43.678309+00:00,2026-08-28T21:09:43.678309+05:30,NIFTYNXT50,29-Sep-2026,79900.0,CE,0,,0,,0,0.0,,0,0,0,0,0,,,,,,,,,,,,,,,0.08702487067766997,,,,,,10.66,25,74434.85,74438.6,73843.7,74347.45,none,no_price_available
2026-08-28T15:39:43.678309+00:00,2026-08-28T21:09:43.678309+05:30,NIFTYNXT50,29-Sep-2026,79900.0,PE,74159.15,,0,6751.2,550,0.0,,0,0,0,0,0,,,,,,,,,,,,,,,0.08702487067766997,,,,,,10.66,25,74434.85,74438.6,73843.7,74347.45,none,no_price_available
2026-08-28T15:39:43.678309+00:00,2026-08-28T21:09:43.678309+05:30,NIFTYNXT50,29-Sep-2026,80000.0,CE,74159.15,0.05,50,398,25,0.0,199.025,0,0,0,0,0,,,,,,,,,,,,,,,0.08702487067766997,74314.6,0.0240617835928469,0.0097,index_dividend_yield,0.065,10.66,25,74434.85,74438.6,73843.7,74347.45,mid_price,no_nse_iv
2026-08-28T15:39:43.678309+00:00,2026-08-28T21:09:43.678309+05:30,NIFTYNXT50,29-Sep-2026,80000.0,PE,74159.15,,0,6834.9,550,0.0,,0,0,0,0,0,,,,,,,,,,,,,,,0.08702487067766997,,,,,,10.66,25,74434.85,74438.6,73843.7,74347.45,none,no_price_available
2026-08-28T15:39:43.678309+00:00,2026-08-28T21:09:43.678309+05:30,NIFTYNXT50,29-Sep-2026,80100.0,CE,0,,0,,0,0.0,,0,0,0,0,0,,,,,,,,,,,,,,,0.08702487067766997,,,,,,10.66,25,74434.85,74438.6,73843.7,74347.45,none,no_price_available
2026-08-28T15:39:43.678309+00:00,2026-08-28T21:09:43.678309+05:30,NIFTYNXT50,29-Sep-2026,80100.0,PE,74159.15,,0,6941.55,550,0.0,,0,0,0,0,0,,,,,,,,,,,,,,,0.08702487067766997,,,,,,10.66,25,74434.85,74438.6,73843.7,74347.45,none,no_price_available
2026-08-28T15:39:43.678309+00:00,2026-08-28T21:09:43.678309+05:30,NIFTYNXT50,29-Sep-2026,80200.0,CE,0,,0,,0,0.0,,0,0,0,0,0,,,,,,,,,,,,,,,0.08702487067766997,,,,,,10.66,25,74434.85,74438.6,73843.7,74347.45,none,no_price_available
2026-08-28T15:39:43.678309+00:00,2026-08-28T21:09:43.678309+05:30,NIFTYNXT50,29-Sep-2026,80200.0,PE,74159.15,,0,7048.25,550,0.0,,0,0,0,0,0,,,,,,,,,,,,,,,0.08702487067766997,,,,,,10.66,25,74434.85,74438.6,73843.7,74347.45,none,no_price_available
2026-08-28T15:39:43.678309+00:00,2026-08-28T21:09:43.678309+05:30,NIFTYNXT50,29-Sep-2026,80300.0,CE,0,,0,,0,0.0,,0,0,0,0,0,,,,,,,,,,,,,,,0.08702487067766997,,,,,,10.66,25,74434.85,74438.6,73843.7,74347.45,none,no_price_available
2026-08-28T15:39:43.678309+00:00,2026-08-28T21:09:43.678309+05:30,NIFTYNXT50,29-Sep-2026,80300.0,PE,74159.15,,0,7154.95,550,0.0,,0,0,0,0,0,,,,,,,,,,,,,,,0.08702487067766997,,,,,,10.66,25,74434.85,74438.6,73843.7,74347.45,none,no_price_available
2026-08-28T15:39:43.678309+00:00,2026-08-28T21:09:43.678309+05:30,NIFTYNXT50,29-Sep-2026,80400.0,CE,0,,0,,0,0.0,,0,0,0,0,0,,,,,,,,,,,,,,,0.08702487067766997,,,,,,10.66,25,74434.85,74438.6,73843.7,74347.45,none,no_price_available
2026-08-28T15:39:43.678309+00:00,2026-08-28T21:09:43.678309+05:30,NIFTYNXT50,29-Sep-2026,80400.0,PE,74159.15,,0,7261.6,550,0.0,,0,0,0,0,0,,,,,,,,,,,,,,,0.08702487067766997,,,,,,10.66,25,74434.85,74438.6,73843.7,74347.45,none,no_price_available
2026-08-28T15:39:43.678309+00:00,2026-08-28T21:09:43.678309+05:30,NIFTYNXT50,29-Sep-2026,80500.0,CE,0,,0,,0,0.0,,0,0,0,0,0,,,,,,,,,,,,,,,0.08702487067766997,,,,,,10.66,25,74434.85,74438.6,73843.7,74347.45,none,no_price_available
2026-08-28T15:39:43.678309+00:00,2026-08-28T21:09:43.678309+05:30,NIFTYNXT50,29-Sep-2026,80500.0,PE,74159.15,,0,7368.3,550,0.0,,0,0,0,0,0,,,,,,,,,,,,,,,0.08702487067766997,,,,,,10.66,25,74434.85,74438.6,73843.7,74347.45,none,no_price_available
2026-08-28T15:39:43.678309+00:00,2026-08-28T21:09:43.678309+05:30,NIFTYNXT50,29-Sep-2026,80600.0,CE,0,,0,,0,0.0,,0,0,0,0,0,,,,,,,,,,,,,,,0.08702487067766997,,,,,,10.66,25,74434.85,74438.6,73843.7,74347.45,none,no_price_available
2026-08-28T15:39:43.678309+00:00,2026-08-28T21:09:43.678309+05:30,NIFTYNXT50,29-Sep-2026,80600.0,PE,74159.15,,0,7474.95,550,0.0,,0,0,0,0,0,,,,,,,,,,,,,,,0.08702487067766997,,,,,,10.66,25,74434.85,74438.6,73843.7,74347.45,none,no_price_available
2026-08-28T15:39:43.678309+00:00,2026-08-28T21:09:43.678309+05:30,NIFTYNXT50,29-Sep-2026,80700.0,CE,0,,0,,0,0.0,,0,0,0,0,0,,,,,,,,,,,,,,,0.08702487067766997,,,,,,10.66,25,74434.85,74438.6,73843.7,74347.45,none,no_price_available
2026-08-28T15:39:43.678309+00:00,2026-08-28T21:09:43.678309+05:30,NIFTYNXT50,29-Sep-2026,80700.0,PE,74159.15,,0,7581.65,550,0.0,,0,0,0,0,0,,,,,,,,,,,,,,,0.08702487067766997,,,,,,10.66,25,74434.85,74438.6,73843.7,74347.45,none,no_price_available
2026-08-28T15:39:43.678309+00:00,2026-08-28T21:09:43.678309+05:30,NIFTYNXT50,29-Sep-2026,80800.0,CE,0,,0,,0,0.0,,0,0,0,0,0,,,,,,,,,,,,,,,0.08702487067766997,,,,,,10.66,25,74434.85,74438.6,73843.7,74347.45,none,no_price_available
2026-08-28T15:39:43.678309+00:00,2026-08-28T21:09:43.678309+05:30,NIFTYNXT50,29-Sep-2026,80800.0,PE,74159.15,,0,7688.35,550,0.0,,0,0,0,0,0,,,,,,,,,,,,,,,0.08702487067766997,,,,,,10.66,25,74434.85,74438.6,73843.7,74347.45,none,no_price_available
2026-08-28T15:39:43.678309+00:00,2026-08-28T21:09:43.678309+05:30,NIFTYNXT50,29-Sep-2026,80900.0,CE,0,,0,,0,0.0,,0,0,0,0,0,,,,,,,,,,,,,,,0.08702487067766997,,,,,,10.66,25,74434.85,74438.6,73843.7,74347.45,none,no_price_available
2026-08-28T15:39:43.678309+00:00,2026-08-28T21:09:43.678309+05:30,NIFTYNXT50,29-Sep-2026,80900.0,PE,74159.15,,0,7795,550,0.0,,0,0,0,0,0,,,,,,,,,,,,,,,0.08702487067766997,,,,,,10.66,25,74434.85,74438.6,73843.7,74347.45,none,no_price_available
2026-08-28T15:39:43.678309+00:00,2026-08-28T21:09:43.678309+05:30,NIFTYNXT50,29-Sep-2026,81000.0,CE,0,,0,,0,0.0,,0,0,0,0,0,,,,,,,,,,,,,,,0.08702487067766997,,,,,,10.66,25,74434.85,74438.6,73843.7,74347.45,none,no_price_available
2026-08-28T15:39:43.678309+00:00,2026-08-28T21:09:43.678309+05:30,NIFTYNXT50,29-Sep-2026,81000.0,PE,74159.15,,0,7901.7,550,0.0,,0,0,0,0,0,,,,,,,,,,,,,,,0.08702487067766997,,,,,,10.66,25,74434.85,74438.6,73843.7,74347.45,none,no_price_available
2026-08-28T15:39:43.678309+00:00,2026-08-28T21:09:43.678309+05:30,NIFTYNXT50,29-Sep-2026,81500.0,CE,0,,0,,0,0.0,,0,0,0,0,0,,,,,,,,,,,,,,,0.08702487067766997,,,,,,10.66,25,74434.85,74438.6,73843.7,74347.45,none,no_price_available
2026-08-28T15:39:43.678309+00:00,2026-08-28T21:09:43.678309+05:30,NIFTYNXT50,29-Sep-2026,81500.0,PE,74159.15,,0,8435.1,550,0.0,,0,0,0,0,0,,,,,,,,,,,,,,,0.08702487067766997,,,,,,10.66,25,74434.85,74438.6,73843.7,74347.45,none,no_price_available
2026-08-28T15:39:43.678309+00:00,2026-08-28T21:09:43.678309+05:30,NIFTYNXT50,29-Sep-2026,82000.0,CE,0,,0,,0,0.0,,0,0,0,0,0,,,,,,,,,,,,,,,0.08702487067766997,,,,,,10.66,25,74434.85,74438.6,73843.7,74347.45,none,no_price_available
2026-08-28T15:39:43.678309+00:00,2026-08-28T21:09:43.678309+05:30,NIFTYNXT50,29-Sep-2026,82000.0,PE,74159.15,,0,8968.5,550,0.0,,0,0,0,0,0,,,,,,,,,,,,,,,0.08702487067766997,,,,,,10.66,25,74434.85,74438.6,73843.7,74347.45,none,no_price_available
2026-08-28T15:39:43.678309+00:00,2026-08-28T21:09:43.678309+05:30,NIFTYNXT50,29-Sep-2026,82500.0,CE,0,,0,,0,0.0,,0,0,0,0,0,,,,,,,,,,,,,,,0.08702487067766997,,,,,,10.66,25,74434.85,74438.6,73843.7,74347.45,none,no_price_available
2026-08-28T15:39:43.678309+00:00,2026-08-28T21:09:43.678309+05:30,NIFTYNXT50,29-Sep-2026,82500.0,PE,74159.15,,0,9501.9,550,0.0,,0,0,0,0,0,,,,,,,,,,,,,,,0.08702487067766997,,,,,,10.66,25,74434.85,74438.6,73843.7,74347.45,none,no_price_available
2026-08-28T15:39:43.678309+00:00,2026-08-28T21:09:43.678309+05:30,NIFTYNXT50,29-Sep-2026,83000.0,CE,0,,0,,0,0.0,,0,0,0,0,0,,,,,,,,,,,,,,,0.08702487067766997,,,,,,10.66,25,74434.85,74438.6,73843.7,74347.45,none,no_price_available
2026-08-28T15:39:43.678309+00:00,2026-08-28T21:09:43.678309+05:30,NIFTYNXT50,29-Sep-2026,83000.0,PE,74159.15,,0,10081.15,550,0.0,,0,0,0,0,0,,,,,,,,,,,,,,,0.08702487067766997,,,,,,10.66,25,74434.85,74438.6,73843.7,74347.45,none,no_price_available
2026-08-28T15:39:43.678309+00:00,2026-08-28T21:09:43.678309+05:30,NIFTYNXT50,29-Sep-2026,83500.0,CE,0,,0,,0,0.0,,0,0,0,0,0,,,,,,,,,,,,,,,0.08702487067766997,,,,,,10.66,25,74434.85,74438.6,73843.7,74347.45,none,no_price_available
2026-08-28T15:39:43.678309+00:00,2026-08-28T21:09:43.678309+05:30,NIFTYNXT50,29-Sep-2026,83500.0,PE,74159.15,,0,10568.7,550,0.0,,0,0,0,0,0,,,,,,,,,,,,,,,0.08702487067766997,,,,,,10.66,25,74434.85,74438.6,73843.7,74347.45,none,no_price_available
2026-08-28T15:39:43.678309+00:00,2026-08-28T21:09:43.678309+05:30,NIFTYNXT50,29-Sep-2026,84000.0,CE,74159.15,,0,90,25,0.0,,0,0,0,0,0,,,,,,,,,,,,,,,0.08702487067766997,,,,,,10.66,25,74434.85,74438.6,73843.7,74347.45,none,no_price_available
2026-08-28T15:39:43.678309+00:00,2026-08-28T21:09:43.678309+05:30,NIFTYNXT50,29-Sep-2026,84000.0,PE,74159.15,,0,11102.1,550,0.0,,0,0,0,0,0,,,,,,,,,,,,,,,0.08702487067766997,,,,,,10.66,25,74434.85,74438.6,73843.7,74347.45,none,no_price_available
2026-08-28T15:39:43.678309+00:00,2026-08-28T21:09:43.678309+05:30,NIFTYNXT50,29-Sep-2026,84500.0,CE,0,,0,,0,0.0,,0,0,0,0,0,,,,,,,,,,,,,,,0.08702487067766997,,,,,,10.66,25,74434.85,74438.6,73843.7,74347.45,none,no_price_available
2026-08-28T15:39:43.678309+00:00,2026-08-28T21:09:43.678309+05:30,NIFTYNXT50,29-Sep-2026,84500.0,PE,74159.15,,0,11634.4,550,0.0,,0,0,0,0,0,,,,,,,,,,,,,,,0.08702487067766997,,,,,,10.66,25,74434.85,74438.6,73843.7,74347.45,none,no_price_available
2026-08-28T15:39:43.678309+00:00,2026-08-28T21:09:43.678309+05:30,NIFTYNXT50,29-Sep-2026,85000.0,CE,0,,0,,0,0.0,,0,0,0,0,0,,,,,,,,,,,,,,,0.08702487067766997,,,,,,10.66,25,74434.85,74438.6,73843.7,74347.45,none,no_price_available
2026-08-28T15:39:43.678309+00:00,2026-08-28T21:09:43.678309+05:30,NIFTYNXT50,29-Sep-2026,85000.0,PE,74159.15,,0,12224.2,550,0.0,,0,0,0,0,0,,,,,,,,,,,,,,,0.08702487067766997,,,,,,10.66,25,74434.85,74438.6,73843.7,74347.45,none,no_price_available
