fetch_ts_utc,fetch_ts_ist,symbol,expiry_date,strike,option_type,underlying_value,bid_price,bid_qty,ask_price,ask_qty,ltp,mid_price,open_interest,change_in_oi,total_traded_volume,pchange_vs_prev_close,nse_iv,delta,gamma,theta,vega,vanna,charm,vomma,speed,zomma,color,veta,omega,dual_delta,dual_gamma,time_to_expiry_years,futures_price,implied_cost_of_carry,dividend_yield_used,dividend_yield_source,risk_free_rate_used,india_vix,lot_size,underlying_day_open,underlying_day_high,underlying_day_low,underlying_prev_close,price_source_for_iv,data_quality_flag
2026-09-10T08:23:36.478383+00:00,2026-09-10T13:53:36.478383+05:30,NIFTYNXT50,29-Sep-2026,61000.0,CE,72552.75,,0,13285.85,550,0.0,,0,0,0,0,0,,,,,,,,,,,,,,,0.05223818878795662,,,,,,11.82,25,72899.5,72993.65,72527.05,72853.85,none,no_price_available
2026-09-10T08:23:36.478383+00:00,2026-09-10T13:53:36.478383+05:30,NIFTYNXT50,29-Sep-2026,61000.0,PE,0,,0,,0,0.0,,0,0,0,0,0,,,,,,,,,,,,,,,0.05223818878795662,,,,,,11.82,25,72899.5,72993.65,72527.05,72853.85,none,no_price_available
2026-09-10T08:23:36.478383+00:00,2026-09-10T13:53:36.478383+05:30,NIFTYNXT50,29-Sep-2026,61500.0,CE,72552.75,,0,12785.1,550,0.0,,0,0,0,0,0,,,,,,,,,,,,,,,0.05223818878795662,,,,,,11.82,25,72899.5,72993.65,72527.05,72853.85,none,no_price_available
2026-09-10T08:23:36.478383+00:00,2026-09-10T13:53:36.478383+05:30,NIFTYNXT50,29-Sep-2026,61500.0,PE,0,,0,,0,0.0,,0,0,0,0,0,,,,,,,,,,,,,,,0.05223818878795662,,,,,,11.82,25,72899.5,72993.65,72527.05,72853.85,none,no_price_available
2026-09-10T08:23:36.478383+00:00,2026-09-10T13:53:36.478383+05:30,NIFTYNXT50,29-Sep-2026,62000.0,CE,72552.75,,0,12251.7,550,0.0,,0,0,0,0,0,,,,,,,,,,,,,,,0.05223818878795662,,,,,,11.82,25,72899.5,72993.65,72527.05,72853.85,none,no_price_available
2026-09-10T08:23:36.478383+00:00,2026-09-10T13:53:36.478383+05:30,NIFTYNXT50,29-Sep-2026,62000.0,PE,0,,0,,0,0.0,,0,0,0,0,0,,,,,,,,,,,,,,,0.05223818878795662,,,,,,11.82,25,72899.5,72993.65,72527.05,72853.85,none,no_price_available
2026-09-10T08:23:36.478383+00:00,2026-09-10T13:53:36.478383+05:30,NIFTYNXT50,29-Sep-2026,62500.0,CE,72552.75,,0,11718.3,550,0.0,,0,0,0,0,0,,,,,,,,,,,,,,,0.05223818878795662,,,,,,11.82,25,72899.5,72993.65,72527.05,72853.85,none,no_price_available
2026-09-10T08:23:36.478383+00:00,2026-09-10T13:53:36.478383+05:30,NIFTYNXT50,29-Sep-2026,62500.0,PE,0,,0,,0,0.0,,0,0,0,0,0,,,,,,,,,,,,,,,0.05223818878795662,,,,,,11.82,25,72899.5,72993.65,72527.05,72853.85,none,no_price_available
2026-09-10T08:23:36.478383+00:00,2026-09-10T13:53:36.478383+05:30,NIFTYNXT50,29-Sep-2026,63000.0,CE,72552.75,,0,11184.9,550,0.0,,0,0,0,0,0,,,,,,,,,,,,,,,0.05223818878795662,,,,,,11.82,25,72899.5,72993.65,72527.05,72853.85,none,no_price_available
2026-09-10T08:23:36.478383+00:00,2026-09-10T13:53:36.478383+05:30,NIFTYNXT50,29-Sep-2026,63000.0,PE,0,,0,,0,0.0,,0,0,0,0,0,,,,,,,,,,,,,,,0.05223818878795662,,,,,,11.82,25,72899.5,72993.65,72527.05,72853.85,none,no_price_available
2026-09-10T08:23:36.478383+00:00,2026-09-10T13:53:36.478383+05:30,NIFTYNXT50,29-Sep-2026,63500.0,CE,72552.75,,0,10651.5,550,0.0,,0,0,0,0,0,,,,,,,,,,,,,,,0.05223818878795662,,,,,,11.82,25,72899.5,72993.65,72527.05,72853.85,none,no_price_available
2026-09-10T08:23:36.478383+00:00,2026-09-10T13:53:36.478383+05:30,NIFTYNXT50,29-Sep-2026,63500.0,PE,0,,0,,0,0.0,,0,0,0,0,0,,,,,,,,,,,,,,,0.05223818878795662,,,,,,11.82,25,72899.5,72993.65,72527.05,72853.85,none,no_price_available
2026-09-10T08:23:36.478383+00:00,2026-09-10T13:53:36.478383+05:30,NIFTYNXT50,29-Sep-2026,64000.0,CE,72552.75,,0,10118.1,550,0.0,,0,0,0,0,0,,,,,,,,,,,,,,,0.05223818878795662,,,,,,11.82,25,72899.5,72993.65,72527.05,72853.85,none,no_price_available
2026-09-10T08:23:36.478383+00:00,2026-09-10T13:53:36.478383+05:30,NIFTYNXT50,29-Sep-2026,64000.0,PE,0,,0,,0,0.0,,0,0,0,0,0,,,,,,,,,,,,,,,0.05223818878795662,,,,,,11.82,25,72899.5,72993.65,72527.05,72853.85,none,no_price_available
2026-09-10T08:23:36.478383+00:00,2026-09-10T13:53:36.478383+05:30,NIFTYNXT50,29-Sep-2026,64100.0,CE,72552.75,,0,10011.4,550,0.0,,0,0,0,0,0,,,,,,,,,,,,,,,0.05223818878795662,,,,,,11.82,25,72899.5,72993.65,72527.05,72853.85,none,no_price_available
2026-09-10T08:23:36.478383+00:00,2026-09-10T13:53:36.478383+05:30,NIFTYNXT50,29-Sep-2026,64100.0,PE,0,,0,,0,0.0,,0,0,0,0,0,,,,,,,,,,,,,,,0.05223818878795662,,,,,,11.82,25,72899.5,72993.65,72527.05,72853.85,none,no_price_available
2026-09-10T08:23:36.478383+00:00,2026-09-10T13:53:36.478383+05:30,NIFTYNXT50,29-Sep-2026,64200.0,CE,72552.75,,0,9872.1,550,0.0,,0,0,0,0,0,,,,,,,,,,,,,,,0.05223818878795662,,,,,,11.82,25,72899.5,72993.65,72527.05,72853.85,none,no_price_available
2026-09-10T08:23:36.478383+00:00,2026-09-10T13:53:36.478383+05:30,NIFTYNXT50,29-Sep-2026,64200.0,PE,0,,0,,0,0.0,,0,0,0,0,0,,,,,,,,,,,,,,,0.05223818878795662,,,,,,11.82,25,72899.5,72993.65,72527.05,72853.85,none,no_price_available
2026-09-10T08:23:36.478383+00:00,2026-09-10T13:53:36.478383+05:30,NIFTYNXT50,29-Sep-2026,64300.0,CE,72552.75,,0,9798.05,550,0.0,,0,0,0,0,0,,,,,,,,,,,,,,,0.05223818878795662,,,,,,11.82,25,72899.5,72993.65,72527.05,72853.85,none,no_price_available
2026-09-10T08:23:36.478383+00:00,2026-09-10T13:53:36.478383+05:30,NIFTYNXT50,29-Sep-2026,64300.0,PE,0,,0,,0,0.0,,0,0,0,0,0,,,,,,,,,,,,,,,0.05223818878795662,,,,,,11.82,25,72899.5,72993.65,72527.05,72853.85,none,no_price_available
2026-09-10T08:23:36.478383+00:00,2026-09-10T13:53:36.478383+05:30,NIFTYNXT50,29-Sep-2026,64400.0,CE,72552.75,,0,9691.4,550,0.0,,0,0,0,0,0,,,,,,,,,,,,,,,0.05223818878795662,,,,,,11.82,25,72899.5,72993.65,72527.05,72853.85,none,no_price_available
2026-09-10T08:23:36.478383+00:00,2026-09-10T13:53:36.478383+05:30,NIFTYNXT50,29-Sep-2026,64400.0,PE,0,,0,,0,0.0,,0,0,0,0,0,,,,,,,,,,,,,,,0.05223818878795662,,,,,,11.82,25,72899.5,72993.65,72527.05,72853.85,none,no_price_available
2026-09-10T08:23:36.478383+00:00,2026-09-10T13:53:36.478383+05:30,NIFTYNXT50,29-Sep-2026,64500.0,CE,72552.75,,0,9584.7,550,0.0,,0,0,0,0,0,,,,,,,,,,,,,,,0.05223818878795662,,,,,,11.82,25,72899.5,72993.65,72527.05,72853.85,none,no_price_available
2026-09-10T08:23:36.478383+00:00,2026-09-10T13:53:36.478383+05:30,NIFTYNXT50,29-Sep-2026,64500.0,PE,0,,0,,0,0.0,,0,0,0,0,0,,,,,,,,,,,,,,,0.05223818878795662,,,,,,11.82,25,72899.5,72993.65,72527.05,72853.85,none,no_price_available
2026-09-10T08:23:36.478383+00:00,2026-09-10T13:53:36.478383+05:30,NIFTYNXT50,29-Sep-2026,64600.0,CE,72552.75,,0,9478,550,0.0,,0,0,0,0,0,,,,,,,,,,,,,,,0.05223818878795662,,,,,,11.82,25,72899.5,72993.65,72527.05,72853.85,none,no_price_available
2026-09-10T08:23:36.478383+00:00,2026-09-10T13:53:36.478383+05:30,NIFTYNXT50,29-Sep-2026,64600.0,PE,0,,0,,0,0.0,,0,0,0,0,0,,,,,,,,,,,,,,,0.05223818878795662,,,,,,11.82,25,72899.5,72993.65,72527.05,72853.85,none,no_price_available
2026-09-10T08:23:36.478383+00:00,2026-09-10T13:53:36.478383+05:30,NIFTYNXT50,29-Sep-2026,64700.0,CE,72552.75,,0,9371.35,550,0.0,,0,0,0,0,0,,,,,,,,,,,,,,,0.05223818878795662,,,,,,11.82,25,72899.5,72993.65,72527.05,72853.85,none,no_price_available
2026-09-10T08:23:36.478383+00:00,2026-09-10T13:53:36.478383+05:30,NIFTYNXT50,29-Sep-2026,64700.0,PE,0,,0,,0,0.0,,0,0,0,0,0,,,,,,,,,,,,,,,0.05223818878795662,,,,,,11.82,25,72899.5,72993.65,72527.05,72853.85,none,no_price_available
2026-09-10T08:23:36.478383+00:00,2026-09-10T13:53:36.478383+05:30,NIFTYNXT50,29-Sep-2026,64800.0,CE,72552.75,,0,9264.65,550,0.0,,0,0,0,0,0,,,,,,,,,,,,,,,0.05223818878795662,,,,,,11.82,25,72899.5,72993.65,72527.05,72853.85,none,no_price_available
2026-09-10T08:23:36.478383+00:00,2026-09-10T13:53:36.478383+05:30,NIFTYNXT50,29-Sep-2026,64800.0,PE,0,,0,,0,0.0,,0,0,0,0,0,,,,,,,,,,,,,,,0.05223818878795662,,,,,,11.82,25,72899.5,72993.65,72527.05,72853.85,none,no_price_available
2026-09-10T08:23:36.478383+00:00,2026-09-10T13:53:36.478383+05:30,NIFTYNXT50,29-Sep-2026,64900.0,CE,72552.75,,0,9158,550,0.0,,0,0,0,0,0,,,,,,,,,,,,,,,0.05223818878795662,,,,,,11.82,25,72899.5,72993.65,72527.05,72853.85,none,no_price_available
2026-09-10T08:23:36.478383+00:00,2026-09-10T13:53:36.478383+05:30,NIFTYNXT50,29-Sep-2026,64900.0,PE,0,,0,,0,0.0,,0,0,0,0,0,,,,,,,,,,,,,,,0.05223818878795662,,,,,,11.82,25,72899.5,72993.65,72527.05,72853.85,none,no_price_available
2026-09-10T08:23:36.478383+00:00,2026-09-10T13:53:36.478383+05:30,NIFTYNXT50,29-Sep-2026,65000.0,CE,72552.75,,0,9051.3,550,0.0,,0,0,0,0,0,,,,,,,,,,,,,,,0.05223818878795662,,,,,,11.82,25,72899.5,72993.65,72527.05,72853.85,none,no_price_available
2026-09-10T08:23:36.478383+00:00,2026-09-10T13:53:36.478383+05:30,NIFTYNXT50,29-Sep-2026,65000.0,PE,0,,0,,0,0.0,,0,0,0,0,0,,,,,,,,,,,,,,,0.05223818878795662,,,,,,11.82,25,72899.5,72993.65,72527.05,72853.85,none,no_price_available
2026-09-10T08:23:36.478383+00:00,2026-09-10T13:53:36.478383+05:30,NIFTYNXT50,29-Sep-2026,65100.0,CE,72552.75,,0,8901.3,550,0.0,,0,0,0,0,0,,,,,,,,,,,,,,,0.05223818878795662,,,,,,11.82,25,72899.5,72993.65,72527.05,72853.85,none,no_price_available
2026-09-10T08:23:36.478383+00:00,2026-09-10T13:53:36.478383+05:30,NIFTYNXT50,29-Sep-2026,65100.0,PE,0,,0,,0,0.0,,0,0,0,0,0,,,,,,,,,,,,,,,0.05223818878795662,,,,,,11.82,25,72899.5,72993.65,72527.05,72853.85,none,no_price_available
2026-09-10T08:23:36.478383+00:00,2026-09-10T13:53:36.478383+05:30,NIFTYNXT50,29-Sep-2026,65200.0,CE,72552.75,,0,8794.65,550,0.0,,0,0,0,0,0,,,,,,,,,,,,,,,0.05223818878795662,,,,,,11.82,25,72899.5,72993.65,72527.05,72853.85,none,no_price_available
2026-09-10T08:23:36.478383+00:00,2026-09-10T13:53:36.478383+05:30,NIFTYNXT50,29-Sep-2026,65200.0,PE,0,,0,,0,0.0,,0,0,0,0,0,,,,,,,,,,,,,,,0.05223818878795662,,,,,,11.82,25,72899.5,72993.65,72527.05,72853.85,none,no_price_available
2026-09-10T08:23:36.478383+00:00,2026-09-10T13:53:36.478383+05:30,NIFTYNXT50,29-Sep-2026,65300.0,CE,72552.75,,0,8687.95,550,0.0,,0,0,0,0,0,,,,,,,,,,,,,,,0.05223818878795662,,,,,,11.82,25,72899.5,72993.65,72527.05,72853.85,none,no_price_available
2026-09-10T08:23:36.478383+00:00,2026-09-10T13:53:36.478383+05:30,NIFTYNXT50,29-Sep-2026,65300.0,PE,0,,0,,0,0.0,,0,0,0,0,0,,,,,,,,,,,,,,,0.05223818878795662,,,,,,11.82,25,72899.5,72993.65,72527.05,72853.85,none,no_price_available
2026-09-10T08:23:36.478383+00:00,2026-09-10T13:53:36.478383+05:30,NIFTYNXT50,29-Sep-2026,65400.0,CE,72552.75,,0,8581.25,550,0.0,,0,0,0,0,0,,,,,,,,,,,,,,,0.05223818878795662,,,,,,11.82,25,72899.5,72993.65,72527.05,72853.85,none,no_price_available
2026-09-10T08:23:36.478383+00:00,2026-09-10T13:53:36.478383+05:30,NIFTYNXT50,29-Sep-2026,65400.0,PE,0,,0,,0,0.0,,0,0,0,0,0,,,,,,,,,,,,,,,0.05223818878795662,,,,,,11.82,25,72899.5,72993.65,72527.05,72853.85,none,no_price_available
2026-09-10T08:23:36.478383+00:00,2026-09-10T13:53:36.478383+05:30,NIFTYNXT50,29-Sep-2026,65500.0,CE,72552.75,,0,8485.25,550,0.0,,0,0,0,0,0,,,,,,,,,,,,,,,0.05223818878795662,,,,,,11.82,25,72899.5,72993.65,72527.05,72853.85,none,no_price_available
2026-09-10T08:23:36.478383+00:00,2026-09-10T13:53:36.478383+05:30,NIFTYNXT50,29-Sep-2026,65500.0,PE,0,,0,,0,0.0,,0,0,0,0,0,,,,,,,,,,,,,,,0.05223818878795662,,,,,,11.82,25,72899.5,72993.65,72527.05,72853.85,none,no_price_available
2026-09-10T08:23:36.478383+00:00,2026-09-10T13:53:36.478383+05:30,NIFTYNXT50,29-Sep-2026,65600.0,CE,72552.75,,0,8367.9,550,0.0,,0,0,0,0,0,,,,,,,,,,,,,,,0.05223818878795662,,,,,,11.82,25,72899.5,72993.65,72527.05,72853.85,none,no_price_available
2026-09-10T08:23:36.478383+00:00,2026-09-10T13:53:36.478383+05:30,NIFTYNXT50,29-Sep-2026,65600.0,PE,0,,0,,0,0.0,,0,0,0,0,0,,,,,,,,,,,,,,,0.05223818878795662,,,,,,11.82,25,72899.5,72993.65,72527.05,72853.85,none,no_price_available
2026-09-10T08:23:36.478383+00:00,2026-09-10T13:53:36.478383+05:30,NIFTYNXT50,29-Sep-2026,65700.0,CE,72552.75,,0,8261.25,550,0.0,,0,0,0,0,0,,,,,,,,,,,,,,,0.05223818878795662,,,,,,11.82,25,72899.5,72993.65,72527.05,72853.85,none,no_price_available
2026-09-10T08:23:36.478383+00:00,2026-09-10T13:53:36.478383+05:30,NIFTYNXT50,29-Sep-2026,65700.0,PE,0,,0,,0,0.0,,0,0,0,0,0,,,,,,,,,,,,,,,0.05223818878795662,,,,,,11.82,25,72899.5,72993.65,72527.05,72853.85,none,no_price_available
2026-09-10T08:23:36.478383+00:00,2026-09-10T13:53:36.478383+05:30,NIFTYNXT50,29-Sep-2026,65800.0,CE,72552.75,,0,8259.55,550,0.0,,0,0,0,0,0,,,,,,,,,,,,,,,0.05223818878795662,,,,,,11.82,25,72899.5,72993.65,72527.05,72853.85,none,no_price_available
2026-09-10T08:23:36.478383+00:00,2026-09-10T13:53:36.478383+05:30,NIFTYNXT50,29-Sep-2026,65800.0,PE,0,,0,,0,0.0,,0,0,0,0,0,,,,,,,,,,,,,,,0.05223818878795662,,,,,,11.82,25,72899.5,72993.65,72527.05,72853.85,none,no_price_available
2026-09-10T08:23:36.478383+00:00,2026-09-10T13:53:36.478383+05:30,NIFTYNXT50,29-Sep-2026,65900.0,CE,72552.75,,0,8047.85,550,0.0,,0,0,0,0,0,,,,,,,,,,,,,,,0.05223818878795662,,,,,,11.82,25,72899.5,72993.65,72527.05,72853.85,none,no_price_available
2026-09-10T08:23:36.478383+00:00,2026-09-10T13:53:36.478383+05:30,NIFTYNXT50,29-Sep-2026,65900.0,PE,0,,0,,0,0.0,,0,0,0,0,0,,,,,,,,,,,,,,,0.05223818878795662,,,,,,11.82,25,72899.5,72993.65,72527.05,72853.85,none,no_price_available
2026-09-10T08:23:36.478383+00:00,2026-09-10T13:53:36.478383+05:30,NIFTYNXT50,29-Sep-2026,66000.0,CE,72552.75,,0,7941.2,550,0.0,,0,0,0,0,0,,,,,,,,,,,,,,,0.05223818878795662,,,,,,11.82,25,72899.5,72993.65,72527.05,72853.85,none,no_price_available
2026-09-10T08:23:36.478383+00:00,2026-09-10T13:53:36.478383+05:30,NIFTYNXT50,29-Sep-2026,66000.0,PE,0,,0,,0,0.0,,0,0,0,0,0,,,,,,,,,,,,,,,0.05223818878795662,,,,,,11.82,25,72899.5,72993.65,72527.05,72853.85,none,no_price_available
2026-09-10T08:23:36.478383+00:00,2026-09-10T13:53:36.478383+05:30,NIFTYNXT50,29-Sep-2026,66100.0,CE,72552.75,,0,7834.5,550,0.0,,0,0,0,0,0,,,,,,,,,,,,,,,0.05223818878795662,,,,,,11.82,25,72899.5,72993.65,72527.05,72853.85,none,no_price_available
2026-09-10T08:23:36.478383+00:00,2026-09-10T13:53:36.478383+05:30,NIFTYNXT50,29-Sep-2026,66100.0,PE,0,,0,,0,0.0,,0,0,0,0,0,,,,,,,,,,,,,,,0.05223818878795662,,,,,,11.82,25,72899.5,72993.65,72527.05,72853.85,none,no_price_available
2026-09-10T08:23:36.478383+00:00,2026-09-10T13:53:36.478383+05:30,NIFTYNXT50,29-Sep-2026,66200.0,CE,72552.75,,0,7727.85,550,0.0,,0,0,0,0,0,,,,,,,,,,,,,,,0.05223818878795662,,,,,,11.82,25,72899.5,72993.65,72527.05,72853.85,none,no_price_available
2026-09-10T08:23:36.478383+00:00,2026-09-10T13:53:36.478383+05:30,NIFTYNXT50,29-Sep-2026,66200.0,PE,0,,0,,0,0.0,,0,0,0,0,0,,,,,,,,,,,,,,,0.05223818878795662,,,,,,11.82,25,72899.5,72993.65,72527.05,72853.85,none,no_price_available
2026-09-10T08:23:36.478383+00:00,2026-09-10T13:53:36.478383+05:30,NIFTYNXT50,29-Sep-2026,66300.0,CE,72552.75,,0,7621.15,550,0.0,,0,0,0,0,0,,,,,,,,,,,,,,,0.05223818878795662,,,,,,11.82,25,72899.5,72993.65,72527.05,72853.85,none,no_price_available
2026-09-10T08:23:36.478383+00:00,2026-09-10T13:53:36.478383+05:30,NIFTYNXT50,29-Sep-2026,66300.0,PE,0,,0,,0,0.0,,0,0,0,0,0,,,,,,,,,,,,,,,0.05223818878795662,,,,,,11.82,25,72899.5,72993.65,72527.05,72853.85,none,no_price_available
2026-09-10T08:23:36.478383+00:00,2026-09-10T13:53:36.478383+05:30,NIFTYNXT50,29-Sep-2026,66400.0,CE,72552.75,,0,7514.45,550,0.0,,0,0,0,0,0,,,,,,,,,,,,,,,0.05223818878795662,,,,,,11.82,25,72899.5,72993.65,72527.05,72853.85,none,no_price_available
2026-09-10T08:23:36.478383+00:00,2026-09-10T13:53:36.478383+05:30,NIFTYNXT50,29-Sep-2026,66400.0,PE,0,,0,,0,0.0,,0,0,0,0,0,,,,,,,,,,,,,,,0.05223818878795662,,,,,,11.82,25,72899.5,72993.65,72527.05,72853.85,none,no_price_available
2026-09-10T08:23:36.478383+00:00,2026-09-10T13:53:36.478383+05:30,NIFTYNXT50,29-Sep-2026,66500.0,CE,72552.75,,0,7407.8,550,0.0,,0,0,0,0,0,,,,,,,,,,,,,,,0.05223818878795662,,,,,,11.82,25,72899.5,72993.65,72527.05,72853.85,none,no_price_available
2026-09-10T08:23:36.478383+00:00,2026-09-10T13:53:36.478383+05:30,NIFTYNXT50,29-Sep-2026,66500.0,PE,0,,0,,0,0.0,,0,0,0,0,0,,,,,,,,,,,,,,,0.05223818878795662,,,,,,11.82,25,72899.5,72993.65,72527.05,72853.85,none,no_price_available
2026-09-10T08:23:36.478383+00:00,2026-09-10T13:53:36.478383+05:30,NIFTYNXT50,29-Sep-2026,66600.0,CE,72552.75,,0,7301.1,550,0.0,,0,0,0,0,0,,,,,,,,,,,,,,,0.05223818878795662,,,,,,11.82,25,72899.5,72993.65,72527.05,72853.85,none,no_price_available
2026-09-10T08:23:36.478383+00:00,2026-09-10T13:53:36.478383+05:30,NIFTYNXT50,29-Sep-2026,66600.0,PE,0,,0,,0,0.0,,0,0,0,0,0,,,,,,,,,,,,,,,0.05223818878795662,,,,,,11.82,25,72899.5,72993.65,72527.05,72853.85,none,no_price_available
2026-09-10T08:23:36.478383+00:00,2026-09-10T13:53:36.478383+05:30,NIFTYNXT50,29-Sep-2026,66700.0,CE,72552.75,,0,7194.45,550,0.0,,0,0,0,0,0,,,,,,,,,,,,,,,0.05223818878795662,,,,,,11.82,25,72899.5,72993.65,72527.05,72853.85,none,no_price_available
2026-09-10T08:23:36.478383+00:00,2026-09-10T13:53:36.478383+05:30,NIFTYNXT50,29-Sep-2026,66700.0,PE,0,,0,,0,0.0,,0,0,0,0,0,,,,,,,,,,,,,,,0.05223818878795662,,,,,,11.82,25,72899.5,72993.65,72527.05,72853.85,none,no_price_available
2026-09-10T08:23:36.478383+00:00,2026-09-10T13:53:36.478383+05:30,NIFTYNXT50,29-Sep-2026,66800.0,CE,72552.75,,0,7087.75,550,0.0,,0,0,0,0,0,,,,,,,,,,,,,,,0.05223818878795662,,,,,,11.82,25,72899.5,72993.65,72527.05,72853.85,none,no_price_available
2026-09-10T08:23:36.478383+00:00,2026-09-10T13:53:36.478383+05:30,NIFTYNXT50,29-Sep-2026,66800.0,PE,0,,0,,0,0.0,,0,0,0,0,0,,,,,,,,,,,,,,,0.05223818878795662,,,,,,11.82,25,72899.5,72993.65,72527.05,72853.85,none,no_price_available
2026-09-10T08:23:36.478383+00:00,2026-09-10T13:53:36.478383+05:30,NIFTYNXT50,29-Sep-2026,66900.0,CE,72552.75,,0,6981.05,550,0.0,,0,0,0,0,0,,,,,,,,,,,,,,,0.05223818878795662,,,,,,11.82,25,72899.5,72993.65,72527.05,72853.85,none,no_price_available
2026-09-10T08:23:36.478383+00:00,2026-09-10T13:53:36.478383+05:30,NIFTYNXT50,29-Sep-2026,66900.0,PE,0,,0,,0,0.0,,0,0,0,0,0,,,,,,,,,,,,,,,0.05223818878795662,,,,,,11.82,25,72899.5,72993.65,72527.05,72853.85,none,no_price_available
2026-09-10T08:23:36.478383+00:00,2026-09-10T13:53:36.478383+05:30,NIFTYNXT50,29-Sep-2026,67000.0,CE,72552.75,,0,6874.4,550,0.0,,0,0,0,0,0,,,,,,,,,,,,,,,0.05223818878795662,,,,,,11.82,25,72899.5,72993.65,72527.05,72853.85,none,no_price_available
2026-09-10T08:23:36.478383+00:00,2026-09-10T13:53:36.478383+05:30,NIFTYNXT50,29-Sep-2026,67000.0,PE,72552.75,5.7,25,125,50,0.0,65.35,6,0,0,0,21.31,-0.042857891571268236,2.5786326843286583e-05,-7.963262943896176,15.1101508498446,-0.7138599096144643,0.0037052182293811145,203.39262856163208,-1.290026481728488e-08,0.00022610074888045094,-1.125820339902077e-06,-1.4517788055399663,-49.43366837300247,0.0473486494642255,3.023762205157804e-05,0.05223818878795662,72829.8,0.07296058091558955,0.009899999999999999,index_dividend_yield,0.065,11.82,25,72899.5,72993.65,72527.05,72853.85,mid_price,wide_quote_low_liquidity
2026-09-10T08:23:36.478383+00:00,2026-09-10T13:53:36.478383+05:30,NIFTYNXT50,29-Sep-2026,67100.0,CE,72552.75,,0,6767.7,550,0.0,,0,0,0,0,0,,,,,,,,,,,,,,,0.05223818878795662,,,,,,11.82,25,72899.5,72993.65,72527.05,72853.85,none,no_price_available
2026-09-10T08:23:36.478383+00:00,2026-09-10T13:53:36.478383+05:30,NIFTYNXT50,29-Sep-2026,67100.0,PE,0,,0,,0,0.0,,0,0,0,0,0,,,,,,,,,,,,,,,0.05223818878795662,,,,,,11.82,25,72899.5,72993.65,72527.05,72853.85,none,no_price_available
2026-09-10T08:23:36.478383+00:00,2026-09-10T13:53:36.478383+05:30,NIFTYNXT50,29-Sep-2026,67200.0,CE,72552.75,,0,6671.7,550,0.0,,0,0,0,0,0,,,,,,,,,,,,,,,0.05223818878795662,,,,,,11.82,25,72899.5,72993.65,72527.05,72853.85,none,no_price_available
2026-09-10T08:23:36.478383+00:00,2026-09-10T13:53:36.478383+05:30,NIFTYNXT50,29-Sep-2026,67200.0,PE,0,,0,,0,0.0,,0,0,0,0,0,,,,,,,,,,,,,,,0.05223818878795662,,,,,,11.82,25,72899.5,72993.65,72527.05,72853.85,none,no_price_available
2026-09-10T08:23:36.478383+00:00,2026-09-10T13:53:36.478383+05:30,NIFTYNXT50,29-Sep-2026,67300.0,CE,72552.75,,0,6565,550,0.0,,0,0,0,0,0,,,,,,,,,,,,,,,0.05223818878795662,,,,,,11.82,25,72899.5,72993.65,72527.05,72853.85,none,no_price_available
2026-09-10T08:23:36.478383+00:00,2026-09-10T13:53:36.478383+05:30,NIFTYNXT50,29-Sep-2026,67300.0,PE,0,,0,,0,0.0,,0,0,0,0,0,,,,,,,,,,,,,,,0.05223818878795662,,,,,,11.82,25,72899.5,72993.65,72527.05,72853.85,none,no_price_available
2026-09-10T08:23:36.478383+00:00,2026-09-10T13:53:36.478383+05:30,NIFTYNXT50,29-Sep-2026,67400.0,CE,72552.75,,0,6458.35,550,0.0,,0,0,0,0,0,,,,,,,,,,,,,,,0.05223818878795662,,,,,,11.82,25,72899.5,72993.65,72527.05,72853.85,none,no_price_available
2026-09-10T08:23:36.478383+00:00,2026-09-10T13:53:36.478383+05:30,NIFTYNXT50,29-Sep-2026,67400.0,PE,0,,0,,0,0.0,,0,0,0,0,0,,,,,,,,,,,,,,,0.05223818878795662,,,,,,11.82,25,72899.5,72993.65,72527.05,72853.85,none,no_price_available
2026-09-10T08:23:36.478383+00:00,2026-09-10T13:53:36.478383+05:30,NIFTYNXT50,29-Sep-2026,67500.0,CE,72552.75,,0,6351.65,550,0.0,,0,0,0,0,0,,,,,,,,,,,,,,,0.05223818878795662,,,,,,11.82,25,72899.5,72993.65,72527.05,72853.85,none,no_price_available
2026-09-10T08:23:36.478383+00:00,2026-09-10T13:53:36.478383+05:30,NIFTYNXT50,29-Sep-2026,67500.0,PE,0,,0,,0,0.0,,0,0,0,0,0,,,,,,,,,,,,,,,0.05223818878795662,,,,,,11.82,25,72899.5,72993.65,72527.05,72853.85,none,no_price_available
2026-09-10T08:23:36.478383+00:00,2026-09-10T13:53:36.478383+05:30,NIFTYNXT50,29-Sep-2026,67600.0,CE,72552.75,,0,6244.95,550,0.0,,0,0,0,0,0,,,,,,,,,,,,,,,0.05223818878795662,,,,,,11.82,25,72899.5,72993.65,72527.05,72853.85,none,no_price_available
2026-09-10T08:23:36.478383+00:00,2026-09-10T13:53:36.478383+05:30,NIFTYNXT50,29-Sep-2026,67600.0,PE,0,,0,,0,0.0,,0,0,0,0,0,,,,,,,,,,,,,,,0.05223818878795662,,,,,,11.82,25,72899.5,72993.65,72527.05,72853.85,none,no_price_available
2026-09-10T08:23:36.478383+00:00,2026-09-10T13:53:36.478383+05:30,NIFTYNXT50,29-Sep-2026,67700.0,CE,72552.75,,0,6138.3,550,0.0,,0,0,0,0,0,,,,,,,,,,,,,,,0.05223818878795662,,,,,,11.82,25,72899.5,72993.65,72527.05,72853.85,none,no_price_available
2026-09-10T08:23:36.478383+00:00,2026-09-10T13:53:36.478383+05:30,NIFTYNXT50,29-Sep-2026,67700.0,PE,0,,0,,0,0.0,,0,0,0,0,0,,,,,,,,,,,,,,,0.05223818878795662,,,,,,11.82,25,72899.5,72993.65,72527.05,72853.85,none,no_price_available
2026-09-10T08:23:36.478383+00:00,2026-09-10T13:53:36.478383+05:30,NIFTYNXT50,29-Sep-2026,67800.0,CE,72552.75,,0,6031.6,550,0.0,,0,0,0,0,0,,,,,,,,,,,,,,,0.05223818878795662,,,,,,11.82,25,72899.5,72993.65,72527.05,72853.85,none,no_price_available
2026-09-10T08:23:36.478383+00:00,2026-09-10T13:53:36.478383+05:30,NIFTYNXT50,29-Sep-2026,67800.0,PE,0,,0,,0,0.0,,0,0,0,0,0,,,,,,,,,,,,,,,0.05223818878795662,,,,,,11.82,25,72899.5,72993.65,72527.05,72853.85,none,no_price_available
2026-09-10T08:23:36.478383+00:00,2026-09-10T13:53:36.478383+05:30,NIFTYNXT50,29-Sep-2026,67900.0,CE,72552.75,,0,5914.25,550,0.0,,0,0,0,0,0,,,,,,,,,,,,,,,0.05223818878795662,,,,,,11.82,25,72899.5,72993.65,72527.05,72853.85,none,no_price_available
2026-09-10T08:23:36.478383+00:00,2026-09-10T13:53:36.478383+05:30,NIFTYNXT50,29-Sep-2026,67900.0,PE,0,,0,,0,0.0,,0,0,0,0,0,,,,,,,,,,,,,,,0.05223818878795662,,,,,,11.82,25,72899.5,72993.65,72527.05,72853.85,none,no_price_available
2026-09-10T08:23:36.478383+00:00,2026-09-10T13:53:36.478383+05:30,NIFTYNXT50,29-Sep-2026,68000.0,CE,72552.75,,0,5818.25,550,0.0,,0,0,0,0,0,,,,,,,,,,,,,,,0.05223818878795662,,,,,,11.82,25,72899.5,72993.65,72527.05,72853.85,none,no_price_available
2026-09-10T08:23:36.478383+00:00,2026-09-10T13:53:36.478383+05:30,NIFTYNXT50,29-Sep-2026,68000.0,PE,0,,0,,0,0.0,,0,0,0,0,0,,,,,,,,,,,,,,,0.05223818878795662,,,,,,11.82,25,72899.5,72993.65,72527.05,72853.85,none,no_price_available
2026-09-10T08:23:36.478383+00:00,2026-09-10T13:53:36.478383+05:30,NIFTYNXT50,29-Sep-2026,68100.0,CE,72552.75,,0,5711.55,550,0.0,,0,0,0,0,0,,,,,,,,,,,,,,,0.05223818878795662,,,,,,11.82,25,72899.5,72993.65,72527.05,72853.85,none,no_price_available
2026-09-10T08:23:36.478383+00:00,2026-09-10T13:53:36.478383+05:30,NIFTYNXT50,29-Sep-2026,68100.0,PE,0,,0,,0,0.0,,0,0,0,0,0,,,,,,,,,,,,,,,0.05223818878795662,,,,,,11.82,25,72899.5,72993.65,72527.05,72853.85,none,no_price_available
2026-09-10T08:23:36.478383+00:00,2026-09-10T13:53:36.478383+05:30,NIFTYNXT50,29-Sep-2026,68200.0,CE,72552.75,,0,5594.25,550,0.0,,0,0,0,0,0,,,,,,,,,,,,,,,0.05223818878795662,,,,,,11.82,25,72899.5,72993.65,72527.05,72853.85,none,no_price_available
2026-09-10T08:23:36.478383+00:00,2026-09-10T13:53:36.478383+05:30,NIFTYNXT50,29-Sep-2026,68200.0,PE,0,,0,,0,0.0,,0,0,0,0,0,,,,,,,,,,,,,,,0.05223818878795662,,,,,,11.82,25,72899.5,72993.65,72527.05,72853.85,none,no_price_available
2026-09-10T08:23:36.478383+00:00,2026-09-10T13:53:36.478383+05:30,NIFTYNXT50,29-Sep-2026,68300.0,CE,72552.75,,0,5530.55,550,0.0,,0,0,0,0,0,,,,,,,,,,,,,,,0.05223818878795662,,,,,,11.82,25,72899.5,72993.65,72527.05,72853.85,none,no_price_available
2026-09-10T08:23:36.478383+00:00,2026-09-10T13:53:36.478383+05:30,NIFTYNXT50,29-Sep-2026,68300.0,PE,0,,0,,0,0.0,,0,0,0,0,0,,,,,,,,,,,,,,,0.05223818878795662,,,,,,11.82,25,72899.5,72993.65,72527.05,72853.85,none,no_price_available
2026-09-10T08:23:36.478383+00:00,2026-09-10T13:53:36.478383+05:30,NIFTYNXT50,29-Sep-2026,68400.0,CE,72552.75,2628.2,50,5485.5,550,0.0,4056.85,0,0,0,0,0,,,,,,,,,,,,,,,0.05223818878795662,,,,,,11.82,25,72899.5,72993.65,72527.05,72853.85,mid_price,no_price_available
2026-09-10T08:23:36.478383+00:00,2026-09-10T13:53:36.478383+05:30,NIFTYNXT50,29-Sep-2026,68400.0,PE,0,,0,,0,0.0,,0,0,0,0,0,,,,,,,,,,,,,,,0.05223818878795662,,,,,,11.82,25,72899.5,72993.65,72527.05,72853.85,none,no_price_available
2026-09-10T08:23:36.478383+00:00,2026-09-10T13:53:36.478383+05:30,NIFTYNXT50,29-Sep-2026,68500.0,CE,72552.75,2548.95,50,5835.55,550,0.0,4192.25,0,0,0,0,0,,,,,,,,,,,,,,,0.05223818878795662,72829.8,0.07296058091558955,0.009899999999999999,index_dividend_yield,0.065,11.82,25,72899.5,72993.65,72527.05,72853.85,mid_price,no_nse_iv
2026-09-10T08:23:36.478383+00:00,2026-09-10T13:53:36.478383+05:30,NIFTYNXT50,29-Sep-2026,68500.0,PE,0,,0,,0,0.0,,0,0,0,0,0,,,,,,,,,,,,,,,0.05223818878795662,,,,,,11.82,25,72899.5,72993.65,72527.05,72853.85,none,no_price_available
2026-09-10T08:23:36.478383+00:00,2026-09-10T13:53:36.478383+05:30,NIFTYNXT50,29-Sep-2026,68600.0,CE,72552.75,2470.9,50,5210.7,550,0.0,3840.8,0,0,0,0,0,,,,,,,,,,,,,,,0.05223818878795662,,,,,,11.82,25,72899.5,72993.65,72527.05,72853.85,mid_price,no_price_available
2026-09-10T08:23:36.478383+00:00,2026-09-10T13:53:36.478383+05:30,NIFTYNXT50,29-Sep-2026,68600.0,PE,0,,0,,0,0.0,,0,0,0,0,0,,,,,,,,,,,,,,,0.05223818878795662,,,,,,11.82,25,72899.5,72993.65,72527.05,72853.85,none,no_price_available
2026-09-10T08:23:36.478383+00:00,2026-09-10T13:53:36.478383+05:30,NIFTYNXT50,29-Sep-2026,68700.0,CE,72552.75,2393.2,50,5622.2,550,0.0,4007.7,0,0,0,0,0,,,,,,,,,,,,,,,0.05223818878795662,72829.8,0.07296058091558955,0.009899999999999999,index_dividend_yield,0.065,11.82,25,72899.5,72993.65,72527.05,72853.85,mid_price,no_nse_iv
2026-09-10T08:23:36.478383+00:00,2026-09-10T13:53:36.478383+05:30,NIFTYNXT50,29-Sep-2026,68700.0,PE,0,,0,,0,0.0,,0,0,0,0,0,,,,,,,,,,,,,,,0.05223818878795662,,,,,,11.82,25,72899.5,72993.65,72527.05,72853.85,none,no_price_available
2026-09-10T08:23:36.478383+00:00,2026-09-10T13:53:36.478383+05:30,NIFTYNXT50,29-Sep-2026,68800.0,CE,72552.75,2316.95,50,5515.5,550,0.0,3916.225,0,0,0,0,0,,,,,,,,,,,,,,,0.05223818878795662,72829.8,0.07296058091558955,0.009899999999999999,index_dividend_yield,0.065,11.82,25,72899.5,72993.65,72527.05,72853.85,mid_price,no_nse_iv
2026-09-10T08:23:36.478383+00:00,2026-09-10T13:53:36.478383+05:30,NIFTYNXT50,29-Sep-2026,68800.0,PE,0,,0,,0,0.0,,0,0,0,0,0,,,,,,,,,,,,,,,0.05223818878795662,,,,,,11.82,25,72899.5,72993.65,72527.05,72853.85,none,no_price_available
2026-09-10T08:23:36.478383+00:00,2026-09-10T13:53:36.478383+05:30,NIFTYNXT50,29-Sep-2026,68900.0,CE,72552.75,2241.5,50,5408.8,550,0.0,3825.15,0,0,0,0,0,,,,,,,,,,,,,,,0.05223818878795662,72829.8,0.07296058091558955,0.009899999999999999,index_dividend_yield,0.065,11.82,25,72899.5,72993.65,72527.05,72853.85,mid_price,no_nse_iv
2026-09-10T08:23:36.478383+00:00,2026-09-10T13:53:36.478383+05:30,NIFTYNXT50,29-Sep-2026,68900.0,PE,0,,0,,0,0.0,,0,0,0,0,0,,,,,,,,,,,,,,,0.05223818878795662,,,,,,11.82,25,72899.5,72993.65,72527.05,72853.85,none,no_price_available
2026-09-10T08:23:36.478383+00:00,2026-09-10T13:53:36.478383+05:30,NIFTYNXT50,29-Sep-2026,69000.0,CE,72552.75,2167.35,50,4786.85,550,0.0,3477.1000000000004,0,0,0,0,0,,,,,,,,,,,,,,,0.05223818878795662,,,,,,11.82,25,72899.5,72993.65,72527.05,72853.85,mid_price,no_price_available
2026-09-10T08:23:36.478383+00:00,2026-09-10T13:53:36.478383+05:30,NIFTYNXT50,29-Sep-2026,69000.0,PE,72552.75,0.05,50,449,25,0.0,224.525,0,0,0,0,0,,,,,,,,,,,,,,,0.05223818878795662,72829.8,0.07296058091558955,0.009899999999999999,index_dividend_yield,0.065,11.82,25,72899.5,72993.65,72527.05,72853.85,mid_price,no_nse_iv
2026-09-10T08:23:36.478383+00:00,2026-09-10T13:53:36.478383+05:30,NIFTYNXT50,29-Sep-2026,69100.0,CE,72552.75,2094.1,50,5195.45,550,0.0,3644.7749999999996,0,0,0,0,0,,,,,,,,,,,,,,,0.05223818878795662,72829.8,0.07296058091558955,0.009899999999999999,index_dividend_yield,0.065,11.82,25,72899.5,72993.65,72527.05,72853.85,mid_price,no_nse_iv
2026-09-10T08:23:36.478383+00:00,2026-09-10T13:53:36.478383+05:30,NIFTYNXT50,29-Sep-2026,69100.0,PE,0,,0,,0,0.0,,0,0,0,0,0,,,,,,,,,,,,,,,0.05223818878795662,,,,,,11.82,25,72899.5,72993.65,72527.05,72853.85,none,no_price_available
2026-09-10T08:23:36.478383+00:00,2026-09-10T13:53:36.478383+05:30,NIFTYNXT50,29-Sep-2026,69200.0,CE,72552.75,2021.9,50,5088.8,550,0.0,3555.3500000000004,0,0,0,0,0,,,,,,,,,,,,,,,0.05223818878795662,72829.8,0.07296058091558955,0.009899999999999999,index_dividend_yield,0.065,11.82,25,72899.5,72993.65,72527.05,72853.85,mid_price,no_nse_iv
2026-09-10T08:23:36.478383+00:00,2026-09-10T13:53:36.478383+05:30,NIFTYNXT50,29-Sep-2026,69200.0,PE,0,,0,,0,0.0,,0,0,0,0,0,,,,,,,,,,,,,,,0.05223818878795662,,,,,,11.82,25,72899.5,72993.65,72527.05,72853.85,none,no_price_available
2026-09-10T08:23:36.478383+00:00,2026-09-10T13:53:36.478383+05:30,NIFTYNXT50,29-Sep-2026,69300.0,CE,72552.75,1950.85,50,4982.1,550,0.0,3466.4750000000004,0,0,0,0,0,,,,,,,,,,,,,,,0.05223818878795662,72829.8,0.07296058091558955,0.009899999999999999,index_dividend_yield,0.065,11.82,25,72899.5,72993.65,72527.05,72853.85,mid_price,no_nse_iv
2026-09-10T08:23:36.478383+00:00,2026-09-10T13:53:36.478383+05:30,NIFTYNXT50,29-Sep-2026,69300.0,PE,0,,0,,0,0.0,,0,0,0,0,0,,,,,,,,,,,,,,,0.05223818878795662,,,,,,11.82,25,72899.5,72993.65,72527.05,72853.85,none,no_price_available
2026-09-10T08:23:36.478383+00:00,2026-09-10T13:53:36.478383+05:30,NIFTYNXT50,29-Sep-2026,69400.0,CE,72552.75,1881.3,50,4334.7,550,0.0,3108.0,0,0,0,0,0,,,,,,,,,,,,,,,0.05223818878795662,,,,,,11.82,25,72899.5,72993.65,72527.05,72853.85,mid_price,no_price_available
2026-09-10T08:23:36.478383+00:00,2026-09-10T13:53:36.478383+05:30,NIFTYNXT50,29-Sep-2026,69400.0,PE,0,,0,,0,0.0,,0,0,0,0,0,,,,,,,,,,,,,,,0.05223818878795662,,,,,,11.82,25,72899.5,72993.65,72527.05,72853.85,none,no_price_available
2026-09-10T08:23:36.478383+00:00,2026-09-10T13:53:36.478383+05:30,NIFTYNXT50,29-Sep-2026,69500.0,CE,72552.75,1812.35,50,4771.85,550,0.0,3292.1000000000004,0,0,0,0,0,,,,,,,,,,,,,,,0.05223818878795662,72829.8,0.07296058091558955,0.009899999999999999,index_dividend_yield,0.065,11.82,25,72899.5,72993.65,72527.05,72853.85,mid_price,no_nse_iv
2026-09-10T08:23:36.478383+00:00,2026-09-10T13:53:36.478383+05:30,NIFTYNXT50,29-Sep-2026,69500.0,PE,0,,0,,0,0.0,,0,0,0,0,0,,,,,,,,,,,,,,,0.05223818878795662,,,,,,11.82,25,72899.5,72993.65,72527.05,72853.85,none,no_price_available
2026-09-10T08:23:36.478383+00:00,2026-09-10T13:53:36.478383+05:30,NIFTYNXT50,29-Sep-2026,69600.0,CE,72552.75,1745,50,4666.85,550,0.0,3205.925,0,0,0,0,0,,,,,,,,,,,,,,,0.05223818878795662,72829.8,0.07296058091558955,0.009899999999999999,index_dividend_yield,0.065,11.82,25,72899.5,72993.65,72527.05,72853.85,mid_price,no_nse_iv
2026-09-10T08:23:36.478383+00:00,2026-09-10T13:53:36.478383+05:30,NIFTYNXT50,29-Sep-2026,69600.0,PE,0,,0,,0,0.0,,0,0,0,0,0,,,,,,,,,,,,,,,0.05223818878795662,,,,,,11.82,25,72899.5,72993.65,72527.05,72853.85,none,no_price_available
2026-09-10T08:23:36.478383+00:00,2026-09-10T13:53:36.478383+05:30,NIFTYNXT50,29-Sep-2026,69700.0,CE,72552.75,1678.6,50,4561.85,550,0.0,3120.2250000000004,0,0,0,0,0,,,,,,,,,,,,,,,0.05223818878795662,72829.8,0.07296058091558955,0.009899999999999999,index_dividend_yield,0.065,11.82,25,72899.5,72993.65,72527.05,72853.85,mid_price,no_nse_iv
2026-09-10T08:23:36.478383+00:00,2026-09-10T13:53:36.478383+05:30,NIFTYNXT50,29-Sep-2026,69700.0,PE,0,,0,,0,0.0,,0,0,0,0,0,,,,,,,,,,,,,,,0.05223818878795662,,,,,,11.82,25,72899.5,72993.65,72527.05,72853.85,none,no_price_available
2026-09-10T08:23:36.478383+00:00,2026-09-10T13:53:36.478383+05:30,NIFTYNXT50,29-Sep-2026,69800.0,CE,72552.75,1613.75,50,3946.85,550,0.0,2780.3,0,0,0,0,0,,,,,,,,,,,,,,,0.05223818878795662,72829.8,0.07296058091558955,0.009899999999999999,index_dividend_yield,0.065,11.82,25,72899.5,72993.65,72527.05,72853.85,mid_price,no_nse_iv
2026-09-10T08:23:36.478383+00:00,2026-09-10T13:53:36.478383+05:30,NIFTYNXT50,29-Sep-2026,69800.0,PE,0,,0,,0,0.0,,0,0,0,0,0,,,,,,,,,,,,,,,0.05223818878795662,,,,,,11.82,25,72899.5,72993.65,72527.05,72853.85,none,no_price_available
2026-09-10T08:23:36.478383+00:00,2026-09-10T13:53:36.478383+05:30,NIFTYNXT50,29-Sep-2026,69900.0,CE,72552.75,1549.7,50,4351.85,550,0.0,2950.775,0,0,0,0,0,,,,,,,,,,,,,,,0.05223818878795662,72829.8,0.07296058091558955,0.009899999999999999,index_dividend_yield,0.065,11.82,25,72899.5,72993.65,72527.05,72853.85,mid_price,no_nse_iv
2026-09-10T08:23:36.478383+00:00,2026-09-10T13:53:36.478383+05:30,NIFTYNXT50,29-Sep-2026,69900.0,PE,72552.75,0.05,50,506.2,25,0.0,253.125,0,0,0,0,0,,,,,,,,,,,,,,,0.05223818878795662,72829.8,0.07296058091558955,0.009899999999999999,index_dividend_yield,0.065,11.82,25,72899.5,72993.65,72527.05,72853.85,mid_price,no_nse_iv
2026-09-10T08:23:36.478383+00:00,2026-09-10T13:53:36.478383+05:30,NIFTYNXT50,29-Sep-2026,70000.0,CE,72552.75,1487.25,50,4246.85,550,0.0,2867.05,0,0,0,0,0,,,,,,,,,,,,,,,0.05223818878795662,72829.8,0.07296058091558955,0.009899999999999999,index_dividend_yield,0.065,11.82,25,72899.5,72993.65,72527.05,72853.85,mid_price,no_nse_iv
2026-09-10T08:23:36.478383+00:00,2026-09-10T13:53:36.478383+05:30,NIFTYNXT50,29-Sep-2026,70000.0,PE,72552.75,0.05,50,280,25,0.0,140.025,0,0,0,0,0,,,,,,,,,,,,,,,0.05223818878795662,72829.8,0.07296058091558955,0.009899999999999999,index_dividend_yield,0.065,11.82,25,72899.5,72993.65,72527.05,72853.85,mid_price,no_nse_iv
2026-09-10T08:23:36.478383+00:00,2026-09-10T13:53:36.478383+05:30,NIFTYNXT50,29-Sep-2026,70100.0,CE,72552.75,1425.85,50,4141.85,550,0.0,2783.8500000000004,0,0,0,0,0,,,,,,,,,,,,,,,0.05223818878795662,72829.8,0.07296058091558955,0.009899999999999999,index_dividend_yield,0.065,11.82,25,72899.5,72993.65,72527.05,72853.85,mid_price,no_nse_iv
2026-09-10T08:23:36.478383+00:00,2026-09-10T13:53:36.478383+05:30,NIFTYNXT50,29-Sep-2026,70100.0,PE,72552.75,0.05,50,300,25,0.0,150.025,0,0,0,0,0,,,,,,,,,,,,,,,0.05223818878795662,72829.8,0.07296058091558955,0.009899999999999999,index_dividend_yield,0.065,11.82,25,72899.5,72993.65,72527.05,72853.85,mid_price,no_nse_iv
2026-09-10T08:23:36.478383+00:00,2026-09-10T13:53:36.478383+05:30,NIFTYNXT50,29-Sep-2026,70200.0,CE,72552.75,1365.85,50,3310.2,550,0.0,2338.0249999999996,0,0,0,0,0,,,,,,,,,,,,,,,0.05223818878795662,,,,,,11.82,25,72899.5,72993.65,72527.05,72853.85,mid_price,no_price_available
2026-09-10T08:23:36.478383+00:00,2026-09-10T13:53:36.478383+05:30,NIFTYNXT50,29-Sep-2026,70200.0,PE,72552.75,,0,300,25,0.0,,0,0,0,0,0,,,,,,,,,,,,,,,0.05223818878795662,,,,,,11.82,25,72899.5,72993.65,72527.05,72853.85,none,no_price_available
2026-09-10T08:23:36.478383+00:00,2026-09-10T13:53:36.478383+05:30,NIFTYNXT50,29-Sep-2026,70300.0,CE,72552.75,1307,50,3931.85,550,0.0,2619.425,0,0,0,0,0,,,,,,,,,,,,,,,0.05223818878795662,72829.8,0.07296058091558955,0.009899999999999999,index_dividend_yield,0.065,11.82,25,72899.5,72993.65,72527.05,72853.85,mid_price,no_nse_iv
2026-09-10T08:23:36.478383+00:00,2026-09-10T13:53:36.478383+05:30,NIFTYNXT50,29-Sep-2026,70300.0,PE,72552.75,0.05,50,350,25,0.0,175.025,0,0,0,0,0,,,,,,,,,,,,,,,0.05223818878795662,72829.8,0.07296058091558955,0.009899999999999999,index_dividend_yield,0.065,11.82,25,72899.5,72993.65,72527.05,72853.85,mid_price,no_nse_iv
2026-09-10T08:23:36.478383+00:00,2026-09-10T13:53:36.478383+05:30,NIFTYNXT50,29-Sep-2026,70400.0,CE,72552.75,1249.75,50,3826.85,550,0.0,2538.3,0,0,0,0,0,,,,,,,,,,,,,,,0.05223818878795662,72829.8,0.07296058091558955,0.009899999999999999,index_dividend_yield,0.065,11.82,25,72899.5,72993.65,72527.05,72853.85,mid_price,no_nse_iv
2026-09-10T08:23:36.478383+00:00,2026-09-10T13:53:36.478383+05:30,NIFTYNXT50,29-Sep-2026,70400.0,PE,72552.75,0.05,50,400,25,0.0,200.025,0,0,0,0,0,,,,,,,,,,,,,,,0.05223818878795662,72829.8,0.07296058091558955,0.009899999999999999,index_dividend_yield,0.065,11.82,25,72899.5,72993.65,72527.05,72853.85,mid_price,no_nse_iv
2026-09-10T08:23:36.478383+00:00,2026-09-10T13:53:36.478383+05:30,NIFTYNXT50,29-Sep-2026,70500.0,CE,72552.75,1193.4,50,3721.85,550,0.0,2457.625,0,0,0,0,0,,,,,,,,,,,,,,,0.05223818878795662,72829.8,0.07296058091558955,0.009899999999999999,index_dividend_yield,0.065,11.82,25,72899.5,72993.65,72527.05,72853.85,mid_price,no_nse_iv
2026-09-10T08:23:36.478383+00:00,2026-09-10T13:53:36.478383+05:30,NIFTYNXT50,29-Sep-2026,70500.0,PE,72552.75,0.05,50,400,25,0.0,200.025,0,0,0,0,0,,,,,,,,,,,,,,,0.05223818878795662,72829.8,0.07296058091558955,0.009899999999999999,index_dividend_yield,0.065,11.82,25,72899.5,72993.65,72527.05,72853.85,mid_price,no_nse_iv
2026-09-10T08:23:36.478383+00:00,2026-09-10T13:53:36.478383+05:30,NIFTYNXT50,29-Sep-2026,70600.0,CE,72552.75,1138.75,50,3015.6,550,0.0,2077.175,0,0,0,0,0,,,,,,,,,,,,,,,0.05223818878795662,72829.8,0.07296058091558955,0.009899999999999999,index_dividend_yield,0.065,11.82,25,72899.5,72993.65,72527.05,72853.85,mid_price,no_nse_iv
2026-09-10T08:23:36.478383+00:00,2026-09-10T13:53:36.478383+05:30,NIFTYNXT50,29-Sep-2026,70600.0,PE,72552.75,,0,450,25,0.0,,0,0,0,0,0,,,,,,,,,,,,,,,0.05223818878795662,,,,,,11.82,25,72899.5,72993.65,72527.05,72853.85,none,no_price_available
2026-09-10T08:23:36.478383+00:00,2026-09-10T13:53:36.478383+05:30,NIFTYNXT50,29-Sep-2026,70700.0,CE,72552.75,1088.15,50,3511.85,550,0.0,2300.0,0,0,0,0,0,,,,,,,,,,,,,,,0.05223818878795662,72829.8,0.07296058091558955,0.009899999999999999,index_dividend_yield,0.065,11.82,25,72899.5,72993.65,72527.05,72853.85,mid_price,no_nse_iv
2026-09-10T08:23:36.478383+00:00,2026-09-10T13:53:36.478383+05:30,NIFTYNXT50,29-Sep-2026,70700.0,PE,72552.75,0.05,50,500,25,0.0,250.025,0,0,0,0,0,,,,,,,,,,,,,,,0.05223818878795662,72829.8,0.07296058091558955,0.009899999999999999,index_dividend_yield,0.065,11.82,25,72899.5,72993.65,72527.05,72853.85,mid_price,no_nse_iv
2026-09-10T08:23:36.478383+00:00,2026-09-10T13:53:36.478383+05:30,NIFTYNXT50,29-Sep-2026,70800.0,CE,72552.75,1035.65,50,3459.1,550,0.0,2247.375,0,0,0,0,0,,,,,,,,,,,,,,,0.05223818878795662,72829.8,0.07296058091558955,0.009899999999999999,index_dividend_yield,0.065,11.82,25,72899.5,72993.65,72527.05,72853.85,mid_price,no_nse_iv
2026-09-10T08:23:36.478383+00:00,2026-09-10T13:53:36.478383+05:30,NIFTYNXT50,29-Sep-2026,70800.0,PE,72552.75,0.05,50,500,25,0.0,250.025,0,0,0,0,0,,,,,,,,,,,,,,,0.05223818878795662,72829.8,0.07296058091558955,0.009899999999999999,index_dividend_yield,0.065,11.82,25,72899.5,72993.65,72527.05,72853.85,mid_price,no_nse_iv
2026-09-10T08:23:36.478383+00:00,2026-09-10T13:53:36.478383+05:30,NIFTYNXT50,29-Sep-2026,70900.0,CE,72552.75,982.05,50,3349.9,550,0.0,2165.975,0,0,0,0,0,,,,,,,,,,,,,,,0.05223818878795662,72829.8,0.07296058091558955,0.009899999999999999,index_dividend_yield,0.065,11.82,25,72899.5,72993.65,72527.05,72853.85,mid_price,no_nse_iv
2026-09-10T08:23:36.478383+00:00,2026-09-10T13:53:36.478383+05:30,NIFTYNXT50,29-Sep-2026,70900.0,PE,72552.75,0.05,50,550,25,0.0,275.025,0,0,0,0,0,,,,,,,,,,,,,,,0.05223818878795662,72829.8,0.07296058091558955,0.009899999999999999,index_dividend_yield,0.065,11.82,25,72899.5,72993.65,72527.05,72853.85,mid_price,no_nse_iv
2026-09-10T08:23:36.478383+00:00,2026-09-10T13:53:36.478383+05:30,NIFTYNXT50,29-Sep-2026,71000.0,CE,72552.75,932.6,50,2747.1,550,0.0,1839.85,0,0,0,0,0,,,,,,,,,,,,,,,0.05223818878795662,72829.8,0.07296058091558955,0.009899999999999999,index_dividend_yield,0.065,11.82,25,72899.5,72993.65,72527.05,72853.85,mid_price,no_nse_iv
2026-09-10T08:23:36.478383+00:00,2026-09-10T13:53:36.478383+05:30,NIFTYNXT50,29-Sep-2026,71000.0,PE,72552.75,1.15,100,540,25,0.0,270.575,0,0,0,0,0,,,,,,,,,,,,,,,0.05223818878795662,72829.8,0.07296058091558955,0.009899999999999999,index_dividend_yield,0.065,11.82,25,72899.5,72993.65,72527.05,72853.85,mid_price,no_nse_iv
2026-09-10T08:23:36.478383+00:00,2026-09-10T13:53:36.478383+05:30,NIFTYNXT50,29-Sep-2026,71100.0,CE,72552.75,884.45,50,3217.45,550,0.0,2050.95,0,0,0,0,0,,,,,,,,,,,,,,,0.05223818878795662,72829.8,0.07296058091558955,0.009899999999999999,index_dividend_yield,0.065,11.82,25,72899.5,72993.65,72527.05,72853.85,mid_price,no_nse_iv
2026-09-10T08:23:36.478383+00:00,2026-09-10T13:53:36.478383+05:30,NIFTYNXT50,29-Sep-2026,71100.0,PE,72552.75,0.05,50,550,25,0.0,275.025,0,0,0,0,0,,,,,,,,,,,,,,,0.05223818878795662,72829.8,0.07296058091558955,0.009899999999999999,index_dividend_yield,0.065,11.82,25,72899.5,72993.65,72527.05,72853.85,mid_price,no_nse_iv
2026-09-10T08:23:36.478383+00:00,2026-09-10T13:53:36.478383+05:30,NIFTYNXT50,29-Sep-2026,71200.0,CE,72552.75,837.8,50,3108.25,550,0.0,1973.025,0,0,0,0,0,,,,,,,,,,,,,,,0.05223818878795662,72829.8,0.07296058091558955,0.009899999999999999,index_dividend_yield,0.065,11.82,25,72899.5,72993.65,72527.05,72853.85,mid_price,no_nse_iv
2026-09-10T08:23:36.478383+00:00,2026-09-10T13:53:36.478383+05:30,NIFTYNXT50,29-Sep-2026,71200.0,PE,72552.75,0.05,50,419.8,25,0.0,209.925,0,0,0,0,0,,,,,,,,,,,,,,,0.05223818878795662,72829.8,0.07296058091558955,0.009899999999999999,index_dividend_yield,0.065,11.82,25,72899.5,72993.65,72527.05,72853.85,mid_price,no_nse_iv
2026-09-10T08:23:36.478383+00:00,2026-09-10T13:53:36.478383+05:30,NIFTYNXT50,29-Sep-2026,71300.0,CE,72552.75,792.45,50,2677.45,550,0.0,1734.9499999999998,0,0,0,0,0,,,,,,,,,,,,,,,0.05223818878795662,72829.8,0.07296058091558955,0.009899999999999999,index_dividend_yield,0.065,11.82,25,72899.5,72993.65,72527.05,72853.85,mid_price,no_nse_iv
2026-09-10T08:23:36.478383+00:00,2026-09-10T13:53:36.478383+05:30,NIFTYNXT50,29-Sep-2026,71300.0,PE,72552.75,0.05,50,434.95,25,0.0,217.5,0,0,0,0,0,,,,,,,,,,,,,,,0.05223818878795662,72829.8,0.07296058091558955,0.009899999999999999,index_dividend_yield,0.065,11.82,25,72899.5,72993.65,72527.05,72853.85,mid_price,no_nse_iv
2026-09-10T08:23:36.478383+00:00,2026-09-10T13:53:36.478383+05:30,NIFTYNXT50,29-Sep-2026,71400.0,CE,72552.75,748.65,50,2342.4,550,0.0,1545.525,0,0,0,0,0,,,,,,,,,,,,,,,0.05223818878795662,72829.8,0.07296058091558955,0.009899999999999999,index_dividend_yield,0.065,11.82,25,72899.5,72993.65,72527.05,72853.85,mid_price,no_nse_iv
2026-09-10T08:23:36.478383+00:00,2026-09-10T13:53:36.478383+05:30,NIFTYNXT50,29-Sep-2026,71400.0,PE,72552.75,,0,459.2,25,0.0,,0,0,0,0,0,,,,,,,,,,,,,,,0.05223818878795662,,,,,,11.82,25,72899.5,72993.65,72527.05,72853.85,none,no_price_available
2026-09-10T08:23:36.478383+00:00,2026-09-10T13:53:36.478383+05:30,NIFTYNXT50,29-Sep-2026,71500.0,CE,72552.75,705.75,50,2459.05,550,0.0,1582.4,0,0,0,0,0,,,,,,,,,,,,,,,0.05223818878795662,72829.8,0.07296058091558955,0.009899999999999999,index_dividend_yield,0.065,11.82,25,72899.5,72993.65,72527.05,72853.85,mid_price,no_nse_iv
2026-09-10T08:23:36.478383+00:00,2026-09-10T13:53:36.478383+05:30,NIFTYNXT50,29-Sep-2026,71500.0,PE,72552.75,100.25,50,480,25,0.0,290.125,0,0,0,0,0,,,,,,,,,,,,,,,0.05223818878795662,72829.8,0.07296058091558955,0.009899999999999999,index_dividend_yield,0.065,11.82,25,72899.5,72993.65,72527.05,72853.85,mid_price,no_nse_iv
2026-09-10T08:23:36.478383+00:00,2026-09-10T13:53:36.478383+05:30,NIFTYNXT50,29-Sep-2026,71600.0,CE,72552.75,664.65,50,2711.6,550,0.0,1688.125,0,0,0,0,0,,,,,,,,,,,,,,,0.05223818878795662,72829.8,0.07296058091558955,0.009899999999999999,index_dividend_yield,0.065,11.82,25,72899.5,72993.65,72527.05,72853.85,mid_price,no_nse_iv
2026-09-10T08:23:36.478383+00:00,2026-09-10T13:53:36.478383+05:30,NIFTYNXT50,29-Sep-2026,71600.0,PE,72552.75,2.55,50,501.4,25,0.0,251.975,0,0,0,0,0,,,,,,,,,,,,,,,0.05223818878795662,72829.8,0.07296058091558955,0.009899999999999999,index_dividend_yield,0.065,11.82,25,72899.5,72993.65,72527.05,72853.85,mid_price,no_nse_iv
2026-09-10T08:23:36.478383+00:00,2026-09-10T13:53:36.478383+05:30,NIFTYNXT50,29-Sep-2026,71700.0,CE,72552.75,624.6,50,2602.4,550,0.0,1613.5,0,0,0,0,0,,,,,,,,,,,,,,,0.05223818878795662,72829.8,0.07296058091558955,0.009899999999999999,index_dividend_yield,0.065,11.82,25,72899.5,72993.65,72527.05,72853.85,mid_price,no_nse_iv
2026-09-10T08:23:36.478383+00:00,2026-09-10T13:53:36.478383+05:30,NIFTYNXT50,29-Sep-2026,71700.0,PE,72552.75,12.7,50,600,25,0.0,306.35,0,0,0,0,0,,,,,,,,,,,,,,,0.05223818878795662,72829.8,0.07296058091558955,0.009899999999999999,index_dividend_yield,0.065,11.82,25,72899.5,72993.65,72527.05,72853.85,mid_price,no_nse_iv
2026-09-10T08:23:36.478383+00:00,2026-09-10T13:53:36.478383+05:30,NIFTYNXT50,29-Sep-2026,71800.0,CE,72552.75,586,50,1997.7,550,0.0,1291.85,0,0,0,0,0,,,,,,,,,,,,,,,0.05223818878795662,72829.8,0.07296058091558955,0.009899999999999999,index_dividend_yield,0.065,11.82,25,72899.5,72993.65,72527.05,72853.85,mid_price,no_nse_iv
2026-09-10T08:23:36.478383+00:00,2026-09-10T13:53:36.478383+05:30,NIFTYNXT50,29-Sep-2026,71800.0,PE,72552.75,,0,650,25,0.0,,0,0,0,0,0,,,,,,,,,,,,,,,0.05223818878795662,,,,,,11.82,25,72899.5,72993.65,72527.05,72853.85,none,no_price_available
2026-09-10T08:23:36.478383+00:00,2026-09-10T13:53:36.478383+05:30,NIFTYNXT50,29-Sep-2026,71900.0,CE,72552.75,548.7,50,2308.35,550,0.0,1428.525,0,0,0,0,0,,,,,,,,,,,,,,,0.05223818878795662,72829.8,0.07296058091558955,0.009899999999999999,index_dividend_yield,0.065,11.82,25,72899.5,72993.65,72527.05,72853.85,mid_price,no_nse_iv
2026-09-10T08:23:36.478383+00:00,2026-09-10T13:53:36.478383+05:30,NIFTYNXT50,29-Sep-2026,71900.0,PE,72552.75,35.5,50,700,25,0.0,367.75,0,0,0,0,0,,,,,,,,,,,,,,,0.05223818878795662,72829.8,0.07296058091558955,0.009899999999999999,index_dividend_yield,0.065,11.82,25,72899.5,72993.65,72527.05,72853.85,mid_price,no_nse_iv
2026-09-10T08:23:36.478383+00:00,2026-09-10T13:53:36.478383+05:30,NIFTYNXT50,29-Sep-2026,72000.0,CE,72552.75,821,25,1824.95,550,0.0,1322.975,0,0,0,0,0,,,,,,,,,,,,,,,0.05223818878795662,72829.8,0.07296058091558955,0.009899999999999999,index_dividend_yield,0.065,11.82,25,72899.5,72993.65,72527.05,72853.85,mid_price,no_nse_iv
2026-09-10T08:23:36.478383+00:00,2026-09-10T13:53:36.478383+05:30,NIFTYNXT50,29-Sep-2026,72000.0,PE,72552.75,457.15,25,645,25,0.0,551.075,7,0,0,0,14.08,-0.3655414211301243,0.00016101283665069383,-18.907470222620475,62.338884023270985,-0.8304084266582135,0.0012934259954867633,47.25907646908567,-2.556717352361286e-08,-0.001021535920104629,4.036756238033769e-06,-1.707331332251293,-44.53538448392075,0.376618613116816,0.00016349454429163247,0.05223818878795662,72829.8,0.07296058091558955,0.009899999999999999,index_dividend_yield,0.065,11.82,25,72899.5,72993.65,72527.05,72853.85,mid_price,wide_quote_low_liquidity
2026-09-10T08:23:36.478383+00:00,2026-09-10T13:53:36.478383+05:30,NIFTYNXT50,29-Sep-2026,72100.0,CE,72552.75,,0,1836.2,550,0.0,,0,0,0,0,0,,,,,,,,,,,,,,,0.05223818878795662,,,,,,11.82,25,72899.5,72993.65,72527.05,72853.85,none,no_price_available
2026-09-10T08:23:36.478383+00:00,2026-09-10T13:53:36.478383+05:30,NIFTYNXT50,29-Sep-2026,72100.0,PE,72552.75,,0,749.95,25,0.0,,0,0,0,0,0,,,,,,,,,,,,,,,0.05223818878795662,,,,,,11.82,25,72899.5,72993.65,72527.05,72853.85,none,no_price_available
2026-09-10T08:23:36.478383+00:00,2026-09-10T13:53:36.478383+05:30,NIFTYNXT50,29-Sep-2026,72200.0,CE,72552.75,444.45,50,1682.7,550,0.0,1063.575,0,0,0,0,0,,,,,,,,,,,,,,,0.05223818878795662,72829.8,0.07296058091558955,0.009899999999999999,index_dividend_yield,0.065,11.82,25,72899.5,72993.65,72527.05,72853.85,mid_price,no_nse_iv
2026-09-10T08:23:36.478383+00:00,2026-09-10T13:53:36.478383+05:30,NIFTYNXT50,29-Sep-2026,72200.0,PE,72552.75,,0,750,25,0.0,,0,0,0,0,0,,,,,,,,,,,,,,,0.05223818878795662,,,,,,11.82,25,72899.5,72993.65,72527.05,72853.85,none,no_price_available
2026-09-10T08:23:36.478383+00:00,2026-09-10T13:53:36.478383+05:30,NIFTYNXT50,29-Sep-2026,72300.0,CE,72552.75,412.35,50,1937.85,550,0.0,1175.1,0,0,0,0,0,,,,,,,,,,,,,,,0.05223818878795662,72829.8,0.07296058091558955,0.009899999999999999,index_dividend_yield,0.065,11.82,25,72899.5,72993.65,72527.05,72853.85,mid_price,no_nse_iv
2026-09-10T08:23:36.478383+00:00,2026-09-10T13:53:36.478383+05:30,NIFTYNXT50,29-Sep-2026,72300.0,PE,72552.75,310.65,50,800,25,0.0,555.325,0,0,0,0,0,,,,,,,,,,,,,,,0.05223818878795662,72829.8,0.07296058091558955,0.009899999999999999,index_dividend_yield,0.065,11.82,25,72899.5,72993.65,72527.05,72853.85,mid_price,no_nse_iv
2026-09-10T08:23:36.478383+00:00,2026-09-10T13:53:36.478383+05:30,NIFTYNXT50,29-Sep-2026,72400.0,CE,72552.75,381.35,50,1612.65,550,0.0,997.0,0,0,0,0,0,,,,,,,,,,,,,,,0.05223818878795662,72829.8,0.07296058091558955,0.009899999999999999,index_dividend_yield,0.065,11.82,25,72899.5,72993.65,72527.05,72853.85,mid_price,no_nse_iv
2026-09-10T08:23:36.478383+00:00,2026-09-10T13:53:36.478383+05:30,NIFTYNXT50,29-Sep-2026,72400.0,PE,72552.75,108.3,50,733.65,50,0.0,420.97499999999997,0,0,0,0,0,,,,,,,,,,,,,,,0.05223818878795662,72829.8,0.07296058091558955,0.009899999999999999,index_dividend_yield,0.065,11.82,25,72899.5,72993.65,72527.05,72853.85,mid_price,no_nse_iv
2026-09-10T08:23:36.478383+00:00,2026-09-10T13:53:36.478383+05:30,NIFTYNXT50,29-Sep-2026,72500.0,CE,72552.75,816.25,25,1265,25,0.0,1040.625,0,0,0,0,0,,,,,,,,,,,,,,,0.05223818878795662,72829.8,0.07296058091558955,0.009899999999999999,index_dividend_yield,0.065,11.82,25,72899.5,72993.65,72527.05,72853.85,mid_price,no_nse_iv
2026-09-10T08:23:36.478383+00:00,2026-09-10T13:53:36.478383+05:30,NIFTYNXT50,29-Sep-2026,72500.0,PE,72552.75,701.05,25,742.7,25,740,721.875,14,9,81,16.85748124753257,14.14,-0.4489502922892694,0.00016867299093086698,-19.25697511763485,65.58293110089147,-0.26687506647166126,-0.0008700461489496436,5.652718860055472,-1.1350526878976111e-08,-0.0011783978661914845,4.4763990921869534e-06,-1.7000086516004558,-40.28668541490318,0.4604289380249359,0.00016891852850661423,0.05223818878795662,72829.8,0.07296058091558955,0.009899999999999999,index_dividend_yield,0.065,11.82,25,72899.5,72993.65,72527.05,72853.85,mid_price,ok
2026-09-10T08:23:36.478383+00:00,2026-09-10T13:53:36.478383+05:30,NIFTYNXT50,29-Sep-2026,72600.0,CE,72552.75,,0,1433.85,550,0.0,,0,0,0,0,0,,,,,,,,,,,,,,,0.05223818878795662,,,,,,11.82,25,72899.5,72993.65,72527.05,72853.85,none,no_price_available
2026-09-10T08:23:36.478383+00:00,2026-09-10T13:53:36.478383+05:30,NIFTYNXT50,29-Sep-2026,72600.0,PE,72552.75,740,25,817.85,150,745.5,778.925,0,0,1,-76.33333333333333,13.55,-0.464934866925944,0.00017678253924608597,-18.167084871211927,65.86800808951142,-0.165447025996579,-0.0013611734344852189,2.398034399909932,-9.162452078282002e-09,-0.0012983022775667874,4.695091381996108e-06,-1.7061045526007064,-41.31118289893408,0.4758794057570654,0.00017655250462319706,0.05223818878795662,72829.8,0.07296058091558955,0.009899999999999999,index_dividend_yield,0.065,11.82,25,72899.5,72993.65,72527.05,72853.85,mid_price,ok
2026-09-10T08:23:36.478383+00:00,2026-09-10T13:53:36.478383+05:30,NIFTYNXT50,29-Sep-2026,72700.0,CE,72552.75,530.05,25,1359.95,550,0.0,945.0,0,0,0,0,0,,,,,,,,,,,,,,,0.05223818878795662,72829.8,0.07296058091558955,0.009899999999999999,index_dividend_yield,0.065,11.82,25,72899.5,72993.65,72527.05,72853.85,mid_price,no_nse_iv
2026-09-10T08:23:36.478383+00:00,2026-09-10T13:53:36.478383+05:30,NIFTYNXT50,29-Sep-2026,72700.0,PE,72552.75,500.2,50,997.9,50,0.0,749.05,0,0,0,0,0,,,,,,,,,,,,,,,0.05223818878795662,72829.8,0.07296058091558955,0.009899999999999999,index_dividend_yield,0.065,11.82,25,72899.5,72993.65,72527.05,72853.85,mid_price,no_nse_iv
2026-09-10T08:23:36.478383+00:00,2026-09-10T13:53:36.478383+05:30,NIFTYNXT50,29-Sep-2026,72800.0,CE,72552.75,295,25,1299.9,550,0.0,797.45,0,0,0,0,0,,,,,,,,,,,,,,,0.05223818878795662,72829.8,0.07296058091558955,0.009899999999999999,index_dividend_yield,0.065,11.82,25,72899.5,72993.65,72527.05,72853.85,mid_price,no_nse_iv
2026-09-10T08:23:36.478383+00:00,2026-09-10T13:53:36.478383+05:30,NIFTYNXT50,29-Sep-2026,72800.0,PE,72552.75,185.25,25,949.95,25,0.0,567.6,0,0,0,0,0,,,,,,,,,,,,,,,0.05223818878795662,72829.8,0.07296058091558955,0.009899999999999999,index_dividend_yield,0.065,11.82,25,72899.5,72993.65,72527.05,72853.85,mid_price,no_nse_iv
2026-09-10T08:23:36.478383+00:00,2026-09-10T13:53:36.478383+05:30,NIFTYNXT50,29-Sep-2026,72900.0,CE,72552.75,,0,1195,25,0.0,,0,0,0,0,0,,,,,,,,,,,,,,,0.05223818878795662,,,,,,11.82,25,72899.5,72993.65,72527.05,72853.85,none,no_price_available
2026-09-10T08:23:36.478383+00:00,2026-09-10T13:53:36.478383+05:30,NIFTYNXT50,29-Sep-2026,72900.0,PE,72552.75,880,25,975.8,125,0.0,927.9,3,0,0,0,16.07,-0.513004368176724,0.00014954824481300678,-22.027682915530633,66.08350421788776,0.17358981242310279,-0.0023840079782500023,0.9577027443867792,-1.7349725360223979e-10,-0.0009284736359704252,3.897750543848392e-06,-1.7443713910266896,-32.82926146383775,0.5261127381460803,0.00014812692943585805,0.05223818878795662,72829.8,0.07296058091558955,0.009899999999999999,index_dividend_yield,0.065,11.82,25,72899.5,72993.65,72527.05,72853.85,mid_price,ok
2026-09-10T08:23:36.478383+00:00,2026-09-10T13:53:36.478383+05:30,NIFTYNXT50,29-Sep-2026,73000.0,CE,72552.75,726.05,400,780,25,776.05,753.025,22,0,2,-12.606981981981981,12.39,0.459451537595511,0.00019308191214472125,-26.279348674997244,65.78225619019679,0.41476408990837044,-0.003450830309670638,6.961991289422542,6.785706573709295e-09,-0.0015380324973074415,4.899827503931827e-06,-1.781532039517998,47.12651899577071,-0.4469470209807865,0.0001907232451207912,0.05223818878795662,72829.8,0.07296058091558955,0.009899999999999999,index_dividend_yield,0.065,11.82,25,72899.5,72993.65,72527.05,72853.85,mid_price,ok
2026-09-10T08:23:36.478383+00:00,2026-09-10T13:53:36.478383+05:30,NIFTYNXT50,29-Sep-2026,73000.0,PE,72552.75,933.05,25,997.8,125,931,965.425,45,25,75,-2.6914031878756206,13.43,-0.536013653822643,0.00017830339786472081,-17.13867952260087,65.84631865858707,0.3601105955182704,-0.0032365496005131167,5.440015980767043,4.804172049581861e-09,-0.001312990695908966,4.550591154600588e-06,-1.7737518092116886,-38.3864058708244,0.5466077334235689,0.0001761252635168334,0.05223818878795662,72829.8,0.07296058091558955,0.009899999999999999,index_dividend_yield,0.065,11.82,25,72899.5,72993.65,72527.05,72853.85,mid_price,ok
2026-09-10T08:23:36.478383+00:00,2026-09-10T13:53:36.478383+05:30,NIFTYNXT50,29-Sep-2026,73100.0,CE,72552.75,198.65,50,899.95,25,0.0,549.3000000000001,0,0,0,0,0,,,,,,,,,,,,,,,0.05223818878795662,72829.8,0.07296058091558955,0.009899999999999999,index_dividend_yield,0.065,11.82,25,72899.5,72993.65,72527.05,72853.85,mid_price,no_nse_iv
2026-09-10T08:23:36.478383+00:00,2026-09-10T13:53:36.478383+05:30,NIFTYNXT50,29-Sep-2026,73100.0,PE,72552.75,270.25,50,1563,25,0.0,916.625,0,0,0,0,0,,,,,,,,,,,,,,,0.05223818878795662,72829.8,0.07296058091558955,0.009899999999999999,index_dividend_yield,0.065,11.82,25,72899.5,72993.65,72527.05,72853.85,mid_price,no_nse_iv
2026-09-10T08:23:36.478383+00:00,2026-09-10T13:53:36.478383+05:30,NIFTYNXT50,29-Sep-2026,73200.0,CE,72552.75,177.1,50,949.95,25,0.0,563.525,0,0,0,0,0,,,,,,,,,,,,,,,0.05223818878795662,72829.8,0.07296058091558955,0.009899999999999999,index_dividend_yield,0.065,11.82,25,72899.5,72993.65,72527.05,72853.85,mid_price,no_nse_iv
2026-09-10T08:23:36.478383+00:00,2026-09-10T13:53:36.478383+05:30,NIFTYNXT50,29-Sep-2026,73200.0,PE,72552.75,290.05,50,1640,25,0.0,965.025,0,0,0,0,0,,,,,,,,,,,,,,,0.05223818878795662,72829.8,0.07296058091558955,0.009899999999999999,index_dividend_yield,0.065,11.82,25,72899.5,72993.65,72527.05,72853.85,mid_price,no_nse_iv
2026-09-10T08:23:36.478383+00:00,2026-09-10T13:53:36.478383+05:30,NIFTYNXT50,29-Sep-2026,73300.0,CE,72552.75,,0,949,25,0.0,,0,0,0,0,0,,,,,,,,,,,,,,,0.05223818878795662,,,,,,11.82,25,72899.5,72993.65,72527.05,72853.85,none,no_price_available
2026-09-10T08:23:36.478383+00:00,2026-09-10T13:53:36.478383+05:30,NIFTYNXT50,29-Sep-2026,73300.0,PE,72552.75,1010.05,25,1385,25,0.0,1197.525,7,0,0,0,13.41,-0.5887385286854032,0.0001748265776551825,-16.010979203245917,64.4662044504638,0.7414199646098019,-0.004539313985385651,27.674661192754968,1.5117418892070466e-08,-0.0012287139883457776,4.1329270638776035e-06,-1.8577430344624375,-36.08708843122876,0.5988847548574427,0.0001712802402527824,0.05223818878795662,72829.8,0.07296058091558955,0.009899999999999999,index_dividend_yield,0.065,11.82,25,72899.5,72993.65,72527.05,72853.85,mid_price,wide_quote_low_liquidity
2026-09-10T08:23:36.478383+00:00,2026-09-10T13:53:36.478383+05:30,NIFTYNXT50,29-Sep-2026,73400.0,CE,72552.75,,0,849.9,25,0.0,,0,0,0,0,0,,,,,,,,,,,,,,,0.05223818878795662,,,,,,11.82,25,72899.5,72993.65,72527.05,72853.85,none,no_price_available
2026-09-10T08:23:36.478383+00:00,2026-09-10T13:53:36.478383+05:30,NIFTYNXT50,29-Sep-2026,73400.0,PE,72552.75,355.75,50,1937.95,550,0.0,1146.85,3,0,0,0,16.06,-0.5865773208873929,0.00014615951083543757,-20.506980683189173,64.54587448013848,0.6210510670414671,-0.004233546145491873,22.609124499282984,9.96008373647105e-09,-0.00085891773968859,3.490385745353583e-06,-1.844533606687243,-30.086967791545238,0.5990775267702272,0.00014280477119238492,0.05223818878795662,72829.8,0.07296058091558955,0.009899999999999999,index_dividend_yield,0.065,11.82,25,72899.5,72993.65,72527.05,72853.85,mid_price,wide_quote_low_liquidity
2026-09-10T08:23:36.478383+00:00,2026-09-10T13:53:36.478383+05:30,NIFTYNXT50,29-Sep-2026,73500.0,CE,72552.75,515.05,25,578.25,150,610,546.65,10,2,58,-18.666666666666668,13.14,0.37388856369443035,0.00017380351459305896,-25.635159596424845,62.79857468862574,1.0119297331186439,-0.0053818232376072195,53.87800800619402,2.293371939670433e-08,-0.001173646418365569,3.769126796406773e-06,-1.9322746498331256,48.944476854910235,-0.3615293946248706,0.00016935250809036086,0.05223818878795662,72829.8,0.07296058091558955,0.009899999999999999,index_dividend_yield,0.065,11.82,25,72899.5,72993.65,72527.05,72853.85,mid_price,ok
2026-09-10T08:23:36.478383+00:00,2026-09-10T13:53:36.478383+05:30,NIFTYNXT50,29-Sep-2026,73500.0,PE,72552.75,357.55,50,1566.45,25,0.0,962.0,0,0,0,0,0,,,,,,,,,,,,,,,0.05223818878795662,72829.8,0.07296058091558955,0.009899999999999999,index_dividend_yield,0.065,11.82,25,72899.5,72993.65,72527.05,72853.85,mid_price,no_nse_iv
2026-09-10T08:23:36.478383+00:00,2026-09-10T13:53:36.478383+05:30,NIFTYNXT50,29-Sep-2026,73600.0,CE,72552.75,165.15,25,653,25,0.0,409.075,0,0,0,0,0,,,,,,,,,,,,,,,0.05223818878795662,72829.8,0.07296058091558955,0.009899999999999999,index_dividend_yield,0.065,11.82,25,72899.5,72993.65,72527.05,72853.85,mid_price,no_nse_iv
2026-09-10T08:23:36.478383+00:00,2026-09-10T13:53:36.478383+05:30,NIFTYNXT50,29-Sep-2026,73600.0,PE,72552.75,387.1,50,1968.45,550,0.0,1177.775,0,0,0,0,0,,,,,,,,,,,,,,,0.05223818878795662,72829.8,0.07296058091558955,0.009899999999999999,index_dividend_yield,0.065,11.82,25,72899.5,72993.65,72527.05,72853.85,mid_price,no_nse_iv
2026-09-10T08:23:36.478383+00:00,2026-09-10T13:53:36.478383+05:30,NIFTYNXT50,29-Sep-2026,73700.0,CE,72552.75,85.95,25,629.5,25,0.0,357.725,1,0,0,0,13,0.3384212186996554,0.00016961405616402217,-24.291312628040167,60.63188350414448,1.2545080595812996,-0.00612683320838886,86.60635493938074,3.003850262388321e-08,-0.001062490090093031,3.268333188901582e-06,-2.01200784949355,51.49875308228363,-0.32668403901598914,0.00016437456669764623,0.05223818878795662,72829.8,0.07296058091558955,0.009899999999999999,index_dividend_yield,0.065,11.82,25,72899.5,72993.65,72527.05,72853.85,mid_price,wide_quote_low_liquidity
2026-09-10T08:23:36.478383+00:00,2026-09-10T13:53:36.478383+05:30,NIFTYNXT50,29-Sep-2026,73700.0,PE,72552.75,417.75,50,2021.25,550,0.0,1219.5,0,0,0,0,0,,,,,,,,,,,,,,,0.05223818878795662,72829.8,0.07296058091558955,0.009899999999999999,index_dividend_yield,0.065,11.82,25,72899.5,72993.65,72527.05,72853.85,mid_price,no_nse_iv
2026-09-10T08:23:36.478383+00:00,2026-09-10T13:53:36.478383+05:30,NIFTYNXT50,29-Sep-2026,73800.0,CE,72552.75,,0,605.65,25,0.0,,0,0,0,0,0,,,,,,,,,,,,,,,0.05223818878795662,,,,,,11.82,25,72899.5,72993.65,72527.05,72853.85,none,no_price_available
2026-09-10T08:23:36.478383+00:00,2026-09-10T13:53:36.478383+05:30,NIFTYNXT50,29-Sep-2026,73800.0,PE,72552.75,,0,2099.15,550,0.0,,0,0,0,0,0,,,,,,,,,,,,,,,0.05223818878795662,,,,,,11.82,25,72899.5,72993.65,72527.05,72853.85,none,no_price_available
2026-09-10T08:23:36.478383+00:00,2026-09-10T13:53:36.478383+05:30,NIFTYNXT50,29-Sep-2026,73900.0,CE,72552.75,55.1,50,582,25,0.0,318.55,0,0,0,0,0,,,,,,,,,,,,,,,0.05223818878795662,72829.8,0.07296058091558955,0.009899999999999999,index_dividend_yield,0.065,11.82,25,72899.5,72993.65,72527.05,72853.85,mid_price,no_nse_iv
2026-09-10T08:23:36.478383+00:00,2026-09-10T13:53:36.478383+05:30,NIFTYNXT50,29-Sep-2026,73900.0,PE,72552.75,483.3,50,2180.6,550,0.0,1331.95,0,0,0,0,0,,,,,,,,,,,,,,,0.05223818878795662,,,,,,11.82,25,72899.5,72993.65,72527.05,72853.85,mid_price,no_price_available
2026-09-10T08:23:36.478383+00:00,2026-09-10T13:53:36.478383+05:30,NIFTYNXT50,29-Sep-2026,74000.0,CE,72552.75,351,25,408.65,150,457.25,379.825,52,0,1,0.7935633197398876,13.47,0.2969787089534719,0.00015490236140922874,-23.445609421969902,57.37484184715695,1.4473677670358842,-0.006802731455380296,127.85098117267424,3.44082233146915e-08,-0.0008048230493694228,2.442406012523584e-06,-2.1046603963403783,52.193819892881216,-0.28559192721969656,0.000148902625569684,0.05223818878795662,72829.8,0.07296058091558955,0.009899999999999999,index_dividend_yield,0.065,11.82,25,72899.5,72993.65,72527.05,72853.85,mid_price,wide_quote_low_liquidity
2026-09-10T08:23:36.478383+00:00,2026-09-10T13:53:36.478383+05:30,NIFTYNXT50,29-Sep-2026,74000.0,PE,72552.75,1000.05,25,2095.6,550,0.0,1547.8249999999998,0,0,0,0,0,,,,,,,,,,,,,,,0.05223818878795662,72829.8,0.07296058091558955,0.009899999999999999,index_dividend_yield,0.065,11.82,25,72899.5,72993.65,72527.05,72853.85,mid_price,no_nse_iv
2026-09-10T08:23:36.478383+00:00,2026-09-10T13:53:36.478383+05:30,NIFTYNXT50,29-Sep-2026,74100.0,CE,72552.75,28.65,50,528.85,75,0.0,278.75,0,0,0,0,0,,,,,,,,,,,,,,,0.05223818878795662,72829.8,0.07296058091558955,0.009899999999999999,index_dividend_yield,0.065,11.82,25,72899.5,72993.65,72527.05,72853.85,mid_price,no_nse_iv
2026-09-10T08:23:36.478383+00:00,2026-09-10T13:53:36.478383+05:30,NIFTYNXT50,29-Sep-2026,74100.0,PE,72552.75,553.65,25,2403.35,550,0.0,1478.5,0,0,0,0,0,,,,,,,,,,,,,,,0.05223818878795662,,,,,,11.82,25,72899.5,72993.65,72527.05,72853.85,mid_price,no_price_available
2026-09-10T08:23:36.478383+00:00,2026-09-10T13:53:36.478383+05:30,NIFTYNXT50,29-Sep-2026,74200.0,CE,72552.75,,0,507.85,25,0.0,,0,0,0,0,0,,,,,,,,,,,,,,,0.05223818878795662,,,,,,11.82,25,72899.5,72993.65,72527.05,72853.85,none,no_price_available
2026-09-10T08:23:36.478383+00:00,2026-09-10T13:53:36.478383+05:30,NIFTYNXT50,29-Sep-2026,74200.0,PE,72552.75,,0,2346.3,550,0.0,,0,0,0,0,0,,,,,,,,,,,,,,,0.05223818878795662,,,,,,11.82,25,72899.5,72993.65,72527.05,72853.85,none,no_price_available
2026-09-10T08:23:36.478383+00:00,2026-09-10T13:53:36.478383+05:30,NIFTYNXT50,29-Sep-2026,74300.0,CE,72552.75,5.6,50,487.5,50,0.0,246.55,0,0,0,0,0,,,,,,,,,,,,,,,0.05223818878795662,72829.8,0.07296058091558955,0.009899999999999999,index_dividend_yield,0.065,11.82,25,72899.5,72993.65,72527.05,72853.85,mid_price,no_nse_iv
2026-09-10T08:23:36.478383+00:00,2026-09-10T13:53:36.478383+05:30,NIFTYNXT50,29-Sep-2026,74300.0,PE,72552.75,629.2,50,2446.3,550,0.0,1537.75,0,0,0,0,0,,,,,,,,,,,,,,,0.05223818878795662,,,,,,11.82,25,72899.5,72993.65,72527.05,72853.85,mid_price,no_price_available
2026-09-10T08:23:36.478383+00:00,2026-09-10T13:53:36.478383+05:30,NIFTYNXT50,29-Sep-2026,74400.0,CE,72552.75,0.2,100,467.95,75,0.0,234.075,0,0,0,0,0,,,,,,,,,,,,,,,0.05223818878795662,72829.8,0.07296058091558955,0.009899999999999999,index_dividend_yield,0.065,11.82,25,72899.5,72993.65,72527.05,72853.85,mid_price,no_nse_iv
2026-09-10T08:23:36.478383+00:00,2026-09-10T13:53:36.478383+05:30,NIFTYNXT50,29-Sep-2026,74400.0,PE,72552.75,668.7,50,2468.4,550,0.0,1568.5500000000002,0,0,0,0,0,,,,,,,,,,,,,,,0.05223818878795662,,,,,,11.82,25,72899.5,72993.65,72527.05,72853.85,mid_price,no_price_available
2026-09-10T08:23:36.478383+00:00,2026-09-10T13:53:36.478383+05:30,NIFTYNXT50,29-Sep-2026,74500.0,CE,72552.75,248,25,270,25,245.35,259.0,39,9,31,-13.042707779549884,12.7,0.21210237870874046,0.0001376216746610027,-18.28438063951677,48.06029436970705,1.8891478468299472,-0.007794442238136745,250.2398731128821,4.971794712955823e-08,-0.00036703881367673794,6.533503769975523e-07,-2.2921641052696415,61.53696320814412,-0.20320187707034368,0.0001305214979797072,0.05223818878795662,72829.8,0.07296058091558955,0.009899999999999999,index_dividend_yield,0.065,11.82,25,72899.5,72993.65,72527.05,72853.85,mid_price,ok
2026-09-10T08:23:36.478383+00:00,2026-09-10T13:53:36.478383+05:30,NIFTYNXT50,29-Sep-2026,74500.0,PE,72552.75,1203.7,25,2518,375,0.0,1860.85,15,0,0,0,8.11,,,,,,,,,,,,,,,0.05223818878795662,,,,,,11.82,25,72899.5,72993.65,72527.05,72853.85,mid_price,no_price_available
2026-09-10T08:23:36.478383+00:00,2026-09-10T13:53:36.478383+05:30,NIFTYNXT50,29-Sep-2026,74600.0,CE,72552.75,,0,430.5,25,0.0,,0,0,0,0,0,,,,,,,,,,,,,,,0.05223818878795662,,,,,,11.82,25,72899.5,72993.65,72527.05,72853.85,none,no_price_available
2026-09-10T08:23:36.478383+00:00,2026-09-10T13:53:36.478383+05:30,NIFTYNXT50,29-Sep-2026,74600.0,PE,72552.75,1508.5,550,2663.9,550,0.0,2086.2,0,0,0,0,0,,,,,,,,,,,,,,,0.05223818878795662,72829.8,0.07296058091558955,0.009899999999999999,index_dividend_yield,0.065,11.82,25,72899.5,72993.65,72527.05,72853.85,mid_price,no_nse_iv
2026-09-10T08:23:36.478383+00:00,2026-09-10T13:53:36.478383+05:30,NIFTYNXT50,29-Sep-2026,74700.0,CE,72552.75,0.1,50,412.55,50,0.0,206.32500000000002,0,0,0,0,0,,,,,,,,,,,,,,,0.05223818878795662,72829.8,0.07296058091558955,0.009899999999999999,index_dividend_yield,0.065,11.82,25,72899.5,72993.65,72527.05,72853.85,mid_price,no_nse_iv
2026-09-10T08:23:36.478383+00:00,2026-09-10T13:53:36.478383+05:30,NIFTYNXT50,29-Sep-2026,74700.0,PE,72552.75,1564.5,550,2798.15,550,0.0,2181.325,0,0,0,0,0,,,,,,,,,,,,,,,0.05223818878795662,72829.8,0.07296058091558955,0.009899999999999999,index_dividend_yield,0.065,11.82,25,72899.5,72993.65,72527.05,72853.85,mid_price,no_nse_iv
2026-09-10T08:23:36.478383+00:00,2026-09-10T13:53:36.478383+05:30,NIFTYNXT50,29-Sep-2026,74800.0,CE,72552.75,0.05,50,395.3,75,0.0,197.675,0,0,0,0,0,,,,,,,,,,,,,,,0.05223818878795662,72829.8,0.07296058091558955,0.009899999999999999,index_dividend_yield,0.065,11.82,25,72899.5,72993.65,72527.05,72853.85,mid_price,no_nse_iv
2026-09-10T08:23:36.478383+00:00,2026-09-10T13:53:36.478383+05:30,NIFTYNXT50,29-Sep-2026,74800.0,PE,72552.75,1612.15,550,2763.25,25,0.0,2187.7,0,0,0,0,0,,,,,,,,,,,,,,,0.05223818878795662,,,,,,11.82,25,72899.5,72993.65,72527.05,72853.85,mid_price,no_price_available
2026-09-10T08:23:36.478383+00:00,2026-09-10T13:53:36.478383+05:30,NIFTYNXT50,29-Sep-2026,74900.0,CE,72552.75,0.05,50,378.75,75,0.0,189.4,0,0,0,0,0,,,,,,,,,,,,,,,0.05223818878795662,72829.8,0.07296058091558955,0.009899999999999999,index_dividend_yield,0.065,11.82,25,72899.5,72993.65,72527.05,72853.85,mid_price,no_nse_iv
2026-09-10T08:23:36.478383+00:00,2026-09-10T13:53:36.478383+05:30,NIFTYNXT50,29-Sep-2026,74900.0,PE,72552.75,1656.9,550,2779.55,25,0.0,2218.2250000000004,0,0,0,0,0,,,,,,,,,,,,,,,0.05223818878795662,,,,,,11.82,25,72899.5,72993.65,72527.05,72853.85,mid_price,no_price_available
2026-09-10T08:23:36.478383+00:00,2026-09-10T13:53:36.478383+05:30,NIFTYNXT50,29-Sep-2026,75000.0,CE,72552.75,164.05,25,188,25,179,176.025,17,7,14,0.08386916410399776,12.52,0.14806822902983152,0.00011131782244854504,-14.176050086967303,38.32347644406415,1.9807292429752237,-0.007718925437770391,343.057562612028,5.392270576227727e-08,0.00010742252465298531,-9.644318138233996e-07,-2.3414046996465814,68.53719589767371,-0.14114684992047025,0.00010417174332238515,0.05223818878795662,72829.8,0.07296058091558955,0.009899999999999999,index_dividend_yield,0.065,11.82,25,72899.5,72993.65,72527.05,72853.85,mid_price,ok
2026-09-10T08:23:36.478383+00:00,2026-09-10T13:53:36.478383+05:30,NIFTYNXT50,29-Sep-2026,75000.0,PE,72552.75,1838.2,550,2952.35,550,0.0,2395.275,0,0,0,0,0,,,,,,,,,,,,,,,0.05223818878795662,,,,,,11.82,25,72899.5,72993.65,72527.05,72853.85,mid_price,no_price_available
2026-09-10T08:23:36.478383+00:00,2026-09-10T13:53:36.478383+05:30,NIFTYNXT50,29-Sep-2026,75100.0,CE,72552.75,0.05,50,346.75,75,0.0,173.4,0,0,0,0,0,,,,,,,,,,,,,,,0.05223818878795662,72829.8,0.07296058091558955,0.009899999999999999,index_dividend_yield,0.065,11.82,25,72899.5,72993.65,72527.05,72853.85,mid_price,no_nse_iv
2026-09-10T08:23:36.478383+00:00,2026-09-10T13:53:36.478383+05:30,NIFTYNXT50,29-Sep-2026,75100.0,PE,72552.75,1811.75,550,3105.8,550,0.0,2458.775,0,0,0,0,0,,,,,,,,,,,,,,,0.05223818878795662,,,,,,11.82,25,72899.5,72993.65,72527.05,72853.85,mid_price,no_price_available
2026-09-10T08:23:36.478383+00:00,2026-09-10T13:53:36.478383+05:30,NIFTYNXT50,29-Sep-2026,75200.0,CE,72552.75,0.05,50,344.4,25,0.0,172.225,0,0,0,0,0,,,,,,,,,,,,,,,0.05223818878795662,72829.8,0.07296058091558955,0.009899999999999999,index_dividend_yield,0.065,11.82,25,72899.5,72993.65,72527.05,72853.85,mid_price,no_nse_iv
2026-09-10T08:23:36.478383+00:00,2026-09-10T13:53:36.478383+05:30,NIFTYNXT50,29-Sep-2026,75200.0,PE,72552.75,1880,550,3250.05,550,0.0,2565.025,0,0,0,0,0,,,,,,,,,,,,,,,0.05223818878795662,,,,,,11.82,25,72899.5,72993.65,72527.05,72853.85,mid_price,no_price_available
2026-09-10T08:23:36.478383+00:00,2026-09-10T13:53:36.478383+05:30,NIFTYNXT50,29-Sep-2026,75300.0,CE,72552.75,0.05,50,329.55,25,0.0,164.8,0,0,0,0,0,,,,,,,,,,,,,,,0.05223818878795662,72829.8,0.07296058091558955,0.009899999999999999,index_dividend_yield,0.065,11.82,25,72899.5,72993.65,72527.05,72853.85,mid_price,no_nse_iv
2026-09-10T08:23:36.478383+00:00,2026-09-10T13:53:36.478383+05:30,NIFTYNXT50,29-Sep-2026,75300.0,PE,72552.75,2046.15,550,3352.75,550,0.0,2699.45,0,0,0,0,0,,,,,,,,,,,,,,,0.05223818878795662,,,,,,11.82,25,72899.5,72993.65,72527.05,72853.85,mid_price,no_price_available
2026-09-10T08:23:36.478383+00:00,2026-09-10T13:53:36.478383+05:30,NIFTYNXT50,29-Sep-2026,75400.0,CE,72552.75,0.05,50,294.95,25,0.0,147.5,0,0,0,0,0,,,,,,,,,,,,,,,0.05223818878795662,72829.8,0.07296058091558955,0.009899999999999999,index_dividend_yield,0.065,11.82,25,72899.5,72993.65,72527.05,72853.85,mid_price,no_nse_iv
2026-09-10T08:23:36.478383+00:00,2026-09-10T13:53:36.478383+05:30,NIFTYNXT50,29-Sep-2026,75400.0,PE,72552.75,2106.9,550,3387.65,550,0.0,2747.275,0,0,0,0,0,,,,,,,,,,,,,,,0.05223818878795662,,,,,,11.82,25,72899.5,72993.65,72527.05,72853.85,mid_price,no_price_available
2026-09-10T08:23:36.478383+00:00,2026-09-10T13:53:36.478383+05:30,NIFTYNXT50,29-Sep-2026,75500.0,CE,72552.75,10.75,200,280.85,100,0.0,145.8,0,0,0,0,0,,,,,,,,,,,,,,,0.05223818878795662,72829.8,0.07296058091558955,0.009899999999999999,index_dividend_yield,0.065,11.82,25,72899.5,72993.65,72527.05,72853.85,mid_price,no_nse_iv
2026-09-10T08:23:36.478383+00:00,2026-09-10T13:53:36.478383+05:30,NIFTYNXT50,29-Sep-2026,75500.0,PE,72552.75,2194.3,550,3656.5,550,0.0,2925.4,0,0,0,0,0,,,,,,,,,,,,,,,0.05223818878795662,,,,,,11.82,25,72899.5,72993.65,72527.05,72853.85,mid_price,no_price_available
2026-09-10T08:23:36.478383+00:00,2026-09-10T13:53:36.478383+05:30,NIFTYNXT50,29-Sep-2026,75600.0,CE,72552.75,0.05,50,287.7,25,0.0,143.875,0,0,0,0,0,,,,,,,,,,,,,,,0.05223818878795662,72829.8,0.07296058091558955,0.009899999999999999,index_dividend_yield,0.065,11.82,25,72899.5,72993.65,72527.05,72853.85,mid_price,no_nse_iv
2026-09-10T08:23:36.478383+00:00,2026-09-10T13:53:36.478383+05:30,NIFTYNXT50,29-Sep-2026,75600.0,PE,72552.75,2308.35,550,3684.2,550,0.0,2996.2749999999996,0,0,0,0,0,,,,,,,,,,,,,,,0.05223818878795662,,,,,,11.82,25,72899.5,72993.65,72527.05,72853.85,mid_price,no_price_available
2026-09-10T08:23:36.478383+00:00,2026-09-10T13:53:36.478383+05:30,NIFTYNXT50,29-Sep-2026,75700.0,CE,72552.75,0.05,50,274,25,0.0,137.025,0,0,0,0,0,,,,,,,,,,,,,,,0.05223818878795662,72829.8,0.07296058091558955,0.009899999999999999,index_dividend_yield,0.065,11.82,25,72899.5,72993.65,72527.05,72853.85,mid_price,no_nse_iv
2026-09-10T08:23:36.478383+00:00,2026-09-10T13:53:36.478383+05:30,NIFTYNXT50,29-Sep-2026,75700.0,PE,72552.75,2323.65,550,3548.65,25,0.0,2936.15,0,0,0,0,0,,,,,,,,,,,,,,,0.05223818878795662,,,,,,11.82,25,72899.5,72993.65,72527.05,72853.85,mid_price,no_price_available
2026-09-10T08:23:36.478383+00:00,2026-09-10T13:53:36.478383+05:30,NIFTYNXT50,29-Sep-2026,75800.0,CE,72552.75,0.05,50,262.2,25,0.0,131.125,0,0,0,0,0,,,,,,,,,,,,,,,0.05223818878795662,72829.8,0.07296058091558955,0.009899999999999999,index_dividend_yield,0.065,11.82,25,72899.5,72993.65,72527.05,72853.85,mid_price,no_nse_iv
2026-09-10T08:23:36.478383+00:00,2026-09-10T13:53:36.478383+05:30,NIFTYNXT50,29-Sep-2026,75800.0,PE,72552.75,2456.5,550,3750.9,550,0.0,3103.7,0,0,0,0,0,,,,,,,,,,,,,,,0.05223818878795662,,,,,,11.82,25,72899.5,72993.65,72527.05,72853.85,mid_price,no_price_available
2026-09-10T08:23:36.478383+00:00,2026-09-10T13:53:36.478383+05:30,NIFTYNXT50,29-Sep-2026,75900.0,CE,72552.75,0.05,50,250.05,75,0.0,125.05000000000001,0,0,0,0,0,,,,,,,,,,,,,,,0.05223818878795662,72829.8,0.07296058091558955,0.009899999999999999,index_dividend_yield,0.065,11.82,25,72899.5,72993.65,72527.05,72853.85,mid_price,no_nse_iv
2026-09-10T08:23:36.478383+00:00,2026-09-10T13:53:36.478383+05:30,NIFTYNXT50,29-Sep-2026,75900.0,PE,72552.75,2470.5,550,4078.5,550,0.0,3274.5,0,0,0,0,0,,,,,,,,,,,,,,,0.05223818878795662,,,,,,11.82,25,72899.5,72993.65,72527.05,72853.85,mid_price,no_price_available
2026-09-10T08:23:36.478383+00:00,2026-09-10T13:53:36.478383+05:30,NIFTYNXT50,29-Sep-2026,76000.0,CE,72552.75,1.05,125,228.75,25,0.0,114.9,0,0,0,0,0,,,,,,,,,,,,,,,0.05223818878795662,72829.8,0.07296058091558955,0.009899999999999999,index_dividend_yield,0.065,11.82,25,72899.5,72993.65,72527.05,72853.85,mid_price,no_nse_iv
2026-09-10T08:23:36.478383+00:00,2026-09-10T13:53:36.478383+05:30,NIFTYNXT50,29-Sep-2026,76000.0,PE,72552.75,2632.1,550,4055.65,550,0.0,3343.875,0,0,0,0,0,,,,,,,,,,,,,,,0.05223818878795662,,,,,,11.82,25,72899.5,72993.65,72527.05,72853.85,mid_price,no_price_available
2026-09-10T08:23:36.478383+00:00,2026-09-10T13:53:36.478383+05:30,NIFTYNXT50,29-Sep-2026,76100.0,CE,72552.75,0.05,50,227.35,75,0.0,113.7,0,0,0,0,0,,,,,,,,,,,,,,,0.05223818878795662,72829.8,0.07296058091558955,0.009899999999999999,index_dividend_yield,0.065,11.82,25,72899.5,72993.65,72527.05,72853.85,mid_price,no_nse_iv
2026-09-10T08:23:36.478383+00:00,2026-09-10T13:53:36.478383+05:30,NIFTYNXT50,29-Sep-2026,76100.0,PE,72552.75,2719.3,550,4095.25,550,0.0,3407.275,0,0,0,0,0,,,,,,,,,,,,,,,0.05223818878795662,,,,,,11.82,25,72899.5,72993.65,72527.05,72853.85,mid_price,no_price_available
2026-09-10T08:23:36.478383+00:00,2026-09-10T13:53:36.478383+05:30,NIFTYNXT50,29-Sep-2026,76200.0,CE,72552.75,0.05,50,216.5,25,0.0,108.275,0,0,0,0,0,,,,,,,,,,,,,,,0.05223818878795662,72829.8,0.07296058091558955,0.009899999999999999,index_dividend_yield,0.065,11.82,25,72899.5,72993.65,72527.05,72853.85,mid_price,no_nse_iv
2026-09-10T08:23:36.478383+00:00,2026-09-10T13:53:36.478383+05:30,NIFTYNXT50,29-Sep-2026,76200.0,PE,72552.75,2806,550,4085.35,550,0.0,3445.675,0,0,0,0,0,,,,,,,,,,,,,,,0.05223818878795662,,,,,,11.82,25,72899.5,72993.65,72527.05,72853.85,mid_price,no_price_available
2026-09-10T08:23:36.478383+00:00,2026-09-10T13:53:36.478383+05:30,NIFTYNXT50,29-Sep-2026,76300.0,CE,72552.75,0.05,50,206.1,25,0.0,103.075,0,0,0,0,0,,,,,,,,,,,,,,,0.05223818878795662,72829.8,0.07296058091558955,0.009899999999999999,index_dividend_yield,0.065,11.82,25,72899.5,72993.65,72527.05,72853.85,mid_price,no_nse_iv
2026-09-10T08:23:36.478383+00:00,2026-09-10T13:53:36.478383+05:30,NIFTYNXT50,29-Sep-2026,76300.0,PE,72552.75,2893.4,550,4178.55,550,0.0,3535.9750000000004,0,0,0,0,0,,,,,,,,,,,,,,,0.05223818878795662,,,,,,11.82,25,72899.5,72993.65,72527.05,72853.85,mid_price,no_price_available
2026-09-10T08:23:36.478383+00:00,2026-09-10T13:53:36.478383+05:30,NIFTYNXT50,29-Sep-2026,76400.0,CE,72552.75,0.05,50,196.15,25,0.0,98.10000000000001,0,0,0,0,0,,,,,,,,,,,,,,,0.05223818878795662,72829.8,0.07296058091558955,0.009899999999999999,index_dividend_yield,0.065,11.82,25,72899.5,72993.65,72527.05,72853.85,mid_price,no_nse_iv
2026-09-10T08:23:36.478383+00:00,2026-09-10T13:53:36.478383+05:30,NIFTYNXT50,29-Sep-2026,76400.0,PE,72552.75,2980.8,550,4421.85,550,0.0,3701.3250000000003,0,0,0,0,0,,,,,,,,,,,,,,,0.05223818878795662,,,,,,11.82,25,72899.5,72993.65,72527.05,72853.85,mid_price,no_price_available
2026-09-10T08:23:36.478383+00:00,2026-09-10T13:53:36.478383+05:30,NIFTYNXT50,29-Sep-2026,76500.0,CE,72552.75,0.05,50,236,25,0.0,118.025,0,0,0,0,0,,,,,,,,,,,,,,,0.05223818878795662,72829.8,0.07296058091558955,0.009899999999999999,index_dividend_yield,0.065,11.82,25,72899.5,72993.65,72527.05,72853.85,mid_price,no_nse_iv
2026-09-10T08:23:36.478383+00:00,2026-09-10T13:53:36.478383+05:30,NIFTYNXT50,29-Sep-2026,76500.0,PE,72552.75,3094.95,550,4524.35,550,0.0,3809.65,0,0,0,0,0,,,,,,,,,,,,,,,0.05223818878795662,,,,,,11.82,25,72899.5,72993.65,72527.05,72853.85,mid_price,no_price_available
2026-09-10T08:23:36.478383+00:00,2026-09-10T13:53:36.478383+05:30,NIFTYNXT50,29-Sep-2026,76600.0,CE,72552.75,1.25,50,177,25,0.0,89.125,1,0,0,0,24.29,0.18444899826372768,6.613492191732334e-05,-30.086307563729765,44.17272862705923,1.0459005820487588,-0.00738258275046358,155.77859176199027,1.3794413761809012e-08,-3.903864801401964e-05,8.822149566701219e-08,-2.257430536699431,33.845588708294,-0.16954164295733767,5.9330917252912543e-05,0.05223818878795662,72829.8,0.07296058091558955,0.009899999999999999,index_dividend_yield,0.065,11.82,25,72899.5,72993.65,72527.05,72853.85,mid_price,wide_quote_low_liquidity
2026-09-10T08:23:36.478383+00:00,2026-09-10T13:53:36.478383+05:30,NIFTYNXT50,29-Sep-2026,76600.0,PE,72552.75,3155.6,550,4488.65,550,0.0,3822.125,0,0,0,0,0,,,,,,,,,,,,,,,0.05223818878795662,,,,,,11.82,25,72899.5,72993.65,72527.05,72853.85,mid_price,no_price_available
2026-09-10T08:23:36.478383+00:00,2026-09-10T13:53:36.478383+05:30,NIFTYNXT50,29-Sep-2026,76700.0,CE,72552.75,56,25,88,25,0.0,72.0,36,0,0,0,13.62,0.04668140258281382,4.3219649640994415e-05,-6.284836188274853,16.186547156299074,1.2246111346184279,-0.004845250188476369,340.6858507718331,3.145594879636296e-08,0.0005923745561228698,-2.466507663533234e-06,-1.7722455870625176,78.61043292419392,-0.043595566825902675,3.8672145830033337e-05,0.05223818878795662,72829.8,0.07296058091558955,0.009899999999999999,index_dividend_yield,0.065,11.82,25,72899.5,72993.65,72527.05,72853.85,mid_price,wide_quote_low_liquidity
2026-09-10T08:23:36.478383+00:00,2026-09-10T13:53:36.478383+05:30,NIFTYNXT50,29-Sep-2026,76700.0,PE,72552.75,3243,550,4726.35,550,0.0,3984.675,0,0,0,0,0,,,,,,,,,,,,,,,0.05223818878795662,,,,,,11.82,25,72899.5,72993.65,72527.05,72853.85,mid_price,no_price_available
2026-09-10T08:23:36.478383+00:00,2026-09-10T13:53:36.478383+05:30,NIFTYNXT50,29-Sep-2026,76800.0,CE,72552.75,0.05,50,225,25,0.0,112.525,0,0,0,0,0,,,,,,,,,,,,,,,0.05223818878795662,72829.8,0.07296058091558955,0.009899999999999999,index_dividend_yield,0.065,11.82,25,72899.5,72993.65,72527.05,72853.85,mid_price,no_nse_iv
2026-09-10T08:23:36.478383+00:00,2026-09-10T13:53:36.478383+05:30,NIFTYNXT50,29-Sep-2026,76800.0,PE,72552.75,3357.15,550,4731.2,550,0.0,4044.175,0,0,0,0,0,,,,,,,,,,,,,,,0.05223818878795662,,,,,,11.82,25,72899.5,72993.65,72527.05,72853.85,mid_price,no_price_available
2026-09-10T08:23:36.478383+00:00,2026-09-10T13:53:36.478383+05:30,NIFTYNXT50,29-Sep-2026,76900.0,CE,72552.75,0.05,50,225,25,0.0,112.525,0,0,0,0,0,,,,,,,,,,,,,,,0.05223818878795662,72829.8,0.07296058091558955,0.009899999999999999,index_dividend_yield,0.065,11.82,25,72899.5,72993.65,72527.05,72853.85,mid_price,no_nse_iv
2026-09-10T08:23:36.478383+00:00,2026-09-10T13:53:36.478383+05:30,NIFTYNXT50,29-Sep-2026,76900.0,PE,72552.75,3417.8,550,4836.2,550,0.0,4127.0,0,0,0,0,0,,,,,,,,,,,,,,,0.05223818878795662,,,,,,11.82,25,72899.5,72993.65,72527.05,72853.85,mid_price,no_price_available
2026-09-10T08:23:36.478383+00:00,2026-09-10T13:53:36.478383+05:30,NIFTYNXT50,29-Sep-2026,77000.0,CE,72552.75,1.05,225,201,25,0.0,101.025,0,0,0,0,0,,,,,,,,,,,,,,,0.05223818878795662,72829.8,0.07296058091558955,0.009899999999999999,index_dividend_yield,0.065,11.82,25,72899.5,72993.65,72527.05,72853.85,mid_price,no_nse_iv
2026-09-10T08:23:36.478383+00:00,2026-09-10T13:53:36.478383+05:30,NIFTYNXT50,29-Sep-2026,77000.0,PE,72552.75,3505.2,550,4903.35,550,0.0,4204.275,0,0,0,0,0,,,,,,,,,,,,,,,0.05223818878795662,,,,,,11.82,25,72899.5,72993.65,72527.05,72853.85,mid_price,no_price_available
2026-09-10T08:23:36.478383+00:00,2026-09-10T13:53:36.478383+05:30,NIFTYNXT50,29-Sep-2026,77100.0,CE,72552.75,0.05,50,200,75,0.0,100.025,0,0,0,0,0,,,,,,,,,,,,,,,0.05223818878795662,72829.8,0.07296058091558955,0.009899999999999999,index_dividend_yield,0.065,11.82,25,72899.5,72993.65,72527.05,72853.85,mid_price,no_nse_iv
2026-09-10T08:23:36.478383+00:00,2026-09-10T13:53:36.478383+05:30,NIFTYNXT50,29-Sep-2026,77100.0,PE,72552.75,3592.6,550,4993.95,550,0.0,4293.275,0,0,0,0,0,,,,,,,,,,,,,,,0.05223818878795662,,,,,,11.82,25,72899.5,72993.65,72527.05,72853.85,mid_price,no_price_available
2026-09-10T08:23:36.478383+00:00,2026-09-10T13:53:36.478383+05:30,NIFTYNXT50,29-Sep-2026,77200.0,CE,72552.75,0.05,50,200,75,0.0,100.025,0,0,0,0,0,,,,,,,,,,,,,,,0.05223818878795662,72829.8,0.07296058091558955,0.009899999999999999,index_dividend_yield,0.065,11.82,25,72899.5,72993.65,72527.05,72853.85,mid_price,no_nse_iv
2026-09-10T08:23:36.478383+00:00,2026-09-10T13:53:36.478383+05:30,NIFTYNXT50,29-Sep-2026,77200.0,PE,72552.75,3680,550,5100.65,550,0.0,4390.325,0,0,0,0,0,,,,,,,,,,,,,,,0.05223818878795662,,,,,,11.82,25,72899.5,72993.65,72527.05,72853.85,mid_price,no_price_available
2026-09-10T08:23:36.478383+00:00,2026-09-10T13:53:36.478383+05:30,NIFTYNXT50,29-Sep-2026,77300.0,CE,72552.75,0.05,50,200,75,0.0,100.025,0,0,0,0,0,,,,,,,,,,,,,,,0.05223818878795662,72829.8,0.07296058091558955,0.009899999999999999,index_dividend_yield,0.065,11.82,25,72899.5,72993.65,72527.05,72853.85,mid_price,no_nse_iv
2026-09-10T08:23:36.478383+00:00,2026-09-10T13:53:36.478383+05:30,NIFTYNXT50,29-Sep-2026,77300.0,PE,72552.75,3767.4,550,5206.65,550,0.0,4487.025,0,0,0,0,0,,,,,,,,,,,,,,,0.05223818878795662,,,,,,11.82,25,72899.5,72993.65,72527.05,72853.85,mid_price,no_price_available
2026-09-10T08:23:36.478383+00:00,2026-09-10T13:53:36.478383+05:30,NIFTYNXT50,29-Sep-2026,77400.0,CE,72552.75,0.05,50,200,75,0.0,100.025,0,0,0,0,0,,,,,,,,,,,,,,,0.05223818878795662,72829.8,0.07296058091558955,0.009899999999999999,index_dividend_yield,0.065,11.82,25,72899.5,72993.65,72527.05,72853.85,mid_price,no_nse_iv
2026-09-10T08:23:36.478383+00:00,2026-09-10T13:53:36.478383+05:30,NIFTYNXT50,29-Sep-2026,77400.0,PE,72552.75,3881.55,550,5289.45,550,0.0,4585.5,0,0,0,0,0,,,,,,,,,,,,,,,0.05223818878795662,,,,,,11.82,25,72899.5,72993.65,72527.05,72853.85,mid_price,no_price_available
2026-09-10T08:23:36.478383+00:00,2026-09-10T13:53:36.478383+05:30,NIFTYNXT50,29-Sep-2026,77500.0,CE,72552.75,0.05,50,199,25,0.0,99.525,0,0,0,0,0,,,,,,,,,,,,,,,0.05223818878795662,72829.8,0.07296058091558955,0.009899999999999999,index_dividend_yield,0.065,11.82,25,72899.5,72993.65,72527.05,72853.85,mid_price,no_nse_iv
2026-09-10T08:23:36.478383+00:00,2026-09-10T13:53:36.478383+05:30,NIFTYNXT50,29-Sep-2026,77500.0,PE,72552.75,3942.2,550,5566.7,550,0.0,4754.45,0,0,0,0,0,,,,,,,,,,,,,,,0.05223818878795662,,,,,,11.82,25,72899.5,72993.65,72527.05,72853.85,mid_price,no_price_available
2026-09-10T08:23:36.478383+00:00,2026-09-10T13:53:36.478383+05:30,NIFTYNXT50,29-Sep-2026,77600.0,CE,72552.75,2.3,50,95.25,150,0.0,48.775,12,0,0,0,17.27,0.053542235972055006,3.8023355060268504e-05,-8.752541713273812,18.056710695679115,1.0407376430865354,-0.005127589012413718,278.0581009944729,2.0832430353900406e-08,0.00036537318862141433,-1.8883586273429977e-06,-1.8432788517876944,60.851174900001176,-0.04923708951151403,3.3237989719768875e-05,0.05223818878795662,72829.8,0.07296058091558955,0.009899999999999999,index_dividend_yield,0.065,11.82,25,72899.5,72993.65,72527.05,72853.85,mid_price,wide_quote_low_liquidity
2026-09-10T08:23:36.478383+00:00,2026-09-10T13:53:36.478383+05:30,NIFTYNXT50,29-Sep-2026,77600.0,PE,72552.75,4029.6,550,5498.45,550,0.0,4764.025,0,0,0,0,0,,,,,,,,,,,,,,,0.05223818878795662,,,,,,11.82,25,72899.5,72993.65,72527.05,72853.85,mid_price,no_price_available
2026-09-10T08:23:36.478383+00:00,2026-09-10T13:53:36.478383+05:30,NIFTYNXT50,29-Sep-2026,77700.0,CE,72552.75,0.05,50,99,25,0.0,49.525,0,0,0,0,0,,,,,,,,,,,,,,,0.05223818878795662,72829.8,0.07296058091558955,0.009899999999999999,index_dividend_yield,0.065,11.82,25,72899.5,72993.65,72527.05,72853.85,mid_price,no_nse_iv
2026-09-10T08:23:36.478383+00:00,2026-09-10T13:53:36.478383+05:30,NIFTYNXT50,29-Sep-2026,77700.0,PE,72552.75,4117,550,5524.3,550,0.0,4820.65,0,0,0,0,0,,,,,,,,,,,,,,,0.05223818878795662,,,,,,11.82,25,72899.5,72993.65,72527.05,72853.85,mid_price,no_price_available
2026-09-10T08:23:36.478383+00:00,2026-09-10T13:53:36.478383+05:30,NIFTYNXT50,29-Sep-2026,77800.0,CE,72552.75,0.05,50,93.6,25,0.0,46.824999999999996,0,0,0,0,0,,,,,,,,,,,,,,,0.05223818878795662,72829.8,0.07296058091558955,0.009899999999999999,index_dividend_yield,0.065,11.82,25,72899.5,72993.65,72527.05,72853.85,mid_price,no_nse_iv
2026-09-10T08:23:36.478383+00:00,2026-09-10T13:53:36.478383+05:30,NIFTYNXT50,29-Sep-2026,77800.0,PE,72552.75,4204.4,550,5630.65,550,0.0,4917.525,0,0,0,0,0,,,,,,,,,,,,,,,0.05223818878795662,,,,,,11.82,25,72899.5,72993.65,72527.05,72853.85,mid_price,no_price_available
2026-09-10T08:23:36.478383+00:00,2026-09-10T13:53:36.478383+05:30,NIFTYNXT50,29-Sep-2026,77900.0,CE,72552.75,0.05,50,150,25,0.0,75.025,0,0,0,0,0,,,,,,,,,,,,,,,0.05223818878795662,72829.8,0.07296058091558955,0.009899999999999999,index_dividend_yield,0.065,11.82,25,72899.5,72993.65,72527.05,72853.85,mid_price,no_nse_iv
2026-09-10T08:23:36.478383+00:00,2026-09-10T13:53:36.478383+05:30,NIFTYNXT50,29-Sep-2026,77900.0,PE,72552.75,4291.8,550,5737.35,550,0.0,5014.575000000001,0,0,0,0,0,,,,,,,,,,,,,,,0.05223818878795662,,,,,,11.82,25,72899.5,72993.65,72527.05,72853.85,mid_price,no_price_available
2026-09-10T08:23:36.478383+00:00,2026-09-10T13:53:36.478383+05:30,NIFTYNXT50,29-Sep-2026,78000.0,CE,72552.75,1.05,100,144,25,0.0,72.525,0,0,0,0,0,,,,,,,,,,,,,,,0.05223818878795662,72829.8,0.07296058091558955,0.009899999999999999,index_dividend_yield,0.065,11.82,25,72899.5,72993.65,72527.05,72853.85,mid_price,no_nse_iv
2026-09-10T08:23:36.478383+00:00,2026-09-10T13:53:36.478383+05:30,NIFTYNXT50,29-Sep-2026,78000.0,PE,72552.75,4405.95,550,5844,550,0.0,5124.975,0,0,0,0,0,,,,,,,,,,,,,,,0.05223818878795662,,,,,,11.82,25,72899.5,72993.65,72527.05,72853.85,mid_price,no_price_available
2026-09-10T08:23:36.478383+00:00,2026-09-10T13:53:36.478383+05:30,NIFTYNXT50,29-Sep-2026,78100.0,CE,0,,0,,0,0.0,,0,0,0,0,0,,,,,,,,,,,,,,,0.05223818878795662,,,,,,11.82,25,72899.5,72993.65,72527.05,72853.85,none,no_price_available
2026-09-10T08:23:36.478383+00:00,2026-09-10T13:53:36.478383+05:30,NIFTYNXT50,29-Sep-2026,78100.0,PE,72552.75,4493.35,550,5950.7,550,0.0,5222.025,0,0,0,0,0,,,,,,,,,,,,,,,0.05223818878795662,,,,,,11.82,25,72899.5,72993.65,72527.05,72853.85,mid_price,no_price_available
2026-09-10T08:23:36.478383+00:00,2026-09-10T13:53:36.478383+05:30,NIFTYNXT50,29-Sep-2026,78200.0,CE,0,,0,,0,0.0,,0,0,0,0,0,,,,,,,,,,,,,,,0.05223818878795662,,,,,,11.82,25,72899.5,72993.65,72527.05,72853.85,none,no_price_available
2026-09-10T08:23:36.478383+00:00,2026-09-10T13:53:36.478383+05:30,NIFTYNXT50,29-Sep-2026,78200.0,PE,72552.75,4580.75,550,6057.35,550,0.0,5319.05,0,0,0,0,0,,,,,,,,,,,,,,,0.05223818878795662,,,,,,11.82,25,72899.5,72993.65,72527.05,72853.85,mid_price,no_price_available
2026-09-10T08:23:36.478383+00:00,2026-09-10T13:53:36.478383+05:30,NIFTYNXT50,29-Sep-2026,78300.0,CE,0,,0,,0,0.0,,0,0,0,0,0,,,,,,,,,,,,,,,0.05223818878795662,,,,,,11.82,25,72899.5,72993.65,72527.05,72853.85,none,no_price_available
2026-09-10T08:23:36.478383+00:00,2026-09-10T13:53:36.478383+05:30,NIFTYNXT50,29-Sep-2026,78300.0,PE,72552.75,4668.15,550,6164.05,550,0.0,5416.1,0,0,0,0,0,,,,,,,,,,,,,,,0.05223818878795662,,,,,,11.82,25,72899.5,72993.65,72527.05,72853.85,mid_price,no_price_available
2026-09-10T08:23:36.478383+00:00,2026-09-10T13:53:36.478383+05:30,NIFTYNXT50,29-Sep-2026,78400.0,CE,0,,0,,0,0.0,,0,0,0,0,0,,,,,,,,,,,,,,,0.05223818878795662,,,,,,11.82,25,72899.5,72993.65,72527.05,72853.85,none,no_price_available
2026-09-10T08:23:36.478383+00:00,2026-09-10T13:53:36.478383+05:30,NIFTYNXT50,29-Sep-2026,78400.0,PE,72552.75,4755.55,550,6270.75,550,0.0,5513.15,0,0,0,0,0,,,,,,,,,,,,,,,0.05223818878795662,,,,,,11.82,25,72899.5,72993.65,72527.05,72853.85,mid_price,no_price_available
2026-09-10T08:23:36.478383+00:00,2026-09-10T13:53:36.478383+05:30,NIFTYNXT50,29-Sep-2026,78500.0,CE,0,,0,,0,0.0,,0,0,0,0,0,,,,,,,,,,,,,,,0.05223818878795662,,,,,,11.82,25,72899.5,72993.65,72527.05,72853.85,none,no_price_available
2026-09-10T08:23:36.478383+00:00,2026-09-10T13:53:36.478383+05:30,NIFTYNXT50,29-Sep-2026,78500.0,PE,72552.75,4842.95,550,6377.4,550,0.0,5610.174999999999,0,0,0,0,0,,,,,,,,,,,,,,,0.05223818878795662,,,,,,11.82,25,72899.5,72993.65,72527.05,72853.85,mid_price,no_price_available
2026-09-10T08:23:36.478383+00:00,2026-09-10T13:53:36.478383+05:30,NIFTYNXT50,29-Sep-2026,78600.0,CE,0,,0,,0,0.0,,0,0,0,0,0,,,,,,,,,,,,,,,0.05223818878795662,,,,,,11.82,25,72899.5,72993.65,72527.05,72853.85,none,no_price_available
2026-09-10T08:23:36.478383+00:00,2026-09-10T13:53:36.478383+05:30,NIFTYNXT50,29-Sep-2026,78600.0,PE,72552.75,4830.2,550,6484.1,550,0.0,5657.15,0,0,0,0,0,,,,,,,,,,,,,,,0.05223818878795662,,,,,,11.82,25,72899.5,72993.65,72527.05,72853.85,mid_price,no_price_available
2026-09-10T08:23:36.478383+00:00,2026-09-10T13:53:36.478383+05:30,NIFTYNXT50,29-Sep-2026,78700.0,CE,0,,0,,0,0.0,,0,0,0,0,0,,,,,,,,,,,,,,,0.05223818878795662,,,,,,11.82,25,72899.5,72993.65,72527.05,72853.85,none,no_price_available
2026-09-10T08:23:36.478383+00:00,2026-09-10T13:53:36.478383+05:30,NIFTYNXT50,29-Sep-2026,78700.0,PE,72552.75,5026.5,550,6590.75,550,0.0,5808.625,0,0,0,0,0,,,,,,,,,,,,,,,0.05223818878795662,,,,,,11.82,25,72899.5,72993.65,72527.05,72853.85,mid_price,no_price_available
2026-09-10T08:23:36.478383+00:00,2026-09-10T13:53:36.478383+05:30,NIFTYNXT50,29-Sep-2026,78800.0,CE,0,,0,,0,0.0,,0,0,0,0,0,,,,,,,,,,,,,,,0.05223818878795662,,,,,,11.82,25,72899.5,72993.65,72527.05,72853.85,none,no_price_available
2026-09-10T08:23:36.478383+00:00,2026-09-10T13:53:36.478383+05:30,NIFTYNXT50,29-Sep-2026,78800.0,PE,72552.75,5005,550,6698,550,0.0,5851.5,0,0,0,0,0,,,,,,,,,,,,,,,0.05223818878795662,,,,,,11.82,25,72899.5,72993.65,72527.05,72853.85,mid_price,no_price_available
2026-09-10T08:23:36.478383+00:00,2026-09-10T13:53:36.478383+05:30,NIFTYNXT50,29-Sep-2026,78900.0,CE,0,,0,,0,0.0,,0,0,0,0,0,,,,,,,,,,,,,,,0.05223818878795662,,,,,,11.82,25,72899.5,72993.65,72527.05,72853.85,none,no_price_available
2026-09-10T08:23:36.478383+00:00,2026-09-10T13:53:36.478383+05:30,NIFTYNXT50,29-Sep-2026,78900.0,PE,72552.75,5092.4,550,6804.15,550,0.0,5948.275,0,0,0,0,0,,,,,,,,,,,,,,,0.05223818878795662,,,,,,11.82,25,72899.5,72993.65,72527.05,72853.85,mid_price,no_price_available
2026-09-10T08:23:36.478383+00:00,2026-09-10T13:53:36.478383+05:30,NIFTYNXT50,29-Sep-2026,79000.0,CE,0,,0,,0,0.0,,0,0,0,0,0,,,,,,,,,,,,,,,0.05223818878795662,,,,,,11.82,25,72899.5,72993.65,72527.05,72853.85,none,no_price_available
2026-09-10T08:23:36.478383+00:00,2026-09-10T13:53:36.478383+05:30,NIFTYNXT50,29-Sep-2026,79000.0,PE,72552.75,5179.8,550,6981.45,550,0.0,6080.625,0,0,0,0,0,,,,,,,,,,,,,,,0.05223818878795662,,,,,,11.82,25,72899.5,72993.65,72527.05,72853.85,mid_price,no_price_available
2026-09-10T08:23:36.478383+00:00,2026-09-10T13:53:36.478383+05:30,NIFTYNXT50,29-Sep-2026,79100.0,CE,0,,0,,0,0.0,,0,0,0,0,0,,,,,,,,,,,,,,,0.05223818878795662,,,,,,11.82,25,72899.5,72993.65,72527.05,72853.85,none,no_price_available
2026-09-10T08:23:36.478383+00:00,2026-09-10T13:53:36.478383+05:30,NIFTYNXT50,29-Sep-2026,79100.0,PE,72552.75,5340.6,550,7012.25,550,0.0,6176.425,0,0,0,0,0,,,,,,,,,,,,,,,0.05223818878795662,,,,,,11.82,25,72899.5,72993.65,72527.05,72853.85,mid_price,no_price_available
2026-09-10T08:23:36.478383+00:00,2026-09-10T13:53:36.478383+05:30,NIFTYNXT50,29-Sep-2026,79200.0,CE,0,,0,,0,0.0,,0,0,0,0,0,,,,,,,,,,,,,,,0.05223818878795662,,,,,,11.82,25,72899.5,72993.65,72527.05,72853.85,none,no_price_available
2026-09-10T08:23:36.478383+00:00,2026-09-10T13:53:36.478383+05:30,NIFTYNXT50,29-Sep-2026,79200.0,PE,72552.75,5428,550,7124.5,550,0.0,6276.25,0,0,0,0,0,,,,,,,,,,,,,,,0.05223818878795662,,,,,,11.82,25,72899.5,72993.65,72527.05,72853.85,mid_price,no_price_available
2026-09-10T08:23:36.478383+00:00,2026-09-10T13:53:36.478383+05:30,NIFTYNXT50,29-Sep-2026,79300.0,CE,0,,0,,0,0.0,,0,0,0,0,0,,,,,,,,,,,,,,,0.05223818878795662,,,,,,11.82,25,72899.5,72993.65,72527.05,72853.85,none,no_price_available
2026-09-10T08:23:36.478383+00:00,2026-09-10T13:53:36.478383+05:30,NIFTYNXT50,29-Sep-2026,79300.0,PE,72552.75,5515.4,550,7299,550,0.0,6407.2,0,0,0,0,0,,,,,,,,,,,,,,,0.05223818878795662,,,,,,11.82,25,72899.5,72993.65,72527.05,72853.85,mid_price,no_price_available
2026-09-10T08:23:36.478383+00:00,2026-09-10T13:53:36.478383+05:30,NIFTYNXT50,29-Sep-2026,79400.0,CE,0,,0,,0,0.0,,0,0,0,0,0,,,,,,,,,,,,,,,0.05223818878795662,,,,,,11.82,25,72899.5,72993.65,72527.05,72853.85,none,no_price_available
2026-09-10T08:23:36.478383+00:00,2026-09-10T13:53:36.478383+05:30,NIFTYNXT50,29-Sep-2026,79400.0,PE,72552.75,5602.8,550,7405.75,550,0.0,6504.275,0,0,0,0,0,,,,,,,,,,,,,,,0.05223818878795662,,,,,,11.82,25,72899.5,72993.65,72527.05,72853.85,mid_price,no_price_available
2026-09-10T08:23:36.478383+00:00,2026-09-10T13:53:36.478383+05:30,NIFTYNXT50,29-Sep-2026,79500.0,CE,0,,0,,0,0.0,,0,0,0,0,0,,,,,,,,,,,,,,,0.05223818878795662,,,,,,11.82,25,72899.5,72993.65,72527.05,72853.85,none,no_price_available
2026-09-10T08:23:36.478383+00:00,2026-09-10T13:53:36.478383+05:30,NIFTYNXT50,29-Sep-2026,79500.0,PE,72552.75,5690.2,550,7444.55,550,0.0,6567.375,0,0,0,0,0,,,,,,,,,,,,,,,0.05223818878795662,,,,,,11.82,25,72899.5,72993.65,72527.05,72853.85,mid_price,no_price_available
2026-09-10T08:23:36.478383+00:00,2026-09-10T13:53:36.478383+05:30,NIFTYNXT50,29-Sep-2026,79600.0,CE,0,,0,,0,0.0,,0,0,0,0,0,,,,,,,,,,,,,,,0.05223818878795662,,,,,,11.82,25,72899.5,72993.65,72527.05,72853.85,none,no_price_available
2026-09-10T08:23:36.478383+00:00,2026-09-10T13:53:36.478383+05:30,NIFTYNXT50,29-Sep-2026,79600.0,PE,72552.75,5777.6,550,7551.25,550,0.0,6664.425,0,0,0,0,0,,,,,,,,,,,,,,,0.05223818878795662,,,,,,11.82,25,72899.5,72993.65,72527.05,72853.85,mid_price,no_price_available
2026-09-10T08:23:36.478383+00:00,2026-09-10T13:53:36.478383+05:30,NIFTYNXT50,29-Sep-2026,79700.0,CE,0,,0,,0,0.0,,0,0,0,0,0,,,,,,,,,,,,,,,0.05223818878795662,,,,,,11.82,25,72899.5,72993.65,72527.05,72853.85,none,no_price_available
2026-09-10T08:23:36.478383+00:00,2026-09-10T13:53:36.478383+05:30,NIFTYNXT50,29-Sep-2026,79700.0,PE,72552.75,5865,550,7652.35,550,0.0,6758.675,0,0,0,0,0,,,,,,,,,,,,,,,0.05223818878795662,,,,,,11.82,25,72899.5,72993.65,72527.05,72853.85,mid_price,no_price_available
2026-09-10T08:23:36.478383+00:00,2026-09-10T13:53:36.478383+05:30,NIFTYNXT50,29-Sep-2026,79800.0,CE,0,,0,,0,0.0,,0,0,0,0,0,,,,,,,,,,,,,,,0.05223818878795662,,,,,,11.82,25,72899.5,72993.65,72527.05,72853.85,none,no_price_available
2026-09-10T08:23:36.478383+00:00,2026-09-10T13:53:36.478383+05:30,NIFTYNXT50,29-Sep-2026,79800.0,PE,72552.75,5952.4,550,7759,550,0.0,6855.7,0,0,0,0,0,,,,,,,,,,,,,,,0.05223818878795662,,,,,,11.82,25,72899.5,72993.65,72527.05,72853.85,mid_price,no_price_available
2026-09-10T08:23:36.478383+00:00,2026-09-10T13:53:36.478383+05:30,NIFTYNXT50,29-Sep-2026,79900.0,CE,0,,0,,0,0.0,,0,0,0,0,0,,,,,,,,,,,,,,,0.05223818878795662,,,,,,11.82,25,72899.5,72993.65,72527.05,72853.85,none,no_price_available
2026-09-10T08:23:36.478383+00:00,2026-09-10T13:53:36.478383+05:30,NIFTYNXT50,29-Sep-2026,79900.0,PE,72552.75,6039.8,550,7865.7,550,0.0,6952.75,0,0,0,0,0,,,,,,,,,,,,,,,0.05223818878795662,,,,,,11.82,25,72899.5,72993.65,72527.05,72853.85,mid_price,no_price_available
2026-09-10T08:23:36.478383+00:00,2026-09-10T13:53:36.478383+05:30,NIFTYNXT50,29-Sep-2026,80000.0,CE,0,,0,,0,0.0,,0,0,0,0,0,,,,,,,,,,,,,,,0.05223818878795662,,,,,,11.82,25,72899.5,72993.65,72527.05,72853.85,none,no_price_available
2026-09-10T08:23:36.478383+00:00,2026-09-10T13:53:36.478383+05:30,NIFTYNXT50,29-Sep-2026,80000.0,PE,72552.75,6127.2,550,7978.15,550,0.0,7052.674999999999,0,0,0,0,0,,,,,,,,,,,,,,,0.05223818878795662,,,,,,11.82,25,72899.5,72993.65,72527.05,72853.85,mid_price,no_price_available
2026-09-10T08:23:36.478383+00:00,2026-09-10T13:53:36.478383+05:30,NIFTYNXT50,29-Sep-2026,80100.0,CE,0,,0,,0,0.0,,0,0,0,0,0,,,,,,,,,,,,,,,0.05223818878795662,,,,,,11.82,25,72899.5,72993.65,72527.05,72853.85,none,no_price_available
2026-09-10T08:23:36.478383+00:00,2026-09-10T13:53:36.478383+05:30,NIFTYNXT50,29-Sep-2026,80100.0,PE,72552.75,6214.6,550,8084.65,550,0.0,7149.625,0,0,0,0,0,,,,,,,,,,,,,,,0.05223818878795662,,,,,,11.82,25,72899.5,72993.65,72527.05,72853.85,mid_price,no_price_available
2026-09-10T08:23:36.478383+00:00,2026-09-10T13:53:36.478383+05:30,NIFTYNXT50,29-Sep-2026,80200.0,CE,0,,0,,0,0.0,,0,0,0,0,0,,,,,,,,,,,,,,,0.05223818878795662,,,,,,11.82,25,72899.5,72993.65,72527.05,72853.85,none,no_price_available
2026-09-10T08:23:36.478383+00:00,2026-09-10T13:53:36.478383+05:30,NIFTYNXT50,29-Sep-2026,80200.0,PE,72552.75,6302,550,8191.3,550,0.0,7246.65,0,0,0,0,0,,,,,,,,,,,,,,,0.05223818878795662,,,,,,11.82,25,72899.5,72993.65,72527.05,72853.85,mid_price,no_price_available
2026-09-10T08:23:36.478383+00:00,2026-09-10T13:53:36.478383+05:30,NIFTYNXT50,29-Sep-2026,80300.0,CE,0,,0,,0,0.0,,0,0,0,0,0,,,,,,,,,,,,,,,0.05223818878795662,,,,,,11.82,25,72899.5,72993.65,72527.05,72853.85,none,no_price_available
2026-09-10T08:23:36.478383+00:00,2026-09-10T13:53:36.478383+05:30,NIFTYNXT50,29-Sep-2026,80300.0,PE,72552.75,6389.4,550,8292.55,550,0.0,7340.974999999999,0,0,0,0,0,,,,,,,,,,,,,,,0.05223818878795662,,,,,,11.82,25,72899.5,72993.65,72527.05,72853.85,mid_price,no_price_available
2026-09-10T08:23:36.478383+00:00,2026-09-10T13:53:36.478383+05:30,NIFTYNXT50,29-Sep-2026,80400.0,CE,0,,0,,0,0.0,,0,0,0,0,0,,,,,,,,,,,,,,,0.05223818878795662,,,,,,11.82,25,72899.5,72993.65,72527.05,72853.85,none,no_price_available
2026-09-10T08:23:36.478383+00:00,2026-09-10T13:53:36.478383+05:30,NIFTYNXT50,29-Sep-2026,80400.0,PE,72552.75,6476.8,550,8404.65,550,0.0,7440.725,0,0,0,0,0,,,,,,,,,,,,,,,0.05223818878795662,,,,,,11.82,25,72899.5,72993.65,72527.05,72853.85,mid_price,no_price_available
2026-09-10T08:23:36.478383+00:00,2026-09-10T13:53:36.478383+05:30,NIFTYNXT50,29-Sep-2026,80500.0,CE,0,,0,,0,0.0,,0,0,0,0,0,,,,,,,,,,,,,,,0.05223818878795662,,,,,,11.82,25,72899.5,72993.65,72527.05,72853.85,none,no_price_available
2026-09-10T08:23:36.478383+00:00,2026-09-10T13:53:36.478383+05:30,NIFTYNXT50,29-Sep-2026,80500.0,PE,72552.75,6599.7,550,8505.95,550,0.0,7552.825000000001,0,0,0,0,0,,,,,,,,,,,,,,,0.05223818878795662,,,,,,11.82,25,72899.5,72993.65,72527.05,72853.85,mid_price,no_price_available
2026-09-10T08:23:36.478383+00:00,2026-09-10T13:53:36.478383+05:30,NIFTYNXT50,29-Sep-2026,80600.0,CE,0,,0,,0,0.0,,0,0,0,0,0,,,,,,,,,,,,,,,0.05223818878795662,,,,,,11.82,25,72899.5,72993.65,72527.05,72853.85,none,no_price_available
2026-09-10T08:23:36.478383+00:00,2026-09-10T13:53:36.478383+05:30,NIFTYNXT50,29-Sep-2026,80600.0,PE,72552.75,6678.35,550,8606.4,550,0.0,7642.375,0,0,0,0,0,,,,,,,,,,,,,,,0.05223818878795662,,,,,,11.82,25,72899.5,72993.65,72527.05,72853.85,mid_price,no_price_available
2026-09-10T08:23:36.478383+00:00,2026-09-10T13:53:36.478383+05:30,NIFTYNXT50,29-Sep-2026,80700.0,CE,0,,0,,0,0.0,,0,0,0,0,0,,,,,,,,,,,,,,,0.05223818878795662,,,,,,11.82,25,72899.5,72993.65,72527.05,72853.85,none,no_price_available
2026-09-10T08:23:36.478383+00:00,2026-09-10T13:53:36.478383+05:30,NIFTYNXT50,29-Sep-2026,80700.0,PE,72552.75,6774.5,550,8708.8,550,0.0,7741.65,0,0,0,0,0,,,,,,,,,,,,,,,0.05223818878795662,,,,,,11.82,25,72899.5,72993.65,72527.05,72853.85,mid_price,no_price_available
2026-09-10T08:23:36.478383+00:00,2026-09-10T13:53:36.478383+05:30,NIFTYNXT50,29-Sep-2026,80800.0,CE,0,,0,,0,0.0,,0,0,0,0,0,,,,,,,,,,,,,,,0.05223818878795662,,,,,,11.82,25,72899.5,72993.65,72527.05,72853.85,none,no_price_available
2026-09-10T08:23:36.478383+00:00,2026-09-10T13:53:36.478383+05:30,NIFTYNXT50,29-Sep-2026,80800.0,PE,72552.75,6853.15,550,8813.15,550,0.0,7833.15,0,0,0,0,0,,,,,,,,,,,,,,,0.05223818878795662,,,,,,11.82,25,72899.5,72993.65,72527.05,72853.85,mid_price,no_price_available
2026-09-10T08:23:36.478383+00:00,2026-09-10T13:53:36.478383+05:30,NIFTYNXT50,29-Sep-2026,80900.0,CE,0,,0,,0,0.0,,0,0,0,0,0,,,,,,,,,,,,,,,0.05223818878795662,,,,,,11.82,25,72899.5,72993.65,72527.05,72853.85,none,no_price_available
2026-09-10T08:23:36.478383+00:00,2026-09-10T13:53:36.478383+05:30,NIFTYNXT50,29-Sep-2026,80900.0,PE,72552.75,6786.55,550,8922.85,550,0.0,7854.700000000001,0,0,0,0,0,,,,,,,,,,,,,,,0.05223818878795662,,,,,,11.82,25,72899.5,72993.65,72527.05,72853.85,mid_price,no_price_available
2026-09-10T08:23:36.478383+00:00,2026-09-10T13:53:36.478383+05:30,NIFTYNXT50,29-Sep-2026,81000.0,CE,0,,0,,0,0.0,,0,0,0,0,0,,,,,,,,,,,,,,,0.05223818878795662,,,,,,11.82,25,72899.5,72993.65,72527.05,72853.85,none,no_price_available
2026-09-10T08:23:36.478383+00:00,2026-09-10T13:53:36.478383+05:30,NIFTYNXT50,29-Sep-2026,81000.0,PE,72552.75,6873.95,550,9031.4,550,0.0,7952.674999999999,0,0,0,0,0,,,,,,,,,,,,,,,0.05223818878795662,,,,,,11.82,25,72899.5,72993.65,72527.05,72853.85,mid_price,no_price_available
2026-09-10T08:23:36.478383+00:00,2026-09-10T13:53:36.478383+05:30,NIFTYNXT50,29-Sep-2026,81500.0,CE,0,,0,,0,0.0,,0,0,0,0,0,,,,,,,,,,,,,,,0.05223818878795662,,,,,,11.82,25,72899.5,72993.65,72527.05,72853.85,none,no_price_available
2026-09-10T08:23:36.478383+00:00,2026-09-10T13:53:36.478383+05:30,NIFTYNXT50,29-Sep-2026,81500.0,PE,72552.75,7325.45,550,9558.95,550,0.0,8442.2,0,0,0,0,0,,,,,,,,,,,,,,,0.05223818878795662,,,,,,11.82,25,72899.5,72993.65,72527.05,72853.85,mid_price,no_price_available
2026-09-10T08:23:36.478383+00:00,2026-09-10T13:53:36.478383+05:30,NIFTYNXT50,29-Sep-2026,82000.0,CE,0,,0,,0,0.0,,0,0,0,0,0,,,,,,,,,,,,,,,0.05223818878795662,,,,,,11.82,25,72899.5,72993.65,72527.05,72853.85,none,no_price_available
2026-09-10T08:23:36.478383+00:00,2026-09-10T13:53:36.478383+05:30,NIFTYNXT50,29-Sep-2026,82000.0,PE,72552.75,7801.8,550,10092.35,550,0.0,8947.075,0,0,0,0,0,,,,,,,,,,,,,,,0.05223818878795662,,,,,,11.82,25,72899.5,72993.65,72527.05,72853.85,mid_price,no_price_available
2026-09-10T08:23:36.478383+00:00,2026-09-10T13:53:36.478383+05:30,NIFTYNXT50,29-Sep-2026,82500.0,CE,0,,0,,0,0.0,,0,0,0,0,0,,,,,,,,,,,,,,,0.05223818878795662,,,,,,11.82,25,72899.5,72993.65,72527.05,72853.85,none,no_price_available
2026-09-10T08:23:36.478383+00:00,2026-09-10T13:53:36.478383+05:30,NIFTYNXT50,29-Sep-2026,82500.0,PE,72552.75,8246.3,550,10620,550,0.0,9433.15,0,0,0,0,0,,,,,,,,,,,,,,,0.05223818878795662,,,,,,11.82,25,72899.5,72993.65,72527.05,72853.85,mid_price,no_price_available
2026-09-10T08:23:36.478383+00:00,2026-09-10T13:53:36.478383+05:30,NIFTYNXT50,29-Sep-2026,83000.0,CE,0,,0,,0,0.0,,0,0,0,0,0,,,,,,,,,,,,,,,0.05223818878795662,,,,,,11.82,25,72899.5,72993.65,72527.05,72853.85,none,no_price_available
2026-09-10T08:23:36.478383+00:00,2026-09-10T13:53:36.478383+05:30,NIFTYNXT50,29-Sep-2026,83000.0,PE,72552.75,8749.2,550,11148.6,550,0.0,9948.900000000001,0,0,0,0,0,,,,,,,,,,,,,,,0.05223818878795662,,,,,,11.82,25,72899.5,72993.65,72527.05,72853.85,mid_price,no_price_available
2026-09-10T08:23:36.478383+00:00,2026-09-10T13:53:36.478383+05:30,NIFTYNXT50,29-Sep-2026,83500.0,CE,0,,0,,0,0.0,,0,0,0,0,0,,,,,,,,,,,,,,,0.05223818878795662,,,,,,11.82,25,72899.5,72993.65,72527.05,72853.85,none,no_price_available
2026-09-10T08:23:36.478383+00:00,2026-09-10T13:53:36.478383+05:30,NIFTYNXT50,29-Sep-2026,83500.0,PE,72552.75,9186.2,550,11683.85,550,0.0,10435.025000000001,0,0,0,0,0,,,,,,,,,,,,,,,0.05223818878795662,,,,,,11.82,25,72899.5,72993.65,72527.05,72853.85,mid_price,no_price_available
2026-09-10T08:23:36.478383+00:00,2026-09-10T13:53:36.478383+05:30,NIFTYNXT50,29-Sep-2026,84000.0,CE,0,,0,,0,0.0,,0,0,0,0,0,,,,,,,,,,,,,,,0.05223818878795662,,,,,,11.82,25,72899.5,72993.65,72527.05,72853.85,none,no_price_available
2026-09-10T08:23:36.478383+00:00,2026-09-10T13:53:36.478383+05:30,NIFTYNXT50,29-Sep-2026,84000.0,PE,72552.75,9649.95,550,12215.4,550,0.0,10932.675,0,0,0,0,0,,,,,,,,,,,,,,,0.05223818878795662,,,,,,11.82,25,72899.5,72993.65,72527.05,72853.85,mid_price,no_price_available
2026-09-10T08:23:36.478383+00:00,2026-09-10T13:53:36.478383+05:30,NIFTYNXT50,29-Sep-2026,84500.0,CE,0,,0,,0,0.0,,0,0,0,0,0,,,,,,,,,,,,,,,0.05223818878795662,,,,,,11.82,25,72899.5,72993.65,72527.05,72853.85,none,no_price_available
2026-09-10T08:23:36.478383+00:00,2026-09-10T13:53:36.478383+05:30,NIFTYNXT50,29-Sep-2026,84500.0,PE,72552.75,10086.95,550,12745.25,550,0.0,11416.1,0,0,0,0,0,,,,,,,,,,,,,,,0.05223818878795662,,,,,,11.82,25,72899.5,72993.65,72527.05,72853.85,mid_price,no_price_available
2026-09-10T08:23:36.478383+00:00,2026-09-10T13:53:36.478383+05:30,NIFTYNXT50,29-Sep-2026,85000.0,CE,0,,0,,0,0.0,,0,0,0,0,0,,,,,,,,,,,,,,,0.05223818878795662,,,,,,11.82,25,72899.5,72993.65,72527.05,72853.85,none,no_price_available
2026-09-10T08:23:36.478383+00:00,2026-09-10T13:53:36.478383+05:30,NIFTYNXT50,29-Sep-2026,85000.0,PE,72552.75,10286.55,550,13341.85,550,0.0,11814.2,0,0,0,0,0,,,,,,,,,,,,,,,0.05223818878795662,,,,,,11.82,25,72899.5,72993.65,72527.05,72853.85,mid_price,no_price_available
