fetch_ts_utc,fetch_ts_ist,symbol,expiry_date,strike,option_type,underlying_value,bid_price,bid_qty,ask_price,ask_qty,ltp,mid_price,open_interest,change_in_oi,total_traded_volume,pchange_vs_prev_close,nse_iv,delta,gamma,theta,vega,vanna,charm,vomma,speed,zomma,color,veta,omega,dual_delta,dual_gamma,time_to_expiry_years,futures_price,implied_cost_of_carry,dividend_yield_used,dividend_yield_source,risk_free_rate_used,india_vix,lot_size,underlying_day_open,underlying_day_high,underlying_day_low,underlying_prev_close,price_source_for_iv,data_quality_flag
2026-09-23T08:49:47.468144+00:00,2026-09-23T14:19:47.468144+05:30,NIFTYNXT50,29-Sep-2026,60500.0,CE,72367.75,10290.6,550,12933.85,550,0.0,11612.225,0,0,0,0,0,,,,,,,,,,,,,,,0.016571934673262304,,,,,,10.27,25,71950.1,72376.25,71931.5,71804.05,mid_price,no_price_available
2026-09-23T08:49:47.468144+00:00,2026-09-23T14:19:47.468144+05:30,NIFTYNXT50,29-Sep-2026,60500.0,PE,0,,0,,0,0.0,,0,0,0,0,0,,,,,,,,,,,,,,,0.016571934673262304,,,,,,10.27,25,71950.1,72376.25,71931.5,71804.05,none,no_price_available
2026-09-23T08:49:47.468144+00:00,2026-09-23T14:19:47.468144+05:30,NIFTYNXT50,29-Sep-2026,61000.0,CE,72367.75,9849.8,550,12400.55,550,0.0,11125.175,0,0,0,0,0,,,,,,,,,,,,,,,0.016571934673262304,,,,,,10.27,25,71950.1,72376.25,71931.5,71804.05,mid_price,no_price_available
2026-09-23T08:49:47.468144+00:00,2026-09-23T14:19:47.468144+05:30,NIFTYNXT50,29-Sep-2026,61000.0,PE,0,,0,,0,0.0,,0,0,0,0,0,,,,,,,,,,,,,,,0.016571934673262304,,,,,,10.27,25,71950.1,72376.25,71931.5,71804.05,none,no_price_available
2026-09-23T08:49:47.468144+00:00,2026-09-23T14:19:47.468144+05:30,NIFTYNXT50,29-Sep-2026,61500.0,CE,72367.75,9408.2,550,11867.25,550,0.0,10637.725,0,0,0,0,0,,,,,,,,,,,,,,,0.016571934673262304,,,,,,10.27,25,71950.1,72376.25,71931.5,71804.05,mid_price,no_price_available
2026-09-23T08:49:47.468144+00:00,2026-09-23T14:19:47.468144+05:30,NIFTYNXT50,29-Sep-2026,61500.0,PE,0,,0,,0,0.0,,0,0,0,0,0,,,,,,,,,,,,,,,0.016571934673262304,,,,,,10.27,25,71950.1,72376.25,71931.5,71804.05,none,no_price_available
2026-09-23T08:49:47.468144+00:00,2026-09-23T14:19:47.468144+05:30,NIFTYNXT50,29-Sep-2026,62000.0,CE,72367.75,8966,550,11333.85,550,0.0,10149.925,0,0,0,0,0,,,,,,,,,,,,,,,0.016571934673262304,,,,,,10.27,25,71950.1,72376.25,71931.5,71804.05,mid_price,no_price_available
2026-09-23T08:49:47.468144+00:00,2026-09-23T14:19:47.468144+05:30,NIFTYNXT50,29-Sep-2026,62000.0,PE,0,,0,,0,0.0,,0,0,0,0,0,,,,,,,,,,,,,,,0.016571934673262304,,,,,,10.27,25,71950.1,72376.25,71931.5,71804.05,none,no_price_available
2026-09-23T08:49:47.468144+00:00,2026-09-23T14:19:47.468144+05:30,NIFTYNXT50,29-Sep-2026,62500.0,CE,72367.75,8526.65,550,10812.6,550,0.0,9669.625,0,0,0,0,0,,,,,,,,,,,,,,,0.016571934673262304,,,,,,10.27,25,71950.1,72376.25,71931.5,71804.05,mid_price,no_price_available
2026-09-23T08:49:47.468144+00:00,2026-09-23T14:19:47.468144+05:30,NIFTYNXT50,29-Sep-2026,62500.0,PE,0,,0,,0,0.0,,0,0,0,0,0,,,,,,,,,,,,,,,0.016571934673262304,,,,,,10.27,25,71950.1,72376.25,71931.5,71804.05,none,no_price_available
2026-09-23T08:49:47.468144+00:00,2026-09-23T14:19:47.468144+05:30,NIFTYNXT50,29-Sep-2026,63000.0,CE,72367.75,8085.8,550,10266.95,550,0.0,9176.375,0,0,0,0,0,,,,,,,,,,,,,,,0.016571934673262304,,,,,,10.27,25,71950.1,72376.25,71931.5,71804.05,mid_price,no_price_available
2026-09-23T08:49:47.468144+00:00,2026-09-23T14:19:47.468144+05:30,NIFTYNXT50,29-Sep-2026,63000.0,PE,0,,0,,0,0.0,,0,0,0,0,0,,,,,,,,,,,,,,,0.016571934673262304,,,,,,10.27,25,71950.1,72376.25,71931.5,71804.05,none,no_price_available
2026-09-23T08:49:47.468144+00:00,2026-09-23T14:19:47.468144+05:30,NIFTYNXT50,29-Sep-2026,63500.0,CE,72367.75,7645,550,9733.65,550,0.0,8689.325,0,0,0,0,0,,,,,,,,,,,,,,,0.016571934673262304,,,,,,10.27,25,71950.1,72376.25,71931.5,71804.05,mid_price,no_price_available
2026-09-23T08:49:47.468144+00:00,2026-09-23T14:19:47.468144+05:30,NIFTYNXT50,29-Sep-2026,63500.0,PE,0,,0,,0,0.0,,0,0,0,0,0,,,,,,,,,,,,,,,0.016571934673262304,,,,,,10.27,25,71950.1,72376.25,71931.5,71804.05,none,no_price_available
2026-09-23T08:49:47.468144+00:00,2026-09-23T14:19:47.468144+05:30,NIFTYNXT50,29-Sep-2026,63800.0,CE,72367.75,7380.1,550,9413.45,550,0.0,8396.775000000001,0,0,0,0,0,,,,,,,,,,,,,,,0.016571934673262304,,,,,,10.27,25,71950.1,72376.25,71931.5,71804.05,mid_price,no_price_available
2026-09-23T08:49:47.468144+00:00,2026-09-23T14:19:47.468144+05:30,NIFTYNXT50,29-Sep-2026,63800.0,PE,0,,0,,0,0.0,,0,0,0,0,0,,,,,,,,,,,,,,,0.016571934673262304,,,,,,10.27,25,71950.1,72376.25,71931.5,71804.05,none,no_price_available
2026-09-23T08:49:47.468144+00:00,2026-09-23T14:19:47.468144+05:30,NIFTYNXT50,29-Sep-2026,63900.0,CE,72367.75,7292.75,550,9306.85,550,0.0,8299.8,0,0,0,0,0,,,,,,,,,,,,,,,0.016571934673262304,,,,,,10.27,25,71950.1,72376.25,71931.5,71804.05,mid_price,no_price_available
2026-09-23T08:49:47.468144+00:00,2026-09-23T14:19:47.468144+05:30,NIFTYNXT50,29-Sep-2026,63900.0,PE,0,,0,,0,0.0,,0,0,0,0,0,,,,,,,,,,,,,,,0.016571934673262304,,,,,,10.27,25,71950.1,72376.25,71931.5,71804.05,none,no_price_available
2026-09-23T08:49:47.468144+00:00,2026-09-23T14:19:47.468144+05:30,NIFTYNXT50,29-Sep-2026,64000.0,CE,72367.75,7204.75,550,9200.25,550,0.0,8202.5,0,0,0,0,0,,,,,,,,,,,,,,,0.016571934673262304,,,,,,10.27,25,71950.1,72376.25,71931.5,71804.05,mid_price,no_price_available
2026-09-23T08:49:47.468144+00:00,2026-09-23T14:19:47.468144+05:30,NIFTYNXT50,29-Sep-2026,64000.0,PE,0,,0,,0,0.0,,0,0,0,0,0,,,,,,,,,,,,,,,0.016571934673262304,,,,,,10.27,25,71950.1,72376.25,71931.5,71804.05,none,no_price_available
2026-09-23T08:49:47.468144+00:00,2026-09-23T14:19:47.468144+05:30,NIFTYNXT50,29-Sep-2026,64100.0,CE,72367.75,7116.1,550,9093.3,550,0.0,8104.7,0,0,0,0,0,,,,,,,,,,,,,,,0.016571934673262304,,,,,,10.27,25,71950.1,72376.25,71931.5,71804.05,mid_price,no_price_available
2026-09-23T08:49:47.468144+00:00,2026-09-23T14:19:47.468144+05:30,NIFTYNXT50,29-Sep-2026,64100.0,PE,0,,0,,0,0.0,,0,0,0,0,0,,,,,,,,,,,,,,,0.016571934673262304,,,,,,10.27,25,71950.1,72376.25,71931.5,71804.05,none,no_price_available
2026-09-23T08:49:47.468144+00:00,2026-09-23T14:19:47.468144+05:30,NIFTYNXT50,29-Sep-2026,64200.0,CE,72367.75,7028.4,550,8986.9,550,0.0,8007.65,0,0,0,0,0,,,,,,,,,,,,,,,0.016571934673262304,,,,,,10.27,25,71950.1,72376.25,71931.5,71804.05,mid_price,no_price_available
2026-09-23T08:49:47.468144+00:00,2026-09-23T14:19:47.468144+05:30,NIFTYNXT50,29-Sep-2026,64200.0,PE,0,,0,,0,0.0,,0,0,0,0,0,,,,,,,,,,,,,,,0.016571934673262304,,,,,,10.27,25,71950.1,72376.25,71931.5,71804.05,none,no_price_available
2026-09-23T08:49:47.468144+00:00,2026-09-23T14:19:47.468144+05:30,NIFTYNXT50,29-Sep-2026,64300.0,CE,72367.75,6940.25,550,8880.25,550,0.0,7910.25,0,0,0,0,0,,,,,,,,,,,,,,,0.016571934673262304,,,,,,10.27,25,71950.1,72376.25,71931.5,71804.05,mid_price,no_price_available
2026-09-23T08:49:47.468144+00:00,2026-09-23T14:19:47.468144+05:30,NIFTYNXT50,29-Sep-2026,64300.0,PE,0,,0,,0,0.0,,0,0,0,0,0,,,,,,,,,,,,,,,0.016571934673262304,,,,,,10.27,25,71950.1,72376.25,71931.5,71804.05,none,no_price_available
2026-09-23T08:49:47.468144+00:00,2026-09-23T14:19:47.468144+05:30,NIFTYNXT50,29-Sep-2026,64400.0,CE,72367.75,6851.95,550,8773.45,550,0.0,7812.700000000001,0,0,0,0,0,,,,,,,,,,,,,,,0.016571934673262304,,,,,,10.27,25,71950.1,72376.25,71931.5,71804.05,mid_price,no_price_available
2026-09-23T08:49:47.468144+00:00,2026-09-23T14:19:47.468144+05:30,NIFTYNXT50,29-Sep-2026,64400.0,PE,0,,0,,0,0.0,,0,0,0,0,0,,,,,,,,,,,,,,,0.016571934673262304,,,,,,10.27,25,71950.1,72376.25,71931.5,71804.05,none,no_price_available
2026-09-23T08:49:47.468144+00:00,2026-09-23T14:19:47.468144+05:30,NIFTYNXT50,29-Sep-2026,64500.0,CE,72367.75,6763.4,550,8666.75,550,0.0,7715.075,0,0,0,0,0,,,,,,,,,,,,,,,0.016571934673262304,,,,,,10.27,25,71950.1,72376.25,71931.5,71804.05,mid_price,no_price_available
2026-09-23T08:49:47.468144+00:00,2026-09-23T14:19:47.468144+05:30,NIFTYNXT50,29-Sep-2026,64500.0,PE,0,,0,,0,0.0,,0,0,0,0,0,,,,,,,,,,,,,,,0.016571934673262304,,,,,,10.27,25,71950.1,72376.25,71931.5,71804.05,none,no_price_available
2026-09-23T08:49:47.468144+00:00,2026-09-23T14:19:47.468144+05:30,NIFTYNXT50,29-Sep-2026,64600.0,CE,72367.75,6676.05,550,8560.2,550,0.0,7618.125,0,0,0,0,0,,,,,,,,,,,,,,,0.016571934673262304,,,,,,10.27,25,71950.1,72376.25,71931.5,71804.05,mid_price,no_price_available
2026-09-23T08:49:47.468144+00:00,2026-09-23T14:19:47.468144+05:30,NIFTYNXT50,29-Sep-2026,64600.0,PE,0,,0,,0,0.0,,0,0,0,0,0,,,,,,,,,,,,,,,0.016571934673262304,,,,,,10.27,25,71950.1,72376.25,71931.5,71804.05,none,no_price_available
2026-09-23T08:49:47.468144+00:00,2026-09-23T14:19:47.468144+05:30,NIFTYNXT50,29-Sep-2026,64700.0,CE,72367.75,6586.85,550,8453.4,550,0.0,7520.125,0,0,0,0,0,,,,,,,,,,,,,,,0.016571934673262304,,,,,,10.27,25,71950.1,72376.25,71931.5,71804.05,mid_price,no_price_available
2026-09-23T08:49:47.468144+00:00,2026-09-23T14:19:47.468144+05:30,NIFTYNXT50,29-Sep-2026,64700.0,PE,0,,0,,0,0.0,,0,0,0,0,0,,,,,,,,,,,,,,,0.016571934673262304,,,,,,10.27,25,71950.1,72376.25,71931.5,71804.05,none,no_price_available
2026-09-23T08:49:47.468144+00:00,2026-09-23T14:19:47.468144+05:30,NIFTYNXT50,29-Sep-2026,64800.0,CE,72367.75,6498.7,550,8346.75,550,0.0,7422.725,0,0,0,0,0,,,,,,,,,,,,,,,0.016571934673262304,,,,,,10.27,25,71950.1,72376.25,71931.5,71804.05,mid_price,no_price_available
2026-09-23T08:49:47.468144+00:00,2026-09-23T14:19:47.468144+05:30,NIFTYNXT50,29-Sep-2026,64800.0,PE,0,,0,,0,0.0,,0,0,0,0,0,,,,,,,,,,,,,,,0.016571934673262304,,,,,,10.27,25,71950.1,72376.25,71931.5,71804.05,none,no_price_available
2026-09-23T08:49:47.468144+00:00,2026-09-23T14:19:47.468144+05:30,NIFTYNXT50,29-Sep-2026,64900.0,CE,72367.75,6411.55,550,8239.85,550,0.0,7325.700000000001,0,0,0,0,0,,,,,,,,,,,,,,,0.016571934673262304,,,,,,10.27,25,71950.1,72376.25,71931.5,71804.05,mid_price,no_price_available
2026-09-23T08:49:47.468144+00:00,2026-09-23T14:19:47.468144+05:30,NIFTYNXT50,29-Sep-2026,64900.0,PE,0,,0,,0,0.0,,0,0,0,0,0,,,,,,,,,,,,,,,0.016571934673262304,,,,,,10.27,25,71950.1,72376.25,71931.5,71804.05,none,no_price_available
2026-09-23T08:49:47.468144+00:00,2026-09-23T14:19:47.468144+05:30,NIFTYNXT50,29-Sep-2026,65000.0,CE,72367.75,6322.15,550,8133.45,550,0.0,7227.799999999999,0,0,0,0,0,,,,,,,,,,,,,,,0.016571934673262304,,,,,,10.27,25,71950.1,72376.25,71931.5,71804.05,mid_price,no_price_available
2026-09-23T08:49:47.468144+00:00,2026-09-23T14:19:47.468144+05:30,NIFTYNXT50,29-Sep-2026,65000.0,PE,72367.75,,0,20,100,0.0,,0,0,0,0,0,,,,,,,,,,,,,,,0.016571934673262304,,,,,,10.27,25,71950.1,72376.25,71931.5,71804.05,none,no_price_available
2026-09-23T08:49:47.468144+00:00,2026-09-23T14:19:47.468144+05:30,NIFTYNXT50,29-Sep-2026,65100.0,CE,72367.75,6235.25,550,8056.45,550,0.0,7145.85,0,0,0,0,0,,,,,,,,,,,,,,,0.016571934673262304,,,,,,10.27,25,71950.1,72376.25,71931.5,71804.05,mid_price,no_price_available
2026-09-23T08:49:47.468144+00:00,2026-09-23T14:19:47.468144+05:30,NIFTYNXT50,29-Sep-2026,65100.0,PE,0,,0,,0,0.0,,0,0,0,0,0,,,,,,,,,,,,,,,0.016571934673262304,,,,,,10.27,25,71950.1,72376.25,71931.5,71804.05,none,no_price_available
2026-09-23T08:49:47.468144+00:00,2026-09-23T14:19:47.468144+05:30,NIFTYNXT50,29-Sep-2026,65200.0,CE,72367.75,6146.3,550,7949.8,550,0.0,7048.05,0,0,0,0,0,,,,,,,,,,,,,,,0.016571934673262304,,,,,,10.27,25,71950.1,72376.25,71931.5,71804.05,mid_price,no_price_available
2026-09-23T08:49:47.468144+00:00,2026-09-23T14:19:47.468144+05:30,NIFTYNXT50,29-Sep-2026,65200.0,PE,0,,0,,0,0.0,,0,0,0,0,0,,,,,,,,,,,,,,,0.016571934673262304,,,,,,10.27,25,71950.1,72376.25,71931.5,71804.05,none,no_price_available
2026-09-23T08:49:47.468144+00:00,2026-09-23T14:19:47.468144+05:30,NIFTYNXT50,29-Sep-2026,65300.0,CE,72367.75,6058.15,550,7843.2,550,0.0,6950.674999999999,0,0,0,0,0,,,,,,,,,,,,,,,0.016571934673262304,,,,,,10.27,25,71950.1,72376.25,71931.5,71804.05,mid_price,no_price_available
2026-09-23T08:49:47.468144+00:00,2026-09-23T14:19:47.468144+05:30,NIFTYNXT50,29-Sep-2026,65300.0,PE,0,,0,,0,0.0,,0,0,0,0,0,,,,,,,,,,,,,,,0.016571934673262304,,,,,,10.27,25,71950.1,72376.25,71931.5,71804.05,none,no_price_available
2026-09-23T08:49:47.468144+00:00,2026-09-23T14:19:47.468144+05:30,NIFTYNXT50,29-Sep-2026,65400.0,CE,72367.75,5970.75,550,7736.65,550,0.0,6853.7,0,0,0,0,0,,,,,,,,,,,,,,,0.016571934673262304,,,,,,10.27,25,71950.1,72376.25,71931.5,71804.05,mid_price,no_price_available
2026-09-23T08:49:47.468144+00:00,2026-09-23T14:19:47.468144+05:30,NIFTYNXT50,29-Sep-2026,65400.0,PE,0,,0,,0,0.0,,0,0,0,0,0,,,,,,,,,,,,,,,0.016571934673262304,,,,,,10.27,25,71950.1,72376.25,71931.5,71804.05,none,no_price_available
2026-09-23T08:49:47.468144+00:00,2026-09-23T14:19:47.468144+05:30,NIFTYNXT50,29-Sep-2026,65500.0,CE,72367.75,5881.55,550,7629.95,550,0.0,6755.75,0,0,0,0,0,,,,,,,,,,,,,,,0.016571934673262304,,,,,,10.27,25,71950.1,72376.25,71931.5,71804.05,mid_price,no_price_available
2026-09-23T08:49:47.468144+00:00,2026-09-23T14:19:47.468144+05:30,NIFTYNXT50,29-Sep-2026,65500.0,PE,0,,0,,0,0.0,,0,0,0,0,0,,,,,,,,,,,,,,,0.016571934673262304,,,,,,10.27,25,71950.1,72376.25,71931.5,71804.05,none,no_price_available
2026-09-23T08:49:47.468144+00:00,2026-09-23T14:19:47.468144+05:30,NIFTYNXT50,29-Sep-2026,65600.0,CE,72367.75,5793.4,550,7523.15,550,0.0,6658.275,0,0,0,0,0,,,,,,,,,,,,,,,0.016571934673262304,,,,,,10.27,25,71950.1,72376.25,71931.5,71804.05,mid_price,no_price_available
2026-09-23T08:49:47.468144+00:00,2026-09-23T14:19:47.468144+05:30,NIFTYNXT50,29-Sep-2026,65600.0,PE,0,,0,,0,0.0,,0,0,0,0,0,,,,,,,,,,,,,,,0.016571934673262304,,,,,,10.27,25,71950.1,72376.25,71931.5,71804.05,none,no_price_available
2026-09-23T08:49:47.468144+00:00,2026-09-23T14:19:47.468144+05:30,NIFTYNXT50,29-Sep-2026,65700.0,CE,72367.75,5705.25,550,7416.3,550,0.0,6560.775,0,0,0,0,0,,,,,,,,,,,,,,,0.016571934673262304,,,,,,10.27,25,71950.1,72376.25,71931.5,71804.05,mid_price,no_price_available
2026-09-23T08:49:47.468144+00:00,2026-09-23T14:19:47.468144+05:30,NIFTYNXT50,29-Sep-2026,65700.0,PE,0,,0,,0,0.0,,0,0,0,0,0,,,,,,,,,,,,,,,0.016571934673262304,,,,,,10.27,25,71950.1,72376.25,71931.5,71804.05,none,no_price_available
2026-09-23T08:49:47.468144+00:00,2026-09-23T14:19:47.468144+05:30,NIFTYNXT50,29-Sep-2026,65800.0,CE,72367.75,5617.7,550,7309.7,550,0.0,6463.7,0,0,0,0,0,,,,,,,,,,,,,,,0.016571934673262304,,,,,,10.27,25,71950.1,72376.25,71931.5,71804.05,mid_price,no_price_available
2026-09-23T08:49:47.468144+00:00,2026-09-23T14:19:47.468144+05:30,NIFTYNXT50,29-Sep-2026,65800.0,PE,0,,0,,0,0.0,,0,0,0,0,0,,,,,,,,,,,,,,,0.016571934673262304,,,,,,10.27,25,71950.1,72376.25,71931.5,71804.05,none,no_price_available
2026-09-23T08:49:47.468144+00:00,2026-09-23T14:19:47.468144+05:30,NIFTYNXT50,29-Sep-2026,65900.0,CE,72367.75,5530.2,550,7203.25,550,0.0,6366.725,0,0,0,0,0,,,,,,,,,,,,,,,0.016571934673262304,,,,,,10.27,25,71950.1,72376.25,71931.5,71804.05,mid_price,no_price_available
2026-09-23T08:49:47.468144+00:00,2026-09-23T14:19:47.468144+05:30,NIFTYNXT50,29-Sep-2026,65900.0,PE,0,,0,,0,0.0,,0,0,0,0,0,,,,,,,,,,,,,,,0.016571934673262304,,,,,,10.27,25,71950.1,72376.25,71931.5,71804.05,none,no_price_available
2026-09-23T08:49:47.468144+00:00,2026-09-23T14:19:47.468144+05:30,NIFTYNXT50,29-Sep-2026,66000.0,CE,72367.75,5440.75,550,7096.55,550,0.0,6268.65,0,0,0,0,0,,,,,,,,,,,,,,,0.016571934673262304,,,,,,10.27,25,71950.1,72376.25,71931.5,71804.05,mid_price,no_price_available
2026-09-23T08:49:47.468144+00:00,2026-09-23T14:19:47.468144+05:30,NIFTYNXT50,29-Sep-2026,66000.0,PE,0,,0,,0,0.0,,0,0,0,0,0,,,,,,,,,,,,,,,0.016571934673262304,,,,,,10.27,25,71950.1,72376.25,71931.5,71804.05,none,no_price_available
2026-09-23T08:49:47.468144+00:00,2026-09-23T14:19:47.468144+05:30,NIFTYNXT50,29-Sep-2026,66100.0,CE,72367.75,5352.6,550,6989.75,550,0.0,6171.175,0,0,0,0,0,,,,,,,,,,,,,,,0.016571934673262304,,,,,,10.27,25,71950.1,72376.25,71931.5,71804.05,mid_price,no_price_available
2026-09-23T08:49:47.468144+00:00,2026-09-23T14:19:47.468144+05:30,NIFTYNXT50,29-Sep-2026,66100.0,PE,0,,0,,0,0.0,,0,0,0,0,0,,,,,,,,,,,,,,,0.016571934673262304,,,,,,10.27,25,71950.1,72376.25,71931.5,71804.05,none,no_price_available
2026-09-23T08:49:47.468144+00:00,2026-09-23T14:19:47.468144+05:30,NIFTYNXT50,29-Sep-2026,66200.0,CE,72367.75,5265.2,550,6883.1,550,0.0,6074.15,0,0,0,0,0,,,,,,,,,,,,,,,0.016571934673262304,,,,,,10.27,25,71950.1,72376.25,71931.5,71804.05,mid_price,no_price_available
2026-09-23T08:49:47.468144+00:00,2026-09-23T14:19:47.468144+05:30,NIFTYNXT50,29-Sep-2026,66200.0,PE,0,,0,,0,0.0,,0,0,0,0,0,,,,,,,,,,,,,,,0.016571934673262304,,,,,,10.27,25,71950.1,72376.25,71931.5,71804.05,none,no_price_available
2026-09-23T08:49:47.468144+00:00,2026-09-23T14:19:47.468144+05:30,NIFTYNXT50,29-Sep-2026,66300.0,CE,72367.75,5176.55,550,6776.5,550,0.0,5976.525,0,0,0,0,0,,,,,,,,,,,,,,,0.016571934673262304,,,,,,10.27,25,71950.1,72376.25,71931.5,71804.05,mid_price,no_price_available
2026-09-23T08:49:47.468144+00:00,2026-09-23T14:19:47.468144+05:30,NIFTYNXT50,29-Sep-2026,66300.0,PE,0,,0,,0,0.0,,0,0,0,0,0,,,,,,,,,,,,,,,0.016571934673262304,,,,,,10.27,25,71950.1,72376.25,71931.5,71804.05,none,no_price_available
2026-09-23T08:49:47.468144+00:00,2026-09-23T14:19:47.468144+05:30,NIFTYNXT50,29-Sep-2026,66400.0,CE,72367.75,5087.9,550,6669.75,550,0.0,5878.825,0,0,0,0,0,,,,,,,,,,,,,,,0.016571934673262304,,,,,,10.27,25,71950.1,72376.25,71931.5,71804.05,mid_price,no_price_available
2026-09-23T08:49:47.468144+00:00,2026-09-23T14:19:47.468144+05:30,NIFTYNXT50,29-Sep-2026,66400.0,PE,0,,0,,0,0.0,,0,0,0,0,0,,,,,,,,,,,,,,,0.016571934673262304,,,,,,10.27,25,71950.1,72376.25,71931.5,71804.05,none,no_price_available
2026-09-23T08:49:47.468144+00:00,2026-09-23T14:19:47.468144+05:30,NIFTYNXT50,29-Sep-2026,66500.0,CE,72367.75,5000.2,550,6563.15,550,0.0,5781.674999999999,0,0,0,0,0,,,,,,,,,,,,,,,0.016571934673262304,,,,,,10.27,25,71950.1,72376.25,71931.5,71804.05,mid_price,no_price_available
2026-09-23T08:49:47.468144+00:00,2026-09-23T14:19:47.468144+05:30,NIFTYNXT50,29-Sep-2026,66500.0,PE,0,,0,,0,0.0,,0,0,0,0,0,,,,,,,,,,,,,,,0.016571934673262304,,,,,,10.27,25,71950.1,72376.25,71931.5,71804.05,none,no_price_available
2026-09-23T08:49:47.468144+00:00,2026-09-23T14:19:47.468144+05:30,NIFTYNXT50,29-Sep-2026,66600.0,CE,72367.75,4911.8,550,6456.35,550,0.0,5684.075000000001,0,0,0,0,0,,,,,,,,,,,,,,,0.016571934673262304,,,,,,10.27,25,71950.1,72376.25,71931.5,71804.05,mid_price,no_price_available
2026-09-23T08:49:47.468144+00:00,2026-09-23T14:19:47.468144+05:30,NIFTYNXT50,29-Sep-2026,66600.0,PE,0,,0,,0,0.0,,0,0,0,0,0,,,,,,,,,,,,,,,0.016571934673262304,,,,,,10.27,25,71950.1,72376.25,71931.5,71804.05,none,no_price_available
2026-09-23T08:49:47.468144+00:00,2026-09-23T14:19:47.468144+05:30,NIFTYNXT50,29-Sep-2026,66700.0,CE,72367.75,4824.95,550,6349.8,550,0.0,5587.375,0,0,0,0,0,,,,,,,,,,,,,,,0.016571934673262304,,,,,,10.27,25,71950.1,72376.25,71931.5,71804.05,mid_price,no_price_available
2026-09-23T08:49:47.468144+00:00,2026-09-23T14:19:47.468144+05:30,NIFTYNXT50,29-Sep-2026,66700.0,PE,0,,0,,0,0.0,,0,0,0,0,0,,,,,,,,,,,,,,,0.016571934673262304,,,,,,10.27,25,71950.1,72376.25,71931.5,71804.05,none,no_price_available
2026-09-23T08:49:47.468144+00:00,2026-09-23T14:19:47.468144+05:30,NIFTYNXT50,29-Sep-2026,66800.0,CE,72367.75,4735.75,550,6243.1,550,0.0,5489.425,0,0,0,0,0,,,,,,,,,,,,,,,0.016571934673262304,,,,,,10.27,25,71950.1,72376.25,71931.5,71804.05,mid_price,no_price_available
2026-09-23T08:49:47.468144+00:00,2026-09-23T14:19:47.468144+05:30,NIFTYNXT50,29-Sep-2026,66800.0,PE,0,,0,,0,0.0,,0,0,0,0,0,,,,,,,,,,,,,,,0.016571934673262304,,,,,,10.27,25,71950.1,72376.25,71931.5,71804.05,none,no_price_available
2026-09-23T08:49:47.468144+00:00,2026-09-23T14:19:47.468144+05:30,NIFTYNXT50,29-Sep-2026,66900.0,CE,72367.75,4647.25,550,6136.15,550,0.0,5391.7,0,0,0,0,0,,,,,,,,,,,,,,,0.016571934673262304,,,,,,10.27,25,71950.1,72376.25,71931.5,71804.05,mid_price,no_price_available
2026-09-23T08:49:47.468144+00:00,2026-09-23T14:19:47.468144+05:30,NIFTYNXT50,29-Sep-2026,66900.0,PE,0,,0,,0,0.0,,0,0,0,0,0,,,,,,,,,,,,,,,0.016571934673262304,,,,,,10.27,25,71950.1,72376.25,71931.5,71804.05,none,no_price_available
2026-09-23T08:49:47.468144+00:00,2026-09-23T14:19:47.468144+05:30,NIFTYNXT50,29-Sep-2026,67000.0,CE,72367.75,4559.4,550,6029.75,550,0.0,5294.575,0,0,0,0,0,,,,,,,,,,,,,,,0.016571934673262304,,,,,,10.27,25,71950.1,72376.25,71931.5,71804.05,mid_price,no_price_available
2026-09-23T08:49:47.468144+00:00,2026-09-23T14:19:47.468144+05:30,NIFTYNXT50,29-Sep-2026,67000.0,PE,72367.75,2.25,25,27.6,50,0.0,14.925,5,0,0,0,26.93,-0.011704122351969604,1.2182608986974194e-05,-6.209188566204332,2.84734447366424,-0.2533127752518292,0.0055002346121194945,53.4893739994966,-1.1271158820882763e-08,0.00018362012692977513,-3.9634721246802915e-06,-1.3967555552836137,-82.75506354039815,0.012794567696746669,1.4212839119356031e-05,0.016571934673262304,72370.2,0.0020428686804600063,0.0101,index_dividend_yield,0.065,10.27,25,71950.1,72376.25,71931.5,71804.05,mid_price,wide_quote_low_liquidity
2026-09-23T08:49:47.468144+00:00,2026-09-23T14:19:47.468144+05:30,NIFTYNXT50,29-Sep-2026,67100.0,CE,72367.75,4471.25,550,5922.95,550,0.0,5197.1,0,0,0,0,0,,,,,,,,,,,,,,,0.016571934673262304,,,,,,10.27,25,71950.1,72376.25,71931.5,71804.05,mid_price,no_price_available
2026-09-23T08:49:47.468144+00:00,2026-09-23T14:19:47.468144+05:30,NIFTYNXT50,29-Sep-2026,67100.0,PE,0,,0,,0,0.0,,0,0,0,0,0,,,,,,,,,,,,,,,0.016571934673262304,,,,,,10.27,25,71950.1,72376.25,71931.5,71804.05,none,no_price_available
2026-09-23T08:49:47.468144+00:00,2026-09-23T14:19:47.468144+05:30,NIFTYNXT50,29-Sep-2026,67200.0,CE,72367.75,4383.1,550,5816.1,550,0.0,5099.6,0,0,0,0,0,,,,,,,,,,,,,,,0.016571934673262304,,,,,,10.27,25,71950.1,72376.25,71931.5,71804.05,mid_price,no_price_available
2026-09-23T08:49:47.468144+00:00,2026-09-23T14:19:47.468144+05:30,NIFTYNXT50,29-Sep-2026,67200.0,PE,0,,0,,0,0.0,,0,0,0,0,0,,,,,,,,,,,,,,,0.016571934673262304,,,,,,10.27,25,71950.1,72376.25,71931.5,71804.05,none,no_price_available
2026-09-23T08:49:47.468144+00:00,2026-09-23T14:19:47.468144+05:30,NIFTYNXT50,29-Sep-2026,67300.0,CE,72367.75,4296,550,5709.7,550,0.0,5002.85,0,0,0,0,0,,,,,,,,,,,,,,,0.016571934673262304,,,,,,10.27,25,71950.1,72376.25,71931.5,71804.05,mid_price,no_price_available
2026-09-23T08:49:47.468144+00:00,2026-09-23T14:19:47.468144+05:30,NIFTYNXT50,29-Sep-2026,67300.0,PE,0,,0,,0,0.0,,0,0,0,0,0,,,,,,,,,,,,,,,0.016571934673262304,,,,,,10.27,25,71950.1,72376.25,71931.5,71804.05,none,no_price_available
2026-09-23T08:49:47.468144+00:00,2026-09-23T14:19:47.468144+05:30,NIFTYNXT50,29-Sep-2026,67400.0,CE,72367.75,4206.55,550,5602.95,550,0.0,4904.75,0,0,0,0,0,,,,,,,,,,,,,,,0.016571934673262304,,,,,,10.27,25,71950.1,72376.25,71931.5,71804.05,mid_price,no_price_available
2026-09-23T08:49:47.468144+00:00,2026-09-23T14:19:47.468144+05:30,NIFTYNXT50,29-Sep-2026,67400.0,PE,0,,0,,0,0.0,,0,0,0,0,0,,,,,,,,,,,,,,,0.016571934673262304,,,,,,10.27,25,71950.1,72376.25,71931.5,71804.05,none,no_price_available
2026-09-23T08:49:47.468144+00:00,2026-09-23T14:19:47.468144+05:30,NIFTYNXT50,29-Sep-2026,67500.0,CE,72367.75,4119.65,550,5496.35,550,0.0,4808.0,0,0,0,0,0,,,,,,,,,,,,,,,0.016571934673262304,,,,,,10.27,25,71950.1,72376.25,71931.5,71804.05,mid_price,no_price_available
2026-09-23T08:49:47.468144+00:00,2026-09-23T14:19:47.468144+05:30,NIFTYNXT50,29-Sep-2026,67500.0,PE,0,,0,,0,0.0,,0,0,0,0,0,,,,,,,,,,,,,,,0.016571934673262304,,,,,,10.27,25,71950.1,72376.25,71931.5,71804.05,none,no_price_available
2026-09-23T08:49:47.468144+00:00,2026-09-23T14:19:47.468144+05:30,NIFTYNXT50,29-Sep-2026,67600.0,CE,72367.75,4030,550,5389.65,550,0.0,4709.825,0,0,0,0,0,,,,,,,,,,,,,,,0.016571934673262304,,,,,,10.27,25,71950.1,72376.25,71931.5,71804.05,mid_price,no_price_available
2026-09-23T08:49:47.468144+00:00,2026-09-23T14:19:47.468144+05:30,NIFTYNXT50,29-Sep-2026,67600.0,PE,0,,0,,0,0.0,,0,0,0,0,0,,,,,,,,,,,,,,,0.016571934673262304,,,,,,10.27,25,71950.1,72376.25,71931.5,71804.05,none,no_price_available
2026-09-23T08:49:47.468144+00:00,2026-09-23T14:19:47.468144+05:30,NIFTYNXT50,29-Sep-2026,67700.0,CE,72367.75,3942,550,5282.8,550,0.0,4612.4,0,0,0,0,0,,,,,,,,,,,,,,,0.016571934673262304,,,,,,10.27,25,71950.1,72376.25,71931.5,71804.05,mid_price,no_price_available
2026-09-23T08:49:47.468144+00:00,2026-09-23T14:19:47.468144+05:30,NIFTYNXT50,29-Sep-2026,67700.0,PE,0,,0,,0,0.0,,0,0,0,0,0,,,,,,,,,,,,,,,0.016571934673262304,,,,,,10.27,25,71950.1,72376.25,71931.5,71804.05,none,no_price_available
2026-09-23T08:49:47.468144+00:00,2026-09-23T14:19:47.468144+05:30,NIFTYNXT50,29-Sep-2026,67800.0,CE,72367.75,3853.85,550,5176.3,550,0.0,4515.075,0,0,0,0,0,,,,,,,,,,,,,,,0.016571934673262304,,,,,,10.27,25,71950.1,72376.25,71931.5,71804.05,mid_price,no_price_available
2026-09-23T08:49:47.468144+00:00,2026-09-23T14:19:47.468144+05:30,NIFTYNXT50,29-Sep-2026,67800.0,PE,0,,0,,0,0.0,,0,0,0,0,0,,,,,,,,,,,,,,,0.016571934673262304,,,,,,10.27,25,71950.1,72376.25,71931.5,71804.05,none,no_price_available
2026-09-23T08:49:47.468144+00:00,2026-09-23T14:19:47.468144+05:30,NIFTYNXT50,29-Sep-2026,67900.0,CE,72367.75,3764.55,550,5069.45,550,0.0,4417.0,0,0,0,0,0,,,,,,,,,,,,,,,0.016571934673262304,,,,,,10.27,25,71950.1,72376.25,71931.5,71804.05,mid_price,no_price_available
2026-09-23T08:49:47.468144+00:00,2026-09-23T14:19:47.468144+05:30,NIFTYNXT50,29-Sep-2026,67900.0,PE,0,,0,,0,0.0,,0,0,0,0,0,,,,,,,,,,,,,,,0.016571934673262304,,,,,,10.27,25,71950.1,72376.25,71931.5,71804.05,none,no_price_available
2026-09-23T08:49:47.468144+00:00,2026-09-23T14:19:47.468144+05:30,NIFTYNXT50,29-Sep-2026,68000.0,CE,72367.75,3678.2,550,4963.35,550,0.0,4320.775,0,0,0,0,0,,,,,,,,,,,,,,,0.016571934673262304,,,,,,10.27,25,71950.1,72376.25,71931.5,71804.05,mid_price,no_price_available
2026-09-23T08:49:47.468144+00:00,2026-09-23T14:19:47.468144+05:30,NIFTYNXT50,29-Sep-2026,68000.0,PE,0,,0,,0,0.0,,0,0,0,0,0,,,,,,,,,,,,,,,0.016571934673262304,,,,,,10.27,25,71950.1,72376.25,71931.5,71804.05,none,no_price_available
2026-09-23T08:49:47.468144+00:00,2026-09-23T14:19:47.468144+05:30,NIFTYNXT50,29-Sep-2026,68100.0,CE,72367.75,3589.7,550,4870.45,550,0.0,4230.075,0,0,0,0,0,,,,,,,,,,,,,,,0.016571934673262304,,,,,,10.27,25,71950.1,72376.25,71931.5,71804.05,mid_price,no_price_available
2026-09-23T08:49:47.468144+00:00,2026-09-23T14:19:47.468144+05:30,NIFTYNXT50,29-Sep-2026,68100.0,PE,0,,0,,0,0.0,,0,0,0,0,0,,,,,,,,,,,,,,,0.016571934673262304,,,,,,10.27,25,71950.1,72376.25,71931.5,71804.05,none,no_price_available
2026-09-23T08:49:47.468144+00:00,2026-09-23T14:19:47.468144+05:30,NIFTYNXT50,29-Sep-2026,68200.0,CE,72367.75,3577.3,550,4753.35,550,0.0,4165.325000000001,0,0,0,0,0,,,,,,,,,,,,,,,0.016571934673262304,,,,,,10.27,25,71950.1,72376.25,71931.5,71804.05,mid_price,no_price_available
2026-09-23T08:49:47.468144+00:00,2026-09-23T14:19:47.468144+05:30,NIFTYNXT50,29-Sep-2026,68200.0,PE,0,,0,,0,0.0,,0,0,0,0,0,,,,,,,,,,,,,,,0.016571934673262304,,,,,,10.27,25,71950.1,72376.25,71931.5,71804.05,none,no_price_available
2026-09-23T08:49:47.468144+00:00,2026-09-23T14:19:47.468144+05:30,NIFTYNXT50,29-Sep-2026,68300.0,CE,72367.75,3486.9,550,4648.25,550,0.0,4067.575,0,0,0,0,0,,,,,,,,,,,,,,,0.016571934673262304,,,,,,10.27,25,71950.1,72376.25,71931.5,71804.05,mid_price,no_price_available
2026-09-23T08:49:47.468144+00:00,2026-09-23T14:19:47.468144+05:30,NIFTYNXT50,29-Sep-2026,68300.0,PE,0,,0,,0,0.0,,0,0,0,0,0,,,,,,,,,,,,,,,0.016571934673262304,,,,,,10.27,25,71950.1,72376.25,71931.5,71804.05,none,no_price_available
2026-09-23T08:49:47.468144+00:00,2026-09-23T14:19:47.468144+05:30,NIFTYNXT50,29-Sep-2026,68400.0,CE,72367.75,3398.35,550,4543.45,550,0.0,3970.8999999999996,0,0,0,0,0,,,,,,,,,,,,,,,0.016571934673262304,72370.2,0.0020428686804600063,0.0101,index_dividend_yield,0.065,10.27,25,71950.1,72376.25,71931.5,71804.05,mid_price,no_nse_iv
2026-09-23T08:49:47.468144+00:00,2026-09-23T14:19:47.468144+05:30,NIFTYNXT50,29-Sep-2026,68400.0,PE,0,,0,,0,0.0,,0,0,0,0,0,,,,,,,,,,,,,,,0.016571934673262304,,,,,,10.27,25,71950.1,72376.25,71931.5,71804.05,none,no_price_available
2026-09-23T08:49:47.468144+00:00,2026-09-23T14:19:47.468144+05:30,NIFTYNXT50,29-Sep-2026,68500.0,CE,72367.75,3307.55,550,4438.35,550,0.0,3872.9500000000003,0,0,0,0,0,,,,,,,,,,,,,,,0.016571934673262304,72370.2,0.0020428686804600063,0.0101,index_dividend_yield,0.065,10.27,25,71950.1,72376.25,71931.5,71804.05,mid_price,no_nse_iv
2026-09-23T08:49:47.468144+00:00,2026-09-23T14:19:47.468144+05:30,NIFTYNXT50,29-Sep-2026,68500.0,PE,0,,0,,0,0.0,,0,0,0,0,0,,,,,,,,,,,,,,,0.016571934673262304,,,,,,10.27,25,71950.1,72376.25,71931.5,71804.05,none,no_price_available
2026-09-23T08:49:47.468144+00:00,2026-09-23T14:19:47.468144+05:30,NIFTYNXT50,29-Sep-2026,68600.0,CE,72367.75,3217.4,550,4333.45,550,0.0,3775.425,0,0,0,0,0,,,,,,,,,,,,,,,0.016571934673262304,72370.2,0.0020428686804600063,0.0101,index_dividend_yield,0.065,10.27,25,71950.1,72376.25,71931.5,71804.05,mid_price,no_nse_iv
2026-09-23T08:49:47.468144+00:00,2026-09-23T14:19:47.468144+05:30,NIFTYNXT50,29-Sep-2026,68600.0,PE,0,,0,,0,0.0,,0,0,0,0,0,,,,,,,,,,,,,,,0.016571934673262304,,,,,,10.27,25,71950.1,72376.25,71931.5,71804.05,none,no_price_available
2026-09-23T08:49:47.468144+00:00,2026-09-23T14:19:47.468144+05:30,NIFTYNXT50,29-Sep-2026,68700.0,CE,72367.75,3126.5,550,4228.45,550,0.0,3677.475,0,0,0,0,0,,,,,,,,,,,,,,,0.016571934673262304,72370.2,0.0020428686804600063,0.0101,index_dividend_yield,0.065,10.27,25,71950.1,72376.25,71931.5,71804.05,mid_price,no_nse_iv
2026-09-23T08:49:47.468144+00:00,2026-09-23T14:19:47.468144+05:30,NIFTYNXT50,29-Sep-2026,68700.0,PE,0,,0,,0,0.0,,0,0,0,0,0,,,,,,,,,,,,,,,0.016571934673262304,,,,,,10.27,25,71950.1,72376.25,71931.5,71804.05,none,no_price_available
2026-09-23T08:49:47.468144+00:00,2026-09-23T14:19:47.468144+05:30,NIFTYNXT50,29-Sep-2026,68800.0,CE,72367.75,3036.8,550,4123.35,550,0.0,3580.0750000000003,0,0,0,0,0,,,,,,,,,,,,,,,0.016571934673262304,72370.2,0.0020428686804600063,0.0101,index_dividend_yield,0.065,10.27,25,71950.1,72376.25,71931.5,71804.05,mid_price,no_nse_iv
2026-09-23T08:49:47.468144+00:00,2026-09-23T14:19:47.468144+05:30,NIFTYNXT50,29-Sep-2026,68800.0,PE,0,,0,,0,0.0,,0,0,0,0,0,,,,,,,,,,,,,,,0.016571934673262304,,,,,,10.27,25,71950.1,72376.25,71931.5,71804.05,none,no_price_available
2026-09-23T08:49:47.468144+00:00,2026-09-23T14:19:47.468144+05:30,NIFTYNXT50,29-Sep-2026,68900.0,CE,72367.75,2947.45,550,4018.25,550,0.0,3482.85,0,0,0,0,0,,,,,,,,,,,,,,,0.016571934673262304,72370.2,0.0020428686804600063,0.0101,index_dividend_yield,0.065,10.27,25,71950.1,72376.25,71931.5,71804.05,mid_price,no_nse_iv
2026-09-23T08:49:47.468144+00:00,2026-09-23T14:19:47.468144+05:30,NIFTYNXT50,29-Sep-2026,68900.0,PE,0,,0,,0,0.0,,0,0,0,0,0,,,,,,,,,,,,,,,0.016571934673262304,,,,,,10.27,25,71950.1,72376.25,71931.5,71804.05,none,no_price_available
2026-09-23T08:49:47.468144+00:00,2026-09-23T14:19:47.468144+05:30,NIFTYNXT50,29-Sep-2026,69000.0,CE,72367.75,2856.7,550,3913.45,550,0.0,3385.075,0,0,0,0,0,,,,,,,,,,,,,,,0.016571934673262304,72370.2,0.0020428686804600063,0.0101,index_dividend_yield,0.065,10.27,25,71950.1,72376.25,71931.5,71804.05,mid_price,no_nse_iv
2026-09-23T08:49:47.468144+00:00,2026-09-23T14:19:47.468144+05:30,NIFTYNXT50,29-Sep-2026,69000.0,PE,0,,0,,0,0.0,,0,0,0,0,0,,,,,,,,,,,,,,,0.016571934673262304,,,,,,10.27,25,71950.1,72376.25,71931.5,71804.05,none,no_price_available
2026-09-23T08:49:47.468144+00:00,2026-09-23T14:19:47.468144+05:30,NIFTYNXT50,29-Sep-2026,69100.0,CE,72367.75,2766.7,550,3808.35,550,0.0,3287.5249999999996,0,0,0,0,0,,,,,,,,,,,,,,,0.016571934673262304,72370.2,0.0020428686804600063,0.0101,index_dividend_yield,0.065,10.27,25,71950.1,72376.25,71931.5,71804.05,mid_price,no_nse_iv
2026-09-23T08:49:47.468144+00:00,2026-09-23T14:19:47.468144+05:30,NIFTYNXT50,29-Sep-2026,69100.0,PE,0,,0,,0,0.0,,0,0,0,0,0,,,,,,,,,,,,,,,0.016571934673262304,,,,,,10.27,25,71950.1,72376.25,71931.5,71804.05,none,no_price_available
2026-09-23T08:49:47.468144+00:00,2026-09-23T14:19:47.468144+05:30,NIFTYNXT50,29-Sep-2026,69200.0,CE,72367.75,2677.2,550,3703.25,550,0.0,3190.225,0,0,0,0,0,,,,,,,,,,,,,,,0.016571934673262304,72370.2,0.0020428686804600063,0.0101,index_dividend_yield,0.065,10.27,25,71950.1,72376.25,71931.5,71804.05,mid_price,no_nse_iv
2026-09-23T08:49:47.468144+00:00,2026-09-23T14:19:47.468144+05:30,NIFTYNXT50,29-Sep-2026,69200.0,PE,0,,0,,0,0.0,,0,0,0,0,0,,,,,,,,,,,,,,,0.016571934673262304,,,,,,10.27,25,71950.1,72376.25,71931.5,71804.05,none,no_price_available
2026-09-23T08:49:47.468144+00:00,2026-09-23T14:19:47.468144+05:30,NIFTYNXT50,29-Sep-2026,69300.0,CE,72367.75,2586.8,550,3598.45,550,0.0,3092.625,0,0,0,0,0,,,,,,,,,,,,,,,0.016571934673262304,72370.2,0.0020428686804600063,0.0101,index_dividend_yield,0.065,10.27,25,71950.1,72376.25,71931.5,71804.05,mid_price,no_nse_iv
2026-09-23T08:49:47.468144+00:00,2026-09-23T14:19:47.468144+05:30,NIFTYNXT50,29-Sep-2026,69300.0,PE,0,,0,,0,0.0,,0,0,0,0,0,,,,,,,,,,,,,,,0.016571934673262304,,,,,,10.27,25,71950.1,72376.25,71931.5,71804.05,none,no_price_available
2026-09-23T08:49:47.468144+00:00,2026-09-23T14:19:47.468144+05:30,NIFTYNXT50,29-Sep-2026,69400.0,CE,72367.75,2496.55,550,3493.25,550,0.0,2994.9,0,0,0,0,0,,,,,,,,,,,,,,,0.016571934673262304,72370.2,0.0020428686804600063,0.0101,index_dividend_yield,0.065,10.27,25,71950.1,72376.25,71931.5,71804.05,mid_price,no_nse_iv
2026-09-23T08:49:47.468144+00:00,2026-09-23T14:19:47.468144+05:30,NIFTYNXT50,29-Sep-2026,69400.0,PE,0,,0,,0,0.0,,0,0,0,0,0,,,,,,,,,,,,,,,0.016571934673262304,,,,,,10.27,25,71950.1,72376.25,71931.5,71804.05,none,no_price_available
2026-09-23T08:49:47.468144+00:00,2026-09-23T14:19:47.468144+05:30,NIFTYNXT50,29-Sep-2026,69500.0,CE,72367.75,2407.1,550,3388.45,550,0.0,2897.7749999999996,0,0,0,0,0,,,,,,,,,,,,,,,0.016571934673262304,72370.2,0.0020428686804600063,0.0101,index_dividend_yield,0.065,10.27,25,71950.1,72376.25,71931.5,71804.05,mid_price,no_nse_iv
2026-09-23T08:49:47.468144+00:00,2026-09-23T14:19:47.468144+05:30,NIFTYNXT50,29-Sep-2026,69500.0,PE,0,,0,,0,0.0,,0,0,0,0,0,,,,,,,,,,,,,,,0.016571934673262304,,,,,,10.27,25,71950.1,72376.25,71931.5,71804.05,none,no_price_available
2026-09-23T08:49:47.468144+00:00,2026-09-23T14:19:47.468144+05:30,NIFTYNXT50,29-Sep-2026,69600.0,CE,72367.75,2315.8,550,3283.35,550,0.0,2799.575,0,0,0,0,0,,,,,,,,,,,,,,,0.016571934673262304,72370.2,0.0020428686804600063,0.0101,index_dividend_yield,0.065,10.27,25,71950.1,72376.25,71931.5,71804.05,mid_price,no_nse_iv
2026-09-23T08:49:47.468144+00:00,2026-09-23T14:19:47.468144+05:30,NIFTYNXT50,29-Sep-2026,69600.0,PE,0,,0,,0,0.0,,0,0,0,0,0,,,,,,,,,,,,,,,0.016571934673262304,,,,,,10.27,25,71950.1,72376.25,71931.5,71804.05,none,no_price_available
2026-09-23T08:49:47.468144+00:00,2026-09-23T14:19:47.468144+05:30,NIFTYNXT50,29-Sep-2026,69700.0,CE,72367.75,2227.55,550,3178.15,550,0.0,2702.8500000000004,0,0,0,0,0,,,,,,,,,,,,,,,0.016571934673262304,72370.2,0.0020428686804600063,0.0101,index_dividend_yield,0.065,10.27,25,71950.1,72376.25,71931.5,71804.05,mid_price,no_nse_iv
2026-09-23T08:49:47.468144+00:00,2026-09-23T14:19:47.468144+05:30,NIFTYNXT50,29-Sep-2026,69700.0,PE,0,,0,,0,0.0,,0,0,0,0,0,,,,,,,,,,,,,,,0.016571934673262304,,,,,,10.27,25,71950.1,72376.25,71931.5,71804.05,none,no_price_available
2026-09-23T08:49:47.468144+00:00,2026-09-23T14:19:47.468144+05:30,NIFTYNXT50,29-Sep-2026,69800.0,CE,72367.75,2136.6,550,3073.45,550,0.0,2605.0249999999996,0,0,0,0,0,,,,,,,,,,,,,,,0.016571934673262304,72370.2,0.0020428686804600063,0.0101,index_dividend_yield,0.065,10.27,25,71950.1,72376.25,71931.5,71804.05,mid_price,no_nse_iv
2026-09-23T08:49:47.468144+00:00,2026-09-23T14:19:47.468144+05:30,NIFTYNXT50,29-Sep-2026,69800.0,PE,0,,0,,0,0.0,,0,0,0,0,0,,,,,,,,,,,,,,,0.016571934673262304,,,,,,10.27,25,71950.1,72376.25,71931.5,71804.05,none,no_price_available
2026-09-23T08:49:47.468144+00:00,2026-09-23T14:19:47.468144+05:30,NIFTYNXT50,29-Sep-2026,69900.0,CE,72367.75,2048.05,550,2968.45,550,0.0,2508.25,0,0,0,0,0,,,,,,,,,,,,,,,0.016571934673262304,72370.2,0.0020428686804600063,0.0101,index_dividend_yield,0.065,10.27,25,71950.1,72376.25,71931.5,71804.05,mid_price,no_nse_iv
2026-09-23T08:49:47.468144+00:00,2026-09-23T14:19:47.468144+05:30,NIFTYNXT50,29-Sep-2026,69900.0,PE,0,,0,,0,0.0,,0,0,0,0,0,,,,,,,,,,,,,,,0.016571934673262304,,,,,,10.27,25,71950.1,72376.25,71931.5,71804.05,none,no_price_available
2026-09-23T08:49:47.468144+00:00,2026-09-23T14:19:47.468144+05:30,NIFTYNXT50,29-Sep-2026,70000.0,CE,72367.75,1956.4,550,2863.35,550,0.0,2409.875,3,0,0,0,0,,,,,,,,,,,,,,,0.016571934673262304,72370.2,0.0020428686804600063,0.0101,index_dividend_yield,0.065,10.27,25,71950.1,72376.25,71931.5,71804.05,mid_price,no_nse_iv
2026-09-23T08:49:47.468144+00:00,2026-09-23T14:19:47.468144+05:30,NIFTYNXT50,29-Sep-2026,70000.0,PE,72367.75,15.05,25,33.2,25,34.9,24.125,8,1,3,-64.38775510204081,16.62,-0.053905437166205765,7.071066489611702e-05,-13.419361510350038,10.199509651197868,-1.0451510717145451,0.013583351220514935,156.56941627722352,-7.421574511937023e-08,0.0006600342889237753,-8.278782235144947e-06,-2.8773826352846226,-109.6029691656811,0.05623724915202665,7.557514361356111e-05,0.016571934673262304,72370.2,0.0020428686804600063,0.0101,index_dividend_yield,0.065,10.27,25,71950.1,72376.25,71931.5,71804.05,mid_price,wide_quote_low_liquidity
2026-09-23T08:49:47.468144+00:00,2026-09-23T14:19:47.468144+05:30,NIFTYNXT50,29-Sep-2026,70100.0,CE,72367.75,1875.25,550,2930.6,550,0.0,2402.925,0,0,0,0,0,,,,,,,,,,,,,,,0.016571934673262304,72370.2,0.0020428686804600063,0.0101,index_dividend_yield,0.065,10.27,25,71950.1,72376.25,71931.5,71804.05,mid_price,no_nse_iv
2026-09-23T08:49:47.468144+00:00,2026-09-23T14:19:47.468144+05:30,NIFTYNXT50,29-Sep-2026,70100.0,PE,0,,0,,0,0.0,,0,0,0,0,0,,,,,,,,,,,,,,,0.016571934673262304,,,,,,10.27,25,71950.1,72376.25,71931.5,71804.05,none,no_price_available
2026-09-23T08:49:47.468144+00:00,2026-09-23T14:19:47.468144+05:30,NIFTYNXT50,29-Sep-2026,70200.0,CE,72367.75,1797.85,550,2959,550,0.0,2378.425,0,0,0,0,0,,,,,,,,,,,,,,,0.016571934673262304,72370.2,0.0020428686804600063,0.0101,index_dividend_yield,0.065,10.27,25,71950.1,72376.25,71931.5,71804.05,mid_price,no_nse_iv
2026-09-23T08:49:47.468144+00:00,2026-09-23T14:19:47.468144+05:30,NIFTYNXT50,29-Sep-2026,70200.0,PE,0,,0,,0,0.0,,0,0,0,0,0,,,,,,,,,,,,,,,0.016571934673262304,,,,,,10.27,25,71950.1,72376.25,71931.5,71804.05,none,no_price_available
2026-09-23T08:49:47.468144+00:00,2026-09-23T14:19:47.468144+05:30,NIFTYNXT50,29-Sep-2026,70300.0,CE,72367.75,1778.95,550,2719.85,550,0.0,2249.4,0,0,0,0,0,,,,,,,,,,,,,,,0.016571934673262304,72370.2,0.0020428686804600063,0.0101,index_dividend_yield,0.065,10.27,25,71950.1,72376.25,71931.5,71804.05,mid_price,no_nse_iv
2026-09-23T08:49:47.468144+00:00,2026-09-23T14:19:47.468144+05:30,NIFTYNXT50,29-Sep-2026,70300.0,PE,0,,0,,0,0.0,,0,0,0,0,0,,,,,,,,,,,,,,,0.016571934673262304,,,,,,10.27,25,71950.1,72376.25,71931.5,71804.05,none,no_price_available
2026-09-23T08:49:47.468144+00:00,2026-09-23T14:19:47.468144+05:30,NIFTYNXT50,29-Sep-2026,70400.0,CE,72367.75,1532,550,2585.75,550,0.0,2058.875,0,0,0,0,0,,,,,,,,,,,,,,,0.016571934673262304,72370.2,0.0020428686804600063,0.0101,index_dividend_yield,0.065,10.27,25,71950.1,72376.25,71931.5,71804.05,mid_price,no_nse_iv
2026-09-23T08:49:47.468144+00:00,2026-09-23T14:19:47.468144+05:30,NIFTYNXT50,29-Sep-2026,70400.0,PE,0,,0,,0,0.0,,0,0,0,0,0,,,,,,,,,,,,,,,0.016571934673262304,,,,,,10.27,25,71950.1,72376.25,71931.5,71804.05,none,no_price_available
2026-09-23T08:49:47.468144+00:00,2026-09-23T14:19:47.468144+05:30,NIFTYNXT50,29-Sep-2026,70500.0,CE,72367.75,1590.9,550,2485.25,550,0.0,2038.075,0,0,0,0,0,,,,,,,,,,,,,,,0.016571934673262304,72370.2,0.0020428686804600063,0.0101,index_dividend_yield,0.065,10.27,25,71950.1,72376.25,71931.5,71804.05,mid_price,no_nse_iv
2026-09-23T08:49:47.468144+00:00,2026-09-23T14:19:47.468144+05:30,NIFTYNXT50,29-Sep-2026,70500.0,PE,0,,0,,0,0.0,,0,0,0,0,0,,,,,,,,,,,,,,,0.016571934673262304,,,,,,10.27,25,71950.1,72376.25,71931.5,71804.05,none,no_price_available
2026-09-23T08:49:47.468144+00:00,2026-09-23T14:19:47.468144+05:30,NIFTYNXT50,29-Sep-2026,70600.0,CE,72367.75,1514.25,550,2589.55,550,0.0,2051.9,0,0,0,0,0,,,,,,,,,,,,,,,0.016571934673262304,72370.2,0.0020428686804600063,0.0101,index_dividend_yield,0.065,10.27,25,71950.1,72376.25,71931.5,71804.05,mid_price,no_nse_iv
2026-09-23T08:49:47.468144+00:00,2026-09-23T14:19:47.468144+05:30,NIFTYNXT50,29-Sep-2026,70600.0,PE,0,,0,,0,0.0,,0,0,0,0,0,,,,,,,,,,,,,,,0.016571934673262304,,,,,,10.27,25,71950.1,72376.25,71931.5,71804.05,none,no_price_available
2026-09-23T08:49:47.468144+00:00,2026-09-23T14:19:47.468144+05:30,NIFTYNXT50,29-Sep-2026,70700.0,CE,72367.75,1354.85,550,2266.85,550,0.0,1810.85,0,0,0,0,0,,,,,,,,,,,,,,,0.016571934673262304,72370.2,0.0020428686804600063,0.0101,index_dividend_yield,0.065,10.27,25,71950.1,72376.25,71931.5,71804.05,mid_price,no_nse_iv
2026-09-23T08:49:47.468144+00:00,2026-09-23T14:19:47.468144+05:30,NIFTYNXT50,29-Sep-2026,70700.0,PE,72367.75,0.05,50,140.4,25,0.0,70.22500000000001,0,0,0,0,0,,,,,,,,,,,,,,,0.016571934673262304,72370.2,0.0020428686804600063,0.0101,index_dividend_yield,0.065,10.27,25,71950.1,72376.25,71931.5,71804.05,mid_price,no_nse_iv
2026-09-23T08:49:47.468144+00:00,2026-09-23T14:19:47.468144+05:30,NIFTYNXT50,29-Sep-2026,70800.0,CE,72367.75,1324.25,550,,0,0.0,,0,0,0,0,0,,,,,,,,,,,,,,,0.016571934673262304,,,,,,10.27,25,71950.1,72376.25,71931.5,71804.05,none,no_price_available
2026-09-23T08:49:47.468144+00:00,2026-09-23T14:19:47.468144+05:30,NIFTYNXT50,29-Sep-2026,70800.0,PE,72367.75,0.1,650,160.6,125,0.0,80.35,1,0,0,0,21.8,-0.20411711582493852,0.00013953315467653916,-45.308884559547124,26.399594715063763,-1.038391997787727,0.01720523795579404,79.9916888014458,-5.803031241244486e-08,-0.00021726419822571687,4.529145388540962e-06,-3.5071652952838535,-62.620963815740026,0.2119686978790691,0.00014578103794702773,0.016571934673262304,72370.2,0.0020428686804600063,0.0101,index_dividend_yield,0.065,10.27,25,71950.1,72376.25,71931.5,71804.05,mid_price,wide_quote_low_liquidity
2026-09-23T08:49:47.468144+00:00,2026-09-23T14:19:47.468144+05:30,NIFTYNXT50,29-Sep-2026,70900.0,CE,72367.75,1211.95,550,2065.55,550,0.0,1638.75,0,0,0,0,0,,,,,,,,,,,,,,,0.016571934673262304,72370.2,0.0020428686804600063,0.0101,index_dividend_yield,0.065,10.27,25,71950.1,72376.25,71931.5,71804.05,mid_price,no_nse_iv
2026-09-23T08:49:47.468144+00:00,2026-09-23T14:19:47.468144+05:30,NIFTYNXT50,29-Sep-2026,70900.0,PE,72367.75,0.05,50,174.75,25,0.0,87.4,0,0,0,0,0,,,,,,,,,,,,,,,0.016571934673262304,72370.2,0.0020428686804600063,0.0101,index_dividend_yield,0.065,10.27,25,71950.1,72376.25,71931.5,71804.05,mid_price,no_nse_iv
2026-09-23T08:49:47.468144+00:00,2026-09-23T14:19:47.468144+05:30,NIFTYNXT50,29-Sep-2026,71000.0,CE,72367.75,1450,25,1580,25,0.0,1515.0,128,0,0,0,13.99,0.8682857625608097,0.00016363718544503347,-32.15726720107541,19.868407938967895,-1.6783994063672703,0.01766274414006061,174.9734933415059,-1.3967625108836944e-07,0.0002714967490236676,-1.6301062092934324e-06,-3.4800840130618362,41.37025006282383,-0.8636200069255007,0.0001700025531526815,0.016571934673262304,72370.2,0.0020428686804600063,0.0101,index_dividend_yield,0.065,10.27,25,71950.1,72376.25,71931.5,71804.05,mid_price,ok
2026-09-23T08:49:47.468144+00:00,2026-09-23T14:19:47.468144+05:30,NIFTYNXT50,29-Sep-2026,71000.0,PE,72367.75,70.05,25,92.95,25,88.5,81.5,93,40,49,-60.666666666666664,14.14,-0.13405386030459593,0.00016401977585448068,-22.051617176011312,20.128387116803378,-1.664185641127483,0.017673168930895315,171.68101339874298,-1.3713559910409092e-07,0.0002390781586877693,-1.312926061901441e-06,-3.4863226212313267,-108.04334352402884,0.13790092844895135,0.00017040002605128255,0.016571934673262304,72370.2,0.0020428686804600063,0.0101,index_dividend_yield,0.065,10.27,25,71950.1,72376.25,71931.5,71804.05,mid_price,wide_quote_low_liquidity
2026-09-23T08:49:47.468144+00:00,2026-09-23T14:19:47.468144+05:30,NIFTYNXT50,29-Sep-2026,71100.0,CE,72367.75,1039.25,550,3559.35,50,0.0,2299.3,0,0,0,0,0,,,,,,,,,,,,,,,0.016571934673262304,72370.2,0.0020428686804600063,0.0101,index_dividend_yield,0.065,10.27,25,71950.1,72376.25,71931.5,71804.05,mid_price,no_nse_iv
2026-09-23T08:49:47.468144+00:00,2026-09-23T14:19:47.468144+05:30,NIFTYNXT50,29-Sep-2026,71100.0,PE,72367.75,0.1,50,205.95,50,0.0,103.02499999999999,0,0,0,0,0,,,,,,,,,,,,,,,0.016571934673262304,72370.2,0.0020428686804600063,0.0101,index_dividend_yield,0.065,10.27,25,71950.1,72376.25,71931.5,71804.05,mid_price,no_nse_iv
2026-09-23T08:49:47.468144+00:00,2026-09-23T14:19:47.468144+05:30,NIFTYNXT50,29-Sep-2026,71200.0,CE,72367.75,1.1,100,3218.95,50,0.0,1610.0249999999999,0,0,0,0,0,,,,,,,,,,,,,,,0.016571934673262304,72370.2,0.0020428686804600063,0.0101,index_dividend_yield,0.065,10.27,25,71950.1,72376.25,71931.5,71804.05,mid_price,no_nse_iv
2026-09-23T08:49:47.468144+00:00,2026-09-23T14:19:47.468144+05:30,NIFTYNXT50,29-Sep-2026,71200.0,PE,72367.75,0.05,50,223.05,75,0.0,111.55000000000001,0,0,0,0,0,,,,,,,,,,,,,,,0.016571934673262304,72370.2,0.0020428686804600063,0.0101,index_dividend_yield,0.065,10.27,25,71950.1,72376.25,71931.5,71804.05,mid_price,no_nse_iv
2026-09-23T08:49:47.468144+00:00,2026-09-23T14:19:47.468144+05:30,NIFTYNXT50,29-Sep-2026,71300.0,CE,72367.75,,0,1715.1,550,0.0,,0,0,0,0,0,,,,,,,,,,,,,,,0.016571934673262304,,,,,,10.27,25,71950.1,72376.25,71931.5,71804.05,none,no_price_available
2026-09-23T08:49:47.468144+00:00,2026-09-23T14:19:47.468144+05:30,NIFTYNXT50,29-Sep-2026,71300.0,PE,72367.75,,0,241,25,0.0,,0,0,0,0,0,,,,,,,,,,,,,,,0.016571934673262304,,,,,,10.27,25,71950.1,72376.25,71931.5,71804.05,none,no_price_available
2026-09-23T08:49:47.468144+00:00,2026-09-23T14:19:47.468144+05:30,NIFTYNXT50,29-Sep-2026,71400.0,CE,72367.75,0.05,50,1730.8,550,0.0,865.425,0,0,0,0,0,,,,,,,,,,,,,,,0.016571934673262304,,,,,,10.27,25,71950.1,72376.25,71931.5,71804.05,mid_price,no_price_available
2026-09-23T08:49:47.468144+00:00,2026-09-23T14:19:47.468144+05:30,NIFTYNXT50,29-Sep-2026,71400.0,PE,72367.75,110.9,200,243.4,200,0.0,177.15,0,0,0,0,0,,,,,,,,,,,,,,,0.016571934673262304,72370.2,0.0020428686804600063,0.0101,index_dividend_yield,0.065,10.27,25,71950.1,72376.25,71931.5,71804.05,mid_price,no_nse_iv
2026-09-23T08:49:47.468144+00:00,2026-09-23T14:19:47.468144+05:30,NIFTYNXT50,29-Sep-2026,71500.0,CE,72367.75,1032.05,25,1178,25,1025.85,1105.025,32,-3,3,-6.740909090909091,10.81,0.826049368336955,0.0002548194007511342,-30.170981110162746,23.906804872926838,-2.1965778089158006,0.0168926194750997,192.20543056494677,-2.3051343721237963e-07,-0.0003084041376638972,5.328634414714631e-06,-3.451256150705553,58.19171639445155,-0.8217070158924741,0.00026104209525585416,0.016571934673262304,72370.2,0.0020428686804600063,0.0101,index_dividend_yield,0.065,10.27,25,71950.1,72376.25,71931.5,71804.05,mid_price,ok
2026-09-23T08:49:47.468144+00:00,2026-09-23T14:19:47.468144+05:30,NIFTYNXT50,29-Sep-2026,71500.0,PE,72367.75,127.75,25,155,25,160,141.375,33,2,8,-42.028985507246375,13.38,-0.22305338300880828,0.0002394041431335454,-28.290918283228365,27.80040535147652,-1.6606566055056142,0.01577321193631868,117.8609715887955,-1.4461961017389755e-07,-0.0007742791127641948,1.0156469193087175e-05,-3.417079610553452,-99.93826982003388,0.22801943885915396,0.0002452503967605965,0.016571934673262304,72370.2,0.0020428686804600063,0.0101,index_dividend_yield,0.065,10.27,25,71950.1,72376.25,71931.5,71804.05,mid_price,wide_quote_low_liquidity
2026-09-23T08:49:47.468144+00:00,2026-09-23T14:19:47.468144+05:30,NIFTYNXT50,29-Sep-2026,71600.0,CE,72367.75,939.25,75,1036.1,75,975,987.675,1,0,1,8.333333333333334,11.93,0.7766616225963233,0.00026858248881235036,-35.70364069172437,27.80875144565666,-1.8667507696325525,0.01552509546404301,132.4209847471831,-1.798489736387844e-07,-0.0009723307586548843,1.1592672068237394e-05,-3.3976298636176847,57.54583644656409,-0.7713484642891744,0.0002743732638247371,0.016571934673262304,72370.2,0.0020428686804600063,0.0101,index_dividend_yield,0.065,10.27,25,71950.1,72376.25,71931.5,71804.05,mid_price,ok
2026-09-23T08:49:47.468144+00:00,2026-09-23T14:19:47.468144+05:30,NIFTYNXT50,29-Sep-2026,71600.0,PE,72367.75,0.1,50,301.55,25,0.0,150.82500000000002,0,0,0,0,0,,,,,,,,,,,,,,,0.016571934673262304,72370.2,0.0020428686804600063,0.0101,index_dividend_yield,0.065,10.27,25,71950.1,72376.25,71931.5,71804.05,mid_price,no_nse_iv
2026-09-23T08:49:47.468144+00:00,2026-09-23T14:19:47.468144+05:30,NIFTYNXT50,29-Sep-2026,71700.0,CE,72367.75,716,25,1382,550,0.0,1049.0,0,0,0,0,0,,,,,,,,,,,,,,,0.016571934673262304,72370.2,0.0020428686804600063,0.0101,index_dividend_yield,0.065,10.27,25,71950.1,72376.25,71931.5,71804.05,mid_price,no_nse_iv
2026-09-23T08:49:47.468144+00:00,2026-09-23T14:19:47.468144+05:30,NIFTYNXT50,29-Sep-2026,71700.0,PE,72367.75,,0,323.75,25,0.0,,0,0,0,0,0,,,,,,,,,,,,,,,0.016571934673262304,,,,,,10.27,25,71950.1,72376.25,71931.5,71804.05,none,no_price_available
2026-09-23T08:49:47.468144+00:00,2026-09-23T14:19:47.468144+05:30,NIFTYNXT50,29-Sep-2026,71800.0,CE,72367.75,0.05,50,1461.85,550,0.0,730.9499999999999,0,0,0,0,0,,,,,,,,,,,,,,,0.016571934673262304,72370.2,0.0020428686804600063,0.0101,index_dividend_yield,0.065,10.27,25,71950.1,72376.25,71931.5,71804.05,mid_price,no_nse_iv
2026-09-23T08:49:47.468144+00:00,2026-09-23T14:19:47.468144+05:30,NIFTYNXT50,29-Sep-2026,71800.0,PE,72367.75,0.05,50,347.25,25,0.0,173.65,0,0,0,0,0,,,,,,,,,,,,,,,0.016571934673262304,72370.2,0.0020428686804600063,0.0101,index_dividend_yield,0.065,10.27,25,71950.1,72376.25,71931.5,71804.05,mid_price,no_nse_iv
2026-09-23T08:49:47.468144+00:00,2026-09-23T14:19:47.468144+05:30,NIFTYNXT50,29-Sep-2026,71900.0,CE,72367.75,645,25,1217.65,550,0.0,931.325,0,0,0,0,0,,,,,,,,,,,,,,,0.016571934673262304,72370.2,0.0020428686804600063,0.0101,index_dividend_yield,0.065,10.27,25,71950.1,72376.25,71931.5,71804.05,mid_price,no_nse_iv
2026-09-23T08:49:47.468144+00:00,2026-09-23T14:19:47.468144+05:30,NIFTYNXT50,29-Sep-2026,71900.0,PE,72367.75,0.15,50,371.55,50,0.0,185.85,0,0,0,0,0,,,,,,,,,,,,,,,0.016571934673262304,72370.2,0.0020428686804600063,0.0101,index_dividend_yield,0.065,10.27,25,71950.1,72376.25,71931.5,71804.05,mid_price,no_nse_iv
2026-09-23T08:49:47.468144+00:00,2026-09-23T14:19:47.468144+05:30,NIFTYNXT50,29-Sep-2026,72000.0,CE,72367.75,700,25,739,25,700,719.5,51,-2,33,45.198091682223605,11.05,0.6660070865785255,0.0003533770631678674,-38.08650699776368,33.88940843452535,-1.366288152343853,0.008665917084430343,54.63704984175877,-1.4345539434008707e-07,-0.002628411686971259,2.565012151821547e-05,-3.1467758951510416,72.81748871818994,-0.6602158427322379,0.0003569961269204189,0.016571934673262304,72370.2,0.0020428686804600063,0.0101,index_dividend_yield,0.065,10.27,25,71950.1,72376.25,71931.5,71804.05,mid_price,ok
2026-09-23T08:49:47.468144+00:00,2026-09-23T14:19:47.468144+05:30,NIFTYNXT50,29-Sep-2026,72000.0,PE,72367.75,244.05,150,295.5,25,275,269.775,29,5,19,-44.16243654822335,12.46,-0.3510379340470741,0.0003194042522201049,-31.70458618428075,34.53998055623949,-1.090080527894527,0.007754167237054002,38.83205089869435,-1.0452271512066176e-07,-0.0022044512643929672,2.3887734514528275e-05,-3.1313836513829956,-91.70751322116315,0.3566782591383658,0.0003226753879900897,0.016571934673262304,72370.2,0.0020428686804600063,0.0101,index_dividend_yield,0.065,10.27,25,71950.1,72376.25,71931.5,71804.05,mid_price,wide_quote_low_liquidity
2026-09-23T08:49:47.468144+00:00,2026-09-23T14:19:47.468144+05:30,NIFTYNXT50,29-Sep-2026,72100.0,CE,72367.75,584.1,25,669.1,100,516.15,626.6,3,3,3,-85.41083693716611,8.74,0.6611621183499256,0.00044928984047130064,-31.726145017898503,34.080141064380626,-1.694046759843859,0.007379237234437486,65.65079871229784,-2.143831464669689e-07,-0.004275518957122049,3.343835405235128e-05,-3.102014819556251,92.44806359299092,-0.6564391322244552,0.00045263299504681736,0.016571934673262304,72370.2,0.0020428686804600063,0.0101,index_dividend_yield,0.065,10.27,25,71950.1,72376.25,71931.5,71804.05,mid_price,ok
2026-09-23T08:49:47.468144+00:00,2026-09-23T14:19:47.468144+05:30,NIFTYNXT50,29-Sep-2026,72100.0,PE,72367.75,231.05,25,,0,0.0,,3,0,0,0,13.68,,,,,,,,,,,,,,,0.016571934673262304,,,,,,10.27,25,71950.1,72376.25,71931.5,71804.05,none,no_price_available
2026-09-23T08:49:47.468144+00:00,2026-09-23T14:19:47.468144+05:30,NIFTYNXT50,29-Sep-2026,72200.0,CE,72367.75,0.05,50,795,25,0.0,397.525,0,0,0,0,0,,,,,,,,,,,,,,,0.016571934673262304,72370.2,0.0020428686804600063,0.0101,index_dividend_yield,0.065,10.27,25,71950.1,72376.25,71931.5,71804.05,mid_price,no_nse_iv
2026-09-23T08:49:47.468144+00:00,2026-09-23T14:19:47.468144+05:30,NIFTYNXT50,29-Sep-2026,72200.0,PE,72367.75,0.05,50,500,25,0.0,250.025,0,0,0,0,0,,,,,,,,,,,,,,,0.016571934673262304,72370.2,0.0020428686804600063,0.0101,index_dividend_yield,0.065,10.27,25,71950.1,72376.25,71931.5,71804.05,mid_price,no_nse_iv
2026-09-23T08:49:47.468144+00:00,2026-09-23T14:19:47.468144+05:30,NIFTYNXT50,29-Sep-2026,72300.0,CE,72367.75,490,25,543.65,125,518.15,516.825,1,1,8,-84.93027178733986,10.79,0.5555278353335796,0.00039294858905309315,-38.78357021877428,36.79768786720384,-0.4612389215190027,-0.0001456149142655195,6.010831733814115,-5.604515271110387e-08,-0.0035778965508913847,3.256574837174196e-05,-3.03957517610452,85.38252532600976,-0.5495359645640426,0.00039368537301830825,0.016571934673262304,72370.2,0.0020428686804600063,0.0101,index_dividend_yield,0.065,10.27,25,71950.1,72376.25,71931.5,71804.05,mid_price,ok
2026-09-23T08:49:47.468144+00:00,2026-09-23T14:19:47.468144+05:30,NIFTYNXT50,29-Sep-2026,72300.0,PE,72367.75,,0,550,25,0.0,,0,0,0,0,0,,,,,,,,,,,,,,,0.016571934673262304,,,,,,10.27,25,71950.1,72376.25,71931.5,71804.05,none,no_price_available
2026-09-23T08:49:47.468144+00:00,2026-09-23T14:19:47.468144+05:30,NIFTYNXT50,29-Sep-2026,72400.0,CE,72367.75,0.1,50,680,25,0.0,340.05,0,0,0,0,0,,,,,,,,,,,,,,,0.016571934673262304,72370.2,0.0020428686804600063,0.0101,index_dividend_yield,0.065,10.27,25,71950.1,72376.25,71931.5,71804.05,mid_price,no_nse_iv
2026-09-23T08:49:47.468144+00:00,2026-09-23T14:19:47.468144+05:30,NIFTYNXT50,29-Sep-2026,72400.0,PE,72367.75,389.5,150,455.8,25,460,422.65,10,8,16,-37.2142223435474,12.89,-0.4854502882170528,0.000331945696650438,-34.20124080243158,37.13499014602562,-0.060868475397712896,-0.0029801650166743575,0.2057081494690749,-1.3767959364535778e-08,-0.002573534648145652,2.7580889523032713e-05,-3.0595586701206536,-75.99760063648338,0.4916189083787582,0.000331650037411948,0.016571934673262304,72370.2,0.0020428686804600063,0.0101,index_dividend_yield,0.065,10.27,25,71950.1,72376.25,71931.5,71804.05,mid_price,wide_quote_low_liquidity
2026-09-23T08:49:47.468144+00:00,2026-09-23T14:19:47.468144+05:30,NIFTYNXT50,29-Sep-2026,72500.0,CE,72367.75,330.35,25,543.25,25,0.0,436.8,0,0,0,0,0,,,,,,,,,,,,,,,0.016571934673262304,72370.2,0.0020428686804600063,0.0101,index_dividend_yield,0.065,10.27,25,71950.1,72376.25,71931.5,71804.05,mid_price,no_nse_iv
2026-09-23T08:49:47.468144+00:00,2026-09-23T14:19:47.468144+05:30,NIFTYNXT50,29-Sep-2026,72500.0,PE,72367.75,436.05,125,498,25,477.05,467.025,19,9,85,-41.96825010644121,12.6,-0.5191995494376903,0.0003394120479238401,-32.916774893237594,37.115998809762054,0.20422147302534555,-0.005842170461418628,0.9201882465994515,9.075315707486575e-09,-0.0026854999699236354,2.7868268954960382e-05,-3.0942702245559874,-74.79965852064421,0.5251809982709094,0.00033817490852863097,0.016571934673262304,72370.2,0.0020428686804600063,0.0101,index_dividend_yield,0.065,10.27,25,71950.1,72376.25,71931.5,71804.05,mid_price,ok
2026-09-23T08:49:47.468144+00:00,2026-09-23T14:19:47.468144+05:30,NIFTYNXT50,29-Sep-2026,72600.0,CE,72367.75,288,25,545,25,0.0,416.5,3,0,0,0,18.81,0.4669889579988186,0.00022684737838976857,-62.553680099218944,37.032745707157325,0.22583283691776646,-0.005974828148551184,1.7387874372722933,7.46984263166847e-09,-0.0011953757334079466,1.8503665327013496e-05,-3.1072172311014934,54.526188708240674,-0.45695795243826987,0.0002253983141323453,0.016571934673262304,72370.2,0.0020428686804600063,0.0101,index_dividend_yield,0.065,10.27,25,71950.1,72376.25,71931.5,71804.05,mid_price,wide_quote_low_liquidity
2026-09-23T08:49:47.468144+00:00,2026-09-23T14:19:47.468144+05:30,NIFTYNXT50,29-Sep-2026,72600.0,PE,72367.75,401.05,25,,0,548.65,,6,4,4,-33.20550280009739,12.45,-0.5536572868408242,0.00034077721065654115,-31.769901302119948,36.82165020878594,0.47994286400404595,-0.008674207969500306,6.042812502904837,3.355812827511428e-08,-0.0026814088899102763,2.720994443002919e-05,-3.152665772510823,-72.71683993154635,0.5594756401900618,0.00033860038111056183,0.016571934673262304,72370.2,0.0020428686804600063,0.0101,index_dividend_yield,0.065,10.27,25,71950.1,72376.25,71931.5,71804.05,ltp,ok
2026-09-23T08:49:47.468144+00:00,2026-09-23T14:19:47.468144+05:30,NIFTYNXT50,29-Sep-2026,72700.0,CE,72367.75,,0,500,25,0.0,,0,0,0,0,0,,,,,,,,,,,,,,,0.016571934673262304,,,,,,10.27,25,71950.1,72376.25,71931.5,71804.05,none,no_price_available
2026-09-23T08:49:47.468144+00:00,2026-09-23T14:19:47.468144+05:30,NIFTYNXT50,29-Sep-2026,72700.0,PE,72367.75,10.1,600,1109.95,550,0.0,560.025,0,0,0,0,0,,,,,,,,,,,,,,,0.016571934673262304,72370.2,0.0020428686804600063,0.0101,index_dividend_yield,0.065,10.27,25,71950.1,72376.25,71931.5,71804.05,mid_price,no_nse_iv
2026-09-23T08:49:47.468144+00:00,2026-09-23T14:19:47.468144+05:30,NIFTYNXT50,29-Sep-2026,72800.0,CE,72367.75,0.1,50,475,25,0.0,237.55,0,0,0,0,0,,,,,,,,,,,,,,,0.016571934673262304,72370.2,0.0020428686804600063,0.0101,index_dividend_yield,0.065,10.27,25,71950.1,72376.25,71931.5,71804.05,mid_price,no_nse_iv
2026-09-23T08:49:47.468144+00:00,2026-09-23T14:19:47.468144+05:30,NIFTYNXT50,29-Sep-2026,72800.0,PE,72367.75,0.1,50,1135.8,550,0.0,567.9499999999999,0,0,0,0,0,,,,,,,,,,,,,,,0.016571934673262304,72370.2,0.0020428686804600063,0.0101,index_dividend_yield,0.065,10.27,25,71950.1,72376.25,71931.5,71804.05,mid_price,no_nse_iv
2026-09-23T08:49:47.468144+00:00,2026-09-23T14:19:47.468144+05:30,NIFTYNXT50,29-Sep-2026,72900.0,CE,72367.75,,0,450,25,0.0,,0,0,0,0,0,,,,,,,,,,,,,,,0.016571934673262304,,,,,,10.27,25,71950.1,72376.25,71931.5,71804.05,none,no_price_available
2026-09-23T08:49:47.468144+00:00,2026-09-23T14:19:47.468144+05:30,NIFTYNXT50,29-Sep-2026,72900.0,PE,72367.75,211.05,25,,0,729.3,,7,4,4,-18.0561797752809,12.38,-0.6533756971393411,0.0003199249437998746,-27.934652184318665,34.37416045274931,1.2240800859929513,-0.016045742703114096,45.018112568712354,1.0044807143694911e-07,-0.002165320775031012,2.0992237351602543e-05,-3.430517819074491,-64.65001079377285,0.658637901024012,0.0003152703913796284,0.016571934673262304,72370.2,0.0020428686804600063,0.0101,index_dividend_yield,0.065,10.27,25,71950.1,72376.25,71931.5,71804.05,ltp,ok
2026-09-23T08:49:47.468144+00:00,2026-09-23T14:19:47.468144+05:30,NIFTYNXT50,29-Sep-2026,73000.0,CE,72367.75,170.05,25,222,25,0.0,196.025,33,0,0,0,13.26,0.32710866220835655,0.00029209670015656656,-40.3590245948853,33.61503189338775,1.2649410825373297,-0.017054839736004034,52.76793466198271,9.795896504546578e-08,-0.0017443784538061376,1.7986321682263845e-05,-3.490079597911868,90.21823145492462,-0.3206812409938563,0.00028705893594316333,0.016571934673262304,72370.2,0.0020428686804600063,0.0101,index_dividend_yield,0.065,10.27,25,71950.1,72376.25,71931.5,71804.05,mid_price,wide_quote_low_liquidity
2026-09-23T08:49:47.468144+00:00,2026-09-23T14:19:47.468144+05:30,NIFTYNXT50,29-Sep-2026,73000.0,PE,72367.75,640.25,25,1089.95,550,0.0,865.1,14,0,0,0,15.81,-0.6451399746346471,0.000252661864630049,-38.122274638793826,34.668489477590725,0.9247824080979572,-0.0148719461247964,32.09522143535182,5.878035507485089e-08,-0.001364247433027581,1.7156042680551574e-05,-3.3809583882707646,-51.006007822185026,0.6520912107513467,0.0002483042293022869,0.016571934673262304,72370.2,0.0020428686804600063,0.0101,index_dividend_yield,0.065,10.27,25,71950.1,72376.25,71931.5,71804.05,mid_price,wide_quote_low_liquidity
2026-09-23T08:49:47.468144+00:00,2026-09-23T14:19:47.468144+05:30,NIFTYNXT50,29-Sep-2026,73100.0,CE,72367.75,1.35,100,307.6,50,0.0,154.47500000000002,0,0,0,0,0,,,,,,,,,,,,,,,0.016571934673262304,72370.2,0.0020428686804600063,0.0101,index_dividend_yield,0.065,10.27,25,71950.1,72376.25,71931.5,71804.05,mid_price,no_nse_iv
2026-09-23T08:49:47.468144+00:00,2026-09-23T14:19:47.468144+05:30,NIFTYNXT50,29-Sep-2026,73100.0,PE,72367.75,0.15,50,1334.25,550,0.0,667.2,0,0,0,0,0,,,,,,,,,,,,,,,0.016571934673262304,,,,,,10.27,25,71950.1,72376.25,71931.5,71804.05,mid_price,no_price_available
2026-09-23T08:49:47.468144+00:00,2026-09-23T14:19:47.468144+05:30,NIFTYNXT50,29-Sep-2026,73200.0,CE,72367.75,0.05,50,286.9,25,0.0,143.475,0,0,0,0,0,,,,,,,,,,,,,,,0.016571934673262304,72370.2,0.0020428686804600063,0.0101,index_dividend_yield,0.065,10.27,25,71950.1,72376.25,71931.5,71804.05,mid_price,no_nse_iv
2026-09-23T08:49:47.468144+00:00,2026-09-23T14:19:47.468144+05:30,NIFTYNXT50,29-Sep-2026,73200.0,PE,72367.75,0.1,50,1442.65,550,0.0,721.375,0,0,0,0,0,,,,,,,,,,,,,,,0.016571934673262304,,,,,,10.27,25,71950.1,72376.25,71931.5,71804.05,mid_price,no_price_available
2026-09-23T08:49:47.468144+00:00,2026-09-23T14:19:47.468144+05:30,NIFTYNXT50,29-Sep-2026,73300.0,CE,72367.75,,0,269.6,25,0.0,,0,0,0,0,0,,,,,,,,,,,,,,,0.016571934673262304,,,,,,10.27,25,71950.1,72376.25,71931.5,71804.05,none,no_price_available
2026-09-23T08:49:47.468144+00:00,2026-09-23T14:19:47.468144+05:30,NIFTYNXT50,29-Sep-2026,73300.0,PE,72367.75,520,100,1389.95,550,0.0,954.975,7,0,0,0,13.41,-0.7516628525313489,0.0002533552309922213,-24.316987025978243,29.486417213695173,1.6460768461627473,-0.02104457861105045,104.3022674867764,1.2978318504585193e-07,-0.000993099880466252,9.503129263513644e-06,-3.7687867761624116,-51.884117428978385,0.7564060791184066,0.00024695172632482204,0.016571934673262304,72370.2,0.0020428686804600063,0.0101,index_dividend_yield,0.065,10.27,25,71950.1,72376.25,71931.5,71804.05,mid_price,wide_quote_low_liquidity
2026-09-23T08:49:47.468144+00:00,2026-09-23T14:19:47.468144+05:30,NIFTYNXT50,29-Sep-2026,73400.0,CE,72367.75,0.05,50,248.85,25,0.0,124.45,0,0,0,0,0,,,,,,,,,,,,,,,0.016571934673262304,72370.2,0.0020428686804600063,0.0101,index_dividend_yield,0.065,10.27,25,71950.1,72376.25,71931.5,71804.05,mid_price,no_nse_iv
2026-09-23T08:49:47.468144+00:00,2026-09-23T14:19:47.468144+05:30,NIFTYNXT50,29-Sep-2026,73400.0,PE,72367.75,0.05,50,1711.05,550,0.0,855.55,3,0,0,0,16.06,,,,,,,,,,,,,,,0.016571934673262304,,,,,,10.27,25,71950.1,72376.25,71931.5,71804.05,mid_price,no_price_available
2026-09-23T08:49:47.468144+00:00,2026-09-23T14:19:47.468144+05:30,NIFTYNXT50,29-Sep-2026,73500.0,CE,72367.75,136,25,211.4,25,0.0,173.7,7,0,0,0,18.47,0.273281811308951,0.00019330350921681292,-50.23250073552815,30.986318925673526,1.1283375642008597,-0.01934381345778796,63.36374092269281,6.38203755446125e-08,-0.000651299676062141,9.209659161120067e-06,-3.647462302245441,69.29744953356789,-0.26518911476020873,0.00018739379236294354,0.016571934673262304,72370.2,0.0020428686804600063,0.0101,index_dividend_yield,0.065,10.27,25,71950.1,72376.25,71931.5,71804.05,mid_price,wide_quote_low_liquidity
2026-09-23T08:49:47.468144+00:00,2026-09-23T14:19:47.468144+05:30,NIFTYNXT50,29-Sep-2026,73500.0,PE,72367.75,792.65,25,1674.95,550,0.0,1233.8,0,0,0,0,0,,,,,,,,,,,,,,,0.016571934673262304,72370.2,0.0020428686804600063,0.0101,index_dividend_yield,0.065,10.27,25,71950.1,72376.25,71931.5,71804.05,mid_price,no_nse_iv
2026-09-23T08:49:47.468144+00:00,2026-09-23T14:19:47.468144+05:30,NIFTYNXT50,29-Sep-2026,73600.0,CE,72367.75,1.1,100,214.45,25,0.0,107.77499999999999,0,0,0,0,0,,,,,,,,,,,,,,,0.016571934673262304,72370.2,0.0020428686804600063,0.0101,index_dividend_yield,0.065,10.27,25,71950.1,72376.25,71931.5,71804.05,mid_price,no_nse_iv
2026-09-23T08:49:47.468144+00:00,2026-09-23T14:19:47.468144+05:30,NIFTYNXT50,29-Sep-2026,73600.0,PE,72367.75,1,150,1743.8,550,0.0,872.4,0,0,0,0,0,,,,,,,,,,,,,,,0.016571934673262304,,,,,,10.27,25,71950.1,72376.25,71931.5,71804.05,mid_price,no_price_available
2026-09-23T08:49:47.468144+00:00,2026-09-23T14:19:47.468144+05:30,NIFTYNXT50,29-Sep-2026,73700.0,CE,72367.75,0.1,50,198.7,25,0.0,99.39999999999999,1,0,0,0,13,0.15211168019525878,0.00019430874570690592,-25.197226482574084,21.92295303535816,1.8899134774266328,-0.022429617415499856,180.8805587657023,1.5742985514163024e-07,0.0001086059012249239,-2.9860034161705e-06,-3.958182681076499,115.83292084456846,-0.14807254796180203,0.00018734733204751536,0.016571934673262304,72370.2,0.0020428686804600063,0.0101,index_dividend_yield,0.065,10.27,25,71950.1,72376.25,71931.5,71804.05,mid_price,wide_quote_low_liquidity
2026-09-23T08:49:47.468144+00:00,2026-09-23T14:19:47.468144+05:30,NIFTYNXT50,29-Sep-2026,73700.0,PE,72367.75,0.1,50,1820.7,550,0.0,910.4,0,0,0,0,0,,,,,,,,,,,,,,,0.016571934673262304,,,,,,10.27,25,71950.1,72376.25,71931.5,71804.05,mid_price,no_price_available
2026-09-23T08:49:47.468144+00:00,2026-09-23T14:19:47.468144+05:30,NIFTYNXT50,29-Sep-2026,73800.0,CE,72367.75,0.15,50,144,75,205.55,72.075,1,1,1,-92.53820742730606,18.24,0.21643864320308645,0.00017260666680718155,-43.51678436013904,27.32409287519855,1.29869868561161,-0.02147164692001353,94.87501489991779,7.588998071893181e-08,-0.0003469708236045985,4.355636383241721e-06,-3.8268140623867066,75.43711286767024,-0.20942473400757025,0.00016597205931071987,0.016571934673262304,72370.2,0.0020428686804600063,0.0101,index_dividend_yield,0.065,10.27,25,71950.1,72376.25,71931.5,71804.05,mid_price,wide_quote_low_liquidity
2026-09-23T08:49:47.468144+00:00,2026-09-23T14:19:47.468144+05:30,NIFTYNXT50,29-Sep-2026,73800.0,PE,72367.75,1062.9,550,2125.7,550,0.0,1594.3,0,0,0,0,0,,,,,,,,,,,,,,,0.016571934673262304,72370.2,0.0020428686804600063,0.0101,index_dividend_yield,0.065,10.27,25,71950.1,72376.25,71931.5,71804.05,mid_price,no_nse_iv
2026-09-23T08:49:47.468144+00:00,2026-09-23T14:19:47.468144+05:30,NIFTYNXT50,29-Sep-2026,73900.0,CE,72367.75,0.05,50,169.8,25,0.0,84.92500000000001,0,0,0,0,0,,,,,,,,,,,,,,,0.016571934673262304,72370.2,0.0020428686804600063,0.0101,index_dividend_yield,0.065,10.27,25,71950.1,72376.25,71931.5,71804.05,mid_price,no_nse_iv
2026-09-23T08:49:47.468144+00:00,2026-09-23T14:19:47.468144+05:30,NIFTYNXT50,29-Sep-2026,73900.0,PE,72367.75,1157.9,550,2052.05,550,0.0,1604.9750000000001,0,0,0,0,0,,,,,,,,,,,,,,,0.016571934673262304,72370.2,0.0020428686804600063,0.0101,index_dividend_yield,0.065,10.27,25,71950.1,72376.25,71931.5,71804.05,mid_price,no_nse_iv
2026-09-23T08:49:47.468144+00:00,2026-09-23T14:19:47.468144+05:30,NIFTYNXT50,29-Sep-2026,74000.0,CE,72367.75,45,25,54.95,25,55,49.975,24,-4,129,-56.14035087719298,12.85,0.0993672380732969,0.0001459165061098124,-18.356995910983066,16.27312283573432,1.76931434622022,-0.02037959541632739,211.82399558014885,1.5131389056599623e-07,0.0007639516659941568,-9.843706450352588e-06,-3.784249202334025,128.72744473585934,-0.09642055889469862,0.00013955041196643992,0.016571934673262304,72370.2,0.0020428686804600063,0.0101,index_dividend_yield,0.065,10.27,25,71950.1,72376.25,71931.5,71804.05,mid_price,wide_quote_low_liquidity
2026-09-23T08:49:47.468144+00:00,2026-09-23T14:19:47.468144+05:30,NIFTYNXT50,29-Sep-2026,74000.0,PE,72367.75,1484.85,50,1954,550,0.0,1719.425,0,0,0,0,0,,,,,,,,,,,,,,,0.016571934673262304,72370.2,0.0020428686804600063,0.0101,index_dividend_yield,0.065,10.27,25,71950.1,72376.25,71931.5,71804.05,mid_price,no_nse_iv
2026-09-23T08:49:47.468144+00:00,2026-09-23T14:19:47.468144+05:30,NIFTYNXT50,29-Sep-2026,74100.0,CE,72367.75,0.05,50,144.35,25,0.0,72.2,0,0,0,0,0,,,,,,,,,,,,,,,0.016571934673262304,72370.2,0.0020428686804600063,0.0101,index_dividend_yield,0.065,10.27,25,71950.1,72376.25,71931.5,71804.05,mid_price,no_nse_iv
2026-09-23T08:49:47.468144+00:00,2026-09-23T14:19:47.468144+05:30,NIFTYNXT50,29-Sep-2026,74100.0,PE,72367.75,1348,550,2066.55,550,0.0,1707.275,0,0,0,0,0,,,,,,,,,,,,,,,0.016571934673262304,,,,,,10.27,25,71950.1,72376.25,71931.5,71804.05,mid_price,no_price_available
2026-09-23T08:49:47.468144+00:00,2026-09-23T14:19:47.468144+05:30,NIFTYNXT50,29-Sep-2026,74200.0,CE,72367.75,0.05,50,132.75,75,0.0,66.4,0,0,0,0,0,,,,,,,,,,,,,,,0.016571934673262304,72370.2,0.0020428686804600063,0.0101,index_dividend_yield,0.065,10.27,25,71950.1,72376.25,71931.5,71804.05,mid_price,no_nse_iv
2026-09-23T08:49:47.468144+00:00,2026-09-23T14:19:47.468144+05:30,NIFTYNXT50,29-Sep-2026,74200.0,PE,72367.75,1395.4,550,2562.5,550,0.0,1978.95,0,0,0,0,0,,,,,,,,,,,,,,,0.016571934673262304,72370.2,0.0020428686804600063,0.0101,index_dividend_yield,0.065,10.27,25,71950.1,72376.25,71931.5,71804.05,mid_price,no_nse_iv
2026-09-23T08:49:47.468144+00:00,2026-09-23T14:19:47.468144+05:30,NIFTYNXT50,29-Sep-2026,74300.0,CE,72367.75,0.1,600,109,25,0.0,54.55,1,0,0,0,17.5,0.13175939779773096,0.0001309620472170383,-30.188399860215597,19.89055296899403,1.3915014793428186,-0.021557721509892026,144.93358825365377,8.669985976794097e-08,0.00020594107638930348,-3.976202169945328e-06,-3.8888384009324684,89.21708681490247,-0.12689442184964397,0.00012423900600508337,0.016571934673262304,72370.2,0.0020428686804600063,0.0101,index_dividend_yield,0.065,10.27,25,71950.1,72376.25,71931.5,71804.05,mid_price,wide_quote_low_liquidity
2026-09-23T08:49:47.468144+00:00,2026-09-23T14:19:47.468144+05:30,NIFTYNXT50,29-Sep-2026,74300.0,PE,72367.75,1537.9,550,2445.25,550,0.0,1991.575,0,0,0,0,0,,,,,,,,,,,,,,,0.016571934673262304,72370.2,0.0020428686804600063,0.0101,index_dividend_yield,0.065,10.27,25,71950.1,72376.25,71931.5,71804.05,mid_price,no_nse_iv
2026-09-23T08:49:47.468144+00:00,2026-09-23T14:19:47.468144+05:30,NIFTYNXT50,29-Sep-2026,74400.0,CE,72367.75,0.05,50,111.85,75,0.0,55.949999999999996,0,0,0,0,0,,,,,,,,,,,,,,,0.016571934673262304,72370.2,0.0020428686804600063,0.0101,index_dividend_yield,0.065,10.27,25,71950.1,72376.25,71931.5,71804.05,mid_price,no_nse_iv
2026-09-23T08:49:47.468144+00:00,2026-09-23T14:19:47.468144+05:30,NIFTYNXT50,29-Sep-2026,74400.0,PE,72367.75,1840.05,25,2658.5,550,0.0,2249.275,0,0,0,0,0,,,,,,,,,,,,,,,0.016571934673262304,72370.2,0.0020428686804600063,0.0101,index_dividend_yield,0.065,10.27,25,71950.1,72376.25,71931.5,71804.05,mid_price,no_nse_iv
2026-09-23T08:49:47.468144+00:00,2026-09-23T14:19:47.468144+05:30,NIFTYNXT50,29-Sep-2026,74500.0,CE,72367.75,18.55,25,27.4,25,16.8,22.975,18,0,1,0.5988023952095808,12.25,0.03787429897550435,7.22240241291815e-05,-8.184564876012665,7.6785837246131665,1.2053809502226425,-0.012981706688332123,199.41370028613468,1.1141308753280367e-07,0.0012861566772193968,-1.4248191412062154e-05,-2.7819363342260615,159.27443364948255,-0.036559319146343014,6.814896699950437e-05,0.016571934673262304,72370.2,0.0020428686804600063,0.0101,index_dividend_yield,0.065,10.27,25,71950.1,72376.25,71931.5,71804.05,mid_price,wide_quote_low_liquidity
2026-09-23T08:49:47.468144+00:00,2026-09-23T14:19:47.468144+05:30,NIFTYNXT50,29-Sep-2026,74500.0,PE,72367.75,1721.95,550,2459.55,550,0.0,2090.75,15,0,0,0,0,,,,,,,,,,,,,,,0.016571934673262304,,,,,,10.27,25,71950.1,72376.25,71931.5,71804.05,mid_price,no_price_available
2026-09-23T08:49:47.468144+00:00,2026-09-23T14:19:47.468144+05:30,NIFTYNXT50,29-Sep-2026,74600.0,CE,72367.75,20.05,25,28.95,25,28.95,24.5,25,1,21,106.04982206405694,13.14,0.04147517377856614,7.249321747532578e-05,-9.42737286658489,8.267155253965393,1.1822369668499366,-0.013620124521372236,190.95003787668662,1.0147565731894774e-07,0.0011227715559678315,-1.331599176820593e-05,-2.8827673073547513,146.55389568703208,-0.039959580776513896,6.821970872427286e-05,0.016571934673262304,72370.2,0.0020428686804600063,0.0101,index_dividend_yield,0.065,10.27,25,71950.1,72376.25,71931.5,71804.05,mid_price,wide_quote_low_liquidity
2026-09-23T08:49:47.468144+00:00,2026-09-23T14:19:47.468144+05:30,NIFTYNXT50,29-Sep-2026,74600.0,PE,72367.75,1826.25,500,2591.3,550,0.0,2208.775,0,0,0,0,0,,,,,,,,,,,,,,,0.016571934673262304,,,,,,10.27,25,71950.1,72376.25,71931.5,71804.05,mid_price,no_price_available
2026-09-23T08:49:47.468144+00:00,2026-09-23T14:19:47.468144+05:30,NIFTYNXT50,29-Sep-2026,74700.0,CE,72367.75,14.5,25,28.95,25,30,21.725,8,6,6,-65.07566938300349,14.74,0.053233686828076644,7.894125352553951e-05,-12.878552451053784,10.098685672303391,1.2010159995547616,-0.01548362997725092,180.608725346028,9.115270970776454e-08,0.0008763094462578869,-1.169564102087799e-05,-3.162616458800715,125.73966773800151,-0.05116150224756329,7.408886726166705e-05,0.016571934673262304,72370.2,0.0020428686804600063,0.0101,index_dividend_yield,0.065,10.27,25,71950.1,72376.25,71931.5,71804.05,mid_price,wide_quote_low_liquidity
2026-09-23T08:49:47.468144+00:00,2026-09-23T14:19:47.468144+05:30,NIFTYNXT50,29-Sep-2026,74700.0,PE,72367.75,1871,550,2683.5,550,0.0,2277.25,0,0,0,0,17.28,,,,,,,,,,,,,,,0.016571934673262304,,,,,,10.27,25,71950.1,72376.25,71931.5,71804.05,mid_price,no_price_available
2026-09-23T08:49:47.468144+00:00,2026-09-23T14:19:47.468144+05:30,NIFTYNXT50,29-Sep-2026,74800.0,CE,72367.75,10.55,25,22.95,50,14,16.75,12,1,5,-77.77777777777777,14.53,0.04368869440623281,6.837322027348678e-05,-10.827089288362533,8.62213864577073,1.1006441627772166,-0.01395377273584952,175.26764336642486,8.517187071146684e-08,0.0009193447200005737,-1.1985857612383591e-05,-2.9342339434811144,131.57757547212177,-0.04194684097555216,6.399896925654534e-05,0.016571934673262304,72370.2,0.0020428686804600063,0.0101,index_dividend_yield,0.065,10.27,25,71950.1,72376.25,71931.5,71804.05,mid_price,wide_quote_low_liquidity
2026-09-23T08:49:47.468144+00:00,2026-09-23T14:19:47.468144+05:30,NIFTYNXT50,29-Sep-2026,74800.0,PE,72367.75,1944.55,475,2801.75,550,0.0,2373.15,0,0,0,0,0,,,,,,,,,,,,,,,0.016571934673262304,,,,,,10.27,25,71950.1,72376.25,71931.5,71804.05,mid_price,no_price_available
2026-09-23T08:49:47.468144+00:00,2026-09-23T14:19:47.468144+05:30,NIFTYNXT50,29-Sep-2026,74900.0,CE,72367.75,0.05,25,71.1,75,0.0,35.574999999999996,0,0,0,0,0,,,,,,,,,,,,,,,0.016571934673262304,72370.2,0.0020428686804600063,0.0101,index_dividend_yield,0.065,10.27,25,71950.1,72376.25,71931.5,71804.05,mid_price,no_nse_iv
2026-09-23T08:49:47.468144+00:00,2026-09-23T14:19:47.468144+05:30,NIFTYNXT50,29-Sep-2026,74900.0,PE,72367.75,2013.3,550,2900.15,550,0.0,2456.725,0,0,0,0,0,,,,,,,,,,,,,,,0.016571934673262304,,,,,,10.27,25,71950.1,72376.25,71931.5,71804.05,mid_price,no_price_available
2026-09-23T08:49:47.468144+00:00,2026-09-23T14:19:47.468144+05:30,NIFTYNXT50,29-Sep-2026,75000.0,CE,72367.75,11.1,100,17.4,25,10.05,14.25,25,-1,12,-53.25581395348837,13.41,0.022304010637184304,4.2500799847373314e-05,-5.723987112937561,4.946400006455278,0.8019414026091323,-0.009342834919514442,150.032672708162,6.854138226779643e-08,0.0009722032522048008,-1.1513272829491409e-05,-2.156596683656594,156.51558496860955,-0.021383712157835338,3.9569878502458394e-05,0.016571934673262304,72370.2,0.0020428686804600063,0.0101,index_dividend_yield,0.065,10.27,25,71950.1,72376.25,71931.5,71804.05,mid_price,wide_quote_low_liquidity
2026-09-23T08:49:47.468144+00:00,2026-09-23T14:19:47.468144+05:30,NIFTYNXT50,29-Sep-2026,75000.0,PE,72367.75,2101.45,550,3001.5,550,0.0,2551.475,0,0,0,0,0,,,,,,,,,,,,,,,0.016571934673262304,,,,,,10.27,25,71950.1,72376.25,71931.5,71804.05,mid_price,no_price_available
2026-09-23T08:49:47.468144+00:00,2026-09-23T14:19:47.468144+05:30,NIFTYNXT50,29-Sep-2026,75100.0,CE,72367.75,0.05,25,58.65,75,0.0,29.349999999999998,0,0,0,0,0,,,,,,,,,,,,,,,0.016571934673262304,72370.2,0.0020428686804600063,0.0101,index_dividend_yield,0.065,10.27,25,71950.1,72376.25,71931.5,71804.05,mid_price,no_nse_iv
2026-09-23T08:49:47.468144+00:00,2026-09-23T14:19:47.468144+05:30,NIFTYNXT50,29-Sep-2026,75100.0,PE,72367.75,2145.2,550,3105.2,550,0.0,2625.2,0,0,0,0,0,,,,,,,,,,,,,,,0.016571934673262304,,,,,,10.27,25,71950.1,72376.25,71931.5,71804.05,mid_price,no_price_available
2026-09-23T08:49:47.468144+00:00,2026-09-23T14:19:47.468144+05:30,NIFTYNXT50,29-Sep-2026,75200.0,CE,72367.75,7.4,50,20,25,0.0,13.7,8,0,0,0,15.1,0.027522753193260183,4.5022954945872185e-05,-7.661663151387753,5.900302737404889,0.8127811055997843,-0.010625182025053363,145.26123436313432,6.111548894319314e-08,0.0008102857839140648,-1.0778309002373477e-05,-2.3863808962447015,135.3189876446492,-0.026290435183202645,4.169542973148835e-05,0.016571934673262304,72370.2,0.0020428686804600063,0.0101,index_dividend_yield,0.065,10.27,25,71950.1,72376.25,71931.5,71804.05,mid_price,wide_quote_low_liquidity
2026-09-23T08:49:47.468144+00:00,2026-09-23T14:19:47.468144+05:30,NIFTYNXT50,29-Sep-2026,75200.0,PE,72367.75,2277.75,550,3212.95,550,0.0,2745.35,0,0,0,0,0,,,,,,,,,,,,,,,0.016571934673262304,,,,,,10.27,25,71950.1,72376.25,71931.5,71804.05,mid_price,no_price_available
2026-09-23T08:49:47.468144+00:00,2026-09-23T14:19:47.468144+05:30,NIFTYNXT50,29-Sep-2026,75300.0,CE,72367.75,,0,48.15,25,0.0,,0,0,0,0,0,,,,,,,,,,,,,,,0.016571934673262304,,,,,,10.27,25,71950.1,72376.25,71931.5,71804.05,none,no_price_available
2026-09-23T08:49:47.468144+00:00,2026-09-23T14:19:47.468144+05:30,NIFTYNXT50,29-Sep-2026,75300.0,PE,72367.75,2321.85,550,3318.6,550,0.0,2820.225,0,0,0,0,0,,,,,,,,,,,,,,,0.016571934673262304,,,,,,10.27,25,71950.1,72376.25,71931.5,71804.05,mid_price,no_price_available
2026-09-23T08:49:47.468144+00:00,2026-09-23T14:19:47.468144+05:30,NIFTYNXT50,29-Sep-2026,75400.0,CE,72367.75,,0,43.5,25,0.0,,0,0,0,0,0,,,,,,,,,,,,,,,0.016571934673262304,,,,,,10.27,25,71950.1,72376.25,71931.5,71804.05,none,no_price_available
2026-09-23T08:49:47.468144+00:00,2026-09-23T14:19:47.468144+05:30,NIFTYNXT50,29-Sep-2026,75400.0,PE,72367.75,2454.1,550,3423.15,550,0.0,2938.625,0,0,0,0,0,,,,,,,,,,,,,,,0.016571934673262304,,,,,,10.27,25,71950.1,72376.25,71931.5,71804.05,mid_price,no_price_available
2026-09-23T08:49:47.468144+00:00,2026-09-23T14:19:47.468144+05:30,NIFTYNXT50,29-Sep-2026,75500.0,CE,72367.75,,0,39.25,25,0.0,,0,0,0,0,0,,,,,,,,,,,,,,,0.016571934673262304,,,,,,10.27,25,71950.1,72376.25,71931.5,71804.05,none,no_price_available
2026-09-23T08:49:47.468144+00:00,2026-09-23T14:19:47.468144+05:30,NIFTYNXT50,29-Sep-2026,75500.0,PE,72367.75,2542.25,550,3514.6,550,0.0,3028.425,0,0,0,0,0,,,,,,,,,,,,,,,0.016571934673262304,,,,,,10.27,25,71950.1,72376.25,71931.5,71804.05,mid_price,no_price_available
2026-09-23T08:49:47.468144+00:00,2026-09-23T14:19:47.468144+05:30,NIFTYNXT50,29-Sep-2026,75600.0,CE,72367.75,,0,35.35,25,0.0,,0,0,0,0,0,,,,,,,,,,,,,,,0.016571934673262304,,,,,,10.27,25,71950.1,72376.25,71931.5,71804.05,none,no_price_available
2026-09-23T08:49:47.468144+00:00,2026-09-23T14:19:47.468144+05:30,NIFTYNXT50,29-Sep-2026,75600.0,PE,72367.75,2630.4,550,3632.95,550,0.0,3131.675,0,0,0,0,0,,,,,,,,,,,,,,,0.016571934673262304,,,,,,10.27,25,71950.1,72376.25,71931.5,71804.05,mid_price,no_price_available
2026-09-23T08:49:47.468144+00:00,2026-09-23T14:19:47.468144+05:30,NIFTYNXT50,29-Sep-2026,75700.0,CE,72367.75,,0,70,25,0.0,,0,0,0,0,0,,,,,,,,,,,,,,,0.016571934673262304,,,,,,10.27,25,71950.1,72376.25,71931.5,71804.05,none,no_price_available
2026-09-23T08:49:47.468144+00:00,2026-09-23T14:19:47.468144+05:30,NIFTYNXT50,29-Sep-2026,75700.0,PE,72367.75,2718.55,550,3751.15,550,0.0,3234.8500000000004,0,0,0,0,0,,,,,,,,,,,,,,,0.016571934673262304,,,,,,10.27,25,71950.1,72376.25,71931.5,71804.05,mid_price,no_price_available
2026-09-23T08:49:47.468144+00:00,2026-09-23T14:19:47.468144+05:30,NIFTYNXT50,29-Sep-2026,75800.0,CE,72367.75,,0,59.95,25,0.0,,0,0,0,0,0,,,,,,,,,,,,,,,0.016571934673262304,,,,,,10.27,25,71950.1,72376.25,71931.5,71804.05,none,no_price_available
2026-09-23T08:49:47.468144+00:00,2026-09-23T14:19:47.468144+05:30,NIFTYNXT50,29-Sep-2026,75800.0,PE,72367.75,2806.75,550,3897.95,550,0.0,3352.35,0,0,0,0,0,,,,,,,,,,,,,,,0.016571934673262304,,,,,,10.27,25,71950.1,72376.25,71931.5,71804.05,mid_price,no_price_available
2026-09-23T08:49:47.468144+00:00,2026-09-23T14:19:47.468144+05:30,NIFTYNXT50,29-Sep-2026,75900.0,CE,72367.75,,0,59.95,25,0.0,,0,0,0,0,0,,,,,,,,,,,,,,,0.016571934673262304,,,,,,10.27,25,71950.1,72376.25,71931.5,71804.05,none,no_price_available
2026-09-23T08:49:47.468144+00:00,2026-09-23T14:19:47.468144+05:30,NIFTYNXT50,29-Sep-2026,75900.0,PE,72367.75,2894.9,550,3991.25,550,0.0,3443.075,0,0,0,0,0,,,,,,,,,,,,,,,0.016571934673262304,,,,,,10.27,25,71950.1,72376.25,71931.5,71804.05,mid_price,no_price_available
2026-09-23T08:49:47.468144+00:00,2026-09-23T14:19:47.468144+05:30,NIFTYNXT50,29-Sep-2026,76000.0,CE,72367.75,,0,49.95,25,0.0,,0,0,0,0,0,,,,,,,,,,,,,,,0.016571934673262304,,,,,,10.27,25,71950.1,72376.25,71931.5,71804.05,none,no_price_available
2026-09-23T08:49:47.468144+00:00,2026-09-23T14:19:47.468144+05:30,NIFTYNXT50,29-Sep-2026,76000.0,PE,72367.75,2983.05,550,4083.85,550,0.0,3533.45,0,0,0,0,0,,,,,,,,,,,,,,,0.016571934673262304,,,,,,10.27,25,71950.1,72376.25,71931.5,71804.05,mid_price,no_price_available
2026-09-23T08:49:47.468144+00:00,2026-09-23T14:19:47.468144+05:30,NIFTYNXT50,29-Sep-2026,76100.0,CE,0,,0,,0,0.0,,0,0,0,0,0,,,,,,,,,,,,,,,0.016571934673262304,,,,,,10.27,25,71950.1,72376.25,71931.5,71804.05,none,no_price_available
2026-09-23T08:49:47.468144+00:00,2026-09-23T14:19:47.468144+05:30,NIFTYNXT50,29-Sep-2026,76100.0,PE,72367.75,3071.2,550,4189.45,550,0.0,3630.325,0,0,0,0,0,,,,,,,,,,,,,,,0.016571934673262304,,,,,,10.27,25,71950.1,72376.25,71931.5,71804.05,mid_price,no_price_available
2026-09-23T08:49:47.468144+00:00,2026-09-23T14:19:47.468144+05:30,NIFTYNXT50,29-Sep-2026,76200.0,CE,0,,0,,0,0.0,,0,0,0,0,0,,,,,,,,,,,,,,,0.016571934673262304,,,,,,10.27,25,71950.1,72376.25,71931.5,71804.05,none,no_price_available
2026-09-23T08:49:47.468144+00:00,2026-09-23T14:19:47.468144+05:30,NIFTYNXT50,29-Sep-2026,76200.0,PE,72367.75,3159.35,550,4295.25,550,0.0,3727.3,0,0,0,0,0,,,,,,,,,,,,,,,0.016571934673262304,,,,,,10.27,25,71950.1,72376.25,71931.5,71804.05,mid_price,no_price_available
2026-09-23T08:49:47.468144+00:00,2026-09-23T14:19:47.468144+05:30,NIFTYNXT50,29-Sep-2026,76300.0,CE,0,,0,,0,0.0,,0,0,0,0,0,,,,,,,,,,,,,,,0.016571934673262304,,,,,,10.27,25,71950.1,72376.25,71931.5,71804.05,none,no_price_available
2026-09-23T08:49:47.468144+00:00,2026-09-23T14:19:47.468144+05:30,NIFTYNXT50,29-Sep-2026,76300.0,PE,72367.75,3247.55,550,4406.8,550,0.0,3827.175,0,0,0,0,0,,,,,,,,,,,,,,,0.016571934673262304,,,,,,10.27,25,71950.1,72376.25,71931.5,71804.05,mid_price,no_price_available
2026-09-23T08:49:47.468144+00:00,2026-09-23T14:19:47.468144+05:30,NIFTYNXT50,29-Sep-2026,76400.0,CE,0,,0,,0,0.0,,0,0,0,0,0,,,,,,,,,,,,,,,0.016571934673262304,,,,,,10.27,25,71950.1,72376.25,71931.5,71804.05,none,no_price_available
2026-09-23T08:49:47.468144+00:00,2026-09-23T14:19:47.468144+05:30,NIFTYNXT50,29-Sep-2026,76400.0,PE,72367.75,3335.7,550,4502.25,550,0.0,3918.975,0,0,0,0,0,,,,,,,,,,,,,,,0.016571934673262304,,,,,,10.27,25,71950.1,72376.25,71931.5,71804.05,mid_price,no_price_available
2026-09-23T08:49:47.468144+00:00,2026-09-23T14:19:47.468144+05:30,NIFTYNXT50,29-Sep-2026,76500.0,CE,0,,0,,0,0.0,,0,0,0,0,0,,,,,,,,,,,,,,,0.016571934673262304,,,,,,10.27,25,71950.1,72376.25,71931.5,71804.05,none,no_price_available
2026-09-23T08:49:47.468144+00:00,2026-09-23T14:19:47.468144+05:30,NIFTYNXT50,29-Sep-2026,76500.0,PE,72367.75,3423.85,550,4610.75,550,0.0,4017.3,0,0,0,0,0,,,,,,,,,,,,,,,0.016571934673262304,,,,,,10.27,25,71950.1,72376.25,71931.5,71804.05,mid_price,no_price_available
2026-09-23T08:49:47.468144+00:00,2026-09-23T14:19:47.468144+05:30,NIFTYNXT50,29-Sep-2026,76600.0,CE,72367.75,0.05,200,34,25,0.0,17.025,1,0,0,0,24.29,0.03811409330588367,3.66122488738583e-05,-15.905820065649975,7.718222131741995,0.6153668656678317,-0.012743889590994413,101.63794290806915,2.8169597190139293e-08,0.0003314060226972622,-6.9673303805009165e-06,-2.7424258089588114,80.69844628958656,-0.035562032543116406,3.2678266239505256e-05,0.016571934673262304,72370.2,0.0020428686804600063,0.0101,index_dividend_yield,0.065,10.27,25,71950.1,72376.25,71931.5,71804.05,mid_price,wide_quote_low_liquidity
2026-09-23T08:49:47.468144+00:00,2026-09-23T14:19:47.468144+05:30,NIFTYNXT50,29-Sep-2026,76600.0,PE,72367.75,3512,550,4700.5,550,0.0,4106.25,0,0,0,0,0,,,,,,,,,,,,,,,0.016571934673262304,,,,,,10.27,25,71950.1,72376.25,71931.5,71804.05,mid_price,no_price_available
2026-09-23T08:49:47.468144+00:00,2026-09-23T14:19:47.468144+05:30,NIFTYNXT50,29-Sep-2026,76700.0,CE,72367.75,1.25,25,11.85,25,0.0,6.55,34,0,0,0,20.31,0.014779725166592178,1.976169846516636e-05,-6.007182077018492,3.483353455815709,0.40538712128522586,-0.007013496478792395,82.17310582745706,2.2654269972588742e-08,0.0003688814765767423,-6.433557144475201e-06,-1.7095098887195026,108.96113329994301,-0.013816940506884636,1.7592342865611845e-05,0.016571934673262304,72370.2,0.0020428686804600063,0.0101,index_dividend_yield,0.065,10.27,25,71950.1,72376.25,71931.5,71804.05,mid_price,wide_quote_low_liquidity
2026-09-23T08:49:47.468144+00:00,2026-09-23T14:19:47.468144+05:30,NIFTYNXT50,29-Sep-2026,76700.0,PE,72367.75,3600.15,550,4779.4,550,0.0,4189.775,0,0,0,0,0,,,,,,,,,,,,,,,0.016571934673262304,,,,,,10.27,25,71950.1,72376.25,71931.5,71804.05,mid_price,no_price_available
2026-09-23T08:49:47.468144+00:00,2026-09-23T14:19:47.468144+05:30,NIFTYNXT50,29-Sep-2026,76800.0,CE,0,,0,,0,0.0,,0,0,0,0,0,,,,,,,,,,,,,,,0.016571934673262304,,,,,,10.27,25,71950.1,72376.25,71931.5,71804.05,none,no_price_available
2026-09-23T08:49:47.468144+00:00,2026-09-23T14:19:47.468144+05:30,NIFTYNXT50,29-Sep-2026,76800.0,PE,72367.75,3688.35,550,4884.45,550,0.0,4286.4,0,0,0,0,0,,,,,,,,,,,,,,,0.016571934673262304,,,,,,10.27,25,71950.1,72376.25,71931.5,71804.05,mid_price,no_price_available
2026-09-23T08:49:47.468144+00:00,2026-09-23T14:19:47.468144+05:30,NIFTYNXT50,29-Sep-2026,76900.0,CE,0,,0,,0,0.0,,0,0,0,0,0,,,,,,,,,,,,,,,0.016571934673262304,,,,,,10.27,25,71950.1,72376.25,71931.5,71804.05,none,no_price_available
2026-09-23T08:49:47.468144+00:00,2026-09-23T14:19:47.468144+05:30,NIFTYNXT50,29-Sep-2026,76900.0,PE,72367.75,3776.5,550,4994.45,550,0.0,4385.475,0,0,0,0,0,,,,,,,,,,,,,,,0.016571934673262304,,,,,,10.27,25,71950.1,72376.25,71931.5,71804.05,mid_price,no_price_available
2026-09-23T08:49:47.468144+00:00,2026-09-23T14:19:47.468144+05:30,NIFTYNXT50,29-Sep-2026,77000.0,CE,0,,0,,0,0.0,,0,0,0,0,0,,,,,,,,,,,,,,,0.016571934673262304,,,,,,10.27,25,71950.1,72376.25,71931.5,71804.05,none,no_price_available
2026-09-23T08:49:47.468144+00:00,2026-09-23T14:19:47.468144+05:30,NIFTYNXT50,29-Sep-2026,77000.0,PE,72367.75,3864.65,550,5073,550,0.0,4468.825,0,0,0,0,0,,,,,,,,,,,,,,,0.016571934673262304,,,,,,10.27,25,71950.1,72376.25,71931.5,71804.05,mid_price,no_price_available
2026-09-23T08:49:47.468144+00:00,2026-09-23T14:19:47.468144+05:30,NIFTYNXT50,29-Sep-2026,77100.0,CE,0,,0,,0,0.0,,0,0,0,0,0,,,,,,,,,,,,,,,0.016571934673262304,,,,,,10.27,25,71950.1,72376.25,71931.5,71804.05,none,no_price_available
2026-09-23T08:49:47.468144+00:00,2026-09-23T14:19:47.468144+05:30,NIFTYNXT50,29-Sep-2026,77100.0,PE,72367.75,3952.8,550,5177.35,550,0.0,4565.075000000001,0,0,0,0,0,,,,,,,,,,,,,,,0.016571934673262304,,,,,,10.27,25,71950.1,72376.25,71931.5,71804.05,mid_price,no_price_available
2026-09-23T08:49:47.468144+00:00,2026-09-23T14:19:47.468144+05:30,NIFTYNXT50,29-Sep-2026,77200.0,CE,0,,0,,0,0.0,,0,0,0,0,0,,,,,,,,,,,,,,,0.016571934673262304,,,,,,10.27,25,71950.1,72376.25,71931.5,71804.05,none,no_price_available
2026-09-23T08:49:47.468144+00:00,2026-09-23T14:19:47.468144+05:30,NIFTYNXT50,29-Sep-2026,77200.0,PE,72367.75,4040.95,550,5281.35,550,0.0,4661.15,0,0,0,0,0,,,,,,,,,,,,,,,0.016571934673262304,,,,,,10.27,25,71950.1,72376.25,71931.5,71804.05,mid_price,no_price_available
2026-09-23T08:49:47.468144+00:00,2026-09-23T14:19:47.468144+05:30,NIFTYNXT50,29-Sep-2026,77300.0,CE,0,,0,,0,0.0,,0,0,0,0,0,,,,,,,,,,,,,,,0.016571934673262304,,,,,,10.27,25,71950.1,72376.25,71931.5,71804.05,none,no_price_available
2026-09-23T08:49:47.468144+00:00,2026-09-23T14:19:47.468144+05:30,NIFTYNXT50,29-Sep-2026,77300.0,PE,72367.75,4129.15,550,5388.7,550,0.0,4758.924999999999,0,0,0,0,0,,,,,,,,,,,,,,,0.016571934673262304,,,,,,10.27,25,71950.1,72376.25,71931.5,71804.05,mid_price,no_price_available
2026-09-23T08:49:47.468144+00:00,2026-09-23T14:19:47.468144+05:30,NIFTYNXT50,29-Sep-2026,77400.0,CE,0,,0,,0,0.0,,0,0,0,0,0,,,,,,,,,,,,,,,0.016571934673262304,,,,,,10.27,25,71950.1,72376.25,71931.5,71804.05,none,no_price_available
2026-09-23T08:49:47.468144+00:00,2026-09-23T14:19:47.468144+05:30,NIFTYNXT50,29-Sep-2026,77400.0,PE,72367.75,4217.3,550,5496.2,550,0.0,4856.75,0,0,0,0,0,,,,,,,,,,,,,,,0.016571934673262304,,,,,,10.27,25,71950.1,72376.25,71931.5,71804.05,mid_price,no_price_available
2026-09-23T08:49:47.468144+00:00,2026-09-23T14:19:47.468144+05:30,NIFTYNXT50,29-Sep-2026,77500.0,CE,0,,0,,0,0.0,,0,0,0,0,0,,,,,,,,,,,,,,,0.016571934673262304,,,,,,10.27,25,71950.1,72376.25,71931.5,71804.05,none,no_price_available
2026-09-23T08:49:47.468144+00:00,2026-09-23T14:19:47.468144+05:30,NIFTYNXT50,29-Sep-2026,77500.0,PE,72367.75,4305.45,550,5619.6,550,0.0,4962.525,0,0,0,0,0,,,,,,,,,,,,,,,0.016571934673262304,,,,,,10.27,25,71950.1,72376.25,71931.5,71804.05,mid_price,no_price_available
2026-09-23T08:49:47.468144+00:00,2026-09-23T14:19:47.468144+05:30,NIFTYNXT50,29-Sep-2026,77600.0,CE,72367.75,0.2,100,11.7,25,0.15,5.949999999999999,11,-1,11,50,15.95,0.00041105542591143797,9.974619671206156e-07,-0.1864937246068757,0.13807669569057715,0.03128677249690769,-0.00042467656418360595,9.749144561519387,2.406821367137236e-09,6.416494544455471e-05,-8.706755884989266e-07,-0.1438316298363926,187.90984302470227,-0.0003812996240593796,8.674871350407337e-07,0.016571934673262304,72370.2,0.0020428686804600063,0.0101,index_dividend_yield,0.065,10.27,25,71950.1,72376.25,71931.5,71804.05,mid_price,wide_quote_low_liquidity
2026-09-23T08:49:47.468144+00:00,2026-09-23T14:19:47.468144+05:30,NIFTYNXT50,29-Sep-2026,77600.0,PE,72367.75,4393.6,550,5703.45,550,0.0,5048.525,0,0,0,0,0,,,,,,,,,,,,,,,0.016571934673262304,,,,,,10.27,25,71950.1,72376.25,71931.5,71804.05,mid_price,no_price_available
2026-09-23T08:49:47.468144+00:00,2026-09-23T14:19:47.468144+05:30,NIFTYNXT50,29-Sep-2026,77700.0,CE,0,,0,,0,0.0,,0,0,0,0,0,,,,,,,,,,,,,,,0.016571934673262304,,,,,,10.27,25,71950.1,72376.25,71931.5,71804.05,none,no_price_available
2026-09-23T08:49:47.468144+00:00,2026-09-23T14:19:47.468144+05:30,NIFTYNXT50,29-Sep-2026,77700.0,PE,72367.75,4481.75,550,5808.4,550,0.0,5145.075,0,0,0,0,0,,,,,,,,,,,,,,,0.016571934673262304,,,,,,10.27,25,71950.1,72376.25,71931.5,71804.05,mid_price,no_price_available
2026-09-23T08:49:47.468144+00:00,2026-09-23T14:19:47.468144+05:30,NIFTYNXT50,29-Sep-2026,77800.0,CE,0,,0,,0,0.0,,0,0,0,0,0,,,,,,,,,,,,,,,0.016571934673262304,,,,,,10.27,25,71950.1,72376.25,71931.5,71804.05,none,no_price_available
2026-09-23T08:49:47.468144+00:00,2026-09-23T14:19:47.468144+05:30,NIFTYNXT50,29-Sep-2026,77800.0,PE,72367.75,4569.95,550,5939.4,550,0.0,5254.674999999999,0,0,0,0,0,,,,,,,,,,,,,,,0.016571934673262304,,,,,,10.27,25,71950.1,72376.25,71931.5,71804.05,mid_price,no_price_available
2026-09-23T08:49:47.468144+00:00,2026-09-23T14:19:47.468144+05:30,NIFTYNXT50,29-Sep-2026,77900.0,CE,0,,0,,0,0.0,,0,0,0,0,0,,,,,,,,,,,,,,,0.016571934673262304,,,,,,10.27,25,71950.1,72376.25,71931.5,71804.05,none,no_price_available
2026-09-23T08:49:47.468144+00:00,2026-09-23T14:19:47.468144+05:30,NIFTYNXT50,29-Sep-2026,77900.0,PE,72367.75,4658.1,550,6046.25,550,0.0,5352.175,0,0,0,0,0,,,,,,,,,,,,,,,0.016571934673262304,,,,,,10.27,25,71950.1,72376.25,71931.5,71804.05,mid_price,no_price_available
2026-09-23T08:49:47.468144+00:00,2026-09-23T14:19:47.468144+05:30,NIFTYNXT50,29-Sep-2026,78000.0,CE,72367.75,,0,,0,0.0,,0,0,0,0,0,,,,,,,,,,,,,,,0.016571934673262304,,,,,,10.27,25,71950.1,72376.25,71931.5,71804.05,none,no_price_available
2026-09-23T08:49:47.468144+00:00,2026-09-23T14:19:47.468144+05:30,NIFTYNXT50,29-Sep-2026,78000.0,PE,72367.75,4746.25,550,6157.9,550,0.0,5452.075,0,0,0,0,0,,,,,,,,,,,,,,,0.016571934673262304,,,,,,10.27,25,71950.1,72376.25,71931.5,71804.05,mid_price,no_price_available
2026-09-23T08:49:47.468144+00:00,2026-09-23T14:19:47.468144+05:30,NIFTYNXT50,29-Sep-2026,78100.0,CE,0,,0,,0,0.0,,0,0,0,0,0,,,,,,,,,,,,,,,0.016571934673262304,,,,,,10.27,25,71950.1,72376.25,71931.5,71804.05,none,no_price_available
2026-09-23T08:49:47.468144+00:00,2026-09-23T14:19:47.468144+05:30,NIFTYNXT50,29-Sep-2026,78100.0,PE,72367.75,4834.4,550,6261.45,550,0.0,5547.924999999999,0,0,0,0,0,,,,,,,,,,,,,,,0.016571934673262304,,,,,,10.27,25,71950.1,72376.25,71931.5,71804.05,mid_price,no_price_available
2026-09-23T08:49:47.468144+00:00,2026-09-23T14:19:47.468144+05:30,NIFTYNXT50,29-Sep-2026,78200.0,CE,0,,0,,0,0.0,,0,0,0,0,0,,,,,,,,,,,,,,,0.016571934673262304,,,,,,10.27,25,71950.1,72376.25,71931.5,71804.05,none,no_price_available
2026-09-23T08:49:47.468144+00:00,2026-09-23T14:19:47.468144+05:30,NIFTYNXT50,29-Sep-2026,78200.0,PE,72367.75,4922.55,550,6378.7,550,0.0,5650.625,0,0,0,0,0,,,,,,,,,,,,,,,0.016571934673262304,,,,,,10.27,25,71950.1,72376.25,71931.5,71804.05,mid_price,no_price_available
2026-09-23T08:49:47.468144+00:00,2026-09-23T14:19:47.468144+05:30,NIFTYNXT50,29-Sep-2026,78300.0,CE,0,,0,,0,0.0,,0,0,0,0,0,,,,,,,,,,,,,,,0.016571934673262304,,,,,,10.27,25,71950.1,72376.25,71931.5,71804.05,none,no_price_available
2026-09-23T08:49:47.468144+00:00,2026-09-23T14:19:47.468144+05:30,NIFTYNXT50,29-Sep-2026,78300.0,PE,72367.75,5010.75,550,6484.35,550,0.0,5747.55,0,0,0,0,0,,,,,,,,,,,,,,,0.016571934673262304,,,,,,10.27,25,71950.1,72376.25,71931.5,71804.05,mid_price,no_price_available
2026-09-23T08:49:47.468144+00:00,2026-09-23T14:19:47.468144+05:30,NIFTYNXT50,29-Sep-2026,78400.0,CE,0,,0,,0,0.0,,0,0,0,0,0,,,,,,,,,,,,,,,0.016571934673262304,,,,,,10.27,25,71950.1,72376.25,71931.5,71804.05,none,no_price_available
2026-09-23T08:49:47.468144+00:00,2026-09-23T14:19:47.468144+05:30,NIFTYNXT50,29-Sep-2026,78400.0,PE,72367.75,5098.9,550,6588.45,550,0.0,5843.674999999999,0,0,0,0,0,,,,,,,,,,,,,,,0.016571934673262304,,,,,,10.27,25,71950.1,72376.25,71931.5,71804.05,mid_price,no_price_available
2026-09-23T08:49:47.468144+00:00,2026-09-23T14:19:47.468144+05:30,NIFTYNXT50,29-Sep-2026,78500.0,CE,0,,0,,0,0.0,,0,0,0,0,0,,,,,,,,,,,,,,,0.016571934673262304,,,,,,10.27,25,71950.1,72376.25,71931.5,71804.05,none,no_price_available
2026-09-23T08:49:47.468144+00:00,2026-09-23T14:19:47.468144+05:30,NIFTYNXT50,29-Sep-2026,78500.0,PE,72367.75,5187.05,550,6682.65,550,0.0,5934.85,0,0,0,0,0,,,,,,,,,,,,,,,0.016571934673262304,,,,,,10.27,25,71950.1,72376.25,71931.5,71804.05,mid_price,no_price_available
2026-09-23T08:49:47.468144+00:00,2026-09-23T14:19:47.468144+05:30,NIFTYNXT50,29-Sep-2026,78600.0,CE,0,,0,,0,0.0,,0,0,0,0,0,,,,,,,,,,,,,,,0.016571934673262304,,,,,,10.27,25,71950.1,72376.25,71931.5,71804.05,none,no_price_available
2026-09-23T08:49:47.468144+00:00,2026-09-23T14:19:47.468144+05:30,NIFTYNXT50,29-Sep-2026,78600.0,PE,72367.75,5275.2,550,6801.65,550,0.0,6038.424999999999,0,0,0,0,0,,,,,,,,,,,,,,,0.016571934673262304,,,,,,10.27,25,71950.1,72376.25,71931.5,71804.05,mid_price,no_price_available
2026-09-23T08:49:47.468144+00:00,2026-09-23T14:19:47.468144+05:30,NIFTYNXT50,29-Sep-2026,78700.0,CE,0,,0,,0,0.0,,0,0,0,0,0,,,,,,,,,,,,,,,0.016571934673262304,,,,,,10.27,25,71950.1,72376.25,71931.5,71804.05,none,no_price_available
2026-09-23T08:49:47.468144+00:00,2026-09-23T14:19:47.468144+05:30,NIFTYNXT50,29-Sep-2026,78700.0,PE,72367.75,5363.35,550,6904.65,550,0.0,6134.0,0,0,0,0,0,,,,,,,,,,,,,,,0.016571934673262304,,,,,,10.27,25,71950.1,72376.25,71931.5,71804.05,mid_price,no_price_available
2026-09-23T08:49:47.468144+00:00,2026-09-23T14:19:47.468144+05:30,NIFTYNXT50,29-Sep-2026,78800.0,CE,0,,0,,0,0.0,,0,0,0,0,0,,,,,,,,,,,,,,,0.016571934673262304,,,,,,10.27,25,71950.1,72376.25,71931.5,71804.05,none,no_price_available
2026-09-23T08:49:47.468144+00:00,2026-09-23T14:19:47.468144+05:30,NIFTYNXT50,29-Sep-2026,78800.0,PE,72367.75,5451.55,550,6998.8,550,0.0,6225.175,0,0,0,0,0,,,,,,,,,,,,,,,0.016571934673262304,,,,,,10.27,25,71950.1,72376.25,71931.5,71804.05,mid_price,no_price_available
2026-09-23T08:49:47.468144+00:00,2026-09-23T14:19:47.468144+05:30,NIFTYNXT50,29-Sep-2026,78900.0,CE,0,,0,,0,0.0,,0,0,0,0,0,,,,,,,,,,,,,,,0.016571934673262304,,,,,,10.27,25,71950.1,72376.25,71931.5,71804.05,none,no_price_available
2026-09-23T08:49:47.468144+00:00,2026-09-23T14:19:47.468144+05:30,NIFTYNXT50,29-Sep-2026,78900.0,PE,72367.75,5539.7,550,7118.95,550,0.0,6329.325,0,0,0,0,0,,,,,,,,,,,,,,,0.016571934673262304,,,,,,10.27,25,71950.1,72376.25,71931.5,71804.05,mid_price,no_price_available
2026-09-23T08:49:47.468144+00:00,2026-09-23T14:19:47.468144+05:30,NIFTYNXT50,29-Sep-2026,79000.0,CE,0,,0,,0,0.0,,0,0,0,0,0,,,,,,,,,,,,,,,0.016571934673262304,,,,,,10.27,25,71950.1,72376.25,71931.5,71804.05,none,no_price_available
2026-09-23T08:49:47.468144+00:00,2026-09-23T14:19:47.468144+05:30,NIFTYNXT50,29-Sep-2026,79000.0,PE,72367.75,5627.85,550,7221.6,550,0.0,6424.725,0,0,0,0,0,,,,,,,,,,,,,,,0.016571934673262304,,,,,,10.27,25,71950.1,72376.25,71931.5,71804.05,mid_price,no_price_available
2026-09-23T08:49:47.468144+00:00,2026-09-23T14:19:47.468144+05:30,NIFTYNXT50,29-Sep-2026,79100.0,CE,0,,0,,0,0.0,,0,0,0,0,0,,,,,,,,,,,,,,,0.016571934673262304,,,,,,10.27,25,71950.1,72376.25,71931.5,71804.05,none,no_price_available
2026-09-23T08:49:47.468144+00:00,2026-09-23T14:19:47.468144+05:30,NIFTYNXT50,29-Sep-2026,79100.0,PE,72367.75,5716,550,7328.25,550,0.0,6522.125,0,0,0,0,0,,,,,,,,,,,,,,,0.016571934673262304,,,,,,10.27,25,71950.1,72376.25,71931.5,71804.05,mid_price,no_price_available
2026-09-23T08:49:47.468144+00:00,2026-09-23T14:19:47.468144+05:30,NIFTYNXT50,29-Sep-2026,79200.0,CE,0,,0,,0,0.0,,0,0,0,0,0,,,,,,,,,,,,,,,0.016571934673262304,,,,,,10.27,25,71950.1,72376.25,71931.5,71804.05,none,no_price_available
2026-09-23T08:49:47.468144+00:00,2026-09-23T14:19:47.468144+05:30,NIFTYNXT50,29-Sep-2026,79200.0,PE,72367.75,5804.15,550,7449.4,550,0.0,6626.775,0,0,0,0,0,,,,,,,,,,,,,,,0.016571934673262304,,,,,,10.27,25,71950.1,72376.25,71931.5,71804.05,mid_price,no_price_available
2026-09-23T08:49:47.468144+00:00,2026-09-23T14:19:47.468144+05:30,NIFTYNXT50,29-Sep-2026,79300.0,CE,0,,0,,0,0.0,,0,0,0,0,0,,,,,,,,,,,,,,,0.016571934673262304,,,,,,10.27,25,71950.1,72376.25,71931.5,71804.05,none,no_price_available
2026-09-23T08:49:47.468144+00:00,2026-09-23T14:19:47.468144+05:30,NIFTYNXT50,29-Sep-2026,79300.0,PE,72367.75,5892.35,550,7557.75,550,0.0,6725.05,0,0,0,0,0,,,,,,,,,,,,,,,0.016571934673262304,,,,,,10.27,25,71950.1,72376.25,71931.5,71804.05,mid_price,no_price_available
2026-09-23T08:49:47.468144+00:00,2026-09-23T14:19:47.468144+05:30,NIFTYNXT50,29-Sep-2026,79400.0,CE,0,,0,,0,0.0,,0,0,0,0,0,,,,,,,,,,,,,,,0.016571934673262304,,,,,,10.27,25,71950.1,72376.25,71931.5,71804.05,none,no_price_available
2026-09-23T08:49:47.468144+00:00,2026-09-23T14:19:47.468144+05:30,NIFTYNXT50,29-Sep-2026,79400.0,PE,72367.75,5980.5,550,7659.05,550,0.0,6819.775,0,0,0,0,0,,,,,,,,,,,,,,,0.016571934673262304,,,,,,10.27,25,71950.1,72376.25,71931.5,71804.05,mid_price,no_price_available
2026-09-23T08:49:47.468144+00:00,2026-09-23T14:19:47.468144+05:30,NIFTYNXT50,29-Sep-2026,79500.0,CE,0,,0,,0,0.0,,0,0,0,0,0,,,,,,,,,,,,,,,0.016571934673262304,,,,,,10.27,25,71950.1,72376.25,71931.5,71804.05,none,no_price_available
2026-09-23T08:49:47.468144+00:00,2026-09-23T14:19:47.468144+05:30,NIFTYNXT50,29-Sep-2026,79500.0,PE,72367.75,6068.65,550,7752.05,550,0.0,6910.35,0,0,0,0,0,,,,,,,,,,,,,,,0.016571934673262304,,,,,,10.27,25,71950.1,72376.25,71931.5,71804.05,mid_price,no_price_available
2026-09-23T08:49:47.468144+00:00,2026-09-23T14:19:47.468144+05:30,NIFTYNXT50,29-Sep-2026,79600.0,CE,0,,0,,0,0.0,,0,0,0,0,0,,,,,,,,,,,,,,,0.016571934673262304,,,,,,10.27,25,71950.1,72376.25,71931.5,71804.05,none,no_price_available
2026-09-23T08:49:47.468144+00:00,2026-09-23T14:19:47.468144+05:30,NIFTYNXT50,29-Sep-2026,79600.0,PE,72367.75,6156.8,550,7858.7,550,0.0,7007.75,0,0,0,0,0,,,,,,,,,,,,,,,0.016571934673262304,,,,,,10.27,25,71950.1,72376.25,71931.5,71804.05,mid_price,no_price_available
2026-09-23T08:49:47.468144+00:00,2026-09-23T14:19:47.468144+05:30,NIFTYNXT50,29-Sep-2026,79700.0,CE,0,,0,,0,0.0,,0,0,0,0,0,,,,,,,,,,,,,,,0.016571934673262304,,,,,,10.27,25,71950.1,72376.25,71931.5,71804.05,none,no_price_available
2026-09-23T08:49:47.468144+00:00,2026-09-23T14:19:47.468144+05:30,NIFTYNXT50,29-Sep-2026,79700.0,PE,72367.75,6244.95,550,7961.85,550,0.0,7103.4,0,0,0,0,0,,,,,,,,,,,,,,,0.016571934673262304,,,,,,10.27,25,71950.1,72376.25,71931.5,71804.05,mid_price,no_price_available
2026-09-23T08:49:47.468144+00:00,2026-09-23T14:19:47.468144+05:30,NIFTYNXT50,29-Sep-2026,79800.0,CE,0,,0,,0,0.0,,0,0,0,0,0,,,,,,,,,,,,,,,0.016571934673262304,,,,,,10.27,25,71950.1,72376.25,71931.5,71804.05,none,no_price_available
2026-09-23T08:49:47.468144+00:00,2026-09-23T14:19:47.468144+05:30,NIFTYNXT50,29-Sep-2026,79800.0,PE,72367.75,6333.15,550,8067.25,550,0.0,7200.2,0,0,0,0,0,,,,,,,,,,,,,,,0.016571934673262304,,,,,,10.27,25,71950.1,72376.25,71931.5,71804.05,mid_price,no_price_available
2026-09-23T08:49:47.468144+00:00,2026-09-23T14:19:47.468144+05:30,NIFTYNXT50,29-Sep-2026,79900.0,CE,0,,0,,0,0.0,,0,0,0,0,0,,,,,,,,,,,,,,,0.016571934673262304,,,,,,10.27,25,71950.1,72376.25,71931.5,71804.05,none,no_price_available
2026-09-23T08:49:47.468144+00:00,2026-09-23T14:19:47.468144+05:30,NIFTYNXT50,29-Sep-2026,79900.0,PE,72367.75,6421.3,550,8191.15,550,0.0,7306.225,0,0,0,0,0,,,,,,,,,,,,,,,0.016571934673262304,,,,,,10.27,25,71950.1,72376.25,71931.5,71804.05,mid_price,no_price_available
2026-09-23T08:49:47.468144+00:00,2026-09-23T14:19:47.468144+05:30,NIFTYNXT50,29-Sep-2026,80000.0,CE,0,,0,,0,0.0,,0,0,0,0,0,,,,,,,,,,,,,,,0.016571934673262304,,,,,,10.27,25,71950.1,72376.25,71931.5,71804.05,none,no_price_available
2026-09-23T08:49:47.468144+00:00,2026-09-23T14:19:47.468144+05:30,NIFTYNXT50,29-Sep-2026,80000.0,PE,72367.75,6509.45,550,8291.5,550,0.0,7400.475,0,0,0,0,0,,,,,,,,,,,,,,,0.016571934673262304,,,,,,10.27,25,71950.1,72376.25,71931.5,71804.05,mid_price,no_price_available
2026-09-23T08:49:47.468144+00:00,2026-09-23T14:19:47.468144+05:30,NIFTYNXT50,29-Sep-2026,80100.0,CE,0,,0,,0,0.0,,0,0,0,0,0,,,,,,,,,,,,,,,0.016571934673262304,,,,,,10.27,25,71950.1,72376.25,71931.5,71804.05,none,no_price_available
2026-09-23T08:49:47.468144+00:00,2026-09-23T14:19:47.468144+05:30,NIFTYNXT50,29-Sep-2026,80100.0,PE,72367.75,6597.6,550,8399.1,550,0.0,7498.35,0,0,0,0,0,,,,,,,,,,,,,,,0.016571934673262304,,,,,,10.27,25,71950.1,72376.25,71931.5,71804.05,mid_price,no_price_available
2026-09-23T08:49:47.468144+00:00,2026-09-23T14:19:47.468144+05:30,NIFTYNXT50,29-Sep-2026,80200.0,CE,0,,0,,0,0.0,,0,0,0,0,0,,,,,,,,,,,,,,,0.016571934673262304,,,,,,10.27,25,71950.1,72376.25,71931.5,71804.05,none,no_price_available
2026-09-23T08:49:47.468144+00:00,2026-09-23T14:19:47.468144+05:30,NIFTYNXT50,29-Sep-2026,80200.0,PE,72367.75,6685.75,550,8492.2,550,0.0,7588.975,0,0,0,0,0,,,,,,,,,,,,,,,0.016571934673262304,,,,,,10.27,25,71950.1,72376.25,71931.5,71804.05,mid_price,no_price_available
2026-09-23T08:49:47.468144+00:00,2026-09-23T14:19:47.468144+05:30,NIFTYNXT50,29-Sep-2026,80300.0,CE,0,,0,,0,0.0,,0,0,0,0,0,,,,,,,,,,,,,,,0.016571934673262304,,,,,,10.27,25,71950.1,72376.25,71931.5,71804.05,none,no_price_available
2026-09-23T08:49:47.468144+00:00,2026-09-23T14:19:47.468144+05:30,NIFTYNXT50,29-Sep-2026,80300.0,PE,72367.75,6773.95,550,8597.75,550,0.0,7685.85,0,0,0,0,0,,,,,,,,,,,,,,,0.016571934673262304,,,,,,10.27,25,71950.1,72376.25,71931.5,71804.05,mid_price,no_price_available
2026-09-23T08:49:47.468144+00:00,2026-09-23T14:19:47.468144+05:30,NIFTYNXT50,29-Sep-2026,80400.0,CE,0,,0,,0,0.0,,0,0,0,0,0,,,,,,,,,,,,,,,0.016571934673262304,,,,,,10.27,25,71950.1,72376.25,71931.5,71804.05,none,no_price_available
2026-09-23T08:49:47.468144+00:00,2026-09-23T14:19:47.468144+05:30,NIFTYNXT50,29-Sep-2026,80400.0,PE,72367.75,6862.1,550,8704.25,550,0.0,7783.175,0,0,0,0,0,,,,,,,,,,,,,,,0.016571934673262304,,,,,,10.27,25,71950.1,72376.25,71931.5,71804.05,mid_price,no_price_available
2026-09-23T08:49:47.468144+00:00,2026-09-23T14:19:47.468144+05:30,NIFTYNXT50,29-Sep-2026,80500.0,CE,0,,0,,0,0.0,,0,0,0,0,0,,,,,,,,,,,,,,,0.016571934673262304,,,,,,10.27,25,71950.1,72376.25,71931.5,71804.05,none,no_price_available
2026-09-23T08:49:47.468144+00:00,2026-09-23T14:19:47.468144+05:30,NIFTYNXT50,29-Sep-2026,80500.0,PE,72367.75,6950.25,550,8808.75,550,0.0,7879.5,0,0,0,0,0,,,,,,,,,,,,,,,0.016571934673262304,,,,,,10.27,25,71950.1,72376.25,71931.5,71804.05,mid_price,no_price_available
2026-09-23T08:49:47.468144+00:00,2026-09-23T14:19:47.468144+05:30,NIFTYNXT50,29-Sep-2026,80600.0,CE,0,,0,,0,0.0,,0,0,0,0,0,,,,,,,,,,,,,,,0.016571934673262304,,,,,,10.27,25,71950.1,72376.25,71931.5,71804.05,none,no_price_available
2026-09-23T08:49:47.468144+00:00,2026-09-23T14:19:47.468144+05:30,NIFTYNXT50,29-Sep-2026,80600.0,PE,72367.75,7038.4,550,8913.3,550,0.0,7975.849999999999,0,0,0,0,0,,,,,,,,,,,,,,,0.016571934673262304,,,,,,10.27,25,71950.1,72376.25,71931.5,71804.05,mid_price,no_price_available
2026-09-23T08:49:47.468144+00:00,2026-09-23T14:19:47.468144+05:30,NIFTYNXT50,29-Sep-2026,80700.0,CE,0,,0,,0,0.0,,0,0,0,0,0,,,,,,,,,,,,,,,0.016571934673262304,,,,,,10.27,25,71950.1,72376.25,71931.5,71804.05,none,no_price_available
2026-09-23T08:49:47.468144+00:00,2026-09-23T14:19:47.468144+05:30,NIFTYNXT50,29-Sep-2026,80700.0,PE,72367.75,7126.55,550,9032.2,550,0.0,8079.375,0,0,0,0,0,,,,,,,,,,,,,,,0.016571934673262304,,,,,,10.27,25,71950.1,72376.25,71931.5,71804.05,mid_price,no_price_available
2026-09-23T08:49:47.468144+00:00,2026-09-23T14:19:47.468144+05:30,NIFTYNXT50,29-Sep-2026,80800.0,CE,0,,0,,0,0.0,,0,0,0,0,0,,,,,,,,,,,,,,,0.016571934673262304,,,,,,10.27,25,71950.1,72376.25,71931.5,71804.05,none,no_price_available
2026-09-23T08:49:47.468144+00:00,2026-09-23T14:19:47.468144+05:30,NIFTYNXT50,29-Sep-2026,80800.0,PE,72367.75,7214.75,550,9128.7,550,0.0,8171.725,0,0,0,0,0,,,,,,,,,,,,,,,0.016571934673262304,,,,,,10.27,25,71950.1,72376.25,71931.5,71804.05,mid_price,no_price_available
2026-09-23T08:49:47.468144+00:00,2026-09-23T14:19:47.468144+05:30,NIFTYNXT50,29-Sep-2026,80900.0,CE,0,,0,,0,0.0,,0,0,0,0,0,,,,,,,,,,,,,,,0.016571934673262304,,,,,,10.27,25,71950.1,72376.25,71931.5,71804.05,none,no_price_available
2026-09-23T08:49:47.468144+00:00,2026-09-23T14:19:47.468144+05:30,NIFTYNXT50,29-Sep-2026,80900.0,PE,72367.75,7302.9,550,9231.1,550,0.0,8267.0,0,0,0,0,0,,,,,,,,,,,,,,,0.016571934673262304,,,,,,10.27,25,71950.1,72376.25,71931.5,71804.05,mid_price,no_price_available
2026-09-23T08:49:47.468144+00:00,2026-09-23T14:19:47.468144+05:30,NIFTYNXT50,29-Sep-2026,81000.0,CE,0,,0,,0,0.0,,0,0,0,0,0,,,,,,,,,,,,,,,0.016571934673262304,,,,,,10.27,25,71950.1,72376.25,71931.5,71804.05,none,no_price_available
2026-09-23T08:49:47.468144+00:00,2026-09-23T14:19:47.468144+05:30,NIFTYNXT50,29-Sep-2026,81000.0,PE,72367.75,7391.05,550,9345.65,550,0.0,8368.35,0,0,0,0,0,,,,,,,,,,,,,,,0.016571934673262304,,,,,,10.27,25,71950.1,72376.25,71931.5,71804.05,mid_price,no_price_available
2026-09-23T08:49:47.468144+00:00,2026-09-23T14:19:47.468144+05:30,NIFTYNXT50,29-Sep-2026,81500.0,CE,0,,0,,0,0.0,,0,0,0,0,0,,,,,,,,,,,,,,,0.016571934673262304,,,,,,10.27,25,71950.1,72376.25,71931.5,71804.05,none,no_price_available
2026-09-23T08:49:47.468144+00:00,2026-09-23T14:19:47.468144+05:30,NIFTYNXT50,29-Sep-2026,81500.0,PE,72367.75,7831.85,550,9913.7,550,0.0,8872.775000000001,0,0,0,0,0,,,,,,,,,,,,,,,0.016571934673262304,,,,,,10.27,25,71950.1,72376.25,71931.5,71804.05,mid_price,no_price_available
2026-09-23T08:49:47.468144+00:00,2026-09-23T14:19:47.468144+05:30,NIFTYNXT50,29-Sep-2026,82000.0,CE,0,,0,,0,0.0,,0,0,0,0,0,,,,,,,,,,,,,,,0.016571934673262304,,,,,,10.27,25,71950.1,72376.25,71931.5,71804.05,none,no_price_available
2026-09-23T08:49:47.468144+00:00,2026-09-23T14:19:47.468144+05:30,NIFTYNXT50,29-Sep-2026,82000.0,PE,72367.75,8272.65,550,10444.75,550,0.0,9358.7,0,0,0,0,0,,,,,,,,,,,,,,,0.016571934673262304,,,,,,10.27,25,71950.1,72376.25,71931.5,71804.05,mid_price,no_price_available
2026-09-23T08:49:47.468144+00:00,2026-09-23T14:19:47.468144+05:30,NIFTYNXT50,29-Sep-2026,82500.0,CE,0,,0,,0,0.0,,0,0,0,0,0,,,,,,,,,,,,,,,0.016571934673262304,,,,,,10.27,25,71950.1,72376.25,71931.5,71804.05,none,no_price_available
2026-09-23T08:49:47.468144+00:00,2026-09-23T14:19:47.468144+05:30,NIFTYNXT50,29-Sep-2026,82500.0,PE,72367.75,8713.45,550,10973.95,550,0.0,9843.7,0,0,0,0,0,,,,,,,,,,,,,,,0.016571934673262304,,,,,,10.27,25,71950.1,72376.25,71931.5,71804.05,mid_price,no_price_available
2026-09-23T08:49:47.468144+00:00,2026-09-23T14:19:47.468144+05:30,NIFTYNXT50,29-Sep-2026,83000.0,CE,0,,0,,0,0.0,,0,0,0,0,0,,,,,,,,,,,,,,,0.016571934673262304,,,,,,10.27,25,71950.1,72376.25,71931.5,71804.05,none,no_price_available
2026-09-23T08:49:47.468144+00:00,2026-09-23T14:19:47.468144+05:30,NIFTYNXT50,29-Sep-2026,83000.0,PE,72367.75,9154.25,550,11498.05,550,0.0,10326.15,0,0,0,0,0,,,,,,,,,,,,,,,0.016571934673262304,,,,,,10.27,25,71950.1,72376.25,71931.5,71804.05,mid_price,no_price_available
2026-09-23T08:49:47.468144+00:00,2026-09-23T14:19:47.468144+05:30,NIFTYNXT50,29-Sep-2026,83500.0,CE,0,,0,,0,0.0,,0,0,0,0,0,,,,,,,,,,,,,,,0.016571934673262304,,,,,,10.27,25,71950.1,72376.25,71931.5,71804.05,none,no_price_available
2026-09-23T08:49:47.468144+00:00,2026-09-23T14:19:47.468144+05:30,NIFTYNXT50,29-Sep-2026,83500.0,PE,72367.75,9595.05,550,12033.4,550,0.0,10814.224999999999,0,0,0,0,0,,,,,,,,,,,,,,,0.016571934673262304,,,,,,10.27,25,71950.1,72376.25,71931.5,71804.05,mid_price,no_price_available
2026-09-23T08:49:47.468144+00:00,2026-09-23T14:19:47.468144+05:30,NIFTYNXT50,29-Sep-2026,84000.0,CE,0,,0,,0,0.0,,0,0,0,0,0,,,,,,,,,,,,,,,0.016571934673262304,,,,,,10.27,25,71950.1,72376.25,71931.5,71804.05,none,no_price_available
2026-09-23T08:49:47.468144+00:00,2026-09-23T14:19:47.468144+05:30,NIFTYNXT50,29-Sep-2026,84000.0,PE,72367.75,10035.85,550,12566.3,550,0.0,11301.075,0,0,0,0,0,,,,,,,,,,,,,,,0.016571934673262304,,,,,,10.27,25,71950.1,72376.25,71931.5,71804.05,mid_price,no_price_available
2026-09-23T08:49:47.468144+00:00,2026-09-23T14:19:47.468144+05:30,NIFTYNXT50,29-Sep-2026,84500.0,CE,0,,0,,0,0.0,,0,0,0,0,0,,,,,,,,,,,,,,,0.016571934673262304,,,,,,10.27,25,71950.1,72376.25,71931.5,71804.05,none,no_price_available
2026-09-23T08:49:47.468144+00:00,2026-09-23T14:19:47.468144+05:30,NIFTYNXT50,29-Sep-2026,84500.0,PE,72367.75,10476.65,550,13098.55,550,0.0,11787.599999999999,0,0,0,0,0,,,,,,,,,,,,,,,0.016571934673262304,,,,,,10.27,25,71950.1,72376.25,71931.5,71804.05,mid_price,no_price_available
2026-09-23T08:49:47.468144+00:00,2026-09-23T14:19:47.468144+05:30,NIFTYNXT50,29-Sep-2026,85000.0,CE,0,,0,,0,0.0,,0,0,0,0,0,,,,,,,,,,,,,,,0.016571934673262304,,,,,,10.27,25,71950.1,72376.25,71931.5,71804.05,none,no_price_available
2026-09-23T08:49:47.468144+00:00,2026-09-23T14:19:47.468144+05:30,NIFTYNXT50,29-Sep-2026,85000.0,PE,72367.75,10917.45,550,13630.55,550,0.0,12274.0,0,0,0,0,0,,,,,,,,,,,,,,,0.016571934673262304,,,,,,10.27,25,71950.1,72376.25,71931.5,71804.05,mid_price,no_price_available
2026-09-23T09:00:04.917314+00:00,2026-09-23T14:30:04.917314+05:30,NIFTYNXT50,29-Sep-2026,60500.0,CE,72391.4,10290.6,550,12933.85,550,0.0,11612.225,0,0,0,0,0,,,,,,,,,,,,,,,0.016552355488521055,,,,,,10.3,25,71950.1,72386.35,71931.5,71804.05,mid_price,no_price_available
2026-09-23T09:00:04.917314+00:00,2026-09-23T14:30:04.917314+05:30,NIFTYNXT50,29-Sep-2026,60500.0,PE,0,,0,,0,0.0,,0,0,0,0,0,,,,,,,,,,,,,,,0.016552355488521055,,,,,,10.3,25,71950.1,72386.35,71931.5,71804.05,none,no_price_available
2026-09-23T09:00:04.917314+00:00,2026-09-23T14:30:04.917314+05:30,NIFTYNXT50,29-Sep-2026,61000.0,CE,72391.4,9849.8,550,12400.55,550,0.0,11125.175,0,0,0,0,0,,,,,,,,,,,,,,,0.016552355488521055,,,,,,10.3,25,71950.1,72386.35,71931.5,71804.05,mid_price,no_price_available
2026-09-23T09:00:04.917314+00:00,2026-09-23T14:30:04.917314+05:30,NIFTYNXT50,29-Sep-2026,61000.0,PE,0,,0,,0,0.0,,0,0,0,0,0,,,,,,,,,,,,,,,0.016552355488521055,,,,,,10.3,25,71950.1,72386.35,71931.5,71804.05,none,no_price_available
2026-09-23T09:00:04.917314+00:00,2026-09-23T14:30:04.917314+05:30,NIFTYNXT50,29-Sep-2026,61500.0,CE,72391.4,9408.2,550,11867.25,550,0.0,10637.725,0,0,0,0,0,,,,,,,,,,,,,,,0.016552355488521055,,,,,,10.3,25,71950.1,72386.35,71931.5,71804.05,mid_price,no_price_available
2026-09-23T09:00:04.917314+00:00,2026-09-23T14:30:04.917314+05:30,NIFTYNXT50,29-Sep-2026,61500.0,PE,0,,0,,0,0.0,,0,0,0,0,0,,,,,,,,,,,,,,,0.016552355488521055,,,,,,10.3,25,71950.1,72386.35,71931.5,71804.05,none,no_price_available
2026-09-23T09:00:04.917314+00:00,2026-09-23T14:30:04.917314+05:30,NIFTYNXT50,29-Sep-2026,62000.0,CE,72391.4,8966,550,11333.85,550,0.0,10149.925,0,0,0,0,0,,,,,,,,,,,,,,,0.016552355488521055,,,,,,10.3,25,71950.1,72386.35,71931.5,71804.05,mid_price,no_price_available
2026-09-23T09:00:04.917314+00:00,2026-09-23T14:30:04.917314+05:30,NIFTYNXT50,29-Sep-2026,62000.0,PE,0,,0,,0,0.0,,0,0,0,0,0,,,,,,,,,,,,,,,0.016552355488521055,,,,,,10.3,25,71950.1,72386.35,71931.5,71804.05,none,no_price_available
2026-09-23T09:00:04.917314+00:00,2026-09-23T14:30:04.917314+05:30,NIFTYNXT50,29-Sep-2026,62500.0,CE,72391.4,8526.65,550,10812.6,550,0.0,9669.625,0,0,0,0,0,,,,,,,,,,,,,,,0.016552355488521055,,,,,,10.3,25,71950.1,72386.35,71931.5,71804.05,mid_price,no_price_available
2026-09-23T09:00:04.917314+00:00,2026-09-23T14:30:04.917314+05:30,NIFTYNXT50,29-Sep-2026,62500.0,PE,0,,0,,0,0.0,,0,0,0,0,0,,,,,,,,,,,,,,,0.016552355488521055,,,,,,10.3,25,71950.1,72386.35,71931.5,71804.05,none,no_price_available
2026-09-23T09:00:04.917314+00:00,2026-09-23T14:30:04.917314+05:30,NIFTYNXT50,29-Sep-2026,63000.0,CE,72391.4,8085.8,550,10266.95,550,0.0,9176.375,0,0,0,0,0,,,,,,,,,,,,,,,0.016552355488521055,,,,,,10.3,25,71950.1,72386.35,71931.5,71804.05,mid_price,no_price_available
2026-09-23T09:00:04.917314+00:00,2026-09-23T14:30:04.917314+05:30,NIFTYNXT50,29-Sep-2026,63000.0,PE,0,,0,,0,0.0,,0,0,0,0,0,,,,,,,,,,,,,,,0.016552355488521055,,,,,,10.3,25,71950.1,72386.35,71931.5,71804.05,none,no_price_available
2026-09-23T09:00:04.917314+00:00,2026-09-23T14:30:04.917314+05:30,NIFTYNXT50,29-Sep-2026,63500.0,CE,72391.4,7645,550,9733.65,550,0.0,8689.325,0,0,0,0,0,,,,,,,,,,,,,,,0.016552355488521055,,,,,,10.3,25,71950.1,72386.35,71931.5,71804.05,mid_price,no_price_available
2026-09-23T09:00:04.917314+00:00,2026-09-23T14:30:04.917314+05:30,NIFTYNXT50,29-Sep-2026,63500.0,PE,0,,0,,0,0.0,,0,0,0,0,0,,,,,,,,,,,,,,,0.016552355488521055,,,,,,10.3,25,71950.1,72386.35,71931.5,71804.05,none,no_price_available
2026-09-23T09:00:04.917314+00:00,2026-09-23T14:30:04.917314+05:30,NIFTYNXT50,29-Sep-2026,63800.0,CE,72391.4,7380.1,550,9413.45,550,0.0,8396.775000000001,0,0,0,0,0,,,,,,,,,,,,,,,0.016552355488521055,,,,,,10.3,25,71950.1,72386.35,71931.5,71804.05,mid_price,no_price_available
2026-09-23T09:00:04.917314+00:00,2026-09-23T14:30:04.917314+05:30,NIFTYNXT50,29-Sep-2026,63800.0,PE,0,,0,,0,0.0,,0,0,0,0,0,,,,,,,,,,,,,,,0.016552355488521055,,,,,,10.3,25,71950.1,72386.35,71931.5,71804.05,none,no_price_available
2026-09-23T09:00:04.917314+00:00,2026-09-23T14:30:04.917314+05:30,NIFTYNXT50,29-Sep-2026,63900.0,CE,72391.4,7292.75,550,9306.85,550,0.0,8299.8,0,0,0,0,0,,,,,,,,,,,,,,,0.016552355488521055,,,,,,10.3,25,71950.1,72386.35,71931.5,71804.05,mid_price,no_price_available
2026-09-23T09:00:04.917314+00:00,2026-09-23T14:30:04.917314+05:30,NIFTYNXT50,29-Sep-2026,63900.0,PE,0,,0,,0,0.0,,0,0,0,0,0,,,,,,,,,,,,,,,0.016552355488521055,,,,,,10.3,25,71950.1,72386.35,71931.5,71804.05,none,no_price_available
2026-09-23T09:00:04.917314+00:00,2026-09-23T14:30:04.917314+05:30,NIFTYNXT50,29-Sep-2026,64000.0,CE,72391.4,7204.75,550,9200.25,550,0.0,8202.5,0,0,0,0,0,,,,,,,,,,,,,,,0.016552355488521055,,,,,,10.3,25,71950.1,72386.35,71931.5,71804.05,mid_price,no_price_available
2026-09-23T09:00:04.917314+00:00,2026-09-23T14:30:04.917314+05:30,NIFTYNXT50,29-Sep-2026,64000.0,PE,0,,0,,0,0.0,,0,0,0,0,0,,,,,,,,,,,,,,,0.016552355488521055,,,,,,10.3,25,71950.1,72386.35,71931.5,71804.05,none,no_price_available
2026-09-23T09:00:04.917314+00:00,2026-09-23T14:30:04.917314+05:30,NIFTYNXT50,29-Sep-2026,64100.0,CE,72391.4,7116.1,550,9093.3,550,0.0,8104.7,0,0,0,0,0,,,,,,,,,,,,,,,0.016552355488521055,,,,,,10.3,25,71950.1,72386.35,71931.5,71804.05,mid_price,no_price_available
2026-09-23T09:00:04.917314+00:00,2026-09-23T14:30:04.917314+05:30,NIFTYNXT50,29-Sep-2026,64100.0,PE,0,,0,,0,0.0,,0,0,0,0,0,,,,,,,,,,,,,,,0.016552355488521055,,,,,,10.3,25,71950.1,72386.35,71931.5,71804.05,none,no_price_available
2026-09-23T09:00:04.917314+00:00,2026-09-23T14:30:04.917314+05:30,NIFTYNXT50,29-Sep-2026,64200.0,CE,72391.4,7028.4,550,8986.9,550,0.0,8007.65,0,0,0,0,0,,,,,,,,,,,,,,,0.016552355488521055,,,,,,10.3,25,71950.1,72386.35,71931.5,71804.05,mid_price,no_price_available
2026-09-23T09:00:04.917314+00:00,2026-09-23T14:30:04.917314+05:30,NIFTYNXT50,29-Sep-2026,64200.0,PE,0,,0,,0,0.0,,0,0,0,0,0,,,,,,,,,,,,,,,0.016552355488521055,,,,,,10.3,25,71950.1,72386.35,71931.5,71804.05,none,no_price_available
2026-09-23T09:00:04.917314+00:00,2026-09-23T14:30:04.917314+05:30,NIFTYNXT50,29-Sep-2026,64300.0,CE,72391.4,6940.25,550,8880.25,550,0.0,7910.25,0,0,0,0,0,,,,,,,,,,,,,,,0.016552355488521055,,,,,,10.3,25,71950.1,72386.35,71931.5,71804.05,mid_price,no_price_available
2026-09-23T09:00:04.917314+00:00,2026-09-23T14:30:04.917314+05:30,NIFTYNXT50,29-Sep-2026,64300.0,PE,0,,0,,0,0.0,,0,0,0,0,0,,,,,,,,,,,,,,,0.016552355488521055,,,,,,10.3,25,71950.1,72386.35,71931.5,71804.05,none,no_price_available
2026-09-23T09:00:04.917314+00:00,2026-09-23T14:30:04.917314+05:30,NIFTYNXT50,29-Sep-2026,64400.0,CE,72391.4,6851.95,550,8773.45,550,0.0,7812.700000000001,0,0,0,0,0,,,,,,,,,,,,,,,0.016552355488521055,,,,,,10.3,25,71950.1,72386.35,71931.5,71804.05,mid_price,no_price_available
2026-09-23T09:00:04.917314+00:00,2026-09-23T14:30:04.917314+05:30,NIFTYNXT50,29-Sep-2026,64400.0,PE,0,,0,,0,0.0,,0,0,0,0,0,,,,,,,,,,,,,,,0.016552355488521055,,,,,,10.3,25,71950.1,72386.35,71931.5,71804.05,none,no_price_available
2026-09-23T09:00:04.917314+00:00,2026-09-23T14:30:04.917314+05:30,NIFTYNXT50,29-Sep-2026,64500.0,CE,72391.4,6763.4,550,8666.75,550,0.0,7715.075,0,0,0,0,0,,,,,,,,,,,,,,,0.016552355488521055,,,,,,10.3,25,71950.1,72386.35,71931.5,71804.05,mid_price,no_price_available
2026-09-23T09:00:04.917314+00:00,2026-09-23T14:30:04.917314+05:30,NIFTYNXT50,29-Sep-2026,64500.0,PE,0,,0,,0,0.0,,0,0,0,0,0,,,,,,,,,,,,,,,0.016552355488521055,,,,,,10.3,25,71950.1,72386.35,71931.5,71804.05,none,no_price_available
2026-09-23T09:00:04.917314+00:00,2026-09-23T14:30:04.917314+05:30,NIFTYNXT50,29-Sep-2026,64600.0,CE,72391.4,6676.05,550,8560.2,550,0.0,7618.125,0,0,0,0,0,,,,,,,,,,,,,,,0.016552355488521055,,,,,,10.3,25,71950.1,72386.35,71931.5,71804.05,mid_price,no_price_available
2026-09-23T09:00:04.917314+00:00,2026-09-23T14:30:04.917314+05:30,NIFTYNXT50,29-Sep-2026,64600.0,PE,0,,0,,0,0.0,,0,0,0,0,0,,,,,,,,,,,,,,,0.016552355488521055,,,,,,10.3,25,71950.1,72386.35,71931.5,71804.05,none,no_price_available
2026-09-23T09:00:04.917314+00:00,2026-09-23T14:30:04.917314+05:30,NIFTYNXT50,29-Sep-2026,64700.0,CE,72391.4,6586.85,550,8453.4,550,0.0,7520.125,0,0,0,0,0,,,,,,,,,,,,,,,0.016552355488521055,,,,,,10.3,25,71950.1,72386.35,71931.5,71804.05,mid_price,no_price_available
2026-09-23T09:00:04.917314+00:00,2026-09-23T14:30:04.917314+05:30,NIFTYNXT50,29-Sep-2026,64700.0,PE,0,,0,,0,0.0,,0,0,0,0,0,,,,,,,,,,,,,,,0.016552355488521055,,,,,,10.3,25,71950.1,72386.35,71931.5,71804.05,none,no_price_available
2026-09-23T09:00:04.917314+00:00,2026-09-23T14:30:04.917314+05:30,NIFTYNXT50,29-Sep-2026,64800.0,CE,72391.4,6498.7,550,8346.75,550,0.0,7422.725,0,0,0,0,0,,,,,,,,,,,,,,,0.016552355488521055,,,,,,10.3,25,71950.1,72386.35,71931.5,71804.05,mid_price,no_price_available
2026-09-23T09:00:04.917314+00:00,2026-09-23T14:30:04.917314+05:30,NIFTYNXT50,29-Sep-2026,64800.0,PE,0,,0,,0,0.0,,0,0,0,0,0,,,,,,,,,,,,,,,0.016552355488521055,,,,,,10.3,25,71950.1,72386.35,71931.5,71804.05,none,no_price_available
2026-09-23T09:00:04.917314+00:00,2026-09-23T14:30:04.917314+05:30,NIFTYNXT50,29-Sep-2026,64900.0,CE,72391.4,6411.55,550,8239.85,550,0.0,7325.700000000001,0,0,0,0,0,,,,,,,,,,,,,,,0.016552355488521055,,,,,,10.3,25,71950.1,72386.35,71931.5,71804.05,mid_price,no_price_available
2026-09-23T09:00:04.917314+00:00,2026-09-23T14:30:04.917314+05:30,NIFTYNXT50,29-Sep-2026,64900.0,PE,0,,0,,0,0.0,,0,0,0,0,0,,,,,,,,,,,,,,,0.016552355488521055,,,,,,10.3,25,71950.1,72386.35,71931.5,71804.05,none,no_price_available
2026-09-23T09:00:04.917314+00:00,2026-09-23T14:30:04.917314+05:30,NIFTYNXT50,29-Sep-2026,65000.0,CE,72391.4,6322.15,550,8133.45,550,0.0,7227.799999999999,0,0,0,0,0,,,,,,,,,,,,,,,0.016552355488521055,,,,,,10.3,25,71950.1,72386.35,71931.5,71804.05,mid_price,no_price_available
2026-09-23T09:00:04.917314+00:00,2026-09-23T14:30:04.917314+05:30,NIFTYNXT50,29-Sep-2026,65000.0,PE,72391.4,,0,20,100,0.0,,0,0,0,0,0,,,,,,,,,,,,,,,0.016552355488521055,,,,,,10.3,25,71950.1,72386.35,71931.5,71804.05,none,no_price_available
2026-09-23T09:00:04.917314+00:00,2026-09-23T14:30:04.917314+05:30,NIFTYNXT50,29-Sep-2026,65100.0,CE,72391.4,6235.25,550,8056.45,550,0.0,7145.85,0,0,0,0,0,,,,,,,,,,,,,,,0.016552355488521055,,,,,,10.3,25,71950.1,72386.35,71931.5,71804.05,mid_price,no_price_available
2026-09-23T09:00:04.917314+00:00,2026-09-23T14:30:04.917314+05:30,NIFTYNXT50,29-Sep-2026,65100.0,PE,0,,0,,0,0.0,,0,0,0,0,0,,,,,,,,,,,,,,,0.016552355488521055,,,,,,10.3,25,71950.1,72386.35,71931.5,71804.05,none,no_price_available
2026-09-23T09:00:04.917314+00:00,2026-09-23T14:30:04.917314+05:30,NIFTYNXT50,29-Sep-2026,65200.0,CE,72391.4,6146.3,550,7949.8,550,0.0,7048.05,0,0,0,0,0,,,,,,,,,,,,,,,0.016552355488521055,,,,,,10.3,25,71950.1,72386.35,71931.5,71804.05,mid_price,no_price_available
2026-09-23T09:00:04.917314+00:00,2026-09-23T14:30:04.917314+05:30,NIFTYNXT50,29-Sep-2026,65200.0,PE,0,,0,,0,0.0,,0,0,0,0,0,,,,,,,,,,,,,,,0.016552355488521055,,,,,,10.3,25,71950.1,72386.35,71931.5,71804.05,none,no_price_available
2026-09-23T09:00:04.917314+00:00,2026-09-23T14:30:04.917314+05:30,NIFTYNXT50,29-Sep-2026,65300.0,CE,72391.4,6058.15,550,7843.2,550,0.0,6950.674999999999,0,0,0,0,0,,,,,,,,,,,,,,,0.016552355488521055,,,,,,10.3,25,71950.1,72386.35,71931.5,71804.05,mid_price,no_price_available
2026-09-23T09:00:04.917314+00:00,2026-09-23T14:30:04.917314+05:30,NIFTYNXT50,29-Sep-2026,65300.0,PE,0,,0,,0,0.0,,0,0,0,0,0,,,,,,,,,,,,,,,0.016552355488521055,,,,,,10.3,25,71950.1,72386.35,71931.5,71804.05,none,no_price_available
2026-09-23T09:00:04.917314+00:00,2026-09-23T14:30:04.917314+05:30,NIFTYNXT50,29-Sep-2026,65400.0,CE,72391.4,5970.75,550,7736.65,550,0.0,6853.7,0,0,0,0,0,,,,,,,,,,,,,,,0.016552355488521055,,,,,,10.3,25,71950.1,72386.35,71931.5,71804.05,mid_price,no_price_available
2026-09-23T09:00:04.917314+00:00,2026-09-23T14:30:04.917314+05:30,NIFTYNXT50,29-Sep-2026,65400.0,PE,0,,0,,0,0.0,,0,0,0,0,0,,,,,,,,,,,,,,,0.016552355488521055,,,,,,10.3,25,71950.1,72386.35,71931.5,71804.05,none,no_price_available
2026-09-23T09:00:04.917314+00:00,2026-09-23T14:30:04.917314+05:30,NIFTYNXT50,29-Sep-2026,65500.0,CE,72391.4,5881.55,550,7629.95,550,0.0,6755.75,0,0,0,0,0,,,,,,,,,,,,,,,0.016552355488521055,,,,,,10.3,25,71950.1,72386.35,71931.5,71804.05,mid_price,no_price_available
2026-09-23T09:00:04.917314+00:00,2026-09-23T14:30:04.917314+05:30,NIFTYNXT50,29-Sep-2026,65500.0,PE,0,,0,,0,0.0,,0,0,0,0,0,,,,,,,,,,,,,,,0.016552355488521055,,,,,,10.3,25,71950.1,72386.35,71931.5,71804.05,none,no_price_available
2026-09-23T09:00:04.917314+00:00,2026-09-23T14:30:04.917314+05:30,NIFTYNXT50,29-Sep-2026,65600.0,CE,72391.4,5793.4,550,7523.15,550,0.0,6658.275,0,0,0,0,0,,,,,,,,,,,,,,,0.016552355488521055,,,,,,10.3,25,71950.1,72386.35,71931.5,71804.05,mid_price,no_price_available
2026-09-23T09:00:04.917314+00:00,2026-09-23T14:30:04.917314+05:30,NIFTYNXT50,29-Sep-2026,65600.0,PE,0,,0,,0,0.0,,0,0,0,0,0,,,,,,,,,,,,,,,0.016552355488521055,,,,,,10.3,25,71950.1,72386.35,71931.5,71804.05,none,no_price_available
2026-09-23T09:00:04.917314+00:00,2026-09-23T14:30:04.917314+05:30,NIFTYNXT50,29-Sep-2026,65700.0,CE,72391.4,5705.25,550,7416.3,550,0.0,6560.775,0,0,0,0,0,,,,,,,,,,,,,,,0.016552355488521055,,,,,,10.3,25,71950.1,72386.35,71931.5,71804.05,mid_price,no_price_available
2026-09-23T09:00:04.917314+00:00,2026-09-23T14:30:04.917314+05:30,NIFTYNXT50,29-Sep-2026,65700.0,PE,0,,0,,0,0.0,,0,0,0,0,0,,,,,,,,,,,,,,,0.016552355488521055,,,,,,10.3,25,71950.1,72386.35,71931.5,71804.05,none,no_price_available
2026-09-23T09:00:04.917314+00:00,2026-09-23T14:30:04.917314+05:30,NIFTYNXT50,29-Sep-2026,65800.0,CE,72391.4,5617.7,550,7309.7,550,0.0,6463.7,0,0,0,0,0,,,,,,,,,,,,,,,0.016552355488521055,,,,,,10.3,25,71950.1,72386.35,71931.5,71804.05,mid_price,no_price_available
2026-09-23T09:00:04.917314+00:00,2026-09-23T14:30:04.917314+05:30,NIFTYNXT50,29-Sep-2026,65800.0,PE,0,,0,,0,0.0,,0,0,0,0,0,,,,,,,,,,,,,,,0.016552355488521055,,,,,,10.3,25,71950.1,72386.35,71931.5,71804.05,none,no_price_available
2026-09-23T09:00:04.917314+00:00,2026-09-23T14:30:04.917314+05:30,NIFTYNXT50,29-Sep-2026,65900.0,CE,72391.4,5530.2,550,7203.25,550,0.0,6366.725,0,0,0,0,0,,,,,,,,,,,,,,,0.016552355488521055,,,,,,10.3,25,71950.1,72386.35,71931.5,71804.05,mid_price,no_price_available
2026-09-23T09:00:04.917314+00:00,2026-09-23T14:30:04.917314+05:30,NIFTYNXT50,29-Sep-2026,65900.0,PE,0,,0,,0,0.0,,0,0,0,0,0,,,,,,,,,,,,,,,0.016552355488521055,,,,,,10.3,25,71950.1,72386.35,71931.5,71804.05,none,no_price_available
2026-09-23T09:00:04.917314+00:00,2026-09-23T14:30:04.917314+05:30,NIFTYNXT50,29-Sep-2026,66000.0,CE,72391.4,5440.75,550,7096.55,550,0.0,6268.65,0,0,0,0,0,,,,,,,,,,,,,,,0.016552355488521055,,,,,,10.3,25,71950.1,72386.35,71931.5,71804.05,mid_price,no_price_available
2026-09-23T09:00:04.917314+00:00,2026-09-23T14:30:04.917314+05:30,NIFTYNXT50,29-Sep-2026,66000.0,PE,0,,0,,0,0.0,,0,0,0,0,0,,,,,,,,,,,,,,,0.016552355488521055,,,,,,10.3,25,71950.1,72386.35,71931.5,71804.05,none,no_price_available
2026-09-23T09:00:04.917314+00:00,2026-09-23T14:30:04.917314+05:30,NIFTYNXT50,29-Sep-2026,66100.0,CE,72391.4,5352.6,550,6989.75,550,0.0,6171.175,0,0,0,0,0,,,,,,,,,,,,,,,0.016552355488521055,,,,,,10.3,25,71950.1,72386.35,71931.5,71804.05,mid_price,no_price_available
2026-09-23T09:00:04.917314+00:00,2026-09-23T14:30:04.917314+05:30,NIFTYNXT50,29-Sep-2026,66100.0,PE,0,,0,,0,0.0,,0,0,0,0,0,,,,,,,,,,,,,,,0.016552355488521055,,,,,,10.3,25,71950.1,72386.35,71931.5,71804.05,none,no_price_available
2026-09-23T09:00:04.917314+00:00,2026-09-23T14:30:04.917314+05:30,NIFTYNXT50,29-Sep-2026,66200.0,CE,72391.4,5265.2,550,6883.1,550,0.0,6074.15,0,0,0,0,0,,,,,,,,,,,,,,,0.016552355488521055,,,,,,10.3,25,71950.1,72386.35,71931.5,71804.05,mid_price,no_price_available
2026-09-23T09:00:04.917314+00:00,2026-09-23T14:30:04.917314+05:30,NIFTYNXT50,29-Sep-2026,66200.0,PE,0,,0,,0,0.0,,0,0,0,0,0,,,,,,,,,,,,,,,0.016552355488521055,,,,,,10.3,25,71950.1,72386.35,71931.5,71804.05,none,no_price_available
2026-09-23T09:00:04.917314+00:00,2026-09-23T14:30:04.917314+05:30,NIFTYNXT50,29-Sep-2026,66300.0,CE,72391.4,5176.55,550,6776.5,550,0.0,5976.525,0,0,0,0,0,,,,,,,,,,,,,,,0.016552355488521055,,,,,,10.3,25,71950.1,72386.35,71931.5,71804.05,mid_price,no_price_available
2026-09-23T09:00:04.917314+00:00,2026-09-23T14:30:04.917314+05:30,NIFTYNXT50,29-Sep-2026,66300.0,PE,0,,0,,0,0.0,,0,0,0,0,0,,,,,,,,,,,,,,,0.016552355488521055,,,,,,10.3,25,71950.1,72386.35,71931.5,71804.05,none,no_price_available
2026-09-23T09:00:04.917314+00:00,2026-09-23T14:30:04.917314+05:30,NIFTYNXT50,29-Sep-2026,66400.0,CE,72391.4,5087.9,550,6669.75,550,0.0,5878.825,0,0,0,0,0,,,,,,,,,,,,,,,0.016552355488521055,,,,,,10.3,25,71950.1,72386.35,71931.5,71804.05,mid_price,no_price_available
2026-09-23T09:00:04.917314+00:00,2026-09-23T14:30:04.917314+05:30,NIFTYNXT50,29-Sep-2026,66400.0,PE,0,,0,,0,0.0,,0,0,0,0,0,,,,,,,,,,,,,,,0.016552355488521055,,,,,,10.3,25,71950.1,72386.35,71931.5,71804.05,none,no_price_available
2026-09-23T09:00:04.917314+00:00,2026-09-23T14:30:04.917314+05:30,NIFTYNXT50,29-Sep-2026,66500.0,CE,72391.4,5000.2,550,6563.15,550,0.0,5781.674999999999,0,0,0,0,0,,,,,,,,,,,,,,,0.016552355488521055,,,,,,10.3,25,71950.1,72386.35,71931.5,71804.05,mid_price,no_price_available
2026-09-23T09:00:04.917314+00:00,2026-09-23T14:30:04.917314+05:30,NIFTYNXT50,29-Sep-2026,66500.0,PE,0,,0,,0,0.0,,0,0,0,0,0,,,,,,,,,,,,,,,0.016552355488521055,,,,,,10.3,25,71950.1,72386.35,71931.5,71804.05,none,no_price_available
2026-09-23T09:00:04.917314+00:00,2026-09-23T14:30:04.917314+05:30,NIFTYNXT50,29-Sep-2026,66600.0,CE,72391.4,4911.8,550,6456.35,550,0.0,5684.075000000001,0,0,0,0,0,,,,,,,,,,,,,,,0.016552355488521055,,,,,,10.3,25,71950.1,72386.35,71931.5,71804.05,mid_price,no_price_available
2026-09-23T09:00:04.917314+00:00,2026-09-23T14:30:04.917314+05:30,NIFTYNXT50,29-Sep-2026,66600.0,PE,0,,0,,0,0.0,,0,0,0,0,0,,,,,,,,,,,,,,,0.016552355488521055,,,,,,10.3,25,71950.1,72386.35,71931.5,71804.05,none,no_price_available
2026-09-23T09:00:04.917314+00:00,2026-09-23T14:30:04.917314+05:30,NIFTYNXT50,29-Sep-2026,66700.0,CE,72391.4,4824.95,550,6349.8,550,0.0,5587.375,0,0,0,0,0,,,,,,,,,,,,,,,0.016552355488521055,,,,,,10.3,25,71950.1,72386.35,71931.5,71804.05,mid_price,no_price_available
2026-09-23T09:00:04.917314+00:00,2026-09-23T14:30:04.917314+05:30,NIFTYNXT50,29-Sep-2026,66700.0,PE,0,,0,,0,0.0,,0,0,0,0,0,,,,,,,,,,,,,,,0.016552355488521055,,,,,,10.3,25,71950.1,72386.35,71931.5,71804.05,none,no_price_available
2026-09-23T09:00:04.917314+00:00,2026-09-23T14:30:04.917314+05:30,NIFTYNXT50,29-Sep-2026,66800.0,CE,72391.4,4735.75,550,6243.1,550,0.0,5489.425,0,0,0,0,0,,,,,,,,,,,,,,,0.016552355488521055,,,,,,10.3,25,71950.1,72386.35,71931.5,71804.05,mid_price,no_price_available
2026-09-23T09:00:04.917314+00:00,2026-09-23T14:30:04.917314+05:30,NIFTYNXT50,29-Sep-2026,66800.0,PE,0,,0,,0,0.0,,0,0,0,0,0,,,,,,,,,,,,,,,0.016552355488521055,,,,,,10.3,25,71950.1,72386.35,71931.5,71804.05,none,no_price_available
2026-09-23T09:00:04.917314+00:00,2026-09-23T14:30:04.917314+05:30,NIFTYNXT50,29-Sep-2026,66900.0,CE,72391.4,4647.25,550,6136.15,550,0.0,5391.7,0,0,0,0,0,,,,,,,,,,,,,,,0.016552355488521055,,,,,,10.3,25,71950.1,72386.35,71931.5,71804.05,mid_price,no_price_available
2026-09-23T09:00:04.917314+00:00,2026-09-23T14:30:04.917314+05:30,NIFTYNXT50,29-Sep-2026,66900.0,PE,0,,0,,0,0.0,,0,0,0,0,0,,,,,,,,,,,,,,,0.016552355488521055,,,,,,10.3,25,71950.1,72386.35,71931.5,71804.05,none,no_price_available
2026-09-23T09:00:04.917314+00:00,2026-09-23T14:30:04.917314+05:30,NIFTYNXT50,29-Sep-2026,67000.0,CE,72391.4,4559.4,550,6029.75,550,0.0,5294.575,0,0,0,0,0,,,,,,,,,,,,,,,0.016552355488521055,,,,,,10.3,25,71950.1,72386.35,71931.5,71804.05,mid_price,no_price_available
2026-09-23T09:00:04.917314+00:00,2026-09-23T14:30:04.917314+05:30,NIFTYNXT50,29-Sep-2026,67000.0,PE,72391.4,2.25,25,27.6,50,0.0,14.925,5,0,0,0,26.93,-0.011380450783924382,1.1892635613298103e-05,-6.065904173431891,2.778102223814926,-0.24840767297049265,0.005400806234440984,52.687740027311804,-1.1058993362071064e-08,0.00018138618294093558,-3.920699302028889e-06,-1.3754048518337252,-83.0640130663299,0.012444253435442303,1.3883611688720032e-05,0.016552355488521055,72370.2,-0.01769508610184723,0.0101,index_dividend_yield,0.065,10.3,25,71950.1,72386.35,71931.5,71804.05,mid_price,wide_quote_low_liquidity
2026-09-23T09:00:04.917314+00:00,2026-09-23T14:30:04.917314+05:30,NIFTYNXT50,29-Sep-2026,67100.0,CE,72391.4,4471.25,550,5922.95,550,0.0,5197.1,0,0,0,0,0,,,,,,,,,,,,,,,0.016552355488521055,,,,,,10.3,25,71950.1,72386.35,71931.5,71804.05,mid_price,no_price_available
2026-09-23T09:00:04.917314+00:00,2026-09-23T14:30:04.917314+05:30,NIFTYNXT50,29-Sep-2026,67100.0,PE,0,,0,,0,0.0,,0,0,0,0,0,,,,,,,,,,,,,,,0.016552355488521055,,,,,,10.3,25,71950.1,72386.35,71931.5,71804.05,none,no_price_available
2026-09-23T09:00:04.917314+00:00,2026-09-23T14:30:04.917314+05:30,NIFTYNXT50,29-Sep-2026,67200.0,CE,72391.4,4383.1,550,5816.1,550,0.0,5099.6,0,0,0,0,0,,,,,,,,,,,,,,,0.016552355488521055,,,,,,10.3,25,71950.1,72386.35,71931.5,71804.05,mid_price,no_price_available
2026-09-23T09:00:04.917314+00:00,2026-09-23T14:30:04.917314+05:30,NIFTYNXT50,29-Sep-2026,67200.0,PE,0,,0,,0,0.0,,0,0,0,0,0,,,,,,,,,,,,,,,0.016552355488521055,,,,,,10.3,25,71950.1,72386.35,71931.5,71804.05,none,no_price_available
2026-09-23T09:00:04.917314+00:00,2026-09-23T14:30:04.917314+05:30,NIFTYNXT50,29-Sep-2026,67300.0,CE,72391.4,4296,550,5709.7,550,0.0,5002.85,0,0,0,0,0,,,,,,,,,,,,,,,0.016552355488521055,,,,,,10.3,25,71950.1,72386.35,71931.5,71804.05,mid_price,no_price_available
2026-09-23T09:00:04.917314+00:00,2026-09-23T14:30:04.917314+05:30,NIFTYNXT50,29-Sep-2026,67300.0,PE,0,,0,,0,0.0,,0,0,0,0,0,,,,,,,,,,,,,,,0.016552355488521055,,,,,,10.3,25,71950.1,72386.35,71931.5,71804.05,none,no_price_available
2026-09-23T09:00:04.917314+00:00,2026-09-23T14:30:04.917314+05:30,NIFTYNXT50,29-Sep-2026,67400.0,CE,72391.4,4206.55,550,5602.95,550,0.0,4904.75,0,0,0,0,0,,,,,,,,,,,,,,,0.016552355488521055,,,,,,10.3,25,71950.1,72386.35,71931.5,71804.05,mid_price,no_price_available
2026-09-23T09:00:04.917314+00:00,2026-09-23T14:30:04.917314+05:30,NIFTYNXT50,29-Sep-2026,67400.0,PE,0,,0,,0,0.0,,0,0,0,0,0,,,,,,,,,,,,,,,0.016552355488521055,,,,,,10.3,25,71950.1,72386.35,71931.5,71804.05,none,no_price_available
2026-09-23T09:00:04.917314+00:00,2026-09-23T14:30:04.917314+05:30,NIFTYNXT50,29-Sep-2026,67500.0,CE,72391.4,4119.65,550,5496.35,550,0.0,4808.0,0,0,0,0,0,,,,,,,,,,,,,,,0.016552355488521055,,,,,,10.3,25,71950.1,72386.35,71931.5,71804.05,mid_price,no_price_available
2026-09-23T09:00:04.917314+00:00,2026-09-23T14:30:04.917314+05:30,NIFTYNXT50,29-Sep-2026,67500.0,PE,0,,0,,0,0.0,,0,0,0,0,0,,,,,,,,,,,,,,,0.016552355488521055,,,,,,10.3,25,71950.1,72386.35,71931.5,71804.05,none,no_price_available
2026-09-23T09:00:04.917314+00:00,2026-09-23T14:30:04.917314+05:30,NIFTYNXT50,29-Sep-2026,67600.0,CE,72391.4,4030,550,5389.65,550,0.0,4709.825,0,0,0,0,0,,,,,,,,,,,,,,,0.016552355488521055,,,,,,10.3,25,71950.1,72386.35,71931.5,71804.05,mid_price,no_price_available
2026-09-23T09:00:04.917314+00:00,2026-09-23T14:30:04.917314+05:30,NIFTYNXT50,29-Sep-2026,67600.0,PE,0,,0,,0,0.0,,0,0,0,0,0,,,,,,,,,,,,,,,0.016552355488521055,,,,,,10.3,25,71950.1,72386.35,71931.5,71804.05,none,no_price_available
2026-09-23T09:00:04.917314+00:00,2026-09-23T14:30:04.917314+05:30,NIFTYNXT50,29-Sep-2026,67700.0,CE,72391.4,3942,550,5282.8,550,0.0,4612.4,0,0,0,0,0,,,,,,,,,,,,,,,0.016552355488521055,,,,,,10.3,25,71950.1,72386.35,71931.5,71804.05,mid_price,no_price_available
2026-09-23T09:00:04.917314+00:00,2026-09-23T14:30:04.917314+05:30,NIFTYNXT50,29-Sep-2026,67700.0,PE,0,,0,,0,0.0,,0,0,0,0,0,,,,,,,,,,,,,,,0.016552355488521055,,,,,,10.3,25,71950.1,72386.35,71931.5,71804.05,none,no_price_available
2026-09-23T09:00:04.917314+00:00,2026-09-23T14:30:04.917314+05:30,NIFTYNXT50,29-Sep-2026,67800.0,CE,72391.4,3937.3,550,5176.3,550,0.0,4556.8,0,0,0,0,0,,,,,,,,,,,,,,,0.016552355488521055,,,,,,10.3,25,71950.1,72386.35,71931.5,71804.05,mid_price,no_price_available
2026-09-23T09:00:04.917314+00:00,2026-09-23T14:30:04.917314+05:30,NIFTYNXT50,29-Sep-2026,67800.0,PE,0,,0,,0,0.0,,0,0,0,0,0,,,,,,,,,,,,,,,0.016552355488521055,,,,,,10.3,25,71950.1,72386.35,71931.5,71804.05,none,no_price_available
2026-09-23T09:00:04.917314+00:00,2026-09-23T14:30:04.917314+05:30,NIFTYNXT50,29-Sep-2026,67900.0,CE,72391.4,3848.25,550,5069.45,550,0.0,4458.85,0,0,0,0,0,,,,,,,,,,,,,,,0.016552355488521055,,,,,,10.3,25,71950.1,72386.35,71931.5,71804.05,mid_price,no_price_available
2026-09-23T09:00:04.917314+00:00,2026-09-23T14:30:04.917314+05:30,NIFTYNXT50,29-Sep-2026,67900.0,PE,0,,0,,0,0.0,,0,0,0,0,0,,,,,,,,,,,,,,,0.016552355488521055,,,,,,10.3,25,71950.1,72386.35,71931.5,71804.05,none,no_price_available
2026-09-23T09:00:04.917314+00:00,2026-09-23T14:30:04.917314+05:30,NIFTYNXT50,29-Sep-2026,68000.0,CE,72391.4,3760.05,550,4963.35,550,0.0,4361.700000000001,0,0,0,0,0,,,,,,,,,,,,,,,0.016552355488521055,,,,,,10.3,25,71950.1,72386.35,71931.5,71804.05,mid_price,no_price_available
2026-09-23T09:00:04.917314+00:00,2026-09-23T14:30:04.917314+05:30,NIFTYNXT50,29-Sep-2026,68000.0,PE,0,,0,,0,0.0,,0,0,0,0,0,,,,,,,,,,,,,,,0.016552355488521055,,,,,,10.3,25,71950.1,72386.35,71931.5,71804.05,none,no_price_available
2026-09-23T09:00:04.917314+00:00,2026-09-23T14:30:04.917314+05:30,NIFTYNXT50,29-Sep-2026,68100.0,CE,72391.4,3667.8,550,4870.45,550,0.0,4269.125,0,0,0,0,0,,,,,,,,,,,,,,,0.016552355488521055,,,,,,10.3,25,71950.1,72386.35,71931.5,71804.05,mid_price,no_price_available
2026-09-23T09:00:04.917314+00:00,2026-09-23T14:30:04.917314+05:30,NIFTYNXT50,29-Sep-2026,68100.0,PE,0,,0,,0,0.0,,0,0,0,0,0,,,,,,,,,,,,,,,0.016552355488521055,,,,,,10.3,25,71950.1,72386.35,71931.5,71804.05,none,no_price_available
2026-09-23T09:00:04.917314+00:00,2026-09-23T14:30:04.917314+05:30,NIFTYNXT50,29-Sep-2026,68200.0,CE,72391.4,3577.3,550,4753.35,550,0.0,4165.325000000001,0,0,0,0,0,,,,,,,,,,,,,,,0.016552355488521055,,,,,,10.3,25,71950.1,72386.35,71931.5,71804.05,mid_price,no_price_available
2026-09-23T09:00:04.917314+00:00,2026-09-23T14:30:04.917314+05:30,NIFTYNXT50,29-Sep-2026,68200.0,PE,0,,0,,0,0.0,,0,0,0,0,0,,,,,,,,,,,,,,,0.016552355488521055,,,,,,10.3,25,71950.1,72386.35,71931.5,71804.05,none,no_price_available
2026-09-23T09:00:04.917314+00:00,2026-09-23T14:30:04.917314+05:30,NIFTYNXT50,29-Sep-2026,68300.0,CE,72391.4,3486.9,550,4648.25,550,0.0,4067.575,0,0,0,0,0,,,,,,,,,,,,,,,0.016552355488521055,,,,,,10.3,25,71950.1,72386.35,71931.5,71804.05,mid_price,no_price_available
2026-09-23T09:00:04.917314+00:00,2026-09-23T14:30:04.917314+05:30,NIFTYNXT50,29-Sep-2026,68300.0,PE,0,,0,,0,0.0,,0,0,0,0,0,,,,,,,,,,,,,,,0.016552355488521055,,,,,,10.3,25,71950.1,72386.35,71931.5,71804.05,none,no_price_available
2026-09-23T09:00:04.917314+00:00,2026-09-23T14:30:04.917314+05:30,NIFTYNXT50,29-Sep-2026,68400.0,CE,72391.4,3398.35,550,4543.45,550,0.0,3970.8999999999996,0,0,0,0,0,,,,,,,,,,,,,,,0.016552355488521055,,,,,,10.3,25,71950.1,72386.35,71931.5,71804.05,mid_price,no_price_available
2026-09-23T09:00:04.917314+00:00,2026-09-23T14:30:04.917314+05:30,NIFTYNXT50,29-Sep-2026,68400.0,PE,0,,0,,0,0.0,,0,0,0,0,0,,,,,,,,,,,,,,,0.016552355488521055,,,,,,10.3,25,71950.1,72386.35,71931.5,71804.05,none,no_price_available
2026-09-23T09:00:04.917314+00:00,2026-09-23T14:30:04.917314+05:30,NIFTYNXT50,29-Sep-2026,68500.0,CE,72391.4,3307.55,550,4438.35,550,0.0,3872.9500000000003,0,0,0,0,0,,,,,,,,,,,,,,,0.016552355488521055,,,,,,10.3,25,71950.1,72386.35,71931.5,71804.05,mid_price,no_price_available
2026-09-23T09:00:04.917314+00:00,2026-09-23T14:30:04.917314+05:30,NIFTYNXT50,29-Sep-2026,68500.0,PE,0,,0,,0,0.0,,0,0,0,0,0,,,,,,,,,,,,,,,0.016552355488521055,,,,,,10.3,25,71950.1,72386.35,71931.5,71804.05,none,no_price_available
2026-09-23T09:00:04.917314+00:00,2026-09-23T14:30:04.917314+05:30,NIFTYNXT50,29-Sep-2026,68600.0,CE,72391.4,3217.4,550,4333.45,550,0.0,3775.425,0,0,0,0,0,,,,,,,,,,,,,,,0.016552355488521055,,,,,,10.3,25,71950.1,72386.35,71931.5,71804.05,mid_price,no_price_available
2026-09-23T09:00:04.917314+00:00,2026-09-23T14:30:04.917314+05:30,NIFTYNXT50,29-Sep-2026,68600.0,PE,0,,0,,0,0.0,,0,0,0,0,0,,,,,,,,,,,,,,,0.016552355488521055,,,,,,10.3,25,71950.1,72386.35,71931.5,71804.05,none,no_price_available
2026-09-23T09:00:04.917314+00:00,2026-09-23T14:30:04.917314+05:30,NIFTYNXT50,29-Sep-2026,68700.0,CE,72391.4,3126.5,550,4228.45,550,0.0,3677.475,0,0,0,0,0,,,,,,,,,,,,,,,0.016552355488521055,,,,,,10.3,25,71950.1,72386.35,71931.5,71804.05,mid_price,no_price_available
2026-09-23T09:00:04.917314+00:00,2026-09-23T14:30:04.917314+05:30,NIFTYNXT50,29-Sep-2026,68700.0,PE,0,,0,,0,0.0,,0,0,0,0,0,,,,,,,,,,,,,,,0.016552355488521055,,,,,,10.3,25,71950.1,72386.35,71931.5,71804.05,none,no_price_available
2026-09-23T09:00:04.917314+00:00,2026-09-23T14:30:04.917314+05:30,NIFTYNXT50,29-Sep-2026,68800.0,CE,72391.4,3036.8,550,4123.35,550,0.0,3580.0750000000003,0,0,0,0,0,,,,,,,,,,,,,,,0.016552355488521055,,,,,,10.3,25,71950.1,72386.35,71931.5,71804.05,mid_price,no_price_available
2026-09-23T09:00:04.917314+00:00,2026-09-23T14:30:04.917314+05:30,NIFTYNXT50,29-Sep-2026,68800.0,PE,0,,0,,0,0.0,,0,0,0,0,0,,,,,,,,,,,,,,,0.016552355488521055,,,,,,10.3,25,71950.1,72386.35,71931.5,71804.05,none,no_price_available
2026-09-23T09:00:04.917314+00:00,2026-09-23T14:30:04.917314+05:30,NIFTYNXT50,29-Sep-2026,68900.0,CE,72391.4,2947.45,550,4018.25,550,0.0,3482.85,0,0,0,0,0,,,,,,,,,,,,,,,0.016552355488521055,,,,,,10.3,25,71950.1,72386.35,71931.5,71804.05,mid_price,no_price_available
2026-09-23T09:00:04.917314+00:00,2026-09-23T14:30:04.917314+05:30,NIFTYNXT50,29-Sep-2026,68900.0,PE,0,,0,,0,0.0,,0,0,0,0,0,,,,,,,,,,,,,,,0.016552355488521055,,,,,,10.3,25,71950.1,72386.35,71931.5,71804.05,none,no_price_available
2026-09-23T09:00:04.917314+00:00,2026-09-23T14:30:04.917314+05:30,NIFTYNXT50,29-Sep-2026,69000.0,CE,72391.4,2856.7,550,3913.45,550,0.0,3385.075,0,0,0,0,0,,,,,,,,,,,,,,,0.016552355488521055,,,,,,10.3,25,71950.1,72386.35,71931.5,71804.05,mid_price,no_price_available
2026-09-23T09:00:04.917314+00:00,2026-09-23T14:30:04.917314+05:30,NIFTYNXT50,29-Sep-2026,69000.0,PE,0,,0,,0,0.0,,0,0,0,0,0,,,,,,,,,,,,,,,0.016552355488521055,,,,,,10.3,25,71950.1,72386.35,71931.5,71804.05,none,no_price_available
2026-09-23T09:00:04.917314+00:00,2026-09-23T14:30:04.917314+05:30,NIFTYNXT50,29-Sep-2026,69100.0,CE,72391.4,2766.7,550,3808.35,550,0.0,3287.5249999999996,0,0,0,0,0,,,,,,,,,,,,,,,0.016552355488521055,,,,,,10.3,25,71950.1,72386.35,71931.5,71804.05,mid_price,no_price_available
2026-09-23T09:00:04.917314+00:00,2026-09-23T14:30:04.917314+05:30,NIFTYNXT50,29-Sep-2026,69100.0,PE,0,,0,,0,0.0,,0,0,0,0,0,,,,,,,,,,,,,,,0.016552355488521055,,,,,,10.3,25,71950.1,72386.35,71931.5,71804.05,none,no_price_available
2026-09-23T09:00:04.917314+00:00,2026-09-23T14:30:04.917314+05:30,NIFTYNXT50,29-Sep-2026,69200.0,CE,72391.4,2677.2,550,3703.25,550,0.0,3190.225,0,0,0,0,0,,,,,,,,,,,,,,,0.016552355488521055,,,,,,10.3,25,71950.1,72386.35,71931.5,71804.05,mid_price,no_price_available
2026-09-23T09:00:04.917314+00:00,2026-09-23T14:30:04.917314+05:30,NIFTYNXT50,29-Sep-2026,69200.0,PE,0,,0,,0,0.0,,0,0,0,0,0,,,,,,,,,,,,,,,0.016552355488521055,,,,,,10.3,25,71950.1,72386.35,71931.5,71804.05,none,no_price_available
2026-09-23T09:00:04.917314+00:00,2026-09-23T14:30:04.917314+05:30,NIFTYNXT50,29-Sep-2026,69300.0,CE,72391.4,2586.8,550,3598.45,550,0.0,3092.625,0,0,0,0,0,,,,,,,,,,,,,,,0.016552355488521055,72370.2,-0.01769508610184723,0.0101,index_dividend_yield,0.065,10.3,25,71950.1,72386.35,71931.5,71804.05,mid_price,no_nse_iv
2026-09-23T09:00:04.917314+00:00,2026-09-23T14:30:04.917314+05:30,NIFTYNXT50,29-Sep-2026,69300.0,PE,0,,0,,0,0.0,,0,0,0,0,0,,,,,,,,,,,,,,,0.016552355488521055,,,,,,10.3,25,71950.1,72386.35,71931.5,71804.05,none,no_price_available
2026-09-23T09:00:04.917314+00:00,2026-09-23T14:30:04.917314+05:30,NIFTYNXT50,29-Sep-2026,69400.0,CE,72391.4,2496.55,550,3493.25,550,0.0,2994.9,0,0,0,0,0,,,,,,,,,,,,,,,0.016552355488521055,72370.2,-0.01769508610184723,0.0101,index_dividend_yield,0.065,10.3,25,71950.1,72386.35,71931.5,71804.05,mid_price,no_nse_iv
2026-09-23T09:00:04.917314+00:00,2026-09-23T14:30:04.917314+05:30,NIFTYNXT50,29-Sep-2026,69400.0,PE,0,,0,,0,0.0,,0,0,0,0,0,,,,,,,,,,,,,,,0.016552355488521055,,,,,,10.3,25,71950.1,72386.35,71931.5,71804.05,none,no_price_available
2026-09-23T09:00:04.917314+00:00,2026-09-23T14:30:04.917314+05:30,NIFTYNXT50,29-Sep-2026,69500.0,CE,72391.4,2407.1,550,3388.45,550,0.0,2897.7749999999996,0,0,0,0,0,,,,,,,,,,,,,,,0.016552355488521055,72370.2,-0.01769508610184723,0.0101,index_dividend_yield,0.065,10.3,25,71950.1,72386.35,71931.5,71804.05,mid_price,no_nse_iv
2026-09-23T09:00:04.917314+00:00,2026-09-23T14:30:04.917314+05:30,NIFTYNXT50,29-Sep-2026,69500.0,PE,0,,0,,0,0.0,,0,0,0,0,0,,,,,,,,,,,,,,,0.016552355488521055,,,,,,10.3,25,71950.1,72386.35,71931.5,71804.05,none,no_price_available
2026-09-23T09:00:04.917314+00:00,2026-09-23T14:30:04.917314+05:30,NIFTYNXT50,29-Sep-2026,69600.0,CE,72391.4,2315.8,550,3283.35,550,0.0,2799.575,0,0,0,0,0,,,,,,,,,,,,,,,0.016552355488521055,72370.2,-0.01769508610184723,0.0101,index_dividend_yield,0.065,10.3,25,71950.1,72386.35,71931.5,71804.05,mid_price,no_nse_iv
2026-09-23T09:00:04.917314+00:00,2026-09-23T14:30:04.917314+05:30,NIFTYNXT50,29-Sep-2026,69600.0,PE,0,,0,,0,0.0,,0,0,0,0,0,,,,,,,,,,,,,,,0.016552355488521055,,,,,,10.3,25,71950.1,72386.35,71931.5,71804.05,none,no_price_available
2026-09-23T09:00:04.917314+00:00,2026-09-23T14:30:04.917314+05:30,NIFTYNXT50,29-Sep-2026,69700.0,CE,72391.4,2227.55,550,3178.15,550,0.0,2702.8500000000004,0,0,0,0,0,,,,,,,,,,,,,,,0.016552355488521055,72370.2,-0.01769508610184723,0.0101,index_dividend_yield,0.065,10.3,25,71950.1,72386.35,71931.5,71804.05,mid_price,no_nse_iv
2026-09-23T09:00:04.917314+00:00,2026-09-23T14:30:04.917314+05:30,NIFTYNXT50,29-Sep-2026,69700.0,PE,0,,0,,0,0.0,,0,0,0,0,0,,,,,,,,,,,,,,,0.016552355488521055,,,,,,10.3,25,71950.1,72386.35,71931.5,71804.05,none,no_price_available
2026-09-23T09:00:04.917314+00:00,2026-09-23T14:30:04.917314+05:30,NIFTYNXT50,29-Sep-2026,69800.0,CE,72391.4,2136.6,550,3073.45,550,0.0,2605.0249999999996,0,0,0,0,0,,,,,,,,,,,,,,,0.016552355488521055,72370.2,-0.01769508610184723,0.0101,index_dividend_yield,0.065,10.3,25,71950.1,72386.35,71931.5,71804.05,mid_price,no_nse_iv
2026-09-23T09:00:04.917314+00:00,2026-09-23T14:30:04.917314+05:30,NIFTYNXT50,29-Sep-2026,69800.0,PE,0,,0,,0,0.0,,0,0,0,0,0,,,,,,,,,,,,,,,0.016552355488521055,,,,,,10.3,25,71950.1,72386.35,71931.5,71804.05,none,no_price_available
2026-09-23T09:00:04.917314+00:00,2026-09-23T14:30:04.917314+05:30,NIFTYNXT50,29-Sep-2026,69900.0,CE,72391.4,2048.05,550,2968.45,550,0.0,2508.25,0,0,0,0,0,,,,,,,,,,,,,,,0.016552355488521055,72370.2,-0.01769508610184723,0.0101,index_dividend_yield,0.065,10.3,25,71950.1,72386.35,71931.5,71804.05,mid_price,no_nse_iv
2026-09-23T09:00:04.917314+00:00,2026-09-23T14:30:04.917314+05:30,NIFTYNXT50,29-Sep-2026,69900.0,PE,0,,0,,0,0.0,,0,0,0,0,0,,,,,,,,,,,,,,,0.016552355488521055,,,,,,10.3,25,71950.1,72386.35,71931.5,71804.05,none,no_price_available
2026-09-23T09:00:04.917314+00:00,2026-09-23T14:30:04.917314+05:30,NIFTYNXT50,29-Sep-2026,70000.0,CE,72391.4,1956.4,550,2863.35,550,0.0,2409.875,3,0,0,0,0,,,,,,,,,,,,,,,0.016552355488521055,72370.2,-0.01769508610184723,0.0101,index_dividend_yield,0.065,10.3,25,71950.1,72386.35,71931.5,71804.05,mid_price,no_nse_iv
2026-09-23T09:00:04.917314+00:00,2026-09-23T14:30:04.917314+05:30,NIFTYNXT50,29-Sep-2026,70000.0,PE,72391.4,15.05,25,33.2,25,34.9,24.125,8,1,3,-64.38775510204081,16.89,-0.05494801202658638,7.066130493959538e-05,-13.865898345812894,10.352495713555536,-1.0377073006681072,0.01373022815379658,154.49985935679143,-7.257682319744478e-08,0.000636213326401498,-8.121665571479348e-06,-2.9004078420291766,-107.55908447249674,0.0573535091846207,7.557175793805475e-05,0.016552355488521055,72370.2,-0.01769508610184723,0.0101,index_dividend_yield,0.065,10.3,25,71950.1,72386.35,71931.5,71804.05,mid_price,wide_quote_low_liquidity
2026-09-23T09:00:04.917314+00:00,2026-09-23T14:30:04.917314+05:30,NIFTYNXT50,29-Sep-2026,70100.0,CE,72391.4,1875.45,550,2930.3,550,0.0,2402.875,0,0,0,0,0,,,,,,,,,,,,,,,0.016552355488521055,72370.2,-0.01769508610184723,0.0101,index_dividend_yield,0.065,10.3,25,71950.1,72386.35,71931.5,71804.05,mid_price,no_nse_iv
2026-09-23T09:00:04.917314+00:00,2026-09-23T14:30:04.917314+05:30,NIFTYNXT50,29-Sep-2026,70100.0,PE,0,,0,,0,0.0,,0,0,0,0,0,,,,,,,,,,,,,,,0.016552355488521055,,,,,,10.3,25,71950.1,72386.35,71931.5,71804.05,none,no_price_available
2026-09-23T09:00:04.917314+00:00,2026-09-23T14:30:04.917314+05:30,NIFTYNXT50,29-Sep-2026,70200.0,CE,72391.4,1797.85,550,2959,550,0.0,2378.425,0,0,0,0,0,,,,,,,,,,,,,,,0.016552355488521055,72370.2,-0.01769508610184723,0.0101,index_dividend_yield,0.065,10.3,25,71950.1,72386.35,71931.5,71804.05,mid_price,no_nse_iv
2026-09-23T09:00:04.917314+00:00,2026-09-23T14:30:04.917314+05:30,NIFTYNXT50,29-Sep-2026,70200.0,PE,0,,0,,0,0.0,,0,0,0,0,0,,,,,,,,,,,,,,,0.016552355488521055,,,,,,10.3,25,71950.1,72386.35,71931.5,71804.05,none,no_price_available
2026-09-23T09:00:04.917314+00:00,2026-09-23T14:30:04.917314+05:30,NIFTYNXT50,29-Sep-2026,70300.0,CE,72391.4,1778.95,550,2719.85,550,0.0,2249.4,0,0,0,0,0,,,,,,,,,,,,,,,0.016552355488521055,72370.2,-0.01769508610184723,0.0101,index_dividend_yield,0.065,10.3,25,71950.1,72386.35,71931.5,71804.05,mid_price,no_nse_iv
2026-09-23T09:00:04.917314+00:00,2026-09-23T14:30:04.917314+05:30,NIFTYNXT50,29-Sep-2026,70300.0,PE,0,,0,,0,0.0,,0,0,0,0,0,,,,,,,,,,,,,,,0.016552355488521055,,,,,,10.3,25,71950.1,72386.35,71931.5,71804.05,none,no_price_available
2026-09-23T09:00:04.917314+00:00,2026-09-23T14:30:04.917314+05:30,NIFTYNXT50,29-Sep-2026,70400.0,CE,72391.4,1532,550,2585.75,550,0.0,2058.875,0,0,0,0,0,,,,,,,,,,,,,,,0.016552355488521055,72370.2,-0.01769508610184723,0.0101,index_dividend_yield,0.065,10.3,25,71950.1,72386.35,71931.5,71804.05,mid_price,no_nse_iv
2026-09-23T09:00:04.917314+00:00,2026-09-23T14:30:04.917314+05:30,NIFTYNXT50,29-Sep-2026,70400.0,PE,0,,0,,0,0.0,,0,0,0,0,0,,,,,,,,,,,,,,,0.016552355488521055,,,,,,10.3,25,71950.1,72386.35,71931.5,71804.05,none,no_price_available
2026-09-23T09:00:04.917314+00:00,2026-09-23T14:30:04.917314+05:30,NIFTYNXT50,29-Sep-2026,70500.0,CE,72391.4,1610.85,550,2485.15,550,0.0,2048.0,0,0,0,0,0,,,,,,,,,,,,,,,0.016552355488521055,72370.2,-0.01769508610184723,0.0101,index_dividend_yield,0.065,10.3,25,71950.1,72386.35,71931.5,71804.05,mid_price,no_nse_iv
2026-09-23T09:00:04.917314+00:00,2026-09-23T14:30:04.917314+05:30,NIFTYNXT50,29-Sep-2026,70500.0,PE,0,,0,,0,0.0,,0,0,0,0,0,,,,,,,,,,,,,,,0.016552355488521055,,,,,,10.3,25,71950.1,72386.35,71931.5,71804.05,none,no_price_available
2026-09-23T09:00:04.917314+00:00,2026-09-23T14:30:04.917314+05:30,NIFTYNXT50,29-Sep-2026,70600.0,CE,72391.4,1521.35,550,2589.55,550,0.0,2055.45,0,0,0,0,0,,,,,,,,,,,,,,,0.016552355488521055,72370.2,-0.01769508610184723,0.0101,index_dividend_yield,0.065,10.3,25,71950.1,72386.35,71931.5,71804.05,mid_price,no_nse_iv
2026-09-23T09:00:04.917314+00:00,2026-09-23T14:30:04.917314+05:30,NIFTYNXT50,29-Sep-2026,70600.0,PE,0,,0,,0,0.0,,0,0,0,0,0,,,,,,,,,,,,,,,0.016552355488521055,,,,,,10.3,25,71950.1,72386.35,71931.5,71804.05,none,no_price_available
2026-09-23T09:00:04.917314+00:00,2026-09-23T14:30:04.917314+05:30,NIFTYNXT50,29-Sep-2026,70700.0,CE,72391.4,1354.85,550,2266.85,550,0.0,1810.85,0,0,0,0,0,,,,,,,,,,,,,,,0.016552355488521055,72370.2,-0.01769508610184723,0.0101,index_dividend_yield,0.065,10.3,25,71950.1,72386.35,71931.5,71804.05,mid_price,no_nse_iv
2026-09-23T09:00:04.917314+00:00,2026-09-23T14:30:04.917314+05:30,NIFTYNXT50,29-Sep-2026,70700.0,PE,72391.4,0.05,50,140.4,25,0.0,70.22500000000001,0,0,0,0,0,,,,,,,,,,,,,,,0.016552355488521055,72370.2,-0.01769508610184723,0.0101,index_dividend_yield,0.065,10.3,25,71950.1,72386.35,71931.5,71804.05,mid_price,no_nse_iv
2026-09-23T09:00:04.917314+00:00,2026-09-23T14:30:04.917314+05:30,NIFTYNXT50,29-Sep-2026,70800.0,CE,72391.4,1331.75,550,,0,0.0,,0,0,0,0,0,,,,,,,,,,,,,,,0.016552355488521055,,,,,,10.3,25,71950.1,72386.35,71931.5,71804.05,none,no_price_available
2026-09-23T09:00:04.917314+00:00,2026-09-23T14:30:04.917314+05:30,NIFTYNXT50,29-Sep-2026,70800.0,PE,72391.4,0.1,650,160.6,125,0.0,80.35,1,0,0,0,21.8,-0.20070993618960245,0.00013817232458825449,-44.91299900188798,26.128309633019644,-1.0435648259459056,0.01733492426095368,81.54342480091614,-5.829717243778796e-08,-0.00020259193246767774,4.271766316643219e-06,-3.516428753796922,-62.95952515125865,0.20848095020264837,0.00014445364341356858,0.016552355488521055,72370.2,-0.01769508610184723,0.0101,index_dividend_yield,0.065,10.3,25,71950.1,72386.35,71931.5,71804.05,mid_price,wide_quote_low_liquidity
2026-09-23T09:00:04.917314+00:00,2026-09-23T14:30:04.917314+05:30,NIFTYNXT50,29-Sep-2026,70900.0,CE,72391.4,1211.95,550,2065.55,550,0.0,1638.75,0,0,0,0,0,,,,,,,,,,,,,,,0.016552355488521055,72370.2,-0.01769508610184723,0.0101,index_dividend_yield,0.065,10.3,25,71950.1,72386.35,71931.5,71804.05,mid_price,no_nse_iv
2026-09-23T09:00:04.917314+00:00,2026-09-23T14:30:04.917314+05:30,NIFTYNXT50,29-Sep-2026,70900.0,PE,72391.4,0.05,50,174.75,25,0.0,87.4,0,0,0,0,0,,,,,,,,,,,,,,,0.016552355488521055,72370.2,-0.01769508610184723,0.0101,index_dividend_yield,0.065,10.3,25,71950.1,72386.35,71931.5,71804.05,mid_price,no_nse_iv
2026-09-23T09:00:04.917314+00:00,2026-09-23T14:30:04.917314+05:30,NIFTYNXT50,29-Sep-2026,71000.0,CE,72391.4,1450,25,1580,25,0.0,1515.0,128,0,0,0,13.99,0.8722418403696799,0.00016025474696147347,-31.739583166490085,19.44743701168447,-1.671262642528204,0.017638844857782474,177.10115017798066,-1.3915557091623173e-07,0.0003139705339605663,-2.131632215365886e-06,-3.4749486163076795,41.02259883583182,-0.8676561673306279,0.0001665973759678472,0.016552355488521055,72370.2,-0.01769508610184723,0.0101,index_dividend_yield,0.065,10.3,25,71950.1,72386.35,71931.5,71804.05,mid_price,ok
2026-09-23T09:00:04.917314+00:00,2026-09-23T14:30:04.917314+05:30,NIFTYNXT50,29-Sep-2026,71000.0,PE,72391.4,70.05,25,89.95,25,88.5,80.0,93,40,49,-60.666666666666664,14.47,-0.13550918489277566,0.00016151370499921968,-22.78507334912621,20.27270342511486,-1.627609809911501,0.017739524378821824,166.84592143262478,-1.3135993662937779e-07,0.00021314093850283156,-1.1349823667127396e-06,-3.4955114729644285,-105.35813227234384,0.1394761654378046,0.00016790616157026411,0.016552355488521055,72370.2,-0.01769508610184723,0.0101,index_dividend_yield,0.065,10.3,25,71950.1,72386.35,71931.5,71804.05,mid_price,wide_quote_low_liquidity
2026-09-23T09:00:04.917314+00:00,2026-09-23T14:30:04.917314+05:30,NIFTYNXT50,29-Sep-2026,71100.0,CE,72391.4,1045.35,550,3559.35,50,0.0,2302.35,0,0,0,0,0,,,,,,,,,,,,,,,0.016552355488521055,72370.2,-0.01769508610184723,0.0101,index_dividend_yield,0.065,10.3,25,71950.1,72386.35,71931.5,71804.05,mid_price,no_nse_iv
2026-09-23T09:00:04.917314+00:00,2026-09-23T14:30:04.917314+05:30,NIFTYNXT50,29-Sep-2026,71100.0,PE,72391.4,0.1,50,205.95,50,0.0,103.02499999999999,0,0,0,0,0,,,,,,,,,,,,,,,0.016552355488521055,72370.2,-0.01769508610184723,0.0101,index_dividend_yield,0.065,10.3,25,71950.1,72386.35,71931.5,71804.05,mid_price,no_nse_iv
2026-09-23T09:00:04.917314+00:00,2026-09-23T14:30:04.917314+05:30,NIFTYNXT50,29-Sep-2026,71200.0,CE,72391.4,1.1,100,3218.95,50,0.0,1610.0249999999999,0,0,0,0,0,,,,,,,,,,,,,,,0.016552355488521055,72370.2,-0.01769508610184723,0.0101,index_dividend_yield,0.065,10.3,25,71950.1,72386.35,71931.5,71804.05,mid_price,no_nse_iv
2026-09-23T09:00:04.917314+00:00,2026-09-23T14:30:04.917314+05:30,NIFTYNXT50,29-Sep-2026,71200.0,PE,72391.4,0.05,50,223.05,75,0.0,111.55000000000001,0,0,0,0,0,,,,,,,,,,,,,,,0.016552355488521055,72370.2,-0.01769508610184723,0.0101,index_dividend_yield,0.065,10.3,25,71950.1,72386.35,71931.5,71804.05,mid_price,no_nse_iv
2026-09-23T09:00:04.917314+00:00,2026-09-23T14:30:04.917314+05:30,NIFTYNXT50,29-Sep-2026,71300.0,CE,72391.4,,0,1715.1,550,0.0,,0,0,0,0,0,,,,,,,,,,,,,,,0.016552355488521055,,,,,,10.3,25,71950.1,72386.35,71931.5,71804.05,none,no_price_available
2026-09-23T09:00:04.917314+00:00,2026-09-23T14:30:04.917314+05:30,NIFTYNXT50,29-Sep-2026,71300.0,PE,72391.4,,0,241,25,0.0,,0,0,0,0,0,,,,,,,,,,,,,,,0.016552355488521055,,,,,,10.3,25,71950.1,72386.35,71931.5,71804.05,none,no_price_available
2026-09-23T09:00:04.917314+00:00,2026-09-23T14:30:04.917314+05:30,NIFTYNXT50,29-Sep-2026,71400.0,CE,72391.4,0.05,50,1730.8,550,0.0,865.425,0,0,0,0,0,,,,,,,,,,,,,,,0.016552355488521055,,,,,,10.3,25,71950.1,72386.35,71931.5,71804.05,mid_price,no_price_available
2026-09-23T09:00:04.917314+00:00,2026-09-23T14:30:04.917314+05:30,NIFTYNXT50,29-Sep-2026,71400.0,PE,72391.4,109.9,200,240.25,200,0.0,175.075,0,0,0,0,0,,,,,,,,,,,,,,,0.016552355488521055,72370.2,-0.01769508610184723,0.0101,index_dividend_yield,0.065,10.3,25,71950.1,72386.35,71931.5,71804.05,mid_price,no_nse_iv
2026-09-23T09:00:04.917314+00:00,2026-09-23T14:30:04.917314+05:30,NIFTYNXT50,29-Sep-2026,71500.0,CE,72391.4,1033.4,25,1169.95,25,1025.85,1101.6750000000002,32,-3,3,-6.740909090909091,8.75,0.8822319854130931,0.00024197824077705778,-22.727218257328552,18.36614988714425,-2.6495717906409033,0.016585744013107525,292.92819266208346,-3.3791220139929237e-07,0.0010944778963033678,-4.116961282496951e-06,-3.3497496319823625,63.65219157884029,-0.8791978937535548,0.00024804940106774626,0.016552355488521055,72370.2,-0.01769508610184723,0.0101,index_dividend_yield,0.065,10.3,25,71950.1,72386.35,71931.5,71804.05,mid_price,ok
2026-09-23T09:00:04.917314+00:00,2026-09-23T14:30:04.917314+05:30,NIFTYNXT50,29-Sep-2026,71500.0,PE,72391.4,126.05,25,155.95,25,160,141.0,33,2,8,-42.028985507246375,13.78,-0.2238924711696569,0.00023301343472287558,-29.2960442152952,27.852484130540116,-1.6087075665722899,0.015821021233834397,113.72271959717395,-1.3655698368268578e-07,-0.0007395292350626149,9.934494901334022e-06,-3.423068679424007,-96.9614211665763,0.22902164424104077,0.00023885967076270952,0.016552355488521055,72370.2,-0.01769508610184723,0.0101,index_dividend_yield,0.065,10.3,25,71950.1,72386.35,71931.5,71804.05,mid_price,wide_quote_low_liquidity
2026-09-23T09:00:04.917314+00:00,2026-09-23T14:30:04.917314+05:30,NIFTYNXT50,29-Sep-2026,71600.0,CE,72391.4,947.3,25,1039.8,75,975,993.55,1,0,1,8.333333333333334,10.39,0.8150039728716433,0.0002756683186915627,-30.067473739521375,24.84483754327886,-2.2687273470153313,0.016545341311640708,189.54857856259187,-2.4646743785923353e-07,-0.0005498892288150099,7.500059624066134e-06,-3.4355661866753358,61.804608073555734,-0.8106797332125483,0.00028179596109851717,0.016552355488521055,72370.2,-0.01769508610184723,0.0101,index_dividend_yield,0.065,10.3,25,71950.1,72386.35,71931.5,71804.05,mid_price,ok
2026-09-23T09:00:04.917314+00:00,2026-09-23T14:30:04.917314+05:30,NIFTYNXT50,29-Sep-2026,71600.0,PE,72391.4,0.15,150,301.55,25,0.0,150.85,0,0,0,0,0,,,,,,,,,,,,,,,0.016552355488521055,72370.2,-0.01769508610184723,0.0101,index_dividend_yield,0.065,10.3,25,71950.1,72386.35,71931.5,71804.05,mid_price,no_nse_iv
2026-09-23T09:00:04.917314+00:00,2026-09-23T14:30:04.917314+05:30,NIFTYNXT50,29-Sep-2026,71700.0,CE,72391.4,716,25,1382,550,0.0,1049.0,0,0,0,0,0,,,,,,,,,,,,,,,0.016552355488521055,72370.2,-0.01769508610184723,0.0101,index_dividend_yield,0.065,10.3,25,71950.1,72386.35,71931.5,71804.05,mid_price,no_nse_iv
2026-09-23T09:00:04.917314+00:00,2026-09-23T14:30:04.917314+05:30,NIFTYNXT50,29-Sep-2026,71700.0,PE,72391.4,,0,323.75,25,0.0,,0,0,0,0,0,,,,,,,,,,,,,,,0.016552355488521055,,,,,,10.3,25,71950.1,72386.35,71931.5,71804.05,none,no_price_available
2026-09-23T09:00:04.917314+00:00,2026-09-23T14:30:04.917314+05:30,NIFTYNXT50,29-Sep-2026,71800.0,CE,72391.4,0.05,50,1461.85,550,0.0,730.9499999999999,0,0,0,0,0,,,,,,,,,,,,,,,0.016552355488521055,72370.2,-0.01769508610184723,0.0101,index_dividend_yield,0.065,10.3,25,71950.1,72386.35,71931.5,71804.05,mid_price,no_nse_iv
2026-09-23T09:00:04.917314+00:00,2026-09-23T14:30:04.917314+05:30,NIFTYNXT50,29-Sep-2026,71800.0,PE,72391.4,0.05,50,347.25,25,0.0,173.65,0,0,0,0,0,,,,,,,,,,,,,,,0.016552355488521055,72370.2,-0.01769508610184723,0.0101,index_dividend_yield,0.065,10.3,25,71950.1,72386.35,71931.5,71804.05,mid_price,no_nse_iv
2026-09-23T09:00:04.917314+00:00,2026-09-23T14:30:04.917314+05:30,NIFTYNXT50,29-Sep-2026,71900.0,CE,72391.4,645,25,1217.65,550,0.0,931.325,0,0,0,0,0,,,,,,,,,,,,,,,0.016552355488521055,72370.2,-0.01769508610184723,0.0101,index_dividend_yield,0.065,10.3,25,71950.1,72386.35,71931.5,71804.05,mid_price,no_nse_iv
2026-09-23T09:00:04.917314+00:00,2026-09-23T14:30:04.917314+05:30,NIFTYNXT50,29-Sep-2026,71900.0,PE,72391.4,0.15,50,371.55,50,0.0,185.85,0,0,0,0,0,,,,,,,,,,,,,,,0.016552355488521055,72370.2,-0.01769508610184723,0.0101,index_dividend_yield,0.065,10.3,25,71950.1,72386.35,71931.5,71804.05,mid_price,no_nse_iv
2026-09-23T09:00:04.917314+00:00,2026-09-23T14:30:04.917314+05:30,NIFTYNXT50,29-Sep-2026,72000.0,CE,72391.4,684,25,742,25,681.15,713.0,51,-2,35,41.28811449906658,10.66,0.6801417637447541,0.00036001357429859914,-36.65604786253275,33.28969660346519,-1.5247157015903512,0.009565180857845858,66.5227225534828,-1.6418867384440799e-07,-0.002657969408950884,2.5334064669631305e-05,-3.17109699622212,74.10205699877856,-0.6746107484153495,0.0003639383607519726,0.016552355488521055,72370.2,-0.01769508610184723,0.0101,index_dividend_yield,0.065,10.3,25,71950.1,72386.35,71931.5,71804.05,mid_price,ok
2026-09-23T09:00:04.917314+00:00,2026-09-23T14:30:04.917314+05:30,NIFTYNXT50,29-Sep-2026,72000.0,PE,72391.4,242.2,150,293.95,25,275,268.075,29,5,19,-44.16243654822335,12.96,-0.34895673059520366,0.00030649866039524385,-33.105913118398,34.456196738354194,-1.05998777364949,0.00803553566131887,38.304714123949424,-9.832314212414967e-08,-0.0020243179070014434,2.2820286801964453e-05,-3.1419758848025077,-88.40428256036034,0.35482243912608435,0.00030984003937696705,0.016552355488521055,72370.2,-0.01769508610184723,0.0101,index_dividend_yield,0.065,10.3,25,71950.1,72386.35,71931.5,71804.05,mid_price,wide_quote_low_liquidity
2026-09-23T09:00:04.917314+00:00,2026-09-23T14:30:04.917314+05:30,NIFTYNXT50,29-Sep-2026,72100.0,CE,72391.4,590.4,100,672.05,100,516.15,631.2249999999999,3,3,3,-85.41083693716611,7.71,0.6924708199819758,0.0004894217627029344,-28.33651518839681,32.73191473324234,-2.2487622522623374,0.009053114781732496,105.40558240451858,-3.108685595289629e-07,-0.004772250858966901,3.423229870021255e-05,-3.1318109261607643,100.48336085807928,-0.6883502659800368,0.0004933858598938345,0.016552355488521055,72370.2,-0.01769508610184723,0.0101,index_dividend_yield,0.065,10.3,25,71950.1,72386.35,71931.5,71804.05,mid_price,ok
2026-09-23T09:00:04.917314+00:00,2026-09-23T14:30:04.917314+05:30,NIFTYNXT50,29-Sep-2026,72100.0,PE,72391.4,271.05,25,319.3,150,0.0,295.175,3,0,0,0,13.68,-0.3859950524311439,0.00030020798382553534,-36.066673309072996,35.623951550751755,-0.7605645222648061,0.005341246637133073,20.51537627597355,-6.946444895645355e-08,-0.002021711401901607,2.367216512652598e-05,-3.0923686398258896,-80.20565139818636,0.3923871107407554,0.00030263953410804875,0.016552355488521055,72370.2,-0.01769508610184723,0.0101,index_dividend_yield,0.065,10.3,25,71950.1,72386.35,71931.5,71804.05,mid_price,wide_quote_low_liquidity
2026-09-23T09:00:04.917314+00:00,2026-09-23T14:30:04.917314+05:30,NIFTYNXT50,29-Sep-2026,72200.0,CE,72391.4,0.05,50,795,25,0.0,397.525,0,0,0,0,0,,,,,,,,,,,,,,,0.016552355488521055,72370.2,-0.01769508610184723,0.0101,index_dividend_yield,0.065,10.3,25,71950.1,72386.35,71931.5,71804.05,mid_price,no_nse_iv
2026-09-23T09:00:04.917314+00:00,2026-09-23T14:30:04.917314+05:30,NIFTYNXT50,29-Sep-2026,72200.0,PE,72391.4,0.05,50,500,25,0.0,250.025,0,0,0,0,0,,,,,,,,,,,,,,,0.016552355488521055,72370.2,-0.01769508610184723,0.0101,index_dividend_yield,0.065,10.3,25,71950.1,72386.35,71931.5,71804.05,mid_price,no_nse_iv
2026-09-23T09:00:04.917314+00:00,2026-09-23T14:30:04.917314+05:30,NIFTYNXT50,29-Sep-2026,72300.0,CE,72391.4,495,25,544,25,518.15,519.5,1,1,8,-84.93027178733986,11.36,0.5618603534898385,0.000372445536603737,-40.53199700898265,36.70074343363284,-0.4902176050819995,0.0005722879889869489,7.1196057779374655,-5.6377974109858944e-08,-0.003206558976638369,3.079949458658582e-05,-3.0453237445779897,80.585806204968,-0.5555896304096246,0.00037338780601731575,0.016552355488521055,72370.2,-0.01769508610184723,0.0101,index_dividend_yield,0.065,10.3,25,71950.1,72386.35,71931.5,71804.05,mid_price,ok
2026-09-23T09:00:04.917314+00:00,2026-09-23T14:30:04.917314+05:30,NIFTYNXT50,29-Sep-2026,72300.0,PE,72391.4,,0,550,25,0.0,,0,0,0,0,0,,,,,,,,,,,,,,,0.016552355488521055,,,,,,10.3,25,71950.1,72386.35,71931.5,71804.05,none,no_price_available
2026-09-23T09:00:04.917314+00:00,2026-09-23T14:30:04.917314+05:30,NIFTYNXT50,29-Sep-2026,72400.0,CE,72391.4,0.1,50,680,25,0.0,340.05,0,0,0,0,0,,,,,,,,,,,,,,,0.016552355488521055,72370.2,-0.01769508610184723,0.0101,index_dividend_yield,0.065,10.3,25,71950.1,72386.35,71931.5,71804.05,mid_price,no_nse_iv
2026-09-23T09:00:04.917314+00:00,2026-09-23T14:30:04.917314+05:30,NIFTYNXT50,29-Sep-2026,72400.0,PE,72391.4,387.5,150,448.45,25,460,417.975,10,8,16,-37.2142223435474,13.54,-0.478365184996072,0.00031584019323992115,-36.27447976592785,37.09537940424378,-0.10777664274652654,-0.0022456091362000196,0.5426346354084899,-1.7008957316246676e-08,-0.0023281518996317706,2.6284150879752568e-05,-3.058695224458644,-72.94394384278185,0.4848655671917126,0.00031576516383828937,0.016552355488521055,72370.2,-0.01769508610184723,0.0101,index_dividend_yield,0.065,10.3,25,71950.1,72386.35,71931.5,71804.05,mid_price,ok
2026-09-23T09:00:04.917314+00:00,2026-09-23T14:30:04.917314+05:30,NIFTYNXT50,29-Sep-2026,72500.0,CE,72391.4,330.4,25,535,25,0.0,432.7,0,0,0,0,0,,,,,,,,,,,,,,,0.016552355488521055,72370.2,-0.01769508610184723,0.0101,index_dividend_yield,0.065,10.3,25,71950.1,72386.35,71931.5,71804.05,mid_price,no_nse_iv
2026-09-23T09:00:04.917314+00:00,2026-09-23T14:30:04.917314+05:30,NIFTYNXT50,29-Sep-2026,72500.0,PE,72391.4,441,25,485,25,477.05,463.0,19,9,85,-41.96825010644121,12.67,-0.5111092387045105,0.0003378881320183542,-33.2854267799293,37.13498980613338,0.1396225427540143,-0.0051625616367817284,0.36497777876576265,3.423153202525904e-09,-0.0026636807827370664,2.7893236647625858e-05,-3.0866748830225426,-75.12699573770198,0.5171367115166338,0.0003368766239325934,0.016552355488521055,72370.2,-0.01769508610184723,0.0101,index_dividend_yield,0.065,10.3,25,71950.1,72386.35,71931.5,71804.05,mid_price,ok
2026-09-23T09:00:04.917314+00:00,2026-09-23T14:30:04.917314+05:30,NIFTYNXT50,29-Sep-2026,72600.0,CE,72391.4,288,25,545,25,0.0,416.5,3,0,0,0,18.81,0.47231630553482795,0.00022713833671533982,-62.722993551798304,37.06064666939697,0.19769629902952057,-0.005544166506431826,1.2751174520175823,5.78309198781435e-09,-0.0011997589261258685,1.8612940047029535e-05,-3.1028937167686332,54.23349408151904,-0.4622752914853801,0.0002258349486283204,0.016552355488521055,72370.2,-0.01769508610184723,0.0101,index_dividend_yield,0.065,10.3,25,71950.1,72386.35,71931.5,71804.05,mid_price,wide_quote_low_liquidity
2026-09-23T09:00:04.917314+00:00,2026-09-23T14:30:04.917314+05:30,NIFTYNXT50,29-Sep-2026,72600.0,PE,72391.4,443.75,25,,0,548.65,,6,4,4,-33.20550280009739,13.19,-0.5427238264485387,0.00032282348126520935,-34.3085732689623,36.9354732842625,0.3743371793381023,-0.00762526757724645,3.7490770949339947,2.2973149563285107e-08,-0.00241485487190133,2.6098637290561902e-05,-3.132898284611973,-69.52571829181393,0.5489480881266933,0.00032097102304183805,0.016552355488521055,72370.2,-0.01769508610184723,0.0101,index_dividend_yield,0.065,10.3,25,71950.1,72386.35,71931.5,71804.05,ltp,ok
2026-09-23T09:00:04.917314+00:00,2026-09-23T14:30:04.917314+05:30,NIFTYNXT50,29-Sep-2026,72700.0,CE,72391.4,,0,500,25,0.0,,0,0,0,0,0,,,,,,,,,,,,,,,0.016552355488521055,,,,,,10.3,25,71950.1,72386.35,71931.5,71804.05,none,no_price_available
2026-09-23T09:00:04.917314+00:00,2026-09-23T14:30:04.917314+05:30,NIFTYNXT50,29-Sep-2026,72700.0,PE,72391.4,11,175,1109.95,550,0.0,560.475,0,0,0,0,0,,,,,,,,,,,,,,,0.016552355488521055,72370.2,-0.01769508610184723,0.0101,index_dividend_yield,0.065,10.3,25,71950.1,72386.35,71931.5,71804.05,mid_price,no_nse_iv
2026-09-23T09:00:04.917314+00:00,2026-09-23T14:30:04.917314+05:30,NIFTYNXT50,29-Sep-2026,72800.0,CE,72391.4,0.1,50,475,25,0.0,237.55,0,0,0,0,0,,,,,,,,,,,,,,,0.016552355488521055,72370.2,-0.01769508610184723,0.0101,index_dividend_yield,0.065,10.3,25,71950.1,72386.35,71931.5,71804.05,mid_price,no_nse_iv
2026-09-23T09:00:04.917314+00:00,2026-09-23T14:30:04.917314+05:30,NIFTYNXT50,29-Sep-2026,72800.0,PE,72391.4,0.1,50,1127.2,550,0.0,563.65,0,0,0,0,0,,,,,,,,,,,,,,,0.016552355488521055,72370.2,-0.01769508610184723,0.0101,index_dividend_yield,0.065,10.3,25,71950.1,72386.35,71931.5,71804.05,mid_price,no_nse_iv
2026-09-23T09:00:04.917314+00:00,2026-09-23T14:30:04.917314+05:30,NIFTYNXT50,29-Sep-2026,72900.0,CE,72391.4,,0,450,25,0.0,,0,0,0,0,0,,,,,,,,,,,,,,,0.016552355488521055,,,,,,10.3,25,71950.1,72386.35,71931.5,71804.05,none,no_price_available
2026-09-23T09:00:04.917314+00:00,2026-09-23T14:30:04.917314+05:30,NIFTYNXT50,29-Sep-2026,72900.0,PE,72391.4,336.8,50,,0,729.3,,7,4,4,-18.0561797752809,13.31,-0.6356797432360793,0.0003029446331195177,-31.472656286532196,34.976397406085916,1.0280383197780463,-0.014657931496502328,33.24694750036983,7.757559604699495e-08,-0.0019881915503373814,2.1004981080580847e-05,-3.3678063156035503,-61.50601506805682,0.6415079482776088,0.00029873228290884903,0.016552355488521055,72370.2,-0.01769508610184723,0.0101,index_dividend_yield,0.065,10.3,25,71950.1,72386.35,71931.5,71804.05,ltp,ok
2026-09-23T09:00:04.917314+00:00,2026-09-23T14:30:04.917314+05:30,NIFTYNXT50,29-Sep-2026,73000.0,CE,72391.4,170.05,25,222,25,0.0,196.025,33,0,0,0,13.26,0.3339261442787829,0.0002945937227290344,-40.772347303412865,33.884475604342896,1.2237645571666622,-0.01664716480338344,48.892128226448506,9.449034603165606e-08,-0.0017966691511839337,1.8623000753180112e-05,-3.469320517748268,89.55956498311964,-0.3274447544328085,0.00028970215090434504,0.016552355488521055,72370.2,-0.01769508610184723,0.0101,index_dividend_yield,0.065,10.3,25,71950.1,72386.35,71931.5,71804.05,mid_price,wide_quote_low_liquidity
2026-09-23T09:00:04.917314+00:00,2026-09-23T14:30:04.917314+05:30,NIFTYNXT50,29-Sep-2026,73000.0,PE,72391.4,640.25,25,1089.95,550,0.0,865.1,14,0,0,0,15.81,-0.639251153222218,0.0002541869729300263,-38.49013417380469,34.859320347701384,0.8927346661607438,-0.014483906844197102,29.662805934325576,5.649967535594496e-08,-0.0013915089368360617,1.7560152109386543e-05,-3.3653074802644567,-51.425624926121436,0.6462486871306949,0.0002499663336595445,0.016552355488521055,72370.2,-0.01769508610184723,0.0101,index_dividend_yield,0.065,10.3,25,71950.1,72386.35,71931.5,71804.05,mid_price,wide_quote_low_liquidity
2026-09-23T09:00:04.917314+00:00,2026-09-23T14:30:04.917314+05:30,NIFTYNXT50,29-Sep-2026,73100.0,CE,72391.4,1.35,100,307.6,50,0.0,154.47500000000002,0,0,0,0,0,,,,,,,,,,,,,,,0.016552355488521055,72370.2,-0.01769508610184723,0.0101,index_dividend_yield,0.065,10.3,25,71950.1,72386.35,71931.5,71804.05,mid_price,no_nse_iv
2026-09-23T09:00:04.917314+00:00,2026-09-23T14:30:04.917314+05:30,NIFTYNXT50,29-Sep-2026,73100.0,PE,72391.4,0.15,50,1334.25,550,0.0,667.2,0,0,0,0,0,,,,,,,,,,,,,,,0.016552355488521055,,,,,,10.3,25,71950.1,72386.35,71931.5,71804.05,mid_price,no_price_available
2026-09-23T09:00:04.917314+00:00,2026-09-23T14:30:04.917314+05:30,NIFTYNXT50,29-Sep-2026,73200.0,CE,72391.4,0.05,50,286.9,25,0.0,143.475,0,0,0,0,0,,,,,,,,,,,,,,,0.016552355488521055,72370.2,-0.01769508610184723,0.0101,index_dividend_yield,0.065,10.3,25,71950.1,72386.35,71931.5,71804.05,mid_price,no_nse_iv
2026-09-23T09:00:04.917314+00:00,2026-09-23T14:30:04.917314+05:30,NIFTYNXT50,29-Sep-2026,73200.0,PE,72391.4,0.1,50,1442.65,550,0.0,721.375,0,0,0,0,0,,,,,,,,,,,,,,,0.016552355488521055,,,,,,10.3,25,71950.1,72386.35,71931.5,71804.05,mid_price,no_price_available
2026-09-23T09:00:04.917314+00:00,2026-09-23T14:30:04.917314+05:30,NIFTYNXT50,29-Sep-2026,73300.0,CE,72391.4,,0,269.6,25,0.0,,0,0,0,0,0,,,,,,,,,,,,,,,0.016552355488521055,,,,,,10.3,25,71950.1,72386.35,71931.5,71804.05,none,no_price_available
2026-09-23T09:00:04.917314+00:00,2026-09-23T14:30:04.917314+05:30,NIFTYNXT50,29-Sep-2026,73300.0,PE,72391.4,520,100,1389.95,550,0.0,954.975,7,0,0,0,13.41,-0.7457822992704837,0.0002565810958206626,-24.819337199843787,29.84607250823382,1.622447726135734,-0.0208400461573197,99.98766451818497,1.2776752223115047e-07,-0.0010537788141170299,1.0212501658737191e-05,-3.752358500627411,-52.38863294492369,0.7505969703123008,0.00025025954905063196,0.016552355488521055,72370.2,-0.01769508610184723,0.0101,index_dividend_yield,0.065,10.3,25,71950.1,72386.35,71931.5,71804.05,mid_price,wide_quote_low_liquidity
2026-09-23T09:00:04.917314+00:00,2026-09-23T14:30:04.917314+05:30,NIFTYNXT50,29-Sep-2026,73400.0,CE,72391.4,0.05,50,248.85,25,0.0,124.45,0,0,0,0,0,,,,,,,,,,,,,,,0.016552355488521055,72370.2,-0.01769508610184723,0.0101,index_dividend_yield,0.065,10.3,25,71950.1,72386.35,71931.5,71804.05,mid_price,no_nse_iv
2026-09-23T09:00:04.917314+00:00,2026-09-23T14:30:04.917314+05:30,NIFTYNXT50,29-Sep-2026,73400.0,PE,72391.4,0.05,50,1711.05,550,0.0,855.55,3,0,0,0,16.06,,,,,,,,,,,,,,,0.016552355488521055,,,,,,10.3,25,71950.1,72386.35,71931.5,71804.05,mid_price,no_price_available
2026-09-23T09:00:04.917314+00:00,2026-09-23T14:30:04.917314+05:30,NIFTYNXT50,29-Sep-2026,73500.0,CE,72391.4,136,25,211.4,25,0.0,173.7,7,0,0,0,18.47,0.2777349285564522,0.0001948977606650822,-50.70221930739583,31.225363365115463,1.1131120659295946,-0.019149449929829587,61.10975247850625,6.287623499124919e-08,-0.0006737919258046487,9.576121042748391e-06,-3.6353096203317907,68.9623463759217,-0.26957925725345117,0.0001890628160627587,0.016552355488521055,72370.2,-0.01769508610184723,0.0101,index_dividend_yield,0.065,10.3,25,71950.1,72386.35,71931.5,71804.05,mid_price,wide_quote_low_liquidity
2026-09-23T09:00:04.917314+00:00,2026-09-23T14:30:04.917314+05:30,NIFTYNXT50,29-Sep-2026,73500.0,PE,72391.4,792.65,25,1674.95,550,0.0,1233.8,0,0,0,0,0,,,,,,,,,,,,,,,0.016552355488521055,72370.2,-0.01769508610184723,0.0101,index_dividend_yield,0.065,10.3,25,71950.1,72386.35,71931.5,71804.05,mid_price,no_nse_iv
2026-09-23T09:00:04.917314+00:00,2026-09-23T14:30:04.917314+05:30,NIFTYNXT50,29-Sep-2026,73600.0,CE,72391.4,1.1,100,214.45,25,0.0,107.77499999999999,0,0,0,0,0,,,,,,,,,,,,,,,0.016552355488521055,72370.2,-0.01769508610184723,0.0101,index_dividend_yield,0.065,10.3,25,71950.1,72386.35,71931.5,71804.05,mid_price,no_nse_iv
2026-09-23T09:00:04.917314+00:00,2026-09-23T14:30:04.917314+05:30,NIFTYNXT50,29-Sep-2026,73600.0,PE,72391.4,1,150,1743.8,550,0.0,872.4,0,0,0,0,0,,,,,,,,,,,,,,,0.016552355488521055,,,,,,10.3,25,71950.1,72386.35,71931.5,71804.05,mid_price,no_price_available
2026-09-23T09:00:04.917314+00:00,2026-09-23T14:30:04.917314+05:30,NIFTYNXT50,29-Sep-2026,73700.0,CE,72391.4,0.1,50,198.7,25,0.0,99.39999999999999,1,0,0,0,13,0.15659167342166552,0.00019812631741108225,-25.724484163330104,22.341857419514884,1.8917285903236463,-0.022516002678269417,177.68446979666663,1.5748200059970227e-07,5.174187852683538e-05,-2.377908134629736e-06,-3.9631666791495013,115.08337368951965,-0.15247474788672327,0.00019115301084295886,0.016552355488521055,72370.2,-0.01769508610184723,0.0101,index_dividend_yield,0.065,10.3,25,71950.1,72386.35,71931.5,71804.05,mid_price,wide_quote_low_liquidity
2026-09-23T09:00:04.917314+00:00,2026-09-23T14:30:04.917314+05:30,NIFTYNXT50,29-Sep-2026,73700.0,PE,72391.4,0.1,50,1820.7,550,0.0,910.4,0,0,0,0,0,,,,,,,,,,,,,,,0.016552355488521055,,,,,,10.3,25,71950.1,72386.35,71931.5,71804.05,mid_price,no_price_available
2026-09-23T09:00:04.917314+00:00,2026-09-23T14:30:04.917314+05:30,NIFTYNXT50,29-Sep-2026,73800.0,CE,72391.4,0.15,50,144,75,205.55,72.075,1,1,1,-92.53820742730606,17.84,0.21515000839622173,0.00017591357279783332,-42.49881365782331,27.222496804936995,1.329575672417982,-0.021557327219161513,97.65015734140192,7.954848886007454e-08,-0.00035502861055125773,4.323420620830219e-06,-3.835752335488143,77.28801842245929,-0.20831288940999093,0.0001692624321034299,0.016552355488521055,72370.2,-0.01769508610184723,0.0101,index_dividend_yield,0.065,10.3,25,71950.1,72386.35,71931.5,71804.05,mid_price,wide_quote_low_liquidity
2026-09-23T09:00:04.917314+00:00,2026-09-23T14:30:04.917314+05:30,NIFTYNXT50,29-Sep-2026,73800.0,PE,72391.4,1062.9,550,2125.7,550,0.0,1594.3,0,0,0,0,0,,,,,,,,,,,,,,,0.016552355488521055,72370.2,-0.01769508610184723,0.0101,index_dividend_yield,0.065,10.3,25,71950.1,72386.35,71931.5,71804.05,mid_price,no_nse_iv
2026-09-23T09:00:04.917314+00:00,2026-09-23T14:30:04.917314+05:30,NIFTYNXT50,29-Sep-2026,73900.0,CE,72391.4,0.05,50,169.8,25,0.0,84.92500000000001,0,0,0,0,0,,,,,,,,,,,,,,,0.016552355488521055,72370.2,-0.01769508610184723,0.0101,index_dividend_yield,0.065,10.3,25,71950.1,72386.35,71931.5,71804.05,mid_price,no_nse_iv
2026-09-23T09:00:04.917314+00:00,2026-09-23T14:30:04.917314+05:30,NIFTYNXT50,29-Sep-2026,73900.0,PE,72391.4,1157.9,550,2052.05,550,0.0,1604.9750000000001,0,0,0,0,0,,,,,,,,,,,,,,,0.016552355488521055,72370.2,-0.01769508610184723,0.0101,index_dividend_yield,0.065,10.3,25,71950.1,72386.35,71931.5,71804.05,mid_price,no_nse_iv
2026-09-23T09:00:04.917314+00:00,2026-09-23T14:30:04.917314+05:30,NIFTYNXT50,29-Sep-2026,74000.0,CE,72391.4,45,25,50,25,55,47.5,24,-4,129,-56.14035087719298,12.54,0.09715416214535792,0.00014711610514195786,-17.65599228876048,16.002635430280897,1.8003262693557995,-0.020282941077717182,217.62190922102232,1.5790250971251083e-07,0.0008276112520103762,-1.039323646916903e-05,-3.775373089525482,132.5644571071638,-0.09432528956770397,0.0001407896503700155,0.016552355488521055,72370.2,-0.01769508610184723,0.0101,index_dividend_yield,0.065,10.3,25,71950.1,72386.35,71931.5,71804.05,mid_price,ok
2026-09-23T09:00:04.917314+00:00,2026-09-23T14:30:04.917314+05:30,NIFTYNXT50,29-Sep-2026,74000.0,PE,72391.4,1484.85,50,1940.55,550,0.0,1712.6999999999998,0,0,0,0,0,,,,,,,,,,,,,,,0.016552355488521055,72370.2,-0.01769508610184723,0.0101,index_dividend_yield,0.065,10.3,25,71950.1,72386.35,71931.5,71804.05,mid_price,no_nse_iv
2026-09-23T09:00:04.917314+00:00,2026-09-23T14:30:04.917314+05:30,NIFTYNXT50,29-Sep-2026,74100.0,CE,72391.4,0.05,50,144.35,25,0.0,72.2,0,0,0,0,0,,,,,,,,,,,,,,,0.016552355488521055,72370.2,-0.01769508610184723,0.0101,index_dividend_yield,0.065,10.3,25,71950.1,72386.35,71931.5,71804.05,mid_price,no_nse_iv
2026-09-23T09:00:04.917314+00:00,2026-09-23T14:30:04.917314+05:30,NIFTYNXT50,29-Sep-2026,74100.0,PE,72391.4,1348,550,2066.55,550,0.0,1707.275,0,0,0,0,0,,,,,,,,,,,,,,,0.016552355488521055,,,,,,10.3,25,71950.1,72386.35,71931.5,71804.05,mid_price,no_price_available
2026-09-23T09:00:04.917314+00:00,2026-09-23T14:30:04.917314+05:30,NIFTYNXT50,29-Sep-2026,74200.0,CE,72391.4,0.05,50,132.75,75,0.0,66.4,0,0,0,0,0,,,,,,,,,,,,,,,0.016552355488521055,72370.2,-0.01769508610184723,0.0101,index_dividend_yield,0.065,10.3,25,71950.1,72386.35,71931.5,71804.05,mid_price,no_nse_iv
2026-09-23T09:00:04.917314+00:00,2026-09-23T14:30:04.917314+05:30,NIFTYNXT50,29-Sep-2026,74200.0,PE,72391.4,1395.4,550,2562.5,550,0.0,1978.95,0,0,0,0,0,,,,,,,,,,,,,,,0.016552355488521055,72370.2,-0.01769508610184723,0.0101,index_dividend_yield,0.065,10.3,25,71950.1,72386.35,71931.5,71804.05,mid_price,no_nse_iv
2026-09-23T09:00:04.917314+00:00,2026-09-23T14:30:04.917314+05:30,NIFTYNXT50,29-Sep-2026,74300.0,CE,72391.4,0.1,600,109,25,0.0,54.55,1,0,0,0,17.5,0.13472655081363274,0.00013301940260281283,-30.691773637728677,20.19234686768807,1.395887500513282,-0.021668369425309128,143.5591354279957,8.695568686515892e-08,0.00018563458754676206,-3.6892902029596555e-06,-3.8988627686855173,88.81810557193991,-0.12978781221158955,0.00012627323792340205,0.016552355488521055,72370.2,-0.01769508610184723,0.0101,index_dividend_yield,0.065,10.3,25,71950.1,72386.35,71931.5,71804.05,mid_price,wide_quote_low_liquidity
2026-09-23T09:00:04.917314+00:00,2026-09-23T14:30:04.917314+05:30,NIFTYNXT50,29-Sep-2026,74300.0,PE,72391.4,1537.9,550,2445.25,550,0.0,1991.575,0,0,0,0,0,,,,,,,,,,,,,,,0.016552355488521055,72370.2,-0.01769508610184723,0.0101,index_dividend_yield,0.065,10.3,25,71950.1,72386.35,71931.5,71804.05,mid_price,no_nse_iv
2026-09-23T09:00:04.917314+00:00,2026-09-23T14:30:04.917314+05:30,NIFTYNXT50,29-Sep-2026,74400.0,CE,72391.4,0.05,50,111.85,75,0.0,55.949999999999996,0,0,0,0,0,,,,,,,,,,,,,,,0.016552355488521055,72370.2,-0.01769508610184723,0.0101,index_dividend_yield,0.065,10.3,25,71950.1,72386.35,71931.5,71804.05,mid_price,no_nse_iv
2026-09-23T09:00:04.917314+00:00,2026-09-23T14:30:04.917314+05:30,NIFTYNXT50,29-Sep-2026,74400.0,PE,72391.4,1840.05,25,2658.5,550,0.0,2249.275,0,0,0,0,0,,,,,,,,,,,,,,,0.016552355488521055,72370.2,-0.01769508610184723,0.0101,index_dividend_yield,0.065,10.3,25,71950.1,72386.35,71931.5,71804.05,mid_price,no_nse_iv
2026-09-23T09:00:04.917314+00:00,2026-09-23T14:30:04.917314+05:30,NIFTYNXT50,29-Sep-2026,74500.0,CE,72391.4,18.55,25,27.4,25,16.8,22.975,18,0,1,0.5988023952095808,12,0.03646948894887232,7.150522914912799e-05,-7.786042323661547,7.443082024755543,1.204370785801278,-0.012729135359654564,201.13503986079718,1.1388110857141909e-07,0.001336491491062525,-1.4522375585448982e-05,-2.7413899337636907,163.57049424322238,-0.03522063166645176,6.751483468339352e-05,0.016552355488521055,72370.2,-0.01769508610184723,0.0101,index_dividend_yield,0.065,10.3,25,71950.1,72386.35,71931.5,71804.05,mid_price,wide_quote_low_liquidity
2026-09-23T09:00:04.917314+00:00,2026-09-23T14:30:04.917314+05:30,NIFTYNXT50,29-Sep-2026,74500.0,PE,72391.4,1721.95,550,2459.55,550,0.0,2090.75,15,0,0,0,0,,,,,,,,,,,,,,,0.016552355488521055,,,,,,10.3,25,71950.1,72386.35,71931.5,71804.05,mid_price,no_price_available
2026-09-23T09:00:04.917314+00:00,2026-09-23T14:30:04.917314+05:30,NIFTYNXT50,29-Sep-2026,74600.0,CE,72391.4,20.05,25,28.95,25,28.95,24.5,25,1,21,106.04982206405694,13.86,0.052020313068323554,8.245300541491655e-05,-11.93204282966561,9.912962810015145,1.2619010707185832,-0.015363023076930006,191.04210054001314,1.0204078246189548e-07,0.00099419632965079,-1.2542626223643824e-05,-3.1456565875644933,134.2448283945732,-0.05010417406931453,7.764308567648262e-05,0.016552355488521055,72370.2,-0.01769508610184723,0.0101,index_dividend_yield,0.065,10.3,25,71950.1,72386.35,71931.5,71804.05,mid_price,wide_quote_low_liquidity
2026-09-23T09:00:04.917314+00:00,2026-09-23T14:30:04.917314+05:30,NIFTYNXT50,29-Sep-2026,74600.0,PE,72391.4,1826.25,500,2591.3,550,0.0,2208.775,0,0,0,0,0,,,,,,,,,,,,,,,0.016552355488521055,72370.2,-0.01769508610184723,0.0101,index_dividend_yield,0.065,10.3,25,71950.1,72386.35,71931.5,71804.05,mid_price,no_nse_iv
2026-09-23T09:00:04.917314+00:00,2026-09-23T14:30:04.917314+05:30,NIFTYNXT50,29-Sep-2026,74700.0,CE,72391.4,14.5,25,28.95,25,30,21.725,8,6,6,-65.07566938300349,14.47,0.051737377373653005,7.863556065052032e-05,-12.377878099325397,9.87009368488781,1.2060074097119713,-0.015289135523077335,182.87935113645125,9.337713190499582e-08,0.0009136256647496401,-1.198316085069606e-05,-3.134718726122447,128.73637936415437,-0.04974897020110419,7.385021010779227e-05,0.016552355488521055,72370.2,-0.01769508610184723,0.0101,index_dividend_yield,0.065,10.3,25,71950.1,72386.35,71931.5,71804.05,mid_price,wide_quote_low_liquidity
2026-09-23T09:00:04.917314+00:00,2026-09-23T14:30:04.917314+05:30,NIFTYNXT50,29-Sep-2026,74700.0,PE,72391.4,1871,550,2683.5,550,0.0,2277.25,0,0,0,0,17.28,,,,,,,,,,,,,,,0.016552355488521055,,,,,,10.3,25,71950.1,72386.35,71931.5,71804.05,mid_price,no_price_available
2026-09-23T09:00:04.917314+00:00,2026-09-23T14:30:04.917314+05:30,NIFTYNXT50,29-Sep-2026,74800.0,CE,72391.4,10.5,25,22.85,25,14,16.675,12,1,5,-77.77777777777777,13,0.02909131426823839,5.4779292041572015e-05,-6.960260974306121,6.177226470097966,0.9749019045425227,-0.011075136089225144,171.99218718277632,8.548454626065494e-08,0.001103875081214054,-1.2805672964735512e-05,-2.464786855458018,155.94647116621599,-0.027974018504246075,5.130824629430948e-05,0.016552355488521055,72370.2,-0.01769508610184723,0.0101,index_dividend_yield,0.065,10.3,25,71950.1,72386.35,71931.5,71804.05,mid_price,wide_quote_low_liquidity
2026-09-23T09:00:04.917314+00:00,2026-09-23T14:30:04.917314+05:30,NIFTYNXT50,29-Sep-2026,74800.0,PE,72391.4,1944.55,475,2801.75,550,0.0,2373.15,0,0,0,0,0,,,,,,,,,,,,,,,0.016552355488521055,,,,,,10.3,25,71950.1,72386.35,71931.5,71804.05,mid_price,no_price_available
2026-09-23T09:00:04.917314+00:00,2026-09-23T14:30:04.917314+05:30,NIFTYNXT50,29-Sep-2026,74900.0,CE,72391.4,0.05,25,71.1,75,0.0,35.574999999999996,0,0,0,0,0,,,,,,,,,,,,,,,0.016552355488521055,72370.2,-0.01769508610184723,0.0101,index_dividend_yield,0.065,10.3,25,71950.1,72386.35,71931.5,71804.05,mid_price,no_nse_iv
2026-09-23T09:00:04.917314+00:00,2026-09-23T14:30:04.917314+05:30,NIFTYNXT50,29-Sep-2026,74900.0,PE,72391.4,2013.3,550,2900.15,550,0.0,2456.725,0,0,0,0,0,,,,,,,,,,,,,,,0.016552355488521055,,,,,,10.3,25,71950.1,72386.35,71931.5,71804.05,mid_price,no_price_available
2026-09-23T09:00:04.917314+00:00,2026-09-23T14:30:04.917314+05:30,NIFTYNXT50,29-Sep-2026,75000.0,CE,72391.4,11.1,100,17.4,25,10.05,14.25,25,-1,12,-53.25581395348837,13.19,0.021477905670099218,4.18653234072275e-05,-5.46084741755232,4.789972303700904,0.7957901014470827,-0.009133568401893907,150.01381331939666,6.930661235252615e-08,0.0009937634599872587,-1.1591232090251187e-05,-2.1179910300304665,159.97049968536768,-0.020601283608220042,3.900370607457698e-05,0.016552355488521055,72370.2,-0.01769508610184723,0.0101,index_dividend_yield,0.065,10.3,25,71950.1,72386.35,71931.5,71804.05,mid_price,wide_quote_low_liquidity
2026-09-23T09:00:04.917314+00:00,2026-09-23T14:30:04.917314+05:30,NIFTYNXT50,29-Sep-2026,75000.0,PE,72391.4,2101.45,550,3001.5,550,0.0,2551.475,0,0,0,0,0,,,,,,,,,,,,,,,0.016552355488521055,,,,,,10.3,25,71950.1,72386.35,71931.5,71804.05,mid_price,no_price_available
2026-09-23T09:00:04.917314+00:00,2026-09-23T14:30:04.917314+05:30,NIFTYNXT50,29-Sep-2026,75100.0,CE,72391.4,0.05,25,58.65,75,0.0,29.349999999999998,0,0,0,0,0,,,,,,,,,,,,,,,0.016552355488521055,72370.2,-0.01769508610184723,0.0101,index_dividend_yield,0.065,10.3,25,71950.1,72386.35,71931.5,71804.05,mid_price,no_nse_iv
2026-09-23T09:00:04.917314+00:00,2026-09-23T14:30:04.917314+05:30,NIFTYNXT50,29-Sep-2026,75100.0,PE,72391.4,2145.55,550,3105.2,550,0.0,2625.375,0,0,0,0,0,,,,,,,,,,,,,,,0.016552355488521055,,,,,,10.3,25,71950.1,72386.35,71931.5,71804.05,mid_price,no_price_available
2026-09-23T09:00:04.917314+00:00,2026-09-23T14:30:04.917314+05:30,NIFTYNXT50,29-Sep-2026,75200.0,CE,72391.4,7.4,50,20,25,0.0,13.7,8,0,0,0,15.1,0.028526862065419566,4.6398989471027125e-05,-7.902634729161383,6.077419649330189,0.8306466504124331,-0.010875493469919582,147.20682292179177,6.244338112871622e-08,0.000816614524615785,-1.088507042484572e-05,-2.430004959739342,134.743861443949,-0.02725762461090311,4.299785514297192e-05,0.016552355488521055,72370.2,-0.01769508610184723,0.0101,index_dividend_yield,0.065,10.3,25,71950.1,72386.35,71931.5,71804.05,mid_price,wide_quote_low_liquidity
2026-09-23T09:00:04.917314+00:00,2026-09-23T14:30:04.917314+05:30,NIFTYNXT50,29-Sep-2026,75200.0,PE,72391.4,2277.75,550,3212.95,550,0.0,2745.35,0,0,0,0,0,,,,,,,,,,,,,,,0.016552355488521055,,,,,,10.3,25,71950.1,72386.35,71931.5,71804.05,mid_price,no_price_available
2026-09-23T09:00:04.917314+00:00,2026-09-23T14:30:04.917314+05:30,NIFTYNXT50,29-Sep-2026,75300.0,CE,72391.4,,0,48.15,25,0.0,,0,0,0,0,0,,,,,,,,,,,,,,,0.016552355488521055,,,,,,10.3,25,71950.1,72386.35,71931.5,71804.05,none,no_price_available
2026-09-23T09:00:04.917314+00:00,2026-09-23T14:30:04.917314+05:30,NIFTYNXT50,29-Sep-2026,75300.0,PE,72391.4,2321.85,550,3318.6,550,0.0,2820.225,0,0,0,0,0,,,,,,,,,,,,,,,0.016552355488521055,,,,,,10.3,25,71950.1,72386.35,71931.5,71804.05,mid_price,no_price_available
2026-09-23T09:00:04.917314+00:00,2026-09-23T14:30:04.917314+05:30,NIFTYNXT50,29-Sep-2026,75400.0,CE,72391.4,,0,43.5,25,0.0,,0,0,0,0,0,,,,,,,,,,,,,,,0.016552355488521055,,,,,,10.3,25,71950.1,72386.35,71931.5,71804.05,none,no_price_available
2026-09-23T09:00:04.917314+00:00,2026-09-23T14:30:04.917314+05:30,NIFTYNXT50,29-Sep-2026,75400.0,PE,72391.4,2454.1,550,3423.15,550,0.0,2938.625,0,0,0,0,0,,,,,,,,,,,,,,,0.016552355488521055,,,,,,10.3,25,71950.1,72386.35,71931.5,71804.05,mid_price,no_price_available
2026-09-23T09:00:04.917314+00:00,2026-09-23T14:30:04.917314+05:30,NIFTYNXT50,29-Sep-2026,75500.0,CE,72391.4,,0,39.25,25,0.0,,0,0,0,0,0,,,,,,,,,,,,,,,0.016552355488521055,,,,,,10.3,25,71950.1,72386.35,71931.5,71804.05,none,no_price_available
2026-09-23T09:00:04.917314+00:00,2026-09-23T14:30:04.917314+05:30,NIFTYNXT50,29-Sep-2026,75500.0,PE,72391.4,2542.25,550,3514.6,550,0.0,3028.425,0,0,0,0,0,,,,,,,,,,,,,,,0.016552355488521055,,,,,,10.3,25,71950.1,72386.35,71931.5,71804.05,mid_price,no_price_available
2026-09-23T09:00:04.917314+00:00,2026-09-23T14:30:04.917314+05:30,NIFTYNXT50,29-Sep-2026,75600.0,CE,72391.4,,0,35.35,25,0.0,,0,0,0,0,0,,,,,,,,,,,,,,,0.016552355488521055,,,,,,10.3,25,71950.1,72386.35,71931.5,71804.05,none,no_price_available
2026-09-23T09:00:04.917314+00:00,2026-09-23T14:30:04.917314+05:30,NIFTYNXT50,29-Sep-2026,75600.0,PE,72391.4,2630.4,550,3632.95,550,0.0,3131.675,0,0,0,0,0,,,,,,,,,,,,,,,0.016552355488521055,,,,,,10.3,25,71950.1,72386.35,71931.5,71804.05,mid_price,no_price_available
2026-09-23T09:00:04.917314+00:00,2026-09-23T14:30:04.917314+05:30,NIFTYNXT50,29-Sep-2026,75700.0,CE,72391.4,,0,70,25,0.0,,0,0,0,0,0,,,,,,,,,,,,,,,0.016552355488521055,,,,,,10.3,25,71950.1,72386.35,71931.5,71804.05,none,no_price_available
2026-09-23T09:00:04.917314+00:00,2026-09-23T14:30:04.917314+05:30,NIFTYNXT50,29-Sep-2026,75700.0,PE,72391.4,2718.55,550,3751.15,550,0.0,3234.8500000000004,0,0,0,0,0,,,,,,,,,,,,,,,0.016552355488521055,,,,,,10.3,25,71950.1,72386.35,71931.5,71804.05,mid_price,no_price_available
2026-09-23T09:00:04.917314+00:00,2026-09-23T14:30:04.917314+05:30,NIFTYNXT50,29-Sep-2026,75800.0,CE,72391.4,,0,59.95,25,0.0,,0,0,0,0,0,,,,,,,,,,,,,,,0.016552355488521055,,,,,,10.3,25,71950.1,72386.35,71931.5,71804.05,none,no_price_available
2026-09-23T09:00:04.917314+00:00,2026-09-23T14:30:04.917314+05:30,NIFTYNXT50,29-Sep-2026,75800.0,PE,72391.4,2806.75,550,3842.5,550,0.0,3324.625,0,0,0,0,0,,,,,,,,,,,,,,,0.016552355488521055,,,,,,10.3,25,71950.1,72386.35,71931.5,71804.05,mid_price,no_price_available
2026-09-23T09:00:04.917314+00:00,2026-09-23T14:30:04.917314+05:30,NIFTYNXT50,29-Sep-2026,75900.0,CE,72391.4,,0,59.95,25,0.0,,0,0,0,0,0,,,,,,,,,,,,,,,0.016552355488521055,,,,,,10.3,25,71950.1,72386.35,71931.5,71804.05,none,no_price_available
2026-09-23T09:00:04.917314+00:00,2026-09-23T14:30:04.917314+05:30,NIFTYNXT50,29-Sep-2026,75900.0,PE,72391.4,2894.9,550,3991.25,550,0.0,3443.075,0,0,0,0,0,,,,,,,,,,,,,,,0.016552355488521055,,,,,,10.3,25,71950.1,72386.35,71931.5,71804.05,mid_price,no_price_available
2026-09-23T09:00:04.917314+00:00,2026-09-23T14:30:04.917314+05:30,NIFTYNXT50,29-Sep-2026,76000.0,CE,72391.4,,0,49.95,25,0.0,,0,0,0,0,0,,,,,,,,,,,,,,,0.016552355488521055,,,,,,10.3,25,71950.1,72386.35,71931.5,71804.05,none,no_price_available
2026-09-23T09:00:04.917314+00:00,2026-09-23T14:30:04.917314+05:30,NIFTYNXT50,29-Sep-2026,76000.0,PE,72391.4,2983.05,550,4083.85,550,0.0,3533.45,0,0,0,0,0,,,,,,,,,,,,,,,0.016552355488521055,,,,,,10.3,25,71950.1,72386.35,71931.5,71804.05,mid_price,no_price_available
2026-09-23T09:00:04.917314+00:00,2026-09-23T14:30:04.917314+05:30,NIFTYNXT50,29-Sep-2026,76100.0,CE,0,,0,,0,0.0,,0,0,0,0,0,,,,,,,,,,,,,,,0.016552355488521055,,,,,,10.3,25,71950.1,72386.35,71931.5,71804.05,none,no_price_available
2026-09-23T09:00:04.917314+00:00,2026-09-23T14:30:04.917314+05:30,NIFTYNXT50,29-Sep-2026,76100.0,PE,72391.4,3071.2,550,4189.45,550,0.0,3630.325,0,0,0,0,0,,,,,,,,,,,,,,,0.016552355488521055,,,,,,10.3,25,71950.1,72386.35,71931.5,71804.05,mid_price,no_price_available
2026-09-23T09:00:04.917314+00:00,2026-09-23T14:30:04.917314+05:30,NIFTYNXT50,29-Sep-2026,76200.0,CE,0,,0,,0,0.0,,0,0,0,0,0,,,,,,,,,,,,,,,0.016552355488521055,,,,,,10.3,25,71950.1,72386.35,71931.5,71804.05,none,no_price_available
2026-09-23T09:00:04.917314+00:00,2026-09-23T14:30:04.917314+05:30,NIFTYNXT50,29-Sep-2026,76200.0,PE,72391.4,3159.35,550,4295.25,550,0.0,3727.3,0,0,0,0,0,,,,,,,,,,,,,,,0.016552355488521055,,,,,,10.3,25,71950.1,72386.35,71931.5,71804.05,mid_price,no_price_available
2026-09-23T09:00:04.917314+00:00,2026-09-23T14:30:04.917314+05:30,NIFTYNXT50,29-Sep-2026,76300.0,CE,0,,0,,0,0.0,,0,0,0,0,0,,,,,,,,,,,,,,,0.016552355488521055,,,,,,10.3,25,71950.1,72386.35,71931.5,71804.05,none,no_price_available
2026-09-23T09:00:04.917314+00:00,2026-09-23T14:30:04.917314+05:30,NIFTYNXT50,29-Sep-2026,76300.0,PE,72391.4,3247.55,550,4406.8,550,0.0,3827.175,0,0,0,0,0,,,,,,,,,,,,,,,0.016552355488521055,,,,,,10.3,25,71950.1,72386.35,71931.5,71804.05,mid_price,no_price_available
2026-09-23T09:00:04.917314+00:00,2026-09-23T14:30:04.917314+05:30,NIFTYNXT50,29-Sep-2026,76400.0,CE,0,,0,,0,0.0,,0,0,0,0,0,,,,,,,,,,,,,,,0.016552355488521055,,,,,,10.3,25,71950.1,72386.35,71931.5,71804.05,none,no_price_available
2026-09-23T09:00:04.917314+00:00,2026-09-23T14:30:04.917314+05:30,NIFTYNXT50,29-Sep-2026,76400.0,PE,72391.4,3335.7,550,4502.25,550,0.0,3918.975,0,0,0,0,0,,,,,,,,,,,,,,,0.016552355488521055,,,,,,10.3,25,71950.1,72386.35,71931.5,71804.05,mid_price,no_price_available
2026-09-23T09:00:04.917314+00:00,2026-09-23T14:30:04.917314+05:30,NIFTYNXT50,29-Sep-2026,76500.0,CE,0,,0,,0,0.0,,0,0,0,0,0,,,,,,,,,,,,,,,0.016552355488521055,,,,,,10.3,25,71950.1,72386.35,71931.5,71804.05,none,no_price_available
2026-09-23T09:00:04.917314+00:00,2026-09-23T14:30:04.917314+05:30,NIFTYNXT50,29-Sep-2026,76500.0,PE,72391.4,3423.85,550,4610.75,550,0.0,4017.3,0,0,0,0,0,,,,,,,,,,,,,,,0.016552355488521055,,,,,,10.3,25,71950.1,72386.35,71931.5,71804.05,mid_price,no_price_available
2026-09-23T09:00:04.917314+00:00,2026-09-23T14:30:04.917314+05:30,NIFTYNXT50,29-Sep-2026,76600.0,CE,72391.4,0.05,200,34,25,0.0,17.025,1,0,0,0,24.29,0.0388955747683676,3.723275107318113e-05,-16.187268220897145,7.84488168190721,0.6223804295401765,-0.012906392278788667,102.22694703125823,2.8497195701137388e-08,0.00033190204288682795,-6.989220502714309e-06,-2.7686860951707395,80.50524848714936,-0.036301954156521536,3.325381978519791e-05,0.016552355488521055,72370.2,-0.01769508610184723,0.0101,index_dividend_yield,0.065,10.3,25,71950.1,72386.35,71931.5,71804.05,mid_price,wide_quote_low_liquidity
2026-09-23T09:00:04.917314+00:00,2026-09-23T14:30:04.917314+05:30,NIFTYNXT50,29-Sep-2026,76600.0,PE,72391.4,3512,550,4700.5,550,0.0,4106.25,0,0,0,0,0,,,,,,,,,,,,,,,0.016552355488521055,,,,,,10.3,25,71950.1,72386.35,71931.5,71804.05,mid_price,no_price_available
2026-09-23T09:00:04.917314+00:00,2026-09-23T14:30:04.917314+05:30,NIFTYNXT50,29-Sep-2026,76700.0,CE,72391.4,1.25,25,11.85,25,0.0,6.55,34,0,0,0,20.31,0.015202173144844545,2.0251610064621565e-05,-6.160675708290124,3.567822469906203,0.4132189189606627,-0.007158440643951715,83.3089727089098,2.3095360281849447e-08,0.000373163452593389,-6.517914322934072e-06,-1.7383891912347433,108.66884917434358,-0.014216159570714383,1.8040259488985593e-05,0.016552355488521055,72370.2,-0.01769508610184723,0.0101,index_dividend_yield,0.065,10.3,25,71950.1,72386.35,71931.5,71804.05,mid_price,wide_quote_low_liquidity
2026-09-23T09:00:04.917314+00:00,2026-09-23T14:30:04.917314+05:30,NIFTYNXT50,29-Sep-2026,76700.0,PE,72391.4,3600.15,550,4779.4,550,0.0,4189.775,0,0,0,0,0,,,,,,,,,,,,,,,0.016552355488521055,,,,,,10.3,25,71950.1,72386.35,71931.5,71804.05,mid_price,no_price_available
2026-09-23T09:00:04.917314+00:00,2026-09-23T14:30:04.917314+05:30,NIFTYNXT50,29-Sep-2026,76800.0,CE,0,,0,,0,0.0,,0,0,0,0,0,,,,,,,,,,,,,,,0.016552355488521055,,,,,,10.3,25,71950.1,72386.35,71931.5,71804.05,none,no_price_available
2026-09-23T09:00:04.917314+00:00,2026-09-23T14:30:04.917314+05:30,NIFTYNXT50,29-Sep-2026,76800.0,PE,72391.4,3688.35,550,4884.45,550,0.0,4286.4,0,0,0,0,0,,,,,,,,,,,,,,,0.016552355488521055,,,,,,10.3,25,71950.1,72386.35,71931.5,71804.05,mid_price,no_price_available
2026-09-23T09:00:04.917314+00:00,2026-09-23T14:30:04.917314+05:30,NIFTYNXT50,29-Sep-2026,76900.0,CE,0,,0,,0,0.0,,0,0,0,0,0,,,,,,,,,,,,,,,0.016552355488521055,,,,,,10.3,25,71950.1,72386.35,71931.5,71804.05,none,no_price_available
2026-09-23T09:00:04.917314+00:00,2026-09-23T14:30:04.917314+05:30,NIFTYNXT50,29-Sep-2026,76900.0,PE,72391.4,3776.5,550,4994.45,550,0.0,4385.475,0,0,0,0,0,,,,,,,,,,,,,,,0.016552355488521055,,,,,,10.3,25,71950.1,72386.35,71931.5,71804.05,mid_price,no_price_available
2026-09-23T09:00:04.917314+00:00,2026-09-23T14:30:04.917314+05:30,NIFTYNXT50,29-Sep-2026,77000.0,CE,0,,0,,0,0.0,,0,0,0,0,0,,,,,,,,,,,,,,,0.016552355488521055,,,,,,10.3,25,71950.1,72386.35,71931.5,71804.05,none,no_price_available
2026-09-23T09:00:04.917314+00:00,2026-09-23T14:30:04.917314+05:30,NIFTYNXT50,29-Sep-2026,77000.0,PE,72391.4,3864.65,550,5073,550,0.0,4468.825,0,0,0,0,0,,,,,,,,,,,,,,,0.016552355488521055,,,,,,10.3,25,71950.1,72386.35,71931.5,71804.05,mid_price,no_price_available
2026-09-23T09:00:04.917314+00:00,2026-09-23T14:30:04.917314+05:30,NIFTYNXT50,29-Sep-2026,77100.0,CE,0,,0,,0,0.0,,0,0,0,0,0,,,,,,,,,,,,,,,0.016552355488521055,,,,,,10.3,25,71950.1,72386.35,71931.5,71804.05,none,no_price_available
2026-09-23T09:00:04.917314+00:00,2026-09-23T14:30:04.917314+05:30,NIFTYNXT50,29-Sep-2026,77100.0,PE,72391.4,3952.8,550,5177.35,550,0.0,4565.075000000001,0,0,0,0,0,,,,,,,,,,,,,,,0.016552355488521055,,,,,,10.3,25,71950.1,72386.35,71931.5,71804.05,mid_price,no_price_available
2026-09-23T09:00:04.917314+00:00,2026-09-23T14:30:04.917314+05:30,NIFTYNXT50,29-Sep-2026,77200.0,CE,0,,0,,0,0.0,,0,0,0,0,0,,,,,,,,,,,,,,,0.016552355488521055,,,,,,10.3,25,71950.1,72386.35,71931.5,71804.05,none,no_price_available
2026-09-23T09:00:04.917314+00:00,2026-09-23T14:30:04.917314+05:30,NIFTYNXT50,29-Sep-2026,77200.0,PE,72391.4,4040.95,550,5281.35,550,0.0,4661.15,0,0,0,0,0,,,,,,,,,,,,,,,0.016552355488521055,,,,,,10.3,25,71950.1,72386.35,71931.5,71804.05,mid_price,no_price_available
2026-09-23T09:00:04.917314+00:00,2026-09-23T14:30:04.917314+05:30,NIFTYNXT50,29-Sep-2026,77300.0,CE,0,,0,,0,0.0,,0,0,0,0,0,,,,,,,,,,,,,,,0.016552355488521055,,,,,,10.3,25,71950.1,72386.35,71931.5,71804.05,none,no_price_available
2026-09-23T09:00:04.917314+00:00,2026-09-23T14:30:04.917314+05:30,NIFTYNXT50,29-Sep-2026,77300.0,PE,72391.4,4129.15,550,5388.7,550,0.0,4758.924999999999,0,0,0,0,0,,,,,,,,,,,,,,,0.016552355488521055,,,,,,10.3,25,71950.1,72386.35,71931.5,71804.05,mid_price,no_price_available
2026-09-23T09:00:04.917314+00:00,2026-09-23T14:30:04.917314+05:30,NIFTYNXT50,29-Sep-2026,77400.0,CE,0,,0,,0,0.0,,0,0,0,0,0,,,,,,,,,,,,,,,0.016552355488521055,,,,,,10.3,25,71950.1,72386.35,71931.5,71804.05,none,no_price_available
2026-09-23T09:00:04.917314+00:00,2026-09-23T14:30:04.917314+05:30,NIFTYNXT50,29-Sep-2026,77400.0,PE,72391.4,4217.3,550,5496.2,550,0.0,4856.75,0,0,0,0,0,,,,,,,,,,,,,,,0.016552355488521055,,,,,,10.3,25,71950.1,72386.35,71931.5,71804.05,mid_price,no_price_available
2026-09-23T09:00:04.917314+00:00,2026-09-23T14:30:04.917314+05:30,NIFTYNXT50,29-Sep-2026,77500.0,CE,0,,0,,0,0.0,,0,0,0,0,0,,,,,,,,,,,,,,,0.016552355488521055,,,,,,10.3,25,71950.1,72386.35,71931.5,71804.05,none,no_price_available
2026-09-23T09:00:04.917314+00:00,2026-09-23T14:30:04.917314+05:30,NIFTYNXT50,29-Sep-2026,77500.0,PE,72391.4,4305.45,550,5590.9,550,0.0,4948.174999999999,0,0,0,0,0,,,,,,,,,,,,,,,0.016552355488521055,,,,,,10.3,25,71950.1,72386.35,71931.5,71804.05,mid_price,no_price_available
2026-09-23T09:00:04.917314+00:00,2026-09-23T14:30:04.917314+05:30,NIFTYNXT50,29-Sep-2026,77600.0,CE,72391.4,0.2,100,11.65,25,0.15,5.925,11,-1,11,50,15.81,0.00038824729213737173,9.546235861199002e-07,-0.17549703300882125,0.1309175250660304,0.030074507518950907,-0.00040520878988113603,9.413137421212026,2.3413229164549013e-09,6.259157905857629e-05,-8.430093695062879e-07,-0.13774691986652396,190.3727264491614,-0.0003602851747953773,8.307735654899044e-07,0.016552355488521055,72370.2,-0.01769508610184723,0.0101,index_dividend_yield,0.065,10.3,25,71950.1,72386.35,71931.5,71804.05,mid_price,wide_quote_low_liquidity
2026-09-23T09:00:04.917314+00:00,2026-09-23T14:30:04.917314+05:30,NIFTYNXT50,29-Sep-2026,77600.0,PE,72391.4,4393.6,550,5703.45,550,0.0,5048.525,0,0,0,0,0,,,,,,,,,,,,,,,0.016552355488521055,,,,,,10.3,25,71950.1,72386.35,71931.5,71804.05,mid_price,no_price_available
2026-09-23T09:00:04.917314+00:00,2026-09-23T14:30:04.917314+05:30,NIFTYNXT50,29-Sep-2026,77700.0,CE,0,,0,,0,0.0,,0,0,0,0,0,,,,,,,,,,,,,,,0.016552355488521055,,,,,,10.3,25,71950.1,72386.35,71931.5,71804.05,none,no_price_available
2026-09-23T09:00:04.917314+00:00,2026-09-23T14:30:04.917314+05:30,NIFTYNXT50,29-Sep-2026,77700.0,PE,72391.4,4481.75,550,5808.4,550,0.0,5145.075,0,0,0,0,0,,,,,,,,,,,,,,,0.016552355488521055,,,,,,10.3,25,71950.1,72386.35,71931.5,71804.05,mid_price,no_price_available
2026-09-23T09:00:04.917314+00:00,2026-09-23T14:30:04.917314+05:30,NIFTYNXT50,29-Sep-2026,77800.0,CE,0,,0,,0,0.0,,0,0,0,0,0,,,,,,,,,,,,,,,0.016552355488521055,,,,,,10.3,25,71950.1,72386.35,71931.5,71804.05,none,no_price_available
2026-09-23T09:00:04.917314+00:00,2026-09-23T14:30:04.917314+05:30,NIFTYNXT50,29-Sep-2026,77800.0,PE,72391.4,4569.95,550,5909.95,550,0.0,5239.95,0,0,0,0,0,,,,,,,,,,,,,,,0.016552355488521055,,,,,,10.3,25,71950.1,72386.35,71931.5,71804.05,mid_price,no_price_available
2026-09-23T09:00:04.917314+00:00,2026-09-23T14:30:04.917314+05:30,NIFTYNXT50,29-Sep-2026,77900.0,CE,0,,0,,0,0.0,,0,0,0,0,0,,,,,,,,,,,,,,,0.016552355488521055,,,,,,10.3,25,71950.1,72386.35,71931.5,71804.05,none,no_price_available
2026-09-23T09:00:04.917314+00:00,2026-09-23T14:30:04.917314+05:30,NIFTYNXT50,29-Sep-2026,77900.0,PE,72391.4,4658.1,550,6016.05,550,0.0,5337.075000000001,0,0,0,0,0,,,,,,,,,,,,,,,0.016552355488521055,,,,,,10.3,25,71950.1,72386.35,71931.5,71804.05,mid_price,no_price_available
2026-09-23T09:00:04.917314+00:00,2026-09-23T14:30:04.917314+05:30,NIFTYNXT50,29-Sep-2026,78000.0,CE,72391.4,,0,,0,0.0,,0,0,0,0,0,,,,,,,,,,,,,,,0.016552355488521055,,,,,,10.3,25,71950.1,72386.35,71931.5,71804.05,none,no_price_available
2026-09-23T09:00:04.917314+00:00,2026-09-23T14:30:04.917314+05:30,NIFTYNXT50,29-Sep-2026,78000.0,PE,72391.4,4746.25,550,6127.1,550,0.0,5436.675,0,0,0,0,0,,,,,,,,,,,,,,,0.016552355488521055,,,,,,10.3,25,71950.1,72386.35,71931.5,71804.05,mid_price,no_price_available
2026-09-23T09:00:04.917314+00:00,2026-09-23T14:30:04.917314+05:30,NIFTYNXT50,29-Sep-2026,78100.0,CE,0,,0,,0,0.0,,0,0,0,0,0,,,,,,,,,,,,,,,0.016552355488521055,,,,,,10.3,25,71950.1,72386.35,71931.5,71804.05,none,no_price_available
2026-09-23T09:00:04.917314+00:00,2026-09-23T14:30:04.917314+05:30,NIFTYNXT50,29-Sep-2026,78100.0,PE,72391.4,4834.4,550,6261.45,550,0.0,5547.924999999999,0,0,0,0,0,,,,,,,,,,,,,,,0.016552355488521055,,,,,,10.3,25,71950.1,72386.35,71931.5,71804.05,mid_price,no_price_available
2026-09-23T09:00:04.917314+00:00,2026-09-23T14:30:04.917314+05:30,NIFTYNXT50,29-Sep-2026,78200.0,CE,0,,0,,0,0.0,,0,0,0,0,0,,,,,,,,,,,,,,,0.016552355488521055,,,,,,10.3,25,71950.1,72386.35,71931.5,71804.05,none,no_price_available
2026-09-23T09:00:04.917314+00:00,2026-09-23T14:30:04.917314+05:30,NIFTYNXT50,29-Sep-2026,78200.0,PE,72391.4,4922.55,550,6346.75,550,0.0,5634.65,0,0,0,0,0,,,,,,,,,,,,,,,0.016552355488521055,,,,,,10.3,25,71950.1,72386.35,71931.5,71804.05,mid_price,no_price_available
2026-09-23T09:00:04.917314+00:00,2026-09-23T14:30:04.917314+05:30,NIFTYNXT50,29-Sep-2026,78300.0,CE,0,,0,,0,0.0,,0,0,0,0,0,,,,,,,,,,,,,,,0.016552355488521055,,,,,,10.3,25,71950.1,72386.35,71931.5,71804.05,none,no_price_available
2026-09-23T09:00:04.917314+00:00,2026-09-23T14:30:04.917314+05:30,NIFTYNXT50,29-Sep-2026,78300.0,PE,72391.4,5010.75,550,6452.25,550,0.0,5731.5,0,0,0,0,0,,,,,,,,,,,,,,,0.016552355488521055,,,,,,10.3,25,71950.1,72386.35,71931.5,71804.05,mid_price,no_price_available
2026-09-23T09:00:04.917314+00:00,2026-09-23T14:30:04.917314+05:30,NIFTYNXT50,29-Sep-2026,78400.0,CE,0,,0,,0,0.0,,0,0,0,0,0,,,,,,,,,,,,,,,0.016552355488521055,,,,,,10.3,25,71950.1,72386.35,71931.5,71804.05,none,no_price_available
2026-09-23T09:00:04.917314+00:00,2026-09-23T14:30:04.917314+05:30,NIFTYNXT50,29-Sep-2026,78400.0,PE,72391.4,5098.9,550,6555.35,550,0.0,5827.125,0,0,0,0,0,,,,,,,,,,,,,,,0.016552355488521055,,,,,,10.3,25,71950.1,72386.35,71931.5,71804.05,mid_price,no_price_available
2026-09-23T09:00:04.917314+00:00,2026-09-23T14:30:04.917314+05:30,NIFTYNXT50,29-Sep-2026,78500.0,CE,0,,0,,0,0.0,,0,0,0,0,0,,,,,,,,,,,,,,,0.016552355488521055,,,,,,10.3,25,71950.1,72386.35,71931.5,71804.05,none,no_price_available
2026-09-23T09:00:04.917314+00:00,2026-09-23T14:30:04.917314+05:30,NIFTYNXT50,29-Sep-2026,78500.0,PE,72391.4,5187.05,550,6682.65,550,0.0,5934.85,0,0,0,0,0,,,,,,,,,,,,,,,0.016552355488521055,,,,,,10.3,25,71950.1,72386.35,71931.5,71804.05,mid_price,no_price_available
2026-09-23T09:00:04.917314+00:00,2026-09-23T14:30:04.917314+05:30,NIFTYNXT50,29-Sep-2026,78600.0,CE,0,,0,,0,0.0,,0,0,0,0,0,,,,,,,,,,,,,,,0.016552355488521055,,,,,,10.3,25,71950.1,72386.35,71931.5,71804.05,none,no_price_available
2026-09-23T09:00:04.917314+00:00,2026-09-23T14:30:04.917314+05:30,NIFTYNXT50,29-Sep-2026,78600.0,PE,72391.4,5275.2,550,6767.7,550,0.0,6021.45,0,0,0,0,0,,,,,,,,,,,,,,,0.016552355488521055,,,,,,10.3,25,71950.1,72386.35,71931.5,71804.05,mid_price,no_price_available
2026-09-23T09:00:04.917314+00:00,2026-09-23T14:30:04.917314+05:30,NIFTYNXT50,29-Sep-2026,78700.0,CE,0,,0,,0,0.0,,0,0,0,0,0,,,,,,,,,,,,,,,0.016552355488521055,,,,,,10.3,25,71950.1,72386.35,71931.5,71804.05,none,no_price_available
2026-09-23T09:00:04.917314+00:00,2026-09-23T14:30:04.917314+05:30,NIFTYNXT50,29-Sep-2026,78700.0,PE,72391.4,5363.35,550,6904.65,550,0.0,6134.0,0,0,0,0,0,,,,,,,,,,,,,,,0.016552355488521055,,,,,,10.3,25,71950.1,72386.35,71931.5,71804.05,mid_price,no_price_available
2026-09-23T09:00:04.917314+00:00,2026-09-23T14:30:04.917314+05:30,NIFTYNXT50,29-Sep-2026,78800.0,CE,0,,0,,0,0.0,,0,0,0,0,0,,,,,,,,,,,,,,,0.016552355488521055,,,,,,10.3,25,71950.1,72386.35,71931.5,71804.05,none,no_price_available
2026-09-23T09:00:04.917314+00:00,2026-09-23T14:30:04.917314+05:30,NIFTYNXT50,29-Sep-2026,78800.0,PE,72391.4,5451.55,550,6998.8,550,0.0,6225.175,0,0,0,0,0,,,,,,,,,,,,,,,0.016552355488521055,,,,,,10.3,25,71950.1,72386.35,71931.5,71804.05,mid_price,no_price_available
2026-09-23T09:00:04.917314+00:00,2026-09-23T14:30:04.917314+05:30,NIFTYNXT50,29-Sep-2026,78900.0,CE,0,,0,,0,0.0,,0,0,0,0,0,,,,,,,,,,,,,,,0.016552355488521055,,,,,,10.3,25,71950.1,72386.35,71931.5,71804.05,none,no_price_available
2026-09-23T09:00:04.917314+00:00,2026-09-23T14:30:04.917314+05:30,NIFTYNXT50,29-Sep-2026,78900.0,PE,72391.4,5539.7,550,7118.95,550,0.0,6329.325,0,0,0,0,0,,,,,,,,,,,,,,,0.016552355488521055,,,,,,10.3,25,71950.1,72386.35,71931.5,71804.05,mid_price,no_price_available
2026-09-23T09:00:04.917314+00:00,2026-09-23T14:30:04.917314+05:30,NIFTYNXT50,29-Sep-2026,79000.0,CE,0,,0,,0,0.0,,0,0,0,0,0,,,,,,,,,,,,,,,0.016552355488521055,,,,,,10.3,25,71950.1,72386.35,71931.5,71804.05,none,no_price_available
2026-09-23T09:00:04.917314+00:00,2026-09-23T14:30:04.917314+05:30,NIFTYNXT50,29-Sep-2026,79000.0,PE,72391.4,5627.85,550,7221.6,550,0.0,6424.725,0,0,0,0,0,,,,,,,,,,,,,,,0.016552355488521055,,,,,,10.3,25,71950.1,72386.35,71931.5,71804.05,mid_price,no_price_available
2026-09-23T09:00:04.917314+00:00,2026-09-23T14:30:04.917314+05:30,NIFTYNXT50,29-Sep-2026,79100.0,CE,0,,0,,0,0.0,,0,0,0,0,0,,,,,,,,,,,,,,,0.016552355488521055,,,,,,10.3,25,71950.1,72386.35,71931.5,71804.05,none,no_price_available
2026-09-23T09:00:04.917314+00:00,2026-09-23T14:30:04.917314+05:30,NIFTYNXT50,29-Sep-2026,79100.0,PE,72391.4,5716,550,7328.25,550,0.0,6522.125,0,0,0,0,0,,,,,,,,,,,,,,,0.016552355488521055,,,,,,10.3,25,71950.1,72386.35,71931.5,71804.05,mid_price,no_price_available
2026-09-23T09:00:04.917314+00:00,2026-09-23T14:30:04.917314+05:30,NIFTYNXT50,29-Sep-2026,79200.0,CE,0,,0,,0,0.0,,0,0,0,0,0,,,,,,,,,,,,,,,0.016552355488521055,,,,,,10.3,25,71950.1,72386.35,71931.5,71804.05,none,no_price_available
2026-09-23T09:00:04.917314+00:00,2026-09-23T14:30:04.917314+05:30,NIFTYNXT50,29-Sep-2026,79200.0,PE,72391.4,5804.15,550,7413.55,550,0.0,6608.85,0,0,0,0,0,,,,,,,,,,,,,,,0.016552355488521055,,,,,,10.3,25,71950.1,72386.35,71931.5,71804.05,mid_price,no_price_available
2026-09-23T09:00:04.917314+00:00,2026-09-23T14:30:04.917314+05:30,NIFTYNXT50,29-Sep-2026,79300.0,CE,0,,0,,0,0.0,,0,0,0,0,0,,,,,,,,,,,,,,,0.016552355488521055,,,,,,10.3,25,71950.1,72386.35,71931.5,71804.05,none,no_price_available
2026-09-23T09:00:04.917314+00:00,2026-09-23T14:30:04.917314+05:30,NIFTYNXT50,29-Sep-2026,79300.0,PE,72391.4,5892.35,550,7519.85,550,0.0,6706.1,0,0,0,0,0,,,,,,,,,,,,,,,0.016552355488521055,,,,,,10.3,25,71950.1,72386.35,71931.5,71804.05,mid_price,no_price_available
2026-09-23T09:00:04.917314+00:00,2026-09-23T14:30:04.917314+05:30,NIFTYNXT50,29-Sep-2026,79400.0,CE,0,,0,,0,0.0,,0,0,0,0,0,,,,,,,,,,,,,,,0.016552355488521055,,,,,,10.3,25,71950.1,72386.35,71931.5,71804.05,none,no_price_available
2026-09-23T09:00:04.917314+00:00,2026-09-23T14:30:04.917314+05:30,NIFTYNXT50,29-Sep-2026,79400.0,PE,72391.4,5980.5,550,7620.6,550,0.0,6800.55,0,0,0,0,0,,,,,,,,,,,,,,,0.016552355488521055,,,,,,10.3,25,71950.1,72386.35,71931.5,71804.05,mid_price,no_price_available
2026-09-23T09:00:04.917314+00:00,2026-09-23T14:30:04.917314+05:30,NIFTYNXT50,29-Sep-2026,79500.0,CE,0,,0,,0,0.0,,0,0,0,0,0,,,,,,,,,,,,,,,0.016552355488521055,,,,,,10.3,25,71950.1,72386.35,71931.5,71804.05,none,no_price_available
2026-09-23T09:00:04.917314+00:00,2026-09-23T14:30:04.917314+05:30,NIFTYNXT50,29-Sep-2026,79500.0,PE,72391.4,6068.65,550,7752.05,550,0.0,6910.35,0,0,0,0,0,,,,,,,,,,,,,,,0.016552355488521055,,,,,,10.3,25,71950.1,72386.35,71931.5,71804.05,mid_price,no_price_available
2026-09-23T09:00:04.917314+00:00,2026-09-23T14:30:04.917314+05:30,NIFTYNXT50,29-Sep-2026,79600.0,CE,0,,0,,0,0.0,,0,0,0,0,0,,,,,,,,,,,,,,,0.016552355488521055,,,,,,10.3,25,71950.1,72386.35,71931.5,71804.05,none,no_price_available
2026-09-23T09:00:04.917314+00:00,2026-09-23T14:30:04.917314+05:30,NIFTYNXT50,29-Sep-2026,79600.0,PE,72391.4,6156.8,550,7858.7,550,0.0,7007.75,0,0,0,0,0,,,,,,,,,,,,,,,0.016552355488521055,,,,,,10.3,25,71950.1,72386.35,71931.5,71804.05,mid_price,no_price_available
2026-09-23T09:00:04.917314+00:00,2026-09-23T14:30:04.917314+05:30,NIFTYNXT50,29-Sep-2026,79700.0,CE,0,,0,,0,0.0,,0,0,0,0,0,,,,,,,,,,,,,,,0.016552355488521055,,,,,,10.3,25,71950.1,72386.35,71931.5,71804.05,none,no_price_available
2026-09-23T09:00:04.917314+00:00,2026-09-23T14:30:04.917314+05:30,NIFTYNXT50,29-Sep-2026,79700.0,PE,72391.4,6244.95,550,7961.85,550,0.0,7103.4,0,0,0,0,0,,,,,,,,,,,,,,,0.016552355488521055,,,,,,10.3,25,71950.1,72386.35,71931.5,71804.05,mid_price,no_price_available
2026-09-23T09:00:04.917314+00:00,2026-09-23T14:30:04.917314+05:30,NIFTYNXT50,29-Sep-2026,79800.0,CE,0,,0,,0,0.0,,0,0,0,0,0,,,,,,,,,,,,,,,0.016552355488521055,,,,,,10.3,25,71950.1,72386.35,71931.5,71804.05,none,no_price_available
2026-09-23T09:00:04.917314+00:00,2026-09-23T14:30:04.917314+05:30,NIFTYNXT50,29-Sep-2026,79800.0,PE,72391.4,6333.15,550,8067.25,550,0.0,7200.2,0,0,0,0,0,,,,,,,,,,,,,,,0.016552355488521055,,,,,,10.3,25,71950.1,72386.35,71931.5,71804.05,mid_price,no_price_available
2026-09-23T09:00:04.917314+00:00,2026-09-23T14:30:04.917314+05:30,NIFTYNXT50,29-Sep-2026,79900.0,CE,0,,0,,0,0.0,,0,0,0,0,0,,,,,,,,,,,,,,,0.016552355488521055,,,,,,10.3,25,71950.1,72386.35,71931.5,71804.05,none,no_price_available
2026-09-23T09:00:04.917314+00:00,2026-09-23T14:30:04.917314+05:30,NIFTYNXT50,29-Sep-2026,79900.0,PE,72391.4,6421.3,550,8191.15,550,0.0,7306.225,0,0,0,0,0,,,,,,,,,,,,,,,0.016552355488521055,,,,,,10.3,25,71950.1,72386.35,71931.5,71804.05,mid_price,no_price_available
2026-09-23T09:00:04.917314+00:00,2026-09-23T14:30:04.917314+05:30,NIFTYNXT50,29-Sep-2026,80000.0,CE,0,,0,,0,0.0,,0,0,0,0,0,,,,,,,,,,,,,,,0.016552355488521055,,,,,,10.3,25,71950.1,72386.35,71931.5,71804.05,none,no_price_available
2026-09-23T09:00:04.917314+00:00,2026-09-23T14:30:04.917314+05:30,NIFTYNXT50,29-Sep-2026,80000.0,PE,72391.4,6509.45,550,8291.5,550,0.0,7400.475,0,0,0,0,0,,,,,,,,,,,,,,,0.016552355488521055,,,,,,10.3,25,71950.1,72386.35,71931.5,71804.05,mid_price,no_price_available
2026-09-23T09:00:04.917314+00:00,2026-09-23T14:30:04.917314+05:30,NIFTYNXT50,29-Sep-2026,80100.0,CE,0,,0,,0,0.0,,0,0,0,0,0,,,,,,,,,,,,,,,0.016552355488521055,,,,,,10.3,25,71950.1,72386.35,71931.5,71804.05,none,no_price_available
2026-09-23T09:00:04.917314+00:00,2026-09-23T14:30:04.917314+05:30,NIFTYNXT50,29-Sep-2026,80100.0,PE,72391.4,6597.6,550,8399.1,550,0.0,7498.35,0,0,0,0,0,,,,,,,,,,,,,,,0.016552355488521055,,,,,,10.3,25,71950.1,72386.35,71931.5,71804.05,mid_price,no_price_available
2026-09-23T09:00:04.917314+00:00,2026-09-23T14:30:04.917314+05:30,NIFTYNXT50,29-Sep-2026,80200.0,CE,0,,0,,0,0.0,,0,0,0,0,0,,,,,,,,,,,,,,,0.016552355488521055,,,,,,10.3,25,71950.1,72386.35,71931.5,71804.05,none,no_price_available
2026-09-23T09:00:04.917314+00:00,2026-09-23T14:30:04.917314+05:30,NIFTYNXT50,29-Sep-2026,80200.0,PE,72391.4,6685.75,550,8492.2,550,0.0,7588.975,0,0,0,0,0,,,,,,,,,,,,,,,0.016552355488521055,,,,,,10.3,25,71950.1,72386.35,71931.5,71804.05,mid_price,no_price_available
2026-09-23T09:00:04.917314+00:00,2026-09-23T14:30:04.917314+05:30,NIFTYNXT50,29-Sep-2026,80300.0,CE,0,,0,,0,0.0,,0,0,0,0,0,,,,,,,,,,,,,,,0.016552355488521055,,,,,,10.3,25,71950.1,72386.35,71931.5,71804.05,none,no_price_available
2026-09-23T09:00:04.917314+00:00,2026-09-23T14:30:04.917314+05:30,NIFTYNXT50,29-Sep-2026,80300.0,PE,72391.4,6773.95,550,8597.75,550,0.0,7685.85,0,0,0,0,0,,,,,,,,,,,,,,,0.016552355488521055,,,,,,10.3,25,71950.1,72386.35,71931.5,71804.05,mid_price,no_price_available
2026-09-23T09:00:04.917314+00:00,2026-09-23T14:30:04.917314+05:30,NIFTYNXT50,29-Sep-2026,80400.0,CE,0,,0,,0,0.0,,0,0,0,0,0,,,,,,,,,,,,,,,0.016552355488521055,,,,,,10.3,25,71950.1,72386.35,71931.5,71804.05,none,no_price_available
2026-09-23T09:00:04.917314+00:00,2026-09-23T14:30:04.917314+05:30,NIFTYNXT50,29-Sep-2026,80400.0,PE,72391.4,6862.1,550,8704.25,550,0.0,7783.175,0,0,0,0,0,,,,,,,,,,,,,,,0.016552355488521055,,,,,,10.3,25,71950.1,72386.35,71931.5,71804.05,mid_price,no_price_available
2026-09-23T09:00:04.917314+00:00,2026-09-23T14:30:04.917314+05:30,NIFTYNXT50,29-Sep-2026,80500.0,CE,0,,0,,0,0.0,,0,0,0,0,0,,,,,,,,,,,,,,,0.016552355488521055,,,,,,10.3,25,71950.1,72386.35,71931.5,71804.05,none,no_price_available
2026-09-23T09:00:04.917314+00:00,2026-09-23T14:30:04.917314+05:30,NIFTYNXT50,29-Sep-2026,80500.0,PE,72391.4,6950.25,550,8808.75,550,0.0,7879.5,0,0,0,0,0,,,,,,,,,,,,,,,0.016552355488521055,,,,,,10.3,25,71950.1,72386.35,71931.5,71804.05,mid_price,no_price_available
2026-09-23T09:00:04.917314+00:00,2026-09-23T14:30:04.917314+05:30,NIFTYNXT50,29-Sep-2026,80600.0,CE,0,,0,,0,0.0,,0,0,0,0,0,,,,,,,,,,,,,,,0.016552355488521055,,,,,,10.3,25,71950.1,72386.35,71931.5,71804.05,none,no_price_available
2026-09-23T09:00:04.917314+00:00,2026-09-23T14:30:04.917314+05:30,NIFTYNXT50,29-Sep-2026,80600.0,PE,72391.4,7038.4,550,8913.3,550,0.0,7975.849999999999,0,0,0,0,0,,,,,,,,,,,,,,,0.016552355488521055,,,,,,10.3,25,71950.1,72386.35,71931.5,71804.05,mid_price,no_price_available
2026-09-23T09:00:04.917314+00:00,2026-09-23T14:30:04.917314+05:30,NIFTYNXT50,29-Sep-2026,80700.0,CE,0,,0,,0,0.0,,0,0,0,0,0,,,,,,,,,,,,,,,0.016552355488521055,,,,,,10.3,25,71950.1,72386.35,71931.5,71804.05,none,no_price_available
2026-09-23T09:00:04.917314+00:00,2026-09-23T14:30:04.917314+05:30,NIFTYNXT50,29-Sep-2026,80700.0,PE,72391.4,7126.55,550,9032.2,550,0.0,8079.375,0,0,0,0,0,,,,,,,,,,,,,,,0.016552355488521055,,,,,,10.3,25,71950.1,72386.35,71931.5,71804.05,mid_price,no_price_available
2026-09-23T09:00:04.917314+00:00,2026-09-23T14:30:04.917314+05:30,NIFTYNXT50,29-Sep-2026,80800.0,CE,0,,0,,0,0.0,,0,0,0,0,0,,,,,,,,,,,,,,,0.016552355488521055,,,,,,10.3,25,71950.1,72386.35,71931.5,71804.05,none,no_price_available
2026-09-23T09:00:04.917314+00:00,2026-09-23T14:30:04.917314+05:30,NIFTYNXT50,29-Sep-2026,80800.0,PE,72391.4,7214.75,550,9128.7,550,0.0,8171.725,0,0,0,0,0,,,,,,,,,,,,,,,0.016552355488521055,,,,,,10.3,25,71950.1,72386.35,71931.5,71804.05,mid_price,no_price_available
2026-09-23T09:00:04.917314+00:00,2026-09-23T14:30:04.917314+05:30,NIFTYNXT50,29-Sep-2026,80900.0,CE,0,,0,,0,0.0,,0,0,0,0,0,,,,,,,,,,,,,,,0.016552355488521055,,,,,,10.3,25,71950.1,72386.35,71931.5,71804.05,none,no_price_available
2026-09-23T09:00:04.917314+00:00,2026-09-23T14:30:04.917314+05:30,NIFTYNXT50,29-Sep-2026,80900.0,PE,72391.4,7302.9,550,9231.1,550,0.0,8267.0,0,0,0,0,0,,,,,,,,,,,,,,,0.016552355488521055,,,,,,10.3,25,71950.1,72386.35,71931.5,71804.05,mid_price,no_price_available
2026-09-23T09:00:04.917314+00:00,2026-09-23T14:30:04.917314+05:30,NIFTYNXT50,29-Sep-2026,81000.0,CE,0,,0,,0,0.0,,0,0,0,0,0,,,,,,,,,,,,,,,0.016552355488521055,,,,,,10.3,25,71950.1,72386.35,71931.5,71804.05,none,no_price_available
2026-09-23T09:00:04.917314+00:00,2026-09-23T14:30:04.917314+05:30,NIFTYNXT50,29-Sep-2026,81000.0,PE,72391.4,7391.05,550,9345.65,550,0.0,8368.35,0,0,0,0,0,,,,,,,,,,,,,,,0.016552355488521055,,,,,,10.3,25,71950.1,72386.35,71931.5,71804.05,mid_price,no_price_available
2026-09-23T09:00:04.917314+00:00,2026-09-23T14:30:04.917314+05:30,NIFTYNXT50,29-Sep-2026,81500.0,CE,0,,0,,0,0.0,,0,0,0,0,0,,,,,,,,,,,,,,,0.016552355488521055,,,,,,10.3,25,71950.1,72386.35,71931.5,71804.05,none,no_price_available
2026-09-23T09:00:04.917314+00:00,2026-09-23T14:30:04.917314+05:30,NIFTYNXT50,29-Sep-2026,81500.0,PE,72391.4,7831.85,550,9865.65,550,0.0,8848.75,0,0,0,0,0,,,,,,,,,,,,,,,0.016552355488521055,,,,,,10.3,25,71950.1,72386.35,71931.5,71804.05,mid_price,no_price_available
2026-09-23T09:00:04.917314+00:00,2026-09-23T14:30:04.917314+05:30,NIFTYNXT50,29-Sep-2026,82000.0,CE,0,,0,,0,0.0,,0,0,0,0,0,,,,,,,,,,,,,,,0.016552355488521055,,,,,,10.3,25,71950.1,72386.35,71931.5,71804.05,none,no_price_available
2026-09-23T09:00:04.917314+00:00,2026-09-23T14:30:04.917314+05:30,NIFTYNXT50,29-Sep-2026,82000.0,PE,72391.4,8272.65,550,10394.3,550,0.0,9333.474999999999,0,0,0,0,0,,,,,,,,,,,,,,,0.016552355488521055,,,,,,10.3,25,71950.1,72386.35,71931.5,71804.05,mid_price,no_price_available
2026-09-23T09:00:04.917314+00:00,2026-09-23T14:30:04.917314+05:30,NIFTYNXT50,29-Sep-2026,82500.0,CE,0,,0,,0,0.0,,0,0,0,0,0,,,,,,,,,,,,,,,0.016552355488521055,,,,,,10.3,25,71950.1,72386.35,71931.5,71804.05,none,no_price_available
2026-09-23T09:00:04.917314+00:00,2026-09-23T14:30:04.917314+05:30,NIFTYNXT50,29-Sep-2026,82500.0,PE,72391.4,8713.45,550,10973.95,550,0.0,9843.7,0,0,0,0,0,,,,,,,,,,,,,,,0.016552355488521055,,,,,,10.3,25,71950.1,72386.35,71931.5,71804.05,mid_price,no_price_available
2026-09-23T09:00:04.917314+00:00,2026-09-23T14:30:04.917314+05:30,NIFTYNXT50,29-Sep-2026,83000.0,CE,0,,0,,0,0.0,,0,0,0,0,0,,,,,,,,,,,,,,,0.016552355488521055,,,,,,10.3,25,71950.1,72386.35,71931.5,71804.05,none,no_price_available
2026-09-23T09:00:04.917314+00:00,2026-09-23T14:30:04.917314+05:30,NIFTYNXT50,29-Sep-2026,83000.0,PE,72391.4,9154.25,550,11498.05,550,0.0,10326.15,0,0,0,0,0,,,,,,,,,,,,,,,0.016552355488521055,,,,,,10.3,25,71950.1,72386.35,71931.5,71804.05,mid_price,no_price_available
2026-09-23T09:00:04.917314+00:00,2026-09-23T14:30:04.917314+05:30,NIFTYNXT50,29-Sep-2026,83500.0,CE,0,,0,,0,0.0,,0,0,0,0,0,,,,,,,,,,,,,,,0.016552355488521055,,,,,,10.3,25,71950.1,72386.35,71931.5,71804.05,none,no_price_available
2026-09-23T09:00:04.917314+00:00,2026-09-23T14:30:04.917314+05:30,NIFTYNXT50,29-Sep-2026,83500.0,PE,72391.4,9595.05,550,12033.4,550,0.0,10814.224999999999,0,0,0,0,0,,,,,,,,,,,,,,,0.016552355488521055,,,,,,10.3,25,71950.1,72386.35,71931.5,71804.05,mid_price,no_price_available
2026-09-23T09:00:04.917314+00:00,2026-09-23T14:30:04.917314+05:30,NIFTYNXT50,29-Sep-2026,84000.0,CE,0,,0,,0,0.0,,0,0,0,0,0,,,,,,,,,,,,,,,0.016552355488521055,,,,,,10.3,25,71950.1,72386.35,71931.5,71804.05,none,no_price_available
2026-09-23T09:00:04.917314+00:00,2026-09-23T14:30:04.917314+05:30,NIFTYNXT50,29-Sep-2026,84000.0,PE,72391.4,10035.85,550,12566.3,550,0.0,11301.075,0,0,0,0,0,,,,,,,,,,,,,,,0.016552355488521055,,,,,,10.3,25,71950.1,72386.35,71931.5,71804.05,mid_price,no_price_available
2026-09-23T09:00:04.917314+00:00,2026-09-23T14:30:04.917314+05:30,NIFTYNXT50,29-Sep-2026,84500.0,CE,0,,0,,0,0.0,,0,0,0,0,0,,,,,,,,,,,,,,,0.016552355488521055,,,,,,10.3,25,71950.1,72386.35,71931.5,71804.05,none,no_price_available
2026-09-23T09:00:04.917314+00:00,2026-09-23T14:30:04.917314+05:30,NIFTYNXT50,29-Sep-2026,84500.0,PE,72391.4,10476.65,550,13098.55,550,0.0,11787.599999999999,0,0,0,0,0,,,,,,,,,,,,,,,0.016552355488521055,,,,,,10.3,25,71950.1,72386.35,71931.5,71804.05,mid_price,no_price_available
2026-09-23T09:00:04.917314+00:00,2026-09-23T14:30:04.917314+05:30,NIFTYNXT50,29-Sep-2026,85000.0,CE,0,,0,,0,0.0,,0,0,0,0,0,,,,,,,,,,,,,,,0.016552355488521055,,,,,,10.3,25,71950.1,72386.35,71931.5,71804.05,none,no_price_available
2026-09-23T09:00:04.917314+00:00,2026-09-23T14:30:04.917314+05:30,NIFTYNXT50,29-Sep-2026,85000.0,PE,72391.4,10917.45,550,13630.55,550,0.0,12274.0,0,0,0,0,0,,,,,,,,,,,,,,,0.016552355488521055,,,,,,10.3,25,71950.1,72386.35,71931.5,71804.05,mid_price,no_price_available
2026-09-23T14:11:09.607964+00:00,2026-09-23T19:41:09.607964+05:30,NIFTYNXT50,29-Sep-2026,60500.0,CE,72462.4,,0,,0,0.0,,0,0,0,0,0,,,,,,,,,,,,,,,0.01596050203056824,,,,,,10.29,25,71950.1,72465.7,71931.5,71804.05,none,no_price_available
2026-09-23T14:11:09.607964+00:00,2026-09-23T19:41:09.607964+05:30,NIFTYNXT50,29-Sep-2026,60500.0,PE,0,,0,,0,0.0,,0,0,0,0,0,,,,,,,,,,,,,,,0.01596050203056824,,,,,,10.29,25,71950.1,72465.7,71931.5,71804.05,none,no_price_available
2026-09-23T14:11:09.607964+00:00,2026-09-23T19:41:09.607964+05:30,NIFTYNXT50,29-Sep-2026,61000.0,CE,72462.4,,0,,0,0.0,,0,0,0,0,0,,,,,,,,,,,,,,,0.01596050203056824,,,,,,10.29,25,71950.1,72465.7,71931.5,71804.05,none,no_price_available
2026-09-23T14:11:09.607964+00:00,2026-09-23T19:41:09.607964+05:30,NIFTYNXT50,29-Sep-2026,61000.0,PE,0,,0,,0,0.0,,0,0,0,0,0,,,,,,,,,,,,,,,0.01596050203056824,,,,,,10.29,25,71950.1,72465.7,71931.5,71804.05,none,no_price_available
2026-09-23T14:11:09.607964+00:00,2026-09-23T19:41:09.607964+05:30,NIFTYNXT50,29-Sep-2026,61500.0,CE,72462.4,,0,,0,0.0,,0,0,0,0,0,,,,,,,,,,,,,,,0.01596050203056824,,,,,,10.29,25,71950.1,72465.7,71931.5,71804.05,none,no_price_available
2026-09-23T14:11:09.607964+00:00,2026-09-23T19:41:09.607964+05:30,NIFTYNXT50,29-Sep-2026,61500.0,PE,0,,0,,0,0.0,,0,0,0,0,0,,,,,,,,,,,,,,,0.01596050203056824,,,,,,10.29,25,71950.1,72465.7,71931.5,71804.05,none,no_price_available
2026-09-23T14:11:09.607964+00:00,2026-09-23T19:41:09.607964+05:30,NIFTYNXT50,29-Sep-2026,62000.0,CE,72462.4,,0,,0,0.0,,0,0,0,0,0,,,,,,,,,,,,,,,0.01596050203056824,,,,,,10.29,25,71950.1,72465.7,71931.5,71804.05,none,no_price_available
2026-09-23T14:11:09.607964+00:00,2026-09-23T19:41:09.607964+05:30,NIFTYNXT50,29-Sep-2026,62000.0,PE,0,,0,,0,0.0,,0,0,0,0,0,,,,,,,,,,,,,,,0.01596050203056824,,,,,,10.29,25,71950.1,72465.7,71931.5,71804.05,none,no_price_available
2026-09-23T14:11:09.607964+00:00,2026-09-23T19:41:09.607964+05:30,NIFTYNXT50,29-Sep-2026,62500.0,CE,72462.4,,0,,0,0.0,,0,0,0,0,0,,,,,,,,,,,,,,,0.01596050203056824,,,,,,10.29,25,71950.1,72465.7,71931.5,71804.05,none,no_price_available
2026-09-23T14:11:09.607964+00:00,2026-09-23T19:41:09.607964+05:30,NIFTYNXT50,29-Sep-2026,62500.0,PE,0,,0,,0,0.0,,0,0,0,0,0,,,,,,,,,,,,,,,0.01596050203056824,,,,,,10.29,25,71950.1,72465.7,71931.5,71804.05,none,no_price_available
2026-09-23T14:11:09.607964+00:00,2026-09-23T19:41:09.607964+05:30,NIFTYNXT50,29-Sep-2026,63000.0,CE,72462.4,,0,,0,0.0,,0,0,0,0,0,,,,,,,,,,,,,,,0.01596050203056824,,,,,,10.29,25,71950.1,72465.7,71931.5,71804.05,none,no_price_available
2026-09-23T14:11:09.607964+00:00,2026-09-23T19:41:09.607964+05:30,NIFTYNXT50,29-Sep-2026,63000.0,PE,0,,0,,0,0.0,,0,0,0,0,0,,,,,,,,,,,,,,,0.01596050203056824,,,,,,10.29,25,71950.1,72465.7,71931.5,71804.05,none,no_price_available
2026-09-23T14:11:09.607964+00:00,2026-09-23T19:41:09.607964+05:30,NIFTYNXT50,29-Sep-2026,63500.0,CE,72462.4,,0,,0,0.0,,0,0,0,0,0,,,,,,,,,,,,,,,0.01596050203056824,,,,,,10.29,25,71950.1,72465.7,71931.5,71804.05,none,no_price_available
2026-09-23T14:11:09.607964+00:00,2026-09-23T19:41:09.607964+05:30,NIFTYNXT50,29-Sep-2026,63500.0,PE,0,,0,,0,0.0,,0,0,0,0,0,,,,,,,,,,,,,,,0.01596050203056824,,,,,,10.29,25,71950.1,72465.7,71931.5,71804.05,none,no_price_available
2026-09-23T14:11:09.607964+00:00,2026-09-23T19:41:09.607964+05:30,NIFTYNXT50,29-Sep-2026,63800.0,CE,72462.4,,0,,0,0.0,,0,0,0,0,0,,,,,,,,,,,,,,,0.01596050203056824,,,,,,10.29,25,71950.1,72465.7,71931.5,71804.05,none,no_price_available
2026-09-23T14:11:09.607964+00:00,2026-09-23T19:41:09.607964+05:30,NIFTYNXT50,29-Sep-2026,63800.0,PE,0,,0,,0,0.0,,0,0,0,0,0,,,,,,,,,,,,,,,0.01596050203056824,,,,,,10.29,25,71950.1,72465.7,71931.5,71804.05,none,no_price_available
2026-09-23T14:11:09.607964+00:00,2026-09-23T19:41:09.607964+05:30,NIFTYNXT50,29-Sep-2026,63900.0,CE,72462.4,,0,,0,0.0,,0,0,0,0,0,,,,,,,,,,,,,,,0.01596050203056824,,,,,,10.29,25,71950.1,72465.7,71931.5,71804.05,none,no_price_available
2026-09-23T14:11:09.607964+00:00,2026-09-23T19:41:09.607964+05:30,NIFTYNXT50,29-Sep-2026,63900.0,PE,0,,0,,0,0.0,,0,0,0,0,0,,,,,,,,,,,,,,,0.01596050203056824,,,,,,10.29,25,71950.1,72465.7,71931.5,71804.05,none,no_price_available
2026-09-23T14:11:09.607964+00:00,2026-09-23T19:41:09.607964+05:30,NIFTYNXT50,29-Sep-2026,64000.0,CE,72462.4,,0,,0,0.0,,0,0,0,0,0,,,,,,,,,,,,,,,0.01596050203056824,,,,,,10.29,25,71950.1,72465.7,71931.5,71804.05,none,no_price_available
2026-09-23T14:11:09.607964+00:00,2026-09-23T19:41:09.607964+05:30,NIFTYNXT50,29-Sep-2026,64000.0,PE,0,,0,,0,0.0,,0,0,0,0,0,,,,,,,,,,,,,,,0.01596050203056824,,,,,,10.29,25,71950.1,72465.7,71931.5,71804.05,none,no_price_available
2026-09-23T14:11:09.607964+00:00,2026-09-23T19:41:09.607964+05:30,NIFTYNXT50,29-Sep-2026,64100.0,CE,72462.4,,0,,0,0.0,,0,0,0,0,0,,,,,,,,,,,,,,,0.01596050203056824,,,,,,10.29,25,71950.1,72465.7,71931.5,71804.05,none,no_price_available
2026-09-23T14:11:09.607964+00:00,2026-09-23T19:41:09.607964+05:30,NIFTYNXT50,29-Sep-2026,64100.0,PE,0,,0,,0,0.0,,0,0,0,0,0,,,,,,,,,,,,,,,0.01596050203056824,,,,,,10.29,25,71950.1,72465.7,71931.5,71804.05,none,no_price_available
2026-09-23T14:11:09.607964+00:00,2026-09-23T19:41:09.607964+05:30,NIFTYNXT50,29-Sep-2026,64200.0,CE,72462.4,,0,,0,0.0,,0,0,0,0,0,,,,,,,,,,,,,,,0.01596050203056824,,,,,,10.29,25,71950.1,72465.7,71931.5,71804.05,none,no_price_available
2026-09-23T14:11:09.607964+00:00,2026-09-23T19:41:09.607964+05:30,NIFTYNXT50,29-Sep-2026,64200.0,PE,0,,0,,0,0.0,,0,0,0,0,0,,,,,,,,,,,,,,,0.01596050203056824,,,,,,10.29,25,71950.1,72465.7,71931.5,71804.05,none,no_price_available
2026-09-23T14:11:09.607964+00:00,2026-09-23T19:41:09.607964+05:30,NIFTYNXT50,29-Sep-2026,64300.0,CE,72462.4,,0,,0,0.0,,0,0,0,0,0,,,,,,,,,,,,,,,0.01596050203056824,,,,,,10.29,25,71950.1,72465.7,71931.5,71804.05,none,no_price_available
2026-09-23T14:11:09.607964+00:00,2026-09-23T19:41:09.607964+05:30,NIFTYNXT50,29-Sep-2026,64300.0,PE,0,,0,,0,0.0,,0,0,0,0,0,,,,,,,,,,,,,,,0.01596050203056824,,,,,,10.29,25,71950.1,72465.7,71931.5,71804.05,none,no_price_available
2026-09-23T14:11:09.607964+00:00,2026-09-23T19:41:09.607964+05:30,NIFTYNXT50,29-Sep-2026,64400.0,CE,72462.4,,0,,0,0.0,,0,0,0,0,0,,,,,,,,,,,,,,,0.01596050203056824,,,,,,10.29,25,71950.1,72465.7,71931.5,71804.05,none,no_price_available
2026-09-23T14:11:09.607964+00:00,2026-09-23T19:41:09.607964+05:30,NIFTYNXT50,29-Sep-2026,64400.0,PE,0,,0,,0,0.0,,0,0,0,0,0,,,,,,,,,,,,,,,0.01596050203056824,,,,,,10.29,25,71950.1,72465.7,71931.5,71804.05,none,no_price_available
2026-09-23T14:11:09.607964+00:00,2026-09-23T19:41:09.607964+05:30,NIFTYNXT50,29-Sep-2026,64500.0,CE,72462.4,,0,,0,0.0,,0,0,0,0,0,,,,,,,,,,,,,,,0.01596050203056824,,,,,,10.29,25,71950.1,72465.7,71931.5,71804.05,none,no_price_available
2026-09-23T14:11:09.607964+00:00,2026-09-23T19:41:09.607964+05:30,NIFTYNXT50,29-Sep-2026,64500.0,PE,0,,0,,0,0.0,,0,0,0,0,0,,,,,,,,,,,,,,,0.01596050203056824,,,,,,10.29,25,71950.1,72465.7,71931.5,71804.05,none,no_price_available
2026-09-23T14:11:09.607964+00:00,2026-09-23T19:41:09.607964+05:30,NIFTYNXT50,29-Sep-2026,64600.0,CE,72462.4,,0,,0,0.0,,0,0,0,0,0,,,,,,,,,,,,,,,0.01596050203056824,,,,,,10.29,25,71950.1,72465.7,71931.5,71804.05,none,no_price_available
2026-09-23T14:11:09.607964+00:00,2026-09-23T19:41:09.607964+05:30,NIFTYNXT50,29-Sep-2026,64600.0,PE,0,,0,,0,0.0,,0,0,0,0,0,,,,,,,,,,,,,,,0.01596050203056824,,,,,,10.29,25,71950.1,72465.7,71931.5,71804.05,none,no_price_available
2026-09-23T14:11:09.607964+00:00,2026-09-23T19:41:09.607964+05:30,NIFTYNXT50,29-Sep-2026,64700.0,CE,72462.4,,0,,0,0.0,,0,0,0,0,0,,,,,,,,,,,,,,,0.01596050203056824,,,,,,10.29,25,71950.1,72465.7,71931.5,71804.05,none,no_price_available
2026-09-23T14:11:09.607964+00:00,2026-09-23T19:41:09.607964+05:30,NIFTYNXT50,29-Sep-2026,64700.0,PE,0,,0,,0,0.0,,0,0,0,0,0,,,,,,,,,,,,,,,0.01596050203056824,,,,,,10.29,25,71950.1,72465.7,71931.5,71804.05,none,no_price_available
2026-09-23T14:11:09.607964+00:00,2026-09-23T19:41:09.607964+05:30,NIFTYNXT50,29-Sep-2026,64800.0,CE,72462.4,,0,,0,0.0,,0,0,0,0,0,,,,,,,,,,,,,,,0.01596050203056824,,,,,,10.29,25,71950.1,72465.7,71931.5,71804.05,none,no_price_available
2026-09-23T14:11:09.607964+00:00,2026-09-23T19:41:09.607964+05:30,NIFTYNXT50,29-Sep-2026,64800.0,PE,0,,0,,0,0.0,,0,0,0,0,0,,,,,,,,,,,,,,,0.01596050203056824,,,,,,10.29,25,71950.1,72465.7,71931.5,71804.05,none,no_price_available
2026-09-23T14:11:09.607964+00:00,2026-09-23T19:41:09.607964+05:30,NIFTYNXT50,29-Sep-2026,64900.0,CE,72462.4,,0,,0,0.0,,0,0,0,0,0,,,,,,,,,,,,,,,0.01596050203056824,,,,,,10.29,25,71950.1,72465.7,71931.5,71804.05,none,no_price_available
2026-09-23T14:11:09.607964+00:00,2026-09-23T19:41:09.607964+05:30,NIFTYNXT50,29-Sep-2026,64900.0,PE,0,,0,,0,0.0,,0,0,0,0,0,,,,,,,,,,,,,,,0.01596050203056824,,,,,,10.29,25,71950.1,72465.7,71931.5,71804.05,none,no_price_available
2026-09-23T14:11:09.607964+00:00,2026-09-23T19:41:09.607964+05:30,NIFTYNXT50,29-Sep-2026,65000.0,CE,72462.4,,0,,0,0.0,,0,0,0,0,0,,,,,,,,,,,,,,,0.01596050203056824,,,,,,10.29,25,71950.1,72465.7,71931.5,71804.05,none,no_price_available
2026-09-23T14:11:09.607964+00:00,2026-09-23T19:41:09.607964+05:30,NIFTYNXT50,29-Sep-2026,65000.0,PE,72462.4,,0,20,100,0.0,,0,0,0,0,0,,,,,,,,,,,,,,,0.01596050203056824,,,,,,10.29,25,71950.1,72465.7,71931.5,71804.05,none,no_price_available
2026-09-23T14:11:09.607964+00:00,2026-09-23T19:41:09.607964+05:30,NIFTYNXT50,29-Sep-2026,65100.0,CE,72462.4,,0,,0,0.0,,0,0,0,0,0,,,,,,,,,,,,,,,0.01596050203056824,,,,,,10.29,25,71950.1,72465.7,71931.5,71804.05,none,no_price_available
2026-09-23T14:11:09.607964+00:00,2026-09-23T19:41:09.607964+05:30,NIFTYNXT50,29-Sep-2026,65100.0,PE,0,,0,,0,0.0,,0,0,0,0,0,,,,,,,,,,,,,,,0.01596050203056824,,,,,,10.29,25,71950.1,72465.7,71931.5,71804.05,none,no_price_available
2026-09-23T14:11:09.607964+00:00,2026-09-23T19:41:09.607964+05:30,NIFTYNXT50,29-Sep-2026,65200.0,CE,72462.4,,0,,0,0.0,,0,0,0,0,0,,,,,,,,,,,,,,,0.01596050203056824,,,,,,10.29,25,71950.1,72465.7,71931.5,71804.05,none,no_price_available
2026-09-23T14:11:09.607964+00:00,2026-09-23T19:41:09.607964+05:30,NIFTYNXT50,29-Sep-2026,65200.0,PE,0,,0,,0,0.0,,0,0,0,0,0,,,,,,,,,,,,,,,0.01596050203056824,,,,,,10.29,25,71950.1,72465.7,71931.5,71804.05,none,no_price_available
2026-09-23T14:11:09.607964+00:00,2026-09-23T19:41:09.607964+05:30,NIFTYNXT50,29-Sep-2026,65300.0,CE,72462.4,,0,,0,0.0,,0,0,0,0,0,,,,,,,,,,,,,,,0.01596050203056824,,,,,,10.29,25,71950.1,72465.7,71931.5,71804.05,none,no_price_available
2026-09-23T14:11:09.607964+00:00,2026-09-23T19:41:09.607964+05:30,NIFTYNXT50,29-Sep-2026,65300.0,PE,0,,0,,0,0.0,,0,0,0,0,0,,,,,,,,,,,,,,,0.01596050203056824,,,,,,10.29,25,71950.1,72465.7,71931.5,71804.05,none,no_price_available
2026-09-23T14:11:09.607964+00:00,2026-09-23T19:41:09.607964+05:30,NIFTYNXT50,29-Sep-2026,65400.0,CE,72462.4,,0,,0,0.0,,0,0,0,0,0,,,,,,,,,,,,,,,0.01596050203056824,,,,,,10.29,25,71950.1,72465.7,71931.5,71804.05,none,no_price_available
2026-09-23T14:11:09.607964+00:00,2026-09-23T19:41:09.607964+05:30,NIFTYNXT50,29-Sep-2026,65400.0,PE,0,,0,,0,0.0,,0,0,0,0,0,,,,,,,,,,,,,,,0.01596050203056824,,,,,,10.29,25,71950.1,72465.7,71931.5,71804.05,none,no_price_available
2026-09-23T14:11:09.607964+00:00,2026-09-23T19:41:09.607964+05:30,NIFTYNXT50,29-Sep-2026,65500.0,CE,72462.4,,0,,0,0.0,,0,0,0,0,0,,,,,,,,,,,,,,,0.01596050203056824,,,,,,10.29,25,71950.1,72465.7,71931.5,71804.05,none,no_price_available
2026-09-23T14:11:09.607964+00:00,2026-09-23T19:41:09.607964+05:30,NIFTYNXT50,29-Sep-2026,65500.0,PE,0,,0,,0,0.0,,0,0,0,0,0,,,,,,,,,,,,,,,0.01596050203056824,,,,,,10.29,25,71950.1,72465.7,71931.5,71804.05,none,no_price_available
2026-09-23T14:11:09.607964+00:00,2026-09-23T19:41:09.607964+05:30,NIFTYNXT50,29-Sep-2026,65600.0,CE,72462.4,,0,,0,0.0,,0,0,0,0,0,,,,,,,,,,,,,,,0.01596050203056824,,,,,,10.29,25,71950.1,72465.7,71931.5,71804.05,none,no_price_available
2026-09-23T14:11:09.607964+00:00,2026-09-23T19:41:09.607964+05:30,NIFTYNXT50,29-Sep-2026,65600.0,PE,0,,0,,0,0.0,,0,0,0,0,0,,,,,,,,,,,,,,,0.01596050203056824,,,,,,10.29,25,71950.1,72465.7,71931.5,71804.05,none,no_price_available
2026-09-23T14:11:09.607964+00:00,2026-09-23T19:41:09.607964+05:30,NIFTYNXT50,29-Sep-2026,65700.0,CE,72462.4,,0,,0,0.0,,0,0,0,0,0,,,,,,,,,,,,,,,0.01596050203056824,,,,,,10.29,25,71950.1,72465.7,71931.5,71804.05,none,no_price_available
2026-09-23T14:11:09.607964+00:00,2026-09-23T19:41:09.607964+05:30,NIFTYNXT50,29-Sep-2026,65700.0,PE,0,,0,,0,0.0,,0,0,0,0,0,,,,,,,,,,,,,,,0.01596050203056824,,,,,,10.29,25,71950.1,72465.7,71931.5,71804.05,none,no_price_available
2026-09-23T14:11:09.607964+00:00,2026-09-23T19:41:09.607964+05:30,NIFTYNXT50,29-Sep-2026,65800.0,CE,72462.4,,0,,0,0.0,,0,0,0,0,0,,,,,,,,,,,,,,,0.01596050203056824,,,,,,10.29,25,71950.1,72465.7,71931.5,71804.05,none,no_price_available
2026-09-23T14:11:09.607964+00:00,2026-09-23T19:41:09.607964+05:30,NIFTYNXT50,29-Sep-2026,65800.0,PE,0,,0,,0,0.0,,0,0,0,0,0,,,,,,,,,,,,,,,0.01596050203056824,,,,,,10.29,25,71950.1,72465.7,71931.5,71804.05,none,no_price_available
2026-09-23T14:11:09.607964+00:00,2026-09-23T19:41:09.607964+05:30,NIFTYNXT50,29-Sep-2026,65900.0,CE,72462.4,,0,,0,0.0,,0,0,0,0,0,,,,,,,,,,,,,,,0.01596050203056824,,,,,,10.29,25,71950.1,72465.7,71931.5,71804.05,none,no_price_available
2026-09-23T14:11:09.607964+00:00,2026-09-23T19:41:09.607964+05:30,NIFTYNXT50,29-Sep-2026,65900.0,PE,0,,0,,0,0.0,,0,0,0,0,0,,,,,,,,,,,,,,,0.01596050203056824,,,,,,10.29,25,71950.1,72465.7,71931.5,71804.05,none,no_price_available
2026-09-23T14:11:09.607964+00:00,2026-09-23T19:41:09.607964+05:30,NIFTYNXT50,29-Sep-2026,66000.0,CE,72462.4,,0,,0,0.0,,0,0,0,0,0,,,,,,,,,,,,,,,0.01596050203056824,,,,,,10.29,25,71950.1,72465.7,71931.5,71804.05,none,no_price_available
2026-09-23T14:11:09.607964+00:00,2026-09-23T19:41:09.607964+05:30,NIFTYNXT50,29-Sep-2026,66000.0,PE,0,,0,,0,0.0,,0,0,0,0,0,,,,,,,,,,,,,,,0.01596050203056824,,,,,,10.29,25,71950.1,72465.7,71931.5,71804.05,none,no_price_available
2026-09-23T14:11:09.607964+00:00,2026-09-23T19:41:09.607964+05:30,NIFTYNXT50,29-Sep-2026,66100.0,CE,72462.4,,0,,0,0.0,,0,0,0,0,0,,,,,,,,,,,,,,,0.01596050203056824,,,,,,10.29,25,71950.1,72465.7,71931.5,71804.05,none,no_price_available
2026-09-23T14:11:09.607964+00:00,2026-09-23T19:41:09.607964+05:30,NIFTYNXT50,29-Sep-2026,66100.0,PE,0,,0,,0,0.0,,0,0,0,0,0,,,,,,,,,,,,,,,0.01596050203056824,,,,,,10.29,25,71950.1,72465.7,71931.5,71804.05,none,no_price_available
2026-09-23T14:11:09.607964+00:00,2026-09-23T19:41:09.607964+05:30,NIFTYNXT50,29-Sep-2026,66200.0,CE,72462.4,,0,,0,0.0,,0,0,0,0,0,,,,,,,,,,,,,,,0.01596050203056824,,,,,,10.29,25,71950.1,72465.7,71931.5,71804.05,none,no_price_available
2026-09-23T14:11:09.607964+00:00,2026-09-23T19:41:09.607964+05:30,NIFTYNXT50,29-Sep-2026,66200.0,PE,0,,0,,0,0.0,,0,0,0,0,0,,,,,,,,,,,,,,,0.01596050203056824,,,,,,10.29,25,71950.1,72465.7,71931.5,71804.05,none,no_price_available
2026-09-23T14:11:09.607964+00:00,2026-09-23T19:41:09.607964+05:30,NIFTYNXT50,29-Sep-2026,66300.0,CE,72462.4,,0,,0,0.0,,0,0,0,0,0,,,,,,,,,,,,,,,0.01596050203056824,,,,,,10.29,25,71950.1,72465.7,71931.5,71804.05,none,no_price_available
2026-09-23T14:11:09.607964+00:00,2026-09-23T19:41:09.607964+05:30,NIFTYNXT50,29-Sep-2026,66300.0,PE,0,,0,,0,0.0,,0,0,0,0,0,,,,,,,,,,,,,,,0.01596050203056824,,,,,,10.29,25,71950.1,72465.7,71931.5,71804.05,none,no_price_available
2026-09-23T14:11:09.607964+00:00,2026-09-23T19:41:09.607964+05:30,NIFTYNXT50,29-Sep-2026,66400.0,CE,72462.4,,0,,0,0.0,,0,0,0,0,0,,,,,,,,,,,,,,,0.01596050203056824,,,,,,10.29,25,71950.1,72465.7,71931.5,71804.05,none,no_price_available
2026-09-23T14:11:09.607964+00:00,2026-09-23T19:41:09.607964+05:30,NIFTYNXT50,29-Sep-2026,66400.0,PE,0,,0,,0,0.0,,0,0,0,0,0,,,,,,,,,,,,,,,0.01596050203056824,,,,,,10.29,25,71950.1,72465.7,71931.5,71804.05,none,no_price_available
2026-09-23T14:11:09.607964+00:00,2026-09-23T19:41:09.607964+05:30,NIFTYNXT50,29-Sep-2026,66500.0,CE,72462.4,,0,,0,0.0,,0,0,0,0,0,,,,,,,,,,,,,,,0.01596050203056824,,,,,,10.29,25,71950.1,72465.7,71931.5,71804.05,none,no_price_available
2026-09-23T14:11:09.607964+00:00,2026-09-23T19:41:09.607964+05:30,NIFTYNXT50,29-Sep-2026,66500.0,PE,0,,0,,0,0.0,,0,0,0,0,0,,,,,,,,,,,,,,,0.01596050203056824,,,,,,10.29,25,71950.1,72465.7,71931.5,71804.05,none,no_price_available
2026-09-23T14:11:09.607964+00:00,2026-09-23T19:41:09.607964+05:30,NIFTYNXT50,29-Sep-2026,66600.0,CE,72462.4,,0,,0,0.0,,0,0,0,0,0,,,,,,,,,,,,,,,0.01596050203056824,,,,,,10.29,25,71950.1,72465.7,71931.5,71804.05,none,no_price_available
2026-09-23T14:11:09.607964+00:00,2026-09-23T19:41:09.607964+05:30,NIFTYNXT50,29-Sep-2026,66600.0,PE,0,,0,,0,0.0,,0,0,0,0,0,,,,,,,,,,,,,,,0.01596050203056824,,,,,,10.29,25,71950.1,72465.7,71931.5,71804.05,none,no_price_available
2026-09-23T14:11:09.607964+00:00,2026-09-23T19:41:09.607964+05:30,NIFTYNXT50,29-Sep-2026,66700.0,CE,72462.4,,0,,0,0.0,,0,0,0,0,0,,,,,,,,,,,,,,,0.01596050203056824,,,,,,10.29,25,71950.1,72465.7,71931.5,71804.05,none,no_price_available
2026-09-23T14:11:09.607964+00:00,2026-09-23T19:41:09.607964+05:30,NIFTYNXT50,29-Sep-2026,66700.0,PE,0,,0,,0,0.0,,0,0,0,0,0,,,,,,,,,,,,,,,0.01596050203056824,,,,,,10.29,25,71950.1,72465.7,71931.5,71804.05,none,no_price_available
2026-09-23T14:11:09.607964+00:00,2026-09-23T19:41:09.607964+05:30,NIFTYNXT50,29-Sep-2026,66800.0,CE,72462.4,,0,,0,0.0,,0,0,0,0,0,,,,,,,,,,,,,,,0.01596050203056824,,,,,,10.29,25,71950.1,72465.7,71931.5,71804.05,none,no_price_available
2026-09-23T14:11:09.607964+00:00,2026-09-23T19:41:09.607964+05:30,NIFTYNXT50,29-Sep-2026,66800.0,PE,0,,0,,0,0.0,,0,0,0,0,0,,,,,,,,,,,,,,,0.01596050203056824,,,,,,10.29,25,71950.1,72465.7,71931.5,71804.05,none,no_price_available
2026-09-23T14:11:09.607964+00:00,2026-09-23T19:41:09.607964+05:30,NIFTYNXT50,29-Sep-2026,66900.0,CE,72462.4,,0,,0,0.0,,0,0,0,0,0,,,,,,,,,,,,,,,0.01596050203056824,,,,,,10.29,25,71950.1,72465.7,71931.5,71804.05,none,no_price_available
2026-09-23T14:11:09.607964+00:00,2026-09-23T19:41:09.607964+05:30,NIFTYNXT50,29-Sep-2026,66900.0,PE,0,,0,,0,0.0,,0,0,0,0,0,,,,,,,,,,,,,,,0.01596050203056824,,,,,,10.29,25,71950.1,72465.7,71931.5,71804.05,none,no_price_available
2026-09-23T14:11:09.607964+00:00,2026-09-23T19:41:09.607964+05:30,NIFTYNXT50,29-Sep-2026,67000.0,CE,72462.4,,0,,0,0.0,,0,0,0,0,0,,,,,,,,,,,,,,,0.01596050203056824,,,,,,10.29,25,71950.1,72465.7,71931.5,71804.05,none,no_price_available
2026-09-23T14:11:09.607964+00:00,2026-09-23T19:41:09.607964+05:30,NIFTYNXT50,29-Sep-2026,67000.0,PE,72462.4,2.25,25,27.6,50,15,14.925,5,0,0,0,26.93,-0.009474434648580284,1.0312567019481404e-05,-5.274634117819377,2.327421882386713,-0.2183097837832387,0.004927905268598151,46.894353044747206,-1.0060259845607244e-08,0.00016948894441146188,-3.8056051633766156e-06,-1.2583121312898986,-86.31615297332189,0.01036558298541638,1.2062646660782724e-05,0.01596050203056824,72543,0.06965212307807427,0.01,index_dividend_yield,0.065,10.29,25,71950.1,72465.7,71931.5,71804.05,mid_price,wide_quote_low_liquidity
2026-09-23T14:11:09.607964+00:00,2026-09-23T19:41:09.607964+05:30,NIFTYNXT50,29-Sep-2026,67100.0,CE,72462.4,,0,,0,0.0,,0,0,0,0,0,,,,,,,,,,,,,,,0.01596050203056824,,,,,,10.29,25,71950.1,72465.7,71931.5,71804.05,none,no_price_available
2026-09-23T14:11:09.607964+00:00,2026-09-23T19:41:09.607964+05:30,NIFTYNXT50,29-Sep-2026,67100.0,PE,0,,0,,0,0.0,,0,0,0,0,0,,,,,,,,,,,,,,,0.01596050203056824,,,,,,10.29,25,71950.1,72465.7,71931.5,71804.05,none,no_price_available
2026-09-23T14:11:09.607964+00:00,2026-09-23T19:41:09.607964+05:30,NIFTYNXT50,29-Sep-2026,67200.0,CE,72462.4,,0,,0,0.0,,0,0,0,0,0,,,,,,,,,,,,,,,0.01596050203056824,,,,,,10.29,25,71950.1,72465.7,71931.5,71804.05,none,no_price_available
2026-09-23T14:11:09.607964+00:00,2026-09-23T19:41:09.607964+05:30,NIFTYNXT50,29-Sep-2026,67200.0,PE,0,,0,,0,0.0,,0,0,0,0,0,,,,,,,,,,,,,,,0.01596050203056824,,,,,,10.29,25,71950.1,72465.7,71931.5,71804.05,none,no_price_available
2026-09-23T14:11:09.607964+00:00,2026-09-23T19:41:09.607964+05:30,NIFTYNXT50,29-Sep-2026,67300.0,CE,72462.4,,0,,0,0.0,,0,0,0,0,0,,,,,,,,,,,,,,,0.01596050203056824,,,,,,10.29,25,71950.1,72465.7,71931.5,71804.05,none,no_price_available
2026-09-23T14:11:09.607964+00:00,2026-09-23T19:41:09.607964+05:30,NIFTYNXT50,29-Sep-2026,67300.0,PE,0,,0,,0,0.0,,0,0,0,0,0,,,,,,,,,,,,,,,0.01596050203056824,,,,,,10.29,25,71950.1,72465.7,71931.5,71804.05,none,no_price_available
2026-09-23T14:11:09.607964+00:00,2026-09-23T19:41:09.607964+05:30,NIFTYNXT50,29-Sep-2026,67400.0,CE,72462.4,,0,,0,0.0,,0,0,0,0,0,,,,,,,,,,,,,,,0.01596050203056824,,,,,,10.29,25,71950.1,72465.7,71931.5,71804.05,none,no_price_available
2026-09-23T14:11:09.607964+00:00,2026-09-23T19:41:09.607964+05:30,NIFTYNXT50,29-Sep-2026,67400.0,PE,0,,0,,0,0.0,,0,0,0,0,0,,,,,,,,,,,,,,,0.01596050203056824,,,,,,10.29,25,71950.1,72465.7,71931.5,71804.05,none,no_price_available
2026-09-23T14:11:09.607964+00:00,2026-09-23T19:41:09.607964+05:30,NIFTYNXT50,29-Sep-2026,67500.0,CE,72462.4,,0,,0,0.0,,0,0,0,0,0,,,,,,,,,,,,,,,0.01596050203056824,,,,,,10.29,25,71950.1,72465.7,71931.5,71804.05,none,no_price_available
2026-09-23T14:11:09.607964+00:00,2026-09-23T19:41:09.607964+05:30,NIFTYNXT50,29-Sep-2026,67500.0,PE,0,,0,,0,0.0,,0,0,0,0,0,,,,,,,,,,,,,,,0.01596050203056824,,,,,,10.29,25,71950.1,72465.7,71931.5,71804.05,none,no_price_available
2026-09-23T14:11:09.607964+00:00,2026-09-23T19:41:09.607964+05:30,NIFTYNXT50,29-Sep-2026,67600.0,CE,72462.4,,0,,0,0.0,,0,0,0,0,0,,,,,,,,,,,,,,,0.01596050203056824,,,,,,10.29,25,71950.1,72465.7,71931.5,71804.05,none,no_price_available
2026-09-23T14:11:09.607964+00:00,2026-09-23T19:41:09.607964+05:30,NIFTYNXT50,29-Sep-2026,67600.0,PE,0,,0,,0,0.0,,0,0,0,0,0,,,,,,,,,,,,,,,0.01596050203056824,,,,,,10.29,25,71950.1,72465.7,71931.5,71804.05,none,no_price_available
2026-09-23T14:11:09.607964+00:00,2026-09-23T19:41:09.607964+05:30,NIFTYNXT50,29-Sep-2026,67700.0,CE,72462.4,,0,,0,0.0,,0,0,0,0,0,,,,,,,,,,,,,,,0.01596050203056824,,,,,,10.29,25,71950.1,72465.7,71931.5,71804.05,none,no_price_available
2026-09-23T14:11:09.607964+00:00,2026-09-23T19:41:09.607964+05:30,NIFTYNXT50,29-Sep-2026,67700.0,PE,0,,0,,0,0.0,,0,0,0,0,0,,,,,,,,,,,,,,,0.01596050203056824,,,,,,10.29,25,71950.1,72465.7,71931.5,71804.05,none,no_price_available
2026-09-23T14:11:09.607964+00:00,2026-09-23T19:41:09.607964+05:30,NIFTYNXT50,29-Sep-2026,67800.0,CE,72462.4,,0,,0,0.0,,0,0,0,0,0,,,,,,,,,,,,,,,0.01596050203056824,,,,,,10.29,25,71950.1,72465.7,71931.5,71804.05,none,no_price_available
2026-09-23T14:11:09.607964+00:00,2026-09-23T19:41:09.607964+05:30,NIFTYNXT50,29-Sep-2026,67800.0,PE,0,,0,,0,0.0,,0,0,0,0,0,,,,,,,,,,,,,,,0.01596050203056824,,,,,,10.29,25,71950.1,72465.7,71931.5,71804.05,none,no_price_available
2026-09-23T14:11:09.607964+00:00,2026-09-23T19:41:09.607964+05:30,NIFTYNXT50,29-Sep-2026,67900.0,CE,72462.4,,0,,0,0.0,,0,0,0,0,0,,,,,,,,,,,,,,,0.01596050203056824,,,,,,10.29,25,71950.1,72465.7,71931.5,71804.05,none,no_price_available
2026-09-23T14:11:09.607964+00:00,2026-09-23T19:41:09.607964+05:30,NIFTYNXT50,29-Sep-2026,67900.0,PE,0,,0,,0,0.0,,0,0,0,0,0,,,,,,,,,,,,,,,0.01596050203056824,,,,,,10.29,25,71950.1,72465.7,71931.5,71804.05,none,no_price_available
2026-09-23T14:11:09.607964+00:00,2026-09-23T19:41:09.607964+05:30,NIFTYNXT50,29-Sep-2026,68000.0,CE,72462.4,,0,,0,0.0,,0,0,0,0,0,,,,,,,,,,,,,,,0.01596050203056824,,,,,,10.29,25,71950.1,72465.7,71931.5,71804.05,none,no_price_available
2026-09-23T14:11:09.607964+00:00,2026-09-23T19:41:09.607964+05:30,NIFTYNXT50,29-Sep-2026,68000.0,PE,0,,0,,0,0.0,,0,0,0,0,0,,,,,,,,,,,,,,,0.01596050203056824,,,,,,10.29,25,71950.1,72465.7,71931.5,71804.05,none,no_price_available
2026-09-23T14:11:09.607964+00:00,2026-09-23T19:41:09.607964+05:30,NIFTYNXT50,29-Sep-2026,68100.0,CE,72462.4,,0,,0,0.0,,0,0,0,0,0,,,,,,,,,,,,,,,0.01596050203056824,,,,,,10.29,25,71950.1,72465.7,71931.5,71804.05,none,no_price_available
2026-09-23T14:11:09.607964+00:00,2026-09-23T19:41:09.607964+05:30,NIFTYNXT50,29-Sep-2026,68100.0,PE,0,,0,,0,0.0,,0,0,0,0,0,,,,,,,,,,,,,,,0.01596050203056824,,,,,,10.29,25,71950.1,72465.7,71931.5,71804.05,none,no_price_available
2026-09-23T14:11:09.607964+00:00,2026-09-23T19:41:09.607964+05:30,NIFTYNXT50,29-Sep-2026,68200.0,CE,72462.4,,0,,0,0.0,,0,0,0,0,0,,,,,,,,,,,,,,,0.01596050203056824,,,,,,10.29,25,71950.1,72465.7,71931.5,71804.05,none,no_price_available
2026-09-23T14:11:09.607964+00:00,2026-09-23T19:41:09.607964+05:30,NIFTYNXT50,29-Sep-2026,68200.0,PE,0,,0,,0,0.0,,0,0,0,0,0,,,,,,,,,,,,,,,0.01596050203056824,,,,,,10.29,25,71950.1,72465.7,71931.5,71804.05,none,no_price_available
2026-09-23T14:11:09.607964+00:00,2026-09-23T19:41:09.607964+05:30,NIFTYNXT50,29-Sep-2026,68300.0,CE,72462.4,,0,,0,0.0,,0,0,0,0,0,,,,,,,,,,,,,,,0.01596050203056824,,,,,,10.29,25,71950.1,72465.7,71931.5,71804.05,none,no_price_available
2026-09-23T14:11:09.607964+00:00,2026-09-23T19:41:09.607964+05:30,NIFTYNXT50,29-Sep-2026,68300.0,PE,0,,0,,0,0.0,,0,0,0,0,0,,,,,,,,,,,,,,,0.01596050203056824,,,,,,10.29,25,71950.1,72465.7,71931.5,71804.05,none,no_price_available
2026-09-23T14:11:09.607964+00:00,2026-09-23T19:41:09.607964+05:30,NIFTYNXT50,29-Sep-2026,68400.0,CE,72462.4,,0,,0,0.0,,0,0,0,0,0,,,,,,,,,,,,,,,0.01596050203056824,,,,,,10.29,25,71950.1,72465.7,71931.5,71804.05,none,no_price_available
2026-09-23T14:11:09.607964+00:00,2026-09-23T19:41:09.607964+05:30,NIFTYNXT50,29-Sep-2026,68400.0,PE,0,,0,,0,0.0,,0,0,0,0,0,,,,,,,,,,,,,,,0.01596050203056824,,,,,,10.29,25,71950.1,72465.7,71931.5,71804.05,none,no_price_available
2026-09-23T14:11:09.607964+00:00,2026-09-23T19:41:09.607964+05:30,NIFTYNXT50,29-Sep-2026,68500.0,CE,72462.4,,0,,0,0.0,,0,0,0,0,0,,,,,,,,,,,,,,,0.01596050203056824,,,,,,10.29,25,71950.1,72465.7,71931.5,71804.05,none,no_price_available
2026-09-23T14:11:09.607964+00:00,2026-09-23T19:41:09.607964+05:30,NIFTYNXT50,29-Sep-2026,68500.0,PE,0,,0,,0,0.0,,0,0,0,0,0,,,,,,,,,,,,,,,0.01596050203056824,,,,,,10.29,25,71950.1,72465.7,71931.5,71804.05,none,no_price_available
2026-09-23T14:11:09.607964+00:00,2026-09-23T19:41:09.607964+05:30,NIFTYNXT50,29-Sep-2026,68600.0,CE,72462.4,,0,,0,0.0,,0,0,0,0,0,,,,,,,,,,,,,,,0.01596050203056824,,,,,,10.29,25,71950.1,72465.7,71931.5,71804.05,none,no_price_available
2026-09-23T14:11:09.607964+00:00,2026-09-23T19:41:09.607964+05:30,NIFTYNXT50,29-Sep-2026,68600.0,PE,0,,0,,0,0.0,,0,0,0,0,0,,,,,,,,,,,,,,,0.01596050203056824,,,,,,10.29,25,71950.1,72465.7,71931.5,71804.05,none,no_price_available
2026-09-23T14:11:09.607964+00:00,2026-09-23T19:41:09.607964+05:30,NIFTYNXT50,29-Sep-2026,68700.0,CE,72462.4,,0,,0,0.0,,0,0,0,0,0,,,,,,,,,,,,,,,0.01596050203056824,,,,,,10.29,25,71950.1,72465.7,71931.5,71804.05,none,no_price_available
2026-09-23T14:11:09.607964+00:00,2026-09-23T19:41:09.607964+05:30,NIFTYNXT50,29-Sep-2026,68700.0,PE,0,,0,,0,0.0,,0,0,0,0,0,,,,,,,,,,,,,,,0.01596050203056824,,,,,,10.29,25,71950.1,72465.7,71931.5,71804.05,none,no_price_available
2026-09-23T14:11:09.607964+00:00,2026-09-23T19:41:09.607964+05:30,NIFTYNXT50,29-Sep-2026,68800.0,CE,72462.4,,0,,0,0.0,,0,0,0,0,0,,,,,,,,,,,,,,,0.01596050203056824,,,,,,10.29,25,71950.1,72465.7,71931.5,71804.05,none,no_price_available
2026-09-23T14:11:09.607964+00:00,2026-09-23T19:41:09.607964+05:30,NIFTYNXT50,29-Sep-2026,68800.0,PE,0,,0,,0,0.0,,0,0,0,0,0,,,,,,,,,,,,,,,0.01596050203056824,,,,,,10.29,25,71950.1,72465.7,71931.5,71804.05,none,no_price_available
2026-09-23T14:11:09.607964+00:00,2026-09-23T19:41:09.607964+05:30,NIFTYNXT50,29-Sep-2026,68900.0,CE,72462.4,,0,,0,0.0,,0,0,0,0,0,,,,,,,,,,,,,,,0.01596050203056824,,,,,,10.29,25,71950.1,72465.7,71931.5,71804.05,none,no_price_available
2026-09-23T14:11:09.607964+00:00,2026-09-23T19:41:09.607964+05:30,NIFTYNXT50,29-Sep-2026,68900.0,PE,0,,0,,0,0.0,,0,0,0,0,0,,,,,,,,,,,,,,,0.01596050203056824,,,,,,10.29,25,71950.1,72465.7,71931.5,71804.05,none,no_price_available
2026-09-23T14:11:09.607964+00:00,2026-09-23T19:41:09.607964+05:30,NIFTYNXT50,29-Sep-2026,69000.0,CE,72462.4,,0,,0,0.0,,0,0,0,0,0,,,,,,,,,,,,,,,0.01596050203056824,,,,,,10.29,25,71950.1,72465.7,71931.5,71804.05,none,no_price_available
2026-09-23T14:11:09.607964+00:00,2026-09-23T19:41:09.607964+05:30,NIFTYNXT50,29-Sep-2026,69000.0,PE,0,,0,,0,0.0,,0,0,0,0,0,,,,,,,,,,,,,,,0.01596050203056824,,,,,,10.29,25,71950.1,72465.7,71931.5,71804.05,none,no_price_available
2026-09-23T14:11:09.607964+00:00,2026-09-23T19:41:09.607964+05:30,NIFTYNXT50,29-Sep-2026,69100.0,CE,72462.4,,0,,0,0.0,,0,0,0,0,0,,,,,,,,,,,,,,,0.01596050203056824,,,,,,10.29,25,71950.1,72465.7,71931.5,71804.05,none,no_price_available
2026-09-23T14:11:09.607964+00:00,2026-09-23T19:41:09.607964+05:30,NIFTYNXT50,29-Sep-2026,69100.0,PE,0,,0,,0,0.0,,0,0,0,0,0,,,,,,,,,,,,,,,0.01596050203056824,,,,,,10.29,25,71950.1,72465.7,71931.5,71804.05,none,no_price_available
2026-09-23T14:11:09.607964+00:00,2026-09-23T19:41:09.607964+05:30,NIFTYNXT50,29-Sep-2026,69200.0,CE,72462.4,,0,,0,0.0,,0,0,0,0,0,,,,,,,,,,,,,,,0.01596050203056824,,,,,,10.29,25,71950.1,72465.7,71931.5,71804.05,none,no_price_available
2026-09-23T14:11:09.607964+00:00,2026-09-23T19:41:09.607964+05:30,NIFTYNXT50,29-Sep-2026,69200.0,PE,0,,0,,0,0.0,,0,0,0,0,0,,,,,,,,,,,,,,,0.01596050203056824,,,,,,10.29,25,71950.1,72465.7,71931.5,71804.05,none,no_price_available
2026-09-23T14:11:09.607964+00:00,2026-09-23T19:41:09.607964+05:30,NIFTYNXT50,29-Sep-2026,69300.0,CE,72462.4,,0,,0,0.0,,0,0,0,0,0,,,,,,,,,,,,,,,0.01596050203056824,,,,,,10.29,25,71950.1,72465.7,71931.5,71804.05,none,no_price_available
2026-09-23T14:11:09.607964+00:00,2026-09-23T19:41:09.607964+05:30,NIFTYNXT50,29-Sep-2026,69300.0,PE,0,,0,,0,0.0,,0,0,0,0,0,,,,,,,,,,,,,,,0.01596050203056824,,,,,,10.29,25,71950.1,72465.7,71931.5,71804.05,none,no_price_available
2026-09-23T14:11:09.607964+00:00,2026-09-23T19:41:09.607964+05:30,NIFTYNXT50,29-Sep-2026,69400.0,CE,72462.4,,0,,0,0.0,,0,0,0,0,0,,,,,,,,,,,,,,,0.01596050203056824,,,,,,10.29,25,71950.1,72465.7,71931.5,71804.05,none,no_price_available
2026-09-23T14:11:09.607964+00:00,2026-09-23T19:41:09.607964+05:30,NIFTYNXT50,29-Sep-2026,69400.0,PE,0,,0,,0,0.0,,0,0,0,0,0,,,,,,,,,,,,,,,0.01596050203056824,,,,,,10.29,25,71950.1,72465.7,71931.5,71804.05,none,no_price_available
2026-09-23T14:11:09.607964+00:00,2026-09-23T19:41:09.607964+05:30,NIFTYNXT50,29-Sep-2026,69500.0,CE,72462.4,,0,,0,0.0,,0,0,0,0,0,,,,,,,,,,,,,,,0.01596050203056824,,,,,,10.29,25,71950.1,72465.7,71931.5,71804.05,none,no_price_available
2026-09-23T14:11:09.607964+00:00,2026-09-23T19:41:09.607964+05:30,NIFTYNXT50,29-Sep-2026,69500.0,PE,0,,0,,0,0.0,,0,0,0,0,0,,,,,,,,,,,,,,,0.01596050203056824,,,,,,10.29,25,71950.1,72465.7,71931.5,71804.05,none,no_price_available
2026-09-23T14:11:09.607964+00:00,2026-09-23T19:41:09.607964+05:30,NIFTYNXT50,29-Sep-2026,69600.0,CE,72462.4,,0,,0,0.0,,0,0,0,0,0,,,,,,,,,,,,,,,0.01596050203056824,,,,,,10.29,25,71950.1,72465.7,71931.5,71804.05,none,no_price_available
2026-09-23T14:11:09.607964+00:00,2026-09-23T19:41:09.607964+05:30,NIFTYNXT50,29-Sep-2026,69600.0,PE,0,,0,,0,0.0,,0,0,0,0,0,,,,,,,,,,,,,,,0.01596050203056824,,,,,,10.29,25,71950.1,72465.7,71931.5,71804.05,none,no_price_available
2026-09-23T14:11:09.607964+00:00,2026-09-23T19:41:09.607964+05:30,NIFTYNXT50,29-Sep-2026,69700.0,CE,72462.4,,0,,0,0.0,,0,0,0,0,0,,,,,,,,,,,,,,,0.01596050203056824,,,,,,10.29,25,71950.1,72465.7,71931.5,71804.05,none,no_price_available
2026-09-23T14:11:09.607964+00:00,2026-09-23T19:41:09.607964+05:30,NIFTYNXT50,29-Sep-2026,69700.0,PE,0,,0,,0,0.0,,0,0,0,0,0,,,,,,,,,,,,,,,0.01596050203056824,,,,,,10.29,25,71950.1,72465.7,71931.5,71804.05,none,no_price_available
2026-09-23T14:11:09.607964+00:00,2026-09-23T19:41:09.607964+05:30,NIFTYNXT50,29-Sep-2026,69800.0,CE,72462.4,,0,,0,0.0,,0,0,0,0,0,,,,,,,,,,,,,,,0.01596050203056824,,,,,,10.29,25,71950.1,72465.7,71931.5,71804.05,none,no_price_available
2026-09-23T14:11:09.607964+00:00,2026-09-23T19:41:09.607964+05:30,NIFTYNXT50,29-Sep-2026,69800.0,PE,0,,0,,0,0.0,,0,0,0,0,0,,,,,,,,,,,,,,,0.01596050203056824,,,,,,10.29,25,71950.1,72465.7,71931.5,71804.05,none,no_price_available
2026-09-23T14:11:09.607964+00:00,2026-09-23T19:41:09.607964+05:30,NIFTYNXT50,29-Sep-2026,69900.0,CE,72462.4,,0,,0,0.0,,0,0,0,0,0,,,,,,,,,,,,,,,0.01596050203056824,,,,,,10.29,25,71950.1,72465.7,71931.5,71804.05,none,no_price_available
2026-09-23T14:11:09.607964+00:00,2026-09-23T19:41:09.607964+05:30,NIFTYNXT50,29-Sep-2026,69900.0,PE,0,,0,,0,0.0,,0,0,0,0,0,,,,,,,,,,,,,,,0.01596050203056824,,,,,,10.29,25,71950.1,72465.7,71931.5,71804.05,none,no_price_available
2026-09-23T14:11:09.607964+00:00,2026-09-23T19:41:09.607964+05:30,NIFTYNXT50,29-Sep-2026,70000.0,CE,72462.4,2444,25,2830.75,325,2488,2637.375,2,-1,1,7.102884201463625,0,,,,,,,,,,,,,,,0.01596050203056824,72543,0.06965212307807427,0.01,index_dividend_yield,0.065,10.29,25,71950.1,72465.7,71931.5,71804.05,mid_price,no_nse_iv
2026-09-23T14:11:09.607964+00:00,2026-09-23T19:41:09.607964+05:30,NIFTYNXT50,29-Sep-2026,70000.0,PE,72462.4,16.7,25,40,25,25,28.35,9,2,7,-74.48979591836735,16.29,-0.04155371521628049,5.9598278720336695e-05,-10.917469594002904,8.136296695960333,-0.9341743312519663,0.012402917843759846,148.19292505601655,-7.016393172360032e-08,0.0007196811824761119,-9.312545389024749e-06,-2.66537929662721,-118.78529165362914,0.04337758399145783,6.386502182976509e-05,0.01596050203056824,72543,0.06965212307807427,0.01,index_dividend_yield,0.065,10.29,25,71950.1,72465.7,71931.5,71804.05,mid_price,wide_quote_low_liquidity
2026-09-23T14:11:09.607964+00:00,2026-09-23T19:41:09.607964+05:30,NIFTYNXT50,29-Sep-2026,70100.0,CE,72462.4,94.5,50,4945.8,50,0.0,2520.15,0,0,0,0,0,,,,,,,,,,,,,,,0.01596050203056824,72543,0.06965212307807427,0.01,index_dividend_yield,0.065,10.29,25,71950.1,72465.7,71931.5,71804.05,mid_price,no_nse_iv
2026-09-23T14:11:09.607964+00:00,2026-09-23T19:41:09.607964+05:30,NIFTYNXT50,29-Sep-2026,70100.0,PE,0,,0,,0,0.0,,0,0,0,0,0,,,,,,,,,,,,,,,0.01596050203056824,,,,,,10.29,25,71950.1,72465.7,71931.5,71804.05,none,no_price_available
2026-09-23T14:11:09.607964+00:00,2026-09-23T19:41:09.607964+05:30,NIFTYNXT50,29-Sep-2026,70200.0,CE,72462.4,46.7,50,4827.1,50,0.0,2436.9,0,0,0,0,0,,,,,,,,,,,,,,,0.01596050203056824,72543,0.06965212307807427,0.01,index_dividend_yield,0.065,10.29,25,71950.1,72465.7,71931.5,71804.05,mid_price,no_nse_iv
2026-09-23T14:11:09.607964+00:00,2026-09-23T19:41:09.607964+05:30,NIFTYNXT50,29-Sep-2026,70200.0,PE,0,,0,,0,0.0,,0,0,0,0,0,,,,,,,,,,,,,,,0.01596050203056824,,,,,,10.29,25,71950.1,72465.7,71931.5,71804.05,none,no_price_available
2026-09-23T14:11:09.607964+00:00,2026-09-23T19:41:09.607964+05:30,NIFTYNXT50,29-Sep-2026,70300.0,CE,72462.4,,0,,0,0.0,,0,0,0,0,0,,,,,,,,,,,,,,,0.01596050203056824,,,,,,10.29,25,71950.1,72465.7,71931.5,71804.05,none,no_price_available
2026-09-23T14:11:09.607964+00:00,2026-09-23T19:41:09.607964+05:30,NIFTYNXT50,29-Sep-2026,70300.0,PE,0,,0,,0,0.0,,0,0,0,0,0,,,,,,,,,,,,,,,0.01596050203056824,,,,,,10.29,25,71950.1,72465.7,71931.5,71804.05,none,no_price_available
2026-09-23T14:11:09.607964+00:00,2026-09-23T19:41:09.607964+05:30,NIFTYNXT50,29-Sep-2026,70400.0,CE,72462.4,1660.75,50,2585.7,50,0.0,2123.225,0,0,0,0,0,,,,,,,,,,,,,,,0.01596050203056824,72543,0.06965212307807427,0.01,index_dividend_yield,0.065,10.29,25,71950.1,72465.7,71931.5,71804.05,mid_price,no_nse_iv
2026-09-23T14:11:09.607964+00:00,2026-09-23T19:41:09.607964+05:30,NIFTYNXT50,29-Sep-2026,70400.0,PE,0,,0,,0,0.0,,0,0,0,0,0,,,,,,,,,,,,,,,0.01596050203056824,,,,,,10.29,25,71950.1,72465.7,71931.5,71804.05,none,no_price_available
2026-09-23T14:11:09.607964+00:00,2026-09-23T19:41:09.607964+05:30,NIFTYNXT50,29-Sep-2026,70500.0,CE,72462.4,1610.9,50,2485.1,50,0.0,2048.0,0,0,0,0,0,,,,,,,,,,,,,,,0.01596050203056824,72543,0.06965212307807427,0.01,index_dividend_yield,0.065,10.29,25,71950.1,72465.7,71931.5,71804.05,mid_price,no_nse_iv
2026-09-23T14:11:09.607964+00:00,2026-09-23T19:41:09.607964+05:30,NIFTYNXT50,29-Sep-2026,70500.0,PE,0,,0,,0,0.0,,0,0,0,0,0,,,,,,,,,,,,,,,0.01596050203056824,,,,,,10.29,25,71950.1,72465.7,71931.5,71804.05,none,no_price_available
2026-09-23T14:11:09.607964+00:00,2026-09-23T19:41:09.607964+05:30,NIFTYNXT50,29-Sep-2026,70600.0,CE,72462.4,0.05,50,2339.6,50,0.0,1169.825,0,0,0,0,0,,,,,,,,,,,,,,,0.01596050203056824,,,,,,10.29,25,71950.1,72465.7,71931.5,71804.05,mid_price,no_price_available
2026-09-23T14:11:09.607964+00:00,2026-09-23T19:41:09.607964+05:30,NIFTYNXT50,29-Sep-2026,70600.0,PE,0,,0,,0,0.0,,0,0,0,0,0,,,,,,,,,,,,,,,0.01596050203056824,,,,,,10.29,25,71950.1,72465.7,71931.5,71804.05,none,no_price_available
2026-09-23T14:11:09.607964+00:00,2026-09-23T19:41:09.607964+05:30,NIFTYNXT50,29-Sep-2026,70700.0,CE,72462.4,,0,,0,0.0,,0,0,0,0,0,,,,,,,,,,,,,,,0.01596050203056824,,,,,,10.29,25,71950.1,72465.7,71931.5,71804.05,none,no_price_available
2026-09-23T14:11:09.607964+00:00,2026-09-23T19:41:09.607964+05:30,NIFTYNXT50,29-Sep-2026,70700.0,PE,72462.4,0.05,50,140.4,25,0.0,70.22500000000001,0,0,0,0,0,,,,,,,,,,,,,,,0.01596050203056824,72543,0.06965212307807427,0.01,index_dividend_yield,0.065,10.29,25,71950.1,72465.7,71931.5,71804.05,mid_price,no_nse_iv
2026-09-23T14:11:09.607964+00:00,2026-09-23T19:41:09.607964+05:30,NIFTYNXT50,29-Sep-2026,70800.0,CE,72462.4,,0,3970.85,50,0.0,,0,0,0,0,0,,,,,,,,,,,,,,,0.01596050203056824,,,,,,10.29,25,71950.1,72465.7,71931.5,71804.05,none,no_price_available
2026-09-23T14:11:09.607964+00:00,2026-09-23T19:41:09.607964+05:30,NIFTYNXT50,29-Sep-2026,70800.0,PE,72462.4,0.1,600,152.7,25,1315.8,76.39999999999999,1,0,0,0,21.8,-0.18714798349190798,0.00013470552373403595,-43.966560992348576,24.610128096458908,-1.0615174425820522,0.018402675201727673,86.3278769343605,-6.108618280366894e-08,-0.00014538458166751637,3.3671806473348913e-06,-3.60831845161527,-65.39181570669984,0.1944714077379066,0.00014110562199817056,0.01596050203056824,72543,0.06965212307807427,0.01,index_dividend_yield,0.065,10.29,25,71950.1,72465.7,71931.5,71804.05,mid_price,wide_quote_low_liquidity
2026-09-23T14:11:09.607964+00:00,2026-09-23T19:41:09.607964+05:30,NIFTYNXT50,29-Sep-2026,70900.0,CE,72462.4,1212,50,2065.5,50,0.0,1638.75,0,0,0,0,0,,,,,,,,,,,,,,,0.01596050203056824,72543,0.06965212307807427,0.01,index_dividend_yield,0.065,10.29,25,71950.1,72465.7,71931.5,71804.05,mid_price,no_nse_iv
2026-09-23T14:11:09.607964+00:00,2026-09-23T19:41:09.607964+05:30,NIFTYNXT50,29-Sep-2026,70900.0,PE,72462.4,0.05,50,174.75,25,0.0,87.4,0,0,0,0,0,,,,,,,,,,,,,,,0.01596050203056824,72543,0.06965212307807427,0.01,index_dividend_yield,0.065,10.29,25,71950.1,72465.7,71931.5,71804.05,mid_price,no_nse_iv
2026-09-23T14:11:09.607964+00:00,2026-09-23T19:41:09.607964+05:30,NIFTYNXT50,29-Sep-2026,71000.0,CE,72462.4,1380,25,3808.8,25,1580,2594.4,128,0,1,30.363036303630363,6.68,0.9940417002531046,2.697479486052522e-05,-11.448044030067278,1.5101030646966,-0.6212655498162301,0.0032910089709702064,143.52015078595136,-1.3345101050158404e-07,0.002159391175182416,-1.1153849385891327e-05,-0.8837920086569795,47.214794553330215,-0.9930289077863936,2.809744833166873e-05,0.01596050203056824,72543,0.06965212307807427,0.01,index_dividend_yield,0.065,10.29,25,71950.1,72465.7,71931.5,71804.05,mid_price,wide_quote_low_liquidity
2026-09-23T14:11:09.607964+00:00,2026-09-23T19:41:09.607964+05:30,NIFTYNXT50,29-Sep-2026,71000.0,PE,72462.4,78,25,96.9,50,81,87.45,90,37,52,-64,14.71,-0.12431120637329779,0.0001522690028287314,-22.32725735423574,18.77137787257408,-1.5821463489234522,0.01831852087766356,167.09024926687198,-1.2998868882393258e-07,0.00032032518636454076,-2.6408260288542316e-06,-3.544985473031715,-107.6437491350032,0.12805029254665765,0.00015860622709520383,0.01596050203056824,72543,0.06965212307807427,0.01,index_dividend_yield,0.065,10.29,25,71950.1,72465.7,71931.5,71804.05,mid_price,wide_quote_low_liquidity
2026-09-23T14:11:09.607964+00:00,2026-09-23T19:41:09.607964+05:30,NIFTYNXT50,29-Sep-2026,71100.0,CE,72462.4,,0,,0,0.0,,0,0,0,0,0,,,,,,,,,,,,,,,0.01596050203056824,,,,,,10.29,25,71950.1,72465.7,71931.5,71804.05,none,no_price_available
2026-09-23T14:11:09.607964+00:00,2026-09-23T19:41:09.607964+05:30,NIFTYNXT50,29-Sep-2026,71100.0,PE,72462.4,,0,206,25,0.0,,0,0,0,0,0,,,,,,,,,,,,,,,0.01596050203056824,,,,,,10.29,25,71950.1,72465.7,71931.5,71804.05,none,no_price_available
2026-09-23T14:11:09.607964+00:00,2026-09-23T19:41:09.607964+05:30,NIFTYNXT50,29-Sep-2026,71200.0,CE,72462.4,1.1,100,3344.75,50,0.0,1672.925,0,0,0,0,0,,,,,,,,,,,,,,,0.01596050203056824,72543,0.06965212307807427,0.01,index_dividend_yield,0.065,10.29,25,71950.1,72465.7,71931.5,71804.05,mid_price,no_nse_iv
2026-09-23T14:11:09.607964+00:00,2026-09-23T19:41:09.607964+05:30,NIFTYNXT50,29-Sep-2026,71200.0,PE,72462.4,0.05,50,212.9,25,0.0,106.47500000000001,0,0,0,0,0,,,,,,,,,,,,,,,0.01596050203056824,72543,0.06965212307807427,0.01,index_dividend_yield,0.065,10.29,25,71950.1,72465.7,71931.5,71804.05,mid_price,no_nse_iv
2026-09-23T14:11:09.607964+00:00,2026-09-23T19:41:09.607964+05:30,NIFTYNXT50,29-Sep-2026,71300.0,CE,72462.4,0.1,50,1715.05,50,0.0,857.5749999999999,0,0,0,0,0,,,,,,,,,,,,,,,0.01596050203056824,,,,,,10.29,25,71950.1,72465.7,71931.5,71804.05,mid_price,no_price_available
2026-09-23T14:11:09.607964+00:00,2026-09-23T19:41:09.607964+05:30,NIFTYNXT50,29-Sep-2026,71300.0,PE,72462.4,0.1,50,230.25,25,0.0,115.175,0,0,0,0,0,,,,,,,,,,,,,,,0.01596050203056824,72543,0.06965212307807427,0.01,index_dividend_yield,0.065,10.29,25,71950.1,72465.7,71931.5,71804.05,mid_price,no_nse_iv
2026-09-23T14:11:09.607964+00:00,2026-09-23T19:41:09.607964+05:30,NIFTYNXT50,29-Sep-2026,71400.0,CE,72462.4,0.05,50,3402.7,50,0.0,1701.375,0,0,0,0,0,,,,,,,,,,,,,,,0.01596050203056824,72543,0.06965212307807427,0.01,index_dividend_yield,0.065,10.29,25,71950.1,72465.7,71931.5,71804.05,mid_price,no_nse_iv
2026-09-23T14:11:09.607964+00:00,2026-09-23T19:41:09.607964+05:30,NIFTYNXT50,29-Sep-2026,71400.0,PE,72462.4,0.1,600,248.8,25,0.0,124.45,0,0,0,0,0,,,,,,,,,,,,,,,0.01596050203056824,72543,0.06965212307807427,0.01,index_dividend_yield,0.065,10.29,25,71950.1,72465.7,71931.5,71804.05,mid_price,no_nse_iv
2026-09-23T14:11:09.607964+00:00,2026-09-23T19:41:09.607964+05:30,NIFTYNXT50,29-Sep-2026,71500.0,CE,72462.4,1050,25,1115.85,75,1025.85,1082.925,32,-3,3,-6.740909090909091,0,,,,,,,,,,,,,,,0.01596050203056824,72543,0.06965212307807427,0.01,index_dividend_yield,0.065,10.29,25,71950.1,72465.7,71931.5,71804.05,mid_price,no_nse_iv
2026-09-23T14:11:09.607964+00:00,2026-09-23T19:41:09.607964+05:30,NIFTYNXT50,29-Sep-2026,71500.0,PE,72462.4,130,25,156,25,160,143.0,33,2,8,-42.028985507246375,14.55,-0.21639206116027765,0.0002201721693501646,-31.134361935531153,26.847100633310383,-1.5438279199742888,0.01688812597517324,110.85202784307313,-1.2884336155947698e-07,-0.0006040940432397717,8.957062755045342e-06,-3.5164389362398114,-94.43964514175242,0.22162689663894275,0.00022613915550884862,0.01596050203056824,72543,0.06965212307807427,0.01,index_dividend_yield,0.065,10.29,25,71950.1,72465.7,71931.5,71804.05,mid_price,wide_quote_low_liquidity
2026-09-23T14:11:09.607964+00:00,2026-09-23T19:41:09.607964+05:30,NIFTYNXT50,29-Sep-2026,71600.0,CE,72462.4,,0,1299.95,50,975,,1,0,1,8.333333333333334,0,,,,,,,,,,,,,,,0.01596050203056824,72543,0.06965212307807427,0.01,index_dividend_yield,0.065,10.29,25,71950.1,72465.7,71931.5,71804.05,ltp,no_nse_iv
2026-09-23T14:11:09.607964+00:00,2026-09-23T19:41:09.607964+05:30,NIFTYNXT50,29-Sep-2026,71600.0,PE,72462.4,0.2,50,288.85,25,0.0,144.525,0,0,0,0,0,,,,,,,,,,,,,,,0.01596050203056824,72543,0.06965212307807427,0.01,index_dividend_yield,0.065,10.29,25,71950.1,72465.7,71931.5,71804.05,mid_price,no_nse_iv
2026-09-23T14:11:09.607964+00:00,2026-09-23T19:41:09.607964+05:30,NIFTYNXT50,29-Sep-2026,71700.0,CE,72462.4,716,50,1381.95,50,0.0,1048.975,0,0,0,0,0,,,,,,,,,,,,,,,0.01596050203056824,72543,0.06965212307807427,0.01,index_dividend_yield,0.065,10.29,25,71950.1,72465.7,71931.5,71804.05,mid_price,no_nse_iv
2026-09-23T14:11:09.607964+00:00,2026-09-23T19:41:09.607964+05:30,NIFTYNXT50,29-Sep-2026,71700.0,PE,72462.4,0.1,50,310.35,25,0.0,155.22500000000002,0,0,0,0,0,,,,,,,,,,,,,,,0.01596050203056824,72543,0.06965212307807427,0.01,index_dividend_yield,0.065,10.29,25,71950.1,72465.7,71931.5,71804.05,mid_price,no_nse_iv
2026-09-23T14:11:09.607964+00:00,2026-09-23T19:41:09.607964+05:30,NIFTYNXT50,29-Sep-2026,71800.0,CE,72462.4,0.05,50,2946.4,50,0.0,1473.2250000000001,0,0,0,0,0,,,,,,,,,,,,,,,0.01596050203056824,72543,0.06965212307807427,0.01,index_dividend_yield,0.065,10.29,25,71950.1,72465.7,71931.5,71804.05,mid_price,no_nse_iv
2026-09-23T14:11:09.607964+00:00,2026-09-23T19:41:09.607964+05:30,NIFTYNXT50,29-Sep-2026,71800.0,PE,72462.4,0.05,50,333.25,25,0.0,166.65,0,0,0,0,0,,,,,,,,,,,,,,,0.01596050203056824,72543,0.06965212307807427,0.01,index_dividend_yield,0.065,10.29,25,71950.1,72465.7,71931.5,71804.05,mid_price,no_nse_iv
2026-09-23T14:11:09.607964+00:00,2026-09-23T19:41:09.607964+05:30,NIFTYNXT50,29-Sep-2026,71900.0,CE,72462.4,645,25,2835.2,50,0.0,1740.1,0,0,0,0,0,,,,,,,,,,,,,,,0.01596050203056824,72543,0.06965212307807427,0.01,index_dividend_yield,0.065,10.29,25,71950.1,72465.7,71931.5,71804.05,mid_price,no_nse_iv
2026-09-23T14:11:09.607964+00:00,2026-09-23T19:41:09.607964+05:30,NIFTYNXT50,29-Sep-2026,71900.0,PE,72462.4,,0,371.6,25,0.0,,0,0,0,0,0,,,,,,,,,,,,,,,0.01596050203056824,,,,,,10.29,25,71950.1,72465.7,71931.5,71804.05,none,no_price_available
2026-09-23T14:11:09.607964+00:00,2026-09-23T19:41:09.607964+05:30,NIFTYNXT50,29-Sep-2026,72000.0,CE,72462.4,625,25,711,25,699.95,668.0,50,-3,37,45.18772038996059,8.99,0.7409433848844313,0.0003932343957208353,-30.833600057186075,29.626692206874665,-2.2870298183025883,0.013391259026850443,135.39550506206942,-2.89074324206833e-07,-0.0025770607984551097,2.32787773860057e-05,-3.333684410063184,81.99510906096106,-0.7366074200483864,0.00039830149199869395,0.01596050203056824,72543,0.06965212307807427,0.01,index_dividend_yield,0.065,10.29,25,71950.1,72465.7,71931.5,71804.05,mid_price,ok
2026-09-23T14:11:09.607964+00:00,2026-09-23T19:41:09.607964+05:30,NIFTYNXT50,29-Sep-2026,72000.0,PE,72462.4,240.1,150,330.95,150,250,285.525,26,2,23,-49.23857868020305,13.17,-0.3278060328836469,0.0002995414683932012,-33.7447966656342,33.06090253295316,-1.1769796423532486,0.010040268961530534,48.03986316346709,-1.1004041010793204e-07,-0.0018392382297044982,2.203064555160976e-05,-3.2473639875985665,-90.81716765112424,0.3335439733324501,0.0003034012667121585,0.01596050203056824,72543,0.06965212307807427,0.01,index_dividend_yield,0.065,10.29,25,71950.1,72465.7,71931.5,71804.05,mid_price,wide_quote_low_liquidity
2026-09-23T14:11:09.607964+00:00,2026-09-23T19:41:09.607964+05:30,NIFTYNXT50,29-Sep-2026,72100.0,CE,72462.4,524.35,100,667.5,100,516.15,595.925,3,3,3,-85.41083693716611,4.98,0.8261530512283723,0.0005626952502376995,-18.975074409959856,23.48413497742851,-4.807799843422,0.014444300481785178,413.65892972102534,-9.332344139350467e-07,-0.0013838789320974967,1.858336144277291e-05,-3.2551304391694376,127.8427573726435,-0.8238108465890386,0.0005683660754102981,0.01596050203056824,72543,0.06965212307807427,0.01,index_dividend_yield,0.065,10.29,25,71950.1,72465.7,71931.5,71804.05,mid_price,wide_quote_low_liquidity
2026-09-23T14:11:09.607964+00:00,2026-09-23T19:41:09.607964+05:30,NIFTYNXT50,29-Sep-2026,72100.0,PE,72462.4,182,25,,0,519.3,,3,0,0,0,13.68,-0.3632846333401311,0.0002996320495577761,-36.310626417090965,34.35155002167131,-0.9114174051874924,0.007432429611706686,29.16552686155427,-8.418178801449434e-08,-0.0019359797273420882,2.368206046270543e-05,-3.18625365754015,-83.85668355517487,0.369464613547187,0.00030265173200299275,0.01596050203056824,72543,0.06965212307807427,0.01,index_dividend_yield,0.065,10.29,25,71950.1,72465.7,71931.5,71804.05,ltp,ok
2026-09-23T14:11:09.607964+00:00,2026-09-23T19:41:09.607964+05:30,NIFTYNXT50,29-Sep-2026,72200.0,CE,72462.4,,0,794,25,0.0,,0,0,0,0,0,,,,,,,,,,,,,,,0.01596050203056824,,,,,,10.29,25,71950.1,72465.7,71931.5,71804.05,none,no_price_available
2026-09-23T14:11:09.607964+00:00,2026-09-23T19:41:09.607964+05:30,NIFTYNXT50,29-Sep-2026,72200.0,PE,72462.4,,0,500,25,0.0,,0,0,0,0,0,,,,,,,,,,,,,,,0.01596050203056824,,,,,,10.29,25,71950.1,72465.7,71931.5,71804.05,none,no_price_available
2026-09-23T14:11:09.607964+00:00,2026-09-23T19:41:09.607964+05:30,NIFTYNXT50,29-Sep-2026,72300.0,CE,72462.4,442,25,542.65,125,518.15,492.325,5,5,8,-84.93027178733986,9.74,0.6024063642791545,0.0004324997385387952,-36.00482528829815,35.30342020448184,-0.9801312145906182,0.0034953155795723685,23.315951809514956,-1.2136644593596244e-07,-0.004155200731648443,3.617389928699484e-05,-3.1126569909299557,91.0607077007417,-0.5971291908351325,0.0004344448793869976,0.01596050203056824,72543,0.06965212307807427,0.01,index_dividend_yield,0.065,10.29,25,71950.1,72465.7,71931.5,71804.05,mid_price,wide_quote_low_liquidity
2026-09-23T14:11:09.607964+00:00,2026-09-23T19:41:09.607964+05:30,NIFTYNXT50,29-Sep-2026,72300.0,PE,72462.4,,0,550,25,0.0,,0,0,0,0,0,,,,,,,,,,,,,,,0.01596050203056824,,,,,,10.29,25,71950.1,72465.7,71931.5,71804.05,none,no_price_available
2026-09-23T14:11:09.607964+00:00,2026-09-23T19:41:09.607964+05:30,NIFTYNXT50,29-Sep-2026,72400.0,CE,72462.4,0.1,50,650,25,0.0,325.05,0,0,0,0,0,,,,,,,,,,,,,,,0.01596050203056824,72543,0.06965212307807427,0.01,index_dividend_yield,0.065,10.29,25,71950.1,72465.7,71931.5,71804.05,mid_price,no_nse_iv
2026-09-23T14:11:09.607964+00:00,2026-09-23T19:41:09.607964+05:30,NIFTYNXT50,29-Sep-2026,72400.0,PE,72462.4,381.15,125,496.1,125,404,438.625,1,-1,26,-44.85770831911554,13.22,-0.45514347246760306,0.0003275106012677258,-36.12609248730749,36.28513918689577,-0.28722135431319407,-0.00032769703869032384,2.9580294263702456,-3.3248348552277584e-08,-0.002450825981500785,2.8191915158458202e-05,-3.1110163726399644,-78.15927281549581,0.4613640516009046,0.00032807539321463776,0.01596050203056824,72543,0.06965212307807427,0.01,index_dividend_yield,0.065,10.29,25,71950.1,72465.7,71931.5,71804.05,mid_price,wide_quote_low_liquidity
2026-09-23T14:11:09.607964+00:00,2026-09-23T19:41:09.607964+05:30,NIFTYNXT50,29-Sep-2026,72500.0,CE,72462.4,330.4,25,532.95,25,0.0,431.675,0,0,0,0,0,,,,,,,,,,,,,,,0.01596050203056824,72543,0.06965212307807427,0.01,index_dividend_yield,0.065,10.29,25,71950.1,72465.7,71931.5,71804.05,mid_price,no_nse_iv
2026-09-23T14:11:09.607964+00:00,2026-09-23T19:41:09.607964+05:30,NIFTYNXT50,29-Sep-2026,72500.0,PE,72462.4,436.7,50,567.85,125,450,502.275,17,7,86,-45.25880420898972,13.22,-0.48801537248005983,0.0003294426492548971,-36.001531137147246,36.4991921972683,-0.03965880392520216,-0.0031629235777494284,0.10837783886330499,-1.1922801095812855e-08,-0.0024911661014306785,2.8406406277225758e-05,-3.1240507939083826,-75.28022433277255,0.4942415659225828,0.00032910102631631967,0.01596050203056824,72543,0.06965212307807427,0.01,index_dividend_yield,0.065,10.29,25,71950.1,72465.7,71931.5,71804.05,mid_price,wide_quote_low_liquidity
2026-09-23T14:11:09.607964+00:00,2026-09-23T19:41:09.607964+05:30,NIFTYNXT50,29-Sep-2026,72600.0,CE,72462.4,288,25,444.4,25,288,366.2,3,0,0,0,18.81,0.4875525493198761,0.00023152992960813115,-64.13100453429489,36.49790287456201,0.11609996900224795,-0.004393808338862939,0.32961066631642666,1.0223167259702949e-09,-0.0012288311489929147,1.9829450862888574e-05,-3.1450529108158314,54.279266138390255,-0.47766320897668446,0.0002306531161832959,0.01596050203056824,72543,0.06965212307807427,0.01,index_dividend_yield,0.065,10.29,25,71950.1,72465.7,71931.5,71804.05,mid_price,wide_quote_low_liquidity
2026-09-23T14:11:09.607964+00:00,2026-09-23T19:41:09.607964+05:30,NIFTYNXT50,29-Sep-2026,72600.0,PE,72462.4,402.05,25,,0,548.65,,6,4,4,-33.20550280009739,14.55,-0.5183658591586828,0.00029914177829104115,-39.7903897797271,36.47640593772895,0.17702939277858265,-0.005497278226054594,0.749745978914973,6.180841390763075e-09,-0.0020499049754461505,2.5531811850910456e-05,-3.1539176596974468,-65.97663633869344,0.5252253099313222,0.0002980089159972609,0.01596050203056824,72543,0.06965212307807427,0.01,index_dividend_yield,0.065,10.29,25,71950.1,72465.7,71931.5,71804.05,ltp,ok
2026-09-23T14:11:09.607964+00:00,2026-09-23T19:41:09.607964+05:30,NIFTYNXT50,29-Sep-2026,72700.0,CE,72462.4,,0,500,25,0.0,,0,0,0,0,0,,,,,,,,,,,,,,,0.01596050203056824,,,,,,10.29,25,71950.1,72465.7,71931.5,71804.05,none,no_price_available
2026-09-23T14:11:09.607964+00:00,2026-09-23T19:41:09.607964+05:30,NIFTYNXT50,29-Sep-2026,72700.0,PE,72462.4,12,600,1110,25,0.0,561.0,0,0,0,0,0,,,,,,,,,,,,,,,0.01596050203056824,72543,0.06965212307807427,0.01,index_dividend_yield,0.065,10.29,25,71950.1,72465.7,71931.5,71804.05,mid_price,no_nse_iv
2026-09-23T14:11:09.607964+00:00,2026-09-23T19:41:09.607964+05:30,NIFTYNXT50,29-Sep-2026,72800.0,CE,72462.4,0.1,50,391.65,25,0.0,195.875,0,0,0,0,0,,,,,,,,,,,,,,,0.01596050203056824,72543,0.06965212307807427,0.01,index_dividend_yield,0.065,10.29,25,71950.1,72465.7,71931.5,71804.05,mid_price,no_nse_iv
2026-09-23T14:11:09.607964+00:00,2026-09-23T19:41:09.607964+05:30,NIFTYNXT50,29-Sep-2026,72800.0,PE,72462.4,0.1,50,,0,0.0,,0,0,0,0,0,,,,,,,,,,,,,,,0.01596050203056824,,,,,,10.29,25,71950.1,72465.7,71931.5,71804.05,none,no_price_available
2026-09-23T14:11:09.607964+00:00,2026-09-23T19:41:09.607964+05:30,NIFTYNXT50,29-Sep-2026,72900.0,CE,72462.4,0.05,50,367.3,25,0.0,183.675,0,0,0,0,0,,,,,,,,,,,,,,,0.01596050203056824,72543,0.06965212307807427,0.01,index_dividend_yield,0.065,10.29,25,71950.1,72465.7,71931.5,71804.05,mid_price,no_nse_iv
2026-09-23T14:11:09.607964+00:00,2026-09-23T19:41:09.607964+05:30,NIFTYNXT50,29-Sep-2026,72900.0,PE,72462.4,205.75,25,,0,729.3,,7,4,4,-18.0561797752809,14.97,-0.6034291589823345,0.0002812043867676827,-38.60489401123203,35.27896760506523,0.7244228869750513,-0.012410248444923309,17.4080045969518,4.841988512098617e-08,-0.001739764276108036,2.1798969159424155e-05,-3.3256066867266925,-57.917874570936306,0.6101630911650603,0.00027783852378467013,0.01596050203056824,72543,0.06965212307807427,0.01,index_dividend_yield,0.065,10.29,25,71950.1,72465.7,71931.5,71804.05,ltp,ok
2026-09-23T14:11:09.607964+00:00,2026-09-23T19:41:09.607964+05:30,NIFTYNXT50,29-Sep-2026,73000.0,CE,72462.4,1.1,50,222,25,160,111.55,33,0,0,0,13.26,0.351745311360596,0.0003056532215495042,-42.44604658127315,33.96600564817084,1.1114984958359164,-0.01599659356110543,38.715017824024756,8.792066642739013e-08,-0.001956771510318718,2.1250152529353238e-05,-3.4724681838891573,89.33798706626627,-0.34524667692657285,0.0003011679032700303,0.01596050203056824,72543,0.06965212307807427,0.01,index_dividend_yield,0.065,10.29,25,71950.1,72465.7,71931.5,71804.05,mid_price,wide_quote_low_liquidity
2026-09-23T14:11:09.607964+00:00,2026-09-23T19:41:09.607964+05:30,NIFTYNXT50,29-Sep-2026,73000.0,PE,72462.4,666,50,975,25,1125,820.5,14,0,0,0,15.81,-0.6239503689935297,0.0002621627068446208,-40.17067055897758,34.735596265289914,0.8066797786971946,-0.0138430747281532,23.346777718284528,5.213902318614525e-08,-0.0014820502411325132,1.9513495674599765e-05,-3.381238101438703,-53.41476714283292,0.6309505675995273,0.0002583155915574159,0.01596050203056824,72543,0.06965212307807427,0.01,index_dividend_yield,0.065,10.29,25,71950.1,72465.7,71931.5,71804.05,mid_price,wide_quote_low_liquidity
2026-09-23T14:11:09.607964+00:00,2026-09-23T19:41:09.607964+05:30,NIFTYNXT50,29-Sep-2026,73100.0,CE,72462.4,1.35,100,321.1,25,0.0,161.22500000000002,0,0,0,0,0,,,,,,,,,,,,,,,0.01596050203056824,72543,0.06965212307807427,0.01,index_dividend_yield,0.065,10.29,25,71950.1,72465.7,71931.5,71804.05,mid_price,no_nse_iv
2026-09-23T14:11:09.607964+00:00,2026-09-23T19:41:09.607964+05:30,NIFTYNXT50,29-Sep-2026,73100.0,PE,72462.4,,0,,0,0.0,,0,0,0,0,0,,,,,,,,,,,,,,,0.01596050203056824,,,,,,10.29,25,71950.1,72465.7,71931.5,71804.05,none,no_price_available
2026-09-23T14:11:09.607964+00:00,2026-09-23T19:41:09.607964+05:30,NIFTYNXT50,29-Sep-2026,73200.0,CE,72462.4,0.05,50,286.9,25,0.0,143.475,0,0,0,0,0,,,,,,,,,,,,,,,0.01596050203056824,72543,0.06965212307807427,0.01,index_dividend_yield,0.065,10.29,25,71950.1,72465.7,71931.5,71804.05,mid_price,no_nse_iv
2026-09-23T14:11:09.607964+00:00,2026-09-23T19:41:09.607964+05:30,NIFTYNXT50,29-Sep-2026,73200.0,PE,72462.4,0.1,50,1549.45,50,0.0,774.775,0,0,0,0,0,,,,,,,,,,,,,,,0.01596050203056824,72543,0.06965212307807427,0.01,index_dividend_yield,0.065,10.29,25,71950.1,72465.7,71931.5,71804.05,mid_price,no_nse_iv
2026-09-23T14:11:09.607964+00:00,2026-09-23T19:41:09.607964+05:30,NIFTYNXT50,29-Sep-2026,73300.0,CE,72462.4,0.05,50,269.6,25,0.0,134.82500000000002,0,0,0,0,0,,,,,,,,,,,,,,,0.01596050203056824,72543,0.06965212307807427,0.01,index_dividend_yield,0.065,10.29,25,71950.1,72465.7,71931.5,71804.05,mid_price,no_nse_iv
2026-09-23T14:11:09.607964+00:00,2026-09-23T19:41:09.607964+05:30,NIFTYNXT50,29-Sep-2026,73300.0,PE,72462.4,520.05,50,1384.15,50,900.05,952.1,7,0,0,0,13.41,-0.7316269817151495,0.00026842109478814253,-26.5579600358961,30.16597710241193,1.5605045828877007,-0.02093247728415573,88.30346815432577,1.2660421904699817e-07,-0.0012159227228282607,1.2520693676667887e-05,-3.7718086037229948,-54.51767256882111,0.7365333173678154,0.00026232164201284527,0.01596050203056824,72543,0.06965212307807427,0.01,index_dividend_yield,0.065,10.29,25,71950.1,72465.7,71931.5,71804.05,mid_price,wide_quote_low_liquidity
2026-09-23T14:11:09.607964+00:00,2026-09-23T19:41:09.607964+05:30,NIFTYNXT50,29-Sep-2026,73400.0,CE,72462.4,0.05,50,248.85,25,0.0,124.45,0,0,0,0,0,,,,,,,,,,,,,,,0.01596050203056824,72543,0.06965212307807427,0.01,index_dividend_yield,0.065,10.29,25,71950.1,72465.7,71931.5,71804.05,mid_price,no_nse_iv
2026-09-23T14:11:09.607964+00:00,2026-09-23T19:41:09.607964+05:30,NIFTYNXT50,29-Sep-2026,73400.0,PE,72462.4,0.05,50,3582.35,50,1110.35,1791.2,3,0,0,0,16.06,-0.7190048707639108,0.00022927325254636977,-34.4836570133195,30.85822269262171,1.2604488746681963,-0.019918257878745665,66.953791821323,8.504261490729675e-08,-0.0009301553720812689,1.1838350706179e-05,-3.7049263551209575,-46.253779000805785,0.7251666307223826,0.0002234532627128657,0.01596050203056824,72543,0.06965212307807427,0.01,index_dividend_yield,0.065,10.29,25,71950.1,72465.7,71931.5,71804.05,mid_price,wide_quote_low_liquidity
2026-09-23T14:11:09.607964+00:00,2026-09-23T19:41:09.607964+05:30,NIFTYNXT50,29-Sep-2026,73500.0,CE,72462.4,135,25,232,25,135,183.5,7,0,0,0,18.47,0.2876870229681406,0.00020166738179855349,-52.57256226370614,31.21580443845595,1.0769900068068883,-0.019288204260089557,55.215708402027275,6.27412325385872e-08,-0.0007351551357899012,1.0930926073368518e-05,-3.667945558932477,69.37397303970121,-0.279537383785095,0.0001960136924656131,0.01596050203056824,72543,0.06965212307807427,0.01,index_dividend_yield,0.065,10.29,25,71950.1,72465.7,71931.5,71804.05,mid_price,wide_quote_low_liquidity
2026-09-23T14:11:09.607964+00:00,2026-09-23T19:41:09.607964+05:30,NIFTYNXT50,29-Sep-2026,73500.0,PE,72462.4,0.05,50,3693.75,50,0.0,1846.9,0,0,0,0,0,,,,,,,,,,,,,,,0.01596050203056824,72543,0.06965212307807427,0.01,index_dividend_yield,0.065,10.29,25,71950.1,72465.7,71931.5,71804.05,mid_price,no_nse_iv
2026-09-23T14:11:09.607964+00:00,2026-09-23T19:41:09.607964+05:30,NIFTYNXT50,29-Sep-2026,73600.0,CE,72462.4,1.15,50,214.45,25,0.0,107.8,0,0,0,0,0,,,,,,,,,,,,,,,0.01596050203056824,72543,0.06965212307807427,0.01,index_dividend_yield,0.065,10.29,25,71950.1,72465.7,71931.5,71804.05,mid_price,no_nse_iv
2026-09-23T14:11:09.607964+00:00,2026-09-23T19:41:09.607964+05:30,NIFTYNXT50,29-Sep-2026,73600.0,PE,72462.4,1.05,50,1725.7,50,0.0,863.375,0,0,0,0,0,,,,,,,,,,,,,,,0.01596050203056824,,,,,,10.29,25,71950.1,72465.7,71931.5,71804.05,mid_price,no_price_available
2026-09-23T14:11:09.607964+00:00,2026-09-23T19:41:09.607964+05:30,NIFTYNXT50,29-Sep-2026,73700.0,CE,72462.4,0.1,50,198.7,25,2150,99.39999999999999,1,0,0,0,13,0.1661262008994365,0.00020949144917241838,-27.26106257953593,22.823467660897258,1.8907663699656156,-0.0233917738801712,167.8149264937403,1.6244298494420419e-07,-7.104845593246972e-05,-1.0953460210043039e-06,-4.034371420106858,115.46938214086755,-0.16192199882830832,0.00020251479346248906,0.01596050203056824,72543,0.06965212307807427,0.01,index_dividend_yield,0.065,10.29,25,71950.1,72465.7,71931.5,71804.05,mid_price,wide_quote_low_liquidity
2026-09-23T14:11:09.607964+00:00,2026-09-23T19:41:09.607964+05:30,NIFTYNXT50,29-Sep-2026,73700.0,PE,72462.4,0.05,50,3917.05,50,0.0,1958.5500000000002,0,0,0,0,0,,,,,,,,,,,,,,,0.01596050203056824,72543,0.06965212307807427,0.01,index_dividend_yield,0.065,10.29,25,71950.1,72465.7,71931.5,71804.05,mid_price,no_nse_iv
2026-09-23T14:11:09.607964+00:00,2026-09-23T19:41:09.607964+05:30,NIFTYNXT50,29-Sep-2026,73800.0,CE,72462.4,0.15,50,144,25,205.55,72.075,1,1,1,-92.53820742730606,17.06,0.21264696665254662,0.00018588257294235806,-41.20205170080334,26.576003844665387,1.3931803175760842,-0.022441249318601413,101.67100845127663,9.03758410395346e-08,-0.0003784403381576219,4.494291685358762e-06,-3.9182402405405057,82.52936671359468,-0.20626289099940506,0.00017920551865694545,0.01596050203056824,72543,0.06965212307807427,0.01,index_dividend_yield,0.065,10.29,25,71950.1,72465.7,71931.5,71804.05,mid_price,wide_quote_low_liquidity
2026-09-23T14:11:09.607964+00:00,2026-09-23T19:41:09.607964+05:30,NIFTYNXT50,29-Sep-2026,73800.0,PE,72462.4,0.05,50,4028.65,50,0.0,2014.3500000000001,0,0,0,0,0,,,,,,,,,,,,,,,0.01596050203056824,72543,0.06965212307807427,0.01,index_dividend_yield,0.065,10.29,25,71950.1,72465.7,71931.5,71804.05,mid_price,no_nse_iv
2026-09-23T14:11:09.607964+00:00,2026-09-23T19:41:09.607964+05:30,NIFTYNXT50,29-Sep-2026,73900.0,CE,72462.4,0.05,50,169.8,25,0.0,84.92500000000001,0,0,0,0,0,,,,,,,,,,,,,,,0.01596050203056824,72543,0.06965212307807427,0.01,index_dividend_yield,0.065,10.29,25,71950.1,72465.7,71931.5,71804.05,mid_price,no_nse_iv
2026-09-23T14:11:09.607964+00:00,2026-09-23T19:41:09.607964+05:30,NIFTYNXT50,29-Sep-2026,73900.0,PE,72462.4,,0,,0,0.0,,0,0,0,0,0,,,,,,,,,,,,,,,0.01596050203056824,,,,,,10.29,25,71950.1,72465.7,71931.5,71804.05,none,no_price_available
2026-09-23T14:11:09.607964+00:00,2026-09-23T19:41:09.607964+05:30,NIFTYNXT50,29-Sep-2026,74000.0,CE,72462.4,45,25,57.95,25,55,51.475,23,-5,135,-56.14035087719298,11.94,0.09236344094179523,0.00015144353575076894,-16.52985015478959,15.153991635278565,1.8595490764382259,-0.020706529965349895,225.77815718630222,1.773454780791023e-07,0.0009881402240843086,-1.2158602854119817e-05,-3.8139455715771162,143.15153593560208,-0.08981247046786572,0.00014521541795797647,0.01596050203056824,72543,0.06965212307807427,0.01,index_dividend_yield,0.065,10.29,25,71950.1,72465.7,71931.5,71804.05,mid_price,wide_quote_low_liquidity
2026-09-23T14:11:09.607964+00:00,2026-09-23T19:41:09.607964+05:30,NIFTYNXT50,29-Sep-2026,74000.0,PE,72462.4,1253.25,25,,0,0.0,,0,0,0,0,0,,,,,,,,,,,,,,,0.01596050203056824,,,,,,10.29,25,71950.1,72465.7,71931.5,71804.05,none,no_price_available
2026-09-23T14:11:09.607964+00:00,2026-09-23T19:41:09.607964+05:30,NIFTYNXT50,29-Sep-2026,74100.0,CE,72462.4,0.05,50,144.35,25,0.0,72.2,0,0,0,0,0,,,,,,,,,,,,,,,0.01596050203056824,72543,0.06965212307807427,0.01,index_dividend_yield,0.065,10.29,25,71950.1,72465.7,71931.5,71804.05,mid_price,no_nse_iv
2026-09-23T14:11:09.607964+00:00,2026-09-23T19:41:09.607964+05:30,NIFTYNXT50,29-Sep-2026,74100.0,PE,72462.4,,0,2065.9,25,0.0,,0,0,0,0,0,,,,,,,,,,,,,,,0.01596050203056824,,,,,,10.29,25,71950.1,72465.7,71931.5,71804.05,none,no_price_available
2026-09-23T14:11:09.607964+00:00,2026-09-23T19:41:09.607964+05:30,NIFTYNXT50,29-Sep-2026,74200.0,CE,72462.4,0.05,50,132.75,25,0.0,66.4,0,0,0,0,0,,,,,,,,,,,,,,,0.01596050203056824,72543,0.06965212307807427,0.01,index_dividend_yield,0.065,10.29,25,71950.1,72465.7,71931.5,71804.05,mid_price,no_nse_iv
2026-09-23T14:11:09.607964+00:00,2026-09-23T19:41:09.607964+05:30,NIFTYNXT50,29-Sep-2026,74200.0,PE,72462.4,0.05,50,4474.05,50,0.0,2237.05,0,0,0,0,0,,,,,,,,,,,,,,,0.01596050203056824,72543,0.06965212307807427,0.01,index_dividend_yield,0.065,10.29,25,71950.1,72465.7,71931.5,71804.05,mid_price,no_nse_iv
2026-09-23T14:11:09.607964+00:00,2026-09-23T19:41:09.607964+05:30,NIFTYNXT50,29-Sep-2026,74300.0,CE,72462.4,0.15,25,109,25,109,54.575,1,0,0,0,17.5,0.13960988209279626,0.0001386627185578641,-32.049190359444324,20.336196754420367,1.4015054873922905,-0.022569180759423744,138.82125029065583,9.02733846129358e-08,0.00015422971009347488,-3.3596387452422652e-06,-3.980226157589319,89.69486411179392,-0.13463902469782718,0.00013188867678666218,0.01596050203056824,72543,0.06965212307807427,0.01,index_dividend_yield,0.065,10.29,25,71950.1,72465.7,71931.5,71804.05,mid_price,wide_quote_low_liquidity
2026-09-23T14:11:09.607964+00:00,2026-09-23T19:41:09.607964+05:30,NIFTYNXT50,29-Sep-2026,74300.0,PE,72462.4,,0,,0,0.0,,0,0,0,0,0,,,,,,,,,,,,,,,0.01596050203056824,,,,,,10.29,25,71950.1,72465.7,71931.5,71804.05,none,no_price_available
2026-09-23T14:11:09.607964+00:00,2026-09-23T19:41:09.607964+05:30,NIFTYNXT50,29-Sep-2026,74400.0,CE,72462.4,0.05,50,111.85,25,0.0,55.949999999999996,0,0,0,0,0,,,,,,,,,,,,,,,0.01596050203056824,72543,0.06965212307807427,0.01,index_dividend_yield,0.065,10.29,25,71950.1,72465.7,71931.5,71804.05,mid_price,no_nse_iv
2026-09-23T14:11:09.607964+00:00,2026-09-23T19:41:09.607964+05:30,NIFTYNXT50,29-Sep-2026,74400.0,PE,72462.4,1710.05,25,2389.3,50,0.0,2049.675,0,0,0,0,0,,,,,,,,,,,,,,,0.01596050203056824,72543,0.06965212307807427,0.01,index_dividend_yield,0.065,10.29,25,71950.1,72465.7,71931.5,71804.05,mid_price,no_nse_iv
2026-09-23T14:11:09.607964+00:00,2026-09-23T19:41:09.607964+05:30,NIFTYNXT50,29-Sep-2026,74500.0,CE,72462.4,18.45,25,39.95,25,16.8,29.200000000000003,18,0,1,0.5988023952095808,11.51,0.032918955262897606,6.972553969791753e-05,-7.00126742042618,6.725726208122943,1.1833209519589716,-0.012440717059802606,199.26125073569256,1.2132140312959253e-07,0.0014600354248746794,-1.5750650199986286e-05,-2.6717992050933805,176.17987104211056,-0.031836872600326416,6.596366343316514e-05,0.01596050203056824,72543,0.06965212307807427,0.01,index_dividend_yield,0.065,10.29,25,71950.1,72465.7,71931.5,71804.05,mid_price,wide_quote_low_liquidity
2026-09-23T14:11:09.607964+00:00,2026-09-23T19:41:09.607964+05:30,NIFTYNXT50,29-Sep-2026,74500.0,PE,72462.4,,0,,0,3600,,15,0,0,0,0,,,,,,,,,,,,,,,0.01596050203056824,72543,0.06965212307807427,0.01,index_dividend_yield,0.065,10.29,25,71950.1,72465.7,71931.5,71804.05,ltp,no_nse_iv
2026-09-23T14:11:09.607964+00:00,2026-09-23T19:41:09.607964+05:30,NIFTYNXT50,29-Sep-2026,74600.0,CE,72462.4,14.5,50,27.95,100,14.25,21.225,15,-9,36,1.4234875444839858,11.64,0.02806443478321962,6.040969814314972e-05,-6.191688869589764,5.89293460681735,1.0643042105542357,-0.01128225732343279,186.08851931526837,1.0845748639677517e-07,0.0013887033422031105,-1.5050964894310256e-05,-2.4781343758038092,178.11171376334647,-0.027107220564913697,5.699732039967747e-05,0.01596050203056824,72543,0.06965212307807427,0.01,index_dividend_yield,0.065,10.29,25,71950.1,72465.7,71931.5,71804.05,mid_price,wide_quote_low_liquidity
2026-09-23T14:11:09.607964+00:00,2026-09-23T19:41:09.607964+05:30,NIFTYNXT50,29-Sep-2026,74600.0,PE,72462.4,,0,,0,0.0,,0,0,0,0,0,,,,,,,,,,,,,,,0.01596050203056824,,,,,,10.29,25,71950.1,72465.7,71931.5,71804.05,none,no_price_available
2026-09-23T14:11:09.607964+00:00,2026-09-23T19:41:09.607964+05:30,NIFTYNXT50,29-Sep-2026,74700.0,CE,72462.4,10.05,25,28.95,25,14,19.5,3,1,11,-83.70197904540163,12.07,0.02684645600624642,5.614167759493315e-05,-6.174181122481687,5.678905368473446,0.9992990693428287,-0.010955117790748831,176.4856276162483,9.822239038788146e-08,0.001279646314061988,-1.4321160653782067e-05,-2.4219107795837633,172.8285134181029,-0.02589160145350292,5.282866186799459e-05,0.01596050203056824,72543,0.06965212307807427,0.01,index_dividend_yield,0.065,10.29,25,71950.1,72465.7,71931.5,71804.05,mid_price,wide_quote_low_liquidity
2026-09-23T14:11:09.607964+00:00,2026-09-23T19:41:09.607964+05:30,NIFTYNXT50,29-Sep-2026,74700.0,PE,72462.4,,0,,0,0.0,,0,0,0,0,17.28,,,,,,,,,,,,,,,0.01596050203056824,,,,,,10.29,25,71950.1,72465.7,71931.5,71804.05,none,no_price_available
2026-09-23T14:11:09.607964+00:00,2026-09-23T19:41:09.607964+05:30,NIFTYNXT50,29-Sep-2026,74800.0,CE,72462.4,10.55,125,24,25,10.05,17.275,10,-1,8,-84.04761904761905,11.87,0.02012014185633496,4.4783400334543424e-05,-4.756859449114992,4.454918472508124,0.8470267266250403,-0.009109286752278492,159.04859932298487,8.55163029144015e-08,0.0012215821237106352,-1.3358617104822746e-05,-2.092679287999709,182.39675358139473,-0.019384498093571775,4.202805560332009e-05,0.01596050203056824,72543,0.06965212307807427,0.01,index_dividend_yield,0.065,10.29,25,71950.1,72465.7,71931.5,71804.05,mid_price,wide_quote_low_liquidity
2026-09-23T14:11:09.607964+00:00,2026-09-23T19:41:09.607964+05:30,NIFTYNXT50,29-Sep-2026,74800.0,PE,72462.4,,0,,0,0.0,,0,0,0,0,0,,,,,,,,,,,,,,,0.01596050203056824,,,,,,10.29,25,71950.1,72465.7,71931.5,71804.05,none,no_price_available
2026-09-23T14:11:09.607964+00:00,2026-09-23T19:41:09.607964+05:30,NIFTYNXT50,29-Sep-2026,74900.0,CE,72462.4,0.05,25,71.1,25,0.0,35.574999999999996,0,0,0,0,0,,,,,,,,,,,,,,,0.01596050203056824,72543,0.06965212307807427,0.01,index_dividend_yield,0.065,10.29,25,71950.1,72465.7,71931.5,71804.05,mid_price,no_nse_iv
2026-09-23T14:11:09.607964+00:00,2026-09-23T19:41:09.607964+05:30,NIFTYNXT50,29-Sep-2026,74900.0,PE,72462.4,,0,,0,0.0,,0,0,0,0,0,,,,,,,,,,,,,,,0.01596050203056824,,,,,,10.29,25,71950.1,72465.7,71931.5,71804.05,none,no_price_available
2026-09-23T14:11:09.607964+00:00,2026-09-23T19:41:09.607964+05:30,NIFTYNXT50,29-Sep-2026,75000.0,CE,72462.4,11.4,50,18.95,25,11.1,15.175,23,-3,14,-48.372093023255815,12.94,0.020491373395445003,4.172191402845607e-05,-5.247153475707023,4.5244987860885075,0.7867556033147489,-0.009184224954495935,147.1869230306768,7.250896406513933e-08,0.0010348466073455962,-1.2270403022371213e-05,-2.106353410653424,167.0081422397462,-0.01967950916166893,3.8946382528277706e-05,0.01596050203056824,72543,0.06965212307807427,0.01,index_dividend_yield,0.065,10.29,25,71950.1,72465.7,71931.5,71804.05,mid_price,wide_quote_low_liquidity
2026-09-23T14:11:09.607964+00:00,2026-09-23T19:41:09.607964+05:30,NIFTYNXT50,29-Sep-2026,75000.0,PE,72462.4,,0,,0,0.0,,0,0,0,0,0,,,,,,,,,,,,,,,0.01596050203056824,,,,,,10.29,25,71950.1,72465.7,71931.5,71804.05,none,no_price_available
2026-09-23T14:11:09.607964+00:00,2026-09-23T19:41:09.607964+05:30,NIFTYNXT50,29-Sep-2026,75100.0,CE,72462.4,,0,58.65,25,0.0,,0,0,0,0,0,,,,,,,,,,,,,,,0.01596050203056824,,,,,,10.29,25,71950.1,72465.7,71931.5,71804.05,none,no_price_available
2026-09-23T14:11:09.607964+00:00,2026-09-23T19:41:09.607964+05:30,NIFTYNXT50,29-Sep-2026,75100.0,PE,72462.4,,0,,0,0.0,,0,0,0,0,0,,,,,,,,,,,,,,,0.01596050203056824,,,,,,10.29,25,71950.1,72465.7,71931.5,71804.05,none,no_price_available
2026-09-23T14:11:09.607964+00:00,2026-09-23T19:41:09.607964+05:30,NIFTYNXT50,29-Sep-2026,75200.0,CE,72462.4,7.4,25,20,25,7,13.7,8,0,0,0,15.1,0.029483363605799312,4.851684515507638e-05,-8.276136834406415,6.139619770705428,0.8471523354671214,-0.011498493084541135,146.4471429577463,6.590432827500114e-08,0.0008359805430650965,-1.1555006378312255e-05,-2.514369060281847,136.5867151039588,-0.02820204365841272,4.504870382840081e-05,0.01596050203056824,72543,0.06965212307807427,0.01,index_dividend_yield,0.065,10.29,25,71950.1,72465.7,71931.5,71804.05,mid_price,wide_quote_low_liquidity
2026-09-23T14:11:09.607964+00:00,2026-09-23T19:41:09.607964+05:30,NIFTYNXT50,29-Sep-2026,75200.0,PE,72462.4,,0,,0,0.0,,0,0,0,0,0,,,,,,,,,,,,,,,0.01596050203056824,,,,,,10.29,25,71950.1,72465.7,71931.5,71804.05,none,no_price_available
2026-09-23T14:11:09.607964+00:00,2026-09-23T19:41:09.607964+05:30,NIFTYNXT50,29-Sep-2026,75300.0,CE,72462.4,,0,48.15,25,0.0,,0,0,0,0,0,,,,,,,,,,,,,,,0.01596050203056824,,,,,,10.29,25,71950.1,72465.7,71931.5,71804.05,none,no_price_available
2026-09-23T14:11:09.607964+00:00,2026-09-23T19:41:09.607964+05:30,NIFTYNXT50,29-Sep-2026,75300.0,PE,72462.4,,0,,0,0.0,,0,0,0,0,0,,,,,,,,,,,,,,,0.01596050203056824,,,,,,10.29,25,71950.1,72465.7,71931.5,71804.05,none,no_price_available
2026-09-23T14:11:09.607964+00:00,2026-09-23T19:41:09.607964+05:30,NIFTYNXT50,29-Sep-2026,75400.0,CE,72462.4,,0,43.5,25,0.0,,0,0,0,0,0,,,,,,,,,,,,,,,0.01596050203056824,,,,,,10.29,25,71950.1,72465.7,71931.5,71804.05,none,no_price_available
2026-09-23T14:11:09.607964+00:00,2026-09-23T19:41:09.607964+05:30,NIFTYNXT50,29-Sep-2026,75400.0,PE,72462.4,,0,,0,0.0,,0,0,0,0,0,,,,,,,,,,,,,,,0.01596050203056824,,,,,,10.29,25,71950.1,72465.7,71931.5,71804.05,none,no_price_available
2026-09-23T14:11:09.607964+00:00,2026-09-23T19:41:09.607964+05:30,NIFTYNXT50,29-Sep-2026,75500.0,CE,72462.4,,0,39.25,25,0.0,,0,0,0,0,0,,,,,,,,,,,,,,,0.01596050203056824,,,,,,10.29,25,71950.1,72465.7,71931.5,71804.05,none,no_price_available
2026-09-23T14:11:09.607964+00:00,2026-09-23T19:41:09.607964+05:30,NIFTYNXT50,29-Sep-2026,75500.0,PE,72462.4,,0,,0,0.0,,0,0,0,0,0,,,,,,,,,,,,,,,0.01596050203056824,,,,,,10.29,25,71950.1,72465.7,71931.5,71804.05,none,no_price_available
2026-09-23T14:11:09.607964+00:00,2026-09-23T19:41:09.607964+05:30,NIFTYNXT50,29-Sep-2026,75600.0,CE,72462.4,,0,35.35,25,0.0,,0,0,0,0,0,,,,,,,,,,,,,,,0.01596050203056824,,,,,,10.29,25,71950.1,72465.7,71931.5,71804.05,none,no_price_available
2026-09-23T14:11:09.607964+00:00,2026-09-23T19:41:09.607964+05:30,NIFTYNXT50,29-Sep-2026,75600.0,PE,72462.4,,0,,0,0.0,,0,0,0,0,0,,,,,,,,,,,,,,,0.01596050203056824,,,,,,10.29,25,71950.1,72465.7,71931.5,71804.05,none,no_price_available
2026-09-23T14:11:09.607964+00:00,2026-09-23T19:41:09.607964+05:30,NIFTYNXT50,29-Sep-2026,75700.0,CE,72462.4,,0,70,25,0.0,,0,0,0,0,0,,,,,,,,,,,,,,,0.01596050203056824,,,,,,10.29,25,71950.1,72465.7,71931.5,71804.05,none,no_price_available
2026-09-23T14:11:09.607964+00:00,2026-09-23T19:41:09.607964+05:30,NIFTYNXT50,29-Sep-2026,75700.0,PE,72462.4,,0,,0,0.0,,0,0,0,0,0,,,,,,,,,,,,,,,0.01596050203056824,,,,,,10.29,25,71950.1,72465.7,71931.5,71804.05,none,no_price_available
2026-09-23T14:11:09.607964+00:00,2026-09-23T19:41:09.607964+05:30,NIFTYNXT50,29-Sep-2026,75800.0,CE,72462.4,,0,59.95,25,0.0,,0,0,0,0,0,,,,,,,,,,,,,,,0.01596050203056824,,,,,,10.29,25,71950.1,72465.7,71931.5,71804.05,none,no_price_available
2026-09-23T14:11:09.607964+00:00,2026-09-23T19:41:09.607964+05:30,NIFTYNXT50,29-Sep-2026,75800.0,PE,72462.4,,0,,0,0.0,,0,0,0,0,0,,,,,,,,,,,,,,,0.01596050203056824,,,,,,10.29,25,71950.1,72465.7,71931.5,71804.05,none,no_price_available
2026-09-23T14:11:09.607964+00:00,2026-09-23T19:41:09.607964+05:30,NIFTYNXT50,29-Sep-2026,75900.0,CE,72462.4,,0,59.95,25,0.0,,0,0,0,0,0,,,,,,,,,,,,,,,0.01596050203056824,,,,,,10.29,25,71950.1,72465.7,71931.5,71804.05,none,no_price_available
2026-09-23T14:11:09.607964+00:00,2026-09-23T19:41:09.607964+05:30,NIFTYNXT50,29-Sep-2026,75900.0,PE,72462.4,,0,,0,0.0,,0,0,0,0,0,,,,,,,,,,,,,,,0.01596050203056824,,,,,,10.29,25,71950.1,72465.7,71931.5,71804.05,none,no_price_available
2026-09-23T14:11:09.607964+00:00,2026-09-23T19:41:09.607964+05:30,NIFTYNXT50,29-Sep-2026,76000.0,CE,72462.4,,0,49.95,25,0.0,,0,0,0,0,0,,,,,,,,,,,,,,,0.01596050203056824,,,,,,10.29,25,71950.1,72465.7,71931.5,71804.05,none,no_price_available
2026-09-23T14:11:09.607964+00:00,2026-09-23T19:41:09.607964+05:30,NIFTYNXT50,29-Sep-2026,76000.0,PE,72462.4,,0,,0,0.0,,0,0,0,0,0,,,,,,,,,,,,,,,0.01596050203056824,,,,,,10.29,25,71950.1,72465.7,71931.5,71804.05,none,no_price_available
2026-09-23T14:11:09.607964+00:00,2026-09-23T19:41:09.607964+05:30,NIFTYNXT50,29-Sep-2026,76100.0,CE,0,,0,,0,0.0,,0,0,0,0,0,,,,,,,,,,,,,,,0.01596050203056824,,,,,,10.29,25,71950.1,72465.7,71931.5,71804.05,none,no_price_available
2026-09-23T14:11:09.607964+00:00,2026-09-23T19:41:09.607964+05:30,NIFTYNXT50,29-Sep-2026,76100.0,PE,72462.4,,0,,0,0.0,,0,0,0,0,0,,,,,,,,,,,,,,,0.01596050203056824,,,,,,10.29,25,71950.1,72465.7,71931.5,71804.05,none,no_price_available
2026-09-23T14:11:09.607964+00:00,2026-09-23T19:41:09.607964+05:30,NIFTYNXT50,29-Sep-2026,76200.0,CE,0,,0,,0,0.0,,0,0,0,0,0,,,,,,,,,,,,,,,0.01596050203056824,,,,,,10.29,25,71950.1,72465.7,71931.5,71804.05,none,no_price_available
2026-09-23T14:11:09.607964+00:00,2026-09-23T19:41:09.607964+05:30,NIFTYNXT50,29-Sep-2026,76200.0,PE,72462.4,,0,,0,0.0,,0,0,0,0,0,,,,,,,,,,,,,,,0.01596050203056824,,,,,,10.29,25,71950.1,72465.7,71931.5,71804.05,none,no_price_available
2026-09-23T14:11:09.607964+00:00,2026-09-23T19:41:09.607964+05:30,NIFTYNXT50,29-Sep-2026,76300.0,CE,0,,0,,0,0.0,,0,0,0,0,0,,,,,,,,,,,,,,,0.01596050203056824,,,,,,10.29,25,71950.1,72465.7,71931.5,71804.05,none,no_price_available
2026-09-23T14:11:09.607964+00:00,2026-09-23T19:41:09.607964+05:30,NIFTYNXT50,29-Sep-2026,76300.0,PE,72462.4,,0,,0,0.0,,0,0,0,0,0,,,,,,,,,,,,,,,0.01596050203056824,,,,,,10.29,25,71950.1,72465.7,71931.5,71804.05,none,no_price_available
2026-09-23T14:11:09.607964+00:00,2026-09-23T19:41:09.607964+05:30,NIFTYNXT50,29-Sep-2026,76400.0,CE,0,,0,,0,0.0,,0,0,0,0,0,,,,,,,,,,,,,,,0.01596050203056824,,,,,,10.29,25,71950.1,72465.7,71931.5,71804.05,none,no_price_available
2026-09-23T14:11:09.607964+00:00,2026-09-23T19:41:09.607964+05:30,NIFTYNXT50,29-Sep-2026,76400.0,PE,72462.4,,0,,0,0.0,,0,0,0,0,0,,,,,,,,,,,,,,,0.01596050203056824,,,,,,10.29,25,71950.1,72465.7,71931.5,71804.05,none,no_price_available
2026-09-23T14:11:09.607964+00:00,2026-09-23T19:41:09.607964+05:30,NIFTYNXT50,29-Sep-2026,76500.0,CE,0,,0,,0,0.0,,0,0,0,0,0,,,,,,,,,,,,,,,0.01596050203056824,,,,,,10.29,25,71950.1,72465.7,71931.5,71804.05,none,no_price_available
2026-09-23T14:11:09.607964+00:00,2026-09-23T19:41:09.607964+05:30,NIFTYNXT50,29-Sep-2026,76500.0,PE,72462.4,,0,,0,0.0,,0,0,0,0,0,,,,,,,,,,,,,,,0.01596050203056824,,,,,,10.29,25,71950.1,72465.7,71931.5,71804.05,none,no_price_available
2026-09-23T14:11:09.607964+00:00,2026-09-23T19:41:09.607964+05:30,NIFTYNXT50,29-Sep-2026,76600.0,CE,72462.4,0.05,200,34,25,600,17.025,1,0,0,0,24.29,0.03872505741252154,3.77443926410545e-05,-16.43481054048895,7.6833732636528875,0.6206651371440732,-0.01334098686466518,100.31962593652288,2.9435575867156587e-08,0.0003374321699200527,-7.363202219763914e-06,-2.815336082344656,82.02088709492396,-0.03618666388787609,3.377694216205309e-05,0.01596050203056824,72543,0.06965212307807427,0.01,index_dividend_yield,0.065,10.29,25,71950.1,72465.7,71931.5,71804.05,mid_price,wide_quote_low_liquidity
2026-09-23T14:11:09.607964+00:00,2026-09-23T19:41:09.607964+05:30,NIFTYNXT50,29-Sep-2026,76600.0,PE,72462.4,,0,,0,0.0,,0,0,0,0,0,,,,,,,,,,,,,,,0.01596050203056824,,,,,,10.29,25,71950.1,72465.7,71931.5,71804.05,none,no_price_available
2026-09-23T14:11:09.607964+00:00,2026-09-23T19:41:09.607964+05:30,NIFTYNXT50,29-Sep-2026,76700.0,CE,72462.4,1.25,25,11.85,25,14.5,6.55,34,0,0,21.84873949579832,20.31,0.015078395128840731,2.04592761775891e-05,-6.233219334979218,3.482347960079178,0.41084654263478637,-0.007377313358432698,81.53816340606079,2.3789007697977454e-08,0.0003783119823348608,-6.848035924903257e-06,-1.762921709850636,110.75393457359228,-0.014116707120299181,1.826101718020203e-05,0.01596050203056824,72543,0.06965212307807427,0.01,index_dividend_yield,0.065,10.29,25,71950.1,72465.7,71931.5,71804.05,mid_price,wide_quote_low_liquidity
2026-09-23T14:11:09.607964+00:00,2026-09-23T19:41:09.607964+05:30,NIFTYNXT50,29-Sep-2026,76700.0,PE,72462.4,,0,,0,0.0,,0,0,0,0,0,,,,,,,,,,,,,,,0.01596050203056824,,,,,,10.29,25,71950.1,72465.7,71931.5,71804.05,none,no_price_available
2026-09-23T14:11:09.607964+00:00,2026-09-23T19:41:09.607964+05:30,NIFTYNXT50,29-Sep-2026,76800.0,CE,0,,0,,0,0.0,,0,0,0,0,0,,,,,,,,,,,,,,,0.01596050203056824,,,,,,10.29,25,71950.1,72465.7,71931.5,71804.05,none,no_price_available
2026-09-23T14:11:09.607964+00:00,2026-09-23T19:41:09.607964+05:30,NIFTYNXT50,29-Sep-2026,76800.0,PE,72462.4,,0,,0,0.0,,0,0,0,0,0,,,,,,,,,,,,,,,0.01596050203056824,,,,,,10.29,25,71950.1,72465.7,71931.5,71804.05,none,no_price_available
2026-09-23T14:11:09.607964+00:00,2026-09-23T19:41:09.607964+05:30,NIFTYNXT50,29-Sep-2026,76900.0,CE,0,,0,,0,0.0,,0,0,0,0,0,,,,,,,,,,,,,,,0.01596050203056824,,,,,,10.29,25,71950.1,72465.7,71931.5,71804.05,none,no_price_available
2026-09-23T14:11:09.607964+00:00,2026-09-23T19:41:09.607964+05:30,NIFTYNXT50,29-Sep-2026,76900.0,PE,72462.4,,0,,0,0.0,,0,0,0,0,0,,,,,,,,,,,,,,,0.01596050203056824,,,,,,10.29,25,71950.1,72465.7,71931.5,71804.05,none,no_price_available
2026-09-23T14:11:09.607964+00:00,2026-09-23T19:41:09.607964+05:30,NIFTYNXT50,29-Sep-2026,77000.0,CE,0,,0,,0,0.0,,0,0,0,0,0,,,,,,,,,,,,,,,0.01596050203056824,,,,,,10.29,25,71950.1,72465.7,71931.5,71804.05,none,no_price_available
2026-09-23T14:11:09.607964+00:00,2026-09-23T19:41:09.607964+05:30,NIFTYNXT50,29-Sep-2026,77000.0,PE,72462.4,,0,,0,0.0,,0,0,0,0,0,,,,,,,,,,,,,,,0.01596050203056824,,,,,,10.29,25,71950.1,72465.7,71931.5,71804.05,none,no_price_available
2026-09-23T14:11:09.607964+00:00,2026-09-23T19:41:09.607964+05:30,NIFTYNXT50,29-Sep-2026,77100.0,CE,0,,0,,0,0.0,,0,0,0,0,0,,,,,,,,,,,,,,,0.01596050203056824,,,,,,10.29,25,71950.1,72465.7,71931.5,71804.05,none,no_price_available
2026-09-23T14:11:09.607964+00:00,2026-09-23T19:41:09.607964+05:30,NIFTYNXT50,29-Sep-2026,77100.0,PE,72462.4,,0,,0,0.0,,0,0,0,0,0,,,,,,,,,,,,,,,0.01596050203056824,,,,,,10.29,25,71950.1,72465.7,71931.5,71804.05,none,no_price_available
2026-09-23T14:11:09.607964+00:00,2026-09-23T19:41:09.607964+05:30,NIFTYNXT50,29-Sep-2026,77200.0,CE,0,,0,,0,0.0,,0,0,0,0,0,,,,,,,,,,,,,,,0.01596050203056824,,,,,,10.29,25,71950.1,72465.7,71931.5,71804.05,none,no_price_available
2026-09-23T14:11:09.607964+00:00,2026-09-23T19:41:09.607964+05:30,NIFTYNXT50,29-Sep-2026,77200.0,PE,72462.4,,0,,0,0.0,,0,0,0,0,0,,,,,,,,,,,,,,,0.01596050203056824,,,,,,10.29,25,71950.1,72465.7,71931.5,71804.05,none,no_price_available
2026-09-23T14:11:09.607964+00:00,2026-09-23T19:41:09.607964+05:30,NIFTYNXT50,29-Sep-2026,77300.0,CE,0,,0,,0,0.0,,0,0,0,0,0,,,,,,,,,,,,,,,0.01596050203056824,,,,,,10.29,25,71950.1,72465.7,71931.5,71804.05,none,no_price_available
2026-09-23T14:11:09.607964+00:00,2026-09-23T19:41:09.607964+05:30,NIFTYNXT50,29-Sep-2026,77300.0,PE,72462.4,,0,,0,0.0,,0,0,0,0,0,,,,,,,,,,,,,,,0.01596050203056824,,,,,,10.29,25,71950.1,72465.7,71931.5,71804.05,none,no_price_available
2026-09-23T14:11:09.607964+00:00,2026-09-23T19:41:09.607964+05:30,NIFTYNXT50,29-Sep-2026,77400.0,CE,0,,0,,0,0.0,,0,0,0,0,0,,,,,,,,,,,,,,,0.01596050203056824,,,,,,10.29,25,71950.1,72465.7,71931.5,71804.05,none,no_price_available
2026-09-23T14:11:09.607964+00:00,2026-09-23T19:41:09.607964+05:30,NIFTYNXT50,29-Sep-2026,77400.0,PE,72462.4,,0,,0,0.0,,0,0,0,0,0,,,,,,,,,,,,,,,0.01596050203056824,,,,,,10.29,25,71950.1,72465.7,71931.5,71804.05,none,no_price_available
2026-09-23T14:11:09.607964+00:00,2026-09-23T19:41:09.607964+05:30,NIFTYNXT50,29-Sep-2026,77500.0,CE,0,,0,,0,0.0,,0,0,0,0,0,,,,,,,,,,,,,,,0.01596050203056824,,,,,,10.29,25,71950.1,72465.7,71931.5,71804.05,none,no_price_available
2026-09-23T14:11:09.607964+00:00,2026-09-23T19:41:09.607964+05:30,NIFTYNXT50,29-Sep-2026,77500.0,PE,72462.4,,0,,0,0.0,,0,0,0,0,0,,,,,,,,,,,,,,,0.01596050203056824,,,,,,10.29,25,71950.1,72465.7,71931.5,71804.05,none,no_price_available
2026-09-23T14:11:09.607964+00:00,2026-09-23T19:41:09.607964+05:30,NIFTYNXT50,29-Sep-2026,77600.0,CE,72462.4,0.2,100,11.65,25,0.15,5.925,11,-1,11,50,15.51,0.00028946446444481666,7.53499959268441e-07,-0.13352162615648755,0.09794155768186538,0.023883408235639916,-0.0003274593531820769,7.5230728306587,1.9857814081564647e-09,5.301106378333666e-05,-7.26269421796258e-07,-0.11162852220167012,201.26070240472933,-0.00026895709160072896,6.570300284958078e-07,0.01596050203056824,72543,0.06965212307807427,0.01,index_dividend_yield,0.065,10.29,25,71950.1,72465.7,71931.5,71804.05,mid_price,wide_quote_low_liquidity
2026-09-23T14:11:09.607964+00:00,2026-09-23T19:41:09.607964+05:30,NIFTYNXT50,29-Sep-2026,77600.0,PE,72462.4,,0,,0,0.0,,0,0,0,0,0,,,,,,,,,,,,,,,0.01596050203056824,,,,,,10.29,25,71950.1,72465.7,71931.5,71804.05,none,no_price_available
2026-09-23T14:11:09.607964+00:00,2026-09-23T19:41:09.607964+05:30,NIFTYNXT50,29-Sep-2026,77700.0,CE,0,,0,,0,0.0,,0,0,0,0,0,,,,,,,,,,,,,,,0.01596050203056824,,,,,,10.29,25,71950.1,72465.7,71931.5,71804.05,none,no_price_available
2026-09-23T14:11:09.607964+00:00,2026-09-23T19:41:09.607964+05:30,NIFTYNXT50,29-Sep-2026,77700.0,PE,72462.4,,0,,0,0.0,,0,0,0,0,0,,,,,,,,,,,,,,,0.01596050203056824,,,,,,10.29,25,71950.1,72465.7,71931.5,71804.05,none,no_price_available
2026-09-23T14:11:09.607964+00:00,2026-09-23T19:41:09.607964+05:30,NIFTYNXT50,29-Sep-2026,77800.0,CE,0,,0,,0,0.0,,0,0,0,0,0,,,,,,,,,,,,,,,0.01596050203056824,,,,,,10.29,25,71950.1,72465.7,71931.5,71804.05,none,no_price_available
2026-09-23T14:11:09.607964+00:00,2026-09-23T19:41:09.607964+05:30,NIFTYNXT50,29-Sep-2026,77800.0,PE,72462.4,,0,,0,0.0,,0,0,0,0,0,,,,,,,,,,,,,,,0.01596050203056824,,,,,,10.29,25,71950.1,72465.7,71931.5,71804.05,none,no_price_available
2026-09-23T14:11:09.607964+00:00,2026-09-23T19:41:09.607964+05:30,NIFTYNXT50,29-Sep-2026,77900.0,CE,0,,0,,0,0.0,,0,0,0,0,0,,,,,,,,,,,,,,,0.01596050203056824,,,,,,10.29,25,71950.1,72465.7,71931.5,71804.05,none,no_price_available
2026-09-23T14:11:09.607964+00:00,2026-09-23T19:41:09.607964+05:30,NIFTYNXT50,29-Sep-2026,77900.0,PE,72462.4,,0,,0,0.0,,0,0,0,0,0,,,,,,,,,,,,,,,0.01596050203056824,,,,,,10.29,25,71950.1,72465.7,71931.5,71804.05,none,no_price_available
2026-09-23T14:11:09.607964+00:00,2026-09-23T19:41:09.607964+05:30,NIFTYNXT50,29-Sep-2026,78000.0,CE,72462.4,,0,,0,0.0,,0,0,0,0,0,,,,,,,,,,,,,,,0.01596050203056824,,,,,,10.29,25,71950.1,72465.7,71931.5,71804.05,none,no_price_available
2026-09-23T14:11:09.607964+00:00,2026-09-23T19:41:09.607964+05:30,NIFTYNXT50,29-Sep-2026,78000.0,PE,72462.4,,0,,0,0.0,,0,0,0,0,0,,,,,,,,,,,,,,,0.01596050203056824,,,,,,10.29,25,71950.1,72465.7,71931.5,71804.05,none,no_price_available
2026-09-23T14:11:09.607964+00:00,2026-09-23T19:41:09.607964+05:30,NIFTYNXT50,29-Sep-2026,78100.0,CE,0,,0,,0,0.0,,0,0,0,0,0,,,,,,,,,,,,,,,0.01596050203056824,,,,,,10.29,25,71950.1,72465.7,71931.5,71804.05,none,no_price_available
2026-09-23T14:11:09.607964+00:00,2026-09-23T19:41:09.607964+05:30,NIFTYNXT50,29-Sep-2026,78100.0,PE,72462.4,,0,,0,0.0,,0,0,0,0,0,,,,,,,,,,,,,,,0.01596050203056824,,,,,,10.29,25,71950.1,72465.7,71931.5,71804.05,none,no_price_available
2026-09-23T14:11:09.607964+00:00,2026-09-23T19:41:09.607964+05:30,NIFTYNXT50,29-Sep-2026,78200.0,CE,0,,0,,0,0.0,,0,0,0,0,0,,,,,,,,,,,,,,,0.01596050203056824,,,,,,10.29,25,71950.1,72465.7,71931.5,71804.05,none,no_price_available
2026-09-23T14:11:09.607964+00:00,2026-09-23T19:41:09.607964+05:30,NIFTYNXT50,29-Sep-2026,78200.0,PE,72462.4,,0,,0,0.0,,0,0,0,0,0,,,,,,,,,,,,,,,0.01596050203056824,,,,,,10.29,25,71950.1,72465.7,71931.5,71804.05,none,no_price_available
2026-09-23T14:11:09.607964+00:00,2026-09-23T19:41:09.607964+05:30,NIFTYNXT50,29-Sep-2026,78300.0,CE,0,,0,,0,0.0,,0,0,0,0,0,,,,,,,,,,,,,,,0.01596050203056824,,,,,,10.29,25,71950.1,72465.7,71931.5,71804.05,none,no_price_available
2026-09-23T14:11:09.607964+00:00,2026-09-23T19:41:09.607964+05:30,NIFTYNXT50,29-Sep-2026,78300.0,PE,72462.4,,0,,0,0.0,,0,0,0,0,0,,,,,,,,,,,,,,,0.01596050203056824,,,,,,10.29,25,71950.1,72465.7,71931.5,71804.05,none,no_price_available
2026-09-23T14:11:09.607964+00:00,2026-09-23T19:41:09.607964+05:30,NIFTYNXT50,29-Sep-2026,78400.0,CE,0,,0,,0,0.0,,0,0,0,0,0,,,,,,,,,,,,,,,0.01596050203056824,,,,,,10.29,25,71950.1,72465.7,71931.5,71804.05,none,no_price_available
2026-09-23T14:11:09.607964+00:00,2026-09-23T19:41:09.607964+05:30,NIFTYNXT50,29-Sep-2026,78400.0,PE,72462.4,,0,,0,0.0,,0,0,0,0,0,,,,,,,,,,,,,,,0.01596050203056824,,,,,,10.29,25,71950.1,72465.7,71931.5,71804.05,none,no_price_available
2026-09-23T14:11:09.607964+00:00,2026-09-23T19:41:09.607964+05:30,NIFTYNXT50,29-Sep-2026,78500.0,CE,0,,0,,0,0.0,,0,0,0,0,0,,,,,,,,,,,,,,,0.01596050203056824,,,,,,10.29,25,71950.1,72465.7,71931.5,71804.05,none,no_price_available
2026-09-23T14:11:09.607964+00:00,2026-09-23T19:41:09.607964+05:30,NIFTYNXT50,29-Sep-2026,78500.0,PE,72462.4,,0,,0,0.0,,0,0,0,0,0,,,,,,,,,,,,,,,0.01596050203056824,,,,,,10.29,25,71950.1,72465.7,71931.5,71804.05,none,no_price_available
2026-09-23T14:11:09.607964+00:00,2026-09-23T19:41:09.607964+05:30,NIFTYNXT50,29-Sep-2026,78600.0,CE,0,,0,,0,0.0,,0,0,0,0,0,,,,,,,,,,,,,,,0.01596050203056824,,,,,,10.29,25,71950.1,72465.7,71931.5,71804.05,none,no_price_available
2026-09-23T14:11:09.607964+00:00,2026-09-23T19:41:09.607964+05:30,NIFTYNXT50,29-Sep-2026,78600.0,PE,72462.4,,0,,0,0.0,,0,0,0,0,0,,,,,,,,,,,,,,,0.01596050203056824,,,,,,10.29,25,71950.1,72465.7,71931.5,71804.05,none,no_price_available
2026-09-23T14:11:09.607964+00:00,2026-09-23T19:41:09.607964+05:30,NIFTYNXT50,29-Sep-2026,78700.0,CE,0,,0,,0,0.0,,0,0,0,0,0,,,,,,,,,,,,,,,0.01596050203056824,,,,,,10.29,25,71950.1,72465.7,71931.5,71804.05,none,no_price_available
2026-09-23T14:11:09.607964+00:00,2026-09-23T19:41:09.607964+05:30,NIFTYNXT50,29-Sep-2026,78700.0,PE,72462.4,,0,,0,0.0,,0,0,0,0,0,,,,,,,,,,,,,,,0.01596050203056824,,,,,,10.29,25,71950.1,72465.7,71931.5,71804.05,none,no_price_available
2026-09-23T14:11:09.607964+00:00,2026-09-23T19:41:09.607964+05:30,NIFTYNXT50,29-Sep-2026,78800.0,CE,0,,0,,0,0.0,,0,0,0,0,0,,,,,,,,,,,,,,,0.01596050203056824,,,,,,10.29,25,71950.1,72465.7,71931.5,71804.05,none,no_price_available
2026-09-23T14:11:09.607964+00:00,2026-09-23T19:41:09.607964+05:30,NIFTYNXT50,29-Sep-2026,78800.0,PE,72462.4,,0,,0,0.0,,0,0,0,0,0,,,,,,,,,,,,,,,0.01596050203056824,,,,,,10.29,25,71950.1,72465.7,71931.5,71804.05,none,no_price_available
2026-09-23T14:11:09.607964+00:00,2026-09-23T19:41:09.607964+05:30,NIFTYNXT50,29-Sep-2026,78900.0,CE,0,,0,,0,0.0,,0,0,0,0,0,,,,,,,,,,,,,,,0.01596050203056824,,,,,,10.29,25,71950.1,72465.7,71931.5,71804.05,none,no_price_available
2026-09-23T14:11:09.607964+00:00,2026-09-23T19:41:09.607964+05:30,NIFTYNXT50,29-Sep-2026,78900.0,PE,72462.4,,0,,0,0.0,,0,0,0,0,0,,,,,,,,,,,,,,,0.01596050203056824,,,,,,10.29,25,71950.1,72465.7,71931.5,71804.05,none,no_price_available
2026-09-23T14:11:09.607964+00:00,2026-09-23T19:41:09.607964+05:30,NIFTYNXT50,29-Sep-2026,79000.0,CE,0,,0,,0,0.0,,0,0,0,0,0,,,,,,,,,,,,,,,0.01596050203056824,,,,,,10.29,25,71950.1,72465.7,71931.5,71804.05,none,no_price_available
2026-09-23T14:11:09.607964+00:00,2026-09-23T19:41:09.607964+05:30,NIFTYNXT50,29-Sep-2026,79000.0,PE,72462.4,,0,,0,0.0,,0,0,0,0,0,,,,,,,,,,,,,,,0.01596050203056824,,,,,,10.29,25,71950.1,72465.7,71931.5,71804.05,none,no_price_available
2026-09-23T14:11:09.607964+00:00,2026-09-23T19:41:09.607964+05:30,NIFTYNXT50,29-Sep-2026,79100.0,CE,0,,0,,0,0.0,,0,0,0,0,0,,,,,,,,,,,,,,,0.01596050203056824,,,,,,10.29,25,71950.1,72465.7,71931.5,71804.05,none,no_price_available
2026-09-23T14:11:09.607964+00:00,2026-09-23T19:41:09.607964+05:30,NIFTYNXT50,29-Sep-2026,79100.0,PE,72462.4,,0,,0,0.0,,0,0,0,0,0,,,,,,,,,,,,,,,0.01596050203056824,,,,,,10.29,25,71950.1,72465.7,71931.5,71804.05,none,no_price_available
2026-09-23T14:11:09.607964+00:00,2026-09-23T19:41:09.607964+05:30,NIFTYNXT50,29-Sep-2026,79200.0,CE,0,,0,,0,0.0,,0,0,0,0,0,,,,,,,,,,,,,,,0.01596050203056824,,,,,,10.29,25,71950.1,72465.7,71931.5,71804.05,none,no_price_available
2026-09-23T14:11:09.607964+00:00,2026-09-23T19:41:09.607964+05:30,NIFTYNXT50,29-Sep-2026,79200.0,PE,72462.4,,0,,0,0.0,,0,0,0,0,0,,,,,,,,,,,,,,,0.01596050203056824,,,,,,10.29,25,71950.1,72465.7,71931.5,71804.05,none,no_price_available
2026-09-23T14:11:09.607964+00:00,2026-09-23T19:41:09.607964+05:30,NIFTYNXT50,29-Sep-2026,79300.0,CE,0,,0,,0,0.0,,0,0,0,0,0,,,,,,,,,,,,,,,0.01596050203056824,,,,,,10.29,25,71950.1,72465.7,71931.5,71804.05,none,no_price_available
2026-09-23T14:11:09.607964+00:00,2026-09-23T19:41:09.607964+05:30,NIFTYNXT50,29-Sep-2026,79300.0,PE,72462.4,,0,,0,0.0,,0,0,0,0,0,,,,,,,,,,,,,,,0.01596050203056824,,,,,,10.29,25,71950.1,72465.7,71931.5,71804.05,none,no_price_available
2026-09-23T14:11:09.607964+00:00,2026-09-23T19:41:09.607964+05:30,NIFTYNXT50,29-Sep-2026,79400.0,CE,0,,0,,0,0.0,,0,0,0,0,0,,,,,,,,,,,,,,,0.01596050203056824,,,,,,10.29,25,71950.1,72465.7,71931.5,71804.05,none,no_price_available
2026-09-23T14:11:09.607964+00:00,2026-09-23T19:41:09.607964+05:30,NIFTYNXT50,29-Sep-2026,79400.0,PE,72462.4,,0,,0,0.0,,0,0,0,0,0,,,,,,,,,,,,,,,0.01596050203056824,,,,,,10.29,25,71950.1,72465.7,71931.5,71804.05,none,no_price_available
2026-09-23T14:11:09.607964+00:00,2026-09-23T19:41:09.607964+05:30,NIFTYNXT50,29-Sep-2026,79500.0,CE,0,,0,,0,0.0,,0,0,0,0,0,,,,,,,,,,,,,,,0.01596050203056824,,,,,,10.29,25,71950.1,72465.7,71931.5,71804.05,none,no_price_available
2026-09-23T14:11:09.607964+00:00,2026-09-23T19:41:09.607964+05:30,NIFTYNXT50,29-Sep-2026,79500.0,PE,72462.4,,0,,0,0.0,,0,0,0,0,0,,,,,,,,,,,,,,,0.01596050203056824,,,,,,10.29,25,71950.1,72465.7,71931.5,71804.05,none,no_price_available
2026-09-23T14:11:09.607964+00:00,2026-09-23T19:41:09.607964+05:30,NIFTYNXT50,29-Sep-2026,79600.0,CE,0,,0,,0,0.0,,0,0,0,0,0,,,,,,,,,,,,,,,0.01596050203056824,,,,,,10.29,25,71950.1,72465.7,71931.5,71804.05,none,no_price_available
2026-09-23T14:11:09.607964+00:00,2026-09-23T19:41:09.607964+05:30,NIFTYNXT50,29-Sep-2026,79600.0,PE,72462.4,,0,,0,0.0,,0,0,0,0,0,,,,,,,,,,,,,,,0.01596050203056824,,,,,,10.29,25,71950.1,72465.7,71931.5,71804.05,none,no_price_available
2026-09-23T14:11:09.607964+00:00,2026-09-23T19:41:09.607964+05:30,NIFTYNXT50,29-Sep-2026,79700.0,CE,0,,0,,0,0.0,,0,0,0,0,0,,,,,,,,,,,,,,,0.01596050203056824,,,,,,10.29,25,71950.1,72465.7,71931.5,71804.05,none,no_price_available
2026-09-23T14:11:09.607964+00:00,2026-09-23T19:41:09.607964+05:30,NIFTYNXT50,29-Sep-2026,79700.0,PE,72462.4,,0,,0,0.0,,0,0,0,0,0,,,,,,,,,,,,,,,0.01596050203056824,,,,,,10.29,25,71950.1,72465.7,71931.5,71804.05,none,no_price_available
2026-09-23T14:11:09.607964+00:00,2026-09-23T19:41:09.607964+05:30,NIFTYNXT50,29-Sep-2026,79800.0,CE,0,,0,,0,0.0,,0,0,0,0,0,,,,,,,,,,,,,,,0.01596050203056824,,,,,,10.29,25,71950.1,72465.7,71931.5,71804.05,none,no_price_available
2026-09-23T14:11:09.607964+00:00,2026-09-23T19:41:09.607964+05:30,NIFTYNXT50,29-Sep-2026,79800.0,PE,72462.4,,0,,0,0.0,,0,0,0,0,0,,,,,,,,,,,,,,,0.01596050203056824,,,,,,10.29,25,71950.1,72465.7,71931.5,71804.05,none,no_price_available
2026-09-23T14:11:09.607964+00:00,2026-09-23T19:41:09.607964+05:30,NIFTYNXT50,29-Sep-2026,79900.0,CE,0,,0,,0,0.0,,0,0,0,0,0,,,,,,,,,,,,,,,0.01596050203056824,,,,,,10.29,25,71950.1,72465.7,71931.5,71804.05,none,no_price_available
2026-09-23T14:11:09.607964+00:00,2026-09-23T19:41:09.607964+05:30,NIFTYNXT50,29-Sep-2026,79900.0,PE,72462.4,,0,,0,0.0,,0,0,0,0,0,,,,,,,,,,,,,,,0.01596050203056824,,,,,,10.29,25,71950.1,72465.7,71931.5,71804.05,none,no_price_available
2026-09-23T14:11:09.607964+00:00,2026-09-23T19:41:09.607964+05:30,NIFTYNXT50,29-Sep-2026,80000.0,CE,0,,0,,0,0.0,,0,0,0,0,0,,,,,,,,,,,,,,,0.01596050203056824,,,,,,10.29,25,71950.1,72465.7,71931.5,71804.05,none,no_price_available
2026-09-23T14:11:09.607964+00:00,2026-09-23T19:41:09.607964+05:30,NIFTYNXT50,29-Sep-2026,80000.0,PE,72462.4,,0,,0,0.0,,0,0,0,0,0,,,,,,,,,,,,,,,0.01596050203056824,,,,,,10.29,25,71950.1,72465.7,71931.5,71804.05,none,no_price_available
2026-09-23T14:11:09.607964+00:00,2026-09-23T19:41:09.607964+05:30,NIFTYNXT50,29-Sep-2026,80100.0,CE,0,,0,,0,0.0,,0,0,0,0,0,,,,,,,,,,,,,,,0.01596050203056824,,,,,,10.29,25,71950.1,72465.7,71931.5,71804.05,none,no_price_available
2026-09-23T14:11:09.607964+00:00,2026-09-23T19:41:09.607964+05:30,NIFTYNXT50,29-Sep-2026,80100.0,PE,72462.4,,0,,0,0.0,,0,0,0,0,0,,,,,,,,,,,,,,,0.01596050203056824,,,,,,10.29,25,71950.1,72465.7,71931.5,71804.05,none,no_price_available
2026-09-23T14:11:09.607964+00:00,2026-09-23T19:41:09.607964+05:30,NIFTYNXT50,29-Sep-2026,80200.0,CE,0,,0,,0,0.0,,0,0,0,0,0,,,,,,,,,,,,,,,0.01596050203056824,,,,,,10.29,25,71950.1,72465.7,71931.5,71804.05,none,no_price_available
2026-09-23T14:11:09.607964+00:00,2026-09-23T19:41:09.607964+05:30,NIFTYNXT50,29-Sep-2026,80200.0,PE,72462.4,,0,,0,0.0,,0,0,0,0,0,,,,,,,,,,,,,,,0.01596050203056824,,,,,,10.29,25,71950.1,72465.7,71931.5,71804.05,none,no_price_available
2026-09-23T14:11:09.607964+00:00,2026-09-23T19:41:09.607964+05:30,NIFTYNXT50,29-Sep-2026,80300.0,CE,0,,0,,0,0.0,,0,0,0,0,0,,,,,,,,,,,,,,,0.01596050203056824,,,,,,10.29,25,71950.1,72465.7,71931.5,71804.05,none,no_price_available
2026-09-23T14:11:09.607964+00:00,2026-09-23T19:41:09.607964+05:30,NIFTYNXT50,29-Sep-2026,80300.0,PE,72462.4,,0,,0,0.0,,0,0,0,0,0,,,,,,,,,,,,,,,0.01596050203056824,,,,,,10.29,25,71950.1,72465.7,71931.5,71804.05,none,no_price_available
2026-09-23T14:11:09.607964+00:00,2026-09-23T19:41:09.607964+05:30,NIFTYNXT50,29-Sep-2026,80400.0,CE,0,,0,,0,0.0,,0,0,0,0,0,,,,,,,,,,,,,,,0.01596050203056824,,,,,,10.29,25,71950.1,72465.7,71931.5,71804.05,none,no_price_available
2026-09-23T14:11:09.607964+00:00,2026-09-23T19:41:09.607964+05:30,NIFTYNXT50,29-Sep-2026,80400.0,PE,72462.4,,0,,0,0.0,,0,0,0,0,0,,,,,,,,,,,,,,,0.01596050203056824,,,,,,10.29,25,71950.1,72465.7,71931.5,71804.05,none,no_price_available
2026-09-23T14:11:09.607964+00:00,2026-09-23T19:41:09.607964+05:30,NIFTYNXT50,29-Sep-2026,80500.0,CE,0,,0,,0,0.0,,0,0,0,0,0,,,,,,,,,,,,,,,0.01596050203056824,,,,,,10.29,25,71950.1,72465.7,71931.5,71804.05,none,no_price_available
2026-09-23T14:11:09.607964+00:00,2026-09-23T19:41:09.607964+05:30,NIFTYNXT50,29-Sep-2026,80500.0,PE,72462.4,,0,,0,0.0,,0,0,0,0,0,,,,,,,,,,,,,,,0.01596050203056824,,,,,,10.29,25,71950.1,72465.7,71931.5,71804.05,none,no_price_available
2026-09-23T14:11:09.607964+00:00,2026-09-23T19:41:09.607964+05:30,NIFTYNXT50,29-Sep-2026,80600.0,CE,0,,0,,0,0.0,,0,0,0,0,0,,,,,,,,,,,,,,,0.01596050203056824,,,,,,10.29,25,71950.1,72465.7,71931.5,71804.05,none,no_price_available
2026-09-23T14:11:09.607964+00:00,2026-09-23T19:41:09.607964+05:30,NIFTYNXT50,29-Sep-2026,80600.0,PE,72462.4,,0,,0,0.0,,0,0,0,0,0,,,,,,,,,,,,,,,0.01596050203056824,,,,,,10.29,25,71950.1,72465.7,71931.5,71804.05,none,no_price_available
2026-09-23T14:11:09.607964+00:00,2026-09-23T19:41:09.607964+05:30,NIFTYNXT50,29-Sep-2026,80700.0,CE,0,,0,,0,0.0,,0,0,0,0,0,,,,,,,,,,,,,,,0.01596050203056824,,,,,,10.29,25,71950.1,72465.7,71931.5,71804.05,none,no_price_available
2026-09-23T14:11:09.607964+00:00,2026-09-23T19:41:09.607964+05:30,NIFTYNXT50,29-Sep-2026,80700.0,PE,72462.4,,0,,0,0.0,,0,0,0,0,0,,,,,,,,,,,,,,,0.01596050203056824,,,,,,10.29,25,71950.1,72465.7,71931.5,71804.05,none,no_price_available
2026-09-23T14:11:09.607964+00:00,2026-09-23T19:41:09.607964+05:30,NIFTYNXT50,29-Sep-2026,80800.0,CE,0,,0,,0,0.0,,0,0,0,0,0,,,,,,,,,,,,,,,0.01596050203056824,,,,,,10.29,25,71950.1,72465.7,71931.5,71804.05,none,no_price_available
2026-09-23T14:11:09.607964+00:00,2026-09-23T19:41:09.607964+05:30,NIFTYNXT50,29-Sep-2026,80800.0,PE,72462.4,,0,,0,0.0,,0,0,0,0,0,,,,,,,,,,,,,,,0.01596050203056824,,,,,,10.29,25,71950.1,72465.7,71931.5,71804.05,none,no_price_available
2026-09-23T14:11:09.607964+00:00,2026-09-23T19:41:09.607964+05:30,NIFTYNXT50,29-Sep-2026,80900.0,CE,0,,0,,0,0.0,,0,0,0,0,0,,,,,,,,,,,,,,,0.01596050203056824,,,,,,10.29,25,71950.1,72465.7,71931.5,71804.05,none,no_price_available
2026-09-23T14:11:09.607964+00:00,2026-09-23T19:41:09.607964+05:30,NIFTYNXT50,29-Sep-2026,80900.0,PE,72462.4,,0,,0,0.0,,0,0,0,0,0,,,,,,,,,,,,,,,0.01596050203056824,,,,,,10.29,25,71950.1,72465.7,71931.5,71804.05,none,no_price_available
2026-09-23T14:11:09.607964+00:00,2026-09-23T19:41:09.607964+05:30,NIFTYNXT50,29-Sep-2026,81000.0,CE,0,,0,,0,0.0,,0,0,0,0,0,,,,,,,,,,,,,,,0.01596050203056824,,,,,,10.29,25,71950.1,72465.7,71931.5,71804.05,none,no_price_available
2026-09-23T14:11:09.607964+00:00,2026-09-23T19:41:09.607964+05:30,NIFTYNXT50,29-Sep-2026,81000.0,PE,72462.4,,0,,0,0.0,,0,0,0,0,0,,,,,,,,,,,,,,,0.01596050203056824,,,,,,10.29,25,71950.1,72465.7,71931.5,71804.05,none,no_price_available
2026-09-23T14:11:09.607964+00:00,2026-09-23T19:41:09.607964+05:30,NIFTYNXT50,29-Sep-2026,81500.0,CE,0,,0,,0,0.0,,0,0,0,0,0,,,,,,,,,,,,,,,0.01596050203056824,,,,,,10.29,25,71950.1,72465.7,71931.5,71804.05,none,no_price_available
2026-09-23T14:11:09.607964+00:00,2026-09-23T19:41:09.607964+05:30,NIFTYNXT50,29-Sep-2026,81500.0,PE,72462.4,,0,,0,0.0,,0,0,0,0,0,,,,,,,,,,,,,,,0.01596050203056824,,,,,,10.29,25,71950.1,72465.7,71931.5,71804.05,none,no_price_available
2026-09-23T14:11:09.607964+00:00,2026-09-23T19:41:09.607964+05:30,NIFTYNXT50,29-Sep-2026,82000.0,CE,0,,0,,0,0.0,,0,0,0,0,0,,,,,,,,,,,,,,,0.01596050203056824,,,,,,10.29,25,71950.1,72465.7,71931.5,71804.05,none,no_price_available
2026-09-23T14:11:09.607964+00:00,2026-09-23T19:41:09.607964+05:30,NIFTYNXT50,29-Sep-2026,82000.0,PE,72462.4,,0,,0,0.0,,0,0,0,0,0,,,,,,,,,,,,,,,0.01596050203056824,,,,,,10.29,25,71950.1,72465.7,71931.5,71804.05,none,no_price_available
2026-09-23T14:11:09.607964+00:00,2026-09-23T19:41:09.607964+05:30,NIFTYNXT50,29-Sep-2026,82500.0,CE,0,,0,,0,0.0,,0,0,0,0,0,,,,,,,,,,,,,,,0.01596050203056824,,,,,,10.29,25,71950.1,72465.7,71931.5,71804.05,none,no_price_available
2026-09-23T14:11:09.607964+00:00,2026-09-23T19:41:09.607964+05:30,NIFTYNXT50,29-Sep-2026,82500.0,PE,72462.4,,0,,0,0.0,,0,0,0,0,0,,,,,,,,,,,,,,,0.01596050203056824,,,,,,10.29,25,71950.1,72465.7,71931.5,71804.05,none,no_price_available
2026-09-23T14:11:09.607964+00:00,2026-09-23T19:41:09.607964+05:30,NIFTYNXT50,29-Sep-2026,83000.0,CE,0,,0,,0,0.0,,0,0,0,0,0,,,,,,,,,,,,,,,0.01596050203056824,,,,,,10.29,25,71950.1,72465.7,71931.5,71804.05,none,no_price_available
2026-09-23T14:11:09.607964+00:00,2026-09-23T19:41:09.607964+05:30,NIFTYNXT50,29-Sep-2026,83000.0,PE,72462.4,,0,,0,0.0,,0,0,0,0,0,,,,,,,,,,,,,,,0.01596050203056824,,,,,,10.29,25,71950.1,72465.7,71931.5,71804.05,none,no_price_available
2026-09-23T14:11:09.607964+00:00,2026-09-23T19:41:09.607964+05:30,NIFTYNXT50,29-Sep-2026,83500.0,CE,0,,0,,0,0.0,,0,0,0,0,0,,,,,,,,,,,,,,,0.01596050203056824,,,,,,10.29,25,71950.1,72465.7,71931.5,71804.05,none,no_price_available
2026-09-23T14:11:09.607964+00:00,2026-09-23T19:41:09.607964+05:30,NIFTYNXT50,29-Sep-2026,83500.0,PE,72462.4,,0,,0,0.0,,0,0,0,0,0,,,,,,,,,,,,,,,0.01596050203056824,,,,,,10.29,25,71950.1,72465.7,71931.5,71804.05,none,no_price_available
2026-09-23T14:11:09.607964+00:00,2026-09-23T19:41:09.607964+05:30,NIFTYNXT50,29-Sep-2026,84000.0,CE,0,,0,,0,0.0,,0,0,0,0,0,,,,,,,,,,,,,,,0.01596050203056824,,,,,,10.29,25,71950.1,72465.7,71931.5,71804.05,none,no_price_available
2026-09-23T14:11:09.607964+00:00,2026-09-23T19:41:09.607964+05:30,NIFTYNXT50,29-Sep-2026,84000.0,PE,72462.4,,0,,0,0.0,,0,0,0,0,0,,,,,,,,,,,,,,,0.01596050203056824,,,,,,10.29,25,71950.1,72465.7,71931.5,71804.05,none,no_price_available
2026-09-23T14:11:09.607964+00:00,2026-09-23T19:41:09.607964+05:30,NIFTYNXT50,29-Sep-2026,84500.0,CE,0,,0,,0,0.0,,0,0,0,0,0,,,,,,,,,,,,,,,0.01596050203056824,,,,,,10.29,25,71950.1,72465.7,71931.5,71804.05,none,no_price_available
2026-09-23T14:11:09.607964+00:00,2026-09-23T19:41:09.607964+05:30,NIFTYNXT50,29-Sep-2026,84500.0,PE,72462.4,,0,,0,0.0,,0,0,0,0,0,,,,,,,,,,,,,,,0.01596050203056824,,,,,,10.29,25,71950.1,72465.7,71931.5,71804.05,none,no_price_available
2026-09-23T14:11:09.607964+00:00,2026-09-23T19:41:09.607964+05:30,NIFTYNXT50,29-Sep-2026,85000.0,CE,0,,0,,0,0.0,,0,0,0,0,0,,,,,,,,,,,,,,,0.01596050203056824,,,,,,10.29,25,71950.1,72465.7,71931.5,71804.05,none,no_price_available
2026-09-23T14:11:09.607964+00:00,2026-09-23T19:41:09.607964+05:30,NIFTYNXT50,29-Sep-2026,85000.0,PE,72462.4,,0,,0,0.0,,0,0,0,0,0,,,,,,,,,,,,,,,0.01596050203056824,,,,,,10.29,25,71950.1,72465.7,71931.5,71804.05,none,no_price_available
2026-09-23T14:38:57.550006+00:00,2026-09-23T20:08:57.550006+05:30,NIFTYNXT50,29-Sep-2026,60500.0,CE,72462.4,,0,,0,0.0,,0,0,0,0,0,,,,,,,,,,,,,,,0.015907611935375446,,,,,,10.29,25,71950.1,72465.7,71931.5,71804.05,none,no_price_available
2026-09-23T14:38:57.550006+00:00,2026-09-23T20:08:57.550006+05:30,NIFTYNXT50,29-Sep-2026,60500.0,PE,0,,0,,0,0.0,,0,0,0,0,0,,,,,,,,,,,,,,,0.015907611935375446,,,,,,10.29,25,71950.1,72465.7,71931.5,71804.05,none,no_price_available
2026-09-23T14:38:57.550006+00:00,2026-09-23T20:08:57.550006+05:30,NIFTYNXT50,29-Sep-2026,61000.0,CE,72462.4,,0,,0,0.0,,0,0,0,0,0,,,,,,,,,,,,,,,0.015907611935375446,,,,,,10.29,25,71950.1,72465.7,71931.5,71804.05,none,no_price_available
2026-09-23T14:38:57.550006+00:00,2026-09-23T20:08:57.550006+05:30,NIFTYNXT50,29-Sep-2026,61000.0,PE,0,,0,,0,0.0,,0,0,0,0,0,,,,,,,,,,,,,,,0.015907611935375446,,,,,,10.29,25,71950.1,72465.7,71931.5,71804.05,none,no_price_available
2026-09-23T14:38:57.550006+00:00,2026-09-23T20:08:57.550006+05:30,NIFTYNXT50,29-Sep-2026,61500.0,CE,72462.4,,0,,0,0.0,,0,0,0,0,0,,,,,,,,,,,,,,,0.015907611935375446,,,,,,10.29,25,71950.1,72465.7,71931.5,71804.05,none,no_price_available
2026-09-23T14:38:57.550006+00:00,2026-09-23T20:08:57.550006+05:30,NIFTYNXT50,29-Sep-2026,61500.0,PE,0,,0,,0,0.0,,0,0,0,0,0,,,,,,,,,,,,,,,0.015907611935375446,,,,,,10.29,25,71950.1,72465.7,71931.5,71804.05,none,no_price_available
2026-09-23T14:38:57.550006+00:00,2026-09-23T20:08:57.550006+05:30,NIFTYNXT50,29-Sep-2026,62000.0,CE,72462.4,,0,,0,0.0,,0,0,0,0,0,,,,,,,,,,,,,,,0.015907611935375446,,,,,,10.29,25,71950.1,72465.7,71931.5,71804.05,none,no_price_available
2026-09-23T14:38:57.550006+00:00,2026-09-23T20:08:57.550006+05:30,NIFTYNXT50,29-Sep-2026,62000.0,PE,0,,0,,0,0.0,,0,0,0,0,0,,,,,,,,,,,,,,,0.015907611935375446,,,,,,10.29,25,71950.1,72465.7,71931.5,71804.05,none,no_price_available
2026-09-23T14:38:57.550006+00:00,2026-09-23T20:08:57.550006+05:30,NIFTYNXT50,29-Sep-2026,62500.0,CE,72462.4,,0,,0,0.0,,0,0,0,0,0,,,,,,,,,,,,,,,0.015907611935375446,,,,,,10.29,25,71950.1,72465.7,71931.5,71804.05,none,no_price_available
2026-09-23T14:38:57.550006+00:00,2026-09-23T20:08:57.550006+05:30,NIFTYNXT50,29-Sep-2026,62500.0,PE,0,,0,,0,0.0,,0,0,0,0,0,,,,,,,,,,,,,,,0.015907611935375446,,,,,,10.29,25,71950.1,72465.7,71931.5,71804.05,none,no_price_available
2026-09-23T14:38:57.550006+00:00,2026-09-23T20:08:57.550006+05:30,NIFTYNXT50,29-Sep-2026,63000.0,CE,72462.4,,0,,0,0.0,,0,0,0,0,0,,,,,,,,,,,,,,,0.015907611935375446,,,,,,10.29,25,71950.1,72465.7,71931.5,71804.05,none,no_price_available
2026-09-23T14:38:57.550006+00:00,2026-09-23T20:08:57.550006+05:30,NIFTYNXT50,29-Sep-2026,63000.0,PE,0,,0,,0,0.0,,0,0,0,0,0,,,,,,,,,,,,,,,0.015907611935375446,,,,,,10.29,25,71950.1,72465.7,71931.5,71804.05,none,no_price_available
2026-09-23T14:38:57.550006+00:00,2026-09-23T20:08:57.550006+05:30,NIFTYNXT50,29-Sep-2026,63500.0,CE,72462.4,,0,,0,0.0,,0,0,0,0,0,,,,,,,,,,,,,,,0.015907611935375446,,,,,,10.29,25,71950.1,72465.7,71931.5,71804.05,none,no_price_available
2026-09-23T14:38:57.550006+00:00,2026-09-23T20:08:57.550006+05:30,NIFTYNXT50,29-Sep-2026,63500.0,PE,0,,0,,0,0.0,,0,0,0,0,0,,,,,,,,,,,,,,,0.015907611935375446,,,,,,10.29,25,71950.1,72465.7,71931.5,71804.05,none,no_price_available
2026-09-23T14:38:57.550006+00:00,2026-09-23T20:08:57.550006+05:30,NIFTYNXT50,29-Sep-2026,63800.0,CE,72462.4,,0,,0,0.0,,0,0,0,0,0,,,,,,,,,,,,,,,0.015907611935375446,,,,,,10.29,25,71950.1,72465.7,71931.5,71804.05,none,no_price_available
2026-09-23T14:38:57.550006+00:00,2026-09-23T20:08:57.550006+05:30,NIFTYNXT50,29-Sep-2026,63800.0,PE,0,,0,,0,0.0,,0,0,0,0,0,,,,,,,,,,,,,,,0.015907611935375446,,,,,,10.29,25,71950.1,72465.7,71931.5,71804.05,none,no_price_available
2026-09-23T14:38:57.550006+00:00,2026-09-23T20:08:57.550006+05:30,NIFTYNXT50,29-Sep-2026,63900.0,CE,72462.4,,0,,0,0.0,,0,0,0,0,0,,,,,,,,,,,,,,,0.015907611935375446,,,,,,10.29,25,71950.1,72465.7,71931.5,71804.05,none,no_price_available
2026-09-23T14:38:57.550006+00:00,2026-09-23T20:08:57.550006+05:30,NIFTYNXT50,29-Sep-2026,63900.0,PE,0,,0,,0,0.0,,0,0,0,0,0,,,,,,,,,,,,,,,0.015907611935375446,,,,,,10.29,25,71950.1,72465.7,71931.5,71804.05,none,no_price_available
2026-09-23T14:38:57.550006+00:00,2026-09-23T20:08:57.550006+05:30,NIFTYNXT50,29-Sep-2026,64000.0,CE,72462.4,,0,,0,0.0,,0,0,0,0,0,,,,,,,,,,,,,,,0.015907611935375446,,,,,,10.29,25,71950.1,72465.7,71931.5,71804.05,none,no_price_available
2026-09-23T14:38:57.550006+00:00,2026-09-23T20:08:57.550006+05:30,NIFTYNXT50,29-Sep-2026,64000.0,PE,0,,0,,0,0.0,,0,0,0,0,0,,,,,,,,,,,,,,,0.015907611935375446,,,,,,10.29,25,71950.1,72465.7,71931.5,71804.05,none,no_price_available
2026-09-23T14:38:57.550006+00:00,2026-09-23T20:08:57.550006+05:30,NIFTYNXT50,29-Sep-2026,64100.0,CE,72462.4,,0,,0,0.0,,0,0,0,0,0,,,,,,,,,,,,,,,0.015907611935375446,,,,,,10.29,25,71950.1,72465.7,71931.5,71804.05,none,no_price_available
2026-09-23T14:38:57.550006+00:00,2026-09-23T20:08:57.550006+05:30,NIFTYNXT50,29-Sep-2026,64100.0,PE,0,,0,,0,0.0,,0,0,0,0,0,,,,,,,,,,,,,,,0.015907611935375446,,,,,,10.29,25,71950.1,72465.7,71931.5,71804.05,none,no_price_available
2026-09-23T14:38:57.550006+00:00,2026-09-23T20:08:57.550006+05:30,NIFTYNXT50,29-Sep-2026,64200.0,CE,72462.4,,0,,0,0.0,,0,0,0,0,0,,,,,,,,,,,,,,,0.015907611935375446,,,,,,10.29,25,71950.1,72465.7,71931.5,71804.05,none,no_price_available
2026-09-23T14:38:57.550006+00:00,2026-09-23T20:08:57.550006+05:30,NIFTYNXT50,29-Sep-2026,64200.0,PE,0,,0,,0,0.0,,0,0,0,0,0,,,,,,,,,,,,,,,0.015907611935375446,,,,,,10.29,25,71950.1,72465.7,71931.5,71804.05,none,no_price_available
2026-09-23T14:38:57.550006+00:00,2026-09-23T20:08:57.550006+05:30,NIFTYNXT50,29-Sep-2026,64300.0,CE,72462.4,,0,,0,0.0,,0,0,0,0,0,,,,,,,,,,,,,,,0.015907611935375446,,,,,,10.29,25,71950.1,72465.7,71931.5,71804.05,none,no_price_available
2026-09-23T14:38:57.550006+00:00,2026-09-23T20:08:57.550006+05:30,NIFTYNXT50,29-Sep-2026,64300.0,PE,0,,0,,0,0.0,,0,0,0,0,0,,,,,,,,,,,,,,,0.015907611935375446,,,,,,10.29,25,71950.1,72465.7,71931.5,71804.05,none,no_price_available
2026-09-23T14:38:57.550006+00:00,2026-09-23T20:08:57.550006+05:30,NIFTYNXT50,29-Sep-2026,64400.0,CE,72462.4,,0,,0,0.0,,0,0,0,0,0,,,,,,,,,,,,,,,0.015907611935375446,,,,,,10.29,25,71950.1,72465.7,71931.5,71804.05,none,no_price_available
2026-09-23T14:38:57.550006+00:00,2026-09-23T20:08:57.550006+05:30,NIFTYNXT50,29-Sep-2026,64400.0,PE,0,,0,,0,0.0,,0,0,0,0,0,,,,,,,,,,,,,,,0.015907611935375446,,,,,,10.29,25,71950.1,72465.7,71931.5,71804.05,none,no_price_available
2026-09-23T14:38:57.550006+00:00,2026-09-23T20:08:57.550006+05:30,NIFTYNXT50,29-Sep-2026,64500.0,CE,72462.4,,0,,0,0.0,,0,0,0,0,0,,,,,,,,,,,,,,,0.015907611935375446,,,,,,10.29,25,71950.1,72465.7,71931.5,71804.05,none,no_price_available
2026-09-23T14:38:57.550006+00:00,2026-09-23T20:08:57.550006+05:30,NIFTYNXT50,29-Sep-2026,64500.0,PE,0,,0,,0,0.0,,0,0,0,0,0,,,,,,,,,,,,,,,0.015907611935375446,,,,,,10.29,25,71950.1,72465.7,71931.5,71804.05,none,no_price_available
2026-09-23T14:38:57.550006+00:00,2026-09-23T20:08:57.550006+05:30,NIFTYNXT50,29-Sep-2026,64600.0,CE,72462.4,,0,,0,0.0,,0,0,0,0,0,,,,,,,,,,,,,,,0.015907611935375446,,,,,,10.29,25,71950.1,72465.7,71931.5,71804.05,none,no_price_available
2026-09-23T14:38:57.550006+00:00,2026-09-23T20:08:57.550006+05:30,NIFTYNXT50,29-Sep-2026,64600.0,PE,0,,0,,0,0.0,,0,0,0,0,0,,,,,,,,,,,,,,,0.015907611935375446,,,,,,10.29,25,71950.1,72465.7,71931.5,71804.05,none,no_price_available
2026-09-23T14:38:57.550006+00:00,2026-09-23T20:08:57.550006+05:30,NIFTYNXT50,29-Sep-2026,64700.0,CE,72462.4,,0,,0,0.0,,0,0,0,0,0,,,,,,,,,,,,,,,0.015907611935375446,,,,,,10.29,25,71950.1,72465.7,71931.5,71804.05,none,no_price_available
2026-09-23T14:38:57.550006+00:00,2026-09-23T20:08:57.550006+05:30,NIFTYNXT50,29-Sep-2026,64700.0,PE,0,,0,,0,0.0,,0,0,0,0,0,,,,,,,,,,,,,,,0.015907611935375446,,,,,,10.29,25,71950.1,72465.7,71931.5,71804.05,none,no_price_available
2026-09-23T14:38:57.550006+00:00,2026-09-23T20:08:57.550006+05:30,NIFTYNXT50,29-Sep-2026,64800.0,CE,72462.4,,0,,0,0.0,,0,0,0,0,0,,,,,,,,,,,,,,,0.015907611935375446,,,,,,10.29,25,71950.1,72465.7,71931.5,71804.05,none,no_price_available
2026-09-23T14:38:57.550006+00:00,2026-09-23T20:08:57.550006+05:30,NIFTYNXT50,29-Sep-2026,64800.0,PE,0,,0,,0,0.0,,0,0,0,0,0,,,,,,,,,,,,,,,0.015907611935375446,,,,,,10.29,25,71950.1,72465.7,71931.5,71804.05,none,no_price_available
2026-09-23T14:38:57.550006+00:00,2026-09-23T20:08:57.550006+05:30,NIFTYNXT50,29-Sep-2026,64900.0,CE,72462.4,,0,,0,0.0,,0,0,0,0,0,,,,,,,,,,,,,,,0.015907611935375446,,,,,,10.29,25,71950.1,72465.7,71931.5,71804.05,none,no_price_available
2026-09-23T14:38:57.550006+00:00,2026-09-23T20:08:57.550006+05:30,NIFTYNXT50,29-Sep-2026,64900.0,PE,0,,0,,0,0.0,,0,0,0,0,0,,,,,,,,,,,,,,,0.015907611935375446,,,,,,10.29,25,71950.1,72465.7,71931.5,71804.05,none,no_price_available
2026-09-23T14:38:57.550006+00:00,2026-09-23T20:08:57.550006+05:30,NIFTYNXT50,29-Sep-2026,65000.0,CE,72462.4,,0,,0,0.0,,0,0,0,0,0,,,,,,,,,,,,,,,0.015907611935375446,,,,,,10.29,25,71950.1,72465.7,71931.5,71804.05,none,no_price_available
2026-09-23T14:38:57.550006+00:00,2026-09-23T20:08:57.550006+05:30,NIFTYNXT50,29-Sep-2026,65000.0,PE,72462.4,,0,20,100,0.0,,0,0,0,0,0,,,,,,,,,,,,,,,0.015907611935375446,,,,,,10.29,25,71950.1,72465.7,71931.5,71804.05,none,no_price_available
2026-09-23T14:38:57.550006+00:00,2026-09-23T20:08:57.550006+05:30,NIFTYNXT50,29-Sep-2026,65100.0,CE,72462.4,,0,,0,0.0,,0,0,0,0,0,,,,,,,,,,,,,,,0.015907611935375446,,,,,,10.29,25,71950.1,72465.7,71931.5,71804.05,none,no_price_available
2026-09-23T14:38:57.550006+00:00,2026-09-23T20:08:57.550006+05:30,NIFTYNXT50,29-Sep-2026,65100.0,PE,0,,0,,0,0.0,,0,0,0,0,0,,,,,,,,,,,,,,,0.015907611935375446,,,,,,10.29,25,71950.1,72465.7,71931.5,71804.05,none,no_price_available
2026-09-23T14:38:57.550006+00:00,2026-09-23T20:08:57.550006+05:30,NIFTYNXT50,29-Sep-2026,65200.0,CE,72462.4,,0,,0,0.0,,0,0,0,0,0,,,,,,,,,,,,,,,0.015907611935375446,,,,,,10.29,25,71950.1,72465.7,71931.5,71804.05,none,no_price_available
2026-09-23T14:38:57.550006+00:00,2026-09-23T20:08:57.550006+05:30,NIFTYNXT50,29-Sep-2026,65200.0,PE,0,,0,,0,0.0,,0,0,0,0,0,,,,,,,,,,,,,,,0.015907611935375446,,,,,,10.29,25,71950.1,72465.7,71931.5,71804.05,none,no_price_available
2026-09-23T14:38:57.550006+00:00,2026-09-23T20:08:57.550006+05:30,NIFTYNXT50,29-Sep-2026,65300.0,CE,72462.4,,0,,0,0.0,,0,0,0,0,0,,,,,,,,,,,,,,,0.015907611935375446,,,,,,10.29,25,71950.1,72465.7,71931.5,71804.05,none,no_price_available
2026-09-23T14:38:57.550006+00:00,2026-09-23T20:08:57.550006+05:30,NIFTYNXT50,29-Sep-2026,65300.0,PE,0,,0,,0,0.0,,0,0,0,0,0,,,,,,,,,,,,,,,0.015907611935375446,,,,,,10.29,25,71950.1,72465.7,71931.5,71804.05,none,no_price_available
2026-09-23T14:38:57.550006+00:00,2026-09-23T20:08:57.550006+05:30,NIFTYNXT50,29-Sep-2026,65400.0,CE,72462.4,,0,,0,0.0,,0,0,0,0,0,,,,,,,,,,,,,,,0.015907611935375446,,,,,,10.29,25,71950.1,72465.7,71931.5,71804.05,none,no_price_available
2026-09-23T14:38:57.550006+00:00,2026-09-23T20:08:57.550006+05:30,NIFTYNXT50,29-Sep-2026,65400.0,PE,0,,0,,0,0.0,,0,0,0,0,0,,,,,,,,,,,,,,,0.015907611935375446,,,,,,10.29,25,71950.1,72465.7,71931.5,71804.05,none,no_price_available
2026-09-23T14:38:57.550006+00:00,2026-09-23T20:08:57.550006+05:30,NIFTYNXT50,29-Sep-2026,65500.0,CE,72462.4,,0,,0,0.0,,0,0,0,0,0,,,,,,,,,,,,,,,0.015907611935375446,,,,,,10.29,25,71950.1,72465.7,71931.5,71804.05,none,no_price_available
2026-09-23T14:38:57.550006+00:00,2026-09-23T20:08:57.550006+05:30,NIFTYNXT50,29-Sep-2026,65500.0,PE,0,,0,,0,0.0,,0,0,0,0,0,,,,,,,,,,,,,,,0.015907611935375446,,,,,,10.29,25,71950.1,72465.7,71931.5,71804.05,none,no_price_available
2026-09-23T14:38:57.550006+00:00,2026-09-23T20:08:57.550006+05:30,NIFTYNXT50,29-Sep-2026,65600.0,CE,72462.4,,0,,0,0.0,,0,0,0,0,0,,,,,,,,,,,,,,,0.015907611935375446,,,,,,10.29,25,71950.1,72465.7,71931.5,71804.05,none,no_price_available
2026-09-23T14:38:57.550006+00:00,2026-09-23T20:08:57.550006+05:30,NIFTYNXT50,29-Sep-2026,65600.0,PE,0,,0,,0,0.0,,0,0,0,0,0,,,,,,,,,,,,,,,0.015907611935375446,,,,,,10.29,25,71950.1,72465.7,71931.5,71804.05,none,no_price_available
2026-09-23T14:38:57.550006+00:00,2026-09-23T20:08:57.550006+05:30,NIFTYNXT50,29-Sep-2026,65700.0,CE,72462.4,,0,,0,0.0,,0,0,0,0,0,,,,,,,,,,,,,,,0.015907611935375446,,,,,,10.29,25,71950.1,72465.7,71931.5,71804.05,none,no_price_available
2026-09-23T14:38:57.550006+00:00,2026-09-23T20:08:57.550006+05:30,NIFTYNXT50,29-Sep-2026,65700.0,PE,0,,0,,0,0.0,,0,0,0,0,0,,,,,,,,,,,,,,,0.015907611935375446,,,,,,10.29,25,71950.1,72465.7,71931.5,71804.05,none,no_price_available
2026-09-23T14:38:57.550006+00:00,2026-09-23T20:08:57.550006+05:30,NIFTYNXT50,29-Sep-2026,65800.0,CE,72462.4,,0,,0,0.0,,0,0,0,0,0,,,,,,,,,,,,,,,0.015907611935375446,,,,,,10.29,25,71950.1,72465.7,71931.5,71804.05,none,no_price_available
2026-09-23T14:38:57.550006+00:00,2026-09-23T20:08:57.550006+05:30,NIFTYNXT50,29-Sep-2026,65800.0,PE,0,,0,,0,0.0,,0,0,0,0,0,,,,,,,,,,,,,,,0.015907611935375446,,,,,,10.29,25,71950.1,72465.7,71931.5,71804.05,none,no_price_available
2026-09-23T14:38:57.550006+00:00,2026-09-23T20:08:57.550006+05:30,NIFTYNXT50,29-Sep-2026,65900.0,CE,72462.4,,0,,0,0.0,,0,0,0,0,0,,,,,,,,,,,,,,,0.015907611935375446,,,,,,10.29,25,71950.1,72465.7,71931.5,71804.05,none,no_price_available
2026-09-23T14:38:57.550006+00:00,2026-09-23T20:08:57.550006+05:30,NIFTYNXT50,29-Sep-2026,65900.0,PE,0,,0,,0,0.0,,0,0,0,0,0,,,,,,,,,,,,,,,0.015907611935375446,,,,,,10.29,25,71950.1,72465.7,71931.5,71804.05,none,no_price_available
2026-09-23T14:38:57.550006+00:00,2026-09-23T20:08:57.550006+05:30,NIFTYNXT50,29-Sep-2026,66000.0,CE,72462.4,,0,,0,0.0,,0,0,0,0,0,,,,,,,,,,,,,,,0.015907611935375446,,,,,,10.29,25,71950.1,72465.7,71931.5,71804.05,none,no_price_available
2026-09-23T14:38:57.550006+00:00,2026-09-23T20:08:57.550006+05:30,NIFTYNXT50,29-Sep-2026,66000.0,PE,0,,0,,0,0.0,,0,0,0,0,0,,,,,,,,,,,,,,,0.015907611935375446,,,,,,10.29,25,71950.1,72465.7,71931.5,71804.05,none,no_price_available
2026-09-23T14:38:57.550006+00:00,2026-09-23T20:08:57.550006+05:30,NIFTYNXT50,29-Sep-2026,66100.0,CE,72462.4,,0,,0,0.0,,0,0,0,0,0,,,,,,,,,,,,,,,0.015907611935375446,,,,,,10.29,25,71950.1,72465.7,71931.5,71804.05,none,no_price_available
2026-09-23T14:38:57.550006+00:00,2026-09-23T20:08:57.550006+05:30,NIFTYNXT50,29-Sep-2026,66100.0,PE,0,,0,,0,0.0,,0,0,0,0,0,,,,,,,,,,,,,,,0.015907611935375446,,,,,,10.29,25,71950.1,72465.7,71931.5,71804.05,none,no_price_available
2026-09-23T14:38:57.550006+00:00,2026-09-23T20:08:57.550006+05:30,NIFTYNXT50,29-Sep-2026,66200.0,CE,72462.4,,0,,0,0.0,,0,0,0,0,0,,,,,,,,,,,,,,,0.015907611935375446,,,,,,10.29,25,71950.1,72465.7,71931.5,71804.05,none,no_price_available
2026-09-23T14:38:57.550006+00:00,2026-09-23T20:08:57.550006+05:30,NIFTYNXT50,29-Sep-2026,66200.0,PE,0,,0,,0,0.0,,0,0,0,0,0,,,,,,,,,,,,,,,0.015907611935375446,,,,,,10.29,25,71950.1,72465.7,71931.5,71804.05,none,no_price_available
2026-09-23T14:38:57.550006+00:00,2026-09-23T20:08:57.550006+05:30,NIFTYNXT50,29-Sep-2026,66300.0,CE,72462.4,,0,,0,0.0,,0,0,0,0,0,,,,,,,,,,,,,,,0.015907611935375446,,,,,,10.29,25,71950.1,72465.7,71931.5,71804.05,none,no_price_available
2026-09-23T14:38:57.550006+00:00,2026-09-23T20:08:57.550006+05:30,NIFTYNXT50,29-Sep-2026,66300.0,PE,0,,0,,0,0.0,,0,0,0,0,0,,,,,,,,,,,,,,,0.015907611935375446,,,,,,10.29,25,71950.1,72465.7,71931.5,71804.05,none,no_price_available
2026-09-23T14:38:57.550006+00:00,2026-09-23T20:08:57.550006+05:30,NIFTYNXT50,29-Sep-2026,66400.0,CE,72462.4,,0,,0,0.0,,0,0,0,0,0,,,,,,,,,,,,,,,0.015907611935375446,,,,,,10.29,25,71950.1,72465.7,71931.5,71804.05,none,no_price_available
2026-09-23T14:38:57.550006+00:00,2026-09-23T20:08:57.550006+05:30,NIFTYNXT50,29-Sep-2026,66400.0,PE,0,,0,,0,0.0,,0,0,0,0,0,,,,,,,,,,,,,,,0.015907611935375446,,,,,,10.29,25,71950.1,72465.7,71931.5,71804.05,none,no_price_available
2026-09-23T14:38:57.550006+00:00,2026-09-23T20:08:57.550006+05:30,NIFTYNXT50,29-Sep-2026,66500.0,CE,72462.4,,0,,0,0.0,,0,0,0,0,0,,,,,,,,,,,,,,,0.015907611935375446,,,,,,10.29,25,71950.1,72465.7,71931.5,71804.05,none,no_price_available
2026-09-23T14:38:57.550006+00:00,2026-09-23T20:08:57.550006+05:30,NIFTYNXT50,29-Sep-2026,66500.0,PE,0,,0,,0,0.0,,0,0,0,0,0,,,,,,,,,,,,,,,0.015907611935375446,,,,,,10.29,25,71950.1,72465.7,71931.5,71804.05,none,no_price_available
2026-09-23T14:38:57.550006+00:00,2026-09-23T20:08:57.550006+05:30,NIFTYNXT50,29-Sep-2026,66600.0,CE,72462.4,,0,,0,0.0,,0,0,0,0,0,,,,,,,,,,,,,,,0.015907611935375446,,,,,,10.29,25,71950.1,72465.7,71931.5,71804.05,none,no_price_available
2026-09-23T14:38:57.550006+00:00,2026-09-23T20:08:57.550006+05:30,NIFTYNXT50,29-Sep-2026,66600.0,PE,0,,0,,0,0.0,,0,0,0,0,0,,,,,,,,,,,,,,,0.015907611935375446,,,,,,10.29,25,71950.1,72465.7,71931.5,71804.05,none,no_price_available
2026-09-23T14:38:57.550006+00:00,2026-09-23T20:08:57.550006+05:30,NIFTYNXT50,29-Sep-2026,66700.0,CE,72462.4,,0,,0,0.0,,0,0,0,0,0,,,,,,,,,,,,,,,0.015907611935375446,,,,,,10.29,25,71950.1,72465.7,71931.5,71804.05,none,no_price_available
2026-09-23T14:38:57.550006+00:00,2026-09-23T20:08:57.550006+05:30,NIFTYNXT50,29-Sep-2026,66700.0,PE,0,,0,,0,0.0,,0,0,0,0,0,,,,,,,,,,,,,,,0.015907611935375446,,,,,,10.29,25,71950.1,72465.7,71931.5,71804.05,none,no_price_available
2026-09-23T14:38:57.550006+00:00,2026-09-23T20:08:57.550006+05:30,NIFTYNXT50,29-Sep-2026,66800.0,CE,72462.4,,0,,0,0.0,,0,0,0,0,0,,,,,,,,,,,,,,,0.015907611935375446,,,,,,10.29,25,71950.1,72465.7,71931.5,71804.05,none,no_price_available
2026-09-23T14:38:57.550006+00:00,2026-09-23T20:08:57.550006+05:30,NIFTYNXT50,29-Sep-2026,66800.0,PE,0,,0,,0,0.0,,0,0,0,0,0,,,,,,,,,,,,,,,0.015907611935375446,,,,,,10.29,25,71950.1,72465.7,71931.5,71804.05,none,no_price_available
2026-09-23T14:38:57.550006+00:00,2026-09-23T20:08:57.550006+05:30,NIFTYNXT50,29-Sep-2026,66900.0,CE,72462.4,,0,,0,0.0,,0,0,0,0,0,,,,,,,,,,,,,,,0.015907611935375446,,,,,,10.29,25,71950.1,72465.7,71931.5,71804.05,none,no_price_available
2026-09-23T14:38:57.550006+00:00,2026-09-23T20:08:57.550006+05:30,NIFTYNXT50,29-Sep-2026,66900.0,PE,0,,0,,0,0.0,,0,0,0,0,0,,,,,,,,,,,,,,,0.015907611935375446,,,,,,10.29,25,71950.1,72465.7,71931.5,71804.05,none,no_price_available
2026-09-23T14:38:57.550006+00:00,2026-09-23T20:08:57.550006+05:30,NIFTYNXT50,29-Sep-2026,67000.0,CE,72462.4,,0,,0,0.0,,0,0,0,0,0,,,,,,,,,,,,,,,0.015907611935375446,,,,,,10.29,25,71950.1,72465.7,71931.5,71804.05,none,no_price_available
2026-09-23T14:38:57.550006+00:00,2026-09-23T20:08:57.550006+05:30,NIFTYNXT50,29-Sep-2026,67000.0,PE,72462.4,2.25,25,27.6,50,15,14.925,5,0,0,0,26.93,-0.009379381262113707,1.0239003142969236e-05,-5.237315825941205,2.3031617836088736,-0.21674979172364717,0.004909335080706297,46.55643782182705,-1.0021608641034944e-08,0.00016895069316303537,-3.806536501415622e-06,-1.252836271822978,-86.55434489970143,0.010261265634302297,1.1976598730360814e-05,0.015907611935375446,72543,0.06988370450179426,0.01,index_dividend_yield,0.065,10.29,25,71950.1,72465.7,71931.5,71804.05,mid_price,wide_quote_low_liquidity
2026-09-23T14:38:57.550006+00:00,2026-09-23T20:08:57.550006+05:30,NIFTYNXT50,29-Sep-2026,67100.0,CE,72462.4,,0,,0,0.0,,0,0,0,0,0,,,,,,,,,,,,,,,0.015907611935375446,,,,,,10.29,25,71950.1,72465.7,71931.5,71804.05,none,no_price_available
2026-09-23T14:38:57.550006+00:00,2026-09-23T20:08:57.550006+05:30,NIFTYNXT50,29-Sep-2026,67100.0,PE,0,,0,,0,0.0,,0,0,0,0,0,,,,,,,,,,,,,,,0.015907611935375446,,,,,,10.29,25,71950.1,72465.7,71931.5,71804.05,none,no_price_available
2026-09-23T14:38:57.550006+00:00,2026-09-23T20:08:57.550006+05:30,NIFTYNXT50,29-Sep-2026,67200.0,CE,72462.4,,0,,0,0.0,,0,0,0,0,0,,,,,,,,,,,,,,,0.015907611935375446,,,,,,10.29,25,71950.1,72465.7,71931.5,71804.05,none,no_price_available
2026-09-23T14:38:57.550006+00:00,2026-09-23T20:08:57.550006+05:30,NIFTYNXT50,29-Sep-2026,67200.0,PE,0,,0,,0,0.0,,0,0,0,0,0,,,,,,,,,,,,,,,0.015907611935375446,,,,,,10.29,25,71950.1,72465.7,71931.5,71804.05,none,no_price_available
2026-09-23T14:38:57.550006+00:00,2026-09-23T20:08:57.550006+05:30,NIFTYNXT50,29-Sep-2026,67300.0,CE,72462.4,,0,,0,0.0,,0,0,0,0,0,,,,,,,,,,,,,,,0.015907611935375446,,,,,,10.29,25,71950.1,72465.7,71931.5,71804.05,none,no_price_available
2026-09-23T14:38:57.550006+00:00,2026-09-23T20:08:57.550006+05:30,NIFTYNXT50,29-Sep-2026,67300.0,PE,0,,0,,0,0.0,,0,0,0,0,0,,,,,,,,,,,,,,,0.015907611935375446,,,,,,10.29,25,71950.1,72465.7,71931.5,71804.05,none,no_price_available
2026-09-23T14:38:57.550006+00:00,2026-09-23T20:08:57.550006+05:30,NIFTYNXT50,29-Sep-2026,67400.0,CE,72462.4,,0,,0,0.0,,0,0,0,0,0,,,,,,,,,,,,,,,0.015907611935375446,,,,,,10.29,25,71950.1,72465.7,71931.5,71804.05,none,no_price_available
2026-09-23T14:38:57.550006+00:00,2026-09-23T20:08:57.550006+05:30,NIFTYNXT50,29-Sep-2026,67400.0,PE,0,,0,,0,0.0,,0,0,0,0,0,,,,,,,,,,,,,,,0.015907611935375446,,,,,,10.29,25,71950.1,72465.7,71931.5,71804.05,none,no_price_available
2026-09-23T14:38:57.550006+00:00,2026-09-23T20:08:57.550006+05:30,NIFTYNXT50,29-Sep-2026,67500.0,CE,72462.4,,0,,0,0.0,,0,0,0,0,0,,,,,,,,,,,,,,,0.015907611935375446,,,,,,10.29,25,71950.1,72465.7,71931.5,71804.05,none,no_price_available
2026-09-23T14:38:57.550006+00:00,2026-09-23T20:08:57.550006+05:30,NIFTYNXT50,29-Sep-2026,67500.0,PE,0,,0,,0,0.0,,0,0,0,0,0,,,,,,,,,,,,,,,0.015907611935375446,,,,,,10.29,25,71950.1,72465.7,71931.5,71804.05,none,no_price_available
2026-09-23T14:38:57.550006+00:00,2026-09-23T20:08:57.550006+05:30,NIFTYNXT50,29-Sep-2026,67600.0,CE,72462.4,,0,,0,0.0,,0,0,0,0,0,,,,,,,,,,,,,,,0.015907611935375446,,,,,,10.29,25,71950.1,72465.7,71931.5,71804.05,none,no_price_available
2026-09-23T14:38:57.550006+00:00,2026-09-23T20:08:57.550006+05:30,NIFTYNXT50,29-Sep-2026,67600.0,PE,0,,0,,0,0.0,,0,0,0,0,0,,,,,,,,,,,,,,,0.015907611935375446,,,,,,10.29,25,71950.1,72465.7,71931.5,71804.05,none,no_price_available
2026-09-23T14:38:57.550006+00:00,2026-09-23T20:08:57.550006+05:30,NIFTYNXT50,29-Sep-2026,67700.0,CE,72462.4,,0,,0,0.0,,0,0,0,0,0,,,,,,,,,,,,,,,0.015907611935375446,,,,,,10.29,25,71950.1,72465.7,71931.5,71804.05,none,no_price_available
2026-09-23T14:38:57.550006+00:00,2026-09-23T20:08:57.550006+05:30,NIFTYNXT50,29-Sep-2026,67700.0,PE,0,,0,,0,0.0,,0,0,0,0,0,,,,,,,,,,,,,,,0.015907611935375446,,,,,,10.29,25,71950.1,72465.7,71931.5,71804.05,none,no_price_available
2026-09-23T14:38:57.550006+00:00,2026-09-23T20:08:57.550006+05:30,NIFTYNXT50,29-Sep-2026,67800.0,CE,72462.4,,0,,0,0.0,,0,0,0,0,0,,,,,,,,,,,,,,,0.015907611935375446,,,,,,10.29,25,71950.1,72465.7,71931.5,71804.05,none,no_price_available
2026-09-23T14:38:57.550006+00:00,2026-09-23T20:08:57.550006+05:30,NIFTYNXT50,29-Sep-2026,67800.0,PE,0,,0,,0,0.0,,0,0,0,0,0,,,,,,,,,,,,,,,0.015907611935375446,,,,,,10.29,25,71950.1,72465.7,71931.5,71804.05,none,no_price_available
2026-09-23T14:38:57.550006+00:00,2026-09-23T20:08:57.550006+05:30,NIFTYNXT50,29-Sep-2026,67900.0,CE,72462.4,,0,,0,0.0,,0,0,0,0,0,,,,,,,,,,,,,,,0.015907611935375446,,,,,,10.29,25,71950.1,72465.7,71931.5,71804.05,none,no_price_available
2026-09-23T14:38:57.550006+00:00,2026-09-23T20:08:57.550006+05:30,NIFTYNXT50,29-Sep-2026,67900.0,PE,0,,0,,0,0.0,,0,0,0,0,0,,,,,,,,,,,,,,,0.015907611935375446,,,,,,10.29,25,71950.1,72465.7,71931.5,71804.05,none,no_price_available
2026-09-23T14:38:57.550006+00:00,2026-09-23T20:08:57.550006+05:30,NIFTYNXT50,29-Sep-2026,68000.0,CE,72462.4,,0,,0,0.0,,0,0,0,0,0,,,,,,,,,,,,,,,0.015907611935375446,,,,,,10.29,25,71950.1,72465.7,71931.5,71804.05,none,no_price_available
2026-09-23T14:38:57.550006+00:00,2026-09-23T20:08:57.550006+05:30,NIFTYNXT50,29-Sep-2026,68000.0,PE,0,,0,,0,0.0,,0,0,0,0,0,,,,,,,,,,,,,,,0.015907611935375446,,,,,,10.29,25,71950.1,72465.7,71931.5,71804.05,none,no_price_available
2026-09-23T14:38:57.550006+00:00,2026-09-23T20:08:57.550006+05:30,NIFTYNXT50,29-Sep-2026,68100.0,CE,72462.4,,0,,0,0.0,,0,0,0,0,0,,,,,,,,,,,,,,,0.015907611935375446,,,,,,10.29,25,71950.1,72465.7,71931.5,71804.05,none,no_price_available
2026-09-23T14:38:57.550006+00:00,2026-09-23T20:08:57.550006+05:30,NIFTYNXT50,29-Sep-2026,68100.0,PE,0,,0,,0,0.0,,0,0,0,0,0,,,,,,,,,,,,,,,0.015907611935375446,,,,,,10.29,25,71950.1,72465.7,71931.5,71804.05,none,no_price_available
2026-09-23T14:38:57.550006+00:00,2026-09-23T20:08:57.550006+05:30,NIFTYNXT50,29-Sep-2026,68200.0,CE,72462.4,,0,,0,0.0,,0,0,0,0,0,,,,,,,,,,,,,,,0.015907611935375446,,,,,,10.29,25,71950.1,72465.7,71931.5,71804.05,none,no_price_available
2026-09-23T14:38:57.550006+00:00,2026-09-23T20:08:57.550006+05:30,NIFTYNXT50,29-Sep-2026,68200.0,PE,0,,0,,0,0.0,,0,0,0,0,0,,,,,,,,,,,,,,,0.015907611935375446,,,,,,10.29,25,71950.1,72465.7,71931.5,71804.05,none,no_price_available
2026-09-23T14:38:57.550006+00:00,2026-09-23T20:08:57.550006+05:30,NIFTYNXT50,29-Sep-2026,68300.0,CE,72462.4,,0,,0,0.0,,0,0,0,0,0,,,,,,,,,,,,,,,0.015907611935375446,,,,,,10.29,25,71950.1,72465.7,71931.5,71804.05,none,no_price_available
2026-09-23T14:38:57.550006+00:00,2026-09-23T20:08:57.550006+05:30,NIFTYNXT50,29-Sep-2026,68300.0,PE,0,,0,,0,0.0,,0,0,0,0,0,,,,,,,,,,,,,,,0.015907611935375446,,,,,,10.29,25,71950.1,72465.7,71931.5,71804.05,none,no_price_available
2026-09-23T14:38:57.550006+00:00,2026-09-23T20:08:57.550006+05:30,NIFTYNXT50,29-Sep-2026,68400.0,CE,72462.4,,0,,0,0.0,,0,0,0,0,0,,,,,,,,,,,,,,,0.015907611935375446,,,,,,10.29,25,71950.1,72465.7,71931.5,71804.05,none,no_price_available
2026-09-23T14:38:57.550006+00:00,2026-09-23T20:08:57.550006+05:30,NIFTYNXT50,29-Sep-2026,68400.0,PE,0,,0,,0,0.0,,0,0,0,0,0,,,,,,,,,,,,,,,0.015907611935375446,,,,,,10.29,25,71950.1,72465.7,71931.5,71804.05,none,no_price_available
2026-09-23T14:38:57.550006+00:00,2026-09-23T20:08:57.550006+05:30,NIFTYNXT50,29-Sep-2026,68500.0,CE,72462.4,,0,,0,0.0,,0,0,0,0,0,,,,,,,,,,,,,,,0.015907611935375446,,,,,,10.29,25,71950.1,72465.7,71931.5,71804.05,none,no_price_available
2026-09-23T14:38:57.550006+00:00,2026-09-23T20:08:57.550006+05:30,NIFTYNXT50,29-Sep-2026,68500.0,PE,0,,0,,0,0.0,,0,0,0,0,0,,,,,,,,,,,,,,,0.015907611935375446,,,,,,10.29,25,71950.1,72465.7,71931.5,71804.05,none,no_price_available
2026-09-23T14:38:57.550006+00:00,2026-09-23T20:08:57.550006+05:30,NIFTYNXT50,29-Sep-2026,68600.0,CE,72462.4,,0,,0,0.0,,0,0,0,0,0,,,,,,,,,,,,,,,0.015907611935375446,,,,,,10.29,25,71950.1,72465.7,71931.5,71804.05,none,no_price_available
2026-09-23T14:38:57.550006+00:00,2026-09-23T20:08:57.550006+05:30,NIFTYNXT50,29-Sep-2026,68600.0,PE,0,,0,,0,0.0,,0,0,0,0,0,,,,,,,,,,,,,,,0.015907611935375446,,,,,,10.29,25,71950.1,72465.7,71931.5,71804.05,none,no_price_available
2026-09-23T14:38:57.550006+00:00,2026-09-23T20:08:57.550006+05:30,NIFTYNXT50,29-Sep-2026,68700.0,CE,72462.4,,0,,0,0.0,,0,0,0,0,0,,,,,,,,,,,,,,,0.015907611935375446,,,,,,10.29,25,71950.1,72465.7,71931.5,71804.05,none,no_price_available
2026-09-23T14:38:57.550006+00:00,2026-09-23T20:08:57.550006+05:30,NIFTYNXT50,29-Sep-2026,68700.0,PE,0,,0,,0,0.0,,0,0,0,0,0,,,,,,,,,,,,,,,0.015907611935375446,,,,,,10.29,25,71950.1,72465.7,71931.5,71804.05,none,no_price_available
2026-09-23T14:38:57.550006+00:00,2026-09-23T20:08:57.550006+05:30,NIFTYNXT50,29-Sep-2026,68800.0,CE,72462.4,,0,,0,0.0,,0,0,0,0,0,,,,,,,,,,,,,,,0.015907611935375446,,,,,,10.29,25,71950.1,72465.7,71931.5,71804.05,none,no_price_available
2026-09-23T14:38:57.550006+00:00,2026-09-23T20:08:57.550006+05:30,NIFTYNXT50,29-Sep-2026,68800.0,PE,0,,0,,0,0.0,,0,0,0,0,0,,,,,,,,,,,,,,,0.015907611935375446,,,,,,10.29,25,71950.1,72465.7,71931.5,71804.05,none,no_price_available
2026-09-23T14:38:57.550006+00:00,2026-09-23T20:08:57.550006+05:30,NIFTYNXT50,29-Sep-2026,68900.0,CE,72462.4,,0,,0,0.0,,0,0,0,0,0,,,,,,,,,,,,,,,0.015907611935375446,,,,,,10.29,25,71950.1,72465.7,71931.5,71804.05,none,no_price_available
2026-09-23T14:38:57.550006+00:00,2026-09-23T20:08:57.550006+05:30,NIFTYNXT50,29-Sep-2026,68900.0,PE,0,,0,,0,0.0,,0,0,0,0,0,,,,,,,,,,,,,,,0.015907611935375446,,,,,,10.29,25,71950.1,72465.7,71931.5,71804.05,none,no_price_available
2026-09-23T14:38:57.550006+00:00,2026-09-23T20:08:57.550006+05:30,NIFTYNXT50,29-Sep-2026,69000.0,CE,72462.4,,0,,0,0.0,,0,0,0,0,0,,,,,,,,,,,,,,,0.015907611935375446,,,,,,10.29,25,71950.1,72465.7,71931.5,71804.05,none,no_price_available
2026-09-23T14:38:57.550006+00:00,2026-09-23T20:08:57.550006+05:30,NIFTYNXT50,29-Sep-2026,69000.0,PE,0,,0,,0,0.0,,0,0,0,0,0,,,,,,,,,,,,,,,0.015907611935375446,,,,,,10.29,25,71950.1,72465.7,71931.5,71804.05,none,no_price_available
2026-09-23T14:38:57.550006+00:00,2026-09-23T20:08:57.550006+05:30,NIFTYNXT50,29-Sep-2026,69100.0,CE,72462.4,,0,,0,0.0,,0,0,0,0,0,,,,,,,,,,,,,,,0.015907611935375446,,,,,,10.29,25,71950.1,72465.7,71931.5,71804.05,none,no_price_available
2026-09-23T14:38:57.550006+00:00,2026-09-23T20:08:57.550006+05:30,NIFTYNXT50,29-Sep-2026,69100.0,PE,0,,0,,0,0.0,,0,0,0,0,0,,,,,,,,,,,,,,,0.015907611935375446,,,,,,10.29,25,71950.1,72465.7,71931.5,71804.05,none,no_price_available
2026-09-23T14:38:57.550006+00:00,2026-09-23T20:08:57.550006+05:30,NIFTYNXT50,29-Sep-2026,69200.0,CE,72462.4,,0,,0,0.0,,0,0,0,0,0,,,,,,,,,,,,,,,0.015907611935375446,,,,,,10.29,25,71950.1,72465.7,71931.5,71804.05,none,no_price_available
2026-09-23T14:38:57.550006+00:00,2026-09-23T20:08:57.550006+05:30,NIFTYNXT50,29-Sep-2026,69200.0,PE,0,,0,,0,0.0,,0,0,0,0,0,,,,,,,,,,,,,,,0.015907611935375446,,,,,,10.29,25,71950.1,72465.7,71931.5,71804.05,none,no_price_available
2026-09-23T14:38:57.550006+00:00,2026-09-23T20:08:57.550006+05:30,NIFTYNXT50,29-Sep-2026,69300.0,CE,72462.4,,0,,0,0.0,,0,0,0,0,0,,,,,,,,,,,,,,,0.015907611935375446,,,,,,10.29,25,71950.1,72465.7,71931.5,71804.05,none,no_price_available
2026-09-23T14:38:57.550006+00:00,2026-09-23T20:08:57.550006+05:30,NIFTYNXT50,29-Sep-2026,69300.0,PE,0,,0,,0,0.0,,0,0,0,0,0,,,,,,,,,,,,,,,0.015907611935375446,,,,,,10.29,25,71950.1,72465.7,71931.5,71804.05,none,no_price_available
2026-09-23T14:38:57.550006+00:00,2026-09-23T20:08:57.550006+05:30,NIFTYNXT50,29-Sep-2026,69400.0,CE,72462.4,,0,,0,0.0,,0,0,0,0,0,,,,,,,,,,,,,,,0.015907611935375446,,,,,,10.29,25,71950.1,72465.7,71931.5,71804.05,none,no_price_available
2026-09-23T14:38:57.550006+00:00,2026-09-23T20:08:57.550006+05:30,NIFTYNXT50,29-Sep-2026,69400.0,PE,0,,0,,0,0.0,,0,0,0,0,0,,,,,,,,,,,,,,,0.015907611935375446,,,,,,10.29,25,71950.1,72465.7,71931.5,71804.05,none,no_price_available
2026-09-23T14:38:57.550006+00:00,2026-09-23T20:08:57.550006+05:30,NIFTYNXT50,29-Sep-2026,69500.0,CE,72462.4,,0,,0,0.0,,0,0,0,0,0,,,,,,,,,,,,,,,0.015907611935375446,,,,,,10.29,25,71950.1,72465.7,71931.5,71804.05,none,no_price_available
2026-09-23T14:38:57.550006+00:00,2026-09-23T20:08:57.550006+05:30,NIFTYNXT50,29-Sep-2026,69500.0,PE,0,,0,,0,0.0,,0,0,0,0,0,,,,,,,,,,,,,,,0.015907611935375446,,,,,,10.29,25,71950.1,72465.7,71931.5,71804.05,none,no_price_available
2026-09-23T14:38:57.550006+00:00,2026-09-23T20:08:57.550006+05:30,NIFTYNXT50,29-Sep-2026,69600.0,CE,72462.4,,0,,0,0.0,,0,0,0,0,0,,,,,,,,,,,,,,,0.015907611935375446,,,,,,10.29,25,71950.1,72465.7,71931.5,71804.05,none,no_price_available
2026-09-23T14:38:57.550006+00:00,2026-09-23T20:08:57.550006+05:30,NIFTYNXT50,29-Sep-2026,69600.0,PE,0,,0,,0,0.0,,0,0,0,0,0,,,,,,,,,,,,,,,0.015907611935375446,,,,,,10.29,25,71950.1,72465.7,71931.5,71804.05,none,no_price_available
2026-09-23T14:38:57.550006+00:00,2026-09-23T20:08:57.550006+05:30,NIFTYNXT50,29-Sep-2026,69700.0,CE,72462.4,,0,,0,0.0,,0,0,0,0,0,,,,,,,,,,,,,,,0.015907611935375446,,,,,,10.29,25,71950.1,72465.7,71931.5,71804.05,none,no_price_available
2026-09-23T14:38:57.550006+00:00,2026-09-23T20:08:57.550006+05:30,NIFTYNXT50,29-Sep-2026,69700.0,PE,0,,0,,0,0.0,,0,0,0,0,0,,,,,,,,,,,,,,,0.015907611935375446,,,,,,10.29,25,71950.1,72465.7,71931.5,71804.05,none,no_price_available
2026-09-23T14:38:57.550006+00:00,2026-09-23T20:08:57.550006+05:30,NIFTYNXT50,29-Sep-2026,69800.0,CE,72462.4,,0,,0,0.0,,0,0,0,0,0,,,,,,,,,,,,,,,0.015907611935375446,,,,,,10.29,25,71950.1,72465.7,71931.5,71804.05,none,no_price_available
2026-09-23T14:38:57.550006+00:00,2026-09-23T20:08:57.550006+05:30,NIFTYNXT50,29-Sep-2026,69800.0,PE,0,,0,,0,0.0,,0,0,0,0,0,,,,,,,,,,,,,,,0.015907611935375446,,,,,,10.29,25,71950.1,72465.7,71931.5,71804.05,none,no_price_available
2026-09-23T14:38:57.550006+00:00,2026-09-23T20:08:57.550006+05:30,NIFTYNXT50,29-Sep-2026,69900.0,CE,72462.4,,0,,0,0.0,,0,0,0,0,0,,,,,,,,,,,,,,,0.015907611935375446,,,,,,10.29,25,71950.1,72465.7,71931.5,71804.05,none,no_price_available
2026-09-23T14:38:57.550006+00:00,2026-09-23T20:08:57.550006+05:30,NIFTYNXT50,29-Sep-2026,69900.0,PE,0,,0,,0,0.0,,0,0,0,0,0,,,,,,,,,,,,,,,0.015907611935375446,,,,,,10.29,25,71950.1,72465.7,71931.5,71804.05,none,no_price_available
2026-09-23T14:38:57.550006+00:00,2026-09-23T20:08:57.550006+05:30,NIFTYNXT50,29-Sep-2026,70000.0,CE,72462.4,2444,25,2830.75,325,2488,2637.375,2,-1,1,7.102884201463625,0,,,,,,,,,,,,,,,0.015907611935375446,72543,0.06988370450179426,0.01,index_dividend_yield,0.065,10.29,25,71950.1,72465.7,71931.5,71804.05,mid_price,no_nse_iv
2026-09-23T14:38:57.550006+00:00,2026-09-23T20:08:57.550006+05:30,NIFTYNXT50,29-Sep-2026,70000.0,PE,72462.4,16.7,25,40,25,25,28.35,9,2,7,-74.48979591836735,16.29,-0.04131409912503858,5.9418165776976354e-05,-10.8857447217376,8.084827188413847,-0.9312927530981431,0.012407838181609418,147.720830140198,-7.018143600050185e-08,0.000720926256363066,-9.36325464608987e-06,-2.6638518186494062,-119.08903901203813,0.04312653239689676,6.367201429151876e-05,0.015907611935375446,72543,0.06988370450179426,0.01,index_dividend_yield,0.065,10.29,25,71950.1,72465.7,71931.5,71804.05,mid_price,wide_quote_low_liquidity
2026-09-23T14:38:57.550006+00:00,2026-09-23T20:08:57.550006+05:30,NIFTYNXT50,29-Sep-2026,70100.0,CE,72462.4,94.5,50,4945.8,50,0.0,2520.15,0,0,0,0,0,,,,,,,,,,,,,,,0.015907611935375446,72543,0.06988370450179426,0.01,index_dividend_yield,0.065,10.29,25,71950.1,72465.7,71931.5,71804.05,mid_price,no_nse_iv
2026-09-23T14:38:57.550006+00:00,2026-09-23T20:08:57.550006+05:30,NIFTYNXT50,29-Sep-2026,70100.0,PE,0,,0,,0,0.0,,0,0,0,0,0,,,,,,,,,,,,,,,0.015907611935375446,,,,,,10.29,25,71950.1,72465.7,71931.5,71804.05,none,no_price_available
2026-09-23T14:38:57.550006+00:00,2026-09-23T20:08:57.550006+05:30,NIFTYNXT50,29-Sep-2026,70200.0,CE,72462.4,46.7,50,4827.1,50,0.0,2436.9,0,0,0,0,0,,,,,,,,,,,,,,,0.015907611935375446,72543,0.06988370450179426,0.01,index_dividend_yield,0.065,10.29,25,71950.1,72465.7,71931.5,71804.05,mid_price,no_nse_iv
2026-09-23T14:38:57.550006+00:00,2026-09-23T20:08:57.550006+05:30,NIFTYNXT50,29-Sep-2026,70200.0,PE,0,,0,,0,0.0,,0,0,0,0,0,,,,,,,,,,,,,,,0.015907611935375446,,,,,,10.29,25,71950.1,72465.7,71931.5,71804.05,none,no_price_available
2026-09-23T14:38:57.550006+00:00,2026-09-23T20:08:57.550006+05:30,NIFTYNXT50,29-Sep-2026,70300.0,CE,72462.4,,0,,0,0.0,,0,0,0,0,0,,,,,,,,,,,,,,,0.015907611935375446,,,,,,10.29,25,71950.1,72465.7,71931.5,71804.05,none,no_price_available
2026-09-23T14:38:57.550006+00:00,2026-09-23T20:08:57.550006+05:30,NIFTYNXT50,29-Sep-2026,70300.0,PE,0,,0,,0,0.0,,0,0,0,0,0,,,,,,,,,,,,,,,0.015907611935375446,,,,,,10.29,25,71950.1,72465.7,71931.5,71804.05,none,no_price_available
2026-09-23T14:38:57.550006+00:00,2026-09-23T20:08:57.550006+05:30,NIFTYNXT50,29-Sep-2026,70400.0,CE,72462.4,1660.75,50,2585.7,50,0.0,2123.225,0,0,0,0,0,,,,,,,,,,,,,,,0.015907611935375446,72543,0.06988370450179426,0.01,index_dividend_yield,0.065,10.29,25,71950.1,72465.7,71931.5,71804.05,mid_price,no_nse_iv
2026-09-23T14:38:57.550006+00:00,2026-09-23T20:08:57.550006+05:30,NIFTYNXT50,29-Sep-2026,70400.0,PE,0,,0,,0,0.0,,0,0,0,0,0,,,,,,,,,,,,,,,0.015907611935375446,,,,,,10.29,25,71950.1,72465.7,71931.5,71804.05,none,no_price_available
2026-09-23T14:38:57.550006+00:00,2026-09-23T20:08:57.550006+05:30,NIFTYNXT50,29-Sep-2026,70500.0,CE,72462.4,1610.9,50,2485.1,50,0.0,2048.0,0,0,0,0,0,,,,,,,,,,,,,,,0.015907611935375446,72543,0.06988370450179426,0.01,index_dividend_yield,0.065,10.29,25,71950.1,72465.7,71931.5,71804.05,mid_price,no_nse_iv
2026-09-23T14:38:57.550006+00:00,2026-09-23T20:08:57.550006+05:30,NIFTYNXT50,29-Sep-2026,70500.0,PE,0,,0,,0,0.0,,0,0,0,0,0,,,,,,,,,,,,,,,0.015907611935375446,,,,,,10.29,25,71950.1,72465.7,71931.5,71804.05,none,no_price_available
2026-09-23T14:38:57.550006+00:00,2026-09-23T20:08:57.550006+05:30,NIFTYNXT50,29-Sep-2026,70600.0,CE,72462.4,0.05,50,2339.6,50,0.0,1169.825,0,0,0,0,0,,,,,,,,,,,,,,,0.015907611935375446,,,,,,10.29,25,71950.1,72465.7,71931.5,71804.05,mid_price,no_price_available
2026-09-23T14:38:57.550006+00:00,2026-09-23T20:08:57.550006+05:30,NIFTYNXT50,29-Sep-2026,70600.0,PE,0,,0,,0,0.0,,0,0,0,0,0,,,,,,,,,,,,,,,0.015907611935375446,,,,,,10.29,25,71950.1,72465.7,71931.5,71804.05,none,no_price_available
2026-09-23T14:38:57.550006+00:00,2026-09-23T20:08:57.550006+05:30,NIFTYNXT50,29-Sep-2026,70700.0,CE,72462.4,,0,,0,0.0,,0,0,0,0,0,,,,,,,,,,,,,,,0.015907611935375446,,,,,,10.29,25,71950.1,72465.7,71931.5,71804.05,none,no_price_available
2026-09-23T14:38:57.550006+00:00,2026-09-23T20:08:57.550006+05:30,NIFTYNXT50,29-Sep-2026,70700.0,PE,72462.4,0.05,50,140.4,25,0.0,70.22500000000001,0,0,0,0,0,,,,,,,,,,,,,,,0.015907611935375446,72543,0.06988370450179426,0.01,index_dividend_yield,0.065,10.29,25,71950.1,72465.7,71931.5,71804.05,mid_price,no_nse_iv
2026-09-23T14:38:57.550006+00:00,2026-09-23T20:08:57.550006+05:30,NIFTYNXT50,29-Sep-2026,70800.0,CE,72462.4,,0,3970.85,50,0.0,,0,0,0,0,0,,,,,,,,,,,,,,,0.015907611935375446,,,,,,10.29,25,71950.1,72465.7,71931.5,71804.05,none,no_price_available
2026-09-23T14:38:57.550006+00:00,2026-09-23T20:08:57.550006+05:30,NIFTYNXT50,29-Sep-2026,70800.0,PE,72462.4,0.1,600,152.7,25,1315.8,76.39999999999999,1,0,0,0,21.8,-0.18679234341783632,0.00013477061369917824,-43.992845397734044,24.54042702488635,-1.0619563071788685,0.018476274773931906,86.348861391631,-6.13010990764343e-08,-0.00014399680336356704,3.3524419114586505e-06,-3.6150672646302664,-65.5358527666768,0.19409542530097354,0.00014117380450296059,0.015907611935375446,72543,0.06988370450179426,0.01,index_dividend_yield,0.065,10.29,25,71950.1,72465.7,71931.5,71804.05,mid_price,wide_quote_low_liquidity
2026-09-23T14:38:57.550006+00:00,2026-09-23T20:08:57.550006+05:30,NIFTYNXT50,29-Sep-2026,70900.0,CE,72462.4,1212,50,2065.5,50,0.0,1638.75,0,0,0,0,0,,,,,,,,,,,,,,,0.015907611935375446,72543,0.06988370450179426,0.01,index_dividend_yield,0.065,10.29,25,71950.1,72465.7,71931.5,71804.05,mid_price,no_nse_iv
2026-09-23T14:38:57.550006+00:00,2026-09-23T20:08:57.550006+05:30,NIFTYNXT50,29-Sep-2026,70900.0,PE,72462.4,0.05,50,174.75,25,0.0,87.4,0,0,0,0,0,,,,,,,,,,,,,,,0.015907611935375446,72543,0.06988370450179426,0.01,index_dividend_yield,0.065,10.29,25,71950.1,72465.7,71931.5,71804.05,mid_price,no_nse_iv
2026-09-23T14:38:57.550006+00:00,2026-09-23T20:08:57.550006+05:30,NIFTYNXT50,29-Sep-2026,71000.0,CE,72462.4,1380,25,3808.8,25,1580,2594.4,128,0,1,30.363036303630363,6.68,0.9941051547956885,2.6759243045717598e-05,-11.441857811757767,1.4930718331446322,-0.6162226316772657,0.003276210528275181,142.33473886076365,-1.3300573357367207e-07,0.002149893646315316,-1.1146186371330972e-05,-0.8792314664537613,47.2246477888451,-0.9930967811934706,2.7872925549913783e-05,0.015907611935375446,72543,0.06988370450179426,0.01,index_dividend_yield,0.065,10.29,25,71950.1,72465.7,71931.5,71804.05,mid_price,wide_quote_low_liquidity
2026-09-23T14:38:57.550006+00:00,2026-09-23T20:08:57.550006+05:30,NIFTYNXT50,29-Sep-2026,71000.0,PE,72462.4,78,25,96.9,50,81,87.45,90,37,52,-64,14.71,-0.12395718688230124,0.00015221794558805982,-22.323252969839718,18.702899701533205,-1.5814404113878369,0.018376529485039667,166.98856512710768,-1.3034744508310282e-07,0.0003243513655377451,-2.701397015282034e-06,-3.5502549631806657,-107.89287313575703,0.12768291101546625,0.00015855304492313753,0.015907611935375446,72543,0.06988370450179426,0.01,index_dividend_yield,0.065,10.29,25,71950.1,72465.7,71931.5,71804.05,mid_price,wide_quote_low_liquidity
2026-09-23T14:38:57.550006+00:00,2026-09-23T20:08:57.550006+05:30,NIFTYNXT50,29-Sep-2026,71100.0,CE,72462.4,,0,,0,0.0,,0,0,0,0,0,,,,,,,,,,,,,,,0.015907611935375446,,,,,,10.29,25,71950.1,72465.7,71931.5,71804.05,none,no_price_available
2026-09-23T14:38:57.550006+00:00,2026-09-23T20:08:57.550006+05:30,NIFTYNXT50,29-Sep-2026,71100.0,PE,72462.4,,0,206,25,0.0,,0,0,0,0,0,,,,,,,,,,,,,,,0.015907611935375446,,,,,,10.29,25,71950.1,72465.7,71931.5,71804.05,none,no_price_available
2026-09-23T14:38:57.550006+00:00,2026-09-23T20:08:57.550006+05:30,NIFTYNXT50,29-Sep-2026,71200.0,CE,72462.4,1.1,100,3344.75,50,0.0,1672.925,0,0,0,0,0,,,,,,,,,,,,,,,0.015907611935375446,72543,0.06988370450179426,0.01,index_dividend_yield,0.065,10.29,25,71950.1,72465.7,71931.5,71804.05,mid_price,no_nse_iv
2026-09-23T14:38:57.550006+00:00,2026-09-23T20:08:57.550006+05:30,NIFTYNXT50,29-Sep-2026,71200.0,PE,72462.4,0.05,50,212.9,25,0.0,106.47500000000001,0,0,0,0,0,,,,,,,,,,,,,,,0.015907611935375446,72543,0.06988370450179426,0.01,index_dividend_yield,0.065,10.29,25,71950.1,72465.7,71931.5,71804.05,mid_price,no_nse_iv
2026-09-23T14:38:57.550006+00:00,2026-09-23T20:08:57.550006+05:30,NIFTYNXT50,29-Sep-2026,71300.0,CE,72462.4,0.1,50,1715.05,50,0.0,857.5749999999999,0,0,0,0,0,,,,,,,,,,,,,,,0.015907611935375446,,,,,,10.29,25,71950.1,72465.7,71931.5,71804.05,mid_price,no_price_available
2026-09-23T14:38:57.550006+00:00,2026-09-23T20:08:57.550006+05:30,NIFTYNXT50,29-Sep-2026,71300.0,PE,72462.4,0.1,50,230.25,25,0.0,115.175,0,0,0,0,0,,,,,,,,,,,,,,,0.015907611935375446,72543,0.06988370450179426,0.01,index_dividend_yield,0.065,10.29,25,71950.1,72465.7,71931.5,71804.05,mid_price,no_nse_iv
2026-09-23T14:38:57.550006+00:00,2026-09-23T20:08:57.550006+05:30,NIFTYNXT50,29-Sep-2026,71400.0,CE,72462.4,0.05,50,3402.7,50,0.0,1701.375,0,0,0,0,0,,,,,,,,,,,,,,,0.015907611935375446,72543,0.06988370450179426,0.01,index_dividend_yield,0.065,10.29,25,71950.1,72465.7,71931.5,71804.05,mid_price,no_nse_iv
2026-09-23T14:38:57.550006+00:00,2026-09-23T20:08:57.550006+05:30,NIFTYNXT50,29-Sep-2026,71400.0,PE,72462.4,0.1,600,248.8,25,0.0,124.45,0,0,0,0,0,,,,,,,,,,,,,,,0.015907611935375446,72543,0.06988370450179426,0.01,index_dividend_yield,0.065,10.29,25,71950.1,72465.7,71931.5,71804.05,mid_price,no_nse_iv
2026-09-23T14:38:57.550006+00:00,2026-09-23T20:08:57.550006+05:30,NIFTYNXT50,29-Sep-2026,71500.0,CE,72462.4,1050,25,1115.85,75,1025.85,1082.925,32,-3,3,-6.740909090909091,0,,,,,,,,,,,,,,,0.015907611935375446,72543,0.06988370450179426,0.01,index_dividend_yield,0.065,10.29,25,71950.1,72465.7,71931.5,71804.05,mid_price,no_nse_iv
2026-09-23T14:38:57.550006+00:00,2026-09-23T20:08:57.550006+05:30,NIFTYNXT50,29-Sep-2026,71500.0,PE,72462.4,130,25,156,25,160,143.0,33,2,8,-42.028985507246375,14.55,-0.21606569102894663,0.00022034529817106804,-31.164395843341712,26.779175228247617,-1.5447839692381005,0.016962373756426476,110.89398467489353,-1.2932360345718274e-07,-0.0006019158639087636,8.960203749759297e-06,-3.523287871564384,-94.6399689981413,0.2212877232384805,0.00022631697637271573,0.015907611935375446,72543,0.06988370450179426,0.01,index_dividend_yield,0.065,10.29,25,71950.1,72465.7,71931.5,71804.05,mid_price,wide_quote_low_liquidity
2026-09-23T14:38:57.550006+00:00,2026-09-23T20:08:57.550006+05:30,NIFTYNXT50,29-Sep-2026,71600.0,CE,72462.4,,0,1299.95,50,975,,1,0,1,8.333333333333334,0,,,,,,,,,,,,,,,0.015907611935375446,72543,0.06988370450179426,0.01,index_dividend_yield,0.065,10.29,25,71950.1,72465.7,71931.5,71804.05,ltp,no_nse_iv
2026-09-23T14:38:57.550006+00:00,2026-09-23T20:08:57.550006+05:30,NIFTYNXT50,29-Sep-2026,71600.0,PE,72462.4,0.2,50,288.85,25,0.0,144.525,0,0,0,0,0,,,,,,,,,,,,,,,0.015907611935375446,72543,0.06988370450179426,0.01,index_dividend_yield,0.065,10.29,25,71950.1,72465.7,71931.5,71804.05,mid_price,no_nse_iv
2026-09-23T14:38:57.550006+00:00,2026-09-23T20:08:57.550006+05:30,NIFTYNXT50,29-Sep-2026,71700.0,CE,72462.4,716,50,1381.95,50,0.0,1048.975,0,0,0,0,0,,,,,,,,,,,,,,,0.015907611935375446,72543,0.06988370450179426,0.01,index_dividend_yield,0.065,10.29,25,71950.1,72465.7,71931.5,71804.05,mid_price,no_nse_iv
2026-09-23T14:38:57.550006+00:00,2026-09-23T20:08:57.550006+05:30,NIFTYNXT50,29-Sep-2026,71700.0,PE,72462.4,0.1,50,310.35,25,0.0,155.22500000000002,0,0,0,0,0,,,,,,,,,,,,,,,0.015907611935375446,72543,0.06988370450179426,0.01,index_dividend_yield,0.065,10.29,25,71950.1,72465.7,71931.5,71804.05,mid_price,no_nse_iv
2026-09-23T14:38:57.550006+00:00,2026-09-23T20:08:57.550006+05:30,NIFTYNXT50,29-Sep-2026,71800.0,CE,72462.4,0.05,50,2946.4,50,0.0,1473.2250000000001,0,0,0,0,0,,,,,,,,,,,,,,,0.015907611935375446,72543,0.06988370450179426,0.01,index_dividend_yield,0.065,10.29,25,71950.1,72465.7,71931.5,71804.05,mid_price,no_nse_iv
2026-09-23T14:38:57.550006+00:00,2026-09-23T20:08:57.550006+05:30,NIFTYNXT50,29-Sep-2026,71800.0,PE,72462.4,0.05,50,333.25,25,0.0,166.65,0,0,0,0,0,,,,,,,,,,,,,,,0.015907611935375446,72543,0.06988370450179426,0.01,index_dividend_yield,0.065,10.29,25,71950.1,72465.7,71931.5,71804.05,mid_price,no_nse_iv
2026-09-23T14:38:57.550006+00:00,2026-09-23T20:08:57.550006+05:30,NIFTYNXT50,29-Sep-2026,71900.0,CE,72462.4,645,25,2835.2,50,0.0,1740.1,0,0,0,0,0,,,,,,,,,,,,,,,0.015907611935375446,72543,0.06988370450179426,0.01,index_dividend_yield,0.065,10.29,25,71950.1,72465.7,71931.5,71804.05,mid_price,no_nse_iv
2026-09-23T14:38:57.550006+00:00,2026-09-23T20:08:57.550006+05:30,NIFTYNXT50,29-Sep-2026,71900.0,PE,72462.4,,0,371.6,25,0.0,,0,0,0,0,0,,,,,,,,,,,,,,,0.015907611935375446,,,,,,10.29,25,71950.1,72465.7,71931.5,71804.05,none,no_price_available
2026-09-23T14:38:57.550006+00:00,2026-09-23T20:08:57.550006+05:30,NIFTYNXT50,29-Sep-2026,72000.0,CE,72462.4,625,25,711,25,699.95,668.0,50,-3,37,45.18772038996059,8.99,0.7412021796744243,0.00039368429118420174,-30.86268561256903,29.562298206409654,-2.2887907612506586,0.013458727713658577,135.44213538268934,-2.901591370735989e-07,-0.0025754680231006026,2.334614254324817e-05,-3.3402492639089925,82.09841379461436,-0.7368761479829364,0.00039875718467525595,0.015907611935375446,72543,0.06988370450179426,0.01,index_dividend_yield,0.065,10.29,25,71950.1,72465.7,71931.5,71804.05,mid_price,ok
2026-09-23T14:38:57.550006+00:00,2026-09-23T20:08:57.550006+05:30,NIFTYNXT50,29-Sep-2026,72000.0,PE,72462.4,240.1,150,330.95,150,250,285.525,26,2,23,-49.23857868020305,13.17,-0.32761200413225583,0.000299967199839929,-33.80014547144722,32.99817792776241,-1.1782479948955482,0.010094315995157942,48.069799265547886,-1.1048700219902328e-07,-0.0018407514878266882,2.2122194393261632e-05,-3.25341707598852,-90.99022319973321,0.33333964330073845,0.00030383248400206935,0.015907611935375446,72543,0.06988370450179426,0.01,index_dividend_yield,0.065,10.29,25,71950.1,72465.7,71931.5,71804.05,mid_price,wide_quote_low_liquidity
2026-09-23T14:38:57.550006+00:00,2026-09-23T20:08:57.550006+05:30,NIFTYNXT50,29-Sep-2026,72100.0,CE,72462.4,524.35,100,667.5,100,516.15,595.925,3,3,3,-85.41083693716611,4.98,0.8264322226457587,0.0005630544553931482,-18.98459565457341,23.421254760235932,-4.808535865705676,0.014511913751310392,413.5139636469169,-9.359417332852559e-07,-0.0013616052538779574,1.855105615213917e-05,-3.2616046341537093,127.98610175055026,-0.8240965030999634,0.0005687289006240943,0.015907611935375446,72543,0.06988370450179426,0.01,index_dividend_yield,0.065,10.29,25,71950.1,72465.7,71931.5,71804.05,mid_price,wide_quote_low_liquidity
2026-09-23T14:38:57.550006+00:00,2026-09-23T20:08:57.550006+05:30,NIFTYNXT50,29-Sep-2026,72100.0,PE,72462.4,182,25,,0,519.3,,3,0,0,0,13.68,-0.36314099926155324,0.00030008967585704857,-36.37392040865688,34.290006525268005,-0.9124256415373455,0.007474955843855184,29.181338647347843,-8.452106345414563e-08,-0.0019383407977247513,2.3789495708428826e-05,-3.1919845896912187,-84.01128495177991,0.36931052682053295,0.00030311397024582876,0.015907611935375446,72543,0.06988370450179426,0.01,index_dividend_yield,0.065,10.29,25,71950.1,72465.7,71931.5,71804.05,ltp,ok
2026-09-23T14:38:57.550006+00:00,2026-09-23T20:08:57.550006+05:30,NIFTYNXT50,29-Sep-2026,72200.0,CE,72462.4,,0,794,25,0.0,,0,0,0,0,0,,,,,,,,,,,,,,,0.015907611935375446,,,,,,10.29,25,71950.1,72465.7,71931.5,71804.05,none,no_price_available
2026-09-23T14:38:57.550006+00:00,2026-09-23T20:08:57.550006+05:30,NIFTYNXT50,29-Sep-2026,72200.0,PE,72462.4,,0,500,25,0.0,,0,0,0,0,0,,,,,,,,,,,,,,,0.015907611935375446,,,,,,10.29,25,71950.1,72465.7,71931.5,71804.05,none,no_price_available
2026-09-23T14:38:57.550006+00:00,2026-09-23T20:08:57.550006+05:30,NIFTYNXT50,29-Sep-2026,72300.0,CE,72462.4,442,25,542.65,125,518.15,492.325,5,5,8,-84.93027178733986,9.74,0.6024739244292613,0.0004331987314131596,-36.053384077737746,35.243298560737806,-0.9808585095896771,0.0035210683821800893,23.310192734573576,-1.2180063787940702e-07,-0.004161498856608883,3.634790369227176e-05,-3.118086935289287,91.20325056902617,-0.5972065228953988,0.000435147015938621,0.015907611935375446,72543,0.06988370450179426,0.01,index_dividend_yield,0.065,10.29,25,71950.1,72465.7,71931.5,71804.05,mid_price,wide_quote_low_liquidity
2026-09-23T14:38:57.550006+00:00,2026-09-23T20:08:57.550006+05:30,NIFTYNXT50,29-Sep-2026,72300.0,PE,72462.4,,0,550,25,0.0,,0,0,0,0,0,,,,,,,,,,,,,,,0.015907611935375446,,,,,,10.29,25,71950.1,72465.7,71931.5,71804.05,none,no_price_available
2026-09-23T14:38:57.550006+00:00,2026-09-23T20:08:57.550006+05:30,NIFTYNXT50,29-Sep-2026,72400.0,CE,72462.4,0.1,50,650,25,0.0,325.05,0,0,0,0,0,,,,,,,,,,,,,,,0.015907611935375446,72543,0.06988370450179426,0.01,index_dividend_yield,0.065,10.29,25,71950.1,72465.7,71931.5,71804.05,mid_price,no_nse_iv
2026-09-23T14:38:57.550006+00:00,2026-09-23T20:08:57.550006+05:30,NIFTYNXT50,29-Sep-2026,72400.0,PE,72462.4,381.15,125,496.1,125,404,438.625,1,-1,26,-44.85770831911554,13.22,-0.45514978794489475,0.00032805534696087556,-36.1946271381541,36.22504985161063,-0.2872590875300507,-0.0003223682778044012,2.9531097740509438,-3.3342530222418674e-08,-0.00245490261105991,2.8332067100476877e-05,-3.1162601624982136,-78.28987371387235,0.46136073065631433,0.00032862107832159397,0.015907611935375446,72543,0.06988370450179426,0.01,index_dividend_yield,0.065,10.29,25,71950.1,72465.7,71931.5,71804.05,mid_price,wide_quote_low_liquidity
2026-09-23T14:38:57.550006+00:00,2026-09-23T20:08:57.550006+05:30,NIFTYNXT50,29-Sep-2026,72500.0,CE,72462.4,330.4,25,532.95,25,0.0,431.675,0,0,0,0,0,,,,,,,,,,,,,,,0.015907611935375446,72543,0.06988370450179426,0.01,index_dividend_yield,0.065,10.29,25,71950.1,72465.7,71931.5,71804.05,mid_price,no_nse_iv
2026-09-23T14:38:57.550006+00:00,2026-09-23T20:08:57.550006+05:30,NIFTYNXT50,29-Sep-2026,72500.0,PE,72462.4,436.7,50,567.85,125,450,502.275,17,7,86,-45.25880420898972,13.22,-0.48807647229828127,0.00032999153891640355,-36.069988102914465,36.43885112252743,-0.039282283175873234,-0.0031717180908894423,0.10662300238450939,-1.1913312534377154e-08,-0.0024953309444545485,2.854786708847167e-05,-3.1293077845087303,-75.40131371192982,0.49429303866507285,0.0003296493467943899,0.015907611935375446,72543,0.06988370450179426,0.01,index_dividend_yield,0.065,10.29,25,71950.1,72465.7,71931.5,71804.05,mid_price,wide_quote_low_liquidity
2026-09-23T14:38:57.550006+00:00,2026-09-23T20:08:57.550006+05:30,NIFTYNXT50,29-Sep-2026,72600.0,CE,72462.4,288,25,444.4,25,288,366.2,3,0,0,0,18.81,0.48746766168549943,0.0002319130903941799,-64.22781099374703,36.43715622763394,0.11646840583434681,-0.004410215916477858,0.3323816915212774,1.0591264218583702e-09,-0.0012308436217595537,1.9927701227923873e-05,-3.1503523296491114,54.37331748597626,-0.4775955480067439,0.00023103482592359153,0.015907611935375446,72543,0.06988370450179426,0.01,index_dividend_yield,0.065,10.29,25,71950.1,72465.7,71931.5,71804.05,mid_price,wide_quote_low_liquidity
2026-09-23T14:38:57.550006+00:00,2026-09-23T20:08:57.550006+05:30,NIFTYNXT50,29-Sep-2026,72600.0,PE,72462.4,402.05,25,,0,548.65,,6,4,4,-33.20550280009739,14.55,-0.5184720662819939,0.0002996351259919188,-39.864491537814295,36.41548791863088,0.17767191784257008,-0.005518096337041862,0.7555366524663043,6.265142523888184e-09,-0.002053227743264394,2.5657725168340712e-05,-3.159267295876892,-66.07939353184958,0.5253207253512744,0.0002985003953699791,0.015907611935375446,72543,0.06988370450179426,0.01,index_dividend_yield,0.065,10.29,25,71950.1,72465.7,71931.5,71804.05,ltp,ok
2026-09-23T14:38:57.550006+00:00,2026-09-23T20:08:57.550006+05:30,NIFTYNXT50,29-Sep-2026,72700.0,CE,72462.4,,0,500,25,0.0,,0,0,0,0,0,,,,,,,,,,,,,,,0.015907611935375446,,,,,,10.29,25,71950.1,72465.7,71931.5,71804.05,none,no_price_available
2026-09-23T14:38:57.550006+00:00,2026-09-23T20:08:57.550006+05:30,NIFTYNXT50,29-Sep-2026,72700.0,PE,72462.4,12,600,1110,25,0.0,561.0,0,0,0,0,0,,,,,,,,,,,,,,,0.015907611935375446,72543,0.06988370450179426,0.01,index_dividend_yield,0.065,10.29,25,71950.1,72465.7,71931.5,71804.05,mid_price,no_nse_iv
2026-09-23T14:38:57.550006+00:00,2026-09-23T20:08:57.550006+05:30,NIFTYNXT50,29-Sep-2026,72800.0,CE,72462.4,0.1,50,391.65,25,0.0,195.875,0,0,0,0,0,,,,,,,,,,,,,,,0.015907611935375446,72543,0.06988370450179426,0.01,index_dividend_yield,0.065,10.29,25,71950.1,72465.7,71931.5,71804.05,mid_price,no_nse_iv
2026-09-23T14:38:57.550006+00:00,2026-09-23T20:08:57.550006+05:30,NIFTYNXT50,29-Sep-2026,72800.0,PE,72462.4,0.1,50,,0,0.0,,0,0,0,0,0,,,,,,,,,,,,,,,0.015907611935375446,,,,,,10.29,25,71950.1,72465.7,71931.5,71804.05,none,no_price_available
2026-09-23T14:38:57.550006+00:00,2026-09-23T20:08:57.550006+05:30,NIFTYNXT50,29-Sep-2026,72900.0,CE,72462.4,0.05,50,367.3,25,0.0,183.675,0,0,0,0,0,,,,,,,,,,,,,,,0.015907611935375446,72543,0.06988370450179426,0.01,index_dividend_yield,0.065,10.29,25,71950.1,72465.7,71931.5,71804.05,mid_price,no_nse_iv
2026-09-23T14:38:57.550006+00:00,2026-09-23T20:08:57.550006+05:30,NIFTYNXT50,29-Sep-2026,72900.0,PE,72462.4,205.75,25,,0,729.3,,7,4,4,-18.0561797752809,14.97,-0.6036689478748719,0.00028162562920301806,-38.67030991911978,35.214732304906164,0.7258238355424829,-0.01246393028133185,17.453972319131594,4.869761693229458e-08,-0.001741749257275888,2.189572551122171e-05,-3.3316456131929706,-57.9981911954778,0.6103912089244555,0.00027825472417803635,0.015907611935375446,72543,0.06988370450179426,0.01,index_dividend_yield,0.065,10.29,25,71950.1,72465.7,71931.5,71804.05,ltp,ok
2026-09-23T14:38:57.550006+00:00,2026-09-23T20:08:57.550006+05:30,NIFTYNXT50,29-Sep-2026,73000.0,CE,72462.4,1.1,50,222,25,160,111.55,33,0,0,0,13.26,0.3514362193476801,0.00030606388192098066,-42.49475408322118,33.89893250743007,1.1134005978770956,-0.016064941711697752,38.801799611086096,8.838199464060045e-08,-0.0019579265503520626,2.1331969560360254e-05,-3.479063152392981,89.51673081452996,-0.34495109249929035,0.0003015725373923428,0.015907611935375446,72543,0.06988370450179426,0.01,index_dividend_yield,0.065,10.29,25,71950.1,72465.7,71931.5,71804.05,mid_price,wide_quote_low_liquidity
2026-09-23T14:38:57.550006+00:00,2026-09-23T20:08:57.550006+05:30,NIFTYNXT50,29-Sep-2026,73000.0,PE,72462.4,666,50,975,25,1125,820.5,14,0,0,0,15.81,-0.6242178466794069,0.00026253979314844016,-40.2356846525992,34.670286031394404,0.8081105734775162,-0.013903148030000381,23.40141035036325,5.242575277204864e-08,-0.0014834357906877286,1.95959549402329e-05,-3.3874938980030693,-53.48670762009664,0.6312054437337073,0.0002586871442958343,0.015907611935375446,72543,0.06988370450179426,0.01,index_dividend_yield,0.065,10.29,25,71950.1,72465.7,71931.5,71804.05,mid_price,wide_quote_low_liquidity
2026-09-23T14:38:57.550006+00:00,2026-09-23T20:08:57.550006+05:30,NIFTYNXT50,29-Sep-2026,73100.0,CE,72462.4,1.35,100,321.1,25,0.0,161.22500000000002,0,0,0,0,0,,,,,,,,,,,,,,,0.015907611935375446,72543,0.06988370450179426,0.01,index_dividend_yield,0.065,10.29,25,71950.1,72465.7,71931.5,71804.05,mid_price,no_nse_iv
2026-09-23T14:38:57.550006+00:00,2026-09-23T20:08:57.550006+05:30,NIFTYNXT50,29-Sep-2026,73100.0,PE,72462.4,,0,,0,0.0,,0,0,0,0,0,,,,,,,,,,,,,,,0.015907611935375446,,,,,,10.29,25,71950.1,72465.7,71931.5,71804.05,none,no_price_available
2026-09-23T14:38:57.550006+00:00,2026-09-23T20:08:57.550006+05:30,NIFTYNXT50,29-Sep-2026,73200.0,CE,72462.4,0.05,50,286.9,25,0.0,143.475,0,0,0,0,0,,,,,,,,,,,,,,,0.015907611935375446,72543,0.06988370450179426,0.01,index_dividend_yield,0.065,10.29,25,71950.1,72465.7,71931.5,71804.05,mid_price,no_nse_iv
2026-09-23T14:38:57.550006+00:00,2026-09-23T20:08:57.550006+05:30,NIFTYNXT50,29-Sep-2026,73200.0,PE,72462.4,0.1,50,1549.45,50,0.0,774.775,0,0,0,0,0,,,,,,,,,,,,,,,0.015907611935375446,72543,0.06988370450179426,0.01,index_dividend_yield,0.065,10.29,25,71950.1,72465.7,71931.5,71804.05,mid_price,no_nse_iv
2026-09-23T14:38:57.550006+00:00,2026-09-23T20:08:57.550006+05:30,NIFTYNXT50,29-Sep-2026,73300.0,CE,72462.4,0.05,50,269.6,25,0.0,134.82500000000002,0,0,0,0,0,,,,,,,,,,,,,,,0.015907611935375446,72543,0.06988370450179426,0.01,index_dividend_yield,0.065,10.29,25,71950.1,72465.7,71931.5,71804.05,mid_price,no_nse_iv
2026-09-23T14:38:57.550006+00:00,2026-09-23T20:08:57.550006+05:30,NIFTYNXT50,29-Sep-2026,73300.0,PE,72462.4,520.05,50,1384.15,50,900.05,952.1,7,0,0,0,13.41,-0.732031465824542,0.0002686630948797809,-26.584937083135674,30.093119320393647,1.5622646322483447,-0.02101523153729017,88.43163341182958,1.2718012525221873e-07,-0.0012139703350039872,1.2537828209538501e-05,-3.7792087592629273,-54.5766017863939,0.7369261813598754,0.0002625581430279981,0.015907611935375446,72543,0.06988370450179426,0.01,index_dividend_yield,0.065,10.29,25,71950.1,72465.7,71931.5,71804.05,mid_price,wide_quote_low_liquidity
2026-09-23T14:38:57.550006+00:00,2026-09-23T20:08:57.550006+05:30,NIFTYNXT50,29-Sep-2026,73400.0,CE,72462.4,0.05,50,248.85,25,0.0,124.45,0,0,0,0,0,,,,,,,,,,,,,,,0.015907611935375446,72543,0.06988370450179426,0.01,index_dividend_yield,0.065,10.29,25,71950.1,72465.7,71931.5,71804.05,mid_price,no_nse_iv
2026-09-23T14:38:57.550006+00:00,2026-09-23T20:08:57.550006+05:30,NIFTYNXT50,29-Sep-2026,73400.0,PE,72462.4,0.05,50,3582.35,50,1110.35,1791.2,3,0,0,0,16.06,-0.7193897555465262,0.00022950205692468236,-34.522021148420095,30.786657426371075,1.261937280747305,-0.019999183652314168,67.05330063277692,8.544103863805258e-08,-0.0009291841434203377,1.1862882456997774e-05,-3.7121914381155676,-46.30592049148672,0.7255375244806204,0.00022367625900348879,0.015907611935375446,72543,0.06988370450179426,0.01,index_dividend_yield,0.065,10.29,25,71950.1,72465.7,71931.5,71804.05,mid_price,wide_quote_low_liquidity
2026-09-23T14:38:57.550006+00:00,2026-09-23T20:08:57.550006+05:30,NIFTYNXT50,29-Sep-2026,73500.0,CE,72462.4,135,25,232,25,135,183.5,7,0,0,0,18.47,0.28731431292966547,0.00020187864446284513,-52.62051276311126,31.14495382603038,1.0782771468388352,-0.019367828192081125,55.29782013802098,6.304018133684102e-08,-0.0007345806097114018,1.0957064653667106e-05,-3.6751239395285418,69.5190008169444,-0.27918374985352556,0.00019621903243947802,0.015907611935375446,72543,0.06988370450179426,0.01,index_dividend_yield,0.065,10.29,25,71950.1,72465.7,71931.5,71804.05,mid_price,wide_quote_low_liquidity
2026-09-23T14:38:57.550006+00:00,2026-09-23T20:08:57.550006+05:30,NIFTYNXT50,29-Sep-2026,73500.0,PE,72462.4,0.05,50,3693.75,50,0.0,1846.9,0,0,0,0,0,,,,,,,,,,,,,,,0.015907611935375446,72543,0.06988370450179426,0.01,index_dividend_yield,0.065,10.29,25,71950.1,72465.7,71931.5,71804.05,mid_price,no_nse_iv
2026-09-23T14:38:57.550006+00:00,2026-09-23T20:08:57.550006+05:30,NIFTYNXT50,29-Sep-2026,73600.0,CE,72462.4,1.15,50,214.45,25,0.0,107.8,0,0,0,0,0,,,,,,,,,,,,,,,0.015907611935375446,72543,0.06988370450179426,0.01,index_dividend_yield,0.065,10.29,25,71950.1,72465.7,71931.5,71804.05,mid_price,no_nse_iv
2026-09-23T14:38:57.550006+00:00,2026-09-23T20:08:57.550006+05:30,NIFTYNXT50,29-Sep-2026,73600.0,PE,72462.4,1.05,50,1725.7,50,0.0,863.375,0,0,0,0,0,,,,,,,,,,,,,,,0.015907611935375446,,,,,,10.29,25,71950.1,72465.7,71931.5,71804.05,mid_price,no_price_available
2026-09-23T14:38:57.550006+00:00,2026-09-23T20:08:57.550006+05:30,NIFTYNXT50,29-Sep-2026,73700.0,CE,72462.4,0.1,50,198.7,25,2150,99.39999999999999,1,0,0,0,13,0.16567417927092884,0.00020947027438058432,-27.25364666671826,22.74553570567532,1.8908623919061256,-0.023462750558581012,167.8588083882957,1.6300169274957991e-07,-6.535959035644035e-05,-1.1630002347092422e-06,-4.040909750482836,115.73937750086546,-0.16148470748929358,0.00020249432385090427,0.015907611935375446,72543,0.06988370450179426,0.01,index_dividend_yield,0.065,10.29,25,71950.1,72465.7,71931.5,71804.05,mid_price,wide_quote_low_liquidity
2026-09-23T14:38:57.550006+00:00,2026-09-23T20:08:57.550006+05:30,NIFTYNXT50,29-Sep-2026,73700.0,PE,72462.4,0.05,50,3917.05,50,0.0,1958.5500000000002,0,0,0,0,0,,,,,,,,,,,,,,,0.015907611935375446,72543,0.06988370450179426,0.01,index_dividend_yield,0.065,10.29,25,71950.1,72465.7,71931.5,71804.05,mid_price,no_nse_iv
2026-09-23T14:38:57.550006+00:00,2026-09-23T20:08:57.550006+05:30,NIFTYNXT50,29-Sep-2026,73800.0,CE,72462.4,0.15,50,144,25,205.55,72.075,1,1,1,-92.53820742730606,17.06,0.21221331392483236,0.00018596945114038584,-41.21564575418193,26.500315966141894,1.3940003442851345,-0.022522104604047972,101.7526308936123,9.074230125869638e-08,-0.00037601225000467864,4.472735818996014e-06,-3.925557243540539,82.71349216875343,-0.20584787765014864,0.000179289276118934,0.015907611935375446,72543,0.06988370450179426,0.01,index_dividend_yield,0.065,10.29,25,71950.1,72465.7,71931.5,71804.05,mid_price,wide_quote_low_liquidity
2026-09-23T14:38:57.550006+00:00,2026-09-23T20:08:57.550006+05:30,NIFTYNXT50,29-Sep-2026,73800.0,PE,72462.4,0.05,50,4028.65,50,0.0,2014.3500000000001,0,0,0,0,0,,,,,,,,,,,,,,,0.015907611935375446,72543,0.06988370450179426,0.01,index_dividend_yield,0.065,10.29,25,71950.1,72465.7,71931.5,71804.05,mid_price,no_nse_iv
2026-09-23T14:38:57.550006+00:00,2026-09-23T20:08:57.550006+05:30,NIFTYNXT50,29-Sep-2026,73900.0,CE,72462.4,0.05,50,169.8,25,0.0,84.92500000000001,0,0,0,0,0,,,,,,,,,,,,,,,0.015907611935375446,72543,0.06988370450179426,0.01,index_dividend_yield,0.065,10.29,25,71950.1,72465.7,71931.5,71804.05,mid_price,no_nse_iv
2026-09-23T14:38:57.550006+00:00,2026-09-23T20:08:57.550006+05:30,NIFTYNXT50,29-Sep-2026,73900.0,PE,72462.4,,0,,0,0.0,,0,0,0,0,0,,,,,,,,,,,,,,,0.015907611935375446,,,,,,10.29,25,71950.1,72465.7,71931.5,71804.05,none,no_price_available
2026-09-23T14:38:57.550006+00:00,2026-09-23T20:08:57.550006+05:30,NIFTYNXT50,29-Sep-2026,74000.0,CE,72462.4,45,25,57.95,25,55,51.475,23,-5,135,-56.14035087719298,11.94,0.09196334635330902,0.000151208405397737,-16.50142704309405,15.08032413156472,1.8568938132926607,-0.02073995354554798,225.49276419472352,1.7770110655992795e-07,0.0009947500088275428,-1.226415674362663e-05,-3.816397338912857,143.51009335254042,-0.08942499774811545,0.00014498995734441594,0.015907611935375446,72543,0.06988370450179426,0.01,index_dividend_yield,0.065,10.29,25,71950.1,72465.7,71931.5,71804.05,mid_price,wide_quote_low_liquidity
2026-09-23T14:38:57.550006+00:00,2026-09-23T20:08:57.550006+05:30,NIFTYNXT50,29-Sep-2026,74000.0,PE,72462.4,1253.25,25,,0,0.0,,0,0,0,0,0,,,,,,,,,,,,,,,0.015907611935375446,,,,,,10.29,25,71950.1,72465.7,71931.5,71804.05,none,no_price_available
2026-09-23T14:38:57.550006+00:00,2026-09-23T20:08:57.550006+05:30,NIFTYNXT50,29-Sep-2026,74100.0,CE,72462.4,0.05,50,144.35,25,0.0,72.2,0,0,0,0,0,,,,,,,,,,,,,,,0.015907611935375446,72543,0.06988370450179426,0.01,index_dividend_yield,0.065,10.29,25,71950.1,72465.7,71931.5,71804.05,mid_price,no_nse_iv
2026-09-23T14:38:57.550006+00:00,2026-09-23T20:08:57.550006+05:30,NIFTYNXT50,29-Sep-2026,74100.0,PE,72462.4,,0,2065.9,25,0.0,,0,0,0,0,0,,,,,,,,,,,,,,,0.015907611935375446,,,,,,10.29,25,71950.1,72465.7,71931.5,71804.05,none,no_price_available
2026-09-23T14:38:57.550006+00:00,2026-09-23T20:08:57.550006+05:30,NIFTYNXT50,29-Sep-2026,74200.0,CE,72462.4,0.05,50,132.75,25,0.0,66.4,0,0,0,0,0,,,,,,,,,,,,,,,0.015907611935375446,72543,0.06988370450179426,0.01,index_dividend_yield,0.065,10.29,25,71950.1,72465.7,71931.5,71804.05,mid_price,no_nse_iv
2026-09-23T14:38:57.550006+00:00,2026-09-23T20:08:57.550006+05:30,NIFTYNXT50,29-Sep-2026,74200.0,PE,72462.4,0.05,50,4474.05,50,0.0,2237.05,0,0,0,0,0,,,,,,,,,,,,,,,0.015907611935375446,72543,0.06988370450179426,0.01,index_dividend_yield,0.065,10.29,25,71950.1,72465.7,71931.5,71804.05,mid_price,no_nse_iv
2026-09-23T14:38:57.550006+00:00,2026-09-23T20:08:57.550006+05:30,NIFTYNXT50,29-Sep-2026,74300.0,CE,72462.4,0.15,25,109,25,109,54.575,1,0,0,0,17.5,0.13917375618932581,0.00013859776161887893,-32.030229619233694,20.259311452568287,1.40096926403023,-0.022630346084012404,138.78970335611385,9.054997741436886e-08,0.00015753233663139208,-3.420320665793415e-06,-3.9858137452050335,89.90771814855677,-0.13422200980786872,0.0001318268931665228,0.015907611935375446,72543,0.06988370450179426,0.01,index_dividend_yield,0.065,10.29,25,71950.1,72465.7,71931.5,71804.05,mid_price,wide_quote_low_liquidity
2026-09-23T14:38:57.550006+00:00,2026-09-23T20:08:57.550006+05:30,NIFTYNXT50,29-Sep-2026,74300.0,PE,72462.4,,0,,0,0.0,,0,0,0,0,0,,,,,,,,,,,,,,,0.015907611935375446,,,,,,10.29,25,71950.1,72465.7,71931.5,71804.05,none,no_price_available
2026-09-23T14:38:57.550006+00:00,2026-09-23T20:08:57.550006+05:30,NIFTYNXT50,29-Sep-2026,74400.0,CE,72462.4,0.05,50,111.85,25,0.0,55.949999999999996,0,0,0,0,0,,,,,,,,,,,,,,,0.015907611935375446,72543,0.06988370450179426,0.01,index_dividend_yield,0.065,10.29,25,71950.1,72465.7,71931.5,71804.05,mid_price,no_nse_iv
2026-09-23T14:38:57.550006+00:00,2026-09-23T20:08:57.550006+05:30,NIFTYNXT50,29-Sep-2026,74400.0,PE,72462.4,1710.05,25,2389.3,50,0.0,2049.675,0,0,0,0,0,,,,,,,,,,,,,,,0.015907611935375446,72543,0.06988370450179426,0.01,index_dividend_yield,0.065,10.29,25,71950.1,72465.7,71931.5,71804.05,mid_price,no_nse_iv
2026-09-23T14:38:57.550006+00:00,2026-09-23T20:08:57.550006+05:30,NIFTYNXT50,29-Sep-2026,74500.0,CE,72462.4,18.45,25,39.95,25,16.8,29.200000000000003,18,0,1,0.5988023952095808,11.51,0.032678726987122285,6.942091774446764e-05,-6.969640565364133,6.674151955291629,1.17826296018593,-0.012426101896355509,198.4336439467622,1.2124058785891582e-07,0.0014609410775161223,-1.580617875205733e-05,-2.6670735706032556,176.6536593642276,-0.031605024763196106,6.567547663534649e-05,0.015907611935375446,72543,0.06988370450179426,0.01,index_dividend_yield,0.065,10.29,25,71950.1,72465.7,71931.5,71804.05,mid_price,wide_quote_low_liquidity
2026-09-23T14:38:57.550006+00:00,2026-09-23T20:08:57.550006+05:30,NIFTYNXT50,29-Sep-2026,74500.0,PE,72462.4,,0,,0,3600,,15,0,0,0,0,,,,,,,,,,,,,,,0.015907611935375446,72543,0.06988370450179426,0.01,index_dividend_yield,0.065,10.29,25,71950.1,72465.7,71931.5,71804.05,ltp,no_nse_iv
2026-09-23T14:38:57.550006+00:00,2026-09-23T20:08:57.550006+05:30,NIFTYNXT50,29-Sep-2026,74600.0,CE,72462.4,14.5,50,27.95,100,14.25,21.225,15,-9,36,1.4234875444839858,11.64,0.02784661036199668,6.0118620710263674e-05,-6.1609644410701065,5.845106174149697,1.0592714941008285,-0.011263974541001741,185.23005829856754,1.0833855597513388e-07,0.001388716187046372,-1.5095418242759794e-05,-2.472732342287272,178.59432899319333,-0.026897236021520513,5.672268513061841e-05,0.015907611935375446,72543,0.06988370450179426,0.01,index_dividend_yield,0.065,10.29,25,71950.1,72465.7,71931.5,71804.05,mid_price,wide_quote_low_liquidity
2026-09-23T14:38:57.550006+00:00,2026-09-23T20:08:57.550006+05:30,NIFTYNXT50,29-Sep-2026,74600.0,PE,72462.4,,0,,0,0.0,,0,0,0,0,0,,,,,,,,,,,,,,,0.015907611935375446,,,,,,10.29,25,71950.1,72465.7,71931.5,71804.05,none,no_price_available
2026-09-23T14:38:57.550006+00:00,2026-09-23T20:08:57.550006+05:30,NIFTYNXT50,29-Sep-2026,74700.0,CE,72462.4,10.05,25,28.95,25,14,19.5,3,1,11,-83.70197904540163,12.07,0.02663495627836613,5.5864717976141945e-05,-6.142870514970749,5.632164056887434,0.994454013933466,-0.010936146075194697,175.6495587792144,9.810198050377345e-08,0.0012794482803203647,-1.4361409066896347e-05,-2.41637455844147,173.29737468110685,-0.025688028653969637,5.25680461066029e-05,0.015907611935375446,72543,0.06988370450179426,0.01,index_dividend_yield,0.065,10.29,25,71950.1,72465.7,71931.5,71804.05,mid_price,wide_quote_low_liquidity
2026-09-23T14:38:57.550006+00:00,2026-09-23T20:08:57.550006+05:30,NIFTYNXT50,29-Sep-2026,74700.0,PE,72462.4,,0,,0,0.0,,0,0,0,0,17.28,,,,,,,,,,,,,,,0.015907611935375446,,,,,,10.29,25,71950.1,72465.7,71931.5,71804.05,none,no_price_available
2026-09-23T14:38:57.550006+00:00,2026-09-23T20:08:57.550006+05:30,NIFTYNXT50,29-Sep-2026,74800.0,CE,72462.4,10.55,125,24,25,10.05,17.275,10,-1,8,-84.04761904761905,11.87,0.019944337814659346,4.4525088385715045e-05,-4.728777425715971,4.414544765822863,0.8422102103019438,-0.009085935690238932,158.16100392820198,8.53448007851635e-08,0.0012201211229032876,-1.3382754679674176e-05,-2.0862737500710176,182.89803452960493,-0.01921541222248172,4.178563656262058e-05,0.015907611935375446,72543,0.06988370450179426,0.01,index_dividend_yield,0.065,10.29,25,71950.1,72465.7,71931.5,71804.05,mid_price,wide_quote_low_liquidity
2026-09-23T14:38:57.550006+00:00,2026-09-23T20:08:57.550006+05:30,NIFTYNXT50,29-Sep-2026,74800.0,PE,72462.4,,0,,0,0.0,,0,0,0,0,0,,,,,,,,,,,,,,,0.015907611935375446,,,,,,10.29,25,71950.1,72465.7,71931.5,71804.05,none,no_price_available
2026-09-23T14:38:57.550006+00:00,2026-09-23T20:08:57.550006+05:30,NIFTYNXT50,29-Sep-2026,74900.0,CE,72462.4,0.05,25,71.1,25,0.0,35.574999999999996,0,0,0,0,0,,,,,,,,,,,,,,,0.015907611935375446,72543,0.06988370450179426,0.01,index_dividend_yield,0.065,10.29,25,71950.1,72465.7,71931.5,71804.05,mid_price,no_nse_iv
2026-09-23T14:38:57.550006+00:00,2026-09-23T20:08:57.550006+05:30,NIFTYNXT50,29-Sep-2026,74900.0,PE,72462.4,,0,,0,0.0,,0,0,0,0,0,,,,,,,,,,,,,,,0.015907611935375446,,,,,,10.29,25,71950.1,72465.7,71931.5,71804.05,none,no_price_available
2026-09-23T14:38:57.550006+00:00,2026-09-23T20:08:57.550006+05:30,NIFTYNXT50,29-Sep-2026,75000.0,CE,72462.4,11.4,50,18.95,25,11.1,15.175,23,-3,14,-48.372093023255815,12.94,0.0203141161101637,4.148464127885703e-05,-5.21665883686379,4.483859868213171,0.782338772828843,-0.009161478671579269,146.37525919785244,7.236522187454411e-08,0.0010336828371775198,-1.2293731072427277e-05,-2.100064142132938,167.46589135478092,-0.019509596003223786,3.872489424125627e-05,0.015907611935375446,72543,0.06988370450179426,0.01,index_dividend_yield,0.065,10.29,25,71950.1,72465.7,71931.5,71804.05,mid_price,wide_quote_low_liquidity
2026-09-23T14:38:57.550006+00:00,2026-09-23T20:08:57.550006+05:30,NIFTYNXT50,29-Sep-2026,75000.0,PE,72462.4,,0,,0,0.0,,0,0,0,0,0,,,,,,,,,,,,,,,0.015907611935375446,,,,,,10.29,25,71950.1,72465.7,71931.5,71804.05,none,no_price_available
2026-09-23T14:38:57.550006+00:00,2026-09-23T20:08:57.550006+05:30,NIFTYNXT50,29-Sep-2026,75100.0,CE,72462.4,,0,58.65,25,0.0,,0,0,0,0,0,,,,,,,,,,,,,,,0.015907611935375446,,,,,,10.29,25,71950.1,72465.7,71931.5,71804.05,none,no_price_available
2026-09-23T14:38:57.550006+00:00,2026-09-23T20:08:57.550006+05:30,NIFTYNXT50,29-Sep-2026,75100.0,PE,72462.4,,0,,0,0.0,,0,0,0,0,0,,,,,,,,,,,,,,,0.015907611935375446,,,,,,10.29,25,71950.1,72465.7,71931.5,71804.05,none,no_price_available
2026-09-23T14:38:57.550006+00:00,2026-09-23T20:08:57.550006+05:30,NIFTYNXT50,29-Sep-2026,75200.0,CE,72462.4,7.4,25,20,25,7,13.7,8,0,0,0,15.1,0.029261345115106828,4.829337321577844e-05,-8.237090538837359,6.091088428412498,0.8433037499069977,-0.011482497136339136,145.79602366905496,6.583775814171394e-08,0.0008361454787900186,-1.1592182376174108e-05,-2.5093726844731226,136.9537812572313,-0.02799022717544067,4.4841206387559115e-05,0.015907611935375446,72543,0.06988370450179426,0.01,index_dividend_yield,0.065,10.29,25,71950.1,72465.7,71931.5,71804.05,mid_price,wide_quote_low_liquidity
2026-09-23T14:38:57.550006+00:00,2026-09-23T20:08:57.550006+05:30,NIFTYNXT50,29-Sep-2026,75200.0,PE,72462.4,,0,,0,0.0,,0,0,0,0,0,,,,,,,,,,,,,,,0.015907611935375446,,,,,,10.29,25,71950.1,72465.7,71931.5,71804.05,none,no_price_available
2026-09-23T14:38:57.550006+00:00,2026-09-23T20:08:57.550006+05:30,NIFTYNXT50,29-Sep-2026,75300.0,CE,72462.4,,0,48.15,25,0.0,,0,0,0,0,0,,,,,,,,,,,,,,,0.015907611935375446,,,,,,10.29,25,71950.1,72465.7,71931.5,71804.05,none,no_price_available
2026-09-23T14:38:57.550006+00:00,2026-09-23T20:08:57.550006+05:30,NIFTYNXT50,29-Sep-2026,75300.0,PE,72462.4,,0,,0,0.0,,0,0,0,0,0,,,,,,,,,,,,,,,0.015907611935375446,,,,,,10.29,25,71950.1,72465.7,71931.5,71804.05,none,no_price_available
2026-09-23T14:38:57.550006+00:00,2026-09-23T20:08:57.550006+05:30,NIFTYNXT50,29-Sep-2026,75400.0,CE,72462.4,,0,43.5,25,0.0,,0,0,0,0,0,,,,,,,,,,,,,,,0.015907611935375446,,,,,,10.29,25,71950.1,72465.7,71931.5,71804.05,none,no_price_available
2026-09-23T14:38:57.550006+00:00,2026-09-23T20:08:57.550006+05:30,NIFTYNXT50,29-Sep-2026,75400.0,PE,72462.4,,0,,0,0.0,,0,0,0,0,0,,,,,,,,,,,,,,,0.015907611935375446,,,,,,10.29,25,71950.1,72465.7,71931.5,71804.05,none,no_price_available
2026-09-23T14:38:57.550006+00:00,2026-09-23T20:08:57.550006+05:30,NIFTYNXT50,29-Sep-2026,75500.0,CE,72462.4,,0,39.25,25,0.0,,0,0,0,0,0,,,,,,,,,,,,,,,0.015907611935375446,,,,,,10.29,25,71950.1,72465.7,71931.5,71804.05,none,no_price_available
2026-09-23T14:38:57.550006+00:00,2026-09-23T20:08:57.550006+05:30,NIFTYNXT50,29-Sep-2026,75500.0,PE,72462.4,,0,,0,0.0,,0,0,0,0,0,,,,,,,,,,,,,,,0.015907611935375446,,,,,,10.29,25,71950.1,72465.7,71931.5,71804.05,none,no_price_available
2026-09-23T14:38:57.550006+00:00,2026-09-23T20:08:57.550006+05:30,NIFTYNXT50,29-Sep-2026,75600.0,CE,72462.4,,0,35.35,25,0.0,,0,0,0,0,0,,,,,,,,,,,,,,,0.015907611935375446,,,,,,10.29,25,71950.1,72465.7,71931.5,71804.05,none,no_price_available
2026-09-23T14:38:57.550006+00:00,2026-09-23T20:08:57.550006+05:30,NIFTYNXT50,29-Sep-2026,75600.0,PE,72462.4,,0,,0,0.0,,0,0,0,0,0,,,,,,,,,,,,,,,0.015907611935375446,,,,,,10.29,25,71950.1,72465.7,71931.5,71804.05,none,no_price_available
2026-09-23T14:38:57.550006+00:00,2026-09-23T20:08:57.550006+05:30,NIFTYNXT50,29-Sep-2026,75700.0,CE,72462.4,,0,70,25,0.0,,0,0,0,0,0,,,,,,,,,,,,,,,0.015907611935375446,,,,,,10.29,25,71950.1,72465.7,71931.5,71804.05,none,no_price_available
2026-09-23T14:38:57.550006+00:00,2026-09-23T20:08:57.550006+05:30,NIFTYNXT50,29-Sep-2026,75700.0,PE,72462.4,,0,,0,0.0,,0,0,0,0,0,,,,,,,,,,,,,,,0.015907611935375446,,,,,,10.29,25,71950.1,72465.7,71931.5,71804.05,none,no_price_available
2026-09-23T14:38:57.550006+00:00,2026-09-23T20:08:57.550006+05:30,NIFTYNXT50,29-Sep-2026,75800.0,CE,72462.4,,0,59.95,25,0.0,,0,0,0,0,0,,,,,,,,,,,,,,,0.015907611935375446,,,,,,10.29,25,71950.1,72465.7,71931.5,71804.05,none,no_price_available
2026-09-23T14:38:57.550006+00:00,2026-09-23T20:08:57.550006+05:30,NIFTYNXT50,29-Sep-2026,75800.0,PE,72462.4,,0,,0,0.0,,0,0,0,0,0,,,,,,,,,,,,,,,0.015907611935375446,,,,,,10.29,25,71950.1,72465.7,71931.5,71804.05,none,no_price_available
2026-09-23T14:38:57.550006+00:00,2026-09-23T20:08:57.550006+05:30,NIFTYNXT50,29-Sep-2026,75900.0,CE,72462.4,,0,59.95,25,0.0,,0,0,0,0,0,,,,,,,,,,,,,,,0.015907611935375446,,,,,,10.29,25,71950.1,72465.7,71931.5,71804.05,none,no_price_available
2026-09-23T14:38:57.550006+00:00,2026-09-23T20:08:57.550006+05:30,NIFTYNXT50,29-Sep-2026,75900.0,PE,72462.4,,0,,0,0.0,,0,0,0,0,0,,,,,,,,,,,,,,,0.015907611935375446,,,,,,10.29,25,71950.1,72465.7,71931.5,71804.05,none,no_price_available
2026-09-23T14:38:57.550006+00:00,2026-09-23T20:08:57.550006+05:30,NIFTYNXT50,29-Sep-2026,76000.0,CE,72462.4,,0,49.95,25,0.0,,0,0,0,0,0,,,,,,,,,,,,,,,0.015907611935375446,,,,,,10.29,25,71950.1,72465.7,71931.5,71804.05,none,no_price_available
2026-09-23T14:38:57.550006+00:00,2026-09-23T20:08:57.550006+05:30,NIFTYNXT50,29-Sep-2026,76000.0,PE,72462.4,,0,,0,0.0,,0,0,0,0,0,,,,,,,,,,,,,,,0.015907611935375446,,,,,,10.29,25,71950.1,72465.7,71931.5,71804.05,none,no_price_available
2026-09-23T14:38:57.550006+00:00,2026-09-23T20:08:57.550006+05:30,NIFTYNXT50,29-Sep-2026,76100.0,CE,0,,0,,0,0.0,,0,0,0,0,0,,,,,,,,,,,,,,,0.015907611935375446,,,,,,10.29,25,71950.1,72465.7,71931.5,71804.05,none,no_price_available
2026-09-23T14:38:57.550006+00:00,2026-09-23T20:08:57.550006+05:30,NIFTYNXT50,29-Sep-2026,76100.0,PE,72462.4,,0,,0,0.0,,0,0,0,0,0,,,,,,,,,,,,,,,0.015907611935375446,,,,,,10.29,25,71950.1,72465.7,71931.5,71804.05,none,no_price_available
2026-09-23T14:38:57.550006+00:00,2026-09-23T20:08:57.550006+05:30,NIFTYNXT50,29-Sep-2026,76200.0,CE,0,,0,,0,0.0,,0,0,0,0,0,,,,,,,,,,,,,,,0.015907611935375446,,,,,,10.29,25,71950.1,72465.7,71931.5,71804.05,none,no_price_available
2026-09-23T14:38:57.550006+00:00,2026-09-23T20:08:57.550006+05:30,NIFTYNXT50,29-Sep-2026,76200.0,PE,72462.4,,0,,0,0.0,,0,0,0,0,0,,,,,,,,,,,,,,,0.015907611935375446,,,,,,10.29,25,71950.1,72465.7,71931.5,71804.05,none,no_price_available
2026-09-23T14:38:57.550006+00:00,2026-09-23T20:08:57.550006+05:30,NIFTYNXT50,29-Sep-2026,76300.0,CE,0,,0,,0,0.0,,0,0,0,0,0,,,,,,,,,,,,,,,0.015907611935375446,,,,,,10.29,25,71950.1,72465.7,71931.5,71804.05,none,no_price_available
2026-09-23T14:38:57.550006+00:00,2026-09-23T20:08:57.550006+05:30,NIFTYNXT50,29-Sep-2026,76300.0,PE,72462.4,,0,,0,0.0,,0,0,0,0,0,,,,,,,,,,,,,,,0.015907611935375446,,,,,,10.29,25,71950.1,72465.7,71931.5,71804.05,none,no_price_available
2026-09-23T14:38:57.550006+00:00,2026-09-23T20:08:57.550006+05:30,NIFTYNXT50,29-Sep-2026,76400.0,CE,0,,0,,0,0.0,,0,0,0,0,0,,,,,,,,,,,,,,,0.015907611935375446,,,,,,10.29,25,71950.1,72465.7,71931.5,71804.05,none,no_price_available
2026-09-23T14:38:57.550006+00:00,2026-09-23T20:08:57.550006+05:30,NIFTYNXT50,29-Sep-2026,76400.0,PE,72462.4,,0,,0,0.0,,0,0,0,0,0,,,,,,,,,,,,,,,0.015907611935375446,,,,,,10.29,25,71950.1,72465.7,71931.5,71804.05,none,no_price_available
2026-09-23T14:38:57.550006+00:00,2026-09-23T20:08:57.550006+05:30,NIFTYNXT50,29-Sep-2026,76500.0,CE,0,,0,,0,0.0,,0,0,0,0,0,,,,,,,,,,,,,,,0.015907611935375446,,,,,,10.29,25,71950.1,72465.7,71931.5,71804.05,none,no_price_available
2026-09-23T14:38:57.550006+00:00,2026-09-23T20:08:57.550006+05:30,NIFTYNXT50,29-Sep-2026,76500.0,PE,72462.4,,0,,0,0.0,,0,0,0,0,0,,,,,,,,,,,,,,,0.015907611935375446,,,,,,10.29,25,71950.1,72465.7,71931.5,71804.05,none,no_price_available
2026-09-23T14:38:57.550006+00:00,2026-09-23T20:08:57.550006+05:30,NIFTYNXT50,29-Sep-2026,76600.0,CE,72462.4,0.05,200,34,25,600,17.025,1,0,0,0,24.29,0.038467392096348606,3.760198223695213e-05,-16.37161698547544,7.629018546464024,0.6183384709165275,-0.013333748153996546,99.95179907615581,2.9427546100525984e-08,0.00033784401053793935,-7.395008965495021e-06,-2.8118578308231776,82.23631100408731,-0.03594705051140953,3.364950103382023e-05,0.015907611935375446,72543,0.06988370450179426,0.01,index_dividend_yield,0.065,10.29,25,71950.1,72465.7,71931.5,71804.05,mid_price,wide_quote_low_liquidity
2026-09-23T14:38:57.550006+00:00,2026-09-23T20:08:57.550006+05:30,NIFTYNXT50,29-Sep-2026,76600.0,PE,72462.4,,0,,0,0.0,,0,0,0,0,0,,,,,,,,,,,,,,,0.015907611935375446,,,,,,10.29,25,71950.1,72465.7,71931.5,71804.05,none,no_price_available
2026-09-23T14:38:57.550006+00:00,2026-09-23T20:08:57.550006+05:30,NIFTYNXT50,29-Sep-2026,76700.0,CE,72462.4,1.25,25,11.85,25,14.5,6.55,34,0,0,21.84873949579832,20.31,0.014936061224565925,2.0326877683875632e-05,-6.192403477563428,3.4483474103726017,0.4082010771266943,-0.007353436352265892,81.01894874685888,2.371942008405238e-08,0.0003774959401815423,-6.8548204183652865e-06,-1.7563562145336478,111.05866650414114,-0.013983800749481542,1.8142844320744637e-05,0.015907611935375446,72543,0.06988370450179426,0.01,index_dividend_yield,0.065,10.29,25,71950.1,72465.7,71931.5,71804.05,mid_price,wide_quote_low_liquidity
2026-09-23T14:38:57.550006+00:00,2026-09-23T20:08:57.550006+05:30,NIFTYNXT50,29-Sep-2026,76700.0,PE,72462.4,,0,,0,0.0,,0,0,0,0,0,,,,,,,,,,,,,,,0.015907611935375446,,,,,,10.29,25,71950.1,72465.7,71931.5,71804.05,none,no_price_available
2026-09-23T14:38:57.550006+00:00,2026-09-23T20:08:57.550006+05:30,NIFTYNXT50,29-Sep-2026,76800.0,CE,0,,0,,0,0.0,,0,0,0,0,0,,,,,,,,,,,,,,,0.015907611935375446,,,,,,10.29,25,71950.1,72465.7,71931.5,71804.05,none,no_price_available
2026-09-23T14:38:57.550006+00:00,2026-09-23T20:08:57.550006+05:30,NIFTYNXT50,29-Sep-2026,76800.0,PE,72462.4,,0,,0,0.0,,0,0,0,0,0,,,,,,,,,,,,,,,0.015907611935375446,,,,,,10.29,25,71950.1,72465.7,71931.5,71804.05,none,no_price_available
2026-09-23T14:38:57.550006+00:00,2026-09-23T20:08:57.550006+05:30,NIFTYNXT50,29-Sep-2026,76900.0,CE,0,,0,,0,0.0,,0,0,0,0,0,,,,,,,,,,,,,,,0.015907611935375446,,,,,,10.29,25,71950.1,72465.7,71931.5,71804.05,none,no_price_available
2026-09-23T14:38:57.550006+00:00,2026-09-23T20:08:57.550006+05:30,NIFTYNXT50,29-Sep-2026,76900.0,PE,72462.4,,0,,0,0.0,,0,0,0,0,0,,,,,,,,,,,,,,,0.015907611935375446,,,,,,10.29,25,71950.1,72465.7,71931.5,71804.05,none,no_price_available
2026-09-23T14:38:57.550006+00:00,2026-09-23T20:08:57.550006+05:30,NIFTYNXT50,29-Sep-2026,77000.0,CE,0,,0,,0,0.0,,0,0,0,0,0,,,,,,,,,,,,,,,0.015907611935375446,,,,,,10.29,25,71950.1,72465.7,71931.5,71804.05,none,no_price_available
2026-09-23T14:38:57.550006+00:00,2026-09-23T20:08:57.550006+05:30,NIFTYNXT50,29-Sep-2026,77000.0,PE,72462.4,,0,,0,0.0,,0,0,0,0,0,,,,,,,,,,,,,,,0.015907611935375446,,,,,,10.29,25,71950.1,72465.7,71931.5,71804.05,none,no_price_available
2026-09-23T14:38:57.550006+00:00,2026-09-23T20:08:57.550006+05:30,NIFTYNXT50,29-Sep-2026,77100.0,CE,0,,0,,0,0.0,,0,0,0,0,0,,,,,,,,,,,,,,,0.015907611935375446,,,,,,10.29,25,71950.1,72465.7,71931.5,71804.05,none,no_price_available
2026-09-23T14:38:57.550006+00:00,2026-09-23T20:08:57.550006+05:30,NIFTYNXT50,29-Sep-2026,77100.0,PE,72462.4,,0,,0,0.0,,0,0,0,0,0,,,,,,,,,,,,,,,0.015907611935375446,,,,,,10.29,25,71950.1,72465.7,71931.5,71804.05,none,no_price_available
2026-09-23T14:38:57.550006+00:00,2026-09-23T20:08:57.550006+05:30,NIFTYNXT50,29-Sep-2026,77200.0,CE,0,,0,,0,0.0,,0,0,0,0,0,,,,,,,,,,,,,,,0.015907611935375446,,,,,,10.29,25,71950.1,72465.7,71931.5,71804.05,none,no_price_available
2026-09-23T14:38:57.550006+00:00,2026-09-23T20:08:57.550006+05:30,NIFTYNXT50,29-Sep-2026,77200.0,PE,72462.4,,0,,0,0.0,,0,0,0,0,0,,,,,,,,,,,,,,,0.015907611935375446,,,,,,10.29,25,71950.1,72465.7,71931.5,71804.05,none,no_price_available
2026-09-23T14:38:57.550006+00:00,2026-09-23T20:08:57.550006+05:30,NIFTYNXT50,29-Sep-2026,77300.0,CE,0,,0,,0,0.0,,0,0,0,0,0,,,,,,,,,,,,,,,0.015907611935375446,,,,,,10.29,25,71950.1,72465.7,71931.5,71804.05,none,no_price_available
2026-09-23T14:38:57.550006+00:00,2026-09-23T20:08:57.550006+05:30,NIFTYNXT50,29-Sep-2026,77300.0,PE,72462.4,,0,,0,0.0,,0,0,0,0,0,,,,,,,,,,,,,,,0.015907611935375446,,,,,,10.29,25,71950.1,72465.7,71931.5,71804.05,none,no_price_available
2026-09-23T14:38:57.550006+00:00,2026-09-23T20:08:57.550006+05:30,NIFTYNXT50,29-Sep-2026,77400.0,CE,0,,0,,0,0.0,,0,0,0,0,0,,,,,,,,,,,,,,,0.015907611935375446,,,,,,10.29,25,71950.1,72465.7,71931.5,71804.05,none,no_price_available
2026-09-23T14:38:57.550006+00:00,2026-09-23T20:08:57.550006+05:30,NIFTYNXT50,29-Sep-2026,77400.0,PE,72462.4,,0,,0,0.0,,0,0,0,0,0,,,,,,,,,,,,,,,0.015907611935375446,,,,,,10.29,25,71950.1,72465.7,71931.5,71804.05,none,no_price_available
2026-09-23T14:38:57.550006+00:00,2026-09-23T20:08:57.550006+05:30,NIFTYNXT50,29-Sep-2026,77500.0,CE,0,,0,,0,0.0,,0,0,0,0,0,,,,,,,,,,,,,,,0.015907611935375446,,,,,,10.29,25,71950.1,72465.7,71931.5,71804.05,none,no_price_available
2026-09-23T14:38:57.550006+00:00,2026-09-23T20:08:57.550006+05:30,NIFTYNXT50,29-Sep-2026,77500.0,PE,72462.4,,0,,0,0.0,,0,0,0,0,0,,,,,,,,,,,,,,,0.015907611935375446,,,,,,10.29,25,71950.1,72465.7,71931.5,71804.05,none,no_price_available
2026-09-23T14:38:57.550006+00:00,2026-09-23T20:08:57.550006+05:30,NIFTYNXT50,29-Sep-2026,77600.0,CE,72462.4,0.2,100,11.65,25,0.15,5.925,11,-1,11,50,15.51,0.0002832189267999414,7.395765149029441e-07,-0.13104468598362767,0.09581319568253922,0.023442978866268407,-0.0003224803493169855,7.384725356826091,1.957093796164905e-09,5.222545329496303e-05,-7.178419782697319e-07,-0.1099094544641739,201.8644997655616,-0.00026315795522138965,6.448891903501708e-07,0.015907611935375446,72543,0.06988370450179426,0.01,index_dividend_yield,0.065,10.29,25,71950.1,72465.7,71931.5,71804.05,mid_price,wide_quote_low_liquidity
2026-09-23T14:38:57.550006+00:00,2026-09-23T20:08:57.550006+05:30,NIFTYNXT50,29-Sep-2026,77600.0,PE,72462.4,,0,,0,0.0,,0,0,0,0,0,,,,,,,,,,,,,,,0.015907611935375446,,,,,,10.29,25,71950.1,72465.7,71931.5,71804.05,none,no_price_available
2026-09-23T14:38:57.550006+00:00,2026-09-23T20:08:57.550006+05:30,NIFTYNXT50,29-Sep-2026,77700.0,CE,0,,0,,0,0.0,,0,0,0,0,0,,,,,,,,,,,,,,,0.015907611935375446,,,,,,10.29,25,71950.1,72465.7,71931.5,71804.05,none,no_price_available
2026-09-23T14:38:57.550006+00:00,2026-09-23T20:08:57.550006+05:30,NIFTYNXT50,29-Sep-2026,77700.0,PE,72462.4,,0,,0,0.0,,0,0,0,0,0,,,,,,,,,,,,,,,0.015907611935375446,,,,,,10.29,25,71950.1,72465.7,71931.5,71804.05,none,no_price_available
2026-09-23T14:38:57.550006+00:00,2026-09-23T20:08:57.550006+05:30,NIFTYNXT50,29-Sep-2026,77800.0,CE,0,,0,,0,0.0,,0,0,0,0,0,,,,,,,,,,,,,,,0.015907611935375446,,,,,,10.29,25,71950.1,72465.7,71931.5,71804.05,none,no_price_available
2026-09-23T14:38:57.550006+00:00,2026-09-23T20:08:57.550006+05:30,NIFTYNXT50,29-Sep-2026,77800.0,PE,72462.4,,0,,0,0.0,,0,0,0,0,0,,,,,,,,,,,,,,,0.015907611935375446,,,,,,10.29,25,71950.1,72465.7,71931.5,71804.05,none,no_price_available
2026-09-23T14:38:57.550006+00:00,2026-09-23T20:08:57.550006+05:30,NIFTYNXT50,29-Sep-2026,77900.0,CE,0,,0,,0,0.0,,0,0,0,0,0,,,,,,,,,,,,,,,0.015907611935375446,,,,,,10.29,25,71950.1,72465.7,71931.5,71804.05,none,no_price_available
2026-09-23T14:38:57.550006+00:00,2026-09-23T20:08:57.550006+05:30,NIFTYNXT50,29-Sep-2026,77900.0,PE,72462.4,,0,,0,0.0,,0,0,0,0,0,,,,,,,,,,,,,,,0.015907611935375446,,,,,,10.29,25,71950.1,72465.7,71931.5,71804.05,none,no_price_available
2026-09-23T14:38:57.550006+00:00,2026-09-23T20:08:57.550006+05:30,NIFTYNXT50,29-Sep-2026,78000.0,CE,72462.4,,0,,0,0.0,,0,0,0,0,0,,,,,,,,,,,,,,,0.015907611935375446,,,,,,10.29,25,71950.1,72465.7,71931.5,71804.05,none,no_price_available
2026-09-23T14:38:57.550006+00:00,2026-09-23T20:08:57.550006+05:30,NIFTYNXT50,29-Sep-2026,78000.0,PE,72462.4,,0,,0,0.0,,0,0,0,0,0,,,,,,,,,,,,,,,0.015907611935375446,,,,,,10.29,25,71950.1,72465.7,71931.5,71804.05,none,no_price_available
2026-09-23T14:38:57.550006+00:00,2026-09-23T20:08:57.550006+05:30,NIFTYNXT50,29-Sep-2026,78100.0,CE,0,,0,,0,0.0,,0,0,0,0,0,,,,,,,,,,,,,,,0.015907611935375446,,,,,,10.29,25,71950.1,72465.7,71931.5,71804.05,none,no_price_available
2026-09-23T14:38:57.550006+00:00,2026-09-23T20:08:57.550006+05:30,NIFTYNXT50,29-Sep-2026,78100.0,PE,72462.4,,0,,0,0.0,,0,0,0,0,0,,,,,,,,,,,,,,,0.015907611935375446,,,,,,10.29,25,71950.1,72465.7,71931.5,71804.05,none,no_price_available
2026-09-23T14:38:57.550006+00:00,2026-09-23T20:08:57.550006+05:30,NIFTYNXT50,29-Sep-2026,78200.0,CE,0,,0,,0,0.0,,0,0,0,0,0,,,,,,,,,,,,,,,0.015907611935375446,,,,,,10.29,25,71950.1,72465.7,71931.5,71804.05,none,no_price_available
2026-09-23T14:38:57.550006+00:00,2026-09-23T20:08:57.550006+05:30,NIFTYNXT50,29-Sep-2026,78200.0,PE,72462.4,,0,,0,0.0,,0,0,0,0,0,,,,,,,,,,,,,,,0.015907611935375446,,,,,,10.29,25,71950.1,72465.7,71931.5,71804.05,none,no_price_available
2026-09-23T14:38:57.550006+00:00,2026-09-23T20:08:57.550006+05:30,NIFTYNXT50,29-Sep-2026,78300.0,CE,0,,0,,0,0.0,,0,0,0,0,0,,,,,,,,,,,,,,,0.015907611935375446,,,,,,10.29,25,71950.1,72465.7,71931.5,71804.05,none,no_price_available
2026-09-23T14:38:57.550006+00:00,2026-09-23T20:08:57.550006+05:30,NIFTYNXT50,29-Sep-2026,78300.0,PE,72462.4,,0,,0,0.0,,0,0,0,0,0,,,,,,,,,,,,,,,0.015907611935375446,,,,,,10.29,25,71950.1,72465.7,71931.5,71804.05,none,no_price_available
2026-09-23T14:38:57.550006+00:00,2026-09-23T20:08:57.550006+05:30,NIFTYNXT50,29-Sep-2026,78400.0,CE,0,,0,,0,0.0,,0,0,0,0,0,,,,,,,,,,,,,,,0.015907611935375446,,,,,,10.29,25,71950.1,72465.7,71931.5,71804.05,none,no_price_available
2026-09-23T14:38:57.550006+00:00,2026-09-23T20:08:57.550006+05:30,NIFTYNXT50,29-Sep-2026,78400.0,PE,72462.4,,0,,0,0.0,,0,0,0,0,0,,,,,,,,,,,,,,,0.015907611935375446,,,,,,10.29,25,71950.1,72465.7,71931.5,71804.05,none,no_price_available
2026-09-23T14:38:57.550006+00:00,2026-09-23T20:08:57.550006+05:30,NIFTYNXT50,29-Sep-2026,78500.0,CE,0,,0,,0,0.0,,0,0,0,0,0,,,,,,,,,,,,,,,0.015907611935375446,,,,,,10.29,25,71950.1,72465.7,71931.5,71804.05,none,no_price_available
2026-09-23T14:38:57.550006+00:00,2026-09-23T20:08:57.550006+05:30,NIFTYNXT50,29-Sep-2026,78500.0,PE,72462.4,,0,,0,0.0,,0,0,0,0,0,,,,,,,,,,,,,,,0.015907611935375446,,,,,,10.29,25,71950.1,72465.7,71931.5,71804.05,none,no_price_available
2026-09-23T14:38:57.550006+00:00,2026-09-23T20:08:57.550006+05:30,NIFTYNXT50,29-Sep-2026,78600.0,CE,0,,0,,0,0.0,,0,0,0,0,0,,,,,,,,,,,,,,,0.015907611935375446,,,,,,10.29,25,71950.1,72465.7,71931.5,71804.05,none,no_price_available
2026-09-23T14:38:57.550006+00:00,2026-09-23T20:08:57.550006+05:30,NIFTYNXT50,29-Sep-2026,78600.0,PE,72462.4,,0,,0,0.0,,0,0,0,0,0,,,,,,,,,,,,,,,0.015907611935375446,,,,,,10.29,25,71950.1,72465.7,71931.5,71804.05,none,no_price_available
2026-09-23T14:38:57.550006+00:00,2026-09-23T20:08:57.550006+05:30,NIFTYNXT50,29-Sep-2026,78700.0,CE,0,,0,,0,0.0,,0,0,0,0,0,,,,,,,,,,,,,,,0.015907611935375446,,,,,,10.29,25,71950.1,72465.7,71931.5,71804.05,none,no_price_available
2026-09-23T14:38:57.550006+00:00,2026-09-23T20:08:57.550006+05:30,NIFTYNXT50,29-Sep-2026,78700.0,PE,72462.4,,0,,0,0.0,,0,0,0,0,0,,,,,,,,,,,,,,,0.015907611935375446,,,,,,10.29,25,71950.1,72465.7,71931.5,71804.05,none,no_price_available
2026-09-23T14:38:57.550006+00:00,2026-09-23T20:08:57.550006+05:30,NIFTYNXT50,29-Sep-2026,78800.0,CE,0,,0,,0,0.0,,0,0,0,0,0,,,,,,,,,,,,,,,0.015907611935375446,,,,,,10.29,25,71950.1,72465.7,71931.5,71804.05,none,no_price_available
2026-09-23T14:38:57.550006+00:00,2026-09-23T20:08:57.550006+05:30,NIFTYNXT50,29-Sep-2026,78800.0,PE,72462.4,,0,,0,0.0,,0,0,0,0,0,,,,,,,,,,,,,,,0.015907611935375446,,,,,,10.29,25,71950.1,72465.7,71931.5,71804.05,none,no_price_available
2026-09-23T14:38:57.550006+00:00,2026-09-23T20:08:57.550006+05:30,NIFTYNXT50,29-Sep-2026,78900.0,CE,0,,0,,0,0.0,,0,0,0,0,0,,,,,,,,,,,,,,,0.015907611935375446,,,,,,10.29,25,71950.1,72465.7,71931.5,71804.05,none,no_price_available
2026-09-23T14:38:57.550006+00:00,2026-09-23T20:08:57.550006+05:30,NIFTYNXT50,29-Sep-2026,78900.0,PE,72462.4,,0,,0,0.0,,0,0,0,0,0,,,,,,,,,,,,,,,0.015907611935375446,,,,,,10.29,25,71950.1,72465.7,71931.5,71804.05,none,no_price_available
2026-09-23T14:38:57.550006+00:00,2026-09-23T20:08:57.550006+05:30,NIFTYNXT50,29-Sep-2026,79000.0,CE,0,,0,,0,0.0,,0,0,0,0,0,,,,,,,,,,,,,,,0.015907611935375446,,,,,,10.29,25,71950.1,72465.7,71931.5,71804.05,none,no_price_available
2026-09-23T14:38:57.550006+00:00,2026-09-23T20:08:57.550006+05:30,NIFTYNXT50,29-Sep-2026,79000.0,PE,72462.4,,0,,0,0.0,,0,0,0,0,0,,,,,,,,,,,,,,,0.015907611935375446,,,,,,10.29,25,71950.1,72465.7,71931.5,71804.05,none,no_price_available
2026-09-23T14:38:57.550006+00:00,2026-09-23T20:08:57.550006+05:30,NIFTYNXT50,29-Sep-2026,79100.0,CE,0,,0,,0,0.0,,0,0,0,0,0,,,,,,,,,,,,,,,0.015907611935375446,,,,,,10.29,25,71950.1,72465.7,71931.5,71804.05,none,no_price_available
2026-09-23T14:38:57.550006+00:00,2026-09-23T20:08:57.550006+05:30,NIFTYNXT50,29-Sep-2026,79100.0,PE,72462.4,,0,,0,0.0,,0,0,0,0,0,,,,,,,,,,,,,,,0.015907611935375446,,,,,,10.29,25,71950.1,72465.7,71931.5,71804.05,none,no_price_available
2026-09-23T14:38:57.550006+00:00,2026-09-23T20:08:57.550006+05:30,NIFTYNXT50,29-Sep-2026,79200.0,CE,0,,0,,0,0.0,,0,0,0,0,0,,,,,,,,,,,,,,,0.015907611935375446,,,,,,10.29,25,71950.1,72465.7,71931.5,71804.05,none,no_price_available
2026-09-23T14:38:57.550006+00:00,2026-09-23T20:08:57.550006+05:30,NIFTYNXT50,29-Sep-2026,79200.0,PE,72462.4,,0,,0,0.0,,0,0,0,0,0,,,,,,,,,,,,,,,0.015907611935375446,,,,,,10.29,25,71950.1,72465.7,71931.5,71804.05,none,no_price_available
2026-09-23T14:38:57.550006+00:00,2026-09-23T20:08:57.550006+05:30,NIFTYNXT50,29-Sep-2026,79300.0,CE,0,,0,,0,0.0,,0,0,0,0,0,,,,,,,,,,,,,,,0.015907611935375446,,,,,,10.29,25,71950.1,72465.7,71931.5,71804.05,none,no_price_available
2026-09-23T14:38:57.550006+00:00,2026-09-23T20:08:57.550006+05:30,NIFTYNXT50,29-Sep-2026,79300.0,PE,72462.4,,0,,0,0.0,,0,0,0,0,0,,,,,,,,,,,,,,,0.015907611935375446,,,,,,10.29,25,71950.1,72465.7,71931.5,71804.05,none,no_price_available
2026-09-23T14:38:57.550006+00:00,2026-09-23T20:08:57.550006+05:30,NIFTYNXT50,29-Sep-2026,79400.0,CE,0,,0,,0,0.0,,0,0,0,0,0,,,,,,,,,,,,,,,0.015907611935375446,,,,,,10.29,25,71950.1,72465.7,71931.5,71804.05,none,no_price_available
2026-09-23T14:38:57.550006+00:00,2026-09-23T20:08:57.550006+05:30,NIFTYNXT50,29-Sep-2026,79400.0,PE,72462.4,,0,,0,0.0,,0,0,0,0,0,,,,,,,,,,,,,,,0.015907611935375446,,,,,,10.29,25,71950.1,72465.7,71931.5,71804.05,none,no_price_available
2026-09-23T14:38:57.550006+00:00,2026-09-23T20:08:57.550006+05:30,NIFTYNXT50,29-Sep-2026,79500.0,CE,0,,0,,0,0.0,,0,0,0,0,0,,,,,,,,,,,,,,,0.015907611935375446,,,,,,10.29,25,71950.1,72465.7,71931.5,71804.05,none,no_price_available
2026-09-23T14:38:57.550006+00:00,2026-09-23T20:08:57.550006+05:30,NIFTYNXT50,29-Sep-2026,79500.0,PE,72462.4,,0,,0,0.0,,0,0,0,0,0,,,,,,,,,,,,,,,0.015907611935375446,,,,,,10.29,25,71950.1,72465.7,71931.5,71804.05,none,no_price_available
2026-09-23T14:38:57.550006+00:00,2026-09-23T20:08:57.550006+05:30,NIFTYNXT50,29-Sep-2026,79600.0,CE,0,,0,,0,0.0,,0,0,0,0,0,,,,,,,,,,,,,,,0.015907611935375446,,,,,,10.29,25,71950.1,72465.7,71931.5,71804.05,none,no_price_available
2026-09-23T14:38:57.550006+00:00,2026-09-23T20:08:57.550006+05:30,NIFTYNXT50,29-Sep-2026,79600.0,PE,72462.4,,0,,0,0.0,,0,0,0,0,0,,,,,,,,,,,,,,,0.015907611935375446,,,,,,10.29,25,71950.1,72465.7,71931.5,71804.05,none,no_price_available
2026-09-23T14:38:57.550006+00:00,2026-09-23T20:08:57.550006+05:30,NIFTYNXT50,29-Sep-2026,79700.0,CE,0,,0,,0,0.0,,0,0,0,0,0,,,,,,,,,,,,,,,0.015907611935375446,,,,,,10.29,25,71950.1,72465.7,71931.5,71804.05,none,no_price_available
2026-09-23T14:38:57.550006+00:00,2026-09-23T20:08:57.550006+05:30,NIFTYNXT50,29-Sep-2026,79700.0,PE,72462.4,,0,,0,0.0,,0,0,0,0,0,,,,,,,,,,,,,,,0.015907611935375446,,,,,,10.29,25,71950.1,72465.7,71931.5,71804.05,none,no_price_available
2026-09-23T14:38:57.550006+00:00,2026-09-23T20:08:57.550006+05:30,NIFTYNXT50,29-Sep-2026,79800.0,CE,0,,0,,0,0.0,,0,0,0,0,0,,,,,,,,,,,,,,,0.015907611935375446,,,,,,10.29,25,71950.1,72465.7,71931.5,71804.05,none,no_price_available
2026-09-23T14:38:57.550006+00:00,2026-09-23T20:08:57.550006+05:30,NIFTYNXT50,29-Sep-2026,79800.0,PE,72462.4,,0,,0,0.0,,0,0,0,0,0,,,,,,,,,,,,,,,0.015907611935375446,,,,,,10.29,25,71950.1,72465.7,71931.5,71804.05,none,no_price_available
2026-09-23T14:38:57.550006+00:00,2026-09-23T20:08:57.550006+05:30,NIFTYNXT50,29-Sep-2026,79900.0,CE,0,,0,,0,0.0,,0,0,0,0,0,,,,,,,,,,,,,,,0.015907611935375446,,,,,,10.29,25,71950.1,72465.7,71931.5,71804.05,none,no_price_available
2026-09-23T14:38:57.550006+00:00,2026-09-23T20:08:57.550006+05:30,NIFTYNXT50,29-Sep-2026,79900.0,PE,72462.4,,0,,0,0.0,,0,0,0,0,0,,,,,,,,,,,,,,,0.015907611935375446,,,,,,10.29,25,71950.1,72465.7,71931.5,71804.05,none,no_price_available
2026-09-23T14:38:57.550006+00:00,2026-09-23T20:08:57.550006+05:30,NIFTYNXT50,29-Sep-2026,80000.0,CE,0,,0,,0,0.0,,0,0,0,0,0,,,,,,,,,,,,,,,0.015907611935375446,,,,,,10.29,25,71950.1,72465.7,71931.5,71804.05,none,no_price_available
2026-09-23T14:38:57.550006+00:00,2026-09-23T20:08:57.550006+05:30,NIFTYNXT50,29-Sep-2026,80000.0,PE,72462.4,,0,,0,0.0,,0,0,0,0,0,,,,,,,,,,,,,,,0.015907611935375446,,,,,,10.29,25,71950.1,72465.7,71931.5,71804.05,none,no_price_available
2026-09-23T14:38:57.550006+00:00,2026-09-23T20:08:57.550006+05:30,NIFTYNXT50,29-Sep-2026,80100.0,CE,0,,0,,0,0.0,,0,0,0,0,0,,,,,,,,,,,,,,,0.015907611935375446,,,,,,10.29,25,71950.1,72465.7,71931.5,71804.05,none,no_price_available
2026-09-23T14:38:57.550006+00:00,2026-09-23T20:08:57.550006+05:30,NIFTYNXT50,29-Sep-2026,80100.0,PE,72462.4,,0,,0,0.0,,0,0,0,0,0,,,,,,,,,,,,,,,0.015907611935375446,,,,,,10.29,25,71950.1,72465.7,71931.5,71804.05,none,no_price_available
2026-09-23T14:38:57.550006+00:00,2026-09-23T20:08:57.550006+05:30,NIFTYNXT50,29-Sep-2026,80200.0,CE,0,,0,,0,0.0,,0,0,0,0,0,,,,,,,,,,,,,,,0.015907611935375446,,,,,,10.29,25,71950.1,72465.7,71931.5,71804.05,none,no_price_available
2026-09-23T14:38:57.550006+00:00,2026-09-23T20:08:57.550006+05:30,NIFTYNXT50,29-Sep-2026,80200.0,PE,72462.4,,0,,0,0.0,,0,0,0,0,0,,,,,,,,,,,,,,,0.015907611935375446,,,,,,10.29,25,71950.1,72465.7,71931.5,71804.05,none,no_price_available
2026-09-23T14:38:57.550006+00:00,2026-09-23T20:08:57.550006+05:30,NIFTYNXT50,29-Sep-2026,80300.0,CE,0,,0,,0,0.0,,0,0,0,0,0,,,,,,,,,,,,,,,0.015907611935375446,,,,,,10.29,25,71950.1,72465.7,71931.5,71804.05,none,no_price_available
2026-09-23T14:38:57.550006+00:00,2026-09-23T20:08:57.550006+05:30,NIFTYNXT50,29-Sep-2026,80300.0,PE,72462.4,,0,,0,0.0,,0,0,0,0,0,,,,,,,,,,,,,,,0.015907611935375446,,,,,,10.29,25,71950.1,72465.7,71931.5,71804.05,none,no_price_available
2026-09-23T14:38:57.550006+00:00,2026-09-23T20:08:57.550006+05:30,NIFTYNXT50,29-Sep-2026,80400.0,CE,0,,0,,0,0.0,,0,0,0,0,0,,,,,,,,,,,,,,,0.015907611935375446,,,,,,10.29,25,71950.1,72465.7,71931.5,71804.05,none,no_price_available
2026-09-23T14:38:57.550006+00:00,2026-09-23T20:08:57.550006+05:30,NIFTYNXT50,29-Sep-2026,80400.0,PE,72462.4,,0,,0,0.0,,0,0,0,0,0,,,,,,,,,,,,,,,0.015907611935375446,,,,,,10.29,25,71950.1,72465.7,71931.5,71804.05,none,no_price_available
2026-09-23T14:38:57.550006+00:00,2026-09-23T20:08:57.550006+05:30,NIFTYNXT50,29-Sep-2026,80500.0,CE,0,,0,,0,0.0,,0,0,0,0,0,,,,,,,,,,,,,,,0.015907611935375446,,,,,,10.29,25,71950.1,72465.7,71931.5,71804.05,none,no_price_available
2026-09-23T14:38:57.550006+00:00,2026-09-23T20:08:57.550006+05:30,NIFTYNXT50,29-Sep-2026,80500.0,PE,72462.4,,0,,0,0.0,,0,0,0,0,0,,,,,,,,,,,,,,,0.015907611935375446,,,,,,10.29,25,71950.1,72465.7,71931.5,71804.05,none,no_price_available
2026-09-23T14:38:57.550006+00:00,2026-09-23T20:08:57.550006+05:30,NIFTYNXT50,29-Sep-2026,80600.0,CE,0,,0,,0,0.0,,0,0,0,0,0,,,,,,,,,,,,,,,0.015907611935375446,,,,,,10.29,25,71950.1,72465.7,71931.5,71804.05,none,no_price_available
2026-09-23T14:38:57.550006+00:00,2026-09-23T20:08:57.550006+05:30,NIFTYNXT50,29-Sep-2026,80600.0,PE,72462.4,,0,,0,0.0,,0,0,0,0,0,,,,,,,,,,,,,,,0.015907611935375446,,,,,,10.29,25,71950.1,72465.7,71931.5,71804.05,none,no_price_available
2026-09-23T14:38:57.550006+00:00,2026-09-23T20:08:57.550006+05:30,NIFTYNXT50,29-Sep-2026,80700.0,CE,0,,0,,0,0.0,,0,0,0,0,0,,,,,,,,,,,,,,,0.015907611935375446,,,,,,10.29,25,71950.1,72465.7,71931.5,71804.05,none,no_price_available
2026-09-23T14:38:57.550006+00:00,2026-09-23T20:08:57.550006+05:30,NIFTYNXT50,29-Sep-2026,80700.0,PE,72462.4,,0,,0,0.0,,0,0,0,0,0,,,,,,,,,,,,,,,0.015907611935375446,,,,,,10.29,25,71950.1,72465.7,71931.5,71804.05,none,no_price_available
2026-09-23T14:38:57.550006+00:00,2026-09-23T20:08:57.550006+05:30,NIFTYNXT50,29-Sep-2026,80800.0,CE,0,,0,,0,0.0,,0,0,0,0,0,,,,,,,,,,,,,,,0.015907611935375446,,,,,,10.29,25,71950.1,72465.7,71931.5,71804.05,none,no_price_available
2026-09-23T14:38:57.550006+00:00,2026-09-23T20:08:57.550006+05:30,NIFTYNXT50,29-Sep-2026,80800.0,PE,72462.4,,0,,0,0.0,,0,0,0,0,0,,,,,,,,,,,,,,,0.015907611935375446,,,,,,10.29,25,71950.1,72465.7,71931.5,71804.05,none,no_price_available
2026-09-23T14:38:57.550006+00:00,2026-09-23T20:08:57.550006+05:30,NIFTYNXT50,29-Sep-2026,80900.0,CE,0,,0,,0,0.0,,0,0,0,0,0,,,,,,,,,,,,,,,0.015907611935375446,,,,,,10.29,25,71950.1,72465.7,71931.5,71804.05,none,no_price_available
2026-09-23T14:38:57.550006+00:00,2026-09-23T20:08:57.550006+05:30,NIFTYNXT50,29-Sep-2026,80900.0,PE,72462.4,,0,,0,0.0,,0,0,0,0,0,,,,,,,,,,,,,,,0.015907611935375446,,,,,,10.29,25,71950.1,72465.7,71931.5,71804.05,none,no_price_available
2026-09-23T14:38:57.550006+00:00,2026-09-23T20:08:57.550006+05:30,NIFTYNXT50,29-Sep-2026,81000.0,CE,0,,0,,0,0.0,,0,0,0,0,0,,,,,,,,,,,,,,,0.015907611935375446,,,,,,10.29,25,71950.1,72465.7,71931.5,71804.05,none,no_price_available
2026-09-23T14:38:57.550006+00:00,2026-09-23T20:08:57.550006+05:30,NIFTYNXT50,29-Sep-2026,81000.0,PE,72462.4,,0,,0,0.0,,0,0,0,0,0,,,,,,,,,,,,,,,0.015907611935375446,,,,,,10.29,25,71950.1,72465.7,71931.5,71804.05,none,no_price_available
2026-09-23T14:38:57.550006+00:00,2026-09-23T20:08:57.550006+05:30,NIFTYNXT50,29-Sep-2026,81500.0,CE,0,,0,,0,0.0,,0,0,0,0,0,,,,,,,,,,,,,,,0.015907611935375446,,,,,,10.29,25,71950.1,72465.7,71931.5,71804.05,none,no_price_available
2026-09-23T14:38:57.550006+00:00,2026-09-23T20:08:57.550006+05:30,NIFTYNXT50,29-Sep-2026,81500.0,PE,72462.4,,0,,0,0.0,,0,0,0,0,0,,,,,,,,,,,,,,,0.015907611935375446,,,,,,10.29,25,71950.1,72465.7,71931.5,71804.05,none,no_price_available
2026-09-23T14:38:57.550006+00:00,2026-09-23T20:08:57.550006+05:30,NIFTYNXT50,29-Sep-2026,82000.0,CE,0,,0,,0,0.0,,0,0,0,0,0,,,,,,,,,,,,,,,0.015907611935375446,,,,,,10.29,25,71950.1,72465.7,71931.5,71804.05,none,no_price_available
2026-09-23T14:38:57.550006+00:00,2026-09-23T20:08:57.550006+05:30,NIFTYNXT50,29-Sep-2026,82000.0,PE,72462.4,,0,,0,0.0,,0,0,0,0,0,,,,,,,,,,,,,,,0.015907611935375446,,,,,,10.29,25,71950.1,72465.7,71931.5,71804.05,none,no_price_available
2026-09-23T14:38:57.550006+00:00,2026-09-23T20:08:57.550006+05:30,NIFTYNXT50,29-Sep-2026,82500.0,CE,0,,0,,0,0.0,,0,0,0,0,0,,,,,,,,,,,,,,,0.015907611935375446,,,,,,10.29,25,71950.1,72465.7,71931.5,71804.05,none,no_price_available
2026-09-23T14:38:57.550006+00:00,2026-09-23T20:08:57.550006+05:30,NIFTYNXT50,29-Sep-2026,82500.0,PE,72462.4,,0,,0,0.0,,0,0,0,0,0,,,,,,,,,,,,,,,0.015907611935375446,,,,,,10.29,25,71950.1,72465.7,71931.5,71804.05,none,no_price_available
2026-09-23T14:38:57.550006+00:00,2026-09-23T20:08:57.550006+05:30,NIFTYNXT50,29-Sep-2026,83000.0,CE,0,,0,,0,0.0,,0,0,0,0,0,,,,,,,,,,,,,,,0.015907611935375446,,,,,,10.29,25,71950.1,72465.7,71931.5,71804.05,none,no_price_available
2026-09-23T14:38:57.550006+00:00,2026-09-23T20:08:57.550006+05:30,NIFTYNXT50,29-Sep-2026,83000.0,PE,72462.4,,0,,0,0.0,,0,0,0,0,0,,,,,,,,,,,,,,,0.015907611935375446,,,,,,10.29,25,71950.1,72465.7,71931.5,71804.05,none,no_price_available
2026-09-23T14:38:57.550006+00:00,2026-09-23T20:08:57.550006+05:30,NIFTYNXT50,29-Sep-2026,83500.0,CE,0,,0,,0,0.0,,0,0,0,0,0,,,,,,,,,,,,,,,0.015907611935375446,,,,,,10.29,25,71950.1,72465.7,71931.5,71804.05,none,no_price_available
2026-09-23T14:38:57.550006+00:00,2026-09-23T20:08:57.550006+05:30,NIFTYNXT50,29-Sep-2026,83500.0,PE,72462.4,,0,,0,0.0,,0,0,0,0,0,,,,,,,,,,,,,,,0.015907611935375446,,,,,,10.29,25,71950.1,72465.7,71931.5,71804.05,none,no_price_available
2026-09-23T14:38:57.550006+00:00,2026-09-23T20:08:57.550006+05:30,NIFTYNXT50,29-Sep-2026,84000.0,CE,0,,0,,0,0.0,,0,0,0,0,0,,,,,,,,,,,,,,,0.015907611935375446,,,,,,10.29,25,71950.1,72465.7,71931.5,71804.05,none,no_price_available
2026-09-23T14:38:57.550006+00:00,2026-09-23T20:08:57.550006+05:30,NIFTYNXT50,29-Sep-2026,84000.0,PE,72462.4,,0,,0,0.0,,0,0,0,0,0,,,,,,,,,,,,,,,0.015907611935375446,,,,,,10.29,25,71950.1,72465.7,71931.5,71804.05,none,no_price_available
2026-09-23T14:38:57.550006+00:00,2026-09-23T20:08:57.550006+05:30,NIFTYNXT50,29-Sep-2026,84500.0,CE,0,,0,,0,0.0,,0,0,0,0,0,,,,,,,,,,,,,,,0.015907611935375446,,,,,,10.29,25,71950.1,72465.7,71931.5,71804.05,none,no_price_available
2026-09-23T14:38:57.550006+00:00,2026-09-23T20:08:57.550006+05:30,NIFTYNXT50,29-Sep-2026,84500.0,PE,72462.4,,0,,0,0.0,,0,0,0,0,0,,,,,,,,,,,,,,,0.015907611935375446,,,,,,10.29,25,71950.1,72465.7,71931.5,71804.05,none,no_price_available
2026-09-23T14:38:57.550006+00:00,2026-09-23T20:08:57.550006+05:30,NIFTYNXT50,29-Sep-2026,85000.0,CE,0,,0,,0,0.0,,0,0,0,0,0,,,,,,,,,,,,,,,0.015907611935375446,,,,,,10.29,25,71950.1,72465.7,71931.5,71804.05,none,no_price_available
2026-09-23T14:38:57.550006+00:00,2026-09-23T20:08:57.550006+05:30,NIFTYNXT50,29-Sep-2026,85000.0,PE,72462.4,,0,,0,0.0,,0,0,0,0,0,,,,,,,,,,,,,,,0.015907611935375446,,,,,,10.29,25,71950.1,72465.7,71931.5,71804.05,none,no_price_available
