fetch_ts_utc,fetch_ts_ist,symbol,expiry_date,strike,option_type,underlying_value,bid_price,bid_qty,ask_price,ask_qty,ltp,mid_price,open_interest,change_in_oi,total_traded_volume,pchange_vs_prev_close,nse_iv,delta,gamma,theta,vega,vanna,charm,vomma,speed,zomma,color,veta,omega,dual_delta,dual_gamma,time_to_expiry_years,futures_price,implied_cost_of_carry,dividend_yield_used,dividend_yield_source,risk_free_rate_used,india_vix,lot_size,underlying_day_open,underlying_day_high,underlying_day_low,underlying_prev_close,price_source_for_iv,data_quality_flag
2026-09-04T08:13:25.980272+00:00,2026-09-04T13:43:25.980272+05:30,NIFTYNXT50,29-Sep-2026,61000.0,CE,73036.85,,0,,0,0.0,,0,0,0,0,0,,,,,,,,,,,,,,,0.06869590372044647,,,,,,10.98,25,73133.5,73207.3,72908.55,73051.85,none,no_price_available
2026-09-04T08:13:25.980272+00:00,2026-09-04T13:43:25.980272+05:30,NIFTYNXT50,29-Sep-2026,61000.0,PE,0,,0,,0,0.0,,0,0,0,0,0,,,,,,,,,,,,,,,0.06869590372044647,,,,,,10.98,25,73133.5,73207.3,72908.55,73051.85,none,no_price_available
2026-09-04T08:13:25.980272+00:00,2026-09-04T13:43:25.980272+05:30,NIFTYNXT50,29-Sep-2026,61500.0,CE,73036.85,,0,,0,0.0,,0,0,0,0,0,,,,,,,,,,,,,,,0.06869590372044647,,,,,,10.98,25,73133.5,73207.3,72908.55,73051.85,none,no_price_available
2026-09-04T08:13:25.980272+00:00,2026-09-04T13:43:25.980272+05:30,NIFTYNXT50,29-Sep-2026,61500.0,PE,0,,0,,0,0.0,,0,0,0,0,0,,,,,,,,,,,,,,,0.06869590372044647,,,,,,10.98,25,73133.5,73207.3,72908.55,73051.85,none,no_price_available
2026-09-04T08:13:25.980272+00:00,2026-09-04T13:43:25.980272+05:30,NIFTYNXT50,29-Sep-2026,62000.0,CE,73036.85,,0,,0,0.0,,0,0,0,0,0,,,,,,,,,,,,,,,0.06869590372044647,,,,,,10.98,25,73133.5,73207.3,72908.55,73051.85,none,no_price_available
2026-09-04T08:13:25.980272+00:00,2026-09-04T13:43:25.980272+05:30,NIFTYNXT50,29-Sep-2026,62000.0,PE,0,,0,,0,0.0,,0,0,0,0,0,,,,,,,,,,,,,,,0.06869590372044647,,,,,,10.98,25,73133.5,73207.3,72908.55,73051.85,none,no_price_available
2026-09-04T08:13:25.980272+00:00,2026-09-04T13:43:25.980272+05:30,NIFTYNXT50,29-Sep-2026,62500.0,CE,73036.85,,0,,0,0.0,,0,0,0,0,0,,,,,,,,,,,,,,,0.06869590372044647,,,,,,10.98,25,73133.5,73207.3,72908.55,73051.85,none,no_price_available
2026-09-04T08:13:25.980272+00:00,2026-09-04T13:43:25.980272+05:30,NIFTYNXT50,29-Sep-2026,62500.0,PE,0,,0,,0,0.0,,0,0,0,0,0,,,,,,,,,,,,,,,0.06869590372044647,,,,,,10.98,25,73133.5,73207.3,72908.55,73051.85,none,no_price_available
2026-09-04T08:13:25.980272+00:00,2026-09-04T13:43:25.980272+05:30,NIFTYNXT50,29-Sep-2026,63000.0,CE,73036.85,,0,,0,0.0,,0,0,0,0,0,,,,,,,,,,,,,,,0.06869590372044647,,,,,,10.98,25,73133.5,73207.3,72908.55,73051.85,none,no_price_available
2026-09-04T08:13:25.980272+00:00,2026-09-04T13:43:25.980272+05:30,NIFTYNXT50,29-Sep-2026,63000.0,PE,0,,0,,0,0.0,,0,0,0,0,0,,,,,,,,,,,,,,,0.06869590372044647,,,,,,10.98,25,73133.5,73207.3,72908.55,73051.85,none,no_price_available
2026-09-04T08:13:25.980272+00:00,2026-09-04T13:43:25.980272+05:30,NIFTYNXT50,29-Sep-2026,63500.0,CE,73036.85,,0,,0,0.0,,0,0,0,0,0,,,,,,,,,,,,,,,0.06869590372044647,,,,,,10.98,25,73133.5,73207.3,72908.55,73051.85,none,no_price_available
2026-09-04T08:13:25.980272+00:00,2026-09-04T13:43:25.980272+05:30,NIFTYNXT50,29-Sep-2026,63500.0,PE,0,,0,,0,0.0,,0,0,0,0,0,,,,,,,,,,,,,,,0.06869590372044647,,,,,,10.98,25,73133.5,73207.3,72908.55,73051.85,none,no_price_available
2026-09-04T08:13:25.980272+00:00,2026-09-04T13:43:25.980272+05:30,NIFTYNXT50,29-Sep-2026,64000.0,CE,73036.85,,0,,0,0.0,,0,0,0,0,0,,,,,,,,,,,,,,,0.06869590372044647,,,,,,10.98,25,73133.5,73207.3,72908.55,73051.85,none,no_price_available
2026-09-04T08:13:25.980272+00:00,2026-09-04T13:43:25.980272+05:30,NIFTYNXT50,29-Sep-2026,64000.0,PE,0,,0,,0,0.0,,0,0,0,0,0,,,,,,,,,,,,,,,0.06869590372044647,,,,,,10.98,25,73133.5,73207.3,72908.55,73051.85,none,no_price_available
2026-09-04T08:13:25.980272+00:00,2026-09-04T13:43:25.980272+05:30,NIFTYNXT50,29-Sep-2026,64100.0,CE,73036.85,,0,,0,0.0,,0,0,0,0,0,,,,,,,,,,,,,,,0.06869590372044647,,,,,,10.98,25,73133.5,73207.3,72908.55,73051.85,none,no_price_available
2026-09-04T08:13:25.980272+00:00,2026-09-04T13:43:25.980272+05:30,NIFTYNXT50,29-Sep-2026,64100.0,PE,0,,0,,0,0.0,,0,0,0,0,0,,,,,,,,,,,,,,,0.06869590372044647,,,,,,10.98,25,73133.5,73207.3,72908.55,73051.85,none,no_price_available
2026-09-04T08:13:25.980272+00:00,2026-09-04T13:43:25.980272+05:30,NIFTYNXT50,29-Sep-2026,64200.0,CE,73036.85,,0,,0,0.0,,0,0,0,0,0,,,,,,,,,,,,,,,0.06869590372044647,,,,,,10.98,25,73133.5,73207.3,72908.55,73051.85,none,no_price_available
2026-09-04T08:13:25.980272+00:00,2026-09-04T13:43:25.980272+05:30,NIFTYNXT50,29-Sep-2026,64200.0,PE,0,,0,,0,0.0,,0,0,0,0,0,,,,,,,,,,,,,,,0.06869590372044647,,,,,,10.98,25,73133.5,73207.3,72908.55,73051.85,none,no_price_available
2026-09-04T08:13:25.980272+00:00,2026-09-04T13:43:25.980272+05:30,NIFTYNXT50,29-Sep-2026,64300.0,CE,73036.85,,0,,0,0.0,,0,0,0,0,0,,,,,,,,,,,,,,,0.06869590372044647,,,,,,10.98,25,73133.5,73207.3,72908.55,73051.85,none,no_price_available
2026-09-04T08:13:25.980272+00:00,2026-09-04T13:43:25.980272+05:30,NIFTYNXT50,29-Sep-2026,64300.0,PE,0,,0,,0,0.0,,0,0,0,0,0,,,,,,,,,,,,,,,0.06869590372044647,,,,,,10.98,25,73133.5,73207.3,72908.55,73051.85,none,no_price_available
2026-09-04T08:13:25.980272+00:00,2026-09-04T13:43:25.980272+05:30,NIFTYNXT50,29-Sep-2026,64400.0,CE,73036.85,,0,,0,0.0,,0,0,0,0,0,,,,,,,,,,,,,,,0.06869590372044647,,,,,,10.98,25,73133.5,73207.3,72908.55,73051.85,none,no_price_available
2026-09-04T08:13:25.980272+00:00,2026-09-04T13:43:25.980272+05:30,NIFTYNXT50,29-Sep-2026,64400.0,PE,0,,0,,0,0.0,,0,0,0,0,0,,,,,,,,,,,,,,,0.06869590372044647,,,,,,10.98,25,73133.5,73207.3,72908.55,73051.85,none,no_price_available
2026-09-04T08:13:25.980272+00:00,2026-09-04T13:43:25.980272+05:30,NIFTYNXT50,29-Sep-2026,64500.0,CE,73036.85,,0,,0,0.0,,0,0,0,0,0,,,,,,,,,,,,,,,0.06869590372044647,,,,,,10.98,25,73133.5,73207.3,72908.55,73051.85,none,no_price_available
2026-09-04T08:13:25.980272+00:00,2026-09-04T13:43:25.980272+05:30,NIFTYNXT50,29-Sep-2026,64500.0,PE,0,,0,,0,0.0,,0,0,0,0,0,,,,,,,,,,,,,,,0.06869590372044647,,,,,,10.98,25,73133.5,73207.3,72908.55,73051.85,none,no_price_available
2026-09-04T08:13:25.980272+00:00,2026-09-04T13:43:25.980272+05:30,NIFTYNXT50,29-Sep-2026,64600.0,CE,73036.85,,0,,0,0.0,,0,0,0,0,0,,,,,,,,,,,,,,,0.06869590372044647,,,,,,10.98,25,73133.5,73207.3,72908.55,73051.85,none,no_price_available
2026-09-04T08:13:25.980272+00:00,2026-09-04T13:43:25.980272+05:30,NIFTYNXT50,29-Sep-2026,64600.0,PE,0,,0,,0,0.0,,0,0,0,0,0,,,,,,,,,,,,,,,0.06869590372044647,,,,,,10.98,25,73133.5,73207.3,72908.55,73051.85,none,no_price_available
2026-09-04T08:13:25.980272+00:00,2026-09-04T13:43:25.980272+05:30,NIFTYNXT50,29-Sep-2026,64700.0,CE,73036.85,,0,,0,0.0,,0,0,0,0,0,,,,,,,,,,,,,,,0.06869590372044647,,,,,,10.98,25,73133.5,73207.3,72908.55,73051.85,none,no_price_available
2026-09-04T08:13:25.980272+00:00,2026-09-04T13:43:25.980272+05:30,NIFTYNXT50,29-Sep-2026,64700.0,PE,0,,0,,0,0.0,,0,0,0,0,0,,,,,,,,,,,,,,,0.06869590372044647,,,,,,10.98,25,73133.5,73207.3,72908.55,73051.85,none,no_price_available
2026-09-04T08:13:25.980272+00:00,2026-09-04T13:43:25.980272+05:30,NIFTYNXT50,29-Sep-2026,64800.0,CE,73036.85,,0,,0,0.0,,0,0,0,0,0,,,,,,,,,,,,,,,0.06869590372044647,,,,,,10.98,25,73133.5,73207.3,72908.55,73051.85,none,no_price_available
2026-09-04T08:13:25.980272+00:00,2026-09-04T13:43:25.980272+05:30,NIFTYNXT50,29-Sep-2026,64800.0,PE,0,,0,,0,0.0,,0,0,0,0,0,,,,,,,,,,,,,,,0.06869590372044647,,,,,,10.98,25,73133.5,73207.3,72908.55,73051.85,none,no_price_available
2026-09-04T08:13:25.980272+00:00,2026-09-04T13:43:25.980272+05:30,NIFTYNXT50,29-Sep-2026,64900.0,CE,73036.85,,0,,0,0.0,,0,0,0,0,0,,,,,,,,,,,,,,,0.06869590372044647,,,,,,10.98,25,73133.5,73207.3,72908.55,73051.85,none,no_price_available
2026-09-04T08:13:25.980272+00:00,2026-09-04T13:43:25.980272+05:30,NIFTYNXT50,29-Sep-2026,64900.0,PE,0,,0,,0,0.0,,0,0,0,0,0,,,,,,,,,,,,,,,0.06869590372044647,,,,,,10.98,25,73133.5,73207.3,72908.55,73051.85,none,no_price_available
2026-09-04T08:13:25.980272+00:00,2026-09-04T13:43:25.980272+05:30,NIFTYNXT50,29-Sep-2026,65000.0,CE,73036.85,,0,,0,0.0,,0,0,0,0,0,,,,,,,,,,,,,,,0.06869590372044647,,,,,,10.98,25,73133.5,73207.3,72908.55,73051.85,none,no_price_available
2026-09-04T08:13:25.980272+00:00,2026-09-04T13:43:25.980272+05:30,NIFTYNXT50,29-Sep-2026,65000.0,PE,0,,0,,0,0.0,,0,0,0,0,0,,,,,,,,,,,,,,,0.06869590372044647,,,,,,10.98,25,73133.5,73207.3,72908.55,73051.85,none,no_price_available
2026-09-04T08:13:25.980272+00:00,2026-09-04T13:43:25.980272+05:30,NIFTYNXT50,29-Sep-2026,65100.0,CE,73036.85,,0,,0,0.0,,0,0,0,0,0,,,,,,,,,,,,,,,0.06869590372044647,,,,,,10.98,25,73133.5,73207.3,72908.55,73051.85,none,no_price_available
2026-09-04T08:13:25.980272+00:00,2026-09-04T13:43:25.980272+05:30,NIFTYNXT50,29-Sep-2026,65100.0,PE,0,,0,,0,0.0,,0,0,0,0,0,,,,,,,,,,,,,,,0.06869590372044647,,,,,,10.98,25,73133.5,73207.3,72908.55,73051.85,none,no_price_available
2026-09-04T08:13:25.980272+00:00,2026-09-04T13:43:25.980272+05:30,NIFTYNXT50,29-Sep-2026,65200.0,CE,73036.85,,0,,0,0.0,,0,0,0,0,0,,,,,,,,,,,,,,,0.06869590372044647,,,,,,10.98,25,73133.5,73207.3,72908.55,73051.85,none,no_price_available
2026-09-04T08:13:25.980272+00:00,2026-09-04T13:43:25.980272+05:30,NIFTYNXT50,29-Sep-2026,65200.0,PE,0,,0,,0,0.0,,0,0,0,0,0,,,,,,,,,,,,,,,0.06869590372044647,,,,,,10.98,25,73133.5,73207.3,72908.55,73051.85,none,no_price_available
2026-09-04T08:13:25.980272+00:00,2026-09-04T13:43:25.980272+05:30,NIFTYNXT50,29-Sep-2026,65300.0,CE,73036.85,,0,,0,0.0,,0,0,0,0,0,,,,,,,,,,,,,,,0.06869590372044647,,,,,,10.98,25,73133.5,73207.3,72908.55,73051.85,none,no_price_available
2026-09-04T08:13:25.980272+00:00,2026-09-04T13:43:25.980272+05:30,NIFTYNXT50,29-Sep-2026,65300.0,PE,0,,0,,0,0.0,,0,0,0,0,0,,,,,,,,,,,,,,,0.06869590372044647,,,,,,10.98,25,73133.5,73207.3,72908.55,73051.85,none,no_price_available
2026-09-04T08:13:25.980272+00:00,2026-09-04T13:43:25.980272+05:30,NIFTYNXT50,29-Sep-2026,65400.0,CE,73036.85,,0,,0,0.0,,0,0,0,0,0,,,,,,,,,,,,,,,0.06869590372044647,,,,,,10.98,25,73133.5,73207.3,72908.55,73051.85,none,no_price_available
2026-09-04T08:13:25.980272+00:00,2026-09-04T13:43:25.980272+05:30,NIFTYNXT50,29-Sep-2026,65400.0,PE,0,,0,,0,0.0,,0,0,0,0,0,,,,,,,,,,,,,,,0.06869590372044647,,,,,,10.98,25,73133.5,73207.3,72908.55,73051.85,none,no_price_available
2026-09-04T08:13:25.980272+00:00,2026-09-04T13:43:25.980272+05:30,NIFTYNXT50,29-Sep-2026,65500.0,CE,73036.85,,0,,0,0.0,,0,0,0,0,0,,,,,,,,,,,,,,,0.06869590372044647,,,,,,10.98,25,73133.5,73207.3,72908.55,73051.85,none,no_price_available
2026-09-04T08:13:25.980272+00:00,2026-09-04T13:43:25.980272+05:30,NIFTYNXT50,29-Sep-2026,65500.0,PE,73036.85,,0,44.95,25,0.0,,0,0,0,0,0,,,,,,,,,,,,,,,0.06869590372044647,,,,,,10.98,25,73133.5,73207.3,72908.55,73051.85,none,no_price_available
2026-09-04T08:13:25.980272+00:00,2026-09-04T13:43:25.980272+05:30,NIFTYNXT50,29-Sep-2026,65600.0,CE,73036.85,,0,,0,0.0,,0,0,0,0,0,,,,,,,,,,,,,,,0.06869590372044647,,,,,,10.98,25,73133.5,73207.3,72908.55,73051.85,none,no_price_available
2026-09-04T08:13:25.980272+00:00,2026-09-04T13:43:25.980272+05:30,NIFTYNXT50,29-Sep-2026,65600.0,PE,0,,0,,0,0.0,,0,0,0,0,0,,,,,,,,,,,,,,,0.06869590372044647,,,,,,10.98,25,73133.5,73207.3,72908.55,73051.85,none,no_price_available
2026-09-04T08:13:25.980272+00:00,2026-09-04T13:43:25.980272+05:30,NIFTYNXT50,29-Sep-2026,65700.0,CE,73036.85,,0,,0,0.0,,0,0,0,0,0,,,,,,,,,,,,,,,0.06869590372044647,,,,,,10.98,25,73133.5,73207.3,72908.55,73051.85,none,no_price_available
2026-09-04T08:13:25.980272+00:00,2026-09-04T13:43:25.980272+05:30,NIFTYNXT50,29-Sep-2026,65700.0,PE,0,,0,,0,0.0,,0,0,0,0,0,,,,,,,,,,,,,,,0.06869590372044647,,,,,,10.98,25,73133.5,73207.3,72908.55,73051.85,none,no_price_available
2026-09-04T08:13:25.980272+00:00,2026-09-04T13:43:25.980272+05:30,NIFTYNXT50,29-Sep-2026,65800.0,CE,73036.85,,0,,0,0.0,,0,0,0,0,0,,,,,,,,,,,,,,,0.06869590372044647,,,,,,10.98,25,73133.5,73207.3,72908.55,73051.85,none,no_price_available
2026-09-04T08:13:25.980272+00:00,2026-09-04T13:43:25.980272+05:30,NIFTYNXT50,29-Sep-2026,65800.0,PE,0,,0,,0,0.0,,0,0,0,0,0,,,,,,,,,,,,,,,0.06869590372044647,,,,,,10.98,25,73133.5,73207.3,72908.55,73051.85,none,no_price_available
2026-09-04T08:13:25.980272+00:00,2026-09-04T13:43:25.980272+05:30,NIFTYNXT50,29-Sep-2026,65900.0,CE,73036.85,,0,,0,0.0,,0,0,0,0,0,,,,,,,,,,,,,,,0.06869590372044647,,,,,,10.98,25,73133.5,73207.3,72908.55,73051.85,none,no_price_available
2026-09-04T08:13:25.980272+00:00,2026-09-04T13:43:25.980272+05:30,NIFTYNXT50,29-Sep-2026,65900.0,PE,0,,0,,0,0.0,,0,0,0,0,0,,,,,,,,,,,,,,,0.06869590372044647,,,,,,10.98,25,73133.5,73207.3,72908.55,73051.85,none,no_price_available
2026-09-04T08:13:25.980272+00:00,2026-09-04T13:43:25.980272+05:30,NIFTYNXT50,29-Sep-2026,66000.0,CE,73036.85,,0,,0,0.0,,0,0,0,0,0,,,,,,,,,,,,,,,0.06869590372044647,,,,,,10.98,25,73133.5,73207.3,72908.55,73051.85,none,no_price_available
2026-09-04T08:13:25.980272+00:00,2026-09-04T13:43:25.980272+05:30,NIFTYNXT50,29-Sep-2026,66000.0,PE,73036.85,,0,48.9,25,0.0,,0,0,0,0,0,,,,,,,,,,,,,,,0.06869590372044647,,,,,,10.98,25,73133.5,73207.3,72908.55,73051.85,none,no_price_available
2026-09-04T08:13:25.980272+00:00,2026-09-04T13:43:25.980272+05:30,NIFTYNXT50,29-Sep-2026,66100.0,CE,73036.85,,0,,0,0.0,,0,0,0,0,0,,,,,,,,,,,,,,,0.06869590372044647,,,,,,10.98,25,73133.5,73207.3,72908.55,73051.85,none,no_price_available
2026-09-04T08:13:25.980272+00:00,2026-09-04T13:43:25.980272+05:30,NIFTYNXT50,29-Sep-2026,66100.0,PE,0,,0,,0,0.0,,0,0,0,0,0,,,,,,,,,,,,,,,0.06869590372044647,,,,,,10.98,25,73133.5,73207.3,72908.55,73051.85,none,no_price_available
2026-09-04T08:13:25.980272+00:00,2026-09-04T13:43:25.980272+05:30,NIFTYNXT50,29-Sep-2026,66200.0,CE,73036.85,,0,,0,0.0,,0,0,0,0,0,,,,,,,,,,,,,,,0.06869590372044647,,,,,,10.98,25,73133.5,73207.3,72908.55,73051.85,none,no_price_available
2026-09-04T08:13:25.980272+00:00,2026-09-04T13:43:25.980272+05:30,NIFTYNXT50,29-Sep-2026,66200.0,PE,0,,0,,0,0.0,,0,0,0,0,0,,,,,,,,,,,,,,,0.06869590372044647,,,,,,10.98,25,73133.5,73207.3,72908.55,73051.85,none,no_price_available
2026-09-04T08:13:25.980272+00:00,2026-09-04T13:43:25.980272+05:30,NIFTYNXT50,29-Sep-2026,66300.0,CE,73036.85,,0,,0,0.0,,0,0,0,0,0,,,,,,,,,,,,,,,0.06869590372044647,,,,,,10.98,25,73133.5,73207.3,72908.55,73051.85,none,no_price_available
2026-09-04T08:13:25.980272+00:00,2026-09-04T13:43:25.980272+05:30,NIFTYNXT50,29-Sep-2026,66300.0,PE,0,,0,,0,0.0,,0,0,0,0,0,,,,,,,,,,,,,,,0.06869590372044647,,,,,,10.98,25,73133.5,73207.3,72908.55,73051.85,none,no_price_available
2026-09-04T08:13:25.980272+00:00,2026-09-04T13:43:25.980272+05:30,NIFTYNXT50,29-Sep-2026,66400.0,CE,73036.85,,0,,0,0.0,,0,0,0,0,0,,,,,,,,,,,,,,,0.06869590372044647,,,,,,10.98,25,73133.5,73207.3,72908.55,73051.85,none,no_price_available
2026-09-04T08:13:25.980272+00:00,2026-09-04T13:43:25.980272+05:30,NIFTYNXT50,29-Sep-2026,66400.0,PE,0,,0,,0,0.0,,0,0,0,0,0,,,,,,,,,,,,,,,0.06869590372044647,,,,,,10.98,25,73133.5,73207.3,72908.55,73051.85,none,no_price_available
2026-09-04T08:13:25.980272+00:00,2026-09-04T13:43:25.980272+05:30,NIFTYNXT50,29-Sep-2026,66500.0,CE,73036.85,,0,,0,0.0,,0,0,0,0,0,,,,,,,,,,,,,,,0.06869590372044647,,,,,,10.98,25,73133.5,73207.3,72908.55,73051.85,none,no_price_available
2026-09-04T08:13:25.980272+00:00,2026-09-04T13:43:25.980272+05:30,NIFTYNXT50,29-Sep-2026,66500.0,PE,0,,0,,0,0.0,,0,0,0,0,0,,,,,,,,,,,,,,,0.06869590372044647,,,,,,10.98,25,73133.5,73207.3,72908.55,73051.85,none,no_price_available
2026-09-04T08:13:25.980272+00:00,2026-09-04T13:43:25.980272+05:30,NIFTYNXT50,29-Sep-2026,66600.0,CE,73036.85,,0,,0,0.0,,0,0,0,0,0,,,,,,,,,,,,,,,0.06869590372044647,,,,,,10.98,25,73133.5,73207.3,72908.55,73051.85,none,no_price_available
2026-09-04T08:13:25.980272+00:00,2026-09-04T13:43:25.980272+05:30,NIFTYNXT50,29-Sep-2026,66600.0,PE,0,,0,,0,0.0,,0,0,0,0,0,,,,,,,,,,,,,,,0.06869590372044647,,,,,,10.98,25,73133.5,73207.3,72908.55,73051.85,none,no_price_available
2026-09-04T08:13:25.980272+00:00,2026-09-04T13:43:25.980272+05:30,NIFTYNXT50,29-Sep-2026,66700.0,CE,73036.85,,0,,0,0.0,,0,0,0,0,0,,,,,,,,,,,,,,,0.06869590372044647,,,,,,10.98,25,73133.5,73207.3,72908.55,73051.85,none,no_price_available
2026-09-04T08:13:25.980272+00:00,2026-09-04T13:43:25.980272+05:30,NIFTYNXT50,29-Sep-2026,66700.0,PE,0,,0,,0,0.0,,0,0,0,0,0,,,,,,,,,,,,,,,0.06869590372044647,,,,,,10.98,25,73133.5,73207.3,72908.55,73051.85,none,no_price_available
2026-09-04T08:13:25.980272+00:00,2026-09-04T13:43:25.980272+05:30,NIFTYNXT50,29-Sep-2026,66800.0,CE,73036.85,,0,,0,0.0,,0,0,0,0,0,,,,,,,,,,,,,,,0.06869590372044647,,,,,,10.98,25,73133.5,73207.3,72908.55,73051.85,none,no_price_available
2026-09-04T08:13:25.980272+00:00,2026-09-04T13:43:25.980272+05:30,NIFTYNXT50,29-Sep-2026,66800.0,PE,0,,0,,0,0.0,,0,0,0,0,0,,,,,,,,,,,,,,,0.06869590372044647,,,,,,10.98,25,73133.5,73207.3,72908.55,73051.85,none,no_price_available
2026-09-04T08:13:25.980272+00:00,2026-09-04T13:43:25.980272+05:30,NIFTYNXT50,29-Sep-2026,66900.0,CE,73036.85,,0,,0,0.0,,0,0,0,0,0,,,,,,,,,,,,,,,0.06869590372044647,,,,,,10.98,25,73133.5,73207.3,72908.55,73051.85,none,no_price_available
2026-09-04T08:13:25.980272+00:00,2026-09-04T13:43:25.980272+05:30,NIFTYNXT50,29-Sep-2026,66900.0,PE,0,,0,,0,0.0,,0,0,0,0,0,,,,,,,,,,,,,,,0.06869590372044647,,,,,,10.98,25,73133.5,73207.3,72908.55,73051.85,none,no_price_available
2026-09-04T08:13:25.980272+00:00,2026-09-04T13:43:25.980272+05:30,NIFTYNXT50,29-Sep-2026,67000.0,CE,73036.85,,0,,0,0.0,,0,0,0,0,0,,,,,,,,,,,,,,,0.06869590372044647,,,,,,10.98,25,73133.5,73207.3,72908.55,73051.85,none,no_price_available
2026-09-04T08:13:25.980272+00:00,2026-09-04T13:43:25.980272+05:30,NIFTYNXT50,29-Sep-2026,67000.0,PE,73036.85,48,75,74,50,50,61.0,9,0,11,-95.26739233317558,19.61,-0.03768823754974971,2.1866431260313638e-05,-5.718804104398931,15.713408923199557,-0.7226524894582004,0.0025836193839426647,245.94221599923037,-1.0664477935832217e-08,0.00023074689308707236,-7.876693459987232e-07,-1.1925202272473872,-47.723252867779955,0.041944912930098915,2.598438081219737e-05,0.06869590372044647,73151,0.02273337309875344,0.009899999999999999,index_dividend_yield,0.065,10.98,25,73133.5,73207.3,72908.55,73051.85,mid_price,wide_quote_low_liquidity
2026-09-04T08:13:25.980272+00:00,2026-09-04T13:43:25.980272+05:30,NIFTYNXT50,29-Sep-2026,67100.0,CE,73036.85,,0,,0,0.0,,0,0,0,0,0,,,,,,,,,,,,,,,0.06869590372044647,,,,,,10.98,25,73133.5,73207.3,72908.55,73051.85,none,no_price_available
2026-09-04T08:13:25.980272+00:00,2026-09-04T13:43:25.980272+05:30,NIFTYNXT50,29-Sep-2026,67100.0,PE,0,,0,,0,0.0,,0,0,0,0,0,,,,,,,,,,,,,,,0.06869590372044647,,,,,,10.98,25,73133.5,73207.3,72908.55,73051.85,none,no_price_available
2026-09-04T08:13:25.980272+00:00,2026-09-04T13:43:25.980272+05:30,NIFTYNXT50,29-Sep-2026,67200.0,CE,73036.85,,0,,0,0.0,,0,0,0,0,0,,,,,,,,,,,,,,,0.06869590372044647,,,,,,10.98,25,73133.5,73207.3,72908.55,73051.85,none,no_price_available
2026-09-04T08:13:25.980272+00:00,2026-09-04T13:43:25.980272+05:30,NIFTYNXT50,29-Sep-2026,67200.0,PE,0,,0,,0,0.0,,0,0,0,0,0,,,,,,,,,,,,,,,0.06869590372044647,,,,,,10.98,25,73133.5,73207.3,72908.55,73051.85,none,no_price_available
2026-09-04T08:13:25.980272+00:00,2026-09-04T13:43:25.980272+05:30,NIFTYNXT50,29-Sep-2026,67300.0,CE,73036.85,,0,,0,0.0,,0,0,0,0,0,,,,,,,,,,,,,,,0.06869590372044647,,,,,,10.98,25,73133.5,73207.3,72908.55,73051.85,none,no_price_available
2026-09-04T08:13:25.980272+00:00,2026-09-04T13:43:25.980272+05:30,NIFTYNXT50,29-Sep-2026,67300.0,PE,0,,0,,0,0.0,,0,0,0,0,0,,,,,,,,,,,,,,,0.06869590372044647,,,,,,10.98,25,73133.5,73207.3,72908.55,73051.85,none,no_price_available
2026-09-04T08:13:25.980272+00:00,2026-09-04T13:43:25.980272+05:30,NIFTYNXT50,29-Sep-2026,67400.0,CE,73036.85,,0,,0,0.0,,0,0,0,0,0,,,,,,,,,,,,,,,0.06869590372044647,,,,,,10.98,25,73133.5,73207.3,72908.55,73051.85,none,no_price_available
2026-09-04T08:13:25.980272+00:00,2026-09-04T13:43:25.980272+05:30,NIFTYNXT50,29-Sep-2026,67400.0,PE,0,,0,,0,0.0,,0,0,0,0,0,,,,,,,,,,,,,,,0.06869590372044647,,,,,,10.98,25,73133.5,73207.3,72908.55,73051.85,none,no_price_available
2026-09-04T08:13:25.980272+00:00,2026-09-04T13:43:25.980272+05:30,NIFTYNXT50,29-Sep-2026,67500.0,CE,73036.85,,0,,0,0.0,,0,0,0,0,0,,,,,,,,,,,,,,,0.06869590372044647,,,,,,10.98,25,73133.5,73207.3,72908.55,73051.85,none,no_price_available
2026-09-04T08:13:25.980272+00:00,2026-09-04T13:43:25.980272+05:30,NIFTYNXT50,29-Sep-2026,67500.0,PE,73036.85,1.05,100,75.4,25,0.0,38.225,0,0,0,0,0,,,,,,,,,,,,,,,0.06869590372044647,73151,0.02273337309875344,0.009899999999999999,index_dividend_yield,0.065,10.98,25,73133.5,73207.3,72908.55,73051.85,mid_price,no_nse_iv
2026-09-04T08:13:25.980272+00:00,2026-09-04T13:43:25.980272+05:30,NIFTYNXT50,29-Sep-2026,67600.0,CE,73036.85,,0,,0,0.0,,0,0,0,0,0,,,,,,,,,,,,,,,0.06869590372044647,,,,,,10.98,25,73133.5,73207.3,72908.55,73051.85,none,no_price_available
2026-09-04T08:13:25.980272+00:00,2026-09-04T13:43:25.980272+05:30,NIFTYNXT50,29-Sep-2026,67600.0,PE,0,,0,,0,0.0,,0,0,0,0,0,,,,,,,,,,,,,,,0.06869590372044647,,,,,,10.98,25,73133.5,73207.3,72908.55,73051.85,none,no_price_available
2026-09-04T08:13:25.980272+00:00,2026-09-04T13:43:25.980272+05:30,NIFTYNXT50,29-Sep-2026,67700.0,CE,73036.85,,0,,0,0.0,,0,0,0,0,0,,,,,,,,,,,,,,,0.06869590372044647,,,,,,10.98,25,73133.5,73207.3,72908.55,73051.85,none,no_price_available
2026-09-04T08:13:25.980272+00:00,2026-09-04T13:43:25.980272+05:30,NIFTYNXT50,29-Sep-2026,67700.0,PE,0,,0,,0,0.0,,0,0,0,0,0,,,,,,,,,,,,,,,0.06869590372044647,,,,,,10.98,25,73133.5,73207.3,72908.55,73051.85,none,no_price_available
2026-09-04T08:13:25.980272+00:00,2026-09-04T13:43:25.980272+05:30,NIFTYNXT50,29-Sep-2026,67800.0,CE,73036.85,,0,,0,0.0,,0,0,0,0,0,,,,,,,,,,,,,,,0.06869590372044647,,,,,,10.98,25,73133.5,73207.3,72908.55,73051.85,none,no_price_available
2026-09-04T08:13:25.980272+00:00,2026-09-04T13:43:25.980272+05:30,NIFTYNXT50,29-Sep-2026,67800.0,PE,0,,0,,0,0.0,,0,0,0,0,0,,,,,,,,,,,,,,,0.06869590372044647,,,,,,10.98,25,73133.5,73207.3,72908.55,73051.85,none,no_price_available
2026-09-04T08:13:25.980272+00:00,2026-09-04T13:43:25.980272+05:30,NIFTYNXT50,29-Sep-2026,67900.0,CE,73036.85,,0,,0,0.0,,0,0,0,0,0,,,,,,,,,,,,,,,0.06869590372044647,,,,,,10.98,25,73133.5,73207.3,72908.55,73051.85,none,no_price_available
2026-09-04T08:13:25.980272+00:00,2026-09-04T13:43:25.980272+05:30,NIFTYNXT50,29-Sep-2026,67900.0,PE,73036.85,,0,,0,0.0,,0,0,0,0,0,,,,,,,,,,,,,,,0.06869590372044647,,,,,,10.98,25,73133.5,73207.3,72908.55,73051.85,none,no_price_available
2026-09-04T08:13:25.980272+00:00,2026-09-04T13:43:25.980272+05:30,NIFTYNXT50,29-Sep-2026,68000.0,CE,73036.85,,0,,0,0.0,,0,0,0,0,0,,,,,,,,,,,,,,,0.06869590372044647,,,,,,10.98,25,73133.5,73207.3,72908.55,73051.85,none,no_price_available
2026-09-04T08:13:25.980272+00:00,2026-09-04T13:43:25.980272+05:30,NIFTYNXT50,29-Sep-2026,68000.0,PE,0,,0,,0,0.0,,0,0,0,0,0,,,,,,,,,,,,,,,0.06869590372044647,,,,,,10.98,25,73133.5,73207.3,72908.55,73051.85,none,no_price_available
2026-09-04T08:13:25.980272+00:00,2026-09-04T13:43:25.980272+05:30,NIFTYNXT50,29-Sep-2026,68100.0,CE,73036.85,,0,,0,0.0,,0,0,0,0,0,,,,,,,,,,,,,,,0.06869590372044647,,,,,,10.98,25,73133.5,73207.3,72908.55,73051.85,none,no_price_available
2026-09-04T08:13:25.980272+00:00,2026-09-04T13:43:25.980272+05:30,NIFTYNXT50,29-Sep-2026,68100.0,PE,0,,0,,0,0.0,,0,0,0,0,0,,,,,,,,,,,,,,,0.06869590372044647,,,,,,10.98,25,73133.5,73207.3,72908.55,73051.85,none,no_price_available
2026-09-04T08:13:25.980272+00:00,2026-09-04T13:43:25.980272+05:30,NIFTYNXT50,29-Sep-2026,68200.0,CE,73036.85,,0,,0,0.0,,0,0,0,0,0,,,,,,,,,,,,,,,0.06869590372044647,,,,,,10.98,25,73133.5,73207.3,72908.55,73051.85,none,no_price_available
2026-09-04T08:13:25.980272+00:00,2026-09-04T13:43:25.980272+05:30,NIFTYNXT50,29-Sep-2026,68200.0,PE,0,,0,,0,0.0,,0,0,0,0,0,,,,,,,,,,,,,,,0.06869590372044647,,,,,,10.98,25,73133.5,73207.3,72908.55,73051.85,none,no_price_available
2026-09-04T08:13:25.980272+00:00,2026-09-04T13:43:25.980272+05:30,NIFTYNXT50,29-Sep-2026,68300.0,CE,73036.85,,0,,0,0.0,,0,0,0,0,0,,,,,,,,,,,,,,,0.06869590372044647,,,,,,10.98,25,73133.5,73207.3,72908.55,73051.85,none,no_price_available
2026-09-04T08:13:25.980272+00:00,2026-09-04T13:43:25.980272+05:30,NIFTYNXT50,29-Sep-2026,68300.0,PE,0,,0,,0,0.0,,0,0,0,0,0,,,,,,,,,,,,,,,0.06869590372044647,,,,,,10.98,25,73133.5,73207.3,72908.55,73051.85,none,no_price_available
2026-09-04T08:13:25.980272+00:00,2026-09-04T13:43:25.980272+05:30,NIFTYNXT50,29-Sep-2026,68400.0,CE,73036.85,,0,,0,0.0,,0,0,0,0,0,,,,,,,,,,,,,,,0.06869590372044647,,,,,,10.98,25,73133.5,73207.3,72908.55,73051.85,none,no_price_available
2026-09-04T08:13:25.980272+00:00,2026-09-04T13:43:25.980272+05:30,NIFTYNXT50,29-Sep-2026,68400.0,PE,0,,0,,0,0.0,,0,0,0,0,0,,,,,,,,,,,,,,,0.06869590372044647,,,,,,10.98,25,73133.5,73207.3,72908.55,73051.85,none,no_price_available
2026-09-04T08:13:25.980272+00:00,2026-09-04T13:43:25.980272+05:30,NIFTYNXT50,29-Sep-2026,68500.0,CE,73036.85,,0,,0,0.0,,0,0,0,0,0,,,,,,,,,,,,,,,0.06869590372044647,,,,,,10.98,25,73133.5,73207.3,72908.55,73051.85,none,no_price_available
2026-09-04T08:13:25.980272+00:00,2026-09-04T13:43:25.980272+05:30,NIFTYNXT50,29-Sep-2026,68500.0,PE,0,,0,,0,0.0,,0,0,0,0,0,,,,,,,,,,,,,,,0.06869590372044647,,,,,,10.98,25,73133.5,73207.3,72908.55,73051.85,none,no_price_available
2026-09-04T08:13:25.980272+00:00,2026-09-04T13:43:25.980272+05:30,NIFTYNXT50,29-Sep-2026,68600.0,CE,73036.85,,0,,0,0.0,,0,0,0,0,0,,,,,,,,,,,,,,,0.06869590372044647,,,,,,10.98,25,73133.5,73207.3,72908.55,73051.85,none,no_price_available
2026-09-04T08:13:25.980272+00:00,2026-09-04T13:43:25.980272+05:30,NIFTYNXT50,29-Sep-2026,68600.0,PE,0,,0,,0,0.0,,0,0,0,0,0,,,,,,,,,,,,,,,0.06869590372044647,,,,,,10.98,25,73133.5,73207.3,72908.55,73051.85,none,no_price_available
2026-09-04T08:13:25.980272+00:00,2026-09-04T13:43:25.980272+05:30,NIFTYNXT50,29-Sep-2026,68700.0,CE,73036.85,,0,,0,0.0,,0,0,0,0,0,,,,,,,,,,,,,,,0.06869590372044647,,,,,,10.98,25,73133.5,73207.3,72908.55,73051.85,none,no_price_available
2026-09-04T08:13:25.980272+00:00,2026-09-04T13:43:25.980272+05:30,NIFTYNXT50,29-Sep-2026,68700.0,PE,0,,0,,0,0.0,,0,0,0,0,0,,,,,,,,,,,,,,,0.06869590372044647,,,,,,10.98,25,73133.5,73207.3,72908.55,73051.85,none,no_price_available
2026-09-04T08:13:25.980272+00:00,2026-09-04T13:43:25.980272+05:30,NIFTYNXT50,29-Sep-2026,68800.0,CE,73036.85,,0,,0,0.0,,0,0,0,0,0,,,,,,,,,,,,,,,0.06869590372044647,,,,,,10.98,25,73133.5,73207.3,72908.55,73051.85,none,no_price_available
2026-09-04T08:13:25.980272+00:00,2026-09-04T13:43:25.980272+05:30,NIFTYNXT50,29-Sep-2026,68800.0,PE,0,,0,,0,0.0,,0,0,0,0,0,,,,,,,,,,,,,,,0.06869590372044647,,,,,,10.98,25,73133.5,73207.3,72908.55,73051.85,none,no_price_available
2026-09-04T08:13:25.980272+00:00,2026-09-04T13:43:25.980272+05:30,NIFTYNXT50,29-Sep-2026,68900.0,CE,73036.85,,0,,0,0.0,,0,0,0,0,0,,,,,,,,,,,,,,,0.06869590372044647,,,,,,10.98,25,73133.5,73207.3,72908.55,73051.85,none,no_price_available
2026-09-04T08:13:25.980272+00:00,2026-09-04T13:43:25.980272+05:30,NIFTYNXT50,29-Sep-2026,68900.0,PE,0,,0,,0,0.0,,0,0,0,0,0,,,,,,,,,,,,,,,0.06869590372044647,,,,,,10.98,25,73133.5,73207.3,72908.55,73051.85,none,no_price_available
2026-09-04T08:13:25.980272+00:00,2026-09-04T13:43:25.980272+05:30,NIFTYNXT50,29-Sep-2026,69000.0,CE,73036.85,,0,,0,0.0,,0,0,0,0,0,,,,,,,,,,,,,,,0.06869590372044647,,,,,,10.98,25,73133.5,73207.3,72908.55,73051.85,none,no_price_available
2026-09-04T08:13:25.980272+00:00,2026-09-04T13:43:25.980272+05:30,NIFTYNXT50,29-Sep-2026,69000.0,PE,0,,0,,0,0.0,,0,0,0,0,0,,,,,,,,,,,,,,,0.06869590372044647,,,,,,10.98,25,73133.5,73207.3,72908.55,73051.85,none,no_price_available
2026-09-04T08:13:25.980272+00:00,2026-09-04T13:43:25.980272+05:30,NIFTYNXT50,29-Sep-2026,69100.0,CE,73036.85,,0,,0,0.0,,0,0,0,0,0,,,,,,,,,,,,,,,0.06869590372044647,,,,,,10.98,25,73133.5,73207.3,72908.55,73051.85,none,no_price_available
2026-09-04T08:13:25.980272+00:00,2026-09-04T13:43:25.980272+05:30,NIFTYNXT50,29-Sep-2026,69100.0,PE,0,,0,,0,0.0,,0,0,0,0,0,,,,,,,,,,,,,,,0.06869590372044647,,,,,,10.98,25,73133.5,73207.3,72908.55,73051.85,none,no_price_available
2026-09-04T08:13:25.980272+00:00,2026-09-04T13:43:25.980272+05:30,NIFTYNXT50,29-Sep-2026,69200.0,CE,73036.85,,0,,0,0.0,,0,0,0,0,0,,,,,,,,,,,,,,,0.06869590372044647,,,,,,10.98,25,73133.5,73207.3,72908.55,73051.85,none,no_price_available
2026-09-04T08:13:25.980272+00:00,2026-09-04T13:43:25.980272+05:30,NIFTYNXT50,29-Sep-2026,69200.0,PE,0,,0,,0,0.0,,0,0,0,0,0,,,,,,,,,,,,,,,0.06869590372044647,,,,,,10.98,25,73133.5,73207.3,72908.55,73051.85,none,no_price_available
2026-09-04T08:13:25.980272+00:00,2026-09-04T13:43:25.980272+05:30,NIFTYNXT50,29-Sep-2026,69300.0,CE,73036.85,,0,,0,0.0,,0,0,0,0,0,,,,,,,,,,,,,,,0.06869590372044647,,,,,,10.98,25,73133.5,73207.3,72908.55,73051.85,none,no_price_available
2026-09-04T08:13:25.980272+00:00,2026-09-04T13:43:25.980272+05:30,NIFTYNXT50,29-Sep-2026,69300.0,PE,0,,0,,0,0.0,,0,0,0,0,0,,,,,,,,,,,,,,,0.06869590372044647,,,,,,10.98,25,73133.5,73207.3,72908.55,73051.85,none,no_price_available
2026-09-04T08:13:25.980272+00:00,2026-09-04T13:43:25.980272+05:30,NIFTYNXT50,29-Sep-2026,69400.0,CE,73036.85,,0,,0,0.0,,0,0,0,0,0,,,,,,,,,,,,,,,0.06869590372044647,,,,,,10.98,25,73133.5,73207.3,72908.55,73051.85,none,no_price_available
2026-09-04T08:13:25.980272+00:00,2026-09-04T13:43:25.980272+05:30,NIFTYNXT50,29-Sep-2026,69400.0,PE,0,,0,,0,0.0,,0,0,0,0,0,,,,,,,,,,,,,,,0.06869590372044647,,,,,,10.98,25,73133.5,73207.3,72908.55,73051.85,none,no_price_available
2026-09-04T08:13:25.980272+00:00,2026-09-04T13:43:25.980272+05:30,NIFTYNXT50,29-Sep-2026,69500.0,CE,73036.85,,0,,0,0.0,,0,0,0,0,0,,,,,,,,,,,,,,,0.06869590372044647,,,,,,10.98,25,73133.5,73207.3,72908.55,73051.85,none,no_price_available
2026-09-04T08:13:25.980272+00:00,2026-09-04T13:43:25.980272+05:30,NIFTYNXT50,29-Sep-2026,69500.0,PE,0,,0,,0,0.0,,0,0,0,0,0,,,,,,,,,,,,,,,0.06869590372044647,,,,,,10.98,25,73133.5,73207.3,72908.55,73051.85,none,no_price_available
2026-09-04T08:13:25.980272+00:00,2026-09-04T13:43:25.980272+05:30,NIFTYNXT50,29-Sep-2026,69600.0,CE,73036.85,,0,,0,0.0,,0,0,0,0,0,,,,,,,,,,,,,,,0.06869590372044647,,,,,,10.98,25,73133.5,73207.3,72908.55,73051.85,none,no_price_available
2026-09-04T08:13:25.980272+00:00,2026-09-04T13:43:25.980272+05:30,NIFTYNXT50,29-Sep-2026,69600.0,PE,0,,0,,0,0.0,,0,0,0,0,0,,,,,,,,,,,,,,,0.06869590372044647,,,,,,10.98,25,73133.5,73207.3,72908.55,73051.85,none,no_price_available
2026-09-04T08:13:25.980272+00:00,2026-09-04T13:43:25.980272+05:30,NIFTYNXT50,29-Sep-2026,69700.0,CE,73036.85,,0,,0,0.0,,0,0,0,0,0,,,,,,,,,,,,,,,0.06869590372044647,,,,,,10.98,25,73133.5,73207.3,72908.55,73051.85,none,no_price_available
2026-09-04T08:13:25.980272+00:00,2026-09-04T13:43:25.980272+05:30,NIFTYNXT50,29-Sep-2026,69700.0,PE,0,,0,,0,0.0,,0,0,0,0,0,,,,,,,,,,,,,,,0.06869590372044647,,,,,,10.98,25,73133.5,73207.3,72908.55,73051.85,none,no_price_available
2026-09-04T08:13:25.980272+00:00,2026-09-04T13:43:25.980272+05:30,NIFTYNXT50,29-Sep-2026,69800.0,CE,73036.85,,0,,0,0.0,,0,0,0,0,0,,,,,,,,,,,,,,,0.06869590372044647,,,,,,10.98,25,73133.5,73207.3,72908.55,73051.85,none,no_price_available
2026-09-04T08:13:25.980272+00:00,2026-09-04T13:43:25.980272+05:30,NIFTYNXT50,29-Sep-2026,69800.0,PE,0,,0,,0,0.0,,0,0,0,0,0,,,,,,,,,,,,,,,0.06869590372044647,,,,,,10.98,25,73133.5,73207.3,72908.55,73051.85,none,no_price_available
2026-09-04T08:13:25.980272+00:00,2026-09-04T13:43:25.980272+05:30,NIFTYNXT50,29-Sep-2026,69900.0,CE,73036.85,,0,,0,0.0,,0,0,0,0,0,,,,,,,,,,,,,,,0.06869590372044647,,,,,,10.98,25,73133.5,73207.3,72908.55,73051.85,none,no_price_available
2026-09-04T08:13:25.980272+00:00,2026-09-04T13:43:25.980272+05:30,NIFTYNXT50,29-Sep-2026,69900.0,PE,0,,0,,0,0.0,,0,0,0,0,0,,,,,,,,,,,,,,,0.06869590372044647,,,,,,10.98,25,73133.5,73207.3,72908.55,73051.85,none,no_price_available
2026-09-04T08:13:25.980272+00:00,2026-09-04T13:43:25.980272+05:30,NIFTYNXT50,29-Sep-2026,70000.0,CE,73036.85,,0,,0,0.0,,0,0,0,0,0,,,,,,,,,,,,,,,0.06869590372044647,,,,,,10.98,25,73133.5,73207.3,72908.55,73051.85,none,no_price_available
2026-09-04T08:13:25.980272+00:00,2026-09-04T13:43:25.980272+05:30,NIFTYNXT50,29-Sep-2026,70000.0,PE,73036.85,0.1,100,,0,0.0,,0,0,0,0,0,,,,,,,,,,,,,,,0.06869590372044647,,,,,,10.98,25,73133.5,73207.3,72908.55,73051.85,none,no_price_available
2026-09-04T08:13:25.980272+00:00,2026-09-04T13:43:25.980272+05:30,NIFTYNXT50,29-Sep-2026,70100.0,CE,73036.85,,0,,0,0.0,,0,0,0,0,0,,,,,,,,,,,,,,,0.06869590372044647,,,,,,10.98,25,73133.5,73207.3,72908.55,73051.85,none,no_price_available
2026-09-04T08:13:25.980272+00:00,2026-09-04T13:43:25.980272+05:30,NIFTYNXT50,29-Sep-2026,70100.0,PE,0,,0,,0,0.0,,0,0,0,0,0,,,,,,,,,,,,,,,0.06869590372044647,,,,,,10.98,25,73133.5,73207.3,72908.55,73051.85,none,no_price_available
2026-09-04T08:13:25.980272+00:00,2026-09-04T13:43:25.980272+05:30,NIFTYNXT50,29-Sep-2026,70200.0,CE,73036.85,,0,,0,0.0,,0,0,0,0,0,,,,,,,,,,,,,,,0.06869590372044647,,,,,,10.98,25,73133.5,73207.3,72908.55,73051.85,none,no_price_available
2026-09-04T08:13:25.980272+00:00,2026-09-04T13:43:25.980272+05:30,NIFTYNXT50,29-Sep-2026,70200.0,PE,0,,0,,0,0.0,,0,0,0,0,0,,,,,,,,,,,,,,,0.06869590372044647,,,,,,10.98,25,73133.5,73207.3,72908.55,73051.85,none,no_price_available
2026-09-04T08:13:25.980272+00:00,2026-09-04T13:43:25.980272+05:30,NIFTYNXT50,29-Sep-2026,70300.0,CE,73036.85,,0,,0,0.0,,0,0,0,0,0,,,,,,,,,,,,,,,0.06869590372044647,,,,,,10.98,25,73133.5,73207.3,72908.55,73051.85,none,no_price_available
2026-09-04T08:13:25.980272+00:00,2026-09-04T13:43:25.980272+05:30,NIFTYNXT50,29-Sep-2026,70300.0,PE,0,,0,,0,0.0,,0,0,0,0,0,,,,,,,,,,,,,,,0.06869590372044647,,,,,,10.98,25,73133.5,73207.3,72908.55,73051.85,none,no_price_available
2026-09-04T08:13:25.980272+00:00,2026-09-04T13:43:25.980272+05:30,NIFTYNXT50,29-Sep-2026,70400.0,CE,73036.85,,0,,0,0.0,,0,0,0,0,0,,,,,,,,,,,,,,,0.06869590372044647,,,,,,10.98,25,73133.5,73207.3,72908.55,73051.85,none,no_price_available
2026-09-04T08:13:25.980272+00:00,2026-09-04T13:43:25.980272+05:30,NIFTYNXT50,29-Sep-2026,70400.0,PE,0,,0,,0,0.0,,0,0,0,0,0,,,,,,,,,,,,,,,0.06869590372044647,,,,,,10.98,25,73133.5,73207.3,72908.55,73051.85,none,no_price_available
2026-09-04T08:13:25.980272+00:00,2026-09-04T13:43:25.980272+05:30,NIFTYNXT50,29-Sep-2026,70500.0,CE,73036.85,,0,,0,0.0,,0,0,0,0,0,,,,,,,,,,,,,,,0.06869590372044647,,,,,,10.98,25,73133.5,73207.3,72908.55,73051.85,none,no_price_available
2026-09-04T08:13:25.980272+00:00,2026-09-04T13:43:25.980272+05:30,NIFTYNXT50,29-Sep-2026,70500.0,PE,0,,0,,0,0.0,,0,0,0,0,0,,,,,,,,,,,,,,,0.06869590372044647,,,,,,10.98,25,73133.5,73207.3,72908.55,73051.85,none,no_price_available
2026-09-04T08:13:25.980272+00:00,2026-09-04T13:43:25.980272+05:30,NIFTYNXT50,29-Sep-2026,70600.0,CE,73036.85,,0,,0,0.0,,0,0,0,0,0,,,,,,,,,,,,,,,0.06869590372044647,,,,,,10.98,25,73133.5,73207.3,72908.55,73051.85,none,no_price_available
2026-09-04T08:13:25.980272+00:00,2026-09-04T13:43:25.980272+05:30,NIFTYNXT50,29-Sep-2026,70600.0,PE,0,,0,,0,0.0,,0,0,0,0,0,,,,,,,,,,,,,,,0.06869590372044647,,,,,,10.98,25,73133.5,73207.3,72908.55,73051.85,none,no_price_available
2026-09-04T08:13:25.980272+00:00,2026-09-04T13:43:25.980272+05:30,NIFTYNXT50,29-Sep-2026,70700.0,CE,73036.85,,0,,0,0.0,,0,0,0,0,0,,,,,,,,,,,,,,,0.06869590372044647,,,,,,10.98,25,73133.5,73207.3,72908.55,73051.85,none,no_price_available
2026-09-04T08:13:25.980272+00:00,2026-09-04T13:43:25.980272+05:30,NIFTYNXT50,29-Sep-2026,70700.0,PE,0,,0,,0,0.0,,0,0,0,0,0,,,,,,,,,,,,,,,0.06869590372044647,,,,,,10.98,25,73133.5,73207.3,72908.55,73051.85,none,no_price_available
2026-09-04T08:13:25.980272+00:00,2026-09-04T13:43:25.980272+05:30,NIFTYNXT50,29-Sep-2026,70800.0,CE,73036.85,,0,,0,0.0,,0,0,0,0,0,,,,,,,,,,,,,,,0.06869590372044647,,,,,,10.98,25,73133.5,73207.3,72908.55,73051.85,none,no_price_available
2026-09-04T08:13:25.980272+00:00,2026-09-04T13:43:25.980272+05:30,NIFTYNXT50,29-Sep-2026,70800.0,PE,0,,0,,0,0.0,,0,0,0,0,0,,,,,,,,,,,,,,,0.06869590372044647,,,,,,10.98,25,73133.5,73207.3,72908.55,73051.85,none,no_price_available
2026-09-04T08:13:25.980272+00:00,2026-09-04T13:43:25.980272+05:30,NIFTYNXT50,29-Sep-2026,70900.0,CE,73036.85,,0,,0,0.0,,0,0,0,0,0,,,,,,,,,,,,,,,0.06869590372044647,,,,,,10.98,25,73133.5,73207.3,72908.55,73051.85,none,no_price_available
2026-09-04T08:13:25.980272+00:00,2026-09-04T13:43:25.980272+05:30,NIFTYNXT50,29-Sep-2026,70900.0,PE,0,,0,,0,0.0,,0,0,0,0,0,,,,,,,,,,,,,,,0.06869590372044647,,,,,,10.98,25,73133.5,73207.3,72908.55,73051.85,none,no_price_available
2026-09-04T08:13:25.980272+00:00,2026-09-04T13:43:25.980272+05:30,NIFTYNXT50,29-Sep-2026,71000.0,CE,73036.85,,0,,0,0.0,,0,0,0,0,0,,,,,,,,,,,,,,,0.06869590372044647,,,,,,10.98,25,73133.5,73207.3,72908.55,73051.85,none,no_price_available
2026-09-04T08:13:25.980272+00:00,2026-09-04T13:43:25.980272+05:30,NIFTYNXT50,29-Sep-2026,71000.0,PE,73036.85,,0,410,25,0.0,,0,0,0,0,0,,,,,,,,,,,,,,,0.06869590372044647,,,,,,10.98,25,73133.5,73207.3,72908.55,73051.85,none,no_price_available
2026-09-04T08:13:25.980272+00:00,2026-09-04T13:43:25.980272+05:30,NIFTYNXT50,29-Sep-2026,71100.0,CE,73036.85,,0,,0,0.0,,0,0,0,0,0,,,,,,,,,,,,,,,0.06869590372044647,,,,,,10.98,25,73133.5,73207.3,72908.55,73051.85,none,no_price_available
2026-09-04T08:13:25.980272+00:00,2026-09-04T13:43:25.980272+05:30,NIFTYNXT50,29-Sep-2026,71100.0,PE,0,,0,,0,0.0,,0,0,0,0,0,,,,,,,,,,,,,,,0.06869590372044647,,,,,,10.98,25,73133.5,73207.3,72908.55,73051.85,none,no_price_available
2026-09-04T08:13:25.980272+00:00,2026-09-04T13:43:25.980272+05:30,NIFTYNXT50,29-Sep-2026,71200.0,CE,73036.85,,0,,0,0.0,,0,0,0,0,0,,,,,,,,,,,,,,,0.06869590372044647,,,,,,10.98,25,73133.5,73207.3,72908.55,73051.85,none,no_price_available
2026-09-04T08:13:25.980272+00:00,2026-09-04T13:43:25.980272+05:30,NIFTYNXT50,29-Sep-2026,71200.0,PE,0,,0,,0,0.0,,0,0,0,0,0,,,,,,,,,,,,,,,0.06869590372044647,,,,,,10.98,25,73133.5,73207.3,72908.55,73051.85,none,no_price_available
2026-09-04T08:13:25.980272+00:00,2026-09-04T13:43:25.980272+05:30,NIFTYNXT50,29-Sep-2026,71300.0,CE,73036.85,,0,,0,0.0,,0,0,0,0,0,,,,,,,,,,,,,,,0.06869590372044647,,,,,,10.98,25,73133.5,73207.3,72908.55,73051.85,none,no_price_available
2026-09-04T08:13:25.980272+00:00,2026-09-04T13:43:25.980272+05:30,NIFTYNXT50,29-Sep-2026,71300.0,PE,0,,0,,0,0.0,,0,0,0,0,0,,,,,,,,,,,,,,,0.06869590372044647,,,,,,10.98,25,73133.5,73207.3,72908.55,73051.85,none,no_price_available
2026-09-04T08:13:25.980272+00:00,2026-09-04T13:43:25.980272+05:30,NIFTYNXT50,29-Sep-2026,71400.0,CE,73036.85,,0,,0,0.0,,0,0,0,0,0,,,,,,,,,,,,,,,0.06869590372044647,,,,,,10.98,25,73133.5,73207.3,72908.55,73051.85,none,no_price_available
2026-09-04T08:13:25.980272+00:00,2026-09-04T13:43:25.980272+05:30,NIFTYNXT50,29-Sep-2026,71400.0,PE,0,,0,,0,0.0,,0,0,0,0,0,,,,,,,,,,,,,,,0.06869590372044647,,,,,,10.98,25,73133.5,73207.3,72908.55,73051.85,none,no_price_available
2026-09-04T08:13:25.980272+00:00,2026-09-04T13:43:25.980272+05:30,NIFTYNXT50,29-Sep-2026,71500.0,CE,73036.85,,0,,0,0.0,,0,0,0,0,0,,,,,,,,,,,,,,,0.06869590372044647,,,,,,10.98,25,73133.5,73207.3,72908.55,73051.85,none,no_price_available
2026-09-04T08:13:25.980272+00:00,2026-09-04T13:43:25.980272+05:30,NIFTYNXT50,29-Sep-2026,71500.0,PE,73036.85,101,25,940,25,0.0,520.5,0,0,0,0,0,,,,,,,,,,,,,,,0.06869590372044647,73151,0.02273337309875344,0.009899999999999999,index_dividend_yield,0.065,10.98,25,73133.5,73207.3,72908.55,73051.85,mid_price,no_nse_iv
2026-09-04T08:13:25.980272+00:00,2026-09-04T13:43:25.980272+05:30,NIFTYNXT50,29-Sep-2026,71600.0,CE,73036.85,,0,,0,0.0,,0,0,0,0,0,,,,,,,,,,,,,,,0.06869590372044647,,,,,,10.98,25,73133.5,73207.3,72908.55,73051.85,none,no_price_available
2026-09-04T08:13:25.980272+00:00,2026-09-04T13:43:25.980272+05:30,NIFTYNXT50,29-Sep-2026,71600.0,PE,73036.85,108.75,50,1241.95,50,0.0,675.35,0,0,0,0,0,,,,,,,,,,,,,,,0.06869590372044647,73151,0.02273337309875344,0.009899999999999999,index_dividend_yield,0.065,10.98,25,73133.5,73207.3,72908.55,73051.85,mid_price,no_nse_iv
2026-09-04T08:13:25.980272+00:00,2026-09-04T13:43:25.980272+05:30,NIFTYNXT50,29-Sep-2026,71700.0,CE,73036.85,,0,,0,0.0,,0,0,0,0,0,,,,,,,,,,,,,,,0.06869590372044647,,,,,,10.98,25,73133.5,73207.3,72908.55,73051.85,none,no_price_available
2026-09-04T08:13:25.980272+00:00,2026-09-04T13:43:25.980272+05:30,NIFTYNXT50,29-Sep-2026,71700.0,PE,73036.85,121.6,50,1261.1,550,0.0,691.3499999999999,0,0,0,0,0,,,,,,,,,,,,,,,0.06869590372044647,73151,0.02273337309875344,0.009899999999999999,index_dividend_yield,0.065,10.98,25,73133.5,73207.3,72908.55,73051.85,mid_price,no_nse_iv
2026-09-04T08:13:25.980272+00:00,2026-09-04T13:43:25.980272+05:30,NIFTYNXT50,29-Sep-2026,71800.0,CE,73036.85,,0,,0,0.0,,0,0,0,0,0,,,,,,,,,,,,,,,0.06869590372044647,,,,,,10.98,25,73133.5,73207.3,72908.55,73051.85,none,no_price_available
2026-09-04T08:13:25.980272+00:00,2026-09-04T13:43:25.980272+05:30,NIFTYNXT50,29-Sep-2026,71800.0,PE,73036.85,135.2,50,1018.25,50,0.0,576.725,0,0,0,0,0,,,,,,,,,,,,,,,0.06869590372044647,73151,0.02273337309875344,0.009899999999999999,index_dividend_yield,0.065,10.98,25,73133.5,73207.3,72908.55,73051.85,mid_price,no_nse_iv
2026-09-04T08:13:25.980272+00:00,2026-09-04T13:43:25.980272+05:30,NIFTYNXT50,29-Sep-2026,71900.0,CE,73036.85,,0,,0,0.0,,0,0,0,0,0,,,,,,,,,,,,,,,0.06869590372044647,,,,,,10.98,25,73133.5,73207.3,72908.55,73051.85,none,no_price_available
2026-09-04T08:13:25.980272+00:00,2026-09-04T13:43:25.980272+05:30,NIFTYNXT50,29-Sep-2026,71900.0,PE,73036.85,,0,,0,0.0,,0,0,0,0,0,,,,,,,,,,,,,,,0.06869590372044647,,,,,,10.98,25,73133.5,73207.3,72908.55,73051.85,none,no_price_available
2026-09-04T08:13:25.980272+00:00,2026-09-04T13:43:25.980272+05:30,NIFTYNXT50,29-Sep-2026,72000.0,CE,73036.85,1305,50,2509.9,50,0.0,1907.45,0,0,0,0,0,,,,,,,,,,,,,,,0.06869590372044647,73151,0.02273337309875344,0.009899999999999999,index_dividend_yield,0.065,10.98,25,73133.5,73207.3,72908.55,73051.85,mid_price,no_nse_iv
2026-09-04T08:13:25.980272+00:00,2026-09-04T13:43:25.980272+05:30,NIFTYNXT50,29-Sep-2026,72000.0,PE,73036.85,464,25,555,25,612,509.5,3,0,1,-0.7299270072992701,16.17,-0.32690228785659947,0.0001165039997500386,-18.534723134024414,69.03443348329839,-0.904351731230213,0.0016230891919216115,77.53692183530347,-1.8325835928127622e-08,-0.0005896572339061437,2.090707168663866e-06,-1.5147011810380064,-35.18672343333938,0.34103419844334687,0.00011988363735347485,0.06869590372044647,73151,0.02273337309875344,0.009899999999999999,index_dividend_yield,0.065,10.98,25,73133.5,73207.3,72908.55,73051.85,mid_price,wide_quote_low_liquidity
2026-09-04T08:13:25.980272+00:00,2026-09-04T13:43:25.980272+05:30,NIFTYNXT50,29-Sep-2026,72100.0,CE,73036.85,1625.25,100,1812.05,100,0.0,1718.65,0,0,0,0,0,,,,,,,,,,,,,,,0.06869590372044647,73151,0.02273337309875344,0.009899999999999999,index_dividend_yield,0.065,10.98,25,73133.5,73207.3,72908.55,73051.85,mid_price,no_nse_iv
2026-09-04T08:13:25.980272+00:00,2026-09-04T13:43:25.980272+05:30,NIFTYNXT50,29-Sep-2026,72100.0,PE,73036.85,478.35,150,644.25,150,0.0,561.3,0,0,0,0,0,,,,,,,,,,,,,,,0.06869590372044647,73151,0.02273337309875344,0.009899999999999999,index_dividend_yield,0.065,10.98,25,73133.5,73207.3,72908.55,73051.85,mid_price,no_nse_iv
2026-09-04T08:13:25.980272+00:00,2026-09-04T13:43:25.980272+05:30,NIFTYNXT50,29-Sep-2026,72200.0,CE,73036.85,,0,,0,0.0,,0,0,0,0,0,,,,,,,,,,,,,,,0.06869590372044647,,,,,,10.98,25,73133.5,73207.3,72908.55,73051.85,none,no_price_available
2026-09-04T08:13:25.980272+00:00,2026-09-04T13:43:25.980272+05:30,NIFTYNXT50,29-Sep-2026,72200.0,PE,73036.85,197.3,50,1542.85,550,0.0,870.0749999999999,0,0,0,0,0,,,,,,,,,,,,,,,0.06869590372044647,73151,0.02273337309875344,0.009899999999999999,index_dividend_yield,0.065,10.98,25,73133.5,73207.3,72908.55,73051.85,mid_price,no_nse_iv
2026-09-04T08:13:25.980272+00:00,2026-09-04T13:43:25.980272+05:30,NIFTYNXT50,29-Sep-2026,72300.0,CE,73036.85,,0,,0,0.0,,0,0,0,0,0,,,,,,,,,,,,,,,0.06869590372044647,,,,,,10.98,25,73133.5,73207.3,72908.55,73051.85,none,no_price_available
2026-09-04T08:13:25.980272+00:00,2026-09-04T13:43:25.980272+05:30,NIFTYNXT50,29-Sep-2026,72300.0,PE,73036.85,214.6,50,1286.6,50,0.0,750.5999999999999,0,0,0,0,0,,,,,,,,,,,,,,,0.06869590372044647,73151,0.02273337309875344,0.009899999999999999,index_dividend_yield,0.065,10.98,25,73133.5,73207.3,72908.55,73051.85,mid_price,no_nse_iv
2026-09-04T08:13:25.980272+00:00,2026-09-04T13:43:25.980272+05:30,NIFTYNXT50,29-Sep-2026,72400.0,CE,73036.85,,0,,0,0.0,,0,0,0,0,0,,,,,,,,,,,,,,,0.06869590372044647,,,,,,10.98,25,73133.5,73207.3,72908.55,73051.85,none,no_price_available
2026-09-04T08:13:25.980272+00:00,2026-09-04T13:43:25.980272+05:30,NIFTYNXT50,29-Sep-2026,72400.0,PE,73036.85,,0,,0,0.0,,0,0,0,0,0,,,,,,,,,,,,,,,0.06869590372044647,,,,,,10.98,25,73133.5,73207.3,72908.55,73051.85,none,no_price_available
2026-09-04T08:13:25.980272+00:00,2026-09-04T13:43:25.980272+05:30,NIFTYNXT50,29-Sep-2026,72500.0,CE,73036.85,1037,25,2114.95,25,0.0,1575.975,0,0,0,0,0,,,,,,,,,,,,,,,0.06869590372044647,73151,0.02273337309875344,0.009899999999999999,index_dividend_yield,0.065,10.98,25,73133.5,73207.3,72908.55,73051.85,mid_price,no_nse_iv
2026-09-04T08:13:25.980272+00:00,2026-09-04T13:43:25.980272+05:30,NIFTYNXT50,29-Sep-2026,72500.0,PE,73036.85,365,25,810,25,0.0,587.5,6,0,0,0,13.38,-0.3682443774030201,0.00014711572376493654,-15.067779046451067,72.13235574927279,-0.8470884773904841,0.0006283192077186084,54.46203479647238,-2.1081261828450403e-08,-0.000988489126772625,2.8546106826463206e-06,-1.4775294691301752,-40.67009025949418,0.3800926373464994,0.00014930252347596215,0.06869590372044647,73151,0.02273337309875344,0.009899999999999999,index_dividend_yield,0.065,10.98,25,73133.5,73207.3,72908.55,73051.85,mid_price,wide_quote_low_liquidity
2026-09-04T08:13:25.980272+00:00,2026-09-04T13:43:25.980272+05:30,NIFTYNXT50,29-Sep-2026,72600.0,CE,73036.85,,0,,0,0.0,,0,0,0,0,0,,,,,,,,,,,,,,,0.06869590372044647,,,,,,10.98,25,73133.5,73207.3,72908.55,73051.85,none,no_price_available
2026-09-04T08:13:25.980272+00:00,2026-09-04T13:43:25.980272+05:30,NIFTYNXT50,29-Sep-2026,72600.0,PE,73036.85,,0,,0,0.0,,0,0,0,0,0,,,,,,,,,,,,,,,0.06869590372044647,,,,,,10.98,25,73133.5,73207.3,72908.55,73051.85,none,no_price_available
2026-09-04T08:13:25.980272+00:00,2026-09-04T13:43:25.980272+05:30,NIFTYNXT50,29-Sep-2026,72700.0,CE,73036.85,590.9,50,2590,25,0.0,1590.45,0,0,0,0,0,,,,,,,,,,,,,,,0.06869590372044647,73151,0.02273337309875344,0.009899999999999999,index_dividend_yield,0.065,10.98,25,73133.5,73207.3,72908.55,73051.85,mid_price,no_nse_iv
2026-09-04T08:13:25.980272+00:00,2026-09-04T13:43:25.980272+05:30,NIFTYNXT50,29-Sep-2026,72700.0,PE,0,,0,,0,0.0,,0,0,0,0,0,,,,,,,,,,,,,,,0.06869590372044647,,,,,,10.98,25,73133.5,73207.3,72908.55,73051.85,none,no_price_available
2026-09-04T08:13:25.980272+00:00,2026-09-04T13:43:25.980272+05:30,NIFTYNXT50,29-Sep-2026,72800.0,CE,73036.85,799.95,25,1800,25,0.0,1299.975,0,0,0,0,0,,,,,,,,,,,,,,,0.06869590372044647,73151,0.02273337309875344,0.009899999999999999,index_dividend_yield,0.065,10.98,25,73133.5,73207.3,72908.55,73051.85,mid_price,no_nse_iv
2026-09-04T08:13:25.980272+00:00,2026-09-04T13:43:25.980272+05:30,NIFTYNXT50,29-Sep-2026,72800.0,PE,0,,0,,0,0.0,,0,0,0,0,0,,,,,,,,,,,,,,,0.06869590372044647,,,,,,10.98,25,73133.5,73207.3,72908.55,73051.85,none,no_price_available
2026-09-04T08:13:25.980272+00:00,2026-09-04T13:43:25.980272+05:30,NIFTYNXT50,29-Sep-2026,72900.0,CE,73036.85,1121.55,125,1285.6,125,0.0,1203.5749999999998,0,0,0,0,0,,,,,,,,,,,,,,,0.06869590372044647,73151,0.02273337309875344,0.009899999999999999,index_dividend_yield,0.065,10.98,25,73133.5,73207.3,72908.55,73051.85,mid_price,no_nse_iv
2026-09-04T08:13:25.980272+00:00,2026-09-04T13:43:25.980272+05:30,NIFTYNXT50,29-Sep-2026,72900.0,PE,73036.85,749.05,150,890,25,0.0,819.525,3,0,0,0,16.07,-0.43793362314946027,0.00012803944440619304,-19.150699953009763,75.40055932631795,-0.27780181991515773,-0.0005333616263274443,8.267229020042066,-8.154650534611002e-09,-0.0007827513979252515,2.5836944668688436e-06,-1.4860716307273805,-31.117192844797504,0.4528558311185029,0.00012852061435288117,0.06869590372044647,73151,0.02273337309875344,0.009899999999999999,index_dividend_yield,0.065,10.98,25,73133.5,73207.3,72908.55,73051.85,mid_price,wide_quote_low_liquidity
2026-09-04T08:13:25.980272+00:00,2026-09-04T13:43:25.980272+05:30,NIFTYNXT50,29-Sep-2026,73000.0,CE,73036.85,1150,25,1170,25,1170,1160.0,5,0,65,4.932735426008969,11.04,0.56424705217728,0.00018616092620696767,-22.6220930094004,75.31344509943487,-0.476806985235001,-0.0009876584896755247,14.853396217667125,-1.6599333899181512e-08,-0.0016496562270904328,3.7954355713392376e-06,-1.4686158581228455,40.959113144586915,-0.5507490659495641,0.0001863489196750098,0.06869590372044647,73151,0.02273337309875344,0.009899999999999999,index_dividend_yield,0.065,10.98,25,73133.5,73207.3,72908.55,73051.85,mid_price,ok
2026-09-04T08:13:25.980272+00:00,2026-09-04T13:43:25.980272+05:30,NIFTYNXT50,29-Sep-2026,73000.0,PE,73036.85,790.05,25,1029.95,25,0.0,910.0,0,0,0,0,0,,,,,,,,,,,,,,,0.06869590372044647,73151,0.02273337309875344,0.009899999999999999,index_dividend_yield,0.065,10.98,25,73133.5,73207.3,72908.55,73051.85,mid_price,no_nse_iv
2026-09-04T08:13:25.980272+00:00,2026-09-04T13:43:25.980272+05:30,NIFTYNXT50,29-Sep-2026,73100.0,CE,73036.85,473.05,100,1978.9,50,0.0,1225.9750000000001,0,0,0,0,0,,,,,,,,,,,,,,,0.06869590372044647,73151,0.02273337309875344,0.009899999999999999,index_dividend_yield,0.065,10.98,25,73133.5,73207.3,72908.55,73051.85,mid_price,no_nse_iv
2026-09-04T08:13:25.980272+00:00,2026-09-04T13:43:25.980272+05:30,NIFTYNXT50,29-Sep-2026,73100.0,PE,0,,0,,0,0.0,,0,0,0,0,0,,,,,,,,,,,,,,,0.06869590372044647,,,,,,10.98,25,73133.5,73207.3,72908.55,73051.85,none,no_price_available
2026-09-04T08:13:25.980272+00:00,2026-09-04T13:43:25.980272+05:30,NIFTYNXT50,29-Sep-2026,73200.0,CE,73036.85,445.2,100,1778.8,100,0.0,1112.0,0,0,0,0,0,,,,,,,,,,,,,,,0.06869590372044647,73151,0.02273337309875344,0.009899999999999999,index_dividend_yield,0.065,10.98,25,73133.5,73207.3,72908.55,73051.85,mid_price,no_nse_iv
2026-09-04T08:13:25.980272+00:00,2026-09-04T13:43:25.980272+05:30,NIFTYNXT50,29-Sep-2026,73200.0,PE,0,,0,,0,0.0,,0,0,0,0,0,,,,,,,,,,,,,,,0.06869590372044647,,,,,,10.98,25,73133.5,73207.3,72908.55,73051.85,none,no_price_available
2026-09-04T08:13:25.980272+00:00,2026-09-04T13:43:25.980272+05:30,NIFTYNXT50,29-Sep-2026,73300.0,CE,73036.85,,0,1570,25,0.0,,0,0,0,0,0,,,,,,,,,,,,,,,0.06869590372044647,,,,,,10.98,25,73133.5,73207.3,72908.55,73051.85,none,no_price_available
2026-09-04T08:13:25.980272+00:00,2026-09-04T13:43:25.980272+05:30,NIFTYNXT50,29-Sep-2026,73300.0,PE,73036.85,952,25,1020,50,1015,986.0,22,17,48,-6.859371415462262,14.7,-0.4900289223415275,0.00014163257855211273,-16.76311841893755,76.29488214295966,0.038954921303679946,-0.0016892919786116176,-0.18016875694115697,-3.1126953101688154e-09,-0.0009638659862422805,2.8432106282262723e-06,-1.511652971202565,-32.10408186976418,0.5034786585000631,0.00014061747046117495,0.06869590372044647,73151,0.02273337309875344,0.009899999999999999,index_dividend_yield,0.065,10.98,25,73133.5,73207.3,72908.55,73051.85,mid_price,ok
2026-09-04T08:13:25.980272+00:00,2026-09-04T13:43:25.980272+05:30,NIFTYNXT50,29-Sep-2026,73400.0,CE,73036.85,555.25,50,1276,25,0.0,915.625,0,0,0,0,0,,,,,,,,,,,,,,,0.06869590372044647,73151,0.02273337309875344,0.009899999999999999,index_dividend_yield,0.065,10.98,25,73133.5,73207.3,72908.55,73051.85,mid_price,no_nse_iv
2026-09-04T08:13:25.980272+00:00,2026-09-04T13:43:25.980272+05:30,NIFTYNXT50,29-Sep-2026,73400.0,PE,73036.85,961,25,1160,25,0.0,1060.5,3,0,0,0,16.06,-0.5023950236384761,0.00012967357714492575,-18.674854483434103,76.31535733398402,0.12152084974720312,-0.001832790236692028,0.15961189764368555,-1.46324161743729e-09,-0.0008071920300347442,2.5858967920141466e-06,-1.5222008801217726,-28.900269460949986,0.5172071421449664,0.00012839361891178473,0.06869590372044647,73151,0.02273337309875344,0.009899999999999999,index_dividend_yield,0.065,10.98,25,73133.5,73207.3,72908.55,73051.85,mid_price,wide_quote_low_liquidity
2026-09-04T08:13:25.980272+00:00,2026-09-04T13:43:25.980272+05:30,NIFTYNXT50,29-Sep-2026,73500.0,CE,73036.85,800,25,925,25,0.0,862.5,8,0,0,0,9.43,0.46372716417920334,0.000219951394914191,-19.29296354917241,76.00695307014558,0.48412987483653636,-0.0033233393361636883,8.365493896413057,7.884163459902844e-09,-0.0023085115356401053,4.2261476658650736e-06,-1.5713085819636063,53.61715747855214,-0.4522106940151923,0.00021718814247294186,0.06869590372044647,73151,0.02273337309875344,0.009899999999999999,index_dividend_yield,0.065,10.98,25,73133.5,73207.3,72908.55,73051.85,mid_price,ok
2026-09-04T08:13:25.980272+00:00,2026-09-04T13:43:25.980272+05:30,NIFTYNXT50,29-Sep-2026,73500.0,PE,73036.85,801,25,1348.9,50,0.0,1074.95,0,0,0,0,0,,,,,,,,,,,,,,,0.06869590372044647,73151,0.02273337309875344,0.009899999999999999,index_dividend_yield,0.065,10.98,25,73133.5,73207.3,72908.55,73051.85,mid_price,no_nse_iv
2026-09-04T08:13:25.980272+00:00,2026-09-04T13:43:25.980272+05:30,NIFTYNXT50,29-Sep-2026,73600.0,CE,73036.85,350.25,50,900.4,25,0.0,625.325,0,0,0,0,0,,,,,,,,,,,,,,,0.06869590372044647,73151,0.02273337309875344,0.009899999999999999,index_dividend_yield,0.065,10.98,25,73133.5,73207.3,72908.55,73051.85,mid_price,no_nse_iv
2026-09-04T08:13:25.980272+00:00,2026-09-04T13:43:25.980272+05:30,NIFTYNXT50,29-Sep-2026,73600.0,PE,73036.85,522.25,50,1761.35,50,0.0,1141.8,0,0,0,0,0,,,,,,,,,,,,,,,0.06869590372044647,73151,0.02273337309875344,0.009899999999999999,index_dividend_yield,0.065,10.98,25,73133.5,73207.3,72908.55,73051.85,mid_price,no_nse_iv
2026-09-04T08:13:25.980272+00:00,2026-09-04T13:43:25.980272+05:30,NIFTYNXT50,29-Sep-2026,73700.0,CE,73036.85,321.05,50,873.05,25,0.0,597.05,1,0,0,0,13,0.4451535993332943,0.00015870089763172598,-24.361764925244106,75.60275910509885,0.5201983540372157,-0.0030866894278285817,13.658349756695998,6.526165342690266e-09,-0.0011921733013921557,2.9988385916258963e-06,-1.5869746758992989,39.92896609509686,-0.4300997997384136,0.0001558577764346522,0.06869590372044647,73151,0.02273337309875344,0.009899999999999999,index_dividend_yield,0.065,10.98,25,73133.5,73207.3,72908.55,73051.85,mid_price,wide_quote_low_liquidity
2026-09-04T08:13:25.980272+00:00,2026-09-04T13:43:25.980272+05:30,NIFTYNXT50,29-Sep-2026,73700.0,PE,73036.85,,0,,0,0.0,,0,0,0,0,0,,,,,,,,,,,,,,,0.06869590372044647,,,,,,10.98,25,73133.5,73207.3,72908.55,73051.85,none,no_price_available
2026-09-04T08:13:25.980272+00:00,2026-09-04T13:43:25.980272+05:30,NIFTYNXT50,29-Sep-2026,73800.0,CE,73036.85,300.05,25,846.25,25,0.0,573.15,0,0,0,0,0,,,,,,,,,,,,,,,0.06869590372044647,73151,0.02273337309875344,0.009899999999999999,index_dividend_yield,0.065,10.98,25,73133.5,73207.3,72908.55,73051.85,mid_price,no_nse_iv
2026-09-04T08:13:25.980272+00:00,2026-09-04T13:43:25.980272+05:30,NIFTYNXT50,29-Sep-2026,73800.0,PE,73036.85,584.1,50,2617.6,550,0.0,1600.85,0,0,0,0,0,,,,,,,,,,,,,,,0.06869590372044647,73151,0.02273337309875344,0.009899999999999999,index_dividend_yield,0.065,10.98,25,73133.5,73207.3,72908.55,73051.85,mid_price,no_nse_iv
2026-09-04T08:13:25.980272+00:00,2026-09-04T13:43:25.980272+05:30,NIFTYNXT50,29-Sep-2026,73900.0,CE,73036.85,,0,820.05,25,0.0,,0,0,0,0,0,,,,,,,,,,,,,,,0.06869590372044647,,,,,,10.98,25,73133.5,73207.3,72908.55,73051.85,none,no_price_available
2026-09-04T08:13:25.980272+00:00,2026-09-04T13:43:25.980272+05:30,NIFTYNXT50,29-Sep-2026,73900.0,PE,73036.85,,0,,0,0.0,,0,0,0,0,0,,,,,,,,,,,,,,,0.06869590372044647,,,,,,10.98,25,73133.5,73207.3,72908.55,73051.85,none,no_price_available
2026-09-04T08:13:25.980272+00:00,2026-09-04T13:43:25.980272+05:30,NIFTYNXT50,29-Sep-2026,74000.0,CE,73036.85,591.2,150,666,25,666,628.6,20,1,2,2.6194144838212634,11.58,0.3849729172144174,0.00017235115272171522,-21.028424089507066,73.13708748502926,1.0628099247828315,-0.004344633486864702,59.36393827336417,2.0086376408551793e-08,-0.001348543231977225,2.868836686925445e-06,-1.699743223195739,47.83541153404376,-0.3720191692679749,0.0001678938629164147,0.06869590372044647,73151,0.02273337309875344,0.009899999999999999,index_dividend_yield,0.065,10.98,25,73133.5,73207.3,72908.55,73051.85,mid_price,ok
2026-09-04T08:13:25.980272+00:00,2026-09-04T13:43:25.980272+05:30,NIFTYNXT50,29-Sep-2026,74000.0,PE,73036.85,1000.15,25,1805,25,0.0,1402.575,0,0,0,0,0,,,,,,,,,,,,,,,0.06869590372044647,73151,0.02273337309875344,0.009899999999999999,index_dividend_yield,0.065,10.98,25,73133.5,73207.3,72908.55,73051.85,mid_price,no_nse_iv
2026-09-04T08:13:25.980272+00:00,2026-09-04T13:43:25.980272+05:30,NIFTYNXT50,29-Sep-2026,74100.0,CE,73036.85,239.2,50,769.35,50,0.0,504.275,0,0,0,0,0,,,,,,,,,,,,,,,0.06869590372044647,73151,0.02273337309875344,0.009899999999999999,index_dividend_yield,0.065,10.98,25,73133.5,73207.3,72908.55,73051.85,mid_price,no_nse_iv
2026-09-04T08:13:25.980272+00:00,2026-09-04T13:43:25.980272+05:30,NIFTYNXT50,29-Sep-2026,74100.0,PE,73036.85,684.5,50,2153.45,50,0.0,1418.975,0,0,0,0,0,,,,,,,,,,,,,,,0.06869590372044647,73151,0.02273337309875344,0.009899999999999999,index_dividend_yield,0.065,10.98,25,73133.5,73207.3,72908.55,73051.85,mid_price,no_nse_iv
2026-09-04T08:13:25.980272+00:00,2026-09-04T13:43:25.980272+05:30,NIFTYNXT50,29-Sep-2026,74200.0,CE,73036.85,,0,744.8,25,0.0,,0,0,0,0,0,,,,,,,,,,,,,,,0.06869590372044647,,,,,,10.98,25,73133.5,73207.3,72908.55,73051.85,none,no_price_available
2026-09-04T08:13:25.980272+00:00,2026-09-04T13:43:25.980272+05:30,NIFTYNXT50,29-Sep-2026,74200.0,PE,73036.85,720.05,50,2210.05,50,0.0,1465.0500000000002,0,0,0,0,0,,,,,,,,,,,,,,,0.06869590372044647,73151,0.02273337309875344,0.009899999999999999,index_dividend_yield,0.065,10.98,25,73133.5,73207.3,72908.55,73051.85,mid_price,no_nse_iv
2026-09-04T08:13:25.980272+00:00,2026-09-04T13:43:25.980272+05:30,NIFTYNXT50,29-Sep-2026,74300.0,CE,73036.85,,0,720.85,25,0.0,,0,0,0,0,0,,,,,,,,,,,,,,,0.06869590372044647,,,,,,10.98,25,73133.5,73207.3,72908.55,73051.85,none,no_price_available
2026-09-04T08:13:25.980272+00:00,2026-09-04T13:43:25.980272+05:30,NIFTYNXT50,29-Sep-2026,74300.0,PE,73036.85,756.75,50,2292.4,50,0.0,1524.575,0,0,0,0,0,,,,,,,,,,,,,,,0.06869590372044647,73151,0.02273337309875344,0.009899999999999999,index_dividend_yield,0.065,10.98,25,73133.5,73207.3,72908.55,73051.85,mid_price,no_nse_iv
2026-09-04T08:13:25.980272+00:00,2026-09-04T13:43:25.980272+05:30,NIFTYNXT50,29-Sep-2026,74400.0,CE,73036.85,186.45,50,697.45,25,0.0,441.95000000000005,0,0,0,0,0,,,,,,,,,,,,,,,0.06869590372044647,73151,0.02273337309875344,0.009899999999999999,index_dividend_yield,0.065,10.98,25,73133.5,73207.3,72908.55,73051.85,mid_price,no_nse_iv
2026-09-04T08:13:25.980272+00:00,2026-09-04T13:43:25.980272+05:30,NIFTYNXT50,29-Sep-2026,74400.0,PE,73036.85,794.45,50,2405.1,50,0.0,1599.775,0,0,0,0,0,,,,,,,,,,,,,,,0.06869590372044647,73151,0.02273337309875344,0.009899999999999999,index_dividend_yield,0.065,10.98,25,73133.5,73207.3,72908.55,73051.85,mid_price,no_nse_iv
2026-09-04T08:13:25.980272+00:00,2026-09-04T13:43:25.980272+05:30,NIFTYNXT50,29-Sep-2026,74500.0,CE,73036.85,463.05,25,501,25,450,482.025,18,7,22,0.066711140760507,11.08,0.2950358981769327,0.00016262240687525738,-17.772529765044652,66.02905088364146,1.765792770886232,-0.005687083917655989,181.92122720537185,3.853362814630009e-08,-0.001019692793802264,1.8023584340976092e-06,-1.9016189072513754,55.40663113236624,-0.28402117087507983,0.00015629745540797287,0.06869590372044647,73151,0.02273337309875344,0.009899999999999999,index_dividend_yield,0.065,10.98,25,73133.5,73207.3,72908.55,73051.85,mid_price,ok
2026-09-04T08:13:25.980272+00:00,2026-09-04T13:43:25.980272+05:30,NIFTYNXT50,29-Sep-2026,74500.0,PE,73036.85,1593.55,100,1779.95,100,1344,1686.75,15,0,2,-16,9.87,-0.7277420232904668,0.00017544992351858552,-4.200250728820393,63.457834203638384,2.1273341470799956,-0.006141698913461945,247.41264421966846,5.315136579161341e-08,-0.0010935754002730398,1.5349202707769574e-06,-1.9756419242622485,-35.63940296804264,0.7334680212168355,0.0001686260652784043,0.06869590372044647,73151,0.02273337309875344,0.009899999999999999,index_dividend_yield,0.065,10.98,25,73133.5,73207.3,72908.55,73051.85,mid_price,ok
2026-09-04T08:13:25.980272+00:00,2026-09-04T13:43:25.980272+05:30,NIFTYNXT50,29-Sep-2026,74600.0,CE,73036.85,,0,652.3,25,0.0,,0,0,0,0,0,,,,,,,,,,,,,,,0.06869590372044647,,,,,,10.98,25,73133.5,73207.3,72908.55,73051.85,none,no_price_available
2026-09-04T08:13:25.980272+00:00,2026-09-04T13:43:25.980272+05:30,NIFTYNXT50,29-Sep-2026,74600.0,PE,73036.85,873,50,2409.65,50,0.0,1641.325,0,0,0,0,0,,,,,,,,,,,,,,,0.06869590372044647,73151,0.02273337309875344,0.009899999999999999,index_dividend_yield,0.065,10.98,25,73133.5,73207.3,72908.55,73051.85,mid_price,no_nse_iv
2026-09-04T08:13:25.980272+00:00,2026-09-04T13:43:25.980272+05:30,NIFTYNXT50,29-Sep-2026,74700.0,CE,73036.85,,0,630.55,25,0.0,,0,0,0,0,0,,,,,,,,,,,,,,,0.06869590372044647,,,,,,10.98,25,73133.5,73207.3,72908.55,73051.85,none,no_price_available
2026-09-04T08:13:25.980272+00:00,2026-09-04T13:43:25.980272+05:30,NIFTYNXT50,29-Sep-2026,74700.0,PE,73036.85,913.9,50,2650.45,50,0.0,1782.175,0,0,0,0,0,,,,,,,,,,,,,,,0.06869590372044647,73151,0.02273337309875344,0.009899999999999999,index_dividend_yield,0.065,10.98,25,73133.5,73207.3,72908.55,73051.85,mid_price,no_nse_iv
2026-09-04T08:13:25.980272+00:00,2026-09-04T13:43:25.980272+05:30,NIFTYNXT50,29-Sep-2026,74800.0,CE,73036.85,,0,609.3,25,0.0,,0,0,0,0,0,,,,,,,,,,,,,,,0.06869590372044647,,,,,,10.98,25,73133.5,73207.3,72908.55,73051.85,none,no_price_available
2026-09-04T08:13:25.980272+00:00,2026-09-04T13:43:25.980272+05:30,NIFTYNXT50,29-Sep-2026,74800.0,PE,73036.85,955.95,50,2627.45,50,0.0,1791.6999999999998,0,0,0,0,0,,,,,,,,,,,,,,,0.06869590372044647,73151,0.02273337309875344,0.009899999999999999,index_dividend_yield,0.065,10.98,25,73133.5,73207.3,72908.55,73051.85,mid_price,no_nse_iv
2026-09-04T08:13:25.980272+00:00,2026-09-04T13:43:25.980272+05:30,NIFTYNXT50,29-Sep-2026,74900.0,CE,73036.85,,0,588.65,25,0.0,,0,0,0,0,0,,,,,,,,,,,,,,,0.06869590372044647,,,,,,10.98,25,73133.5,73207.3,72908.55,73051.85,none,no_price_available
2026-09-04T08:13:25.980272+00:00,2026-09-04T13:43:25.980272+05:30,NIFTYNXT50,29-Sep-2026,74900.0,PE,73036.85,999.05,50,2830.8,50,0.0,1914.9250000000002,0,0,0,0,0,,,,,,,,,,,,,,,0.06869590372044647,73151,0.02273337309875344,0.009899999999999999,index_dividend_yield,0.065,10.98,25,73133.5,73207.3,72908.55,73051.85,mid_price,no_nse_iv
2026-09-04T08:13:25.980272+00:00,2026-09-04T13:43:25.980272+05:30,NIFTYNXT50,29-Sep-2026,75000.0,CE,73036.85,,0,559.4,100,0.0,,8,0,0,0,10.76,,,,,,,,,,,,,,,0.06869590372044647,,,,,,10.98,25,73133.5,73207.3,72908.55,73051.85,none,no_price_available
2026-09-04T08:13:25.980272+00:00,2026-09-04T13:43:25.980272+05:30,NIFTYNXT50,29-Sep-2026,75000.0,PE,73036.85,1043.1,50,2913.1,550,0.0,1978.1,0,0,0,0,0,,,,,,,,,,,,,,,0.06869590372044647,73151,0.02273337309875344,0.009899999999999999,index_dividend_yield,0.065,10.98,25,73133.5,73207.3,72908.55,73051.85,mid_price,no_nse_iv
2026-09-04T08:13:25.980272+00:00,2026-09-04T13:43:25.980272+05:30,NIFTYNXT50,29-Sep-2026,75100.0,CE,73036.85,,0,548.8,25,0.0,,0,0,0,0,0,,,,,,,,,,,,,,,0.06869590372044647,,,,,,10.98,25,73133.5,73207.3,72908.55,73051.85,none,no_price_available
2026-09-04T08:13:25.980272+00:00,2026-09-04T13:43:25.980272+05:30,NIFTYNXT50,29-Sep-2026,75100.0,PE,73036.85,1088.5,50,2997.85,25,0.0,2043.175,0,0,0,0,0,,,,,,,,,,,,,,,0.06869590372044647,,,,,,10.98,25,73133.5,73207.3,72908.55,73051.85,mid_price,no_price_available
2026-09-04T08:13:25.980272+00:00,2026-09-04T13:43:25.980272+05:30,NIFTYNXT50,29-Sep-2026,75200.0,CE,73036.85,,0,529.65,25,0.0,,0,0,0,0,0,,,,,,,,,,,,,,,0.06869590372044647,,,,,,10.98,25,73133.5,73207.3,72908.55,73051.85,none,no_price_available
2026-09-04T08:13:25.980272+00:00,2026-09-04T13:43:25.980272+05:30,NIFTYNXT50,29-Sep-2026,75200.0,PE,73036.85,1134.95,50,3049.95,550,0.0,2092.45,0,0,0,0,0,,,,,,,,,,,,,,,0.06869590372044647,,,,,,10.98,25,73133.5,73207.3,72908.55,73051.85,mid_price,no_price_available
2026-09-04T08:13:25.980272+00:00,2026-09-04T13:43:25.980272+05:30,NIFTYNXT50,29-Sep-2026,75300.0,CE,73036.85,,0,,0,0.0,,0,0,0,0,0,,,,,,,,,,,,,,,0.06869590372044647,,,,,,10.98,25,73133.5,73207.3,72908.55,73051.85,none,no_price_available
2026-09-04T08:13:25.980272+00:00,2026-09-04T13:43:25.980272+05:30,NIFTYNXT50,29-Sep-2026,75300.0,PE,73036.85,1182.2,50,3353.25,550,0.0,2267.725,0,0,0,0,0,,,,,,,,,,,,,,,0.06869590372044647,73151,0.02273337309875344,0.009899999999999999,index_dividend_yield,0.065,10.98,25,73133.5,73207.3,72908.55,73051.85,mid_price,no_nse_iv
2026-09-04T08:13:25.980272+00:00,2026-09-04T13:43:25.980272+05:30,NIFTYNXT50,29-Sep-2026,75400.0,CE,73036.85,,0,,0,0.0,,0,0,0,0,0,,,,,,,,,,,,,,,0.06869590372044647,,,,,,10.98,25,73133.5,73207.3,72908.55,73051.85,none,no_price_available
2026-09-04T08:13:25.980272+00:00,2026-09-04T13:43:25.980272+05:30,NIFTYNXT50,29-Sep-2026,75400.0,PE,73036.85,1230.65,50,3700.35,550,0.0,2465.5,0,0,0,0,0,,,,,,,,,,,,,,,0.06869590372044647,73151,0.02273337309875344,0.009899999999999999,index_dividend_yield,0.065,10.98,25,73133.5,73207.3,72908.55,73051.85,mid_price,no_nse_iv
2026-09-04T08:13:25.980272+00:00,2026-09-04T13:43:25.980272+05:30,NIFTYNXT50,29-Sep-2026,75500.0,CE,73036.85,48.5,50,485.9,50,0.0,267.2,0,0,0,0,0,,,,,,,,,,,,,,,0.06869590372044647,73151,0.02273337309875344,0.009899999999999999,index_dividend_yield,0.065,10.98,25,73133.5,73207.3,72908.55,73051.85,mid_price,no_nse_iv
2026-09-04T08:13:25.980272+00:00,2026-09-04T13:43:25.980272+05:30,NIFTYNXT50,29-Sep-2026,75500.0,PE,73036.85,1280.3,50,3345.4,25,0.0,2312.85,0,0,0,0,0,,,,,,,,,,,,,,,0.06869590372044647,,,,,,10.98,25,73133.5,73207.3,72908.55,73051.85,mid_price,no_price_available
2026-09-04T08:13:25.980272+00:00,2026-09-04T13:43:25.980272+05:30,NIFTYNXT50,29-Sep-2026,75600.0,CE,73036.85,,0,999,25,0.0,,0,0,0,0,0,,,,,,,,,,,,,,,0.06869590372044647,,,,,,10.98,25,73133.5,73207.3,72908.55,73051.85,none,no_price_available
2026-09-04T08:13:25.980272+00:00,2026-09-04T13:43:25.980272+05:30,NIFTYNXT50,29-Sep-2026,75600.0,PE,73036.85,1330.85,50,3657.3,550,0.0,2494.075,0,0,0,0,0,,,,,,,,,,,,,,,0.06869590372044647,,,,,,10.98,25,73133.5,73207.3,72908.55,73051.85,mid_price,no_price_available
2026-09-04T08:13:25.980272+00:00,2026-09-04T13:43:25.980272+05:30,NIFTYNXT50,29-Sep-2026,75700.0,CE,73036.85,,0,999,25,0.0,,0,0,0,0,0,,,,,,,,,,,,,,,0.06869590372044647,,,,,,10.98,25,73133.5,73207.3,72908.55,73051.85,none,no_price_available
2026-09-04T08:13:25.980272+00:00,2026-09-04T13:43:25.980272+05:30,NIFTYNXT50,29-Sep-2026,75700.0,PE,73036.85,1382.65,50,3762.3,550,0.0,2572.4750000000004,0,0,0,0,0,,,,,,,,,,,,,,,0.06869590372044647,,,,,,10.98,25,73133.5,73207.3,72908.55,73051.85,mid_price,no_price_available
2026-09-04T08:13:25.980272+00:00,2026-09-04T13:43:25.980272+05:30,NIFTYNXT50,29-Sep-2026,75800.0,CE,73036.85,,0,,0,0.0,,0,0,0,0,0,,,,,,,,,,,,,,,0.06869590372044647,,,,,,10.98,25,73133.5,73207.3,72908.55,73051.85,none,no_price_available
2026-09-04T08:13:25.980272+00:00,2026-09-04T13:43:25.980272+05:30,NIFTYNXT50,29-Sep-2026,75800.0,PE,73036.85,1435.4,50,4070.3,550,0.0,2752.8500000000004,0,0,0,0,0,,,,,,,,,,,,,,,0.06869590372044647,,,,,,10.98,25,73133.5,73207.3,72908.55,73051.85,mid_price,no_price_available
2026-09-04T08:13:25.980272+00:00,2026-09-04T13:43:25.980272+05:30,NIFTYNXT50,29-Sep-2026,75900.0,CE,73036.85,,0,,0,0.0,,0,0,0,0,0,,,,,,,,,,,,,,,0.06869590372044647,,,,,,10.98,25,73133.5,73207.3,72908.55,73051.85,none,no_price_available
2026-09-04T08:13:25.980272+00:00,2026-09-04T13:43:25.980272+05:30,NIFTYNXT50,29-Sep-2026,75900.0,PE,73036.85,1489.3,50,4173.35,25,0.0,2831.3250000000003,0,0,0,0,0,,,,,,,,,,,,,,,0.06869590372044647,,,,,,10.98,25,73133.5,73207.3,72908.55,73051.85,mid_price,no_price_available
2026-09-04T08:13:25.980272+00:00,2026-09-04T13:43:25.980272+05:30,NIFTYNXT50,29-Sep-2026,76000.0,CE,73036.85,,0,405,25,0.0,,0,0,0,0,0,,,,,,,,,,,,,,,0.06869590372044647,,,,,,10.98,25,73133.5,73207.3,72908.55,73051.85,none,no_price_available
2026-09-04T08:13:25.980272+00:00,2026-09-04T13:43:25.980272+05:30,NIFTYNXT50,29-Sep-2026,76000.0,PE,73036.85,1544.1,50,3745.9,550,0.0,2645.0,0,0,0,0,0,,,,,,,,,,,,,,,0.06869590372044647,,,,,,10.98,25,73133.5,73207.3,72908.55,73051.85,mid_price,no_price_available
2026-09-04T08:13:25.980272+00:00,2026-09-04T13:43:25.980272+05:30,NIFTYNXT50,29-Sep-2026,76100.0,CE,73036.85,,0,,0,0.0,,0,0,0,0,0,,,,,,,,,,,,,,,0.06869590372044647,,,,,,10.98,25,73133.5,73207.3,72908.55,73051.85,none,no_price_available
2026-09-04T08:13:25.980272+00:00,2026-09-04T13:43:25.980272+05:30,NIFTYNXT50,29-Sep-2026,76100.0,PE,73036.85,1603.25,50,4058.2,550,0.0,2830.725,0,0,0,0,0,,,,,,,,,,,,,,,0.06869590372044647,,,,,,10.98,25,73133.5,73207.3,72908.55,73051.85,mid_price,no_price_available
2026-09-04T08:13:25.980272+00:00,2026-09-04T13:43:25.980272+05:30,NIFTYNXT50,29-Sep-2026,76200.0,CE,73036.85,0.95,50,839.4,50,0.0,420.175,0,0,0,0,0,,,,,,,,,,,,,,,0.06869590372044647,73151,0.02273337309875344,0.009899999999999999,index_dividend_yield,0.065,10.98,25,73133.5,73207.3,72908.55,73051.85,mid_price,no_nse_iv
2026-09-04T08:13:25.980272+00:00,2026-09-04T13:43:25.980272+05:30,NIFTYNXT50,29-Sep-2026,76200.0,PE,73036.85,1660.6,50,4394.1,550,0.0,3027.3500000000004,0,0,0,0,0,,,,,,,,,,,,,,,0.06869590372044647,,,,,,10.98,25,73133.5,73207.3,72908.55,73051.85,mid_price,no_price_available
2026-09-04T08:13:25.980272+00:00,2026-09-04T13:43:25.980272+05:30,NIFTYNXT50,29-Sep-2026,76300.0,CE,73036.85,,0,,0,0.0,,0,0,0,0,0,,,,,,,,,,,,,,,0.06869590372044647,,,,,,10.98,25,73133.5,73207.3,72908.55,73051.85,none,no_price_available
2026-09-04T08:13:25.980272+00:00,2026-09-04T13:43:25.980272+05:30,NIFTYNXT50,29-Sep-2026,76300.0,PE,73036.85,1715.5,50,4267.05,25,0.0,2991.275,0,0,0,0,0,,,,,,,,,,,,,,,0.06869590372044647,,,,,,10.98,25,73133.5,73207.3,72908.55,73051.85,mid_price,no_price_available
2026-09-04T08:13:25.980272+00:00,2026-09-04T13:43:25.980272+05:30,NIFTYNXT50,29-Sep-2026,76400.0,CE,73036.85,,0,,0,0.0,,0,0,0,0,0,,,,,,,,,,,,,,,0.06869590372044647,,,,,,10.98,25,73133.5,73207.3,72908.55,73051.85,none,no_price_available
2026-09-04T08:13:25.980272+00:00,2026-09-04T13:43:25.980272+05:30,NIFTYNXT50,29-Sep-2026,76400.0,PE,73036.85,1774.55,50,4370.85,550,0.0,3072.7000000000003,0,0,0,0,0,,,,,,,,,,,,,,,0.06869590372044647,,,,,,10.98,25,73133.5,73207.3,72908.55,73051.85,mid_price,no_price_available
2026-09-04T08:13:25.980272+00:00,2026-09-04T13:43:25.980272+05:30,NIFTYNXT50,29-Sep-2026,76500.0,CE,73036.85,,0,443,25,0.0,,0,0,0,0,0,,,,,,,,,,,,,,,0.06869590372044647,,,,,,10.98,25,73133.5,73207.3,72908.55,73051.85,none,no_price_available
2026-09-04T08:13:25.980272+00:00,2026-09-04T13:43:25.980272+05:30,NIFTYNXT50,29-Sep-2026,76500.0,PE,73036.85,1834.45,50,4310.5,550,0.0,3072.475,0,0,0,0,0,,,,,,,,,,,,,,,0.06869590372044647,,,,,,10.98,25,73133.5,73207.3,72908.55,73051.85,mid_price,no_price_available
2026-09-04T08:13:25.980272+00:00,2026-09-04T13:43:25.980272+05:30,NIFTYNXT50,29-Sep-2026,76600.0,CE,73036.85,,0,352.75,125,600,,1,1,1,-65.74755951361534,22.02,0.23226715499079117,7.240889446028544e-05,-28.11793497751314,58.428419824196766,1.0930954340427623,-0.005592515939264825,152.94001202390461,1.1528901341824548e-08,-0.00013929575327745224,4.749989881912649e-07,-1.9468796350359128,30.555033897785613,-0.21421494017972625,6.582918010171415e-05,0.06869590372044647,73151,0.02273337309875344,0.009899999999999999,index_dividend_yield,0.065,10.98,25,73133.5,73207.3,72908.55,73051.85,ltp,ok
2026-09-04T08:13:25.980272+00:00,2026-09-04T13:43:25.980272+05:30,NIFTYNXT50,29-Sep-2026,76600.0,PE,73036.85,1895.55,50,4326.65,550,0.0,3111.1,0,0,0,0,0,,,,,,,,,,,,,,,0.06869590372044647,,,,,,10.98,25,73133.5,73207.3,72908.55,73051.85,mid_price,no_price_available
2026-09-04T08:13:25.980272+00:00,2026-09-04T13:43:25.980272+05:30,NIFTYNXT50,29-Sep-2026,76700.0,CE,73036.85,0.25,75,196.85,25,249.3,98.55,6,6,6,-85.5226480836237,15.9,0.14387519978056618,7.447449766244235e-05,-15.305279601403472,43.39299403192268,1.5743607101220691,-0.005809189449605706,320.26358361900265,2.486405753948667e-08,8.129178104057384e-05,-5.428179360547928e-07,-2.046581772738378,47.65212609590427,-0.13412871641431345,6.753064895291685e-05,0.06869590372044647,73151,0.02273337309875344,0.009899999999999999,index_dividend_yield,0.065,10.98,25,73133.5,73207.3,72908.55,73051.85,mid_price,wide_quote_low_liquidity
2026-09-04T08:13:25.980272+00:00,2026-09-04T13:43:25.980272+05:30,NIFTYNXT50,29-Sep-2026,76700.0,PE,73036.85,1957.55,50,4262.85,550,0.0,3110.2000000000003,0,0,0,0,0,,,,,,,,,,,,,,,0.06869590372044647,,,,,,10.98,25,73133.5,73207.3,72908.55,73051.85,mid_price,no_price_available
2026-09-04T08:13:25.980272+00:00,2026-09-04T13:43:25.980272+05:30,NIFTYNXT50,29-Sep-2026,76800.0,CE,73036.85,,0,498.95,50,0.0,,0,0,0,0,0,,,,,,,,,,,,,,,0.06869590372044647,,,,,,10.98,25,73133.5,73207.3,72908.55,73051.85,none,no_price_available
2026-09-04T08:13:25.980272+00:00,2026-09-04T13:43:25.980272+05:30,NIFTYNXT50,29-Sep-2026,76800.0,PE,73036.85,2020.5,50,4704.55,550,0.0,3362.525,0,0,0,0,0,,,,,,,,,,,,,,,0.06869590372044647,,,,,,10.98,25,73133.5,73207.3,72908.55,73051.85,mid_price,no_price_available
2026-09-04T08:13:25.980272+00:00,2026-09-04T13:43:25.980272+05:30,NIFTYNXT50,29-Sep-2026,76900.0,CE,73036.85,,0,499,25,0.0,,0,0,0,0,0,,,,,,,,,,,,,,,0.06869590372044647,,,,,,10.98,25,73133.5,73207.3,72908.55,73051.85,none,no_price_available
2026-09-04T08:13:25.980272+00:00,2026-09-04T13:43:25.980272+05:30,NIFTYNXT50,29-Sep-2026,76900.0,PE,73036.85,2084.5,50,4895.4,550,0.0,3489.95,0,0,0,0,0,,,,,,,,,,,,,,,0.06869590372044647,,,,,,10.98,25,73133.5,73207.3,72908.55,73051.85,mid_price,no_price_available
2026-09-04T08:13:25.980272+00:00,2026-09-04T13:43:25.980272+05:30,NIFTYNXT50,29-Sep-2026,77000.0,CE,73036.85,,0,368.95,25,0.0,,0,0,0,0,0,,,,,,,,,,,,,,,0.06869590372044647,,,,,,10.98,25,73133.5,73207.3,72908.55,73051.85,none,no_price_available
2026-09-04T08:13:25.980272+00:00,2026-09-04T13:43:25.980272+05:30,NIFTYNXT50,29-Sep-2026,77000.0,PE,73036.85,,0,4765.65,550,0.0,,0,0,0,0,0,,,,,,,,,,,,,,,0.06869590372044647,,,,,,10.98,25,73133.5,73207.3,72908.55,73051.85,none,no_price_available
2026-09-04T08:13:25.980272+00:00,2026-09-04T13:43:25.980272+05:30,NIFTYNXT50,29-Sep-2026,77100.0,CE,73036.85,,0,550,25,0.0,,0,0,0,0,0,,,,,,,,,,,,,,,0.06869590372044647,,,,,,10.98,25,73133.5,73207.3,72908.55,73051.85,none,no_price_available
2026-09-04T08:13:25.980272+00:00,2026-09-04T13:43:25.980272+05:30,NIFTYNXT50,29-Sep-2026,77100.0,PE,73036.85,,0,4856.15,550,0.0,,0,0,0,0,0,,,,,,,,,,,,,,,0.06869590372044647,,,,,,10.98,25,73133.5,73207.3,72908.55,73051.85,none,no_price_available
2026-09-04T08:13:25.980272+00:00,2026-09-04T13:43:25.980272+05:30,NIFTYNXT50,29-Sep-2026,77200.0,CE,73036.85,,0,560,25,0.0,,0,0,0,0,0,,,,,,,,,,,,,,,0.06869590372044647,,,,,,10.98,25,73133.5,73207.3,72908.55,73051.85,none,no_price_available
2026-09-04T08:13:25.980272+00:00,2026-09-04T13:43:25.980272+05:30,NIFTYNXT50,29-Sep-2026,77200.0,PE,73036.85,,0,4960.5,550,0.0,,0,0,0,0,0,,,,,,,,,,,,,,,0.06869590372044647,,,,,,10.98,25,73133.5,73207.3,72908.55,73051.85,none,no_price_available
2026-09-04T08:13:25.980272+00:00,2026-09-04T13:43:25.980272+05:30,NIFTYNXT50,29-Sep-2026,77300.0,CE,0,,0,,0,0.0,,0,0,0,0,0,,,,,,,,,,,,,,,0.06869590372044647,,,,,,10.98,25,73133.5,73207.3,72908.55,73051.85,none,no_price_available
2026-09-04T08:13:25.980272+00:00,2026-09-04T13:43:25.980272+05:30,NIFTYNXT50,29-Sep-2026,77300.0,PE,73036.85,,0,5066.65,550,0.0,,0,0,0,0,0,,,,,,,,,,,,,,,0.06869590372044647,,,,,,10.98,25,73133.5,73207.3,72908.55,73051.85,none,no_price_available
2026-09-04T08:13:25.980272+00:00,2026-09-04T13:43:25.980272+05:30,NIFTYNXT50,29-Sep-2026,77400.0,CE,0,,0,,0,0.0,,0,0,0,0,0,,,,,,,,,,,,,,,0.06869590372044647,,,,,,10.98,25,73133.5,73207.3,72908.55,73051.85,none,no_price_available
2026-09-04T08:13:25.980272+00:00,2026-09-04T13:43:25.980272+05:30,NIFTYNXT50,29-Sep-2026,77400.0,PE,73036.85,,0,5173.45,550,0.0,,0,0,0,0,0,,,,,,,,,,,,,,,0.06869590372044647,,,,,,10.98,25,73133.5,73207.3,72908.55,73051.85,none,no_price_available
2026-09-04T08:13:25.980272+00:00,2026-09-04T13:43:25.980272+05:30,NIFTYNXT50,29-Sep-2026,77500.0,CE,73036.85,1,75,398,25,0.0,199.5,0,0,0,0,0,,,,,,,,,,,,,,,0.06869590372044647,73151,0.02273337309875344,0.009899999999999999,index_dividend_yield,0.065,10.98,25,73133.5,73207.3,72908.55,73051.85,mid_price,no_nse_iv
2026-09-04T08:13:25.980272+00:00,2026-09-04T13:43:25.980272+05:30,NIFTYNXT50,29-Sep-2026,77500.0,PE,73036.85,,0,5291.05,550,0.0,,0,0,0,0,0,,,,,,,,,,,,,,,0.06869590372044647,,,,,,10.98,25,73133.5,73207.3,72908.55,73051.85,none,no_price_available
2026-09-04T08:13:25.980272+00:00,2026-09-04T13:43:25.980272+05:30,NIFTYNXT50,29-Sep-2026,77600.0,CE,73036.85,2.05,25,208,50,0.0,105.025,10,0,0,0,10,0.015581735407332794,2.0438220008250817e-05,-1.6634180029153787,7.489588890797414,0.8532093817719237,-0.0019261363765713888,351.90576882670797,2.2916114145964888e-08,0.0007559218542704268,-1.7604056818295738e-06,-0.9437896246656603,108.02236609908913,-0.01452971182970381,1.810521539300034e-05,0.06869590372044647,73151,0.02273337309875344,0.009899999999999999,index_dividend_yield,0.065,10.98,25,73133.5,73207.3,72908.55,73051.85,mid_price,wide_quote_low_liquidity
2026-09-04T08:13:25.980272+00:00,2026-09-04T13:43:25.980272+05:30,NIFTYNXT50,29-Sep-2026,77600.0,PE,73036.85,,0,5197.55,550,0.0,,0,0,0,0,0,,,,,,,,,,,,,,,0.06869590372044647,,,,,,10.98,25,73133.5,73207.3,72908.55,73051.85,none,no_price_available
2026-09-04T08:13:25.980272+00:00,2026-09-04T13:43:25.980272+05:30,NIFTYNXT50,29-Sep-2026,77700.0,CE,73036.85,0.1,100,405,25,0.0,202.55,0,0,0,0,0,,,,,,,,,,,,,,,0.06869590372044647,73151,0.02273337309875344,0.009899999999999999,index_dividend_yield,0.065,10.98,25,73133.5,73207.3,72908.55,73051.85,mid_price,no_nse_iv
2026-09-04T08:13:25.980272+00:00,2026-09-04T13:43:25.980272+05:30,NIFTYNXT50,29-Sep-2026,77700.0,PE,73036.85,,0,5321.65,550,0.0,,0,0,0,0,0,,,,,,,,,,,,,,,0.06869590372044647,,,,,,10.98,25,73133.5,73207.3,72908.55,73051.85,none,no_price_available
2026-09-04T08:13:25.980272+00:00,2026-09-04T13:43:25.980272+05:30,NIFTYNXT50,29-Sep-2026,77800.0,CE,73036.85,,0,410,25,0.0,,0,0,0,0,0,,,,,,,,,,,,,,,0.06869590372044647,,,,,,10.98,25,73133.5,73207.3,72908.55,73051.85,none,no_price_available
2026-09-04T08:13:25.980272+00:00,2026-09-04T13:43:25.980272+05:30,NIFTYNXT50,29-Sep-2026,77800.0,PE,73036.85,,0,5428.35,550,0.0,,0,0,0,0,0,,,,,,,,,,,,,,,0.06869590372044647,,,,,,10.98,25,73133.5,73207.3,72908.55,73051.85,none,no_price_available
2026-09-04T08:13:25.980272+00:00,2026-09-04T13:43:25.980272+05:30,NIFTYNXT50,29-Sep-2026,77900.0,CE,73036.85,,0,409,25,0.0,,0,0,0,0,0,,,,,,,,,,,,,,,0.06869590372044647,,,,,,10.98,25,73133.5,73207.3,72908.55,73051.85,none,no_price_available
2026-09-04T08:13:25.980272+00:00,2026-09-04T13:43:25.980272+05:30,NIFTYNXT50,29-Sep-2026,77900.0,PE,73036.85,,0,5535.55,550,0.0,,0,0,0,0,0,,,,,,,,,,,,,,,0.06869590372044647,,,,,,10.98,25,73133.5,73207.3,72908.55,73051.85,none,no_price_available
2026-09-04T08:13:25.980272+00:00,2026-09-04T13:43:25.980272+05:30,NIFTYNXT50,29-Sep-2026,78000.0,CE,73036.85,,0,460,25,0.0,,0,0,0,0,0,,,,,,,,,,,,,,,0.06869590372044647,,,,,,10.98,25,73133.5,73207.3,72908.55,73051.85,none,no_price_available
2026-09-04T08:13:25.980272+00:00,2026-09-04T13:43:25.980272+05:30,NIFTYNXT50,29-Sep-2026,78000.0,PE,73036.85,,0,5643.65,550,0.0,,0,0,0,0,0,,,,,,,,,,,,,,,0.06869590372044647,,,,,,10.98,25,73133.5,73207.3,72908.55,73051.85,none,no_price_available
2026-09-04T08:13:25.980272+00:00,2026-09-04T13:43:25.980272+05:30,NIFTYNXT50,29-Sep-2026,78100.0,CE,73036.85,,0,378,25,0.0,,0,0,0,0,0,,,,,,,,,,,,,,,0.06869590372044647,,,,,,10.98,25,73133.5,73207.3,72908.55,73051.85,none,no_price_available
2026-09-04T08:13:25.980272+00:00,2026-09-04T13:43:25.980272+05:30,NIFTYNXT50,29-Sep-2026,78100.0,PE,73036.85,,0,5749.85,550,0.0,,0,0,0,0,0,,,,,,,,,,,,,,,0.06869590372044647,,,,,,10.98,25,73133.5,73207.3,72908.55,73051.85,none,no_price_available
2026-09-04T08:13:25.980272+00:00,2026-09-04T13:43:25.980272+05:30,NIFTYNXT50,29-Sep-2026,78200.0,CE,0,,0,,0,0.0,,0,0,0,0,0,,,,,,,,,,,,,,,0.06869590372044647,,,,,,10.98,25,73133.5,73207.3,72908.55,73051.85,none,no_price_available
2026-09-04T08:13:25.980272+00:00,2026-09-04T13:43:25.980272+05:30,NIFTYNXT50,29-Sep-2026,78200.0,PE,73036.85,,0,5856.55,550,0.0,,0,0,0,0,0,,,,,,,,,,,,,,,0.06869590372044647,,,,,,10.98,25,73133.5,73207.3,72908.55,73051.85,none,no_price_available
2026-09-04T08:13:25.980272+00:00,2026-09-04T13:43:25.980272+05:30,NIFTYNXT50,29-Sep-2026,78300.0,CE,0,,0,,0,0.0,,0,0,0,0,0,,,,,,,,,,,,,,,0.06869590372044647,,,,,,10.98,25,73133.5,73207.3,72908.55,73051.85,none,no_price_available
2026-09-04T08:13:25.980272+00:00,2026-09-04T13:43:25.980272+05:30,NIFTYNXT50,29-Sep-2026,78300.0,PE,73036.85,,0,5962.3,550,0.0,,0,0,0,0,0,,,,,,,,,,,,,,,0.06869590372044647,,,,,,10.98,25,73133.5,73207.3,72908.55,73051.85,none,no_price_available
2026-09-04T08:13:25.980272+00:00,2026-09-04T13:43:25.980272+05:30,NIFTYNXT50,29-Sep-2026,78400.0,CE,0,,0,,0,0.0,,0,0,0,0,0,,,,,,,,,,,,,,,0.06869590372044647,,,,,,10.98,25,73133.5,73207.3,72908.55,73051.85,none,no_price_available
2026-09-04T08:13:25.980272+00:00,2026-09-04T13:43:25.980272+05:30,NIFTYNXT50,29-Sep-2026,78400.0,PE,73036.85,,0,6070.8,550,0.0,,0,0,0,0,0,,,,,,,,,,,,,,,0.06869590372044647,,,,,,10.98,25,73133.5,73207.3,72908.55,73051.85,none,no_price_available
2026-09-04T08:13:25.980272+00:00,2026-09-04T13:43:25.980272+05:30,NIFTYNXT50,29-Sep-2026,78500.0,CE,0,,0,,0,0.0,,0,0,0,0,0,,,,,,,,,,,,,,,0.06869590372044647,,,,,,10.98,25,73133.5,73207.3,72908.55,73051.85,none,no_price_available
2026-09-04T08:13:25.980272+00:00,2026-09-04T13:43:25.980272+05:30,NIFTYNXT50,29-Sep-2026,78500.0,PE,73036.85,,0,6175.55,550,0.0,,0,0,0,0,0,,,,,,,,,,,,,,,0.06869590372044647,,,,,,10.98,25,73133.5,73207.3,72908.55,73051.85,none,no_price_available
2026-09-04T08:13:25.980272+00:00,2026-09-04T13:43:25.980272+05:30,NIFTYNXT50,29-Sep-2026,78600.0,CE,0,,0,,0,0.0,,0,0,0,0,0,,,,,,,,,,,,,,,0.06869590372044647,,,,,,10.98,25,73133.5,73207.3,72908.55,73051.85,none,no_price_available
2026-09-04T08:13:25.980272+00:00,2026-09-04T13:43:25.980272+05:30,NIFTYNXT50,29-Sep-2026,78600.0,PE,73036.85,,0,6283.25,550,0.0,,0,0,0,0,0,,,,,,,,,,,,,,,0.06869590372044647,,,,,,10.98,25,73133.5,73207.3,72908.55,73051.85,none,no_price_available
2026-09-04T08:13:25.980272+00:00,2026-09-04T13:43:25.980272+05:30,NIFTYNXT50,29-Sep-2026,78700.0,CE,0,,0,,0,0.0,,0,0,0,0,0,,,,,,,,,,,,,,,0.06869590372044647,,,,,,10.98,25,73133.5,73207.3,72908.55,73051.85,none,no_price_available
2026-09-04T08:13:25.980272+00:00,2026-09-04T13:43:25.980272+05:30,NIFTYNXT50,29-Sep-2026,78700.0,PE,73036.85,,0,6390.6,550,0.0,,0,0,0,0,0,,,,,,,,,,,,,,,0.06869590372044647,,,,,,10.98,25,73133.5,73207.3,72908.55,73051.85,none,no_price_available
2026-09-04T08:13:25.980272+00:00,2026-09-04T13:43:25.980272+05:30,NIFTYNXT50,29-Sep-2026,78800.0,CE,0,,0,,0,0.0,,0,0,0,0,0,,,,,,,,,,,,,,,0.06869590372044647,,,,,,10.98,25,73133.5,73207.3,72908.55,73051.85,none,no_price_available
2026-09-04T08:13:25.980272+00:00,2026-09-04T13:43:25.980272+05:30,NIFTYNXT50,29-Sep-2026,78800.0,PE,73036.85,,0,6495.7,550,0.0,,0,0,0,0,0,,,,,,,,,,,,,,,0.06869590372044647,,,,,,10.98,25,73133.5,73207.3,72908.55,73051.85,none,no_price_available
2026-09-04T08:13:25.980272+00:00,2026-09-04T13:43:25.980272+05:30,NIFTYNXT50,29-Sep-2026,78900.0,CE,0,,0,,0,0.0,,0,0,0,0,0,,,,,,,,,,,,,,,0.06869590372044647,,,,,,10.98,25,73133.5,73207.3,72908.55,73051.85,none,no_price_available
2026-09-04T08:13:25.980272+00:00,2026-09-04T13:43:25.980272+05:30,NIFTYNXT50,29-Sep-2026,78900.0,PE,73036.85,,0,6603.9,550,0.0,,0,0,0,0,0,,,,,,,,,,,,,,,0.06869590372044647,,,,,,10.98,25,73133.5,73207.3,72908.55,73051.85,none,no_price_available
2026-09-04T08:13:25.980272+00:00,2026-09-04T13:43:25.980272+05:30,NIFTYNXT50,29-Sep-2026,79000.0,CE,0,,0,,0,0.0,,0,0,0,0,0,,,,,,,,,,,,,,,0.06869590372044647,,,,,,10.98,25,73133.5,73207.3,72908.55,73051.85,none,no_price_available
2026-09-04T08:13:25.980272+00:00,2026-09-04T13:43:25.980272+05:30,NIFTYNXT50,29-Sep-2026,79000.0,PE,73036.85,,0,6710.1,550,0.0,,0,0,0,0,0,,,,,,,,,,,,,,,0.06869590372044647,,,,,,10.98,25,73133.5,73207.3,72908.55,73051.85,none,no_price_available
2026-09-04T08:13:25.980272+00:00,2026-09-04T13:43:25.980272+05:30,NIFTYNXT50,29-Sep-2026,79100.0,CE,0,,0,,0,0.0,,0,0,0,0,0,,,,,,,,,,,,,,,0.06869590372044647,,,,,,10.98,25,73133.5,73207.3,72908.55,73051.85,none,no_price_available
2026-09-04T08:13:25.980272+00:00,2026-09-04T13:43:25.980272+05:30,NIFTYNXT50,29-Sep-2026,79100.0,PE,73036.85,,0,6816.85,550,0.0,,0,0,0,0,0,,,,,,,,,,,,,,,0.06869590372044647,,,,,,10.98,25,73133.5,73207.3,72908.55,73051.85,none,no_price_available
2026-09-04T08:13:25.980272+00:00,2026-09-04T13:43:25.980272+05:30,NIFTYNXT50,29-Sep-2026,79200.0,CE,0,,0,,0,0.0,,0,0,0,0,0,,,,,,,,,,,,,,,0.06869590372044647,,,,,,10.98,25,73133.5,73207.3,72908.55,73051.85,none,no_price_available
2026-09-04T08:13:25.980272+00:00,2026-09-04T13:43:25.980272+05:30,NIFTYNXT50,29-Sep-2026,79200.0,PE,73036.85,,0,6924.25,550,0.0,,0,0,0,0,0,,,,,,,,,,,,,,,0.06869590372044647,,,,,,10.98,25,73133.5,73207.3,72908.55,73051.85,none,no_price_available
2026-09-04T08:13:25.980272+00:00,2026-09-04T13:43:25.980272+05:30,NIFTYNXT50,29-Sep-2026,79300.0,CE,0,,0,,0,0.0,,0,0,0,0,0,,,,,,,,,,,,,,,0.06869590372044647,,,,,,10.98,25,73133.5,73207.3,72908.55,73051.85,none,no_price_available
2026-09-04T08:13:25.980272+00:00,2026-09-04T13:43:25.980272+05:30,NIFTYNXT50,29-Sep-2026,79300.0,PE,73036.85,,0,7031.15,550,0.0,,0,0,0,0,0,,,,,,,,,,,,,,,0.06869590372044647,,,,,,10.98,25,73133.5,73207.3,72908.55,73051.85,none,no_price_available
2026-09-04T08:13:25.980272+00:00,2026-09-04T13:43:25.980272+05:30,NIFTYNXT50,29-Sep-2026,79400.0,CE,0,,0,,0,0.0,,0,0,0,0,0,,,,,,,,,,,,,,,0.06869590372044647,,,,,,10.98,25,73133.5,73207.3,72908.55,73051.85,none,no_price_available
2026-09-04T08:13:25.980272+00:00,2026-09-04T13:43:25.980272+05:30,NIFTYNXT50,29-Sep-2026,79400.0,PE,73036.85,,0,7137.8,550,0.0,,0,0,0,0,0,,,,,,,,,,,,,,,0.06869590372044647,,,,,,10.98,25,73133.5,73207.3,72908.55,73051.85,none,no_price_available
2026-09-04T08:13:25.980272+00:00,2026-09-04T13:43:25.980272+05:30,NIFTYNXT50,29-Sep-2026,79500.0,CE,0,,0,,0,0.0,,0,0,0,0,0,,,,,,,,,,,,,,,0.06869590372044647,,,,,,10.98,25,73133.5,73207.3,72908.55,73051.85,none,no_price_available
2026-09-04T08:13:25.980272+00:00,2026-09-04T13:43:25.980272+05:30,NIFTYNXT50,29-Sep-2026,79500.0,PE,73036.85,,0,7242.55,550,0.0,,0,0,0,0,0,,,,,,,,,,,,,,,0.06869590372044647,,,,,,10.98,25,73133.5,73207.3,72908.55,73051.85,none,no_price_available
2026-09-04T08:13:25.980272+00:00,2026-09-04T13:43:25.980272+05:30,NIFTYNXT50,29-Sep-2026,79600.0,CE,0,,0,,0,0.0,,0,0,0,0,0,,,,,,,,,,,,,,,0.06869590372044647,,,,,,10.98,25,73133.5,73207.3,72908.55,73051.85,none,no_price_available
2026-09-04T08:13:25.980272+00:00,2026-09-04T13:43:25.980272+05:30,NIFTYNXT50,29-Sep-2026,79600.0,PE,73036.85,,0,7350.65,550,0.0,,0,0,0,0,0,,,,,,,,,,,,,,,0.06869590372044647,,,,,,10.98,25,73133.5,73207.3,72908.55,73051.85,none,no_price_available
2026-09-04T08:13:25.980272+00:00,2026-09-04T13:43:25.980272+05:30,NIFTYNXT50,29-Sep-2026,79700.0,CE,0,,0,,0,0.0,,0,0,0,0,0,,,,,,,,,,,,,,,0.06869590372044647,,,,,,10.98,25,73133.5,73207.3,72908.55,73051.85,none,no_price_available
2026-09-04T08:13:25.980272+00:00,2026-09-04T13:43:25.980272+05:30,NIFTYNXT50,29-Sep-2026,79700.0,PE,73036.85,,0,7455.8,550,0.0,,0,0,0,0,0,,,,,,,,,,,,,,,0.06869590372044647,,,,,,10.98,25,73133.5,73207.3,72908.55,73051.85,none,no_price_available
2026-09-04T08:13:25.980272+00:00,2026-09-04T13:43:25.980272+05:30,NIFTYNXT50,29-Sep-2026,79800.0,CE,0,,0,,0,0.0,,0,0,0,0,0,,,,,,,,,,,,,,,0.06869590372044647,,,,,,10.98,25,73133.5,73207.3,72908.55,73051.85,none,no_price_available
2026-09-04T08:13:25.980272+00:00,2026-09-04T13:43:25.980272+05:30,NIFTYNXT50,29-Sep-2026,79800.0,PE,73036.85,,0,7562.5,550,0.0,,0,0,0,0,0,,,,,,,,,,,,,,,0.06869590372044647,,,,,,10.98,25,73133.5,73207.3,72908.55,73051.85,none,no_price_available
2026-09-04T08:13:25.980272+00:00,2026-09-04T13:43:25.980272+05:30,NIFTYNXT50,29-Sep-2026,79900.0,CE,0,,0,,0,0.0,,0,0,0,0,0,,,,,,,,,,,,,,,0.06869590372044647,,,,,,10.98,25,73133.5,73207.3,72908.55,73051.85,none,no_price_available
2026-09-04T08:13:25.980272+00:00,2026-09-04T13:43:25.980272+05:30,NIFTYNXT50,29-Sep-2026,79900.0,PE,73036.85,,0,7671.15,550,0.0,,0,0,0,0,0,,,,,,,,,,,,,,,0.06869590372044647,,,,,,10.98,25,73133.5,73207.3,72908.55,73051.85,none,no_price_available
2026-09-04T08:13:25.980272+00:00,2026-09-04T13:43:25.980272+05:30,NIFTYNXT50,29-Sep-2026,80000.0,CE,0,,0,,0,0.0,,0,0,0,0,0,,,,,,,,,,,,,,,0.06869590372044647,,,,,,10.98,25,73133.5,73207.3,72908.55,73051.85,none,no_price_available
2026-09-04T08:13:25.980272+00:00,2026-09-04T13:43:25.980272+05:30,NIFTYNXT50,29-Sep-2026,80000.0,PE,73036.85,,0,7775.85,550,0.0,,0,0,0,0,0,,,,,,,,,,,,,,,0.06869590372044647,,,,,,10.98,25,73133.5,73207.3,72908.55,73051.85,none,no_price_available
2026-09-04T08:13:25.980272+00:00,2026-09-04T13:43:25.980272+05:30,NIFTYNXT50,29-Sep-2026,80100.0,CE,0,,0,,0,0.0,,0,0,0,0,0,,,,,,,,,,,,,,,0.06869590372044647,,,,,,10.98,25,73133.5,73207.3,72908.55,73051.85,none,no_price_available
2026-09-04T08:13:25.980272+00:00,2026-09-04T13:43:25.980272+05:30,NIFTYNXT50,29-Sep-2026,80100.0,PE,73036.85,,0,7882.55,550,0.0,,0,0,0,0,0,,,,,,,,,,,,,,,0.06869590372044647,,,,,,10.98,25,73133.5,73207.3,72908.55,73051.85,none,no_price_available
2026-09-04T08:13:25.980272+00:00,2026-09-04T13:43:25.980272+05:30,NIFTYNXT50,29-Sep-2026,80200.0,CE,0,,0,,0,0.0,,0,0,0,0,0,,,,,,,,,,,,,,,0.06869590372044647,,,,,,10.98,25,73133.5,73207.3,72908.55,73051.85,none,no_price_available
2026-09-04T08:13:25.980272+00:00,2026-09-04T13:43:25.980272+05:30,NIFTYNXT50,29-Sep-2026,80200.0,PE,73036.85,,0,7990.25,550,0.0,,0,0,0,0,0,,,,,,,,,,,,,,,0.06869590372044647,,,,,,10.98,25,73133.5,73207.3,72908.55,73051.85,none,no_price_available
2026-09-04T08:13:25.980272+00:00,2026-09-04T13:43:25.980272+05:30,NIFTYNXT50,29-Sep-2026,80300.0,CE,0,,0,,0,0.0,,0,0,0,0,0,,,,,,,,,,,,,,,0.06869590372044647,,,,,,10.98,25,73133.5,73207.3,72908.55,73051.85,none,no_price_available
2026-09-04T08:13:25.980272+00:00,2026-09-04T13:43:25.980272+05:30,NIFTYNXT50,29-Sep-2026,80300.0,PE,73036.85,,0,8098.05,550,0.0,,0,0,0,0,0,,,,,,,,,,,,,,,0.06869590372044647,,,,,,10.98,25,73133.5,73207.3,72908.55,73051.85,none,no_price_available
2026-09-04T08:13:25.980272+00:00,2026-09-04T13:43:25.980272+05:30,NIFTYNXT50,29-Sep-2026,80400.0,CE,0,,0,,0,0.0,,0,0,0,0,0,,,,,,,,,,,,,,,0.06869590372044647,,,,,,10.98,25,73133.5,73207.3,72908.55,73051.85,none,no_price_available
2026-09-04T08:13:25.980272+00:00,2026-09-04T13:43:25.980272+05:30,NIFTYNXT50,29-Sep-2026,80400.0,PE,73036.85,,0,8204.5,550,0.0,,0,0,0,0,0,,,,,,,,,,,,,,,0.06869590372044647,,,,,,10.98,25,73133.5,73207.3,72908.55,73051.85,none,no_price_available
2026-09-04T08:13:25.980272+00:00,2026-09-04T13:43:25.980272+05:30,NIFTYNXT50,29-Sep-2026,80500.0,CE,0,,0,,0,0.0,,0,0,0,0,0,,,,,,,,,,,,,,,0.06869590372044647,,,,,,10.98,25,73133.5,73207.3,72908.55,73051.85,none,no_price_available
2026-09-04T08:13:25.980272+00:00,2026-09-04T13:43:25.980272+05:30,NIFTYNXT50,29-Sep-2026,80500.0,PE,73036.85,,0,8310.75,550,0.0,,0,0,0,0,0,,,,,,,,,,,,,,,0.06869590372044647,,,,,,10.98,25,73133.5,73207.3,72908.55,73051.85,none,no_price_available
2026-09-04T08:13:25.980272+00:00,2026-09-04T13:43:25.980272+05:30,NIFTYNXT50,29-Sep-2026,80600.0,CE,0,,0,,0,0.0,,0,0,0,0,0,,,,,,,,,,,,,,,0.06869590372044647,,,,,,10.98,25,73133.5,73207.3,72908.55,73051.85,none,no_price_available
2026-09-04T08:13:25.980272+00:00,2026-09-04T13:43:25.980272+05:30,NIFTYNXT50,29-Sep-2026,80600.0,PE,73036.85,,0,8417.95,550,0.0,,0,0,0,0,0,,,,,,,,,,,,,,,0.06869590372044647,,,,,,10.98,25,73133.5,73207.3,72908.55,73051.85,none,no_price_available
2026-09-04T08:13:25.980272+00:00,2026-09-04T13:43:25.980272+05:30,NIFTYNXT50,29-Sep-2026,80700.0,CE,0,,0,,0,0.0,,0,0,0,0,0,,,,,,,,,,,,,,,0.06869590372044647,,,,,,10.98,25,73133.5,73207.3,72908.55,73051.85,none,no_price_available
2026-09-04T08:13:25.980272+00:00,2026-09-04T13:43:25.980272+05:30,NIFTYNXT50,29-Sep-2026,80700.0,PE,73036.85,,0,8524.2,550,0.0,,0,0,0,0,0,,,,,,,,,,,,,,,0.06869590372044647,,,,,,10.98,25,73133.5,73207.3,72908.55,73051.85,none,no_price_available
2026-09-04T08:13:25.980272+00:00,2026-09-04T13:43:25.980272+05:30,NIFTYNXT50,29-Sep-2026,80800.0,CE,0,,0,,0,0.0,,0,0,0,0,0,,,,,,,,,,,,,,,0.06869590372044647,,,,,,10.98,25,73133.5,73207.3,72908.55,73051.85,none,no_price_available
2026-09-04T08:13:25.980272+00:00,2026-09-04T13:43:25.980272+05:30,NIFTYNXT50,29-Sep-2026,80800.0,PE,73036.85,,0,8629.35,25,0.0,,0,0,0,0,0,,,,,,,,,,,,,,,0.06869590372044647,,,,,,10.98,25,73133.5,73207.3,72908.55,73051.85,none,no_price_available
2026-09-04T08:13:25.980272+00:00,2026-09-04T13:43:25.980272+05:30,NIFTYNXT50,29-Sep-2026,80900.0,CE,0,,0,,0,0.0,,0,0,0,0,0,,,,,,,,,,,,,,,0.06869590372044647,,,,,,10.98,25,73133.5,73207.3,72908.55,73051.85,none,no_price_available
2026-09-04T08:13:25.980272+00:00,2026-09-04T13:43:25.980272+05:30,NIFTYNXT50,29-Sep-2026,80900.0,PE,73036.85,,0,8737.55,25,0.0,,0,0,0,0,0,,,,,,,,,,,,,,,0.06869590372044647,,,,,,10.98,25,73133.5,73207.3,72908.55,73051.85,none,no_price_available
2026-09-04T08:13:25.980272+00:00,2026-09-04T13:43:25.980272+05:30,NIFTYNXT50,29-Sep-2026,81000.0,CE,0,,0,,0,0.0,,0,0,0,0,0,,,,,,,,,,,,,,,0.06869590372044647,,,,,,10.98,25,73133.5,73207.3,72908.55,73051.85,none,no_price_available
2026-09-04T08:13:25.980272+00:00,2026-09-04T13:43:25.980272+05:30,NIFTYNXT50,29-Sep-2026,81000.0,PE,73036.85,,0,8843.3,25,0.0,,0,0,0,0,0,,,,,,,,,,,,,,,0.06869590372044647,,,,,,10.98,25,73133.5,73207.3,72908.55,73051.85,none,no_price_available
2026-09-04T08:13:25.980272+00:00,2026-09-04T13:43:25.980272+05:30,NIFTYNXT50,29-Sep-2026,81500.0,CE,0,,0,,0,0.0,,0,0,0,0,0,,,,,,,,,,,,,,,0.06869590372044647,,,,,,10.98,25,73133.5,73207.3,72908.55,73051.85,none,no_price_available
2026-09-04T08:13:25.980272+00:00,2026-09-04T13:43:25.980272+05:30,NIFTYNXT50,29-Sep-2026,81500.0,PE,73036.85,,0,9378.05,550,0.0,,0,0,0,0,0,,,,,,,,,,,,,,,0.06869590372044647,,,,,,10.98,25,73133.5,73207.3,72908.55,73051.85,none,no_price_available
2026-09-04T08:13:25.980272+00:00,2026-09-04T13:43:25.980272+05:30,NIFTYNXT50,29-Sep-2026,82000.0,CE,0,,0,,0,0.0,,0,0,0,0,0,,,,,,,,,,,,,,,0.06869590372044647,,,,,,10.98,25,73133.5,73207.3,72908.55,73051.85,none,no_price_available
2026-09-04T08:13:25.980272+00:00,2026-09-04T13:43:25.980272+05:30,NIFTYNXT50,29-Sep-2026,82000.0,PE,73036.85,,0,9910.55,25,0.0,,0,0,0,0,0,,,,,,,,,,,,,,,0.06869590372044647,,,,,,10.98,25,73133.5,73207.3,72908.55,73051.85,none,no_price_available
2026-09-04T08:13:25.980272+00:00,2026-09-04T13:43:25.980272+05:30,NIFTYNXT50,29-Sep-2026,82500.0,CE,0,,0,,0,0.0,,0,0,0,0,0,,,,,,,,,,,,,,,0.06869590372044647,,,,,,10.98,25,73133.5,73207.3,72908.55,73051.85,none,no_price_available
2026-09-04T08:13:25.980272+00:00,2026-09-04T13:43:25.980272+05:30,NIFTYNXT50,29-Sep-2026,82500.0,PE,73036.85,,0,10442.9,25,0.0,,0,0,0,0,0,,,,,,,,,,,,,,,0.06869590372044647,,,,,,10.98,25,73133.5,73207.3,72908.55,73051.85,none,no_price_available
2026-09-04T08:13:25.980272+00:00,2026-09-04T13:43:25.980272+05:30,NIFTYNXT50,29-Sep-2026,83000.0,CE,0,,0,,0,0.0,,0,0,0,0,0,,,,,,,,,,,,,,,0.06869590372044647,,,,,,10.98,25,73133.5,73207.3,72908.55,73051.85,none,no_price_available
2026-09-04T08:13:25.980272+00:00,2026-09-04T13:43:25.980272+05:30,NIFTYNXT50,29-Sep-2026,83000.0,PE,73036.85,,0,10977.8,25,0.0,,0,0,0,0,0,,,,,,,,,,,,,,,0.06869590372044647,,,,,,10.98,25,73133.5,73207.3,72908.55,73051.85,none,no_price_available
2026-09-04T08:13:25.980272+00:00,2026-09-04T13:43:25.980272+05:30,NIFTYNXT50,29-Sep-2026,83500.0,CE,0,,0,,0,0.0,,0,0,0,0,0,,,,,,,,,,,,,,,0.06869590372044647,,,,,,10.98,25,73133.5,73207.3,72908.55,73051.85,none,no_price_available
2026-09-04T08:13:25.980272+00:00,2026-09-04T13:43:25.980272+05:30,NIFTYNXT50,29-Sep-2026,83500.0,PE,73036.85,,0,11511.25,550,0.0,,0,0,0,0,0,,,,,,,,,,,,,,,0.06869590372044647,,,,,,10.98,25,73133.5,73207.3,72908.55,73051.85,none,no_price_available
2026-09-04T08:13:25.980272+00:00,2026-09-04T13:43:25.980272+05:30,NIFTYNXT50,29-Sep-2026,84000.0,CE,0,,0,,0,0.0,,0,0,0,0,0,,,,,,,,,,,,,,,0.06869590372044647,,,,,,10.98,25,73133.5,73207.3,72908.55,73051.85,none,no_price_available
2026-09-04T08:13:25.980272+00:00,2026-09-04T13:43:25.980272+05:30,NIFTYNXT50,29-Sep-2026,84000.0,PE,73036.85,,0,12044.6,25,0.0,,0,0,0,0,0,,,,,,,,,,,,,,,0.06869590372044647,,,,,,10.98,25,73133.5,73207.3,72908.55,73051.85,none,no_price_available
2026-09-04T08:13:25.980272+00:00,2026-09-04T13:43:25.980272+05:30,NIFTYNXT50,29-Sep-2026,84500.0,CE,0,,0,,0,0.0,,0,0,0,0,0,,,,,,,,,,,,,,,0.06869590372044647,,,,,,10.98,25,73133.5,73207.3,72908.55,73051.85,none,no_price_available
2026-09-04T08:13:25.980272+00:00,2026-09-04T13:43:25.980272+05:30,NIFTYNXT50,29-Sep-2026,84500.0,PE,73036.85,,0,12578.4,25,0.0,,0,0,0,0,0,,,,,,,,,,,,,,,0.06869590372044647,,,,,,10.98,25,73133.5,73207.3,72908.55,73051.85,none,no_price_available
2026-09-04T08:13:25.980272+00:00,2026-09-04T13:43:25.980272+05:30,NIFTYNXT50,29-Sep-2026,85000.0,CE,0,,0,,0,0.0,,0,0,0,0,0,,,,,,,,,,,,,,,0.06869590372044647,,,,,,10.98,25,73133.5,73207.3,72908.55,73051.85,none,no_price_available
2026-09-04T08:13:25.980272+00:00,2026-09-04T13:43:25.980272+05:30,NIFTYNXT50,29-Sep-2026,85000.0,PE,73036.85,,0,13110.95,25,0.0,,0,0,0,0,0,,,,,,,,,,,,,,,0.06869590372044647,,,,,,10.98,25,73133.5,73207.3,72908.55,73051.85,none,no_price_available
2026-09-04T08:24:04.170768+00:00,2026-09-04T13:54:04.170768+05:30,NIFTYNXT50,29-Sep-2026,61000.0,CE,73017.55,,0,,0,0.0,,0,0,0,0,0,,,,,,,,,,,,,,,0.0686756668325723,,,,,,10.97,25,73133.5,73207.3,72908.55,73051.85,none,no_price_available
2026-09-04T08:24:04.170768+00:00,2026-09-04T13:54:04.170768+05:30,NIFTYNXT50,29-Sep-2026,61000.0,PE,0,,0,,0,0.0,,0,0,0,0,0,,,,,,,,,,,,,,,0.0686756668325723,,,,,,10.97,25,73133.5,73207.3,72908.55,73051.85,none,no_price_available
2026-09-04T08:24:04.170768+00:00,2026-09-04T13:54:04.170768+05:30,NIFTYNXT50,29-Sep-2026,61500.0,CE,73017.55,,0,13302.85,550,0.0,,0,0,0,0,0,,,,,,,,,,,,,,,0.0686756668325723,,,,,,10.97,25,73133.5,73207.3,72908.55,73051.85,none,no_price_available
2026-09-04T08:24:04.170768+00:00,2026-09-04T13:54:04.170768+05:30,NIFTYNXT50,29-Sep-2026,61500.0,PE,0,,0,,0,0.0,,0,0,0,0,0,,,,,,,,,,,,,,,0.0686756668325723,,,,,,10.97,25,73133.5,73207.3,72908.55,73051.85,none,no_price_available
2026-09-04T08:24:04.170768+00:00,2026-09-04T13:54:04.170768+05:30,NIFTYNXT50,29-Sep-2026,62000.0,CE,73017.55,,0,,0,0.0,,0,0,0,0,0,,,,,,,,,,,,,,,0.0686756668325723,,,,,,10.97,25,73133.5,73207.3,72908.55,73051.85,none,no_price_available
2026-09-04T08:24:04.170768+00:00,2026-09-04T13:54:04.170768+05:30,NIFTYNXT50,29-Sep-2026,62000.0,PE,0,,0,,0,0.0,,0,0,0,0,0,,,,,,,,,,,,,,,0.0686756668325723,,,,,,10.97,25,73133.5,73207.3,72908.55,73051.85,none,no_price_available
2026-09-04T08:24:04.170768+00:00,2026-09-04T13:54:04.170768+05:30,NIFTYNXT50,29-Sep-2026,62500.0,CE,73017.55,,0,,0,0.0,,0,0,0,0,0,,,,,,,,,,,,,,,0.0686756668325723,,,,,,10.97,25,73133.5,73207.3,72908.55,73051.85,none,no_price_available
2026-09-04T08:24:04.170768+00:00,2026-09-04T13:54:04.170768+05:30,NIFTYNXT50,29-Sep-2026,62500.0,PE,0,,0,,0,0.0,,0,0,0,0,0,,,,,,,,,,,,,,,0.0686756668325723,,,,,,10.97,25,73133.5,73207.3,72908.55,73051.85,none,no_price_available
2026-09-04T08:24:04.170768+00:00,2026-09-04T13:54:04.170768+05:30,NIFTYNXT50,29-Sep-2026,63000.0,CE,73017.55,,0,,0,0.0,,0,0,0,0,0,,,,,,,,,,,,,,,0.0686756668325723,,,,,,10.97,25,73133.5,73207.3,72908.55,73051.85,none,no_price_available
2026-09-04T08:24:04.170768+00:00,2026-09-04T13:54:04.170768+05:30,NIFTYNXT50,29-Sep-2026,63000.0,PE,0,,0,,0,0.0,,0,0,0,0,0,,,,,,,,,,,,,,,0.0686756668325723,,,,,,10.97,25,73133.5,73207.3,72908.55,73051.85,none,no_price_available
2026-09-04T08:24:04.170768+00:00,2026-09-04T13:54:04.170768+05:30,NIFTYNXT50,29-Sep-2026,63500.0,CE,73017.55,,0,11169.05,550,0.0,,0,0,0,0,0,,,,,,,,,,,,,,,0.0686756668325723,,,,,,10.97,25,73133.5,73207.3,72908.55,73051.85,none,no_price_available
2026-09-04T08:24:04.170768+00:00,2026-09-04T13:54:04.170768+05:30,NIFTYNXT50,29-Sep-2026,63500.0,PE,0,,0,,0,0.0,,0,0,0,0,0,,,,,,,,,,,,,,,0.0686756668325723,,,,,,10.97,25,73133.5,73207.3,72908.55,73051.85,none,no_price_available
2026-09-04T08:24:04.170768+00:00,2026-09-04T13:54:04.170768+05:30,NIFTYNXT50,29-Sep-2026,64000.0,CE,73017.55,,0,,0,0.0,,0,0,0,0,0,,,,,,,,,,,,,,,0.0686756668325723,,,,,,10.97,25,73133.5,73207.3,72908.55,73051.85,none,no_price_available
2026-09-04T08:24:04.170768+00:00,2026-09-04T13:54:04.170768+05:30,NIFTYNXT50,29-Sep-2026,64000.0,PE,0,,0,,0,0.0,,0,0,0,0,0,,,,,,,,,,,,,,,0.0686756668325723,,,,,,10.97,25,73133.5,73207.3,72908.55,73051.85,none,no_price_available
2026-09-04T08:24:04.170768+00:00,2026-09-04T13:54:04.170768+05:30,NIFTYNXT50,29-Sep-2026,64100.0,CE,73017.55,,0,,0,0.0,,0,0,0,0,0,,,,,,,,,,,,,,,0.0686756668325723,,,,,,10.97,25,73133.5,73207.3,72908.55,73051.85,none,no_price_available
2026-09-04T08:24:04.170768+00:00,2026-09-04T13:54:04.170768+05:30,NIFTYNXT50,29-Sep-2026,64100.0,PE,0,,0,,0,0.0,,0,0,0,0,0,,,,,,,,,,,,,,,0.0686756668325723,,,,,,10.97,25,73133.5,73207.3,72908.55,73051.85,none,no_price_available
2026-09-04T08:24:04.170768+00:00,2026-09-04T13:54:04.170768+05:30,NIFTYNXT50,29-Sep-2026,64200.0,CE,73017.55,,0,,0,0.0,,0,0,0,0,0,,,,,,,,,,,,,,,0.0686756668325723,,,,,,10.97,25,73133.5,73207.3,72908.55,73051.85,none,no_price_available
2026-09-04T08:24:04.170768+00:00,2026-09-04T13:54:04.170768+05:30,NIFTYNXT50,29-Sep-2026,64200.0,PE,0,,0,,0,0.0,,0,0,0,0,0,,,,,,,,,,,,,,,0.0686756668325723,,,,,,10.97,25,73133.5,73207.3,72908.55,73051.85,none,no_price_available
2026-09-04T08:24:04.170768+00:00,2026-09-04T13:54:04.170768+05:30,NIFTYNXT50,29-Sep-2026,64300.0,CE,73017.55,,0,10315.8,550,0.0,,0,0,0,0,0,,,,,,,,,,,,,,,0.0686756668325723,,,,,,10.97,25,73133.5,73207.3,72908.55,73051.85,none,no_price_available
2026-09-04T08:24:04.170768+00:00,2026-09-04T13:54:04.170768+05:30,NIFTYNXT50,29-Sep-2026,64300.0,PE,0,,0,,0,0.0,,0,0,0,0,0,,,,,,,,,,,,,,,0.0686756668325723,,,,,,10.97,25,73133.5,73207.3,72908.55,73051.85,none,no_price_available
2026-09-04T08:24:04.170768+00:00,2026-09-04T13:54:04.170768+05:30,NIFTYNXT50,29-Sep-2026,64400.0,CE,73017.55,,0,,0,0.0,,0,0,0,0,0,,,,,,,,,,,,,,,0.0686756668325723,,,,,,10.97,25,73133.5,73207.3,72908.55,73051.85,none,no_price_available
2026-09-04T08:24:04.170768+00:00,2026-09-04T13:54:04.170768+05:30,NIFTYNXT50,29-Sep-2026,64400.0,PE,0,,0,,0,0.0,,0,0,0,0,0,,,,,,,,,,,,,,,0.0686756668325723,,,,,,10.97,25,73133.5,73207.3,72908.55,73051.85,none,no_price_available
2026-09-04T08:24:04.170768+00:00,2026-09-04T13:54:04.170768+05:30,NIFTYNXT50,29-Sep-2026,64500.0,CE,73017.55,,0,,0,0.0,,0,0,0,0,0,,,,,,,,,,,,,,,0.0686756668325723,,,,,,10.97,25,73133.5,73207.3,72908.55,73051.85,none,no_price_available
2026-09-04T08:24:04.170768+00:00,2026-09-04T13:54:04.170768+05:30,NIFTYNXT50,29-Sep-2026,64500.0,PE,0,,0,,0,0.0,,0,0,0,0,0,,,,,,,,,,,,,,,0.0686756668325723,,,,,,10.97,25,73133.5,73207.3,72908.55,73051.85,none,no_price_available
2026-09-04T08:24:04.170768+00:00,2026-09-04T13:54:04.170768+05:30,NIFTYNXT50,29-Sep-2026,64600.0,CE,73017.55,,0,,0,0.0,,0,0,0,0,0,,,,,,,,,,,,,,,0.0686756668325723,,,,,,10.97,25,73133.5,73207.3,72908.55,73051.85,none,no_price_available
2026-09-04T08:24:04.170768+00:00,2026-09-04T13:54:04.170768+05:30,NIFTYNXT50,29-Sep-2026,64600.0,PE,0,,0,,0,0.0,,0,0,0,0,0,,,,,,,,,,,,,,,0.0686756668325723,,,,,,10.97,25,73133.5,73207.3,72908.55,73051.85,none,no_price_available
2026-09-04T08:24:04.170768+00:00,2026-09-04T13:54:04.170768+05:30,NIFTYNXT50,29-Sep-2026,64700.0,CE,73017.55,,0,9889,550,0.0,,0,0,0,0,0,,,,,,,,,,,,,,,0.0686756668325723,,,,,,10.97,25,73133.5,73207.3,72908.55,73051.85,none,no_price_available
2026-09-04T08:24:04.170768+00:00,2026-09-04T13:54:04.170768+05:30,NIFTYNXT50,29-Sep-2026,64700.0,PE,0,,0,,0,0.0,,0,0,0,0,0,,,,,,,,,,,,,,,0.0686756668325723,,,,,,10.97,25,73133.5,73207.3,72908.55,73051.85,none,no_price_available
2026-09-04T08:24:04.170768+00:00,2026-09-04T13:54:04.170768+05:30,NIFTYNXT50,29-Sep-2026,64800.0,CE,73017.55,,0,,0,0.0,,0,0,0,0,0,,,,,,,,,,,,,,,0.0686756668325723,,,,,,10.97,25,73133.5,73207.3,72908.55,73051.85,none,no_price_available
2026-09-04T08:24:04.170768+00:00,2026-09-04T13:54:04.170768+05:30,NIFTYNXT50,29-Sep-2026,64800.0,PE,0,,0,,0,0.0,,0,0,0,0,0,,,,,,,,,,,,,,,0.0686756668325723,,,,,,10.97,25,73133.5,73207.3,72908.55,73051.85,none,no_price_available
2026-09-04T08:24:04.170768+00:00,2026-09-04T13:54:04.170768+05:30,NIFTYNXT50,29-Sep-2026,64900.0,CE,73017.55,,0,,0,0.0,,0,0,0,0,0,,,,,,,,,,,,,,,0.0686756668325723,,,,,,10.97,25,73133.5,73207.3,72908.55,73051.85,none,no_price_available
2026-09-04T08:24:04.170768+00:00,2026-09-04T13:54:04.170768+05:30,NIFTYNXT50,29-Sep-2026,64900.0,PE,0,,0,,0,0.0,,0,0,0,0,0,,,,,,,,,,,,,,,0.0686756668325723,,,,,,10.97,25,73133.5,73207.3,72908.55,73051.85,none,no_price_available
2026-09-04T08:24:04.170768+00:00,2026-09-04T13:54:04.170768+05:30,NIFTYNXT50,29-Sep-2026,65000.0,CE,73017.55,,0,,0,0.0,,0,0,0,0,0,,,,,,,,,,,,,,,0.0686756668325723,,,,,,10.97,25,73133.5,73207.3,72908.55,73051.85,none,no_price_available
2026-09-04T08:24:04.170768+00:00,2026-09-04T13:54:04.170768+05:30,NIFTYNXT50,29-Sep-2026,65000.0,PE,0,,0,,0,0.0,,0,0,0,0,0,,,,,,,,,,,,,,,0.0686756668325723,,,,,,10.97,25,73133.5,73207.3,72908.55,73051.85,none,no_price_available
2026-09-04T08:24:04.170768+00:00,2026-09-04T13:54:04.170768+05:30,NIFTYNXT50,29-Sep-2026,65100.0,CE,73017.55,,0,9462.25,550,0.0,,0,0,0,0,0,,,,,,,,,,,,,,,0.0686756668325723,,,,,,10.97,25,73133.5,73207.3,72908.55,73051.85,none,no_price_available
2026-09-04T08:24:04.170768+00:00,2026-09-04T13:54:04.170768+05:30,NIFTYNXT50,29-Sep-2026,65100.0,PE,0,,0,,0,0.0,,0,0,0,0,0,,,,,,,,,,,,,,,0.0686756668325723,,,,,,10.97,25,73133.5,73207.3,72908.55,73051.85,none,no_price_available
2026-09-04T08:24:04.170768+00:00,2026-09-04T13:54:04.170768+05:30,NIFTYNXT50,29-Sep-2026,65200.0,CE,73017.55,,0,,0,0.0,,0,0,0,0,0,,,,,,,,,,,,,,,0.0686756668325723,,,,,,10.97,25,73133.5,73207.3,72908.55,73051.85,none,no_price_available
2026-09-04T08:24:04.170768+00:00,2026-09-04T13:54:04.170768+05:30,NIFTYNXT50,29-Sep-2026,65200.0,PE,0,,0,,0,0.0,,0,0,0,0,0,,,,,,,,,,,,,,,0.0686756668325723,,,,,,10.97,25,73133.5,73207.3,72908.55,73051.85,none,no_price_available
2026-09-04T08:24:04.170768+00:00,2026-09-04T13:54:04.170768+05:30,NIFTYNXT50,29-Sep-2026,65300.0,CE,73017.55,,0,,0,0.0,,0,0,0,0,0,,,,,,,,,,,,,,,0.0686756668325723,,,,,,10.97,25,73133.5,73207.3,72908.55,73051.85,none,no_price_available
2026-09-04T08:24:04.170768+00:00,2026-09-04T13:54:04.170768+05:30,NIFTYNXT50,29-Sep-2026,65300.0,PE,0,,0,,0,0.0,,0,0,0,0,0,,,,,,,,,,,,,,,0.0686756668325723,,,,,,10.97,25,73133.5,73207.3,72908.55,73051.85,none,no_price_available
2026-09-04T08:24:04.170768+00:00,2026-09-04T13:54:04.170768+05:30,NIFTYNXT50,29-Sep-2026,65400.0,CE,73017.55,,0,,0,0.0,,0,0,0,0,0,,,,,,,,,,,,,,,0.0686756668325723,,,,,,10.97,25,73133.5,73207.3,72908.55,73051.85,none,no_price_available
2026-09-04T08:24:04.170768+00:00,2026-09-04T13:54:04.170768+05:30,NIFTYNXT50,29-Sep-2026,65400.0,PE,0,,0,,0,0.0,,0,0,0,0,0,,,,,,,,,,,,,,,0.0686756668325723,,,,,,10.97,25,73133.5,73207.3,72908.55,73051.85,none,no_price_available
2026-09-04T08:24:04.170768+00:00,2026-09-04T13:54:04.170768+05:30,NIFTYNXT50,29-Sep-2026,65500.0,CE,73017.55,,0,9035.75,550,0.0,,0,0,0,0,0,,,,,,,,,,,,,,,0.0686756668325723,,,,,,10.97,25,73133.5,73207.3,72908.55,73051.85,none,no_price_available
2026-09-04T08:24:04.170768+00:00,2026-09-04T13:54:04.170768+05:30,NIFTYNXT50,29-Sep-2026,65500.0,PE,73017.55,,0,44.95,25,0.0,,0,0,0,0,0,,,,,,,,,,,,,,,0.0686756668325723,,,,,,10.97,25,73133.5,73207.3,72908.55,73051.85,none,no_price_available
2026-09-04T08:24:04.170768+00:00,2026-09-04T13:54:04.170768+05:30,NIFTYNXT50,29-Sep-2026,65600.0,CE,73017.55,,0,,0,0.0,,0,0,0,0,0,,,,,,,,,,,,,,,0.0686756668325723,,,,,,10.97,25,73133.5,73207.3,72908.55,73051.85,none,no_price_available
2026-09-04T08:24:04.170768+00:00,2026-09-04T13:54:04.170768+05:30,NIFTYNXT50,29-Sep-2026,65600.0,PE,0,,0,,0,0.0,,0,0,0,0,0,,,,,,,,,,,,,,,0.0686756668325723,,,,,,10.97,25,73133.5,73207.3,72908.55,73051.85,none,no_price_available
2026-09-04T08:24:04.170768+00:00,2026-09-04T13:54:04.170768+05:30,NIFTYNXT50,29-Sep-2026,65700.0,CE,73017.55,,0,,0,0.0,,0,0,0,0,0,,,,,,,,,,,,,,,0.0686756668325723,,,,,,10.97,25,73133.5,73207.3,72908.55,73051.85,none,no_price_available
2026-09-04T08:24:04.170768+00:00,2026-09-04T13:54:04.170768+05:30,NIFTYNXT50,29-Sep-2026,65700.0,PE,0,,0,,0,0.0,,0,0,0,0,0,,,,,,,,,,,,,,,0.0686756668325723,,,,,,10.97,25,73133.5,73207.3,72908.55,73051.85,none,no_price_available
2026-09-04T08:24:04.170768+00:00,2026-09-04T13:54:04.170768+05:30,NIFTYNXT50,29-Sep-2026,65800.0,CE,73017.55,,0,,0,0.0,,0,0,0,0,0,,,,,,,,,,,,,,,0.0686756668325723,,,,,,10.97,25,73133.5,73207.3,72908.55,73051.85,none,no_price_available
2026-09-04T08:24:04.170768+00:00,2026-09-04T13:54:04.170768+05:30,NIFTYNXT50,29-Sep-2026,65800.0,PE,0,,0,,0,0.0,,0,0,0,0,0,,,,,,,,,,,,,,,0.0686756668325723,,,,,,10.97,25,73133.5,73207.3,72908.55,73051.85,none,no_price_available
2026-09-04T08:24:04.170768+00:00,2026-09-04T13:54:04.170768+05:30,NIFTYNXT50,29-Sep-2026,65900.0,CE,73017.55,,0,8613.25,550,0.0,,0,0,0,0,0,,,,,,,,,,,,,,,0.0686756668325723,,,,,,10.97,25,73133.5,73207.3,72908.55,73051.85,none,no_price_available
2026-09-04T08:24:04.170768+00:00,2026-09-04T13:54:04.170768+05:30,NIFTYNXT50,29-Sep-2026,65900.0,PE,0,,0,,0,0.0,,0,0,0,0,0,,,,,,,,,,,,,,,0.0686756668325723,,,,,,10.97,25,73133.5,73207.3,72908.55,73051.85,none,no_price_available
2026-09-04T08:24:04.170768+00:00,2026-09-04T13:54:04.170768+05:30,NIFTYNXT50,29-Sep-2026,66000.0,CE,73017.55,,0,,0,0.0,,0,0,0,0,0,,,,,,,,,,,,,,,0.0686756668325723,,,,,,10.97,25,73133.5,73207.3,72908.55,73051.85,none,no_price_available
2026-09-04T08:24:04.170768+00:00,2026-09-04T13:54:04.170768+05:30,NIFTYNXT50,29-Sep-2026,66000.0,PE,73017.55,,0,48.9,25,0.0,,0,0,0,0,0,,,,,,,,,,,,,,,0.0686756668325723,,,,,,10.97,25,73133.5,73207.3,72908.55,73051.85,none,no_price_available
2026-09-04T08:24:04.170768+00:00,2026-09-04T13:54:04.170768+05:30,NIFTYNXT50,29-Sep-2026,66100.0,CE,73017.55,,0,,0,0.0,,0,0,0,0,0,,,,,,,,,,,,,,,0.0686756668325723,,,,,,10.97,25,73133.5,73207.3,72908.55,73051.85,none,no_price_available
2026-09-04T08:24:04.170768+00:00,2026-09-04T13:54:04.170768+05:30,NIFTYNXT50,29-Sep-2026,66100.0,PE,0,,0,,0,0.0,,0,0,0,0,0,,,,,,,,,,,,,,,0.0686756668325723,,,,,,10.97,25,73133.5,73207.3,72908.55,73051.85,none,no_price_available
2026-09-04T08:24:04.170768+00:00,2026-09-04T13:54:04.170768+05:30,NIFTYNXT50,29-Sep-2026,66200.0,CE,73017.55,,0,,0,0.0,,0,0,0,0,0,,,,,,,,,,,,,,,0.0686756668325723,,,,,,10.97,25,73133.5,73207.3,72908.55,73051.85,none,no_price_available
2026-09-04T08:24:04.170768+00:00,2026-09-04T13:54:04.170768+05:30,NIFTYNXT50,29-Sep-2026,66200.0,PE,0,,0,,0,0.0,,0,0,0,0,0,,,,,,,,,,,,,,,0.0686756668325723,,,,,,10.97,25,73133.5,73207.3,72908.55,73051.85,none,no_price_available
2026-09-04T08:24:04.170768+00:00,2026-09-04T13:54:04.170768+05:30,NIFTYNXT50,29-Sep-2026,66300.0,CE,73017.55,,0,8213.25,550,0.0,,0,0,0,0,0,,,,,,,,,,,,,,,0.0686756668325723,,,,,,10.97,25,73133.5,73207.3,72908.55,73051.85,none,no_price_available
2026-09-04T08:24:04.170768+00:00,2026-09-04T13:54:04.170768+05:30,NIFTYNXT50,29-Sep-2026,66300.0,PE,0,,0,,0,0.0,,0,0,0,0,0,,,,,,,,,,,,,,,0.0686756668325723,,,,,,10.97,25,73133.5,73207.3,72908.55,73051.85,none,no_price_available
2026-09-04T08:24:04.170768+00:00,2026-09-04T13:54:04.170768+05:30,NIFTYNXT50,29-Sep-2026,66400.0,CE,73017.55,,0,,0,0.0,,0,0,0,0,0,,,,,,,,,,,,,,,0.0686756668325723,,,,,,10.97,25,73133.5,73207.3,72908.55,73051.85,none,no_price_available
2026-09-04T08:24:04.170768+00:00,2026-09-04T13:54:04.170768+05:30,NIFTYNXT50,29-Sep-2026,66400.0,PE,0,,0,,0,0.0,,0,0,0,0,0,,,,,,,,,,,,,,,0.0686756668325723,,,,,,10.97,25,73133.5,73207.3,72908.55,73051.85,none,no_price_available
2026-09-04T08:24:04.170768+00:00,2026-09-04T13:54:04.170768+05:30,NIFTYNXT50,29-Sep-2026,66500.0,CE,73017.55,,0,,0,0.0,,0,0,0,0,0,,,,,,,,,,,,,,,0.0686756668325723,,,,,,10.97,25,73133.5,73207.3,72908.55,73051.85,none,no_price_available
2026-09-04T08:24:04.170768+00:00,2026-09-04T13:54:04.170768+05:30,NIFTYNXT50,29-Sep-2026,66500.0,PE,0,,0,,0,0.0,,0,0,0,0,0,,,,,,,,,,,,,,,0.0686756668325723,,,,,,10.97,25,73133.5,73207.3,72908.55,73051.85,none,no_price_available
2026-09-04T08:24:04.170768+00:00,2026-09-04T13:54:04.170768+05:30,NIFTYNXT50,29-Sep-2026,66600.0,CE,73017.55,,0,,0,0.0,,0,0,0,0,0,,,,,,,,,,,,,,,0.0686756668325723,,,,,,10.97,25,73133.5,73207.3,72908.55,73051.85,none,no_price_available
2026-09-04T08:24:04.170768+00:00,2026-09-04T13:54:04.170768+05:30,NIFTYNXT50,29-Sep-2026,66600.0,PE,0,,0,,0,0.0,,0,0,0,0,0,,,,,,,,,,,,,,,0.0686756668325723,,,,,,10.97,25,73133.5,73207.3,72908.55,73051.85,none,no_price_available
2026-09-04T08:24:04.170768+00:00,2026-09-04T13:54:04.170768+05:30,NIFTYNXT50,29-Sep-2026,66700.0,CE,73017.55,,0,7786.55,550,0.0,,0,0,0,0,0,,,,,,,,,,,,,,,0.0686756668325723,,,,,,10.97,25,73133.5,73207.3,72908.55,73051.85,none,no_price_available
2026-09-04T08:24:04.170768+00:00,2026-09-04T13:54:04.170768+05:30,NIFTYNXT50,29-Sep-2026,66700.0,PE,0,,0,,0,0.0,,0,0,0,0,0,,,,,,,,,,,,,,,0.0686756668325723,,,,,,10.97,25,73133.5,73207.3,72908.55,73051.85,none,no_price_available
2026-09-04T08:24:04.170768+00:00,2026-09-04T13:54:04.170768+05:30,NIFTYNXT50,29-Sep-2026,66800.0,CE,73017.55,,0,,0,0.0,,0,0,0,0,0,,,,,,,,,,,,,,,0.0686756668325723,,,,,,10.97,25,73133.5,73207.3,72908.55,73051.85,none,no_price_available
2026-09-04T08:24:04.170768+00:00,2026-09-04T13:54:04.170768+05:30,NIFTYNXT50,29-Sep-2026,66800.0,PE,0,,0,,0,0.0,,0,0,0,0,0,,,,,,,,,,,,,,,0.0686756668325723,,,,,,10.97,25,73133.5,73207.3,72908.55,73051.85,none,no_price_available
2026-09-04T08:24:04.170768+00:00,2026-09-04T13:54:04.170768+05:30,NIFTYNXT50,29-Sep-2026,66900.0,CE,73017.55,,0,,0,0.0,,0,0,0,0,0,,,,,,,,,,,,,,,0.0686756668325723,,,,,,10.97,25,73133.5,73207.3,72908.55,73051.85,none,no_price_available
2026-09-04T08:24:04.170768+00:00,2026-09-04T13:54:04.170768+05:30,NIFTYNXT50,29-Sep-2026,66900.0,PE,0,,0,,0,0.0,,0,0,0,0,0,,,,,,,,,,,,,,,0.0686756668325723,,,,,,10.97,25,73133.5,73207.3,72908.55,73051.85,none,no_price_available
2026-09-04T08:24:04.170768+00:00,2026-09-04T13:54:04.170768+05:30,NIFTYNXT50,29-Sep-2026,67000.0,CE,73017.55,,0,,0,0.0,,0,0,0,0,0,,,,,,,,,,,,,,,0.0686756668325723,,,,,,10.97,25,73133.5,73207.3,72908.55,73051.85,none,no_price_available
2026-09-04T08:24:04.170768+00:00,2026-09-04T13:54:04.170768+05:30,NIFTYNXT50,29-Sep-2026,67000.0,PE,73017.55,48,75,74,50,50,61.0,9,0,11,-95.26739233317558,19.67,-0.0385298860106801,2.2205119306038967e-05,-5.839441688293734,15.992445131459332,-0.7291629555756448,0.0026149566515826575,246.6381566354059,-1.0741265370402489e-08,0.00022956858964369312,-7.852979096293148e-07,-1.2033903574083542,-47.42441671882215,0.042875833754048936,2.6372907952397377e-05,0.0686756668325723,73374.4,0.07098988556514281,0.009899999999999999,index_dividend_yield,0.065,10.97,25,73133.5,73207.3,72908.55,73051.85,mid_price,wide_quote_low_liquidity
2026-09-04T08:24:04.170768+00:00,2026-09-04T13:54:04.170768+05:30,NIFTYNXT50,29-Sep-2026,67100.0,CE,73017.55,,0,7361.35,550,0.0,,0,0,0,0,0,,,,,,,,,,,,,,,0.0686756668325723,,,,,,10.97,25,73133.5,73207.3,72908.55,73051.85,none,no_price_available
2026-09-04T08:24:04.170768+00:00,2026-09-04T13:54:04.170768+05:30,NIFTYNXT50,29-Sep-2026,67100.0,PE,0,,0,,0,0.0,,0,0,0,0,0,,,,,,,,,,,,,,,0.0686756668325723,,,,,,10.97,25,73133.5,73207.3,72908.55,73051.85,none,no_price_available
2026-09-04T08:24:04.170768+00:00,2026-09-04T13:54:04.170768+05:30,NIFTYNXT50,29-Sep-2026,67200.0,CE,73017.55,,0,,0,0.0,,0,0,0,0,0,,,,,,,,,,,,,,,0.0686756668325723,,,,,,10.97,25,73133.5,73207.3,72908.55,73051.85,none,no_price_available
2026-09-04T08:24:04.170768+00:00,2026-09-04T13:54:04.170768+05:30,NIFTYNXT50,29-Sep-2026,67200.0,PE,0,,0,,0,0.0,,0,0,0,0,0,,,,,,,,,,,,,,,0.0686756668325723,,,,,,10.97,25,73133.5,73207.3,72908.55,73051.85,none,no_price_available
2026-09-04T08:24:04.170768+00:00,2026-09-04T13:54:04.170768+05:30,NIFTYNXT50,29-Sep-2026,67300.0,CE,73017.55,,0,,0,0.0,,0,0,0,0,0,,,,,,,,,,,,,,,0.0686756668325723,,,,,,10.97,25,73133.5,73207.3,72908.55,73051.85,none,no_price_available
2026-09-04T08:24:04.170768+00:00,2026-09-04T13:54:04.170768+05:30,NIFTYNXT50,29-Sep-2026,67300.0,PE,0,,0,,0,0.0,,0,0,0,0,0,,,,,,,,,,,,,,,0.0686756668325723,,,,,,10.97,25,73133.5,73207.3,72908.55,73051.85,none,no_price_available
2026-09-04T08:24:04.170768+00:00,2026-09-04T13:54:04.170768+05:30,NIFTYNXT50,29-Sep-2026,67400.0,CE,73017.55,,0,,0,0.0,,0,0,0,0,0,,,,,,,,,,,,,,,0.0686756668325723,,,,,,10.97,25,73133.5,73207.3,72908.55,73051.85,none,no_price_available
2026-09-04T08:24:04.170768+00:00,2026-09-04T13:54:04.170768+05:30,NIFTYNXT50,29-Sep-2026,67400.0,PE,0,,0,,0,0.0,,0,0,0,0,0,,,,,,,,,,,,,,,0.0686756668325723,,,,,,10.97,25,73133.5,73207.3,72908.55,73051.85,none,no_price_available
2026-09-04T08:24:04.170768+00:00,2026-09-04T13:54:04.170768+05:30,NIFTYNXT50,29-Sep-2026,67500.0,CE,73017.55,,0,6934.75,550,0.0,,0,0,0,0,0,,,,,,,,,,,,,,,0.0686756668325723,,,,,,10.97,25,73133.5,73207.3,72908.55,73051.85,none,no_price_available
2026-09-04T08:24:04.170768+00:00,2026-09-04T13:54:04.170768+05:30,NIFTYNXT50,29-Sep-2026,67500.0,PE,73017.55,1.05,100,75.4,25,0.0,38.225,0,0,0,0,0,,,,,,,,,,,,,,,0.0686756668325723,73374.4,0.07098988556514281,0.009899999999999999,index_dividend_yield,0.065,10.97,25,73133.5,73207.3,72908.55,73051.85,mid_price,no_nse_iv
2026-09-04T08:24:04.170768+00:00,2026-09-04T13:54:04.170768+05:30,NIFTYNXT50,29-Sep-2026,67600.0,CE,73017.55,,0,,0,0.0,,0,0,0,0,0,,,,,,,,,,,,,,,0.0686756668325723,,,,,,10.97,25,73133.5,73207.3,72908.55,73051.85,none,no_price_available
2026-09-04T08:24:04.170768+00:00,2026-09-04T13:54:04.170768+05:30,NIFTYNXT50,29-Sep-2026,67600.0,PE,0,,0,,0,0.0,,0,0,0,0,0,,,,,,,,,,,,,,,0.0686756668325723,,,,,,10.97,25,73133.5,73207.3,72908.55,73051.85,none,no_price_available
2026-09-04T08:24:04.170768+00:00,2026-09-04T13:54:04.170768+05:30,NIFTYNXT50,29-Sep-2026,67700.0,CE,73017.55,,0,,0,0.0,,0,0,0,0,0,,,,,,,,,,,,,,,0.0686756668325723,,,,,,10.97,25,73133.5,73207.3,72908.55,73051.85,none,no_price_available
2026-09-04T08:24:04.170768+00:00,2026-09-04T13:54:04.170768+05:30,NIFTYNXT50,29-Sep-2026,67700.0,PE,0,,0,,0,0.0,,0,0,0,0,0,,,,,,,,,,,,,,,0.0686756668325723,,,,,,10.97,25,73133.5,73207.3,72908.55,73051.85,none,no_price_available
2026-09-04T08:24:04.170768+00:00,2026-09-04T13:54:04.170768+05:30,NIFTYNXT50,29-Sep-2026,67800.0,CE,73017.55,,0,,0,0.0,,0,0,0,0,0,,,,,,,,,,,,,,,0.0686756668325723,,,,,,10.97,25,73133.5,73207.3,72908.55,73051.85,none,no_price_available
2026-09-04T08:24:04.170768+00:00,2026-09-04T13:54:04.170768+05:30,NIFTYNXT50,29-Sep-2026,67800.0,PE,0,,0,,0,0.0,,0,0,0,0,0,,,,,,,,,,,,,,,0.0686756668325723,,,,,,10.97,25,73133.5,73207.3,72908.55,73051.85,none,no_price_available
2026-09-04T08:24:04.170768+00:00,2026-09-04T13:54:04.170768+05:30,NIFTYNXT50,29-Sep-2026,67900.0,CE,73017.55,,0,6528.9,550,0.0,,0,0,0,0,0,,,,,,,,,,,,,,,0.0686756668325723,,,,,,10.97,25,73133.5,73207.3,72908.55,73051.85,none,no_price_available
2026-09-04T08:24:04.170768+00:00,2026-09-04T13:54:04.170768+05:30,NIFTYNXT50,29-Sep-2026,67900.0,PE,73017.55,,0,,0,0.0,,0,0,0,0,0,,,,,,,,,,,,,,,0.0686756668325723,,,,,,10.97,25,73133.5,73207.3,72908.55,73051.85,none,no_price_available
2026-09-04T08:24:04.170768+00:00,2026-09-04T13:54:04.170768+05:30,NIFTYNXT50,29-Sep-2026,68000.0,CE,73017.55,,0,,0,0.0,,0,0,0,0,0,,,,,,,,,,,,,,,0.0686756668325723,,,,,,10.97,25,73133.5,73207.3,72908.55,73051.85,none,no_price_available
2026-09-04T08:24:04.170768+00:00,2026-09-04T13:54:04.170768+05:30,NIFTYNXT50,29-Sep-2026,68000.0,PE,0,,0,,0,0.0,,0,0,0,0,0,,,,,,,,,,,,,,,0.0686756668325723,,,,,,10.97,25,73133.5,73207.3,72908.55,73051.85,none,no_price_available
2026-09-04T08:24:04.170768+00:00,2026-09-04T13:54:04.170768+05:30,NIFTYNXT50,29-Sep-2026,68100.0,CE,73017.55,,0,,0,0.0,,0,0,0,0,0,,,,,,,,,,,,,,,0.0686756668325723,,,,,,10.97,25,73133.5,73207.3,72908.55,73051.85,none,no_price_available
2026-09-04T08:24:04.170768+00:00,2026-09-04T13:54:04.170768+05:30,NIFTYNXT50,29-Sep-2026,68100.0,PE,0,,0,,0,0.0,,0,0,0,0,0,,,,,,,,,,,,,,,0.0686756668325723,,,,,,10.97,25,73133.5,73207.3,72908.55,73051.85,none,no_price_available
2026-09-04T08:24:04.170768+00:00,2026-09-04T13:54:04.170768+05:30,NIFTYNXT50,29-Sep-2026,68200.0,CE,73017.55,3135.7,50,7174.55,50,0.0,5155.125,0,0,0,0,0,,,,,,,,,,,,,,,0.0686756668325723,73374.4,0.07098988556514281,0.009899999999999999,index_dividend_yield,0.065,10.97,25,73133.5,73207.3,72908.55,73051.85,mid_price,no_nse_iv
2026-09-04T08:24:04.170768+00:00,2026-09-04T13:54:04.170768+05:30,NIFTYNXT50,29-Sep-2026,68200.0,PE,0,,0,,0,0.0,,0,0,0,0,0,,,,,,,,,,,,,,,0.0686756668325723,,,,,,10.97,25,73133.5,73207.3,72908.55,73051.85,none,no_price_available
2026-09-04T08:24:04.170768+00:00,2026-09-04T13:54:04.170768+05:30,NIFTYNXT50,29-Sep-2026,68300.0,CE,73017.55,3056.75,50,7067.8,550,0.0,5062.275,0,0,0,0,0,,,,,,,,,,,,,,,0.0686756668325723,73374.4,0.07098988556514281,0.009899999999999999,index_dividend_yield,0.065,10.97,25,73133.5,73207.3,72908.55,73051.85,mid_price,no_nse_iv
2026-09-04T08:24:04.170768+00:00,2026-09-04T13:54:04.170768+05:30,NIFTYNXT50,29-Sep-2026,68300.0,PE,0,,0,,0,0.0,,0,0,0,0,0,,,,,,,,,,,,,,,0.0686756668325723,,,,,,10.97,25,73133.5,73207.3,72908.55,73051.85,none,no_price_available
2026-09-04T08:24:04.170768+00:00,2026-09-04T13:54:04.170768+05:30,NIFTYNXT50,29-Sep-2026,68400.0,CE,73017.55,2979,50,6961.15,50,0.0,4970.075,0,0,0,0,0,,,,,,,,,,,,,,,0.0686756668325723,73374.4,0.07098988556514281,0.009899999999999999,index_dividend_yield,0.065,10.97,25,73133.5,73207.3,72908.55,73051.85,mid_price,no_nse_iv
2026-09-04T08:24:04.170768+00:00,2026-09-04T13:54:04.170768+05:30,NIFTYNXT50,29-Sep-2026,68400.0,PE,0,,0,,0,0.0,,0,0,0,0,0,,,,,,,,,,,,,,,0.0686756668325723,,,,,,10.97,25,73133.5,73207.3,72908.55,73051.85,none,no_price_available
2026-09-04T08:24:04.170768+00:00,2026-09-04T13:54:04.170768+05:30,NIFTYNXT50,29-Sep-2026,68500.0,CE,73017.55,2901.7,50,6854.5,50,0.0,4878.1,0,0,0,0,0,,,,,,,,,,,,,,,0.0686756668325723,73374.4,0.07098988556514281,0.009899999999999999,index_dividend_yield,0.065,10.97,25,73133.5,73207.3,72908.55,73051.85,mid_price,no_nse_iv
2026-09-04T08:24:04.170768+00:00,2026-09-04T13:54:04.170768+05:30,NIFTYNXT50,29-Sep-2026,68500.0,PE,0,,0,,0,0.0,,0,0,0,0,0,,,,,,,,,,,,,,,0.0686756668325723,,,,,,10.97,25,73133.5,73207.3,72908.55,73051.85,none,no_price_available
2026-09-04T08:24:04.170768+00:00,2026-09-04T13:54:04.170768+05:30,NIFTYNXT50,29-Sep-2026,68600.0,CE,73017.55,2825.65,50,6747.8,50,0.0,4786.725,0,0,0,0,0,,,,,,,,,,,,,,,0.0686756668325723,73374.4,0.07098988556514281,0.009899999999999999,index_dividend_yield,0.065,10.97,25,73133.5,73207.3,72908.55,73051.85,mid_price,no_nse_iv
2026-09-04T08:24:04.170768+00:00,2026-09-04T13:54:04.170768+05:30,NIFTYNXT50,29-Sep-2026,68600.0,PE,0,,0,,0,0.0,,0,0,0,0,0,,,,,,,,,,,,,,,0.0686756668325723,,,,,,10.97,25,73133.5,73207.3,72908.55,73051.85,none,no_price_available
2026-09-04T08:24:04.170768+00:00,2026-09-04T13:54:04.170768+05:30,NIFTYNXT50,29-Sep-2026,68700.0,CE,73017.55,2750.15,50,6641.1,550,0.0,4695.625,0,0,0,0,0,,,,,,,,,,,,,,,0.0686756668325723,73374.4,0.07098988556514281,0.009899999999999999,index_dividend_yield,0.065,10.97,25,73133.5,73207.3,72908.55,73051.85,mid_price,no_nse_iv
2026-09-04T08:24:04.170768+00:00,2026-09-04T13:54:04.170768+05:30,NIFTYNXT50,29-Sep-2026,68700.0,PE,0,,0,,0,0.0,,0,0,0,0,0,,,,,,,,,,,,,,,0.0686756668325723,,,,,,10.97,25,73133.5,73207.3,72908.55,73051.85,none,no_price_available
2026-09-04T08:24:04.170768+00:00,2026-09-04T13:54:04.170768+05:30,NIFTYNXT50,29-Sep-2026,68800.0,CE,73017.55,2675.65,50,6534.45,50,0.0,4605.05,0,0,0,0,0,,,,,,,,,,,,,,,0.0686756668325723,73374.4,0.07098988556514281,0.009899999999999999,index_dividend_yield,0.065,10.97,25,73133.5,73207.3,72908.55,73051.85,mid_price,no_nse_iv
2026-09-04T08:24:04.170768+00:00,2026-09-04T13:54:04.170768+05:30,NIFTYNXT50,29-Sep-2026,68800.0,PE,0,,0,,0,0.0,,0,0,0,0,0,,,,,,,,,,,,,,,0.0686756668325723,,,,,,10.97,25,73133.5,73207.3,72908.55,73051.85,none,no_price_available
2026-09-04T08:24:04.170768+00:00,2026-09-04T13:54:04.170768+05:30,NIFTYNXT50,29-Sep-2026,68900.0,CE,73017.55,2602.15,50,6427.75,50,0.0,4514.95,0,0,0,0,0,,,,,,,,,,,,,,,0.0686756668325723,73374.4,0.07098988556514281,0.009899999999999999,index_dividend_yield,0.065,10.97,25,73133.5,73207.3,72908.55,73051.85,mid_price,no_nse_iv
2026-09-04T08:24:04.170768+00:00,2026-09-04T13:54:04.170768+05:30,NIFTYNXT50,29-Sep-2026,68900.0,PE,0,,0,,0,0.0,,0,0,0,0,0,,,,,,,,,,,,,,,0.0686756668325723,,,,,,10.97,25,73133.5,73207.3,72908.55,73051.85,none,no_price_available
2026-09-04T08:24:04.170768+00:00,2026-09-04T13:54:04.170768+05:30,NIFTYNXT50,29-Sep-2026,69000.0,CE,73017.55,2529.45,50,6321.1,50,0.0,4425.275,0,0,0,0,0,,,,,,,,,,,,,,,0.0686756668325723,73374.4,0.07098988556514281,0.009899999999999999,index_dividend_yield,0.065,10.97,25,73133.5,73207.3,72908.55,73051.85,mid_price,no_nse_iv
2026-09-04T08:24:04.170768+00:00,2026-09-04T13:54:04.170768+05:30,NIFTYNXT50,29-Sep-2026,69000.0,PE,0,,0,,0,0.0,,0,0,0,0,0,,,,,,,,,,,,,,,0.0686756668325723,,,,,,10.97,25,73133.5,73207.3,72908.55,73051.85,none,no_price_available
2026-09-04T08:24:04.170768+00:00,2026-09-04T13:54:04.170768+05:30,NIFTYNXT50,29-Sep-2026,69100.0,CE,73017.55,2457.9,50,6214.35,550,0.0,4336.125,0,0,0,0,0,,,,,,,,,,,,,,,0.0686756668325723,73374.4,0.07098988556514281,0.009899999999999999,index_dividend_yield,0.065,10.97,25,73133.5,73207.3,72908.55,73051.85,mid_price,no_nse_iv
2026-09-04T08:24:04.170768+00:00,2026-09-04T13:54:04.170768+05:30,NIFTYNXT50,29-Sep-2026,69100.0,PE,0,,0,,0,0.0,,0,0,0,0,0,,,,,,,,,,,,,,,0.0686756668325723,,,,,,10.97,25,73133.5,73207.3,72908.55,73051.85,none,no_price_available
2026-09-04T08:24:04.170768+00:00,2026-09-04T13:54:04.170768+05:30,NIFTYNXT50,29-Sep-2026,69200.0,CE,73017.55,2387.15,50,6107.75,50,0.0,4247.45,0,0,0,0,0,,,,,,,,,,,,,,,0.0686756668325723,73374.4,0.07098988556514281,0.009899999999999999,index_dividend_yield,0.065,10.97,25,73133.5,73207.3,72908.55,73051.85,mid_price,no_nse_iv
2026-09-04T08:24:04.170768+00:00,2026-09-04T13:54:04.170768+05:30,NIFTYNXT50,29-Sep-2026,69200.0,PE,0,,0,,0,0.0,,0,0,0,0,0,,,,,,,,,,,,,,,0.0686756668325723,,,,,,10.97,25,73133.5,73207.3,72908.55,73051.85,none,no_price_available
2026-09-04T08:24:04.170768+00:00,2026-09-04T13:54:04.170768+05:30,NIFTYNXT50,29-Sep-2026,69300.0,CE,73017.55,2317.4,50,6001.05,50,0.0,4159.225,0,0,0,0,0,,,,,,,,,,,,,,,0.0686756668325723,73374.4,0.07098988556514281,0.009899999999999999,index_dividend_yield,0.065,10.97,25,73133.5,73207.3,72908.55,73051.85,mid_price,no_nse_iv
2026-09-04T08:24:04.170768+00:00,2026-09-04T13:54:04.170768+05:30,NIFTYNXT50,29-Sep-2026,69300.0,PE,0,,0,,0,0.0,,0,0,0,0,0,,,,,,,,,,,,,,,0.0686756668325723,,,,,,10.97,25,73133.5,73207.3,72908.55,73051.85,none,no_price_available
2026-09-04T08:24:04.170768+00:00,2026-09-04T13:54:04.170768+05:30,NIFTYNXT50,29-Sep-2026,69400.0,CE,73017.55,2248.6,50,5894.35,50,0.0,4071.4750000000004,0,0,0,0,0,,,,,,,,,,,,,,,0.0686756668325723,73374.4,0.07098988556514281,0.009899999999999999,index_dividend_yield,0.065,10.97,25,73133.5,73207.3,72908.55,73051.85,mid_price,no_nse_iv
2026-09-04T08:24:04.170768+00:00,2026-09-04T13:54:04.170768+05:30,NIFTYNXT50,29-Sep-2026,69400.0,PE,0,,0,,0,0.0,,0,0,0,0,0,,,,,,,,,,,,,,,0.0686756668325723,,,,,,10.97,25,73133.5,73207.3,72908.55,73051.85,none,no_price_available
2026-09-04T08:24:04.170768+00:00,2026-09-04T13:54:04.170768+05:30,NIFTYNXT50,29-Sep-2026,69500.0,CE,73017.55,2180.95,50,5787.65,550,0.0,3984.2999999999997,0,0,0,0,0,,,,,,,,,,,,,,,0.0686756668325723,73374.4,0.07098988556514281,0.009899999999999999,index_dividend_yield,0.065,10.97,25,73133.5,73207.3,72908.55,73051.85,mid_price,no_nse_iv
2026-09-04T08:24:04.170768+00:00,2026-09-04T13:54:04.170768+05:30,NIFTYNXT50,29-Sep-2026,69500.0,PE,0,,0,,0,0.0,,0,0,0,0,0,,,,,,,,,,,,,,,0.0686756668325723,,,,,,10.97,25,73133.5,73207.3,72908.55,73051.85,none,no_price_available
2026-09-04T08:24:04.170768+00:00,2026-09-04T13:54:04.170768+05:30,NIFTYNXT50,29-Sep-2026,69600.0,CE,73017.55,2114.1,50,5681,50,0.0,3897.55,0,0,0,0,0,,,,,,,,,,,,,,,0.0686756668325723,73374.4,0.07098988556514281,0.009899999999999999,index_dividend_yield,0.065,10.97,25,73133.5,73207.3,72908.55,73051.85,mid_price,no_nse_iv
2026-09-04T08:24:04.170768+00:00,2026-09-04T13:54:04.170768+05:30,NIFTYNXT50,29-Sep-2026,69600.0,PE,0,,0,,0,0.0,,0,0,0,0,0,,,,,,,,,,,,,,,0.0686756668325723,,,,,,10.97,25,73133.5,73207.3,72908.55,73051.85,none,no_price_available
2026-09-04T08:24:04.170768+00:00,2026-09-04T13:54:04.170768+05:30,NIFTYNXT50,29-Sep-2026,69700.0,CE,73017.55,2048.45,50,5574.35,50,0.0,3811.4,0,0,0,0,0,,,,,,,,,,,,,,,0.0686756668325723,73374.4,0.07098988556514281,0.009899999999999999,index_dividend_yield,0.065,10.97,25,73133.5,73207.3,72908.55,73051.85,mid_price,no_nse_iv
2026-09-04T08:24:04.170768+00:00,2026-09-04T13:54:04.170768+05:30,NIFTYNXT50,29-Sep-2026,69700.0,PE,0,,0,,0,0.0,,0,0,0,0,0,,,,,,,,,,,,,,,0.0686756668325723,,,,,,10.97,25,73133.5,73207.3,72908.55,73051.85,none,no_price_available
2026-09-04T08:24:04.170768+00:00,2026-09-04T13:54:04.170768+05:30,NIFTYNXT50,29-Sep-2026,69800.0,CE,73017.55,1983.7,50,5467.65,50,0.0,3725.6749999999997,0,0,0,0,0,,,,,,,,,,,,,,,0.0686756668325723,73374.4,0.07098988556514281,0.009899999999999999,index_dividend_yield,0.065,10.97,25,73133.5,73207.3,72908.55,73051.85,mid_price,no_nse_iv
2026-09-04T08:24:04.170768+00:00,2026-09-04T13:54:04.170768+05:30,NIFTYNXT50,29-Sep-2026,69800.0,PE,0,,0,,0,0.0,,0,0,0,0,0,,,,,,,,,,,,,,,0.0686756668325723,,,,,,10.97,25,73133.5,73207.3,72908.55,73051.85,none,no_price_available
2026-09-04T08:24:04.170768+00:00,2026-09-04T13:54:04.170768+05:30,NIFTYNXT50,29-Sep-2026,69900.0,CE,73017.55,1920.2,50,5360.9,550,0.0,3640.5499999999997,0,0,0,0,0,,,,,,,,,,,,,,,0.0686756668325723,73374.4,0.07098988556514281,0.009899999999999999,index_dividend_yield,0.065,10.97,25,73133.5,73207.3,72908.55,73051.85,mid_price,no_nse_iv
2026-09-04T08:24:04.170768+00:00,2026-09-04T13:54:04.170768+05:30,NIFTYNXT50,29-Sep-2026,69900.0,PE,0,,0,,0,0.0,,0,0,0,0,0,,,,,,,,,,,,,,,0.0686756668325723,,,,,,10.97,25,73133.5,73207.3,72908.55,73051.85,none,no_price_available
2026-09-04T08:24:04.170768+00:00,2026-09-04T13:54:04.170768+05:30,NIFTYNXT50,29-Sep-2026,70000.0,CE,73017.55,1857.8,50,5254.3,50,0.0,3556.05,0,0,0,0,0,,,,,,,,,,,,,,,0.0686756668325723,73374.4,0.07098988556514281,0.009899999999999999,index_dividend_yield,0.065,10.97,25,73133.5,73207.3,72908.55,73051.85,mid_price,no_nse_iv
2026-09-04T08:24:04.170768+00:00,2026-09-04T13:54:04.170768+05:30,NIFTYNXT50,29-Sep-2026,70000.0,PE,73017.55,0.1,100,,0,0.0,,0,0,0,0,0,,,,,,,,,,,,,,,0.0686756668325723,,,,,,10.97,25,73133.5,73207.3,72908.55,73051.85,none,no_price_available
2026-09-04T08:24:04.170768+00:00,2026-09-04T13:54:04.170768+05:30,NIFTYNXT50,29-Sep-2026,70100.0,CE,73017.55,1796.2,50,5147.6,50,0.0,3471.9,0,0,0,0,0,,,,,,,,,,,,,,,0.0686756668325723,73374.4,0.07098988556514281,0.009899999999999999,index_dividend_yield,0.065,10.97,25,73133.5,73207.3,72908.55,73051.85,mid_price,no_nse_iv
2026-09-04T08:24:04.170768+00:00,2026-09-04T13:54:04.170768+05:30,NIFTYNXT50,29-Sep-2026,70100.0,PE,0,,0,,0,0.0,,0,0,0,0,0,,,,,,,,,,,,,,,0.0686756668325723,,,,,,10.97,25,73133.5,73207.3,72908.55,73051.85,none,no_price_available
2026-09-04T08:24:04.170768+00:00,2026-09-04T13:54:04.170768+05:30,NIFTYNXT50,29-Sep-2026,70200.0,CE,73017.55,1735.8,50,5040.95,50,0.0,3388.375,0,0,0,0,0,,,,,,,,,,,,,,,0.0686756668325723,73374.4,0.07098988556514281,0.009899999999999999,index_dividend_yield,0.065,10.97,25,73133.5,73207.3,72908.55,73051.85,mid_price,no_nse_iv
2026-09-04T08:24:04.170768+00:00,2026-09-04T13:54:04.170768+05:30,NIFTYNXT50,29-Sep-2026,70200.0,PE,0,,0,,0,0.0,,0,0,0,0,0,,,,,,,,,,,,,,,0.0686756668325723,,,,,,10.97,25,73133.5,73207.3,72908.55,73051.85,none,no_price_available
2026-09-04T08:24:04.170768+00:00,2026-09-04T13:54:04.170768+05:30,NIFTYNXT50,29-Sep-2026,70300.0,CE,73017.55,1676.6,50,4935.1,25,0.0,3305.8500000000004,0,0,0,0,0,,,,,,,,,,,,,,,0.0686756668325723,73374.4,0.07098988556514281,0.009899999999999999,index_dividend_yield,0.065,10.97,25,73133.5,73207.3,72908.55,73051.85,mid_price,no_nse_iv
2026-09-04T08:24:04.170768+00:00,2026-09-04T13:54:04.170768+05:30,NIFTYNXT50,29-Sep-2026,70300.0,PE,0,,0,,0,0.0,,0,0,0,0,0,,,,,,,,,,,,,,,0.0686756668325723,,,,,,10.97,25,73133.5,73207.3,72908.55,73051.85,none,no_price_available
2026-09-04T08:24:04.170768+00:00,2026-09-04T13:54:04.170768+05:30,NIFTYNXT50,29-Sep-2026,70400.0,CE,73017.55,1618.45,50,4830.2,50,0.0,3224.325,0,0,0,0,0,,,,,,,,,,,,,,,0.0686756668325723,73374.4,0.07098988556514281,0.009899999999999999,index_dividend_yield,0.065,10.97,25,73133.5,73207.3,72908.55,73051.85,mid_price,no_nse_iv
2026-09-04T08:24:04.170768+00:00,2026-09-04T13:54:04.170768+05:30,NIFTYNXT50,29-Sep-2026,70400.0,PE,0,,0,,0,0.0,,0,0,0,0,0,,,,,,,,,,,,,,,0.0686756668325723,,,,,,10.97,25,73133.5,73207.3,72908.55,73051.85,none,no_price_available
2026-09-04T08:24:04.170768+00:00,2026-09-04T13:54:04.170768+05:30,NIFTYNXT50,29-Sep-2026,70500.0,CE,73017.55,1561.3,50,4725.2,50,0.0,3143.25,0,0,0,0,0,,,,,,,,,,,,,,,0.0686756668325723,73374.4,0.07098988556514281,0.009899999999999999,index_dividend_yield,0.065,10.97,25,73133.5,73207.3,72908.55,73051.85,mid_price,no_nse_iv
2026-09-04T08:24:04.170768+00:00,2026-09-04T13:54:04.170768+05:30,NIFTYNXT50,29-Sep-2026,70500.0,PE,0,,0,,0,0.0,,0,0,0,0,0,,,,,,,,,,,,,,,0.0686756668325723,,,,,,10.97,25,73133.5,73207.3,72908.55,73051.85,none,no_price_available
2026-09-04T08:24:04.170768+00:00,2026-09-04T13:54:04.170768+05:30,NIFTYNXT50,29-Sep-2026,70600.0,CE,73017.55,1508.3,50,4620.2,50,0.0,3064.25,0,0,0,0,0,,,,,,,,,,,,,,,0.0686756668325723,73374.4,0.07098988556514281,0.009899999999999999,index_dividend_yield,0.065,10.97,25,73133.5,73207.3,72908.55,73051.85,mid_price,no_nse_iv
2026-09-04T08:24:04.170768+00:00,2026-09-04T13:54:04.170768+05:30,NIFTYNXT50,29-Sep-2026,70600.0,PE,0,,0,,0,0.0,,0,0,0,0,0,,,,,,,,,,,,,,,0.0686756668325723,,,,,,10.97,25,73133.5,73207.3,72908.55,73051.85,none,no_price_available
2026-09-04T08:24:04.170768+00:00,2026-09-04T13:54:04.170768+05:30,NIFTYNXT50,29-Sep-2026,70700.0,CE,73017.55,1453.25,50,4515.1,25,0.0,2984.175,0,0,0,0,0,,,,,,,,,,,,,,,0.0686756668325723,73374.4,0.07098988556514281,0.009899999999999999,index_dividend_yield,0.065,10.97,25,73133.5,73207.3,72908.55,73051.85,mid_price,no_nse_iv
2026-09-04T08:24:04.170768+00:00,2026-09-04T13:54:04.170768+05:30,NIFTYNXT50,29-Sep-2026,70700.0,PE,0,,0,,0,0.0,,0,0,0,0,0,,,,,,,,,,,,,,,0.0686756668325723,,,,,,10.97,25,73133.5,73207.3,72908.55,73051.85,none,no_price_available
2026-09-04T08:24:04.170768+00:00,2026-09-04T13:54:04.170768+05:30,NIFTYNXT50,29-Sep-2026,70800.0,CE,73017.55,1399.2,50,4410.2,50,0.0,2904.7,0,0,0,0,0,,,,,,,,,,,,,,,0.0686756668325723,73374.4,0.07098988556514281,0.009899999999999999,index_dividend_yield,0.065,10.97,25,73133.5,73207.3,72908.55,73051.85,mid_price,no_nse_iv
2026-09-04T08:24:04.170768+00:00,2026-09-04T13:54:04.170768+05:30,NIFTYNXT50,29-Sep-2026,70800.0,PE,0,,0,,0,0.0,,0,0,0,0,0,,,,,,,,,,,,,,,0.0686756668325723,,,,,,10.97,25,73133.5,73207.3,72908.55,73051.85,none,no_price_available
2026-09-04T08:24:04.170768+00:00,2026-09-04T13:54:04.170768+05:30,NIFTYNXT50,29-Sep-2026,70900.0,CE,73017.55,1343.8,50,4305.2,50,0.0,2824.5,0,0,0,0,0,,,,,,,,,,,,,,,0.0686756668325723,73374.4,0.07098988556514281,0.009899999999999999,index_dividend_yield,0.065,10.97,25,73133.5,73207.3,72908.55,73051.85,mid_price,no_nse_iv
2026-09-04T08:24:04.170768+00:00,2026-09-04T13:54:04.170768+05:30,NIFTYNXT50,29-Sep-2026,70900.0,PE,0,,0,,0,0.0,,0,0,0,0,0,,,,,,,,,,,,,,,0.0686756668325723,,,,,,10.97,25,73133.5,73207.3,72908.55,73051.85,none,no_price_available
2026-09-04T08:24:04.170768+00:00,2026-09-04T13:54:04.170768+05:30,NIFTYNXT50,29-Sep-2026,71000.0,CE,73017.55,1292.5,50,4200.2,50,0.0,2746.35,0,0,0,0,0,,,,,,,,,,,,,,,0.0686756668325723,73374.4,0.07098988556514281,0.009899999999999999,index_dividend_yield,0.065,10.97,25,73133.5,73207.3,72908.55,73051.85,mid_price,no_nse_iv
2026-09-04T08:24:04.170768+00:00,2026-09-04T13:54:04.170768+05:30,NIFTYNXT50,29-Sep-2026,71000.0,PE,73017.55,,0,410,25,0.0,,0,0,0,0,0,,,,,,,,,,,,,,,0.0686756668325723,,,,,,10.97,25,73133.5,73207.3,72908.55,73051.85,none,no_price_available
2026-09-04T08:24:04.170768+00:00,2026-09-04T13:54:04.170768+05:30,NIFTYNXT50,29-Sep-2026,71100.0,CE,73017.55,1242.25,50,4095.15,550,0.0,2668.7,0,0,0,0,0,,,,,,,,,,,,,,,0.0686756668325723,73374.4,0.07098988556514281,0.009899999999999999,index_dividend_yield,0.065,10.97,25,73133.5,73207.3,72908.55,73051.85,mid_price,no_nse_iv
2026-09-04T08:24:04.170768+00:00,2026-09-04T13:54:04.170768+05:30,NIFTYNXT50,29-Sep-2026,71100.0,PE,0,,0,,0,0.0,,0,0,0,0,0,,,,,,,,,,,,,,,0.0686756668325723,,,,,,10.97,25,73133.5,73207.3,72908.55,73051.85,none,no_price_available
2026-09-04T08:24:04.170768+00:00,2026-09-04T13:54:04.170768+05:30,NIFTYNXT50,29-Sep-2026,71200.0,CE,73017.55,1193.15,50,3990.2,50,0.0,2591.675,0,0,0,0,0,,,,,,,,,,,,,,,0.0686756668325723,73374.4,0.07098988556514281,0.009899999999999999,index_dividend_yield,0.065,10.97,25,73133.5,73207.3,72908.55,73051.85,mid_price,no_nse_iv
2026-09-04T08:24:04.170768+00:00,2026-09-04T13:54:04.170768+05:30,NIFTYNXT50,29-Sep-2026,71200.0,PE,0,,0,,0,0.0,,0,0,0,0,0,,,,,,,,,,,,,,,0.0686756668325723,,,,,,10.97,25,73133.5,73207.3,72908.55,73051.85,none,no_price_available
2026-09-04T08:24:04.170768+00:00,2026-09-04T13:54:04.170768+05:30,NIFTYNXT50,29-Sep-2026,71300.0,CE,73017.55,1145.15,50,3885.2,50,0.0,2515.175,0,0,0,0,0,,,,,,,,,,,,,,,0.0686756668325723,73374.4,0.07098988556514281,0.009899999999999999,index_dividend_yield,0.065,10.97,25,73133.5,73207.3,72908.55,73051.85,mid_price,no_nse_iv
2026-09-04T08:24:04.170768+00:00,2026-09-04T13:54:04.170768+05:30,NIFTYNXT50,29-Sep-2026,71300.0,PE,0,,0,,0,0.0,,0,0,0,0,0,,,,,,,,,,,,,,,0.0686756668325723,,,,,,10.97,25,73133.5,73207.3,72908.55,73051.85,none,no_price_available
2026-09-04T08:24:04.170768+00:00,2026-09-04T13:54:04.170768+05:30,NIFTYNXT50,29-Sep-2026,71400.0,CE,73017.55,1098.25,50,3780.2,50,0.0,2439.225,0,0,0,0,0,,,,,,,,,,,,,,,0.0686756668325723,73374.4,0.07098988556514281,0.009899999999999999,index_dividend_yield,0.065,10.97,25,73133.5,73207.3,72908.55,73051.85,mid_price,no_nse_iv
2026-09-04T08:24:04.170768+00:00,2026-09-04T13:54:04.170768+05:30,NIFTYNXT50,29-Sep-2026,71400.0,PE,0,,0,,0,0.0,,0,0,0,0,0,,,,,,,,,,,,,,,0.0686756668325723,,,,,,10.97,25,73133.5,73207.3,72908.55,73051.85,none,no_price_available
2026-09-04T08:24:04.170768+00:00,2026-09-04T13:54:04.170768+05:30,NIFTYNXT50,29-Sep-2026,71500.0,CE,73017.55,1052.5,50,3675.15,550,0.0,2363.825,0,0,0,0,0,,,,,,,,,,,,,,,0.0686756668325723,73374.4,0.07098988556514281,0.009899999999999999,index_dividend_yield,0.065,10.97,25,73133.5,73207.3,72908.55,73051.85,mid_price,no_nse_iv
2026-09-04T08:24:04.170768+00:00,2026-09-04T13:54:04.170768+05:30,NIFTYNXT50,29-Sep-2026,71500.0,PE,73017.55,101,25,940,25,0.0,520.5,0,0,0,0,0,,,,,,,,,,,,,,,0.0686756668325723,73374.4,0.07098988556514281,0.009899999999999999,index_dividend_yield,0.065,10.97,25,73133.5,73207.3,72908.55,73051.85,mid_price,no_nse_iv
2026-09-04T08:24:04.170768+00:00,2026-09-04T13:54:04.170768+05:30,NIFTYNXT50,29-Sep-2026,71600.0,CE,73017.55,,0,,0,0.0,,0,0,0,0,0,,,,,,,,,,,,,,,0.0686756668325723,,,,,,10.97,25,73133.5,73207.3,72908.55,73051.85,none,no_price_available
2026-09-04T08:24:04.170768+00:00,2026-09-04T13:54:04.170768+05:30,NIFTYNXT50,29-Sep-2026,71600.0,PE,73017.55,108.75,50,1241.95,50,0.0,675.35,0,0,0,0,0,,,,,,,,,,,,,,,0.0686756668325723,73374.4,0.07098988556514281,0.009899999999999999,index_dividend_yield,0.065,10.97,25,73133.5,73207.3,72908.55,73051.85,mid_price,no_nse_iv
2026-09-04T08:24:04.170768+00:00,2026-09-04T13:54:04.170768+05:30,NIFTYNXT50,29-Sep-2026,71700.0,CE,73017.55,,0,,0,0.0,,0,0,0,0,0,,,,,,,,,,,,,,,0.0686756668325723,,,,,,10.97,25,73133.5,73207.3,72908.55,73051.85,none,no_price_available
2026-09-04T08:24:04.170768+00:00,2026-09-04T13:54:04.170768+05:30,NIFTYNXT50,29-Sep-2026,71700.0,PE,73017.55,121.6,50,1261.1,550,0.0,691.3499999999999,0,0,0,0,0,,,,,,,,,,,,,,,0.0686756668325723,73374.4,0.07098988556514281,0.009899999999999999,index_dividend_yield,0.065,10.97,25,73133.5,73207.3,72908.55,73051.85,mid_price,no_nse_iv
2026-09-04T08:24:04.170768+00:00,2026-09-04T13:54:04.170768+05:30,NIFTYNXT50,29-Sep-2026,71800.0,CE,73017.55,922.2,50,3430.05,50,0.0,2176.125,0,0,0,0,0,,,,,,,,,,,,,,,0.0686756668325723,73374.4,0.07098988556514281,0.009899999999999999,index_dividend_yield,0.065,10.97,25,73133.5,73207.3,72908.55,73051.85,mid_price,no_nse_iv
2026-09-04T08:24:04.170768+00:00,2026-09-04T13:54:04.170768+05:30,NIFTYNXT50,29-Sep-2026,71800.0,PE,73017.55,135.2,50,1018.2,550,0.0,576.7,0,0,0,0,0,,,,,,,,,,,,,,,0.0686756668325723,73374.4,0.07098988556514281,0.009899999999999999,index_dividend_yield,0.065,10.97,25,73133.5,73207.3,72908.55,73051.85,mid_price,no_nse_iv
2026-09-04T08:24:04.170768+00:00,2026-09-04T13:54:04.170768+05:30,NIFTYNXT50,29-Sep-2026,71900.0,CE,73017.55,880.85,50,3068.2,550,0.0,1974.5249999999999,0,0,0,0,0,,,,,,,,,,,,,,,0.0686756668325723,73374.4,0.07098988556514281,0.009899999999999999,index_dividend_yield,0.065,10.97,25,73133.5,73207.3,72908.55,73051.85,mid_price,no_nse_iv
2026-09-04T08:24:04.170768+00:00,2026-09-04T13:54:04.170768+05:30,NIFTYNXT50,29-Sep-2026,71900.0,PE,73017.55,149.65,50,786.85,550,0.0,468.25,0,0,0,0,0,,,,,,,,,,,,,,,0.0686756668325723,73374.4,0.07098988556514281,0.009899999999999999,index_dividend_yield,0.065,10.97,25,73133.5,73207.3,72908.55,73051.85,mid_price,no_nse_iv
2026-09-04T08:24:04.170768+00:00,2026-09-04T13:54:04.170768+05:30,NIFTYNXT50,29-Sep-2026,72000.0,CE,73017.55,1305,50,2509.9,50,0.0,1907.45,0,0,0,0,0,,,,,,,,,,,,,,,0.0686756668325723,73374.4,0.07098988556514281,0.009899999999999999,index_dividend_yield,0.065,10.97,25,73133.5,73207.3,72908.55,73051.85,mid_price,no_nse_iv
2026-09-04T08:24:04.170768+00:00,2026-09-04T13:54:04.170768+05:30,NIFTYNXT50,29-Sep-2026,72000.0,PE,73017.55,464,25,550,25,612,507.0,3,0,1,-0.7299270072992701,16.28,-0.3301184008888685,0.00011622224377587024,-18.735188120605923,69.27891137303,-0.8813720072616549,0.0015725183182476175,74.03447803608287,-1.784711190150639e-08,-0.0005897112718879628,2.0990442747845304e-06,-1.512900622834138,-34.81494543183789,0.34439994068108326,0.00011953051102113828,0.0686756668325723,73374.4,0.07098988556514281,0.009899999999999999,index_dividend_yield,0.065,10.97,25,73133.5,73207.3,72908.55,73051.85,mid_price,wide_quote_low_liquidity
2026-09-04T08:24:04.170768+00:00,2026-09-04T13:54:04.170768+05:30,NIFTYNXT50,29-Sep-2026,72100.0,CE,73017.55,1629.35,100,1802.2,100,0.0,1715.775,0,0,0,0,0,,,,,,,,,,,,,,,0.0686756668325723,73374.4,0.07098988556514281,0.009899999999999999,index_dividend_yield,0.065,10.97,25,73133.5,73207.3,72908.55,73051.85,mid_price,no_nse_iv
2026-09-04T08:24:04.170768+00:00,2026-09-04T13:54:04.170768+05:30,NIFTYNXT50,29-Sep-2026,72100.0,PE,73017.55,483.45,150,644.25,150,0.0,563.85,0,0,0,0,0,,,,,,,,,,,,,,,0.0686756668325723,73374.4,0.07098988556514281,0.009899999999999999,index_dividend_yield,0.065,10.97,25,73133.5,73207.3,72908.55,73051.85,mid_price,no_nse_iv
2026-09-04T08:24:04.170768+00:00,2026-09-04T13:54:04.170768+05:30,NIFTYNXT50,29-Sep-2026,72200.0,CE,73017.55,,0,,0,0.0,,0,0,0,0,0,,,,,,,,,,,,,,,0.0686756668325723,,,,,,10.97,25,73133.5,73207.3,72908.55,73051.85,none,no_price_available
2026-09-04T08:24:04.170768+00:00,2026-09-04T13:54:04.170768+05:30,NIFTYNXT50,29-Sep-2026,72200.0,PE,73017.55,197.3,50,1542.9,50,0.0,870.1,0,0,0,0,0,,,,,,,,,,,,,,,0.0686756668325723,73374.4,0.07098988556514281,0.009899999999999999,index_dividend_yield,0.065,10.97,25,73133.5,73207.3,72908.55,73051.85,mid_price,no_nse_iv
2026-09-04T08:24:04.170768+00:00,2026-09-04T13:54:04.170768+05:30,NIFTYNXT50,29-Sep-2026,72300.0,CE,73017.55,,0,,0,0.0,,0,0,0,0,0,,,,,,,,,,,,,,,0.0686756668325723,,,,,,10.97,25,73133.5,73207.3,72908.55,73051.85,none,no_price_available
2026-09-04T08:24:04.170768+00:00,2026-09-04T13:54:04.170768+05:30,NIFTYNXT50,29-Sep-2026,72300.0,PE,73017.55,214.6,50,1286.6,50,0.0,750.5999999999999,0,0,0,0,0,,,,,,,,,,,,,,,0.0686756668325723,73374.4,0.07098988556514281,0.009899999999999999,index_dividend_yield,0.065,10.97,25,73133.5,73207.3,72908.55,73051.85,mid_price,no_nse_iv
2026-09-04T08:24:04.170768+00:00,2026-09-04T13:54:04.170768+05:30,NIFTYNXT50,29-Sep-2026,72400.0,CE,73017.55,,0,,0,0.0,,0,0,0,0,0,,,,,,,,,,,,,,,0.0686756668325723,,,,,,10.97,25,73133.5,73207.3,72908.55,73051.85,none,no_price_available
2026-09-04T08:24:04.170768+00:00,2026-09-04T13:54:04.170768+05:30,NIFTYNXT50,29-Sep-2026,72400.0,PE,73017.55,,0,,0,0.0,,0,0,0,0,0,,,,,,,,,,,,,,,0.0686756668325723,,,,,,10.97,25,73133.5,73207.3,72908.55,73051.85,none,no_price_available
2026-09-04T08:24:04.170768+00:00,2026-09-04T13:54:04.170768+05:30,NIFTYNXT50,29-Sep-2026,72500.0,CE,73017.55,1040.05,50,2114.9,50,0.0,1577.475,0,0,0,0,0,,,,,,,,,,,,,,,0.0686756668325723,73374.4,0.07098988556514281,0.009899999999999999,index_dividend_yield,0.065,10.97,25,73133.5,73207.3,72908.55,73051.85,mid_price,no_nse_iv
2026-09-04T08:24:04.170768+00:00,2026-09-04T13:54:04.170768+05:30,NIFTYNXT50,29-Sep-2026,72500.0,PE,73017.55,365,25,810,25,0.0,587.5,6,0,0,0,13.38,-0.37108342336082933,0.000147544546594926,-15.082206302837433,72.28308406190763,-0.827977365786714,0.0005735943208803884,52.01917647006127,-2.072109752072565e-08,-0.000996589812436076,2.8728963878669367e-06,-1.476587535025189,-40.54225073330342,0.3829507919875272,0.00014965859455699218,0.0686756668325723,73374.4,0.07098988556514281,0.009899999999999999,index_dividend_yield,0.065,10.97,25,73133.5,73207.3,72908.55,73051.85,mid_price,wide_quote_low_liquidity
2026-09-04T08:24:04.170768+00:00,2026-09-04T13:54:04.170768+05:30,NIFTYNXT50,29-Sep-2026,72600.0,CE,73017.55,,0,,0,0.0,,0,0,0,0,0,,,,,,,,,,,,,,,0.0686756668325723,,,,,,10.97,25,73133.5,73207.3,72908.55,73051.85,none,no_price_available
2026-09-04T08:24:04.170768+00:00,2026-09-04T13:54:04.170768+05:30,NIFTYNXT50,29-Sep-2026,72600.0,PE,73017.55,,0,,0,0.0,,0,0,0,0,0,,,,,,,,,,,,,,,0.0686756668325723,,,,,,10.97,25,73133.5,73207.3,72908.55,73051.85,none,no_price_available
2026-09-04T08:24:04.170768+00:00,2026-09-04T13:54:04.170768+05:30,NIFTYNXT50,29-Sep-2026,72700.0,CE,73017.55,590.9,50,2589.95,550,0.0,1590.425,0,0,0,0,0,,,,,,,,,,,,,,,0.0686756668325723,73374.4,0.07098988556514281,0.009899999999999999,index_dividend_yield,0.065,10.97,25,73133.5,73207.3,72908.55,73051.85,mid_price,no_nse_iv
2026-09-04T08:24:04.170768+00:00,2026-09-04T13:54:04.170768+05:30,NIFTYNXT50,29-Sep-2026,72700.0,PE,0,,0,,0,0.0,,0,0,0,0,0,,,,,,,,,,,,,,,0.0686756668325723,,,,,,10.97,25,73133.5,73207.3,72908.55,73051.85,none,no_price_available
2026-09-04T08:24:04.170768+00:00,2026-09-04T13:54:04.170768+05:30,NIFTYNXT50,29-Sep-2026,72800.0,CE,73017.55,799.95,25,1800,25,0.0,1299.975,0,0,0,0,0,,,,,,,,,,,,,,,0.0686756668325723,73374.4,0.07098988556514281,0.009899999999999999,index_dividend_yield,0.065,10.97,25,73133.5,73207.3,72908.55,73051.85,mid_price,no_nse_iv
2026-09-04T08:24:04.170768+00:00,2026-09-04T13:54:04.170768+05:30,NIFTYNXT50,29-Sep-2026,72800.0,PE,0,,0,,0,0.0,,0,0,0,0,0,,,,,,,,,,,,,,,0.0686756668325723,,,,,,10.97,25,73133.5,73207.3,72908.55,73051.85,none,no_price_available
2026-09-04T08:24:04.170768+00:00,2026-09-04T13:54:04.170768+05:30,NIFTYNXT50,29-Sep-2026,72900.0,CE,73017.55,1126.4,125,1277.45,125,0.0,1201.9250000000002,0,0,0,0,0,,,,,,,,,,,,,,,0.0686756668325723,73374.4,0.07098988556514281,0.009899999999999999,index_dividend_yield,0.065,10.97,25,73133.5,73207.3,72908.55,73051.85,mid_price,no_nse_iv
2026-09-04T08:24:04.170768+00:00,2026-09-04T13:54:04.170768+05:30,NIFTYNXT50,29-Sep-2026,72900.0,PE,73017.55,754.05,150,889.95,150,0.0,822.0,3,0,0,0,16.07,-0.44041060905377105,0.00012821486806324789,-19.143507192009384,75.44173454369059,-0.2626621027812803,-0.0005832673043618675,7.497544758386709,-7.908573765181759e-09,-0.000785139720505646,2.5893150906492086e-06,-1.4865462965953213,-31.033295065842392,0.45533519886896934,0.00012862868998740902,0.0686756668325723,73374.4,0.07098988556514281,0.009899999999999999,index_dividend_yield,0.065,10.97,25,73133.5,73207.3,72908.55,73051.85,mid_price,wide_quote_low_liquidity
2026-09-04T08:24:04.170768+00:00,2026-09-04T13:54:04.170768+05:30,NIFTYNXT50,29-Sep-2026,73000.0,CE,73017.55,1135,25,1159.95,25,1140,1147.475,6,1,67,2.242152466367713,11.52,0.5586066463944777,0.00017887574611825848,-23.31122815164175,75.45036340360674,-0.40464482125734946,-0.0010268269350881543,11.491234656240579,-1.4264636043381296e-08,-0.0015256095767914246,3.6439023125223126e-06,-1.4734395717670312,39.549186024427726,-0.5446131933568723,0.00017896176383611474,0.0686756668325723,73374.4,0.07098988556514281,0.009899999999999999,index_dividend_yield,0.065,10.97,25,73133.5,73207.3,72908.55,73051.85,mid_price,ok
2026-09-04T08:24:04.170768+00:00,2026-09-04T13:54:04.170768+05:30,NIFTYNXT50,29-Sep-2026,73000.0,PE,73017.55,785,25,999.95,50,0.0,892.475,0,0,0,0,0,,,,,,,,,,,,,,,0.0686756668325723,73374.4,0.07098988556514281,0.009899999999999999,index_dividend_yield,0.065,10.97,25,73133.5,73207.3,72908.55,73051.85,mid_price,no_nse_iv
2026-09-04T08:24:04.170768+00:00,2026-09-04T13:54:04.170768+05:30,NIFTYNXT50,29-Sep-2026,73100.0,CE,73017.55,473.05,100,1200,25,0.0,836.525,0,0,0,0,0,,,,,,,,,,,,,,,0.0686756668325723,73374.4,0.07098988556514281,0.009899999999999999,index_dividend_yield,0.065,10.97,25,73133.5,73207.3,72908.55,73051.85,mid_price,no_nse_iv
2026-09-04T08:24:04.170768+00:00,2026-09-04T13:54:04.170768+05:30,NIFTYNXT50,29-Sep-2026,73100.0,PE,0,,0,,0,0.0,,0,0,0,0,0,,,,,,,,,,,,,,,0.0686756668325723,,,,,,10.97,25,73133.5,73207.3,72908.55,73051.85,none,no_price_available
2026-09-04T08:24:04.170768+00:00,2026-09-04T13:54:04.170768+05:30,NIFTYNXT50,29-Sep-2026,73200.0,CE,73017.55,445.2,100,1200,25,0.0,822.6,0,0,0,0,0,,,,,,,,,,,,,,,0.0686756668325723,73374.4,0.07098988556514281,0.009899999999999999,index_dividend_yield,0.065,10.97,25,73133.5,73207.3,72908.55,73051.85,mid_price,no_nse_iv
2026-09-04T08:24:04.170768+00:00,2026-09-04T13:54:04.170768+05:30,NIFTYNXT50,29-Sep-2026,73200.0,PE,0,,0,,0,0.0,,0,0,0,0,0,,,,,,,,,,,,,,,0.0686756668325723,,,,,,10.97,25,73133.5,73207.3,72908.55,73051.85,none,no_price_available
2026-09-04T08:24:04.170768+00:00,2026-09-04T13:54:04.170768+05:30,NIFTYNXT50,29-Sep-2026,73300.0,CE,73017.55,417.2,50,1199.95,25,0.0,808.575,0,0,0,0,0,,,,,,,,,,,,,,,0.0686756668325723,73374.4,0.07098988556514281,0.009899999999999999,index_dividend_yield,0.065,10.97,25,73133.5,73207.3,72908.55,73051.85,mid_price,no_nse_iv
2026-09-04T08:24:04.170768+00:00,2026-09-04T13:54:04.170768+05:30,NIFTYNXT50,29-Sep-2026,73300.0,PE,73017.55,946.1,25,1010.95,25,1015,978.5250000000001,22,17,48,-6.859371415462262,14.85,-0.4926895128758599,0.00014027918973867086,-16.96022613570236,76.27410158115596,0.05752452244597861,-0.0017302466273486081,-0.19246892272661853,-2.7458681776647652e-09,-0.0009450378328719385,2.813177512223455e-06,-1.5136944215454662,-31.678762461166265,0.5062837571898825,0.00013920018513157456,0.0686756668325723,73374.4,0.07098988556514281,0.009899999999999999,index_dividend_yield,0.065,10.97,25,73133.5,73207.3,72908.55,73051.85,mid_price,ok
2026-09-04T08:24:04.170768+00:00,2026-09-04T13:54:04.170768+05:30,NIFTYNXT50,29-Sep-2026,73400.0,CE,73017.55,555.3,50,1179.95,25,0.0,867.625,0,0,0,0,0,,,,,,,,,,,,,,,0.0686756668325723,73374.4,0.07098988556514281,0.009899999999999999,index_dividend_yield,0.065,10.97,25,73133.5,73207.3,72908.55,73051.85,mid_price,no_nse_iv
2026-09-04T08:24:04.170768+00:00,2026-09-04T13:54:04.170768+05:30,NIFTYNXT50,29-Sep-2026,73400.0,PE,73017.55,960,25,1159.6,50,0.0,1059.8,3,0,0,0,16.06,-0.504911890266972,0.00012971878430087145,-18.64247013970708,76.27914374978974,0.13716887732279082,-0.001883231873080371,0.34580181819876543,-1.1994655360797843e-09,-0.0008071566451794336,2.5836053600493186e-06,-1.524251565407454,-28.81985977375697,0.5197093478466902,0.00012837050908650076,0.0686756668325723,73374.4,0.07098988556514281,0.009899999999999999,index_dividend_yield,0.065,10.97,25,73133.5,73207.3,72908.55,73051.85,mid_price,wide_quote_low_liquidity
2026-09-04T08:24:04.170768+00:00,2026-09-04T13:54:04.170768+05:30,NIFTYNXT50,29-Sep-2026,73500.0,CE,73017.55,825,25,925,25,0.0,875.0,8,0,0,0,9.43,0.4594585219798339,0.00021981575477559196,-19.22981057006576,75.89757630884768,0.5288656662275626,-0.003405743500681901,10.223408887732433,9.166805432396272e-09,-0.0023016706137102103,4.2001565155501885e-06,-1.5780090389412036,53.881604630221545,-0.4479714461741218,0.00021693950831808844,0.0686756668325723,73374.4,0.07098988556514281,0.009899999999999999,index_dividend_yield,0.065,10.97,25,73133.5,73207.3,72908.55,73051.85,mid_price,ok
2026-09-04T08:24:04.170768+00:00,2026-09-04T13:54:04.170768+05:30,NIFTYNXT50,29-Sep-2026,73500.0,PE,73017.55,869.45,25,1267.35,25,0.0,1068.4,0,0,0,0,0,,,,,,,,,,,,,,,0.0686756668325723,73374.4,0.07098988556514281,0.009899999999999999,index_dividend_yield,0.065,10.97,25,73133.5,73207.3,72908.55,73051.85,mid_price,no_nse_iv
2026-09-04T08:24:04.170768+00:00,2026-09-04T13:54:04.170768+05:30,NIFTYNXT50,29-Sep-2026,73600.0,CE,73017.55,350.25,50,900.4,25,0.0,625.325,0,0,0,0,0,,,,,,,,,,,,,,,0.0686756668325723,73374.4,0.07098988556514281,0.009899999999999999,index_dividend_yield,0.065,10.97,25,73133.5,73207.3,72908.55,73051.85,mid_price,no_nse_iv
2026-09-04T08:24:04.170768+00:00,2026-09-04T13:54:04.170768+05:30,NIFTYNXT50,29-Sep-2026,73600.0,PE,73017.55,525.25,50,1699.9,50,0.0,1112.575,0,0,0,0,0,,,,,,,,,,,,,,,0.0686756668325723,73374.4,0.07098988556514281,0.009899999999999999,index_dividend_yield,0.065,10.97,25,73133.5,73207.3,72908.55,73051.85,mid_price,no_nse_iv
2026-09-04T08:24:04.170768+00:00,2026-09-04T13:54:04.170768+05:30,NIFTYNXT50,29-Sep-2026,73700.0,CE,73017.55,321.05,50,873.05,25,0.0,597.05,1,0,0,0,13,0.4420687007574035,0.00015859133041236804,-24.30414054471826,75.4883952633647,0.5433288091796773,-0.003145489116454847,15.072393314625288,7.017606042794129e-09,-0.001188335654522422,2.984347748463689e-06,-1.5913699052641588,40.0719705768755,-0.4270455016001176,0.00015566786896526702,0.0686756668325723,73374.4,0.07098988556514281,0.009899999999999999,index_dividend_yield,0.065,10.97,25,73133.5,73207.3,72908.55,73051.85,mid_price,wide_quote_low_liquidity
2026-09-04T08:24:04.170768+00:00,2026-09-04T13:54:04.170768+05:30,NIFTYNXT50,29-Sep-2026,73700.0,PE,73017.55,,0,,0,0.0,,0,0,0,0,0,,,,,,,,,,,,,,,0.0686756668325723,,,,,,10.97,25,73133.5,73207.3,72908.55,73051.85,none,no_price_available
2026-09-04T08:24:04.170768+00:00,2026-09-04T13:54:04.170768+05:30,NIFTYNXT50,29-Sep-2026,73800.0,CE,73017.55,300.05,25,846.25,25,0.0,573.15,0,0,0,0,0,,,,,,,,,,,,,,,0.0686756668325723,73374.4,0.07098988556514281,0.009899999999999999,index_dividend_yield,0.065,10.97,25,73133.5,73207.3,72908.55,73051.85,mid_price,no_nse_iv
2026-09-04T08:24:04.170768+00:00,2026-09-04T13:54:04.170768+05:30,NIFTYNXT50,29-Sep-2026,73800.0,PE,73017.55,584.1,50,2617.65,50,0.0,1600.875,0,0,0,0,0,,,,,,,,,,,,,,,0.0686756668325723,73374.4,0.07098988556514281,0.009899999999999999,index_dividend_yield,0.065,10.97,25,73133.5,73207.3,72908.55,73051.85,mid_price,no_nse_iv
2026-09-04T08:24:04.170768+00:00,2026-09-04T13:54:04.170768+05:30,NIFTYNXT50,29-Sep-2026,73900.0,CE,73017.55,,0,820.05,25,0.0,,0,0,0,0,0,,,,,,,,,,,,,,,0.0686756668325723,,,,,,10.97,25,73133.5,73207.3,72908.55,73051.85,none,no_price_available
2026-09-04T08:24:04.170768+00:00,2026-09-04T13:54:04.170768+05:30,NIFTYNXT50,29-Sep-2026,73900.0,PE,73017.55,616.4,50,2701.45,50,0.0,1658.925,0,0,0,0,0,,,,,,,,,,,,,,,0.0686756668325723,73374.4,0.07098988556514281,0.009899999999999999,index_dividend_yield,0.065,10.97,25,73133.5,73207.3,72908.55,73051.85,mid_price,no_nse_iv
2026-09-04T08:24:04.170768+00:00,2026-09-04T13:54:04.170768+05:30,NIFTYNXT50,29-Sep-2026,74000.0,CE,73017.55,602.05,25,649.35,50,666,625.7,20,1,4,2.6194144838212634,11.44,0.38007654808669905,0.00017386524250443829,-20.706615252753643,72.82763276438698,1.1131923706243219,-0.004446971525108867,64.88790653564536,2.1548501335658682e-08,-0.0013649778487160847,2.853054387401004e-06,-1.710564852129366,48.68510457985904,-0.36732733019292446,0.0001692792961592312,0.0686756668325723,73374.4,0.07098988556514281,0.009899999999999999,index_dividend_yield,0.065,10.97,25,73133.5,73207.3,72908.55,73051.85,mid_price,ok
2026-09-04T08:24:04.170768+00:00,2026-09-04T13:54:04.170768+05:30,NIFTYNXT50,29-Sep-2026,74000.0,PE,73017.55,1140.35,25,1564.4,25,0.0,1352.375,0,0,0,0,0,,,,,,,,,,,,,,,0.0686756668325723,73374.4,0.07098988556514281,0.009899999999999999,index_dividend_yield,0.065,10.97,25,73133.5,73207.3,72908.55,73051.85,mid_price,no_nse_iv
2026-09-04T08:24:04.170768+00:00,2026-09-04T13:54:04.170768+05:30,NIFTYNXT50,29-Sep-2026,74100.0,CE,73017.55,239.2,50,769.35,50,0.0,504.275,0,0,0,0,0,,,,,,,,,,,,,,,0.0686756668325723,73374.4,0.07098988556514281,0.009899999999999999,index_dividend_yield,0.065,10.97,25,73133.5,73207.3,72908.55,73051.85,mid_price,no_nse_iv
2026-09-04T08:24:04.170768+00:00,2026-09-04T13:54:04.170768+05:30,NIFTYNXT50,29-Sep-2026,74100.0,PE,73017.55,684.5,50,2153.4,550,0.0,1418.95,0,0,0,0,0,,,,,,,,,,,,,,,0.0686756668325723,73374.4,0.07098988556514281,0.009899999999999999,index_dividend_yield,0.065,10.97,25,73133.5,73207.3,72908.55,73051.85,mid_price,no_nse_iv
2026-09-04T08:24:04.170768+00:00,2026-09-04T13:54:04.170768+05:30,NIFTYNXT50,29-Sep-2026,74200.0,CE,73017.55,,0,744.8,25,0.0,,0,0,0,0,0,,,,,,,,,,,,,,,0.0686756668325723,,,,,,10.97,25,73133.5,73207.3,72908.55,73051.85,none,no_price_available
2026-09-04T08:24:04.170768+00:00,2026-09-04T13:54:04.170768+05:30,NIFTYNXT50,29-Sep-2026,74200.0,PE,73017.55,720.05,50,2210,550,0.0,1465.025,0,0,0,0,0,,,,,,,,,,,,,,,0.0686756668325723,73374.4,0.07098988556514281,0.009899999999999999,index_dividend_yield,0.065,10.97,25,73133.5,73207.3,72908.55,73051.85,mid_price,no_nse_iv
2026-09-04T08:24:04.170768+00:00,2026-09-04T13:54:04.170768+05:30,NIFTYNXT50,29-Sep-2026,74300.0,CE,73017.55,,0,720.85,25,0.0,,0,0,0,0,0,,,,,,,,,,,,,,,0.0686756668325723,,,,,,10.97,25,73133.5,73207.3,72908.55,73051.85,none,no_price_available
2026-09-04T08:24:04.170768+00:00,2026-09-04T13:54:04.170768+05:30,NIFTYNXT50,29-Sep-2026,74300.0,PE,73017.55,756.75,50,2292.35,550,0.0,1524.55,0,0,0,0,0,,,,,,,,,,,,,,,0.0686756668325723,73374.4,0.07098988556514281,0.009899999999999999,index_dividend_yield,0.065,10.97,25,73133.5,73207.3,72908.55,73051.85,mid_price,no_nse_iv
2026-09-04T08:24:04.170768+00:00,2026-09-04T13:54:04.170768+05:30,NIFTYNXT50,29-Sep-2026,74400.0,CE,73017.55,186.45,50,697.45,25,0.0,441.95000000000005,0,0,0,0,0,,,,,,,,,,,,,,,0.0686756668325723,73374.4,0.07098988556514281,0.009899999999999999,index_dividend_yield,0.065,10.97,25,73133.5,73207.3,72908.55,73051.85,mid_price,no_nse_iv
2026-09-04T08:24:04.170768+00:00,2026-09-04T13:54:04.170768+05:30,NIFTYNXT50,29-Sep-2026,74400.0,PE,73017.55,794.45,50,2405.05,550,0.0,1599.75,0,0,0,0,0,,,,,,,,,,,,,,,0.0686756668325723,73374.4,0.07098988556514281,0.009899999999999999,index_dividend_yield,0.065,10.97,25,73133.5,73207.3,72908.55,73051.85,mid_price,no_nse_iv
2026-09-04T08:24:04.170768+00:00,2026-09-04T13:54:04.170768+05:30,NIFTYNXT50,29-Sep-2026,74500.0,CE,73017.55,463.05,25,501,25,450,482.025,18,7,22,0.066711140760507,10.97,0.2898822876593869,0.000162981090525257,-17.45291580981791,65.46380514470503,1.8148353872521616,-0.00576041591108456,192.10731041136597,4.018528827420968e-08,-0.001007451223100861,1.73536683044972e-06,-1.9145995959133444,56.307577368678004,-0.27906826816015406,0.00015655941409052404,0.0686756668325723,73374.4,0.07098988556514281,0.009899999999999999,index_dividend_yield,0.065,10.97,25,73133.5,73207.3,72908.55,73051.85,mid_price,ok
2026-09-04T08:24:04.170768+00:00,2026-09-04T13:54:04.170768+05:30,NIFTYNXT50,29-Sep-2026,74500.0,PE,73017.55,1600.6,100,1776.55,100,1344,1688.5749999999998,15,0,2,-16,10.12,-0.7258973213302824,0.00017176226760327686,-4.575331784150397,63.64520299985542,2.065639145769349,-0.006083283985284127,237.9413412565512,5.0266013968959134e-08,-0.0010551330306583166,1.54585874234637e-06,-1.9662241072988351,-34.841540802900745,0.7318726139745441,0.00016499460085930368,0.0686756668325723,73374.4,0.07098988556514281,0.009899999999999999,index_dividend_yield,0.065,10.97,25,73133.5,73207.3,72908.55,73051.85,mid_price,ok
2026-09-04T08:24:04.170768+00:00,2026-09-04T13:54:04.170768+05:30,NIFTYNXT50,29-Sep-2026,74600.0,CE,73017.55,,0,652.3,25,0.0,,0,0,0,0,0,,,,,,,,,,,,,,,0.0686756668325723,,,,,,10.97,25,73133.5,73207.3,72908.55,73051.85,none,no_price_available
2026-09-04T08:24:04.170768+00:00,2026-09-04T13:54:04.170768+05:30,NIFTYNXT50,29-Sep-2026,74600.0,PE,73017.55,873,50,2409.6,550,0.0,1641.3,0,0,0,0,0,,,,,,,,,,,,,,,0.0686756668325723,73374.4,0.07098988556514281,0.009899999999999999,index_dividend_yield,0.065,10.97,25,73133.5,73207.3,72908.55,73051.85,mid_price,no_nse_iv
2026-09-04T08:24:04.170768+00:00,2026-09-04T13:54:04.170768+05:30,NIFTYNXT50,29-Sep-2026,74700.0,CE,73017.55,,0,630.55,25,0.0,,0,0,0,0,0,,,,,,,,,,,,,,,0.0686756668325723,,,,,,10.97,25,73133.5,73207.3,72908.55,73051.85,none,no_price_available
2026-09-04T08:24:04.170768+00:00,2026-09-04T13:54:04.170768+05:30,NIFTYNXT50,29-Sep-2026,74700.0,PE,73017.55,913.9,50,2650.35,25,0.0,1782.125,0,0,0,0,0,,,,,,,,,,,,,,,0.0686756668325723,73374.4,0.07098988556514281,0.009899999999999999,index_dividend_yield,0.065,10.97,25,73133.5,73207.3,72908.55,73051.85,mid_price,no_nse_iv
2026-09-04T08:24:04.170768+00:00,2026-09-04T13:54:04.170768+05:30,NIFTYNXT50,29-Sep-2026,74800.0,CE,73017.55,,0,609.3,25,0.0,,0,0,0,0,0,,,,,,,,,,,,,,,0.0686756668325723,,,,,,10.97,25,73133.5,73207.3,72908.55,73051.85,none,no_price_available
2026-09-04T08:24:04.170768+00:00,2026-09-04T13:54:04.170768+05:30,NIFTYNXT50,29-Sep-2026,74800.0,PE,73017.55,955.95,50,2627.4,550,0.0,1791.6750000000002,0,0,0,0,0,,,,,,,,,,,,,,,0.0686756668325723,73374.4,0.07098988556514281,0.009899999999999999,index_dividend_yield,0.065,10.97,25,73133.5,73207.3,72908.55,73051.85,mid_price,no_nse_iv
2026-09-04T08:24:04.170768+00:00,2026-09-04T13:54:04.170768+05:30,NIFTYNXT50,29-Sep-2026,74900.0,CE,73017.55,,0,588.65,25,0.0,,0,0,0,0,0,,,,,,,,,,,,,,,0.0686756668325723,,,,,,10.97,25,73133.5,73207.3,72908.55,73051.85,none,no_price_available
2026-09-04T08:24:04.170768+00:00,2026-09-04T13:54:04.170768+05:30,NIFTYNXT50,29-Sep-2026,74900.0,PE,73017.55,999.05,50,2830.7,25,0.0,1914.875,0,0,0,0,0,,,,,,,,,,,,,,,0.0686756668325723,73374.4,0.07098988556514281,0.009899999999999999,index_dividend_yield,0.065,10.97,25,73133.5,73207.3,72908.55,73051.85,mid_price,no_nse_iv
2026-09-04T08:24:04.170768+00:00,2026-09-04T13:54:04.170768+05:30,NIFTYNXT50,29-Sep-2026,75000.0,CE,73017.55,,0,559.4,100,0.0,,8,0,0,0,10.76,,,,,,,,,,,,,,,0.0686756668325723,,,,,,10.97,25,73133.5,73207.3,72908.55,73051.85,none,no_price_available
2026-09-04T08:24:04.170768+00:00,2026-09-04T13:54:04.170768+05:30,NIFTYNXT50,29-Sep-2026,75000.0,PE,73017.55,1043.1,50,2913.05,25,0.0,1978.075,0,0,0,0,0,,,,,,,,,,,,,,,0.0686756668325723,,,,,,10.97,25,73133.5,73207.3,72908.55,73051.85,mid_price,no_price_available
2026-09-04T08:24:04.170768+00:00,2026-09-04T13:54:04.170768+05:30,NIFTYNXT50,29-Sep-2026,75100.0,CE,73017.55,,0,548.8,25,0.0,,0,0,0,0,0,,,,,,,,,,,,,,,0.0686756668325723,,,,,,10.97,25,73133.5,73207.3,72908.55,73051.85,none,no_price_available
2026-09-04T08:24:04.170768+00:00,2026-09-04T13:54:04.170768+05:30,NIFTYNXT50,29-Sep-2026,75100.0,PE,73017.55,1088.5,50,2997.9,550,0.0,2043.2,0,0,0,0,0,,,,,,,,,,,,,,,0.0686756668325723,,,,,,10.97,25,73133.5,73207.3,72908.55,73051.85,mid_price,no_price_available
2026-09-04T08:24:04.170768+00:00,2026-09-04T13:54:04.170768+05:30,NIFTYNXT50,29-Sep-2026,75200.0,CE,73017.55,,0,529.65,25,0.0,,0,0,0,0,0,,,,,,,,,,,,,,,0.0686756668325723,,,,,,10.97,25,73133.5,73207.3,72908.55,73051.85,none,no_price_available
2026-09-04T08:24:04.170768+00:00,2026-09-04T13:54:04.170768+05:30,NIFTYNXT50,29-Sep-2026,75200.0,PE,73017.55,1134.95,50,3049.95,550,0.0,2092.45,0,0,0,0,0,,,,,,,,,,,,,,,0.0686756668325723,,,,,,10.97,25,73133.5,73207.3,72908.55,73051.85,mid_price,no_price_available
2026-09-04T08:24:04.170768+00:00,2026-09-04T13:54:04.170768+05:30,NIFTYNXT50,29-Sep-2026,75300.0,CE,73017.55,,0,,0,0.0,,0,0,0,0,0,,,,,,,,,,,,,,,0.0686756668325723,,,,,,10.97,25,73133.5,73207.3,72908.55,73051.85,none,no_price_available
2026-09-04T08:24:04.170768+00:00,2026-09-04T13:54:04.170768+05:30,NIFTYNXT50,29-Sep-2026,75300.0,PE,73017.55,1182.2,50,3353.25,550,0.0,2267.725,0,0,0,0,0,,,,,,,,,,,,,,,0.0686756668325723,,,,,,10.97,25,73133.5,73207.3,72908.55,73051.85,mid_price,no_price_available
2026-09-04T08:24:04.170768+00:00,2026-09-04T13:54:04.170768+05:30,NIFTYNXT50,29-Sep-2026,75400.0,CE,73017.55,,0,,0,0.0,,0,0,0,0,0,,,,,,,,,,,,,,,0.0686756668325723,,,,,,10.97,25,73133.5,73207.3,72908.55,73051.85,none,no_price_available
2026-09-04T08:24:04.170768+00:00,2026-09-04T13:54:04.170768+05:30,NIFTYNXT50,29-Sep-2026,75400.0,PE,73017.55,1230.65,50,3700.35,550,0.0,2465.5,0,0,0,0,0,,,,,,,,,,,,,,,0.0686756668325723,73374.4,0.07098988556514281,0.009899999999999999,index_dividend_yield,0.065,10.97,25,73133.5,73207.3,72908.55,73051.85,mid_price,no_nse_iv
2026-09-04T08:24:04.170768+00:00,2026-09-04T13:54:04.170768+05:30,NIFTYNXT50,29-Sep-2026,75500.0,CE,73017.55,48.5,50,485.6,100,0.0,267.05,0,0,0,0,0,,,,,,,,,,,,,,,0.0686756668325723,73374.4,0.07098988556514281,0.009899999999999999,index_dividend_yield,0.065,10.97,25,73133.5,73207.3,72908.55,73051.85,mid_price,no_nse_iv
2026-09-04T08:24:04.170768+00:00,2026-09-04T13:54:04.170768+05:30,NIFTYNXT50,29-Sep-2026,75500.0,PE,73017.55,1280.3,50,3345.4,25,0.0,2312.85,0,0,0,0,0,,,,,,,,,,,,,,,0.0686756668325723,,,,,,10.97,25,73133.5,73207.3,72908.55,73051.85,mid_price,no_price_available
2026-09-04T08:24:04.170768+00:00,2026-09-04T13:54:04.170768+05:30,NIFTYNXT50,29-Sep-2026,75600.0,CE,73017.55,,0,999,25,0.0,,0,0,0,0,0,,,,,,,,,,,,,,,0.0686756668325723,,,,,,10.97,25,73133.5,73207.3,72908.55,73051.85,none,no_price_available
2026-09-04T08:24:04.170768+00:00,2026-09-04T13:54:04.170768+05:30,NIFTYNXT50,29-Sep-2026,75600.0,PE,73017.55,1330.85,50,3657.3,550,0.0,2494.075,0,0,0,0,0,,,,,,,,,,,,,,,0.0686756668325723,,,,,,10.97,25,73133.5,73207.3,72908.55,73051.85,mid_price,no_price_available
2026-09-04T08:24:04.170768+00:00,2026-09-04T13:54:04.170768+05:30,NIFTYNXT50,29-Sep-2026,75700.0,CE,73017.55,,0,999,25,0.0,,0,0,0,0,0,,,,,,,,,,,,,,,0.0686756668325723,,,,,,10.97,25,73133.5,73207.3,72908.55,73051.85,none,no_price_available
2026-09-04T08:24:04.170768+00:00,2026-09-04T13:54:04.170768+05:30,NIFTYNXT50,29-Sep-2026,75700.0,PE,73017.55,1382.65,50,3762.25,25,0.0,2572.45,0,0,0,0,0,,,,,,,,,,,,,,,0.0686756668325723,,,,,,10.97,25,73133.5,73207.3,72908.55,73051.85,mid_price,no_price_available
2026-09-04T08:24:04.170768+00:00,2026-09-04T13:54:04.170768+05:30,NIFTYNXT50,29-Sep-2026,75800.0,CE,73017.55,,0,,0,0.0,,0,0,0,0,0,,,,,,,,,,,,,,,0.0686756668325723,,,,,,10.97,25,73133.5,73207.3,72908.55,73051.85,none,no_price_available
2026-09-04T08:24:04.170768+00:00,2026-09-04T13:54:04.170768+05:30,NIFTYNXT50,29-Sep-2026,75800.0,PE,73017.55,1435.4,50,4070.3,550,0.0,2752.8500000000004,0,0,0,0,0,,,,,,,,,,,,,,,0.0686756668325723,,,,,,10.97,25,73133.5,73207.3,72908.55,73051.85,mid_price,no_price_available
2026-09-04T08:24:04.170768+00:00,2026-09-04T13:54:04.170768+05:30,NIFTYNXT50,29-Sep-2026,75900.0,CE,73017.55,,0,,0,0.0,,0,0,0,0,0,,,,,,,,,,,,,,,0.0686756668325723,,,,,,10.97,25,73133.5,73207.3,72908.55,73051.85,none,no_price_available
2026-09-04T08:24:04.170768+00:00,2026-09-04T13:54:04.170768+05:30,NIFTYNXT50,29-Sep-2026,75900.0,PE,73017.55,1489.3,50,4173.4,550,0.0,2831.35,0,0,0,0,0,,,,,,,,,,,,,,,0.0686756668325723,,,,,,10.97,25,73133.5,73207.3,72908.55,73051.85,mid_price,no_price_available
2026-09-04T08:24:04.170768+00:00,2026-09-04T13:54:04.170768+05:30,NIFTYNXT50,29-Sep-2026,76000.0,CE,73017.55,,0,405,25,0.0,,0,0,0,0,0,,,,,,,,,,,,,,,0.0686756668325723,,,,,,10.97,25,73133.5,73207.3,72908.55,73051.85,none,no_price_available
2026-09-04T08:24:04.170768+00:00,2026-09-04T13:54:04.170768+05:30,NIFTYNXT50,29-Sep-2026,76000.0,PE,73017.55,1544.1,50,3745.9,550,0.0,2645.0,0,0,0,0,0,,,,,,,,,,,,,,,0.0686756668325723,,,,,,10.97,25,73133.5,73207.3,72908.55,73051.85,mid_price,no_price_available
2026-09-04T08:24:04.170768+00:00,2026-09-04T13:54:04.170768+05:30,NIFTYNXT50,29-Sep-2026,76100.0,CE,73017.55,,0,,0,0.0,,0,0,0,0,0,,,,,,,,,,,,,,,0.0686756668325723,,,,,,10.97,25,73133.5,73207.3,72908.55,73051.85,none,no_price_available
2026-09-04T08:24:04.170768+00:00,2026-09-04T13:54:04.170768+05:30,NIFTYNXT50,29-Sep-2026,76100.0,PE,73017.55,1603.25,50,4058.2,550,0.0,2830.725,0,0,0,0,0,,,,,,,,,,,,,,,0.0686756668325723,,,,,,10.97,25,73133.5,73207.3,72908.55,73051.85,mid_price,no_price_available
2026-09-04T08:24:04.170768+00:00,2026-09-04T13:54:04.170768+05:30,NIFTYNXT50,29-Sep-2026,76200.0,CE,73017.55,0.95,50,839.4,50,0.0,420.175,0,0,0,0,0,,,,,,,,,,,,,,,0.0686756668325723,73374.4,0.07098988556514281,0.009899999999999999,index_dividend_yield,0.065,10.97,25,73133.5,73207.3,72908.55,73051.85,mid_price,no_nse_iv
2026-09-04T08:24:04.170768+00:00,2026-09-04T13:54:04.170768+05:30,NIFTYNXT50,29-Sep-2026,76200.0,PE,73017.55,1660.6,50,4394.1,550,0.0,3027.3500000000004,0,0,0,0,0,,,,,,,,,,,,,,,0.0686756668325723,,,,,,10.97,25,73133.5,73207.3,72908.55,73051.85,mid_price,no_price_available
2026-09-04T08:24:04.170768+00:00,2026-09-04T13:54:04.170768+05:30,NIFTYNXT50,29-Sep-2026,76300.0,CE,73017.55,,0,,0,0.0,,0,0,0,0,0,,,,,,,,,,,,,,,0.0686756668325723,,,,,,10.97,25,73133.5,73207.3,72908.55,73051.85,none,no_price_available
2026-09-04T08:24:04.170768+00:00,2026-09-04T13:54:04.170768+05:30,NIFTYNXT50,29-Sep-2026,76300.0,PE,73017.55,1715.5,50,4267.1,550,0.0,2991.3,0,0,0,0,0,,,,,,,,,,,,,,,0.0686756668325723,,,,,,10.97,25,73133.5,73207.3,72908.55,73051.85,mid_price,no_price_available
2026-09-04T08:24:04.170768+00:00,2026-09-04T13:54:04.170768+05:30,NIFTYNXT50,29-Sep-2026,76400.0,CE,73017.55,,0,,0,0.0,,0,0,0,0,0,,,,,,,,,,,,,,,0.0686756668325723,,,,,,10.97,25,73133.5,73207.3,72908.55,73051.85,none,no_price_available
2026-09-04T08:24:04.170768+00:00,2026-09-04T13:54:04.170768+05:30,NIFTYNXT50,29-Sep-2026,76400.0,PE,73017.55,1774.55,50,4370.8,25,0.0,3072.675,0,0,0,0,0,,,,,,,,,,,,,,,0.0686756668325723,,,,,,10.97,25,73133.5,73207.3,72908.55,73051.85,mid_price,no_price_available
2026-09-04T08:24:04.170768+00:00,2026-09-04T13:54:04.170768+05:30,NIFTYNXT50,29-Sep-2026,76500.0,CE,73017.55,,0,443,25,0.0,,0,0,0,0,0,,,,,,,,,,,,,,,0.0686756668325723,,,,,,10.97,25,73133.5,73207.3,72908.55,73051.85,none,no_price_available
2026-09-04T08:24:04.170768+00:00,2026-09-04T13:54:04.170768+05:30,NIFTYNXT50,29-Sep-2026,76500.0,PE,73017.55,1834.45,50,4310.45,25,0.0,3072.45,0,0,0,0,0,,,,,,,,,,,,,,,0.0686756668325723,,,,,,10.97,25,73133.5,73207.3,72908.55,73051.85,mid_price,no_price_available
2026-09-04T08:24:04.170768+00:00,2026-09-04T13:54:04.170768+05:30,NIFTYNXT50,29-Sep-2026,76600.0,CE,73017.55,,0,352.75,125,600,,1,1,1,-65.74755951361534,21.92,0.229731274999127,7.232477906655767e-05,-27.81572663206019,58.04770634120659,1.1025353073882276,-0.005612325086433695,155.95554557129532,1.172048852188664e-08,-0.00013563329074088392,4.543029002162e-07,-1.9510363261262926,30.795229882363962,-0.2118760657786804,6.571796244150904e-05,0.0686756668325723,73374.4,0.07098988556514281,0.009899999999999999,index_dividend_yield,0.065,10.97,25,73133.5,73207.3,72908.55,73051.85,ltp,ok
2026-09-04T08:24:04.170768+00:00,2026-09-04T13:54:04.170768+05:30,NIFTYNXT50,29-Sep-2026,76600.0,PE,73017.55,1895.55,50,4326.6,25,0.0,3111.0750000000003,0,0,0,0,0,,,,,,,,,,,,,,,0.0686756668325723,,,,,,10.97,25,73133.5,73207.3,72908.55,73051.85,mid_price,no_price_available
2026-09-04T08:24:04.170768+00:00,2026-09-04T13:54:04.170768+05:30,NIFTYNXT50,29-Sep-2026,76700.0,CE,73017.55,0.25,75,196.85,25,249.3,98.55,6,6,6,-85.5226480836237,15.81,0.14098114740770631,7.390660021802674e-05,-15.00798632727333,42.783123984073875,1.5795485343752107,-0.005792342832196845,325.0721380246055,2.514365884202573e-08,9.410920653814991e-05,-5.848104720284719e-07,-2.0450166615626912,48.152750055718336,-0.13142526618099176,6.698028795490323e-05,0.0686756668325723,73374.4,0.07098988556514281,0.009899999999999999,index_dividend_yield,0.065,10.97,25,73133.5,73207.3,72908.55,73051.85,mid_price,wide_quote_low_liquidity
2026-09-04T08:24:04.170768+00:00,2026-09-04T13:54:04.170768+05:30,NIFTYNXT50,29-Sep-2026,76700.0,PE,73017.55,1957.55,50,4262.8,25,0.0,3110.175,0,0,0,0,0,,,,,,,,,,,,,,,0.0686756668325723,,,,,,10.97,25,73133.5,73207.3,72908.55,73051.85,mid_price,no_price_available
2026-09-04T08:24:04.170768+00:00,2026-09-04T13:54:04.170768+05:30,NIFTYNXT50,29-Sep-2026,76800.0,CE,73017.55,,0,498.95,50,0.0,,0,0,0,0,0,,,,,,,,,,,,,,,0.0686756668325723,,,,,,10.97,25,73133.5,73207.3,72908.55,73051.85,none,no_price_available
2026-09-04T08:24:04.170768+00:00,2026-09-04T13:54:04.170768+05:30,NIFTYNXT50,29-Sep-2026,76800.0,PE,73017.55,2020.5,50,4704.5,25,0.0,3362.5,0,0,0,0,0,,,,,,,,,,,,,,,0.0686756668325723,,,,,,10.97,25,73133.5,73207.3,72908.55,73051.85,mid_price,no_price_available
2026-09-04T08:24:04.170768+00:00,2026-09-04T13:54:04.170768+05:30,NIFTYNXT50,29-Sep-2026,76900.0,CE,73017.55,,0,499,25,0.0,,0,0,0,0,0,,,,,,,,,,,,,,,0.0686756668325723,,,,,,10.97,25,73133.5,73207.3,72908.55,73051.85,none,no_price_available
2026-09-04T08:24:04.170768+00:00,2026-09-04T13:54:04.170768+05:30,NIFTYNXT50,29-Sep-2026,76900.0,PE,73017.55,2084.5,50,4895.35,25,0.0,3489.925,0,0,0,0,0,,,,,,,,,,,,,,,0.0686756668325723,,,,,,10.97,25,73133.5,73207.3,72908.55,73051.85,mid_price,no_price_available
2026-09-04T08:24:04.170768+00:00,2026-09-04T13:54:04.170768+05:30,NIFTYNXT50,29-Sep-2026,77000.0,CE,73017.55,,0,368.95,25,0.0,,0,0,0,0,0,,,,,,,,,,,,,,,0.0686756668325723,,,,,,10.97,25,73133.5,73207.3,72908.55,73051.85,none,no_price_available
2026-09-04T08:24:04.170768+00:00,2026-09-04T13:54:04.170768+05:30,NIFTYNXT50,29-Sep-2026,77000.0,PE,73017.55,,0,4764.85,550,0.0,,0,0,0,0,0,,,,,,,,,,,,,,,0.0686756668325723,,,,,,10.97,25,73133.5,73207.3,72908.55,73051.85,none,no_price_available
2026-09-04T08:24:04.170768+00:00,2026-09-04T13:54:04.170768+05:30,NIFTYNXT50,29-Sep-2026,77100.0,CE,73017.55,,0,550,25,0.0,,0,0,0,0,0,,,,,,,,,,,,,,,0.0686756668325723,,,,,,10.97,25,73133.5,73207.3,72908.55,73051.85,none,no_price_available
2026-09-04T08:24:04.170768+00:00,2026-09-04T13:54:04.170768+05:30,NIFTYNXT50,29-Sep-2026,77100.0,PE,73017.55,,0,4855.15,550,0.0,,0,0,0,0,0,,,,,,,,,,,,,,,0.0686756668325723,,,,,,10.97,25,73133.5,73207.3,72908.55,73051.85,none,no_price_available
2026-09-04T08:24:04.170768+00:00,2026-09-04T13:54:04.170768+05:30,NIFTYNXT50,29-Sep-2026,77200.0,CE,73017.55,,0,560,25,0.0,,0,0,0,0,0,,,,,,,,,,,,,,,0.0686756668325723,,,,,,10.97,25,73133.5,73207.3,72908.55,73051.85,none,no_price_available
2026-09-04T08:24:04.170768+00:00,2026-09-04T13:54:04.170768+05:30,NIFTYNXT50,29-Sep-2026,77200.0,PE,73017.55,,0,,0,0.0,,0,0,0,0,0,,,,,,,,,,,,,,,0.0686756668325723,,,,,,10.97,25,73133.5,73207.3,72908.55,73051.85,none,no_price_available
2026-09-04T08:24:04.170768+00:00,2026-09-04T13:54:04.170768+05:30,NIFTYNXT50,29-Sep-2026,77300.0,CE,0,,0,,0,0.0,,0,0,0,0,0,,,,,,,,,,,,,,,0.0686756668325723,,,,,,10.97,25,73133.5,73207.3,72908.55,73051.85,none,no_price_available
2026-09-04T08:24:04.170768+00:00,2026-09-04T13:54:04.170768+05:30,NIFTYNXT50,29-Sep-2026,77300.0,PE,73017.55,,0,5478.95,550,0.0,,0,0,0,0,0,,,,,,,,,,,,,,,0.0686756668325723,,,,,,10.97,25,73133.5,73207.3,72908.55,73051.85,none,no_price_available
2026-09-04T08:24:04.170768+00:00,2026-09-04T13:54:04.170768+05:30,NIFTYNXT50,29-Sep-2026,77400.0,CE,0,,0,,0,0.0,,0,0,0,0,0,,,,,,,,,,,,,,,0.0686756668325723,,,,,,10.97,25,73133.5,73207.3,72908.55,73051.85,none,no_price_available
2026-09-04T08:24:04.170768+00:00,2026-09-04T13:54:04.170768+05:30,NIFTYNXT50,29-Sep-2026,77400.0,PE,73017.55,,0,,0,0.0,,0,0,0,0,0,,,,,,,,,,,,,,,0.0686756668325723,,,,,,10.97,25,73133.5,73207.3,72908.55,73051.85,none,no_price_available
2026-09-04T08:24:04.170768+00:00,2026-09-04T13:54:04.170768+05:30,NIFTYNXT50,29-Sep-2026,77500.0,CE,73017.55,1,75,398,25,0.0,199.5,0,0,0,0,0,,,,,,,,,,,,,,,0.0686756668325723,73374.4,0.07098988556514281,0.009899999999999999,index_dividend_yield,0.065,10.97,25,73133.5,73207.3,72908.55,73051.85,mid_price,no_nse_iv
2026-09-04T08:24:04.170768+00:00,2026-09-04T13:54:04.170768+05:30,NIFTYNXT50,29-Sep-2026,77500.0,PE,73017.55,,0,5288.7,550,0.0,,0,0,0,0,0,,,,,,,,,,,,,,,0.0686756668325723,,,,,,10.97,25,73133.5,73207.3,72908.55,73051.85,none,no_price_available
2026-09-04T08:24:04.170768+00:00,2026-09-04T13:54:04.170768+05:30,NIFTYNXT50,29-Sep-2026,77600.0,CE,73017.55,2.05,25,208,50,0.0,105.025,10,0,0,0,10,0.015177509737150752,1.999035467440615e-05,-1.6254728870613362,7.319440724653383,0.8381660572845646,-0.0018916469104452507,347.2340723629439,2.2539247621467356e-08,0.0007484304583909036,-1.7415981869185125e-06,-0.9296761621056113,108.37030763836967,-0.014149462642148433,1.7699115790528317e-05,0.0686756668325723,73374.4,0.07098988556514281,0.009899999999999999,index_dividend_yield,0.065,10.97,25,73133.5,73207.3,72908.55,73051.85,mid_price,wide_quote_low_liquidity
2026-09-04T08:24:04.170768+00:00,2026-09-04T13:54:04.170768+05:30,NIFTYNXT50,29-Sep-2026,77600.0,PE,73017.55,,0,5193.5,550,0.0,,0,0,0,0,0,,,,,,,,,,,,,,,0.0686756668325723,,,,,,10.97,25,73133.5,73207.3,72908.55,73051.85,none,no_price_available
2026-09-04T08:24:04.170768+00:00,2026-09-04T13:54:04.170768+05:30,NIFTYNXT50,29-Sep-2026,77700.0,CE,73017.55,0.1,100,405,25,0.0,202.55,0,0,0,0,0,,,,,,,,,,,,,,,0.0686756668325723,73374.4,0.07098988556514281,0.009899999999999999,index_dividend_yield,0.065,10.97,25,73133.5,73207.3,72908.55,73051.85,mid_price,no_nse_iv
2026-09-04T08:24:04.170768+00:00,2026-09-04T13:54:04.170768+05:30,NIFTYNXT50,29-Sep-2026,77700.0,PE,73017.55,,0,5740.3,550,0.0,,0,0,0,0,0,,,,,,,,,,,,,,,0.0686756668325723,,,,,,10.97,25,73133.5,73207.3,72908.55,73051.85,none,no_price_available
2026-09-04T08:24:04.170768+00:00,2026-09-04T13:54:04.170768+05:30,NIFTYNXT50,29-Sep-2026,77800.0,CE,73017.55,,0,410,25,0.0,,0,0,0,0,0,,,,,,,,,,,,,,,0.0686756668325723,,,,,,10.97,25,73133.5,73207.3,72908.55,73051.85,none,no_price_available
2026-09-04T08:24:04.170768+00:00,2026-09-04T13:54:04.170768+05:30,NIFTYNXT50,29-Sep-2026,77800.0,PE,73017.55,,0,5666.9,550,0.0,,0,0,0,0,0,,,,,,,,,,,,,,,0.0686756668325723,,,,,,10.97,25,73133.5,73207.3,72908.55,73051.85,none,no_price_available
2026-09-04T08:24:04.170768+00:00,2026-09-04T13:54:04.170768+05:30,NIFTYNXT50,29-Sep-2026,77900.0,CE,73017.55,,0,409,25,0.0,,0,0,0,0,0,,,,,,,,,,,,,,,0.0686756668325723,,,,,,10.97,25,73133.5,73207.3,72908.55,73051.85,none,no_price_available
2026-09-04T08:24:04.170768+00:00,2026-09-04T13:54:04.170768+05:30,NIFTYNXT50,29-Sep-2026,77900.0,PE,73017.55,,0,5768.2,550,0.0,,0,0,0,0,0,,,,,,,,,,,,,,,0.0686756668325723,,,,,,10.97,25,73133.5,73207.3,72908.55,73051.85,none,no_price_available
2026-09-04T08:24:04.170768+00:00,2026-09-04T13:54:04.170768+05:30,NIFTYNXT50,29-Sep-2026,78000.0,CE,73017.55,,0,460,25,0.0,,0,0,0,0,0,,,,,,,,,,,,,,,0.0686756668325723,,,,,,10.97,25,73133.5,73207.3,72908.55,73051.85,none,no_price_available
2026-09-04T08:24:04.170768+00:00,2026-09-04T13:54:04.170768+05:30,NIFTYNXT50,29-Sep-2026,78000.0,PE,73017.55,,0,,0,0.0,,0,0,0,0,0,,,,,,,,,,,,,,,0.0686756668325723,,,,,,10.97,25,73133.5,73207.3,72908.55,73051.85,none,no_price_available
2026-09-04T08:24:04.170768+00:00,2026-09-04T13:54:04.170768+05:30,NIFTYNXT50,29-Sep-2026,78100.0,CE,73017.55,,0,378,25,0.0,,0,0,0,0,0,,,,,,,,,,,,,,,0.0686756668325723,,,,,,10.97,25,73133.5,73207.3,72908.55,73051.85,none,no_price_available
2026-09-04T08:24:04.170768+00:00,2026-09-04T13:54:04.170768+05:30,NIFTYNXT50,29-Sep-2026,78100.0,PE,73017.55,,0,6138.35,550,0.0,,0,0,0,0,0,,,,,,,,,,,,,,,0.0686756668325723,,,,,,10.97,25,73133.5,73207.3,72908.55,73051.85,none,no_price_available
2026-09-04T08:24:04.170768+00:00,2026-09-04T13:54:04.170768+05:30,NIFTYNXT50,29-Sep-2026,78200.0,CE,0,,0,,0,0.0,,0,0,0,0,0,,,,,,,,,,,,,,,0.0686756668325723,,,,,,10.97,25,73133.5,73207.3,72908.55,73051.85,none,no_price_available
2026-09-04T08:24:04.170768+00:00,2026-09-04T13:54:04.170768+05:30,NIFTYNXT50,29-Sep-2026,78200.0,PE,73017.55,,0,5856.05,550,0.0,,0,0,0,0,0,,,,,,,,,,,,,,,0.0686756668325723,,,,,,10.97,25,73133.5,73207.3,72908.55,73051.85,none,no_price_available
2026-09-04T08:24:04.170768+00:00,2026-09-04T13:54:04.170768+05:30,NIFTYNXT50,29-Sep-2026,78300.0,CE,0,,0,,0,0.0,,0,0,0,0,0,,,,,,,,,,,,,,,0.0686756668325723,,,,,,10.97,25,73133.5,73207.3,72908.55,73051.85,none,no_price_available
2026-09-04T08:24:04.170768+00:00,2026-09-04T13:54:04.170768+05:30,NIFTYNXT50,29-Sep-2026,78300.0,PE,73017.55,,0,5961.6,550,0.0,,0,0,0,0,0,,,,,,,,,,,,,,,0.0686756668325723,,,,,,10.97,25,73133.5,73207.3,72908.55,73051.85,none,no_price_available
2026-09-04T08:24:04.170768+00:00,2026-09-04T13:54:04.170768+05:30,NIFTYNXT50,29-Sep-2026,78400.0,CE,0,,0,,0,0.0,,0,0,0,0,0,,,,,,,,,,,,,,,0.0686756668325723,,,,,,10.97,25,73133.5,73207.3,72908.55,73051.85,none,no_price_available
2026-09-04T08:24:04.170768+00:00,2026-09-04T13:54:04.170768+05:30,NIFTYNXT50,29-Sep-2026,78400.0,PE,73017.55,,0,6070.2,550,0.0,,0,0,0,0,0,,,,,,,,,,,,,,,0.0686756668325723,,,,,,10.97,25,73133.5,73207.3,72908.55,73051.85,none,no_price_available
2026-09-04T08:24:04.170768+00:00,2026-09-04T13:54:04.170768+05:30,NIFTYNXT50,29-Sep-2026,78500.0,CE,0,,0,,0,0.0,,0,0,0,0,0,,,,,,,,,,,,,,,0.0686756668325723,,,,,,10.97,25,73133.5,73207.3,72908.55,73051.85,none,no_price_available
2026-09-04T08:24:04.170768+00:00,2026-09-04T13:54:04.170768+05:30,NIFTYNXT50,29-Sep-2026,78500.0,PE,73017.55,,0,6174.95,550,0.0,,0,0,0,0,0,,,,,,,,,,,,,,,0.0686756668325723,,,,,,10.97,25,73133.5,73207.3,72908.55,73051.85,none,no_price_available
2026-09-04T08:24:04.170768+00:00,2026-09-04T13:54:04.170768+05:30,NIFTYNXT50,29-Sep-2026,78600.0,CE,0,,0,,0,0.0,,0,0,0,0,0,,,,,,,,,,,,,,,0.0686756668325723,,,,,,10.97,25,73133.5,73207.3,72908.55,73051.85,none,no_price_available
2026-09-04T08:24:04.170768+00:00,2026-09-04T13:54:04.170768+05:30,NIFTYNXT50,29-Sep-2026,78600.0,PE,73017.55,,0,6282.65,550,0.0,,0,0,0,0,0,,,,,,,,,,,,,,,0.0686756668325723,,,,,,10.97,25,73133.5,73207.3,72908.55,73051.85,none,no_price_available
2026-09-04T08:24:04.170768+00:00,2026-09-04T13:54:04.170768+05:30,NIFTYNXT50,29-Sep-2026,78700.0,CE,0,,0,,0,0.0,,0,0,0,0,0,,,,,,,,,,,,,,,0.0686756668325723,,,,,,10.97,25,73133.5,73207.3,72908.55,73051.85,none,no_price_available
2026-09-04T08:24:04.170768+00:00,2026-09-04T13:54:04.170768+05:30,NIFTYNXT50,29-Sep-2026,78700.0,PE,73017.55,,0,6390,550,0.0,,0,0,0,0,0,,,,,,,,,,,,,,,0.0686756668325723,,,,,,10.97,25,73133.5,73207.3,72908.55,73051.85,none,no_price_available
2026-09-04T08:24:04.170768+00:00,2026-09-04T13:54:04.170768+05:30,NIFTYNXT50,29-Sep-2026,78800.0,CE,0,,0,,0,0.0,,0,0,0,0,0,,,,,,,,,,,,,,,0.0686756668325723,,,,,,10.97,25,73133.5,73207.3,72908.55,73051.85,none,no_price_available
2026-09-04T08:24:04.170768+00:00,2026-09-04T13:54:04.170768+05:30,NIFTYNXT50,29-Sep-2026,78800.0,PE,73017.55,,0,6495.2,550,0.0,,0,0,0,0,0,,,,,,,,,,,,,,,0.0686756668325723,,,,,,10.97,25,73133.5,73207.3,72908.55,73051.85,none,no_price_available
2026-09-04T08:24:04.170768+00:00,2026-09-04T13:54:04.170768+05:30,NIFTYNXT50,29-Sep-2026,78900.0,CE,0,,0,,0,0.0,,0,0,0,0,0,,,,,,,,,,,,,,,0.0686756668325723,,,,,,10.97,25,73133.5,73207.3,72908.55,73051.85,none,no_price_available
2026-09-04T08:24:04.170768+00:00,2026-09-04T13:54:04.170768+05:30,NIFTYNXT50,29-Sep-2026,78900.0,PE,73017.55,,0,6603.4,550,0.0,,0,0,0,0,0,,,,,,,,,,,,,,,0.0686756668325723,,,,,,10.97,25,73133.5,73207.3,72908.55,73051.85,none,no_price_available
2026-09-04T08:24:04.170768+00:00,2026-09-04T13:54:04.170768+05:30,NIFTYNXT50,29-Sep-2026,79000.0,CE,0,,0,,0,0.0,,0,0,0,0,0,,,,,,,,,,,,,,,0.0686756668325723,,,,,,10.97,25,73133.5,73207.3,72908.55,73051.85,none,no_price_available
2026-09-04T08:24:04.170768+00:00,2026-09-04T13:54:04.170768+05:30,NIFTYNXT50,29-Sep-2026,79000.0,PE,73017.55,,0,6709.6,550,0.0,,0,0,0,0,0,,,,,,,,,,,,,,,0.0686756668325723,,,,,,10.97,25,73133.5,73207.3,72908.55,73051.85,none,no_price_available
2026-09-04T08:24:04.170768+00:00,2026-09-04T13:54:04.170768+05:30,NIFTYNXT50,29-Sep-2026,79100.0,CE,0,,0,,0,0.0,,0,0,0,0,0,,,,,,,,,,,,,,,0.0686756668325723,,,,,,10.97,25,73133.5,73207.3,72908.55,73051.85,none,no_price_available
2026-09-04T08:24:04.170768+00:00,2026-09-04T13:54:04.170768+05:30,NIFTYNXT50,29-Sep-2026,79100.0,PE,73017.55,,0,6816.25,550,0.0,,0,0,0,0,0,,,,,,,,,,,,,,,0.0686756668325723,,,,,,10.97,25,73133.5,73207.3,72908.55,73051.85,none,no_price_available
2026-09-04T08:24:04.170768+00:00,2026-09-04T13:54:04.170768+05:30,NIFTYNXT50,29-Sep-2026,79200.0,CE,0,,0,,0,0.0,,0,0,0,0,0,,,,,,,,,,,,,,,0.0686756668325723,,,,,,10.97,25,73133.5,73207.3,72908.55,73051.85,none,no_price_available
2026-09-04T08:24:04.170768+00:00,2026-09-04T13:54:04.170768+05:30,NIFTYNXT50,29-Sep-2026,79200.0,PE,73017.55,,0,6923.75,550,0.0,,0,0,0,0,0,,,,,,,,,,,,,,,0.0686756668325723,,,,,,10.97,25,73133.5,73207.3,72908.55,73051.85,none,no_price_available
2026-09-04T08:24:04.170768+00:00,2026-09-04T13:54:04.170768+05:30,NIFTYNXT50,29-Sep-2026,79300.0,CE,0,,0,,0,0.0,,0,0,0,0,0,,,,,,,,,,,,,,,0.0686756668325723,,,,,,10.97,25,73133.5,73207.3,72908.55,73051.85,none,no_price_available
2026-09-04T08:24:04.170768+00:00,2026-09-04T13:54:04.170768+05:30,NIFTYNXT50,29-Sep-2026,79300.0,PE,73017.55,,0,7030.65,550,0.0,,0,0,0,0,0,,,,,,,,,,,,,,,0.0686756668325723,,,,,,10.97,25,73133.5,73207.3,72908.55,73051.85,none,no_price_available
2026-09-04T08:24:04.170768+00:00,2026-09-04T13:54:04.170768+05:30,NIFTYNXT50,29-Sep-2026,79400.0,CE,0,,0,,0,0.0,,0,0,0,0,0,,,,,,,,,,,,,,,0.0686756668325723,,,,,,10.97,25,73133.5,73207.3,72908.55,73051.85,none,no_price_available
2026-09-04T08:24:04.170768+00:00,2026-09-04T13:54:04.170768+05:30,NIFTYNXT50,29-Sep-2026,79400.0,PE,73017.55,,0,7137.3,550,0.0,,0,0,0,0,0,,,,,,,,,,,,,,,0.0686756668325723,,,,,,10.97,25,73133.5,73207.3,72908.55,73051.85,none,no_price_available
2026-09-04T08:24:04.170768+00:00,2026-09-04T13:54:04.170768+05:30,NIFTYNXT50,29-Sep-2026,79500.0,CE,0,,0,,0,0.0,,0,0,0,0,0,,,,,,,,,,,,,,,0.0686756668325723,,,,,,10.97,25,73133.5,73207.3,72908.55,73051.85,none,no_price_available
2026-09-04T08:24:04.170768+00:00,2026-09-04T13:54:04.170768+05:30,NIFTYNXT50,29-Sep-2026,79500.0,PE,73017.55,,0,7241.95,550,0.0,,0,0,0,0,0,,,,,,,,,,,,,,,0.0686756668325723,,,,,,10.97,25,73133.5,73207.3,72908.55,73051.85,none,no_price_available
2026-09-04T08:24:04.170768+00:00,2026-09-04T13:54:04.170768+05:30,NIFTYNXT50,29-Sep-2026,79600.0,CE,0,,0,,0,0.0,,0,0,0,0,0,,,,,,,,,,,,,,,0.0686756668325723,,,,,,10.97,25,73133.5,73207.3,72908.55,73051.85,none,no_price_available
2026-09-04T08:24:04.170768+00:00,2026-09-04T13:54:04.170768+05:30,NIFTYNXT50,29-Sep-2026,79600.0,PE,73017.55,,0,7350.15,550,0.0,,0,0,0,0,0,,,,,,,,,,,,,,,0.0686756668325723,,,,,,10.97,25,73133.5,73207.3,72908.55,73051.85,none,no_price_available
2026-09-04T08:24:04.170768+00:00,2026-09-04T13:54:04.170768+05:30,NIFTYNXT50,29-Sep-2026,79700.0,CE,0,,0,,0,0.0,,0,0,0,0,0,,,,,,,,,,,,,,,0.0686756668325723,,,,,,10.97,25,73133.5,73207.3,72908.55,73051.85,none,no_price_available
2026-09-04T08:24:04.170768+00:00,2026-09-04T13:54:04.170768+05:30,NIFTYNXT50,29-Sep-2026,79700.0,PE,73017.55,,0,7455.3,550,0.0,,0,0,0,0,0,,,,,,,,,,,,,,,0.0686756668325723,,,,,,10.97,25,73133.5,73207.3,72908.55,73051.85,none,no_price_available
2026-09-04T08:24:04.170768+00:00,2026-09-04T13:54:04.170768+05:30,NIFTYNXT50,29-Sep-2026,79800.0,CE,0,,0,,0,0.0,,0,0,0,0,0,,,,,,,,,,,,,,,0.0686756668325723,,,,,,10.97,25,73133.5,73207.3,72908.55,73051.85,none,no_price_available
2026-09-04T08:24:04.170768+00:00,2026-09-04T13:54:04.170768+05:30,NIFTYNXT50,29-Sep-2026,79800.0,PE,73017.55,,0,7562,550,0.0,,0,0,0,0,0,,,,,,,,,,,,,,,0.0686756668325723,,,,,,10.97,25,73133.5,73207.3,72908.55,73051.85,none,no_price_available
2026-09-04T08:24:04.170768+00:00,2026-09-04T13:54:04.170768+05:30,NIFTYNXT50,29-Sep-2026,79900.0,CE,0,,0,,0,0.0,,0,0,0,0,0,,,,,,,,,,,,,,,0.0686756668325723,,,,,,10.97,25,73133.5,73207.3,72908.55,73051.85,none,no_price_available
2026-09-04T08:24:04.170768+00:00,2026-09-04T13:54:04.170768+05:30,NIFTYNXT50,29-Sep-2026,79900.0,PE,73017.55,,0,7670.55,550,0.0,,0,0,0,0,0,,,,,,,,,,,,,,,0.0686756668325723,,,,,,10.97,25,73133.5,73207.3,72908.55,73051.85,none,no_price_available
2026-09-04T08:24:04.170768+00:00,2026-09-04T13:54:04.170768+05:30,NIFTYNXT50,29-Sep-2026,80000.0,CE,0,,0,,0,0.0,,0,0,0,0,0,,,,,,,,,,,,,,,0.0686756668325723,,,,,,10.97,25,73133.5,73207.3,72908.55,73051.85,none,no_price_available
2026-09-04T08:24:04.170768+00:00,2026-09-04T13:54:04.170768+05:30,NIFTYNXT50,29-Sep-2026,80000.0,PE,73017.55,,0,7775.35,550,0.0,,0,0,0,0,0,,,,,,,,,,,,,,,0.0686756668325723,,,,,,10.97,25,73133.5,73207.3,72908.55,73051.85,none,no_price_available
2026-09-04T08:24:04.170768+00:00,2026-09-04T13:54:04.170768+05:30,NIFTYNXT50,29-Sep-2026,80100.0,CE,0,,0,,0,0.0,,0,0,0,0,0,,,,,,,,,,,,,,,0.0686756668325723,,,,,,10.97,25,73133.5,73207.3,72908.55,73051.85,none,no_price_available
2026-09-04T08:24:04.170768+00:00,2026-09-04T13:54:04.170768+05:30,NIFTYNXT50,29-Sep-2026,80100.0,PE,73017.55,,0,7882.05,550,0.0,,0,0,0,0,0,,,,,,,,,,,,,,,0.0686756668325723,,,,,,10.97,25,73133.5,73207.3,72908.55,73051.85,none,no_price_available
2026-09-04T08:24:04.170768+00:00,2026-09-04T13:54:04.170768+05:30,NIFTYNXT50,29-Sep-2026,80200.0,CE,0,,0,,0,0.0,,0,0,0,0,0,,,,,,,,,,,,,,,0.0686756668325723,,,,,,10.97,25,73133.5,73207.3,72908.55,73051.85,none,no_price_available
2026-09-04T08:24:04.170768+00:00,2026-09-04T13:54:04.170768+05:30,NIFTYNXT50,29-Sep-2026,80200.0,PE,73017.55,,0,7989.75,550,0.0,,0,0,0,0,0,,,,,,,,,,,,,,,0.0686756668325723,,,,,,10.97,25,73133.5,73207.3,72908.55,73051.85,none,no_price_available
2026-09-04T08:24:04.170768+00:00,2026-09-04T13:54:04.170768+05:30,NIFTYNXT50,29-Sep-2026,80300.0,CE,0,,0,,0,0.0,,0,0,0,0,0,,,,,,,,,,,,,,,0.0686756668325723,,,,,,10.97,25,73133.5,73207.3,72908.55,73051.85,none,no_price_available
2026-09-04T08:24:04.170768+00:00,2026-09-04T13:54:04.170768+05:30,NIFTYNXT50,29-Sep-2026,80300.0,PE,73017.55,,0,8097.45,550,0.0,,0,0,0,0,0,,,,,,,,,,,,,,,0.0686756668325723,,,,,,10.97,25,73133.5,73207.3,72908.55,73051.85,none,no_price_available
2026-09-04T08:24:04.170768+00:00,2026-09-04T13:54:04.170768+05:30,NIFTYNXT50,29-Sep-2026,80400.0,CE,0,,0,,0,0.0,,0,0,0,0,0,,,,,,,,,,,,,,,0.0686756668325723,,,,,,10.97,25,73133.5,73207.3,72908.55,73051.85,none,no_price_available
2026-09-04T08:24:04.170768+00:00,2026-09-04T13:54:04.170768+05:30,NIFTYNXT50,29-Sep-2026,80400.0,PE,73017.55,,0,8204,550,0.0,,0,0,0,0,0,,,,,,,,,,,,,,,0.0686756668325723,,,,,,10.97,25,73133.5,73207.3,72908.55,73051.85,none,no_price_available
2026-09-04T08:24:04.170768+00:00,2026-09-04T13:54:04.170768+05:30,NIFTYNXT50,29-Sep-2026,80500.0,CE,0,,0,,0,0.0,,0,0,0,0,0,,,,,,,,,,,,,,,0.0686756668325723,,,,,,10.97,25,73133.5,73207.3,72908.55,73051.85,none,no_price_available
2026-09-04T08:24:04.170768+00:00,2026-09-04T13:54:04.170768+05:30,NIFTYNXT50,29-Sep-2026,80500.0,PE,73017.55,,0,8310.25,550,0.0,,0,0,0,0,0,,,,,,,,,,,,,,,0.0686756668325723,,,,,,10.97,25,73133.5,73207.3,72908.55,73051.85,none,no_price_available
2026-09-04T08:24:04.170768+00:00,2026-09-04T13:54:04.170768+05:30,NIFTYNXT50,29-Sep-2026,80600.0,CE,0,,0,,0,0.0,,0,0,0,0,0,,,,,,,,,,,,,,,0.0686756668325723,,,,,,10.97,25,73133.5,73207.3,72908.55,73051.85,none,no_price_available
2026-09-04T08:24:04.170768+00:00,2026-09-04T13:54:04.170768+05:30,NIFTYNXT50,29-Sep-2026,80600.0,PE,73017.55,,0,8417.55,550,0.0,,0,0,0,0,0,,,,,,,,,,,,,,,0.0686756668325723,,,,,,10.97,25,73133.5,73207.3,72908.55,73051.85,none,no_price_available
2026-09-04T08:24:04.170768+00:00,2026-09-04T13:54:04.170768+05:30,NIFTYNXT50,29-Sep-2026,80700.0,CE,0,,0,,0,0.0,,0,0,0,0,0,,,,,,,,,,,,,,,0.0686756668325723,,,,,,10.97,25,73133.5,73207.3,72908.55,73051.85,none,no_price_available
2026-09-04T08:24:04.170768+00:00,2026-09-04T13:54:04.170768+05:30,NIFTYNXT50,29-Sep-2026,80700.0,PE,73017.55,,0,8523.7,550,0.0,,0,0,0,0,0,,,,,,,,,,,,,,,0.0686756668325723,,,,,,10.97,25,73133.5,73207.3,72908.55,73051.85,none,no_price_available
2026-09-04T08:24:04.170768+00:00,2026-09-04T13:54:04.170768+05:30,NIFTYNXT50,29-Sep-2026,80800.0,CE,0,,0,,0,0.0,,0,0,0,0,0,,,,,,,,,,,,,,,0.0686756668325723,,,,,,10.97,25,73133.5,73207.3,72908.55,73051.85,none,no_price_available
2026-09-04T08:24:04.170768+00:00,2026-09-04T13:54:04.170768+05:30,NIFTYNXT50,29-Sep-2026,80800.0,PE,73017.55,,0,8629,550,0.0,,0,0,0,0,0,,,,,,,,,,,,,,,0.0686756668325723,,,,,,10.97,25,73133.5,73207.3,72908.55,73051.85,none,no_price_available
2026-09-04T08:24:04.170768+00:00,2026-09-04T13:54:04.170768+05:30,NIFTYNXT50,29-Sep-2026,80900.0,CE,0,,0,,0,0.0,,0,0,0,0,0,,,,,,,,,,,,,,,0.0686756668325723,,,,,,10.97,25,73133.5,73207.3,72908.55,73051.85,none,no_price_available
2026-09-04T08:24:04.170768+00:00,2026-09-04T13:54:04.170768+05:30,NIFTYNXT50,29-Sep-2026,80900.0,PE,73017.55,,0,8737.3,550,0.0,,0,0,0,0,0,,,,,,,,,,,,,,,0.0686756668325723,,,,,,10.97,25,73133.5,73207.3,72908.55,73051.85,none,no_price_available
2026-09-04T08:24:04.170768+00:00,2026-09-04T13:54:04.170768+05:30,NIFTYNXT50,29-Sep-2026,81000.0,CE,0,,0,,0,0.0,,0,0,0,0,0,,,,,,,,,,,,,,,0.0686756668325723,,,,,,10.97,25,73133.5,73207.3,72908.55,73051.85,none,no_price_available
2026-09-04T08:24:04.170768+00:00,2026-09-04T13:54:04.170768+05:30,NIFTYNXT50,29-Sep-2026,81000.0,PE,73017.55,,0,8843,25,0.0,,0,0,0,0,0,,,,,,,,,,,,,,,0.0686756668325723,,,,,,10.97,25,73133.5,73207.3,72908.55,73051.85,none,no_price_available
2026-09-04T08:24:04.170768+00:00,2026-09-04T13:54:04.170768+05:30,NIFTYNXT50,29-Sep-2026,81500.0,CE,0,,0,,0,0.0,,0,0,0,0,0,,,,,,,,,,,,,,,0.0686756668325723,,,,,,10.97,25,73133.5,73207.3,72908.55,73051.85,none,no_price_available
2026-09-04T08:24:04.170768+00:00,2026-09-04T13:54:04.170768+05:30,NIFTYNXT50,29-Sep-2026,81500.0,PE,73017.55,,0,9377.75,550,0.0,,0,0,0,0,0,,,,,,,,,,,,,,,0.0686756668325723,,,,,,10.97,25,73133.5,73207.3,72908.55,73051.85,none,no_price_available
2026-09-04T08:24:04.170768+00:00,2026-09-04T13:54:04.170768+05:30,NIFTYNXT50,29-Sep-2026,82000.0,CE,0,,0,,0,0.0,,0,0,0,0,0,,,,,,,,,,,,,,,0.0686756668325723,,,,,,10.97,25,73133.5,73207.3,72908.55,73051.85,none,no_price_available
2026-09-04T08:24:04.170768+00:00,2026-09-04T13:54:04.170768+05:30,NIFTYNXT50,29-Sep-2026,82000.0,PE,73017.55,,0,9910.3,550,0.0,,0,0,0,0,0,,,,,,,,,,,,,,,0.0686756668325723,,,,,,10.97,25,73133.5,73207.3,72908.55,73051.85,none,no_price_available
2026-09-04T08:24:04.170768+00:00,2026-09-04T13:54:04.170768+05:30,NIFTYNXT50,29-Sep-2026,82500.0,CE,0,,0,,0,0.0,,0,0,0,0,0,,,,,,,,,,,,,,,0.0686756668325723,,,,,,10.97,25,73133.5,73207.3,72908.55,73051.85,none,no_price_available
2026-09-04T08:24:04.170768+00:00,2026-09-04T13:54:04.170768+05:30,NIFTYNXT50,29-Sep-2026,82500.0,PE,73017.55,,0,10442.5,25,0.0,,0,0,0,0,0,,,,,,,,,,,,,,,0.0686756668325723,,,,,,10.97,25,73133.5,73207.3,72908.55,73051.85,none,no_price_available
2026-09-04T08:24:04.170768+00:00,2026-09-04T13:54:04.170768+05:30,NIFTYNXT50,29-Sep-2026,83000.0,CE,0,,0,,0,0.0,,0,0,0,0,0,,,,,,,,,,,,,,,0.0686756668325723,,,,,,10.97,25,73133.5,73207.3,72908.55,73051.85,none,no_price_available
2026-09-04T08:24:04.170768+00:00,2026-09-04T13:54:04.170768+05:30,NIFTYNXT50,29-Sep-2026,83000.0,PE,73017.55,,0,10977.55,550,0.0,,0,0,0,0,0,,,,,,,,,,,,,,,0.0686756668325723,,,,,,10.97,25,73133.5,73207.3,72908.55,73051.85,none,no_price_available
2026-09-04T08:24:04.170768+00:00,2026-09-04T13:54:04.170768+05:30,NIFTYNXT50,29-Sep-2026,83500.0,CE,0,,0,,0,0.0,,0,0,0,0,0,,,,,,,,,,,,,,,0.0686756668325723,,,,,,10.97,25,73133.5,73207.3,72908.55,73051.85,none,no_price_available
2026-09-04T08:24:04.170768+00:00,2026-09-04T13:54:04.170768+05:30,NIFTYNXT50,29-Sep-2026,83500.0,PE,73017.55,,0,11511.05,550,0.0,,0,0,0,0,0,,,,,,,,,,,,,,,0.0686756668325723,,,,,,10.97,25,73133.5,73207.3,72908.55,73051.85,none,no_price_available
2026-09-04T08:24:04.170768+00:00,2026-09-04T13:54:04.170768+05:30,NIFTYNXT50,29-Sep-2026,84000.0,CE,0,,0,,0,0.0,,0,0,0,0,0,,,,,,,,,,,,,,,0.0686756668325723,,,,,,10.97,25,73133.5,73207.3,72908.55,73051.85,none,no_price_available
2026-09-04T08:24:04.170768+00:00,2026-09-04T13:54:04.170768+05:30,NIFTYNXT50,29-Sep-2026,84000.0,PE,73017.55,,0,12044.45,550,0.0,,0,0,0,0,0,,,,,,,,,,,,,,,0.0686756668325723,,,,,,10.97,25,73133.5,73207.3,72908.55,73051.85,none,no_price_available
2026-09-04T08:24:04.170768+00:00,2026-09-04T13:54:04.170768+05:30,NIFTYNXT50,29-Sep-2026,84500.0,CE,0,,0,,0,0.0,,0,0,0,0,0,,,,,,,,,,,,,,,0.0686756668325723,,,,,,10.97,25,73133.5,73207.3,72908.55,73051.85,none,no_price_available
2026-09-04T08:24:04.170768+00:00,2026-09-04T13:54:04.170768+05:30,NIFTYNXT50,29-Sep-2026,84500.0,PE,73017.55,,0,12578.25,550,0.0,,0,0,0,0,0,,,,,,,,,,,,,,,0.0686756668325723,,,,,,10.97,25,73133.5,73207.3,72908.55,73051.85,none,no_price_available
2026-09-04T08:24:04.170768+00:00,2026-09-04T13:54:04.170768+05:30,NIFTYNXT50,29-Sep-2026,85000.0,CE,0,,0,,0,0.0,,0,0,0,0,0,,,,,,,,,,,,,,,0.0686756668325723,,,,,,10.97,25,73133.5,73207.3,72908.55,73051.85,none,no_price_available
2026-09-04T08:24:04.170768+00:00,2026-09-04T13:54:04.170768+05:30,NIFTYNXT50,29-Sep-2026,85000.0,PE,73017.55,,0,13110.8,550,0.0,,0,0,0,0,0,,,,,,,,,,,,,,,0.0686756668325723,,,,,,10.97,25,73133.5,73207.3,72908.55,73051.85,none,no_price_available
2026-09-04T12:48:50.976079+00:00,2026-09-04T18:18:50.976079+05:30,NIFTYNXT50,29-Sep-2026,61000.0,CE,72880.9,,0,13390.05,550,0.0,,0,0,0,0,0,,,,,,,,,,,,,,,0.06817189954087392,,,,,,10.78,25,73133.5,73207.3,72871.7,73051.85,none,no_price_available
2026-09-04T12:48:50.976079+00:00,2026-09-04T18:18:50.976079+05:30,NIFTYNXT50,29-Sep-2026,61000.0,PE,0,,0,,0,0.0,,0,0,0,0,0,,,,,,,,,,,,,,,0.06817189954087392,,,,,,10.78,25,73133.5,73207.3,72871.7,73051.85,none,no_price_available
2026-09-04T12:48:50.976079+00:00,2026-09-04T18:18:50.976079+05:30,NIFTYNXT50,29-Sep-2026,61500.0,CE,72880.9,,0,12905.05,550,0.0,,0,0,0,0,0,,,,,,,,,,,,,,,0.06817189954087392,,,,,,10.78,25,73133.5,73207.3,72871.7,73051.85,none,no_price_available
2026-09-04T12:48:50.976079+00:00,2026-09-04T18:18:50.976079+05:30,NIFTYNXT50,29-Sep-2026,61500.0,PE,0,,0,,0,0.0,,0,0,0,0,0,,,,,,,,,,,,,,,0.06817189954087392,,,,,,10.78,25,73133.5,73207.3,72871.7,73051.85,none,no_price_available
2026-09-04T12:48:50.976079+00:00,2026-09-04T18:18:50.976079+05:30,NIFTYNXT50,29-Sep-2026,62000.0,CE,72880.9,,0,12322.95,550,0.0,,0,0,0,0,0,,,,,,,,,,,,,,,0.06817189954087392,,,,,,10.78,25,73133.5,73207.3,72871.7,73051.85,none,no_price_available
2026-09-04T12:48:50.976079+00:00,2026-09-04T18:18:50.976079+05:30,NIFTYNXT50,29-Sep-2026,62000.0,PE,0,,0,,0,0.0,,0,0,0,0,0,,,,,,,,,,,,,,,0.06817189954087392,,,,,,10.78,25,73133.5,73207.3,72871.7,73051.85,none,no_price_available
2026-09-04T12:48:50.976079+00:00,2026-09-04T18:18:50.976079+05:30,NIFTYNXT50,29-Sep-2026,62500.0,CE,72880.9,,0,11789.35,550,0.0,,0,0,0,0,0,,,,,,,,,,,,,,,0.06817189954087392,,,,,,10.78,25,73133.5,73207.3,72871.7,73051.85,none,no_price_available
2026-09-04T12:48:50.976079+00:00,2026-09-04T18:18:50.976079+05:30,NIFTYNXT50,29-Sep-2026,62500.0,PE,0,,0,,0,0.0,,0,0,0,0,0,,,,,,,,,,,,,,,0.06817189954087392,,,,,,10.78,25,73133.5,73207.3,72871.7,73051.85,none,no_price_available
2026-09-04T12:48:50.976079+00:00,2026-09-04T18:18:50.976079+05:30,NIFTYNXT50,29-Sep-2026,63000.0,CE,72880.9,,0,11256.25,550,0.0,,0,0,0,0,0,,,,,,,,,,,,,,,0.06817189954087392,,,,,,10.78,25,73133.5,73207.3,72871.7,73051.85,none,no_price_available
2026-09-04T12:48:50.976079+00:00,2026-09-04T18:18:50.976079+05:30,NIFTYNXT50,29-Sep-2026,63000.0,PE,0,,0,,0,0.0,,0,0,0,0,0,,,,,,,,,,,,,,,0.06817189954087392,,,,,,10.78,25,73133.5,73207.3,72871.7,73051.85,none,no_price_available
2026-09-04T12:48:50.976079+00:00,2026-09-04T18:18:50.976079+05:30,NIFTYNXT50,29-Sep-2026,63500.0,CE,72880.9,,0,10722.75,550,0.0,,0,0,0,0,0,,,,,,,,,,,,,,,0.06817189954087392,,,,,,10.78,25,73133.5,73207.3,72871.7,73051.85,none,no_price_available
2026-09-04T12:48:50.976079+00:00,2026-09-04T18:18:50.976079+05:30,NIFTYNXT50,29-Sep-2026,63500.0,PE,0,,0,,0,0.0,,0,0,0,0,0,,,,,,,,,,,,,,,0.06817189954087392,,,,,,10.78,25,73133.5,73207.3,72871.7,73051.85,none,no_price_available
2026-09-04T12:48:50.976079+00:00,2026-09-04T18:18:50.976079+05:30,NIFTYNXT50,29-Sep-2026,64000.0,CE,72880.9,,0,10189.15,550,0.0,,0,0,0,0,0,,,,,,,,,,,,,,,0.06817189954087392,,,,,,10.78,25,73133.5,73207.3,72871.7,73051.85,none,no_price_available
2026-09-04T12:48:50.976079+00:00,2026-09-04T18:18:50.976079+05:30,NIFTYNXT50,29-Sep-2026,64000.0,PE,0,,0,,0,0.0,,0,0,0,0,0,,,,,,,,,,,,,,,0.06817189954087392,,,,,,10.78,25,73133.5,73207.3,72871.7,73051.85,none,no_price_available
2026-09-04T12:48:50.976079+00:00,2026-09-04T18:18:50.976079+05:30,NIFTYNXT50,29-Sep-2026,64100.0,CE,72880.9,,0,10082.7,550,0.0,,0,0,0,0,0,,,,,,,,,,,,,,,0.06817189954087392,,,,,,10.78,25,73133.5,73207.3,72871.7,73051.85,none,no_price_available
2026-09-04T12:48:50.976079+00:00,2026-09-04T18:18:50.976079+05:30,NIFTYNXT50,29-Sep-2026,64100.0,PE,0,,0,,0,0.0,,0,0,0,0,0,,,,,,,,,,,,,,,0.06817189954087392,,,,,,10.78,25,73133.5,73207.3,72871.7,73051.85,none,no_price_available
2026-09-04T12:48:50.976079+00:00,2026-09-04T18:18:50.976079+05:30,NIFTYNXT50,29-Sep-2026,64200.0,CE,72880.9,,0,9976,550,0.0,,0,0,0,0,0,,,,,,,,,,,,,,,0.06817189954087392,,,,,,10.78,25,73133.5,73207.3,72871.7,73051.85,none,no_price_available
2026-09-04T12:48:50.976079+00:00,2026-09-04T18:18:50.976079+05:30,NIFTYNXT50,29-Sep-2026,64200.0,PE,0,,0,,0,0.0,,0,0,0,0,0,,,,,,,,,,,,,,,0.06817189954087392,,,,,,10.78,25,73133.5,73207.3,72871.7,73051.85,none,no_price_available
2026-09-04T12:48:50.976079+00:00,2026-09-04T18:18:50.976079+05:30,NIFTYNXT50,29-Sep-2026,64300.0,CE,72880.9,,0,9869.3,550,0.0,,0,0,0,0,0,,,,,,,,,,,,,,,0.06817189954087392,,,,,,10.78,25,73133.5,73207.3,72871.7,73051.85,none,no_price_available
2026-09-04T12:48:50.976079+00:00,2026-09-04T18:18:50.976079+05:30,NIFTYNXT50,29-Sep-2026,64300.0,PE,0,,0,,0,0.0,,0,0,0,0,0,,,,,,,,,,,,,,,0.06817189954087392,,,,,,10.78,25,73133.5,73207.3,72871.7,73051.85,none,no_price_available
2026-09-04T12:48:50.976079+00:00,2026-09-04T18:18:50.976079+05:30,NIFTYNXT50,29-Sep-2026,64400.0,CE,72880.9,,0,9762.75,550,0.0,,0,0,0,0,0,,,,,,,,,,,,,,,0.06817189954087392,,,,,,10.78,25,73133.5,73207.3,72871.7,73051.85,none,no_price_available
2026-09-04T12:48:50.976079+00:00,2026-09-04T18:18:50.976079+05:30,NIFTYNXT50,29-Sep-2026,64400.0,PE,0,,0,,0,0.0,,0,0,0,0,0,,,,,,,,,,,,,,,0.06817189954087392,,,,,,10.78,25,73133.5,73207.3,72871.7,73051.85,none,no_price_available
2026-09-04T12:48:50.976079+00:00,2026-09-04T18:18:50.976079+05:30,NIFTYNXT50,29-Sep-2026,64500.0,CE,72880.9,,0,9655.95,550,0.0,,0,0,0,0,0,,,,,,,,,,,,,,,0.06817189954087392,,,,,,10.78,25,73133.5,73207.3,72871.7,73051.85,none,no_price_available
2026-09-04T12:48:50.976079+00:00,2026-09-04T18:18:50.976079+05:30,NIFTYNXT50,29-Sep-2026,64500.0,PE,0,,0,,0,0.0,,0,0,0,0,0,,,,,,,,,,,,,,,0.06817189954087392,,,,,,10.78,25,73133.5,73207.3,72871.7,73051.85,none,no_price_available
2026-09-04T12:48:50.976079+00:00,2026-09-04T18:18:50.976079+05:30,NIFTYNXT50,29-Sep-2026,64600.0,CE,72880.9,,0,9549.35,25,0.0,,0,0,0,0,0,,,,,,,,,,,,,,,0.06817189954087392,,,,,,10.78,25,73133.5,73207.3,72871.7,73051.85,none,no_price_available
2026-09-04T12:48:50.976079+00:00,2026-09-04T18:18:50.976079+05:30,NIFTYNXT50,29-Sep-2026,64600.0,PE,0,,0,,0,0.0,,0,0,0,0,0,,,,,,,,,,,,,,,0.06817189954087392,,,,,,10.78,25,73133.5,73207.3,72871.7,73051.85,none,no_price_available
2026-09-04T12:48:50.976079+00:00,2026-09-04T18:18:50.976079+05:30,NIFTYNXT50,29-Sep-2026,64700.0,CE,72880.9,,0,9442.6,550,0.0,,0,0,0,0,0,,,,,,,,,,,,,,,0.06817189954087392,,,,,,10.78,25,73133.5,73207.3,72871.7,73051.85,none,no_price_available
2026-09-04T12:48:50.976079+00:00,2026-09-04T18:18:50.976079+05:30,NIFTYNXT50,29-Sep-2026,64700.0,PE,0,,0,,0,0.0,,0,0,0,0,0,,,,,,,,,,,,,,,0.06817189954087392,,,,,,10.78,25,73133.5,73207.3,72871.7,73051.85,none,no_price_available
2026-09-04T12:48:50.976079+00:00,2026-09-04T18:18:50.976079+05:30,NIFTYNXT50,29-Sep-2026,64800.0,CE,72880.9,,0,9336.1,550,0.0,,0,0,0,0,0,,,,,,,,,,,,,,,0.06817189954087392,,,,,,10.78,25,73133.5,73207.3,72871.7,73051.85,none,no_price_available
2026-09-04T12:48:50.976079+00:00,2026-09-04T18:18:50.976079+05:30,NIFTYNXT50,29-Sep-2026,64800.0,PE,0,,0,,0,0.0,,0,0,0,0,0,,,,,,,,,,,,,,,0.06817189954087392,,,,,,10.78,25,73133.5,73207.3,72871.7,73051.85,none,no_price_available
2026-09-04T12:48:50.976079+00:00,2026-09-04T18:18:50.976079+05:30,NIFTYNXT50,29-Sep-2026,64900.0,CE,72880.9,,0,9229.25,550,0.0,,0,0,0,0,0,,,,,,,,,,,,,,,0.06817189954087392,,,,,,10.78,25,73133.5,73207.3,72871.7,73051.85,none,no_price_available
2026-09-04T12:48:50.976079+00:00,2026-09-04T18:18:50.976079+05:30,NIFTYNXT50,29-Sep-2026,64900.0,PE,0,,0,,0,0.0,,0,0,0,0,0,,,,,,,,,,,,,,,0.06817189954087392,,,,,,10.78,25,73133.5,73207.3,72871.7,73051.85,none,no_price_available
2026-09-04T12:48:50.976079+00:00,2026-09-04T18:18:50.976079+05:30,NIFTYNXT50,29-Sep-2026,65000.0,CE,72880.9,,0,9122.8,25,0.0,,0,0,0,0,0,,,,,,,,,,,,,,,0.06817189954087392,,,,,,10.78,25,73133.5,73207.3,72871.7,73051.85,none,no_price_available
2026-09-04T12:48:50.976079+00:00,2026-09-04T18:18:50.976079+05:30,NIFTYNXT50,29-Sep-2026,65000.0,PE,0,,0,,0,0.0,,0,0,0,0,0,,,,,,,,,,,,,,,0.06817189954087392,,,,,,10.78,25,73133.5,73207.3,72871.7,73051.85,none,no_price_available
2026-09-04T12:48:50.976079+00:00,2026-09-04T18:18:50.976079+05:30,NIFTYNXT50,29-Sep-2026,65100.0,CE,72880.9,,0,9016.1,550,0.0,,0,0,0,0,0,,,,,,,,,,,,,,,0.06817189954087392,,,,,,10.78,25,73133.5,73207.3,72871.7,73051.85,none,no_price_available
2026-09-04T12:48:50.976079+00:00,2026-09-04T18:18:50.976079+05:30,NIFTYNXT50,29-Sep-2026,65100.0,PE,0,,0,,0,0.0,,0,0,0,0,0,,,,,,,,,,,,,,,0.06817189954087392,,,,,,10.78,25,73133.5,73207.3,72871.7,73051.85,none,no_price_available
2026-09-04T12:48:50.976079+00:00,2026-09-04T18:18:50.976079+05:30,NIFTYNXT50,29-Sep-2026,65200.0,CE,72880.9,,0,9070.9,550,0.0,,0,0,0,0,0,,,,,,,,,,,,,,,0.06817189954087392,,,,,,10.78,25,73133.5,73207.3,72871.7,73051.85,none,no_price_available
2026-09-04T12:48:50.976079+00:00,2026-09-04T18:18:50.976079+05:30,NIFTYNXT50,29-Sep-2026,65200.0,PE,0,,0,,0,0.0,,0,0,0,0,0,,,,,,,,,,,,,,,0.06817189954087392,,,,,,10.78,25,73133.5,73207.3,72871.7,73051.85,none,no_price_available
2026-09-04T12:48:50.976079+00:00,2026-09-04T18:18:50.976079+05:30,NIFTYNXT50,29-Sep-2026,65300.0,CE,72880.9,,0,8964.15,550,0.0,,0,0,0,0,0,,,,,,,,,,,,,,,0.06817189954087392,,,,,,10.78,25,73133.5,73207.3,72871.7,73051.85,none,no_price_available
2026-09-04T12:48:50.976079+00:00,2026-09-04T18:18:50.976079+05:30,NIFTYNXT50,29-Sep-2026,65300.0,PE,0,,0,,0,0.0,,0,0,0,0,0,,,,,,,,,,,,,,,0.06817189954087392,,,,,,10.78,25,73133.5,73207.3,72871.7,73051.85,none,no_price_available
2026-09-04T12:48:50.976079+00:00,2026-09-04T18:18:50.976079+05:30,NIFTYNXT50,29-Sep-2026,65400.0,CE,72880.9,,0,8857.55,550,0.0,,0,0,0,0,0,,,,,,,,,,,,,,,0.06817189954087392,,,,,,10.78,25,73133.5,73207.3,72871.7,73051.85,none,no_price_available
2026-09-04T12:48:50.976079+00:00,2026-09-04T18:18:50.976079+05:30,NIFTYNXT50,29-Sep-2026,65400.0,PE,0,,0,,0,0.0,,0,0,0,0,0,,,,,,,,,,,,,,,0.06817189954087392,,,,,,10.78,25,73133.5,73207.3,72871.7,73051.85,none,no_price_available
2026-09-04T12:48:50.976079+00:00,2026-09-04T18:18:50.976079+05:30,NIFTYNXT50,29-Sep-2026,65500.0,CE,72880.9,,0,8750.9,550,0.0,,0,0,0,0,0,,,,,,,,,,,,,,,0.06817189954087392,,,,,,10.78,25,73133.5,73207.3,72871.7,73051.85,none,no_price_available
2026-09-04T12:48:50.976079+00:00,2026-09-04T18:18:50.976079+05:30,NIFTYNXT50,29-Sep-2026,65500.0,PE,72880.9,,0,44.95,25,0.0,,0,0,0,0,0,,,,,,,,,,,,,,,0.06817189954087392,,,,,,10.78,25,73133.5,73207.3,72871.7,73051.85,none,no_price_available
2026-09-04T12:48:50.976079+00:00,2026-09-04T18:18:50.976079+05:30,NIFTYNXT50,29-Sep-2026,65600.0,CE,72880.9,,0,8648.4,550,0.0,,0,0,0,0,0,,,,,,,,,,,,,,,0.06817189954087392,,,,,,10.78,25,73133.5,73207.3,72871.7,73051.85,none,no_price_available
2026-09-04T12:48:50.976079+00:00,2026-09-04T18:18:50.976079+05:30,NIFTYNXT50,29-Sep-2026,65600.0,PE,0,,0,,0,0.0,,0,0,0,0,0,,,,,,,,,,,,,,,0.06817189954087392,,,,,,10.78,25,73133.5,73207.3,72871.7,73051.85,none,no_price_available
2026-09-04T12:48:50.976079+00:00,2026-09-04T18:18:50.976079+05:30,NIFTYNXT50,29-Sep-2026,65700.0,CE,72880.9,,0,8541.75,550,0.0,,0,0,0,0,0,,,,,,,,,,,,,,,0.06817189954087392,,,,,,10.78,25,73133.5,73207.3,72871.7,73051.85,none,no_price_available
2026-09-04T12:48:50.976079+00:00,2026-09-04T18:18:50.976079+05:30,NIFTYNXT50,29-Sep-2026,65700.0,PE,0,,0,,0,0.0,,0,0,0,0,0,,,,,,,,,,,,,,,0.06817189954087392,,,,,,10.78,25,73133.5,73207.3,72871.7,73051.85,none,no_price_available
2026-09-04T12:48:50.976079+00:00,2026-09-04T18:18:50.976079+05:30,NIFTYNXT50,29-Sep-2026,65800.0,CE,72880.9,,0,8435.05,550,0.0,,0,0,0,0,0,,,,,,,,,,,,,,,0.06817189954087392,,,,,,10.78,25,73133.5,73207.3,72871.7,73051.85,none,no_price_available
2026-09-04T12:48:50.976079+00:00,2026-09-04T18:18:50.976079+05:30,NIFTYNXT50,29-Sep-2026,65800.0,PE,0,,0,,0,0.0,,0,0,0,0,0,,,,,,,,,,,,,,,0.06817189954087392,,,,,,10.78,25,73133.5,73207.3,72871.7,73051.85,none,no_price_available
2026-09-04T12:48:50.976079+00:00,2026-09-04T18:18:50.976079+05:30,NIFTYNXT50,29-Sep-2026,65900.0,CE,72880.9,,0,8328.4,550,0.0,,0,0,0,0,0,,,,,,,,,,,,,,,0.06817189954087392,,,,,,10.78,25,73133.5,73207.3,72871.7,73051.85,none,no_price_available
2026-09-04T12:48:50.976079+00:00,2026-09-04T18:18:50.976079+05:30,NIFTYNXT50,29-Sep-2026,65900.0,PE,0,,0,,0,0.0,,0,0,0,0,0,,,,,,,,,,,,,,,0.06817189954087392,,,,,,10.78,25,73133.5,73207.3,72871.7,73051.85,none,no_price_available
2026-09-04T12:48:50.976079+00:00,2026-09-04T18:18:50.976079+05:30,NIFTYNXT50,29-Sep-2026,66000.0,CE,72880.9,,0,8221.7,550,0.0,,0,0,0,0,0,,,,,,,,,,,,,,,0.06817189954087392,,,,,,10.78,25,73133.5,73207.3,72871.7,73051.85,none,no_price_available
2026-09-04T12:48:50.976079+00:00,2026-09-04T18:18:50.976079+05:30,NIFTYNXT50,29-Sep-2026,66000.0,PE,72880.9,,0,48.9,25,0.0,,0,0,0,0,0,,,,,,,,,,,,,,,0.06817189954087392,,,,,,10.78,25,73133.5,73207.3,72871.7,73051.85,none,no_price_available
2026-09-04T12:48:50.976079+00:00,2026-09-04T18:18:50.976079+05:30,NIFTYNXT50,29-Sep-2026,66100.0,CE,72880.9,,0,8140.3,550,0.0,,0,0,0,0,0,,,,,,,,,,,,,,,0.06817189954087392,,,,,,10.78,25,73133.5,73207.3,72871.7,73051.85,none,no_price_available
2026-09-04T12:48:50.976079+00:00,2026-09-04T18:18:50.976079+05:30,NIFTYNXT50,29-Sep-2026,66100.0,PE,0,,0,,0,0.0,,0,0,0,0,0,,,,,,,,,,,,,,,0.06817189954087392,,,,,,10.78,25,73133.5,73207.3,72871.7,73051.85,none,no_price_available
2026-09-04T12:48:50.976079+00:00,2026-09-04T18:18:50.976079+05:30,NIFTYNXT50,29-Sep-2026,66200.0,CE,72880.9,,0,8033.65,550,0.0,,0,0,0,0,0,,,,,,,,,,,,,,,0.06817189954087392,,,,,,10.78,25,73133.5,73207.3,72871.7,73051.85,none,no_price_available
2026-09-04T12:48:50.976079+00:00,2026-09-04T18:18:50.976079+05:30,NIFTYNXT50,29-Sep-2026,66200.0,PE,0,,0,,0,0.0,,0,0,0,0,0,,,,,,,,,,,,,,,0.06817189954087392,,,,,,10.78,25,73133.5,73207.3,72871.7,73051.85,none,no_price_available
2026-09-04T12:48:50.976079+00:00,2026-09-04T18:18:50.976079+05:30,NIFTYNXT50,29-Sep-2026,66300.0,CE,72880.9,,0,7926.95,550,0.0,,0,0,0,0,0,,,,,,,,,,,,,,,0.06817189954087392,,,,,,10.78,25,73133.5,73207.3,72871.7,73051.85,none,no_price_available
2026-09-04T12:48:50.976079+00:00,2026-09-04T18:18:50.976079+05:30,NIFTYNXT50,29-Sep-2026,66300.0,PE,0,,0,,0,0.0,,0,0,0,0,0,,,,,,,,,,,,,,,0.06817189954087392,,,,,,10.78,25,73133.5,73207.3,72871.7,73051.85,none,no_price_available
2026-09-04T12:48:50.976079+00:00,2026-09-04T18:18:50.976079+05:30,NIFTYNXT50,29-Sep-2026,66400.0,CE,72880.9,,0,7820.25,550,0.0,,0,0,0,0,0,,,,,,,,,,,,,,,0.06817189954087392,,,,,,10.78,25,73133.5,73207.3,72871.7,73051.85,none,no_price_available
2026-09-04T12:48:50.976079+00:00,2026-09-04T18:18:50.976079+05:30,NIFTYNXT50,29-Sep-2026,66400.0,PE,0,,0,,0,0.0,,0,0,0,0,0,,,,,,,,,,,,,,,0.06817189954087392,,,,,,10.78,25,73133.5,73207.3,72871.7,73051.85,none,no_price_available
2026-09-04T12:48:50.976079+00:00,2026-09-04T18:18:50.976079+05:30,NIFTYNXT50,29-Sep-2026,66500.0,CE,72880.9,,0,7713.6,550,0.0,,0,0,0,0,0,,,,,,,,,,,,,,,0.06817189954087392,,,,,,10.78,25,73133.5,73207.3,72871.7,73051.85,none,no_price_available
2026-09-04T12:48:50.976079+00:00,2026-09-04T18:18:50.976079+05:30,NIFTYNXT50,29-Sep-2026,66500.0,PE,0,,0,,0,0.0,,0,0,0,0,0,,,,,,,,,,,,,,,0.06817189954087392,,,,,,10.78,25,73133.5,73207.3,72871.7,73051.85,none,no_price_available
2026-09-04T12:48:50.976079+00:00,2026-09-04T18:18:50.976079+05:30,NIFTYNXT50,29-Sep-2026,66600.0,CE,72880.9,,0,7606.9,550,0.0,,0,0,0,0,0,,,,,,,,,,,,,,,0.06817189954087392,,,,,,10.78,25,73133.5,73207.3,72871.7,73051.85,none,no_price_available
2026-09-04T12:48:50.976079+00:00,2026-09-04T18:18:50.976079+05:30,NIFTYNXT50,29-Sep-2026,66600.0,PE,0,,0,,0,0.0,,0,0,0,0,0,,,,,,,,,,,,,,,0.06817189954087392,,,,,,10.78,25,73133.5,73207.3,72871.7,73051.85,none,no_price_available
2026-09-04T12:48:50.976079+00:00,2026-09-04T18:18:50.976079+05:30,NIFTYNXT50,29-Sep-2026,66700.0,CE,72880.9,,0,7500.25,550,0.0,,0,0,0,0,0,,,,,,,,,,,,,,,0.06817189954087392,,,,,,10.78,25,73133.5,73207.3,72871.7,73051.85,none,no_price_available
2026-09-04T12:48:50.976079+00:00,2026-09-04T18:18:50.976079+05:30,NIFTYNXT50,29-Sep-2026,66700.0,PE,0,,0,,0,0.0,,0,0,0,0,0,,,,,,,,,,,,,,,0.06817189954087392,,,,,,10.78,25,73133.5,73207.3,72871.7,73051.85,none,no_price_available
2026-09-04T12:48:50.976079+00:00,2026-09-04T18:18:50.976079+05:30,NIFTYNXT50,29-Sep-2026,66800.0,CE,72880.9,,0,7393.55,550,0.0,,0,0,0,0,0,,,,,,,,,,,,,,,0.06817189954087392,,,,,,10.78,25,73133.5,73207.3,72871.7,73051.85,none,no_price_available
2026-09-04T12:48:50.976079+00:00,2026-09-04T18:18:50.976079+05:30,NIFTYNXT50,29-Sep-2026,66800.0,PE,0,,0,,0,0.0,,0,0,0,0,0,,,,,,,,,,,,,,,0.06817189954087392,,,,,,10.78,25,73133.5,73207.3,72871.7,73051.85,none,no_price_available
2026-09-04T12:48:50.976079+00:00,2026-09-04T18:18:50.976079+05:30,NIFTYNXT50,29-Sep-2026,66900.0,CE,72880.9,,0,7286.85,550,0.0,,0,0,0,0,0,,,,,,,,,,,,,,,0.06817189954087392,,,,,,10.78,25,73133.5,73207.3,72871.7,73051.85,none,no_price_available
2026-09-04T12:48:50.976079+00:00,2026-09-04T18:18:50.976079+05:30,NIFTYNXT50,29-Sep-2026,66900.0,PE,0,,0,,0,0.0,,0,0,0,0,0,,,,,,,,,,,,,,,0.06817189954087392,,,,,,10.78,25,73133.5,73207.3,72871.7,73051.85,none,no_price_available
2026-09-04T12:48:50.976079+00:00,2026-09-04T18:18:50.976079+05:30,NIFTYNXT50,29-Sep-2026,67000.0,CE,72880.9,,0,7180.2,550,0.0,,0,0,0,0,0,,,,,,,,,,,,,,,0.06817189954087392,,,,,,10.78,25,73133.5,73207.3,72871.7,73051.85,none,no_price_available
2026-09-04T12:48:50.976079+00:00,2026-09-04T18:18:50.976079+05:30,NIFTYNXT50,29-Sep-2026,67000.0,PE,72880.9,0.1,50,72.5,25,50,36.3,9,0,11,-95.26739233317558,19.3,-0.03839320727033433,2.26910695241596e-05,-5.717322058406279,15.857879920251051,-0.7421993822322899,0.0026275569313129396,249.88874433278062,-1.1252426696597428e-08,0.00024000220339163487,-8.100214856718036e-07,-1.203203070918951,-48.55845902969065,0.04262321606271765,2.6849290583922606e-05,0.06817189954087392,73150,0.05406223896563841,0.009899999999999999,index_dividend_yield,0.065,10.78,25,73133.5,73207.3,72871.7,73051.85,mid_price,wide_quote_low_liquidity
2026-09-04T12:48:50.976079+00:00,2026-09-04T18:18:50.976079+05:30,NIFTYNXT50,29-Sep-2026,67100.0,CE,72880.9,,0,8061.2,550,0.0,,0,0,0,0,0,,,,,,,,,,,,,,,0.06817189954087392,,,,,,10.78,25,73133.5,73207.3,72871.7,73051.85,none,no_price_available
2026-09-04T12:48:50.976079+00:00,2026-09-04T18:18:50.976079+05:30,NIFTYNXT50,29-Sep-2026,67100.0,PE,0,,0,,0,0.0,,0,0,0,0,0,,,,,,,,,,,,,,,0.06817189954087392,,,,,,10.78,25,73133.5,73207.3,72871.7,73051.85,none,no_price_available
2026-09-04T12:48:50.976079+00:00,2026-09-04T18:18:50.976079+05:30,NIFTYNXT50,29-Sep-2026,67200.0,CE,72880.9,,0,7954.5,550,0.0,,0,0,0,0,0,,,,,,,,,,,,,,,0.06817189954087392,,,,,,10.78,25,73133.5,73207.3,72871.7,73051.85,none,no_price_available
2026-09-04T12:48:50.976079+00:00,2026-09-04T18:18:50.976079+05:30,NIFTYNXT50,29-Sep-2026,67200.0,PE,0,,0,,0,0.0,,0,0,0,0,0,,,,,,,,,,,,,,,0.06817189954087392,,,,,,10.78,25,73133.5,73207.3,72871.7,73051.85,none,no_price_available
2026-09-04T12:48:50.976079+00:00,2026-09-04T18:18:50.976079+05:30,NIFTYNXT50,29-Sep-2026,67300.0,CE,72880.9,,0,7847.85,550,0.0,,0,0,0,0,0,,,,,,,,,,,,,,,0.06817189954087392,,,,,,10.78,25,73133.5,73207.3,72871.7,73051.85,none,no_price_available
2026-09-04T12:48:50.976079+00:00,2026-09-04T18:18:50.976079+05:30,NIFTYNXT50,29-Sep-2026,67300.0,PE,0,,0,,0,0.0,,0,0,0,0,0,,,,,,,,,,,,,,,0.06817189954087392,,,,,,10.78,25,73133.5,73207.3,72871.7,73051.85,none,no_price_available
2026-09-04T12:48:50.976079+00:00,2026-09-04T18:18:50.976079+05:30,NIFTYNXT50,29-Sep-2026,67400.0,CE,72880.9,,0,7741.15,550,0.0,,0,0,0,0,0,,,,,,,,,,,,,,,0.06817189954087392,,,,,,10.78,25,73133.5,73207.3,72871.7,73051.85,none,no_price_available
2026-09-04T12:48:50.976079+00:00,2026-09-04T18:18:50.976079+05:30,NIFTYNXT50,29-Sep-2026,67400.0,PE,0,,0,,0,0.0,,0,0,0,0,0,,,,,,,,,,,,,,,0.06817189954087392,,,,,,10.78,25,73133.5,73207.3,72871.7,73051.85,none,no_price_available
2026-09-04T12:48:50.976079+00:00,2026-09-04T18:18:50.976079+05:30,NIFTYNXT50,29-Sep-2026,67500.0,CE,72880.9,,0,7634.5,550,0.0,,0,0,0,0,0,,,,,,,,,,,,,,,0.06817189954087392,,,,,,10.78,25,73133.5,73207.3,72871.7,73051.85,none,no_price_available
2026-09-04T12:48:50.976079+00:00,2026-09-04T18:18:50.976079+05:30,NIFTYNXT50,29-Sep-2026,67500.0,PE,72880.9,1.05,100,75.4,25,0.0,38.225,0,0,0,0,0,,,,,,,,,,,,,,,0.06817189954087392,73150,0.05406223896563841,0.009899999999999999,index_dividend_yield,0.065,10.78,25,73133.5,73207.3,72871.7,73051.85,mid_price,no_nse_iv
2026-09-04T12:48:50.976079+00:00,2026-09-04T18:18:50.976079+05:30,NIFTYNXT50,29-Sep-2026,67600.0,CE,72880.9,,0,7527.8,550,0.0,,0,0,0,0,0,,,,,,,,,,,,,,,0.06817189954087392,,,,,,10.78,25,73133.5,73207.3,72871.7,73051.85,none,no_price_available
2026-09-04T12:48:50.976079+00:00,2026-09-04T18:18:50.976079+05:30,NIFTYNXT50,29-Sep-2026,67600.0,PE,0,,0,,0,0.0,,0,0,0,0,0,,,,,,,,,,,,,,,0.06817189954087392,,,,,,10.78,25,73133.5,73207.3,72871.7,73051.85,none,no_price_available
2026-09-04T12:48:50.976079+00:00,2026-09-04T18:18:50.976079+05:30,NIFTYNXT50,29-Sep-2026,67700.0,CE,72880.9,,0,7421.1,550,0.0,,0,0,0,0,0,,,,,,,,,,,,,,,0.06817189954087392,,,,,,10.78,25,73133.5,73207.3,72871.7,73051.85,none,no_price_available
2026-09-04T12:48:50.976079+00:00,2026-09-04T18:18:50.976079+05:30,NIFTYNXT50,29-Sep-2026,67700.0,PE,0,,0,,0,0.0,,0,0,0,0,0,,,,,,,,,,,,,,,0.06817189954087392,,,,,,10.78,25,73133.5,73207.3,72871.7,73051.85,none,no_price_available
2026-09-04T12:48:50.976079+00:00,2026-09-04T18:18:50.976079+05:30,NIFTYNXT50,29-Sep-2026,67800.0,CE,72880.9,,0,7314.45,550,0.0,,0,0,0,0,0,,,,,,,,,,,,,,,0.06817189954087392,,,,,,10.78,25,73133.5,73207.3,72871.7,73051.85,none,no_price_available
2026-09-04T12:48:50.976079+00:00,2026-09-04T18:18:50.976079+05:30,NIFTYNXT50,29-Sep-2026,67800.0,PE,0,,0,,0,0.0,,0,0,0,0,0,,,,,,,,,,,,,,,0.06817189954087392,,,,,,10.78,25,73133.5,73207.3,72871.7,73051.85,none,no_price_available
2026-09-04T12:48:50.976079+00:00,2026-09-04T18:18:50.976079+05:30,NIFTYNXT50,29-Sep-2026,67900.0,CE,72880.9,,0,7207.75,550,0.0,,0,0,0,0,0,,,,,,,,,,,,,,,0.06817189954087392,,,,,,10.78,25,73133.5,73207.3,72871.7,73051.85,none,no_price_available
2026-09-04T12:48:50.976079+00:00,2026-09-04T18:18:50.976079+05:30,NIFTYNXT50,29-Sep-2026,67900.0,PE,72880.9,,0,,0,0.0,,0,0,0,0,0,,,,,,,,,,,,,,,0.06817189954087392,,,,,,10.78,25,73133.5,73207.3,72871.7,73051.85,none,no_price_available
2026-09-04T12:48:50.976079+00:00,2026-09-04T18:18:50.976079+05:30,NIFTYNXT50,29-Sep-2026,68000.0,CE,72880.9,,0,7101.1,550,0.0,,0,0,0,0,0,,,,,,,,,,,,,,,0.06817189954087392,,,,,,10.78,25,73133.5,73207.3,72871.7,73051.85,none,no_price_available
2026-09-04T12:48:50.976079+00:00,2026-09-04T18:18:50.976079+05:30,NIFTYNXT50,29-Sep-2026,68000.0,PE,0,,0,,0,0.0,,0,0,0,0,0,,,,,,,,,,,,,,,0.06817189954087392,,,,,,10.78,25,73133.5,73207.3,72871.7,73051.85,none,no_price_available
2026-09-04T12:48:50.976079+00:00,2026-09-04T18:18:50.976079+05:30,NIFTYNXT50,29-Sep-2026,68100.0,CE,72880.9,,0,6834.2,550,0.0,,0,0,0,0,0,,,,,,,,,,,,,,,0.06817189954087392,,,,,,10.78,25,73133.5,73207.3,72871.7,73051.85,none,no_price_available
2026-09-04T12:48:50.976079+00:00,2026-09-04T18:18:50.976079+05:30,NIFTYNXT50,29-Sep-2026,68100.0,PE,0,,0,,0,0.0,,0,0,0,0,0,,,,,,,,,,,,,,,0.06817189954087392,,,,,,10.78,25,73133.5,73207.3,72871.7,73051.85,none,no_price_available
2026-09-04T12:48:50.976079+00:00,2026-09-04T18:18:50.976079+05:30,NIFTYNXT50,29-Sep-2026,68200.0,CE,72880.9,3135.8,50,6726.7,550,0.0,4931.25,0,0,0,0,0,,,,,,,,,,,,,,,0.06817189954087392,73150,0.05406223896563841,0.009899999999999999,index_dividend_yield,0.065,10.78,25,73133.5,73207.3,72871.7,73051.85,mid_price,no_nse_iv
2026-09-04T12:48:50.976079+00:00,2026-09-04T18:18:50.976079+05:30,NIFTYNXT50,29-Sep-2026,68200.0,PE,0,,0,,0,0.0,,0,0,0,0,0,,,,,,,,,,,,,,,0.06817189954087392,,,,,,10.78,25,73133.5,73207.3,72871.7,73051.85,none,no_price_available
2026-09-04T12:48:50.976079+00:00,2026-09-04T18:18:50.976079+05:30,NIFTYNXT50,29-Sep-2026,68300.0,CE,72880.9,3056.8,50,6619.8,550,0.0,4838.3,0,0,0,0,0,,,,,,,,,,,,,,,0.06817189954087392,73150,0.05406223896563841,0.009899999999999999,index_dividend_yield,0.065,10.78,25,73133.5,73207.3,72871.7,73051.85,mid_price,no_nse_iv
2026-09-04T12:48:50.976079+00:00,2026-09-04T18:18:50.976079+05:30,NIFTYNXT50,29-Sep-2026,68300.0,PE,0,,0,,0,0.0,,0,0,0,0,0,,,,,,,,,,,,,,,0.06817189954087392,,,,,,10.78,25,73133.5,73207.3,72871.7,73051.85,none,no_price_available
2026-09-04T12:48:50.976079+00:00,2026-09-04T18:18:50.976079+05:30,NIFTYNXT50,29-Sep-2026,68400.0,CE,72880.9,2979.05,50,6432.9,550,0.0,4705.975,0,0,0,0,0,,,,,,,,,,,,,,,0.06817189954087392,73150,0.05406223896563841,0.009899999999999999,index_dividend_yield,0.065,10.78,25,73133.5,73207.3,72871.7,73051.85,mid_price,no_nse_iv
2026-09-04T12:48:50.976079+00:00,2026-09-04T18:18:50.976079+05:30,NIFTYNXT50,29-Sep-2026,68400.0,PE,0,,0,,0,0.0,,0,0,0,0,0,,,,,,,,,,,,,,,0.06817189954087392,,,,,,10.78,25,73133.5,73207.3,72871.7,73051.85,none,no_price_available
2026-09-04T12:48:50.976079+00:00,2026-09-04T18:18:50.976079+05:30,NIFTYNXT50,29-Sep-2026,68500.0,CE,72880.9,2901.75,50,6325.5,550,0.0,4613.625,0,0,0,0,0,,,,,,,,,,,,,,,0.06817189954087392,73150,0.05406223896563841,0.009899999999999999,index_dividend_yield,0.065,10.78,25,73133.5,73207.3,72871.7,73051.85,mid_price,no_nse_iv
2026-09-04T12:48:50.976079+00:00,2026-09-04T18:18:50.976079+05:30,NIFTYNXT50,29-Sep-2026,68500.0,PE,0,,0,,0,0.0,,0,0,0,0,0,,,,,,,,,,,,,,,0.06817189954087392,,,,,,10.78,25,73133.5,73207.3,72871.7,73051.85,none,no_price_available
2026-09-04T12:48:50.976079+00:00,2026-09-04T18:18:50.976079+05:30,NIFTYNXT50,29-Sep-2026,68600.0,CE,72880.9,2825.7,50,6218.6,550,0.0,4522.15,0,0,0,0,0,,,,,,,,,,,,,,,0.06817189954087392,73150,0.05406223896563841,0.009899999999999999,index_dividend_yield,0.065,10.78,25,73133.5,73207.3,72871.7,73051.85,mid_price,no_nse_iv
2026-09-04T12:48:50.976079+00:00,2026-09-04T18:18:50.976079+05:30,NIFTYNXT50,29-Sep-2026,68600.0,PE,0,,0,,0,0.0,,0,0,0,0,0,,,,,,,,,,,,,,,0.06817189954087392,,,,,,10.78,25,73133.5,73207.3,72871.7,73051.85,none,no_price_available
2026-09-04T12:48:50.976079+00:00,2026-09-04T18:18:50.976079+05:30,NIFTYNXT50,29-Sep-2026,68700.0,CE,72880.9,2750.2,50,6112,550,0.0,4431.1,0,0,0,0,0,,,,,,,,,,,,,,,0.06817189954087392,73150,0.05406223896563841,0.009899999999999999,index_dividend_yield,0.065,10.78,25,73133.5,73207.3,72871.7,73051.85,mid_price,no_nse_iv
2026-09-04T12:48:50.976079+00:00,2026-09-04T18:18:50.976079+05:30,NIFTYNXT50,29-Sep-2026,68700.0,PE,0,,0,,0,0.0,,0,0,0,0,0,,,,,,,,,,,,,,,0.06817189954087392,,,,,,10.78,25,73133.5,73207.3,72871.7,73051.85,none,no_price_available
2026-09-04T12:48:50.976079+00:00,2026-09-04T18:18:50.976079+05:30,NIFTYNXT50,29-Sep-2026,68800.0,CE,72880.9,2675.7,50,6005.55,550,0.0,4340.625,0,0,0,0,0,,,,,,,,,,,,,,,0.06817189954087392,73150,0.05406223896563841,0.009899999999999999,index_dividend_yield,0.065,10.78,25,73133.5,73207.3,72871.7,73051.85,mid_price,no_nse_iv
2026-09-04T12:48:50.976079+00:00,2026-09-04T18:18:50.976079+05:30,NIFTYNXT50,29-Sep-2026,68800.0,PE,0,,0,,0,0.0,,0,0,0,0,0,,,,,,,,,,,,,,,0.06817189954087392,,,,,,10.78,25,73133.5,73207.3,72871.7,73051.85,none,no_price_available
2026-09-04T12:48:50.976079+00:00,2026-09-04T18:18:50.976079+05:30,NIFTYNXT50,29-Sep-2026,68900.0,CE,72880.9,2602.2,50,5978,550,0.0,4290.1,0,0,0,0,0,,,,,,,,,,,,,,,0.06817189954087392,73150,0.05406223896563841,0.009899999999999999,index_dividend_yield,0.065,10.78,25,73133.5,73207.3,72871.7,73051.85,mid_price,no_nse_iv
2026-09-04T12:48:50.976079+00:00,2026-09-04T18:18:50.976079+05:30,NIFTYNXT50,29-Sep-2026,68900.0,PE,0,,0,,0,0.0,,0,0,0,0,0,,,,,,,,,,,,,,,0.06817189954087392,,,,,,10.78,25,73133.5,73207.3,72871.7,73051.85,none,no_price_available
2026-09-04T12:48:50.976079+00:00,2026-09-04T18:18:50.976079+05:30,NIFTYNXT50,29-Sep-2026,69000.0,CE,72880.9,2529.5,50,5792.3,550,0.0,4160.9,0,0,0,0,0,,,,,,,,,,,,,,,0.06817189954087392,73150,0.05406223896563841,0.009899999999999999,index_dividend_yield,0.065,10.78,25,73133.5,73207.3,72871.7,73051.85,mid_price,no_nse_iv
2026-09-04T12:48:50.976079+00:00,2026-09-04T18:18:50.976079+05:30,NIFTYNXT50,29-Sep-2026,69000.0,PE,0,,0,,0,0.0,,0,0,0,0,0,,,,,,,,,,,,,,,0.06817189954087392,,,,,,10.78,25,73133.5,73207.3,72871.7,73051.85,none,no_price_available
2026-09-04T12:48:50.976079+00:00,2026-09-04T18:18:50.976079+05:30,NIFTYNXT50,29-Sep-2026,69100.0,CE,72880.9,2457.95,50,5685.4,550,0.0,4071.6749999999997,0,0,0,0,0,,,,,,,,,,,,,,,0.06817189954087392,73150,0.05406223896563841,0.009899999999999999,index_dividend_yield,0.065,10.78,25,73133.5,73207.3,72871.7,73051.85,mid_price,no_nse_iv
2026-09-04T12:48:50.976079+00:00,2026-09-04T18:18:50.976079+05:30,NIFTYNXT50,29-Sep-2026,69100.0,PE,0,,0,,0,0.0,,0,0,0,0,0,,,,,,,,,,,,,,,0.06817189954087392,,,,,,10.78,25,73133.5,73207.3,72871.7,73051.85,none,no_price_available
2026-09-04T12:48:50.976079+00:00,2026-09-04T18:18:50.976079+05:30,NIFTYNXT50,29-Sep-2026,69200.0,CE,72880.9,2387.2,50,5578.6,550,0.0,3982.9,0,0,0,0,0,,,,,,,,,,,,,,,0.06817189954087392,73150,0.05406223896563841,0.009899999999999999,index_dividend_yield,0.065,10.78,25,73133.5,73207.3,72871.7,73051.85,mid_price,no_nse_iv
2026-09-04T12:48:50.976079+00:00,2026-09-04T18:18:50.976079+05:30,NIFTYNXT50,29-Sep-2026,69200.0,PE,0,,0,,0,0.0,,0,0,0,0,0,,,,,,,,,,,,,,,0.06817189954087392,,,,,,10.78,25,73133.5,73207.3,72871.7,73051.85,none,no_price_available
2026-09-04T12:48:50.976079+00:00,2026-09-04T18:18:50.976079+05:30,NIFTYNXT50,29-Sep-2026,69300.0,CE,72880.9,2317.45,50,5472.15,550,0.0,3894.7999999999997,0,0,0,0,0,,,,,,,,,,,,,,,0.06817189954087392,73150,0.05406223896563841,0.009899999999999999,index_dividend_yield,0.065,10.78,25,73133.5,73207.3,72871.7,73051.85,mid_price,no_nse_iv
2026-09-04T12:48:50.976079+00:00,2026-09-04T18:18:50.976079+05:30,NIFTYNXT50,29-Sep-2026,69300.0,PE,0,,0,,0,0.0,,0,0,0,0,0,,,,,,,,,,,,,,,0.06817189954087392,,,,,,10.78,25,73133.5,73207.3,72871.7,73051.85,none,no_price_available
2026-09-04T12:48:50.976079+00:00,2026-09-04T18:18:50.976079+05:30,NIFTYNXT50,29-Sep-2026,69400.0,CE,72880.9,2248.65,50,5364.55,50,0.0,3806.6000000000004,0,0,0,0,0,,,,,,,,,,,,,,,0.06817189954087392,73150,0.05406223896563841,0.009899999999999999,index_dividend_yield,0.065,10.78,25,73133.5,73207.3,72871.7,73051.85,mid_price,no_nse_iv
2026-09-04T12:48:50.976079+00:00,2026-09-04T18:18:50.976079+05:30,NIFTYNXT50,29-Sep-2026,69400.0,PE,0,,0,,0,0.0,,0,0,0,0,0,,,,,,,,,,,,,,,0.06817189954087392,,,,,,10.78,25,73133.5,73207.3,72871.7,73051.85,none,no_price_available
2026-09-04T12:48:50.976079+00:00,2026-09-04T18:18:50.976079+05:30,NIFTYNXT50,29-Sep-2026,69500.0,CE,72880.9,2181,50,5258.75,50,0.0,3719.875,0,0,0,0,0,,,,,,,,,,,,,,,0.06817189954087392,73150,0.05406223896563841,0.009899999999999999,index_dividend_yield,0.065,10.78,25,73133.5,73207.3,72871.7,73051.85,mid_price,no_nse_iv
2026-09-04T12:48:50.976079+00:00,2026-09-04T18:18:50.976079+05:30,NIFTYNXT50,29-Sep-2026,69500.0,PE,0,,0,,0,0.0,,0,0,0,0,0,,,,,,,,,,,,,,,0.06817189954087392,,,,,,10.78,25,73133.5,73207.3,72871.7,73051.85,none,no_price_available
2026-09-04T12:48:50.976079+00:00,2026-09-04T18:18:50.976079+05:30,NIFTYNXT50,29-Sep-2026,69600.0,CE,72880.9,2114.15,50,5152.05,50,0.0,3633.1000000000004,0,0,0,0,0,,,,,,,,,,,,,,,0.06817189954087392,73150,0.05406223896563841,0.009899999999999999,index_dividend_yield,0.065,10.78,25,73133.5,73207.3,72871.7,73051.85,mid_price,no_nse_iv
2026-09-04T12:48:50.976079+00:00,2026-09-04T18:18:50.976079+05:30,NIFTYNXT50,29-Sep-2026,69600.0,PE,0,,0,,0,0.0,,0,0,0,0,0,,,,,,,,,,,,,,,0.06817189954087392,,,,,,10.78,25,73133.5,73207.3,72871.7,73051.85,none,no_price_available
2026-09-04T12:48:50.976079+00:00,2026-09-04T18:18:50.976079+05:30,NIFTYNXT50,29-Sep-2026,69700.0,CE,72880.9,2048.5,50,5045.75,550,0.0,3547.125,0,0,0,0,0,,,,,,,,,,,,,,,0.06817189954087392,73150,0.05406223896563841,0.009899999999999999,index_dividend_yield,0.065,10.78,25,73133.5,73207.3,72871.7,73051.85,mid_price,no_nse_iv
2026-09-04T12:48:50.976079+00:00,2026-09-04T18:18:50.976079+05:30,NIFTYNXT50,29-Sep-2026,69700.0,PE,0,,0,,0,0.0,,0,0,0,0,0,,,,,,,,,,,,,,,0.06817189954087392,,,,,,10.78,25,73133.5,73207.3,72871.7,73051.85,none,no_price_available
2026-09-04T12:48:50.976079+00:00,2026-09-04T18:18:50.976079+05:30,NIFTYNXT50,29-Sep-2026,69800.0,CE,72880.9,1983.75,50,4940.25,50,0.0,3462.0,0,0,0,0,0,,,,,,,,,,,,,,,0.06817189954087392,73150,0.05406223896563841,0.009899999999999999,index_dividend_yield,0.065,10.78,25,73133.5,73207.3,72871.7,73051.85,mid_price,no_nse_iv
2026-09-04T12:48:50.976079+00:00,2026-09-04T18:18:50.976079+05:30,NIFTYNXT50,29-Sep-2026,69800.0,PE,0,,0,,0,0.0,,0,0,0,0,0,,,,,,,,,,,,,,,0.06817189954087392,,,,,,10.78,25,73133.5,73207.3,72871.7,73051.85,none,no_price_available
2026-09-04T12:48:50.976079+00:00,2026-09-04T18:18:50.976079+05:30,NIFTYNXT50,29-Sep-2026,69900.0,CE,72880.9,1920.25,50,4835.5,50,0.0,3377.875,0,0,0,0,0,,,,,,,,,,,,,,,0.06817189954087392,73150,0.05406223896563841,0.009899999999999999,index_dividend_yield,0.065,10.78,25,73133.5,73207.3,72871.7,73051.85,mid_price,no_nse_iv
2026-09-04T12:48:50.976079+00:00,2026-09-04T18:18:50.976079+05:30,NIFTYNXT50,29-Sep-2026,69900.0,PE,0,,0,,0,0.0,,0,0,0,0,0,,,,,,,,,,,,,,,0.06817189954087392,,,,,,10.78,25,73133.5,73207.3,72871.7,73051.85,none,no_price_available
2026-09-04T12:48:50.976079+00:00,2026-09-04T18:18:50.976079+05:30,NIFTYNXT50,29-Sep-2026,70000.0,CE,72880.9,1857.85,50,4807.9,550,0.0,3332.875,0,0,0,0,0,,,,,,,,,,,,,,,0.06817189954087392,73150,0.05406223896563841,0.009899999999999999,index_dividend_yield,0.065,10.78,25,73133.5,73207.3,72871.7,73051.85,mid_price,no_nse_iv
2026-09-04T12:48:50.976079+00:00,2026-09-04T18:18:50.976079+05:30,NIFTYNXT50,29-Sep-2026,70000.0,PE,72880.9,0.2,50,715.95,50,0.0,358.07500000000005,0,0,0,0,0,,,,,,,,,,,,,,,0.06817189954087392,73150,0.05406223896563841,0.009899999999999999,index_dividend_yield,0.065,10.78,25,73133.5,73207.3,72871.7,73051.85,mid_price,no_nse_iv
2026-09-04T12:48:50.976079+00:00,2026-09-04T18:18:50.976079+05:30,NIFTYNXT50,29-Sep-2026,70100.0,CE,72880.9,1796.25,50,4625.35,50,0.0,3210.8,0,0,0,0,0,,,,,,,,,,,,,,,0.06817189954087392,73150,0.05406223896563841,0.009899999999999999,index_dividend_yield,0.065,10.78,25,73133.5,73207.3,72871.7,73051.85,mid_price,no_nse_iv
2026-09-04T12:48:50.976079+00:00,2026-09-04T18:18:50.976079+05:30,NIFTYNXT50,29-Sep-2026,70100.0,PE,0,,0,,0,0.0,,0,0,0,0,0,,,,,,,,,,,,,,,0.06817189954087392,,,,,,10.78,25,73133.5,73207.3,72871.7,73051.85,none,no_price_available
2026-09-04T12:48:50.976079+00:00,2026-09-04T18:18:50.976079+05:30,NIFTYNXT50,29-Sep-2026,70200.0,CE,72880.9,1735.85,50,4519.95,50,0.0,3127.8999999999996,0,0,0,0,0,,,,,,,,,,,,,,,0.06817189954087392,73150,0.05406223896563841,0.009899999999999999,index_dividend_yield,0.065,10.78,25,73133.5,73207.3,72871.7,73051.85,mid_price,no_nse_iv
2026-09-04T12:48:50.976079+00:00,2026-09-04T18:18:50.976079+05:30,NIFTYNXT50,29-Sep-2026,70200.0,PE,0,,0,,0,0.0,,0,0,0,0,0,,,,,,,,,,,,,,,0.06817189954087392,,,,,,10.78,25,73133.5,73207.3,72871.7,73051.85,none,no_price_available
2026-09-04T12:48:50.976079+00:00,2026-09-04T18:18:50.976079+05:30,NIFTYNXT50,29-Sep-2026,70300.0,CE,72880.9,1676.65,50,4415.8,50,0.0,3046.2250000000004,0,0,0,0,0,,,,,,,,,,,,,,,0.06817189954087392,73150,0.05406223896563841,0.009899999999999999,index_dividend_yield,0.065,10.78,25,73133.5,73207.3,72871.7,73051.85,mid_price,no_nse_iv
2026-09-04T12:48:50.976079+00:00,2026-09-04T18:18:50.976079+05:30,NIFTYNXT50,29-Sep-2026,70300.0,PE,0,,0,,0,0.0,,0,0,0,0,0,,,,,,,,,,,,,,,0.06817189954087392,,,,,,10.78,25,73133.5,73207.3,72871.7,73051.85,none,no_price_available
2026-09-04T12:48:50.976079+00:00,2026-09-04T18:18:50.976079+05:30,NIFTYNXT50,29-Sep-2026,70400.0,CE,72880.9,1618.5,50,4310.15,50,0.0,2964.325,0,0,0,0,0,,,,,,,,,,,,,,,0.06817189954087392,73150,0.05406223896563841,0.009899999999999999,index_dividend_yield,0.065,10.78,25,73133.5,73207.3,72871.7,73051.85,mid_price,no_nse_iv
2026-09-04T12:48:50.976079+00:00,2026-09-04T18:18:50.976079+05:30,NIFTYNXT50,29-Sep-2026,70400.0,PE,0,,0,,0,0.0,,0,0,0,0,0,,,,,,,,,,,,,,,0.06817189954087392,,,,,,10.78,25,73133.5,73207.3,72871.7,73051.85,none,no_price_available
2026-09-04T12:48:50.976079+00:00,2026-09-04T18:18:50.976079+05:30,NIFTYNXT50,29-Sep-2026,70500.0,CE,72880.9,1561.35,50,4204.85,50,0.0,2883.1000000000004,0,0,0,0,0,,,,,,,,,,,,,,,0.06817189954087392,73150,0.05406223896563841,0.009899999999999999,index_dividend_yield,0.065,10.78,25,73133.5,73207.3,72871.7,73051.85,mid_price,no_nse_iv
2026-09-04T12:48:50.976079+00:00,2026-09-04T18:18:50.976079+05:30,NIFTYNXT50,29-Sep-2026,70500.0,PE,0,,0,,0,0.0,,0,0,0,0,0,,,,,,,,,,,,,,,0.06817189954087392,,,,,,10.78,25,73133.5,73207.3,72871.7,73051.85,none,no_price_available
2026-09-04T12:48:50.976079+00:00,2026-09-04T18:18:50.976079+05:30,NIFTYNXT50,29-Sep-2026,70600.0,CE,72880.9,1508.35,50,4100.25,50,0.0,2804.3,0,0,0,0,0,,,,,,,,,,,,,,,0.06817189954087392,73150,0.05406223896563841,0.009899999999999999,index_dividend_yield,0.065,10.78,25,73133.5,73207.3,72871.7,73051.85,mid_price,no_nse_iv
2026-09-04T12:48:50.976079+00:00,2026-09-04T18:18:50.976079+05:30,NIFTYNXT50,29-Sep-2026,70600.0,PE,0,,0,,0,0.0,,0,0,0,0,0,,,,,,,,,,,,,,,0.06817189954087392,,,,,,10.78,25,73133.5,73207.3,72871.7,73051.85,none,no_price_available
2026-09-04T12:48:50.976079+00:00,2026-09-04T18:18:50.976079+05:30,NIFTYNXT50,29-Sep-2026,70700.0,CE,72880.9,1453.3,50,3994.85,50,0.0,2724.075,0,0,0,0,0,,,,,,,,,,,,,,,0.06817189954087392,73150,0.05406223896563841,0.009899999999999999,index_dividend_yield,0.065,10.78,25,73133.5,73207.3,72871.7,73051.85,mid_price,no_nse_iv
2026-09-04T12:48:50.976079+00:00,2026-09-04T18:18:50.976079+05:30,NIFTYNXT50,29-Sep-2026,70700.0,PE,0,,0,,0,0.0,,0,0,0,0,0,,,,,,,,,,,,,,,0.06817189954087392,,,,,,10.78,25,73133.5,73207.3,72871.7,73051.85,none,no_price_available
2026-09-04T12:48:50.976079+00:00,2026-09-04T18:18:50.976079+05:30,NIFTYNXT50,29-Sep-2026,70800.0,CE,72880.9,1399.25,50,3891.2,50,0.0,2645.225,0,0,0,0,0,,,,,,,,,,,,,,,0.06817189954087392,73150,0.05406223896563841,0.009899999999999999,index_dividend_yield,0.065,10.78,25,73133.5,73207.3,72871.7,73051.85,mid_price,no_nse_iv
2026-09-04T12:48:50.976079+00:00,2026-09-04T18:18:50.976079+05:30,NIFTYNXT50,29-Sep-2026,70800.0,PE,0,,0,,0,0.0,,0,0,0,0,0,,,,,,,,,,,,,,,0.06817189954087392,,,,,,10.78,25,73133.5,73207.3,72871.7,73051.85,none,no_price_available
2026-09-04T12:48:50.976079+00:00,2026-09-04T18:18:50.976079+05:30,NIFTYNXT50,29-Sep-2026,70900.0,CE,72880.9,1343.85,50,3785.45,50,0.0,2564.6499999999996,0,0,0,0,0,,,,,,,,,,,,,,,0.06817189954087392,73150,0.05406223896563841,0.009899999999999999,index_dividend_yield,0.065,10.78,25,73133.5,73207.3,72871.7,73051.85,mid_price,no_nse_iv
2026-09-04T12:48:50.976079+00:00,2026-09-04T18:18:50.976079+05:30,NIFTYNXT50,29-Sep-2026,70900.0,PE,0,,0,,0,0.0,,0,0,0,0,0,,,,,,,,,,,,,,,0.06817189954087392,,,,,,10.78,25,73133.5,73207.3,72871.7,73051.85,none,no_price_available
2026-09-04T12:48:50.976079+00:00,2026-09-04T18:18:50.976079+05:30,NIFTYNXT50,29-Sep-2026,71000.0,CE,72880.9,1292.55,50,3680.55,50,0.0,2486.55,0,0,0,0,0,,,,,,,,,,,,,,,0.06817189954087392,73150,0.05406223896563841,0.009899999999999999,index_dividend_yield,0.065,10.78,25,73133.5,73207.3,72871.7,73051.85,mid_price,no_nse_iv
2026-09-04T12:48:50.976079+00:00,2026-09-04T18:18:50.976079+05:30,NIFTYNXT50,29-Sep-2026,71000.0,PE,72880.9,45.35,50,1289.95,50,0.0,667.65,0,0,0,0,0,,,,,,,,,,,,,,,0.06817189954087392,73150,0.05406223896563841,0.009899999999999999,index_dividend_yield,0.065,10.78,25,73133.5,73207.3,72871.7,73051.85,mid_price,no_nse_iv
2026-09-04T12:48:50.976079+00:00,2026-09-04T18:18:50.976079+05:30,NIFTYNXT50,29-Sep-2026,71100.0,CE,72880.9,1242.3,50,3813,50,0.0,2527.65,0,0,0,0,0,,,,,,,,,,,,,,,0.06817189954087392,73150,0.05406223896563841,0.009899999999999999,index_dividend_yield,0.065,10.78,25,73133.5,73207.3,72871.7,73051.85,mid_price,no_nse_iv
2026-09-04T12:48:50.976079+00:00,2026-09-04T18:18:50.976079+05:30,NIFTYNXT50,29-Sep-2026,71100.0,PE,72880.9,54.3,50,998.5,50,0.0,526.4,0,0,0,0,0,,,,,,,,,,,,,,,0.06817189954087392,73150,0.05406223896563841,0.009899999999999999,index_dividend_yield,0.065,10.78,25,73133.5,73207.3,72871.7,73051.85,mid_price,no_nse_iv
2026-09-04T12:48:50.976079+00:00,2026-09-04T18:18:50.976079+05:30,NIFTYNXT50,29-Sep-2026,71200.0,CE,72880.9,1193.2,50,3523.5,50,0.0,2358.35,0,0,0,0,0,,,,,,,,,,,,,,,0.06817189954087392,73150,0.05406223896563841,0.009899999999999999,index_dividend_yield,0.065,10.78,25,73133.5,73207.3,72871.7,73051.85,mid_price,no_nse_iv
2026-09-04T12:48:50.976079+00:00,2026-09-04T18:18:50.976079+05:30,NIFTYNXT50,29-Sep-2026,71200.0,PE,72880.9,63.95,50,1018.65,50,0.0,541.3,0,0,0,0,0,,,,,,,,,,,,,,,0.06817189954087392,73150,0.05406223896563841,0.009899999999999999,index_dividend_yield,0.065,10.78,25,73133.5,73207.3,72871.7,73051.85,mid_price,no_nse_iv
2026-09-04T12:48:50.976079+00:00,2026-09-04T18:18:50.976079+05:30,NIFTYNXT50,29-Sep-2026,71300.0,CE,72880.9,1145.2,50,3415.5,50,0.0,2280.35,0,0,0,0,0,,,,,,,,,,,,,,,0.06817189954087392,73150,0.05406223896563841,0.009899999999999999,index_dividend_yield,0.065,10.78,25,73133.5,73207.3,72871.7,73051.85,mid_price,no_nse_iv
2026-09-04T12:48:50.976079+00:00,2026-09-04T18:18:50.976079+05:30,NIFTYNXT50,29-Sep-2026,71300.0,PE,72880.9,74.15,50,1018.65,50,0.0,546.4,0,0,0,0,0,,,,,,,,,,,,,,,0.06817189954087392,73150,0.05406223896563841,0.009899999999999999,index_dividend_yield,0.065,10.78,25,73133.5,73207.3,72871.7,73051.85,mid_price,no_nse_iv
2026-09-04T12:48:50.976079+00:00,2026-09-04T18:18:50.976079+05:30,NIFTYNXT50,29-Sep-2026,71400.0,CE,72880.9,1098.3,50,3306.4,50,0.0,2202.35,0,0,0,0,0,,,,,,,,,,,,,,,0.06817189954087392,73150,0.05406223896563841,0.009899999999999999,index_dividend_yield,0.065,10.78,25,73133.5,73207.3,72871.7,73051.85,mid_price,no_nse_iv
2026-09-04T12:48:50.976079+00:00,2026-09-04T18:18:50.976079+05:30,NIFTYNXT50,29-Sep-2026,71400.0,PE,72880.9,85,50,1158.5,50,0.0,621.75,0,0,0,0,0,,,,,,,,,,,,,,,0.06817189954087392,73150,0.05406223896563841,0.009899999999999999,index_dividend_yield,0.065,10.78,25,73133.5,73207.3,72871.7,73051.85,mid_price,no_nse_iv
2026-09-04T12:48:50.976079+00:00,2026-09-04T18:18:50.976079+05:30,NIFTYNXT50,29-Sep-2026,71500.0,CE,72880.9,1052.55,50,3079.8,550,0.0,2066.175,0,0,0,0,0,,,,,,,,,,,,,,,0.06817189954087392,73150,0.05406223896563841,0.009899999999999999,index_dividend_yield,0.065,10.78,25,73133.5,73207.3,72871.7,73051.85,mid_price,no_nse_iv
2026-09-04T12:48:50.976079+00:00,2026-09-04T18:18:50.976079+05:30,NIFTYNXT50,29-Sep-2026,71500.0,PE,72880.9,102.05,50,664.95,50,0.0,383.5,0,0,0,0,0,,,,,,,,,,,,,,,0.06817189954087392,73150,0.05406223896563841,0.009899999999999999,index_dividend_yield,0.065,10.78,25,73133.5,73207.3,72871.7,73051.85,mid_price,no_nse_iv
2026-09-04T12:48:50.976079+00:00,2026-09-04T18:18:50.976079+05:30,NIFTYNXT50,29-Sep-2026,71600.0,CE,72880.9,1008,50,3287.25,50,0.0,2147.625,0,0,0,0,0,,,,,,,,,,,,,,,0.06817189954087392,73150,0.05406223896563841,0.009899999999999999,index_dividend_yield,0.065,10.78,25,73133.5,73207.3,72871.7,73051.85,mid_price,no_nse_iv
2026-09-04T12:48:50.976079+00:00,2026-09-04T18:18:50.976079+05:30,NIFTYNXT50,29-Sep-2026,71600.0,PE,72880.9,108.8,50,1241.9,50,0.0,675.35,0,0,0,0,0,,,,,,,,,,,,,,,0.06817189954087392,73150,0.05406223896563841,0.009899999999999999,index_dividend_yield,0.065,10.78,25,73133.5,73207.3,72871.7,73051.85,mid_price,no_nse_iv
2026-09-04T12:48:50.976079+00:00,2026-09-04T18:18:50.976079+05:30,NIFTYNXT50,29-Sep-2026,71700.0,CE,72880.9,964.5,50,3177.65,50,0.0,2071.075,0,0,0,0,0,,,,,,,,,,,,,,,0.06817189954087392,73150,0.05406223896563841,0.009899999999999999,index_dividend_yield,0.065,10.78,25,73133.5,73207.3,72871.7,73051.85,mid_price,no_nse_iv
2026-09-04T12:48:50.976079+00:00,2026-09-04T18:18:50.976079+05:30,NIFTYNXT50,29-Sep-2026,71700.0,PE,72880.9,121.65,50,1261.1,50,0.0,691.375,0,0,0,0,0,,,,,,,,,,,,,,,0.06817189954087392,73150,0.05406223896563841,0.009899999999999999,index_dividend_yield,0.065,10.78,25,73133.5,73207.3,72871.7,73051.85,mid_price,no_nse_iv
2026-09-04T12:48:50.976079+00:00,2026-09-04T18:18:50.976079+05:30,NIFTYNXT50,29-Sep-2026,71800.0,CE,72880.9,922.25,50,3138,50,0.0,2030.125,0,0,0,0,0,,,,,,,,,,,,,,,0.06817189954087392,73150,0.05406223896563841,0.009899999999999999,index_dividend_yield,0.065,10.78,25,73133.5,73207.3,72871.7,73051.85,mid_price,no_nse_iv
2026-09-04T12:48:50.976079+00:00,2026-09-04T18:18:50.976079+05:30,NIFTYNXT50,29-Sep-2026,71800.0,PE,72880.9,135.25,50,1018.2,50,0.0,576.725,0,0,0,0,0,,,,,,,,,,,,,,,0.06817189954087392,73150,0.05406223896563841,0.009899999999999999,index_dividend_yield,0.065,10.78,25,73133.5,73207.3,72871.7,73051.85,mid_price,no_nse_iv
2026-09-04T12:48:50.976079+00:00,2026-09-04T18:18:50.976079+05:30,NIFTYNXT50,29-Sep-2026,71900.0,CE,72880.9,880.9,50,2983,50,0.0,1931.95,0,0,0,0,0,,,,,,,,,,,,,,,0.06817189954087392,73150,0.05406223896563841,0.009899999999999999,index_dividend_yield,0.065,10.78,25,73133.5,73207.3,72871.7,73051.85,mid_price,no_nse_iv
2026-09-04T12:48:50.976079+00:00,2026-09-04T18:18:50.976079+05:30,NIFTYNXT50,29-Sep-2026,71900.0,PE,72880.9,149.7,50,1826.65,50,0.0,988.1750000000001,0,0,0,0,0,,,,,,,,,,,,,,,0.06817189954087392,73150,0.05406223896563841,0.009899999999999999,index_dividend_yield,0.065,10.78,25,73133.5,73207.3,72871.7,73051.85,mid_price,no_nse_iv
2026-09-04T12:48:50.976079+00:00,2026-09-04T18:18:50.976079+05:30,NIFTYNXT50,29-Sep-2026,72000.0,CE,72880.9,1307,50,3925.7,50,0.0,2616.35,0,0,0,0,0,,,,,,,,,,,,,,,0.06817189954087392,73150,0.05406223896563841,0.009899999999999999,index_dividend_yield,0.065,10.78,25,73133.5,73207.3,72871.7,73051.85,mid_price,no_nse_iv
2026-09-04T12:48:50.976079+00:00,2026-09-04T18:18:50.976079+05:30,NIFTYNXT50,29-Sep-2026,72000.0,PE,72880.9,450,25,549.9,25,472.9,499.95,7,4,7,-23.29278183292782,13.47,-0.3189074384649205,0.00013926238029657984,-14.780489253394512,67.92572134139587,-1.1527688409679604,0.0015797843070792237,103.13823356643326,-2.7188111345914605e-08,-0.000822444055984488,2.511362166765128e-06,-1.5052273340460827,-42.9777818506446,0.3303202536564037,0.000142690899341214,0.06817189954087392,73150,0.05406223896563841,0.009899999999999999,index_dividend_yield,0.065,10.78,25,73133.5,73207.3,72871.7,73051.85,mid_price,wide_quote_low_liquidity
2026-09-04T12:48:50.976079+00:00,2026-09-04T18:18:50.976079+05:30,NIFTYNXT50,29-Sep-2026,72100.0,CE,72880.9,801.9,50,3225.75,50,0.0,2013.825,0,0,0,0,0,,,,,,,,,,,,,,,0.06817189954087392,73150,0.05406223896563841,0.009899999999999999,index_dividend_yield,0.065,10.78,25,73133.5,73207.3,72871.7,73051.85,mid_price,no_nse_iv
2026-09-04T12:48:50.976079+00:00,2026-09-04T18:18:50.976079+05:30,NIFTYNXT50,29-Sep-2026,72100.0,PE,72880.9,180.45,50,1541.3,50,0.0,860.875,0,0,0,0,0,,,,,,,,,,,,,,,0.06817189954087392,73150,0.05406223896563841,0.009899999999999999,index_dividend_yield,0.065,10.78,25,73133.5,73207.3,72871.7,73051.85,mid_price,no_nse_iv
2026-09-04T12:48:50.976079+00:00,2026-09-04T18:18:50.976079+05:30,NIFTYNXT50,29-Sep-2026,72200.0,CE,72880.9,,0,,0,0.0,,0,0,0,0,0,,,,,,,,,,,,,,,0.06817189954087392,,,,,,10.78,25,73133.5,73207.3,72871.7,73051.85,none,no_price_available
2026-09-04T12:48:50.976079+00:00,2026-09-04T18:18:50.976079+05:30,NIFTYNXT50,29-Sep-2026,72200.0,PE,72880.9,,0,900,25,0.0,,0,0,0,0,0,,,,,,,,,,,,,,,0.06817189954087392,,,,,,10.78,25,73133.5,73207.3,72871.7,73051.85,none,no_price_available
2026-09-04T12:48:50.976079+00:00,2026-09-04T18:18:50.976079+05:30,NIFTYNXT50,29-Sep-2026,72300.0,CE,72880.9,,0,,0,0.0,,0,0,0,0,0,,,,,,,,,,,,,,,0.06817189954087392,,,,,,10.78,25,73133.5,73207.3,72871.7,73051.85,none,no_price_available
2026-09-04T12:48:50.976079+00:00,2026-09-04T18:18:50.976079+05:30,NIFTYNXT50,29-Sep-2026,72300.0,PE,72880.9,,0,900,25,0.0,,0,0,0,0,0,,,,,,,,,,,,,,,0.06817189954087392,,,,,,10.78,25,73133.5,73207.3,72871.7,73051.85,none,no_price_available
2026-09-04T12:48:50.976079+00:00,2026-09-04T18:18:50.976079+05:30,NIFTYNXT50,29-Sep-2026,72400.0,CE,72880.9,,0,,0,0.0,,0,0,0,0,0,,,,,,,,,,,,,,,0.06817189954087392,,,,,,10.78,25,73133.5,73207.3,72871.7,73051.85,none,no_price_available
2026-09-04T12:48:50.976079+00:00,2026-09-04T18:18:50.976079+05:30,NIFTYNXT50,29-Sep-2026,72400.0,PE,72880.9,,0,,0,0.0,,0,0,0,0,0,,,,,,,,,,,,,,,0.06817189954087392,,,,,,10.78,25,73133.5,73207.3,72871.7,73051.85,none,no_price_available
2026-09-04T12:48:50.976079+00:00,2026-09-04T18:18:50.976079+05:30,NIFTYNXT50,29-Sep-2026,72500.0,CE,72880.9,1041,25,2110,25,0.0,1575.5,0,0,0,0,0,,,,,,,,,,,,,,,0.06817189954087392,73150,0.05406223896563841,0.009899999999999999,index_dividend_yield,0.065,10.78,25,73133.5,73207.3,72871.7,73051.85,mid_price,no_nse_iv
2026-09-04T12:48:50.976079+00:00,2026-09-04T18:18:50.976079+05:30,NIFTYNXT50,29-Sep-2026,72500.0,PE,72880.9,400,25,799,25,0.0,599.5,6,0,0,0,13.38,-0.39139990743568653,0.00015077333365703816,-15.206006327551616,73.04886967710894,-0.6887565870874746,0.00018251063713381477,36.04228607719051,-1.815282943930073e-08,-0.0010525171553047753,3.0136551615955276e-06,-1.4760540615923219,-39.74940006611574,0.40335466119188373,0.0001523617591552568,0.06817189954087392,73150,0.05406223896563841,0.009899999999999999,index_dividend_yield,0.065,10.78,25,73133.5,73207.3,72871.7,73051.85,mid_price,wide_quote_low_liquidity
2026-09-04T12:48:50.976079+00:00,2026-09-04T18:18:50.976079+05:30,NIFTYNXT50,29-Sep-2026,72600.0,CE,72880.9,623.4,50,2565.6,550,0.0,1594.5,0,0,0,0,0,,,,,,,,,,,,,,,0.06817189954087392,73150,0.05406223896563841,0.009899999999999999,index_dividend_yield,0.065,10.78,25,73133.5,73207.3,72871.7,73051.85,mid_price,no_nse_iv
2026-09-04T12:48:50.976079+00:00,2026-09-04T18:18:50.976079+05:30,NIFTYNXT50,29-Sep-2026,72600.0,PE,72880.9,,0,,0,0.0,,0,0,0,0,0,,,,,,,,,,,,,,,0.06817189954087392,,,,,,10.78,25,73133.5,73207.3,72871.7,73051.85,none,no_price_available
2026-09-04T12:48:50.976079+00:00,2026-09-04T18:18:50.976079+05:30,NIFTYNXT50,29-Sep-2026,72700.0,CE,72880.9,590.95,50,2436.95,550,0.0,1513.9499999999998,0,0,0,0,0,,,,,,,,,,,,,,,0.06817189954087392,73150,0.05406223896563841,0.009899999999999999,index_dividend_yield,0.065,10.78,25,73133.5,73207.3,72871.7,73051.85,mid_price,no_nse_iv
2026-09-04T12:48:50.976079+00:00,2026-09-04T18:18:50.976079+05:30,NIFTYNXT50,29-Sep-2026,72700.0,PE,0,,0,,0,0.0,,0,0,0,0,0,,,,,,,,,,,,,,,0.06817189954087392,,,,,,10.78,25,73133.5,73207.3,72871.7,73051.85,none,no_price_available
2026-09-04T12:48:50.976079+00:00,2026-09-04T18:18:50.976079+05:30,NIFTYNXT50,29-Sep-2026,72800.0,CE,72880.9,800.05,25,1790,25,0.0,1295.025,0,0,0,0,0,,,,,,,,,,,,,,,0.06817189954087392,73150,0.05406223896563841,0.009899999999999999,index_dividend_yield,0.065,10.78,25,73133.5,73207.3,72871.7,73051.85,mid_price,no_nse_iv
2026-09-04T12:48:50.976079+00:00,2026-09-04T18:18:50.976079+05:30,NIFTYNXT50,29-Sep-2026,72800.0,PE,0,,0,,0,0.0,,0,0,0,0,0,,,,,,,,,,,,,,,0.06817189954087392,,,,,,10.78,25,73133.5,73207.3,72871.7,73051.85,none,no_price_available
2026-09-04T12:48:50.976079+00:00,2026-09-04T18:18:50.976079+05:30,NIFTYNXT50,29-Sep-2026,72900.0,CE,72880.9,,0,,0,0.0,,0,0,0,0,0,,,,,,,,,,,,,,,0.06817189954087392,,,,,,10.78,25,73133.5,73207.3,72871.7,73051.85,none,no_price_available
2026-09-04T12:48:50.976079+00:00,2026-09-04T18:18:50.976079+05:30,NIFTYNXT50,29-Sep-2026,72900.0,PE,72880.9,772,25,1956.8,50,0.0,1364.4,3,0,0,0,16.07,-0.4581730582071613,0.00012966546905311563,-19.12900813673592,75.45240055725283,-0.15372593950271907,-0.0009426889281327622,3.049899539796286,-6.144158213556338e-09,-0.0008016685239374966,2.6414242682418264e-06,-1.4957357405424574,-30.519964428674093,0.4730613232587999,0.00012959753253680433,0.06817189954087392,73150,0.05406223896563841,0.009899999999999999,index_dividend_yield,0.065,10.78,25,73133.5,73207.3,72871.7,73051.85,mid_price,wide_quote_low_liquidity
2026-09-04T12:48:50.976079+00:00,2026-09-04T18:18:50.976079+05:30,NIFTYNXT50,29-Sep-2026,73000.0,CE,72880.9,1041.05,25,1175,25,1136,1108.025,6,1,70,1.883408071748879,12.31,0.5323714972860928,0.00016962017961658036,-24.379357799990927,75.60811681803757,-0.16138446006752627,-0.0014527158731820755,2.522536020677535,-8.148434055871629e-09,-0.0013723364690623556,3.4652929697555194e-06,-1.4943873928968825,38.334727264350875,-0.5176381398988933,0.00016906715814439782,0.06817189954087392,73150,0.05406223896563841,0.009899999999999999,index_dividend_yield,0.065,10.78,25,73133.5,73207.3,72871.7,73051.85,mid_price,ok
2026-09-04T12:48:50.976079+00:00,2026-09-04T18:18:50.976079+05:30,NIFTYNXT50,29-Sep-2026,73000.0,PE,72880.9,790,25,1020.45,25,0.0,905.225,0,0,0,0,0,,,,,,,,,,,,,,,0.06817189954087392,73150,0.05406223896563841,0.009899999999999999,index_dividend_yield,0.065,10.78,25,73133.5,73207.3,72871.7,73051.85,mid_price,no_nse_iv
2026-09-04T12:48:50.976079+00:00,2026-09-04T18:18:50.976079+05:30,NIFTYNXT50,29-Sep-2026,73100.0,CE,72880.9,,0,1200,25,0.0,,0,0,0,0,0,,,,,,,,,,,,,,,0.06817189954087392,,,,,,10.78,25,73133.5,73207.3,72871.7,73051.85,none,no_price_available
2026-09-04T12:48:50.976079+00:00,2026-09-04T18:18:50.976079+05:30,NIFTYNXT50,29-Sep-2026,73100.0,PE,72880.9,495.95,25,1496,25,0.0,995.975,0,0,0,0,0,,,,,,,,,,,,,,,0.06817189954087392,73150,0.05406223896563841,0.009899999999999999,index_dividend_yield,0.065,10.78,25,73133.5,73207.3,72871.7,73051.85,mid_price,no_nse_iv
2026-09-04T12:48:50.976079+00:00,2026-09-04T18:18:50.976079+05:30,NIFTYNXT50,29-Sep-2026,73200.0,CE,72880.9,444.3,50,1199.95,25,0.0,822.125,0,0,0,0,0,,,,,,,,,,,,,,,0.06817189954087392,73150,0.05406223896563841,0.009899999999999999,index_dividend_yield,0.065,10.78,25,73133.5,73207.3,72871.7,73051.85,mid_price,no_nse_iv
2026-09-04T12:48:50.976079+00:00,2026-09-04T18:18:50.976079+05:30,NIFTYNXT50,29-Sep-2026,73200.0,PE,72880.9,820,25,1810,25,0.0,1315.0,0,0,0,0,0,,,,,,,,,,,,,,,0.06817189954087392,73150,0.05406223896563841,0.009899999999999999,index_dividend_yield,0.065,10.78,25,73133.5,73207.3,72871.7,73051.85,mid_price,no_nse_iv
2026-09-04T12:48:50.976079+00:00,2026-09-04T18:18:50.976079+05:30,NIFTYNXT50,29-Sep-2026,73300.0,CE,72880.9,,0,1124.95,25,0.0,,0,0,0,0,0,,,,,,,,,,,,,,,0.06817189954087392,,,,,,10.78,25,73133.5,73207.3,72871.7,73051.85,none,no_price_available
2026-09-04T12:48:50.976079+00:00,2026-09-04T18:18:50.976079+05:30,NIFTYNXT50,29-Sep-2026,73300.0,PE,72880.9,942.05,25,1090,25,1030,1016.025,4,-1,51,-5.4829089240651525,14.07,-0.5137996841480347,0.000148810397498805,-15.578915949928934,75.81588758435753,0.20446899040660327,-0.0022295757892919488,1.3800954834053414,-5.113311073353215e-11,-0.0010549874125226977,2.9656300938706167e-06,-1.5364417546392986,-32.788937645761514,0.5264422988359517,0.00014711358591752274,0.06817189954087392,73150,0.05406223896563841,0.009899999999999999,index_dividend_yield,0.065,10.78,25,73133.5,73207.3,72871.7,73051.85,mid_price,ok
2026-09-04T12:48:50.976079+00:00,2026-09-04T18:18:50.976079+05:30,NIFTYNXT50,29-Sep-2026,73400.0,CE,72880.9,,0,1099.95,25,0.0,,0,0,0,0,0,,,,,,,,,,,,,,,0.06817189954087392,,,,,,10.78,25,73133.5,73207.3,72871.7,73051.85,none,no_price_available
2026-09-04T12:48:50.976079+00:00,2026-09-04T18:18:50.976079+05:30,NIFTYNXT50,29-Sep-2026,73400.0,PE,72880.9,941,25,,0,0.0,,3,0,0,0,16.06,,,,,,,,,,,,,,,0.06817189954087392,,,,,,10.78,25,73133.5,73207.3,72871.7,73051.85,none,no_price_available
2026-09-04T12:48:50.976079+00:00,2026-09-04T18:18:50.976079+05:30,NIFTYNXT50,29-Sep-2026,73500.0,CE,72880.9,750,25,922.6,25,0.0,836.3,8,0,0,0,9.43,0.4288041082888072,0.00021865323522422196,-18.76589806470097,74.66214276861096,0.8459828955309501,-0.003997567180156036,28.768083734014738,1.845161483082276e-08,-0.0022346860116196684,4.001199322895623e-06,-1.6346518242019668,55.961393650398904,-0.4175942793391237,0.00021498525955267837,0.06817189954087392,73150,0.05406223896563841,0.009899999999999999,index_dividend_yield,0.065,10.78,25,73133.5,73207.3,72871.7,73051.85,mid_price,wide_quote_low_liquidity
2026-09-04T12:48:50.976079+00:00,2026-09-04T18:18:50.976079+05:30,NIFTYNXT50,29-Sep-2026,73500.0,PE,72880.9,920,25,,0,0.0,,0,0,0,0,0,,,,,,,,,,,,,,,0.06817189954087392,,,,,,10.78,25,73133.5,73207.3,72871.7,73051.85,none,no_price_available
2026-09-04T12:48:50.976079+00:00,2026-09-04T18:18:50.976079+05:30,NIFTYNXT50,29-Sep-2026,73600.0,CE,72880.9,350.35,50,896.75,25,0.0,623.55,0,0,0,0,0,,,,,,,,,,,,,,,0.06817189954087392,73150,0.05406223896563841,0.009899999999999999,index_dividend_yield,0.065,10.78,25,73133.5,73207.3,72871.7,73051.85,mid_price,no_nse_iv
2026-09-04T12:48:50.976079+00:00,2026-09-04T18:18:50.976079+05:30,NIFTYNXT50,29-Sep-2026,73600.0,PE,72880.9,522.3,50,2982.15,50,0.0,1752.225,0,0,0,0,0,,,,,,,,,,,,,,,0.06817189954087392,73150,0.05406223896563841,0.009899999999999999,index_dividend_yield,0.065,10.78,25,73133.5,73207.3,72871.7,73051.85,mid_price,no_nse_iv
2026-09-04T12:48:50.976079+00:00,2026-09-04T18:18:50.976079+05:30,NIFTYNXT50,29-Sep-2026,73700.0,CE,72880.9,321.15,50,869.35,25,0.0,595.25,1,0,0,0,13,0.41981942756550755,0.0001579170803042862,-23.905401022605766,74.33704744737004,0.7079352949946605,-0.003575880679988541,27.163971764089467,1.061285648406047e-08,-0.001157104675880786,2.8857294509094225e-06,-1.629442003742298,41.224579662766466,-0.4050830298865837,0.00015442641314632126,0.06817189954087392,73150,0.05406223896563841,0.009899999999999999,index_dividend_yield,0.065,10.78,25,73133.5,73207.3,72871.7,73051.85,mid_price,wide_quote_low_liquidity
2026-09-04T12:48:50.976079+00:00,2026-09-04T18:18:50.976079+05:30,NIFTYNXT50,29-Sep-2026,73700.0,PE,72880.9,,0,,0,0.0,,0,0,0,0,0,,,,,,,,,,,,,,,0.06817189954087392,,,,,,10.78,25,73133.5,73207.3,72871.7,73051.85,none,no_price_available
2026-09-04T12:48:50.976079+00:00,2026-09-04T18:18:50.976079+05:30,NIFTYNXT50,29-Sep-2026,73800.0,CE,72880.9,300.15,50,842.85,25,0.0,571.5,0,0,0,0,0,,,,,,,,,,,,,,,0.06817189954087392,73150,0.05406223896563841,0.009899999999999999,index_dividend_yield,0.065,10.78,25,73133.5,73207.3,72871.7,73051.85,mid_price,no_nse_iv
2026-09-04T12:48:50.976079+00:00,2026-09-04T18:18:50.976079+05:30,NIFTYNXT50,29-Sep-2026,73800.0,PE,72880.9,584.15,50,2617.5,50,0.0,1600.825,0,0,0,0,0,,,,,,,,,,,,,,,0.06817189954087392,73150,0.05406223896563841,0.009899999999999999,index_dividend_yield,0.065,10.78,25,73133.5,73207.3,72871.7,73051.85,mid_price,no_nse_iv
2026-09-04T12:48:50.976079+00:00,2026-09-04T18:18:50.976079+05:30,NIFTYNXT50,29-Sep-2026,73900.0,CE,72880.9,278.5,50,810.95,25,0.0,544.725,0,0,0,0,0,,,,,,,,,,,,,,,0.06817189954087392,73150,0.05406223896563841,0.009899999999999999,index_dividend_yield,0.065,10.78,25,73133.5,73207.3,72871.7,73051.85,mid_price,no_nse_iv
2026-09-04T12:48:50.976079+00:00,2026-09-04T18:18:50.976079+05:30,NIFTYNXT50,29-Sep-2026,73900.0,PE,72880.9,,0,,0,0.0,,0,0,0,0,0,,,,,,,,,,,,,,,0.06817189954087392,,,,,,10.78,25,73133.5,73207.3,72871.7,73051.85,none,no_price_available
2026-09-04T12:48:50.976079+00:00,2026-09-04T18:18:50.976079+05:30,NIFTYNXT50,29-Sep-2026,74000.0,CE,72880.9,575.1,25,638,25,649.35,606.55,22,3,6,0.053929121725731895,12.09,0.36368900996798,0.00016311077543503015,-21.248803712602474,71.40716690857352,1.1780594473984052,-0.0046473112679131234,78.00895576596645,2.2186859150174432e-08,-0.0011710096996058572,2.578047537603182e-06,-1.7413647843224425,47.1419743094656,-0.3505908611686701,0.00015821463987562167,0.06817189954087392,73150,0.05406223896563841,0.009899999999999999,index_dividend_yield,0.065,10.78,25,73133.5,73207.3,72871.7,73051.85,mid_price,ok
2026-09-04T12:48:50.976079+00:00,2026-09-04T18:18:50.976079+05:30,NIFTYNXT50,29-Sep-2026,74000.0,PE,72880.9,1117,50,3295.05,50,0.0,2206.025,0,0,0,0,0,,,,,,,,,,,,,,,0.06817189954087392,73150,0.05406223896563841,0.009899999999999999,index_dividend_yield,0.065,10.78,25,73133.5,73207.3,72871.7,73051.85,mid_price,no_nse_iv
2026-09-04T12:48:50.976079+00:00,2026-09-04T18:18:50.976079+05:30,NIFTYNXT50,29-Sep-2026,74100.0,CE,72880.9,239.25,50,769.3,25,0.0,504.275,0,0,0,0,0,,,,,,,,,,,,,,,0.06817189954087392,73150,0.05406223896563841,0.009899999999999999,index_dividend_yield,0.065,10.78,25,73133.5,73207.3,72871.7,73051.85,mid_price,no_nse_iv
2026-09-04T12:48:50.976079+00:00,2026-09-04T18:18:50.976079+05:30,NIFTYNXT50,29-Sep-2026,74100.0,PE,72880.9,684.55,50,3375.6,50,0.0,2030.0749999999998,0,0,0,0,0,,,,,,,,,,,,,,,0.06817189954087392,73150,0.05406223896563841,0.009899999999999999,index_dividend_yield,0.065,10.78,25,73133.5,73207.3,72871.7,73051.85,mid_price,no_nse_iv
2026-09-04T12:48:50.976079+00:00,2026-09-04T18:18:50.976079+05:30,NIFTYNXT50,29-Sep-2026,74200.0,CE,72880.9,220.85,50,741.65,25,0.0,481.25,0,0,0,0,0,,,,,,,,,,,,,,,0.06817189954087392,73150,0.05406223896563841,0.009899999999999999,index_dividend_yield,0.065,10.78,25,73133.5,73207.3,72871.7,73051.85,mid_price,no_nse_iv
2026-09-04T12:48:50.976079+00:00,2026-09-04T18:18:50.976079+05:30,NIFTYNXT50,29-Sep-2026,74200.0,PE,72880.9,720.1,50,3456.85,50,0.0,2088.475,0,0,0,0,0,,,,,,,,,,,,,,,0.06817189954087392,73150,0.05406223896563841,0.009899999999999999,index_dividend_yield,0.065,10.78,25,73133.5,73207.3,72871.7,73051.85,mid_price,no_nse_iv
2026-09-04T12:48:50.976079+00:00,2026-09-04T18:18:50.976079+05:30,NIFTYNXT50,29-Sep-2026,74300.0,CE,72880.9,,0,720.85,25,0.0,,0,0,0,0,0,,,,,,,,,,,,,,,0.06817189954087392,,,,,,10.78,25,73133.5,73207.3,72871.7,73051.85,none,no_price_available
2026-09-04T12:48:50.976079+00:00,2026-09-04T18:18:50.976079+05:30,NIFTYNXT50,29-Sep-2026,74300.0,PE,72880.9,756.8,50,3538.75,50,0.0,2147.775,0,0,0,0,0,,,,,,,,,,,,,,,0.06817189954087392,73150,0.05406223896563841,0.009899999999999999,index_dividend_yield,0.065,10.78,25,73133.5,73207.3,72871.7,73051.85,mid_price,no_nse_iv
2026-09-04T12:48:50.976079+00:00,2026-09-04T18:18:50.976079+05:30,NIFTYNXT50,29-Sep-2026,74400.0,CE,72880.9,,0,692.7,25,0.0,,0,0,0,0,0,,,,,,,,,,,,,,,0.06817189954087392,,,,,,10.78,25,73133.5,73207.3,72871.7,73051.85,none,no_price_available
2026-09-04T12:48:50.976079+00:00,2026-09-04T18:18:50.976079+05:30,NIFTYNXT50,29-Sep-2026,74400.0,PE,72880.9,794.5,50,3621.65,50,0.0,2208.075,0,0,0,0,0,,,,,,,,,,,,,,,0.06817189954087392,73150,0.05406223896563841,0.009899999999999999,index_dividend_yield,0.065,10.78,25,73133.5,73207.3,72871.7,73051.85,mid_price,no_nse_iv
2026-09-04T12:48:50.976079+00:00,2026-09-04T18:18:50.976079+05:30,NIFTYNXT50,29-Sep-2026,74500.0,CE,72880.9,382.8,25,484,25,470,433.4,19,8,24,4.514120524794308,12.01,0.28576333730018816,0.00014868957401670388,-18.6778410422071,64.66307810047402,1.6880864153241693,-0.00570270026137043,181.5804570490016,3.4356089925278164e-08,-0.000820531034019501,1.579519285806744e-06,-1.9118416063828574,51.94678190499292,-0.27417135087581557,0.0001422968957329173,0.06817189954087392,73150,0.05406223896563841,0.009899999999999999,index_dividend_yield,0.065,10.78,25,73133.5,73207.3,72871.7,73051.85,mid_price,wide_quote_low_liquidity
2026-09-04T12:48:50.976079+00:00,2026-09-04T18:18:50.976079+05:30,NIFTYNXT50,29-Sep-2026,74500.0,PE,72880.9,1344.6,25,3705.35,50,1344,2524.975,15,0,2,-16,8.37,-0.7941022585176174,0.00017845560336972457,-0.08918225042874034,54.08645240514471,2.867806987777388,-0.00680861066906624,448.96708797658744,8.791702089237041e-08,-0.0006505902028162552,8.463987916126187e-08,-2.1477761341323216,-38.05568767058449,0.7972574761236275,0.00017078318068759686,0.06817189954087392,73150,0.05406223896563841,0.009899999999999999,index_dividend_yield,0.065,10.78,25,73133.5,73207.3,72871.7,73051.85,mid_price,wide_quote_low_liquidity
2026-09-04T12:48:50.976079+00:00,2026-09-04T18:18:50.976079+05:30,NIFTYNXT50,29-Sep-2026,74600.0,CE,72880.9,155.35,50,647.75,50,0.0,401.55,0,0,0,0,0,,,,,,,,,,,,,,,0.06817189954087392,73150,0.05406223896563841,0.009899999999999999,index_dividend_yield,0.065,10.78,25,73133.5,73207.3,72871.7,73051.85,mid_price,no_nse_iv
2026-09-04T12:48:50.976079+00:00,2026-09-04T18:18:50.976079+05:30,NIFTYNXT50,29-Sep-2026,74600.0,PE,72880.9,873.05,50,3789.6,50,0.0,2331.325,0,0,0,0,0,,,,,,,,,,,,,,,0.06817189954087392,73150,0.05406223896563841,0.009899999999999999,index_dividend_yield,0.065,10.78,25,73133.5,73207.3,72871.7,73051.85,mid_price,no_nse_iv
2026-09-04T12:48:50.976079+00:00,2026-09-04T18:18:50.976079+05:30,NIFTYNXT50,29-Sep-2026,74700.0,CE,72880.9,140.85,50,626.05,50,0.0,383.45,0,0,0,0,0,,,,,,,,,,,,,,,0.06817189954087392,73150,0.05406223896563841,0.009899999999999999,index_dividend_yield,0.065,10.78,25,73133.5,73207.3,72871.7,73051.85,mid_price,no_nse_iv
2026-09-04T12:48:50.976079+00:00,2026-09-04T18:18:50.976079+05:30,NIFTYNXT50,29-Sep-2026,74700.0,PE,72880.9,913.95,50,3874.7,50,0.0,2394.325,0,0,0,0,0,,,,,,,,,,,,,,,0.06817189954087392,73150,0.05406223896563841,0.009899999999999999,index_dividend_yield,0.065,10.78,25,73133.5,73207.3,72871.7,73051.85,mid_price,no_nse_iv
2026-09-04T12:48:50.976079+00:00,2026-09-04T18:18:50.976079+05:30,NIFTYNXT50,29-Sep-2026,74800.0,CE,72880.9,127.1,50,604.95,50,0.0,366.02500000000003,0,0,0,0,0,,,,,,,,,,,,,,,0.06817189954087392,73150,0.05406223896563841,0.009899999999999999,index_dividend_yield,0.065,10.78,25,73133.5,73207.3,72871.7,73051.85,mid_price,no_nse_iv
2026-09-04T12:48:50.976079+00:00,2026-09-04T18:18:50.976079+05:30,NIFTYNXT50,29-Sep-2026,74800.0,PE,72880.9,956,50,3339.85,550,0.0,2147.925,0,0,0,0,0,,,,,,,,,,,,,,,0.06817189954087392,73150,0.05406223896563841,0.009899999999999999,index_dividend_yield,0.065,10.78,25,73133.5,73207.3,72871.7,73051.85,mid_price,no_nse_iv
2026-09-04T12:48:50.976079+00:00,2026-09-04T18:18:50.976079+05:30,NIFTYNXT50,29-Sep-2026,74900.0,CE,72880.9,113.9,50,584.3,50,0.0,349.09999999999997,0,0,0,0,0,,,,,,,,,,,,,,,0.06817189954087392,73150,0.05406223896563841,0.009899999999999999,index_dividend_yield,0.065,10.78,25,73133.5,73207.3,72871.7,73051.85,mid_price,no_nse_iv
2026-09-04T12:48:50.976079+00:00,2026-09-04T18:18:50.976079+05:30,NIFTYNXT50,29-Sep-2026,74900.0,PE,72880.9,999.1,50,4046.85,50,0.0,2522.975,0,0,0,0,0,,,,,,,,,,,,,,,0.06817189954087392,73150,0.05406223896563841,0.009899999999999999,index_dividend_yield,0.065,10.78,25,73133.5,73207.3,72871.7,73051.85,mid_price,no_nse_iv
2026-09-04T12:48:50.976079+00:00,2026-09-04T18:18:50.976079+05:30,NIFTYNXT50,29-Sep-2026,75000.0,CE,72880.9,101.6,50,549.95,50,0.0,325.77500000000003,8,0,0,0,10.76,0.19135313100347237,0.0001330772136817011,-13.277996169714342,51.8500070773713,2.280501165152271,-0.006390129905845754,378.62883830816327,5.4228182413578474e-08,-0.0002649256246713079,-4.788268794731951e-08,-2.102202357845684,65.3945459195085,-0.1831030561002593,0.00012566334807945792,0.06817189954087392,73150,0.05406223896563841,0.009899999999999999,index_dividend_yield,0.065,10.78,25,73133.5,73207.3,72871.7,73051.85,mid_price,wide_quote_low_liquidity
2026-09-04T12:48:50.976079+00:00,2026-09-04T18:18:50.976079+05:30,NIFTYNXT50,29-Sep-2026,75000.0,PE,72880.9,1043.15,50,4134.1,50,0.0,2588.625,0,0,0,0,0,,,,,,,,,,,,,,,0.06817189954087392,73150,0.05406223896563841,0.009899999999999999,index_dividend_yield,0.065,10.78,25,73133.5,73207.3,72871.7,73051.85,mid_price,no_nse_iv
2026-09-04T12:48:50.976079+00:00,2026-09-04T18:18:50.976079+05:30,NIFTYNXT50,29-Sep-2026,75100.0,CE,72880.9,89.7,50,544.75,50,0.0,317.225,0,0,0,0,0,,,,,,,,,,,,,,,0.06817189954087392,73150,0.05406223896563841,0.009899999999999999,index_dividend_yield,0.065,10.78,25,73133.5,73207.3,72871.7,73051.85,mid_price,no_nse_iv
2026-09-04T12:48:50.976079+00:00,2026-09-04T18:18:50.976079+05:30,NIFTYNXT50,29-Sep-2026,75100.0,PE,72880.9,1088.55,50,4221.8,50,0.0,2655.175,0,0,0,0,0,,,,,,,,,,,,,,,0.06817189954087392,73150,0.05406223896563841,0.009899999999999999,index_dividend_yield,0.065,10.78,25,73133.5,73207.3,72871.7,73051.85,mid_price,no_nse_iv
2026-09-04T12:48:50.976079+00:00,2026-09-04T18:18:50.976079+05:30,NIFTYNXT50,29-Sep-2026,75200.0,CE,72880.9,78.4,50,525.7,50,0.0,302.05,0,0,0,0,0,,,,,,,,,,,,,,,0.06817189954087392,73150,0.05406223896563841,0.009899999999999999,index_dividend_yield,0.065,10.78,25,73133.5,73207.3,72871.7,73051.85,mid_price,no_nse_iv
2026-09-04T12:48:50.976079+00:00,2026-09-04T18:18:50.976079+05:30,NIFTYNXT50,29-Sep-2026,75200.0,PE,72880.9,1135,50,4310.05,50,0.0,2722.525,0,0,0,0,0,,,,,,,,,,,,,,,0.06817189954087392,73150,0.05406223896563841,0.009899999999999999,index_dividend_yield,0.065,10.78,25,73133.5,73207.3,72871.7,73051.85,mid_price,no_nse_iv
2026-09-04T12:48:50.976079+00:00,2026-09-04T18:18:50.976079+05:30,NIFTYNXT50,29-Sep-2026,75300.0,CE,72880.9,67.95,50,507.1,50,0.0,287.52500000000003,0,0,0,0,0,,,,,,,,,,,,,,,0.06817189954087392,73150,0.05406223896563841,0.009899999999999999,index_dividend_yield,0.065,10.78,25,73133.5,73207.3,72871.7,73051.85,mid_price,no_nse_iv
2026-09-04T12:48:50.976079+00:00,2026-09-04T18:18:50.976079+05:30,NIFTYNXT50,29-Sep-2026,75300.0,PE,72880.9,1182.25,50,3353.2,50,0.0,2267.725,0,0,0,0,0,,,,,,,,,,,,,,,0.06817189954087392,,,,,,10.78,25,73133.5,73207.3,72871.7,73051.85,mid_price,no_price_available
2026-09-04T12:48:50.976079+00:00,2026-09-04T18:18:50.976079+05:30,NIFTYNXT50,29-Sep-2026,75400.0,CE,72880.9,58.05,50,489.1,50,0.0,273.575,0,0,0,0,0,,,,,,,,,,,,,,,0.06817189954087392,73150,0.05406223896563841,0.009899999999999999,index_dividend_yield,0.065,10.78,25,73133.5,73207.3,72871.7,73051.85,mid_price,no_nse_iv
2026-09-04T12:48:50.976079+00:00,2026-09-04T18:18:50.976079+05:30,NIFTYNXT50,29-Sep-2026,75400.0,PE,72880.9,1230.7,50,3700.3,550,0.0,2465.5,0,0,0,0,0,,,,,,,,,,,,,,,0.06817189954087392,,,,,,10.78,25,73133.5,73207.3,72871.7,73051.85,mid_price,no_price_available
2026-09-04T12:48:50.976079+00:00,2026-09-04T18:18:50.976079+05:30,NIFTYNXT50,29-Sep-2026,75500.0,CE,72880.9,48.55,50,471.55,50,0.0,260.05,0,0,0,0,0,,,,,,,,,,,,,,,0.06817189954087392,73150,0.05406223896563841,0.009899999999999999,index_dividend_yield,0.065,10.78,25,73133.5,73207.3,72871.7,73051.85,mid_price,no_nse_iv
2026-09-04T12:48:50.976079+00:00,2026-09-04T18:18:50.976079+05:30,NIFTYNXT50,29-Sep-2026,75500.0,PE,72880.9,1280.35,50,4579,50,0.0,2929.675,0,0,0,0,0,,,,,,,,,,,,,,,0.06817189954087392,73150,0.05406223896563841,0.009899999999999999,index_dividend_yield,0.065,10.78,25,73133.5,73207.3,72871.7,73051.85,mid_price,no_nse_iv
2026-09-04T12:48:50.976079+00:00,2026-09-04T18:18:50.976079+05:30,NIFTYNXT50,29-Sep-2026,75600.0,CE,72880.9,39.9,50,459.25,50,0.0,249.575,0,0,0,0,0,,,,,,,,,,,,,,,0.06817189954087392,73150,0.05406223896563841,0.009899999999999999,index_dividend_yield,0.065,10.78,25,73133.5,73207.3,72871.7,73051.85,mid_price,no_nse_iv
2026-09-04T12:48:50.976079+00:00,2026-09-04T18:18:50.976079+05:30,NIFTYNXT50,29-Sep-2026,75600.0,PE,72880.9,1330.9,50,3657.3,50,0.0,2494.1000000000004,0,0,0,0,0,,,,,,,,,,,,,,,0.06817189954087392,,,,,,10.78,25,73133.5,73207.3,72871.7,73051.85,mid_price,no_price_available
2026-09-04T12:48:50.976079+00:00,2026-09-04T18:18:50.976079+05:30,NIFTYNXT50,29-Sep-2026,75700.0,CE,72880.9,31.5,50,442.45,50,0.0,236.975,0,0,0,0,0,,,,,,,,,,,,,,,0.06817189954087392,73150,0.05406223896563841,0.009899999999999999,index_dividend_yield,0.065,10.78,25,73133.5,73207.3,72871.7,73051.85,mid_price,no_nse_iv
2026-09-04T12:48:50.976079+00:00,2026-09-04T18:18:50.976079+05:30,NIFTYNXT50,29-Sep-2026,75700.0,PE,72880.9,1382.7,50,3762.25,50,0.0,2572.475,0,0,0,0,0,,,,,,,,,,,,,,,0.06817189954087392,,,,,,10.78,25,73133.5,73207.3,72871.7,73051.85,mid_price,no_price_available
2026-09-04T12:48:50.976079+00:00,2026-09-04T18:18:50.976079+05:30,NIFTYNXT50,29-Sep-2026,75800.0,CE,72880.9,23.65,50,421.75,50,0.0,222.7,0,0,0,0,0,,,,,,,,,,,,,,,0.06817189954087392,73150,0.05406223896563841,0.009899999999999999,index_dividend_yield,0.065,10.78,25,73133.5,73207.3,72871.7,73051.85,mid_price,no_nse_iv
2026-09-04T12:48:50.976079+00:00,2026-09-04T18:18:50.976079+05:30,NIFTYNXT50,29-Sep-2026,75800.0,PE,72880.9,1435.45,50,4070.25,550,0.0,2752.85,0,0,0,0,0,,,,,,,,,,,,,,,0.06817189954087392,,,,,,10.78,25,73133.5,73207.3,72871.7,73051.85,mid_price,no_price_available
2026-09-04T12:48:50.976079+00:00,2026-09-04T18:18:50.976079+05:30,NIFTYNXT50,29-Sep-2026,75900.0,CE,72880.9,,0,,0,0.0,,0,0,0,0,0,,,,,,,,,,,,,,,0.06817189954087392,,,,,,10.78,25,73133.5,73207.3,72871.7,73051.85,none,no_price_available
2026-09-04T12:48:50.976079+00:00,2026-09-04T18:18:50.976079+05:30,NIFTYNXT50,29-Sep-2026,75900.0,PE,72880.9,1489.35,50,4171.4,550,0.0,2830.375,0,0,0,0,0,,,,,,,,,,,,,,,0.06817189954087392,,,,,,10.78,25,73133.5,73207.3,72871.7,73051.85,mid_price,no_price_available
2026-09-04T12:48:50.976079+00:00,2026-09-04T18:18:50.976079+05:30,NIFTYNXT50,29-Sep-2026,76000.0,CE,72880.9,9.6,50,392.1,25,0.0,200.85000000000002,0,0,0,0,0,,,,,,,,,,,,,,,0.06817189954087392,73150,0.05406223896563841,0.009899999999999999,index_dividend_yield,0.065,10.78,25,73133.5,73207.3,72871.7,73051.85,mid_price,no_nse_iv
2026-09-04T12:48:50.976079+00:00,2026-09-04T18:18:50.976079+05:30,NIFTYNXT50,29-Sep-2026,76000.0,PE,72880.9,1544.15,50,5037.9,50,0.0,3291.0249999999996,0,0,0,0,0,,,,,,,,,,,,,,,0.06817189954087392,73150,0.05406223896563841,0.009899999999999999,index_dividend_yield,0.065,10.78,25,73133.5,73207.3,72871.7,73051.85,mid_price,no_nse_iv
2026-09-04T12:48:50.976079+00:00,2026-09-04T18:18:50.976079+05:30,NIFTYNXT50,29-Sep-2026,76100.0,CE,72880.9,6.65,50,1245.6,50,0.0,626.125,0,0,0,0,0,,,,,,,,,,,,,,,0.06817189954087392,73150,0.05406223896563841,0.009899999999999999,index_dividend_yield,0.065,10.78,25,73133.5,73207.3,72871.7,73051.85,mid_price,no_nse_iv
2026-09-04T12:48:50.976079+00:00,2026-09-04T18:18:50.976079+05:30,NIFTYNXT50,29-Sep-2026,76100.0,PE,72880.9,1603.3,50,4054.75,50,0.0,2829.025,0,0,0,0,0,,,,,,,,,,,,,,,0.06817189954087392,,,,,,10.78,25,73133.5,73207.3,72871.7,73051.85,mid_price,no_price_available
2026-09-04T12:48:50.976079+00:00,2026-09-04T18:18:50.976079+05:30,NIFTYNXT50,29-Sep-2026,76200.0,CE,72880.9,1,50,600,75,0.0,300.5,0,0,0,0,0,,,,,,,,,,,,,,,0.06817189954087392,73150,0.05406223896563841,0.009899999999999999,index_dividend_yield,0.065,10.78,25,73133.5,73207.3,72871.7,73051.85,mid_price,no_nse_iv
2026-09-04T12:48:50.976079+00:00,2026-09-04T18:18:50.976079+05:30,NIFTYNXT50,29-Sep-2026,76200.0,PE,72880.9,1660.65,50,4272.9,550,0.0,2966.7749999999996,0,0,0,0,0,,,,,,,,,,,,,,,0.06817189954087392,,,,,,10.78,25,73133.5,73207.3,72871.7,73051.85,mid_price,no_price_available
2026-09-04T12:48:50.976079+00:00,2026-09-04T18:18:50.976079+05:30,NIFTYNXT50,29-Sep-2026,76300.0,CE,72880.9,0.1,50,599.8,50,0.0,299.95,0,0,0,0,0,,,,,,,,,,,,,,,0.06817189954087392,73150,0.05406223896563841,0.009899999999999999,index_dividend_yield,0.065,10.78,25,73133.5,73207.3,72871.7,73051.85,mid_price,no_nse_iv
2026-09-04T12:48:50.976079+00:00,2026-09-04T18:18:50.976079+05:30,NIFTYNXT50,29-Sep-2026,76300.0,PE,72880.9,1715.55,50,4252.1,50,0.0,2983.8250000000003,0,0,0,0,0,,,,,,,,,,,,,,,0.06817189954087392,,,,,,10.78,25,73133.5,73207.3,72871.7,73051.85,mid_price,no_price_available
2026-09-04T12:48:50.976079+00:00,2026-09-04T18:18:50.976079+05:30,NIFTYNXT50,29-Sep-2026,76400.0,CE,72880.9,0.1,50,599.8,50,0.0,299.95,0,0,0,0,0,,,,,,,,,,,,,,,0.06817189954087392,73150,0.05406223896563841,0.009899999999999999,index_dividend_yield,0.065,10.78,25,73133.5,73207.3,72871.7,73051.85,mid_price,no_nse_iv
2026-09-04T12:48:50.976079+00:00,2026-09-04T18:18:50.976079+05:30,NIFTYNXT50,29-Sep-2026,76400.0,PE,72880.9,1774.6,50,4357.15,50,0.0,3065.875,0,0,0,0,0,,,,,,,,,,,,,,,0.06817189954087392,,,,,,10.78,25,73133.5,73207.3,72871.7,73051.85,mid_price,no_price_available
2026-09-04T12:48:50.976079+00:00,2026-09-04T18:18:50.976079+05:30,NIFTYNXT50,29-Sep-2026,76500.0,CE,72880.9,0.1,50,322.8,50,0.0,161.45000000000002,0,0,0,0,0,,,,,,,,,,,,,,,0.06817189954087392,73150,0.05406223896563841,0.009899999999999999,index_dividend_yield,0.065,10.78,25,73133.5,73207.3,72871.7,73051.85,mid_price,no_nse_iv
2026-09-04T12:48:50.976079+00:00,2026-09-04T18:18:50.976079+05:30,NIFTYNXT50,29-Sep-2026,76500.0,PE,72880.9,1834.5,50,4310.5,50,0.0,3072.5,0,0,0,0,0,,,,,,,,,,,,,,,0.06817189954087392,,,,,,10.78,25,73133.5,73207.3,72871.7,73051.85,mid_price,no_price_available
2026-09-04T12:48:50.976079+00:00,2026-09-04T18:18:50.976079+05:30,NIFTYNXT50,29-Sep-2026,76600.0,CE,72880.9,35,25,343.7,50,600,189.35,1,1,1,-65.74755951361534,22.56,0.22595525683049647,7.0008882514278e-05,-28.314882685784188,57.1906575994818,1.0799286024753412,-0.0056603940622284585,154.48213697948177,1.1266223939669744e-08,-0.00012121454852056574,4.16316732396933e-07,-1.958225720373811,30.200121563987555,-0.20786596001924557,6.33757424767359e-05,0.06817189954087392,73150,0.05406223896563841,0.009899999999999999,index_dividend_yield,0.065,10.78,25,73133.5,73207.3,72871.7,73051.85,mid_price,wide_quote_low_liquidity
2026-09-04T12:48:50.976079+00:00,2026-09-04T18:18:50.976079+05:30,NIFTYNXT50,29-Sep-2026,76600.0,PE,72880.9,1895.6,50,5604.65,50,0.0,3750.125,0,0,0,0,0,,,,,,,,,,,,,,,0.06817189954087392,73150,0.05406223896563841,0.009899999999999999,index_dividend_yield,0.065,10.78,25,73133.5,73207.3,72871.7,73051.85,mid_price,no_nse_iv
2026-09-04T12:48:50.976079+00:00,2026-09-04T18:18:50.976079+05:30,NIFTYNXT50,29-Sep-2026,76700.0,CE,72880.9,100.05,50,138,25,120,119.025,16,16,19,-93.03135888501743,13.14,0.08652890811861606,6.305854350384736e-05,-8.856588949771458,30.00351593393661,1.6755181251768905,-0.005115379815779197,434.28542779903444,3.3332082029732296e-08,0.0004328964309334901,-1.5195929342616637e-06,-1.9284943798948007,64.23043348809354,-0.08094031547786854,5.693517523120269e-05,0.06817189954087392,73150,0.05406223896563841,0.009899999999999999,index_dividend_yield,0.065,10.78,25,73133.5,73207.3,72871.7,73051.85,mid_price,wide_quote_low_liquidity
2026-09-04T12:48:50.976079+00:00,2026-09-04T18:18:50.976079+05:30,NIFTYNXT50,29-Sep-2026,76700.0,PE,72880.9,1957.6,50,5700.35,50,0.0,3828.9750000000004,0,0,0,0,0,,,,,,,,,,,,,,,0.06817189954087392,73150,0.05406223896563841,0.009899999999999999,index_dividend_yield,0.065,10.78,25,73133.5,73207.3,72871.7,73051.85,mid_price,no_nse_iv
2026-09-04T12:48:50.976079+00:00,2026-09-04T18:18:50.976079+05:30,NIFTYNXT50,29-Sep-2026,76800.0,CE,72880.9,0.1,50,285.3,25,0.0,142.70000000000002,0,0,0,0,0,,,,,,,,,,,,,,,0.06817189954087392,73150,0.05406223896563841,0.009899999999999999,index_dividend_yield,0.065,10.78,25,73133.5,73207.3,72871.7,73051.85,mid_price,no_nse_iv
2026-09-04T12:48:50.976079+00:00,2026-09-04T18:18:50.976079+05:30,NIFTYNXT50,29-Sep-2026,76800.0,PE,72880.9,2020.55,50,4704.5,550,0.0,3362.525,0,0,0,0,0,,,,,,,,,,,,,,,0.06817189954087392,,,,,,10.78,25,73133.5,73207.3,72871.7,73051.85,mid_price,no_price_available
2026-09-04T12:48:50.976079+00:00,2026-09-04T18:18:50.976079+05:30,NIFTYNXT50,29-Sep-2026,76900.0,CE,72880.9,0.1,50,273.85,25,0.0,136.97500000000002,0,0,0,0,0,,,,,,,,,,,,,,,0.06817189954087392,73150,0.05406223896563841,0.009899999999999999,index_dividend_yield,0.065,10.78,25,73133.5,73207.3,72871.7,73051.85,mid_price,no_nse_iv
2026-09-04T12:48:50.976079+00:00,2026-09-04T18:18:50.976079+05:30,NIFTYNXT50,29-Sep-2026,76900.0,PE,72880.9,2084.5,50,5892.6,50,0.0,3988.55,0,0,0,0,0,,,,,,,,,,,,,,,0.06817189954087392,,,,,,10.78,25,73133.5,73207.3,72871.7,73051.85,mid_price,no_price_available
2026-09-04T12:48:50.976079+00:00,2026-09-04T18:18:50.976079+05:30,NIFTYNXT50,29-Sep-2026,77000.0,CE,72880.9,0.15,50,262.75,25,0.0,131.45,0,0,0,0,0,,,,,,,,,,,,,,,0.06817189954087392,73150,0.05406223896563841,0.009899999999999999,index_dividend_yield,0.065,10.78,25,73133.5,73207.3,72871.7,73051.85,mid_price,no_nse_iv
2026-09-04T12:48:50.976079+00:00,2026-09-04T18:18:50.976079+05:30,NIFTYNXT50,29-Sep-2026,77000.0,PE,72880.9,2149.4,50,4955.6,550,0.0,3552.5,0,0,0,0,0,,,,,,,,,,,,,,,0.06817189954087392,,,,,,10.78,25,73133.5,73207.3,72871.7,73051.85,mid_price,no_price_available
2026-09-04T12:48:50.976079+00:00,2026-09-04T18:18:50.976079+05:30,NIFTYNXT50,29-Sep-2026,77100.0,CE,72880.9,0.1,50,252.1,25,0.0,126.1,0,0,0,0,0,,,,,,,,,,,,,,,0.06817189954087392,73150,0.05406223896563841,0.009899999999999999,index_dividend_yield,0.065,10.78,25,73133.5,73207.3,72871.7,73051.85,mid_price,no_nse_iv
2026-09-04T12:48:50.976079+00:00,2026-09-04T18:18:50.976079+05:30,NIFTYNXT50,29-Sep-2026,77100.0,PE,72880.9,,0,,0,0.0,,0,0,0,0,0,,,,,,,,,,,,,,,0.06817189954087392,,,,,,10.78,25,73133.5,73207.3,72871.7,73051.85,none,no_price_available
2026-09-04T12:48:50.976079+00:00,2026-09-04T18:18:50.976079+05:30,NIFTYNXT50,29-Sep-2026,77200.0,CE,72880.9,0.1,50,244.65,25,0.0,122.375,0,0,0,0,0,,,,,,,,,,,,,,,0.06817189954087392,73150,0.05406223896563841,0.009899999999999999,index_dividend_yield,0.065,10.78,25,73133.5,73207.3,72871.7,73051.85,mid_price,no_nse_iv
2026-09-04T12:48:50.976079+00:00,2026-09-04T18:18:50.976079+05:30,NIFTYNXT50,29-Sep-2026,77200.0,PE,72880.9,,0,4988.2,550,0.0,,0,0,0,0,0,,,,,,,,,,,,,,,0.06817189954087392,,,,,,10.78,25,73133.5,73207.3,72871.7,73051.85,none,no_price_available
2026-09-04T12:48:50.976079+00:00,2026-09-04T18:18:50.976079+05:30,NIFTYNXT50,29-Sep-2026,77300.0,CE,72880.9,0.1,50,833.6,50,0.0,416.85,0,0,0,0,0,,,,,,,,,,,,,,,0.06817189954087392,73150,0.05406223896563841,0.009899999999999999,index_dividend_yield,0.065,10.78,25,73133.5,73207.3,72871.7,73051.85,mid_price,no_nse_iv
2026-09-04T12:48:50.976079+00:00,2026-09-04T18:18:50.976079+05:30,NIFTYNXT50,29-Sep-2026,77300.0,PE,72880.9,,0,5098.45,550,0.0,,0,0,0,0,0,,,,,,,,,,,,,,,0.06817189954087392,,,,,,10.78,25,73133.5,73207.3,72871.7,73051.85,none,no_price_available
2026-09-04T12:48:50.976079+00:00,2026-09-04T18:18:50.976079+05:30,NIFTYNXT50,29-Sep-2026,77400.0,CE,72880.9,0.1,50,802.45,50,0.0,401.27500000000003,0,0,0,0,0,,,,,,,,,,,,,,,0.06817189954087392,73150,0.05406223896563841,0.009899999999999999,index_dividend_yield,0.065,10.78,25,73133.5,73207.3,72871.7,73051.85,mid_price,no_nse_iv
2026-09-04T12:48:50.976079+00:00,2026-09-04T18:18:50.976079+05:30,NIFTYNXT50,29-Sep-2026,77400.0,PE,72880.9,,0,5205.1,550,0.0,,0,0,0,0,0,,,,,,,,,,,,,,,0.06817189954087392,,,,,,10.78,25,73133.5,73207.3,72871.7,73051.85,none,no_price_available
2026-09-04T12:48:50.976079+00:00,2026-09-04T18:18:50.976079+05:30,NIFTYNXT50,29-Sep-2026,77500.0,CE,72880.9,1.1,50,213,25,0.0,107.05,0,0,0,0,0,,,,,,,,,,,,,,,0.06817189954087392,73150,0.05406223896563841,0.009899999999999999,index_dividend_yield,0.065,10.78,25,73133.5,73207.3,72871.7,73051.85,mid_price,no_nse_iv
2026-09-04T12:48:50.976079+00:00,2026-09-04T18:18:50.976079+05:30,NIFTYNXT50,29-Sep-2026,77500.0,PE,72880.9,,0,,0,0.0,,0,0,0,0,0,,,,,,,,,,,,,,,0.06817189954087392,,,,,,10.78,25,73133.5,73207.3,72871.7,73051.85,none,no_price_available
2026-09-04T12:48:50.976079+00:00,2026-09-04T18:18:50.976079+05:30,NIFTYNXT50,29-Sep-2026,77600.0,CE,72880.9,2.4,25,204,25,0.0,103.2,10,0,0,0,10,0.012342202313586709,1.681717555973891e-05,-1.3580019039218292,6.089559908988084,0.7270788778529916,-0.00164554030194531,310.7316693260538,1.9831634820342738e-08,0.0006899361659454367,-1.604217952153911e-06,-0.8256412932304338,111.35725582184853,-0.011487540075221604,1.4833958837175612e-05,0.06817189954087392,73150,0.05406223896563841,0.009899999999999999,index_dividend_yield,0.065,10.78,25,73133.5,73207.3,72871.7,73051.85,mid_price,wide_quote_low_liquidity
2026-09-04T12:48:50.976079+00:00,2026-09-04T18:18:50.976079+05:30,NIFTYNXT50,29-Sep-2026,77600.0,PE,72880.9,,0,5367.15,550,0.0,,0,0,0,0,0,,,,,,,,,,,,,,,0.06817189954087392,,,,,,10.78,25,73133.5,73207.3,72871.7,73051.85,none,no_price_available
2026-09-04T12:48:50.976079+00:00,2026-09-04T18:18:50.976079+05:30,NIFTYNXT50,29-Sep-2026,77700.0,CE,72880.9,0.2,50,195.65,25,0.0,97.925,0,0,0,0,0,,,,,,,,,,,,,,,0.06817189954087392,73150,0.05406223896563841,0.009899999999999999,index_dividend_yield,0.065,10.78,25,73133.5,73207.3,72871.7,73051.85,mid_price,no_nse_iv
2026-09-04T12:48:50.976079+00:00,2026-09-04T18:18:50.976079+05:30,NIFTYNXT50,29-Sep-2026,77700.0,PE,72880.9,,0,5688.05,550,0.0,,0,0,0,0,0,,,,,,,,,,,,,,,0.06817189954087392,,,,,,10.78,25,73133.5,73207.3,72871.7,73051.85,none,no_price_available
2026-09-04T12:48:50.976079+00:00,2026-09-04T18:18:50.976079+05:30,NIFTYNXT50,29-Sep-2026,77800.0,CE,72880.9,0.1,50,187.3,25,0.0,93.7,0,0,0,0,0,,,,,,,,,,,,,,,0.06817189954087392,73150,0.05406223896563841,0.009899999999999999,index_dividend_yield,0.065,10.78,25,73133.5,73207.3,72871.7,73051.85,mid_price,no_nse_iv
2026-09-04T12:48:50.976079+00:00,2026-09-04T18:18:50.976079+05:30,NIFTYNXT50,29-Sep-2026,77800.0,PE,72880.9,,0,5800.05,550,0.0,,0,0,0,0,0,,,,,,,,,,,,,,,0.06817189954087392,,,,,,10.78,25,73133.5,73207.3,72871.7,73051.85,none,no_price_available
2026-09-04T12:48:50.976079+00:00,2026-09-04T18:18:50.976079+05:30,NIFTYNXT50,29-Sep-2026,77900.0,CE,72880.9,0.1,50,179.15,25,0.0,89.625,0,0,0,0,0,,,,,,,,,,,,,,,0.06817189954087392,73150,0.05406223896563841,0.009899999999999999,index_dividend_yield,0.065,10.78,25,73133.5,73207.3,72871.7,73051.85,mid_price,no_nse_iv
2026-09-04T12:48:50.976079+00:00,2026-09-04T18:18:50.976079+05:30,NIFTYNXT50,29-Sep-2026,77900.0,PE,72880.9,,0,5906.75,550,0.0,,0,0,0,0,0,,,,,,,,,,,,,,,0.06817189954087392,,,,,,10.78,25,73133.5,73207.3,72871.7,73051.85,none,no_price_available
2026-09-04T12:48:50.976079+00:00,2026-09-04T18:18:50.976079+05:30,NIFTYNXT50,29-Sep-2026,78000.0,CE,72880.9,0.1,50,171.35,25,0.0,85.725,0,0,0,0,0,,,,,,,,,,,,,,,0.06817189954087392,73150,0.05406223896563841,0.009899999999999999,index_dividend_yield,0.065,10.78,25,73133.5,73207.3,72871.7,73051.85,mid_price,no_nse_iv
2026-09-04T12:48:50.976079+00:00,2026-09-04T18:18:50.976079+05:30,NIFTYNXT50,29-Sep-2026,78000.0,PE,72880.9,,0,5982.25,550,0.0,,0,0,0,0,0,,,,,,,,,,,,,,,0.06817189954087392,,,,,,10.78,25,73133.5,73207.3,72871.7,73051.85,none,no_price_available
2026-09-04T12:48:50.976079+00:00,2026-09-04T18:18:50.976079+05:30,NIFTYNXT50,29-Sep-2026,78100.0,CE,72880.9,0.1,50,163.8,25,0.0,81.95,0,0,0,0,0,,,,,,,,,,,,,,,0.06817189954087392,73150,0.05406223896563841,0.009899999999999999,index_dividend_yield,0.065,10.78,25,73133.5,73207.3,72871.7,73051.85,mid_price,no_nse_iv
2026-09-04T12:48:50.976079+00:00,2026-09-04T18:18:50.976079+05:30,NIFTYNXT50,29-Sep-2026,78100.0,PE,72880.9,,0,6088.95,550,0.0,,0,0,0,0,0,,,,,,,,,,,,,,,0.06817189954087392,,,,,,10.78,25,73133.5,73207.3,72871.7,73051.85,none,no_price_available
2026-09-04T12:48:50.976079+00:00,2026-09-04T18:18:50.976079+05:30,NIFTYNXT50,29-Sep-2026,78200.0,CE,72880.9,0.1,50,364.45,50,0.0,182.275,0,0,0,0,0,,,,,,,,,,,,,,,0.06817189954087392,73150,0.05406223896563841,0.009899999999999999,index_dividend_yield,0.065,10.78,25,73133.5,73207.3,72871.7,73051.85,mid_price,no_nse_iv
2026-09-04T12:48:50.976079+00:00,2026-09-04T18:18:50.976079+05:30,NIFTYNXT50,29-Sep-2026,78200.0,PE,72880.9,,0,6195.65,550,0.0,,0,0,0,0,0,,,,,,,,,,,,,,,0.06817189954087392,,,,,,10.78,25,73133.5,73207.3,72871.7,73051.85,none,no_price_available
2026-09-04T12:48:50.976079+00:00,2026-09-04T18:18:50.976079+05:30,NIFTYNXT50,29-Sep-2026,78300.0,CE,0,,0,,0,0.0,,0,0,0,0,0,,,,,,,,,,,,,,,0.06817189954087392,,,,,,10.78,25,73133.5,73207.3,72871.7,73051.85,none,no_price_available
2026-09-04T12:48:50.976079+00:00,2026-09-04T18:18:50.976079+05:30,NIFTYNXT50,29-Sep-2026,78300.0,PE,72880.9,,0,6302.3,550,0.0,,0,0,0,0,0,,,,,,,,,,,,,,,0.06817189954087392,,,,,,10.78,25,73133.5,73207.3,72871.7,73051.85,none,no_price_available
2026-09-04T12:48:50.976079+00:00,2026-09-04T18:18:50.976079+05:30,NIFTYNXT50,29-Sep-2026,78400.0,CE,0,,0,,0,0.0,,0,0,0,0,0,,,,,,,,,,,,,,,0.06817189954087392,,,,,,10.78,25,73133.5,73207.3,72871.7,73051.85,none,no_price_available
2026-09-04T12:48:50.976079+00:00,2026-09-04T18:18:50.976079+05:30,NIFTYNXT50,29-Sep-2026,78400.0,PE,72880.9,,0,6409,550,0.0,,0,0,0,0,0,,,,,,,,,,,,,,,0.06817189954087392,,,,,,10.78,25,73133.5,73207.3,72871.7,73051.85,none,no_price_available
2026-09-04T12:48:50.976079+00:00,2026-09-04T18:18:50.976079+05:30,NIFTYNXT50,29-Sep-2026,78500.0,CE,0,,0,,0,0.0,,0,0,0,0,0,,,,,,,,,,,,,,,0.06817189954087392,,,,,,10.78,25,73133.5,73207.3,72871.7,73051.85,none,no_price_available
2026-09-04T12:48:50.976079+00:00,2026-09-04T18:18:50.976079+05:30,NIFTYNXT50,29-Sep-2026,78500.0,PE,72880.9,,0,6515.65,550,0.0,,0,0,0,0,0,,,,,,,,,,,,,,,0.06817189954087392,,,,,,10.78,25,73133.5,73207.3,72871.7,73051.85,none,no_price_available
2026-09-04T12:48:50.976079+00:00,2026-09-04T18:18:50.976079+05:30,NIFTYNXT50,29-Sep-2026,78600.0,CE,0,,0,,0,0.0,,0,0,0,0,0,,,,,,,,,,,,,,,0.06817189954087392,,,,,,10.78,25,73133.5,73207.3,72871.7,73051.85,none,no_price_available
2026-09-04T12:48:50.976079+00:00,2026-09-04T18:18:50.976079+05:30,NIFTYNXT50,29-Sep-2026,78600.0,PE,72880.9,,0,6622.35,550,0.0,,0,0,0,0,0,,,,,,,,,,,,,,,0.06817189954087392,,,,,,10.78,25,73133.5,73207.3,72871.7,73051.85,none,no_price_available
2026-09-04T12:48:50.976079+00:00,2026-09-04T18:18:50.976079+05:30,NIFTYNXT50,29-Sep-2026,78700.0,CE,0,,0,,0,0.0,,0,0,0,0,0,,,,,,,,,,,,,,,0.06817189954087392,,,,,,10.78,25,73133.5,73207.3,72871.7,73051.85,none,no_price_available
2026-09-04T12:48:50.976079+00:00,2026-09-04T18:18:50.976079+05:30,NIFTYNXT50,29-Sep-2026,78700.0,PE,72880.9,,0,6729.05,550,0.0,,0,0,0,0,0,,,,,,,,,,,,,,,0.06817189954087392,,,,,,10.78,25,73133.5,73207.3,72871.7,73051.85,none,no_price_available
2026-09-04T12:48:50.976079+00:00,2026-09-04T18:18:50.976079+05:30,NIFTYNXT50,29-Sep-2026,78800.0,CE,0,,0,,0,0.0,,0,0,0,0,0,,,,,,,,,,,,,,,0.06817189954087392,,,,,,10.78,25,73133.5,73207.3,72871.7,73051.85,none,no_price_available
2026-09-04T12:48:50.976079+00:00,2026-09-04T18:18:50.976079+05:30,NIFTYNXT50,29-Sep-2026,78800.0,PE,72880.9,,0,6511.75,550,0.0,,0,0,0,0,0,,,,,,,,,,,,,,,0.06817189954087392,,,,,,10.78,25,73133.5,73207.3,72871.7,73051.85,none,no_price_available
2026-09-04T12:48:50.976079+00:00,2026-09-04T18:18:50.976079+05:30,NIFTYNXT50,29-Sep-2026,78900.0,CE,0,,0,,0,0.0,,0,0,0,0,0,,,,,,,,,,,,,,,0.06817189954087392,,,,,,10.78,25,73133.5,73207.3,72871.7,73051.85,none,no_price_available
2026-09-04T12:48:50.976079+00:00,2026-09-04T18:18:50.976079+05:30,NIFTYNXT50,29-Sep-2026,78900.0,PE,72880.9,,0,6618.4,550,0.0,,0,0,0,0,0,,,,,,,,,,,,,,,0.06817189954087392,,,,,,10.78,25,73133.5,73207.3,72871.7,73051.85,none,no_price_available
2026-09-04T12:48:50.976079+00:00,2026-09-04T18:18:50.976079+05:30,NIFTYNXT50,29-Sep-2026,79000.0,CE,0,,0,,0,0.0,,0,0,0,0,0,,,,,,,,,,,,,,,0.06817189954087392,,,,,,10.78,25,73133.5,73207.3,72871.7,73051.85,none,no_price_available
2026-09-04T12:48:50.976079+00:00,2026-09-04T18:18:50.976079+05:30,NIFTYNXT50,29-Sep-2026,79000.0,PE,72880.9,,0,6724.8,550,0.0,,0,0,0,0,0,,,,,,,,,,,,,,,0.06817189954087392,,,,,,10.78,25,73133.5,73207.3,72871.7,73051.85,none,no_price_available
2026-09-04T12:48:50.976079+00:00,2026-09-04T18:18:50.976079+05:30,NIFTYNXT50,29-Sep-2026,79100.0,CE,0,,0,,0,0.0,,0,0,0,0,0,,,,,,,,,,,,,,,0.06817189954087392,,,,,,10.78,25,73133.5,73207.3,72871.7,73051.85,none,no_price_available
2026-09-04T12:48:50.976079+00:00,2026-09-04T18:18:50.976079+05:30,NIFTYNXT50,29-Sep-2026,79100.0,PE,72880.9,,0,6831.75,550,0.0,,0,0,0,0,0,,,,,,,,,,,,,,,0.06817189954087392,,,,,,10.78,25,73133.5,73207.3,72871.7,73051.85,none,no_price_available
2026-09-04T12:48:50.976079+00:00,2026-09-04T18:18:50.976079+05:30,NIFTYNXT50,29-Sep-2026,79200.0,CE,0,,0,,0,0.0,,0,0,0,0,0,,,,,,,,,,,,,,,0.06817189954087392,,,,,,10.78,25,73133.5,73207.3,72871.7,73051.85,none,no_price_available
2026-09-04T12:48:50.976079+00:00,2026-09-04T18:18:50.976079+05:30,NIFTYNXT50,29-Sep-2026,79200.0,PE,72880.9,,0,6938.2,550,0.0,,0,0,0,0,0,,,,,,,,,,,,,,,0.06817189954087392,,,,,,10.78,25,73133.5,73207.3,72871.7,73051.85,none,no_price_available
2026-09-04T12:48:50.976079+00:00,2026-09-04T18:18:50.976079+05:30,NIFTYNXT50,29-Sep-2026,79300.0,CE,0,,0,,0,0.0,,0,0,0,0,0,,,,,,,,,,,,,,,0.06817189954087392,,,,,,10.78,25,73133.5,73207.3,72871.7,73051.85,none,no_price_available
2026-09-04T12:48:50.976079+00:00,2026-09-04T18:18:50.976079+05:30,NIFTYNXT50,29-Sep-2026,79300.0,PE,72880.9,,0,7045.35,550,0.0,,0,0,0,0,0,,,,,,,,,,,,,,,0.06817189954087392,,,,,,10.78,25,73133.5,73207.3,72871.7,73051.85,none,no_price_available
2026-09-04T12:48:50.976079+00:00,2026-09-04T18:18:50.976079+05:30,NIFTYNXT50,29-Sep-2026,79400.0,CE,0,,0,,0,0.0,,0,0,0,0,0,,,,,,,,,,,,,,,0.06817189954087392,,,,,,10.78,25,73133.5,73207.3,72871.7,73051.85,none,no_price_available
2026-09-04T12:48:50.976079+00:00,2026-09-04T18:18:50.976079+05:30,NIFTYNXT50,29-Sep-2026,79400.0,PE,72880.9,,0,7151.55,550,0.0,,0,0,0,0,0,,,,,,,,,,,,,,,0.06817189954087392,,,,,,10.78,25,73133.5,73207.3,72871.7,73051.85,none,no_price_available
2026-09-04T12:48:50.976079+00:00,2026-09-04T18:18:50.976079+05:30,NIFTYNXT50,29-Sep-2026,79500.0,CE,0,,0,,0,0.0,,0,0,0,0,0,,,,,,,,,,,,,,,0.06817189954087392,,,,,,10.78,25,73133.5,73207.3,72871.7,73051.85,none,no_price_available
2026-09-04T12:48:50.976079+00:00,2026-09-04T18:18:50.976079+05:30,NIFTYNXT50,29-Sep-2026,79500.0,PE,72880.9,,0,7258.9,550,0.0,,0,0,0,0,0,,,,,,,,,,,,,,,0.06817189954087392,,,,,,10.78,25,73133.5,73207.3,72871.7,73051.85,none,no_price_available
2026-09-04T12:48:50.976079+00:00,2026-09-04T18:18:50.976079+05:30,NIFTYNXT50,29-Sep-2026,79600.0,CE,0,,0,,0,0.0,,0,0,0,0,0,,,,,,,,,,,,,,,0.06817189954087392,,,,,,10.78,25,73133.5,73207.3,72871.7,73051.85,none,no_price_available
2026-09-04T12:48:50.976079+00:00,2026-09-04T18:18:50.976079+05:30,NIFTYNXT50,29-Sep-2026,79600.0,PE,72880.9,,0,7365.15,550,0.0,,0,0,0,0,0,,,,,,,,,,,,,,,0.06817189954087392,,,,,,10.78,25,73133.5,73207.3,72871.7,73051.85,none,no_price_available
2026-09-04T12:48:50.976079+00:00,2026-09-04T18:18:50.976079+05:30,NIFTYNXT50,29-Sep-2026,79700.0,CE,0,,0,,0,0.0,,0,0,0,0,0,,,,,,,,,,,,,,,0.06817189954087392,,,,,,10.78,25,73133.5,73207.3,72871.7,73051.85,none,no_price_available
2026-09-04T12:48:50.976079+00:00,2026-09-04T18:18:50.976079+05:30,NIFTYNXT50,29-Sep-2026,79700.0,PE,72880.9,,0,7472.05,550,0.0,,0,0,0,0,0,,,,,,,,,,,,,,,0.06817189954087392,,,,,,10.78,25,73133.5,73207.3,72871.7,73051.85,none,no_price_available
2026-09-04T12:48:50.976079+00:00,2026-09-04T18:18:50.976079+05:30,NIFTYNXT50,29-Sep-2026,79800.0,CE,0,,0,,0,0.0,,0,0,0,0,0,,,,,,,,,,,,,,,0.06817189954087392,,,,,,10.78,25,73133.5,73207.3,72871.7,73051.85,none,no_price_available
2026-09-04T12:48:50.976079+00:00,2026-09-04T18:18:50.976079+05:30,NIFTYNXT50,29-Sep-2026,79800.0,PE,72880.9,,0,7578.55,550,0.0,,0,0,0,0,0,,,,,,,,,,,,,,,0.06817189954087392,,,,,,10.78,25,73133.5,73207.3,72871.7,73051.85,none,no_price_available
2026-09-04T12:48:50.976079+00:00,2026-09-04T18:18:50.976079+05:30,NIFTYNXT50,29-Sep-2026,79900.0,CE,0,,0,,0,0.0,,0,0,0,0,0,,,,,,,,,,,,,,,0.06817189954087392,,,,,,10.78,25,73133.5,73207.3,72871.7,73051.85,none,no_price_available
2026-09-04T12:48:50.976079+00:00,2026-09-04T18:18:50.976079+05:30,NIFTYNXT50,29-Sep-2026,79900.0,PE,72880.9,,0,7685.6,550,0.0,,0,0,0,0,0,,,,,,,,,,,,,,,0.06817189954087392,,,,,,10.78,25,73133.5,73207.3,72871.7,73051.85,none,no_price_available
2026-09-04T12:48:50.976079+00:00,2026-09-04T18:18:50.976079+05:30,NIFTYNXT50,29-Sep-2026,80000.0,CE,0,,0,,0,0.0,,0,0,0,0,0,,,,,,,,,,,,,,,0.06817189954087392,,,,,,10.78,25,73133.5,73207.3,72871.7,73051.85,none,no_price_available
2026-09-04T12:48:50.976079+00:00,2026-09-04T18:18:50.976079+05:30,NIFTYNXT50,29-Sep-2026,80000.0,PE,72880.9,,0,7791.6,550,0.0,,0,0,0,0,0,,,,,,,,,,,,,,,0.06817189954087392,,,,,,10.78,25,73133.5,73207.3,72871.7,73051.85,none,no_price_available
2026-09-04T12:48:50.976079+00:00,2026-09-04T18:18:50.976079+05:30,NIFTYNXT50,29-Sep-2026,80100.0,CE,0,,0,,0,0.0,,0,0,0,0,0,,,,,,,,,,,,,,,0.06817189954087392,,,,,,10.78,25,73133.5,73207.3,72871.7,73051.85,none,no_price_available
2026-09-04T12:48:50.976079+00:00,2026-09-04T18:18:50.976079+05:30,NIFTYNXT50,29-Sep-2026,80100.0,PE,72880.9,,0,7898.3,550,0.0,,0,0,0,0,0,,,,,,,,,,,,,,,0.06817189954087392,,,,,,10.78,25,73133.5,73207.3,72871.7,73051.85,none,no_price_available
2026-09-04T12:48:50.976079+00:00,2026-09-04T18:18:50.976079+05:30,NIFTYNXT50,29-Sep-2026,80200.0,CE,0,,0,,0,0.0,,0,0,0,0,0,,,,,,,,,,,,,,,0.06817189954087392,,,,,,10.78,25,73133.5,73207.3,72871.7,73051.85,none,no_price_available
2026-09-04T12:48:50.976079+00:00,2026-09-04T18:18:50.976079+05:30,NIFTYNXT50,29-Sep-2026,80200.0,PE,72880.9,,0,8005,550,0.0,,0,0,0,0,0,,,,,,,,,,,,,,,0.06817189954087392,,,,,,10.78,25,73133.5,73207.3,72871.7,73051.85,none,no_price_available
2026-09-04T12:48:50.976079+00:00,2026-09-04T18:18:50.976079+05:30,NIFTYNXT50,29-Sep-2026,80300.0,CE,0,,0,,0,0.0,,0,0,0,0,0,,,,,,,,,,,,,,,0.06817189954087392,,,,,,10.78,25,73133.5,73207.3,72871.7,73051.85,none,no_price_available
2026-09-04T12:48:50.976079+00:00,2026-09-04T18:18:50.976079+05:30,NIFTYNXT50,29-Sep-2026,80300.0,PE,72880.9,,0,8111.95,550,0.0,,0,0,0,0,0,,,,,,,,,,,,,,,0.06817189954087392,,,,,,10.78,25,73133.5,73207.3,72871.7,73051.85,none,no_price_available
2026-09-04T12:48:50.976079+00:00,2026-09-04T18:18:50.976079+05:30,NIFTYNXT50,29-Sep-2026,80400.0,CE,0,,0,,0,0.0,,0,0,0,0,0,,,,,,,,,,,,,,,0.06817189954087392,,,,,,10.78,25,73133.5,73207.3,72871.7,73051.85,none,no_price_available
2026-09-04T12:48:50.976079+00:00,2026-09-04T18:18:50.976079+05:30,NIFTYNXT50,29-Sep-2026,80400.0,PE,72880.9,,0,8218.35,550,0.0,,0,0,0,0,0,,,,,,,,,,,,,,,0.06817189954087392,,,,,,10.78,25,73133.5,73207.3,72871.7,73051.85,none,no_price_available
2026-09-04T12:48:50.976079+00:00,2026-09-04T18:18:50.976079+05:30,NIFTYNXT50,29-Sep-2026,80500.0,CE,0,,0,,0,0.0,,0,0,0,0,0,,,,,,,,,,,,,,,0.06817189954087392,,,,,,10.78,25,73133.5,73207.3,72871.7,73051.85,none,no_price_available
2026-09-04T12:48:50.976079+00:00,2026-09-04T18:18:50.976079+05:30,NIFTYNXT50,29-Sep-2026,80500.0,PE,72880.9,,0,8325,550,0.0,,0,0,0,0,0,,,,,,,,,,,,,,,0.06817189954087392,,,,,,10.78,25,73133.5,73207.3,72871.7,73051.85,none,no_price_available
2026-09-04T12:48:50.976079+00:00,2026-09-04T18:18:50.976079+05:30,NIFTYNXT50,29-Sep-2026,80600.0,CE,0,,0,,0,0.0,,0,0,0,0,0,,,,,,,,,,,,,,,0.06817189954087392,,,,,,10.78,25,73133.5,73207.3,72871.7,73051.85,none,no_price_available
2026-09-04T12:48:50.976079+00:00,2026-09-04T18:18:50.976079+05:30,NIFTYNXT50,29-Sep-2026,80600.0,PE,72880.9,,0,8431.7,550,0.0,,0,0,0,0,0,,,,,,,,,,,,,,,0.06817189954087392,,,,,,10.78,25,73133.5,73207.3,72871.7,73051.85,none,no_price_available
2026-09-04T12:48:50.976079+00:00,2026-09-04T18:18:50.976079+05:30,NIFTYNXT50,29-Sep-2026,80700.0,CE,0,,0,,0,0.0,,0,0,0,0,0,,,,,,,,,,,,,,,0.06817189954087392,,,,,,10.78,25,73133.5,73207.3,72871.7,73051.85,none,no_price_available
2026-09-04T12:48:50.976079+00:00,2026-09-04T18:18:50.976079+05:30,NIFTYNXT50,29-Sep-2026,80700.0,PE,72880.9,,0,8538.4,550,0.0,,0,0,0,0,0,,,,,,,,,,,,,,,0.06817189954087392,,,,,,10.78,25,73133.5,73207.3,72871.7,73051.85,none,no_price_available
2026-09-04T12:48:50.976079+00:00,2026-09-04T18:18:50.976079+05:30,NIFTYNXT50,29-Sep-2026,80800.0,CE,0,,0,,0,0.0,,0,0,0,0,0,,,,,,,,,,,,,,,0.06817189954087392,,,,,,10.78,25,73133.5,73207.3,72871.7,73051.85,none,no_price_available
2026-09-04T12:48:50.976079+00:00,2026-09-04T18:18:50.976079+05:30,NIFTYNXT50,29-Sep-2026,80800.0,PE,72880.9,,0,8645.7,550,0.0,,0,0,0,0,0,,,,,,,,,,,,,,,0.06817189954087392,,,,,,10.78,25,73133.5,73207.3,72871.7,73051.85,none,no_price_available
2026-09-04T12:48:50.976079+00:00,2026-09-04T18:18:50.976079+05:30,NIFTYNXT50,29-Sep-2026,80900.0,CE,0,,0,,0,0.0,,0,0,0,0,0,,,,,,,,,,,,,,,0.06817189954087392,,,,,,10.78,25,73133.5,73207.3,72871.7,73051.85,none,no_price_available
2026-09-04T12:48:50.976079+00:00,2026-09-04T18:18:50.976079+05:30,NIFTYNXT50,29-Sep-2026,80900.0,PE,72880.9,,0,8752,550,0.0,,0,0,0,0,0,,,,,,,,,,,,,,,0.06817189954087392,,,,,,10.78,25,73133.5,73207.3,72871.7,73051.85,none,no_price_available
2026-09-04T12:48:50.976079+00:00,2026-09-04T18:18:50.976079+05:30,NIFTYNXT50,29-Sep-2026,81000.0,CE,0,,0,,0,0.0,,0,0,0,0,0,,,,,,,,,,,,,,,0.06817189954087392,,,,,,10.78,25,73133.5,73207.3,72871.7,73051.85,none,no_price_available
2026-09-04T12:48:50.976079+00:00,2026-09-04T18:18:50.976079+05:30,NIFTYNXT50,29-Sep-2026,81000.0,PE,72880.9,,0,8859.1,550,0.0,,0,0,0,0,0,,,,,,,,,,,,,,,0.06817189954087392,,,,,,10.78,25,73133.5,73207.3,72871.7,73051.85,none,no_price_available
2026-09-04T12:48:50.976079+00:00,2026-09-04T18:18:50.976079+05:30,NIFTYNXT50,29-Sep-2026,81500.0,CE,0,,0,,0,0.0,,0,0,0,0,0,,,,,,,,,,,,,,,0.06817189954087392,,,,,,10.78,25,73133.5,73207.3,72871.7,73051.85,none,no_price_available
2026-09-04T12:48:50.976079+00:00,2026-09-04T18:18:50.976079+05:30,NIFTYNXT50,29-Sep-2026,81500.0,PE,72880.9,,0,9391.8,550,0.0,,0,0,0,0,0,,,,,,,,,,,,,,,0.06817189954087392,,,,,,10.78,25,73133.5,73207.3,72871.7,73051.85,none,no_price_available
2026-09-04T12:48:50.976079+00:00,2026-09-04T18:18:50.976079+05:30,NIFTYNXT50,29-Sep-2026,82000.0,CE,0,,0,,0,0.0,,0,0,0,0,0,,,,,,,,,,,,,,,0.06817189954087392,,,,,,10.78,25,73133.5,73207.3,72871.7,73051.85,none,no_price_available
2026-09-04T12:48:50.976079+00:00,2026-09-04T18:18:50.976079+05:30,NIFTYNXT50,29-Sep-2026,82000.0,PE,72880.9,,0,9925.9,550,0.0,,0,0,0,0,0,,,,,,,,,,,,,,,0.06817189954087392,,,,,,10.78,25,73133.5,73207.3,72871.7,73051.85,none,no_price_available
2026-09-04T12:48:50.976079+00:00,2026-09-04T18:18:50.976079+05:30,NIFTYNXT50,29-Sep-2026,82500.0,CE,0,,0,,0,0.0,,0,0,0,0,0,,,,,,,,,,,,,,,0.06817189954087392,,,,,,10.78,25,73133.5,73207.3,72871.7,73051.85,none,no_price_available
2026-09-04T12:48:50.976079+00:00,2026-09-04T18:18:50.976079+05:30,NIFTYNXT50,29-Sep-2026,82500.0,PE,72880.9,,0,10458.9,550,0.0,,0,0,0,0,0,,,,,,,,,,,,,,,0.06817189954087392,,,,,,10.78,25,73133.5,73207.3,72871.7,73051.85,none,no_price_available
2026-09-04T12:48:50.976079+00:00,2026-09-04T18:18:50.976079+05:30,NIFTYNXT50,29-Sep-2026,83000.0,CE,0,,0,,0,0.0,,0,0,0,0,0,,,,,,,,,,,,,,,0.06817189954087392,,,,,,10.78,25,73133.5,73207.3,72871.7,73051.85,none,no_price_available
2026-09-04T12:48:50.976079+00:00,2026-09-04T18:18:50.976079+05:30,NIFTYNXT50,29-Sep-2026,83000.0,PE,72880.9,,0,10992,550,0.0,,0,0,0,0,0,,,,,,,,,,,,,,,0.06817189954087392,,,,,,10.78,25,73133.5,73207.3,72871.7,73051.85,none,no_price_available
2026-09-04T12:48:50.976079+00:00,2026-09-04T18:18:50.976079+05:30,NIFTYNXT50,29-Sep-2026,83500.0,CE,0,,0,,0,0.0,,0,0,0,0,0,,,,,,,,,,,,,,,0.06817189954087392,,,,,,10.78,25,73133.5,73207.3,72871.7,73051.85,none,no_price_available
2026-09-04T12:48:50.976079+00:00,2026-09-04T18:18:50.976079+05:30,NIFTYNXT50,29-Sep-2026,83500.0,PE,72880.9,,0,11525.7,550,0.0,,0,0,0,0,0,,,,,,,,,,,,,,,0.06817189954087392,,,,,,10.78,25,73133.5,73207.3,72871.7,73051.85,none,no_price_available
2026-09-04T12:48:50.976079+00:00,2026-09-04T18:18:50.976079+05:30,NIFTYNXT50,29-Sep-2026,84000.0,CE,0,,0,,0,0.0,,0,0,0,0,0,,,,,,,,,,,,,,,0.06817189954087392,,,,,,10.78,25,73133.5,73207.3,72871.7,73051.85,none,no_price_available
2026-09-04T12:48:50.976079+00:00,2026-09-04T18:18:50.976079+05:30,NIFTYNXT50,29-Sep-2026,84000.0,PE,72880.9,,0,12058.8,550,0.0,,0,0,0,0,0,,,,,,,,,,,,,,,0.06817189954087392,,,,,,10.78,25,73133.5,73207.3,72871.7,73051.85,none,no_price_available
2026-09-04T12:48:50.976079+00:00,2026-09-04T18:18:50.976079+05:30,NIFTYNXT50,29-Sep-2026,84500.0,CE,0,,0,,0,0.0,,0,0,0,0,0,,,,,,,,,,,,,,,0.06817189954087392,,,,,,10.78,25,73133.5,73207.3,72871.7,73051.85,none,no_price_available
2026-09-04T12:48:50.976079+00:00,2026-09-04T18:18:50.976079+05:30,NIFTYNXT50,29-Sep-2026,84500.0,PE,72880.9,,0,12592.2,550,0.0,,0,0,0,0,0,,,,,,,,,,,,,,,0.06817189954087392,,,,,,10.78,25,73133.5,73207.3,72871.7,73051.85,none,no_price_available
2026-09-04T12:48:50.976079+00:00,2026-09-04T18:18:50.976079+05:30,NIFTYNXT50,29-Sep-2026,85000.0,CE,0,,0,,0,0.0,,0,0,0,0,0,,,,,,,,,,,,,,,0.06817189954087392,,,,,,10.78,25,73133.5,73207.3,72871.7,73051.85,none,no_price_available
2026-09-04T12:48:50.976079+00:00,2026-09-04T18:18:50.976079+05:30,NIFTYNXT50,29-Sep-2026,85000.0,PE,72880.9,,0,13125.6,550,0.0,,0,0,0,0,0,,,,,,,,,,,,,,,0.06817189954087392,,,,,,10.78,25,73133.5,73207.3,72871.7,73051.85,none,no_price_available
2026-09-04T13:58:54.037918+00:00,2026-09-04T19:28:54.037918+05:30,NIFTYNXT50,29-Sep-2026,61000.0,CE,72880.9,,0,13390.05,550,0.0,,0,0,0,0,0,,,,,,,,,,,,,,,0.06803862132426433,,,,,,10.78,25,73133.5,73207.3,72871.7,73051.85,none,no_price_available
2026-09-04T13:58:54.037918+00:00,2026-09-04T19:28:54.037918+05:30,NIFTYNXT50,29-Sep-2026,61000.0,PE,0,,0,,0,0.0,,0,0,0,0,0,,,,,,,,,,,,,,,0.06803862132426433,,,,,,10.78,25,73133.5,73207.3,72871.7,73051.85,none,no_price_available
2026-09-04T13:58:54.037918+00:00,2026-09-04T19:28:54.037918+05:30,NIFTYNXT50,29-Sep-2026,61500.0,CE,72880.9,,0,12905.05,550,0.0,,0,0,0,0,0,,,,,,,,,,,,,,,0.06803862132426433,,,,,,10.78,25,73133.5,73207.3,72871.7,73051.85,none,no_price_available
2026-09-04T13:58:54.037918+00:00,2026-09-04T19:28:54.037918+05:30,NIFTYNXT50,29-Sep-2026,61500.0,PE,0,,0,,0,0.0,,0,0,0,0,0,,,,,,,,,,,,,,,0.06803862132426433,,,,,,10.78,25,73133.5,73207.3,72871.7,73051.85,none,no_price_available
2026-09-04T13:58:54.037918+00:00,2026-09-04T19:28:54.037918+05:30,NIFTYNXT50,29-Sep-2026,62000.0,CE,72880.9,,0,12322.95,550,0.0,,0,0,0,0,0,,,,,,,,,,,,,,,0.06803862132426433,,,,,,10.78,25,73133.5,73207.3,72871.7,73051.85,none,no_price_available
2026-09-04T13:58:54.037918+00:00,2026-09-04T19:28:54.037918+05:30,NIFTYNXT50,29-Sep-2026,62000.0,PE,0,,0,,0,0.0,,0,0,0,0,0,,,,,,,,,,,,,,,0.06803862132426433,,,,,,10.78,25,73133.5,73207.3,72871.7,73051.85,none,no_price_available
2026-09-04T13:58:54.037918+00:00,2026-09-04T19:28:54.037918+05:30,NIFTYNXT50,29-Sep-2026,62500.0,CE,72880.9,,0,11789.35,550,0.0,,0,0,0,0,0,,,,,,,,,,,,,,,0.06803862132426433,,,,,,10.78,25,73133.5,73207.3,72871.7,73051.85,none,no_price_available
2026-09-04T13:58:54.037918+00:00,2026-09-04T19:28:54.037918+05:30,NIFTYNXT50,29-Sep-2026,62500.0,PE,0,,0,,0,0.0,,0,0,0,0,0,,,,,,,,,,,,,,,0.06803862132426433,,,,,,10.78,25,73133.5,73207.3,72871.7,73051.85,none,no_price_available
2026-09-04T13:58:54.037918+00:00,2026-09-04T19:28:54.037918+05:30,NIFTYNXT50,29-Sep-2026,63000.0,CE,72880.9,,0,11256.25,550,0.0,,0,0,0,0,0,,,,,,,,,,,,,,,0.06803862132426433,,,,,,10.78,25,73133.5,73207.3,72871.7,73051.85,none,no_price_available
2026-09-04T13:58:54.037918+00:00,2026-09-04T19:28:54.037918+05:30,NIFTYNXT50,29-Sep-2026,63000.0,PE,0,,0,,0,0.0,,0,0,0,0,0,,,,,,,,,,,,,,,0.06803862132426433,,,,,,10.78,25,73133.5,73207.3,72871.7,73051.85,none,no_price_available
2026-09-04T13:58:54.037918+00:00,2026-09-04T19:28:54.037918+05:30,NIFTYNXT50,29-Sep-2026,63500.0,CE,72880.9,,0,10722.75,550,0.0,,0,0,0,0,0,,,,,,,,,,,,,,,0.06803862132426433,,,,,,10.78,25,73133.5,73207.3,72871.7,73051.85,none,no_price_available
2026-09-04T13:58:54.037918+00:00,2026-09-04T19:28:54.037918+05:30,NIFTYNXT50,29-Sep-2026,63500.0,PE,0,,0,,0,0.0,,0,0,0,0,0,,,,,,,,,,,,,,,0.06803862132426433,,,,,,10.78,25,73133.5,73207.3,72871.7,73051.85,none,no_price_available
2026-09-04T13:58:54.037918+00:00,2026-09-04T19:28:54.037918+05:30,NIFTYNXT50,29-Sep-2026,64000.0,CE,72880.9,,0,10189.15,550,0.0,,0,0,0,0,0,,,,,,,,,,,,,,,0.06803862132426433,,,,,,10.78,25,73133.5,73207.3,72871.7,73051.85,none,no_price_available
2026-09-04T13:58:54.037918+00:00,2026-09-04T19:28:54.037918+05:30,NIFTYNXT50,29-Sep-2026,64000.0,PE,0,,0,,0,0.0,,0,0,0,0,0,,,,,,,,,,,,,,,0.06803862132426433,,,,,,10.78,25,73133.5,73207.3,72871.7,73051.85,none,no_price_available
2026-09-04T13:58:54.037918+00:00,2026-09-04T19:28:54.037918+05:30,NIFTYNXT50,29-Sep-2026,64100.0,CE,72880.9,,0,10082.7,550,0.0,,0,0,0,0,0,,,,,,,,,,,,,,,0.06803862132426433,,,,,,10.78,25,73133.5,73207.3,72871.7,73051.85,none,no_price_available
2026-09-04T13:58:54.037918+00:00,2026-09-04T19:28:54.037918+05:30,NIFTYNXT50,29-Sep-2026,64100.0,PE,0,,0,,0,0.0,,0,0,0,0,0,,,,,,,,,,,,,,,0.06803862132426433,,,,,,10.78,25,73133.5,73207.3,72871.7,73051.85,none,no_price_available
2026-09-04T13:58:54.037918+00:00,2026-09-04T19:28:54.037918+05:30,NIFTYNXT50,29-Sep-2026,64200.0,CE,72880.9,,0,9976,550,0.0,,0,0,0,0,0,,,,,,,,,,,,,,,0.06803862132426433,,,,,,10.78,25,73133.5,73207.3,72871.7,73051.85,none,no_price_available
2026-09-04T13:58:54.037918+00:00,2026-09-04T19:28:54.037918+05:30,NIFTYNXT50,29-Sep-2026,64200.0,PE,0,,0,,0,0.0,,0,0,0,0,0,,,,,,,,,,,,,,,0.06803862132426433,,,,,,10.78,25,73133.5,73207.3,72871.7,73051.85,none,no_price_available
2026-09-04T13:58:54.037918+00:00,2026-09-04T19:28:54.037918+05:30,NIFTYNXT50,29-Sep-2026,64300.0,CE,72880.9,,0,9869.3,550,0.0,,0,0,0,0,0,,,,,,,,,,,,,,,0.06803862132426433,,,,,,10.78,25,73133.5,73207.3,72871.7,73051.85,none,no_price_available
2026-09-04T13:58:54.037918+00:00,2026-09-04T19:28:54.037918+05:30,NIFTYNXT50,29-Sep-2026,64300.0,PE,0,,0,,0,0.0,,0,0,0,0,0,,,,,,,,,,,,,,,0.06803862132426433,,,,,,10.78,25,73133.5,73207.3,72871.7,73051.85,none,no_price_available
2026-09-04T13:58:54.037918+00:00,2026-09-04T19:28:54.037918+05:30,NIFTYNXT50,29-Sep-2026,64400.0,CE,72880.9,,0,9762.75,550,0.0,,0,0,0,0,0,,,,,,,,,,,,,,,0.06803862132426433,,,,,,10.78,25,73133.5,73207.3,72871.7,73051.85,none,no_price_available
2026-09-04T13:58:54.037918+00:00,2026-09-04T19:28:54.037918+05:30,NIFTYNXT50,29-Sep-2026,64400.0,PE,0,,0,,0,0.0,,0,0,0,0,0,,,,,,,,,,,,,,,0.06803862132426433,,,,,,10.78,25,73133.5,73207.3,72871.7,73051.85,none,no_price_available
2026-09-04T13:58:54.037918+00:00,2026-09-04T19:28:54.037918+05:30,NIFTYNXT50,29-Sep-2026,64500.0,CE,72880.9,,0,9655.95,550,0.0,,0,0,0,0,0,,,,,,,,,,,,,,,0.06803862132426433,,,,,,10.78,25,73133.5,73207.3,72871.7,73051.85,none,no_price_available
2026-09-04T13:58:54.037918+00:00,2026-09-04T19:28:54.037918+05:30,NIFTYNXT50,29-Sep-2026,64500.0,PE,0,,0,,0,0.0,,0,0,0,0,0,,,,,,,,,,,,,,,0.06803862132426433,,,,,,10.78,25,73133.5,73207.3,72871.7,73051.85,none,no_price_available
2026-09-04T13:58:54.037918+00:00,2026-09-04T19:28:54.037918+05:30,NIFTYNXT50,29-Sep-2026,64600.0,CE,72880.9,,0,9549.35,25,0.0,,0,0,0,0,0,,,,,,,,,,,,,,,0.06803862132426433,,,,,,10.78,25,73133.5,73207.3,72871.7,73051.85,none,no_price_available
2026-09-04T13:58:54.037918+00:00,2026-09-04T19:28:54.037918+05:30,NIFTYNXT50,29-Sep-2026,64600.0,PE,0,,0,,0,0.0,,0,0,0,0,0,,,,,,,,,,,,,,,0.06803862132426433,,,,,,10.78,25,73133.5,73207.3,72871.7,73051.85,none,no_price_available
2026-09-04T13:58:54.037918+00:00,2026-09-04T19:28:54.037918+05:30,NIFTYNXT50,29-Sep-2026,64700.0,CE,72880.9,,0,9442.6,550,0.0,,0,0,0,0,0,,,,,,,,,,,,,,,0.06803862132426433,,,,,,10.78,25,73133.5,73207.3,72871.7,73051.85,none,no_price_available
2026-09-04T13:58:54.037918+00:00,2026-09-04T19:28:54.037918+05:30,NIFTYNXT50,29-Sep-2026,64700.0,PE,0,,0,,0,0.0,,0,0,0,0,0,,,,,,,,,,,,,,,0.06803862132426433,,,,,,10.78,25,73133.5,73207.3,72871.7,73051.85,none,no_price_available
2026-09-04T13:58:54.037918+00:00,2026-09-04T19:28:54.037918+05:30,NIFTYNXT50,29-Sep-2026,64800.0,CE,72880.9,,0,9336.1,550,0.0,,0,0,0,0,0,,,,,,,,,,,,,,,0.06803862132426433,,,,,,10.78,25,73133.5,73207.3,72871.7,73051.85,none,no_price_available
2026-09-04T13:58:54.037918+00:00,2026-09-04T19:28:54.037918+05:30,NIFTYNXT50,29-Sep-2026,64800.0,PE,0,,0,,0,0.0,,0,0,0,0,0,,,,,,,,,,,,,,,0.06803862132426433,,,,,,10.78,25,73133.5,73207.3,72871.7,73051.85,none,no_price_available
2026-09-04T13:58:54.037918+00:00,2026-09-04T19:28:54.037918+05:30,NIFTYNXT50,29-Sep-2026,64900.0,CE,72880.9,,0,9229.25,550,0.0,,0,0,0,0,0,,,,,,,,,,,,,,,0.06803862132426433,,,,,,10.78,25,73133.5,73207.3,72871.7,73051.85,none,no_price_available
2026-09-04T13:58:54.037918+00:00,2026-09-04T19:28:54.037918+05:30,NIFTYNXT50,29-Sep-2026,64900.0,PE,0,,0,,0,0.0,,0,0,0,0,0,,,,,,,,,,,,,,,0.06803862132426433,,,,,,10.78,25,73133.5,73207.3,72871.7,73051.85,none,no_price_available
2026-09-04T13:58:54.037918+00:00,2026-09-04T19:28:54.037918+05:30,NIFTYNXT50,29-Sep-2026,65000.0,CE,72880.9,,0,9122.8,25,0.0,,0,0,0,0,0,,,,,,,,,,,,,,,0.06803862132426433,,,,,,10.78,25,73133.5,73207.3,72871.7,73051.85,none,no_price_available
2026-09-04T13:58:54.037918+00:00,2026-09-04T19:28:54.037918+05:30,NIFTYNXT50,29-Sep-2026,65000.0,PE,0,,0,,0,0.0,,0,0,0,0,0,,,,,,,,,,,,,,,0.06803862132426433,,,,,,10.78,25,73133.5,73207.3,72871.7,73051.85,none,no_price_available
2026-09-04T13:58:54.037918+00:00,2026-09-04T19:28:54.037918+05:30,NIFTYNXT50,29-Sep-2026,65100.0,CE,72880.9,,0,9016.1,550,0.0,,0,0,0,0,0,,,,,,,,,,,,,,,0.06803862132426433,,,,,,10.78,25,73133.5,73207.3,72871.7,73051.85,none,no_price_available
2026-09-04T13:58:54.037918+00:00,2026-09-04T19:28:54.037918+05:30,NIFTYNXT50,29-Sep-2026,65100.0,PE,0,,0,,0,0.0,,0,0,0,0,0,,,,,,,,,,,,,,,0.06803862132426433,,,,,,10.78,25,73133.5,73207.3,72871.7,73051.85,none,no_price_available
2026-09-04T13:58:54.037918+00:00,2026-09-04T19:28:54.037918+05:30,NIFTYNXT50,29-Sep-2026,65200.0,CE,72880.9,,0,9070.9,550,0.0,,0,0,0,0,0,,,,,,,,,,,,,,,0.06803862132426433,,,,,,10.78,25,73133.5,73207.3,72871.7,73051.85,none,no_price_available
2026-09-04T13:58:54.037918+00:00,2026-09-04T19:28:54.037918+05:30,NIFTYNXT50,29-Sep-2026,65200.0,PE,0,,0,,0,0.0,,0,0,0,0,0,,,,,,,,,,,,,,,0.06803862132426433,,,,,,10.78,25,73133.5,73207.3,72871.7,73051.85,none,no_price_available
2026-09-04T13:58:54.037918+00:00,2026-09-04T19:28:54.037918+05:30,NIFTYNXT50,29-Sep-2026,65300.0,CE,72880.9,,0,8964.15,550,0.0,,0,0,0,0,0,,,,,,,,,,,,,,,0.06803862132426433,,,,,,10.78,25,73133.5,73207.3,72871.7,73051.85,none,no_price_available
2026-09-04T13:58:54.037918+00:00,2026-09-04T19:28:54.037918+05:30,NIFTYNXT50,29-Sep-2026,65300.0,PE,0,,0,,0,0.0,,0,0,0,0,0,,,,,,,,,,,,,,,0.06803862132426433,,,,,,10.78,25,73133.5,73207.3,72871.7,73051.85,none,no_price_available
2026-09-04T13:58:54.037918+00:00,2026-09-04T19:28:54.037918+05:30,NIFTYNXT50,29-Sep-2026,65400.0,CE,72880.9,,0,8857.55,550,0.0,,0,0,0,0,0,,,,,,,,,,,,,,,0.06803862132426433,,,,,,10.78,25,73133.5,73207.3,72871.7,73051.85,none,no_price_available
2026-09-04T13:58:54.037918+00:00,2026-09-04T19:28:54.037918+05:30,NIFTYNXT50,29-Sep-2026,65400.0,PE,0,,0,,0,0.0,,0,0,0,0,0,,,,,,,,,,,,,,,0.06803862132426433,,,,,,10.78,25,73133.5,73207.3,72871.7,73051.85,none,no_price_available
2026-09-04T13:58:54.037918+00:00,2026-09-04T19:28:54.037918+05:30,NIFTYNXT50,29-Sep-2026,65500.0,CE,72880.9,,0,8750.9,550,0.0,,0,0,0,0,0,,,,,,,,,,,,,,,0.06803862132426433,,,,,,10.78,25,73133.5,73207.3,72871.7,73051.85,none,no_price_available
2026-09-04T13:58:54.037918+00:00,2026-09-04T19:28:54.037918+05:30,NIFTYNXT50,29-Sep-2026,65500.0,PE,72880.9,,0,44.95,25,0.0,,0,0,0,0,0,,,,,,,,,,,,,,,0.06803862132426433,,,,,,10.78,25,73133.5,73207.3,72871.7,73051.85,none,no_price_available
2026-09-04T13:58:54.037918+00:00,2026-09-04T19:28:54.037918+05:30,NIFTYNXT50,29-Sep-2026,65600.0,CE,72880.9,,0,8648.4,550,0.0,,0,0,0,0,0,,,,,,,,,,,,,,,0.06803862132426433,,,,,,10.78,25,73133.5,73207.3,72871.7,73051.85,none,no_price_available
2026-09-04T13:58:54.037918+00:00,2026-09-04T19:28:54.037918+05:30,NIFTYNXT50,29-Sep-2026,65600.0,PE,0,,0,,0,0.0,,0,0,0,0,0,,,,,,,,,,,,,,,0.06803862132426433,,,,,,10.78,25,73133.5,73207.3,72871.7,73051.85,none,no_price_available
2026-09-04T13:58:54.037918+00:00,2026-09-04T19:28:54.037918+05:30,NIFTYNXT50,29-Sep-2026,65700.0,CE,72880.9,,0,8541.75,550,0.0,,0,0,0,0,0,,,,,,,,,,,,,,,0.06803862132426433,,,,,,10.78,25,73133.5,73207.3,72871.7,73051.85,none,no_price_available
2026-09-04T13:58:54.037918+00:00,2026-09-04T19:28:54.037918+05:30,NIFTYNXT50,29-Sep-2026,65700.0,PE,0,,0,,0,0.0,,0,0,0,0,0,,,,,,,,,,,,,,,0.06803862132426433,,,,,,10.78,25,73133.5,73207.3,72871.7,73051.85,none,no_price_available
2026-09-04T13:58:54.037918+00:00,2026-09-04T19:28:54.037918+05:30,NIFTYNXT50,29-Sep-2026,65800.0,CE,72880.9,,0,8435.05,550,0.0,,0,0,0,0,0,,,,,,,,,,,,,,,0.06803862132426433,,,,,,10.78,25,73133.5,73207.3,72871.7,73051.85,none,no_price_available
2026-09-04T13:58:54.037918+00:00,2026-09-04T19:28:54.037918+05:30,NIFTYNXT50,29-Sep-2026,65800.0,PE,0,,0,,0,0.0,,0,0,0,0,0,,,,,,,,,,,,,,,0.06803862132426433,,,,,,10.78,25,73133.5,73207.3,72871.7,73051.85,none,no_price_available
2026-09-04T13:58:54.037918+00:00,2026-09-04T19:28:54.037918+05:30,NIFTYNXT50,29-Sep-2026,65900.0,CE,72880.9,,0,8328.4,550,0.0,,0,0,0,0,0,,,,,,,,,,,,,,,0.06803862132426433,,,,,,10.78,25,73133.5,73207.3,72871.7,73051.85,none,no_price_available
2026-09-04T13:58:54.037918+00:00,2026-09-04T19:28:54.037918+05:30,NIFTYNXT50,29-Sep-2026,65900.0,PE,0,,0,,0,0.0,,0,0,0,0,0,,,,,,,,,,,,,,,0.06803862132426433,,,,,,10.78,25,73133.5,73207.3,72871.7,73051.85,none,no_price_available
2026-09-04T13:58:54.037918+00:00,2026-09-04T19:28:54.037918+05:30,NIFTYNXT50,29-Sep-2026,66000.0,CE,72880.9,,0,8221.7,550,0.0,,0,0,0,0,0,,,,,,,,,,,,,,,0.06803862132426433,,,,,,10.78,25,73133.5,73207.3,72871.7,73051.85,none,no_price_available
2026-09-04T13:58:54.037918+00:00,2026-09-04T19:28:54.037918+05:30,NIFTYNXT50,29-Sep-2026,66000.0,PE,72880.9,,0,48.9,25,0.0,,0,0,0,0,0,,,,,,,,,,,,,,,0.06803862132426433,,,,,,10.78,25,73133.5,73207.3,72871.7,73051.85,none,no_price_available
2026-09-04T13:58:54.037918+00:00,2026-09-04T19:28:54.037918+05:30,NIFTYNXT50,29-Sep-2026,66100.0,CE,72880.9,,0,8140.3,550,0.0,,0,0,0,0,0,,,,,,,,,,,,,,,0.06803862132426433,,,,,,10.78,25,73133.5,73207.3,72871.7,73051.85,none,no_price_available
2026-09-04T13:58:54.037918+00:00,2026-09-04T19:28:54.037918+05:30,NIFTYNXT50,29-Sep-2026,66100.0,PE,0,,0,,0,0.0,,0,0,0,0,0,,,,,,,,,,,,,,,0.06803862132426433,,,,,,10.78,25,73133.5,73207.3,72871.7,73051.85,none,no_price_available
2026-09-04T13:58:54.037918+00:00,2026-09-04T19:28:54.037918+05:30,NIFTYNXT50,29-Sep-2026,66200.0,CE,72880.9,,0,8033.65,550,0.0,,0,0,0,0,0,,,,,,,,,,,,,,,0.06803862132426433,,,,,,10.78,25,73133.5,73207.3,72871.7,73051.85,none,no_price_available
2026-09-04T13:58:54.037918+00:00,2026-09-04T19:28:54.037918+05:30,NIFTYNXT50,29-Sep-2026,66200.0,PE,0,,0,,0,0.0,,0,0,0,0,0,,,,,,,,,,,,,,,0.06803862132426433,,,,,,10.78,25,73133.5,73207.3,72871.7,73051.85,none,no_price_available
2026-09-04T13:58:54.037918+00:00,2026-09-04T19:28:54.037918+05:30,NIFTYNXT50,29-Sep-2026,66300.0,CE,72880.9,,0,7926.95,550,0.0,,0,0,0,0,0,,,,,,,,,,,,,,,0.06803862132426433,,,,,,10.78,25,73133.5,73207.3,72871.7,73051.85,none,no_price_available
2026-09-04T13:58:54.037918+00:00,2026-09-04T19:28:54.037918+05:30,NIFTYNXT50,29-Sep-2026,66300.0,PE,0,,0,,0,0.0,,0,0,0,0,0,,,,,,,,,,,,,,,0.06803862132426433,,,,,,10.78,25,73133.5,73207.3,72871.7,73051.85,none,no_price_available
2026-09-04T13:58:54.037918+00:00,2026-09-04T19:28:54.037918+05:30,NIFTYNXT50,29-Sep-2026,66400.0,CE,72880.9,,0,7820.25,550,0.0,,0,0,0,0,0,,,,,,,,,,,,,,,0.06803862132426433,,,,,,10.78,25,73133.5,73207.3,72871.7,73051.85,none,no_price_available
2026-09-04T13:58:54.037918+00:00,2026-09-04T19:28:54.037918+05:30,NIFTYNXT50,29-Sep-2026,66400.0,PE,0,,0,,0,0.0,,0,0,0,0,0,,,,,,,,,,,,,,,0.06803862132426433,,,,,,10.78,25,73133.5,73207.3,72871.7,73051.85,none,no_price_available
2026-09-04T13:58:54.037918+00:00,2026-09-04T19:28:54.037918+05:30,NIFTYNXT50,29-Sep-2026,66500.0,CE,72880.9,,0,7713.6,550,0.0,,0,0,0,0,0,,,,,,,,,,,,,,,0.06803862132426433,,,,,,10.78,25,73133.5,73207.3,72871.7,73051.85,none,no_price_available
2026-09-04T13:58:54.037918+00:00,2026-09-04T19:28:54.037918+05:30,NIFTYNXT50,29-Sep-2026,66500.0,PE,0,,0,,0,0.0,,0,0,0,0,0,,,,,,,,,,,,,,,0.06803862132426433,,,,,,10.78,25,73133.5,73207.3,72871.7,73051.85,none,no_price_available
2026-09-04T13:58:54.037918+00:00,2026-09-04T19:28:54.037918+05:30,NIFTYNXT50,29-Sep-2026,66600.0,CE,72880.9,,0,7606.9,550,0.0,,0,0,0,0,0,,,,,,,,,,,,,,,0.06803862132426433,,,,,,10.78,25,73133.5,73207.3,72871.7,73051.85,none,no_price_available
2026-09-04T13:58:54.037918+00:00,2026-09-04T19:28:54.037918+05:30,NIFTYNXT50,29-Sep-2026,66600.0,PE,0,,0,,0,0.0,,0,0,0,0,0,,,,,,,,,,,,,,,0.06803862132426433,,,,,,10.78,25,73133.5,73207.3,72871.7,73051.85,none,no_price_available
2026-09-04T13:58:54.037918+00:00,2026-09-04T19:28:54.037918+05:30,NIFTYNXT50,29-Sep-2026,66700.0,CE,72880.9,,0,7500.25,550,0.0,,0,0,0,0,0,,,,,,,,,,,,,,,0.06803862132426433,,,,,,10.78,25,73133.5,73207.3,72871.7,73051.85,none,no_price_available
2026-09-04T13:58:54.037918+00:00,2026-09-04T19:28:54.037918+05:30,NIFTYNXT50,29-Sep-2026,66700.0,PE,0,,0,,0,0.0,,0,0,0,0,0,,,,,,,,,,,,,,,0.06803862132426433,,,,,,10.78,25,73133.5,73207.3,72871.7,73051.85,none,no_price_available
2026-09-04T13:58:54.037918+00:00,2026-09-04T19:28:54.037918+05:30,NIFTYNXT50,29-Sep-2026,66800.0,CE,72880.9,,0,7393.55,550,0.0,,0,0,0,0,0,,,,,,,,,,,,,,,0.06803862132426433,,,,,,10.78,25,73133.5,73207.3,72871.7,73051.85,none,no_price_available
2026-09-04T13:58:54.037918+00:00,2026-09-04T19:28:54.037918+05:30,NIFTYNXT50,29-Sep-2026,66800.0,PE,0,,0,,0,0.0,,0,0,0,0,0,,,,,,,,,,,,,,,0.06803862132426433,,,,,,10.78,25,73133.5,73207.3,72871.7,73051.85,none,no_price_available
2026-09-04T13:58:54.037918+00:00,2026-09-04T19:28:54.037918+05:30,NIFTYNXT50,29-Sep-2026,66900.0,CE,72880.9,,0,7286.85,550,0.0,,0,0,0,0,0,,,,,,,,,,,,,,,0.06803862132426433,,,,,,10.78,25,73133.5,73207.3,72871.7,73051.85,none,no_price_available
2026-09-04T13:58:54.037918+00:00,2026-09-04T19:28:54.037918+05:30,NIFTYNXT50,29-Sep-2026,66900.0,PE,0,,0,,0,0.0,,0,0,0,0,0,,,,,,,,,,,,,,,0.06803862132426433,,,,,,10.78,25,73133.5,73207.3,72871.7,73051.85,none,no_price_available
2026-09-04T13:58:54.037918+00:00,2026-09-04T19:28:54.037918+05:30,NIFTYNXT50,29-Sep-2026,67000.0,CE,72880.9,,0,7180.2,550,0.0,,0,0,0,0,0,,,,,,,,,,,,,,,0.06803862132426433,,,,,,10.78,25,73133.5,73207.3,72871.7,73051.85,none,no_price_available
2026-09-04T13:58:54.037918+00:00,2026-09-04T19:28:54.037918+05:30,NIFTYNXT50,29-Sep-2026,67000.0,PE,72880.9,0.1,50,72.5,25,50,36.3,9,0,11,-95.26739233317558,19.3,-0.03826535293094212,2.2651605598846035e-05,-5.708082250986777,15.799351426247574,-0.7408669627829434,0.0026284534329606493,249.41263472221297,-1.1253164768647336e-08,0.0002402244815312904,-8.12696841989783e-07,-1.2028535046552822,-48.63128739763091,0.042479991544645435,2.680259475069192e-05,0.06803862132426433,73150,0.05416813938888364,0.009899999999999999,index_dividend_yield,0.065,10.78,25,73133.5,73207.3,72871.7,73051.85,mid_price,wide_quote_low_liquidity
2026-09-04T13:58:54.037918+00:00,2026-09-04T19:28:54.037918+05:30,NIFTYNXT50,29-Sep-2026,67100.0,CE,72880.9,,0,8061.2,550,0.0,,0,0,0,0,0,,,,,,,,,,,,,,,0.06803862132426433,,,,,,10.78,25,73133.5,73207.3,72871.7,73051.85,none,no_price_available
2026-09-04T13:58:54.037918+00:00,2026-09-04T19:28:54.037918+05:30,NIFTYNXT50,29-Sep-2026,67100.0,PE,0,,0,,0,0.0,,0,0,0,0,0,,,,,,,,,,,,,,,0.06803862132426433,,,,,,10.78,25,73133.5,73207.3,72871.7,73051.85,none,no_price_available
2026-09-04T13:58:54.037918+00:00,2026-09-04T19:28:54.037918+05:30,NIFTYNXT50,29-Sep-2026,67200.0,CE,72880.9,,0,7954.5,550,0.0,,0,0,0,0,0,,,,,,,,,,,,,,,0.06803862132426433,,,,,,10.78,25,73133.5,73207.3,72871.7,73051.85,none,no_price_available
2026-09-04T13:58:54.037918+00:00,2026-09-04T19:28:54.037918+05:30,NIFTYNXT50,29-Sep-2026,67200.0,PE,0,,0,,0,0.0,,0,0,0,0,0,,,,,,,,,,,,,,,0.06803862132426433,,,,,,10.78,25,73133.5,73207.3,72871.7,73051.85,none,no_price_available
2026-09-04T13:58:54.037918+00:00,2026-09-04T19:28:54.037918+05:30,NIFTYNXT50,29-Sep-2026,67300.0,CE,72880.9,,0,7847.85,550,0.0,,0,0,0,0,0,,,,,,,,,,,,,,,0.06803862132426433,,,,,,10.78,25,73133.5,73207.3,72871.7,73051.85,none,no_price_available
2026-09-04T13:58:54.037918+00:00,2026-09-04T19:28:54.037918+05:30,NIFTYNXT50,29-Sep-2026,67300.0,PE,0,,0,,0,0.0,,0,0,0,0,0,,,,,,,,,,,,,,,0.06803862132426433,,,,,,10.78,25,73133.5,73207.3,72871.7,73051.85,none,no_price_available
2026-09-04T13:58:54.037918+00:00,2026-09-04T19:28:54.037918+05:30,NIFTYNXT50,29-Sep-2026,67400.0,CE,72880.9,,0,7741.15,550,0.0,,0,0,0,0,0,,,,,,,,,,,,,,,0.06803862132426433,,,,,,10.78,25,73133.5,73207.3,72871.7,73051.85,none,no_price_available
2026-09-04T13:58:54.037918+00:00,2026-09-04T19:28:54.037918+05:30,NIFTYNXT50,29-Sep-2026,67400.0,PE,0,,0,,0,0.0,,0,0,0,0,0,,,,,,,,,,,,,,,0.06803862132426433,,,,,,10.78,25,73133.5,73207.3,72871.7,73051.85,none,no_price_available
2026-09-04T13:58:54.037918+00:00,2026-09-04T19:28:54.037918+05:30,NIFTYNXT50,29-Sep-2026,67500.0,CE,72880.9,,0,7634.5,550,0.0,,0,0,0,0,0,,,,,,,,,,,,,,,0.06803862132426433,,,,,,10.78,25,73133.5,73207.3,72871.7,73051.85,none,no_price_available
2026-09-04T13:58:54.037918+00:00,2026-09-04T19:28:54.037918+05:30,NIFTYNXT50,29-Sep-2026,67500.0,PE,72880.9,1.05,100,75.4,25,0.0,38.225,0,0,0,0,0,,,,,,,,,,,,,,,0.06803862132426433,73150,0.05416813938888364,0.009899999999999999,index_dividend_yield,0.065,10.78,25,73133.5,73207.3,72871.7,73051.85,mid_price,no_nse_iv
2026-09-04T13:58:54.037918+00:00,2026-09-04T19:28:54.037918+05:30,NIFTYNXT50,29-Sep-2026,67600.0,CE,72880.9,,0,7527.8,550,0.0,,0,0,0,0,0,,,,,,,,,,,,,,,0.06803862132426433,,,,,,10.78,25,73133.5,73207.3,72871.7,73051.85,none,no_price_available
2026-09-04T13:58:54.037918+00:00,2026-09-04T19:28:54.037918+05:30,NIFTYNXT50,29-Sep-2026,67600.0,PE,0,,0,,0,0.0,,0,0,0,0,0,,,,,,,,,,,,,,,0.06803862132426433,,,,,,10.78,25,73133.5,73207.3,72871.7,73051.85,none,no_price_available
2026-09-04T13:58:54.037918+00:00,2026-09-04T19:28:54.037918+05:30,NIFTYNXT50,29-Sep-2026,67700.0,CE,72880.9,,0,7421.1,550,0.0,,0,0,0,0,0,,,,,,,,,,,,,,,0.06803862132426433,,,,,,10.78,25,73133.5,73207.3,72871.7,73051.85,none,no_price_available
2026-09-04T13:58:54.037918+00:00,2026-09-04T19:28:54.037918+05:30,NIFTYNXT50,29-Sep-2026,67700.0,PE,0,,0,,0,0.0,,0,0,0,0,0,,,,,,,,,,,,,,,0.06803862132426433,,,,,,10.78,25,73133.5,73207.3,72871.7,73051.85,none,no_price_available
2026-09-04T13:58:54.037918+00:00,2026-09-04T19:28:54.037918+05:30,NIFTYNXT50,29-Sep-2026,67800.0,CE,72880.9,,0,7314.45,550,0.0,,0,0,0,0,0,,,,,,,,,,,,,,,0.06803862132426433,,,,,,10.78,25,73133.5,73207.3,72871.7,73051.85,none,no_price_available
2026-09-04T13:58:54.037918+00:00,2026-09-04T19:28:54.037918+05:30,NIFTYNXT50,29-Sep-2026,67800.0,PE,0,,0,,0,0.0,,0,0,0,0,0,,,,,,,,,,,,,,,0.06803862132426433,,,,,,10.78,25,73133.5,73207.3,72871.7,73051.85,none,no_price_available
2026-09-04T13:58:54.037918+00:00,2026-09-04T19:28:54.037918+05:30,NIFTYNXT50,29-Sep-2026,67900.0,CE,72880.9,,0,7207.75,550,0.0,,0,0,0,0,0,,,,,,,,,,,,,,,0.06803862132426433,,,,,,10.78,25,73133.5,73207.3,72871.7,73051.85,none,no_price_available
2026-09-04T13:58:54.037918+00:00,2026-09-04T19:28:54.037918+05:30,NIFTYNXT50,29-Sep-2026,67900.0,PE,72880.9,,0,,0,0.0,,0,0,0,0,0,,,,,,,,,,,,,,,0.06803862132426433,,,,,,10.78,25,73133.5,73207.3,72871.7,73051.85,none,no_price_available
2026-09-04T13:58:54.037918+00:00,2026-09-04T19:28:54.037918+05:30,NIFTYNXT50,29-Sep-2026,68000.0,CE,72880.9,,0,7101.1,550,0.0,,0,0,0,0,0,,,,,,,,,,,,,,,0.06803862132426433,,,,,,10.78,25,73133.5,73207.3,72871.7,73051.85,none,no_price_available
2026-09-04T13:58:54.037918+00:00,2026-09-04T19:28:54.037918+05:30,NIFTYNXT50,29-Sep-2026,68000.0,PE,0,,0,,0,0.0,,0,0,0,0,0,,,,,,,,,,,,,,,0.06803862132426433,,,,,,10.78,25,73133.5,73207.3,72871.7,73051.85,none,no_price_available
2026-09-04T13:58:54.037918+00:00,2026-09-04T19:28:54.037918+05:30,NIFTYNXT50,29-Sep-2026,68100.0,CE,72880.9,,0,6834.2,550,0.0,,0,0,0,0,0,,,,,,,,,,,,,,,0.06803862132426433,,,,,,10.78,25,73133.5,73207.3,72871.7,73051.85,none,no_price_available
2026-09-04T13:58:54.037918+00:00,2026-09-04T19:28:54.037918+05:30,NIFTYNXT50,29-Sep-2026,68100.0,PE,0,,0,,0,0.0,,0,0,0,0,0,,,,,,,,,,,,,,,0.06803862132426433,,,,,,10.78,25,73133.5,73207.3,72871.7,73051.85,none,no_price_available
2026-09-04T13:58:54.037918+00:00,2026-09-04T19:28:54.037918+05:30,NIFTYNXT50,29-Sep-2026,68200.0,CE,72880.9,3135.8,50,6726.7,550,0.0,4931.25,0,0,0,0,0,,,,,,,,,,,,,,,0.06803862132426433,73150,0.05416813938888364,0.009899999999999999,index_dividend_yield,0.065,10.78,25,73133.5,73207.3,72871.7,73051.85,mid_price,no_nse_iv
2026-09-04T13:58:54.037918+00:00,2026-09-04T19:28:54.037918+05:30,NIFTYNXT50,29-Sep-2026,68200.0,PE,0,,0,,0,0.0,,0,0,0,0,0,,,,,,,,,,,,,,,0.06803862132426433,,,,,,10.78,25,73133.5,73207.3,72871.7,73051.85,none,no_price_available
2026-09-04T13:58:54.037918+00:00,2026-09-04T19:28:54.037918+05:30,NIFTYNXT50,29-Sep-2026,68300.0,CE,72880.9,3056.8,50,6619.8,550,0.0,4838.3,0,0,0,0,0,,,,,,,,,,,,,,,0.06803862132426433,73150,0.05416813938888364,0.009899999999999999,index_dividend_yield,0.065,10.78,25,73133.5,73207.3,72871.7,73051.85,mid_price,no_nse_iv
2026-09-04T13:58:54.037918+00:00,2026-09-04T19:28:54.037918+05:30,NIFTYNXT50,29-Sep-2026,68300.0,PE,0,,0,,0,0.0,,0,0,0,0,0,,,,,,,,,,,,,,,0.06803862132426433,,,,,,10.78,25,73133.5,73207.3,72871.7,73051.85,none,no_price_available
2026-09-04T13:58:54.037918+00:00,2026-09-04T19:28:54.037918+05:30,NIFTYNXT50,29-Sep-2026,68400.0,CE,72880.9,2979.05,50,6432.9,550,0.0,4705.975,0,0,0,0,0,,,,,,,,,,,,,,,0.06803862132426433,73150,0.05416813938888364,0.009899999999999999,index_dividend_yield,0.065,10.78,25,73133.5,73207.3,72871.7,73051.85,mid_price,no_nse_iv
2026-09-04T13:58:54.037918+00:00,2026-09-04T19:28:54.037918+05:30,NIFTYNXT50,29-Sep-2026,68400.0,PE,0,,0,,0,0.0,,0,0,0,0,0,,,,,,,,,,,,,,,0.06803862132426433,,,,,,10.78,25,73133.5,73207.3,72871.7,73051.85,none,no_price_available
2026-09-04T13:58:54.037918+00:00,2026-09-04T19:28:54.037918+05:30,NIFTYNXT50,29-Sep-2026,68500.0,CE,72880.9,2901.75,50,6325.5,550,0.0,4613.625,0,0,0,0,0,,,,,,,,,,,,,,,0.06803862132426433,73150,0.05416813938888364,0.009899999999999999,index_dividend_yield,0.065,10.78,25,73133.5,73207.3,72871.7,73051.85,mid_price,no_nse_iv
2026-09-04T13:58:54.037918+00:00,2026-09-04T19:28:54.037918+05:30,NIFTYNXT50,29-Sep-2026,68500.0,PE,0,,0,,0,0.0,,0,0,0,0,0,,,,,,,,,,,,,,,0.06803862132426433,,,,,,10.78,25,73133.5,73207.3,72871.7,73051.85,none,no_price_available
2026-09-04T13:58:54.037918+00:00,2026-09-04T19:28:54.037918+05:30,NIFTYNXT50,29-Sep-2026,68600.0,CE,72880.9,2825.7,50,6218.6,550,0.0,4522.15,0,0,0,0,0,,,,,,,,,,,,,,,0.06803862132426433,73150,0.05416813938888364,0.009899999999999999,index_dividend_yield,0.065,10.78,25,73133.5,73207.3,72871.7,73051.85,mid_price,no_nse_iv
2026-09-04T13:58:54.037918+00:00,2026-09-04T19:28:54.037918+05:30,NIFTYNXT50,29-Sep-2026,68600.0,PE,0,,0,,0,0.0,,0,0,0,0,0,,,,,,,,,,,,,,,0.06803862132426433,,,,,,10.78,25,73133.5,73207.3,72871.7,73051.85,none,no_price_available
2026-09-04T13:58:54.037918+00:00,2026-09-04T19:28:54.037918+05:30,NIFTYNXT50,29-Sep-2026,68700.0,CE,72880.9,2750.2,50,6112,550,0.0,4431.1,0,0,0,0,0,,,,,,,,,,,,,,,0.06803862132426433,73150,0.05416813938888364,0.009899999999999999,index_dividend_yield,0.065,10.78,25,73133.5,73207.3,72871.7,73051.85,mid_price,no_nse_iv
2026-09-04T13:58:54.037918+00:00,2026-09-04T19:28:54.037918+05:30,NIFTYNXT50,29-Sep-2026,68700.0,PE,0,,0,,0,0.0,,0,0,0,0,0,,,,,,,,,,,,,,,0.06803862132426433,,,,,,10.78,25,73133.5,73207.3,72871.7,73051.85,none,no_price_available
2026-09-04T13:58:54.037918+00:00,2026-09-04T19:28:54.037918+05:30,NIFTYNXT50,29-Sep-2026,68800.0,CE,72880.9,2675.7,50,6005.55,550,0.0,4340.625,0,0,0,0,0,,,,,,,,,,,,,,,0.06803862132426433,73150,0.05416813938888364,0.009899999999999999,index_dividend_yield,0.065,10.78,25,73133.5,73207.3,72871.7,73051.85,mid_price,no_nse_iv
2026-09-04T13:58:54.037918+00:00,2026-09-04T19:28:54.037918+05:30,NIFTYNXT50,29-Sep-2026,68800.0,PE,0,,0,,0,0.0,,0,0,0,0,0,,,,,,,,,,,,,,,0.06803862132426433,,,,,,10.78,25,73133.5,73207.3,72871.7,73051.85,none,no_price_available
2026-09-04T13:58:54.037918+00:00,2026-09-04T19:28:54.037918+05:30,NIFTYNXT50,29-Sep-2026,68900.0,CE,72880.9,2602.2,50,5978,550,0.0,4290.1,0,0,0,0,0,,,,,,,,,,,,,,,0.06803862132426433,73150,0.05416813938888364,0.009899999999999999,index_dividend_yield,0.065,10.78,25,73133.5,73207.3,72871.7,73051.85,mid_price,no_nse_iv
2026-09-04T13:58:54.037918+00:00,2026-09-04T19:28:54.037918+05:30,NIFTYNXT50,29-Sep-2026,68900.0,PE,0,,0,,0,0.0,,0,0,0,0,0,,,,,,,,,,,,,,,0.06803862132426433,,,,,,10.78,25,73133.5,73207.3,72871.7,73051.85,none,no_price_available
2026-09-04T13:58:54.037918+00:00,2026-09-04T19:28:54.037918+05:30,NIFTYNXT50,29-Sep-2026,69000.0,CE,72880.9,2529.5,50,5792.3,550,0.0,4160.9,0,0,0,0,0,,,,,,,,,,,,,,,0.06803862132426433,73150,0.05416813938888364,0.009899999999999999,index_dividend_yield,0.065,10.78,25,73133.5,73207.3,72871.7,73051.85,mid_price,no_nse_iv
2026-09-04T13:58:54.037918+00:00,2026-09-04T19:28:54.037918+05:30,NIFTYNXT50,29-Sep-2026,69000.0,PE,0,,0,,0,0.0,,0,0,0,0,0,,,,,,,,,,,,,,,0.06803862132426433,,,,,,10.78,25,73133.5,73207.3,72871.7,73051.85,none,no_price_available
2026-09-04T13:58:54.037918+00:00,2026-09-04T19:28:54.037918+05:30,NIFTYNXT50,29-Sep-2026,69100.0,CE,72880.9,2457.95,50,5685.4,550,0.0,4071.6749999999997,0,0,0,0,0,,,,,,,,,,,,,,,0.06803862132426433,73150,0.05416813938888364,0.009899999999999999,index_dividend_yield,0.065,10.78,25,73133.5,73207.3,72871.7,73051.85,mid_price,no_nse_iv
2026-09-04T13:58:54.037918+00:00,2026-09-04T19:28:54.037918+05:30,NIFTYNXT50,29-Sep-2026,69100.0,PE,0,,0,,0,0.0,,0,0,0,0,0,,,,,,,,,,,,,,,0.06803862132426433,,,,,,10.78,25,73133.5,73207.3,72871.7,73051.85,none,no_price_available
2026-09-04T13:58:54.037918+00:00,2026-09-04T19:28:54.037918+05:30,NIFTYNXT50,29-Sep-2026,69200.0,CE,72880.9,2387.2,50,5578.6,550,0.0,3982.9,0,0,0,0,0,,,,,,,,,,,,,,,0.06803862132426433,73150,0.05416813938888364,0.009899999999999999,index_dividend_yield,0.065,10.78,25,73133.5,73207.3,72871.7,73051.85,mid_price,no_nse_iv
2026-09-04T13:58:54.037918+00:00,2026-09-04T19:28:54.037918+05:30,NIFTYNXT50,29-Sep-2026,69200.0,PE,0,,0,,0,0.0,,0,0,0,0,0,,,,,,,,,,,,,,,0.06803862132426433,,,,,,10.78,25,73133.5,73207.3,72871.7,73051.85,none,no_price_available
2026-09-04T13:58:54.037918+00:00,2026-09-04T19:28:54.037918+05:30,NIFTYNXT50,29-Sep-2026,69300.0,CE,72880.9,2317.45,50,5472.15,550,0.0,3894.7999999999997,0,0,0,0,0,,,,,,,,,,,,,,,0.06803862132426433,73150,0.05416813938888364,0.009899999999999999,index_dividend_yield,0.065,10.78,25,73133.5,73207.3,72871.7,73051.85,mid_price,no_nse_iv
2026-09-04T13:58:54.037918+00:00,2026-09-04T19:28:54.037918+05:30,NIFTYNXT50,29-Sep-2026,69300.0,PE,0,,0,,0,0.0,,0,0,0,0,0,,,,,,,,,,,,,,,0.06803862132426433,,,,,,10.78,25,73133.5,73207.3,72871.7,73051.85,none,no_price_available
2026-09-04T13:58:54.037918+00:00,2026-09-04T19:28:54.037918+05:30,NIFTYNXT50,29-Sep-2026,69400.0,CE,72880.9,2248.65,50,5364.55,50,0.0,3806.6000000000004,0,0,0,0,0,,,,,,,,,,,,,,,0.06803862132426433,73150,0.05416813938888364,0.009899999999999999,index_dividend_yield,0.065,10.78,25,73133.5,73207.3,72871.7,73051.85,mid_price,no_nse_iv
2026-09-04T13:58:54.037918+00:00,2026-09-04T19:28:54.037918+05:30,NIFTYNXT50,29-Sep-2026,69400.0,PE,0,,0,,0,0.0,,0,0,0,0,0,,,,,,,,,,,,,,,0.06803862132426433,,,,,,10.78,25,73133.5,73207.3,72871.7,73051.85,none,no_price_available
2026-09-04T13:58:54.037918+00:00,2026-09-04T19:28:54.037918+05:30,NIFTYNXT50,29-Sep-2026,69500.0,CE,72880.9,2181,50,5258.75,50,0.0,3719.875,0,0,0,0,0,,,,,,,,,,,,,,,0.06803862132426433,73150,0.05416813938888364,0.009899999999999999,index_dividend_yield,0.065,10.78,25,73133.5,73207.3,72871.7,73051.85,mid_price,no_nse_iv
2026-09-04T13:58:54.037918+00:00,2026-09-04T19:28:54.037918+05:30,NIFTYNXT50,29-Sep-2026,69500.0,PE,0,,0,,0,0.0,,0,0,0,0,0,,,,,,,,,,,,,,,0.06803862132426433,,,,,,10.78,25,73133.5,73207.3,72871.7,73051.85,none,no_price_available
2026-09-04T13:58:54.037918+00:00,2026-09-04T19:28:54.037918+05:30,NIFTYNXT50,29-Sep-2026,69600.0,CE,72880.9,2114.15,50,5152.05,50,0.0,3633.1000000000004,0,0,0,0,0,,,,,,,,,,,,,,,0.06803862132426433,73150,0.05416813938888364,0.009899999999999999,index_dividend_yield,0.065,10.78,25,73133.5,73207.3,72871.7,73051.85,mid_price,no_nse_iv
2026-09-04T13:58:54.037918+00:00,2026-09-04T19:28:54.037918+05:30,NIFTYNXT50,29-Sep-2026,69600.0,PE,0,,0,,0,0.0,,0,0,0,0,0,,,,,,,,,,,,,,,0.06803862132426433,,,,,,10.78,25,73133.5,73207.3,72871.7,73051.85,none,no_price_available
2026-09-04T13:58:54.037918+00:00,2026-09-04T19:28:54.037918+05:30,NIFTYNXT50,29-Sep-2026,69700.0,CE,72880.9,2048.5,50,5045.75,550,0.0,3547.125,0,0,0,0,0,,,,,,,,,,,,,,,0.06803862132426433,73150,0.05416813938888364,0.009899999999999999,index_dividend_yield,0.065,10.78,25,73133.5,73207.3,72871.7,73051.85,mid_price,no_nse_iv
2026-09-04T13:58:54.037918+00:00,2026-09-04T19:28:54.037918+05:30,NIFTYNXT50,29-Sep-2026,69700.0,PE,0,,0,,0,0.0,,0,0,0,0,0,,,,,,,,,,,,,,,0.06803862132426433,,,,,,10.78,25,73133.5,73207.3,72871.7,73051.85,none,no_price_available
2026-09-04T13:58:54.037918+00:00,2026-09-04T19:28:54.037918+05:30,NIFTYNXT50,29-Sep-2026,69800.0,CE,72880.9,1983.75,50,4940.25,50,0.0,3462.0,0,0,0,0,0,,,,,,,,,,,,,,,0.06803862132426433,73150,0.05416813938888364,0.009899999999999999,index_dividend_yield,0.065,10.78,25,73133.5,73207.3,72871.7,73051.85,mid_price,no_nse_iv
2026-09-04T13:58:54.037918+00:00,2026-09-04T19:28:54.037918+05:30,NIFTYNXT50,29-Sep-2026,69800.0,PE,0,,0,,0,0.0,,0,0,0,0,0,,,,,,,,,,,,,,,0.06803862132426433,,,,,,10.78,25,73133.5,73207.3,72871.7,73051.85,none,no_price_available
2026-09-04T13:58:54.037918+00:00,2026-09-04T19:28:54.037918+05:30,NIFTYNXT50,29-Sep-2026,69900.0,CE,72880.9,1920.25,50,4835.5,50,0.0,3377.875,0,0,0,0,0,,,,,,,,,,,,,,,0.06803862132426433,73150,0.05416813938888364,0.009899999999999999,index_dividend_yield,0.065,10.78,25,73133.5,73207.3,72871.7,73051.85,mid_price,no_nse_iv
2026-09-04T13:58:54.037918+00:00,2026-09-04T19:28:54.037918+05:30,NIFTYNXT50,29-Sep-2026,69900.0,PE,0,,0,,0,0.0,,0,0,0,0,0,,,,,,,,,,,,,,,0.06803862132426433,,,,,,10.78,25,73133.5,73207.3,72871.7,73051.85,none,no_price_available
2026-09-04T13:58:54.037918+00:00,2026-09-04T19:28:54.037918+05:30,NIFTYNXT50,29-Sep-2026,70000.0,CE,72880.9,1857.85,50,4807.9,550,0.0,3332.875,0,0,0,0,0,,,,,,,,,,,,,,,0.06803862132426433,73150,0.05416813938888364,0.009899999999999999,index_dividend_yield,0.065,10.78,25,73133.5,73207.3,72871.7,73051.85,mid_price,no_nse_iv
2026-09-04T13:58:54.037918+00:00,2026-09-04T19:28:54.037918+05:30,NIFTYNXT50,29-Sep-2026,70000.0,PE,72880.9,0.2,50,715.95,50,0.0,358.07500000000005,0,0,0,0,0,,,,,,,,,,,,,,,0.06803862132426433,73150,0.05416813938888364,0.009899999999999999,index_dividend_yield,0.065,10.78,25,73133.5,73207.3,72871.7,73051.85,mid_price,no_nse_iv
2026-09-04T13:58:54.037918+00:00,2026-09-04T19:28:54.037918+05:30,NIFTYNXT50,29-Sep-2026,70100.0,CE,72880.9,1796.25,50,4625.35,50,0.0,3210.8,0,0,0,0,0,,,,,,,,,,,,,,,0.06803862132426433,73150,0.05416813938888364,0.009899999999999999,index_dividend_yield,0.065,10.78,25,73133.5,73207.3,72871.7,73051.85,mid_price,no_nse_iv
2026-09-04T13:58:54.037918+00:00,2026-09-04T19:28:54.037918+05:30,NIFTYNXT50,29-Sep-2026,70100.0,PE,0,,0,,0,0.0,,0,0,0,0,0,,,,,,,,,,,,,,,0.06803862132426433,,,,,,10.78,25,73133.5,73207.3,72871.7,73051.85,none,no_price_available
2026-09-04T13:58:54.037918+00:00,2026-09-04T19:28:54.037918+05:30,NIFTYNXT50,29-Sep-2026,70200.0,CE,72880.9,1735.85,50,4519.95,50,0.0,3127.8999999999996,0,0,0,0,0,,,,,,,,,,,,,,,0.06803862132426433,73150,0.05416813938888364,0.009899999999999999,index_dividend_yield,0.065,10.78,25,73133.5,73207.3,72871.7,73051.85,mid_price,no_nse_iv
2026-09-04T13:58:54.037918+00:00,2026-09-04T19:28:54.037918+05:30,NIFTYNXT50,29-Sep-2026,70200.0,PE,0,,0,,0,0.0,,0,0,0,0,0,,,,,,,,,,,,,,,0.06803862132426433,,,,,,10.78,25,73133.5,73207.3,72871.7,73051.85,none,no_price_available
2026-09-04T13:58:54.037918+00:00,2026-09-04T19:28:54.037918+05:30,NIFTYNXT50,29-Sep-2026,70300.0,CE,72880.9,1676.65,50,4415.8,50,0.0,3046.2250000000004,0,0,0,0,0,,,,,,,,,,,,,,,0.06803862132426433,73150,0.05416813938888364,0.009899999999999999,index_dividend_yield,0.065,10.78,25,73133.5,73207.3,72871.7,73051.85,mid_price,no_nse_iv
2026-09-04T13:58:54.037918+00:00,2026-09-04T19:28:54.037918+05:30,NIFTYNXT50,29-Sep-2026,70300.0,PE,0,,0,,0,0.0,,0,0,0,0,0,,,,,,,,,,,,,,,0.06803862132426433,,,,,,10.78,25,73133.5,73207.3,72871.7,73051.85,none,no_price_available
2026-09-04T13:58:54.037918+00:00,2026-09-04T19:28:54.037918+05:30,NIFTYNXT50,29-Sep-2026,70400.0,CE,72880.9,1618.5,50,4310.15,50,0.0,2964.325,0,0,0,0,0,,,,,,,,,,,,,,,0.06803862132426433,73150,0.05416813938888364,0.009899999999999999,index_dividend_yield,0.065,10.78,25,73133.5,73207.3,72871.7,73051.85,mid_price,no_nse_iv
2026-09-04T13:58:54.037918+00:00,2026-09-04T19:28:54.037918+05:30,NIFTYNXT50,29-Sep-2026,70400.0,PE,0,,0,,0,0.0,,0,0,0,0,0,,,,,,,,,,,,,,,0.06803862132426433,,,,,,10.78,25,73133.5,73207.3,72871.7,73051.85,none,no_price_available
2026-09-04T13:58:54.037918+00:00,2026-09-04T19:28:54.037918+05:30,NIFTYNXT50,29-Sep-2026,70500.0,CE,72880.9,1561.35,50,4204.85,50,0.0,2883.1000000000004,0,0,0,0,0,,,,,,,,,,,,,,,0.06803862132426433,73150,0.05416813938888364,0.009899999999999999,index_dividend_yield,0.065,10.78,25,73133.5,73207.3,72871.7,73051.85,mid_price,no_nse_iv
2026-09-04T13:58:54.037918+00:00,2026-09-04T19:28:54.037918+05:30,NIFTYNXT50,29-Sep-2026,70500.0,PE,0,,0,,0,0.0,,0,0,0,0,0,,,,,,,,,,,,,,,0.06803862132426433,,,,,,10.78,25,73133.5,73207.3,72871.7,73051.85,none,no_price_available
2026-09-04T13:58:54.037918+00:00,2026-09-04T19:28:54.037918+05:30,NIFTYNXT50,29-Sep-2026,70600.0,CE,72880.9,1508.35,50,4100.25,50,0.0,2804.3,0,0,0,0,0,,,,,,,,,,,,,,,0.06803862132426433,73150,0.05416813938888364,0.009899999999999999,index_dividend_yield,0.065,10.78,25,73133.5,73207.3,72871.7,73051.85,mid_price,no_nse_iv
2026-09-04T13:58:54.037918+00:00,2026-09-04T19:28:54.037918+05:30,NIFTYNXT50,29-Sep-2026,70600.0,PE,0,,0,,0,0.0,,0,0,0,0,0,,,,,,,,,,,,,,,0.06803862132426433,,,,,,10.78,25,73133.5,73207.3,72871.7,73051.85,none,no_price_available
2026-09-04T13:58:54.037918+00:00,2026-09-04T19:28:54.037918+05:30,NIFTYNXT50,29-Sep-2026,70700.0,CE,72880.9,1453.3,50,3994.85,50,0.0,2724.075,0,0,0,0,0,,,,,,,,,,,,,,,0.06803862132426433,73150,0.05416813938888364,0.009899999999999999,index_dividend_yield,0.065,10.78,25,73133.5,73207.3,72871.7,73051.85,mid_price,no_nse_iv
2026-09-04T13:58:54.037918+00:00,2026-09-04T19:28:54.037918+05:30,NIFTYNXT50,29-Sep-2026,70700.0,PE,0,,0,,0,0.0,,0,0,0,0,0,,,,,,,,,,,,,,,0.06803862132426433,,,,,,10.78,25,73133.5,73207.3,72871.7,73051.85,none,no_price_available
2026-09-04T13:58:54.037918+00:00,2026-09-04T19:28:54.037918+05:30,NIFTYNXT50,29-Sep-2026,70800.0,CE,72880.9,1399.25,50,3891.2,50,0.0,2645.225,0,0,0,0,0,,,,,,,,,,,,,,,0.06803862132426433,73150,0.05416813938888364,0.009899999999999999,index_dividend_yield,0.065,10.78,25,73133.5,73207.3,72871.7,73051.85,mid_price,no_nse_iv
2026-09-04T13:58:54.037918+00:00,2026-09-04T19:28:54.037918+05:30,NIFTYNXT50,29-Sep-2026,70800.0,PE,0,,0,,0,0.0,,0,0,0,0,0,,,,,,,,,,,,,,,0.06803862132426433,,,,,,10.78,25,73133.5,73207.3,72871.7,73051.85,none,no_price_available
2026-09-04T13:58:54.037918+00:00,2026-09-04T19:28:54.037918+05:30,NIFTYNXT50,29-Sep-2026,70900.0,CE,72880.9,1343.85,50,3785.45,50,0.0,2564.6499999999996,0,0,0,0,0,,,,,,,,,,,,,,,0.06803862132426433,73150,0.05416813938888364,0.009899999999999999,index_dividend_yield,0.065,10.78,25,73133.5,73207.3,72871.7,73051.85,mid_price,no_nse_iv
2026-09-04T13:58:54.037918+00:00,2026-09-04T19:28:54.037918+05:30,NIFTYNXT50,29-Sep-2026,70900.0,PE,0,,0,,0,0.0,,0,0,0,0,0,,,,,,,,,,,,,,,0.06803862132426433,,,,,,10.78,25,73133.5,73207.3,72871.7,73051.85,none,no_price_available
2026-09-04T13:58:54.037918+00:00,2026-09-04T19:28:54.037918+05:30,NIFTYNXT50,29-Sep-2026,71000.0,CE,72880.9,1292.55,50,3680.55,50,0.0,2486.55,0,0,0,0,0,,,,,,,,,,,,,,,0.06803862132426433,73150,0.05416813938888364,0.009899999999999999,index_dividend_yield,0.065,10.78,25,73133.5,73207.3,72871.7,73051.85,mid_price,no_nse_iv
2026-09-04T13:58:54.037918+00:00,2026-09-04T19:28:54.037918+05:30,NIFTYNXT50,29-Sep-2026,71000.0,PE,72880.9,45.35,50,1289.95,50,0.0,667.65,0,0,0,0,0,,,,,,,,,,,,,,,0.06803862132426433,73150,0.05416813938888364,0.009899999999999999,index_dividend_yield,0.065,10.78,25,73133.5,73207.3,72871.7,73051.85,mid_price,no_nse_iv
2026-09-04T13:58:54.037918+00:00,2026-09-04T19:28:54.037918+05:30,NIFTYNXT50,29-Sep-2026,71100.0,CE,72880.9,1242.3,50,3813,50,0.0,2527.65,0,0,0,0,0,,,,,,,,,,,,,,,0.06803862132426433,73150,0.05416813938888364,0.009899999999999999,index_dividend_yield,0.065,10.78,25,73133.5,73207.3,72871.7,73051.85,mid_price,no_nse_iv
2026-09-04T13:58:54.037918+00:00,2026-09-04T19:28:54.037918+05:30,NIFTYNXT50,29-Sep-2026,71100.0,PE,72880.9,54.3,50,998.5,50,0.0,526.4,0,0,0,0,0,,,,,,,,,,,,,,,0.06803862132426433,73150,0.05416813938888364,0.009899999999999999,index_dividend_yield,0.065,10.78,25,73133.5,73207.3,72871.7,73051.85,mid_price,no_nse_iv
2026-09-04T13:58:54.037918+00:00,2026-09-04T19:28:54.037918+05:30,NIFTYNXT50,29-Sep-2026,71200.0,CE,72880.9,1193.2,50,3523.5,50,0.0,2358.35,0,0,0,0,0,,,,,,,,,,,,,,,0.06803862132426433,73150,0.05416813938888364,0.009899999999999999,index_dividend_yield,0.065,10.78,25,73133.5,73207.3,72871.7,73051.85,mid_price,no_nse_iv
2026-09-04T13:58:54.037918+00:00,2026-09-04T19:28:54.037918+05:30,NIFTYNXT50,29-Sep-2026,71200.0,PE,72880.9,63.95,50,1018.65,50,0.0,541.3,0,0,0,0,0,,,,,,,,,,,,,,,0.06803862132426433,73150,0.05416813938888364,0.009899999999999999,index_dividend_yield,0.065,10.78,25,73133.5,73207.3,72871.7,73051.85,mid_price,no_nse_iv
2026-09-04T13:58:54.037918+00:00,2026-09-04T19:28:54.037918+05:30,NIFTYNXT50,29-Sep-2026,71300.0,CE,72880.9,1145.2,50,3415.5,50,0.0,2280.35,0,0,0,0,0,,,,,,,,,,,,,,,0.06803862132426433,73150,0.05416813938888364,0.009899999999999999,index_dividend_yield,0.065,10.78,25,73133.5,73207.3,72871.7,73051.85,mid_price,no_nse_iv
2026-09-04T13:58:54.037918+00:00,2026-09-04T19:28:54.037918+05:30,NIFTYNXT50,29-Sep-2026,71300.0,PE,72880.9,74.15,50,1018.65,50,0.0,546.4,0,0,0,0,0,,,,,,,,,,,,,,,0.06803862132426433,73150,0.05416813938888364,0.009899999999999999,index_dividend_yield,0.065,10.78,25,73133.5,73207.3,72871.7,73051.85,mid_price,no_nse_iv
2026-09-04T13:58:54.037918+00:00,2026-09-04T19:28:54.037918+05:30,NIFTYNXT50,29-Sep-2026,71400.0,CE,72880.9,1098.3,50,3306.4,50,0.0,2202.35,0,0,0,0,0,,,,,,,,,,,,,,,0.06803862132426433,73150,0.05416813938888364,0.009899999999999999,index_dividend_yield,0.065,10.78,25,73133.5,73207.3,72871.7,73051.85,mid_price,no_nse_iv
2026-09-04T13:58:54.037918+00:00,2026-09-04T19:28:54.037918+05:30,NIFTYNXT50,29-Sep-2026,71400.0,PE,72880.9,85,50,1158.5,50,0.0,621.75,0,0,0,0,0,,,,,,,,,,,,,,,0.06803862132426433,73150,0.05416813938888364,0.009899999999999999,index_dividend_yield,0.065,10.78,25,73133.5,73207.3,72871.7,73051.85,mid_price,no_nse_iv
2026-09-04T13:58:54.037918+00:00,2026-09-04T19:28:54.037918+05:30,NIFTYNXT50,29-Sep-2026,71500.0,CE,72880.9,1052.55,50,3079.8,550,0.0,2066.175,0,0,0,0,0,,,,,,,,,,,,,,,0.06803862132426433,73150,0.05416813938888364,0.009899999999999999,index_dividend_yield,0.065,10.78,25,73133.5,73207.3,72871.7,73051.85,mid_price,no_nse_iv
2026-09-04T13:58:54.037918+00:00,2026-09-04T19:28:54.037918+05:30,NIFTYNXT50,29-Sep-2026,71500.0,PE,72880.9,102.05,50,664.95,50,0.0,383.5,0,0,0,0,0,,,,,,,,,,,,,,,0.06803862132426433,73150,0.05416813938888364,0.009899999999999999,index_dividend_yield,0.065,10.78,25,73133.5,73207.3,72871.7,73051.85,mid_price,no_nse_iv
2026-09-04T13:58:54.037918+00:00,2026-09-04T19:28:54.037918+05:30,NIFTYNXT50,29-Sep-2026,71600.0,CE,72880.9,1008,50,3287.25,50,0.0,2147.625,0,0,0,0,0,,,,,,,,,,,,,,,0.06803862132426433,73150,0.05416813938888364,0.009899999999999999,index_dividend_yield,0.065,10.78,25,73133.5,73207.3,72871.7,73051.85,mid_price,no_nse_iv
2026-09-04T13:58:54.037918+00:00,2026-09-04T19:28:54.037918+05:30,NIFTYNXT50,29-Sep-2026,71600.0,PE,72880.9,108.8,50,1241.9,50,0.0,675.35,0,0,0,0,0,,,,,,,,,,,,,,,0.06803862132426433,73150,0.05416813938888364,0.009899999999999999,index_dividend_yield,0.065,10.78,25,73133.5,73207.3,72871.7,73051.85,mid_price,no_nse_iv
2026-09-04T13:58:54.037918+00:00,2026-09-04T19:28:54.037918+05:30,NIFTYNXT50,29-Sep-2026,71700.0,CE,72880.9,964.5,50,3177.65,50,0.0,2071.075,0,0,0,0,0,,,,,,,,,,,,,,,0.06803862132426433,73150,0.05416813938888364,0.009899999999999999,index_dividend_yield,0.065,10.78,25,73133.5,73207.3,72871.7,73051.85,mid_price,no_nse_iv
2026-09-04T13:58:54.037918+00:00,2026-09-04T19:28:54.037918+05:30,NIFTYNXT50,29-Sep-2026,71700.0,PE,72880.9,121.65,50,1261.1,50,0.0,691.375,0,0,0,0,0,,,,,,,,,,,,,,,0.06803862132426433,73150,0.05416813938888364,0.009899999999999999,index_dividend_yield,0.065,10.78,25,73133.5,73207.3,72871.7,73051.85,mid_price,no_nse_iv
2026-09-04T13:58:54.037918+00:00,2026-09-04T19:28:54.037918+05:30,NIFTYNXT50,29-Sep-2026,71800.0,CE,72880.9,922.25,50,3138,50,0.0,2030.125,0,0,0,0,0,,,,,,,,,,,,,,,0.06803862132426433,73150,0.05416813938888364,0.009899999999999999,index_dividend_yield,0.065,10.78,25,73133.5,73207.3,72871.7,73051.85,mid_price,no_nse_iv
2026-09-04T13:58:54.037918+00:00,2026-09-04T19:28:54.037918+05:30,NIFTYNXT50,29-Sep-2026,71800.0,PE,72880.9,135.25,50,1018.2,50,0.0,576.725,0,0,0,0,0,,,,,,,,,,,,,,,0.06803862132426433,73150,0.05416813938888364,0.009899999999999999,index_dividend_yield,0.065,10.78,25,73133.5,73207.3,72871.7,73051.85,mid_price,no_nse_iv
2026-09-04T13:58:54.037918+00:00,2026-09-04T19:28:54.037918+05:30,NIFTYNXT50,29-Sep-2026,71900.0,CE,72880.9,880.9,50,2983,50,0.0,1931.95,0,0,0,0,0,,,,,,,,,,,,,,,0.06803862132426433,73150,0.05416813938888364,0.009899999999999999,index_dividend_yield,0.065,10.78,25,73133.5,73207.3,72871.7,73051.85,mid_price,no_nse_iv
2026-09-04T13:58:54.037918+00:00,2026-09-04T19:28:54.037918+05:30,NIFTYNXT50,29-Sep-2026,71900.0,PE,72880.9,149.7,50,1826.65,50,0.0,988.1750000000001,0,0,0,0,0,,,,,,,,,,,,,,,0.06803862132426433,73150,0.05416813938888364,0.009899999999999999,index_dividend_yield,0.065,10.78,25,73133.5,73207.3,72871.7,73051.85,mid_price,no_nse_iv
2026-09-04T13:58:54.037918+00:00,2026-09-04T19:28:54.037918+05:30,NIFTYNXT50,29-Sep-2026,72000.0,CE,72880.9,1307,50,3925.7,50,0.0,2616.35,0,0,0,0,0,,,,,,,,,,,,,,,0.06803862132426433,73150,0.05416813938888364,0.009899999999999999,index_dividend_yield,0.065,10.78,25,73133.5,73207.3,72871.7,73051.85,mid_price,no_nse_iv
2026-09-04T13:58:54.037918+00:00,2026-09-04T19:28:54.037918+05:30,NIFTYNXT50,29-Sep-2026,72000.0,PE,72880.9,450,25,549.9,25,472.9,499.95,7,4,7,-23.29278183292782,13.47,-0.31883046185870473,0.00013938468164271346,-14.797610496204303,67.85246070420376,-1.1533185339850371,0.0015860470230640855,103.13404144908844,-2.7247979526307108e-08,-0.0008229464066328448,2.517743263346679e-06,-1.506914490312937,-43.02464481486487,0.33023234309529226,0.00014281621164043856,0.06803862132426433,73150,0.05416813938888364,0.009899999999999999,index_dividend_yield,0.065,10.78,25,73133.5,73207.3,72871.7,73051.85,mid_price,wide_quote_low_liquidity
2026-09-04T13:58:54.037918+00:00,2026-09-04T19:28:54.037918+05:30,NIFTYNXT50,29-Sep-2026,72100.0,CE,72880.9,801.9,50,3225.75,50,0.0,2013.825,0,0,0,0,0,,,,,,,,,,,,,,,0.06803862132426433,73150,0.05416813938888364,0.009899999999999999,index_dividend_yield,0.065,10.78,25,73133.5,73207.3,72871.7,73051.85,mid_price,no_nse_iv
2026-09-04T13:58:54.037918+00:00,2026-09-04T19:28:54.037918+05:30,NIFTYNXT50,29-Sep-2026,72100.0,PE,72880.9,180.45,50,1541.3,50,0.0,860.875,0,0,0,0,0,,,,,,,,,,,,,,,0.06803862132426433,73150,0.05416813938888364,0.009899999999999999,index_dividend_yield,0.065,10.78,25,73133.5,73207.3,72871.7,73051.85,mid_price,no_nse_iv
2026-09-04T13:58:54.037918+00:00,2026-09-04T19:28:54.037918+05:30,NIFTYNXT50,29-Sep-2026,72200.0,CE,72880.9,,0,,0,0.0,,0,0,0,0,0,,,,,,,,,,,,,,,0.06803862132426433,,,,,,10.78,25,73133.5,73207.3,72871.7,73051.85,none,no_price_available
2026-09-04T13:58:54.037918+00:00,2026-09-04T19:28:54.037918+05:30,NIFTYNXT50,29-Sep-2026,72200.0,PE,72880.9,,0,900,25,0.0,,0,0,0,0,0,,,,,,,,,,,,,,,0.06803862132426433,,,,,,10.78,25,73133.5,73207.3,72871.7,73051.85,none,no_price_available
2026-09-04T13:58:54.037918+00:00,2026-09-04T19:28:54.037918+05:30,NIFTYNXT50,29-Sep-2026,72300.0,CE,72880.9,,0,,0,0.0,,0,0,0,0,0,,,,,,,,,,,,,,,0.06803862132426433,,,,,,10.78,25,73133.5,73207.3,72871.7,73051.85,none,no_price_available
2026-09-04T13:58:54.037918+00:00,2026-09-04T19:28:54.037918+05:30,NIFTYNXT50,29-Sep-2026,72300.0,PE,72880.9,,0,900,25,0.0,,0,0,0,0,0,,,,,,,,,,,,,,,0.06803862132426433,,,,,,10.78,25,73133.5,73207.3,72871.7,73051.85,none,no_price_available
2026-09-04T13:58:54.037918+00:00,2026-09-04T19:28:54.037918+05:30,NIFTYNXT50,29-Sep-2026,72400.0,CE,72880.9,,0,,0,0.0,,0,0,0,0,0,,,,,,,,,,,,,,,0.06803862132426433,,,,,,10.78,25,73133.5,73207.3,72871.7,73051.85,none,no_price_available
2026-09-04T13:58:54.037918+00:00,2026-09-04T19:28:54.037918+05:30,NIFTYNXT50,29-Sep-2026,72400.0,PE,72880.9,,0,,0,0.0,,0,0,0,0,0,,,,,,,,,,,,,,,0.06803862132426433,,,,,,10.78,25,73133.5,73207.3,72871.7,73051.85,none,no_price_available
2026-09-04T13:58:54.037918+00:00,2026-09-04T19:28:54.037918+05:30,NIFTYNXT50,29-Sep-2026,72500.0,CE,72880.9,1041,25,2110,25,0.0,1575.5,0,0,0,0,0,,,,,,,,,,,,,,,0.06803862132426433,73150,0.05416813938888364,0.009899999999999999,index_dividend_yield,0.065,10.78,25,73133.5,73207.3,72871.7,73051.85,mid_price,no_nse_iv
2026-09-04T13:58:54.037918+00:00,2026-09-04T19:28:54.037918+05:30,NIFTYNXT50,29-Sep-2026,72500.0,PE,72880.9,400,25,799,25,0.0,599.5,6,0,0,0,13.38,-0.3913909810314851,0.00015092011166405325,-15.225355906922443,72.97703095678959,-0.6889214402018284,0.0001849690720565067,36.01887703307227,-1.8187354825561112e-08,-0.001053516887246402,3.022266021644775e-06,-1.4776048303935738,-39.789533615286246,0.40333547837087863,0.00015251008349625062,0.06803862132426433,73150,0.05416813938888364,0.009899999999999999,index_dividend_yield,0.065,10.78,25,73133.5,73207.3,72871.7,73051.85,mid_price,wide_quote_low_liquidity
2026-09-04T13:58:54.037918+00:00,2026-09-04T19:28:54.037918+05:30,NIFTYNXT50,29-Sep-2026,72600.0,CE,72880.9,623.4,50,2565.6,550,0.0,1594.5,0,0,0,0,0,,,,,,,,,,,,,,,0.06803862132426433,73150,0.05416813938888364,0.009899999999999999,index_dividend_yield,0.065,10.78,25,73133.5,73207.3,72871.7,73051.85,mid_price,no_nse_iv
2026-09-04T13:58:54.037918+00:00,2026-09-04T19:28:54.037918+05:30,NIFTYNXT50,29-Sep-2026,72600.0,PE,72880.9,,0,,0,0.0,,0,0,0,0,0,,,,,,,,,,,,,,,0.06803862132426433,,,,,,10.78,25,73133.5,73207.3,72871.7,73051.85,none,no_price_available
2026-09-04T13:58:54.037918+00:00,2026-09-04T19:28:54.037918+05:30,NIFTYNXT50,29-Sep-2026,72700.0,CE,72880.9,590.95,50,2436.95,550,0.0,1513.9499999999998,0,0,0,0,0,,,,,,,,,,,,,,,0.06803862132426433,73150,0.05416813938888364,0.009899999999999999,index_dividend_yield,0.065,10.78,25,73133.5,73207.3,72871.7,73051.85,mid_price,no_nse_iv
2026-09-04T13:58:54.037918+00:00,2026-09-04T19:28:54.037918+05:30,NIFTYNXT50,29-Sep-2026,72700.0,PE,0,,0,,0,0.0,,0,0,0,0,0,,,,,,,,,,,,,,,0.06803862132426433,,,,,,10.78,25,73133.5,73207.3,72871.7,73051.85,none,no_price_available
2026-09-04T13:58:54.037918+00:00,2026-09-04T19:28:54.037918+05:30,NIFTYNXT50,29-Sep-2026,72800.0,CE,72880.9,800.05,25,1790,25,0.0,1295.025,0,0,0,0,0,,,,,,,,,,,,,,,0.06803862132426433,73150,0.05416813938888364,0.009899999999999999,index_dividend_yield,0.065,10.78,25,73133.5,73207.3,72871.7,73051.85,mid_price,no_nse_iv
2026-09-04T13:58:54.037918+00:00,2026-09-04T19:28:54.037918+05:30,NIFTYNXT50,29-Sep-2026,72800.0,PE,0,,0,,0,0.0,,0,0,0,0,0,,,,,,,,,,,,,,,0.06803862132426433,,,,,,10.78,25,73133.5,73207.3,72871.7,73051.85,none,no_price_available
2026-09-04T13:58:54.037918+00:00,2026-09-04T19:28:54.037918+05:30,NIFTYNXT50,29-Sep-2026,72900.0,CE,72880.9,,0,,0,0.0,,0,0,0,0,0,,,,,,,,,,,,,,,0.06803862132426433,,,,,,10.78,25,73133.5,73207.3,72871.7,73051.85,none,no_price_available
2026-09-04T13:58:54.037918+00:00,2026-09-04T19:28:54.037918+05:30,NIFTYNXT50,29-Sep-2026,72900.0,PE,72880.9,772,25,1956.8,50,0.0,1364.4,3,0,0,0,16.07,-0.45821893881207465,0.00012979412080659278,-19.1528433737909,75.37960489159668,-0.1535474696357786,-0.0009437109791375353,3.0400462392066174,-6.149628507443847e-09,-0.0008024758257802633,2.6491574767848348e-06,-1.4972604369707907,-30.54901941542572,0.4730944190074939,0.0001297261168848881,0.06803862132426433,73150,0.05416813938888364,0.009899999999999999,index_dividend_yield,0.065,10.78,25,73133.5,73207.3,72871.7,73051.85,mid_price,wide_quote_low_liquidity
2026-09-04T13:58:54.037918+00:00,2026-09-04T19:28:54.037918+05:30,NIFTYNXT50,29-Sep-2026,73000.0,CE,72880.9,1041.05,25,1175,25,1136,1108.025,6,1,70,1.883408071748879,12.31,0.5323007804512236,0.00016978895751605338,-24.397400617837775,75.53538615038539,-0.1609083021939517,-0.0014549737970580567,2.507134996108107,-8.149166155844428e-09,-0.0013737311599851926,3.4753947889574826e-06,-1.4959389135695884,38.374617543278916,-0.5175837906345104,0.0001692353857685283,0.06803862132426433,73150,0.05416813938888364,0.009899999999999999,index_dividend_yield,0.065,10.78,25,73133.5,73207.3,72871.7,73051.85,mid_price,ok
2026-09-04T13:58:54.037918+00:00,2026-09-04T19:28:54.037918+05:30,NIFTYNXT50,29-Sep-2026,73000.0,PE,72880.9,790,25,1020.45,25,0.0,905.225,0,0,0,0,0,,,,,,,,,,,,,,,0.06803862132426433,73150,0.05416813938888364,0.009899999999999999,index_dividend_yield,0.065,10.78,25,73133.5,73207.3,72871.7,73051.85,mid_price,no_nse_iv
2026-09-04T13:58:54.037918+00:00,2026-09-04T19:28:54.037918+05:30,NIFTYNXT50,29-Sep-2026,73100.0,CE,72880.9,,0,1200,25,0.0,,0,0,0,0,0,,,,,,,,,,,,,,,0.06803862132426433,,,,,,10.78,25,73133.5,73207.3,72871.7,73051.85,none,no_price_available
2026-09-04T13:58:54.037918+00:00,2026-09-04T19:28:54.037918+05:30,NIFTYNXT50,29-Sep-2026,73100.0,PE,72880.9,495.95,25,1496,25,0.0,995.975,0,0,0,0,0,,,,,,,,,,,,,,,0.06803862132426433,73150,0.05416813938888364,0.009899999999999999,index_dividend_yield,0.065,10.78,25,73133.5,73207.3,72871.7,73051.85,mid_price,no_nse_iv
2026-09-04T13:58:54.037918+00:00,2026-09-04T19:28:54.037918+05:30,NIFTYNXT50,29-Sep-2026,73200.0,CE,72880.9,444.3,50,1199.95,25,0.0,822.125,0,0,0,0,0,,,,,,,,,,,,,,,0.06803862132426433,73150,0.05416813938888364,0.009899999999999999,index_dividend_yield,0.065,10.78,25,73133.5,73207.3,72871.7,73051.85,mid_price,no_nse_iv
2026-09-04T13:58:54.037918+00:00,2026-09-04T19:28:54.037918+05:30,NIFTYNXT50,29-Sep-2026,73200.0,PE,72880.9,820,25,1810,25,0.0,1315.0,0,0,0,0,0,,,,,,,,,,,,,,,0.06803862132426433,73150,0.05416813938888364,0.009899999999999999,index_dividend_yield,0.065,10.78,25,73133.5,73207.3,72871.7,73051.85,mid_price,no_nse_iv
2026-09-04T13:58:54.037918+00:00,2026-09-04T19:28:54.037918+05:30,NIFTYNXT50,29-Sep-2026,73300.0,CE,72880.9,,0,1124.95,25,0.0,,0,0,0,0,0,,,,,,,,,,,,,,,0.06803862132426433,,,,,,10.78,25,73133.5,73207.3,72871.7,73051.85,none,no_price_available
2026-09-04T13:58:54.037918+00:00,2026-09-04T19:28:54.037918+05:30,NIFTYNXT50,29-Sep-2026,73300.0,PE,72880.9,942.05,25,1090,25,1030,1016.025,4,-1,51,-5.4829089240651525,14.07,-0.5139082397211726,0.00014895483626482038,-15.598662089605883,75.74110989138218,0.20513230510321723,-0.0022341814926820636,1.393777825342113,-3.4291865819355926e-11,-0.001055981818612274,2.9740898234645998e-06,-1.5380535692692519,-32.81765701758901,0.5265398880216451,0.0001472563777195149,0.06803862132426433,73150,0.05416813938888364,0.009899999999999999,index_dividend_yield,0.065,10.78,25,73133.5,73207.3,72871.7,73051.85,mid_price,ok
2026-09-04T13:58:54.037918+00:00,2026-09-04T19:28:54.037918+05:30,NIFTYNXT50,29-Sep-2026,73400.0,CE,72880.9,,0,1099.95,25,0.0,,0,0,0,0,0,,,,,,,,,,,,,,,0.06803862132426433,,,,,,10.78,25,73133.5,73207.3,72871.7,73051.85,none,no_price_available
2026-09-04T13:58:54.037918+00:00,2026-09-04T19:28:54.037918+05:30,NIFTYNXT50,29-Sep-2026,73400.0,PE,72880.9,941,25,,0,0.0,,3,0,0,0,16.06,,,,,,,,,,,,,,,0.06803862132426433,,,,,,10.78,25,73133.5,73207.3,72871.7,73051.85,none,no_price_available
2026-09-04T13:58:54.037918+00:00,2026-09-04T19:28:54.037918+05:30,NIFTYNXT50,29-Sep-2026,73500.0,CE,72880.9,750,25,922.6,25,0.0,836.3,8,0,0,0,9.43,0.4286094579735503,0.00021884809001165197,-18.77652692717399,74.58258167857883,0.8478787822472911,-0.004006459672536433,28.884564969700932,1.8547855947297844e-08,-0.0022362456078573725,4.01134747909812e-06,-1.636539936302498,56.02760474852091,-0.417413692460728,0.00021517684559076172,0.06803862132426433,73150,0.05416813938888364,0.009899999999999999,index_dividend_yield,0.065,10.78,25,73133.5,73207.3,72871.7,73051.85,mid_price,wide_quote_low_liquidity
2026-09-04T13:58:54.037918+00:00,2026-09-04T19:28:54.037918+05:30,NIFTYNXT50,29-Sep-2026,73500.0,PE,72880.9,920,25,,0,0.0,,0,0,0,0,0,,,,,,,,,,,,,,,0.06803862132426433,,,,,,10.78,25,73133.5,73207.3,72871.7,73051.85,none,no_price_available
2026-09-04T13:58:54.037918+00:00,2026-09-04T19:28:54.037918+05:30,NIFTYNXT50,29-Sep-2026,73600.0,CE,72880.9,350.35,50,896.75,25,0.0,623.55,0,0,0,0,0,,,,,,,,,,,,,,,0.06803862132426433,73150,0.05416813938888364,0.009899999999999999,index_dividend_yield,0.065,10.78,25,73133.5,73207.3,72871.7,73051.85,mid_price,no_nse_iv
2026-09-04T13:58:54.037918+00:00,2026-09-04T19:28:54.037918+05:30,NIFTYNXT50,29-Sep-2026,73600.0,PE,72880.9,522.3,50,2982.15,50,0.0,1752.225,0,0,0,0,0,,,,,,,,,,,,,,,0.06803862132426433,73150,0.05416813938888364,0.009899999999999999,index_dividend_yield,0.065,10.78,25,73133.5,73207.3,72871.7,73051.85,mid_price,no_nse_iv
2026-09-04T13:58:54.037918+00:00,2026-09-04T19:28:54.037918+05:30,NIFTYNXT50,29-Sep-2026,73700.0,CE,72880.9,321.15,50,869.35,25,0.0,595.25,1,0,0,0,13,0.41964530411036255,0.00015805761481526976,-23.920973690133323,74.25774130692926,0.7091162630377956,-0.0035841489963068796,27.24295942516619,1.0662893682108826e-08,-0.0011579045714410832,2.893171425220957e-06,-1.6312615871881064,41.27216988625048,-0.4049266258127287,0.00015456384122194584,0.06803862132426433,73150,0.05416813938888364,0.009899999999999999,index_dividend_yield,0.065,10.78,25,73133.5,73207.3,72871.7,73051.85,mid_price,wide_quote_low_liquidity
2026-09-04T13:58:54.037918+00:00,2026-09-04T19:28:54.037918+05:30,NIFTYNXT50,29-Sep-2026,73700.0,PE,72880.9,,0,,0,0.0,,0,0,0,0,0,,,,,,,,,,,,,,,0.06803862132426433,,,,,,10.78,25,73133.5,73207.3,72871.7,73051.85,none,no_price_available
2026-09-04T13:58:54.037918+00:00,2026-09-04T19:28:54.037918+05:30,NIFTYNXT50,29-Sep-2026,73800.0,CE,72880.9,300.15,50,842.85,25,0.0,571.5,0,0,0,0,0,,,,,,,,,,,,,,,0.06803862132426433,73150,0.05416813938888364,0.009899999999999999,index_dividend_yield,0.065,10.78,25,73133.5,73207.3,72871.7,73051.85,mid_price,no_nse_iv
2026-09-04T13:58:54.037918+00:00,2026-09-04T19:28:54.037918+05:30,NIFTYNXT50,29-Sep-2026,73800.0,PE,72880.9,584.15,50,2617.5,50,0.0,1600.825,0,0,0,0,0,,,,,,,,,,,,,,,0.06803862132426433,73150,0.05416813938888364,0.009899999999999999,index_dividend_yield,0.065,10.78,25,73133.5,73207.3,72871.7,73051.85,mid_price,no_nse_iv
2026-09-04T13:58:54.037918+00:00,2026-09-04T19:28:54.037918+05:30,NIFTYNXT50,29-Sep-2026,73900.0,CE,72880.9,278.5,50,810.95,25,0.0,544.725,0,0,0,0,0,,,,,,,,,,,,,,,0.06803862132426433,73150,0.05416813938888364,0.009899999999999999,index_dividend_yield,0.065,10.78,25,73133.5,73207.3,72871.7,73051.85,mid_price,no_nse_iv
2026-09-04T13:58:54.037918+00:00,2026-09-04T19:28:54.037918+05:30,NIFTYNXT50,29-Sep-2026,73900.0,PE,72880.9,,0,,0,0.0,,0,0,0,0,0,,,,,,,,,,,,,,,0.06803862132426433,,,,,,10.78,25,73133.5,73207.3,72871.7,73051.85,none,no_price_available
2026-09-04T13:58:54.037918+00:00,2026-09-04T19:28:54.037918+05:30,NIFTYNXT50,29-Sep-2026,74000.0,CE,72880.9,575.1,25,638,25,649.35,606.55,22,3,6,0.053929121725731895,12.09,0.3634627132744192,0.00016323630558744346,-21.259848857016728,71.32241120259752,1.179592866772855,-0.004658041876031138,78.16964412735672,2.2269767564244002e-08,-0.0011713311312164742,2.5834600615589026e-06,-1.7434157304103763,47.19943741880943,-0.35038195904491415,0.00015833640195911765,0.06803862132426433,73150,0.05416813938888364,0.009899999999999999,index_dividend_yield,0.065,10.78,25,73133.5,73207.3,72871.7,73051.85,mid_price,ok
2026-09-04T13:58:54.037918+00:00,2026-09-04T19:28:54.037918+05:30,NIFTYNXT50,29-Sep-2026,74000.0,PE,72880.9,1117,50,3295.05,50,0.0,2206.025,0,0,0,0,0,,,,,,,,,,,,,,,0.06803862132426433,73150,0.05416813938888364,0.009899999999999999,index_dividend_yield,0.065,10.78,25,73133.5,73207.3,72871.7,73051.85,mid_price,no_nse_iv
2026-09-04T13:58:54.037918+00:00,2026-09-04T19:28:54.037918+05:30,NIFTYNXT50,29-Sep-2026,74100.0,CE,72880.9,239.25,50,769.3,25,0.0,504.275,0,0,0,0,0,,,,,,,,,,,,,,,0.06803862132426433,73150,0.05416813938888364,0.009899999999999999,index_dividend_yield,0.065,10.78,25,73133.5,73207.3,72871.7,73051.85,mid_price,no_nse_iv
2026-09-04T13:58:54.037918+00:00,2026-09-04T19:28:54.037918+05:30,NIFTYNXT50,29-Sep-2026,74100.0,PE,72880.9,684.55,50,3375.6,50,0.0,2030.0749999999998,0,0,0,0,0,,,,,,,,,,,,,,,0.06803862132426433,73150,0.05416813938888364,0.009899999999999999,index_dividend_yield,0.065,10.78,25,73133.5,73207.3,72871.7,73051.85,mid_price,no_nse_iv
2026-09-04T13:58:54.037918+00:00,2026-09-04T19:28:54.037918+05:30,NIFTYNXT50,29-Sep-2026,74200.0,CE,72880.9,220.85,50,741.65,25,0.0,481.25,0,0,0,0,0,,,,,,,,,,,,,,,0.06803862132426433,73150,0.05416813938888364,0.009899999999999999,index_dividend_yield,0.065,10.78,25,73133.5,73207.3,72871.7,73051.85,mid_price,no_nse_iv
2026-09-04T13:58:54.037918+00:00,2026-09-04T19:28:54.037918+05:30,NIFTYNXT50,29-Sep-2026,74200.0,PE,72880.9,720.1,50,3456.85,50,0.0,2088.475,0,0,0,0,0,,,,,,,,,,,,,,,0.06803862132426433,73150,0.05416813938888364,0.009899999999999999,index_dividend_yield,0.065,10.78,25,73133.5,73207.3,72871.7,73051.85,mid_price,no_nse_iv
2026-09-04T13:58:54.037918+00:00,2026-09-04T19:28:54.037918+05:30,NIFTYNXT50,29-Sep-2026,74300.0,CE,72880.9,,0,720.85,25,0.0,,0,0,0,0,0,,,,,,,,,,,,,,,0.06803862132426433,,,,,,10.78,25,73133.5,73207.3,72871.7,73051.85,none,no_price_available
2026-09-04T13:58:54.037918+00:00,2026-09-04T19:28:54.037918+05:30,NIFTYNXT50,29-Sep-2026,74300.0,PE,72880.9,756.8,50,3538.75,50,0.0,2147.775,0,0,0,0,0,,,,,,,,,,,,,,,0.06803862132426433,73150,0.05416813938888364,0.009899999999999999,index_dividend_yield,0.065,10.78,25,73133.5,73207.3,72871.7,73051.85,mid_price,no_nse_iv
2026-09-04T13:58:54.037918+00:00,2026-09-04T19:28:54.037918+05:30,NIFTYNXT50,29-Sep-2026,74400.0,CE,72880.9,,0,692.7,25,0.0,,0,0,0,0,0,,,,,,,,,,,,,,,0.06803862132426433,,,,,,10.78,25,73133.5,73207.3,72871.7,73051.85,none,no_price_available
2026-09-04T13:58:54.037918+00:00,2026-09-04T19:28:54.037918+05:30,NIFTYNXT50,29-Sep-2026,74400.0,PE,72880.9,794.5,50,3621.65,50,0.0,2208.075,0,0,0,0,0,,,,,,,,,,,,,,,0.06803862132426433,73150,0.05416813938888364,0.009899999999999999,index_dividend_yield,0.065,10.78,25,73133.5,73207.3,72871.7,73051.85,mid_price,no_nse_iv
2026-09-04T13:58:54.037918+00:00,2026-09-04T19:28:54.037918+05:30,NIFTYNXT50,29-Sep-2026,74500.0,CE,72880.9,382.8,25,484,25,470,433.4,19,8,24,4.514120524794308,12.01,0.28548566184870866,0.00014876644327543447,-18.683015461632102,64.57002378261467,1.6895352197710267,-0.005715041359880768,181.82144640903886,3.446154672750352e-08,-0.0008197977913625474,1.5804332206991367e-06,-1.9141308734027973,52.01420139895578,-0.2739119079438068,0.00014237046011674845,0.06803862132426433,73150,0.05416813938888364,0.009899999999999999,index_dividend_yield,0.065,10.78,25,73133.5,73207.3,72871.7,73051.85,mid_price,wide_quote_low_liquidity
2026-09-04T13:58:54.037918+00:00,2026-09-04T19:28:54.037918+05:30,NIFTYNXT50,29-Sep-2026,74500.0,PE,72880.9,1344.6,25,3705.35,50,1344,2524.975,15,0,2,-16,8.37,-0.7944337246108616,0.00017845959433762844,-0.08573965005815534,53.98191890317278,2.868939035543916,-0.006820021903278128,449.3394066194902,8.813300147621209e-08,-0.0006465042228279806,7.744239516899328e-08,-2.150050283455464,-38.07167900314175,0.7975816813910716,0.00017078700007000782,0.06803862132426433,73150,0.05416813938888364,0.009899999999999999,index_dividend_yield,0.065,10.78,25,73133.5,73207.3,72871.7,73051.85,mid_price,wide_quote_low_liquidity
2026-09-04T13:58:54.037918+00:00,2026-09-04T19:28:54.037918+05:30,NIFTYNXT50,29-Sep-2026,74600.0,CE,72880.9,155.35,50,647.75,50,0.0,401.55,0,0,0,0,0,,,,,,,,,,,,,,,0.06803862132426433,73150,0.05416813938888364,0.009899999999999999,index_dividend_yield,0.065,10.78,25,73133.5,73207.3,72871.7,73051.85,mid_price,no_nse_iv
2026-09-04T13:58:54.037918+00:00,2026-09-04T19:28:54.037918+05:30,NIFTYNXT50,29-Sep-2026,74600.0,PE,72880.9,873.05,50,3789.6,50,0.0,2331.325,0,0,0,0,0,,,,,,,,,,,,,,,0.06803862132426433,73150,0.05416813938888364,0.009899999999999999,index_dividend_yield,0.065,10.78,25,73133.5,73207.3,72871.7,73051.85,mid_price,no_nse_iv
2026-09-04T13:58:54.037918+00:00,2026-09-04T19:28:54.037918+05:30,NIFTYNXT50,29-Sep-2026,74700.0,CE,72880.9,140.85,50,626.05,50,0.0,383.45,0,0,0,0,0,,,,,,,,,,,,,,,0.06803862132426433,73150,0.05416813938888364,0.009899999999999999,index_dividend_yield,0.065,10.78,25,73133.5,73207.3,72871.7,73051.85,mid_price,no_nse_iv
2026-09-04T13:58:54.037918+00:00,2026-09-04T19:28:54.037918+05:30,NIFTYNXT50,29-Sep-2026,74700.0,PE,72880.9,913.95,50,3874.7,50,0.0,2394.325,0,0,0,0,0,,,,,,,,,,,,,,,0.06803862132426433,73150,0.05416813938888364,0.009899999999999999,index_dividend_yield,0.065,10.78,25,73133.5,73207.3,72871.7,73051.85,mid_price,no_nse_iv
2026-09-04T13:58:54.037918+00:00,2026-09-04T19:28:54.037918+05:30,NIFTYNXT50,29-Sep-2026,74800.0,CE,72880.9,127.1,50,604.95,50,0.0,366.02500000000003,0,0,0,0,0,,,,,,,,,,,,,,,0.06803862132426433,73150,0.05416813938888364,0.009899999999999999,index_dividend_yield,0.065,10.78,25,73133.5,73207.3,72871.7,73051.85,mid_price,no_nse_iv
2026-09-04T13:58:54.037918+00:00,2026-09-04T19:28:54.037918+05:30,NIFTYNXT50,29-Sep-2026,74800.0,PE,72880.9,956,50,3339.85,550,0.0,2147.925,0,0,0,0,0,,,,,,,,,,,,,,,0.06803862132426433,73150,0.05416813938888364,0.009899999999999999,index_dividend_yield,0.065,10.78,25,73133.5,73207.3,72871.7,73051.85,mid_price,no_nse_iv
2026-09-04T13:58:54.037918+00:00,2026-09-04T19:28:54.037918+05:30,NIFTYNXT50,29-Sep-2026,74900.0,CE,72880.9,113.9,50,584.3,50,0.0,349.09999999999997,0,0,0,0,0,,,,,,,,,,,,,,,0.06803862132426433,73150,0.05416813938888364,0.009899999999999999,index_dividend_yield,0.065,10.78,25,73133.5,73207.3,72871.7,73051.85,mid_price,no_nse_iv
2026-09-04T13:58:54.037918+00:00,2026-09-04T19:28:54.037918+05:30,NIFTYNXT50,29-Sep-2026,74900.0,PE,72880.9,999.1,50,4046.85,50,0.0,2522.975,0,0,0,0,0,,,,,,,,,,,,,,,0.06803862132426433,73150,0.05416813938888364,0.009899999999999999,index_dividend_yield,0.065,10.78,25,73133.5,73207.3,72871.7,73051.85,mid_price,no_nse_iv
2026-09-04T13:58:54.037918+00:00,2026-09-04T19:28:54.037918+05:30,NIFTYNXT50,29-Sep-2026,75000.0,CE,72880.9,101.6,50,549.95,50,0.0,325.77500000000003,8,0,0,0,10.76,0.1910420347942914,0.0001330747834103547,-13.274483764816674,51.74769363642893,2.281051558935723,-0.0064009646450041415,378.84558602965865,5.4354760409361616e-08,-0.00026244169803473394,-5.3564062628088565e-08,-2.1043353577452493,65.48655172367138,-0.18280936105579462,0.00012566105320097585,0.06803862132426433,73150,0.05416813938888364,0.009899999999999999,index_dividend_yield,0.065,10.78,25,73133.5,73207.3,72871.7,73051.85,mid_price,wide_quote_low_liquidity
2026-09-04T13:58:54.037918+00:00,2026-09-04T19:28:54.037918+05:30,NIFTYNXT50,29-Sep-2026,75000.0,PE,72880.9,1043.15,50,4134.1,50,0.0,2588.625,0,0,0,0,0,,,,,,,,,,,,,,,0.06803862132426433,73150,0.05416813938888364,0.009899999999999999,index_dividend_yield,0.065,10.78,25,73133.5,73207.3,72871.7,73051.85,mid_price,no_nse_iv
2026-09-04T13:58:54.037918+00:00,2026-09-04T19:28:54.037918+05:30,NIFTYNXT50,29-Sep-2026,75100.0,CE,72880.9,89.7,50,544.75,50,0.0,317.225,0,0,0,0,0,,,,,,,,,,,,,,,0.06803862132426433,73150,0.05416813938888364,0.009899999999999999,index_dividend_yield,0.065,10.78,25,73133.5,73207.3,72871.7,73051.85,mid_price,no_nse_iv
2026-09-04T13:58:54.037918+00:00,2026-09-04T19:28:54.037918+05:30,NIFTYNXT50,29-Sep-2026,75100.0,PE,72880.9,1088.55,50,4221.8,50,0.0,2655.175,0,0,0,0,0,,,,,,,,,,,,,,,0.06803862132426433,73150,0.05416813938888364,0.009899999999999999,index_dividend_yield,0.065,10.78,25,73133.5,73207.3,72871.7,73051.85,mid_price,no_nse_iv
2026-09-04T13:58:54.037918+00:00,2026-09-04T19:28:54.037918+05:30,NIFTYNXT50,29-Sep-2026,75200.0,CE,72880.9,78.4,50,525.7,50,0.0,302.05,0,0,0,0,0,,,,,,,,,,,,,,,0.06803862132426433,73150,0.05416813938888364,0.009899999999999999,index_dividend_yield,0.065,10.78,25,73133.5,73207.3,72871.7,73051.85,mid_price,no_nse_iv
2026-09-04T13:58:54.037918+00:00,2026-09-04T19:28:54.037918+05:30,NIFTYNXT50,29-Sep-2026,75200.0,PE,72880.9,1135,50,4310.05,50,0.0,2722.525,0,0,0,0,0,,,,,,,,,,,,,,,0.06803862132426433,73150,0.05416813938888364,0.009899999999999999,index_dividend_yield,0.065,10.78,25,73133.5,73207.3,72871.7,73051.85,mid_price,no_nse_iv
2026-09-04T13:58:54.037918+00:00,2026-09-04T19:28:54.037918+05:30,NIFTYNXT50,29-Sep-2026,75300.0,CE,72880.9,67.95,50,507.1,50,0.0,287.52500000000003,0,0,0,0,0,,,,,,,,,,,,,,,0.06803862132426433,73150,0.05416813938888364,0.009899999999999999,index_dividend_yield,0.065,10.78,25,73133.5,73207.3,72871.7,73051.85,mid_price,no_nse_iv
2026-09-04T13:58:54.037918+00:00,2026-09-04T19:28:54.037918+05:30,NIFTYNXT50,29-Sep-2026,75300.0,PE,72880.9,1182.25,50,3353.2,50,0.0,2267.725,0,0,0,0,0,,,,,,,,,,,,,,,0.06803862132426433,,,,,,10.78,25,73133.5,73207.3,72871.7,73051.85,mid_price,no_price_available
2026-09-04T13:58:54.037918+00:00,2026-09-04T19:28:54.037918+05:30,NIFTYNXT50,29-Sep-2026,75400.0,CE,72880.9,58.05,50,489.1,50,0.0,273.575,0,0,0,0,0,,,,,,,,,,,,,,,0.06803862132426433,73150,0.05416813938888364,0.009899999999999999,index_dividend_yield,0.065,10.78,25,73133.5,73207.3,72871.7,73051.85,mid_price,no_nse_iv
2026-09-04T13:58:54.037918+00:00,2026-09-04T19:28:54.037918+05:30,NIFTYNXT50,29-Sep-2026,75400.0,PE,72880.9,1230.7,50,3700.3,550,0.0,2465.5,0,0,0,0,0,,,,,,,,,,,,,,,0.06803862132426433,,,,,,10.78,25,73133.5,73207.3,72871.7,73051.85,mid_price,no_price_available
2026-09-04T13:58:54.037918+00:00,2026-09-04T19:28:54.037918+05:30,NIFTYNXT50,29-Sep-2026,75500.0,CE,72880.9,48.55,50,471.55,50,0.0,260.05,0,0,0,0,0,,,,,,,,,,,,,,,0.06803862132426433,73150,0.05416813938888364,0.009899999999999999,index_dividend_yield,0.065,10.78,25,73133.5,73207.3,72871.7,73051.85,mid_price,no_nse_iv
2026-09-04T13:58:54.037918+00:00,2026-09-04T19:28:54.037918+05:30,NIFTYNXT50,29-Sep-2026,75500.0,PE,72880.9,1280.35,50,4579,50,0.0,2929.675,0,0,0,0,0,,,,,,,,,,,,,,,0.06803862132426433,73150,0.05416813938888364,0.009899999999999999,index_dividend_yield,0.065,10.78,25,73133.5,73207.3,72871.7,73051.85,mid_price,no_nse_iv
2026-09-04T13:58:54.037918+00:00,2026-09-04T19:28:54.037918+05:30,NIFTYNXT50,29-Sep-2026,75600.0,CE,72880.9,39.9,50,459.25,50,0.0,249.575,0,0,0,0,0,,,,,,,,,,,,,,,0.06803862132426433,73150,0.05416813938888364,0.009899999999999999,index_dividend_yield,0.065,10.78,25,73133.5,73207.3,72871.7,73051.85,mid_price,no_nse_iv
2026-09-04T13:58:54.037918+00:00,2026-09-04T19:28:54.037918+05:30,NIFTYNXT50,29-Sep-2026,75600.0,PE,72880.9,1330.9,50,3657.3,50,0.0,2494.1000000000004,0,0,0,0,0,,,,,,,,,,,,,,,0.06803862132426433,,,,,,10.78,25,73133.5,73207.3,72871.7,73051.85,mid_price,no_price_available
2026-09-04T13:58:54.037918+00:00,2026-09-04T19:28:54.037918+05:30,NIFTYNXT50,29-Sep-2026,75700.0,CE,72880.9,31.5,50,442.45,50,0.0,236.975,0,0,0,0,0,,,,,,,,,,,,,,,0.06803862132426433,73150,0.05416813938888364,0.009899999999999999,index_dividend_yield,0.065,10.78,25,73133.5,73207.3,72871.7,73051.85,mid_price,no_nse_iv
2026-09-04T13:58:54.037918+00:00,2026-09-04T19:28:54.037918+05:30,NIFTYNXT50,29-Sep-2026,75700.0,PE,72880.9,1382.7,50,3762.25,50,0.0,2572.475,0,0,0,0,0,,,,,,,,,,,,,,,0.06803862132426433,,,,,,10.78,25,73133.5,73207.3,72871.7,73051.85,mid_price,no_price_available
2026-09-04T13:58:54.037918+00:00,2026-09-04T19:28:54.037918+05:30,NIFTYNXT50,29-Sep-2026,75800.0,CE,72880.9,23.65,50,421.75,50,0.0,222.7,0,0,0,0,0,,,,,,,,,,,,,,,0.06803862132426433,73150,0.05416813938888364,0.009899999999999999,index_dividend_yield,0.065,10.78,25,73133.5,73207.3,72871.7,73051.85,mid_price,no_nse_iv
2026-09-04T13:58:54.037918+00:00,2026-09-04T19:28:54.037918+05:30,NIFTYNXT50,29-Sep-2026,75800.0,PE,72880.9,1435.45,50,4070.25,550,0.0,2752.85,0,0,0,0,0,,,,,,,,,,,,,,,0.06803862132426433,,,,,,10.78,25,73133.5,73207.3,72871.7,73051.85,mid_price,no_price_available
2026-09-04T13:58:54.037918+00:00,2026-09-04T19:28:54.037918+05:30,NIFTYNXT50,29-Sep-2026,75900.0,CE,72880.9,,0,,0,0.0,,0,0,0,0,0,,,,,,,,,,,,,,,0.06803862132426433,,,,,,10.78,25,73133.5,73207.3,72871.7,73051.85,none,no_price_available
2026-09-04T13:58:54.037918+00:00,2026-09-04T19:28:54.037918+05:30,NIFTYNXT50,29-Sep-2026,75900.0,PE,72880.9,1489.35,50,4171.4,550,0.0,2830.375,0,0,0,0,0,,,,,,,,,,,,,,,0.06803862132426433,,,,,,10.78,25,73133.5,73207.3,72871.7,73051.85,mid_price,no_price_available
2026-09-04T13:58:54.037918+00:00,2026-09-04T19:28:54.037918+05:30,NIFTYNXT50,29-Sep-2026,76000.0,CE,72880.9,9.6,50,392.1,25,0.0,200.85000000000002,0,0,0,0,0,,,,,,,,,,,,,,,0.06803862132426433,73150,0.05416813938888364,0.009899999999999999,index_dividend_yield,0.065,10.78,25,73133.5,73207.3,72871.7,73051.85,mid_price,no_nse_iv
2026-09-04T13:58:54.037918+00:00,2026-09-04T19:28:54.037918+05:30,NIFTYNXT50,29-Sep-2026,76000.0,PE,72880.9,1544.15,50,5037.9,50,0.0,3291.0249999999996,0,0,0,0,0,,,,,,,,,,,,,,,0.06803862132426433,73150,0.05416813938888364,0.009899999999999999,index_dividend_yield,0.065,10.78,25,73133.5,73207.3,72871.7,73051.85,mid_price,no_nse_iv
2026-09-04T13:58:54.037918+00:00,2026-09-04T19:28:54.037918+05:30,NIFTYNXT50,29-Sep-2026,76100.0,CE,72880.9,6.65,50,1245.6,50,0.0,626.125,0,0,0,0,0,,,,,,,,,,,,,,,0.06803862132426433,73150,0.05416813938888364,0.009899999999999999,index_dividend_yield,0.065,10.78,25,73133.5,73207.3,72871.7,73051.85,mid_price,no_nse_iv
2026-09-04T13:58:54.037918+00:00,2026-09-04T19:28:54.037918+05:30,NIFTYNXT50,29-Sep-2026,76100.0,PE,72880.9,1603.3,50,4054.75,50,0.0,2829.025,0,0,0,0,0,,,,,,,,,,,,,,,0.06803862132426433,,,,,,10.78,25,73133.5,73207.3,72871.7,73051.85,mid_price,no_price_available
2026-09-04T13:58:54.037918+00:00,2026-09-04T19:28:54.037918+05:30,NIFTYNXT50,29-Sep-2026,76200.0,CE,72880.9,1,50,600,75,0.0,300.5,0,0,0,0,0,,,,,,,,,,,,,,,0.06803862132426433,73150,0.05416813938888364,0.009899999999999999,index_dividend_yield,0.065,10.78,25,73133.5,73207.3,72871.7,73051.85,mid_price,no_nse_iv
2026-09-04T13:58:54.037918+00:00,2026-09-04T19:28:54.037918+05:30,NIFTYNXT50,29-Sep-2026,76200.0,PE,72880.9,1660.65,50,4272.9,550,0.0,2966.7749999999996,0,0,0,0,0,,,,,,,,,,,,,,,0.06803862132426433,,,,,,10.78,25,73133.5,73207.3,72871.7,73051.85,mid_price,no_price_available
2026-09-04T13:58:54.037918+00:00,2026-09-04T19:28:54.037918+05:30,NIFTYNXT50,29-Sep-2026,76300.0,CE,72880.9,0.1,50,599.8,50,0.0,299.95,0,0,0,0,0,,,,,,,,,,,,,,,0.06803862132426433,73150,0.05416813938888364,0.009899999999999999,index_dividend_yield,0.065,10.78,25,73133.5,73207.3,72871.7,73051.85,mid_price,no_nse_iv
2026-09-04T13:58:54.037918+00:00,2026-09-04T19:28:54.037918+05:30,NIFTYNXT50,29-Sep-2026,76300.0,PE,72880.9,1715.55,50,4252.1,50,0.0,2983.8250000000003,0,0,0,0,0,,,,,,,,,,,,,,,0.06803862132426433,,,,,,10.78,25,73133.5,73207.3,72871.7,73051.85,mid_price,no_price_available
2026-09-04T13:58:54.037918+00:00,2026-09-04T19:28:54.037918+05:30,NIFTYNXT50,29-Sep-2026,76400.0,CE,72880.9,0.1,50,599.8,50,0.0,299.95,0,0,0,0,0,,,,,,,,,,,,,,,0.06803862132426433,73150,0.05416813938888364,0.009899999999999999,index_dividend_yield,0.065,10.78,25,73133.5,73207.3,72871.7,73051.85,mid_price,no_nse_iv
2026-09-04T13:58:54.037918+00:00,2026-09-04T19:28:54.037918+05:30,NIFTYNXT50,29-Sep-2026,76400.0,PE,72880.9,1774.6,50,4357.15,50,0.0,3065.875,0,0,0,0,0,,,,,,,,,,,,,,,0.06803862132426433,,,,,,10.78,25,73133.5,73207.3,72871.7,73051.85,mid_price,no_price_available
2026-09-04T13:58:54.037918+00:00,2026-09-04T19:28:54.037918+05:30,NIFTYNXT50,29-Sep-2026,76500.0,CE,72880.9,0.1,50,322.8,50,0.0,161.45000000000002,0,0,0,0,0,,,,,,,,,,,,,,,0.06803862132426433,73150,0.05416813938888364,0.009899999999999999,index_dividend_yield,0.065,10.78,25,73133.5,73207.3,72871.7,73051.85,mid_price,no_nse_iv
2026-09-04T13:58:54.037918+00:00,2026-09-04T19:28:54.037918+05:30,NIFTYNXT50,29-Sep-2026,76500.0,PE,72880.9,1834.5,50,4310.5,50,0.0,3072.5,0,0,0,0,0,,,,,,,,,,,,,,,0.06803862132426433,,,,,,10.78,25,73133.5,73207.3,72871.7,73051.85,mid_price,no_price_available
2026-09-04T13:58:54.037918+00:00,2026-09-04T19:28:54.037918+05:30,NIFTYNXT50,29-Sep-2026,76600.0,CE,72880.9,35,25,343.7,50,600,189.35,1,1,1,-65.74755951361534,22.56,0.22567964995266224,7.002912045676617e-05,-28.319590379593958,57.0953482274103,1.0803301654651458,-0.005672041328639882,154.57704539943862,1.1296349229542267e-08,-0.0001208173978480825,4.152515837630203e-07,-1.9604223253411774,30.23967807226249,-0.20762171796488887,6.339406293244561e-05,0.06803862132426433,73150,0.05416813938888364,0.009899999999999999,index_dividend_yield,0.065,10.78,25,73133.5,73207.3,72871.7,73051.85,mid_price,wide_quote_low_liquidity
2026-09-04T13:58:54.037918+00:00,2026-09-04T19:28:54.037918+05:30,NIFTYNXT50,29-Sep-2026,76600.0,PE,72880.9,1895.6,50,5604.65,50,0.0,3750.125,0,0,0,0,0,,,,,,,,,,,,,,,0.06803862132426433,73150,0.05416813938888364,0.009899999999999999,index_dividend_yield,0.065,10.78,25,73133.5,73207.3,72871.7,73051.85,mid_price,no_nse_iv
2026-09-04T13:58:54.037918+00:00,2026-09-04T19:28:54.037918+05:30,NIFTYNXT50,29-Sep-2026,76700.0,CE,72880.9,100.05,50,138,25,120,119.025,16,16,19,-93.03135888501743,13.14,0.08627997370400665,6.298447985422724e-05,-8.844622183342162,29.909687216655087,1.6737663141267525,-0.005118601031687403,433.9101887320371,3.336623649021587e-08,0.00043445783316819667,-1.5263309478710216e-06,-1.928862984757682,64.32774050997642,-0.08070938962929661,5.686830361262294e-05,0.06803862132426433,73150,0.05416813938888364,0.009899999999999999,index_dividend_yield,0.065,10.78,25,73133.5,73207.3,72871.7,73051.85,mid_price,wide_quote_low_liquidity
2026-09-04T13:58:54.037918+00:00,2026-09-04T19:28:54.037918+05:30,NIFTYNXT50,29-Sep-2026,76700.0,PE,72880.9,1957.6,50,5700.35,50,0.0,3828.9750000000004,0,0,0,0,0,,,,,,,,,,,,,,,0.06803862132426433,73150,0.05416813938888364,0.009899999999999999,index_dividend_yield,0.065,10.78,25,73133.5,73207.3,72871.7,73051.85,mid_price,no_nse_iv
2026-09-04T13:58:54.037918+00:00,2026-09-04T19:28:54.037918+05:30,NIFTYNXT50,29-Sep-2026,76800.0,CE,72880.9,0.1,50,285.3,25,0.0,142.70000000000002,0,0,0,0,0,,,,,,,,,,,,,,,0.06803862132426433,73150,0.05416813938888364,0.009899999999999999,index_dividend_yield,0.065,10.78,25,73133.5,73207.3,72871.7,73051.85,mid_price,no_nse_iv
2026-09-04T13:58:54.037918+00:00,2026-09-04T19:28:54.037918+05:30,NIFTYNXT50,29-Sep-2026,76800.0,PE,72880.9,2020.55,50,4704.5,550,0.0,3362.525,0,0,0,0,0,,,,,,,,,,,,,,,0.06803862132426433,,,,,,10.78,25,73133.5,73207.3,72871.7,73051.85,mid_price,no_price_available
2026-09-04T13:58:54.037918+00:00,2026-09-04T19:28:54.037918+05:30,NIFTYNXT50,29-Sep-2026,76900.0,CE,72880.9,0.1,50,273.85,25,0.0,136.97500000000002,0,0,0,0,0,,,,,,,,,,,,,,,0.06803862132426433,73150,0.05416813938888364,0.009899999999999999,index_dividend_yield,0.065,10.78,25,73133.5,73207.3,72871.7,73051.85,mid_price,no_nse_iv
2026-09-04T13:58:54.037918+00:00,2026-09-04T19:28:54.037918+05:30,NIFTYNXT50,29-Sep-2026,76900.0,PE,72880.9,2084.5,50,5892.6,50,0.0,3988.55,0,0,0,0,0,,,,,,,,,,,,,,,0.06803862132426433,,,,,,10.78,25,73133.5,73207.3,72871.7,73051.85,mid_price,no_price_available
2026-09-04T13:58:54.037918+00:00,2026-09-04T19:28:54.037918+05:30,NIFTYNXT50,29-Sep-2026,77000.0,CE,72880.9,0.15,50,262.75,25,0.0,131.45,0,0,0,0,0,,,,,,,,,,,,,,,0.06803862132426433,73150,0.05416813938888364,0.009899999999999999,index_dividend_yield,0.065,10.78,25,73133.5,73207.3,72871.7,73051.85,mid_price,no_nse_iv
2026-09-04T13:58:54.037918+00:00,2026-09-04T19:28:54.037918+05:30,NIFTYNXT50,29-Sep-2026,77000.0,PE,72880.9,2149.4,50,4955.6,550,0.0,3552.5,0,0,0,0,0,,,,,,,,,,,,,,,0.06803862132426433,,,,,,10.78,25,73133.5,73207.3,72871.7,73051.85,mid_price,no_price_available
2026-09-04T13:58:54.037918+00:00,2026-09-04T19:28:54.037918+05:30,NIFTYNXT50,29-Sep-2026,77100.0,CE,72880.9,0.1,50,252.1,25,0.0,126.1,0,0,0,0,0,,,,,,,,,,,,,,,0.06803862132426433,73150,0.05416813938888364,0.009899999999999999,index_dividend_yield,0.065,10.78,25,73133.5,73207.3,72871.7,73051.85,mid_price,no_nse_iv
2026-09-04T13:58:54.037918+00:00,2026-09-04T19:28:54.037918+05:30,NIFTYNXT50,29-Sep-2026,77100.0,PE,72880.9,,0,,0,0.0,,0,0,0,0,0,,,,,,,,,,,,,,,0.06803862132426433,,,,,,10.78,25,73133.5,73207.3,72871.7,73051.85,none,no_price_available
2026-09-04T13:58:54.037918+00:00,2026-09-04T19:28:54.037918+05:30,NIFTYNXT50,29-Sep-2026,77200.0,CE,72880.9,0.1,50,244.65,25,0.0,122.375,0,0,0,0,0,,,,,,,,,,,,,,,0.06803862132426433,73150,0.05416813938888364,0.009899999999999999,index_dividend_yield,0.065,10.78,25,73133.5,73207.3,72871.7,73051.85,mid_price,no_nse_iv
2026-09-04T13:58:54.037918+00:00,2026-09-04T19:28:54.037918+05:30,NIFTYNXT50,29-Sep-2026,77200.0,PE,72880.9,,0,4988.2,550,0.0,,0,0,0,0,0,,,,,,,,,,,,,,,0.06803862132426433,,,,,,10.78,25,73133.5,73207.3,72871.7,73051.85,none,no_price_available
2026-09-04T13:58:54.037918+00:00,2026-09-04T19:28:54.037918+05:30,NIFTYNXT50,29-Sep-2026,77300.0,CE,72880.9,0.1,50,833.6,50,0.0,416.85,0,0,0,0,0,,,,,,,,,,,,,,,0.06803862132426433,73150,0.05416813938888364,0.009899999999999999,index_dividend_yield,0.065,10.78,25,73133.5,73207.3,72871.7,73051.85,mid_price,no_nse_iv
2026-09-04T13:58:54.037918+00:00,2026-09-04T19:28:54.037918+05:30,NIFTYNXT50,29-Sep-2026,77300.0,PE,72880.9,,0,5098.45,550,0.0,,0,0,0,0,0,,,,,,,,,,,,,,,0.06803862132426433,,,,,,10.78,25,73133.5,73207.3,72871.7,73051.85,none,no_price_available
2026-09-04T13:58:54.037918+00:00,2026-09-04T19:28:54.037918+05:30,NIFTYNXT50,29-Sep-2026,77400.0,CE,72880.9,0.1,50,802.45,50,0.0,401.27500000000003,0,0,0,0,0,,,,,,,,,,,,,,,0.06803862132426433,73150,0.05416813938888364,0.009899999999999999,index_dividend_yield,0.065,10.78,25,73133.5,73207.3,72871.7,73051.85,mid_price,no_nse_iv
2026-09-04T13:58:54.037918+00:00,2026-09-04T19:28:54.037918+05:30,NIFTYNXT50,29-Sep-2026,77400.0,PE,72880.9,,0,5205.1,550,0.0,,0,0,0,0,0,,,,,,,,,,,,,,,0.06803862132426433,,,,,,10.78,25,73133.5,73207.3,72871.7,73051.85,none,no_price_available
2026-09-04T13:58:54.037918+00:00,2026-09-04T19:28:54.037918+05:30,NIFTYNXT50,29-Sep-2026,77500.0,CE,72880.9,1.1,50,213,25,0.0,107.05,0,0,0,0,0,,,,,,,,,,,,,,,0.06803862132426433,73150,0.05416813938888364,0.009899999999999999,index_dividend_yield,0.065,10.78,25,73133.5,73207.3,72871.7,73051.85,mid_price,no_nse_iv
2026-09-04T13:58:54.037918+00:00,2026-09-04T19:28:54.037918+05:30,NIFTYNXT50,29-Sep-2026,77500.0,PE,72880.9,,0,,0,0.0,,0,0,0,0,0,,,,,,,,,,,,,,,0.06803862132426433,,,,,,10.78,25,73133.5,73207.3,72871.7,73051.85,none,no_price_available
2026-09-04T13:58:54.037918+00:00,2026-09-04T19:28:54.037918+05:30,NIFTYNXT50,29-Sep-2026,77600.0,CE,72880.9,2.4,25,204,25,0.0,103.2,10,0,0,0,10,0.012262252926869275,1.6739130306419507e-05,-1.3514553069533328,6.049449409512184,0.7237865392316226,-0.0016409162101086502,309.3667560803848,1.9783199980250964e-08,0.0006886203974384402,-1.6037268227352997e-06,-0.8231931529867467,111.54597468851006,-0.0114133019256899,1.4765117308402587e-05,0.06803862132426433,73150,0.05416813938888364,0.009899999999999999,index_dividend_yield,0.065,10.78,25,73133.5,73207.3,72871.7,73051.85,mid_price,wide_quote_low_liquidity
2026-09-04T13:58:54.037918+00:00,2026-09-04T19:28:54.037918+05:30,NIFTYNXT50,29-Sep-2026,77600.0,PE,72880.9,,0,5367.15,550,0.0,,0,0,0,0,0,,,,,,,,,,,,,,,0.06803862132426433,,,,,,10.78,25,73133.5,73207.3,72871.7,73051.85,none,no_price_available
2026-09-04T13:58:54.037918+00:00,2026-09-04T19:28:54.037918+05:30,NIFTYNXT50,29-Sep-2026,77700.0,CE,72880.9,0.2,50,195.65,25,0.0,97.925,0,0,0,0,0,,,,,,,,,,,,,,,0.06803862132426433,73150,0.05416813938888364,0.009899999999999999,index_dividend_yield,0.065,10.78,25,73133.5,73207.3,72871.7,73051.85,mid_price,no_nse_iv
2026-09-04T13:58:54.037918+00:00,2026-09-04T19:28:54.037918+05:30,NIFTYNXT50,29-Sep-2026,77700.0,PE,72880.9,,0,5688.05,550,0.0,,0,0,0,0,0,,,,,,,,,,,,,,,0.06803862132426433,,,,,,10.78,25,73133.5,73207.3,72871.7,73051.85,none,no_price_available
2026-09-04T13:58:54.037918+00:00,2026-09-04T19:28:54.037918+05:30,NIFTYNXT50,29-Sep-2026,77800.0,CE,72880.9,0.1,50,187.3,25,0.0,93.7,0,0,0,0,0,,,,,,,,,,,,,,,0.06803862132426433,73150,0.05416813938888364,0.009899999999999999,index_dividend_yield,0.065,10.78,25,73133.5,73207.3,72871.7,73051.85,mid_price,no_nse_iv
2026-09-04T13:58:54.037918+00:00,2026-09-04T19:28:54.037918+05:30,NIFTYNXT50,29-Sep-2026,77800.0,PE,72880.9,,0,5800.05,550,0.0,,0,0,0,0,0,,,,,,,,,,,,,,,0.06803862132426433,,,,,,10.78,25,73133.5,73207.3,72871.7,73051.85,none,no_price_available
2026-09-04T13:58:54.037918+00:00,2026-09-04T19:28:54.037918+05:30,NIFTYNXT50,29-Sep-2026,77900.0,CE,72880.9,0.1,50,179.15,25,0.0,89.625,0,0,0,0,0,,,,,,,,,,,,,,,0.06803862132426433,73150,0.05416813938888364,0.009899999999999999,index_dividend_yield,0.065,10.78,25,73133.5,73207.3,72871.7,73051.85,mid_price,no_nse_iv
2026-09-04T13:58:54.037918+00:00,2026-09-04T19:28:54.037918+05:30,NIFTYNXT50,29-Sep-2026,77900.0,PE,72880.9,,0,5906.75,550,0.0,,0,0,0,0,0,,,,,,,,,,,,,,,0.06803862132426433,,,,,,10.78,25,73133.5,73207.3,72871.7,73051.85,none,no_price_available
2026-09-04T13:58:54.037918+00:00,2026-09-04T19:28:54.037918+05:30,NIFTYNXT50,29-Sep-2026,78000.0,CE,72880.9,0.1,50,171.35,25,0.0,85.725,0,0,0,0,0,,,,,,,,,,,,,,,0.06803862132426433,73150,0.05416813938888364,0.009899999999999999,index_dividend_yield,0.065,10.78,25,73133.5,73207.3,72871.7,73051.85,mid_price,no_nse_iv
2026-09-04T13:58:54.037918+00:00,2026-09-04T19:28:54.037918+05:30,NIFTYNXT50,29-Sep-2026,78000.0,PE,72880.9,,0,5982.25,550,0.0,,0,0,0,0,0,,,,,,,,,,,,,,,0.06803862132426433,,,,,,10.78,25,73133.5,73207.3,72871.7,73051.85,none,no_price_available
2026-09-04T13:58:54.037918+00:00,2026-09-04T19:28:54.037918+05:30,NIFTYNXT50,29-Sep-2026,78100.0,CE,72880.9,0.1,50,163.8,25,0.0,81.95,0,0,0,0,0,,,,,,,,,,,,,,,0.06803862132426433,73150,0.05416813938888364,0.009899999999999999,index_dividend_yield,0.065,10.78,25,73133.5,73207.3,72871.7,73051.85,mid_price,no_nse_iv
2026-09-04T13:58:54.037918+00:00,2026-09-04T19:28:54.037918+05:30,NIFTYNXT50,29-Sep-2026,78100.0,PE,72880.9,,0,6088.95,550,0.0,,0,0,0,0,0,,,,,,,,,,,,,,,0.06803862132426433,,,,,,10.78,25,73133.5,73207.3,72871.7,73051.85,none,no_price_available
2026-09-04T13:58:54.037918+00:00,2026-09-04T19:28:54.037918+05:30,NIFTYNXT50,29-Sep-2026,78200.0,CE,72880.9,0.1,50,364.45,50,0.0,182.275,0,0,0,0,0,,,,,,,,,,,,,,,0.06803862132426433,73150,0.05416813938888364,0.009899999999999999,index_dividend_yield,0.065,10.78,25,73133.5,73207.3,72871.7,73051.85,mid_price,no_nse_iv
2026-09-04T13:58:54.037918+00:00,2026-09-04T19:28:54.037918+05:30,NIFTYNXT50,29-Sep-2026,78200.0,PE,72880.9,,0,6195.65,550,0.0,,0,0,0,0,0,,,,,,,,,,,,,,,0.06803862132426433,,,,,,10.78,25,73133.5,73207.3,72871.7,73051.85,none,no_price_available
2026-09-04T13:58:54.037918+00:00,2026-09-04T19:28:54.037918+05:30,NIFTYNXT50,29-Sep-2026,78300.0,CE,0,,0,,0,0.0,,0,0,0,0,0,,,,,,,,,,,,,,,0.06803862132426433,,,,,,10.78,25,73133.5,73207.3,72871.7,73051.85,none,no_price_available
2026-09-04T13:58:54.037918+00:00,2026-09-04T19:28:54.037918+05:30,NIFTYNXT50,29-Sep-2026,78300.0,PE,72880.9,,0,6302.3,550,0.0,,0,0,0,0,0,,,,,,,,,,,,,,,0.06803862132426433,,,,,,10.78,25,73133.5,73207.3,72871.7,73051.85,none,no_price_available
2026-09-04T13:58:54.037918+00:00,2026-09-04T19:28:54.037918+05:30,NIFTYNXT50,29-Sep-2026,78400.0,CE,0,,0,,0,0.0,,0,0,0,0,0,,,,,,,,,,,,,,,0.06803862132426433,,,,,,10.78,25,73133.5,73207.3,72871.7,73051.85,none,no_price_available
2026-09-04T13:58:54.037918+00:00,2026-09-04T19:28:54.037918+05:30,NIFTYNXT50,29-Sep-2026,78400.0,PE,72880.9,,0,6409,550,0.0,,0,0,0,0,0,,,,,,,,,,,,,,,0.06803862132426433,,,,,,10.78,25,73133.5,73207.3,72871.7,73051.85,none,no_price_available
2026-09-04T13:58:54.037918+00:00,2026-09-04T19:28:54.037918+05:30,NIFTYNXT50,29-Sep-2026,78500.0,CE,0,,0,,0,0.0,,0,0,0,0,0,,,,,,,,,,,,,,,0.06803862132426433,,,,,,10.78,25,73133.5,73207.3,72871.7,73051.85,none,no_price_available
2026-09-04T13:58:54.037918+00:00,2026-09-04T19:28:54.037918+05:30,NIFTYNXT50,29-Sep-2026,78500.0,PE,72880.9,,0,6515.65,550,0.0,,0,0,0,0,0,,,,,,,,,,,,,,,0.06803862132426433,,,,,,10.78,25,73133.5,73207.3,72871.7,73051.85,none,no_price_available
2026-09-04T13:58:54.037918+00:00,2026-09-04T19:28:54.037918+05:30,NIFTYNXT50,29-Sep-2026,78600.0,CE,0,,0,,0,0.0,,0,0,0,0,0,,,,,,,,,,,,,,,0.06803862132426433,,,,,,10.78,25,73133.5,73207.3,72871.7,73051.85,none,no_price_available
2026-09-04T13:58:54.037918+00:00,2026-09-04T19:28:54.037918+05:30,NIFTYNXT50,29-Sep-2026,78600.0,PE,72880.9,,0,6622.35,550,0.0,,0,0,0,0,0,,,,,,,,,,,,,,,0.06803862132426433,,,,,,10.78,25,73133.5,73207.3,72871.7,73051.85,none,no_price_available
2026-09-04T13:58:54.037918+00:00,2026-09-04T19:28:54.037918+05:30,NIFTYNXT50,29-Sep-2026,78700.0,CE,0,,0,,0,0.0,,0,0,0,0,0,,,,,,,,,,,,,,,0.06803862132426433,,,,,,10.78,25,73133.5,73207.3,72871.7,73051.85,none,no_price_available
2026-09-04T13:58:54.037918+00:00,2026-09-04T19:28:54.037918+05:30,NIFTYNXT50,29-Sep-2026,78700.0,PE,72880.9,,0,6729.05,550,0.0,,0,0,0,0,0,,,,,,,,,,,,,,,0.06803862132426433,,,,,,10.78,25,73133.5,73207.3,72871.7,73051.85,none,no_price_available
2026-09-04T13:58:54.037918+00:00,2026-09-04T19:28:54.037918+05:30,NIFTYNXT50,29-Sep-2026,78800.0,CE,0,,0,,0,0.0,,0,0,0,0,0,,,,,,,,,,,,,,,0.06803862132426433,,,,,,10.78,25,73133.5,73207.3,72871.7,73051.85,none,no_price_available
2026-09-04T13:58:54.037918+00:00,2026-09-04T19:28:54.037918+05:30,NIFTYNXT50,29-Sep-2026,78800.0,PE,72880.9,,0,6511.75,550,0.0,,0,0,0,0,0,,,,,,,,,,,,,,,0.06803862132426433,,,,,,10.78,25,73133.5,73207.3,72871.7,73051.85,none,no_price_available
2026-09-04T13:58:54.037918+00:00,2026-09-04T19:28:54.037918+05:30,NIFTYNXT50,29-Sep-2026,78900.0,CE,0,,0,,0,0.0,,0,0,0,0,0,,,,,,,,,,,,,,,0.06803862132426433,,,,,,10.78,25,73133.5,73207.3,72871.7,73051.85,none,no_price_available
2026-09-04T13:58:54.037918+00:00,2026-09-04T19:28:54.037918+05:30,NIFTYNXT50,29-Sep-2026,78900.0,PE,72880.9,,0,6618.4,550,0.0,,0,0,0,0,0,,,,,,,,,,,,,,,0.06803862132426433,,,,,,10.78,25,73133.5,73207.3,72871.7,73051.85,none,no_price_available
2026-09-04T13:58:54.037918+00:00,2026-09-04T19:28:54.037918+05:30,NIFTYNXT50,29-Sep-2026,79000.0,CE,0,,0,,0,0.0,,0,0,0,0,0,,,,,,,,,,,,,,,0.06803862132426433,,,,,,10.78,25,73133.5,73207.3,72871.7,73051.85,none,no_price_available
2026-09-04T13:58:54.037918+00:00,2026-09-04T19:28:54.037918+05:30,NIFTYNXT50,29-Sep-2026,79000.0,PE,72880.9,,0,6724.8,550,0.0,,0,0,0,0,0,,,,,,,,,,,,,,,0.06803862132426433,,,,,,10.78,25,73133.5,73207.3,72871.7,73051.85,none,no_price_available
2026-09-04T13:58:54.037918+00:00,2026-09-04T19:28:54.037918+05:30,NIFTYNXT50,29-Sep-2026,79100.0,CE,0,,0,,0,0.0,,0,0,0,0,0,,,,,,,,,,,,,,,0.06803862132426433,,,,,,10.78,25,73133.5,73207.3,72871.7,73051.85,none,no_price_available
2026-09-04T13:58:54.037918+00:00,2026-09-04T19:28:54.037918+05:30,NIFTYNXT50,29-Sep-2026,79100.0,PE,72880.9,,0,6831.75,550,0.0,,0,0,0,0,0,,,,,,,,,,,,,,,0.06803862132426433,,,,,,10.78,25,73133.5,73207.3,72871.7,73051.85,none,no_price_available
2026-09-04T13:58:54.037918+00:00,2026-09-04T19:28:54.037918+05:30,NIFTYNXT50,29-Sep-2026,79200.0,CE,0,,0,,0,0.0,,0,0,0,0,0,,,,,,,,,,,,,,,0.06803862132426433,,,,,,10.78,25,73133.5,73207.3,72871.7,73051.85,none,no_price_available
2026-09-04T13:58:54.037918+00:00,2026-09-04T19:28:54.037918+05:30,NIFTYNXT50,29-Sep-2026,79200.0,PE,72880.9,,0,6938.2,550,0.0,,0,0,0,0,0,,,,,,,,,,,,,,,0.06803862132426433,,,,,,10.78,25,73133.5,73207.3,72871.7,73051.85,none,no_price_available
2026-09-04T13:58:54.037918+00:00,2026-09-04T19:28:54.037918+05:30,NIFTYNXT50,29-Sep-2026,79300.0,CE,0,,0,,0,0.0,,0,0,0,0,0,,,,,,,,,,,,,,,0.06803862132426433,,,,,,10.78,25,73133.5,73207.3,72871.7,73051.85,none,no_price_available
2026-09-04T13:58:54.037918+00:00,2026-09-04T19:28:54.037918+05:30,NIFTYNXT50,29-Sep-2026,79300.0,PE,72880.9,,0,7045.35,550,0.0,,0,0,0,0,0,,,,,,,,,,,,,,,0.06803862132426433,,,,,,10.78,25,73133.5,73207.3,72871.7,73051.85,none,no_price_available
2026-09-04T13:58:54.037918+00:00,2026-09-04T19:28:54.037918+05:30,NIFTYNXT50,29-Sep-2026,79400.0,CE,0,,0,,0,0.0,,0,0,0,0,0,,,,,,,,,,,,,,,0.06803862132426433,,,,,,10.78,25,73133.5,73207.3,72871.7,73051.85,none,no_price_available
2026-09-04T13:58:54.037918+00:00,2026-09-04T19:28:54.037918+05:30,NIFTYNXT50,29-Sep-2026,79400.0,PE,72880.9,,0,7151.55,550,0.0,,0,0,0,0,0,,,,,,,,,,,,,,,0.06803862132426433,,,,,,10.78,25,73133.5,73207.3,72871.7,73051.85,none,no_price_available
2026-09-04T13:58:54.037918+00:00,2026-09-04T19:28:54.037918+05:30,NIFTYNXT50,29-Sep-2026,79500.0,CE,0,,0,,0,0.0,,0,0,0,0,0,,,,,,,,,,,,,,,0.06803862132426433,,,,,,10.78,25,73133.5,73207.3,72871.7,73051.85,none,no_price_available
2026-09-04T13:58:54.037918+00:00,2026-09-04T19:28:54.037918+05:30,NIFTYNXT50,29-Sep-2026,79500.0,PE,72880.9,,0,7258.9,550,0.0,,0,0,0,0,0,,,,,,,,,,,,,,,0.06803862132426433,,,,,,10.78,25,73133.5,73207.3,72871.7,73051.85,none,no_price_available
2026-09-04T13:58:54.037918+00:00,2026-09-04T19:28:54.037918+05:30,NIFTYNXT50,29-Sep-2026,79600.0,CE,0,,0,,0,0.0,,0,0,0,0,0,,,,,,,,,,,,,,,0.06803862132426433,,,,,,10.78,25,73133.5,73207.3,72871.7,73051.85,none,no_price_available
2026-09-04T13:58:54.037918+00:00,2026-09-04T19:28:54.037918+05:30,NIFTYNXT50,29-Sep-2026,79600.0,PE,72880.9,,0,7365.15,550,0.0,,0,0,0,0,0,,,,,,,,,,,,,,,0.06803862132426433,,,,,,10.78,25,73133.5,73207.3,72871.7,73051.85,none,no_price_available
2026-09-04T13:58:54.037918+00:00,2026-09-04T19:28:54.037918+05:30,NIFTYNXT50,29-Sep-2026,79700.0,CE,0,,0,,0,0.0,,0,0,0,0,0,,,,,,,,,,,,,,,0.06803862132426433,,,,,,10.78,25,73133.5,73207.3,72871.7,73051.85,none,no_price_available
2026-09-04T13:58:54.037918+00:00,2026-09-04T19:28:54.037918+05:30,NIFTYNXT50,29-Sep-2026,79700.0,PE,72880.9,,0,7472.05,550,0.0,,0,0,0,0,0,,,,,,,,,,,,,,,0.06803862132426433,,,,,,10.78,25,73133.5,73207.3,72871.7,73051.85,none,no_price_available
2026-09-04T13:58:54.037918+00:00,2026-09-04T19:28:54.037918+05:30,NIFTYNXT50,29-Sep-2026,79800.0,CE,0,,0,,0,0.0,,0,0,0,0,0,,,,,,,,,,,,,,,0.06803862132426433,,,,,,10.78,25,73133.5,73207.3,72871.7,73051.85,none,no_price_available
2026-09-04T13:58:54.037918+00:00,2026-09-04T19:28:54.037918+05:30,NIFTYNXT50,29-Sep-2026,79800.0,PE,72880.9,,0,7578.55,550,0.0,,0,0,0,0,0,,,,,,,,,,,,,,,0.06803862132426433,,,,,,10.78,25,73133.5,73207.3,72871.7,73051.85,none,no_price_available
2026-09-04T13:58:54.037918+00:00,2026-09-04T19:28:54.037918+05:30,NIFTYNXT50,29-Sep-2026,79900.0,CE,0,,0,,0,0.0,,0,0,0,0,0,,,,,,,,,,,,,,,0.06803862132426433,,,,,,10.78,25,73133.5,73207.3,72871.7,73051.85,none,no_price_available
2026-09-04T13:58:54.037918+00:00,2026-09-04T19:28:54.037918+05:30,NIFTYNXT50,29-Sep-2026,79900.0,PE,72880.9,,0,7685.6,550,0.0,,0,0,0,0,0,,,,,,,,,,,,,,,0.06803862132426433,,,,,,10.78,25,73133.5,73207.3,72871.7,73051.85,none,no_price_available
2026-09-04T13:58:54.037918+00:00,2026-09-04T19:28:54.037918+05:30,NIFTYNXT50,29-Sep-2026,80000.0,CE,0,,0,,0,0.0,,0,0,0,0,0,,,,,,,,,,,,,,,0.06803862132426433,,,,,,10.78,25,73133.5,73207.3,72871.7,73051.85,none,no_price_available
2026-09-04T13:58:54.037918+00:00,2026-09-04T19:28:54.037918+05:30,NIFTYNXT50,29-Sep-2026,80000.0,PE,72880.9,,0,7791.6,550,0.0,,0,0,0,0,0,,,,,,,,,,,,,,,0.06803862132426433,,,,,,10.78,25,73133.5,73207.3,72871.7,73051.85,none,no_price_available
2026-09-04T13:58:54.037918+00:00,2026-09-04T19:28:54.037918+05:30,NIFTYNXT50,29-Sep-2026,80100.0,CE,0,,0,,0,0.0,,0,0,0,0,0,,,,,,,,,,,,,,,0.06803862132426433,,,,,,10.78,25,73133.5,73207.3,72871.7,73051.85,none,no_price_available
2026-09-04T13:58:54.037918+00:00,2026-09-04T19:28:54.037918+05:30,NIFTYNXT50,29-Sep-2026,80100.0,PE,72880.9,,0,7898.3,550,0.0,,0,0,0,0,0,,,,,,,,,,,,,,,0.06803862132426433,,,,,,10.78,25,73133.5,73207.3,72871.7,73051.85,none,no_price_available
2026-09-04T13:58:54.037918+00:00,2026-09-04T19:28:54.037918+05:30,NIFTYNXT50,29-Sep-2026,80200.0,CE,0,,0,,0,0.0,,0,0,0,0,0,,,,,,,,,,,,,,,0.06803862132426433,,,,,,10.78,25,73133.5,73207.3,72871.7,73051.85,none,no_price_available
2026-09-04T13:58:54.037918+00:00,2026-09-04T19:28:54.037918+05:30,NIFTYNXT50,29-Sep-2026,80200.0,PE,72880.9,,0,8005,550,0.0,,0,0,0,0,0,,,,,,,,,,,,,,,0.06803862132426433,,,,,,10.78,25,73133.5,73207.3,72871.7,73051.85,none,no_price_available
2026-09-04T13:58:54.037918+00:00,2026-09-04T19:28:54.037918+05:30,NIFTYNXT50,29-Sep-2026,80300.0,CE,0,,0,,0,0.0,,0,0,0,0,0,,,,,,,,,,,,,,,0.06803862132426433,,,,,,10.78,25,73133.5,73207.3,72871.7,73051.85,none,no_price_available
2026-09-04T13:58:54.037918+00:00,2026-09-04T19:28:54.037918+05:30,NIFTYNXT50,29-Sep-2026,80300.0,PE,72880.9,,0,8111.95,550,0.0,,0,0,0,0,0,,,,,,,,,,,,,,,0.06803862132426433,,,,,,10.78,25,73133.5,73207.3,72871.7,73051.85,none,no_price_available
2026-09-04T13:58:54.037918+00:00,2026-09-04T19:28:54.037918+05:30,NIFTYNXT50,29-Sep-2026,80400.0,CE,0,,0,,0,0.0,,0,0,0,0,0,,,,,,,,,,,,,,,0.06803862132426433,,,,,,10.78,25,73133.5,73207.3,72871.7,73051.85,none,no_price_available
2026-09-04T13:58:54.037918+00:00,2026-09-04T19:28:54.037918+05:30,NIFTYNXT50,29-Sep-2026,80400.0,PE,72880.9,,0,8218.35,550,0.0,,0,0,0,0,0,,,,,,,,,,,,,,,0.06803862132426433,,,,,,10.78,25,73133.5,73207.3,72871.7,73051.85,none,no_price_available
2026-09-04T13:58:54.037918+00:00,2026-09-04T19:28:54.037918+05:30,NIFTYNXT50,29-Sep-2026,80500.0,CE,0,,0,,0,0.0,,0,0,0,0,0,,,,,,,,,,,,,,,0.06803862132426433,,,,,,10.78,25,73133.5,73207.3,72871.7,73051.85,none,no_price_available
2026-09-04T13:58:54.037918+00:00,2026-09-04T19:28:54.037918+05:30,NIFTYNXT50,29-Sep-2026,80500.0,PE,72880.9,,0,8325,550,0.0,,0,0,0,0,0,,,,,,,,,,,,,,,0.06803862132426433,,,,,,10.78,25,73133.5,73207.3,72871.7,73051.85,none,no_price_available
2026-09-04T13:58:54.037918+00:00,2026-09-04T19:28:54.037918+05:30,NIFTYNXT50,29-Sep-2026,80600.0,CE,0,,0,,0,0.0,,0,0,0,0,0,,,,,,,,,,,,,,,0.06803862132426433,,,,,,10.78,25,73133.5,73207.3,72871.7,73051.85,none,no_price_available
2026-09-04T13:58:54.037918+00:00,2026-09-04T19:28:54.037918+05:30,NIFTYNXT50,29-Sep-2026,80600.0,PE,72880.9,,0,8431.7,550,0.0,,0,0,0,0,0,,,,,,,,,,,,,,,0.06803862132426433,,,,,,10.78,25,73133.5,73207.3,72871.7,73051.85,none,no_price_available
2026-09-04T13:58:54.037918+00:00,2026-09-04T19:28:54.037918+05:30,NIFTYNXT50,29-Sep-2026,80700.0,CE,0,,0,,0,0.0,,0,0,0,0,0,,,,,,,,,,,,,,,0.06803862132426433,,,,,,10.78,25,73133.5,73207.3,72871.7,73051.85,none,no_price_available
2026-09-04T13:58:54.037918+00:00,2026-09-04T19:28:54.037918+05:30,NIFTYNXT50,29-Sep-2026,80700.0,PE,72880.9,,0,8538.4,550,0.0,,0,0,0,0,0,,,,,,,,,,,,,,,0.06803862132426433,,,,,,10.78,25,73133.5,73207.3,72871.7,73051.85,none,no_price_available
2026-09-04T13:58:54.037918+00:00,2026-09-04T19:28:54.037918+05:30,NIFTYNXT50,29-Sep-2026,80800.0,CE,0,,0,,0,0.0,,0,0,0,0,0,,,,,,,,,,,,,,,0.06803862132426433,,,,,,10.78,25,73133.5,73207.3,72871.7,73051.85,none,no_price_available
2026-09-04T13:58:54.037918+00:00,2026-09-04T19:28:54.037918+05:30,NIFTYNXT50,29-Sep-2026,80800.0,PE,72880.9,,0,8645.7,550,0.0,,0,0,0,0,0,,,,,,,,,,,,,,,0.06803862132426433,,,,,,10.78,25,73133.5,73207.3,72871.7,73051.85,none,no_price_available
2026-09-04T13:58:54.037918+00:00,2026-09-04T19:28:54.037918+05:30,NIFTYNXT50,29-Sep-2026,80900.0,CE,0,,0,,0,0.0,,0,0,0,0,0,,,,,,,,,,,,,,,0.06803862132426433,,,,,,10.78,25,73133.5,73207.3,72871.7,73051.85,none,no_price_available
2026-09-04T13:58:54.037918+00:00,2026-09-04T19:28:54.037918+05:30,NIFTYNXT50,29-Sep-2026,80900.0,PE,72880.9,,0,8752,550,0.0,,0,0,0,0,0,,,,,,,,,,,,,,,0.06803862132426433,,,,,,10.78,25,73133.5,73207.3,72871.7,73051.85,none,no_price_available
2026-09-04T13:58:54.037918+00:00,2026-09-04T19:28:54.037918+05:30,NIFTYNXT50,29-Sep-2026,81000.0,CE,0,,0,,0,0.0,,0,0,0,0,0,,,,,,,,,,,,,,,0.06803862132426433,,,,,,10.78,25,73133.5,73207.3,72871.7,73051.85,none,no_price_available
2026-09-04T13:58:54.037918+00:00,2026-09-04T19:28:54.037918+05:30,NIFTYNXT50,29-Sep-2026,81000.0,PE,72880.9,,0,8859.1,550,0.0,,0,0,0,0,0,,,,,,,,,,,,,,,0.06803862132426433,,,,,,10.78,25,73133.5,73207.3,72871.7,73051.85,none,no_price_available
2026-09-04T13:58:54.037918+00:00,2026-09-04T19:28:54.037918+05:30,NIFTYNXT50,29-Sep-2026,81500.0,CE,0,,0,,0,0.0,,0,0,0,0,0,,,,,,,,,,,,,,,0.06803862132426433,,,,,,10.78,25,73133.5,73207.3,72871.7,73051.85,none,no_price_available
2026-09-04T13:58:54.037918+00:00,2026-09-04T19:28:54.037918+05:30,NIFTYNXT50,29-Sep-2026,81500.0,PE,72880.9,,0,9391.8,550,0.0,,0,0,0,0,0,,,,,,,,,,,,,,,0.06803862132426433,,,,,,10.78,25,73133.5,73207.3,72871.7,73051.85,none,no_price_available
2026-09-04T13:58:54.037918+00:00,2026-09-04T19:28:54.037918+05:30,NIFTYNXT50,29-Sep-2026,82000.0,CE,0,,0,,0,0.0,,0,0,0,0,0,,,,,,,,,,,,,,,0.06803862132426433,,,,,,10.78,25,73133.5,73207.3,72871.7,73051.85,none,no_price_available
2026-09-04T13:58:54.037918+00:00,2026-09-04T19:28:54.037918+05:30,NIFTYNXT50,29-Sep-2026,82000.0,PE,72880.9,,0,9925.9,550,0.0,,0,0,0,0,0,,,,,,,,,,,,,,,0.06803862132426433,,,,,,10.78,25,73133.5,73207.3,72871.7,73051.85,none,no_price_available
2026-09-04T13:58:54.037918+00:00,2026-09-04T19:28:54.037918+05:30,NIFTYNXT50,29-Sep-2026,82500.0,CE,0,,0,,0,0.0,,0,0,0,0,0,,,,,,,,,,,,,,,0.06803862132426433,,,,,,10.78,25,73133.5,73207.3,72871.7,73051.85,none,no_price_available
2026-09-04T13:58:54.037918+00:00,2026-09-04T19:28:54.037918+05:30,NIFTYNXT50,29-Sep-2026,82500.0,PE,72880.9,,0,10458.9,550,0.0,,0,0,0,0,0,,,,,,,,,,,,,,,0.06803862132426433,,,,,,10.78,25,73133.5,73207.3,72871.7,73051.85,none,no_price_available
2026-09-04T13:58:54.037918+00:00,2026-09-04T19:28:54.037918+05:30,NIFTYNXT50,29-Sep-2026,83000.0,CE,0,,0,,0,0.0,,0,0,0,0,0,,,,,,,,,,,,,,,0.06803862132426433,,,,,,10.78,25,73133.5,73207.3,72871.7,73051.85,none,no_price_available
2026-09-04T13:58:54.037918+00:00,2026-09-04T19:28:54.037918+05:30,NIFTYNXT50,29-Sep-2026,83000.0,PE,72880.9,,0,10992,550,0.0,,0,0,0,0,0,,,,,,,,,,,,,,,0.06803862132426433,,,,,,10.78,25,73133.5,73207.3,72871.7,73051.85,none,no_price_available
2026-09-04T13:58:54.037918+00:00,2026-09-04T19:28:54.037918+05:30,NIFTYNXT50,29-Sep-2026,83500.0,CE,0,,0,,0,0.0,,0,0,0,0,0,,,,,,,,,,,,,,,0.06803862132426433,,,,,,10.78,25,73133.5,73207.3,72871.7,73051.85,none,no_price_available
2026-09-04T13:58:54.037918+00:00,2026-09-04T19:28:54.037918+05:30,NIFTYNXT50,29-Sep-2026,83500.0,PE,72880.9,,0,11525.7,550,0.0,,0,0,0,0,0,,,,,,,,,,,,,,,0.06803862132426433,,,,,,10.78,25,73133.5,73207.3,72871.7,73051.85,none,no_price_available
2026-09-04T13:58:54.037918+00:00,2026-09-04T19:28:54.037918+05:30,NIFTYNXT50,29-Sep-2026,84000.0,CE,0,,0,,0,0.0,,0,0,0,0,0,,,,,,,,,,,,,,,0.06803862132426433,,,,,,10.78,25,73133.5,73207.3,72871.7,73051.85,none,no_price_available
2026-09-04T13:58:54.037918+00:00,2026-09-04T19:28:54.037918+05:30,NIFTYNXT50,29-Sep-2026,84000.0,PE,72880.9,,0,12058.8,550,0.0,,0,0,0,0,0,,,,,,,,,,,,,,,0.06803862132426433,,,,,,10.78,25,73133.5,73207.3,72871.7,73051.85,none,no_price_available
2026-09-04T13:58:54.037918+00:00,2026-09-04T19:28:54.037918+05:30,NIFTYNXT50,29-Sep-2026,84500.0,CE,0,,0,,0,0.0,,0,0,0,0,0,,,,,,,,,,,,,,,0.06803862132426433,,,,,,10.78,25,73133.5,73207.3,72871.7,73051.85,none,no_price_available
2026-09-04T13:58:54.037918+00:00,2026-09-04T19:28:54.037918+05:30,NIFTYNXT50,29-Sep-2026,84500.0,PE,72880.9,,0,12592.2,550,0.0,,0,0,0,0,0,,,,,,,,,,,,,,,0.06803862132426433,,,,,,10.78,25,73133.5,73207.3,72871.7,73051.85,none,no_price_available
2026-09-04T13:58:54.037918+00:00,2026-09-04T19:28:54.037918+05:30,NIFTYNXT50,29-Sep-2026,85000.0,CE,0,,0,,0,0.0,,0,0,0,0,0,,,,,,,,,,,,,,,0.06803862132426433,,,,,,10.78,25,73133.5,73207.3,72871.7,73051.85,none,no_price_available
2026-09-04T13:58:54.037918+00:00,2026-09-04T19:28:54.037918+05:30,NIFTYNXT50,29-Sep-2026,85000.0,PE,72880.9,,0,13125.6,550,0.0,,0,0,0,0,0,,,,,,,,,,,,,,,0.06803862132426433,,,,,,10.78,25,73133.5,73207.3,72871.7,73051.85,none,no_price_available
