fetch_ts_utc,fetch_ts_ist,symbol,expiry_date,strike,option_type,underlying_value,bid_price,bid_qty,ask_price,ask_qty,ltp,mid_price,open_interest,change_in_oi,total_traded_volume,pchange_vs_prev_close,nse_iv,delta,gamma,theta,vega,vanna,charm,vomma,speed,zomma,color,veta,omega,dual_delta,dual_gamma,time_to_expiry_years,futures_price,implied_cost_of_carry,dividend_yield_used,dividend_yield_source,risk_free_rate_used,india_vix,lot_size,underlying_day_open,underlying_day_high,underlying_day_low,underlying_prev_close,price_source_for_iv,data_quality_flag
2026-09-21T09:17:24.467577+00:00,2026-09-21T14:47:24.467577+05:30,NIFTYNXT50,29-Sep-2026,60500.0,CE,72240.25,,0,12655.5,550,0.0,,0,0,0,0,0,,,,,,,,,,,,,,,0.021998843620719178,,,,,,11.3,25,72077.65,72299.8,72043.8,72025.4,none,no_price_available
2026-09-21T09:17:24.467577+00:00,2026-09-21T14:47:24.467577+05:30,NIFTYNXT50,29-Sep-2026,60500.0,PE,0,,0,,0,0.0,,0,0,0,0,0,,,,,,,,,,,,,,,0.021998843620719178,,,,,,11.3,25,72077.65,72299.8,72043.8,72025.4,none,no_price_available
2026-09-21T09:17:24.467577+00:00,2026-09-21T14:47:24.467577+05:30,NIFTYNXT50,29-Sep-2026,61000.0,CE,72240.25,,0,12131.7,550,0.0,,0,0,0,0,0,,,,,,,,,,,,,,,0.021998843620719178,,,,,,11.3,25,72077.65,72299.8,72043.8,72025.4,none,no_price_available
2026-09-21T09:17:24.467577+00:00,2026-09-21T14:47:24.467577+05:30,NIFTYNXT50,29-Sep-2026,61000.0,PE,0,,0,,0,0.0,,0,0,0,0,0,,,,,,,,,,,,,,,0.021998843620719178,,,,,,11.3,25,72077.65,72299.8,72043.8,72025.4,none,no_price_available
2026-09-21T09:17:24.467577+00:00,2026-09-21T14:47:24.467577+05:30,NIFTYNXT50,29-Sep-2026,61500.0,CE,72240.25,,0,11599.15,550,0.0,,0,0,0,0,0,,,,,,,,,,,,,,,0.021998843620719178,,,,,,11.3,25,72077.65,72299.8,72043.8,72025.4,none,no_price_available
2026-09-21T09:17:24.467577+00:00,2026-09-21T14:47:24.467577+05:30,NIFTYNXT50,29-Sep-2026,61500.0,PE,0,,0,,0,0.0,,0,0,0,0,0,,,,,,,,,,,,,,,0.021998843620719178,,,,,,11.3,25,72077.65,72299.8,72043.8,72025.4,none,no_price_available
2026-09-21T09:17:24.467577+00:00,2026-09-21T14:47:24.467577+05:30,NIFTYNXT50,29-Sep-2026,62000.0,CE,72240.25,,0,11069.6,550,0.0,,0,0,0,0,0,,,,,,,,,,,,,,,0.021998843620719178,,,,,,11.3,25,72077.65,72299.8,72043.8,72025.4,none,no_price_available
2026-09-21T09:17:24.467577+00:00,2026-09-21T14:47:24.467577+05:30,NIFTYNXT50,29-Sep-2026,62000.0,PE,0,,0,,0,0.0,,0,0,0,0,0,,,,,,,,,,,,,,,0.021998843620719178,,,,,,11.3,25,72077.65,72299.8,72043.8,72025.4,none,no_price_available
2026-09-21T09:17:24.467577+00:00,2026-09-21T14:47:24.467577+05:30,NIFTYNXT50,29-Sep-2026,62500.0,CE,72240.25,,0,10538.95,550,0.0,,0,0,0,0,0,,,,,,,,,,,,,,,0.021998843620719178,,,,,,11.3,25,72077.65,72299.8,72043.8,72025.4,none,no_price_available
2026-09-21T09:17:24.467577+00:00,2026-09-21T14:47:24.467577+05:30,NIFTYNXT50,29-Sep-2026,62500.0,PE,0,,0,,0,0.0,,0,0,0,0,0,,,,,,,,,,,,,,,0.021998843620719178,,,,,,11.3,25,72077.65,72299.8,72043.8,72025.4,none,no_price_available
2026-09-21T09:17:24.467577+00:00,2026-09-21T14:47:24.467577+05:30,NIFTYNXT50,29-Sep-2026,63000.0,CE,72240.25,,0,10008.75,550,0.0,,0,0,0,0,0,,,,,,,,,,,,,,,0.021998843620719178,,,,,,11.3,25,72077.65,72299.8,72043.8,72025.4,none,no_price_available
2026-09-21T09:17:24.467577+00:00,2026-09-21T14:47:24.467577+05:30,NIFTYNXT50,29-Sep-2026,63000.0,PE,0,,0,,0,0.0,,0,0,0,0,0,,,,,,,,,,,,,,,0.021998843620719178,,,,,,11.3,25,72077.65,72299.8,72043.8,72025.4,none,no_price_available
2026-09-21T09:17:24.467577+00:00,2026-09-21T14:47:24.467577+05:30,NIFTYNXT50,29-Sep-2026,63500.0,CE,72240.25,,0,9475.35,550,0.0,,0,0,0,0,0,,,,,,,,,,,,,,,0.021998843620719178,,,,,,11.3,25,72077.65,72299.8,72043.8,72025.4,none,no_price_available
2026-09-21T09:17:24.467577+00:00,2026-09-21T14:47:24.467577+05:30,NIFTYNXT50,29-Sep-2026,63500.0,PE,0,,0,,0,0.0,,0,0,0,0,0,,,,,,,,,,,,,,,0.021998843620719178,,,,,,11.3,25,72077.65,72299.8,72043.8,72025.4,none,no_price_available
2026-09-21T09:17:24.467577+00:00,2026-09-21T14:47:24.467577+05:30,NIFTYNXT50,29-Sep-2026,63800.0,CE,72240.25,,0,9155.3,550,0.0,,0,0,0,0,0,,,,,,,,,,,,,,,0.021998843620719178,,,,,,11.3,25,72077.65,72299.8,72043.8,72025.4,none,no_price_available
2026-09-21T09:17:24.467577+00:00,2026-09-21T14:47:24.467577+05:30,NIFTYNXT50,29-Sep-2026,63800.0,PE,0,,0,,0,0.0,,0,0,0,0,0,,,,,,,,,,,,,,,0.021998843620719178,,,,,,11.3,25,72077.65,72299.8,72043.8,72025.4,none,no_price_available
2026-09-21T09:17:24.467577+00:00,2026-09-21T14:47:24.467577+05:30,NIFTYNXT50,29-Sep-2026,63900.0,CE,72240.25,,0,9048.65,550,0.0,,0,0,0,0,0,,,,,,,,,,,,,,,0.021998843620719178,,,,,,11.3,25,72077.65,72299.8,72043.8,72025.4,none,no_price_available
2026-09-21T09:17:24.467577+00:00,2026-09-21T14:47:24.467577+05:30,NIFTYNXT50,29-Sep-2026,63900.0,PE,0,,0,,0,0.0,,0,0,0,0,0,,,,,,,,,,,,,,,0.021998843620719178,,,,,,11.3,25,72077.65,72299.8,72043.8,72025.4,none,no_price_available
2026-09-21T09:17:24.467577+00:00,2026-09-21T14:47:24.467577+05:30,NIFTYNXT50,29-Sep-2026,64000.0,CE,72240.25,,0,8942.6,550,0.0,,0,0,0,0,0,,,,,,,,,,,,,,,0.021998843620719178,,,,,,11.3,25,72077.65,72299.8,72043.8,72025.4,none,no_price_available
2026-09-21T09:17:24.467577+00:00,2026-09-21T14:47:24.467577+05:30,NIFTYNXT50,29-Sep-2026,64000.0,PE,0,,0,,0,0.0,,0,0,0,0,0,,,,,,,,,,,,,,,0.021998843620719178,,,,,,11.3,25,72077.65,72299.8,72043.8,72025.4,none,no_price_available
2026-09-21T09:17:24.467577+00:00,2026-09-21T14:47:24.467577+05:30,NIFTYNXT50,29-Sep-2026,64100.0,CE,72240.25,,0,8795.6,550,0.0,,0,0,0,0,0,,,,,,,,,,,,,,,0.021998843620719178,,,,,,11.3,25,72077.65,72299.8,72043.8,72025.4,none,no_price_available
2026-09-21T09:17:24.467577+00:00,2026-09-21T14:47:24.467577+05:30,NIFTYNXT50,29-Sep-2026,64100.0,PE,0,,0,,0,0.0,,0,0,0,0,0,,,,,,,,,,,,,,,0.021998843620719178,,,,,,11.3,25,72077.65,72299.8,72043.8,72025.4,none,no_price_available
2026-09-21T09:17:24.467577+00:00,2026-09-21T14:47:24.467577+05:30,NIFTYNXT50,29-Sep-2026,64200.0,CE,72240.25,,0,8688.9,550,0.0,,0,0,0,0,0,,,,,,,,,,,,,,,0.021998843620719178,,,,,,11.3,25,72077.65,72299.8,72043.8,72025.4,none,no_price_available
2026-09-21T09:17:24.467577+00:00,2026-09-21T14:47:24.467577+05:30,NIFTYNXT50,29-Sep-2026,64200.0,PE,0,,0,,0,0.0,,0,0,0,0,0,,,,,,,,,,,,,,,0.021998843620719178,,,,,,11.3,25,72077.65,72299.8,72043.8,72025.4,none,no_price_available
2026-09-21T09:17:24.467577+00:00,2026-09-21T14:47:24.467577+05:30,NIFTYNXT50,29-Sep-2026,64300.0,CE,72240.25,,0,8582.25,550,0.0,,0,0,0,0,0,,,,,,,,,,,,,,,0.021998843620719178,,,,,,11.3,25,72077.65,72299.8,72043.8,72025.4,none,no_price_available
2026-09-21T09:17:24.467577+00:00,2026-09-21T14:47:24.467577+05:30,NIFTYNXT50,29-Sep-2026,64300.0,PE,0,,0,,0,0.0,,0,0,0,0,0,,,,,,,,,,,,,,,0.021998843620719178,,,,,,11.3,25,72077.65,72299.8,72043.8,72025.4,none,no_price_available
2026-09-21T09:17:24.467577+00:00,2026-09-21T14:47:24.467577+05:30,NIFTYNXT50,29-Sep-2026,64400.0,CE,72240.25,,0,8475.55,550,0.0,,0,0,0,0,0,,,,,,,,,,,,,,,0.021998843620719178,,,,,,11.3,25,72077.65,72299.8,72043.8,72025.4,none,no_price_available
2026-09-21T09:17:24.467577+00:00,2026-09-21T14:47:24.467577+05:30,NIFTYNXT50,29-Sep-2026,64400.0,PE,0,,0,,0,0.0,,0,0,0,0,0,,,,,,,,,,,,,,,0.021998843620719178,,,,,,11.3,25,72077.65,72299.8,72043.8,72025.4,none,no_price_available
2026-09-21T09:17:24.467577+00:00,2026-09-21T14:47:24.467577+05:30,NIFTYNXT50,29-Sep-2026,64500.0,CE,72240.25,,0,8368.85,550,0.0,,0,0,0,0,0,,,,,,,,,,,,,,,0.021998843620719178,,,,,,11.3,25,72077.65,72299.8,72043.8,72025.4,none,no_price_available
2026-09-21T09:17:24.467577+00:00,2026-09-21T14:47:24.467577+05:30,NIFTYNXT50,29-Sep-2026,64500.0,PE,0,,0,,0,0.0,,0,0,0,0,0,,,,,,,,,,,,,,,0.021998843620719178,,,,,,11.3,25,72077.65,72299.8,72043.8,72025.4,none,no_price_available
2026-09-21T09:17:24.467577+00:00,2026-09-21T14:47:24.467577+05:30,NIFTYNXT50,29-Sep-2026,64600.0,CE,72240.25,,0,8262.2,550,0.0,,0,0,0,0,0,,,,,,,,,,,,,,,0.021998843620719178,,,,,,11.3,25,72077.65,72299.8,72043.8,72025.4,none,no_price_available
2026-09-21T09:17:24.467577+00:00,2026-09-21T14:47:24.467577+05:30,NIFTYNXT50,29-Sep-2026,64600.0,PE,0,,0,,0,0.0,,0,0,0,0,0,,,,,,,,,,,,,,,0.021998843620719178,,,,,,11.3,25,72077.65,72299.8,72043.8,72025.4,none,no_price_available
2026-09-21T09:17:24.467577+00:00,2026-09-21T14:47:24.467577+05:30,NIFTYNXT50,29-Sep-2026,64700.0,CE,72240.25,,0,8155.5,550,0.0,,0,0,0,0,0,,,,,,,,,,,,,,,0.021998843620719178,,,,,,11.3,25,72077.65,72299.8,72043.8,72025.4,none,no_price_available
2026-09-21T09:17:24.467577+00:00,2026-09-21T14:47:24.467577+05:30,NIFTYNXT50,29-Sep-2026,64700.0,PE,0,,0,,0,0.0,,0,0,0,0,0,,,,,,,,,,,,,,,0.021998843620719178,,,,,,11.3,25,72077.65,72299.8,72043.8,72025.4,none,no_price_available
2026-09-21T09:17:24.467577+00:00,2026-09-21T14:47:24.467577+05:30,NIFTYNXT50,29-Sep-2026,64800.0,CE,72240.25,,0,8048.85,550,0.0,,0,0,0,0,0,,,,,,,,,,,,,,,0.021998843620719178,,,,,,11.3,25,72077.65,72299.8,72043.8,72025.4,none,no_price_available
2026-09-21T09:17:24.467577+00:00,2026-09-21T14:47:24.467577+05:30,NIFTYNXT50,29-Sep-2026,64800.0,PE,0,,0,,0,0.0,,0,0,0,0,0,,,,,,,,,,,,,,,0.021998843620719178,,,,,,11.3,25,72077.65,72299.8,72043.8,72025.4,none,no_price_available
2026-09-21T09:17:24.467577+00:00,2026-09-21T14:47:24.467577+05:30,NIFTYNXT50,29-Sep-2026,64900.0,CE,72240.25,,0,7942.15,550,0.0,,0,0,0,0,0,,,,,,,,,,,,,,,0.021998843620719178,,,,,,11.3,25,72077.65,72299.8,72043.8,72025.4,none,no_price_available
2026-09-21T09:17:24.467577+00:00,2026-09-21T14:47:24.467577+05:30,NIFTYNXT50,29-Sep-2026,64900.0,PE,0,,0,,0,0.0,,0,0,0,0,0,,,,,,,,,,,,,,,0.021998843620719178,,,,,,11.3,25,72077.65,72299.8,72043.8,72025.4,none,no_price_available
2026-09-21T09:17:24.467577+00:00,2026-09-21T14:47:24.467577+05:30,NIFTYNXT50,29-Sep-2026,65000.0,CE,72240.25,,0,7835.45,550,0.0,,0,0,0,0,0,,,,,,,,,,,,,,,0.021998843620719178,,,,,,11.3,25,72077.65,72299.8,72043.8,72025.4,none,no_price_available
2026-09-21T09:17:24.467577+00:00,2026-09-21T14:47:24.467577+05:30,NIFTYNXT50,29-Sep-2026,65000.0,PE,72240.25,,0,,0,0.0,,0,0,0,0,0,,,,,,,,,,,,,,,0.021998843620719178,,,,,,11.3,25,72077.65,72299.8,72043.8,72025.4,none,no_price_available
2026-09-21T09:17:24.467577+00:00,2026-09-21T14:47:24.467577+05:30,NIFTYNXT50,29-Sep-2026,65100.0,CE,72240.25,,0,7865.55,550,0.0,,0,0,0,0,0,,,,,,,,,,,,,,,0.021998843620719178,,,,,,11.3,25,72077.65,72299.8,72043.8,72025.4,none,no_price_available
2026-09-21T09:17:24.467577+00:00,2026-09-21T14:47:24.467577+05:30,NIFTYNXT50,29-Sep-2026,65100.0,PE,0,,0,,0,0.0,,0,0,0,0,0,,,,,,,,,,,,,,,0.021998843620719178,,,,,,11.3,25,72077.65,72299.8,72043.8,72025.4,none,no_price_available
2026-09-21T09:17:24.467577+00:00,2026-09-21T14:47:24.467577+05:30,NIFTYNXT50,29-Sep-2026,65200.0,CE,72240.25,,0,7758.85,550,0.0,,0,0,0,0,0,,,,,,,,,,,,,,,0.021998843620719178,,,,,,11.3,25,72077.65,72299.8,72043.8,72025.4,none,no_price_available
2026-09-21T09:17:24.467577+00:00,2026-09-21T14:47:24.467577+05:30,NIFTYNXT50,29-Sep-2026,65200.0,PE,0,,0,,0,0.0,,0,0,0,0,0,,,,,,,,,,,,,,,0.021998843620719178,,,,,,11.3,25,72077.65,72299.8,72043.8,72025.4,none,no_price_available
2026-09-21T09:17:24.467577+00:00,2026-09-21T14:47:24.467577+05:30,NIFTYNXT50,29-Sep-2026,65300.0,CE,72240.25,,0,7652.2,550,0.0,,0,0,0,0,0,,,,,,,,,,,,,,,0.021998843620719178,,,,,,11.3,25,72077.65,72299.8,72043.8,72025.4,none,no_price_available
2026-09-21T09:17:24.467577+00:00,2026-09-21T14:47:24.467577+05:30,NIFTYNXT50,29-Sep-2026,65300.0,PE,0,,0,,0,0.0,,0,0,0,0,0,,,,,,,,,,,,,,,0.021998843620719178,,,,,,11.3,25,72077.65,72299.8,72043.8,72025.4,none,no_price_available
2026-09-21T09:17:24.467577+00:00,2026-09-21T14:47:24.467577+05:30,NIFTYNXT50,29-Sep-2026,65400.0,CE,72240.25,,0,7545.5,550,0.0,,0,0,0,0,0,,,,,,,,,,,,,,,0.021998843620719178,,,,,,11.3,25,72077.65,72299.8,72043.8,72025.4,none,no_price_available
2026-09-21T09:17:24.467577+00:00,2026-09-21T14:47:24.467577+05:30,NIFTYNXT50,29-Sep-2026,65400.0,PE,0,,0,,0,0.0,,0,0,0,0,0,,,,,,,,,,,,,,,0.021998843620719178,,,,,,11.3,25,72077.65,72299.8,72043.8,72025.4,none,no_price_available
2026-09-21T09:17:24.467577+00:00,2026-09-21T14:47:24.467577+05:30,NIFTYNXT50,29-Sep-2026,65500.0,CE,72240.25,,0,7438.85,550,0.0,,0,0,0,0,0,,,,,,,,,,,,,,,0.021998843620719178,,,,,,11.3,25,72077.65,72299.8,72043.8,72025.4,none,no_price_available
2026-09-21T09:17:24.467577+00:00,2026-09-21T14:47:24.467577+05:30,NIFTYNXT50,29-Sep-2026,65500.0,PE,0,,0,,0,0.0,,0,0,0,0,0,,,,,,,,,,,,,,,0.021998843620719178,,,,,,11.3,25,72077.65,72299.8,72043.8,72025.4,none,no_price_available
2026-09-21T09:17:24.467577+00:00,2026-09-21T14:47:24.467577+05:30,NIFTYNXT50,29-Sep-2026,65600.0,CE,72240.25,,0,7332.15,550,0.0,,0,0,0,0,0,,,,,,,,,,,,,,,0.021998843620719178,,,,,,11.3,25,72077.65,72299.8,72043.8,72025.4,none,no_price_available
2026-09-21T09:17:24.467577+00:00,2026-09-21T14:47:24.467577+05:30,NIFTYNXT50,29-Sep-2026,65600.0,PE,0,,0,,0,0.0,,0,0,0,0,0,,,,,,,,,,,,,,,0.021998843620719178,,,,,,11.3,25,72077.65,72299.8,72043.8,72025.4,none,no_price_available
2026-09-21T09:17:24.467577+00:00,2026-09-21T14:47:24.467577+05:30,NIFTYNXT50,29-Sep-2026,65700.0,CE,72240.25,,0,7235.05,550,0.0,,0,0,0,0,0,,,,,,,,,,,,,,,0.021998843620719178,,,,,,11.3,25,72077.65,72299.8,72043.8,72025.4,none,no_price_available
2026-09-21T09:17:24.467577+00:00,2026-09-21T14:47:24.467577+05:30,NIFTYNXT50,29-Sep-2026,65700.0,PE,0,,0,,0,0.0,,0,0,0,0,0,,,,,,,,,,,,,,,0.021998843620719178,,,,,,11.3,25,72077.65,72299.8,72043.8,72025.4,none,no_price_available
2026-09-21T09:17:24.467577+00:00,2026-09-21T14:47:24.467577+05:30,NIFTYNXT50,29-Sep-2026,65800.0,CE,72240.25,,0,7128.4,550,0.0,,0,0,0,0,0,,,,,,,,,,,,,,,0.021998843620719178,,,,,,11.3,25,72077.65,72299.8,72043.8,72025.4,none,no_price_available
2026-09-21T09:17:24.467577+00:00,2026-09-21T14:47:24.467577+05:30,NIFTYNXT50,29-Sep-2026,65800.0,PE,0,,0,,0,0.0,,0,0,0,0,0,,,,,,,,,,,,,,,0.021998843620719178,,,,,,11.3,25,72077.65,72299.8,72043.8,72025.4,none,no_price_available
2026-09-21T09:17:24.467577+00:00,2026-09-21T14:47:24.467577+05:30,NIFTYNXT50,29-Sep-2026,65900.0,CE,72240.25,,0,7022.55,550,0.0,,0,0,0,0,0,,,,,,,,,,,,,,,0.021998843620719178,,,,,,11.3,25,72077.65,72299.8,72043.8,72025.4,none,no_price_available
2026-09-21T09:17:24.467577+00:00,2026-09-21T14:47:24.467577+05:30,NIFTYNXT50,29-Sep-2026,65900.0,PE,0,,0,,0,0.0,,0,0,0,0,0,,,,,,,,,,,,,,,0.021998843620719178,,,,,,11.3,25,72077.65,72299.8,72043.8,72025.4,none,no_price_available
2026-09-21T09:17:24.467577+00:00,2026-09-21T14:47:24.467577+05:30,NIFTYNXT50,29-Sep-2026,66000.0,CE,72240.25,,0,6882.85,550,0.0,,0,0,0,0,0,,,,,,,,,,,,,,,0.021998843620719178,,,,,,11.3,25,72077.65,72299.8,72043.8,72025.4,none,no_price_available
2026-09-21T09:17:24.467577+00:00,2026-09-21T14:47:24.467577+05:30,NIFTYNXT50,29-Sep-2026,66000.0,PE,0,,0,,0,0.0,,0,0,0,0,0,,,,,,,,,,,,,,,0.021998843620719178,,,,,,11.3,25,72077.65,72299.8,72043.8,72025.4,none,no_price_available
2026-09-21T09:17:24.467577+00:00,2026-09-21T14:47:24.467577+05:30,NIFTYNXT50,29-Sep-2026,66100.0,CE,72240.25,,0,6776.2,550,0.0,,0,0,0,0,0,,,,,,,,,,,,,,,0.021998843620719178,,,,,,11.3,25,72077.65,72299.8,72043.8,72025.4,none,no_price_available
2026-09-21T09:17:24.467577+00:00,2026-09-21T14:47:24.467577+05:30,NIFTYNXT50,29-Sep-2026,66100.0,PE,0,,0,,0,0.0,,0,0,0,0,0,,,,,,,,,,,,,,,0.021998843620719178,,,,,,11.3,25,72077.65,72299.8,72043.8,72025.4,none,no_price_available
2026-09-21T09:17:24.467577+00:00,2026-09-21T14:47:24.467577+05:30,NIFTYNXT50,29-Sep-2026,66200.0,CE,72240.25,,0,6670.35,550,0.0,,0,0,0,0,0,,,,,,,,,,,,,,,0.021998843620719178,,,,,,11.3,25,72077.65,72299.8,72043.8,72025.4,none,no_price_available
2026-09-21T09:17:24.467577+00:00,2026-09-21T14:47:24.467577+05:30,NIFTYNXT50,29-Sep-2026,66200.0,PE,0,,0,,0,0.0,,0,0,0,0,0,,,,,,,,,,,,,,,0.021998843620719178,,,,,,11.3,25,72077.65,72299.8,72043.8,72025.4,none,no_price_available
2026-09-21T09:17:24.467577+00:00,2026-09-21T14:47:24.467577+05:30,NIFTYNXT50,29-Sep-2026,66300.0,CE,72240.25,,0,6563.9,550,0.0,,0,0,0,0,0,,,,,,,,,,,,,,,0.021998843620719178,,,,,,11.3,25,72077.65,72299.8,72043.8,72025.4,none,no_price_available
2026-09-21T09:17:24.467577+00:00,2026-09-21T14:47:24.467577+05:30,NIFTYNXT50,29-Sep-2026,66300.0,PE,0,,0,,0,0.0,,0,0,0,0,0,,,,,,,,,,,,,,,0.021998843620719178,,,,,,11.3,25,72077.65,72299.8,72043.8,72025.4,none,no_price_available
2026-09-21T09:17:24.467577+00:00,2026-09-21T14:47:24.467577+05:30,NIFTYNXT50,29-Sep-2026,66400.0,CE,72240.25,,0,6457.2,550,0.0,,0,0,0,0,0,,,,,,,,,,,,,,,0.021998843620719178,,,,,,11.3,25,72077.65,72299.8,72043.8,72025.4,none,no_price_available
2026-09-21T09:17:24.467577+00:00,2026-09-21T14:47:24.467577+05:30,NIFTYNXT50,29-Sep-2026,66400.0,PE,0,,0,,0,0.0,,0,0,0,0,0,,,,,,,,,,,,,,,0.021998843620719178,,,,,,11.3,25,72077.65,72299.8,72043.8,72025.4,none,no_price_available
2026-09-21T09:17:24.467577+00:00,2026-09-21T14:47:24.467577+05:30,NIFTYNXT50,29-Sep-2026,66500.0,CE,72240.25,,0,6350.55,550,0.0,,0,0,0,0,0,,,,,,,,,,,,,,,0.021998843620719178,,,,,,11.3,25,72077.65,72299.8,72043.8,72025.4,none,no_price_available
2026-09-21T09:17:24.467577+00:00,2026-09-21T14:47:24.467577+05:30,NIFTYNXT50,29-Sep-2026,66500.0,PE,0,,0,,0,0.0,,0,0,0,0,0,,,,,,,,,,,,,,,0.021998843620719178,,,,,,11.3,25,72077.65,72299.8,72043.8,72025.4,none,no_price_available
2026-09-21T09:17:24.467577+00:00,2026-09-21T14:47:24.467577+05:30,NIFTYNXT50,29-Sep-2026,66600.0,CE,72240.25,,0,6243.85,550,0.0,,0,0,0,0,0,,,,,,,,,,,,,,,0.021998843620719178,,,,,,11.3,25,72077.65,72299.8,72043.8,72025.4,none,no_price_available
2026-09-21T09:17:24.467577+00:00,2026-09-21T14:47:24.467577+05:30,NIFTYNXT50,29-Sep-2026,66600.0,PE,0,,0,,0,0.0,,0,0,0,0,0,,,,,,,,,,,,,,,0.021998843620719178,,,,,,11.3,25,72077.65,72299.8,72043.8,72025.4,none,no_price_available
2026-09-21T09:17:24.467577+00:00,2026-09-21T14:47:24.467577+05:30,NIFTYNXT50,29-Sep-2026,66700.0,CE,72240.25,,0,6137.2,550,0.0,,0,0,0,0,0,,,,,,,,,,,,,,,0.021998843620719178,,,,,,11.3,25,72077.65,72299.8,72043.8,72025.4,none,no_price_available
2026-09-21T09:17:24.467577+00:00,2026-09-21T14:47:24.467577+05:30,NIFTYNXT50,29-Sep-2026,66700.0,PE,0,,0,,0,0.0,,0,0,0,0,0,,,,,,,,,,,,,,,0.021998843620719178,,,,,,11.3,25,72077.65,72299.8,72043.8,72025.4,none,no_price_available
2026-09-21T09:17:24.467577+00:00,2026-09-21T14:47:24.467577+05:30,NIFTYNXT50,29-Sep-2026,66800.0,CE,72240.25,,0,6030.5,550,0.0,,0,0,0,0,0,,,,,,,,,,,,,,,0.021998843620719178,,,,,,11.3,25,72077.65,72299.8,72043.8,72025.4,none,no_price_available
2026-09-21T09:17:24.467577+00:00,2026-09-21T14:47:24.467577+05:30,NIFTYNXT50,29-Sep-2026,66800.0,PE,0,,0,,0,0.0,,0,0,0,0,0,,,,,,,,,,,,,,,0.021998843620719178,,,,,,11.3,25,72077.65,72299.8,72043.8,72025.4,none,no_price_available
2026-09-21T09:17:24.467577+00:00,2026-09-21T14:47:24.467577+05:30,NIFTYNXT50,29-Sep-2026,66900.0,CE,72240.25,,0,5923.8,550,0.0,,0,0,0,0,0,,,,,,,,,,,,,,,0.021998843620719178,,,,,,11.3,25,72077.65,72299.8,72043.8,72025.4,none,no_price_available
2026-09-21T09:17:24.467577+00:00,2026-09-21T14:47:24.467577+05:30,NIFTYNXT50,29-Sep-2026,66900.0,PE,0,,0,,0,0.0,,0,0,0,0,0,,,,,,,,,,,,,,,0.021998843620719178,,,,,,11.3,25,72077.65,72299.8,72043.8,72025.4,none,no_price_available
2026-09-21T09:17:24.467577+00:00,2026-09-21T14:47:24.467577+05:30,NIFTYNXT50,29-Sep-2026,67000.0,CE,72240.25,,0,5817.15,550,0.0,,0,0,0,0,0,,,,,,,,,,,,,,,0.021998843620719178,,,,,,11.3,25,72077.65,72299.8,72043.8,72025.4,none,no_price_available
2026-09-21T09:17:24.467577+00:00,2026-09-21T14:47:24.467577+05:30,NIFTYNXT50,29-Sep-2026,67000.0,PE,72240.25,2.25,25,,0,0.0,,6,0,0,0,21.96,,,,,,,,,,,,,,,0.021998843620719178,,,,,,11.3,25,72077.65,72299.8,72043.8,72025.4,none,no_price_available
2026-09-21T09:17:24.467577+00:00,2026-09-21T14:47:24.467577+05:30,NIFTYNXT50,29-Sep-2026,67100.0,CE,72240.25,,0,5710.45,550,0.0,,0,0,0,0,0,,,,,,,,,,,,,,,0.021998843620719178,,,,,,11.3,25,72077.65,72299.8,72043.8,72025.4,none,no_price_available
2026-09-21T09:17:24.467577+00:00,2026-09-21T14:47:24.467577+05:30,NIFTYNXT50,29-Sep-2026,67100.0,PE,0,,0,,0,0.0,,0,0,0,0,0,,,,,,,,,,,,,,,0.021998843620719178,,,,,,11.3,25,72077.65,72299.8,72043.8,72025.4,none,no_price_available
2026-09-21T09:17:24.467577+00:00,2026-09-21T14:47:24.467577+05:30,NIFTYNXT50,29-Sep-2026,67200.0,CE,72240.25,,0,5603.8,550,0.0,,0,0,0,0,0,,,,,,,,,,,,,,,0.021998843620719178,,,,,,11.3,25,72077.65,72299.8,72043.8,72025.4,none,no_price_available
2026-09-21T09:17:24.467577+00:00,2026-09-21T14:47:24.467577+05:30,NIFTYNXT50,29-Sep-2026,67200.0,PE,0,,0,,0,0.0,,0,0,0,0,0,,,,,,,,,,,,,,,0.021998843620719178,,,,,,11.3,25,72077.65,72299.8,72043.8,72025.4,none,no_price_available
2026-09-21T09:17:24.467577+00:00,2026-09-21T14:47:24.467577+05:30,NIFTYNXT50,29-Sep-2026,67300.0,CE,72240.25,,0,5497.1,550,0.0,,0,0,0,0,0,,,,,,,,,,,,,,,0.021998843620719178,,,,,,11.3,25,72077.65,72299.8,72043.8,72025.4,none,no_price_available
2026-09-21T09:17:24.467577+00:00,2026-09-21T14:47:24.467577+05:30,NIFTYNXT50,29-Sep-2026,67300.0,PE,0,,0,,0,0.0,,0,0,0,0,0,,,,,,,,,,,,,,,0.021998843620719178,,,,,,11.3,25,72077.65,72299.8,72043.8,72025.4,none,no_price_available
2026-09-21T09:17:24.467577+00:00,2026-09-21T14:47:24.467577+05:30,NIFTYNXT50,29-Sep-2026,67400.0,CE,72240.25,,0,5390.4,550,0.0,,0,0,0,0,0,,,,,,,,,,,,,,,0.021998843620719178,,,,,,11.3,25,72077.65,72299.8,72043.8,72025.4,none,no_price_available
2026-09-21T09:17:24.467577+00:00,2026-09-21T14:47:24.467577+05:30,NIFTYNXT50,29-Sep-2026,67400.0,PE,0,,0,,0,0.0,,0,0,0,0,0,,,,,,,,,,,,,,,0.021998843620719178,,,,,,11.3,25,72077.65,72299.8,72043.8,72025.4,none,no_price_available
2026-09-21T09:17:24.467577+00:00,2026-09-21T14:47:24.467577+05:30,NIFTYNXT50,29-Sep-2026,67500.0,CE,72240.25,,0,5283.75,550,0.0,,0,0,0,0,0,,,,,,,,,,,,,,,0.021998843620719178,,,,,,11.3,25,72077.65,72299.8,72043.8,72025.4,none,no_price_available
2026-09-21T09:17:24.467577+00:00,2026-09-21T14:47:24.467577+05:30,NIFTYNXT50,29-Sep-2026,67500.0,PE,72240.25,,0,35.5,25,0.0,,0,0,0,0,0,,,,,,,,,,,,,,,0.021998843620719178,,,,,,11.3,25,72077.65,72299.8,72043.8,72025.4,none,no_price_available
2026-09-21T09:17:24.467577+00:00,2026-09-21T14:47:24.467577+05:30,NIFTYNXT50,29-Sep-2026,67600.0,CE,72240.25,,0,5177.05,550,0.0,,0,0,0,0,0,,,,,,,,,,,,,,,0.021998843620719178,,,,,,11.3,25,72077.65,72299.8,72043.8,72025.4,none,no_price_available
2026-09-21T09:17:24.467577+00:00,2026-09-21T14:47:24.467577+05:30,NIFTYNXT50,29-Sep-2026,67600.0,PE,0,,0,,0,0.0,,0,0,0,0,0,,,,,,,,,,,,,,,0.021998843620719178,,,,,,11.3,25,72077.65,72299.8,72043.8,72025.4,none,no_price_available
2026-09-21T09:17:24.467577+00:00,2026-09-21T14:47:24.467577+05:30,NIFTYNXT50,29-Sep-2026,67700.0,CE,72240.25,,0,5091.85,550,0.0,,0,0,0,0,0,,,,,,,,,,,,,,,0.021998843620719178,,,,,,11.3,25,72077.65,72299.8,72043.8,72025.4,none,no_price_available
2026-09-21T09:17:24.467577+00:00,2026-09-21T14:47:24.467577+05:30,NIFTYNXT50,29-Sep-2026,67700.0,PE,0,,0,,0,0.0,,0,0,0,0,0,,,,,,,,,,,,,,,0.021998843620719178,,,,,,11.3,25,72077.65,72299.8,72043.8,72025.4,none,no_price_available
2026-09-21T09:17:24.467577+00:00,2026-09-21T14:47:24.467577+05:30,NIFTYNXT50,29-Sep-2026,67800.0,CE,72240.25,,0,4985.2,550,0.0,,0,0,0,0,0,,,,,,,,,,,,,,,0.021998843620719178,,,,,,11.3,25,72077.65,72299.8,72043.8,72025.4,none,no_price_available
2026-09-21T09:17:24.467577+00:00,2026-09-21T14:47:24.467577+05:30,NIFTYNXT50,29-Sep-2026,67800.0,PE,0,,0,,0,0.0,,0,0,0,0,0,,,,,,,,,,,,,,,0.021998843620719178,,,,,,11.3,25,72077.65,72299.8,72043.8,72025.4,none,no_price_available
2026-09-21T09:17:24.467577+00:00,2026-09-21T14:47:24.467577+05:30,NIFTYNXT50,29-Sep-2026,67900.0,CE,72240.25,,0,4888.95,550,0.0,,0,0,0,0,0,,,,,,,,,,,,,,,0.021998843620719178,,,,,,11.3,25,72077.65,72299.8,72043.8,72025.4,none,no_price_available
2026-09-21T09:17:24.467577+00:00,2026-09-21T14:47:24.467577+05:30,NIFTYNXT50,29-Sep-2026,67900.0,PE,0,,0,,0,0.0,,0,0,0,0,0,,,,,,,,,,,,,,,0.021998843620719178,,,,,,11.3,25,72077.65,72299.8,72043.8,72025.4,none,no_price_available
2026-09-21T09:17:24.467577+00:00,2026-09-21T14:47:24.467577+05:30,NIFTYNXT50,29-Sep-2026,68000.0,CE,72240.25,,0,4792.55,550,0.0,,0,0,0,0,0,,,,,,,,,,,,,,,0.021998843620719178,,,,,,11.3,25,72077.65,72299.8,72043.8,72025.4,none,no_price_available
2026-09-21T09:17:24.467577+00:00,2026-09-21T14:47:24.467577+05:30,NIFTYNXT50,29-Sep-2026,68000.0,PE,0,,0,,0,0.0,,0,0,0,0,0,,,,,,,,,,,,,,,0.021998843620719178,,,,,,11.3,25,72077.65,72299.8,72043.8,72025.4,none,no_price_available
2026-09-21T09:17:24.467577+00:00,2026-09-21T14:47:24.467577+05:30,NIFTYNXT50,29-Sep-2026,68100.0,CE,72240.25,,0,4687.55,550,0.0,,0,0,0,0,0,,,,,,,,,,,,,,,0.021998843620719178,,,,,,11.3,25,72077.65,72299.8,72043.8,72025.4,none,no_price_available
2026-09-21T09:17:24.467577+00:00,2026-09-21T14:47:24.467577+05:30,NIFTYNXT50,29-Sep-2026,68100.0,PE,0,,0,,0,0.0,,0,0,0,0,0,,,,,,,,,,,,,,,0.021998843620719178,,,,,,11.3,25,72077.65,72299.8,72043.8,72025.4,none,no_price_available
2026-09-21T09:17:24.467577+00:00,2026-09-21T14:47:24.467577+05:30,NIFTYNXT50,29-Sep-2026,68200.0,CE,72240.25,,0,4582.55,550,0.0,,0,0,0,0,0,,,,,,,,,,,,,,,0.021998843620719178,,,,,,11.3,25,72077.65,72299.8,72043.8,72025.4,none,no_price_available
2026-09-21T09:17:24.467577+00:00,2026-09-21T14:47:24.467577+05:30,NIFTYNXT50,29-Sep-2026,68200.0,PE,0,,0,,0,0.0,,0,0,0,0,0,,,,,,,,,,,,,,,0.021998843620719178,,,,,,11.3,25,72077.65,72299.8,72043.8,72025.4,none,no_price_available
2026-09-21T09:17:24.467577+00:00,2026-09-21T14:47:24.467577+05:30,NIFTYNXT50,29-Sep-2026,68300.0,CE,72240.25,,0,4477.55,550,0.0,,0,0,0,0,0,,,,,,,,,,,,,,,0.021998843620719178,,,,,,11.3,25,72077.65,72299.8,72043.8,72025.4,none,no_price_available
2026-09-21T09:17:24.467577+00:00,2026-09-21T14:47:24.467577+05:30,NIFTYNXT50,29-Sep-2026,68300.0,PE,0,,0,,0,0.0,,0,0,0,0,0,,,,,,,,,,,,,,,0.021998843620719178,,,,,,11.3,25,72077.65,72299.8,72043.8,72025.4,none,no_price_available
2026-09-21T09:17:24.467577+00:00,2026-09-21T14:47:24.467577+05:30,NIFTYNXT50,29-Sep-2026,68400.0,CE,72240.25,,0,4372.55,550,0.0,,0,0,0,0,0,,,,,,,,,,,,,,,0.021998843620719178,,,,,,11.3,25,72077.65,72299.8,72043.8,72025.4,none,no_price_available
2026-09-21T09:17:24.467577+00:00,2026-09-21T14:47:24.467577+05:30,NIFTYNXT50,29-Sep-2026,68400.0,PE,0,,0,,0,0.0,,0,0,0,0,0,,,,,,,,,,,,,,,0.021998843620719178,,,,,,11.3,25,72077.65,72299.8,72043.8,72025.4,none,no_price_available
2026-09-21T09:17:24.467577+00:00,2026-09-21T14:47:24.467577+05:30,NIFTYNXT50,29-Sep-2026,68500.0,CE,72240.25,,0,4267.55,550,0.0,,0,0,0,0,0,,,,,,,,,,,,,,,0.021998843620719178,,,,,,11.3,25,72077.65,72299.8,72043.8,72025.4,none,no_price_available
2026-09-21T09:17:24.467577+00:00,2026-09-21T14:47:24.467577+05:30,NIFTYNXT50,29-Sep-2026,68500.0,PE,0,,0,,0,0.0,,0,0,0,0,0,,,,,,,,,,,,,,,0.021998843620719178,,,,,,11.3,25,72077.65,72299.8,72043.8,72025.4,none,no_price_available
2026-09-21T09:17:24.467577+00:00,2026-09-21T14:47:24.467577+05:30,NIFTYNXT50,29-Sep-2026,68600.0,CE,72240.25,,0,4162.55,550,0.0,,0,0,0,0,0,,,,,,,,,,,,,,,0.021998843620719178,,,,,,11.3,25,72077.65,72299.8,72043.8,72025.4,none,no_price_available
2026-09-21T09:17:24.467577+00:00,2026-09-21T14:47:24.467577+05:30,NIFTYNXT50,29-Sep-2026,68600.0,PE,0,,0,,0,0.0,,0,0,0,0,0,,,,,,,,,,,,,,,0.021998843620719178,,,,,,11.3,25,72077.65,72299.8,72043.8,72025.4,none,no_price_available
2026-09-21T09:17:24.467577+00:00,2026-09-21T14:47:24.467577+05:30,NIFTYNXT50,29-Sep-2026,68700.0,CE,72240.25,,0,4057.55,550,0.0,,0,0,0,0,0,,,,,,,,,,,,,,,0.021998843620719178,,,,,,11.3,25,72077.65,72299.8,72043.8,72025.4,none,no_price_available
2026-09-21T09:17:24.467577+00:00,2026-09-21T14:47:24.467577+05:30,NIFTYNXT50,29-Sep-2026,68700.0,PE,0,,0,,0,0.0,,0,0,0,0,0,,,,,,,,,,,,,,,0.021998843620719178,,,,,,11.3,25,72077.65,72299.8,72043.8,72025.4,none,no_price_available
2026-09-21T09:17:24.467577+00:00,2026-09-21T14:47:24.467577+05:30,NIFTYNXT50,29-Sep-2026,68800.0,CE,72240.25,,0,3952.55,550,0.0,,0,0,0,0,0,,,,,,,,,,,,,,,0.021998843620719178,,,,,,11.3,25,72077.65,72299.8,72043.8,72025.4,none,no_price_available
2026-09-21T09:17:24.467577+00:00,2026-09-21T14:47:24.467577+05:30,NIFTYNXT50,29-Sep-2026,68800.0,PE,0,,0,,0,0.0,,0,0,0,0,0,,,,,,,,,,,,,,,0.021998843620719178,,,,,,11.3,25,72077.65,72299.8,72043.8,72025.4,none,no_price_available
2026-09-21T09:17:24.467577+00:00,2026-09-21T14:47:24.467577+05:30,NIFTYNXT50,29-Sep-2026,68900.0,CE,72240.25,,0,3847.55,550,0.0,,0,0,0,0,0,,,,,,,,,,,,,,,0.021998843620719178,,,,,,11.3,25,72077.65,72299.8,72043.8,72025.4,none,no_price_available
2026-09-21T09:17:24.467577+00:00,2026-09-21T14:47:24.467577+05:30,NIFTYNXT50,29-Sep-2026,68900.0,PE,0,,0,,0,0.0,,0,0,0,0,0,,,,,,,,,,,,,,,0.021998843620719178,,,,,,11.3,25,72077.65,72299.8,72043.8,72025.4,none,no_price_available
2026-09-21T09:17:24.467577+00:00,2026-09-21T14:47:24.467577+05:30,NIFTYNXT50,29-Sep-2026,69000.0,CE,72240.25,,0,3742.55,550,0.0,,0,0,0,0,0,,,,,,,,,,,,,,,0.021998843620719178,,,,,,11.3,25,72077.65,72299.8,72043.8,72025.4,none,no_price_available
2026-09-21T09:17:24.467577+00:00,2026-09-21T14:47:24.467577+05:30,NIFTYNXT50,29-Sep-2026,69000.0,PE,72240.25,0.1,600,90,25,0.0,45.05,0,0,0,0,0,,,,,,,,,,,,,,,0.021998843620719178,72349.8,0.06888175444318022,0.01,index_dividend_yield,0.065,11.3,25,72077.65,72299.8,72043.8,72025.4,mid_price,no_nse_iv
2026-09-21T09:17:24.467577+00:00,2026-09-21T14:47:24.467577+05:30,NIFTYNXT50,29-Sep-2026,69100.0,CE,72240.25,,0,3637.55,550,0.0,,0,0,0,0,0,,,,,,,,,,,,,,,0.021998843620719178,,,,,,11.3,25,72077.65,72299.8,72043.8,72025.4,none,no_price_available
2026-09-21T09:17:24.467577+00:00,2026-09-21T14:47:24.467577+05:30,NIFTYNXT50,29-Sep-2026,69100.0,PE,0,,0,,0,0.0,,0,0,0,0,0,,,,,,,,,,,,,,,0.021998843620719178,,,,,,11.3,25,72077.65,72299.8,72043.8,72025.4,none,no_price_available
2026-09-21T09:17:24.467577+00:00,2026-09-21T14:47:24.467577+05:30,NIFTYNXT50,29-Sep-2026,69200.0,CE,72240.25,,0,3531.55,550,0.0,,0,0,0,0,0,,,,,,,,,,,,,,,0.021998843620719178,,,,,,11.3,25,72077.65,72299.8,72043.8,72025.4,none,no_price_available
2026-09-21T09:17:24.467577+00:00,2026-09-21T14:47:24.467577+05:30,NIFTYNXT50,29-Sep-2026,69200.0,PE,0,,0,,0,0.0,,0,0,0,0,0,,,,,,,,,,,,,,,0.021998843620719178,,,,,,11.3,25,72077.65,72299.8,72043.8,72025.4,none,no_price_available
2026-09-21T09:17:24.467577+00:00,2026-09-21T14:47:24.467577+05:30,NIFTYNXT50,29-Sep-2026,69300.0,CE,72240.25,,0,3417.15,550,0.0,,0,0,0,0,0,,,,,,,,,,,,,,,0.021998843620719178,,,,,,11.3,25,72077.65,72299.8,72043.8,72025.4,none,no_price_available
2026-09-21T09:17:24.467577+00:00,2026-09-21T14:47:24.467577+05:30,NIFTYNXT50,29-Sep-2026,69300.0,PE,0,,0,,0,0.0,,0,0,0,0,0,,,,,,,,,,,,,,,0.021998843620719178,,,,,,11.3,25,72077.65,72299.8,72043.8,72025.4,none,no_price_available
2026-09-21T09:17:24.467577+00:00,2026-09-21T14:47:24.467577+05:30,NIFTYNXT50,29-Sep-2026,69400.0,CE,72240.25,,0,3335.45,550,0.0,,0,0,0,0,0,,,,,,,,,,,,,,,0.021998843620719178,,,,,,11.3,25,72077.65,72299.8,72043.8,72025.4,none,no_price_available
2026-09-21T09:17:24.467577+00:00,2026-09-21T14:47:24.467577+05:30,NIFTYNXT50,29-Sep-2026,69400.0,PE,0,,0,,0,0.0,,0,0,0,0,0,,,,,,,,,,,,,,,0.021998843620719178,,,,,,11.3,25,72077.65,72299.8,72043.8,72025.4,none,no_price_available
2026-09-21T09:17:24.467577+00:00,2026-09-21T14:47:24.467577+05:30,NIFTYNXT50,29-Sep-2026,69500.0,CE,72240.25,,0,3217.45,550,0.0,,0,0,0,0,0,,,,,,,,,,,,,,,0.021998843620719178,,,,,,11.3,25,72077.65,72299.8,72043.8,72025.4,none,no_price_available
2026-09-21T09:17:24.467577+00:00,2026-09-21T14:47:24.467577+05:30,NIFTYNXT50,29-Sep-2026,69500.0,PE,72240.25,0.15,50,133,25,0.0,66.575,0,0,0,0,0,,,,,,,,,,,,,,,0.021998843620719178,72349.8,0.06888175444318022,0.01,index_dividend_yield,0.065,11.3,25,72077.65,72299.8,72043.8,72025.4,mid_price,no_nse_iv
2026-09-21T09:17:24.467577+00:00,2026-09-21T14:47:24.467577+05:30,NIFTYNXT50,29-Sep-2026,69600.0,CE,72240.25,645.9,50,3547.35,550,0.0,2096.625,0,0,0,0,0,,,,,,,,,,,,,,,0.021998843620719178,,,,,,11.3,25,72077.65,72299.8,72043.8,72025.4,mid_price,no_price_available
2026-09-21T09:17:24.467577+00:00,2026-09-21T14:47:24.467577+05:30,NIFTYNXT50,29-Sep-2026,69600.0,PE,0,,0,,0,0.0,,0,0,0,0,0,,,,,,,,,,,,,,,0.021998843620719178,,,,,,11.3,25,72077.65,72299.8,72043.8,72025.4,none,no_price_available
2026-09-21T09:17:24.467577+00:00,2026-09-21T14:47:24.467577+05:30,NIFTYNXT50,29-Sep-2026,69700.0,CE,72240.25,,0,3007.55,550,0.0,,0,0,0,0,0,,,,,,,,,,,,,,,0.021998843620719178,,,,,,11.3,25,72077.65,72299.8,72043.8,72025.4,none,no_price_available
2026-09-21T09:17:24.467577+00:00,2026-09-21T14:47:24.467577+05:30,NIFTYNXT50,29-Sep-2026,69700.0,PE,0,,0,,0,0.0,,0,0,0,0,0,,,,,,,,,,,,,,,0.021998843620719178,,,,,,11.3,25,72077.65,72299.8,72043.8,72025.4,none,no_price_available
2026-09-21T09:17:24.467577+00:00,2026-09-21T14:47:24.467577+05:30,NIFTYNXT50,29-Sep-2026,69800.0,CE,72240.25,,0,2915.95,550,0.0,,0,0,0,0,0,,,,,,,,,,,,,,,0.021998843620719178,,,,,,11.3,25,72077.65,72299.8,72043.8,72025.4,none,no_price_available
2026-09-21T09:17:24.467577+00:00,2026-09-21T14:47:24.467577+05:30,NIFTYNXT50,29-Sep-2026,69800.0,PE,0,,0,,0,0.0,,0,0,0,0,0,,,,,,,,,,,,,,,0.021998843620719178,,,,,,11.3,25,72077.65,72299.8,72043.8,72025.4,none,no_price_available
2026-09-21T09:17:24.467577+00:00,2026-09-21T14:47:24.467577+05:30,NIFTYNXT50,29-Sep-2026,69900.0,CE,72240.25,,0,2797.45,550,0.0,,0,0,0,0,0,,,,,,,,,,,,,,,0.021998843620719178,,,,,,11.3,25,72077.65,72299.8,72043.8,72025.4,none,no_price_available
2026-09-21T09:17:24.467577+00:00,2026-09-21T14:47:24.467577+05:30,NIFTYNXT50,29-Sep-2026,69900.0,PE,0,,0,,0,0.0,,0,0,0,0,0,,,,,,,,,,,,,,,0.021998843620719178,,,,,,11.3,25,72077.65,72299.8,72043.8,72025.4,none,no_price_available
2026-09-21T09:17:24.467577+00:00,2026-09-21T14:47:24.467577+05:30,NIFTYNXT50,29-Sep-2026,70000.0,CE,72240.25,2323,25,2623.95,50,2323,2473.475,5,-4,4,7.99628079962808,0,,,,,,,,,,,,,,,0.021998843620719178,72349.8,0.06888175444318022,0.01,index_dividend_yield,0.065,11.3,25,72077.65,72299.8,72043.8,72025.4,mid_price,no_nse_iv
2026-09-21T09:17:24.467577+00:00,2026-09-21T14:47:24.467577+05:30,NIFTYNXT50,29-Sep-2026,70000.0,PE,72240.25,25,25,80.55,25,140,52.775,6,1,1,0,20.28,-0.13507796670558894,9.995203373792879e-05,-27.890376193858494,23.27115393215235,-1.1485806217006733,0.01342088103070168,135.69126650404684,-5.1694948668489305e-08,8.996308801747675e-05,-5.924673546621955e-07,-3.0339582734165367,-64.92546117108334,0.14154803615057548,0.00010645205157025603,0.021998843620719178,72349.8,0.06888175444318022,0.01,index_dividend_yield,0.065,11.3,25,72077.65,72299.8,72043.8,72025.4,mid_price,wide_quote_low_liquidity
2026-09-21T09:17:24.467577+00:00,2026-09-21T14:47:24.467577+05:30,NIFTYNXT50,29-Sep-2026,70100.0,CE,72240.25,355.8,50,2752.2,550,0.0,1554.0,0,0,0,0,0,,,,,,,,,,,,,,,0.021998843620719178,,,,,,11.3,25,72077.65,72299.8,72043.8,72025.4,mid_price,no_price_available
2026-09-21T09:17:24.467577+00:00,2026-09-21T14:47:24.467577+05:30,NIFTYNXT50,29-Sep-2026,70100.0,PE,0,,0,,0,0.0,,0,0,0,0,0,,,,,,,,,,,,,,,0.021998843620719178,,,,,,11.3,25,72077.65,72299.8,72043.8,72025.4,none,no_price_available
2026-09-21T09:17:24.467577+00:00,2026-09-21T14:47:24.467577+05:30,NIFTYNXT50,29-Sep-2026,70200.0,CE,72240.25,,0,2669.5,550,0.0,,0,0,0,0,0,,,,,,,,,,,,,,,0.021998843620719178,,,,,,11.3,25,72077.65,72299.8,72043.8,72025.4,none,no_price_available
2026-09-21T09:17:24.467577+00:00,2026-09-21T14:47:24.467577+05:30,NIFTYNXT50,29-Sep-2026,70200.0,PE,0,,0,,0,0.0,,0,0,0,0,0,,,,,,,,,,,,,,,0.021998843620719178,,,,,,11.3,25,72077.65,72299.8,72043.8,72025.4,none,no_price_available
2026-09-21T09:17:24.467577+00:00,2026-09-21T14:47:24.467577+05:30,NIFTYNXT50,29-Sep-2026,70300.0,CE,72240.25,,0,2560.2,550,0.0,,0,0,0,0,0,,,,,,,,,,,,,,,0.021998843620719178,,,,,,11.3,25,72077.65,72299.8,72043.8,72025.4,none,no_price_available
2026-09-21T09:17:24.467577+00:00,2026-09-21T14:47:24.467577+05:30,NIFTYNXT50,29-Sep-2026,70300.0,PE,0,,0,,0,0.0,,0,0,0,0,0,,,,,,,,,,,,,,,0.021998843620719178,,,,,,11.3,25,72077.65,72299.8,72043.8,72025.4,none,no_price_available
2026-09-21T09:17:24.467577+00:00,2026-09-21T14:47:24.467577+05:30,NIFTYNXT50,29-Sep-2026,70400.0,CE,72240.25,208.2,50,2732,550,0.0,1470.1,0,0,0,0,0,,,,,,,,,,,,,,,0.021998843620719178,,,,,,11.3,25,72077.65,72299.8,72043.8,72025.4,mid_price,no_price_available
2026-09-21T09:17:24.467577+00:00,2026-09-21T14:47:24.467577+05:30,NIFTYNXT50,29-Sep-2026,70400.0,PE,0,,0,,0,0.0,,0,0,0,0,0,,,,,,,,,,,,,,,0.021998843620719178,,,,,,11.3,25,72077.65,72299.8,72043.8,72025.4,none,no_price_available
2026-09-21T09:17:24.467577+00:00,2026-09-21T14:47:24.467577+05:30,NIFTYNXT50,29-Sep-2026,70500.0,CE,72240.25,163.6,50,2333.8,550,0.0,1248.7,0,0,0,0,0,,,,,,,,,,,,,,,0.021998843620719178,,,,,,11.3,25,72077.65,72299.8,72043.8,72025.4,mid_price,no_price_available
2026-09-21T09:17:24.467577+00:00,2026-09-21T14:47:24.467577+05:30,NIFTYNXT50,29-Sep-2026,70500.0,PE,72240.25,35.05,50,185,25,0.0,110.025,0,0,0,0,0,,,,,,,,,,,,,,,0.021998843620719178,72349.8,0.06888175444318022,0.01,index_dividend_yield,0.065,11.3,25,72077.65,72299.8,72043.8,72025.4,mid_price,no_nse_iv
2026-09-21T09:17:24.467577+00:00,2026-09-21T14:47:24.467577+05:30,NIFTYNXT50,29-Sep-2026,70600.0,CE,72240.25,,0,2332.5,550,0.0,,0,0,0,0,0,,,,,,,,,,,,,,,0.021998843620719178,,,,,,11.3,25,72077.65,72299.8,72043.8,72025.4,none,no_price_available
2026-09-21T09:17:24.467577+00:00,2026-09-21T14:47:24.467577+05:30,NIFTYNXT50,29-Sep-2026,70600.0,PE,0,,0,,0,0.0,,0,0,0,0,0,,,,,,,,,,,,,,,0.021998843620719178,,,,,,11.3,25,72077.65,72299.8,72043.8,72025.4,none,no_price_available
2026-09-21T09:17:24.467577+00:00,2026-09-21T14:47:24.467577+05:30,NIFTYNXT50,29-Sep-2026,70700.0,CE,72240.25,,0,2223.3,550,0.0,,0,0,0,0,0,,,,,,,,,,,,,,,0.021998843620719178,,,,,,11.3,25,72077.65,72299.8,72043.8,72025.4,none,no_price_available
2026-09-21T09:17:24.467577+00:00,2026-09-21T14:47:24.467577+05:30,NIFTYNXT50,29-Sep-2026,70700.0,PE,72240.25,,0,300,25,0.0,,0,0,0,0,0,,,,,,,,,,,,,,,0.021998843620719178,,,,,,11.3,25,72077.65,72299.8,72043.8,72025.4,none,no_price_available
2026-09-21T09:17:24.467577+00:00,2026-09-21T14:47:24.467577+05:30,NIFTYNXT50,29-Sep-2026,70800.0,CE,72240.25,43.15,25,2295.2,550,0.0,1169.175,0,0,0,0,0,,,,,,,,,,,,,,,0.021998843620719178,,,,,,11.3,25,72077.65,72299.8,72043.8,72025.4,mid_price,no_price_available
2026-09-21T09:17:24.467577+00:00,2026-09-21T14:47:24.467577+05:30,NIFTYNXT50,29-Sep-2026,70800.0,PE,72240.25,27.7,25,217.9,150,0.0,122.8,1,0,0,0,21.8,-0.24933382801284862,0.00013583947486868616,-43.373335809101704,33.99701764500812,-0.9374552808323194,0.011254520248397114,67.94389465352424,-4.0798447568762235e-08,-0.0003516383189069652,5.205224963523246e-06,-2.932335798734476,-51.04051045218993,0.25939029679287684,0.0001414223205446243,0.021998843620719178,72349.8,0.06888175444318022,0.01,index_dividend_yield,0.065,11.3,25,72077.65,72299.8,72043.8,72025.4,mid_price,wide_quote_low_liquidity
2026-09-21T09:17:24.467577+00:00,2026-09-21T14:47:24.467577+05:30,NIFTYNXT50,29-Sep-2026,70900.0,CE,72240.25,7.55,50,1982.05,550,0.0,994.8,0,0,0,0,0,,,,,,,,,,,,,,,0.021998843620719178,,,,,,11.3,25,72077.65,72299.8,72043.8,72025.4,mid_price,no_price_available
2026-09-21T09:17:24.467577+00:00,2026-09-21T14:47:24.467577+05:30,NIFTYNXT50,29-Sep-2026,70900.0,PE,72240.25,0.1,50,233.9,25,0.0,117.0,0,0,0,0,0,,,,,,,,,,,,,,,0.021998843620719178,72349.8,0.06888175444318022,0.01,index_dividend_yield,0.065,11.3,25,72077.65,72299.8,72043.8,72025.4,mid_price,no_nse_iv
2026-09-21T09:17:24.467577+00:00,2026-09-21T14:47:24.467577+05:30,NIFTYNXT50,29-Sep-2026,71000.0,CE,72240.25,1385.7,25,1581.85,50,1450,1483.775,127,0,1,1.969057665260197,10.41,0.8862186416986934,0.0001724569046190796,-22.760150101360086,20.610553233227165,-2.2029657769286337,0.012433641928773928,285.0738578540444,-1.8423562570273228e-07,0.0007289216683877253,-2.7082869978615457e-06,-2.8881120976798353,46.13095977058099,-0.8821528709970794,0.00017853458973235932,0.021998843620719178,72349.8,0.06888175444318022,0.01,index_dividend_yield,0.065,11.3,25,72077.65,72299.8,72043.8,72025.4,mid_price,ok
2026-09-21T09:17:24.467577+00:00,2026-09-21T14:47:24.467577+05:30,NIFTYNXT50,29-Sep-2026,71000.0,PE,72240.25,156,25,189.95,175,170,172.975,49,10,38,-23.766816143497756,16.16,-0.21618676439207976,0.00016927437438763623,-29.209835664709697,31.40442939579672,-1.3802714445646096,0.01205446794704316,116.09466315812789,-7.773241168768762e-08,-0.000421710421938062,5.0789793097484944e-06,-2.9689945319472866,-72.24878502236348,0.22300770608178153,0.0001752399015293176,0.021998843620719178,72349.8,0.06888175444318022,0.01,index_dividend_yield,0.065,11.3,25,72077.65,72299.8,72043.8,72025.4,mid_price,wide_quote_low_liquidity
2026-09-21T09:17:24.467577+00:00,2026-09-21T14:47:24.467577+05:30,NIFTYNXT50,29-Sep-2026,71100.0,CE,72240.25,802.25,50,1879.7,550,0.0,1340.975,0,0,0,0,0,,,,,,,,,,,,,,,0.021998843620719178,72349.8,0.06888175444318022,0.01,index_dividend_yield,0.065,11.3,25,72077.65,72299.8,72043.8,72025.4,mid_price,no_nse_iv
2026-09-21T09:17:24.467577+00:00,2026-09-21T14:47:24.467577+05:30,NIFTYNXT50,29-Sep-2026,71100.0,PE,72240.25,,0,609.6,550,0.0,,0,0,0,0,0,,,,,,,,,,,,,,,0.021998843620719178,,,,,,11.3,25,72077.65,72299.8,72043.8,72025.4,none,no_price_available
2026-09-21T09:17:24.467577+00:00,2026-09-21T14:47:24.467577+05:30,NIFTYNXT50,29-Sep-2026,71200.0,CE,72240.25,502.1,50,1782.7,550,0.0,1142.4,0,0,0,0,0,,,,,,,,,,,,,,,0.021998843620719178,72349.8,0.06888175444318022,0.01,index_dividend_yield,0.065,11.3,25,72077.65,72299.8,72043.8,72025.4,mid_price,no_nse_iv
2026-09-21T09:17:24.467577+00:00,2026-09-21T14:47:24.467577+05:30,NIFTYNXT50,29-Sep-2026,71200.0,PE,72240.25,0.05,50,400,25,0.0,200.025,0,0,0,0,0,,,,,,,,,,,,,,,0.021998843620719178,72349.8,0.06888175444318022,0.01,index_dividend_yield,0.065,11.3,25,72077.65,72299.8,72043.8,72025.4,mid_price,no_nse_iv
2026-09-21T09:17:24.467577+00:00,2026-09-21T14:47:24.467577+05:30,NIFTYNXT50,29-Sep-2026,71300.0,CE,72240.25,0.05,50,1549.3,550,0.0,774.675,0,0,0,0,0,,,,,,,,,,,,,,,0.021998843620719178,,,,,,11.3,25,72077.65,72299.8,72043.8,72025.4,mid_price,no_price_available
2026-09-21T09:17:24.467577+00:00,2026-09-21T14:47:24.467577+05:30,NIFTYNXT50,29-Sep-2026,71300.0,PE,0,,0,,0,0.0,,0,0,0,0,0,,,,,,,,,,,,,,,0.021998843620719178,,,,,,11.3,25,72077.65,72299.8,72043.8,72025.4,none,no_price_available
2026-09-21T09:17:24.467577+00:00,2026-09-21T14:47:24.467577+05:30,NIFTYNXT50,29-Sep-2026,71400.0,CE,72240.25,,0,1594.85,550,0.0,,0,0,0,0,0,,,,,,,,,,,,,,,0.021998843620719178,,,,,,11.3,25,72077.65,72299.8,72043.8,72025.4,none,no_price_available
2026-09-21T09:17:24.467577+00:00,2026-09-21T14:47:24.467577+05:30,NIFTYNXT50,29-Sep-2026,71400.0,PE,0,,0,,0,0.0,,0,0,0,0,0,,,,,,,,,,,,,,,0.021998843620719178,,,,,,11.3,25,72077.65,72299.8,72043.8,72025.4,none,no_price_available
2026-09-21T09:17:24.467577+00:00,2026-09-21T14:47:24.467577+05:30,NIFTYNXT50,29-Sep-2026,71500.0,CE,72240.25,1032.05,25,1072,25,1060,1052.025,37,4,238,17.432005760815375,11.44,0.7537356102121863,0.00025702579864158735,-32.0726495597572,33.7567847765453,-1.8448060524585697,0.010378176521338753,135.76870356020265,-1.4224350353789232e-07,-0.0012129718550696474,1.021703941499826e-05,-2.86341272769507,54.06659401798406,-0.7474539390958806,0.0002623754003096395,0.021998843620719178,72349.8,0.06888175444318022,0.01,index_dividend_yield,0.065,11.3,25,72077.65,72299.8,72043.8,72025.4,mid_price,ok
2026-09-21T09:17:24.467577+00:00,2026-09-21T14:47:24.467577+05:30,NIFTYNXT50,29-Sep-2026,71500.0,PE,72240.25,263,25,299,25,286.55,281.0,17,7,32,-21.114934618031658,15.03,-0.2988724463203309,0.00021550814902659984,-31.494702320435984,37.18613233208572,-1.1665123412675227,0.008576325918126468,65.92840801798872,-7.187173501691427e-08,-0.0010517958609397868,1.0626726470031295e-05,-2.8000591084601942,-69.9526676275871,0.3062834457571198,0.0002199936238684432,0.021998843620719178,72349.8,0.06888175444318022,0.01,index_dividend_yield,0.065,11.3,25,72077.65,72299.8,72043.8,72025.4,mid_price,ok
2026-09-21T09:17:24.467577+00:00,2026-09-21T14:47:24.467577+05:30,NIFTYNXT50,29-Sep-2026,71600.0,CE,72240.25,0.05,50,1298.75,50,0.0,649.4,1,0,0,0,12.33,0.7128163662480073,0.0002577895274924339,-35.604736548926645,36.491076898024346,-1.5021241534480811,0.00875937965852918,90.47266403644727,-1.094671209173057e-07,-0.0014516492965433402,1.235545040956342e-05,-2.797957410687461,53.318825119902385,-0.7057019088464157,0.00026242046843137385,0.021998843620719178,72349.8,0.06888175444318022,0.01,index_dividend_yield,0.065,11.3,25,72077.65,72299.8,72043.8,72025.4,mid_price,wide_quote_low_liquidity
2026-09-21T09:17:24.467577+00:00,2026-09-21T14:47:24.467577+05:30,NIFTYNXT50,29-Sep-2026,71600.0,PE,72240.25,0.05,50,699.9,50,0.0,349.97499999999997,0,0,0,0,0,,,,,,,,,,,,,,,0.021998843620719178,72349.8,0.06888175444318022,0.01,index_dividend_yield,0.065,11.3,25,72077.65,72299.8,72043.8,72025.4,mid_price,no_nse_iv
2026-09-21T09:17:24.467577+00:00,2026-09-21T14:47:24.467577+05:30,NIFTYNXT50,29-Sep-2026,71700.0,CE,72240.25,753,25,1099.95,25,0.0,926.475,0,0,0,0,0,,,,,,,,,,,,,,,0.021998843620719178,72349.8,0.06888175444318022,0.01,index_dividend_yield,0.065,11.3,25,72077.65,72299.8,72043.8,72025.4,mid_price,no_nse_iv
2026-09-21T09:17:24.467577+00:00,2026-09-21T14:47:24.467577+05:30,NIFTYNXT50,29-Sep-2026,71700.0,PE,72240.25,0.1,50,753.45,25,0.0,376.77500000000003,0,0,0,0,0,,,,,,,,,,,,,,,0.021998843620719178,72349.8,0.06888175444318022,0.01,index_dividend_yield,0.065,11.3,25,72077.65,72299.8,72043.8,72025.4,mid_price,no_nse_iv
2026-09-21T09:17:24.467577+00:00,2026-09-21T14:47:24.467577+05:30,NIFTYNXT50,29-Sep-2026,71800.0,CE,72240.25,,0,1232.7,550,0.0,,0,0,0,0,0,,,,,,,,,,,,,,,0.021998843620719178,,,,,,11.3,25,72077.65,72299.8,72043.8,72025.4,none,no_price_available
2026-09-21T09:17:24.467577+00:00,2026-09-21T14:47:24.467577+05:30,NIFTYNXT50,29-Sep-2026,71800.0,PE,0,,0,,0,0.0,,0,0,0,0,0,,,,,,,,,,,,,,,0.021998843620719178,,,,,,11.3,25,72077.65,72299.8,72043.8,72025.4,none,no_price_available
2026-09-21T09:17:24.467577+00:00,2026-09-21T14:47:24.467577+05:30,NIFTYNXT50,29-Sep-2026,71900.0,CE,72240.25,0.15,50,1243.35,550,0.0,621.75,0,0,0,0,0,,,,,,,,,,,,,,,0.021998843620719178,72349.8,0.06888175444318022,0.01,index_dividend_yield,0.065,11.3,25,72077.65,72299.8,72043.8,72025.4,mid_price,no_nse_iv
2026-09-21T09:17:24.467577+00:00,2026-09-21T14:47:24.467577+05:30,NIFTYNXT50,29-Sep-2026,71900.0,PE,0,,0,,0,0.0,,0,0,0,0,0,,,,,,,,,,,,,,,0.021998843620719178,,,,,,11.3,25,72077.65,72299.8,72043.8,72025.4,none,no_price_available
2026-09-21T09:17:24.467577+00:00,2026-09-21T14:47:24.467577+05:30,NIFTYNXT50,29-Sep-2026,72000.0,CE,72240.25,715.55,25,744.9,25,738,730.2249999999999,68,-1,135,14.605171208944794,12.09,0.6032883784136394,0.0002974945668195562,-37.529411629849804,41.29178643640812,-0.7787093074204665,0.002646508326245728,21.879413521997293,-6.180418608773837e-08,-0.002303173688238049,1.8028124059750666e-05,-2.6447020231750114,62.65671131326293,-0.595640834280882,0.0002994832422514003,0.021998843620719178,72349.8,0.06888175444318022,0.01,index_dividend_yield,0.065,11.3,25,72077.65,72299.8,72043.8,72025.4,mid_price,ok
2026-09-21T09:17:24.467577+00:00,2026-09-21T14:47:24.467577+05:30,NIFTYNXT50,29-Sep-2026,72000.0,PE,72240.25,436.65,25,480.6,25,465.25,458.625,23,5,19,-16.919642857142858,15.16,-0.41549214176306,0.0002400299515463201,-34.82543937207096,41.7756265169231,-0.4905226569585641,0.0020112305727399923,11.206066245957658,-3.3917509618468285e-08,-0.0015189863327722333,1.4710305819520168e-05,-2.6471733887929623,-60.525195039250114,0.42376624457597895,0.00024163449065656343,0.021998843620719178,72349.8,0.06888175444318022,0.01,index_dividend_yield,0.065,11.3,25,72077.65,72299.8,72043.8,72025.4,mid_price,ok
2026-09-21T09:17:24.467577+00:00,2026-09-21T14:47:24.467577+05:30,NIFTYNXT50,29-Sep-2026,72100.0,CE,72240.25,,0,749.85,25,0.0,,0,0,0,0,0,,,,,,,,,,,,,,,0.021998843620719178,,,,,,11.3,25,72077.65,72299.8,72043.8,72025.4,none,no_price_available
2026-09-21T09:17:24.467577+00:00,2026-09-21T14:47:24.467577+05:30,NIFTYNXT50,29-Sep-2026,72100.0,PE,72240.25,,0,980.45,50,0.0,,0,0,0,0,0,,,,,,,,,,,,,,,0.021998843620719178,,,,,,11.3,25,72077.65,72299.8,72043.8,72025.4,none,no_price_available
2026-09-21T09:17:24.467577+00:00,2026-09-21T14:47:24.467577+05:30,NIFTYNXT50,29-Sep-2026,72200.0,CE,72240.25,,0,800,25,0.0,,0,0,0,0,0,,,,,,,,,,,,,,,0.021998843620719178,,,,,,11.3,25,72077.65,72299.8,72043.8,72025.4,none,no_price_available
2026-09-21T09:17:24.467577+00:00,2026-09-21T14:47:24.467577+05:30,NIFTYNXT50,29-Sep-2026,72200.0,PE,72240.25,,0,,0,0.0,,0,0,0,0,0,,,,,,,,,,,,,,,0.021998843620719178,,,,,,11.3,25,72077.65,72299.8,72043.8,72025.4,none,no_price_available
2026-09-21T09:17:24.467577+00:00,2026-09-21T14:47:24.467577+05:30,NIFTYNXT50,29-Sep-2026,72300.0,CE,72240.25,,0,750,25,0.0,,0,0,0,0,0,,,,,,,,,,,,,,,0.021998843620719178,,,,,,11.3,25,72077.65,72299.8,72043.8,72025.4,none,no_price_available
2026-09-21T09:17:24.467577+00:00,2026-09-21T14:47:24.467577+05:30,NIFTYNXT50,29-Sep-2026,72300.0,PE,72240.25,0.15,50,1061,550,0.0,530.575,0,0,0,0,0,,,,,,,,,,,,,,,0.021998843620719178,72349.8,0.06888175444318022,0.01,index_dividend_yield,0.065,11.3,25,72077.65,72299.8,72043.8,72025.4,mid_price,no_nse_iv
2026-09-21T09:17:24.467577+00:00,2026-09-21T14:47:24.467577+05:30,NIFTYNXT50,29-Sep-2026,72400.0,CE,72240.25,0.05,25,650,25,0.0,325.025,0,0,0,0,0,,,,,,,,,,,,,,,0.021998843620719178,72349.8,0.06888175444318022,0.01,index_dividend_yield,0.065,11.3,25,72077.65,72299.8,72043.8,72025.4,mid_price,no_nse_iv
2026-09-21T09:17:24.467577+00:00,2026-09-21T14:47:24.467577+05:30,NIFTYNXT50,29-Sep-2026,72400.0,PE,72240.25,501,25,1041,25,0.0,771.0,1,0,0,0,10.62,-0.5220333783052551,0.0003499780986095294,-22.447897233913658,42.670105550379525,0.2673797942450151,-0.005598076698021483,1.5914900814877342,1.1870131630442604e-08,-0.003282698288711562,2.1562637093470157e-05,-2.6899711062294007,-76.79286042898315,0.5276644579520355,0.00034843535496646564,0.021998843620719178,72349.8,0.06888175444318022,0.01,index_dividend_yield,0.065,11.3,25,72077.65,72299.8,72043.8,72025.4,mid_price,wide_quote_low_liquidity
2026-09-21T09:17:24.467577+00:00,2026-09-21T14:47:24.467577+05:30,NIFTYNXT50,29-Sep-2026,72500.0,CE,72240.25,280,25,588.9,25,0.0,434.45,0,0,0,0,0,,,,,,,,,,,,,,,0.021998843620719178,72349.8,0.06888175444318022,0.01,index_dividend_yield,0.065,11.3,25,72077.65,72299.8,72043.8,72025.4,mid_price,no_nse_iv
2026-09-21T09:17:24.467577+00:00,2026-09-21T14:47:24.467577+05:30,NIFTYNXT50,29-Sep-2026,72500.0,PE,72240.25,630.3,25,1015,25,0.0,822.65,7,0,0,0,16.66,-0.5333272589546909,0.000222654083893882,-38.23065152105635,42.585720112539846,0.2591911946683845,-0.0051331334968475585,2.3310031964989264,7.298942305345795e-09,-0.0013243187721347087,1.3650728345518752e-05,-2.6974978896813893,-48.031416413784115,0.5424804112649267,0.0002210615102401741,0.021998843620719178,72349.8,0.06888175444318022,0.01,index_dividend_yield,0.065,11.3,25,72077.65,72299.8,72043.8,72025.4,mid_price,wide_quote_low_liquidity
2026-09-21T09:17:24.467577+00:00,2026-09-21T14:47:24.467577+05:30,NIFTYNXT50,29-Sep-2026,72600.0,CE,72240.25,387.05,150,480.55,25,0.0,433.8,3,0,0,0,18.81,0.4518503174192158,0.00019646315946176353,-54.49101660318567,42.4256253564141,0.3128922404727619,-0.005798175390154901,4.047878315564191,8.94870656168479e-09,-0.001025744651840025,1.190882753063642e-05,-2.7166537616352486,48.2371996338464,-0.44029045176842274,0.00019452094156826802,0.021998843620719178,72349.8,0.06888175444318022,0.01,index_dividend_yield,0.065,11.3,25,72077.65,72299.8,72043.8,72025.4,mid_price,wide_quote_low_liquidity
2026-09-21T09:17:24.467577+00:00,2026-09-21T14:47:24.467577+05:30,NIFTYNXT50,29-Sep-2026,72600.0,PE,72240.25,,0,1189.95,550,0.0,,2,0,0,0,0,,,,,,,,,,,,,,,0.021998843620719178,,,,,,11.3,25,72077.65,72299.8,72043.8,72025.4,none,no_price_available
2026-09-21T09:17:24.467577+00:00,2026-09-21T14:47:24.467577+05:30,NIFTYNXT50,29-Sep-2026,72700.0,CE,72240.25,,0,449.35,50,0.0,,0,0,0,0,0,,,,,,,,,,,,,,,0.021998843620719178,,,,,,11.3,25,72077.65,72299.8,72043.8,72025.4,none,no_price_available
2026-09-21T09:17:24.467577+00:00,2026-09-21T14:47:24.467577+05:30,NIFTYNXT50,29-Sep-2026,72700.0,PE,72240.25,0.2,50,1352,550,0.0,676.1,0,0,0,0,0,,,,,,,,,,,,,,,0.021998843620719178,72349.8,0.06888175444318022,0.01,index_dividend_yield,0.065,11.3,25,72077.65,72299.8,72043.8,72025.4,mid_price,no_nse_iv
2026-09-21T09:17:24.467577+00:00,2026-09-21T14:47:24.467577+05:30,NIFTYNXT50,29-Sep-2026,72800.0,CE,72240.25,0.05,25,500,25,0.0,250.025,0,0,0,0,0,,,,,,,,,,,,,,,0.021998843620719178,72349.8,0.06888175444318022,0.01,index_dividend_yield,0.065,11.3,25,72077.65,72299.8,72043.8,72025.4,mid_price,no_nse_iv
2026-09-21T09:17:24.467577+00:00,2026-09-21T14:47:24.467577+05:30,NIFTYNXT50,29-Sep-2026,72800.0,PE,72240.25,0.05,50,1378.15,550,0.0,689.1,0,0,0,0,0,,,,,,,,,,,,,,,0.021998843620719178,72349.8,0.06888175444318022,0.01,index_dividend_yield,0.065,11.3,25,72077.65,72299.8,72043.8,72025.4,mid_price,no_nse_iv
2026-09-21T09:17:24.467577+00:00,2026-09-21T14:47:24.467577+05:30,NIFTYNXT50,29-Sep-2026,72900.0,CE,72240.25,,0,500,25,0.0,,0,0,0,0,0,,,,,,,,,,,,,,,0.021998843620719178,,,,,,11.3,25,72077.65,72299.8,72043.8,72025.4,none,no_price_available
2026-09-21T09:17:24.467577+00:00,2026-09-21T14:47:24.467577+05:30,NIFTYNXT50,29-Sep-2026,72900.0,PE,72240.25,1.1,175,1377.3,550,0.0,689.1999999999999,3,0,0,0,16.07,-0.6249022511009769,0.00022016982246609082,-33.66398603123336,40.61925951939579,0.8081874612417828,-0.010513955198241675,27.60261954626486,3.6972693935770165e-08,-0.0012204908895780287,1.1787812208673963e-05,-2.887375701331109,-44.58334823848565,0.6331364870366729,0.00021620275121004307,0.021998843620719178,72349.8,0.06888175444318022,0.01,index_dividend_yield,0.065,11.3,25,72077.65,72299.8,72043.8,72025.4,mid_price,wide_quote_low_liquidity
2026-09-21T09:17:24.467577+00:00,2026-09-21T14:47:24.467577+05:30,NIFTYNXT50,29-Sep-2026,73000.0,CE,72240.25,242.2,25,259.9,25,254,251.04999999999998,32,-1,17,14.880144730890999,11.61,0.2984476046044041,0.00027881082370041066,-30.07366518557195,37.16209440607485,1.630888685460602,-0.014832666317931556,92.39043270776648,1.104234215059316e-07,-0.001708363632648384,1.1069311825083065e-05,-3.154088951726873,92.50659398544309,-0.29214884743999453,0.0002730375571960665,0.021998843620719178,72349.8,0.06888175444318022,0.01,index_dividend_yield,0.065,11.3,25,72077.65,72299.8,72043.8,72025.4,mid_price,ok
2026-09-21T09:17:24.467577+00:00,2026-09-21T14:47:24.467577+05:30,NIFTYNXT50,29-Sep-2026,73000.0,PE,72240.25,825,25,1175,25,0.0,1000.0,14,0,0,0,15.81,-0.6489353082309102,0.0002188155615294698,-31.84613334524439,39.71626570630505,0.9525743286362687,-0.011791685268043774,39.075449674712104,4.548231480147707e-08,-0.0011687821370989153,1.0983440145879146e-05,-2.9555547720426847,-43.95193409073196,0.6567924868446272,0.00021428460202351895,0.021998843620719178,72349.8,0.06888175444318022,0.01,index_dividend_yield,0.065,11.3,25,72077.65,72299.8,72043.8,72025.4,mid_price,wide_quote_low_liquidity
2026-09-21T09:17:24.467577+00:00,2026-09-21T14:47:24.467577+05:30,NIFTYNXT50,29-Sep-2026,73100.0,CE,72240.25,1.2,125,351.3,25,0.0,176.25,0,0,0,0,0,,,,,,,,,,,,,,,0.021998843620719178,72349.8,0.06888175444318022,0.01,index_dividend_yield,0.065,11.3,25,72077.65,72299.8,72043.8,72025.4,mid_price,no_nse_iv
2026-09-21T09:17:24.467577+00:00,2026-09-21T14:47:24.467577+05:30,NIFTYNXT50,29-Sep-2026,73100.0,PE,72240.25,0.15,50,1553.35,550,0.0,776.75,0,0,0,0,0,,,,,,,,,,,,,,,0.021998843620719178,,,,,,11.3,25,72077.65,72299.8,72043.8,72025.4,mid_price,no_price_available
2026-09-21T09:17:24.467577+00:00,2026-09-21T14:47:24.467577+05:30,NIFTYNXT50,29-Sep-2026,73200.0,CE,72240.25,0.05,25,330.5,25,0.0,165.275,0,0,0,0,0,,,,,,,,,,,,,,,0.021998843620719178,72349.8,0.06888175444318022,0.01,index_dividend_yield,0.065,11.3,25,72077.65,72299.8,72043.8,72025.4,mid_price,no_nse_iv
2026-09-21T09:17:24.467577+00:00,2026-09-21T14:47:24.467577+05:30,NIFTYNXT50,29-Sep-2026,73200.0,PE,72240.25,0.95,50,1585.5,550,0.0,793.225,0,0,0,0,0,,,,,,,,,,,,,,,0.021998843620719178,,,,,,11.3,25,72077.65,72299.8,72043.8,72025.4,mid_price,no_price_available
2026-09-21T09:17:24.467577+00:00,2026-09-21T14:47:24.467577+05:30,NIFTYNXT50,29-Sep-2026,73300.0,CE,72240.25,0.1,50,310.95,25,0.0,155.525,0,0,0,0,0,,,,,,,,,,,,,,,0.021998843620719178,72349.8,0.06888175444318022,0.01,index_dividend_yield,0.065,11.3,25,72077.65,72299.8,72043.8,72025.4,mid_price,no_nse_iv
2026-09-21T09:17:24.467577+00:00,2026-09-21T14:47:24.467577+05:30,NIFTYNXT50,29-Sep-2026,73300.0,PE,72240.25,35.2,150,1727.15,550,0.0,881.1750000000001,7,0,0,0,13.41,,,,,,,,,,,,,,,0.021998843620719178,,,,,,11.3,25,72077.65,72299.8,72043.8,72025.4,mid_price,no_price_available
2026-09-21T09:17:24.467577+00:00,2026-09-21T14:47:24.467577+05:30,NIFTYNXT50,29-Sep-2026,73400.0,CE,72240.25,,0,291.65,25,0.0,,0,0,0,0,0,,,,,,,,,,,,,,,0.021998843620719178,,,,,,11.3,25,72077.65,72299.8,72043.8,72025.4,none,no_price_available
2026-09-21T09:17:24.467577+00:00,2026-09-21T14:47:24.467577+05:30,NIFTYNXT50,29-Sep-2026,73400.0,PE,72240.25,69.55,50,,0,0.0,,3,0,0,0,16.06,,,,,,,,,,,,,,,0.021998843620719178,,,,,,11.3,25,72077.65,72299.8,72043.8,72025.4,none,no_price_available
2026-09-21T09:17:24.467577+00:00,2026-09-21T14:47:24.467577+05:30,NIFTYNXT50,29-Sep-2026,73500.0,CE,72240.25,90,25,270,150,0.0,180.0,7,0,0,0,18.47,0.28318970668738896,0.00017100980608012945,-44.7266935004161,36.26153989131599,1.100512427089445,-0.014526423631059673,67.5923725068408,4.649033605656353e-08,-0.0006071177896307131,6.447523326592645e-06,-3.149929089472835,59.53465165901311,-0.27366079618898437,0.00016519801206298006,0.021998843620719178,72349.8,0.06888175444318022,0.01,index_dividend_yield,0.065,11.3,25,72077.65,72299.8,72043.8,72025.4,mid_price,wide_quote_low_liquidity
2026-09-21T09:17:24.467577+00:00,2026-09-21T14:47:24.467577+05:30,NIFTYNXT50,29-Sep-2026,73500.0,PE,72240.25,106.9,50,1786.15,550,0.0,946.5250000000001,0,0,0,0,0,,,,,,,,,,,,,,,0.021998843620719178,,,,,,11.3,25,72077.65,72299.8,72043.8,72025.4,mid_price,no_price_available
2026-09-21T09:17:24.467577+00:00,2026-09-21T14:47:24.467577+05:30,NIFTYNXT50,29-Sep-2026,73600.0,CE,72240.25,0.05,25,256.9,25,0.0,128.475,0,0,0,0,0,,,,,,,,,,,,,,,0.021998843620719178,72349.8,0.06888175444318022,0.01,index_dividend_yield,0.065,11.3,25,72077.65,72299.8,72043.8,72025.4,mid_price,no_nse_iv
2026-09-21T09:17:24.467577+00:00,2026-09-21T14:47:24.467577+05:30,NIFTYNXT50,29-Sep-2026,73600.0,PE,72240.25,146.85,50,2005.5,550,0.0,1076.175,0,0,0,0,0,,,,,,,,,,,,,,,0.021998843620719178,,,,,,11.3,25,72077.65,72299.8,72043.8,72025.4,mid_price,no_price_available
2026-09-21T09:17:24.467577+00:00,2026-09-21T14:47:24.467577+05:30,NIFTYNXT50,29-Sep-2026,73700.0,CE,72240.25,,0,248.55,25,0.0,,1,0,0,0,13,,,,,,,,,,,,,,,0.021998843620719178,,,,,,11.3,25,72077.65,72299.8,72043.8,72025.4,none,no_price_available
2026-09-21T09:17:24.467577+00:00,2026-09-21T14:47:24.467577+05:30,NIFTYNXT50,29-Sep-2026,73700.0,PE,72240.25,1145.85,550,2110.85,550,0.0,1628.35,0,0,0,0,0,,,,,,,,,,,,,,,0.021998843620719178,72349.8,0.06888175444318022,0.01,index_dividend_yield,0.065,11.3,25,72077.65,72299.8,72043.8,72025.4,mid_price,no_nse_iv
2026-09-21T09:17:24.467577+00:00,2026-09-21T14:47:24.467577+05:30,NIFTYNXT50,29-Sep-2026,73800.0,CE,72240.25,,0,450.5,550,0.0,,0,0,0,0,0,,,,,,,,,,,,,,,0.021998843620719178,,,,,,11.3,25,72077.65,72299.8,72043.8,72025.4,none,no_price_available
2026-09-21T09:17:24.467577+00:00,2026-09-21T14:47:24.467577+05:30,NIFTYNXT50,29-Sep-2026,73800.0,PE,72240.25,1240.45,550,2091.15,550,0.0,1665.8000000000002,0,0,0,0,0,,,,,,,,,,,,,,,0.021998843620719178,72349.8,0.06888175444318022,0.01,index_dividend_yield,0.065,11.3,25,72077.65,72299.8,72043.8,72025.4,mid_price,no_nse_iv
2026-09-21T09:17:24.467577+00:00,2026-09-21T14:47:24.467577+05:30,NIFTYNXT50,29-Sep-2026,73900.0,CE,72240.25,,0,215.95,25,0.0,,0,0,0,0,0,,,,,,,,,,,,,,,0.021998843620719178,,,,,,11.3,25,72077.65,72299.8,72043.8,72025.4,none,no_price_available
2026-09-21T09:17:24.467577+00:00,2026-09-21T14:47:24.467577+05:30,NIFTYNXT50,29-Sep-2026,73900.0,PE,72240.25,1356.4,25,2183.7,550,0.0,1770.05,0,0,0,0,0,,,,,,,,,,,,,,,0.021998843620719178,72349.8,0.06888175444318022,0.01,index_dividend_yield,0.065,11.3,25,72077.65,72299.8,72043.8,72025.4,mid_price,no_nse_iv
2026-09-21T09:17:24.467577+00:00,2026-09-21T14:47:24.467577+05:30,NIFTYNXT50,29-Sep-2026,74000.0,CE,72240.25,80,25,121,50,0.0,100.5,28,0,0,0,15.46,0.16218469373773817,0.0001481782559939503,-27.05902543097165,26.299791265277655,1.6008659607997522,-0.017028408249297727,169.02351899678968,8.469436392801209e-08,-6.110342027466171e-06,-9.130644296949204e-07,-3.434960506950259,83.44721009989503,-0.15643053421618996,0.00014121457393630424,0.021998843620719178,72349.8,0.06888175444318022,0.01,index_dividend_yield,0.065,11.3,25,72077.65,72299.8,72043.8,72025.4,mid_price,wide_quote_low_liquidity
2026-09-21T09:17:24.467577+00:00,2026-09-21T14:47:24.467577+05:30,NIFTYNXT50,29-Sep-2026,74000.0,PE,72240.25,1406.95,550,2151.65,550,0.0,1779.3000000000002,0,0,0,0,0,,,,,,,,,,,,,,,0.021998843620719178,72349.8,0.06888175444318022,0.01,index_dividend_yield,0.065,11.3,25,72077.65,72299.8,72043.8,72025.4,mid_price,no_nse_iv
2026-09-21T09:17:24.467577+00:00,2026-09-21T14:47:24.467577+05:30,NIFTYNXT50,29-Sep-2026,74100.0,CE,72240.25,0.05,25,195.7,25,0.0,97.875,0,0,0,0,0,,,,,,,,,,,,,,,0.021998843620719178,72349.8,0.06888175444318022,0.01,index_dividend_yield,0.065,11.3,25,72077.65,72299.8,72043.8,72025.4,mid_price,no_nse_iv
2026-09-21T09:17:24.467577+00:00,2026-09-21T14:47:24.467577+05:30,NIFTYNXT50,29-Sep-2026,74100.0,PE,72240.25,1567.7,25,2368.4,550,0.0,1968.0500000000002,0,0,0,0,0,,,,,,,,,,,,,,,0.021998843620719178,72349.8,0.06888175444318022,0.01,index_dividend_yield,0.065,11.3,25,72077.65,72299.8,72043.8,72025.4,mid_price,no_nse_iv
2026-09-21T09:17:24.467577+00:00,2026-09-21T14:47:24.467577+05:30,NIFTYNXT50,29-Sep-2026,74200.0,CE,72240.25,0.05,50,182.55,25,0.0,91.30000000000001,0,0,0,0,0,,,,,,,,,,,,,,,0.021998843620719178,72349.8,0.06888175444318022,0.01,index_dividend_yield,0.065,11.3,25,72077.65,72299.8,72043.8,72025.4,mid_price,no_nse_iv
2026-09-21T09:17:24.467577+00:00,2026-09-21T14:47:24.467577+05:30,NIFTYNXT50,29-Sep-2026,74200.0,PE,72240.25,1663.65,550,2461.45,550,0.0,2062.55,0,0,0,0,0,,,,,,,,,,,,,,,0.021998843620719178,72349.8,0.06888175444318022,0.01,index_dividend_yield,0.065,11.3,25,72077.65,72299.8,72043.8,72025.4,mid_price,no_nse_iv
2026-09-21T09:17:24.467577+00:00,2026-09-21T14:47:24.467577+05:30,NIFTYNXT50,29-Sep-2026,74300.0,CE,72240.25,,0,170.05,25,0.0,,1,0,0,0,17.5,,,,,,,,,,,,,,,0.021998843620719178,,,,,,11.3,25,72077.65,72299.8,72043.8,72025.4,none,no_price_available
2026-09-21T09:17:24.467577+00:00,2026-09-21T14:47:24.467577+05:30,NIFTYNXT50,29-Sep-2026,74300.0,PE,72240.25,1654.7,550,2549.3,550,0.0,2102.0,0,0,0,0,0,,,,,,,,,,,,,,,0.021998843620719178,72349.8,0.06888175444318022,0.01,index_dividend_yield,0.065,11.3,25,72077.65,72299.8,72043.8,72025.4,mid_price,no_nse_iv
2026-09-21T09:17:24.467577+00:00,2026-09-21T14:47:24.467577+05:30,NIFTYNXT50,29-Sep-2026,74400.0,CE,72240.25,0.05,50,158.2,75,0.0,79.125,0,0,0,0,0,,,,,,,,,,,,,,,0.021998843620719178,72349.8,0.06888175444318022,0.01,index_dividend_yield,0.065,11.3,25,72077.65,72299.8,72043.8,72025.4,mid_price,no_nse_iv
2026-09-21T09:17:24.467577+00:00,2026-09-21T14:47:24.467577+05:30,NIFTYNXT50,29-Sep-2026,74400.0,PE,72240.25,1870.5,550,2640.35,550,0.0,2255.425,0,0,0,0,0,,,,,,,,,,,,,,,0.021998843620719178,72349.8,0.06888175444318022,0.01,index_dividend_yield,0.065,11.3,25,72077.65,72299.8,72043.8,72025.4,mid_price,no_nse_iv
2026-09-21T09:17:24.467577+00:00,2026-09-21T14:47:24.467577+05:30,NIFTYNXT50,29-Sep-2026,74500.0,CE,72240.25,33.1,25,44.5,25,47,38.8,23,3,13,-7.8431372549019605,13.3,0.06806607898479915,9.220239289276098e-05,-12.392921226064098,14.078363237554123,1.4916554809901172,-0.013351134965167396,238.1819757178123,9.423942222300991e-08,0.0008667387505452967,-8.23702210887483e-06,-3.007897791726803,116.06319100842987,-0.06543281553018436,8.669381751605269e-05,0.021998843620719178,72349.8,0.06888175444318022,0.01,index_dividend_yield,0.065,11.3,25,72077.65,72299.8,72043.8,72025.4,mid_price,wide_quote_low_liquidity
2026-09-21T09:17:24.467577+00:00,2026-09-21T14:47:24.467577+05:30,NIFTYNXT50,29-Sep-2026,74500.0,PE,72240.25,1908.7,475,2580.05,550,0.0,2244.375,15,0,0,0,0,,,,,,,,,,,,,,,0.021998843620719178,,,,,,11.3,25,72077.65,72299.8,72043.8,72025.4,mid_price,no_price_available
2026-09-21T09:17:24.467577+00:00,2026-09-21T14:47:24.467577+05:30,NIFTYNXT50,29-Sep-2026,74600.0,CE,72240.25,15.15,25,56.95,25,0.0,36.050000000000004,38,0,0,0,15.43,0.0900718428607959,9.827630031122659e-05,-17.695227537323227,17.40896923788228,1.4352837474784357,-0.01485661076411406,206.10601546346885,7.749614026055963e-08,0.0005266338004892182,-5.938881869096784e-06,-3.216777301689846,95.11747627784388,-0.08630568735462799,9.21572749414504e-05,0.021998843620719178,72349.8,0.06888175444318022,0.01,index_dividend_yield,0.065,11.3,25,72077.65,72299.8,72043.8,72025.4,mid_price,wide_quote_low_liquidity
2026-09-21T09:17:24.467577+00:00,2026-09-21T14:47:24.467577+05:30,NIFTYNXT50,29-Sep-2026,74600.0,PE,72240.25,1966.7,550,2749.85,550,0.0,2358.275,0,0,0,0,0,,,,,,,,,,,,,,,0.021998843620719178,,,,,,11.3,25,72077.65,72299.8,72043.8,72025.4,mid_price,no_price_available
2026-09-21T09:17:24.467577+00:00,2026-09-21T14:47:24.467577+05:30,NIFTYNXT50,29-Sep-2026,74700.0,CE,72240.25,0.05,50,75.9,225,126.45,37.975,1,1,1,-94.71980958743946,18.49,0.12237168620170219,0.00010236503266709674,-26.329482044190907,21.72935692019446,1.3057434812217896,-0.016148432724549213,162.72463743891663,5.811899403550283e-08,0.0002129816192850332,-3.117926481303362e-06,-3.3648597883707803,74.66055424011117,-0.11675711506101918,9.573459541556924e-05,0.021998843620719178,72349.8,0.06888175444318022,0.01,index_dividend_yield,0.065,11.3,25,72077.65,72299.8,72043.8,72025.4,mid_price,wide_quote_low_liquidity
2026-09-21T09:17:24.467577+00:00,2026-09-21T14:47:24.467577+05:30,NIFTYNXT50,29-Sep-2026,74700.0,PE,72240.25,2057.55,550,2873.3,550,0.0,2465.425,0,0,0,0,17.28,-0.8934908823438726,9.907443977218985e-05,-10.984158231659636,19.654576771127036,1.3502830432947088,-0.015633512379410335,180.32716401710223,6.468748570096875e-08,0.0003356752759973129,-4.349741285722639e-06,-3.3073623894211024,-26.214267155780426,0.897031484174079,9.26571423902207e-05,0.021998843620719178,72349.8,0.06888175444318022,0.01,index_dividend_yield,0.065,11.3,25,72077.65,72299.8,72043.8,72025.4,mid_price,wide_quote_low_liquidity
2026-09-21T09:17:24.467577+00:00,2026-09-21T14:47:24.467577+05:30,NIFTYNXT50,29-Sep-2026,74800.0,CE,72240.25,67.2,50,106.2,725,0.0,86.7,9,0,0,0,17.32,0.09754929265639412,9.286126413033367e-05,-20.96119075699209,18.464638616230673,1.3145507967243646,-0.015185697075392118,182.47621820742665,6.297150884329328e-08,0.00038158050737927636,-4.832238562612118e-06,-3.257075968412955,83.51290253652454,-0.09308293174125103,8.661435512587438e-05,0.021998843620719178,72349.8,0.06888175444318022,0.01,index_dividend_yield,0.065,11.3,25,72077.65,72299.8,72043.8,72025.4,mid_price,wide_quote_low_liquidity
2026-09-21T09:17:24.467577+00:00,2026-09-21T14:47:24.467577+05:30,NIFTYNXT50,29-Sep-2026,74800.0,PE,72240.25,2145.35,550,2964.9,550,0.0,2555.125,0,0,0,0,0,,,,,,,,,,,,,,,0.021998843620719178,,,,,,11.3,25,72077.65,72299.8,72043.8,72025.4,mid_price,no_price_available
2026-09-21T09:17:24.467577+00:00,2026-09-21T14:47:24.467577+05:30,NIFTYNXT50,29-Sep-2026,74900.0,CE,72240.25,0.05,25,249.5,550,0.0,124.775,0,0,0,0,0,,,,,,,,,,,,,,,0.021998843620719178,72349.8,0.06888175444318022,0.01,index_dividend_yield,0.065,11.3,25,72077.65,72299.8,72043.8,72025.4,mid_price,no_nse_iv
2026-09-21T09:17:24.467577+00:00,2026-09-21T14:47:24.467577+05:30,NIFTYNXT50,29-Sep-2026,74900.0,PE,72240.25,2245.3,550,3071.35,550,0.0,2658.325,0,0,0,0,0,,,,,,,,,,,,,,,0.021998843620719178,,,,,,11.3,25,72077.65,72299.8,72043.8,72025.4,mid_price,no_price_available
2026-09-21T09:17:24.467577+00:00,2026-09-21T14:47:24.467577+05:30,NIFTYNXT50,29-Sep-2026,75000.0,CE,72240.25,20,25,32.95,25,33,26.475,17,-1,4,17.857142857142858,14.5,0.046836933819470246,6.300042502359752e-05,-9.973767057981712,10.487447859540387,1.1459647198424732,-0.011024955107004965,205.81793151697258,6.689424472931031e-08,0.0008019509465083203,-7.983823188560602e-06,-2.6326844605407866,113.32909077437891,-0.04471541566359851,5.844931598487391e-05,0.021998843620719178,72349.8,0.06888175444318022,0.01,index_dividend_yield,0.065,11.3,25,72077.65,72299.8,72043.8,72025.4,mid_price,wide_quote_low_liquidity
2026-09-21T09:17:24.467577+00:00,2026-09-21T14:47:24.467577+05:30,NIFTYNXT50,29-Sep-2026,75000.0,PE,72240.25,2349.5,550,3119.6,550,0.0,2734.55,0,0,0,0,0,,,,,,,,,,,,,,,0.021998843620719178,,,,,,11.3,25,72077.65,72299.8,72043.8,72025.4,mid_price,no_price_available
2026-09-21T09:17:24.467577+00:00,2026-09-21T14:47:24.467577+05:30,NIFTYNXT50,29-Sep-2026,75100.0,CE,0,,0,,0,0.0,,0,0,0,0,0,,,,,,,,,,,,,,,0.021998843620719178,,,,,,11.3,25,72077.65,72299.8,72043.8,72025.4,none,no_price_available
2026-09-21T09:17:24.467577+00:00,2026-09-21T14:47:24.467577+05:30,NIFTYNXT50,29-Sep-2026,75100.0,PE,72240.25,2437.7,550,3224.6,550,0.0,2831.1499999999996,0,0,0,0,0,,,,,,,,,,,,,,,0.021998843620719178,,,,,,11.3,25,72077.65,72299.8,72043.8,72025.4,mid_price,no_price_available
2026-09-21T09:17:24.467577+00:00,2026-09-21T14:47:24.467577+05:30,NIFTYNXT50,29-Sep-2026,75200.0,CE,72240.25,0.05,25,73.8,550,0.0,36.925,1,0,0,0,21.83,0.11766870981665035,8.434104396036765e-05,-29.99027156034241,21.137374453764295,1.1015586222216378,-0.015891897657638137,140.0529820763623,4.1339699317721785e-08,0.00017248963484219038,-2.8202501305976928e-06,-3.3360578221437276,63.91165616362939,-0.11126880858174208,7.783264182352863e-05,0.021998843620719178,72349.8,0.06888175444318022,0.01,index_dividend_yield,0.065,11.3,25,72077.65,72299.8,72043.8,72025.4,mid_price,wide_quote_low_liquidity
2026-09-21T09:17:24.467577+00:00,2026-09-21T14:47:24.467577+05:30,NIFTYNXT50,29-Sep-2026,75200.0,PE,72240.25,2525.85,550,3353.25,550,0.0,2939.55,0,0,0,0,0,,,,,,,,,,,,,,,0.021998843620719178,,,,,,11.3,25,72077.65,72299.8,72043.8,72025.4,mid_price,no_price_available
2026-09-21T09:17:24.467577+00:00,2026-09-21T14:47:24.467577+05:30,NIFTYNXT50,29-Sep-2026,75300.0,CE,0,,0,,0,0.0,,0,0,0,0,0,,,,,,,,,,,,,,,0.021998843620719178,,,,,,11.3,25,72077.65,72299.8,72043.8,72025.4,none,no_price_available
2026-09-21T09:17:24.467577+00:00,2026-09-21T14:47:24.467577+05:30,NIFTYNXT50,29-Sep-2026,75300.0,PE,72240.25,2614,550,3458.25,550,0.0,3036.125,0,0,0,0,0,,,,,,,,,,,,,,,0.021998843620719178,,,,,,11.3,25,72077.65,72299.8,72043.8,72025.4,mid_price,no_price_available
2026-09-21T09:17:24.467577+00:00,2026-09-21T14:47:24.467577+05:30,NIFTYNXT50,29-Sep-2026,75400.0,CE,0,,0,,0,0.0,,0,0,0,0,0,,,,,,,,,,,,,,,0.021998843620719178,,,,,,11.3,25,72077.65,72299.8,72043.8,72025.4,none,no_price_available
2026-09-21T09:17:24.467577+00:00,2026-09-21T14:47:24.467577+05:30,NIFTYNXT50,29-Sep-2026,75400.0,PE,72240.25,2657.9,550,3563.25,550,0.0,3110.575,0,0,0,0,0,,,,,,,,,,,,,,,0.021998843620719178,,,,,,11.3,25,72077.65,72299.8,72043.8,72025.4,mid_price,no_price_available
2026-09-21T09:17:24.467577+00:00,2026-09-21T14:47:24.467577+05:30,NIFTYNXT50,29-Sep-2026,75500.0,CE,0,,0,,0,0.0,,0,0,0,0,0,,,,,,,,,,,,,,,0.021998843620719178,,,,,,11.3,25,72077.65,72299.8,72043.8,72025.4,none,no_price_available
2026-09-21T09:17:24.467577+00:00,2026-09-21T14:47:24.467577+05:30,NIFTYNXT50,29-Sep-2026,75500.0,PE,72240.25,2746.05,550,3668.25,550,0.0,3207.15,0,0,0,0,0,,,,,,,,,,,,,,,0.021998843620719178,,,,,,11.3,25,72077.65,72299.8,72043.8,72025.4,mid_price,no_price_available
2026-09-21T09:17:24.467577+00:00,2026-09-21T14:47:24.467577+05:30,NIFTYNXT50,29-Sep-2026,75600.0,CE,72240.25,,0,75,25,0.0,,0,0,0,0,0,,,,,,,,,,,,,,,0.021998843620719178,,,,,,11.3,25,72077.65,72299.8,72043.8,72025.4,none,no_price_available
2026-09-21T09:17:24.467577+00:00,2026-09-21T14:47:24.467577+05:30,NIFTYNXT50,29-Sep-2026,75600.0,PE,72240.25,2834.2,550,3817.35,550,0.0,3325.7749999999996,0,0,0,0,0,,,,,,,,,,,,,,,0.021998843620719178,,,,,,11.3,25,72077.65,72299.8,72043.8,72025.4,mid_price,no_price_available
2026-09-21T09:17:24.467577+00:00,2026-09-21T14:47:24.467577+05:30,NIFTYNXT50,29-Sep-2026,75700.0,CE,0,,0,,0,0.0,,0,0,0,0,0,,,,,,,,,,,,,,,0.021998843620719178,,,,,,11.3,25,72077.65,72299.8,72043.8,72025.4,none,no_price_available
2026-09-21T09:17:24.467577+00:00,2026-09-21T14:47:24.467577+05:30,NIFTYNXT50,29-Sep-2026,75700.0,PE,72240.25,2923.25,550,3922.35,550,0.0,3422.8,0,0,0,0,0,,,,,,,,,,,,,,,0.021998843620719178,,,,,,11.3,25,72077.65,72299.8,72043.8,72025.4,mid_price,no_price_available
2026-09-21T09:17:24.467577+00:00,2026-09-21T14:47:24.467577+05:30,NIFTYNXT50,29-Sep-2026,75800.0,CE,0,,0,,0,0.0,,0,0,0,0,0,,,,,,,,,,,,,,,0.021998843620719178,,,,,,11.3,25,72077.65,72299.8,72043.8,72025.4,none,no_price_available
2026-09-21T09:17:24.467577+00:00,2026-09-21T14:47:24.467577+05:30,NIFTYNXT50,29-Sep-2026,75800.0,PE,72240.25,3054.8,550,4027.35,550,0.0,3541.075,0,0,0,0,0,,,,,,,,,,,,,,,0.021998843620719178,,,,,,11.3,25,72077.65,72299.8,72043.8,72025.4,mid_price,no_price_available
2026-09-21T09:17:24.467577+00:00,2026-09-21T14:47:24.467577+05:30,NIFTYNXT50,29-Sep-2026,75900.0,CE,0,,0,,0,0.0,,0,0,0,0,0,,,,,,,,,,,,,,,0.021998843620719178,,,,,,11.3,25,72077.65,72299.8,72043.8,72025.4,none,no_price_available
2026-09-21T09:17:24.467577+00:00,2026-09-21T14:47:24.467577+05:30,NIFTYNXT50,29-Sep-2026,75900.0,PE,72240.25,3142.95,550,4132.35,550,0.0,3637.65,0,0,0,0,0,,,,,,,,,,,,,,,0.021998843620719178,,,,,,11.3,25,72077.65,72299.8,72043.8,72025.4,mid_price,no_price_available
2026-09-21T09:17:24.467577+00:00,2026-09-21T14:47:24.467577+05:30,NIFTYNXT50,29-Sep-2026,76000.0,CE,72240.25,,0,68,25,0.0,,0,0,0,0,0,,,,,,,,,,,,,,,0.021998843620719178,,,,,,11.3,25,72077.65,72299.8,72043.8,72025.4,none,no_price_available
2026-09-21T09:17:24.467577+00:00,2026-09-21T14:47:24.467577+05:30,NIFTYNXT50,29-Sep-2026,76000.0,PE,72240.25,3231.1,550,4248.35,550,0.0,3739.7250000000004,0,0,0,0,0,,,,,,,,,,,,,,,0.021998843620719178,,,,,,11.3,25,72077.65,72299.8,72043.8,72025.4,mid_price,no_price_available
2026-09-21T09:17:24.467577+00:00,2026-09-21T14:47:24.467577+05:30,NIFTYNXT50,29-Sep-2026,76100.0,CE,0,,0,,0,0.0,,0,0,0,0,0,,,,,,,,,,,,,,,0.021998843620719178,,,,,,11.3,25,72077.65,72299.8,72043.8,72025.4,none,no_price_available
2026-09-21T09:17:24.467577+00:00,2026-09-21T14:47:24.467577+05:30,NIFTYNXT50,29-Sep-2026,76100.0,PE,72240.25,3275,550,4353.35,550,0.0,3814.175,0,0,0,0,0,,,,,,,,,,,,,,,0.021998843620719178,,,,,,11.3,25,72077.65,72299.8,72043.8,72025.4,mid_price,no_price_available
2026-09-21T09:17:24.467577+00:00,2026-09-21T14:47:24.467577+05:30,NIFTYNXT50,29-Sep-2026,76200.0,CE,0,,0,,0,0.0,,0,0,0,0,0,,,,,,,,,,,,,,,0.021998843620719178,,,,,,11.3,25,72077.65,72299.8,72043.8,72025.4,none,no_price_available
2026-09-21T09:17:24.467577+00:00,2026-09-21T14:47:24.467577+05:30,NIFTYNXT50,29-Sep-2026,76200.0,PE,72240.25,3363.15,550,4458.35,550,0.0,3910.75,0,0,0,0,0,,,,,,,,,,,,,,,0.021998843620719178,,,,,,11.3,25,72077.65,72299.8,72043.8,72025.4,mid_price,no_price_available
2026-09-21T09:17:24.467577+00:00,2026-09-21T14:47:24.467577+05:30,NIFTYNXT50,29-Sep-2026,76300.0,CE,0,,0,,0,0.0,,0,0,0,0,0,,,,,,,,,,,,,,,0.021998843620719178,,,,,,11.3,25,72077.65,72299.8,72043.8,72025.4,none,no_price_available
2026-09-21T09:17:24.467577+00:00,2026-09-21T14:47:24.467577+05:30,NIFTYNXT50,29-Sep-2026,76300.0,PE,72240.25,3455.9,550,4563.35,550,0.0,4009.625,0,0,0,0,0,,,,,,,,,,,,,,,0.021998843620719178,,,,,,11.3,25,72077.65,72299.8,72043.8,72025.4,mid_price,no_price_available
2026-09-21T09:17:24.467577+00:00,2026-09-21T14:47:24.467577+05:30,NIFTYNXT50,29-Sep-2026,76400.0,CE,0,,0,,0,0.0,,0,0,0,0,0,,,,,,,,,,,,,,,0.021998843620719178,,,,,,11.3,25,72077.65,72299.8,72043.8,72025.4,none,no_price_available
2026-09-21T09:17:24.467577+00:00,2026-09-21T14:47:24.467577+05:30,NIFTYNXT50,29-Sep-2026,76400.0,PE,72240.25,3544.1,550,4668.35,550,0.0,4106.225,0,0,0,0,0,,,,,,,,,,,,,,,0.021998843620719178,,,,,,11.3,25,72077.65,72299.8,72043.8,72025.4,mid_price,no_price_available
2026-09-21T09:17:24.467577+00:00,2026-09-21T14:47:24.467577+05:30,NIFTYNXT50,29-Sep-2026,76500.0,CE,0,,0,,0,0.0,,0,0,0,0,0,,,,,,,,,,,,,,,0.021998843620719178,,,,,,11.3,25,72077.65,72299.8,72043.8,72025.4,none,no_price_available
2026-09-21T09:17:24.467577+00:00,2026-09-21T14:47:24.467577+05:30,NIFTYNXT50,29-Sep-2026,76500.0,PE,72240.25,3634.7,550,4773.35,550,0.0,4204.025,0,0,0,0,0,,,,,,,,,,,,,,,0.021998843620719178,,,,,,11.3,25,72077.65,72299.8,72043.8,72025.4,mid_price,no_price_available
2026-09-21T09:17:24.467577+00:00,2026-09-21T14:47:24.467577+05:30,NIFTYNXT50,29-Sep-2026,76600.0,CE,72240.25,0.9,100,99,25,0.0,49.95,1,0,0,0,24.29,0.05762079504094844,4.4338202683513915e-05,-19.317133305774316,12.364140519334407,0.7653169240362211,-0.012051243116727228,129.14856228909244,2.6156217761448135e-08,0.0002806005846176394,-4.5400833979968025e-06,-2.803039218509787,65.79186491742374,-0.053515304449636376,3.943474397794057e-05,0.021998843620719178,72349.8,0.06888175444318022,0.01,index_dividend_yield,0.065,11.3,25,72077.65,72299.8,72043.8,72025.4,mid_price,wide_quote_low_liquidity
2026-09-21T09:17:24.467577+00:00,2026-09-21T14:47:24.467577+05:30,NIFTYNXT50,29-Sep-2026,76600.0,PE,72240.25,3726.75,550,4878.35,550,0.0,4302.55,0,0,0,0,0,,,,,,,,,,,,,,,0.021998843620719178,,,,,,11.3,25,72077.65,72299.8,72043.8,72025.4,mid_price,no_price_available
2026-09-21T09:17:24.467577+00:00,2026-09-21T14:47:24.467577+05:30,NIFTYNXT50,29-Sep-2026,76700.0,CE,72240.25,5.55,25,14.5,50,14.55,10.025,35,-1,1,-80.06849315068493,18.83,0.018412096466928377,2.2367884115768234e-05,-5.8677572610361075,4.83541281493397,0.5070091775612011,-0.006181772584659425,113.40706360294827,2.2968724888091536e-08,0.00040581624140457377,-5.005829665433436e-06,-1.683694583312221,99.43619052201804,-0.017167119818538787,1.9842329475934587e-05,0.021998843620719178,72349.8,0.06888175444318022,0.01,index_dividend_yield,0.065,11.3,25,72077.65,72299.8,72043.8,72025.4,mid_price,wide_quote_low_liquidity
2026-09-21T09:17:24.467577+00:00,2026-09-21T14:47:24.467577+05:30,NIFTYNXT50,29-Sep-2026,76700.0,PE,72240.25,3815.45,550,4908.85,550,0.0,4362.15,0,0,0,0,0,,,,,,,,,,,,,,,0.021998843620719178,,,,,,11.3,25,72077.65,72299.8,72043.8,72025.4,mid_price,no_price_available
2026-09-21T09:17:24.467577+00:00,2026-09-21T14:47:24.467577+05:30,NIFTYNXT50,29-Sep-2026,76800.0,CE,0,,0,,0,0.0,,0,0,0,0,0,,,,,,,,,,,,,,,0.021998843620719178,,,,,,11.3,25,72077.65,72299.8,72043.8,72025.4,none,no_price_available
2026-09-21T09:17:24.467577+00:00,2026-09-21T14:47:24.467577+05:30,NIFTYNXT50,29-Sep-2026,76800.0,PE,72240.25,3903.6,550,4990.75,550,0.0,4447.175,0,0,0,0,0,,,,,,,,,,,,,,,0.021998843620719178,,,,,,11.3,25,72077.65,72299.8,72043.8,72025.4,mid_price,no_price_available
2026-09-21T09:17:24.467577+00:00,2026-09-21T14:47:24.467577+05:30,NIFTYNXT50,29-Sep-2026,76900.0,CE,0,,0,,0,0.0,,0,0,0,0,0,,,,,,,,,,,,,,,0.021998843620719178,,,,,,11.3,25,72077.65,72299.8,72043.8,72025.4,none,no_price_available
2026-09-21T09:17:24.467577+00:00,2026-09-21T14:47:24.467577+05:30,NIFTYNXT50,29-Sep-2026,76900.0,PE,72240.25,3994.4,550,5121.55,550,0.0,4557.975,0,0,0,0,0,,,,,,,,,,,,,,,0.021998843620719178,,,,,,11.3,25,72077.65,72299.8,72043.8,72025.4,mid_price,no_price_available
2026-09-21T09:17:24.467577+00:00,2026-09-21T14:47:24.467577+05:30,NIFTYNXT50,29-Sep-2026,77000.0,CE,72240.25,,0,,0,0.0,,0,0,0,0,0,,,,,,,,,,,,,,,0.021998843620719178,,,,,,11.3,25,72077.65,72299.8,72043.8,72025.4,none,no_price_available
2026-09-21T09:17:24.467577+00:00,2026-09-21T14:47:24.467577+05:30,NIFTYNXT50,29-Sep-2026,77000.0,PE,72240.25,4083.45,550,5244.75,550,0.0,4664.1,0,0,0,0,0,,,,,,,,,,,,,,,0.021998843620719178,,,,,,11.3,25,72077.65,72299.8,72043.8,72025.4,mid_price,no_price_available
2026-09-21T09:17:24.467577+00:00,2026-09-21T14:47:24.467577+05:30,NIFTYNXT50,29-Sep-2026,77100.0,CE,0,,0,,0,0.0,,0,0,0,0,0,,,,,,,,,,,,,,,0.021998843620719178,,,,,,11.3,25,72077.65,72299.8,72043.8,72025.4,none,no_price_available
2026-09-21T09:17:24.467577+00:00,2026-09-21T14:47:24.467577+05:30,NIFTYNXT50,29-Sep-2026,77100.0,PE,72240.25,4176,550,5351.4,550,0.0,4763.7,0,0,0,0,0,,,,,,,,,,,,,,,0.021998843620719178,,,,,,11.3,25,72077.65,72299.8,72043.8,72025.4,mid_price,no_price_available
2026-09-21T09:17:24.467577+00:00,2026-09-21T14:47:24.467577+05:30,NIFTYNXT50,29-Sep-2026,77200.0,CE,0,,0,,0,0.0,,0,0,0,0,0,,,,,,,,,,,,,,,0.021998843620719178,,,,,,11.3,25,72077.65,72299.8,72043.8,72025.4,none,no_price_available
2026-09-21T09:17:24.467577+00:00,2026-09-21T14:47:24.467577+05:30,NIFTYNXT50,29-Sep-2026,77200.0,PE,72240.25,4273,550,5458.1,550,0.0,4865.55,0,0,0,0,0,,,,,,,,,,,,,,,0.021998843620719178,,,,,,11.3,25,72077.65,72299.8,72043.8,72025.4,mid_price,no_price_available
2026-09-21T09:17:24.467577+00:00,2026-09-21T14:47:24.467577+05:30,NIFTYNXT50,29-Sep-2026,77300.0,CE,0,,0,,0,0.0,,0,0,0,0,0,,,,,,,,,,,,,,,0.021998843620719178,,,,,,11.3,25,72077.65,72299.8,72043.8,72025.4,none,no_price_available
2026-09-21T09:17:24.467577+00:00,2026-09-21T14:47:24.467577+05:30,NIFTYNXT50,29-Sep-2026,77300.0,PE,72240.25,4332.95,550,5564.8,550,0.0,4948.875,0,0,0,0,0,,,,,,,,,,,,,,,0.021998843620719178,,,,,,11.3,25,72077.65,72299.8,72043.8,72025.4,mid_price,no_price_available
2026-09-21T09:17:24.467577+00:00,2026-09-21T14:47:24.467577+05:30,NIFTYNXT50,29-Sep-2026,77400.0,CE,0,,0,,0,0.0,,0,0,0,0,0,,,,,,,,,,,,,,,0.021998843620719178,,,,,,11.3,25,72077.65,72299.8,72043.8,72025.4,none,no_price_available
2026-09-21T09:17:24.467577+00:00,2026-09-21T14:47:24.467577+05:30,NIFTYNXT50,29-Sep-2026,77400.0,PE,72240.25,4421.1,550,5671.45,550,0.0,5046.275,0,0,0,0,0,,,,,,,,,,,,,,,0.021998843620719178,,,,,,11.3,25,72077.65,72299.8,72043.8,72025.4,mid_price,no_price_available
2026-09-21T09:17:24.467577+00:00,2026-09-21T14:47:24.467577+05:30,NIFTYNXT50,29-Sep-2026,77500.0,CE,72240.25,,0,,0,0.0,,0,0,0,0,0,,,,,,,,,,,,,,,0.021998843620719178,,,,,,11.3,25,72077.65,72299.8,72043.8,72025.4,none,no_price_available
2026-09-21T09:17:24.467577+00:00,2026-09-21T14:47:24.467577+05:30,NIFTYNXT50,29-Sep-2026,77500.0,PE,72240.25,4509.25,550,5760.35,550,0.0,5134.8,0,0,0,0,0,,,,,,,,,,,,,,,0.021998843620719178,,,,,,11.3,25,72077.65,72299.8,72043.8,72025.4,mid_price,no_price_available
2026-09-21T09:17:24.467577+00:00,2026-09-21T14:47:24.467577+05:30,NIFTYNXT50,29-Sep-2026,77600.0,CE,72240.25,5.5,25,15,25,0.0,10.25,11,0,0,0,20.58,0.01101424198090695,1.3147833539716443e-05,-4.099322240719001,3.106403740396106,0.32687055940263093,-0.004327450845920987,80.19422215316729,1.3587001138690425e-08,0.00027553229881329756,-3.6747253645164883e-06,-1.2551152851191394,96.59017003944305,-0.010147345232231868,1.1394341589967681e-05,0.021998843620719178,72349.8,0.06888175444318022,0.01,index_dividend_yield,0.065,11.3,25,72077.65,72299.8,72043.8,72025.4,mid_price,wide_quote_low_liquidity
2026-09-21T09:17:24.467577+00:00,2026-09-21T14:47:24.467577+05:30,NIFTYNXT50,29-Sep-2026,77600.0,PE,72240.25,4597.4,550,5861.75,550,0.0,5229.575,0,0,0,0,0,,,,,,,,,,,,,,,0.021998843620719178,,,,,,11.3,25,72077.65,72299.8,72043.8,72025.4,mid_price,no_price_available
2026-09-21T09:17:24.467577+00:00,2026-09-21T14:47:24.467577+05:30,NIFTYNXT50,29-Sep-2026,77700.0,CE,0,,0,,0,0.0,,0,0,0,0,0,,,,,,,,,,,,,,,0.021998843620719178,,,,,,11.3,25,72077.65,72299.8,72043.8,72025.4,none,no_price_available
2026-09-21T09:17:24.467577+00:00,2026-09-21T14:47:24.467577+05:30,NIFTYNXT50,29-Sep-2026,77700.0,PE,72240.25,4685.55,550,5971.4,550,0.0,5328.475,0,0,0,0,0,,,,,,,,,,,,,,,0.021998843620719178,,,,,,11.3,25,72077.65,72299.8,72043.8,72025.4,mid_price,no_price_available
2026-09-21T09:17:24.467577+00:00,2026-09-21T14:47:24.467577+05:30,NIFTYNXT50,29-Sep-2026,77800.0,CE,0,,0,,0,0.0,,0,0,0,0,0,,,,,,,,,,,,,,,0.021998843620719178,,,,,,11.3,25,72077.65,72299.8,72043.8,72025.4,none,no_price_available
2026-09-21T09:17:24.467577+00:00,2026-09-21T14:47:24.467577+05:30,NIFTYNXT50,29-Sep-2026,77800.0,PE,72240.25,4773.75,550,6075.1,550,0.0,5424.425,0,0,0,0,0,,,,,,,,,,,,,,,0.021998843620719178,,,,,,11.3,25,72077.65,72299.8,72043.8,72025.4,mid_price,no_price_available
2026-09-21T09:17:24.467577+00:00,2026-09-21T14:47:24.467577+05:30,NIFTYNXT50,29-Sep-2026,77900.0,CE,0,,0,,0,0.0,,0,0,0,0,0,,,,,,,,,,,,,,,0.021998843620719178,,,,,,11.3,25,72077.65,72299.8,72043.8,72025.4,none,no_price_available
2026-09-21T09:17:24.467577+00:00,2026-09-21T14:47:24.467577+05:30,NIFTYNXT50,29-Sep-2026,77900.0,PE,72240.25,4866.5,550,6181.7,550,0.0,5524.1,0,0,0,0,0,,,,,,,,,,,,,,,0.021998843620719178,,,,,,11.3,25,72077.65,72299.8,72043.8,72025.4,mid_price,no_price_available
2026-09-21T09:17:24.467577+00:00,2026-09-21T14:47:24.467577+05:30,NIFTYNXT50,29-Sep-2026,78000.0,CE,72240.25,,0,,0,0.0,,0,0,0,0,0,,,,,,,,,,,,,,,0.021998843620719178,,,,,,11.3,25,72077.65,72299.8,72043.8,72025.4,none,no_price_available
2026-09-21T09:17:24.467577+00:00,2026-09-21T14:47:24.467577+05:30,NIFTYNXT50,29-Sep-2026,78000.0,PE,72240.25,4954.65,550,6292.7,550,0.0,5623.674999999999,0,0,0,0,0,,,,,,,,,,,,,,,0.021998843620719178,,,,,,11.3,25,72077.65,72299.8,72043.8,72025.4,mid_price,no_price_available
2026-09-21T09:17:24.467577+00:00,2026-09-21T14:47:24.467577+05:30,NIFTYNXT50,29-Sep-2026,78100.0,CE,0,,0,,0,0.0,,0,0,0,0,0,,,,,,,,,,,,,,,0.021998843620719178,,,,,,11.3,25,72077.65,72299.8,72043.8,72025.4,none,no_price_available
2026-09-21T09:17:24.467577+00:00,2026-09-21T14:47:24.467577+05:30,NIFTYNXT50,29-Sep-2026,78100.0,PE,72240.25,5042.8,550,6398.05,550,0.0,5720.425,0,0,0,0,0,,,,,,,,,,,,,,,0.021998843620719178,,,,,,11.3,25,72077.65,72299.8,72043.8,72025.4,mid_price,no_price_available
2026-09-21T09:17:24.467577+00:00,2026-09-21T14:47:24.467577+05:30,NIFTYNXT50,29-Sep-2026,78200.0,CE,0,,0,,0,0.0,,0,0,0,0,0,,,,,,,,,,,,,,,0.021998843620719178,,,,,,11.3,25,72077.65,72299.8,72043.8,72025.4,none,no_price_available
2026-09-21T09:17:24.467577+00:00,2026-09-21T14:47:24.467577+05:30,NIFTYNXT50,29-Sep-2026,78200.0,PE,72240.25,5097.65,550,6504.75,550,0.0,5801.2,0,0,0,0,0,,,,,,,,,,,,,,,0.021998843620719178,,,,,,11.3,25,72077.65,72299.8,72043.8,72025.4,mid_price,no_price_available
2026-09-21T09:17:24.467577+00:00,2026-09-21T14:47:24.467577+05:30,NIFTYNXT50,29-Sep-2026,78300.0,CE,0,,0,,0,0.0,,0,0,0,0,0,,,,,,,,,,,,,,,0.021998843620719178,,,,,,11.3,25,72077.65,72299.8,72043.8,72025.4,none,no_price_available
2026-09-21T09:17:24.467577+00:00,2026-09-21T14:47:24.467577+05:30,NIFTYNXT50,29-Sep-2026,78300.0,PE,72240.25,5185.8,550,6611.4,550,0.0,5898.6,0,0,0,0,0,,,,,,,,,,,,,,,0.021998843620719178,,,,,,11.3,25,72077.65,72299.8,72043.8,72025.4,mid_price,no_price_available
2026-09-21T09:17:24.467577+00:00,2026-09-21T14:47:24.467577+05:30,NIFTYNXT50,29-Sep-2026,78400.0,CE,0,,0,,0,0.0,,0,0,0,0,0,,,,,,,,,,,,,,,0.021998843620719178,,,,,,11.3,25,72077.65,72299.8,72043.8,72025.4,none,no_price_available
2026-09-21T09:17:24.467577+00:00,2026-09-21T14:47:24.467577+05:30,NIFTYNXT50,29-Sep-2026,78400.0,PE,72240.25,5273.95,550,6717.65,550,0.0,5995.799999999999,0,0,0,0,0,,,,,,,,,,,,,,,0.021998843620719178,,,,,,11.3,25,72077.65,72299.8,72043.8,72025.4,mid_price,no_price_available
2026-09-21T09:17:24.467577+00:00,2026-09-21T14:47:24.467577+05:30,NIFTYNXT50,29-Sep-2026,78500.0,CE,72240.25,,0,,0,0.0,,0,0,0,0,0,,,,,,,,,,,,,,,0.021998843620719178,,,,,,11.3,25,72077.65,72299.8,72043.8,72025.4,none,no_price_available
2026-09-21T09:17:24.467577+00:00,2026-09-21T14:47:24.467577+05:30,NIFTYNXT50,29-Sep-2026,78500.0,PE,72240.25,5362.1,550,6821.1,550,0.0,6091.6,0,0,0,0,0,,,,,,,,,,,,,,,0.021998843620719178,,,,,,11.3,25,72077.65,72299.8,72043.8,72025.4,mid_price,no_price_available
2026-09-21T09:17:24.467577+00:00,2026-09-21T14:47:24.467577+05:30,NIFTYNXT50,29-Sep-2026,78600.0,CE,0,,0,,0,0.0,,0,0,0,0,0,,,,,,,,,,,,,,,0.021998843620719178,,,,,,11.3,25,72077.65,72299.8,72043.8,72025.4,none,no_price_available
2026-09-21T09:17:24.467577+00:00,2026-09-21T14:47:24.467577+05:30,NIFTYNXT50,29-Sep-2026,78600.0,PE,72240.25,5450.3,550,6927.8,550,0.0,6189.05,0,0,0,0,0,,,,,,,,,,,,,,,0.021998843620719178,,,,,,11.3,25,72077.65,72299.8,72043.8,72025.4,mid_price,no_price_available
2026-09-21T09:17:24.467577+00:00,2026-09-21T14:47:24.467577+05:30,NIFTYNXT50,29-Sep-2026,78700.0,CE,0,,0,,0,0.0,,0,0,0,0,0,,,,,,,,,,,,,,,0.021998843620719178,,,,,,11.3,25,72077.65,72299.8,72043.8,72025.4,none,no_price_available
2026-09-21T09:17:24.467577+00:00,2026-09-21T14:47:24.467577+05:30,NIFTYNXT50,29-Sep-2026,78700.0,PE,72240.25,5538.45,550,7026.9,550,0.0,6282.674999999999,0,0,0,0,0,,,,,,,,,,,,,,,0.021998843620719178,,,,,,11.3,25,72077.65,72299.8,72043.8,72025.4,mid_price,no_price_available
2026-09-21T09:17:24.467577+00:00,2026-09-21T14:47:24.467577+05:30,NIFTYNXT50,29-Sep-2026,78800.0,CE,0,,0,,0,0.0,,0,0,0,0,0,,,,,,,,,,,,,,,0.021998843620719178,,,,,,11.3,25,72077.65,72299.8,72043.8,72025.4,none,no_price_available
2026-09-21T09:17:24.467577+00:00,2026-09-21T14:47:24.467577+05:30,NIFTYNXT50,29-Sep-2026,78800.0,PE,72240.25,5626.05,550,7133.85,550,0.0,6379.950000000001,0,0,0,0,0,,,,,,,,,,,,,,,0.021998843620719178,,,,,,11.3,25,72077.65,72299.8,72043.8,72025.4,mid_price,no_price_available
2026-09-21T09:17:24.467577+00:00,2026-09-21T14:47:24.467577+05:30,NIFTYNXT50,29-Sep-2026,78900.0,CE,0,,0,,0,0.0,,0,0,0,0,0,,,,,,,,,,,,,,,0.021998843620719178,,,,,,11.3,25,72077.65,72299.8,72043.8,72025.4,none,no_price_available
2026-09-21T09:17:24.467577+00:00,2026-09-21T14:47:24.467577+05:30,NIFTYNXT50,29-Sep-2026,78900.0,PE,72240.25,5714.75,550,7240.5,550,0.0,6477.625,0,0,0,0,0,,,,,,,,,,,,,,,0.021998843620719178,,,,,,11.3,25,72077.65,72299.8,72043.8,72025.4,mid_price,no_price_available
2026-09-21T09:17:24.467577+00:00,2026-09-21T14:47:24.467577+05:30,NIFTYNXT50,29-Sep-2026,79000.0,CE,72240.25,,0,,0,0.0,,0,0,0,0,0,,,,,,,,,,,,,,,0.021998843620719178,,,,,,11.3,25,72077.65,72299.8,72043.8,72025.4,none,no_price_available
2026-09-21T09:17:24.467577+00:00,2026-09-21T14:47:24.467577+05:30,NIFTYNXT50,29-Sep-2026,79000.0,PE,72240.25,5802.4,550,7343.25,550,0.0,6572.825,0,0,0,0,0,,,,,,,,,,,,,,,0.021998843620719178,,,,,,11.3,25,72077.65,72299.8,72043.8,72025.4,mid_price,no_price_available
2026-09-21T09:17:24.467577+00:00,2026-09-21T14:47:24.467577+05:30,NIFTYNXT50,29-Sep-2026,79100.0,CE,0,,0,,0,0.0,,0,0,0,0,0,,,,,,,,,,,,,,,0.021998843620719178,,,,,,11.3,25,72077.65,72299.8,72043.8,72025.4,none,no_price_available
2026-09-21T09:17:24.467577+00:00,2026-09-21T14:47:24.467577+05:30,NIFTYNXT50,29-Sep-2026,79100.0,PE,72240.25,5891.1,550,7449.5,550,0.0,6670.3,0,0,0,0,0,,,,,,,,,,,,,,,0.021998843620719178,,,,,,11.3,25,72077.65,72299.8,72043.8,72025.4,mid_price,no_price_available
2026-09-21T09:17:24.467577+00:00,2026-09-21T14:47:24.467577+05:30,NIFTYNXT50,29-Sep-2026,79200.0,CE,0,,0,,0,0.0,,0,0,0,0,0,,,,,,,,,,,,,,,0.021998843620719178,,,,,,11.3,25,72077.65,72299.8,72043.8,72025.4,none,no_price_available
2026-09-21T09:17:24.467577+00:00,2026-09-21T14:47:24.467577+05:30,NIFTYNXT50,29-Sep-2026,79200.0,PE,72240.25,5979.25,550,7556.7,550,0.0,6767.975,0,0,0,0,0,,,,,,,,,,,,,,,0.021998843620719178,,,,,,11.3,25,72077.65,72299.8,72043.8,72025.4,mid_price,no_price_available
2026-09-21T09:17:24.467577+00:00,2026-09-21T14:47:24.467577+05:30,NIFTYNXT50,29-Sep-2026,79300.0,CE,0,,0,,0,0.0,,0,0,0,0,0,,,,,,,,,,,,,,,0.021998843620719178,,,,,,11.3,25,72077.65,72299.8,72043.8,72025.4,none,no_price_available
2026-09-21T09:17:24.467577+00:00,2026-09-21T14:47:24.467577+05:30,NIFTYNXT50,29-Sep-2026,79300.0,PE,72240.25,6066.85,550,7663.3,550,0.0,6865.075000000001,0,0,0,0,0,,,,,,,,,,,,,,,0.021998843620719178,,,,,,11.3,25,72077.65,72299.8,72043.8,72025.4,mid_price,no_price_available
2026-09-21T09:17:24.467577+00:00,2026-09-21T14:47:24.467577+05:30,NIFTYNXT50,29-Sep-2026,79400.0,CE,0,,0,,0,0.0,,0,0,0,0,0,,,,,,,,,,,,,,,0.021998843620719178,,,,,,11.3,25,72077.65,72299.8,72043.8,72025.4,none,no_price_available
2026-09-21T09:17:24.467577+00:00,2026-09-21T14:47:24.467577+05:30,NIFTYNXT50,29-Sep-2026,79400.0,PE,72240.25,6155.05,550,7769.5,550,0.0,6962.275,0,0,0,0,0,,,,,,,,,,,,,,,0.021998843620719178,,,,,,11.3,25,72077.65,72299.8,72043.8,72025.4,mid_price,no_price_available
2026-09-21T09:17:24.467577+00:00,2026-09-21T14:47:24.467577+05:30,NIFTYNXT50,29-Sep-2026,79500.0,CE,72240.25,,0,,0,0.0,,0,0,0,0,0,,,,,,,,,,,,,,,0.021998843620719178,,,,,,11.3,25,72077.65,72299.8,72043.8,72025.4,none,no_price_available
2026-09-21T09:17:24.467577+00:00,2026-09-21T14:47:24.467577+05:30,NIFTYNXT50,29-Sep-2026,79500.0,PE,72240.25,6243.2,550,7872.15,550,0.0,7057.674999999999,0,0,0,0,0,,,,,,,,,,,,,,,0.021998843620719178,,,,,,11.3,25,72077.65,72299.8,72043.8,72025.4,mid_price,no_price_available
2026-09-21T09:17:24.467577+00:00,2026-09-21T14:47:24.467577+05:30,NIFTYNXT50,29-Sep-2026,79600.0,CE,0,,0,,0,0.0,,0,0,0,0,0,,,,,,,,,,,,,,,0.021998843620719178,,,,,,11.3,25,72077.65,72299.8,72043.8,72025.4,none,no_price_available
2026-09-21T09:17:24.467577+00:00,2026-09-21T14:47:24.467577+05:30,NIFTYNXT50,29-Sep-2026,79600.0,PE,72240.25,6333.8,550,7978.3,550,0.0,7156.05,0,0,0,0,0,,,,,,,,,,,,,,,0.021998843620719178,,,,,,11.3,25,72077.65,72299.8,72043.8,72025.4,mid_price,no_price_available
2026-09-21T09:17:24.467577+00:00,2026-09-21T14:47:24.467577+05:30,NIFTYNXT50,29-Sep-2026,79700.0,CE,0,,0,,0,0.0,,0,0,0,0,0,,,,,,,,,,,,,,,0.021998843620719178,,,,,,11.3,25,72077.65,72299.8,72043.8,72025.4,none,no_price_available
2026-09-21T09:17:24.467577+00:00,2026-09-21T14:47:24.467577+05:30,NIFTYNXT50,29-Sep-2026,79700.0,PE,72240.25,6419.5,550,8123.95,550,0.0,7271.725,0,0,0,0,0,,,,,,,,,,,,,,,0.021998843620719178,,,,,,11.3,25,72077.65,72299.8,72043.8,72025.4,mid_price,no_price_available
2026-09-21T09:17:24.467577+00:00,2026-09-21T14:47:24.467577+05:30,NIFTYNXT50,29-Sep-2026,79800.0,CE,0,,0,,0,0.0,,0,0,0,0,0,,,,,,,,,,,,,,,0.021998843620719178,,,,,,11.3,25,72077.65,72299.8,72043.8,72025.4,none,no_price_available
2026-09-21T09:17:24.467577+00:00,2026-09-21T14:47:24.467577+05:30,NIFTYNXT50,29-Sep-2026,79800.0,PE,72240.25,6465.15,550,8230.6,550,0.0,7347.875,0,0,0,0,0,,,,,,,,,,,,,,,0.021998843620719178,,,,,,11.3,25,72077.65,72299.8,72043.8,72025.4,mid_price,no_price_available
2026-09-21T09:17:24.467577+00:00,2026-09-21T14:47:24.467577+05:30,NIFTYNXT50,29-Sep-2026,79900.0,CE,0,,0,,0,0.0,,0,0,0,0,0,,,,,,,,,,,,,,,0.021998843620719178,,,,,,11.3,25,72077.65,72299.8,72043.8,72025.4,none,no_price_available
2026-09-21T09:17:24.467577+00:00,2026-09-21T14:47:24.467577+05:30,NIFTYNXT50,29-Sep-2026,79900.0,PE,72240.25,6553.35,550,8337.3,550,0.0,7445.325,0,0,0,0,0,,,,,,,,,,,,,,,0.021998843620719178,,,,,,11.3,25,72077.65,72299.8,72043.8,72025.4,mid_price,no_price_available
2026-09-21T09:17:24.467577+00:00,2026-09-21T14:47:24.467577+05:30,NIFTYNXT50,29-Sep-2026,80000.0,CE,72240.25,,0,,0,0.0,,0,0,0,0,0,,,,,,,,,,,,,,,0.021998843620719178,,,,,,11.3,25,72077.65,72299.8,72043.8,72025.4,none,no_price_available
2026-09-21T09:17:24.467577+00:00,2026-09-21T14:47:24.467577+05:30,NIFTYNXT50,29-Sep-2026,80000.0,PE,72240.25,6641.5,550,8442.55,550,0.0,7542.025,0,0,0,0,0,,,,,,,,,,,,,,,0.021998843620719178,,,,,,11.3,25,72077.65,72299.8,72043.8,72025.4,mid_price,no_price_available
2026-09-21T09:17:24.467577+00:00,2026-09-21T14:47:24.467577+05:30,NIFTYNXT50,29-Sep-2026,80100.0,CE,0,,0,,0,0.0,,0,0,0,0,0,,,,,,,,,,,,,,,0.021998843620719178,,,,,,11.3,25,72077.65,72299.8,72043.8,72025.4,none,no_price_available
2026-09-21T09:17:24.467577+00:00,2026-09-21T14:47:24.467577+05:30,NIFTYNXT50,29-Sep-2026,80100.0,PE,72240.25,6845.7,550,8534.75,550,0.0,7690.225,0,0,0,0,0,,,,,,,,,,,,,,,0.021998843620719178,,,,,,11.3,25,72077.65,72299.8,72043.8,72025.4,mid_price,no_price_available
2026-09-21T09:17:24.467577+00:00,2026-09-21T14:47:24.467577+05:30,NIFTYNXT50,29-Sep-2026,80200.0,CE,0,,0,,0,0.0,,0,0,0,0,0,,,,,,,,,,,,,,,0.021998843620719178,,,,,,11.3,25,72077.65,72299.8,72043.8,72025.4,none,no_price_available
2026-09-21T09:17:24.467577+00:00,2026-09-21T14:47:24.467577+05:30,NIFTYNXT50,29-Sep-2026,80200.0,PE,72240.25,6794.55,550,8641.45,550,0.0,7718.0,0,0,0,0,0,,,,,,,,,,,,,,,0.021998843620719178,,,,,,11.3,25,72077.65,72299.8,72043.8,72025.4,mid_price,no_price_available
2026-09-21T09:17:24.467577+00:00,2026-09-21T14:47:24.467577+05:30,NIFTYNXT50,29-Sep-2026,80300.0,CE,0,,0,,0,0.0,,0,0,0,0,0,,,,,,,,,,,,,,,0.021998843620719178,,,,,,11.3,25,72077.65,72299.8,72043.8,72025.4,none,no_price_available
2026-09-21T09:17:24.467577+00:00,2026-09-21T14:47:24.467577+05:30,NIFTYNXT50,29-Sep-2026,80300.0,PE,72240.25,6882.55,550,8748.1,550,0.0,7815.325000000001,0,0,0,0,0,,,,,,,,,,,,,,,0.021998843620719178,,,,,,11.3,25,72077.65,72299.8,72043.8,72025.4,mid_price,no_price_available
2026-09-21T09:17:24.467577+00:00,2026-09-21T14:47:24.467577+05:30,NIFTYNXT50,29-Sep-2026,80400.0,CE,0,,0,,0,0.0,,0,0,0,0,0,,,,,,,,,,,,,,,0.021998843620719178,,,,,,11.3,25,72077.65,72299.8,72043.8,72025.4,none,no_price_available
2026-09-21T09:17:24.467577+00:00,2026-09-21T14:47:24.467577+05:30,NIFTYNXT50,29-Sep-2026,80400.0,PE,72240.25,6970.9,550,8854.8,550,0.0,7912.849999999999,0,0,0,0,0,,,,,,,,,,,,,,,0.021998843620719178,,,,,,11.3,25,72077.65,72299.8,72043.8,72025.4,mid_price,no_price_available
2026-09-21T09:17:24.467577+00:00,2026-09-21T14:47:24.467577+05:30,NIFTYNXT50,29-Sep-2026,80500.0,CE,72240.25,,0,,0,0.0,,0,0,0,0,0,,,,,,,,,,,,,,,0.021998843620719178,,,,,,11.3,25,72077.65,72299.8,72043.8,72025.4,none,no_price_available
2026-09-21T09:17:24.467577+00:00,2026-09-21T14:47:24.467577+05:30,NIFTYNXT50,29-Sep-2026,80500.0,PE,72240.25,7058.85,550,8958.3,550,0.0,8008.575,0,0,0,0,0,,,,,,,,,,,,,,,0.021998843620719178,,,,,,11.3,25,72077.65,72299.8,72043.8,72025.4,mid_price,no_price_available
2026-09-21T09:17:24.467577+00:00,2026-09-21T14:47:24.467577+05:30,NIFTYNXT50,29-Sep-2026,80600.0,CE,0,,0,,0,0.0,,0,0,0,0,0,,,,,,,,,,,,,,,0.021998843620719178,,,,,,11.3,25,72077.65,72299.8,72043.8,72025.4,none,no_price_available
2026-09-21T09:17:24.467577+00:00,2026-09-21T14:47:24.467577+05:30,NIFTYNXT50,29-Sep-2026,80600.0,PE,72240.25,7242.2,550,9064.95,550,0.0,8153.575000000001,0,0,0,0,0,,,,,,,,,,,,,,,0.021998843620719178,,,,,,11.3,25,72077.65,72299.8,72043.8,72025.4,mid_price,no_price_available
2026-09-21T09:17:24.467577+00:00,2026-09-21T14:47:24.467577+05:30,NIFTYNXT50,29-Sep-2026,80700.0,CE,0,,0,,0,0.0,,0,0,0,0,0,,,,,,,,,,,,,,,0.021998843620719178,,,,,,11.3,25,72077.65,72299.8,72043.8,72025.4,none,no_price_available
2026-09-21T09:17:24.467577+00:00,2026-09-21T14:47:24.467577+05:30,NIFTYNXT50,29-Sep-2026,80700.0,PE,72240.25,7330.35,550,9171.65,550,0.0,8251.0,0,0,0,0,0,,,,,,,,,,,,,,,0.021998843620719178,,,,,,11.3,25,72077.65,72299.8,72043.8,72025.4,mid_price,no_price_available
2026-09-21T09:17:24.467577+00:00,2026-09-21T14:47:24.467577+05:30,NIFTYNXT50,29-Sep-2026,80800.0,CE,0,,0,,0,0.0,,0,0,0,0,0,,,,,,,,,,,,,,,0.021998843620719178,,,,,,11.3,25,72077.65,72299.8,72043.8,72025.4,none,no_price_available
2026-09-21T09:17:24.467577+00:00,2026-09-21T14:47:24.467577+05:30,NIFTYNXT50,29-Sep-2026,80800.0,PE,72240.25,7418.55,550,9278.3,550,0.0,8348.425,0,0,0,0,0,,,,,,,,,,,,,,,0.021998843620719178,,,,,,11.3,25,72077.65,72299.8,72043.8,72025.4,mid_price,no_price_available
2026-09-21T09:17:24.467577+00:00,2026-09-21T14:47:24.467577+05:30,NIFTYNXT50,29-Sep-2026,80900.0,CE,0,,0,,0,0.0,,0,0,0,0,0,,,,,,,,,,,,,,,0.021998843620719178,,,,,,11.3,25,72077.65,72299.8,72043.8,72025.4,none,no_price_available
2026-09-21T09:17:24.467577+00:00,2026-09-21T14:47:24.467577+05:30,NIFTYNXT50,29-Sep-2026,80900.0,PE,72240.25,7507.6,550,9385,550,0.0,8446.3,0,0,0,0,0,,,,,,,,,,,,,,,0.021998843620719178,,,,,,11.3,25,72077.65,72299.8,72043.8,72025.4,mid_price,no_price_available
2026-09-21T09:17:24.467577+00:00,2026-09-21T14:47:24.467577+05:30,NIFTYNXT50,29-Sep-2026,81000.0,CE,72240.25,,0,,0,0.0,,0,0,0,0,0,,,,,,,,,,,,,,,0.021998843620719178,,,,,,11.3,25,72077.65,72299.8,72043.8,72025.4,none,no_price_available
2026-09-21T09:17:24.467577+00:00,2026-09-21T14:47:24.467577+05:30,NIFTYNXT50,29-Sep-2026,81000.0,PE,72240.25,7523.1,550,9492,550,0.0,8507.55,0,0,0,0,0,,,,,,,,,,,,,,,0.021998843620719178,,,,,,11.3,25,72077.65,72299.8,72043.8,72025.4,mid_price,no_price_available
2026-09-21T09:17:24.467577+00:00,2026-09-21T14:47:24.467577+05:30,NIFTYNXT50,29-Sep-2026,81500.0,CE,0,,0,,0,0.0,,0,0,0,0,0,,,,,,,,,,,,,,,0.021998843620719178,,,,,,11.3,25,72077.65,72299.8,72043.8,72025.4,none,no_price_available
2026-09-21T09:17:24.467577+00:00,2026-09-21T14:47:24.467577+05:30,NIFTYNXT50,29-Sep-2026,81500.0,PE,72240.25,7963.9,550,10024,550,0.0,8993.95,0,0,0,0,0,,,,,,,,,,,,,,,0.021998843620719178,,,,,,11.3,25,72077.65,72299.8,72043.8,72025.4,mid_price,no_price_available
2026-09-21T09:17:24.467577+00:00,2026-09-21T14:47:24.467577+05:30,NIFTYNXT50,29-Sep-2026,82000.0,CE,0,,0,,0,0.0,,0,0,0,0,0,,,,,,,,,,,,,,,0.021998843620719178,,,,,,11.3,25,72077.65,72299.8,72043.8,72025.4,none,no_price_available
2026-09-21T09:17:24.467577+00:00,2026-09-21T14:47:24.467577+05:30,NIFTYNXT50,29-Sep-2026,82000.0,PE,72240.25,8415.65,550,10557.4,550,0.0,9486.525,0,0,0,0,0,,,,,,,,,,,,,,,0.021998843620719178,,,,,,11.3,25,72077.65,72299.8,72043.8,72025.4,mid_price,no_price_available
2026-09-21T09:17:24.467577+00:00,2026-09-21T14:47:24.467577+05:30,NIFTYNXT50,29-Sep-2026,82500.0,CE,0,,0,,0,0.0,,0,0,0,0,0,,,,,,,,,,,,,,,0.021998843620719178,,,,,,11.3,25,72077.65,72299.8,72043.8,72025.4,none,no_price_available
2026-09-21T09:17:24.467577+00:00,2026-09-21T14:47:24.467577+05:30,NIFTYNXT50,29-Sep-2026,82500.0,PE,72240.25,8859.25,550,11090.8,550,0.0,9975.025,0,0,0,0,0,,,,,,,,,,,,,,,0.021998843620719178,,,,,,11.3,25,72077.65,72299.8,72043.8,72025.4,mid_price,no_price_available
2026-09-21T09:17:24.467577+00:00,2026-09-21T14:47:24.467577+05:30,NIFTYNXT50,29-Sep-2026,83000.0,CE,0,,0,,0,0.0,,0,0,0,0,0,,,,,,,,,,,,,,,0.021998843620719178,,,,,,11.3,25,72077.65,72299.8,72043.8,72025.4,none,no_price_available
2026-09-21T09:17:24.467577+00:00,2026-09-21T14:47:24.467577+05:30,NIFTYNXT50,29-Sep-2026,83000.0,PE,72240.25,9328.8,550,11620.1,550,0.0,10474.45,0,0,0,0,0,,,,,,,,,,,,,,,0.021998843620719178,,,,,,11.3,25,72077.65,72299.8,72043.8,72025.4,mid_price,no_price_available
2026-09-21T09:17:24.467577+00:00,2026-09-21T14:47:24.467577+05:30,NIFTYNXT50,29-Sep-2026,83500.0,CE,0,,0,,0,0.0,,0,0,0,0,0,,,,,,,,,,,,,,,0.021998843620719178,,,,,,11.3,25,72077.65,72299.8,72043.8,72025.4,none,no_price_available
2026-09-21T09:17:24.467577+00:00,2026-09-21T14:47:24.467577+05:30,NIFTYNXT50,29-Sep-2026,83500.0,PE,72240.25,9770.1,550,12153.5,550,0.0,10961.8,0,0,0,0,0,,,,,,,,,,,,,,,0.021998843620719178,,,,,,11.3,25,72077.65,72299.8,72043.8,72025.4,mid_price,no_price_available
2026-09-21T09:17:24.467577+00:00,2026-09-21T14:47:24.467577+05:30,NIFTYNXT50,29-Sep-2026,84000.0,CE,0,,0,,0,0.0,,0,0,0,0,0,,,,,,,,,,,,,,,0.021998843620719178,,,,,,11.3,25,72077.65,72299.8,72043.8,72025.4,none,no_price_available
2026-09-21T09:17:24.467577+00:00,2026-09-21T14:47:24.467577+05:30,NIFTYNXT50,29-Sep-2026,84000.0,PE,72240.25,10210.4,550,12683.9,550,0.0,11447.15,0,0,0,0,0,,,,,,,,,,,,,,,0.021998843620719178,,,,,,11.3,25,72077.65,72299.8,72043.8,72025.4,mid_price,no_price_available
2026-09-21T09:17:24.467577+00:00,2026-09-21T14:47:24.467577+05:30,NIFTYNXT50,29-Sep-2026,84500.0,CE,0,,0,,0,0.0,,0,0,0,0,0,,,,,,,,,,,,,,,0.021998843620719178,,,,,,11.3,25,72077.65,72299.8,72043.8,72025.4,none,no_price_available
2026-09-21T09:17:24.467577+00:00,2026-09-21T14:47:24.467577+05:30,NIFTYNXT50,29-Sep-2026,84500.0,PE,72240.25,10660,550,13214.9,550,0.0,11937.45,0,0,0,0,0,,,,,,,,,,,,,,,0.021998843620719178,,,,,,11.3,25,72077.65,72299.8,72043.8,72025.4,mid_price,no_price_available
2026-09-21T09:17:24.467577+00:00,2026-09-21T14:47:24.467577+05:30,NIFTYNXT50,29-Sep-2026,85000.0,CE,0,,0,,0,0.0,,0,0,0,0,0,,,,,,,,,,,,,,,0.021998843620719178,,,,,,11.3,25,72077.65,72299.8,72043.8,72025.4,none,no_price_available
2026-09-21T09:17:24.467577+00:00,2026-09-21T14:47:24.467577+05:30,NIFTYNXT50,29-Sep-2026,85000.0,PE,72240.25,11121.25,550,13746.4,550,0.0,12433.825,0,0,0,0,0,,,,,,,,,,,,,,,0.021998843620719178,,,,,,11.3,25,72077.65,72299.8,72043.8,72025.4,mid_price,no_price_available
2026-09-21T09:30:50.308782+00:00,2026-09-21T15:00:50.308782+05:30,NIFTYNXT50,29-Sep-2026,60500.0,CE,72207.3,,0,12655.5,550,0.0,,0,0,0,0,0,,,,,,,,,,,,,,,0.021973290563736682,,,,,,11.29,25,72077.65,72299.8,72043.8,72025.4,none,no_price_available
2026-09-21T09:30:50.308782+00:00,2026-09-21T15:00:50.308782+05:30,NIFTYNXT50,29-Sep-2026,60500.0,PE,0,,0,,0,0.0,,0,0,0,0,0,,,,,,,,,,,,,,,0.021973290563736682,,,,,,11.29,25,72077.65,72299.8,72043.8,72025.4,none,no_price_available
2026-09-21T09:30:50.308782+00:00,2026-09-21T15:00:50.308782+05:30,NIFTYNXT50,29-Sep-2026,61000.0,CE,72207.3,,0,12131.7,550,0.0,,0,0,0,0,0,,,,,,,,,,,,,,,0.021973290563736682,,,,,,11.29,25,72077.65,72299.8,72043.8,72025.4,none,no_price_available
2026-09-21T09:30:50.308782+00:00,2026-09-21T15:00:50.308782+05:30,NIFTYNXT50,29-Sep-2026,61000.0,PE,0,,0,,0,0.0,,0,0,0,0,0,,,,,,,,,,,,,,,0.021973290563736682,,,,,,11.29,25,72077.65,72299.8,72043.8,72025.4,none,no_price_available
2026-09-21T09:30:50.308782+00:00,2026-09-21T15:00:50.308782+05:30,NIFTYNXT50,29-Sep-2026,61500.0,CE,72207.3,,0,11599.15,550,0.0,,0,0,0,0,0,,,,,,,,,,,,,,,0.021973290563736682,,,,,,11.29,25,72077.65,72299.8,72043.8,72025.4,none,no_price_available
2026-09-21T09:30:50.308782+00:00,2026-09-21T15:00:50.308782+05:30,NIFTYNXT50,29-Sep-2026,61500.0,PE,0,,0,,0,0.0,,0,0,0,0,0,,,,,,,,,,,,,,,0.021973290563736682,,,,,,11.29,25,72077.65,72299.8,72043.8,72025.4,none,no_price_available
2026-09-21T09:30:50.308782+00:00,2026-09-21T15:00:50.308782+05:30,NIFTYNXT50,29-Sep-2026,62000.0,CE,72207.3,,0,11069.6,550,0.0,,0,0,0,0,0,,,,,,,,,,,,,,,0.021973290563736682,,,,,,11.29,25,72077.65,72299.8,72043.8,72025.4,none,no_price_available
2026-09-21T09:30:50.308782+00:00,2026-09-21T15:00:50.308782+05:30,NIFTYNXT50,29-Sep-2026,62000.0,PE,0,,0,,0,0.0,,0,0,0,0,0,,,,,,,,,,,,,,,0.021973290563736682,,,,,,11.29,25,72077.65,72299.8,72043.8,72025.4,none,no_price_available
2026-09-21T09:30:50.308782+00:00,2026-09-21T15:00:50.308782+05:30,NIFTYNXT50,29-Sep-2026,62500.0,CE,72207.3,,0,10538.95,550,0.0,,0,0,0,0,0,,,,,,,,,,,,,,,0.021973290563736682,,,,,,11.29,25,72077.65,72299.8,72043.8,72025.4,none,no_price_available
2026-09-21T09:30:50.308782+00:00,2026-09-21T15:00:50.308782+05:30,NIFTYNXT50,29-Sep-2026,62500.0,PE,0,,0,,0,0.0,,0,0,0,0,0,,,,,,,,,,,,,,,0.021973290563736682,,,,,,11.29,25,72077.65,72299.8,72043.8,72025.4,none,no_price_available
2026-09-21T09:30:50.308782+00:00,2026-09-21T15:00:50.308782+05:30,NIFTYNXT50,29-Sep-2026,63000.0,CE,72207.3,,0,10008.75,550,0.0,,0,0,0,0,0,,,,,,,,,,,,,,,0.021973290563736682,,,,,,11.29,25,72077.65,72299.8,72043.8,72025.4,none,no_price_available
2026-09-21T09:30:50.308782+00:00,2026-09-21T15:00:50.308782+05:30,NIFTYNXT50,29-Sep-2026,63000.0,PE,0,,0,,0,0.0,,0,0,0,0,0,,,,,,,,,,,,,,,0.021973290563736682,,,,,,11.29,25,72077.65,72299.8,72043.8,72025.4,none,no_price_available
2026-09-21T09:30:50.308782+00:00,2026-09-21T15:00:50.308782+05:30,NIFTYNXT50,29-Sep-2026,63500.0,CE,72207.3,,0,9475.35,550,0.0,,0,0,0,0,0,,,,,,,,,,,,,,,0.021973290563736682,,,,,,11.29,25,72077.65,72299.8,72043.8,72025.4,none,no_price_available
2026-09-21T09:30:50.308782+00:00,2026-09-21T15:00:50.308782+05:30,NIFTYNXT50,29-Sep-2026,63500.0,PE,0,,0,,0,0.0,,0,0,0,0,0,,,,,,,,,,,,,,,0.021973290563736682,,,,,,11.29,25,72077.65,72299.8,72043.8,72025.4,none,no_price_available
2026-09-21T09:30:50.308782+00:00,2026-09-21T15:00:50.308782+05:30,NIFTYNXT50,29-Sep-2026,63800.0,CE,72207.3,,0,9155.3,550,0.0,,0,0,0,0,0,,,,,,,,,,,,,,,0.021973290563736682,,,,,,11.29,25,72077.65,72299.8,72043.8,72025.4,none,no_price_available
2026-09-21T09:30:50.308782+00:00,2026-09-21T15:00:50.308782+05:30,NIFTYNXT50,29-Sep-2026,63800.0,PE,0,,0,,0,0.0,,0,0,0,0,0,,,,,,,,,,,,,,,0.021973290563736682,,,,,,11.29,25,72077.65,72299.8,72043.8,72025.4,none,no_price_available
2026-09-21T09:30:50.308782+00:00,2026-09-21T15:00:50.308782+05:30,NIFTYNXT50,29-Sep-2026,63900.0,CE,72207.3,,0,9048.65,550,0.0,,0,0,0,0,0,,,,,,,,,,,,,,,0.021973290563736682,,,,,,11.29,25,72077.65,72299.8,72043.8,72025.4,none,no_price_available
2026-09-21T09:30:50.308782+00:00,2026-09-21T15:00:50.308782+05:30,NIFTYNXT50,29-Sep-2026,63900.0,PE,0,,0,,0,0.0,,0,0,0,0,0,,,,,,,,,,,,,,,0.021973290563736682,,,,,,11.29,25,72077.65,72299.8,72043.8,72025.4,none,no_price_available
2026-09-21T09:30:50.308782+00:00,2026-09-21T15:00:50.308782+05:30,NIFTYNXT50,29-Sep-2026,64000.0,CE,72207.3,,0,8942.6,550,0.0,,0,0,0,0,0,,,,,,,,,,,,,,,0.021973290563736682,,,,,,11.29,25,72077.65,72299.8,72043.8,72025.4,none,no_price_available
2026-09-21T09:30:50.308782+00:00,2026-09-21T15:00:50.308782+05:30,NIFTYNXT50,29-Sep-2026,64000.0,PE,0,,0,,0,0.0,,0,0,0,0,0,,,,,,,,,,,,,,,0.021973290563736682,,,,,,11.29,25,72077.65,72299.8,72043.8,72025.4,none,no_price_available
2026-09-21T09:30:50.308782+00:00,2026-09-21T15:00:50.308782+05:30,NIFTYNXT50,29-Sep-2026,64100.0,CE,72207.3,,0,8795.6,550,0.0,,0,0,0,0,0,,,,,,,,,,,,,,,0.021973290563736682,,,,,,11.29,25,72077.65,72299.8,72043.8,72025.4,none,no_price_available
2026-09-21T09:30:50.308782+00:00,2026-09-21T15:00:50.308782+05:30,NIFTYNXT50,29-Sep-2026,64100.0,PE,0,,0,,0,0.0,,0,0,0,0,0,,,,,,,,,,,,,,,0.021973290563736682,,,,,,11.29,25,72077.65,72299.8,72043.8,72025.4,none,no_price_available
2026-09-21T09:30:50.308782+00:00,2026-09-21T15:00:50.308782+05:30,NIFTYNXT50,29-Sep-2026,64200.0,CE,72207.3,,0,8688.9,550,0.0,,0,0,0,0,0,,,,,,,,,,,,,,,0.021973290563736682,,,,,,11.29,25,72077.65,72299.8,72043.8,72025.4,none,no_price_available
2026-09-21T09:30:50.308782+00:00,2026-09-21T15:00:50.308782+05:30,NIFTYNXT50,29-Sep-2026,64200.0,PE,0,,0,,0,0.0,,0,0,0,0,0,,,,,,,,,,,,,,,0.021973290563736682,,,,,,11.29,25,72077.65,72299.8,72043.8,72025.4,none,no_price_available
2026-09-21T09:30:50.308782+00:00,2026-09-21T15:00:50.308782+05:30,NIFTYNXT50,29-Sep-2026,64300.0,CE,72207.3,,0,8582.25,550,0.0,,0,0,0,0,0,,,,,,,,,,,,,,,0.021973290563736682,,,,,,11.29,25,72077.65,72299.8,72043.8,72025.4,none,no_price_available
2026-09-21T09:30:50.308782+00:00,2026-09-21T15:00:50.308782+05:30,NIFTYNXT50,29-Sep-2026,64300.0,PE,0,,0,,0,0.0,,0,0,0,0,0,,,,,,,,,,,,,,,0.021973290563736682,,,,,,11.29,25,72077.65,72299.8,72043.8,72025.4,none,no_price_available
2026-09-21T09:30:50.308782+00:00,2026-09-21T15:00:50.308782+05:30,NIFTYNXT50,29-Sep-2026,64400.0,CE,72207.3,,0,8475.55,550,0.0,,0,0,0,0,0,,,,,,,,,,,,,,,0.021973290563736682,,,,,,11.29,25,72077.65,72299.8,72043.8,72025.4,none,no_price_available
2026-09-21T09:30:50.308782+00:00,2026-09-21T15:00:50.308782+05:30,NIFTYNXT50,29-Sep-2026,64400.0,PE,0,,0,,0,0.0,,0,0,0,0,0,,,,,,,,,,,,,,,0.021973290563736682,,,,,,11.29,25,72077.65,72299.8,72043.8,72025.4,none,no_price_available
2026-09-21T09:30:50.308782+00:00,2026-09-21T15:00:50.308782+05:30,NIFTYNXT50,29-Sep-2026,64500.0,CE,72207.3,,0,8368.85,550,0.0,,0,0,0,0,0,,,,,,,,,,,,,,,0.021973290563736682,,,,,,11.29,25,72077.65,72299.8,72043.8,72025.4,none,no_price_available
2026-09-21T09:30:50.308782+00:00,2026-09-21T15:00:50.308782+05:30,NIFTYNXT50,29-Sep-2026,64500.0,PE,0,,0,,0,0.0,,0,0,0,0,0,,,,,,,,,,,,,,,0.021973290563736682,,,,,,11.29,25,72077.65,72299.8,72043.8,72025.4,none,no_price_available
2026-09-21T09:30:50.308782+00:00,2026-09-21T15:00:50.308782+05:30,NIFTYNXT50,29-Sep-2026,64600.0,CE,72207.3,,0,8262.2,550,0.0,,0,0,0,0,0,,,,,,,,,,,,,,,0.021973290563736682,,,,,,11.29,25,72077.65,72299.8,72043.8,72025.4,none,no_price_available
2026-09-21T09:30:50.308782+00:00,2026-09-21T15:00:50.308782+05:30,NIFTYNXT50,29-Sep-2026,64600.0,PE,0,,0,,0,0.0,,0,0,0,0,0,,,,,,,,,,,,,,,0.021973290563736682,,,,,,11.29,25,72077.65,72299.8,72043.8,72025.4,none,no_price_available
2026-09-21T09:30:50.308782+00:00,2026-09-21T15:00:50.308782+05:30,NIFTYNXT50,29-Sep-2026,64700.0,CE,72207.3,,0,8155.5,550,0.0,,0,0,0,0,0,,,,,,,,,,,,,,,0.021973290563736682,,,,,,11.29,25,72077.65,72299.8,72043.8,72025.4,none,no_price_available
2026-09-21T09:30:50.308782+00:00,2026-09-21T15:00:50.308782+05:30,NIFTYNXT50,29-Sep-2026,64700.0,PE,0,,0,,0,0.0,,0,0,0,0,0,,,,,,,,,,,,,,,0.021973290563736682,,,,,,11.29,25,72077.65,72299.8,72043.8,72025.4,none,no_price_available
2026-09-21T09:30:50.308782+00:00,2026-09-21T15:00:50.308782+05:30,NIFTYNXT50,29-Sep-2026,64800.0,CE,72207.3,,0,8048.85,550,0.0,,0,0,0,0,0,,,,,,,,,,,,,,,0.021973290563736682,,,,,,11.29,25,72077.65,72299.8,72043.8,72025.4,none,no_price_available
2026-09-21T09:30:50.308782+00:00,2026-09-21T15:00:50.308782+05:30,NIFTYNXT50,29-Sep-2026,64800.0,PE,0,,0,,0,0.0,,0,0,0,0,0,,,,,,,,,,,,,,,0.021973290563736682,,,,,,11.29,25,72077.65,72299.8,72043.8,72025.4,none,no_price_available
2026-09-21T09:30:50.308782+00:00,2026-09-21T15:00:50.308782+05:30,NIFTYNXT50,29-Sep-2026,64900.0,CE,72207.3,,0,7942.15,550,0.0,,0,0,0,0,0,,,,,,,,,,,,,,,0.021973290563736682,,,,,,11.29,25,72077.65,72299.8,72043.8,72025.4,none,no_price_available
2026-09-21T09:30:50.308782+00:00,2026-09-21T15:00:50.308782+05:30,NIFTYNXT50,29-Sep-2026,64900.0,PE,0,,0,,0,0.0,,0,0,0,0,0,,,,,,,,,,,,,,,0.021973290563736682,,,,,,11.29,25,72077.65,72299.8,72043.8,72025.4,none,no_price_available
2026-09-21T09:30:50.308782+00:00,2026-09-21T15:00:50.308782+05:30,NIFTYNXT50,29-Sep-2026,65000.0,CE,72207.3,,0,7835.45,550,0.0,,0,0,0,0,0,,,,,,,,,,,,,,,0.021973290563736682,,,,,,11.29,25,72077.65,72299.8,72043.8,72025.4,none,no_price_available
2026-09-21T09:30:50.308782+00:00,2026-09-21T15:00:50.308782+05:30,NIFTYNXT50,29-Sep-2026,65000.0,PE,72207.3,,0,,0,0.0,,0,0,0,0,0,,,,,,,,,,,,,,,0.021973290563736682,,,,,,11.29,25,72077.65,72299.8,72043.8,72025.4,none,no_price_available
2026-09-21T09:30:50.308782+00:00,2026-09-21T15:00:50.308782+05:30,NIFTYNXT50,29-Sep-2026,65100.0,CE,72207.3,,0,7865.55,550,0.0,,0,0,0,0,0,,,,,,,,,,,,,,,0.021973290563736682,,,,,,11.29,25,72077.65,72299.8,72043.8,72025.4,none,no_price_available
2026-09-21T09:30:50.308782+00:00,2026-09-21T15:00:50.308782+05:30,NIFTYNXT50,29-Sep-2026,65100.0,PE,0,,0,,0,0.0,,0,0,0,0,0,,,,,,,,,,,,,,,0.021973290563736682,,,,,,11.29,25,72077.65,72299.8,72043.8,72025.4,none,no_price_available
2026-09-21T09:30:50.308782+00:00,2026-09-21T15:00:50.308782+05:30,NIFTYNXT50,29-Sep-2026,65200.0,CE,72207.3,,0,7758.85,550,0.0,,0,0,0,0,0,,,,,,,,,,,,,,,0.021973290563736682,,,,,,11.29,25,72077.65,72299.8,72043.8,72025.4,none,no_price_available
2026-09-21T09:30:50.308782+00:00,2026-09-21T15:00:50.308782+05:30,NIFTYNXT50,29-Sep-2026,65200.0,PE,0,,0,,0,0.0,,0,0,0,0,0,,,,,,,,,,,,,,,0.021973290563736682,,,,,,11.29,25,72077.65,72299.8,72043.8,72025.4,none,no_price_available
2026-09-21T09:30:50.308782+00:00,2026-09-21T15:00:50.308782+05:30,NIFTYNXT50,29-Sep-2026,65300.0,CE,72207.3,,0,7652.2,550,0.0,,0,0,0,0,0,,,,,,,,,,,,,,,0.021973290563736682,,,,,,11.29,25,72077.65,72299.8,72043.8,72025.4,none,no_price_available
2026-09-21T09:30:50.308782+00:00,2026-09-21T15:00:50.308782+05:30,NIFTYNXT50,29-Sep-2026,65300.0,PE,0,,0,,0,0.0,,0,0,0,0,0,,,,,,,,,,,,,,,0.021973290563736682,,,,,,11.29,25,72077.65,72299.8,72043.8,72025.4,none,no_price_available
2026-09-21T09:30:50.308782+00:00,2026-09-21T15:00:50.308782+05:30,NIFTYNXT50,29-Sep-2026,65400.0,CE,72207.3,,0,7545.5,550,0.0,,0,0,0,0,0,,,,,,,,,,,,,,,0.021973290563736682,,,,,,11.29,25,72077.65,72299.8,72043.8,72025.4,none,no_price_available
2026-09-21T09:30:50.308782+00:00,2026-09-21T15:00:50.308782+05:30,NIFTYNXT50,29-Sep-2026,65400.0,PE,0,,0,,0,0.0,,0,0,0,0,0,,,,,,,,,,,,,,,0.021973290563736682,,,,,,11.29,25,72077.65,72299.8,72043.8,72025.4,none,no_price_available
2026-09-21T09:30:50.308782+00:00,2026-09-21T15:00:50.308782+05:30,NIFTYNXT50,29-Sep-2026,65500.0,CE,72207.3,,0,7438.85,550,0.0,,0,0,0,0,0,,,,,,,,,,,,,,,0.021973290563736682,,,,,,11.29,25,72077.65,72299.8,72043.8,72025.4,none,no_price_available
2026-09-21T09:30:50.308782+00:00,2026-09-21T15:00:50.308782+05:30,NIFTYNXT50,29-Sep-2026,65500.0,PE,0,,0,,0,0.0,,0,0,0,0,0,,,,,,,,,,,,,,,0.021973290563736682,,,,,,11.29,25,72077.65,72299.8,72043.8,72025.4,none,no_price_available
2026-09-21T09:30:50.308782+00:00,2026-09-21T15:00:50.308782+05:30,NIFTYNXT50,29-Sep-2026,65600.0,CE,72207.3,,0,7332.15,550,0.0,,0,0,0,0,0,,,,,,,,,,,,,,,0.021973290563736682,,,,,,11.29,25,72077.65,72299.8,72043.8,72025.4,none,no_price_available
2026-09-21T09:30:50.308782+00:00,2026-09-21T15:00:50.308782+05:30,NIFTYNXT50,29-Sep-2026,65600.0,PE,0,,0,,0,0.0,,0,0,0,0,0,,,,,,,,,,,,,,,0.021973290563736682,,,,,,11.29,25,72077.65,72299.8,72043.8,72025.4,none,no_price_available
2026-09-21T09:30:50.308782+00:00,2026-09-21T15:00:50.308782+05:30,NIFTYNXT50,29-Sep-2026,65700.0,CE,72207.3,,0,7235.05,550,0.0,,0,0,0,0,0,,,,,,,,,,,,,,,0.021973290563736682,,,,,,11.29,25,72077.65,72299.8,72043.8,72025.4,none,no_price_available
2026-09-21T09:30:50.308782+00:00,2026-09-21T15:00:50.308782+05:30,NIFTYNXT50,29-Sep-2026,65700.0,PE,0,,0,,0,0.0,,0,0,0,0,0,,,,,,,,,,,,,,,0.021973290563736682,,,,,,11.29,25,72077.65,72299.8,72043.8,72025.4,none,no_price_available
2026-09-21T09:30:50.308782+00:00,2026-09-21T15:00:50.308782+05:30,NIFTYNXT50,29-Sep-2026,65800.0,CE,72207.3,,0,7128.4,550,0.0,,0,0,0,0,0,,,,,,,,,,,,,,,0.021973290563736682,,,,,,11.29,25,72077.65,72299.8,72043.8,72025.4,none,no_price_available
2026-09-21T09:30:50.308782+00:00,2026-09-21T15:00:50.308782+05:30,NIFTYNXT50,29-Sep-2026,65800.0,PE,0,,0,,0,0.0,,0,0,0,0,0,,,,,,,,,,,,,,,0.021973290563736682,,,,,,11.29,25,72077.65,72299.8,72043.8,72025.4,none,no_price_available
2026-09-21T09:30:50.308782+00:00,2026-09-21T15:00:50.308782+05:30,NIFTYNXT50,29-Sep-2026,65900.0,CE,72207.3,,0,7022.55,550,0.0,,0,0,0,0,0,,,,,,,,,,,,,,,0.021973290563736682,,,,,,11.29,25,72077.65,72299.8,72043.8,72025.4,none,no_price_available
2026-09-21T09:30:50.308782+00:00,2026-09-21T15:00:50.308782+05:30,NIFTYNXT50,29-Sep-2026,65900.0,PE,0,,0,,0,0.0,,0,0,0,0,0,,,,,,,,,,,,,,,0.021973290563736682,,,,,,11.29,25,72077.65,72299.8,72043.8,72025.4,none,no_price_available
2026-09-21T09:30:50.308782+00:00,2026-09-21T15:00:50.308782+05:30,NIFTYNXT50,29-Sep-2026,66000.0,CE,72207.3,,0,6882.85,550,0.0,,0,0,0,0,0,,,,,,,,,,,,,,,0.021973290563736682,,,,,,11.29,25,72077.65,72299.8,72043.8,72025.4,none,no_price_available
2026-09-21T09:30:50.308782+00:00,2026-09-21T15:00:50.308782+05:30,NIFTYNXT50,29-Sep-2026,66000.0,PE,0,,0,,0,0.0,,0,0,0,0,0,,,,,,,,,,,,,,,0.021973290563736682,,,,,,11.29,25,72077.65,72299.8,72043.8,72025.4,none,no_price_available
2026-09-21T09:30:50.308782+00:00,2026-09-21T15:00:50.308782+05:30,NIFTYNXT50,29-Sep-2026,66100.0,CE,72207.3,,0,6776.2,550,0.0,,0,0,0,0,0,,,,,,,,,,,,,,,0.021973290563736682,,,,,,11.29,25,72077.65,72299.8,72043.8,72025.4,none,no_price_available
2026-09-21T09:30:50.308782+00:00,2026-09-21T15:00:50.308782+05:30,NIFTYNXT50,29-Sep-2026,66100.0,PE,0,,0,,0,0.0,,0,0,0,0,0,,,,,,,,,,,,,,,0.021973290563736682,,,,,,11.29,25,72077.65,72299.8,72043.8,72025.4,none,no_price_available
2026-09-21T09:30:50.308782+00:00,2026-09-21T15:00:50.308782+05:30,NIFTYNXT50,29-Sep-2026,66200.0,CE,72207.3,,0,6670.35,550,0.0,,0,0,0,0,0,,,,,,,,,,,,,,,0.021973290563736682,,,,,,11.29,25,72077.65,72299.8,72043.8,72025.4,none,no_price_available
2026-09-21T09:30:50.308782+00:00,2026-09-21T15:00:50.308782+05:30,NIFTYNXT50,29-Sep-2026,66200.0,PE,0,,0,,0,0.0,,0,0,0,0,0,,,,,,,,,,,,,,,0.021973290563736682,,,,,,11.29,25,72077.65,72299.8,72043.8,72025.4,none,no_price_available
2026-09-21T09:30:50.308782+00:00,2026-09-21T15:00:50.308782+05:30,NIFTYNXT50,29-Sep-2026,66300.0,CE,72207.3,,0,6563.9,550,0.0,,0,0,0,0,0,,,,,,,,,,,,,,,0.021973290563736682,,,,,,11.29,25,72077.65,72299.8,72043.8,72025.4,none,no_price_available
2026-09-21T09:30:50.308782+00:00,2026-09-21T15:00:50.308782+05:30,NIFTYNXT50,29-Sep-2026,66300.0,PE,0,,0,,0,0.0,,0,0,0,0,0,,,,,,,,,,,,,,,0.021973290563736682,,,,,,11.29,25,72077.65,72299.8,72043.8,72025.4,none,no_price_available
2026-09-21T09:30:50.308782+00:00,2026-09-21T15:00:50.308782+05:30,NIFTYNXT50,29-Sep-2026,66400.0,CE,72207.3,,0,6457.2,550,0.0,,0,0,0,0,0,,,,,,,,,,,,,,,0.021973290563736682,,,,,,11.29,25,72077.65,72299.8,72043.8,72025.4,none,no_price_available
2026-09-21T09:30:50.308782+00:00,2026-09-21T15:00:50.308782+05:30,NIFTYNXT50,29-Sep-2026,66400.0,PE,0,,0,,0,0.0,,0,0,0,0,0,,,,,,,,,,,,,,,0.021973290563736682,,,,,,11.29,25,72077.65,72299.8,72043.8,72025.4,none,no_price_available
2026-09-21T09:30:50.308782+00:00,2026-09-21T15:00:50.308782+05:30,NIFTYNXT50,29-Sep-2026,66500.0,CE,72207.3,,0,6350.55,550,0.0,,0,0,0,0,0,,,,,,,,,,,,,,,0.021973290563736682,,,,,,11.29,25,72077.65,72299.8,72043.8,72025.4,none,no_price_available
2026-09-21T09:30:50.308782+00:00,2026-09-21T15:00:50.308782+05:30,NIFTYNXT50,29-Sep-2026,66500.0,PE,0,,0,,0,0.0,,0,0,0,0,0,,,,,,,,,,,,,,,0.021973290563736682,,,,,,11.29,25,72077.65,72299.8,72043.8,72025.4,none,no_price_available
2026-09-21T09:30:50.308782+00:00,2026-09-21T15:00:50.308782+05:30,NIFTYNXT50,29-Sep-2026,66600.0,CE,72207.3,,0,6243.85,550,0.0,,0,0,0,0,0,,,,,,,,,,,,,,,0.021973290563736682,,,,,,11.29,25,72077.65,72299.8,72043.8,72025.4,none,no_price_available
2026-09-21T09:30:50.308782+00:00,2026-09-21T15:00:50.308782+05:30,NIFTYNXT50,29-Sep-2026,66600.0,PE,0,,0,,0,0.0,,0,0,0,0,0,,,,,,,,,,,,,,,0.021973290563736682,,,,,,11.29,25,72077.65,72299.8,72043.8,72025.4,none,no_price_available
2026-09-21T09:30:50.308782+00:00,2026-09-21T15:00:50.308782+05:30,NIFTYNXT50,29-Sep-2026,66700.0,CE,72207.3,,0,6137.2,550,0.0,,0,0,0,0,0,,,,,,,,,,,,,,,0.021973290563736682,,,,,,11.29,25,72077.65,72299.8,72043.8,72025.4,none,no_price_available
2026-09-21T09:30:50.308782+00:00,2026-09-21T15:00:50.308782+05:30,NIFTYNXT50,29-Sep-2026,66700.0,PE,0,,0,,0,0.0,,0,0,0,0,0,,,,,,,,,,,,,,,0.021973290563736682,,,,,,11.29,25,72077.65,72299.8,72043.8,72025.4,none,no_price_available
2026-09-21T09:30:50.308782+00:00,2026-09-21T15:00:50.308782+05:30,NIFTYNXT50,29-Sep-2026,66800.0,CE,72207.3,,0,6030.5,550,0.0,,0,0,0,0,0,,,,,,,,,,,,,,,0.021973290563736682,,,,,,11.29,25,72077.65,72299.8,72043.8,72025.4,none,no_price_available
2026-09-21T09:30:50.308782+00:00,2026-09-21T15:00:50.308782+05:30,NIFTYNXT50,29-Sep-2026,66800.0,PE,0,,0,,0,0.0,,0,0,0,0,0,,,,,,,,,,,,,,,0.021973290563736682,,,,,,11.29,25,72077.65,72299.8,72043.8,72025.4,none,no_price_available
2026-09-21T09:30:50.308782+00:00,2026-09-21T15:00:50.308782+05:30,NIFTYNXT50,29-Sep-2026,66900.0,CE,72207.3,,0,5923.8,550,0.0,,0,0,0,0,0,,,,,,,,,,,,,,,0.021973290563736682,,,,,,11.29,25,72077.65,72299.8,72043.8,72025.4,none,no_price_available
2026-09-21T09:30:50.308782+00:00,2026-09-21T15:00:50.308782+05:30,NIFTYNXT50,29-Sep-2026,66900.0,PE,0,,0,,0,0.0,,0,0,0,0,0,,,,,,,,,,,,,,,0.021973290563736682,,,,,,11.29,25,72077.65,72299.8,72043.8,72025.4,none,no_price_available
2026-09-21T09:30:50.308782+00:00,2026-09-21T15:00:50.308782+05:30,NIFTYNXT50,29-Sep-2026,67000.0,CE,72207.3,,0,5817.15,550,0.0,,0,0,0,0,0,,,,,,,,,,,,,,,0.021973290563736682,,,,,,11.29,25,72077.65,72299.8,72043.8,72025.4,none,no_price_available
2026-09-21T09:30:50.308782+00:00,2026-09-21T15:00:50.308782+05:30,NIFTYNXT50,29-Sep-2026,67000.0,PE,72207.3,2.5,25,,0,0.0,,6,0,0,0,21.96,,,,,,,,,,,,,,,0.021973290563736682,,,,,,11.29,25,72077.65,72299.8,72043.8,72025.4,none,no_price_available
2026-09-21T09:30:50.308782+00:00,2026-09-21T15:00:50.308782+05:30,NIFTYNXT50,29-Sep-2026,67100.0,CE,72207.3,,0,5710.45,550,0.0,,0,0,0,0,0,,,,,,,,,,,,,,,0.021973290563736682,,,,,,11.29,25,72077.65,72299.8,72043.8,72025.4,none,no_price_available
2026-09-21T09:30:50.308782+00:00,2026-09-21T15:00:50.308782+05:30,NIFTYNXT50,29-Sep-2026,67100.0,PE,0,,0,,0,0.0,,0,0,0,0,0,,,,,,,,,,,,,,,0.021973290563736682,,,,,,11.29,25,72077.65,72299.8,72043.8,72025.4,none,no_price_available
2026-09-21T09:30:50.308782+00:00,2026-09-21T15:00:50.308782+05:30,NIFTYNXT50,29-Sep-2026,67200.0,CE,72207.3,,0,5603.8,550,0.0,,0,0,0,0,0,,,,,,,,,,,,,,,0.021973290563736682,,,,,,11.29,25,72077.65,72299.8,72043.8,72025.4,none,no_price_available
2026-09-21T09:30:50.308782+00:00,2026-09-21T15:00:50.308782+05:30,NIFTYNXT50,29-Sep-2026,67200.0,PE,0,,0,,0,0.0,,0,0,0,0,0,,,,,,,,,,,,,,,0.021973290563736682,,,,,,11.29,25,72077.65,72299.8,72043.8,72025.4,none,no_price_available
2026-09-21T09:30:50.308782+00:00,2026-09-21T15:00:50.308782+05:30,NIFTYNXT50,29-Sep-2026,67300.0,CE,72207.3,,0,5497.1,550,0.0,,0,0,0,0,0,,,,,,,,,,,,,,,0.021973290563736682,,,,,,11.29,25,72077.65,72299.8,72043.8,72025.4,none,no_price_available
2026-09-21T09:30:50.308782+00:00,2026-09-21T15:00:50.308782+05:30,NIFTYNXT50,29-Sep-2026,67300.0,PE,0,,0,,0,0.0,,0,0,0,0,0,,,,,,,,,,,,,,,0.021973290563736682,,,,,,11.29,25,72077.65,72299.8,72043.8,72025.4,none,no_price_available
2026-09-21T09:30:50.308782+00:00,2026-09-21T15:00:50.308782+05:30,NIFTYNXT50,29-Sep-2026,67400.0,CE,72207.3,,0,5390.4,550,0.0,,0,0,0,0,0,,,,,,,,,,,,,,,0.021973290563736682,,,,,,11.29,25,72077.65,72299.8,72043.8,72025.4,none,no_price_available
2026-09-21T09:30:50.308782+00:00,2026-09-21T15:00:50.308782+05:30,NIFTYNXT50,29-Sep-2026,67400.0,PE,0,,0,,0,0.0,,0,0,0,0,0,,,,,,,,,,,,,,,0.021973290563736682,,,,,,11.29,25,72077.65,72299.8,72043.8,72025.4,none,no_price_available
2026-09-21T09:30:50.308782+00:00,2026-09-21T15:00:50.308782+05:30,NIFTYNXT50,29-Sep-2026,67500.0,CE,72207.3,,0,5283.75,550,0.0,,0,0,0,0,0,,,,,,,,,,,,,,,0.021973290563736682,,,,,,11.29,25,72077.65,72299.8,72043.8,72025.4,none,no_price_available
2026-09-21T09:30:50.308782+00:00,2026-09-21T15:00:50.308782+05:30,NIFTYNXT50,29-Sep-2026,67500.0,PE,72207.3,,0,35.5,25,0.0,,0,0,0,0,0,,,,,,,,,,,,,,,0.021973290563736682,,,,,,11.29,25,72077.65,72299.8,72043.8,72025.4,none,no_price_available
2026-09-21T09:30:50.308782+00:00,2026-09-21T15:00:50.308782+05:30,NIFTYNXT50,29-Sep-2026,67600.0,CE,72207.3,,0,5177.05,550,0.0,,0,0,0,0,0,,,,,,,,,,,,,,,0.021973290563736682,,,,,,11.29,25,72077.65,72299.8,72043.8,72025.4,none,no_price_available
2026-09-21T09:30:50.308782+00:00,2026-09-21T15:00:50.308782+05:30,NIFTYNXT50,29-Sep-2026,67600.0,PE,0,,0,,0,0.0,,0,0,0,0,0,,,,,,,,,,,,,,,0.021973290563736682,,,,,,11.29,25,72077.65,72299.8,72043.8,72025.4,none,no_price_available
2026-09-21T09:30:50.308782+00:00,2026-09-21T15:00:50.308782+05:30,NIFTYNXT50,29-Sep-2026,67700.0,CE,72207.3,,0,5091.85,550,0.0,,0,0,0,0,0,,,,,,,,,,,,,,,0.021973290563736682,,,,,,11.29,25,72077.65,72299.8,72043.8,72025.4,none,no_price_available
2026-09-21T09:30:50.308782+00:00,2026-09-21T15:00:50.308782+05:30,NIFTYNXT50,29-Sep-2026,67700.0,PE,0,,0,,0,0.0,,0,0,0,0,0,,,,,,,,,,,,,,,0.021973290563736682,,,,,,11.29,25,72077.65,72299.8,72043.8,72025.4,none,no_price_available
2026-09-21T09:30:50.308782+00:00,2026-09-21T15:00:50.308782+05:30,NIFTYNXT50,29-Sep-2026,67800.0,CE,72207.3,,0,4985.2,550,0.0,,0,0,0,0,0,,,,,,,,,,,,,,,0.021973290563736682,,,,,,11.29,25,72077.65,72299.8,72043.8,72025.4,none,no_price_available
2026-09-21T09:30:50.308782+00:00,2026-09-21T15:00:50.308782+05:30,NIFTYNXT50,29-Sep-2026,67800.0,PE,0,,0,,0,0.0,,0,0,0,0,0,,,,,,,,,,,,,,,0.021973290563736682,,,,,,11.29,25,72077.65,72299.8,72043.8,72025.4,none,no_price_available
2026-09-21T09:30:50.308782+00:00,2026-09-21T15:00:50.308782+05:30,NIFTYNXT50,29-Sep-2026,67900.0,CE,72207.3,,0,4888.95,550,0.0,,0,0,0,0,0,,,,,,,,,,,,,,,0.021973290563736682,,,,,,11.29,25,72077.65,72299.8,72043.8,72025.4,none,no_price_available
2026-09-21T09:30:50.308782+00:00,2026-09-21T15:00:50.308782+05:30,NIFTYNXT50,29-Sep-2026,67900.0,PE,0,,0,,0,0.0,,0,0,0,0,0,,,,,,,,,,,,,,,0.021973290563736682,,,,,,11.29,25,72077.65,72299.8,72043.8,72025.4,none,no_price_available
2026-09-21T09:30:50.308782+00:00,2026-09-21T15:00:50.308782+05:30,NIFTYNXT50,29-Sep-2026,68000.0,CE,72207.3,,0,4792.55,550,0.0,,0,0,0,0,0,,,,,,,,,,,,,,,0.021973290563736682,,,,,,11.29,25,72077.65,72299.8,72043.8,72025.4,none,no_price_available
2026-09-21T09:30:50.308782+00:00,2026-09-21T15:00:50.308782+05:30,NIFTYNXT50,29-Sep-2026,68000.0,PE,0,,0,,0,0.0,,0,0,0,0,0,,,,,,,,,,,,,,,0.021973290563736682,,,,,,11.29,25,72077.65,72299.8,72043.8,72025.4,none,no_price_available
2026-09-21T09:30:50.308782+00:00,2026-09-21T15:00:50.308782+05:30,NIFTYNXT50,29-Sep-2026,68100.0,CE,72207.3,,0,4687.55,550,0.0,,0,0,0,0,0,,,,,,,,,,,,,,,0.021973290563736682,,,,,,11.29,25,72077.65,72299.8,72043.8,72025.4,none,no_price_available
2026-09-21T09:30:50.308782+00:00,2026-09-21T15:00:50.308782+05:30,NIFTYNXT50,29-Sep-2026,68100.0,PE,0,,0,,0,0.0,,0,0,0,0,0,,,,,,,,,,,,,,,0.021973290563736682,,,,,,11.29,25,72077.65,72299.8,72043.8,72025.4,none,no_price_available
2026-09-21T09:30:50.308782+00:00,2026-09-21T15:00:50.308782+05:30,NIFTYNXT50,29-Sep-2026,68200.0,CE,72207.3,,0,4582.55,550,0.0,,0,0,0,0,0,,,,,,,,,,,,,,,0.021973290563736682,,,,,,11.29,25,72077.65,72299.8,72043.8,72025.4,none,no_price_available
2026-09-21T09:30:50.308782+00:00,2026-09-21T15:00:50.308782+05:30,NIFTYNXT50,29-Sep-2026,68200.0,PE,0,,0,,0,0.0,,0,0,0,0,0,,,,,,,,,,,,,,,0.021973290563736682,,,,,,11.29,25,72077.65,72299.8,72043.8,72025.4,none,no_price_available
2026-09-21T09:30:50.308782+00:00,2026-09-21T15:00:50.308782+05:30,NIFTYNXT50,29-Sep-2026,68300.0,CE,72207.3,,0,4477.55,550,0.0,,0,0,0,0,0,,,,,,,,,,,,,,,0.021973290563736682,,,,,,11.29,25,72077.65,72299.8,72043.8,72025.4,none,no_price_available
2026-09-21T09:30:50.308782+00:00,2026-09-21T15:00:50.308782+05:30,NIFTYNXT50,29-Sep-2026,68300.0,PE,0,,0,,0,0.0,,0,0,0,0,0,,,,,,,,,,,,,,,0.021973290563736682,,,,,,11.29,25,72077.65,72299.8,72043.8,72025.4,none,no_price_available
2026-09-21T09:30:50.308782+00:00,2026-09-21T15:00:50.308782+05:30,NIFTYNXT50,29-Sep-2026,68400.0,CE,72207.3,,0,4372.55,550,0.0,,0,0,0,0,0,,,,,,,,,,,,,,,0.021973290563736682,,,,,,11.29,25,72077.65,72299.8,72043.8,72025.4,none,no_price_available
2026-09-21T09:30:50.308782+00:00,2026-09-21T15:00:50.308782+05:30,NIFTYNXT50,29-Sep-2026,68400.0,PE,0,,0,,0,0.0,,0,0,0,0,0,,,,,,,,,,,,,,,0.021973290563736682,,,,,,11.29,25,72077.65,72299.8,72043.8,72025.4,none,no_price_available
2026-09-21T09:30:50.308782+00:00,2026-09-21T15:00:50.308782+05:30,NIFTYNXT50,29-Sep-2026,68500.0,CE,72207.3,,0,4267.55,550,0.0,,0,0,0,0,0,,,,,,,,,,,,,,,0.021973290563736682,,,,,,11.29,25,72077.65,72299.8,72043.8,72025.4,none,no_price_available
2026-09-21T09:30:50.308782+00:00,2026-09-21T15:00:50.308782+05:30,NIFTYNXT50,29-Sep-2026,68500.0,PE,0,,0,,0,0.0,,0,0,0,0,0,,,,,,,,,,,,,,,0.021973290563736682,,,,,,11.29,25,72077.65,72299.8,72043.8,72025.4,none,no_price_available
2026-09-21T09:30:50.308782+00:00,2026-09-21T15:00:50.308782+05:30,NIFTYNXT50,29-Sep-2026,68600.0,CE,72207.3,,0,4162.55,550,0.0,,0,0,0,0,0,,,,,,,,,,,,,,,0.021973290563736682,,,,,,11.29,25,72077.65,72299.8,72043.8,72025.4,none,no_price_available
2026-09-21T09:30:50.308782+00:00,2026-09-21T15:00:50.308782+05:30,NIFTYNXT50,29-Sep-2026,68600.0,PE,0,,0,,0,0.0,,0,0,0,0,0,,,,,,,,,,,,,,,0.021973290563736682,,,,,,11.29,25,72077.65,72299.8,72043.8,72025.4,none,no_price_available
2026-09-21T09:30:50.308782+00:00,2026-09-21T15:00:50.308782+05:30,NIFTYNXT50,29-Sep-2026,68700.0,CE,72207.3,,0,4057.55,550,0.0,,0,0,0,0,0,,,,,,,,,,,,,,,0.021973290563736682,,,,,,11.29,25,72077.65,72299.8,72043.8,72025.4,none,no_price_available
2026-09-21T09:30:50.308782+00:00,2026-09-21T15:00:50.308782+05:30,NIFTYNXT50,29-Sep-2026,68700.0,PE,0,,0,,0,0.0,,0,0,0,0,0,,,,,,,,,,,,,,,0.021973290563736682,,,,,,11.29,25,72077.65,72299.8,72043.8,72025.4,none,no_price_available
2026-09-21T09:30:50.308782+00:00,2026-09-21T15:00:50.308782+05:30,NIFTYNXT50,29-Sep-2026,68800.0,CE,72207.3,,0,3952.55,550,0.0,,0,0,0,0,0,,,,,,,,,,,,,,,0.021973290563736682,,,,,,11.29,25,72077.65,72299.8,72043.8,72025.4,none,no_price_available
2026-09-21T09:30:50.308782+00:00,2026-09-21T15:00:50.308782+05:30,NIFTYNXT50,29-Sep-2026,68800.0,PE,0,,0,,0,0.0,,0,0,0,0,0,,,,,,,,,,,,,,,0.021973290563736682,,,,,,11.29,25,72077.65,72299.8,72043.8,72025.4,none,no_price_available
2026-09-21T09:30:50.308782+00:00,2026-09-21T15:00:50.308782+05:30,NIFTYNXT50,29-Sep-2026,68900.0,CE,72207.3,,0,3847.55,550,0.0,,0,0,0,0,0,,,,,,,,,,,,,,,0.021973290563736682,,,,,,11.29,25,72077.65,72299.8,72043.8,72025.4,none,no_price_available
2026-09-21T09:30:50.308782+00:00,2026-09-21T15:00:50.308782+05:30,NIFTYNXT50,29-Sep-2026,68900.0,PE,0,,0,,0,0.0,,0,0,0,0,0,,,,,,,,,,,,,,,0.021973290563736682,,,,,,11.29,25,72077.65,72299.8,72043.8,72025.4,none,no_price_available
2026-09-21T09:30:50.308782+00:00,2026-09-21T15:00:50.308782+05:30,NIFTYNXT50,29-Sep-2026,69000.0,CE,72207.3,,0,3742.55,550,0.0,,0,0,0,0,0,,,,,,,,,,,,,,,0.021973290563736682,,,,,,11.29,25,72077.65,72299.8,72043.8,72025.4,none,no_price_available
2026-09-21T09:30:50.308782+00:00,2026-09-21T15:00:50.308782+05:30,NIFTYNXT50,29-Sep-2026,69000.0,PE,72207.3,0.1,600,90,25,0.0,45.05,0,0,0,0,0,,,,,,,,,,,,,,,0.021973290563736682,72350,0.08985018656250607,0.01,index_dividend_yield,0.065,11.29,25,72077.65,72299.8,72043.8,72025.4,mid_price,no_nse_iv
2026-09-21T09:30:50.308782+00:00,2026-09-21T15:00:50.308782+05:30,NIFTYNXT50,29-Sep-2026,69100.0,CE,72207.3,,0,3637.55,550,0.0,,0,0,0,0,0,,,,,,,,,,,,,,,0.021973290563736682,,,,,,11.29,25,72077.65,72299.8,72043.8,72025.4,none,no_price_available
2026-09-21T09:30:50.308782+00:00,2026-09-21T15:00:50.308782+05:30,NIFTYNXT50,29-Sep-2026,69100.0,PE,0,,0,,0,0.0,,0,0,0,0,0,,,,,,,,,,,,,,,0.021973290563736682,,,,,,11.29,25,72077.65,72299.8,72043.8,72025.4,none,no_price_available
2026-09-21T09:30:50.308782+00:00,2026-09-21T15:00:50.308782+05:30,NIFTYNXT50,29-Sep-2026,69200.0,CE,72207.3,,0,3531.55,550,0.0,,0,0,0,0,0,,,,,,,,,,,,,,,0.021973290563736682,,,,,,11.29,25,72077.65,72299.8,72043.8,72025.4,none,no_price_available
2026-09-21T09:30:50.308782+00:00,2026-09-21T15:00:50.308782+05:30,NIFTYNXT50,29-Sep-2026,69200.0,PE,0,,0,,0,0.0,,0,0,0,0,0,,,,,,,,,,,,,,,0.021973290563736682,,,,,,11.29,25,72077.65,72299.8,72043.8,72025.4,none,no_price_available
2026-09-21T09:30:50.308782+00:00,2026-09-21T15:00:50.308782+05:30,NIFTYNXT50,29-Sep-2026,69300.0,CE,72207.3,,0,3417.15,550,0.0,,0,0,0,0,0,,,,,,,,,,,,,,,0.021973290563736682,,,,,,11.29,25,72077.65,72299.8,72043.8,72025.4,none,no_price_available
2026-09-21T09:30:50.308782+00:00,2026-09-21T15:00:50.308782+05:30,NIFTYNXT50,29-Sep-2026,69300.0,PE,0,,0,,0,0.0,,0,0,0,0,0,,,,,,,,,,,,,,,0.021973290563736682,,,,,,11.29,25,72077.65,72299.8,72043.8,72025.4,none,no_price_available
2026-09-21T09:30:50.308782+00:00,2026-09-21T15:00:50.308782+05:30,NIFTYNXT50,29-Sep-2026,69400.0,CE,72207.3,776.45,50,3335.25,550,0.0,2055.85,0,0,0,0,0,,,,,,,,,,,,,,,0.021973290563736682,,,,,,11.29,25,72077.65,72299.8,72043.8,72025.4,mid_price,no_price_available
2026-09-21T09:30:50.308782+00:00,2026-09-21T15:00:50.308782+05:30,NIFTYNXT50,29-Sep-2026,69400.0,PE,0,,0,,0,0.0,,0,0,0,0,0,,,,,,,,,,,,,,,0.021973290563736682,,,,,,11.29,25,72077.65,72299.8,72043.8,72025.4,none,no_price_available
2026-09-21T09:30:50.308782+00:00,2026-09-21T15:00:50.308782+05:30,NIFTYNXT50,29-Sep-2026,69500.0,CE,72207.3,,0,3217.45,550,0.0,,0,0,0,0,0,,,,,,,,,,,,,,,0.021973290563736682,,,,,,11.29,25,72077.65,72299.8,72043.8,72025.4,none,no_price_available
2026-09-21T09:30:50.308782+00:00,2026-09-21T15:00:50.308782+05:30,NIFTYNXT50,29-Sep-2026,69500.0,PE,72207.3,0.15,50,132.95,25,0.0,66.55,0,0,0,0,0,,,,,,,,,,,,,,,0.021973290563736682,72350,0.08985018656250607,0.01,index_dividend_yield,0.065,11.29,25,72077.65,72299.8,72043.8,72025.4,mid_price,no_nse_iv
2026-09-21T09:30:50.308782+00:00,2026-09-21T15:00:50.308782+05:30,NIFTYNXT50,29-Sep-2026,69600.0,CE,72207.3,645.9,50,3547.35,550,0.0,2096.625,0,0,0,0,0,,,,,,,,,,,,,,,0.021973290563736682,,,,,,11.29,25,72077.65,72299.8,72043.8,72025.4,mid_price,no_price_available
2026-09-21T09:30:50.308782+00:00,2026-09-21T15:00:50.308782+05:30,NIFTYNXT50,29-Sep-2026,69600.0,PE,0,,0,,0,0.0,,0,0,0,0,0,,,,,,,,,,,,,,,0.021973290563736682,,,,,,11.29,25,72077.65,72299.8,72043.8,72025.4,none,no_price_available
2026-09-21T09:30:50.308782+00:00,2026-09-21T15:00:50.308782+05:30,NIFTYNXT50,29-Sep-2026,69700.0,CE,72207.3,,0,3007.55,550,0.0,,0,0,0,0,0,,,,,,,,,,,,,,,0.021973290563736682,,,,,,11.29,25,72077.65,72299.8,72043.8,72025.4,none,no_price_available
2026-09-21T09:30:50.308782+00:00,2026-09-21T15:00:50.308782+05:30,NIFTYNXT50,29-Sep-2026,69700.0,PE,0,,0,,0,0.0,,0,0,0,0,0,,,,,,,,,,,,,,,0.021973290563736682,,,,,,11.29,25,72077.65,72299.8,72043.8,72025.4,none,no_price_available
2026-09-21T09:30:50.308782+00:00,2026-09-21T15:00:50.308782+05:30,NIFTYNXT50,29-Sep-2026,69800.0,CE,72207.3,,0,2915.95,550,0.0,,0,0,0,0,0,,,,,,,,,,,,,,,0.021973290563736682,,,,,,11.29,25,72077.65,72299.8,72043.8,72025.4,none,no_price_available
2026-09-21T09:30:50.308782+00:00,2026-09-21T15:00:50.308782+05:30,NIFTYNXT50,29-Sep-2026,69800.0,PE,0,,0,,0,0.0,,0,0,0,0,0,,,,,,,,,,,,,,,0.021973290563736682,,,,,,11.29,25,72077.65,72299.8,72043.8,72025.4,none,no_price_available
2026-09-21T09:30:50.308782+00:00,2026-09-21T15:00:50.308782+05:30,NIFTYNXT50,29-Sep-2026,69900.0,CE,72207.3,,0,2797.45,550,0.0,,0,0,0,0,0,,,,,,,,,,,,,,,0.021973290563736682,,,,,,11.29,25,72077.65,72299.8,72043.8,72025.4,none,no_price_available
2026-09-21T09:30:50.308782+00:00,2026-09-21T15:00:50.308782+05:30,NIFTYNXT50,29-Sep-2026,69900.0,PE,0,,0,,0,0.0,,0,0,0,0,0,,,,,,,,,,,,,,,0.021973290563736682,,,,,,11.29,25,72077.65,72299.8,72043.8,72025.4,none,no_price_available
2026-09-21T09:30:50.308782+00:00,2026-09-21T15:00:50.308782+05:30,NIFTYNXT50,29-Sep-2026,70000.0,CE,72207.3,2377,25,2623.95,25,2323,2500.475,5,-4,4,7.99628079962808,0,,,,,,,,,,,,,,,0.021973290563736682,72350,0.08985018656250607,0.01,index_dividend_yield,0.065,11.29,25,72077.65,72299.8,72043.8,72025.4,mid_price,no_nse_iv
2026-09-21T09:30:50.308782+00:00,2026-09-21T15:00:50.308782+05:30,NIFTYNXT50,29-Sep-2026,70000.0,PE,72207.3,25,25,80.55,25,140,52.775,6,1,1,0,20.32,-0.13873447638410566,0.00010169836829905872,-28.45448003521334,23.675273198997385,-1.1492332247196173,0.013456463943977124,133.57558269545677,-5.1768696747493765e-08,7.331143159110476e-05,-3.845082265144832e-07,-3.039371382640358,-64.42896287642239,0.14533036395570365,0.00010821316936889035,0.021973290563736682,72350,0.08985018656250607,0.01,index_dividend_yield,0.065,11.29,25,72077.65,72299.8,72043.8,72025.4,mid_price,wide_quote_low_liquidity
2026-09-21T09:30:50.308782+00:00,2026-09-21T15:00:50.308782+05:30,NIFTYNXT50,29-Sep-2026,70100.0,CE,72207.3,355.8,50,2752.2,550,0.0,1554.0,0,0,0,0,0,,,,,,,,,,,,,,,0.021973290563736682,,,,,,11.29,25,72077.65,72299.8,72043.8,72025.4,mid_price,no_price_available
2026-09-21T09:30:50.308782+00:00,2026-09-21T15:00:50.308782+05:30,NIFTYNXT50,29-Sep-2026,70100.0,PE,0,,0,,0,0.0,,0,0,0,0,0,,,,,,,,,,,,,,,0.021973290563736682,,,,,,11.29,25,72077.65,72299.8,72043.8,72025.4,none,no_price_available
2026-09-21T09:30:50.308782+00:00,2026-09-21T15:00:50.308782+05:30,NIFTYNXT50,29-Sep-2026,70200.0,CE,72207.3,,0,2669.5,550,0.0,,0,0,0,0,0,,,,,,,,,,,,,,,0.021973290563736682,,,,,,11.29,25,72077.65,72299.8,72043.8,72025.4,none,no_price_available
2026-09-21T09:30:50.308782+00:00,2026-09-21T15:00:50.308782+05:30,NIFTYNXT50,29-Sep-2026,70200.0,PE,0,,0,,0,0.0,,0,0,0,0,0,,,,,,,,,,,,,,,0.021973290563736682,,,,,,11.29,25,72077.65,72299.8,72043.8,72025.4,none,no_price_available
2026-09-21T09:30:50.308782+00:00,2026-09-21T15:00:50.308782+05:30,NIFTYNXT50,29-Sep-2026,70300.0,CE,72207.3,,0,2560.2,550,0.0,,0,0,0,0,0,,,,,,,,,,,,,,,0.021973290563736682,,,,,,11.29,25,72077.65,72299.8,72043.8,72025.4,none,no_price_available
2026-09-21T09:30:50.308782+00:00,2026-09-21T15:00:50.308782+05:30,NIFTYNXT50,29-Sep-2026,70300.0,PE,0,,0,,0,0.0,,0,0,0,0,0,,,,,,,,,,,,,,,0.021973290563736682,,,,,,11.29,25,72077.65,72299.8,72043.8,72025.4,none,no_price_available
2026-09-21T09:30:50.308782+00:00,2026-09-21T15:00:50.308782+05:30,NIFTYNXT50,29-Sep-2026,70400.0,CE,72207.3,208.2,50,2732,550,0.0,1470.1,0,0,0,0,0,,,,,,,,,,,,,,,0.021973290563736682,,,,,,11.29,25,72077.65,72299.8,72043.8,72025.4,mid_price,no_price_available
2026-09-21T09:30:50.308782+00:00,2026-09-21T15:00:50.308782+05:30,NIFTYNXT50,29-Sep-2026,70400.0,PE,0,,0,,0,0.0,,0,0,0,0,0,,,,,,,,,,,,,,,0.021973290563736682,,,,,,11.29,25,72077.65,72299.8,72043.8,72025.4,none,no_price_available
2026-09-21T09:30:50.308782+00:00,2026-09-21T15:00:50.308782+05:30,NIFTYNXT50,29-Sep-2026,70500.0,CE,72207.3,163.6,50,2333.8,550,0.0,1248.7,0,0,0,0,0,,,,,,,,,,,,,,,0.021973290563736682,,,,,,11.29,25,72077.65,72299.8,72043.8,72025.4,mid_price,no_price_available
2026-09-21T09:30:50.308782+00:00,2026-09-21T15:00:50.308782+05:30,NIFTYNXT50,29-Sep-2026,70500.0,PE,72207.3,35.05,50,185,25,0.0,110.025,0,0,0,0,0,,,,,,,,,,,,,,,0.021973290563736682,72350,0.08985018656250607,0.01,index_dividend_yield,0.065,11.29,25,72077.65,72299.8,72043.8,72025.4,mid_price,no_nse_iv
2026-09-21T09:30:50.308782+00:00,2026-09-21T15:00:50.308782+05:30,NIFTYNXT50,29-Sep-2026,70600.0,CE,72207.3,,0,2332.5,550,0.0,,0,0,0,0,0,,,,,,,,,,,,,,,0.021973290563736682,,,,,,11.29,25,72077.65,72299.8,72043.8,72025.4,none,no_price_available
2026-09-21T09:30:50.308782+00:00,2026-09-21T15:00:50.308782+05:30,NIFTYNXT50,29-Sep-2026,70600.0,PE,0,,0,,0,0.0,,0,0,0,0,0,,,,,,,,,,,,,,,0.021973290563736682,,,,,,11.29,25,72077.65,72299.8,72043.8,72025.4,none,no_price_available
2026-09-21T09:30:50.308782+00:00,2026-09-21T15:00:50.308782+05:30,NIFTYNXT50,29-Sep-2026,70700.0,CE,72207.3,,0,2223.3,550,0.0,,0,0,0,0,0,,,,,,,,,,,,,,,0.021973290563736682,,,,,,11.29,25,72077.65,72299.8,72043.8,72025.4,none,no_price_available
2026-09-21T09:30:50.308782+00:00,2026-09-21T15:00:50.308782+05:30,NIFTYNXT50,29-Sep-2026,70700.0,PE,72207.3,,0,300,25,0.0,,0,0,0,0,0,,,,,,,,,,,,,,,0.021973290563736682,,,,,,11.29,25,72077.65,72299.8,72043.8,72025.4,none,no_price_available
2026-09-21T09:30:50.308782+00:00,2026-09-21T15:00:50.308782+05:30,NIFTYNXT50,29-Sep-2026,70800.0,CE,72207.3,43.15,25,2295.2,550,0.0,1169.175,0,0,0,0,0,,,,,,,,,,,,,,,0.021973290563736682,,,,,,11.29,25,72077.65,72299.8,72043.8,72025.4,mid_price,no_price_available
2026-09-21T09:30:50.308782+00:00,2026-09-21T15:00:50.308782+05:30,NIFTYNXT50,29-Sep-2026,70800.0,PE,72207.3,27.7,25,217.9,150,0.0,122.8,1,0,0,0,21.8,-0.25372875292087343,0.0001372415014413932,-43.75915293356056,34.276720638617206,-0.9259239127895058,0.011097913139908938,65.67215228829326,-4.0454309078523033e-08,-0.0003666022040881668,5.410536003932446e-06,-2.9236860253587884,-50.78233141330431,0.2638678617193247,0.00014275165675150245,0.021973290563736682,72350,0.08985018656250607,0.01,index_dividend_yield,0.065,11.29,25,72077.65,72299.8,72043.8,72025.4,mid_price,wide_quote_low_liquidity
2026-09-21T09:30:50.308782+00:00,2026-09-21T15:00:50.308782+05:30,NIFTYNXT50,29-Sep-2026,70900.0,CE,72207.3,7.55,50,1982.05,550,0.0,994.8,0,0,0,0,0,,,,,,,,,,,,,,,0.021973290563736682,,,,,,11.29,25,72077.65,72299.8,72043.8,72025.4,mid_price,no_price_available
2026-09-21T09:30:50.308782+00:00,2026-09-21T15:00:50.308782+05:30,NIFTYNXT50,29-Sep-2026,70900.0,PE,72207.3,0.1,50,233.9,25,0.0,117.0,0,0,0,0,0,,,,,,,,,,,,,,,0.021973290563736682,72350,0.08985018656250607,0.01,index_dividend_yield,0.065,11.29,25,72077.65,72299.8,72043.8,72025.4,mid_price,no_nse_iv
2026-09-21T09:30:50.308782+00:00,2026-09-21T15:00:50.308782+05:30,NIFTYNXT50,29-Sep-2026,71000.0,CE,72207.3,1356.5,25,1611.8,50,1450,1484.15,127,0,1,1.969057665260197,10.06,0.8884190630976201,0.00017616276507849283,-22.15941404306468,20.303429874475235,-2.2706744972920134,0.012354636380527969,296.331265853679,-1.9642257001908494e-07,0.0008202737438489546,-2.9905162379467447e-06,-2.873777260484552,47.476723920796445,-0.884495016709308,0.00018220472414072787,0.021973290563736682,72350,0.08985018656250607,0.01,index_dividend_yield,0.065,11.29,25,72077.65,72299.8,72043.8,72025.4,mid_price,wide_quote_low_liquidity
2026-09-21T09:30:50.308782+00:00,2026-09-21T15:00:50.308782+05:30,NIFTYNXT50,29-Sep-2026,71000.0,PE,72207.3,138,25,166.95,175,155,152.475,92,53,84,-30.493273542600896,14.66,-0.1997426281265354,0.00017826331697413247,-25.158570045547194,29.94010121791036,-1.5658703967034031,0.01237904389797051,141.1919671672077,-9.621861638845691e-08,-0.00037529996690385077,4.468783218971291e-06,-2.9822196777830805,-81.61465764748435,0.2056280994085121,0.0001843773199132668,0.021973290563736682,72350,0.08985018656250607,0.01,index_dividend_yield,0.065,11.29,25,72077.65,72299.8,72043.8,72025.4,mid_price,wide_quote_low_liquidity
2026-09-21T09:30:50.308782+00:00,2026-09-21T15:00:50.308782+05:30,NIFTYNXT50,29-Sep-2026,71100.0,CE,72207.3,802.25,50,1879.7,550,0.0,1340.975,0,0,0,0,0,,,,,,,,,,,,,,,0.021973290563736682,72350,0.08985018656250607,0.01,index_dividend_yield,0.065,11.29,25,72077.65,72299.8,72043.8,72025.4,mid_price,no_nse_iv
2026-09-21T09:30:50.308782+00:00,2026-09-21T15:00:50.308782+05:30,NIFTYNXT50,29-Sep-2026,71100.0,PE,72207.3,,0,609.6,550,0.0,,0,0,0,0,0,,,,,,,,,,,,,,,0.021973290563736682,,,,,,11.29,25,72077.65,72299.8,72043.8,72025.4,none,no_price_available
2026-09-21T09:30:50.308782+00:00,2026-09-21T15:00:50.308782+05:30,NIFTYNXT50,29-Sep-2026,71200.0,CE,72207.3,502.35,200,1782.7,550,0.0,1142.525,0,0,0,0,0,,,,,,,,,,,,,,,0.021973290563736682,72350,0.08985018656250607,0.01,index_dividend_yield,0.065,11.29,25,72077.65,72299.8,72043.8,72025.4,mid_price,no_nse_iv
2026-09-21T09:30:50.308782+00:00,2026-09-21T15:00:50.308782+05:30,NIFTYNXT50,29-Sep-2026,71200.0,PE,72207.3,0.05,50,400,25,0.0,200.025,0,0,0,0,0,,,,,,,,,,,,,,,0.021973290563736682,72350,0.08985018656250607,0.01,index_dividend_yield,0.065,11.29,25,72077.65,72299.8,72043.8,72025.4,mid_price,no_nse_iv
2026-09-21T09:30:50.308782+00:00,2026-09-21T15:00:50.308782+05:30,NIFTYNXT50,29-Sep-2026,71300.0,CE,72207.3,0.05,50,1549.35,25,0.0,774.6999999999999,0,0,0,0,0,,,,,,,,,,,,,,,0.021973290563736682,,,,,,11.29,25,72077.65,72299.8,72043.8,72025.4,mid_price,no_price_available
2026-09-21T09:30:50.308782+00:00,2026-09-21T15:00:50.308782+05:30,NIFTYNXT50,29-Sep-2026,71300.0,PE,0,,0,,0,0.0,,0,0,0,0,0,,,,,,,,,,,,,,,0.021973290563736682,,,,,,11.29,25,72077.65,72299.8,72043.8,72025.4,none,no_price_available
2026-09-21T09:30:50.308782+00:00,2026-09-21T15:00:50.308782+05:30,NIFTYNXT50,29-Sep-2026,71400.0,CE,72207.3,,0,1594.85,550,0.0,,0,0,0,0,0,,,,,,,,,,,,,,,0.021973290563736682,,,,,,11.29,25,72077.65,72299.8,72043.8,72025.4,none,no_price_available
2026-09-21T09:30:50.308782+00:00,2026-09-21T15:00:50.308782+05:30,NIFTYNXT50,29-Sep-2026,71400.0,PE,0,,0,,0,0.0,,0,0,0,0,0,,,,,,,,,,,,,,,0.021973290563736682,,,,,,11.29,25,72077.65,72299.8,72043.8,72025.4,none,no_price_available
2026-09-21T09:30:50.308782+00:00,2026-09-21T15:00:50.308782+05:30,NIFTYNXT50,29-Sep-2026,71500.0,CE,72207.3,1035,25,1078,25,1060,1056.5,37,4,238,17.432005760815375,11.27,0.7483833793336621,0.0002641836307464647,-31.934830641271617,34.11042505289405,-1.847195533668411,0.010137925891777545,132.46401709754352,-1.4471893315631615e-07,-0.001318204315604762,1.0868015870660443e-05,-2.851188286127567,55.351849696840425,-0.7421323928480993,0.0002694362546877773,0.021973290563736682,72350,0.08985018656250607,0.01,index_dividend_yield,0.065,11.29,25,72077.65,72299.8,72043.8,72025.4,mid_price,ok
2026-09-21T09:30:50.308782+00:00,2026-09-21T15:00:50.308782+05:30,NIFTYNXT50,29-Sep-2026,71500.0,PE,72207.3,257,25,299,25,286.55,278.0,17,7,32,-21.114934618031658,15.08,-0.30650049858988543,0.00021745752517745114,-31.927741650952974,37.569299141727136,-1.1248332353987478,0.008212900894199876,60.875594977371605,-6.947944611850208e-08,-0.0010896942335805644,1.1001220006315617e-05,-2.7864231070787424,-69.11954421751713,0.31401071540333286,0.00022178111858003346,0.021973290563736682,72350,0.08985018656250607,0.01,index_dividend_yield,0.065,11.29,25,72077.65,72299.8,72043.8,72025.4,mid_price,wide_quote_low_liquidity
2026-09-21T09:30:50.308782+00:00,2026-09-21T15:00:50.308782+05:30,NIFTYNXT50,29-Sep-2026,71600.0,CE,72207.3,0.05,50,1298.75,50,0.0,649.4,1,0,0,0,12.33,0.7043390701334166,0.0002615881887585521,-35.900097926575,36.95204839935739,-1.4534882511343938,0.00835835352599337,83.60626900655532,-1.0640818515904451e-07,-0.0015297470698776993,1.2935398681025905e-05,-2.7826397104985334,53.98442461153701,-0.6971554213410336,0.0002660445080462727,0.021973290563736682,72350,0.08985018656250607,0.01,index_dividend_yield,0.065,11.29,25,72077.65,72299.8,72043.8,72025.4,mid_price,wide_quote_low_liquidity
2026-09-21T09:30:50.308782+00:00,2026-09-21T15:00:50.308782+05:30,NIFTYNXT50,29-Sep-2026,71600.0,PE,72207.3,0.05,50,699.9,50,0.0,349.97499999999997,0,0,0,0,0,,,,,,,,,,,,,,,0.021973290563736682,72350,0.08985018656250607,0.01,index_dividend_yield,0.065,11.29,25,72077.65,72299.8,72043.8,72025.4,mid_price,no_nse_iv
2026-09-21T09:30:50.308782+00:00,2026-09-21T15:00:50.308782+05:30,NIFTYNXT50,29-Sep-2026,71700.0,CE,72207.3,753,25,1099.95,25,0.0,926.475,0,0,0,0,0,,,,,,,,,,,,,,,0.021973290563736682,72350,0.08985018656250607,0.01,index_dividend_yield,0.065,11.29,25,72077.65,72299.8,72043.8,72025.4,mid_price,no_nse_iv
2026-09-21T09:30:50.308782+00:00,2026-09-21T15:00:50.308782+05:30,NIFTYNXT50,29-Sep-2026,71700.0,PE,72207.3,0.1,50,753.45,25,0.0,376.77500000000003,0,0,0,0,0,,,,,,,,,,,,,,,0.021973290563736682,72350,0.08985018656250607,0.01,index_dividend_yield,0.065,11.29,25,72077.65,72299.8,72043.8,72025.4,mid_price,no_nse_iv
2026-09-21T09:30:50.308782+00:00,2026-09-21T15:00:50.308782+05:30,NIFTYNXT50,29-Sep-2026,71800.0,CE,72207.3,,0,1232.7,550,0.0,,0,0,0,0,0,,,,,,,,,,,,,,,0.021973290563736682,,,,,,11.29,25,72077.65,72299.8,72043.8,72025.4,none,no_price_available
2026-09-21T09:30:50.308782+00:00,2026-09-21T15:00:50.308782+05:30,NIFTYNXT50,29-Sep-2026,71800.0,PE,0,,0,,0,0.0,,0,0,0,0,0,,,,,,,,,,,,,,,0.021973290563736682,,,,,,11.29,25,72077.65,72299.8,72043.8,72025.4,none,no_price_available
2026-09-21T09:30:50.308782+00:00,2026-09-21T15:00:50.308782+05:30,NIFTYNXT50,29-Sep-2026,71900.0,CE,72207.3,0.15,50,1243.35,550,0.0,621.75,0,0,0,0,0,,,,,,,,,,,,,,,0.021973290563736682,72350,0.08985018656250607,0.01,index_dividend_yield,0.065,11.29,25,72077.65,72299.8,72043.8,72025.4,mid_price,no_nse_iv
2026-09-21T09:30:50.308782+00:00,2026-09-21T15:00:50.308782+05:30,NIFTYNXT50,29-Sep-2026,71900.0,PE,0,,0,,0,0.0,,0,0,0,0,0,,,,,,,,,,,,,,,0.021973290563736682,,,,,,11.29,25,72077.65,72299.8,72043.8,72025.4,none,no_price_available
2026-09-21T09:30:50.308782+00:00,2026-09-21T15:00:50.308782+05:30,NIFTYNXT50,29-Sep-2026,72000.0,CE,72207.3,719.55,25,744,25,719.55,731.775,67,-2,137,11.740041928721174,11.53,0.5975968077705288,0.0003134427043308984,-36.14761410612487,41.40423679046411,-0.7729698904692661,0.002167368966873144,20.476065454577252,-6.427769600050692e-08,-0.0025636625946812933,1.914723785798617e-05,-2.6378018919007586,66.1539920752659,-0.5902579596656229,0.0003152502102181967,0.021973290563736682,72350,0.08985018656250607,0.01,index_dividend_yield,0.065,11.29,25,72077.65,72299.8,72043.8,72025.4,mid_price,ok
2026-09-21T09:30:50.308782+00:00,2026-09-21T15:00:50.308782+05:30,NIFTYNXT50,29-Sep-2026,72000.0,PE,72207.3,410.15,150,469,25,465.25,439.575,23,5,19,-16.919642857142858,15.23,-0.42371202034821087,0.00024019674134527562,-35.09150247835004,41.91064312579472,-0.43603507079725823,0.001519106886590313,8.969114760535746,-3.0811012583409944e-08,-0.0015257879778883662,1.4823407834474949e-05,-2.643909215070925,-59.716115739553906,0.43204782521699203,0.00024158186538259606,0.021973290563736682,72350,0.08985018656250607,0.01,index_dividend_yield,0.065,11.29,25,72077.65,72299.8,72043.8,72025.4,mid_price,ok
2026-09-21T09:30:50.308782+00:00,2026-09-21T15:00:50.308782+05:30,NIFTYNXT50,29-Sep-2026,72100.0,CE,72207.3,,0,948.9,50,0.0,,0,0,0,0,0,,,,,,,,,,,,,,,0.021973290563736682,,,,,,11.29,25,72077.65,72299.8,72043.8,72025.4,none,no_price_available
2026-09-21T09:30:50.308782+00:00,2026-09-21T15:00:50.308782+05:30,NIFTYNXT50,29-Sep-2026,72100.0,PE,72207.3,,0,980.45,50,0.0,,0,0,0,0,0,,,,,,,,,,,,,,,0.021973290563736682,,,,,,11.29,25,72077.65,72299.8,72043.8,72025.4,none,no_price_available
2026-09-21T09:30:50.308782+00:00,2026-09-21T15:00:50.308782+05:30,NIFTYNXT50,29-Sep-2026,72200.0,CE,72207.3,0.1,50,800,25,0.0,400.05,0,0,0,0,0,,,,,,,,,,,,,,,0.021973290563736682,72350,0.08985018656250607,0.01,index_dividend_yield,0.065,11.29,25,72077.65,72299.8,72043.8,72025.4,mid_price,no_nse_iv
2026-09-21T09:30:50.308782+00:00,2026-09-21T15:00:50.308782+05:30,NIFTYNXT50,29-Sep-2026,72200.0,PE,72207.3,0.15,50,1062.8,50,0.0,531.475,0,0,0,0,0,,,,,,,,,,,,,,,0.021973290563736682,72350,0.08985018656250607,0.01,index_dividend_yield,0.065,11.29,25,72077.65,72299.8,72043.8,72025.4,mid_price,no_nse_iv
2026-09-21T09:30:50.308782+00:00,2026-09-21T15:00:50.308782+05:30,NIFTYNXT50,29-Sep-2026,72300.0,CE,72207.3,0.1,50,750,25,0.0,375.05,0,0,0,0,0,,,,,,,,,,,,,,,0.021973290563736682,72350,0.08985018656250607,0.01,index_dividend_yield,0.065,11.29,25,72077.65,72299.8,72043.8,72025.4,mid_price,no_nse_iv
2026-09-21T09:30:50.308782+00:00,2026-09-21T15:00:50.308782+05:30,NIFTYNXT50,29-Sep-2026,72300.0,PE,72207.3,0.15,50,1061,550,0.0,530.575,0,0,0,0,0,,,,,,,,,,,,,,,0.021973290563736682,72350,0.08985018656250607,0.01,index_dividend_yield,0.065,11.29,25,72077.65,72299.8,72043.8,72025.4,mid_price,no_nse_iv
2026-09-21T09:30:50.308782+00:00,2026-09-21T15:00:50.308782+05:30,NIFTYNXT50,29-Sep-2026,72400.0,CE,72207.3,0.05,25,650,25,0.0,325.025,0,0,0,0,0,,,,,,,,,,,,,,,0.021973290563736682,72350,0.08985018656250607,0.01,index_dividend_yield,0.065,11.29,25,72077.65,72299.8,72043.8,72025.4,mid_price,no_nse_iv
2026-09-21T09:30:50.308782+00:00,2026-09-21T15:00:50.308782+05:30,NIFTYNXT50,29-Sep-2026,72400.0,PE,72207.3,501,25,1041,25,0.0,771.0,1,0,0,0,10.62,-0.5336156821660059,0.0003496272010518296,-22.267405481438235,42.53897693345158,0.375751018967696,-0.0063133892557482455,3.4051285725062996,2.0386737063628752e-08,-0.0032644571969160153,2.136889278700536e-05,-2.7087241249054763,-75.80828625404385,0.5392156896673298,0.00034776854079313557,0.021973290563736682,72350,0.08985018656250607,0.01,index_dividend_yield,0.065,11.29,25,72077.65,72299.8,72043.8,72025.4,mid_price,wide_quote_low_liquidity
2026-09-21T09:30:50.308782+00:00,2026-09-21T15:00:50.308782+05:30,NIFTYNXT50,29-Sep-2026,72500.0,CE,72207.3,290,25,588.9,25,0.0,439.45,0,0,0,0,0,,,,,,,,,,,,,,,0.021973290563736682,72350,0.08985018656250607,0.01,index_dividend_yield,0.065,11.29,25,72077.65,72299.8,72043.8,72025.4,mid_price,no_nse_iv
2026-09-21T09:30:50.308782+00:00,2026-09-21T15:00:50.308782+05:30,NIFTYNXT50,29-Sep-2026,72500.0,PE,72207.3,630.3,25,999,25,0.0,814.65,7,0,0,0,16.66,-0.5407113166106929,0.00022249920019104064,-38.07887272016554,42.46789764048394,0.30299127201527387,-0.005589249404751577,3.3251202311710415,9.576083513489388e-09,-0.001318154873596332,1.3577100669626453e-05,-2.7083747261710576,-47.6443355860433,0.5498314270568428,0.00022070626082049978,0.021973290563736682,72350,0.08985018656250607,0.01,index_dividend_yield,0.065,11.29,25,72077.65,72299.8,72043.8,72025.4,mid_price,wide_quote_low_liquidity
2026-09-21T09:30:50.308782+00:00,2026-09-21T15:00:50.308782+05:30,NIFTYNXT50,29-Sep-2026,72600.0,CE,72207.3,385.15,150,480.55,25,0.0,432.85,3,0,0,0,18.81,0.4453243608857825,0.00019624902616563721,-54.32105556853125,42.29155137148487,0.3468510178550599,-0.006198099564422698,5.095095419139994,1.053234272355796e-08,-0.00101970745603299,1.1834227925589834e-05,-2.7274177497470298,48.61723781856045,-0.4338053033212503,0.00019413171042484436,0.021973290563736682,72350,0.08985018656250607,0.01,index_dividend_yield,0.065,11.29,25,72077.65,72299.8,72043.8,72025.4,mid_price,wide_quote_low_liquidity
2026-09-21T09:30:50.308782+00:00,2026-09-21T15:00:50.308782+05:30,NIFTYNXT50,29-Sep-2026,72600.0,PE,72207.3,,0,1150,25,0.0,,2,0,0,0,0,,,,,,,,,,,,,,,0.021973290563736682,,,,,,11.29,25,72077.65,72299.8,72043.8,72025.4,none,no_price_available
2026-09-21T09:30:50.308782+00:00,2026-09-21T15:00:50.308782+05:30,NIFTYNXT50,29-Sep-2026,72700.0,CE,72207.3,,0,449.35,50,0.0,,0,0,0,0,0,,,,,,,,,,,,,,,0.021973290563736682,,,,,,11.29,25,72077.65,72299.8,72043.8,72025.4,none,no_price_available
2026-09-21T09:30:50.308782+00:00,2026-09-21T15:00:50.308782+05:30,NIFTYNXT50,29-Sep-2026,72700.0,PE,72207.3,0.2,50,1352,550,0.0,676.1,0,0,0,0,0,,,,,,,,,,,,,,,0.021973290563736682,72350,0.08985018656250607,0.01,index_dividend_yield,0.065,11.29,25,72077.65,72299.8,72043.8,72025.4,mid_price,no_nse_iv
2026-09-21T09:30:50.308782+00:00,2026-09-21T15:00:50.308782+05:30,NIFTYNXT50,29-Sep-2026,72800.0,CE,72207.3,0.05,25,500,25,0.0,250.025,0,0,0,0,0,,,,,,,,,,,,,,,0.021973290563736682,72350,0.08985018656250607,0.01,index_dividend_yield,0.065,11.29,25,72077.65,72299.8,72043.8,72025.4,mid_price,no_nse_iv
2026-09-21T09:30:50.308782+00:00,2026-09-21T15:00:50.308782+05:30,NIFTYNXT50,29-Sep-2026,72800.0,PE,72207.3,0.05,50,1378.15,550,0.0,689.1,0,0,0,0,0,,,,,,,,,,,,,,,0.021973290563736682,72350,0.08985018656250607,0.01,index_dividend_yield,0.065,11.29,25,72077.65,72299.8,72043.8,72025.4,mid_price,no_nse_iv
2026-09-21T09:30:50.308782+00:00,2026-09-21T15:00:50.308782+05:30,NIFTYNXT50,29-Sep-2026,72900.0,CE,72207.3,,0,500,25,0.0,,0,0,0,0,0,,,,,,,,,,,,,,,0.021973290563736682,,,,,,11.29,25,72077.65,72299.8,72043.8,72025.4,none,no_price_available
2026-09-21T09:30:50.308782+00:00,2026-09-21T15:00:50.308782+05:30,NIFTYNXT50,29-Sep-2026,72900.0,PE,72207.3,1.1,175,1377.3,550,0.0,689.1999999999999,3,0,0,0,16.07,,,,,,,,,,,,,,,0.021973290563736682,,,,,,11.29,25,72077.65,72299.8,72043.8,72025.4,mid_price,no_price_available
2026-09-21T09:30:50.308782+00:00,2026-09-21T15:00:50.308782+05:30,NIFTYNXT50,29-Sep-2026,73000.0,CE,72207.3,242,25,259.95,25,242.2,250.975,30,-3,18,9.543193125282677,11.24,0.28277428734764154,0.00028110343902746027,-28.404598260370364,36.19843383481549,1.7785861521889546,-0.015529085294527706,109.36441023987697,1.2528848329762383e-07,-0.0016516786376811273,1.0118498990862946e-05,-3.2112590604004017,97.39800832570774,-0.2768319088453978,0.0002750316349853736,0.021973290563736682,72350,0.08985018656250607,0.01,index_dividend_yield,0.065,11.29,25,72077.65,72299.8,72043.8,72025.4,mid_price,ok
2026-09-21T09:30:50.308782+00:00,2026-09-21T15:00:50.308782+05:30,NIFTYNXT50,29-Sep-2026,73000.0,PE,72207.3,825,25,1174,25,0.0,999.5,14,0,0,0,15.81,-0.6562329364428912,0.0002173492660561252,-31.468743337483037,39.36836319061974,0.9911560620952109,-0.012166332107405343,42.712659591849444,4.7713022369958626e-08,-0.0011389775441082435,1.0677685668113775e-05,-2.9772650423530034,-43.55981527617955,0.6640084746034156,0.00021265454529159115,0.021973290563736682,72350,0.08985018656250607,0.01,index_dividend_yield,0.065,11.29,25,72077.65,72299.8,72043.8,72025.4,mid_price,wide_quote_low_liquidity
2026-09-21T09:30:50.308782+00:00,2026-09-21T15:00:50.308782+05:30,NIFTYNXT50,29-Sep-2026,73100.0,CE,72207.3,1.2,125,351.3,25,0.0,176.25,0,0,0,0,0,,,,,,,,,,,,,,,0.021973290563736682,72350,0.08985018656250607,0.01,index_dividend_yield,0.065,11.29,25,72077.65,72299.8,72043.8,72025.4,mid_price,no_nse_iv
2026-09-21T09:30:50.308782+00:00,2026-09-21T15:00:50.308782+05:30,NIFTYNXT50,29-Sep-2026,73100.0,PE,72207.3,0.15,50,1553.35,550,0.0,776.75,0,0,0,0,0,,,,,,,,,,,,,,,0.021973290563736682,,,,,,11.29,25,72077.65,72299.8,72043.8,72025.4,mid_price,no_price_available
2026-09-21T09:30:50.308782+00:00,2026-09-21T15:00:50.308782+05:30,NIFTYNXT50,29-Sep-2026,73200.0,CE,72207.3,0.05,25,330.5,25,0.0,165.275,0,0,0,0,0,,,,,,,,,,,,,,,0.021973290563736682,72350,0.08985018656250607,0.01,index_dividend_yield,0.065,11.29,25,72077.65,72299.8,72043.8,72025.4,mid_price,no_nse_iv
2026-09-21T09:30:50.308782+00:00,2026-09-21T15:00:50.308782+05:30,NIFTYNXT50,29-Sep-2026,73200.0,PE,72207.3,0.95,50,1585.5,550,0.0,793.225,0,0,0,0,0,,,,,,,,,,,,,,,0.021973290563736682,,,,,,11.29,25,72077.65,72299.8,72043.8,72025.4,mid_price,no_price_available
2026-09-21T09:30:50.308782+00:00,2026-09-21T15:00:50.308782+05:30,NIFTYNXT50,29-Sep-2026,73300.0,CE,72207.3,0.1,50,310.95,25,0.0,155.525,0,0,0,0,0,,,,,,,,,,,,,,,0.021973290563736682,72350,0.08985018656250607,0.01,index_dividend_yield,0.065,11.29,25,72077.65,72299.8,72043.8,72025.4,mid_price,no_nse_iv
2026-09-21T09:30:50.308782+00:00,2026-09-21T15:00:50.308782+05:30,NIFTYNXT50,29-Sep-2026,73300.0,PE,72207.3,35.2,150,1727.15,550,0.0,881.1750000000001,7,0,0,0,13.41,,,,,,,,,,,,,,,0.021973290563736682,,,,,,11.29,25,72077.65,72299.8,72043.8,72025.4,mid_price,no_price_available
2026-09-21T09:30:50.308782+00:00,2026-09-21T15:00:50.308782+05:30,NIFTYNXT50,29-Sep-2026,73400.0,CE,72207.3,,0,291.65,25,0.0,,0,0,0,0,0,,,,,,,,,,,,,,,0.021973290563736682,,,,,,11.29,25,72077.65,72299.8,72043.8,72025.4,none,no_price_available
2026-09-21T09:30:50.308782+00:00,2026-09-21T15:00:50.308782+05:30,NIFTYNXT50,29-Sep-2026,73400.0,PE,72207.3,69.55,50,1675.05,550,0.0,872.3,3,0,0,0,16.06,,,,,,,,,,,,,,,0.021973290563736682,,,,,,11.29,25,72077.65,72299.8,72043.8,72025.4,mid_price,no_price_available
2026-09-21T09:30:50.308782+00:00,2026-09-21T15:00:50.308782+05:30,NIFTYNXT50,29-Sep-2026,73500.0,CE,72207.3,90,25,270,150,0.0,180.0,7,0,0,0,18.47,0.2774433472839193,0.00016949642594661255,-44.25770558408038,35.86614922458091,1.1205706675545268,-0.014754932476972855,70.79965420474821,4.757275760859314e-08,-0.0005831038367461991,6.166858017086018e-06,-3.1679361562068857,59.984760407509654,-0.26801985849445564,0.00016358673286806852,0.021973290563736682,72350,0.08985018656250607,0.01,index_dividend_yield,0.065,11.29,25,72077.65,72299.8,72043.8,72025.4,mid_price,wide_quote_low_liquidity
2026-09-21T09:30:50.308782+00:00,2026-09-21T15:00:50.308782+05:30,NIFTYNXT50,29-Sep-2026,73500.0,PE,72207.3,106.9,50,1786.15,550,0.0,946.5250000000001,0,0,0,0,0,,,,,,,,,,,,,,,0.021973290563736682,,,,,,11.29,25,72077.65,72299.8,72043.8,72025.4,mid_price,no_price_available
2026-09-21T09:30:50.308782+00:00,2026-09-21T15:00:50.308782+05:30,NIFTYNXT50,29-Sep-2026,73600.0,CE,72207.3,0.05,25,256.9,25,0.0,128.475,0,0,0,0,0,,,,,,,,,,,,,,,0.021973290563736682,72350,0.08985018656250607,0.01,index_dividend_yield,0.065,11.29,25,72077.65,72299.8,72043.8,72025.4,mid_price,no_nse_iv
2026-09-21T09:30:50.308782+00:00,2026-09-21T15:00:50.308782+05:30,NIFTYNXT50,29-Sep-2026,73600.0,PE,72207.3,146.85,50,2005.5,550,0.0,1076.175,0,0,0,0,0,,,,,,,,,,,,,,,0.021973290563736682,,,,,,11.29,25,72077.65,72299.8,72043.8,72025.4,mid_price,no_price_available
2026-09-21T09:30:50.308782+00:00,2026-09-21T15:00:50.308782+05:30,NIFTYNXT50,29-Sep-2026,73700.0,CE,72207.3,0.1,50,248.55,25,0.0,124.325,1,0,0,0,13,0.16118177254066085,0.0001756893511188963,-22.939493378566134,26.166528076973535,1.896935040145306,-0.017289033825046964,200.9092574413156,1.197066376063906e-07,-2.41611909720539e-06,-1.3546034316860344e-06,-3.4617556603530897,99.28531372889296,-0.156326700450582,0.0001686446914510796,0.021973290563736682,72350,0.08985018656250607,0.01,index_dividend_yield,0.065,11.29,25,72077.65,72299.8,72043.8,72025.4,mid_price,wide_quote_low_liquidity
2026-09-21T09:30:50.308782+00:00,2026-09-21T15:00:50.308782+05:30,NIFTYNXT50,29-Sep-2026,73700.0,PE,72207.3,191.75,50,2110.85,550,0.0,1151.3,0,0,0,0,0,,,,,,,,,,,,,,,0.021973290563736682,,,,,,11.29,25,72077.65,72299.8,72043.8,72025.4,mid_price,no_price_available
2026-09-21T09:30:50.308782+00:00,2026-09-21T15:00:50.308782+05:30,NIFTYNXT50,29-Sep-2026,73800.0,CE,72207.3,,0,450.5,550,0.0,,0,0,0,0,0,,,,,,,,,,,,,,,0.021973290563736682,,,,,,11.29,25,72077.65,72299.8,72043.8,72025.4,none,no_price_available
2026-09-21T09:30:50.308782+00:00,2026-09-21T15:00:50.308782+05:30,NIFTYNXT50,29-Sep-2026,73800.0,PE,72207.3,1240.45,550,2091.15,550,0.0,1665.8000000000002,0,0,0,0,0,,,,,,,,,,,,,,,0.021973290563736682,72350,0.08985018656250607,0.01,index_dividend_yield,0.065,11.29,25,72077.65,72299.8,72043.8,72025.4,mid_price,no_nse_iv
2026-09-21T09:30:50.308782+00:00,2026-09-21T15:00:50.308782+05:30,NIFTYNXT50,29-Sep-2026,73900.0,CE,72207.3,,0,215.95,25,0.0,,0,0,0,0,0,,,,,,,,,,,,,,,0.021973290563736682,,,,,,11.29,25,72077.65,72299.8,72043.8,72025.4,none,no_price_available
2026-09-21T09:30:50.308782+00:00,2026-09-21T15:00:50.308782+05:30,NIFTYNXT50,29-Sep-2026,73900.0,PE,72207.3,1356.4,25,2183.7,550,0.0,1770.05,0,0,0,0,0,,,,,,,,,,,,,,,0.021973290563736682,72350,0.08985018656250607,0.01,index_dividend_yield,0.065,11.29,25,72077.65,72299.8,72043.8,72025.4,mid_price,no_nse_iv
2026-09-21T09:30:50.308782+00:00,2026-09-21T15:00:50.308782+05:30,NIFTYNXT50,29-Sep-2026,74000.0,CE,72207.3,81,25,121,25,0.0,101.0,28,0,0,0,15.46,0.15719049225318002,0.00014532723170669582,-26.49507311672027,25.74031166963857,1.6003873825830572,-0.017009543485229726,172.3188379813685,8.495134790289785e-08,3.291544438933599e-05,-1.2912442449245127e-06,-3.4355436616928197,84.14355889862954,-0.1515595802053426,0.00013837122107668136,0.021973290563736682,72350,0.08985018656250607,0.01,index_dividend_yield,0.065,11.29,25,72077.65,72299.8,72043.8,72025.4,mid_price,wide_quote_low_liquidity
2026-09-21T09:30:50.308782+00:00,2026-09-21T15:00:50.308782+05:30,NIFTYNXT50,29-Sep-2026,74000.0,PE,72207.3,1406.95,550,2151.65,550,0.0,1779.3000000000002,0,0,0,0,0,,,,,,,,,,,,,,,0.021973290563736682,,,,,,11.29,25,72077.65,72299.8,72043.8,72025.4,mid_price,no_price_available
2026-09-21T09:30:50.308782+00:00,2026-09-21T15:00:50.308782+05:30,NIFTYNXT50,29-Sep-2026,74100.0,CE,72207.3,0.05,25,195.7,25,0.0,97.875,0,0,0,0,0,,,,,,,,,,,,,,,0.021973290563736682,72350,0.08985018656250607,0.01,index_dividend_yield,0.065,11.29,25,72077.65,72299.8,72043.8,72025.4,mid_price,no_nse_iv
2026-09-21T09:30:50.308782+00:00,2026-09-21T15:00:50.308782+05:30,NIFTYNXT50,29-Sep-2026,74100.0,PE,72207.3,1567.7,25,2297.6,550,0.0,1932.65,0,0,0,0,0,,,,,,,,,,,,,,,0.021973290563736682,72350,0.08985018656250607,0.01,index_dividend_yield,0.065,11.29,25,72077.65,72299.8,72043.8,72025.4,mid_price,no_nse_iv
2026-09-21T09:30:50.308782+00:00,2026-09-21T15:00:50.308782+05:30,NIFTYNXT50,29-Sep-2026,74200.0,CE,72207.3,0.05,50,182.55,25,0.0,91.30000000000001,0,0,0,0,0,,,,,,,,,,,,,,,0.021973290563736682,72350,0.08985018656250607,0.01,index_dividend_yield,0.065,11.29,25,72077.65,72299.8,72043.8,72025.4,mid_price,no_nse_iv
2026-09-21T09:30:50.308782+00:00,2026-09-21T15:00:50.308782+05:30,NIFTYNXT50,29-Sep-2026,74200.0,PE,72207.3,1510.7,550,2461.35,550,0.0,1986.025,0,0,0,0,0,,,,,,,,,,,,,,,0.021973290563736682,,,,,,11.29,25,72077.65,72299.8,72043.8,72025.4,mid_price,no_price_available
2026-09-21T09:30:50.308782+00:00,2026-09-21T15:00:50.308782+05:30,NIFTYNXT50,29-Sep-2026,74300.0,CE,72207.3,0.1,50,170.05,25,0.0,85.075,1,0,0,0,17.5,0.14872362183070845,0.00012375870906826728,-28.66302960208243,24.81253461213906,1.4143659276324438,-0.0167800694566863,157.71623279659153,6.630383502878876e-08,7.948329688161075e-05,-1.62780871406233e-06,-3.417374628409297,75.43955344348738,-0.14261883863536493,0.0001168854235955379,0.021973290563736682,72350,0.08985018656250607,0.01,index_dividend_yield,0.065,11.29,25,72077.65,72299.8,72043.8,72025.4,mid_price,wide_quote_low_liquidity
2026-09-21T09:30:50.308782+00:00,2026-09-21T15:00:50.308782+05:30,NIFTYNXT50,29-Sep-2026,74300.0,PE,72207.3,1654.7,550,2516,550,0.0,2085.35,0,0,0,0,0,,,,,,,,,,,,,,,0.021973290563736682,,,,,,11.29,25,72077.65,72299.8,72043.8,72025.4,mid_price,no_price_available
2026-09-21T09:30:50.308782+00:00,2026-09-21T15:00:50.308782+05:30,NIFTYNXT50,29-Sep-2026,74400.0,CE,72207.3,0.05,50,158.2,75,0.0,79.125,0,0,0,0,0,,,,,,,,,,,,,,,0.021973290563736682,72350,0.08985018656250607,0.01,index_dividend_yield,0.065,11.29,25,72077.65,72299.8,72043.8,72025.4,mid_price,no_nse_iv
2026-09-21T09:30:50.308782+00:00,2026-09-21T15:00:50.308782+05:30,NIFTYNXT50,29-Sep-2026,74400.0,PE,72207.3,1718.9,550,2640.15,550,0.0,2179.525,0,0,0,0,0,,,,,,,,,,,,,,,0.021973290563736682,,,,,,11.29,25,72077.65,72299.8,72043.8,72025.4,mid_price,no_price_available
2026-09-21T09:30:50.308782+00:00,2026-09-21T15:00:50.308782+05:30,NIFTYNXT50,29-Sep-2026,74500.0,CE,72207.3,33.05,25,44.5,25,47,38.775,23,3,13,-7.8431372549019605,13.26,0.06437295506230836,8.866170180339026e-05,-11.827663732033779,13.469047911623624,1.4600677140497385,-0.013027834731411794,237.3840294231222,9.284551197575546e-08,0.0008940502508159072,-8.431511221704098e-06,-2.9572114330854626,117.61518689865285,-0.061861434828002014,8.328863212047605e-05,0.021973290563736682,72350,0.08985018656250607,0.01,index_dividend_yield,0.065,11.29,25,72077.65,72299.8,72043.8,72025.4,mid_price,wide_quote_low_liquidity
2026-09-21T09:30:50.308782+00:00,2026-09-21T15:00:50.308782+05:30,NIFTYNXT50,29-Sep-2026,74500.0,PE,72207.3,1908.7,475,2580.05,550,0.0,2244.375,15,0,0,0,0,,,,,,,,,,,,,,,0.021973290563736682,,,,,,11.29,25,72077.65,72299.8,72043.8,72025.4,mid_price,no_price_available
2026-09-21T09:30:50.308782+00:00,2026-09-21T15:00:50.308782+05:30,NIFTYNXT50,29-Sep-2026,74600.0,CE,72207.3,15.15,25,56.95,25,0.0,36.050000000000004,38,0,0,0,15.43,0.08673922697540873,9.565310274152136e-05,-17.19774274450279,16.90917032270102,1.416804431102772,-0.014665463367121302,206.39564093075256,7.673019296897158e-08,0.0005476888006126503,-6.1373636421378e-06,-3.1899032348489245,95.86626935550602,-0.08308140282754398,8.961560045733238e-05,0.021973290563736682,72350,0.08985018656250607,0.01,index_dividend_yield,0.065,11.29,25,72077.65,72299.8,72043.8,72025.4,mid_price,wide_quote_low_liquidity
2026-09-21T09:30:50.308782+00:00,2026-09-21T15:00:50.308782+05:30,NIFTYNXT50,29-Sep-2026,74600.0,PE,72207.3,1966.7,550,2749.85,550,0.0,2358.275,0,0,0,0,0,,,,,,,,,,,,,,,0.021973290563736682,,,,,,11.29,25,72077.65,72299.8,72043.8,72025.4,mid_price,no_price_available
2026-09-21T09:30:50.308782+00:00,2026-09-21T15:00:50.308782+05:30,NIFTYNXT50,29-Sep-2026,74700.0,CE,72207.3,0.05,50,75.9,225,126.45,37.975,1,1,1,-94.71980958743946,18.45,0.11836136813268033,0.0001003112981989852,-25.655976909259756,21.203303613246977,1.299619170095259,-0.016039604500734893,164.57658228723025,5.815690850595998e-08,0.00023493209162924014,-3.3676317229251987e-06,-3.352348685406395,75.40783857563547,-0.1128944721065959,9.37283257429261e-05,0.021973290563736682,72350,0.08985018656250607,0.01,index_dividend_yield,0.065,11.29,25,72077.65,72299.8,72043.8,72025.4,mid_price,wide_quote_low_liquidity
2026-09-21T09:30:50.308782+00:00,2026-09-21T15:00:50.308782+05:30,NIFTYNXT50,29-Sep-2026,74700.0,PE,72207.3,2057.55,550,2873.3,550,0.0,2465.425,0,0,0,0,17.28,,,,,,,,,,,,,,,0.021973290563736682,,,,,,11.29,25,72077.65,72299.8,72043.8,72025.4,mid_price,no_price_available
2026-09-21T09:30:50.308782+00:00,2026-09-21T15:00:50.308782+05:30,NIFTYNXT50,29-Sep-2026,74800.0,CE,72207.3,10,25,106.2,725,0.0,58.1,9,0,0,0,17.32,0.09438373916856248,9.072967892177446e-05,-20.451991358862607,18.003401723154024,1.3010839337457558,-0.015032739259673064,183.00875631850388,6.250956512275997e-08,0.0003984771692292649,-5.013325014729933e-06,-3.2361815115915835,84.11020320356555,-0.09002898393825351,8.45489834343834e-05,0.021973290563736682,72350,0.08985018656250607,0.01,index_dividend_yield,0.065,11.29,25,72077.65,72299.8,72043.8,72025.4,mid_price,wide_quote_low_liquidity
2026-09-21T09:30:50.308782+00:00,2026-09-21T15:00:50.308782+05:30,NIFTYNXT50,29-Sep-2026,74800.0,PE,72207.3,2145.35,550,2964.9,550,0.0,2555.125,0,0,0,0,0,,,,,,,,,,,,,,,0.021973290563736682,,,,,,11.29,25,72077.65,72299.8,72043.8,72025.4,mid_price,no_price_available
2026-09-21T09:30:50.308782+00:00,2026-09-21T15:00:50.308782+05:30,NIFTYNXT50,29-Sep-2026,74900.0,CE,72207.3,0.05,25,249.5,550,0.0,124.775,0,0,0,0,0,,,,,,,,,,,,,,,0.021973290563736682,72350,0.08985018656250607,0.01,index_dividend_yield,0.065,11.29,25,72077.65,72299.8,72043.8,72025.4,mid_price,no_nse_iv
2026-09-21T09:30:50.308782+00:00,2026-09-21T15:00:50.308782+05:30,NIFTYNXT50,29-Sep-2026,74900.0,PE,72207.3,2245.3,550,3071.35,550,0.0,2658.325,0,0,0,0,0,,,,,,,,,,,,,,,0.021973290563736682,,,,,,11.29,25,72077.65,72299.8,72043.8,72025.4,mid_price,no_price_available
2026-09-21T09:30:50.308782+00:00,2026-09-21T15:00:50.308782+05:30,NIFTYNXT50,29-Sep-2026,75000.0,CE,72207.3,20.05,25,33,25,33,26.525,17,-1,4,17.857142857142858,14.46,0.044250088132731714,6.0416253981814704e-05,-9.49906400927114,10.008739770125269,1.1152544571099154,-0.010703021064446552,203.3216383446028,6.550000275722962e-08,0.0008095446564500021,-8.023427348774502e-06,-2.574779450336179,114.70935978280299,-0.04223099764280948,5.600070304138534e-05,0.021973290563736682,72350,0.08985018656250607,0.01,index_dividend_yield,0.065,11.29,25,72077.65,72299.8,72043.8,72025.4,mid_price,wide_quote_low_liquidity
2026-09-21T09:30:50.308782+00:00,2026-09-21T15:00:50.308782+05:30,NIFTYNXT50,29-Sep-2026,75000.0,PE,72207.3,2349.5,550,3119.6,550,0.0,2734.55,0,0,0,0,0,,,,,,,,,,,,,,,0.021973290563736682,,,,,,11.29,25,72077.65,72299.8,72043.8,72025.4,mid_price,no_price_available
2026-09-21T09:30:50.308782+00:00,2026-09-21T15:00:50.308782+05:30,NIFTYNXT50,29-Sep-2026,75100.0,CE,0,,0,,0,0.0,,0,0,0,0,0,,,,,,,,,,,,,,,0.021973290563736682,,,,,,11.29,25,72077.65,72299.8,72043.8,72025.4,none,no_price_available
2026-09-21T09:30:50.308782+00:00,2026-09-21T15:00:50.308782+05:30,NIFTYNXT50,29-Sep-2026,75100.0,PE,72207.3,2437.7,550,3224.6,550,0.0,2831.1499999999996,0,0,0,0,0,,,,,,,,,,,,,,,0.021973290563736682,,,,,,11.29,25,72077.65,72299.8,72043.8,72025.4,mid_price,no_price_available
2026-09-21T09:30:50.308782+00:00,2026-09-21T15:00:50.308782+05:30,NIFTYNXT50,29-Sep-2026,75200.0,CE,72207.3,0.05,25,73.8,550,0.0,36.925,1,0,0,0,21.83,0.11476486920988048,8.294472755912429e-05,-29.457358577554892,20.74435000506605,1.0953654959955788,-0.01580908148707953,140.86229918591718,4.122670740594524e-08,0.00018328263211850934,-2.9681174735758305e-06,-3.32560083782123,64.29098398872276,-0.10848357944895021,7.647426573917155e-05,0.021973290563736682,72350,0.08985018656250607,0.01,index_dividend_yield,0.065,11.29,25,72077.65,72299.8,72043.8,72025.4,mid_price,wide_quote_low_liquidity
2026-09-21T09:30:50.308782+00:00,2026-09-21T15:00:50.308782+05:30,NIFTYNXT50,29-Sep-2026,75200.0,PE,72207.3,2525.85,550,3353.25,550,0.0,2939.55,0,0,0,0,0,,,,,,,,,,,,,,,0.021973290563736682,,,,,,11.29,25,72077.65,72299.8,72043.8,72025.4,mid_price,no_price_available
2026-09-21T09:30:50.308782+00:00,2026-09-21T15:00:50.308782+05:30,NIFTYNXT50,29-Sep-2026,75300.0,CE,0,,0,,0,0.0,,0,0,0,0,0,,,,,,,,,,,,,,,0.021973290563736682,,,,,,11.29,25,72077.65,72299.8,72043.8,72025.4,none,no_price_available
2026-09-21T09:30:50.308782+00:00,2026-09-21T15:00:50.308782+05:30,NIFTYNXT50,29-Sep-2026,75300.0,PE,72207.3,2614,550,3458.25,550,0.0,3036.125,0,0,0,0,0,,,,,,,,,,,,,,,0.021973290563736682,,,,,,11.29,25,72077.65,72299.8,72043.8,72025.4,mid_price,no_price_available
2026-09-21T09:30:50.308782+00:00,2026-09-21T15:00:50.308782+05:30,NIFTYNXT50,29-Sep-2026,75400.0,CE,0,,0,,0,0.0,,0,0,0,0,0,,,,,,,,,,,,,,,0.021973290563736682,,,,,,11.29,25,72077.65,72299.8,72043.8,72025.4,none,no_price_available
2026-09-21T09:30:50.308782+00:00,2026-09-21T15:00:50.308782+05:30,NIFTYNXT50,29-Sep-2026,75400.0,PE,72207.3,2657.9,550,3563.25,550,0.0,3110.575,0,0,0,0,0,,,,,,,,,,,,,,,0.021973290563736682,,,,,,11.29,25,72077.65,72299.8,72043.8,72025.4,mid_price,no_price_available
2026-09-21T09:30:50.308782+00:00,2026-09-21T15:00:50.308782+05:30,NIFTYNXT50,29-Sep-2026,75500.0,CE,0,,0,,0,0.0,,0,0,0,0,0,,,,,,,,,,,,,,,0.021973290563736682,,,,,,11.29,25,72077.65,72299.8,72043.8,72025.4,none,no_price_available
2026-09-21T09:30:50.308782+00:00,2026-09-21T15:00:50.308782+05:30,NIFTYNXT50,29-Sep-2026,75500.0,PE,72207.3,2746.05,550,3668.25,550,0.0,3207.15,0,0,0,0,0,,,,,,,,,,,,,,,0.021973290563736682,,,,,,11.29,25,72077.65,72299.8,72043.8,72025.4,mid_price,no_price_available
2026-09-21T09:30:50.308782+00:00,2026-09-21T15:00:50.308782+05:30,NIFTYNXT50,29-Sep-2026,75600.0,CE,72207.3,0.05,25,75,25,0.0,37.525,0,0,0,0,0,,,,,,,,,,,,,,,0.021973290563736682,72350,0.08985018656250607,0.01,index_dividend_yield,0.065,11.29,25,72077.65,72299.8,72043.8,72025.4,mid_price,no_nse_iv
2026-09-21T09:30:50.308782+00:00,2026-09-21T15:00:50.308782+05:30,NIFTYNXT50,29-Sep-2026,75600.0,PE,72207.3,2834.2,550,3817.35,550,0.0,3325.7749999999996,0,0,0,0,0,,,,,,,,,,,,,,,0.021973290563736682,,,,,,11.29,25,72077.65,72299.8,72043.8,72025.4,mid_price,no_price_available
2026-09-21T09:30:50.308782+00:00,2026-09-21T15:00:50.308782+05:30,NIFTYNXT50,29-Sep-2026,75700.0,CE,0,,0,,0,0.0,,0,0,0,0,0,,,,,,,,,,,,,,,0.021973290563736682,,,,,,11.29,25,72077.65,72299.8,72043.8,72025.4,none,no_price_available
2026-09-21T09:30:50.308782+00:00,2026-09-21T15:00:50.308782+05:30,NIFTYNXT50,29-Sep-2026,75700.0,PE,72207.3,2923.25,550,3922.35,550,0.0,3422.8,0,0,0,0,0,,,,,,,,,,,,,,,0.021973290563736682,,,,,,11.29,25,72077.65,72299.8,72043.8,72025.4,mid_price,no_price_available
2026-09-21T09:30:50.308782+00:00,2026-09-21T15:00:50.308782+05:30,NIFTYNXT50,29-Sep-2026,75800.0,CE,0,,0,,0,0.0,,0,0,0,0,0,,,,,,,,,,,,,,,0.021973290563736682,,,,,,11.29,25,72077.65,72299.8,72043.8,72025.4,none,no_price_available
2026-09-21T09:30:50.308782+00:00,2026-09-21T15:00:50.308782+05:30,NIFTYNXT50,29-Sep-2026,75800.0,PE,72207.3,3054.8,550,4027.35,550,0.0,3541.075,0,0,0,0,0,,,,,,,,,,,,,,,0.021973290563736682,,,,,,11.29,25,72077.65,72299.8,72043.8,72025.4,mid_price,no_price_available
2026-09-21T09:30:50.308782+00:00,2026-09-21T15:00:50.308782+05:30,NIFTYNXT50,29-Sep-2026,75900.0,CE,0,,0,,0,0.0,,0,0,0,0,0,,,,,,,,,,,,,,,0.021973290563736682,,,,,,11.29,25,72077.65,72299.8,72043.8,72025.4,none,no_price_available
2026-09-21T09:30:50.308782+00:00,2026-09-21T15:00:50.308782+05:30,NIFTYNXT50,29-Sep-2026,75900.0,PE,72207.3,3142.95,550,4132.35,550,0.0,3637.65,0,0,0,0,0,,,,,,,,,,,,,,,0.021973290563736682,,,,,,11.29,25,72077.65,72299.8,72043.8,72025.4,mid_price,no_price_available
2026-09-21T09:30:50.308782+00:00,2026-09-21T15:00:50.308782+05:30,NIFTYNXT50,29-Sep-2026,76000.0,CE,72207.3,,0,68,25,0.0,,0,0,0,0,0,,,,,,,,,,,,,,,0.021973290563736682,,,,,,11.29,25,72077.65,72299.8,72043.8,72025.4,none,no_price_available
2026-09-21T09:30:50.308782+00:00,2026-09-21T15:00:50.308782+05:30,NIFTYNXT50,29-Sep-2026,76000.0,PE,72207.3,3231.1,550,4248.35,550,0.0,3739.7250000000004,0,0,0,0,0,,,,,,,,,,,,,,,0.021973290563736682,,,,,,11.29,25,72077.65,72299.8,72043.8,72025.4,mid_price,no_price_available
2026-09-21T09:30:50.308782+00:00,2026-09-21T15:00:50.308782+05:30,NIFTYNXT50,29-Sep-2026,76100.0,CE,0,,0,,0,0.0,,0,0,0,0,0,,,,,,,,,,,,,,,0.021973290563736682,,,,,,11.29,25,72077.65,72299.8,72043.8,72025.4,none,no_price_available
2026-09-21T09:30:50.308782+00:00,2026-09-21T15:00:50.308782+05:30,NIFTYNXT50,29-Sep-2026,76100.0,PE,72207.3,3275,550,4353.35,550,0.0,3814.175,0,0,0,0,0,,,,,,,,,,,,,,,0.021973290563736682,,,,,,11.29,25,72077.65,72299.8,72043.8,72025.4,mid_price,no_price_available
2026-09-21T09:30:50.308782+00:00,2026-09-21T15:00:50.308782+05:30,NIFTYNXT50,29-Sep-2026,76200.0,CE,0,,0,,0,0.0,,0,0,0,0,0,,,,,,,,,,,,,,,0.021973290563736682,,,,,,11.29,25,72077.65,72299.8,72043.8,72025.4,none,no_price_available
2026-09-21T09:30:50.308782+00:00,2026-09-21T15:00:50.308782+05:30,NIFTYNXT50,29-Sep-2026,76200.0,PE,72207.3,3363.15,550,4458.35,550,0.0,3910.75,0,0,0,0,0,,,,,,,,,,,,,,,0.021973290563736682,,,,,,11.29,25,72077.65,72299.8,72043.8,72025.4,mid_price,no_price_available
2026-09-21T09:30:50.308782+00:00,2026-09-21T15:00:50.308782+05:30,NIFTYNXT50,29-Sep-2026,76300.0,CE,0,,0,,0,0.0,,0,0,0,0,0,,,,,,,,,,,,,,,0.021973290563736682,,,,,,11.29,25,72077.65,72299.8,72043.8,72025.4,none,no_price_available
2026-09-21T09:30:50.308782+00:00,2026-09-21T15:00:50.308782+05:30,NIFTYNXT50,29-Sep-2026,76300.0,PE,72207.3,3455.9,550,4563.35,550,0.0,4009.625,0,0,0,0,0,,,,,,,,,,,,,,,0.021973290563736682,,,,,,11.29,25,72077.65,72299.8,72043.8,72025.4,mid_price,no_price_available
2026-09-21T09:30:50.308782+00:00,2026-09-21T15:00:50.308782+05:30,NIFTYNXT50,29-Sep-2026,76400.0,CE,0,,0,,0,0.0,,0,0,0,0,0,,,,,,,,,,,,,,,0.021973290563736682,,,,,,11.29,25,72077.65,72299.8,72043.8,72025.4,none,no_price_available
2026-09-21T09:30:50.308782+00:00,2026-09-21T15:00:50.308782+05:30,NIFTYNXT50,29-Sep-2026,76400.0,PE,72207.3,3544.1,550,4668.35,550,0.0,4106.225,0,0,0,0,0,,,,,,,,,,,,,,,0.021973290563736682,,,,,,11.29,25,72077.65,72299.8,72043.8,72025.4,mid_price,no_price_available
2026-09-21T09:30:50.308782+00:00,2026-09-21T15:00:50.308782+05:30,NIFTYNXT50,29-Sep-2026,76500.0,CE,0,,0,,0,0.0,,0,0,0,0,0,,,,,,,,,,,,,,,0.021973290563736682,,,,,,11.29,25,72077.65,72299.8,72043.8,72025.4,none,no_price_available
2026-09-21T09:30:50.308782+00:00,2026-09-21T15:00:50.308782+05:30,NIFTYNXT50,29-Sep-2026,76500.0,PE,72207.3,3634.7,550,4773.35,550,0.0,4204.025,0,0,0,0,0,,,,,,,,,,,,,,,0.021973290563736682,,,,,,11.29,25,72077.65,72299.8,72043.8,72025.4,mid_price,no_price_available
2026-09-21T09:30:50.308782+00:00,2026-09-21T15:00:50.308782+05:30,NIFTYNXT50,29-Sep-2026,76600.0,CE,72207.3,0.9,100,99,25,0.0,49.95,1,0,0,0,24.29,0.056062968133047245,4.34364554609155e-05,-18.903210364068222,12.087575613719649,0.755309063139014,-0.011902987123767205,128.43076250164654,2.5881916536617755e-08,0.0002826953120230679,-4.573206444991899e-06,-2.776986482355406,66.12771619532236,-0.05204880325942947,3.8597488911240435e-05,0.021973290563736682,72350,0.08985018656250607,0.01,index_dividend_yield,0.065,11.29,25,72077.65,72299.8,72043.8,72025.4,mid_price,wide_quote_low_liquidity
2026-09-21T09:30:50.308782+00:00,2026-09-21T15:00:50.308782+05:30,NIFTYNXT50,29-Sep-2026,76600.0,PE,72207.3,3726.75,550,4878.35,550,0.0,4302.55,0,0,0,0,0,,,,,,,,,,,,,,,0.021973290563736682,,,,,,11.29,25,72077.65,72299.8,72043.8,72025.4,mid_price,no_price_available
2026-09-21T09:30:50.308782+00:00,2026-09-21T15:00:50.308782+05:30,NIFTYNXT50,29-Sep-2026,76700.0,CE,72207.3,6,25,14.5,50,14.55,10.25,35,-1,1,-80.06849315068493,18.8,0.017483694571131102,2.1458850480646876e-05,-5.605023525870845,4.621911375205966,0.4907162659339281,-0.005978430033327217,110.7532905549884,2.2330257992677316e-08,0.0004000686860307853,-4.928952292060251e-06,-1.6373347774847835,100.2761278551204,-0.016295445097718804,1.901857343695804e-05,0.021973290563736682,72350,0.08985018656250607,0.01,index_dividend_yield,0.065,11.29,25,72077.65,72299.8,72043.8,72025.4,mid_price,wide_quote_low_liquidity
2026-09-21T09:30:50.308782+00:00,2026-09-21T15:00:50.308782+05:30,NIFTYNXT50,29-Sep-2026,76700.0,PE,72207.3,3815.45,550,4908.85,550,0.0,4362.15,0,0,0,0,0,,,,,,,,,,,,,,,0.021973290563736682,,,,,,11.29,25,72077.65,72299.8,72043.8,72025.4,mid_price,no_price_available
2026-09-21T09:30:50.308782+00:00,2026-09-21T15:00:50.308782+05:30,NIFTYNXT50,29-Sep-2026,76800.0,CE,0,,0,,0,0.0,,0,0,0,0,0,,,,,,,,,,,,,,,0.021973290563736682,,,,,,11.29,25,72077.65,72299.8,72043.8,72025.4,none,no_price_available
2026-09-21T09:30:50.308782+00:00,2026-09-21T15:00:50.308782+05:30,NIFTYNXT50,29-Sep-2026,76800.0,PE,72207.3,3903.6,550,4990.75,550,0.0,4447.175,0,0,0,0,0,,,,,,,,,,,,,,,0.021973290563736682,,,,,,11.29,25,72077.65,72299.8,72043.8,72025.4,mid_price,no_price_available
2026-09-21T09:30:50.308782+00:00,2026-09-21T15:00:50.308782+05:30,NIFTYNXT50,29-Sep-2026,76900.0,CE,0,,0,,0,0.0,,0,0,0,0,0,,,,,,,,,,,,,,,0.021973290563736682,,,,,,11.29,25,72077.65,72299.8,72043.8,72025.4,none,no_price_available
2026-09-21T09:30:50.308782+00:00,2026-09-21T15:00:50.308782+05:30,NIFTYNXT50,29-Sep-2026,76900.0,PE,72207.3,3994.4,550,5121.55,550,0.0,4557.975,0,0,0,0,0,,,,,,,,,,,,,,,0.021973290563736682,,,,,,11.29,25,72077.65,72299.8,72043.8,72025.4,mid_price,no_price_available
2026-09-21T09:30:50.308782+00:00,2026-09-21T15:00:50.308782+05:30,NIFTYNXT50,29-Sep-2026,77000.0,CE,72207.3,,0,,0,0.0,,0,0,0,0,0,,,,,,,,,,,,,,,0.021973290563736682,,,,,,11.29,25,72077.65,72299.8,72043.8,72025.4,none,no_price_available
2026-09-21T09:30:50.308782+00:00,2026-09-21T15:00:50.308782+05:30,NIFTYNXT50,29-Sep-2026,77000.0,PE,72207.3,4083.45,550,5244.75,550,0.0,4664.1,0,0,0,0,0,,,,,,,,,,,,,,,0.021973290563736682,,,,,,11.29,25,72077.65,72299.8,72043.8,72025.4,mid_price,no_price_available
2026-09-21T09:30:50.308782+00:00,2026-09-21T15:00:50.308782+05:30,NIFTYNXT50,29-Sep-2026,77100.0,CE,0,,0,,0,0.0,,0,0,0,0,0,,,,,,,,,,,,,,,0.021973290563736682,,,,,,11.29,25,72077.65,72299.8,72043.8,72025.4,none,no_price_available
2026-09-21T09:30:50.308782+00:00,2026-09-21T15:00:50.308782+05:30,NIFTYNXT50,29-Sep-2026,77100.0,PE,72207.3,4176,550,5351.4,550,0.0,4763.7,0,0,0,0,0,,,,,,,,,,,,,,,0.021973290563736682,,,,,,11.29,25,72077.65,72299.8,72043.8,72025.4,mid_price,no_price_available
2026-09-21T09:30:50.308782+00:00,2026-09-21T15:00:50.308782+05:30,NIFTYNXT50,29-Sep-2026,77200.0,CE,0,,0,,0,0.0,,0,0,0,0,0,,,,,,,,,,,,,,,0.021973290563736682,,,,,,11.29,25,72077.65,72299.8,72043.8,72025.4,none,no_price_available
2026-09-21T09:30:50.308782+00:00,2026-09-21T15:00:50.308782+05:30,NIFTYNXT50,29-Sep-2026,77200.0,PE,72207.3,4273,550,5458.1,550,0.0,4865.55,0,0,0,0,0,,,,,,,,,,,,,,,0.021973290563736682,,,,,,11.29,25,72077.65,72299.8,72043.8,72025.4,mid_price,no_price_available
2026-09-21T09:30:50.308782+00:00,2026-09-21T15:00:50.308782+05:30,NIFTYNXT50,29-Sep-2026,77300.0,CE,0,,0,,0,0.0,,0,0,0,0,0,,,,,,,,,,,,,,,0.021973290563736682,,,,,,11.29,25,72077.65,72299.8,72043.8,72025.4,none,no_price_available
2026-09-21T09:30:50.308782+00:00,2026-09-21T15:00:50.308782+05:30,NIFTYNXT50,29-Sep-2026,77300.0,PE,72207.3,4332.95,550,5564.8,550,0.0,4948.875,0,0,0,0,0,,,,,,,,,,,,,,,0.021973290563736682,,,,,,11.29,25,72077.65,72299.8,72043.8,72025.4,mid_price,no_price_available
2026-09-21T09:30:50.308782+00:00,2026-09-21T15:00:50.308782+05:30,NIFTYNXT50,29-Sep-2026,77400.0,CE,0,,0,,0,0.0,,0,0,0,0,0,,,,,,,,,,,,,,,0.021973290563736682,,,,,,11.29,25,72077.65,72299.8,72043.8,72025.4,none,no_price_available
2026-09-21T09:30:50.308782+00:00,2026-09-21T15:00:50.308782+05:30,NIFTYNXT50,29-Sep-2026,77400.0,PE,72207.3,4421.1,550,5671.45,550,0.0,5046.275,0,0,0,0,0,,,,,,,,,,,,,,,0.021973290563736682,,,,,,11.29,25,72077.65,72299.8,72043.8,72025.4,mid_price,no_price_available
2026-09-21T09:30:50.308782+00:00,2026-09-21T15:00:50.308782+05:30,NIFTYNXT50,29-Sep-2026,77500.0,CE,72207.3,,0,,0,0.0,,0,0,0,0,0,,,,,,,,,,,,,,,0.021973290563736682,,,,,,11.29,25,72077.65,72299.8,72043.8,72025.4,none,no_price_available
2026-09-21T09:30:50.308782+00:00,2026-09-21T15:00:50.308782+05:30,NIFTYNXT50,29-Sep-2026,77500.0,PE,72207.3,4509.25,550,5760.35,550,0.0,5134.8,0,0,0,0,0,,,,,,,,,,,,,,,0.021973290563736682,,,,,,11.29,25,72077.65,72299.8,72043.8,72025.4,mid_price,no_price_available
2026-09-21T09:30:50.308782+00:00,2026-09-21T15:00:50.308782+05:30,NIFTYNXT50,29-Sep-2026,77600.0,CE,72207.3,5.5,25,14.95,25,0.0,10.225,11,0,0,0,20.58,0.010549017380853025,1.2676165751837965e-05,-3.9479638606045753,2.988756890804304,0.3170338528340911,-0.004201090663099767,78.25499955456361,1.3212554674636896e-08,0.000270304088226385,-3.6075182242626673e-06,-1.2232953953174692,97.09733584344787,-0.009714834946417403,1.097555976212373e-05,0.021973290563736682,72350,0.08985018656250607,0.01,index_dividend_yield,0.065,11.29,25,72077.65,72299.8,72043.8,72025.4,mid_price,wide_quote_low_liquidity
2026-09-21T09:30:50.308782+00:00,2026-09-21T15:00:50.308782+05:30,NIFTYNXT50,29-Sep-2026,77600.0,PE,72207.3,4597.4,550,5861.75,550,0.0,5229.575,0,0,0,0,0,,,,,,,,,,,,,,,0.021973290563736682,,,,,,11.29,25,72077.65,72299.8,72043.8,72025.4,mid_price,no_price_available
2026-09-21T09:30:50.308782+00:00,2026-09-21T15:00:50.308782+05:30,NIFTYNXT50,29-Sep-2026,77700.0,CE,0,,0,,0,0.0,,0,0,0,0,0,,,,,,,,,,,,,,,0.021973290563736682,,,,,,11.29,25,72077.65,72299.8,72043.8,72025.4,none,no_price_available
2026-09-21T09:30:50.308782+00:00,2026-09-21T15:00:50.308782+05:30,NIFTYNXT50,29-Sep-2026,77700.0,PE,72207.3,4685.55,550,5971.4,550,0.0,5328.475,0,0,0,0,0,,,,,,,,,,,,,,,0.021973290563736682,,,,,,11.29,25,72077.65,72299.8,72043.8,72025.4,mid_price,no_price_available
2026-09-21T09:30:50.308782+00:00,2026-09-21T15:00:50.308782+05:30,NIFTYNXT50,29-Sep-2026,77800.0,CE,0,,0,,0,0.0,,0,0,0,0,0,,,,,,,,,,,,,,,0.021973290563736682,,,,,,11.29,25,72077.65,72299.8,72043.8,72025.4,none,no_price_available
2026-09-21T09:30:50.308782+00:00,2026-09-21T15:00:50.308782+05:30,NIFTYNXT50,29-Sep-2026,77800.0,PE,72207.3,4773.75,550,6075.1,550,0.0,5424.425,0,0,0,0,0,,,,,,,,,,,,,,,0.021973290563736682,,,,,,11.29,25,72077.65,72299.8,72043.8,72025.4,mid_price,no_price_available
2026-09-21T09:30:50.308782+00:00,2026-09-21T15:00:50.308782+05:30,NIFTYNXT50,29-Sep-2026,77900.0,CE,0,,0,,0,0.0,,0,0,0,0,0,,,,,,,,,,,,,,,0.021973290563736682,,,,,,11.29,25,72077.65,72299.8,72043.8,72025.4,none,no_price_available
2026-09-21T09:30:50.308782+00:00,2026-09-21T15:00:50.308782+05:30,NIFTYNXT50,29-Sep-2026,77900.0,PE,72207.3,4866.5,550,6181.7,550,0.0,5524.1,0,0,0,0,0,,,,,,,,,,,,,,,0.021973290563736682,,,,,,11.29,25,72077.65,72299.8,72043.8,72025.4,mid_price,no_price_available
2026-09-21T09:30:50.308782+00:00,2026-09-21T15:00:50.308782+05:30,NIFTYNXT50,29-Sep-2026,78000.0,CE,72207.3,,0,,0,0.0,,0,0,0,0,0,,,,,,,,,,,,,,,0.021973290563736682,,,,,,11.29,25,72077.65,72299.8,72043.8,72025.4,none,no_price_available
2026-09-21T09:30:50.308782+00:00,2026-09-21T15:00:50.308782+05:30,NIFTYNXT50,29-Sep-2026,78000.0,PE,72207.3,4954.65,550,6292.7,550,0.0,5623.674999999999,0,0,0,0,0,,,,,,,,,,,,,,,0.021973290563736682,,,,,,11.29,25,72077.65,72299.8,72043.8,72025.4,mid_price,no_price_available
2026-09-21T09:30:50.308782+00:00,2026-09-21T15:00:50.308782+05:30,NIFTYNXT50,29-Sep-2026,78100.0,CE,0,,0,,0,0.0,,0,0,0,0,0,,,,,,,,,,,,,,,0.021973290563736682,,,,,,11.29,25,72077.65,72299.8,72043.8,72025.4,none,no_price_available
2026-09-21T09:30:50.308782+00:00,2026-09-21T15:00:50.308782+05:30,NIFTYNXT50,29-Sep-2026,78100.0,PE,72207.3,5042.8,550,6398.05,550,0.0,5720.425,0,0,0,0,0,,,,,,,,,,,,,,,0.021973290563736682,,,,,,11.29,25,72077.65,72299.8,72043.8,72025.4,mid_price,no_price_available
2026-09-21T09:30:50.308782+00:00,2026-09-21T15:00:50.308782+05:30,NIFTYNXT50,29-Sep-2026,78200.0,CE,0,,0,,0,0.0,,0,0,0,0,0,,,,,,,,,,,,,,,0.021973290563736682,,,,,,11.29,25,72077.65,72299.8,72043.8,72025.4,none,no_price_available
2026-09-21T09:30:50.308782+00:00,2026-09-21T15:00:50.308782+05:30,NIFTYNXT50,29-Sep-2026,78200.0,PE,72207.3,5097.65,550,6504.75,550,0.0,5801.2,0,0,0,0,0,,,,,,,,,,,,,,,0.021973290563736682,,,,,,11.29,25,72077.65,72299.8,72043.8,72025.4,mid_price,no_price_available
2026-09-21T09:30:50.308782+00:00,2026-09-21T15:00:50.308782+05:30,NIFTYNXT50,29-Sep-2026,78300.0,CE,0,,0,,0,0.0,,0,0,0,0,0,,,,,,,,,,,,,,,0.021973290563736682,,,,,,11.29,25,72077.65,72299.8,72043.8,72025.4,none,no_price_available
2026-09-21T09:30:50.308782+00:00,2026-09-21T15:00:50.308782+05:30,NIFTYNXT50,29-Sep-2026,78300.0,PE,72207.3,5185.8,550,6611.4,550,0.0,5898.6,0,0,0,0,0,,,,,,,,,,,,,,,0.021973290563736682,,,,,,11.29,25,72077.65,72299.8,72043.8,72025.4,mid_price,no_price_available
2026-09-21T09:30:50.308782+00:00,2026-09-21T15:00:50.308782+05:30,NIFTYNXT50,29-Sep-2026,78400.0,CE,0,,0,,0,0.0,,0,0,0,0,0,,,,,,,,,,,,,,,0.021973290563736682,,,,,,11.29,25,72077.65,72299.8,72043.8,72025.4,none,no_price_available
2026-09-21T09:30:50.308782+00:00,2026-09-21T15:00:50.308782+05:30,NIFTYNXT50,29-Sep-2026,78400.0,PE,72207.3,5273.95,550,6717.65,550,0.0,5995.799999999999,0,0,0,0,0,,,,,,,,,,,,,,,0.021973290563736682,,,,,,11.29,25,72077.65,72299.8,72043.8,72025.4,mid_price,no_price_available
2026-09-21T09:30:50.308782+00:00,2026-09-21T15:00:50.308782+05:30,NIFTYNXT50,29-Sep-2026,78500.0,CE,72207.3,,0,,0,0.0,,0,0,0,0,0,,,,,,,,,,,,,,,0.021973290563736682,,,,,,11.29,25,72077.65,72299.8,72043.8,72025.4,none,no_price_available
2026-09-21T09:30:50.308782+00:00,2026-09-21T15:00:50.308782+05:30,NIFTYNXT50,29-Sep-2026,78500.0,PE,72207.3,5362.1,550,6821.1,550,0.0,6091.6,0,0,0,0,0,,,,,,,,,,,,,,,0.021973290563736682,,,,,,11.29,25,72077.65,72299.8,72043.8,72025.4,mid_price,no_price_available
2026-09-21T09:30:50.308782+00:00,2026-09-21T15:00:50.308782+05:30,NIFTYNXT50,29-Sep-2026,78600.0,CE,0,,0,,0,0.0,,0,0,0,0,0,,,,,,,,,,,,,,,0.021973290563736682,,,,,,11.29,25,72077.65,72299.8,72043.8,72025.4,none,no_price_available
2026-09-21T09:30:50.308782+00:00,2026-09-21T15:00:50.308782+05:30,NIFTYNXT50,29-Sep-2026,78600.0,PE,72207.3,5450.3,550,6927.8,550,0.0,6189.05,0,0,0,0,0,,,,,,,,,,,,,,,0.021973290563736682,,,,,,11.29,25,72077.65,72299.8,72043.8,72025.4,mid_price,no_price_available
2026-09-21T09:30:50.308782+00:00,2026-09-21T15:00:50.308782+05:30,NIFTYNXT50,29-Sep-2026,78700.0,CE,0,,0,,0,0.0,,0,0,0,0,0,,,,,,,,,,,,,,,0.021973290563736682,,,,,,11.29,25,72077.65,72299.8,72043.8,72025.4,none,no_price_available
2026-09-21T09:30:50.308782+00:00,2026-09-21T15:00:50.308782+05:30,NIFTYNXT50,29-Sep-2026,78700.0,PE,72207.3,5538.45,550,7026.9,550,0.0,6282.674999999999,0,0,0,0,0,,,,,,,,,,,,,,,0.021973290563736682,,,,,,11.29,25,72077.65,72299.8,72043.8,72025.4,mid_price,no_price_available
2026-09-21T09:30:50.308782+00:00,2026-09-21T15:00:50.308782+05:30,NIFTYNXT50,29-Sep-2026,78800.0,CE,0,,0,,0,0.0,,0,0,0,0,0,,,,,,,,,,,,,,,0.021973290563736682,,,,,,11.29,25,72077.65,72299.8,72043.8,72025.4,none,no_price_available
2026-09-21T09:30:50.308782+00:00,2026-09-21T15:00:50.308782+05:30,NIFTYNXT50,29-Sep-2026,78800.0,PE,72207.3,5626.05,550,7133.85,550,0.0,6379.950000000001,0,0,0,0,0,,,,,,,,,,,,,,,0.021973290563736682,,,,,,11.29,25,72077.65,72299.8,72043.8,72025.4,mid_price,no_price_available
2026-09-21T09:30:50.308782+00:00,2026-09-21T15:00:50.308782+05:30,NIFTYNXT50,29-Sep-2026,78900.0,CE,0,,0,,0,0.0,,0,0,0,0,0,,,,,,,,,,,,,,,0.021973290563736682,,,,,,11.29,25,72077.65,72299.8,72043.8,72025.4,none,no_price_available
2026-09-21T09:30:50.308782+00:00,2026-09-21T15:00:50.308782+05:30,NIFTYNXT50,29-Sep-2026,78900.0,PE,72207.3,5714.75,550,7240.5,550,0.0,6477.625,0,0,0,0,0,,,,,,,,,,,,,,,0.021973290563736682,,,,,,11.29,25,72077.65,72299.8,72043.8,72025.4,mid_price,no_price_available
2026-09-21T09:30:50.308782+00:00,2026-09-21T15:00:50.308782+05:30,NIFTYNXT50,29-Sep-2026,79000.0,CE,72207.3,,0,,0,0.0,,0,0,0,0,0,,,,,,,,,,,,,,,0.021973290563736682,,,,,,11.29,25,72077.65,72299.8,72043.8,72025.4,none,no_price_available
2026-09-21T09:30:50.308782+00:00,2026-09-21T15:00:50.308782+05:30,NIFTYNXT50,29-Sep-2026,79000.0,PE,72207.3,5802.4,550,7343.25,550,0.0,6572.825,0,0,0,0,0,,,,,,,,,,,,,,,0.021973290563736682,,,,,,11.29,25,72077.65,72299.8,72043.8,72025.4,mid_price,no_price_available
2026-09-21T09:30:50.308782+00:00,2026-09-21T15:00:50.308782+05:30,NIFTYNXT50,29-Sep-2026,79100.0,CE,0,,0,,0,0.0,,0,0,0,0,0,,,,,,,,,,,,,,,0.021973290563736682,,,,,,11.29,25,72077.65,72299.8,72043.8,72025.4,none,no_price_available
2026-09-21T09:30:50.308782+00:00,2026-09-21T15:00:50.308782+05:30,NIFTYNXT50,29-Sep-2026,79100.0,PE,72207.3,5891.1,550,7449.5,550,0.0,6670.3,0,0,0,0,0,,,,,,,,,,,,,,,0.021973290563736682,,,,,,11.29,25,72077.65,72299.8,72043.8,72025.4,mid_price,no_price_available
2026-09-21T09:30:50.308782+00:00,2026-09-21T15:00:50.308782+05:30,NIFTYNXT50,29-Sep-2026,79200.0,CE,0,,0,,0,0.0,,0,0,0,0,0,,,,,,,,,,,,,,,0.021973290563736682,,,,,,11.29,25,72077.65,72299.8,72043.8,72025.4,none,no_price_available
2026-09-21T09:30:50.308782+00:00,2026-09-21T15:00:50.308782+05:30,NIFTYNXT50,29-Sep-2026,79200.0,PE,72207.3,5979.25,550,7556.7,550,0.0,6767.975,0,0,0,0,0,,,,,,,,,,,,,,,0.021973290563736682,,,,,,11.29,25,72077.65,72299.8,72043.8,72025.4,mid_price,no_price_available
2026-09-21T09:30:50.308782+00:00,2026-09-21T15:00:50.308782+05:30,NIFTYNXT50,29-Sep-2026,79300.0,CE,0,,0,,0,0.0,,0,0,0,0,0,,,,,,,,,,,,,,,0.021973290563736682,,,,,,11.29,25,72077.65,72299.8,72043.8,72025.4,none,no_price_available
2026-09-21T09:30:50.308782+00:00,2026-09-21T15:00:50.308782+05:30,NIFTYNXT50,29-Sep-2026,79300.0,PE,72207.3,6066.85,550,7663.3,550,0.0,6865.075000000001,0,0,0,0,0,,,,,,,,,,,,,,,0.021973290563736682,,,,,,11.29,25,72077.65,72299.8,72043.8,72025.4,mid_price,no_price_available
2026-09-21T09:30:50.308782+00:00,2026-09-21T15:00:50.308782+05:30,NIFTYNXT50,29-Sep-2026,79400.0,CE,0,,0,,0,0.0,,0,0,0,0,0,,,,,,,,,,,,,,,0.021973290563736682,,,,,,11.29,25,72077.65,72299.8,72043.8,72025.4,none,no_price_available
2026-09-21T09:30:50.308782+00:00,2026-09-21T15:00:50.308782+05:30,NIFTYNXT50,29-Sep-2026,79400.0,PE,72207.3,6155.05,550,7769.5,550,0.0,6962.275,0,0,0,0,0,,,,,,,,,,,,,,,0.021973290563736682,,,,,,11.29,25,72077.65,72299.8,72043.8,72025.4,mid_price,no_price_available
2026-09-21T09:30:50.308782+00:00,2026-09-21T15:00:50.308782+05:30,NIFTYNXT50,29-Sep-2026,79500.0,CE,72207.3,,0,,0,0.0,,0,0,0,0,0,,,,,,,,,,,,,,,0.021973290563736682,,,,,,11.29,25,72077.65,72299.8,72043.8,72025.4,none,no_price_available
2026-09-21T09:30:50.308782+00:00,2026-09-21T15:00:50.308782+05:30,NIFTYNXT50,29-Sep-2026,79500.0,PE,72207.3,6243.2,550,7872.15,550,0.0,7057.674999999999,0,0,0,0,0,,,,,,,,,,,,,,,0.021973290563736682,,,,,,11.29,25,72077.65,72299.8,72043.8,72025.4,mid_price,no_price_available
2026-09-21T09:30:50.308782+00:00,2026-09-21T15:00:50.308782+05:30,NIFTYNXT50,29-Sep-2026,79600.0,CE,0,,0,,0,0.0,,0,0,0,0,0,,,,,,,,,,,,,,,0.021973290563736682,,,,,,11.29,25,72077.65,72299.8,72043.8,72025.4,none,no_price_available
2026-09-21T09:30:50.308782+00:00,2026-09-21T15:00:50.308782+05:30,NIFTYNXT50,29-Sep-2026,79600.0,PE,72207.3,6333.8,550,7978.3,550,0.0,7156.05,0,0,0,0,0,,,,,,,,,,,,,,,0.021973290563736682,,,,,,11.29,25,72077.65,72299.8,72043.8,72025.4,mid_price,no_price_available
2026-09-21T09:30:50.308782+00:00,2026-09-21T15:00:50.308782+05:30,NIFTYNXT50,29-Sep-2026,79700.0,CE,0,,0,,0,0.0,,0,0,0,0,0,,,,,,,,,,,,,,,0.021973290563736682,,,,,,11.29,25,72077.65,72299.8,72043.8,72025.4,none,no_price_available
2026-09-21T09:30:50.308782+00:00,2026-09-21T15:00:50.308782+05:30,NIFTYNXT50,29-Sep-2026,79700.0,PE,72207.3,6419.5,550,8123.95,550,0.0,7271.725,0,0,0,0,0,,,,,,,,,,,,,,,0.021973290563736682,,,,,,11.29,25,72077.65,72299.8,72043.8,72025.4,mid_price,no_price_available
2026-09-21T09:30:50.308782+00:00,2026-09-21T15:00:50.308782+05:30,NIFTYNXT50,29-Sep-2026,79800.0,CE,0,,0,,0,0.0,,0,0,0,0,0,,,,,,,,,,,,,,,0.021973290563736682,,,,,,11.29,25,72077.65,72299.8,72043.8,72025.4,none,no_price_available
2026-09-21T09:30:50.308782+00:00,2026-09-21T15:00:50.308782+05:30,NIFTYNXT50,29-Sep-2026,79800.0,PE,72207.3,6465.15,550,8230.6,550,0.0,7347.875,0,0,0,0,0,,,,,,,,,,,,,,,0.021973290563736682,,,,,,11.29,25,72077.65,72299.8,72043.8,72025.4,mid_price,no_price_available
2026-09-21T09:30:50.308782+00:00,2026-09-21T15:00:50.308782+05:30,NIFTYNXT50,29-Sep-2026,79900.0,CE,0,,0,,0,0.0,,0,0,0,0,0,,,,,,,,,,,,,,,0.021973290563736682,,,,,,11.29,25,72077.65,72299.8,72043.8,72025.4,none,no_price_available
2026-09-21T09:30:50.308782+00:00,2026-09-21T15:00:50.308782+05:30,NIFTYNXT50,29-Sep-2026,79900.0,PE,72207.3,6553.35,550,8337.3,550,0.0,7445.325,0,0,0,0,0,,,,,,,,,,,,,,,0.021973290563736682,,,,,,11.29,25,72077.65,72299.8,72043.8,72025.4,mid_price,no_price_available
2026-09-21T09:30:50.308782+00:00,2026-09-21T15:00:50.308782+05:30,NIFTYNXT50,29-Sep-2026,80000.0,CE,72207.3,,0,,0,0.0,,0,0,0,0,0,,,,,,,,,,,,,,,0.021973290563736682,,,,,,11.29,25,72077.65,72299.8,72043.8,72025.4,none,no_price_available
2026-09-21T09:30:50.308782+00:00,2026-09-21T15:00:50.308782+05:30,NIFTYNXT50,29-Sep-2026,80000.0,PE,72207.3,6641.5,550,8442.55,550,0.0,7542.025,0,0,0,0,0,,,,,,,,,,,,,,,0.021973290563736682,,,,,,11.29,25,72077.65,72299.8,72043.8,72025.4,mid_price,no_price_available
2026-09-21T09:30:50.308782+00:00,2026-09-21T15:00:50.308782+05:30,NIFTYNXT50,29-Sep-2026,80100.0,CE,0,,0,,0,0.0,,0,0,0,0,0,,,,,,,,,,,,,,,0.021973290563736682,,,,,,11.29,25,72077.65,72299.8,72043.8,72025.4,none,no_price_available
2026-09-21T09:30:50.308782+00:00,2026-09-21T15:00:50.308782+05:30,NIFTYNXT50,29-Sep-2026,80100.0,PE,72207.3,6845.7,550,8534.75,550,0.0,7690.225,0,0,0,0,0,,,,,,,,,,,,,,,0.021973290563736682,,,,,,11.29,25,72077.65,72299.8,72043.8,72025.4,mid_price,no_price_available
2026-09-21T09:30:50.308782+00:00,2026-09-21T15:00:50.308782+05:30,NIFTYNXT50,29-Sep-2026,80200.0,CE,0,,0,,0,0.0,,0,0,0,0,0,,,,,,,,,,,,,,,0.021973290563736682,,,,,,11.29,25,72077.65,72299.8,72043.8,72025.4,none,no_price_available
2026-09-21T09:30:50.308782+00:00,2026-09-21T15:00:50.308782+05:30,NIFTYNXT50,29-Sep-2026,80200.0,PE,72207.3,6794.55,550,8641.45,550,0.0,7718.0,0,0,0,0,0,,,,,,,,,,,,,,,0.021973290563736682,,,,,,11.29,25,72077.65,72299.8,72043.8,72025.4,mid_price,no_price_available
2026-09-21T09:30:50.308782+00:00,2026-09-21T15:00:50.308782+05:30,NIFTYNXT50,29-Sep-2026,80300.0,CE,0,,0,,0,0.0,,0,0,0,0,0,,,,,,,,,,,,,,,0.021973290563736682,,,,,,11.29,25,72077.65,72299.8,72043.8,72025.4,none,no_price_available
2026-09-21T09:30:50.308782+00:00,2026-09-21T15:00:50.308782+05:30,NIFTYNXT50,29-Sep-2026,80300.0,PE,72207.3,6882.55,550,8748.1,550,0.0,7815.325000000001,0,0,0,0,0,,,,,,,,,,,,,,,0.021973290563736682,,,,,,11.29,25,72077.65,72299.8,72043.8,72025.4,mid_price,no_price_available
2026-09-21T09:30:50.308782+00:00,2026-09-21T15:00:50.308782+05:30,NIFTYNXT50,29-Sep-2026,80400.0,CE,0,,0,,0,0.0,,0,0,0,0,0,,,,,,,,,,,,,,,0.021973290563736682,,,,,,11.29,25,72077.65,72299.8,72043.8,72025.4,none,no_price_available
2026-09-21T09:30:50.308782+00:00,2026-09-21T15:00:50.308782+05:30,NIFTYNXT50,29-Sep-2026,80400.0,PE,72207.3,6970.9,550,8854.8,550,0.0,7912.849999999999,0,0,0,0,0,,,,,,,,,,,,,,,0.021973290563736682,,,,,,11.29,25,72077.65,72299.8,72043.8,72025.4,mid_price,no_price_available
2026-09-21T09:30:50.308782+00:00,2026-09-21T15:00:50.308782+05:30,NIFTYNXT50,29-Sep-2026,80500.0,CE,72207.3,,0,,0,0.0,,0,0,0,0,0,,,,,,,,,,,,,,,0.021973290563736682,,,,,,11.29,25,72077.65,72299.8,72043.8,72025.4,none,no_price_available
2026-09-21T09:30:50.308782+00:00,2026-09-21T15:00:50.308782+05:30,NIFTYNXT50,29-Sep-2026,80500.0,PE,72207.3,7058.85,550,8958.3,550,0.0,8008.575,0,0,0,0,0,,,,,,,,,,,,,,,0.021973290563736682,,,,,,11.29,25,72077.65,72299.8,72043.8,72025.4,mid_price,no_price_available
2026-09-21T09:30:50.308782+00:00,2026-09-21T15:00:50.308782+05:30,NIFTYNXT50,29-Sep-2026,80600.0,CE,0,,0,,0,0.0,,0,0,0,0,0,,,,,,,,,,,,,,,0.021973290563736682,,,,,,11.29,25,72077.65,72299.8,72043.8,72025.4,none,no_price_available
2026-09-21T09:30:50.308782+00:00,2026-09-21T15:00:50.308782+05:30,NIFTYNXT50,29-Sep-2026,80600.0,PE,72207.3,7242.2,550,9064.95,550,0.0,8153.575000000001,0,0,0,0,0,,,,,,,,,,,,,,,0.021973290563736682,,,,,,11.29,25,72077.65,72299.8,72043.8,72025.4,mid_price,no_price_available
2026-09-21T09:30:50.308782+00:00,2026-09-21T15:00:50.308782+05:30,NIFTYNXT50,29-Sep-2026,80700.0,CE,0,,0,,0,0.0,,0,0,0,0,0,,,,,,,,,,,,,,,0.021973290563736682,,,,,,11.29,25,72077.65,72299.8,72043.8,72025.4,none,no_price_available
2026-09-21T09:30:50.308782+00:00,2026-09-21T15:00:50.308782+05:30,NIFTYNXT50,29-Sep-2026,80700.0,PE,72207.3,7330.35,550,9171.65,550,0.0,8251.0,0,0,0,0,0,,,,,,,,,,,,,,,0.021973290563736682,,,,,,11.29,25,72077.65,72299.8,72043.8,72025.4,mid_price,no_price_available
2026-09-21T09:30:50.308782+00:00,2026-09-21T15:00:50.308782+05:30,NIFTYNXT50,29-Sep-2026,80800.0,CE,0,,0,,0,0.0,,0,0,0,0,0,,,,,,,,,,,,,,,0.021973290563736682,,,,,,11.29,25,72077.65,72299.8,72043.8,72025.4,none,no_price_available
2026-09-21T09:30:50.308782+00:00,2026-09-21T15:00:50.308782+05:30,NIFTYNXT50,29-Sep-2026,80800.0,PE,72207.3,7418.55,550,9278.3,550,0.0,8348.425,0,0,0,0,0,,,,,,,,,,,,,,,0.021973290563736682,,,,,,11.29,25,72077.65,72299.8,72043.8,72025.4,mid_price,no_price_available
2026-09-21T09:30:50.308782+00:00,2026-09-21T15:00:50.308782+05:30,NIFTYNXT50,29-Sep-2026,80900.0,CE,0,,0,,0,0.0,,0,0,0,0,0,,,,,,,,,,,,,,,0.021973290563736682,,,,,,11.29,25,72077.65,72299.8,72043.8,72025.4,none,no_price_available
2026-09-21T09:30:50.308782+00:00,2026-09-21T15:00:50.308782+05:30,NIFTYNXT50,29-Sep-2026,80900.0,PE,72207.3,7507.6,550,9385,550,0.0,8446.3,0,0,0,0,0,,,,,,,,,,,,,,,0.021973290563736682,,,,,,11.29,25,72077.65,72299.8,72043.8,72025.4,mid_price,no_price_available
2026-09-21T09:30:50.308782+00:00,2026-09-21T15:00:50.308782+05:30,NIFTYNXT50,29-Sep-2026,81000.0,CE,72207.3,,0,,0,0.0,,0,0,0,0,0,,,,,,,,,,,,,,,0.021973290563736682,,,,,,11.29,25,72077.65,72299.8,72043.8,72025.4,none,no_price_available
2026-09-21T09:30:50.308782+00:00,2026-09-21T15:00:50.308782+05:30,NIFTYNXT50,29-Sep-2026,81000.0,PE,72207.3,7523.1,550,9492,550,0.0,8507.55,0,0,0,0,0,,,,,,,,,,,,,,,0.021973290563736682,,,,,,11.29,25,72077.65,72299.8,72043.8,72025.4,mid_price,no_price_available
2026-09-21T09:30:50.308782+00:00,2026-09-21T15:00:50.308782+05:30,NIFTYNXT50,29-Sep-2026,81500.0,CE,0,,0,,0,0.0,,0,0,0,0,0,,,,,,,,,,,,,,,0.021973290563736682,,,,,,11.29,25,72077.65,72299.8,72043.8,72025.4,none,no_price_available
2026-09-21T09:30:50.308782+00:00,2026-09-21T15:00:50.308782+05:30,NIFTYNXT50,29-Sep-2026,81500.0,PE,72207.3,7963.9,550,10024,550,0.0,8993.95,0,0,0,0,0,,,,,,,,,,,,,,,0.021973290563736682,,,,,,11.29,25,72077.65,72299.8,72043.8,72025.4,mid_price,no_price_available
2026-09-21T09:30:50.308782+00:00,2026-09-21T15:00:50.308782+05:30,NIFTYNXT50,29-Sep-2026,82000.0,CE,0,,0,,0,0.0,,0,0,0,0,0,,,,,,,,,,,,,,,0.021973290563736682,,,,,,11.29,25,72077.65,72299.8,72043.8,72025.4,none,no_price_available
2026-09-21T09:30:50.308782+00:00,2026-09-21T15:00:50.308782+05:30,NIFTYNXT50,29-Sep-2026,82000.0,PE,72207.3,8415.65,550,10557.4,550,0.0,9486.525,0,0,0,0,0,,,,,,,,,,,,,,,0.021973290563736682,,,,,,11.29,25,72077.65,72299.8,72043.8,72025.4,mid_price,no_price_available
2026-09-21T09:30:50.308782+00:00,2026-09-21T15:00:50.308782+05:30,NIFTYNXT50,29-Sep-2026,82500.0,CE,0,,0,,0,0.0,,0,0,0,0,0,,,,,,,,,,,,,,,0.021973290563736682,,,,,,11.29,25,72077.65,72299.8,72043.8,72025.4,none,no_price_available
2026-09-21T09:30:50.308782+00:00,2026-09-21T15:00:50.308782+05:30,NIFTYNXT50,29-Sep-2026,82500.0,PE,72207.3,8859.25,550,11090.8,550,0.0,9975.025,0,0,0,0,0,,,,,,,,,,,,,,,0.021973290563736682,,,,,,11.29,25,72077.65,72299.8,72043.8,72025.4,mid_price,no_price_available
2026-09-21T09:30:50.308782+00:00,2026-09-21T15:00:50.308782+05:30,NIFTYNXT50,29-Sep-2026,83000.0,CE,0,,0,,0,0.0,,0,0,0,0,0,,,,,,,,,,,,,,,0.021973290563736682,,,,,,11.29,25,72077.65,72299.8,72043.8,72025.4,none,no_price_available
2026-09-21T09:30:50.308782+00:00,2026-09-21T15:00:50.308782+05:30,NIFTYNXT50,29-Sep-2026,83000.0,PE,72207.3,9328.8,550,11620.1,550,0.0,10474.45,0,0,0,0,0,,,,,,,,,,,,,,,0.021973290563736682,,,,,,11.29,25,72077.65,72299.8,72043.8,72025.4,mid_price,no_price_available
2026-09-21T09:30:50.308782+00:00,2026-09-21T15:00:50.308782+05:30,NIFTYNXT50,29-Sep-2026,83500.0,CE,0,,0,,0,0.0,,0,0,0,0,0,,,,,,,,,,,,,,,0.021973290563736682,,,,,,11.29,25,72077.65,72299.8,72043.8,72025.4,none,no_price_available
2026-09-21T09:30:50.308782+00:00,2026-09-21T15:00:50.308782+05:30,NIFTYNXT50,29-Sep-2026,83500.0,PE,72207.3,9770.1,550,12153.5,550,0.0,10961.8,0,0,0,0,0,,,,,,,,,,,,,,,0.021973290563736682,,,,,,11.29,25,72077.65,72299.8,72043.8,72025.4,mid_price,no_price_available
2026-09-21T09:30:50.308782+00:00,2026-09-21T15:00:50.308782+05:30,NIFTYNXT50,29-Sep-2026,84000.0,CE,0,,0,,0,0.0,,0,0,0,0,0,,,,,,,,,,,,,,,0.021973290563736682,,,,,,11.29,25,72077.65,72299.8,72043.8,72025.4,none,no_price_available
2026-09-21T09:30:50.308782+00:00,2026-09-21T15:00:50.308782+05:30,NIFTYNXT50,29-Sep-2026,84000.0,PE,72207.3,10210.4,550,12683.9,550,0.0,11447.15,0,0,0,0,0,,,,,,,,,,,,,,,0.021973290563736682,,,,,,11.29,25,72077.65,72299.8,72043.8,72025.4,mid_price,no_price_available
2026-09-21T09:30:50.308782+00:00,2026-09-21T15:00:50.308782+05:30,NIFTYNXT50,29-Sep-2026,84500.0,CE,0,,0,,0,0.0,,0,0,0,0,0,,,,,,,,,,,,,,,0.021973290563736682,,,,,,11.29,25,72077.65,72299.8,72043.8,72025.4,none,no_price_available
2026-09-21T09:30:50.308782+00:00,2026-09-21T15:00:50.308782+05:30,NIFTYNXT50,29-Sep-2026,84500.0,PE,72207.3,10660,550,13214.9,550,0.0,11937.45,0,0,0,0,0,,,,,,,,,,,,,,,0.021973290563736682,,,,,,11.29,25,72077.65,72299.8,72043.8,72025.4,mid_price,no_price_available
2026-09-21T09:30:50.308782+00:00,2026-09-21T15:00:50.308782+05:30,NIFTYNXT50,29-Sep-2026,85000.0,CE,0,,0,,0,0.0,,0,0,0,0,0,,,,,,,,,,,,,,,0.021973290563736682,,,,,,11.29,25,72077.65,72299.8,72043.8,72025.4,none,no_price_available
2026-09-21T09:30:50.308782+00:00,2026-09-21T15:00:50.308782+05:30,NIFTYNXT50,29-Sep-2026,85000.0,PE,72207.3,11121.25,550,13746.4,550,0.0,12433.825,0,0,0,0,0,,,,,,,,,,,,,,,0.021973290563736682,,,,,,11.29,25,72077.65,72299.8,72043.8,72025.4,mid_price,no_price_available
