fetch_ts_utc,fetch_ts_ist,symbol,expiry_date,strike,option_type,underlying_value,bid_price,bid_qty,ask_price,ask_qty,ltp,mid_price,open_interest,change_in_oi,total_traded_volume,pchange_vs_prev_close,nse_iv,delta,gamma,theta,vega,vanna,charm,vomma,speed,zomma,color,veta,omega,dual_delta,dual_gamma,time_to_expiry_years,futures_price,implied_cost_of_carry,dividend_yield_used,dividend_yield_source,risk_free_rate_used,india_vix,lot_size,underlying_day_open,underlying_day_high,underlying_day_low,underlying_prev_close,price_source_for_iv,data_quality_flag
2026-09-24T08:45:06.518072+00:00,2026-09-24T14:15:06.518072+05:30,NIFTYNXT50,29-Sep-2026,60500.0,CE,71506.05,,0,,0,0.0,,0,0,0,0,0,,,,,,,,,,,,,,,0.013841117514205987,,,,,,12.82,25,71755,72085.35,71388.55,72462.4,none,no_price_available
2026-09-24T08:45:06.518072+00:00,2026-09-24T14:15:06.518072+05:30,NIFTYNXT50,29-Sep-2026,60500.0,PE,0,,0,,0,0.0,,0,0,0,0,0,,,,,,,,,,,,,,,0.013841117514205987,,,,,,12.82,25,71755,72085.35,71388.55,72462.4,none,no_price_available
2026-09-24T08:45:06.518072+00:00,2026-09-24T14:15:06.518072+05:30,NIFTYNXT50,29-Sep-2026,61000.0,CE,71506.05,,0,,0,0.0,,0,0,0,0,0,,,,,,,,,,,,,,,0.013841117514205987,,,,,,12.82,25,71755,72085.35,71388.55,72462.4,none,no_price_available
2026-09-24T08:45:06.518072+00:00,2026-09-24T14:15:06.518072+05:30,NIFTYNXT50,29-Sep-2026,61000.0,PE,0,,0,,0,0.0,,0,0,0,0,0,,,,,,,,,,,,,,,0.013841117514205987,,,,,,12.82,25,71755,72085.35,71388.55,72462.4,none,no_price_available
2026-09-24T08:45:06.518072+00:00,2026-09-24T14:15:06.518072+05:30,NIFTYNXT50,29-Sep-2026,61500.0,CE,71506.05,,0,,0,0.0,,0,0,0,0,0,,,,,,,,,,,,,,,0.013841117514205987,,,,,,12.82,25,71755,72085.35,71388.55,72462.4,none,no_price_available
2026-09-24T08:45:06.518072+00:00,2026-09-24T14:15:06.518072+05:30,NIFTYNXT50,29-Sep-2026,61500.0,PE,0,,0,,0,0.0,,0,0,0,0,0,,,,,,,,,,,,,,,0.013841117514205987,,,,,,12.82,25,71755,72085.35,71388.55,72462.4,none,no_price_available
2026-09-24T08:45:06.518072+00:00,2026-09-24T14:15:06.518072+05:30,NIFTYNXT50,29-Sep-2026,62000.0,CE,71506.05,,0,,0,0.0,,0,0,0,0,0,,,,,,,,,,,,,,,0.013841117514205987,,,,,,12.82,25,71755,72085.35,71388.55,72462.4,none,no_price_available
2026-09-24T08:45:06.518072+00:00,2026-09-24T14:15:06.518072+05:30,NIFTYNXT50,29-Sep-2026,62000.0,PE,0,,0,,0,0.0,,0,0,0,0,0,,,,,,,,,,,,,,,0.013841117514205987,,,,,,12.82,25,71755,72085.35,71388.55,72462.4,none,no_price_available
2026-09-24T08:45:06.518072+00:00,2026-09-24T14:15:06.518072+05:30,NIFTYNXT50,29-Sep-2026,62500.0,CE,71506.05,,0,,0,0.0,,0,0,0,0,0,,,,,,,,,,,,,,,0.013841117514205987,,,,,,12.82,25,71755,72085.35,71388.55,72462.4,none,no_price_available
2026-09-24T08:45:06.518072+00:00,2026-09-24T14:15:06.518072+05:30,NIFTYNXT50,29-Sep-2026,62500.0,PE,0,,0,,0,0.0,,0,0,0,0,0,,,,,,,,,,,,,,,0.013841117514205987,,,,,,12.82,25,71755,72085.35,71388.55,72462.4,none,no_price_available
2026-09-24T08:45:06.518072+00:00,2026-09-24T14:15:06.518072+05:30,NIFTYNXT50,29-Sep-2026,63000.0,CE,71506.05,,0,,0,0.0,,0,0,0,0,0,,,,,,,,,,,,,,,0.013841117514205987,,,,,,12.82,25,71755,72085.35,71388.55,72462.4,none,no_price_available
2026-09-24T08:45:06.518072+00:00,2026-09-24T14:15:06.518072+05:30,NIFTYNXT50,29-Sep-2026,63000.0,PE,0,,0,,0,0.0,,0,0,0,0,0,,,,,,,,,,,,,,,0.013841117514205987,,,,,,12.82,25,71755,72085.35,71388.55,72462.4,none,no_price_available
2026-09-24T08:45:06.518072+00:00,2026-09-24T14:15:06.518072+05:30,NIFTYNXT50,29-Sep-2026,63500.0,CE,71506.05,,0,,0,0.0,,0,0,0,0,0,,,,,,,,,,,,,,,0.013841117514205987,,,,,,12.82,25,71755,72085.35,71388.55,72462.4,none,no_price_available
2026-09-24T08:45:06.518072+00:00,2026-09-24T14:15:06.518072+05:30,NIFTYNXT50,29-Sep-2026,63500.0,PE,0,,0,,0,0.0,,0,0,0,0,0,,,,,,,,,,,,,,,0.013841117514205987,,,,,,12.82,25,71755,72085.35,71388.55,72462.4,none,no_price_available
2026-09-24T08:45:06.518072+00:00,2026-09-24T14:15:06.518072+05:30,NIFTYNXT50,29-Sep-2026,63800.0,CE,71506.05,,0,,0,0.0,,0,0,0,0,0,,,,,,,,,,,,,,,0.013841117514205987,,,,,,12.82,25,71755,72085.35,71388.55,72462.4,none,no_price_available
2026-09-24T08:45:06.518072+00:00,2026-09-24T14:15:06.518072+05:30,NIFTYNXT50,29-Sep-2026,63800.0,PE,0,,0,,0,0.0,,0,0,0,0,0,,,,,,,,,,,,,,,0.013841117514205987,,,,,,12.82,25,71755,72085.35,71388.55,72462.4,none,no_price_available
2026-09-24T08:45:06.518072+00:00,2026-09-24T14:15:06.518072+05:30,NIFTYNXT50,29-Sep-2026,63900.0,CE,71506.05,,0,,0,0.0,,0,0,0,0,0,,,,,,,,,,,,,,,0.013841117514205987,,,,,,12.82,25,71755,72085.35,71388.55,72462.4,none,no_price_available
2026-09-24T08:45:06.518072+00:00,2026-09-24T14:15:06.518072+05:30,NIFTYNXT50,29-Sep-2026,63900.0,PE,0,,0,,0,0.0,,0,0,0,0,0,,,,,,,,,,,,,,,0.013841117514205987,,,,,,12.82,25,71755,72085.35,71388.55,72462.4,none,no_price_available
2026-09-24T08:45:06.518072+00:00,2026-09-24T14:15:06.518072+05:30,NIFTYNXT50,29-Sep-2026,64000.0,CE,71506.05,,0,,0,0.0,,0,0,0,0,0,,,,,,,,,,,,,,,0.013841117514205987,,,,,,12.82,25,71755,72085.35,71388.55,72462.4,none,no_price_available
2026-09-24T08:45:06.518072+00:00,2026-09-24T14:15:06.518072+05:30,NIFTYNXT50,29-Sep-2026,64000.0,PE,0,,0,,0,0.0,,0,0,0,0,0,,,,,,,,,,,,,,,0.013841117514205987,,,,,,12.82,25,71755,72085.35,71388.55,72462.4,none,no_price_available
2026-09-24T08:45:06.518072+00:00,2026-09-24T14:15:06.518072+05:30,NIFTYNXT50,29-Sep-2026,64100.0,CE,71506.05,,0,,0,0.0,,0,0,0,0,0,,,,,,,,,,,,,,,0.013841117514205987,,,,,,12.82,25,71755,72085.35,71388.55,72462.4,none,no_price_available
2026-09-24T08:45:06.518072+00:00,2026-09-24T14:15:06.518072+05:30,NIFTYNXT50,29-Sep-2026,64100.0,PE,0,,0,,0,0.0,,0,0,0,0,0,,,,,,,,,,,,,,,0.013841117514205987,,,,,,12.82,25,71755,72085.35,71388.55,72462.4,none,no_price_available
2026-09-24T08:45:06.518072+00:00,2026-09-24T14:15:06.518072+05:30,NIFTYNXT50,29-Sep-2026,64200.0,CE,71506.05,,0,,0,0.0,,0,0,0,0,0,,,,,,,,,,,,,,,0.013841117514205987,,,,,,12.82,25,71755,72085.35,71388.55,72462.4,none,no_price_available
2026-09-24T08:45:06.518072+00:00,2026-09-24T14:15:06.518072+05:30,NIFTYNXT50,29-Sep-2026,64200.0,PE,0,,0,,0,0.0,,0,0,0,0,0,,,,,,,,,,,,,,,0.013841117514205987,,,,,,12.82,25,71755,72085.35,71388.55,72462.4,none,no_price_available
2026-09-24T08:45:06.518072+00:00,2026-09-24T14:15:06.518072+05:30,NIFTYNXT50,29-Sep-2026,64300.0,CE,71506.05,,0,,0,0.0,,0,0,0,0,0,,,,,,,,,,,,,,,0.013841117514205987,,,,,,12.82,25,71755,72085.35,71388.55,72462.4,none,no_price_available
2026-09-24T08:45:06.518072+00:00,2026-09-24T14:15:06.518072+05:30,NIFTYNXT50,29-Sep-2026,64300.0,PE,0,,0,,0,0.0,,0,0,0,0,0,,,,,,,,,,,,,,,0.013841117514205987,,,,,,12.82,25,71755,72085.35,71388.55,72462.4,none,no_price_available
2026-09-24T08:45:06.518072+00:00,2026-09-24T14:15:06.518072+05:30,NIFTYNXT50,29-Sep-2026,64400.0,CE,71506.05,,0,,0,0.0,,0,0,0,0,0,,,,,,,,,,,,,,,0.013841117514205987,,,,,,12.82,25,71755,72085.35,71388.55,72462.4,none,no_price_available
2026-09-24T08:45:06.518072+00:00,2026-09-24T14:15:06.518072+05:30,NIFTYNXT50,29-Sep-2026,64400.0,PE,0,,0,,0,0.0,,0,0,0,0,0,,,,,,,,,,,,,,,0.013841117514205987,,,,,,12.82,25,71755,72085.35,71388.55,72462.4,none,no_price_available
2026-09-24T08:45:06.518072+00:00,2026-09-24T14:15:06.518072+05:30,NIFTYNXT50,29-Sep-2026,64500.0,CE,71506.05,,0,,0,0.0,,0,0,0,0,0,,,,,,,,,,,,,,,0.013841117514205987,,,,,,12.82,25,71755,72085.35,71388.55,72462.4,none,no_price_available
2026-09-24T08:45:06.518072+00:00,2026-09-24T14:15:06.518072+05:30,NIFTYNXT50,29-Sep-2026,64500.0,PE,0,,0,,0,0.0,,0,0,0,0,0,,,,,,,,,,,,,,,0.013841117514205987,,,,,,12.82,25,71755,72085.35,71388.55,72462.4,none,no_price_available
2026-09-24T08:45:06.518072+00:00,2026-09-24T14:15:06.518072+05:30,NIFTYNXT50,29-Sep-2026,64600.0,CE,71506.05,,0,,0,0.0,,0,0,0,0,0,,,,,,,,,,,,,,,0.013841117514205987,,,,,,12.82,25,71755,72085.35,71388.55,72462.4,none,no_price_available
2026-09-24T08:45:06.518072+00:00,2026-09-24T14:15:06.518072+05:30,NIFTYNXT50,29-Sep-2026,64600.0,PE,0,,0,,0,0.0,,0,0,0,0,0,,,,,,,,,,,,,,,0.013841117514205987,,,,,,12.82,25,71755,72085.35,71388.55,72462.4,none,no_price_available
2026-09-24T08:45:06.518072+00:00,2026-09-24T14:15:06.518072+05:30,NIFTYNXT50,29-Sep-2026,64700.0,CE,71506.05,,0,,0,0.0,,0,0,0,0,0,,,,,,,,,,,,,,,0.013841117514205987,,,,,,12.82,25,71755,72085.35,71388.55,72462.4,none,no_price_available
2026-09-24T08:45:06.518072+00:00,2026-09-24T14:15:06.518072+05:30,NIFTYNXT50,29-Sep-2026,64700.0,PE,0,,0,,0,0.0,,0,0,0,0,0,,,,,,,,,,,,,,,0.013841117514205987,,,,,,12.82,25,71755,72085.35,71388.55,72462.4,none,no_price_available
2026-09-24T08:45:06.518072+00:00,2026-09-24T14:15:06.518072+05:30,NIFTYNXT50,29-Sep-2026,64800.0,CE,71506.05,,0,,0,0.0,,0,0,0,0,0,,,,,,,,,,,,,,,0.013841117514205987,,,,,,12.82,25,71755,72085.35,71388.55,72462.4,none,no_price_available
2026-09-24T08:45:06.518072+00:00,2026-09-24T14:15:06.518072+05:30,NIFTYNXT50,29-Sep-2026,64800.0,PE,0,,0,,0,0.0,,0,0,0,0,0,,,,,,,,,,,,,,,0.013841117514205987,,,,,,12.82,25,71755,72085.35,71388.55,72462.4,none,no_price_available
2026-09-24T08:45:06.518072+00:00,2026-09-24T14:15:06.518072+05:30,NIFTYNXT50,29-Sep-2026,64900.0,CE,71506.05,,0,,0,0.0,,0,0,0,0,0,,,,,,,,,,,,,,,0.013841117514205987,,,,,,12.82,25,71755,72085.35,71388.55,72462.4,none,no_price_available
2026-09-24T08:45:06.518072+00:00,2026-09-24T14:15:06.518072+05:30,NIFTYNXT50,29-Sep-2026,64900.0,PE,0,,0,,0,0.0,,0,0,0,0,0,,,,,,,,,,,,,,,0.013841117514205987,,,,,,12.82,25,71755,72085.35,71388.55,72462.4,none,no_price_available
2026-09-24T08:45:06.518072+00:00,2026-09-24T14:15:06.518072+05:30,NIFTYNXT50,29-Sep-2026,65000.0,CE,71506.05,,0,,0,0.0,,0,0,0,0,0,,,,,,,,,,,,,,,0.013841117514205987,,,,,,12.82,25,71755,72085.35,71388.55,72462.4,none,no_price_available
2026-09-24T08:45:06.518072+00:00,2026-09-24T14:15:06.518072+05:30,NIFTYNXT50,29-Sep-2026,65000.0,PE,0,,0,,0,0.0,,0,0,0,0,0,,,,,,,,,,,,,,,0.013841117514205987,,,,,,12.82,25,71755,72085.35,71388.55,72462.4,none,no_price_available
2026-09-24T08:45:06.518072+00:00,2026-09-24T14:15:06.518072+05:30,NIFTYNXT50,29-Sep-2026,65100.0,CE,71506.05,,0,,0,0.0,,0,0,0,0,0,,,,,,,,,,,,,,,0.013841117514205987,,,,,,12.82,25,71755,72085.35,71388.55,72462.4,none,no_price_available
2026-09-24T08:45:06.518072+00:00,2026-09-24T14:15:06.518072+05:30,NIFTYNXT50,29-Sep-2026,65100.0,PE,0,,0,,0,0.0,,0,0,0,0,0,,,,,,,,,,,,,,,0.013841117514205987,,,,,,12.82,25,71755,72085.35,71388.55,72462.4,none,no_price_available
2026-09-24T08:45:06.518072+00:00,2026-09-24T14:15:06.518072+05:30,NIFTYNXT50,29-Sep-2026,65200.0,CE,71506.05,,0,,0,0.0,,0,0,0,0,0,,,,,,,,,,,,,,,0.013841117514205987,,,,,,12.82,25,71755,72085.35,71388.55,72462.4,none,no_price_available
2026-09-24T08:45:06.518072+00:00,2026-09-24T14:15:06.518072+05:30,NIFTYNXT50,29-Sep-2026,65200.0,PE,0,,0,,0,0.0,,0,0,0,0,0,,,,,,,,,,,,,,,0.013841117514205987,,,,,,12.82,25,71755,72085.35,71388.55,72462.4,none,no_price_available
2026-09-24T08:45:06.518072+00:00,2026-09-24T14:15:06.518072+05:30,NIFTYNXT50,29-Sep-2026,65300.0,CE,71506.05,,0,,0,0.0,,0,0,0,0,0,,,,,,,,,,,,,,,0.013841117514205987,,,,,,12.82,25,71755,72085.35,71388.55,72462.4,none,no_price_available
2026-09-24T08:45:06.518072+00:00,2026-09-24T14:15:06.518072+05:30,NIFTYNXT50,29-Sep-2026,65300.0,PE,0,,0,,0,0.0,,0,0,0,0,0,,,,,,,,,,,,,,,0.013841117514205987,,,,,,12.82,25,71755,72085.35,71388.55,72462.4,none,no_price_available
2026-09-24T08:45:06.518072+00:00,2026-09-24T14:15:06.518072+05:30,NIFTYNXT50,29-Sep-2026,65400.0,CE,71506.05,,0,,0,0.0,,0,0,0,0,0,,,,,,,,,,,,,,,0.013841117514205987,,,,,,12.82,25,71755,72085.35,71388.55,72462.4,none,no_price_available
2026-09-24T08:45:06.518072+00:00,2026-09-24T14:15:06.518072+05:30,NIFTYNXT50,29-Sep-2026,65400.0,PE,0,,0,,0,0.0,,0,0,0,0,0,,,,,,,,,,,,,,,0.013841117514205987,,,,,,12.82,25,71755,72085.35,71388.55,72462.4,none,no_price_available
2026-09-24T08:45:06.518072+00:00,2026-09-24T14:15:06.518072+05:30,NIFTYNXT50,29-Sep-2026,65500.0,CE,71506.05,,0,,0,0.0,,0,0,0,0,0,,,,,,,,,,,,,,,0.013841117514205987,,,,,,12.82,25,71755,72085.35,71388.55,72462.4,none,no_price_available
2026-09-24T08:45:06.518072+00:00,2026-09-24T14:15:06.518072+05:30,NIFTYNXT50,29-Sep-2026,65500.0,PE,0,,0,,0,0.0,,0,0,0,0,0,,,,,,,,,,,,,,,0.013841117514205987,,,,,,12.82,25,71755,72085.35,71388.55,72462.4,none,no_price_available
2026-09-24T08:45:06.518072+00:00,2026-09-24T14:15:06.518072+05:30,NIFTYNXT50,29-Sep-2026,65600.0,CE,71506.05,,0,,0,0.0,,0,0,0,0,0,,,,,,,,,,,,,,,0.013841117514205987,,,,,,12.82,25,71755,72085.35,71388.55,72462.4,none,no_price_available
2026-09-24T08:45:06.518072+00:00,2026-09-24T14:15:06.518072+05:30,NIFTYNXT50,29-Sep-2026,65600.0,PE,0,,0,,0,0.0,,0,0,0,0,0,,,,,,,,,,,,,,,0.013841117514205987,,,,,,12.82,25,71755,72085.35,71388.55,72462.4,none,no_price_available
2026-09-24T08:45:06.518072+00:00,2026-09-24T14:15:06.518072+05:30,NIFTYNXT50,29-Sep-2026,65700.0,CE,71506.05,,0,,0,0.0,,0,0,0,0,0,,,,,,,,,,,,,,,0.013841117514205987,,,,,,12.82,25,71755,72085.35,71388.55,72462.4,none,no_price_available
2026-09-24T08:45:06.518072+00:00,2026-09-24T14:15:06.518072+05:30,NIFTYNXT50,29-Sep-2026,65700.0,PE,0,,0,,0,0.0,,0,0,0,0,0,,,,,,,,,,,,,,,0.013841117514205987,,,,,,12.82,25,71755,72085.35,71388.55,72462.4,none,no_price_available
2026-09-24T08:45:06.518072+00:00,2026-09-24T14:15:06.518072+05:30,NIFTYNXT50,29-Sep-2026,65800.0,CE,71506.05,,0,,0,0.0,,0,0,0,0,0,,,,,,,,,,,,,,,0.013841117514205987,,,,,,12.82,25,71755,72085.35,71388.55,72462.4,none,no_price_available
2026-09-24T08:45:06.518072+00:00,2026-09-24T14:15:06.518072+05:30,NIFTYNXT50,29-Sep-2026,65800.0,PE,0,,0,,0,0.0,,0,0,0,0,0,,,,,,,,,,,,,,,0.013841117514205987,,,,,,12.82,25,71755,72085.35,71388.55,72462.4,none,no_price_available
2026-09-24T08:45:06.518072+00:00,2026-09-24T14:15:06.518072+05:30,NIFTYNXT50,29-Sep-2026,65900.0,CE,71506.05,,0,,0,0.0,,0,0,0,0,0,,,,,,,,,,,,,,,0.013841117514205987,,,,,,12.82,25,71755,72085.35,71388.55,72462.4,none,no_price_available
2026-09-24T08:45:06.518072+00:00,2026-09-24T14:15:06.518072+05:30,NIFTYNXT50,29-Sep-2026,65900.0,PE,0,,0,,0,0.0,,0,0,0,0,0,,,,,,,,,,,,,,,0.013841117514205987,,,,,,12.82,25,71755,72085.35,71388.55,72462.4,none,no_price_available
2026-09-24T08:45:06.518072+00:00,2026-09-24T14:15:06.518072+05:30,NIFTYNXT50,29-Sep-2026,66000.0,CE,71506.05,,0,,0,0.0,,0,0,0,0,0,,,,,,,,,,,,,,,0.013841117514205987,,,,,,12.82,25,71755,72085.35,71388.55,72462.4,none,no_price_available
2026-09-24T08:45:06.518072+00:00,2026-09-24T14:15:06.518072+05:30,NIFTYNXT50,29-Sep-2026,66000.0,PE,0,,0,,0,0.0,,0,0,0,0,0,,,,,,,,,,,,,,,0.013841117514205987,,,,,,12.82,25,71755,72085.35,71388.55,72462.4,none,no_price_available
2026-09-24T08:45:06.518072+00:00,2026-09-24T14:15:06.518072+05:30,NIFTYNXT50,29-Sep-2026,66100.0,CE,71506.05,,0,,0,0.0,,0,0,0,0,0,,,,,,,,,,,,,,,0.013841117514205987,,,,,,12.82,25,71755,72085.35,71388.55,72462.4,none,no_price_available
2026-09-24T08:45:06.518072+00:00,2026-09-24T14:15:06.518072+05:30,NIFTYNXT50,29-Sep-2026,66100.0,PE,0,,0,,0,0.0,,0,0,0,0,0,,,,,,,,,,,,,,,0.013841117514205987,,,,,,12.82,25,71755,72085.35,71388.55,72462.4,none,no_price_available
2026-09-24T08:45:06.518072+00:00,2026-09-24T14:15:06.518072+05:30,NIFTYNXT50,29-Sep-2026,66200.0,CE,71506.05,,0,,0,0.0,,0,0,0,0,0,,,,,,,,,,,,,,,0.013841117514205987,,,,,,12.82,25,71755,72085.35,71388.55,72462.4,none,no_price_available
2026-09-24T08:45:06.518072+00:00,2026-09-24T14:15:06.518072+05:30,NIFTYNXT50,29-Sep-2026,66200.0,PE,0,,0,,0,0.0,,0,0,0,0,0,,,,,,,,,,,,,,,0.013841117514205987,,,,,,12.82,25,71755,72085.35,71388.55,72462.4,none,no_price_available
2026-09-24T08:45:06.518072+00:00,2026-09-24T14:15:06.518072+05:30,NIFTYNXT50,29-Sep-2026,66300.0,CE,71506.05,,0,,0,0.0,,0,0,0,0,0,,,,,,,,,,,,,,,0.013841117514205987,,,,,,12.82,25,71755,72085.35,71388.55,72462.4,none,no_price_available
2026-09-24T08:45:06.518072+00:00,2026-09-24T14:15:06.518072+05:30,NIFTYNXT50,29-Sep-2026,66300.0,PE,0,,0,,0,0.0,,0,0,0,0,0,,,,,,,,,,,,,,,0.013841117514205987,,,,,,12.82,25,71755,72085.35,71388.55,72462.4,none,no_price_available
2026-09-24T08:45:06.518072+00:00,2026-09-24T14:15:06.518072+05:30,NIFTYNXT50,29-Sep-2026,66400.0,CE,71506.05,,0,,0,0.0,,0,0,0,0,0,,,,,,,,,,,,,,,0.013841117514205987,,,,,,12.82,25,71755,72085.35,71388.55,72462.4,none,no_price_available
2026-09-24T08:45:06.518072+00:00,2026-09-24T14:15:06.518072+05:30,NIFTYNXT50,29-Sep-2026,66400.0,PE,0,,0,,0,0.0,,0,0,0,0,0,,,,,,,,,,,,,,,0.013841117514205987,,,,,,12.82,25,71755,72085.35,71388.55,72462.4,none,no_price_available
2026-09-24T08:45:06.518072+00:00,2026-09-24T14:15:06.518072+05:30,NIFTYNXT50,29-Sep-2026,66500.0,CE,71506.05,,0,,0,0.0,,0,0,0,0,0,,,,,,,,,,,,,,,0.013841117514205987,,,,,,12.82,25,71755,72085.35,71388.55,72462.4,none,no_price_available
2026-09-24T08:45:06.518072+00:00,2026-09-24T14:15:06.518072+05:30,NIFTYNXT50,29-Sep-2026,66500.0,PE,0,,0,,0,0.0,,0,0,0,0,0,,,,,,,,,,,,,,,0.013841117514205987,,,,,,12.82,25,71755,72085.35,71388.55,72462.4,none,no_price_available
2026-09-24T08:45:06.518072+00:00,2026-09-24T14:15:06.518072+05:30,NIFTYNXT50,29-Sep-2026,66600.0,CE,71506.05,,0,,0,0.0,,0,0,0,0,0,,,,,,,,,,,,,,,0.013841117514205987,,,,,,12.82,25,71755,72085.35,71388.55,72462.4,none,no_price_available
2026-09-24T08:45:06.518072+00:00,2026-09-24T14:15:06.518072+05:30,NIFTYNXT50,29-Sep-2026,66600.0,PE,0,,0,,0,0.0,,0,0,0,0,0,,,,,,,,,,,,,,,0.013841117514205987,,,,,,12.82,25,71755,72085.35,71388.55,72462.4,none,no_price_available
2026-09-24T08:45:06.518072+00:00,2026-09-24T14:15:06.518072+05:30,NIFTYNXT50,29-Sep-2026,66700.0,CE,71506.05,,0,,0,0.0,,0,0,0,0,0,,,,,,,,,,,,,,,0.013841117514205987,,,,,,12.82,25,71755,72085.35,71388.55,72462.4,none,no_price_available
2026-09-24T08:45:06.518072+00:00,2026-09-24T14:15:06.518072+05:30,NIFTYNXT50,29-Sep-2026,66700.0,PE,0,,0,,0,0.0,,0,0,0,0,0,,,,,,,,,,,,,,,0.013841117514205987,,,,,,12.82,25,71755,72085.35,71388.55,72462.4,none,no_price_available
2026-09-24T08:45:06.518072+00:00,2026-09-24T14:15:06.518072+05:30,NIFTYNXT50,29-Sep-2026,66800.0,CE,71506.05,,0,,0,0.0,,0,0,0,0,0,,,,,,,,,,,,,,,0.013841117514205987,,,,,,12.82,25,71755,72085.35,71388.55,72462.4,none,no_price_available
2026-09-24T08:45:06.518072+00:00,2026-09-24T14:15:06.518072+05:30,NIFTYNXT50,29-Sep-2026,66800.0,PE,0,,0,,0,0.0,,0,0,0,0,0,,,,,,,,,,,,,,,0.013841117514205987,,,,,,12.82,25,71755,72085.35,71388.55,72462.4,none,no_price_available
2026-09-24T08:45:06.518072+00:00,2026-09-24T14:15:06.518072+05:30,NIFTYNXT50,29-Sep-2026,66900.0,CE,71506.05,,0,,0,0.0,,0,0,0,0,0,,,,,,,,,,,,,,,0.013841117514205987,,,,,,12.82,25,71755,72085.35,71388.55,72462.4,none,no_price_available
2026-09-24T08:45:06.518072+00:00,2026-09-24T14:15:06.518072+05:30,NIFTYNXT50,29-Sep-2026,66900.0,PE,0,,0,,0,0.0,,0,0,0,0,0,,,,,,,,,,,,,,,0.013841117514205987,,,,,,12.82,25,71755,72085.35,71388.55,72462.4,none,no_price_available
2026-09-24T08:45:06.518072+00:00,2026-09-24T14:15:06.518072+05:30,NIFTYNXT50,29-Sep-2026,67000.0,CE,71506.05,,0,,0,0.0,,0,0,0,0,0,,,,,,,,,,,,,,,0.013841117514205987,,,,,,12.82,25,71755,72085.35,71388.55,72462.4,none,no_price_available
2026-09-24T08:45:06.518072+00:00,2026-09-24T14:15:06.518072+05:30,NIFTYNXT50,29-Sep-2026,67000.0,PE,71506.05,1,25,,0,0.0,,5,0,0,0,26.93,,,,,,,,,,,,,,,0.013841117514205987,,,,,,12.82,25,71755,72085.35,71388.55,72462.4,none,no_price_available
2026-09-24T08:45:06.518072+00:00,2026-09-24T14:15:06.518072+05:30,NIFTYNXT50,29-Sep-2026,67100.0,CE,71506.05,,0,,0,0.0,,0,0,0,0,0,,,,,,,,,,,,,,,0.013841117514205987,,,,,,12.82,25,71755,72085.35,71388.55,72462.4,none,no_price_available
2026-09-24T08:45:06.518072+00:00,2026-09-24T14:15:06.518072+05:30,NIFTYNXT50,29-Sep-2026,67100.0,PE,0,,0,,0,0.0,,0,0,0,0,0,,,,,,,,,,,,,,,0.013841117514205987,,,,,,12.82,25,71755,72085.35,71388.55,72462.4,none,no_price_available
2026-09-24T08:45:06.518072+00:00,2026-09-24T14:15:06.518072+05:30,NIFTYNXT50,29-Sep-2026,67200.0,CE,71506.05,,0,,0,0.0,,0,0,0,0,0,,,,,,,,,,,,,,,0.013841117514205987,,,,,,12.82,25,71755,72085.35,71388.55,72462.4,none,no_price_available
2026-09-24T08:45:06.518072+00:00,2026-09-24T14:15:06.518072+05:30,NIFTYNXT50,29-Sep-2026,67200.0,PE,0,,0,,0,0.0,,0,0,0,0,0,,,,,,,,,,,,,,,0.013841117514205987,,,,,,12.82,25,71755,72085.35,71388.55,72462.4,none,no_price_available
2026-09-24T08:45:06.518072+00:00,2026-09-24T14:15:06.518072+05:30,NIFTYNXT50,29-Sep-2026,67300.0,CE,71506.05,,0,,0,0.0,,0,0,0,0,0,,,,,,,,,,,,,,,0.013841117514205987,,,,,,12.82,25,71755,72085.35,71388.55,72462.4,none,no_price_available
2026-09-24T08:45:06.518072+00:00,2026-09-24T14:15:06.518072+05:30,NIFTYNXT50,29-Sep-2026,67300.0,PE,0,,0,,0,0.0,,0,0,0,0,0,,,,,,,,,,,,,,,0.013841117514205987,,,,,,12.82,25,71755,72085.35,71388.55,72462.4,none,no_price_available
2026-09-24T08:45:06.518072+00:00,2026-09-24T14:15:06.518072+05:30,NIFTYNXT50,29-Sep-2026,67400.0,CE,71506.05,,0,,0,0.0,,0,0,0,0,0,,,,,,,,,,,,,,,0.013841117514205987,,,,,,12.82,25,71755,72085.35,71388.55,72462.4,none,no_price_available
2026-09-24T08:45:06.518072+00:00,2026-09-24T14:15:06.518072+05:30,NIFTYNXT50,29-Sep-2026,67400.0,PE,0,,0,,0,0.0,,0,0,0,0,0,,,,,,,,,,,,,,,0.013841117514205987,,,,,,12.82,25,71755,72085.35,71388.55,72462.4,none,no_price_available
2026-09-24T08:45:06.518072+00:00,2026-09-24T14:15:06.518072+05:30,NIFTYNXT50,29-Sep-2026,67500.0,CE,71506.05,,0,,0,0.0,,0,0,0,0,0,,,,,,,,,,,,,,,0.013841117514205987,,,,,,12.82,25,71755,72085.35,71388.55,72462.4,none,no_price_available
2026-09-24T08:45:06.518072+00:00,2026-09-24T14:15:06.518072+05:30,NIFTYNXT50,29-Sep-2026,67500.0,PE,0,,0,,0,0.0,,0,0,0,0,0,,,,,,,,,,,,,,,0.013841117514205987,,,,,,12.82,25,71755,72085.35,71388.55,72462.4,none,no_price_available
2026-09-24T08:45:06.518072+00:00,2026-09-24T14:15:06.518072+05:30,NIFTYNXT50,29-Sep-2026,67600.0,CE,71506.05,,0,,0,0.0,,0,0,0,0,0,,,,,,,,,,,,,,,0.013841117514205987,,,,,,12.82,25,71755,72085.35,71388.55,72462.4,none,no_price_available
2026-09-24T08:45:06.518072+00:00,2026-09-24T14:15:06.518072+05:30,NIFTYNXT50,29-Sep-2026,67600.0,PE,0,,0,,0,0.0,,0,0,0,0,0,,,,,,,,,,,,,,,0.013841117514205987,,,,,,12.82,25,71755,72085.35,71388.55,72462.4,none,no_price_available
2026-09-24T08:45:06.518072+00:00,2026-09-24T14:15:06.518072+05:30,NIFTYNXT50,29-Sep-2026,67700.0,CE,71506.05,,0,,0,0.0,,0,0,0,0,0,,,,,,,,,,,,,,,0.013841117514205987,,,,,,12.82,25,71755,72085.35,71388.55,72462.4,none,no_price_available
2026-09-24T08:45:06.518072+00:00,2026-09-24T14:15:06.518072+05:30,NIFTYNXT50,29-Sep-2026,67700.0,PE,0,,0,,0,0.0,,0,0,0,0,0,,,,,,,,,,,,,,,0.013841117514205987,,,,,,12.82,25,71755,72085.35,71388.55,72462.4,none,no_price_available
2026-09-24T08:45:06.518072+00:00,2026-09-24T14:15:06.518072+05:30,NIFTYNXT50,29-Sep-2026,67800.0,CE,71506.05,,0,,0,0.0,,0,0,0,0,0,,,,,,,,,,,,,,,0.013841117514205987,,,,,,12.82,25,71755,72085.35,71388.55,72462.4,none,no_price_available
2026-09-24T08:45:06.518072+00:00,2026-09-24T14:15:06.518072+05:30,NIFTYNXT50,29-Sep-2026,67800.0,PE,0,,0,,0,0.0,,0,0,0,0,0,,,,,,,,,,,,,,,0.013841117514205987,,,,,,12.82,25,71755,72085.35,71388.55,72462.4,none,no_price_available
2026-09-24T08:45:06.518072+00:00,2026-09-24T14:15:06.518072+05:30,NIFTYNXT50,29-Sep-2026,67900.0,CE,71506.05,,0,,0,0.0,,0,0,0,0,0,,,,,,,,,,,,,,,0.013841117514205987,,,,,,12.82,25,71755,72085.35,71388.55,72462.4,none,no_price_available
2026-09-24T08:45:06.518072+00:00,2026-09-24T14:15:06.518072+05:30,NIFTYNXT50,29-Sep-2026,67900.0,PE,0,,0,,0,0.0,,0,0,0,0,0,,,,,,,,,,,,,,,0.013841117514205987,,,,,,12.82,25,71755,72085.35,71388.55,72462.4,none,no_price_available
2026-09-24T08:45:06.518072+00:00,2026-09-24T14:15:06.518072+05:30,NIFTYNXT50,29-Sep-2026,68000.0,CE,71506.05,,0,,0,0.0,,0,0,0,0,0,,,,,,,,,,,,,,,0.013841117514205987,,,,,,12.82,25,71755,72085.35,71388.55,72462.4,none,no_price_available
2026-09-24T08:45:06.518072+00:00,2026-09-24T14:15:06.518072+05:30,NIFTYNXT50,29-Sep-2026,68000.0,PE,0,,0,,0,0.0,,0,0,0,0,0,,,,,,,,,,,,,,,0.013841117514205987,,,,,,12.82,25,71755,72085.35,71388.55,72462.4,none,no_price_available
2026-09-24T08:45:06.518072+00:00,2026-09-24T14:15:06.518072+05:30,NIFTYNXT50,29-Sep-2026,68100.0,CE,71506.05,,0,,0,0.0,,0,0,0,0,0,,,,,,,,,,,,,,,0.013841117514205987,,,,,,12.82,25,71755,72085.35,71388.55,72462.4,none,no_price_available
2026-09-24T08:45:06.518072+00:00,2026-09-24T14:15:06.518072+05:30,NIFTYNXT50,29-Sep-2026,68100.0,PE,0,,0,,0,0.0,,0,0,0,0,0,,,,,,,,,,,,,,,0.013841117514205987,,,,,,12.82,25,71755,72085.35,71388.55,72462.4,none,no_price_available
2026-09-24T08:45:06.518072+00:00,2026-09-24T14:15:06.518072+05:30,NIFTYNXT50,29-Sep-2026,68200.0,CE,71506.05,,0,,0,0.0,,0,0,0,0,0,,,,,,,,,,,,,,,0.013841117514205987,,,,,,12.82,25,71755,72085.35,71388.55,72462.4,none,no_price_available
2026-09-24T08:45:06.518072+00:00,2026-09-24T14:15:06.518072+05:30,NIFTYNXT50,29-Sep-2026,68200.0,PE,0,,0,,0,0.0,,0,0,0,0,0,,,,,,,,,,,,,,,0.013841117514205987,,,,,,12.82,25,71755,72085.35,71388.55,72462.4,none,no_price_available
2026-09-24T08:45:06.518072+00:00,2026-09-24T14:15:06.518072+05:30,NIFTYNXT50,29-Sep-2026,68300.0,CE,71506.05,,0,,0,0.0,,0,0,0,0,0,,,,,,,,,,,,,,,0.013841117514205987,,,,,,12.82,25,71755,72085.35,71388.55,72462.4,none,no_price_available
2026-09-24T08:45:06.518072+00:00,2026-09-24T14:15:06.518072+05:30,NIFTYNXT50,29-Sep-2026,68300.0,PE,0,,0,,0,0.0,,0,0,0,0,0,,,,,,,,,,,,,,,0.013841117514205987,,,,,,12.82,25,71755,72085.35,71388.55,72462.4,none,no_price_available
2026-09-24T08:45:06.518072+00:00,2026-09-24T14:15:06.518072+05:30,NIFTYNXT50,29-Sep-2026,68400.0,CE,71506.05,,0,,0,0.0,,0,0,0,0,0,,,,,,,,,,,,,,,0.013841117514205987,,,,,,12.82,25,71755,72085.35,71388.55,72462.4,none,no_price_available
2026-09-24T08:45:06.518072+00:00,2026-09-24T14:15:06.518072+05:30,NIFTYNXT50,29-Sep-2026,68400.0,PE,0,,0,,0,0.0,,0,0,0,0,0,,,,,,,,,,,,,,,0.013841117514205987,,,,,,12.82,25,71755,72085.35,71388.55,72462.4,none,no_price_available
2026-09-24T08:45:06.518072+00:00,2026-09-24T14:15:06.518072+05:30,NIFTYNXT50,29-Sep-2026,68500.0,CE,71506.05,,0,,0,0.0,,0,0,0,0,0,,,,,,,,,,,,,,,0.013841117514205987,,,,,,12.82,25,71755,72085.35,71388.55,72462.4,none,no_price_available
2026-09-24T08:45:06.518072+00:00,2026-09-24T14:15:06.518072+05:30,NIFTYNXT50,29-Sep-2026,68500.0,PE,0,,0,,0,0.0,,0,0,0,0,0,,,,,,,,,,,,,,,0.013841117514205987,,,,,,12.82,25,71755,72085.35,71388.55,72462.4,none,no_price_available
2026-09-24T08:45:06.518072+00:00,2026-09-24T14:15:06.518072+05:30,NIFTYNXT50,29-Sep-2026,68600.0,CE,71506.05,,0,,0,0.0,,0,0,0,0,0,,,,,,,,,,,,,,,0.013841117514205987,,,,,,12.82,25,71755,72085.35,71388.55,72462.4,none,no_price_available
2026-09-24T08:45:06.518072+00:00,2026-09-24T14:15:06.518072+05:30,NIFTYNXT50,29-Sep-2026,68600.0,PE,0,,0,,0,0.0,,0,0,0,0,0,,,,,,,,,,,,,,,0.013841117514205987,,,,,,12.82,25,71755,72085.35,71388.55,72462.4,none,no_price_available
2026-09-24T08:45:06.518072+00:00,2026-09-24T14:15:06.518072+05:30,NIFTYNXT50,29-Sep-2026,68700.0,CE,71506.05,,0,,0,0.0,,0,0,0,0,0,,,,,,,,,,,,,,,0.013841117514205987,,,,,,12.82,25,71755,72085.35,71388.55,72462.4,none,no_price_available
2026-09-24T08:45:06.518072+00:00,2026-09-24T14:15:06.518072+05:30,NIFTYNXT50,29-Sep-2026,68700.0,PE,0,,0,,0,0.0,,0,0,0,0,0,,,,,,,,,,,,,,,0.013841117514205987,,,,,,12.82,25,71755,72085.35,71388.55,72462.4,none,no_price_available
2026-09-24T08:45:06.518072+00:00,2026-09-24T14:15:06.518072+05:30,NIFTYNXT50,29-Sep-2026,68800.0,CE,71506.05,2198.05,50,5947.95,50,0.0,4073.0,0,0,0,0,0,,,,,,,,,,,,,,,0.013841117514205987,71510,0.003990902855224801,0.01,index_dividend_yield,0.065,12.82,25,71755,72085.35,71388.55,72462.4,mid_price,no_nse_iv
2026-09-24T08:45:06.518072+00:00,2026-09-24T14:15:06.518072+05:30,NIFTYNXT50,29-Sep-2026,68800.0,PE,0,,0,,0,0.0,,0,0,0,0,0,,,,,,,,,,,,,,,0.013841117514205987,,,,,,12.82,25,71755,72085.35,71388.55,72462.4,none,no_price_available
2026-09-24T08:45:06.518072+00:00,2026-09-24T14:15:06.518072+05:30,NIFTYNXT50,29-Sep-2026,68900.0,CE,71506.05,154.45,50,5949.95,50,0.0,3052.2,0,0,0,0,0,,,,,,,,,,,,,,,0.013841117514205987,71510,0.003990902855224801,0.01,index_dividend_yield,0.065,12.82,25,71755,72085.35,71388.55,72462.4,mid_price,no_nse_iv
2026-09-24T08:45:06.518072+00:00,2026-09-24T14:15:06.518072+05:30,NIFTYNXT50,29-Sep-2026,68900.0,PE,0,,0,,0,0.0,,0,0,0,0,0,,,,,,,,,,,,,,,0.013841117514205987,,,,,,12.82,25,71755,72085.35,71388.55,72462.4,none,no_price_available
2026-09-24T08:45:06.518072+00:00,2026-09-24T14:15:06.518072+05:30,NIFTYNXT50,29-Sep-2026,69000.0,CE,71506.05,82.15,50,5843.1,50,0.0,2962.625,0,0,0,0,0,,,,,,,,,,,,,,,0.013841117514205987,71510,0.003990902855224801,0.01,index_dividend_yield,0.065,12.82,25,71755,72085.35,71388.55,72462.4,mid_price,no_nse_iv
2026-09-24T08:45:06.518072+00:00,2026-09-24T14:15:06.518072+05:30,NIFTYNXT50,29-Sep-2026,69000.0,PE,0,,0,,0,0.0,,0,0,0,0,0,,,,,,,,,,,,,,,0.013841117514205987,,,,,,12.82,25,71755,72085.35,71388.55,72462.4,none,no_price_available
2026-09-24T08:45:06.518072+00:00,2026-09-24T14:15:06.518072+05:30,NIFTYNXT50,29-Sep-2026,69100.0,CE,71506.05,12.35,50,5613.2,50,0.0,2812.775,0,0,0,0,0,,,,,,,,,,,,,,,0.013841117514205987,71510,0.003990902855224801,0.01,index_dividend_yield,0.065,12.82,25,71755,72085.35,71388.55,72462.4,mid_price,no_nse_iv
2026-09-24T08:45:06.518072+00:00,2026-09-24T14:15:06.518072+05:30,NIFTYNXT50,29-Sep-2026,69100.0,PE,0,,0,,0,0.0,,0,0,0,0,0,,,,,,,,,,,,,,,0.013841117514205987,,,,,,12.82,25,71755,72085.35,71388.55,72462.4,none,no_price_available
2026-09-24T08:45:06.518072+00:00,2026-09-24T14:15:06.518072+05:30,NIFTYNXT50,29-Sep-2026,69200.0,CE,71506.05,0.1,50,5501.9,50,0.0,2751.0,0,0,0,0,0,,,,,,,,,,,,,,,0.013841117514205987,71510,0.003990902855224801,0.01,index_dividend_yield,0.065,12.82,25,71755,72085.35,71388.55,72462.4,mid_price,no_nse_iv
2026-09-24T08:45:06.518072+00:00,2026-09-24T14:15:06.518072+05:30,NIFTYNXT50,29-Sep-2026,69200.0,PE,0,,0,,0,0.0,,0,0,0,0,0,,,,,,,,,,,,,,,0.013841117514205987,,,,,,12.82,25,71755,72085.35,71388.55,72462.4,none,no_price_available
2026-09-24T08:45:06.518072+00:00,2026-09-24T14:15:06.518072+05:30,NIFTYNXT50,29-Sep-2026,69300.0,CE,71506.05,0.05,50,5515.5,50,0.0,2757.775,0,0,0,0,0,,,,,,,,,,,,,,,0.013841117514205987,71510,0.003990902855224801,0.01,index_dividend_yield,0.065,12.82,25,71755,72085.35,71388.55,72462.4,mid_price,no_nse_iv
2026-09-24T08:45:06.518072+00:00,2026-09-24T14:15:06.518072+05:30,NIFTYNXT50,29-Sep-2026,69300.0,PE,0,,0,,0,0.0,,0,0,0,0,0,,,,,,,,,,,,,,,0.013841117514205987,,,,,,12.82,25,71755,72085.35,71388.55,72462.4,none,no_price_available
2026-09-24T08:45:06.518072+00:00,2026-09-24T14:15:06.518072+05:30,NIFTYNXT50,29-Sep-2026,69400.0,CE,71506.05,0.05,50,,0,0.0,,0,0,0,0,0,,,,,,,,,,,,,,,0.013841117514205987,,,,,,12.82,25,71755,72085.35,71388.55,72462.4,none,no_price_available
2026-09-24T08:45:06.518072+00:00,2026-09-24T14:15:06.518072+05:30,NIFTYNXT50,29-Sep-2026,69400.0,PE,0,,0,,0,0.0,,0,0,0,0,0,,,,,,,,,,,,,,,0.013841117514205987,,,,,,12.82,25,71755,72085.35,71388.55,72462.4,none,no_price_available
2026-09-24T08:45:06.518072+00:00,2026-09-24T14:15:06.518072+05:30,NIFTYNXT50,29-Sep-2026,69500.0,CE,71506.05,0.1,50,5176.65,50,0.0,2588.375,0,0,0,0,0,,,,,,,,,,,,,,,0.013841117514205987,71510,0.003990902855224801,0.01,index_dividend_yield,0.065,12.82,25,71755,72085.35,71388.55,72462.4,mid_price,no_nse_iv
2026-09-24T08:45:06.518072+00:00,2026-09-24T14:15:06.518072+05:30,NIFTYNXT50,29-Sep-2026,69500.0,PE,71506.05,,0,315,25,0.0,,0,0,0,0,0,,,,,,,,,,,,,,,0.013841117514205987,,,,,,12.82,25,71755,72085.35,71388.55,72462.4,none,no_price_available
2026-09-24T08:45:06.518072+00:00,2026-09-24T14:15:06.518072+05:30,NIFTYNXT50,29-Sep-2026,69600.0,CE,71506.05,0.05,50,5067.75,50,0.0,2533.9,0,0,0,0,0,,,,,,,,,,,,,,,0.013841117514205987,71510,0.003990902855224801,0.01,index_dividend_yield,0.065,12.82,25,71755,72085.35,71388.55,72462.4,mid_price,no_nse_iv
2026-09-24T08:45:06.518072+00:00,2026-09-24T14:15:06.518072+05:30,NIFTYNXT50,29-Sep-2026,69600.0,PE,0,,0,,0,0.0,,0,0,0,0,0,,,,,,,,,,,,,,,0.013841117514205987,,,,,,12.82,25,71755,72085.35,71388.55,72462.4,none,no_price_available
2026-09-24T08:45:06.518072+00:00,2026-09-24T14:15:06.518072+05:30,NIFTYNXT50,29-Sep-2026,69700.0,CE,71506.05,0.05,50,5089.05,50,0.0,2544.55,0,0,0,0,0,,,,,,,,,,,,,,,0.013841117514205987,71510,0.003990902855224801,0.01,index_dividend_yield,0.065,12.82,25,71755,72085.35,71388.55,72462.4,mid_price,no_nse_iv
2026-09-24T08:45:06.518072+00:00,2026-09-24T14:15:06.518072+05:30,NIFTYNXT50,29-Sep-2026,69700.0,PE,0,,0,,0,0.0,,0,0,0,0,0,,,,,,,,,,,,,,,0.013841117514205987,,,,,,12.82,25,71755,72085.35,71388.55,72462.4,none,no_price_available
2026-09-24T08:45:06.518072+00:00,2026-09-24T14:15:06.518072+05:30,NIFTYNXT50,29-Sep-2026,69800.0,CE,71506.05,0.05,50,4819.6,50,0.0,2409.8250000000003,0,0,0,0,0,,,,,,,,,,,,,,,0.013841117514205987,71510,0.003990902855224801,0.01,index_dividend_yield,0.065,12.82,25,71755,72085.35,71388.55,72462.4,mid_price,no_nse_iv
2026-09-24T08:45:06.518072+00:00,2026-09-24T14:15:06.518072+05:30,NIFTYNXT50,29-Sep-2026,69800.0,PE,0,,0,,0,0.0,,0,0,0,0,0,,,,,,,,,,,,,,,0.013841117514205987,,,,,,12.82,25,71755,72085.35,71388.55,72462.4,none,no_price_available
2026-09-24T08:45:06.518072+00:00,2026-09-24T14:15:06.518072+05:30,NIFTYNXT50,29-Sep-2026,69900.0,CE,71506.05,0.1,50,4273.65,50,0.0,2136.875,0,0,0,0,0,,,,,,,,,,,,,,,0.013841117514205987,71510,0.003990902855224801,0.01,index_dividend_yield,0.065,12.82,25,71755,72085.35,71388.55,72462.4,mid_price,no_nse_iv
2026-09-24T08:45:06.518072+00:00,2026-09-24T14:15:06.518072+05:30,NIFTYNXT50,29-Sep-2026,69900.0,PE,0,,0,,0,0.0,,0,0,0,0,0,,,,,,,,,,,,,,,0.013841117514205987,,,,,,12.82,25,71755,72085.35,71388.55,72462.4,none,no_price_available
2026-09-24T08:45:06.518072+00:00,2026-09-24T14:15:06.518072+05:30,NIFTYNXT50,29-Sep-2026,70000.0,CE,71506.05,0.1,50,4087.15,50,2023,2043.625,1,-1,2,-18.689710610932476,32.21,0.7259046197486831,0.00012290109632109527,-96.77097004498496,28.015811985008582,-0.5819733632870805,0.017270843127838026,29.413519958078282,-2.874196808775619e-08,-0.00025253007389452423,8.350128955235858e-06,-3.644128310229312,25.638737094664442,-0.7126005004141566,0.00012824642082642627,0.013841117514205987,71510,0.003990902855224801,0.01,index_dividend_yield,0.065,12.82,25,71755,72085.35,71388.55,72462.4,mid_price,wide_quote_low_liquidity
2026-09-24T08:45:06.518072+00:00,2026-09-24T14:15:06.518072+05:30,NIFTYNXT50,29-Sep-2026,70000.0,PE,71506.05,89.55,25,389.95,200,94.25,239.75,9,0,13,277,17,-0.13296626189017463,0.00015023490902519955,-28.96115408810631,18.074925341539586,-1.3806238914248063,0.02161868874006144,129.20246589842142,-1.1686096261479668e-07,0.0001902082196368008,-1.964339182425696e-06,-3.8112831406175776,-98.44114633065806,0.1372068100611835,0.00015676906018256996,0.013841117514205987,71510,0.003990902855224801,0.01,index_dividend_yield,0.065,12.82,25,71755,72085.35,71388.55,72462.4,mid_price,wide_quote_low_liquidity
2026-09-24T08:45:06.518072+00:00,2026-09-24T14:15:06.518072+05:30,NIFTYNXT50,29-Sep-2026,70100.0,CE,71506.05,0.05,50,4044.75,50,0.0,2022.4,0,0,0,0,0,,,,,,,,,,,,,,,0.013841117514205987,71510,0.003990902855224801,0.01,index_dividend_yield,0.065,12.82,25,71755,72085.35,71388.55,72462.4,mid_price,no_nse_iv
2026-09-24T08:45:06.518072+00:00,2026-09-24T14:15:06.518072+05:30,NIFTYNXT50,29-Sep-2026,70100.0,PE,0,,0,,0,0.0,,0,0,0,0,0,,,,,,,,,,,,,,,0.013841117514205987,,,,,,12.82,25,71755,72085.35,71388.55,72462.4,none,no_price_available
2026-09-24T08:45:06.518072+00:00,2026-09-24T14:15:06.518072+05:30,NIFTYNXT50,29-Sep-2026,70200.0,CE,71506.05,0.05,50,3863.2,50,0.0,1931.625,0,0,0,0,0,,,,,,,,,,,,,,,0.013841117514205987,71510,0.003990902855224801,0.01,index_dividend_yield,0.065,12.82,25,71755,72085.35,71388.55,72462.4,mid_price,no_nse_iv
2026-09-24T08:45:06.518072+00:00,2026-09-24T14:15:06.518072+05:30,NIFTYNXT50,29-Sep-2026,70200.0,PE,0,,0,,0,0.0,,0,0,0,0,0,,,,,,,,,,,,,,,0.013841117514205987,,,,,,12.82,25,71755,72085.35,71388.55,72462.4,none,no_price_available
2026-09-24T08:45:06.518072+00:00,2026-09-24T14:15:06.518072+05:30,NIFTYNXT50,29-Sep-2026,70300.0,CE,71506.05,,0,,0,0.0,,0,0,0,0,0,,,,,,,,,,,,,,,0.013841117514205987,,,,,,12.82,25,71755,72085.35,71388.55,72462.4,none,no_price_available
2026-09-24T08:45:06.518072+00:00,2026-09-24T14:15:06.518072+05:30,NIFTYNXT50,29-Sep-2026,70300.0,PE,0,,0,,0,0.0,,0,0,0,0,0,,,,,,,,,,,,,,,0.013841117514205987,,,,,,12.82,25,71755,72085.35,71388.55,72462.4,none,no_price_available
2026-09-24T08:45:06.518072+00:00,2026-09-24T14:15:06.518072+05:30,NIFTYNXT50,29-Sep-2026,70400.0,CE,71506.05,,0,,0,0.0,,0,0,0,0,0,,,,,,,,,,,,,,,0.013841117514205987,,,,,,12.82,25,71755,72085.35,71388.55,72462.4,none,no_price_available
2026-09-24T08:45:06.518072+00:00,2026-09-24T14:15:06.518072+05:30,NIFTYNXT50,29-Sep-2026,70400.0,PE,0,,0,,0,0.0,,0,0,0,0,0,,,,,,,,,,,,,,,0.013841117514205987,,,,,,12.82,25,71755,72085.35,71388.55,72462.4,none,no_price_available
2026-09-24T08:45:06.518072+00:00,2026-09-24T14:15:06.518072+05:30,NIFTYNXT50,29-Sep-2026,70500.0,CE,71506.05,0.05,50,3453.75,50,0.0,1726.9,0,0,0,0,0,,,,,,,,,,,,,,,0.013841117514205987,71510,0.003990902855224801,0.01,index_dividend_yield,0.065,12.82,25,71755,72085.35,71388.55,72462.4,mid_price,no_nse_iv
2026-09-24T08:45:06.518072+00:00,2026-09-24T14:15:06.518072+05:30,NIFTYNXT50,29-Sep-2026,70500.0,PE,71506.05,0.05,50,1120,25,0.0,560.025,0,0,0,0,0,,,,,,,,,,,,,,,0.013841117514205987,71510,0.003990902855224801,0.01,index_dividend_yield,0.065,12.82,25,71755,72085.35,71388.55,72462.4,mid_price,no_nse_iv
2026-09-24T08:45:06.518072+00:00,2026-09-24T14:15:06.518072+05:30,NIFTYNXT50,29-Sep-2026,70600.0,CE,71506.05,0.05,50,3334.4,50,0.0,1667.2250000000001,0,0,0,0,0,,,,,,,,,,,,,,,0.013841117514205987,71510,0.003990902855224801,0.01,index_dividend_yield,0.065,12.82,25,71755,72085.35,71388.55,72462.4,mid_price,no_nse_iv
2026-09-24T08:45:06.518072+00:00,2026-09-24T14:15:06.518072+05:30,NIFTYNXT50,29-Sep-2026,70600.0,PE,71506.05,0.05,50,1200.8,50,0.0,600.425,0,0,0,0,0,,,,,,,,,,,,,,,0.013841117514205987,71510,0.003990902855224801,0.01,index_dividend_yield,0.065,12.82,25,71755,72085.35,71388.55,72462.4,mid_price,no_nse_iv
2026-09-24T08:45:06.518072+00:00,2026-09-24T14:15:06.518072+05:30,NIFTYNXT50,29-Sep-2026,70700.0,CE,71506.05,,0,,0,0.0,,0,0,0,0,0,,,,,,,,,,,,,,,0.013841117514205987,,,,,,12.82,25,71755,72085.35,71388.55,72462.4,none,no_price_available
2026-09-24T08:45:06.518072+00:00,2026-09-24T14:15:06.518072+05:30,NIFTYNXT50,29-Sep-2026,70700.0,PE,71506.05,0.05,50,528.65,50,0.0,264.34999999999997,0,0,0,0,0,,,,,,,,,,,,,,,0.013841117514205987,71510,0.003990902855224801,0.01,index_dividend_yield,0.065,12.82,25,71755,72085.35,71388.55,72462.4,mid_price,no_nse_iv
2026-09-24T08:45:06.518072+00:00,2026-09-24T14:15:06.518072+05:30,NIFTYNXT50,29-Sep-2026,70800.0,CE,71506.05,0.05,50,1561.8,50,0.0,780.925,0,0,0,0,0,,,,,,,,,,,,,,,0.013841117514205987,71510,0.003990902855224801,0.01,index_dividend_yield,0.065,12.82,25,71755,72085.35,71388.55,72462.4,mid_price,no_nse_iv
2026-09-24T08:45:06.518072+00:00,2026-09-24T14:15:06.518072+05:30,NIFTYNXT50,29-Sep-2026,70800.0,PE,71506.05,,0,690,25,250,,1,0,1,-81.000151998784,16.57,-0.28844346194571213,0.00024492362181931617,-43.948683720862924,28.72168492978865,-1.1092144064983045,0.01556525280555257,52.053814905915985,-9.843999297189702e-08,-0.0010342427158598927,1.8034860062275627e-05,-3.572986368625332,-81.13740645547854,0.2949104040105476,0.0002498329603326856,0.013841117514205987,71510,0.003990902855224801,0.01,index_dividend_yield,0.065,12.82,25,71755,72085.35,71388.55,72462.4,ltp,ok
2026-09-24T08:45:06.518072+00:00,2026-09-24T14:15:06.518072+05:30,NIFTYNXT50,29-Sep-2026,70900.0,CE,71506.05,0.05,50,2992.2,50,0.0,1496.125,0,0,0,0,0,,,,,,,,,,,,,,,0.013841117514205987,71510,0.003990902855224801,0.01,index_dividend_yield,0.065,12.82,25,71755,72085.35,71388.55,72462.4,mid_price,no_nse_iv
2026-09-24T08:45:06.518072+00:00,2026-09-24T14:15:06.518072+05:30,NIFTYNXT50,29-Sep-2026,70900.0,PE,71506.05,0.05,50,1447.9,50,0.0,723.975,0,0,0,0,0,,,,,,,,,,,,,,,0.013841117514205987,71510,0.003990902855224801,0.01,index_dividend_yield,0.065,12.82,25,71755,72085.35,71388.55,72462.4,mid_price,no_nse_iv
2026-09-24T08:45:06.518072+00:00,2026-09-24T14:15:06.518072+05:30,NIFTYNXT50,29-Sep-2026,71000.0,CE,71506.05,790,25,1007.2,50,0.0,898.6,128,0,0,0,33.09,0.5875496742570537,0.00013982196312602217,-113.31374686183253,32.743786127915875,-0.21469962864123504,0.005551065794873329,3.999900352702923,-1.2958925211241364e-08,-0.00040547367045312807,1.3422126063743098e-05,-3.3438115421805135,29.82942209981221,-0.5719000394872946,0.0001418222184249631,0.013841117514205987,71510,0.003990902855224801,0.01,index_dividend_yield,0.065,12.82,25,71755,72085.35,71388.55,72462.4,mid_price,wide_quote_low_liquidity
2026-09-24T08:45:06.518072+00:00,2026-09-24T14:15:06.518072+05:30,NIFTYNXT50,29-Sep-2026,71000.0,PE,71506.05,280,50,309,25,320,294.5,69,-21,59,270.5848291835553,16.78,-0.3415184714197736,0.0002599848895349822,-47.53605006345722,30.874276992282613,-0.8496247437521087,0.011317174303375354,29.176693131164555,-7.63838250987277e-08,-0.0013037175487566567,2.24933715337997e-05,-3.444400172617083,-75.19173105270713,0.34852697348682954,0.00026370416325500714,0.013841117514205987,71510,0.003990902855224801,0.01,index_dividend_yield,0.065,12.82,25,71755,72085.35,71388.55,72462.4,mid_price,ok
2026-09-24T08:45:06.518072+00:00,2026-09-24T14:15:06.518072+05:30,NIFTYNXT50,29-Sep-2026,71100.0,CE,71506.05,,0,,0,0.0,,0,0,0,0,0,,,,,,,,,,,,,,,0.013841117514205987,,,,,,12.82,25,71755,72085.35,71388.55,72462.4,none,no_price_available
2026-09-24T08:45:06.518072+00:00,2026-09-24T14:15:06.518072+05:30,NIFTYNXT50,29-Sep-2026,71100.0,PE,71506.05,0.1,50,696.9,50,0.0,348.5,0,0,0,0,0,,,,,,,,,,,,,,,0.013841117514205987,71510,0.003990902855224801,0.01,index_dividend_yield,0.065,12.82,25,71755,72085.35,71388.55,72462.4,mid_price,no_nse_iv
2026-09-24T08:45:06.518072+00:00,2026-09-24T14:15:06.518072+05:30,NIFTYNXT50,29-Sep-2026,71200.0,CE,71506.05,0.1,50,1308.2,50,0.0,654.15,0,0,0,0,0,,,,,,,,,,,,,,,0.013841117514205987,71510,0.003990902855224801,0.01,index_dividend_yield,0.065,12.82,25,71755,72085.35,71388.55,72462.4,mid_price,no_nse_iv
2026-09-24T08:45:06.518072+00:00,2026-09-24T14:15:06.518072+05:30,NIFTYNXT50,29-Sep-2026,71200.0,PE,71506.05,316.15,150,399.9,150,275.95,358.025,1,1,1,-88.90407929391424,13.06,-0.36823847591863434,0.00034308902178337977,-36.97025001692544,31.710765861052195,-0.9266021740165498,0.008284301888828437,26.223168066877633,-1.0419386000280346e-07,-0.002343418000061865,3.147128665883397e-05,-3.373059939803715,-93.88748365539833,0.3737603168464995,0.00034604486642256243,0.013841117514205987,71510,0.003990902855224801,0.01,index_dividend_yield,0.065,12.82,25,71755,72085.35,71388.55,72462.4,mid_price,wide_quote_low_liquidity
2026-09-24T08:45:06.518072+00:00,2026-09-24T14:15:06.518072+05:30,NIFTYNXT50,29-Sep-2026,71300.0,CE,71506.05,0.05,50,3290.7,50,0.0,1645.375,0,0,0,0,0,,,,,,,,,,,,,,,0.013841117514205987,71510,0.003990902855224801,0.01,index_dividend_yield,0.065,12.82,25,71755,72085.35,71388.55,72462.4,mid_price,no_nse_iv
2026-09-24T08:45:06.518072+00:00,2026-09-24T14:15:06.518072+05:30,NIFTYNXT50,29-Sep-2026,71300.0,PE,71506.05,353.3,150,420.35,150,298.95,386.82500000000005,1,1,1,-88.18939633375474,12.57,-0.3996900231494127,0.0003652381591666272,-36.06053371077159,32.49137984122504,-0.7350629965497124,0.005208466123590511,15.708096632149449,-8.754635020509555e-08,-0.0027292140598324482,3.495700211240466e-05,-3.327221400324593,-94.12607839746144,0.4051036856390373,0.0003673522143092169,0.013841117514205987,71510,0.003990902855224801,0.01,index_dividend_yield,0.065,12.82,25,71755,72085.35,71388.55,72462.4,mid_price,wide_quote_low_liquidity
2026-09-24T08:45:06.518072+00:00,2026-09-24T14:15:06.518072+05:30,NIFTYNXT50,29-Sep-2026,71400.0,CE,71506.05,0.05,50,3177.45,50,0.0,1588.75,0,0,0,0,0,,,,,,,,,,,,,,,0.013841117514205987,71510,0.003990902855224801,0.01,index_dividend_yield,0.065,12.82,25,71755,72085.35,71388.55,72462.4,mid_price,no_nse_iv
2026-09-24T08:45:06.518072+00:00,2026-09-24T14:15:06.518072+05:30,NIFTYNXT50,29-Sep-2026,71400.0,PE,71506.05,325,25,,0,361.7,,0,0,2,-85.95830583485383,13.19,-0.4393510041334809,0.00035532794922641005,-38.500147493583285,33.168886888858765,-0.40937636435051106,0.001508249258081582,5.250883496792369,-5.085689259579616e-08,-0.0026378149572067753,3.502221894256707e-05,-3.302325967895293,-85.70774053517395,0.44513733659073607,0.00035638426614055014,0.013841117514205987,71510,0.003990902855224801,0.01,index_dividend_yield,0.065,12.82,25,71755,72085.35,71388.55,72462.4,ltp,ok
2026-09-24T08:45:06.518072+00:00,2026-09-24T14:15:06.518072+05:30,NIFTYNXT50,29-Sep-2026,71500.0,CE,71506.05,522,25,625.55,125,645,573.775,34,2,63,-37.12531071794122,18.33,0.5198696144414486,0.0002583545439925785,-66.28660339005081,33.51469733951838,-0.061819106105143184,-0.0016483911431017816,0.2600707997864049,-1.1579868703204355e-08,-0.0014074998554225243,2.5670564232439037e-05,-3.310096947099768,57.58745103928697,-0.5108853586432396,0.00025839826738055006,0.013841117514205987,71510,0.003990902855224801,0.01,index_dividend_yield,0.065,12.82,25,71755,72085.35,71388.55,72462.4,mid_price,wide_quote_low_liquidity
2026-09-24T08:45:06.518072+00:00,2026-09-24T14:15:06.518072+05:30,NIFTYNXT50,29-Sep-2026,71500.0,PE,71506.05,421.05,125,486.95,150,417.5,454.0,28,-5,28,160.9375,13.49,-0.475521005989922,0.000350828971022266,-39.51897375855281,33.49377756055549,-0.13388941549719036,-0.0020060713212288086,0.6897327417334509,-2.2453817421880117e-08,-0.0025935768674139516,3.489333264415281e-05,-3.304755786500568,-80.40352198327999,0.48147592411125123,0.000350888344590753,0.013841117514205987,71510,0.003990902855224801,0.01,index_dividend_yield,0.065,12.82,25,71755,72085.35,71388.55,72462.4,mid_price,ok
2026-09-24T08:45:06.518072+00:00,2026-09-24T14:15:06.518072+05:30,NIFTYNXT50,29-Sep-2026,71600.0,CE,71506.05,,0,,0,0.0,,1,0,0,0,25.19,,,,,,,,,,,,,,,0.013841117514205987,,,,,,12.82,25,71755,72085.35,71388.55,72462.4,none,no_price_available
2026-09-24T08:45:06.518072+00:00,2026-09-24T14:15:06.518072+05:30,NIFTYNXT50,29-Sep-2026,71600.0,PE,71506.05,10.1,50,1011.3,50,0.0,510.7,0,0,0,0,0,,,,,,,,,,,,,,,0.013841117514205987,71510,0.003990902855224801,0.01,index_dividend_yield,0.065,12.82,25,71755,72085.35,71388.55,72462.4,mid_price,no_nse_iv
2026-09-24T08:45:06.518072+00:00,2026-09-24T14:15:06.518072+05:30,NIFTYNXT50,29-Sep-2026,71700.0,CE,71506.05,0.05,50,2841.05,50,0.0,1420.5500000000002,0,0,0,0,0,,,,,,,,,,,,,,,0.013841117514205987,71510,0.003990902855224801,0.01,index_dividend_yield,0.065,12.82,25,71755,72085.35,71388.55,72462.4,mid_price,no_nse_iv
2026-09-24T08:45:06.518072+00:00,2026-09-24T14:15:06.518072+05:30,NIFTYNXT50,29-Sep-2026,71700.0,PE,71506.05,0.05,50,2227.7,50,0.0,1113.875,0,0,0,0,0,,,,,,,,,,,,,,,0.013841117514205987,71510,0.003990902855224801,0.01,index_dividend_yield,0.065,12.82,25,71755,72085.35,71388.55,72462.4,mid_price,no_nse_iv
2026-09-24T08:45:06.518072+00:00,2026-09-24T14:15:06.518072+05:30,NIFTYNXT50,29-Sep-2026,71800.0,CE,71506.05,0.05,50,2730.7,50,0.0,1365.375,0,0,0,0,0,,,,,,,,,,,,,,,0.013841117514205987,71510,0.003990902855224801,0.01,index_dividend_yield,0.065,12.82,25,71755,72085.35,71388.55,72462.4,mid_price,no_nse_iv
2026-09-24T08:45:06.518072+00:00,2026-09-24T14:15:06.518072+05:30,NIFTYNXT50,29-Sep-2026,71800.0,PE,71506.05,0.05,50,2335.95,50,0.0,1168.0,0,0,0,0,0,,,,,,,,,,,,,,,0.013841117514205987,71510,0.003990902855224801,0.01,index_dividend_yield,0.065,12.82,25,71755,72085.35,71388.55,72462.4,mid_price,no_nse_iv
2026-09-24T08:45:06.518072+00:00,2026-09-24T14:15:06.518072+05:30,NIFTYNXT50,29-Sep-2026,71900.0,CE,71506.05,0.1,50,810.95,50,0.0,405.52500000000003,0,0,0,0,0,,,,,,,,,,,,,,,0.013841117514205987,71510,0.003990902855224801,0.01,index_dividend_yield,0.065,12.82,25,71755,72085.35,71388.55,72462.4,mid_price,no_nse_iv
2026-09-24T08:45:06.518072+00:00,2026-09-24T14:15:06.518072+05:30,NIFTYNXT50,29-Sep-2026,71900.0,PE,71506.05,0.1,50,,0,0.0,,0,0,0,0,0,,,,,,,,,,,,,,,0.013841117514205987,,,,,,12.82,25,71755,72085.35,71388.55,72462.4,none,no_price_available
2026-09-24T08:45:06.518072+00:00,2026-09-24T14:15:06.518072+05:30,NIFTYNXT50,29-Sep-2026,72000.0,CE,71506.05,270.05,125,337.1,50,285.4,303.57500000000005,54,4,181,-58.67062486423865,14.06,0.3586710940836587,0.00031586335239843616,-47.54910092808371,31.429776556878878,1.0055916726534886,-0.01740785189134102,30.615150393716206,8.843448664415323e-08,-0.00193893805437446,2.5972544018411555e-05,-3.6407481999788436,89.7524470207186,-0.3522416503562426,0.0003115443101928282,0.013841117514205987,71510,0.003990902855224801,0.01,index_dividend_yield,0.065,12.82,25,71755,72085.35,71388.55,72462.4,mid_price,wide_quote_low_liquidity
2026-09-24T08:45:06.518072+00:00,2026-09-24T14:15:06.518072+05:30,NIFTYNXT50,29-Sep-2026,72000.0,PE,71506.05,656.05,50,750,25,703.65,703.025,23,-3,251,185.68818514007307,13.58,-0.646171812488713,0.0003254208711365107,-34.94584178098011,31.275330349346376,1.071067799052916,-0.017941050265183372,33.81304669391305,9.78394794836632e-08,-0.002044582269386823,2.6360218362227753e-05,-3.6609926299116577,-65.09572877038828,0.6515971903624982,0.00032097114163686497,0.013841117514205987,71510,0.003990902855224801,0.01,index_dividend_yield,0.065,12.82,25,71755,72085.35,71388.55,72462.4,mid_price,ok
2026-09-24T08:45:06.518072+00:00,2026-09-24T14:15:06.518072+05:30,NIFTYNXT50,29-Sep-2026,72100.0,CE,71506.05,,0,,0,0.0,,3,0,0,0,18.82,,,,,,,,,,,,,,,0.013841117514205987,,,,,,12.82,25,71755,72085.35,71388.55,72462.4,none,no_price_available
2026-09-24T08:45:06.518072+00:00,2026-09-24T14:15:06.518072+05:30,NIFTYNXT50,29-Sep-2026,72100.0,PE,71506.05,111.05,25,,0,552.35,,1,-2,2,6.364336606970922,4.93,,,,,,,,,,,,,,,0.013841117514205987,,,,,,12.82,25,71755,72085.35,71388.55,72462.4,ltp,no_price_available
2026-09-24T08:45:06.518072+00:00,2026-09-24T14:15:06.518072+05:30,NIFTYNXT50,29-Sep-2026,72200.0,CE,71506.05,0.05,50,489.95,50,0.0,245.0,0,0,0,0,0,,,,,,,,,,,,,,,0.013841117514205987,71510,0.003990902855224801,0.01,index_dividend_yield,0.065,12.82,25,71755,72085.35,71388.55,72462.4,mid_price,no_nse_iv
2026-09-24T08:45:06.518072+00:00,2026-09-24T14:15:06.518072+05:30,NIFTYNXT50,29-Sep-2026,72200.0,PE,71506.05,0.05,50,2787.3,50,0.0,1393.6750000000002,0,0,0,0,0,,,,,,,,,,,,,,,0.013841117514205987,71510,0.003990902855224801,0.01,index_dividend_yield,0.065,12.82,25,71755,72085.35,71388.55,72462.4,mid_price,no_nse_iv
2026-09-24T08:45:06.518072+00:00,2026-09-24T14:15:06.518072+05:30,NIFTYNXT50,29-Sep-2026,72300.0,CE,71506.05,,0,,0,0.0,,5,0,0,0,21.4,,,,,,,,,,,,,,,0.013841117514205987,,,,,,12.82,25,71755,72085.35,71388.55,72462.4,none,no_price_available
2026-09-24T08:45:06.518072+00:00,2026-09-24T14:15:06.518072+05:30,NIFTYNXT50,29-Sep-2026,72300.0,PE,71506.05,0.05,50,1637.45,50,0.0,818.75,0,0,0,0,0,,,,,,,,,,,,,,,0.013841117514205987,71510,0.003990902855224801,0.01,index_dividend_yield,0.065,12.82,25,71755,72085.35,71388.55,72462.4,mid_price,no_nse_iv
2026-09-24T08:45:06.518072+00:00,2026-09-24T14:15:06.518072+05:30,NIFTYNXT50,29-Sep-2026,72400.0,CE,71506.05,,0,,0,0.0,,0,0,0,0,0,,,,,,,,,,,,,,,0.013841117514205987,,,,,,12.82,25,71755,72085.35,71388.55,72462.4,none,no_price_available
2026-09-24T08:45:06.518072+00:00,2026-09-24T14:15:06.518072+05:30,NIFTYNXT50,29-Sep-2026,72400.0,PE,71506.05,0.1,50,1990,75,0.0,995.05,1,0,0,0,0,,,,,,,,,,,,,,,0.013841117514205987,71510,0.003990902855224801,0.01,index_dividend_yield,0.065,12.82,25,71755,72085.35,71388.55,72462.4,mid_price,no_nse_iv
2026-09-24T08:45:06.518072+00:00,2026-09-24T14:15:06.518072+05:30,NIFTYNXT50,29-Sep-2026,72500.0,CE,71506.05,0.05,50,498.95,50,0.0,249.5,0,0,0,0,0,,,,,,,,,,,,,,,0.013841117514205987,71510,0.003990902855224801,0.01,index_dividend_yield,0.065,12.82,25,71755,72085.35,71388.55,72462.4,mid_price,no_nse_iv
2026-09-24T08:45:06.518072+00:00,2026-09-24T14:15:06.518072+05:30,NIFTYNXT50,29-Sep-2026,72500.0,PE,71506.05,725,25,1580,25,0.0,1152.5,17,0,0,0,0,,,,,,,,,,,,,,,0.013841117514205987,71510,0.003990902855224801,0.01,index_dividend_yield,0.065,12.82,25,71755,72085.35,71388.55,72462.4,mid_price,no_nse_iv
2026-09-24T08:45:06.518072+00:00,2026-09-24T14:15:06.518072+05:30,NIFTYNXT50,29-Sep-2026,72600.0,CE,71506.05,0.05,50,1897.75,50,0.0,948.9,3,0,0,0,18.81,0.2608479957676507,0.00020531291700971987,-53.647747838783715,27.33139516036191,1.1447271015957439,-0.023539696577497937,61.6940059681248,7.852565577523375e-08,-0.0006280660794688635,1.0796345535179023e-05,-3.9734610843146427,75.54378554677955,-0.25351658239470026,0.00019917214860248948,0.013841117514205987,71510,0.003990902855224801,0.01,index_dividend_yield,0.065,12.82,25,71755,72085.35,71388.55,72462.4,mid_price,wide_quote_low_liquidity
2026-09-24T08:45:06.518072+00:00,2026-09-24T14:15:06.518072+05:30,NIFTYNXT50,29-Sep-2026,72600.0,PE,71506.05,10.3,50,3050,75,0.0,1530.15,6,0,0,0,0,,,,,,,,,,,,,,,0.013841117514205987,71510,0.003990902855224801,0.01,index_dividend_yield,0.065,12.82,25,71755,72085.35,71388.55,72462.4,mid_price,no_nse_iv
2026-09-24T08:45:06.518072+00:00,2026-09-24T14:15:06.518072+05:30,NIFTYNXT50,29-Sep-2026,72700.0,CE,71506.05,,0,,0,0.0,,0,0,0,0,0,,,,,,,,,,,,,,,0.013841117514205987,,,,,,12.82,25,71755,72085.35,71388.55,72462.4,none,no_price_available
2026-09-24T08:45:06.518072+00:00,2026-09-24T14:15:06.518072+05:30,NIFTYNXT50,29-Sep-2026,72700.0,PE,71506.05,20,3600,,0,0.0,,0,0,0,0,0,,,,,,,,,,,,,,,0.013841117514205987,,,,,,12.82,25,71755,72085.35,71388.55,72462.4,none,no_price_available
2026-09-24T08:45:06.518072+00:00,2026-09-24T14:15:06.518072+05:30,NIFTYNXT50,29-Sep-2026,72800.0,CE,71506.05,,0,,0,0.0,,0,0,0,0,0,,,,,,,,,,,,,,,0.013841117514205987,,,,,,12.82,25,71755,72085.35,71388.55,72462.4,none,no_price_available
2026-09-24T08:45:06.518072+00:00,2026-09-24T14:15:06.518072+05:30,NIFTYNXT50,29-Sep-2026,72800.0,PE,71506.05,0.1,50,2176.6,50,0.0,1088.35,0,0,0,0,0,,,,,,,,,,,,,,,0.013841117514205987,,,,,,12.82,25,71755,72085.35,71388.55,72462.4,mid_price,no_price_available
2026-09-24T08:45:06.518072+00:00,2026-09-24T14:15:06.518072+05:30,NIFTYNXT50,29-Sep-2026,72900.0,CE,71506.05,0.05,50,1617.55,50,0.0,808.8,0,0,0,0,0,,,,,,,,,,,,,,,0.013841117514205987,71510,0.003990902855224801,0.01,index_dividend_yield,0.065,12.82,25,71755,72085.35,71388.55,72462.4,mid_price,no_nse_iv
2026-09-24T08:45:06.518072+00:00,2026-09-24T14:15:06.518072+05:30,NIFTYNXT50,29-Sep-2026,72900.0,PE,71506.05,0.05,50,3448.65,50,0.0,1724.3500000000001,7,0,0,0,0,,,,,,,,,,,,,,,0.013841117514205987,71510,0.003990902855224801,0.01,index_dividend_yield,0.065,12.82,25,71755,72085.35,71388.55,72462.4,mid_price,no_nse_iv
2026-09-24T08:45:06.518072+00:00,2026-09-24T14:15:06.518072+05:30,NIFTYNXT50,29-Sep-2026,73000.0,CE,71506.05,99,75,183.7,50,0.0,141.35,33,0,0,0,13.26,0.10223118504205285,0.00015987084135320843,-20.780723160608296,15.002703177233334,1.7274570480482407,-0.024391451644733872,184.39999876137048,1.751895589859965e-07,0.0007594487220939845,-1.1958396195172948e-05,-4.087714207005773,135.66225026161507,-0.09940086737755188,0.0001533942628669561,0.013841117514205987,71510,0.003990902855224801,0.01,index_dividend_yield,0.065,12.82,25,71755,72085.35,71388.55,72462.4,mid_price,wide_quote_low_liquidity
2026-09-24T08:45:06.518072+00:00,2026-09-24T14:15:06.518072+05:30,NIFTYNXT50,29-Sep-2026,73000.0,PE,71506.05,1050,75,3749,50,0.0,2399.5,14,0,0,0,15.81,-0.8556383495408072,0.0001707403260061038,-20.399615897801546,19.104017560223053,1.5513344927250983,-0.026147904651287558,138.52981181556066,1.3081722115273066e-07,0.0001581976968839362,-3.972273468065016e-06,-4.222502369855578,-39.83754637208669,0.8591662884850189,0.00016382341037103984,0.013841117514205987,71510,0.003990902855224801,0.01,index_dividend_yield,0.065,12.82,25,71755,72085.35,71388.55,72462.4,mid_price,wide_quote_low_liquidity
2026-09-24T08:45:06.518072+00:00,2026-09-24T14:15:06.518072+05:30,NIFTYNXT50,29-Sep-2026,73100.0,CE,71506.05,,0,,0,0.0,,0,0,0,0,0,,,,,,,,,,,,,,,0.013841117514205987,,,,,,12.82,25,71755,72085.35,71388.55,72462.4,none,no_price_available
2026-09-24T08:45:06.518072+00:00,2026-09-24T14:15:06.518072+05:30,NIFTYNXT50,29-Sep-2026,73100.0,PE,71506.05,1080.45,50,3872.05,50,0.0,2476.25,0,0,0,0,0,,,,,,,,,,,,,,,0.013841117514205987,71510,0.003990902855224801,0.01,index_dividend_yield,0.065,12.82,25,71755,72085.35,71388.55,72462.4,mid_price,no_nse_iv
2026-09-24T08:45:06.518072+00:00,2026-09-24T14:15:06.518072+05:30,NIFTYNXT50,29-Sep-2026,73200.0,CE,71506.05,,0,,0,0.0,,0,0,0,0,0,,,,,,,,,,,,,,,0.013841117514205987,,,,,,12.82,25,71755,72085.35,71388.55,72462.4,none,no_price_available
2026-09-24T08:45:06.518072+00:00,2026-09-24T14:15:06.518072+05:30,NIFTYNXT50,29-Sep-2026,73200.0,PE,71506.05,1175.45,50,2269.15,50,0.0,1722.3000000000002,0,0,0,0,0,,,,,,,,,,,,,,,0.013841117514205987,71510,0.003990902855224801,0.01,index_dividend_yield,0.065,12.82,25,71755,72085.35,71388.55,72462.4,mid_price,no_nse_iv
2026-09-24T08:45:06.518072+00:00,2026-09-24T14:15:06.518072+05:30,NIFTYNXT50,29-Sep-2026,73300.0,CE,71506.05,0.05,25,607.3,50,0.0,303.67499999999995,0,0,0,0,0,,,,,,,,,,,,,,,0.013841117514205987,71510,0.003990902855224801,0.01,index_dividend_yield,0.065,12.82,25,71755,72085.35,71388.55,72462.4,mid_price,no_nse_iv
2026-09-24T08:45:06.518072+00:00,2026-09-24T14:15:06.518072+05:30,NIFTYNXT50,29-Sep-2026,73300.0,PE,71506.05,0.05,50,4118.85,50,0.0,2059.4500000000003,7,0,0,0,13.41,-0.9349140019905784,0.00011231985846946943,-3.7586604560730725,10.65962821760692,1.4458379203350358,-0.020418011116514034,184.20725346788913,1.4720965268177456e-07,0.0011034960626919743,-1.6289574354241833e-05,-3.652151253122654,-37.775488267978105,0.9361763517754086,0.00010688928567256869,0.013841117514205987,71510,0.003990902855224801,0.01,index_dividend_yield,0.065,12.82,25,71755,72085.35,71388.55,72462.4,mid_price,wide_quote_low_liquidity
2026-09-24T08:45:06.518072+00:00,2026-09-24T14:15:06.518072+05:30,NIFTYNXT50,29-Sep-2026,73400.0,CE,71506.05,0.05,25,547.25,50,0.0,273.65,0,0,0,0,0,,,,,,,,,,,,,,,0.013841117514205987,71510,0.003990902855224801,0.01,index_dividend_yield,0.065,12.82,25,71755,72085.35,71388.55,72462.4,mid_price,no_nse_iv
2026-09-24T08:45:06.518072+00:00,2026-09-24T14:15:06.518072+05:30,NIFTYNXT50,29-Sep-2026,73400.0,PE,71506.05,0.05,50,4242.3,50,0.0,2121.175,3,0,0,0,16.06,-0.9087471357903438,0.00012129398485976668,-11.78351596914868,13.786103589055315,1.3802977923673687,-0.02327014835524246,154.88655411049467,1.1626553829965881e-07,0.0006075350529622999,-1.0971851370409478e-05,-3.9717610172220277,-34.29780994074371,0.9111107153838598,0.00011511521282918555,0.013841117514205987,71510,0.003990902855224801,0.01,index_dividend_yield,0.065,12.82,25,71755,72085.35,71388.55,72462.4,mid_price,wide_quote_low_liquidity
2026-09-24T08:45:06.518072+00:00,2026-09-24T14:15:06.518072+05:30,NIFTYNXT50,29-Sep-2026,73500.0,CE,71506.05,21.1,25,129.2,75,0.0,75.14999999999999,7,0,0,0,18.47,0.11125335123024516,0.00012199842634813532,-30.334793688071116,15.946958227477905,1.274200412841521,-0.024607399190740425,130.7567277498407,9.275817214872789e-08,0.00033983304750306116,-7.268706597089778e-06,-4.102682888591949,95.9454942812756,-0.10710711618085567,0.00011546892618858018,0.013841117514205987,71510,0.003990902855224801,0.01,index_dividend_yield,0.065,12.82,25,71755,72085.35,71388.55,72462.4,mid_price,wide_quote_low_liquidity
2026-09-24T08:45:06.518072+00:00,2026-09-24T14:15:06.518072+05:30,NIFTYNXT50,29-Sep-2026,73500.0,PE,71506.05,0.1,50,2537.2,50,0.0,1268.6499999999999,0,0,0,0,0,,,,,,,,,,,,,,,0.013841117514205987,,,,,,12.82,25,71755,72085.35,71388.55,72462.4,mid_price,no_price_available
2026-09-24T08:45:06.518072+00:00,2026-09-24T14:15:06.518072+05:30,NIFTYNXT50,29-Sep-2026,73600.0,CE,71506.05,,0,,0,0.0,,0,0,0,0,0,,,,,,,,,,,,,,,0.013841117514205987,,,,,,12.82,25,71755,72085.35,71388.55,72462.4,none,no_price_available
2026-09-24T08:45:06.518072+00:00,2026-09-24T14:15:06.518072+05:30,NIFTYNXT50,29-Sep-2026,73600.0,PE,71506.05,0.05,50,4488.75,50,0.0,2244.4,0,0,0,0,0,,,,,,,,,,,,,,,0.013841117514205987,71510,0.003990902855224801,0.01,index_dividend_yield,0.065,12.82,25,71755,72085.35,71388.55,72462.4,mid_price,no_nse_iv
2026-09-24T08:45:06.518072+00:00,2026-09-24T14:15:06.518072+05:30,NIFTYNXT50,29-Sep-2026,73700.0,CE,71506.05,0.05,25,210,75,0.0,105.025,1,0,0,0,13,0.027518149259735517,5.790451420691327e-05,-7.148744577366004,5.327365662468979,0.9419573393525601,-0.01273172272298575,152.02738538123884,1.0170263851663418e-07,0.001207042304524857,-1.6619011819040678e-05,-2.5817863509726937,171.74464423042863,-0.026543513549686027,5.4508348407992446e-05,0.013841117514205987,71510,0.003990902855224801,0.01,index_dividend_yield,0.065,12.82,25,71755,72085.35,71388.55,72462.4,mid_price,wide_quote_low_liquidity
2026-09-24T08:45:06.518072+00:00,2026-09-24T14:15:06.518072+05:30,NIFTYNXT50,29-Sep-2026,73700.0,PE,71506.05,,0,,0,0.0,,0,0,0,0,0,,,,,,,,,,,,,,,0.013841117514205987,,,,,,12.82,25,71755,72085.35,71388.55,72462.4,none,no_price_available
2026-09-24T08:45:06.518072+00:00,2026-09-24T14:15:06.518072+05:30,NIFTYNXT50,29-Sep-2026,73800.0,CE,71506.05,0.05,25,407.65,25,39.95,203.85,2,1,2,-80.56433957674531,17.17,0.06482667700383703,8.759649409741598e-05,-18.779258181984453,10.64421779383573,1.1315692989194437,-0.020164189177989615,144.25798779271392,8.99170274675153e-08,0.0006770345462848057,-1.2510679131300633e-05,-3.6234004697832143,114.33227744418652,-0.06226226970725548,8.22355454687161e-05,0.013841117514205987,71510,0.003990902855224801,0.01,index_dividend_yield,0.065,12.82,25,71755,72085.35,71388.55,72462.4,mid_price,wide_quote_low_liquidity
2026-09-24T08:45:06.518072+00:00,2026-09-24T14:15:06.518072+05:30,NIFTYNXT50,29-Sep-2026,73800.0,PE,71506.05,,0,,0,0.0,,0,0,0,0,0,,,,,,,,,,,,,,,0.013841117514205987,,,,,,12.82,25,71755,72085.35,71388.55,72462.4,none,no_price_available
2026-09-24T08:45:06.518072+00:00,2026-09-24T14:15:06.518072+05:30,NIFTYNXT50,29-Sep-2026,73900.0,CE,71506.05,0.05,25,368.8,50,0.0,184.425,0,0,0,0,0,,,,,,,,,,,,,,,0.013841117514205987,71510,0.003990902855224801,0.01,index_dividend_yield,0.065,12.82,25,71755,72085.35,71388.55,72462.4,mid_price,no_nse_iv
2026-09-24T08:45:06.518072+00:00,2026-09-24T14:15:06.518072+05:30,NIFTYNXT50,29-Sep-2026,73900.0,PE,71506.05,,0,,0,0.0,,0,0,0,0,0,,,,,,,,,,,,,,,0.013841117514205987,,,,,,12.82,25,71755,72085.35,71388.55,72462.4,none,no_price_available
2026-09-24T08:45:06.518072+00:00,2026-09-24T14:15:06.518072+05:30,NIFTYNXT50,29-Sep-2026,74000.0,CE,71506.05,18.05,50,26.95,75,26.95,22.5,25,2,77,-51.48514851485149,17.15,0.049329462704909045,7.071726875829125e-05,-15.094827953782499,8.58314275525301,0.9943659732080841,-0.01762876906633781,138.13630261266408,7.961450641815037e-08,0.0007258008852656147,-1.319978122789404e-05,-3.297866394594718,119.75965173873199,-0.047268937955578114,6.603096070910692e-05,0.013841117514205987,71510,0.003990902855224801,0.01,index_dividend_yield,0.065,12.82,25,71755,72085.35,71388.55,72462.4,mid_price,wide_quote_low_liquidity
2026-09-24T08:45:06.518072+00:00,2026-09-24T14:15:06.518072+05:30,NIFTYNXT50,29-Sep-2026,74000.0,PE,71506.05,,0,,0,0.0,,0,0,0,0,0,,,,,,,,,,,,,,,0.013841117514205987,,,,,,12.82,25,71755,72085.35,71388.55,72462.4,none,no_price_available
2026-09-24T08:45:06.518072+00:00,2026-09-24T14:15:06.518072+05:30,NIFTYNXT50,29-Sep-2026,74100.0,CE,71506.05,6.85,50,31,25,25,18.925,6,6,16,-99.04966453157965,13.86,0.016564849831515963,3.5364257826082114e-05,-4.935577688975111,3.4688419356861595,0.6386413821583368,-0.009132106360915087,114.45775197898067,6.547468357654322e-08,0.0009117237472520185,-1.3190672377246175e-05,-1.9798729138729732,171.83847190555983,-0.01589195620415045,3.293166650338781e-05,0.013841117514205987,71510,0.003990902855224801,0.01,index_dividend_yield,0.065,12.82,25,71755,72085.35,71388.55,72462.4,mid_price,wide_quote_low_liquidity
2026-09-24T08:45:06.518072+00:00,2026-09-24T14:15:06.518072+05:30,NIFTYNXT50,29-Sep-2026,74100.0,PE,71506.05,,0,,0,0.0,,0,0,0,0,0,,,,,,,,,,,,,,,0.013841117514205987,,,,,,12.82,25,71755,72085.35,71388.55,72462.4,none,no_price_available
2026-09-24T08:45:06.518072+00:00,2026-09-24T14:15:06.518072+05:30,NIFTYNXT50,29-Sep-2026,74200.0,CE,71506.05,15.5,100,20.2,25,15.55,17.85,22,22,112,-99.39966025789515,17.98,0.04439626986425638,6.198603824275517e-05,-14.509259238208434,7.887516843432195,0.8983931722682109,-0.016643178991556897,128.61371175989112,6.870666466458024e-08,0.0006660149888395864,-1.2608544906538372e-05,-3.162730189557294,116.16634379348005,-0.04241608926460647,5.7566741286454404e-05,0.013841117514205987,71510,0.003990902855224801,0.01,index_dividend_yield,0.065,12.82,25,71755,72085.35,71388.55,72462.4,mid_price,wide_quote_low_liquidity
2026-09-24T08:45:06.518072+00:00,2026-09-24T14:15:06.518072+05:30,NIFTYNXT50,29-Sep-2026,74200.0,PE,71506.05,,0,,0,0.0,,0,0,0,0,0,,,,,,,,,,,,,,,0.013841117514205987,,,,,,12.82,25,71755,72085.35,71388.55,72462.4,none,no_price_available
2026-09-24T08:45:06.518072+00:00,2026-09-24T14:15:06.518072+05:30,NIFTYNXT50,29-Sep-2026,74300.0,CE,71506.05,9.05,25,21.1,25,8.05,15.075000000000001,9,8,22,-92.61467889908256,15.16,0.017975504459864212,3.466971089402526e-05,-5.773204551710752,3.719684918277707,0.6169154416514038,-0.009619846424422752,108.85069456015106,5.7424365022532776e-08,0.00078586470134943,-1.2395101913398087e-05,-2.065360129851086,155.64540065625107,-0.0171884129084019,3.2111320786263314e-05,0.013841117514205987,71510,0.003990902855224801,0.01,index_dividend_yield,0.065,12.82,25,71755,72085.35,71388.55,72462.4,mid_price,wide_quote_low_liquidity
2026-09-24T08:45:06.518072+00:00,2026-09-24T14:15:06.518072+05:30,NIFTYNXT50,29-Sep-2026,74300.0,PE,71506.05,,0,,0,0.0,,0,0,0,0,0,,,,,,,,,,,,,,,0.013841117514205987,,,,,,12.82,25,71755,72085.35,71388.55,72462.4,none,no_price_available
2026-09-24T08:45:06.518072+00:00,2026-09-24T14:15:06.518072+05:30,NIFTYNXT50,29-Sep-2026,74400.0,CE,71506.05,,0,52.95,50,0.0,,0,0,0,0,0,,,,,,,,,,,,,,,0.013841117514205987,,,,,,12.82,25,71755,72085.35,71388.55,72462.4,none,no_price_available
2026-09-24T08:45:06.518072+00:00,2026-09-24T14:15:06.518072+05:30,NIFTYNXT50,29-Sep-2026,74400.0,PE,71506.05,,0,,0,0.0,,0,0,0,0,0,,,,,,,,,,,,,,,0.013841117514205987,,,,,,12.82,25,71755,72085.35,71388.55,72462.4,none,no_price_available
2026-09-24T08:45:06.518072+00:00,2026-09-24T14:15:06.518072+05:30,NIFTYNXT50,29-Sep-2026,74500.0,CE,71506.05,0.55,25,22.5,50,10.7,11.525,19,1,12,-36.30952380952381,16.77,0.021149460515164194,3.598298735663873e-05,-7.313969604771309,4.270581469062123,0.6206050076630211,-0.010677394061061586,106.00895369121233,5.1795113192133385e-08,0.0006786463631335375,-1.1813970287478271e-05,-2.2463214461699064,137.98916431545828,-0.020152412357865575,3.314898592181527e-05,0.013841117514205987,71510,0.003990902855224801,0.01,index_dividend_yield,0.065,12.82,25,71755,72085.35,71388.55,72462.4,mid_price,wide_quote_low_liquidity
2026-09-24T08:45:06.518072+00:00,2026-09-24T14:15:06.518072+05:30,NIFTYNXT50,29-Sep-2026,74500.0,PE,71506.05,,0,,0,0.0,,15,0,0,0,0,,,,,,,,,,,,,,,0.013841117514205987,,,,,,12.82,25,71755,72085.35,71388.55,72462.4,none,no_price_available
2026-09-24T08:45:06.518072+00:00,2026-09-24T14:15:06.518072+05:30,NIFTYNXT50,29-Sep-2026,74600.0,CE,71506.05,0.1,25,20,200,14.95,10.05,15,0,1,3.8194444444444446,18.17,0.026477699273187542,4.011711540267902e-05,-9.559457117141145,5.158712887179823,0.660308681356185,-0.012294951494619686,107.49869965685032,5.0482618742661204e-08,0.0006151926835886789,-1.1605814022700552e-05,-2.5118869619166198,123.77261098639032,-0.025174516921492876,3.685849679220781e-05,0.013841117514205987,71510,0.003990902855224801,0.01,index_dividend_yield,0.065,12.82,25,71755,72085.35,71388.55,72462.4,mid_price,wide_quote_low_liquidity
2026-09-24T08:45:06.518072+00:00,2026-09-24T14:15:06.518072+05:30,NIFTYNXT50,29-Sep-2026,74600.0,PE,71506.05,,0,,0,0.0,,0,0,0,0,0,,,,,,,,,,,,,,,0.013841117514205987,,,,,,12.82,25,71755,72085.35,71388.55,72462.4,none,no_price_available
2026-09-24T08:45:06.518072+00:00,2026-09-24T14:15:06.518072+05:30,NIFTYNXT50,29-Sep-2026,74700.0,CE,71506.05,0.55,25,23.9,150,0.0,12.225,3,0,0,0,17,0.016304219537342117,2.8443435700375127e-05,-5.931813610136044,3.422060691998874,0.5160730098958902,-0.008980023540297992,92.76805558682798,4.269433898811718e-08,0.0006037533162477187,-1.0606148316434002e-05,-1.9527994045664951,140.53246399463953,-0.015496042665914417,2.6063121390289365e-05,0.013841117514205987,71510,0.003990902855224801,0.01,index_dividend_yield,0.065,12.82,25,71755,72085.35,71388.55,72462.4,mid_price,wide_quote_low_liquidity
2026-09-24T08:45:06.518072+00:00,2026-09-24T14:15:06.518072+05:30,NIFTYNXT50,29-Sep-2026,74700.0,PE,71506.05,,0,,0,0.0,,0,0,0,0,17.28,,,,,,,,,,,,,,,0.013841117514205987,,,,,,12.82,25,71755,72085.35,71388.55,72462.4,none,no_price_available
2026-09-24T08:45:06.518072+00:00,2026-09-24T14:15:06.518072+05:30,NIFTYNXT50,29-Sep-2026,74800.0,CE,71506.05,0.45,50,39,50,0.2,19.725,9,-1,4,-98.31223628691983,11.86,0.0007723143519392316,2.6611976338668656e-06,-0.2704702680026727,0.22336676276587322,0.07122517075105257,-0.0008661078101172792,18.967795368061925,9.64841696109596e-09,0.00020350210389029848,-2.4781893724047676e-06,-0.2528947973052767,264.62863572010195,-0.0007355141634526691,2.4319772577631836e-06,0.013841117514205987,71510,0.003990902855224801,0.01,index_dividend_yield,0.065,12.82,25,71755,72085.35,71388.55,72462.4,mid_price,wide_quote_low_liquidity
2026-09-24T08:45:06.518072+00:00,2026-09-24T14:15:06.518072+05:30,NIFTYNXT50,29-Sep-2026,74800.0,PE,71506.05,,0,,0,0.0,,0,0,0,0,0,,,,,,,,,,,,,,,0.013841117514205987,,,,,,12.82,25,71755,72085.35,71388.55,72462.4,none,no_price_available
2026-09-24T08:45:06.518072+00:00,2026-09-24T14:15:06.518072+05:30,NIFTYNXT50,29-Sep-2026,74900.0,CE,71506.05,,0,,0,0.0,,0,0,0,0,0,,,,,,,,,,,,,,,0.013841117514205987,,,,,,12.82,25,71755,72085.35,71388.55,72462.4,none,no_price_available
2026-09-24T08:45:06.518072+00:00,2026-09-24T14:15:06.518072+05:30,NIFTYNXT50,29-Sep-2026,74900.0,PE,71506.05,,0,,0,0.0,,0,0,0,0,0,,,,,,,,,,,,,,,0.013841117514205987,,,,,,12.82,25,71755,72085.35,71388.55,72462.4,none,no_price_available
2026-09-24T08:45:06.518072+00:00,2026-09-24T14:15:06.518072+05:30,NIFTYNXT50,29-Sep-2026,75000.0,CE,71506.05,1.25,125,11.1,75,0.0,6.175,23,0,0,0,17.8,0.012830455437944553,2.2102302322551013e-05,-5.04207674961062,2.7842886034009036,0.4187575828169315,-0.007607332401949979,78.60138617030765,3.316631050935131e-08,0.0004997808841247048,-9.148880391654736e-06,-1.7034274400959095,138.02105316791938,-0.012144106348815856,2.0090954251433838e-05,0.013841117514205987,71510,0.003990902855224801,0.01,index_dividend_yield,0.065,12.82,25,71755,72085.35,71388.55,72462.4,mid_price,wide_quote_low_liquidity
2026-09-24T08:45:06.518072+00:00,2026-09-24T14:15:06.518072+05:30,NIFTYNXT50,29-Sep-2026,75000.0,PE,71506.05,,0,,0,0.0,,0,0,0,0,0,,,,,,,,,,,,,,,0.013841117514205987,,,,,,12.82,25,71755,72085.35,71388.55,72462.4,none,no_price_available
2026-09-24T08:45:06.518072+00:00,2026-09-24T14:15:06.518072+05:30,NIFTYNXT50,29-Sep-2026,75100.0,CE,71506.05,,0,,0,0.0,,0,0,0,0,0,,,,,,,,,,,,,,,0.013841117514205987,,,,,,12.82,25,71755,72085.35,71388.55,72462.4,none,no_price_available
2026-09-24T08:45:06.518072+00:00,2026-09-24T14:15:06.518072+05:30,NIFTYNXT50,29-Sep-2026,75100.0,PE,71506.05,,0,,0,0.0,,0,0,0,0,0,,,,,,,,,,,,,,,0.013841117514205987,,,,,,12.82,25,71755,72085.35,71388.55,72462.4,none,no_price_available
2026-09-24T08:45:06.518072+00:00,2026-09-24T14:15:06.518072+05:30,NIFTYNXT50,29-Sep-2026,75200.0,CE,71506.05,0.1,100,25.45,25,5,12.775,12,4,60,-28.571428571428573,18.06,0.010056931599610271,1.762910119673186e-05,-4.134879232183513,2.253225456393383,0.3478343641857579,-0.006400687109307527,68.0074963464874,2.7253860908889777e-08,0.00043446584047936854,-8.04563485307595e-06,-1.4744615066422486,139.72451863286858,-0.009494477036205904,1.59396971648586e-05,0.013841117514205987,71510,0.003990902855224801,0.01,index_dividend_yield,0.065,12.82,25,71755,72085.35,71388.55,72462.4,mid_price,wide_quote_low_liquidity
2026-09-24T08:45:06.518072+00:00,2026-09-24T14:15:06.518072+05:30,NIFTYNXT50,29-Sep-2026,75200.0,PE,71506.05,,0,,0,0.0,,0,0,0,0,0,,,,,,,,,,,,,,,0.013841117514205987,,,,,,12.82,25,71755,72085.35,71388.55,72462.4,none,no_price_available
2026-09-24T08:45:06.518072+00:00,2026-09-24T14:15:06.518072+05:30,NIFTYNXT50,29-Sep-2026,75300.0,CE,0,,0,,0,0.0,,0,0,0,0,0,,,,,,,,,,,,,,,0.013841117514205987,,,,,,12.82,25,71755,72085.35,71388.55,72462.4,none,no_price_available
2026-09-24T08:45:06.518072+00:00,2026-09-24T14:15:06.518072+05:30,NIFTYNXT50,29-Sep-2026,75300.0,PE,71506.05,,0,,0,0.0,,0,0,0,0,0,,,,,,,,,,,,,,,0.013841117514205987,,,,,,12.82,25,71755,72085.35,71388.55,72462.4,none,no_price_available
2026-09-24T08:45:06.518072+00:00,2026-09-24T14:15:06.518072+05:30,NIFTYNXT50,29-Sep-2026,75400.0,CE,0,,0,,0,0.0,,0,0,0,0,0,,,,,,,,,,,,,,,0.013841117514205987,,,,,,12.82,25,71755,72085.35,71388.55,72462.4,none,no_price_available
2026-09-24T08:45:06.518072+00:00,2026-09-24T14:15:06.518072+05:30,NIFTYNXT50,29-Sep-2026,75400.0,PE,71506.05,,0,,0,0.0,,0,0,0,0,0,,,,,,,,,,,,,,,0.013841117514205987,,,,,,12.82,25,71755,72085.35,71388.55,72462.4,none,no_price_available
2026-09-24T08:45:06.518072+00:00,2026-09-24T14:15:06.518072+05:30,NIFTYNXT50,29-Sep-2026,75500.0,CE,0,,0,,0,0.0,,0,0,0,0,0,,,,,,,,,,,,,,,0.013841117514205987,,,,,,12.82,25,71755,72085.35,71388.55,72462.4,none,no_price_available
2026-09-24T08:45:06.518072+00:00,2026-09-24T14:15:06.518072+05:30,NIFTYNXT50,29-Sep-2026,75500.0,PE,71506.05,,0,,0,0.0,,0,0,0,0,0,,,,,,,,,,,,,,,0.013841117514205987,,,,,,12.82,25,71755,72085.35,71388.55,72462.4,none,no_price_available
2026-09-24T08:45:06.518072+00:00,2026-09-24T14:15:06.518072+05:30,NIFTYNXT50,29-Sep-2026,75600.0,CE,0,,0,,0,0.0,,0,0,0,0,0,,,,,,,,,,,,,,,0.013841117514205987,,,,,,12.82,25,71755,72085.35,71388.55,72462.4,none,no_price_available
2026-09-24T08:45:06.518072+00:00,2026-09-24T14:15:06.518072+05:30,NIFTYNXT50,29-Sep-2026,75600.0,PE,71506.05,,0,,0,0.0,,0,0,0,0,0,,,,,,,,,,,,,,,0.013841117514205987,,,,,,12.82,25,71755,72085.35,71388.55,72462.4,none,no_price_available
2026-09-24T08:45:06.518072+00:00,2026-09-24T14:15:06.518072+05:30,NIFTYNXT50,29-Sep-2026,75700.0,CE,71506.05,,0,,0,0.0,,0,0,0,0,0,,,,,,,,,,,,,,,0.013841117514205987,,,,,,12.82,25,71755,72085.35,71388.55,72462.4,none,no_price_available
2026-09-24T08:45:06.518072+00:00,2026-09-24T14:15:06.518072+05:30,NIFTYNXT50,29-Sep-2026,75700.0,PE,71506.05,,0,,0,0.0,,0,0,0,0,0,,,,,,,,,,,,,,,0.013841117514205987,,,,,,12.82,25,71755,72085.35,71388.55,72462.4,none,no_price_available
2026-09-24T08:45:06.518072+00:00,2026-09-24T14:15:06.518072+05:30,NIFTYNXT50,29-Sep-2026,75800.0,CE,71506.05,,0,,0,0.0,,0,0,0,0,0,,,,,,,,,,,,,,,0.013841117514205987,,,,,,12.82,25,71755,72085.35,71388.55,72462.4,none,no_price_available
2026-09-24T08:45:06.518072+00:00,2026-09-24T14:15:06.518072+05:30,NIFTYNXT50,29-Sep-2026,75800.0,PE,71506.05,,0,,0,0.0,,0,0,0,0,0,,,,,,,,,,,,,,,0.013841117514205987,,,,,,12.82,25,71755,72085.35,71388.55,72462.4,none,no_price_available
2026-09-24T08:45:06.518072+00:00,2026-09-24T14:15:06.518072+05:30,NIFTYNXT50,29-Sep-2026,75900.0,CE,71506.05,,0,,0,0.0,,0,0,0,0,0,,,,,,,,,,,,,,,0.013841117514205987,,,,,,12.82,25,71755,72085.35,71388.55,72462.4,none,no_price_available
2026-09-24T08:45:06.518072+00:00,2026-09-24T14:15:06.518072+05:30,NIFTYNXT50,29-Sep-2026,75900.0,PE,71506.05,,0,,0,0.0,,0,0,0,0,0,,,,,,,,,,,,,,,0.013841117514205987,,,,,,12.82,25,71755,72085.35,71388.55,72462.4,none,no_price_available
2026-09-24T08:45:06.518072+00:00,2026-09-24T14:15:06.518072+05:30,NIFTYNXT50,29-Sep-2026,76000.0,CE,0,,0,,0,0.0,,0,0,0,0,0,,,,,,,,,,,,,,,0.013841117514205987,,,,,,12.82,25,71755,72085.35,71388.55,72462.4,none,no_price_available
2026-09-24T08:45:06.518072+00:00,2026-09-24T14:15:06.518072+05:30,NIFTYNXT50,29-Sep-2026,76000.0,PE,71506.05,,0,,0,0.0,,0,0,0,0,0,,,,,,,,,,,,,,,0.013841117514205987,,,,,,12.82,25,71755,72085.35,71388.55,72462.4,none,no_price_available
2026-09-24T08:45:06.518072+00:00,2026-09-24T14:15:06.518072+05:30,NIFTYNXT50,29-Sep-2026,76100.0,CE,0,,0,,0,0.0,,0,0,0,0,0,,,,,,,,,,,,,,,0.013841117514205987,,,,,,12.82,25,71755,72085.35,71388.55,72462.4,none,no_price_available
2026-09-24T08:45:06.518072+00:00,2026-09-24T14:15:06.518072+05:30,NIFTYNXT50,29-Sep-2026,76100.0,PE,71506.05,,0,,0,0.0,,0,0,0,0,0,,,,,,,,,,,,,,,0.013841117514205987,,,,,,12.82,25,71755,72085.35,71388.55,72462.4,none,no_price_available
2026-09-24T08:45:06.518072+00:00,2026-09-24T14:15:06.518072+05:30,NIFTYNXT50,29-Sep-2026,76200.0,CE,0,,0,,0,0.0,,0,0,0,0,0,,,,,,,,,,,,,,,0.013841117514205987,,,,,,12.82,25,71755,72085.35,71388.55,72462.4,none,no_price_available
2026-09-24T08:45:06.518072+00:00,2026-09-24T14:15:06.518072+05:30,NIFTYNXT50,29-Sep-2026,76200.0,PE,71506.05,,0,,0,0.0,,0,0,0,0,0,,,,,,,,,,,,,,,0.013841117514205987,,,,,,12.82,25,71755,72085.35,71388.55,72462.4,none,no_price_available
2026-09-24T08:45:06.518072+00:00,2026-09-24T14:15:06.518072+05:30,NIFTYNXT50,29-Sep-2026,76300.0,CE,0,,0,,0,0.0,,0,0,0,0,0,,,,,,,,,,,,,,,0.013841117514205987,,,,,,12.82,25,71755,72085.35,71388.55,72462.4,none,no_price_available
2026-09-24T08:45:06.518072+00:00,2026-09-24T14:15:06.518072+05:30,NIFTYNXT50,29-Sep-2026,76300.0,PE,71506.05,,0,,0,0.0,,0,0,0,0,0,,,,,,,,,,,,,,,0.013841117514205987,,,,,,12.82,25,71755,72085.35,71388.55,72462.4,none,no_price_available
2026-09-24T08:45:06.518072+00:00,2026-09-24T14:15:06.518072+05:30,NIFTYNXT50,29-Sep-2026,76400.0,CE,0,,0,,0,0.0,,0,0,0,0,0,,,,,,,,,,,,,,,0.013841117514205987,,,,,,12.82,25,71755,72085.35,71388.55,72462.4,none,no_price_available
2026-09-24T08:45:06.518072+00:00,2026-09-24T14:15:06.518072+05:30,NIFTYNXT50,29-Sep-2026,76400.0,PE,71506.05,,0,,0,0.0,,0,0,0,0,0,,,,,,,,,,,,,,,0.013841117514205987,,,,,,12.82,25,71755,72085.35,71388.55,72462.4,none,no_price_available
2026-09-24T08:45:06.518072+00:00,2026-09-24T14:15:06.518072+05:30,NIFTYNXT50,29-Sep-2026,76500.0,CE,0,,0,,0,0.0,,0,0,0,0,0,,,,,,,,,,,,,,,0.013841117514205987,,,,,,12.82,25,71755,72085.35,71388.55,72462.4,none,no_price_available
2026-09-24T08:45:06.518072+00:00,2026-09-24T14:15:06.518072+05:30,NIFTYNXT50,29-Sep-2026,76500.0,PE,71506.05,,0,,0,0.0,,0,0,0,0,0,,,,,,,,,,,,,,,0.013841117514205987,,,,,,12.82,25,71755,72085.35,71388.55,72462.4,none,no_price_available
2026-09-24T08:45:06.518072+00:00,2026-09-24T14:15:06.518072+05:30,NIFTYNXT50,29-Sep-2026,76600.0,CE,71506.05,0.05,125,63,25,0.0,31.525,1,0,0,0,24.29,0.008961639852819978,1.1850411299485845e-05,-4.992715423880194,2.0371249652132675,0.23883444261892528,-0.005863424099792286,47.56024315883378,1.372072877917315e-08,0.0002278789643475718,-5.618219294441655e-06,-1.3692525767114248,105.39583567034335,-0.008286310991945446,1.0326697636306565e-05,0.013841117514205987,71510,0.003990902855224801,0.01,index_dividend_yield,0.065,12.82,25,71755,72085.35,71388.55,72462.4,mid_price,wide_quote_low_liquidity
2026-09-24T08:45:06.518072+00:00,2026-09-24T14:15:06.518072+05:30,NIFTYNXT50,29-Sep-2026,76600.0,PE,71506.05,,0,,0,0.0,,0,0,0,0,0,,,,,,,,,,,,,,,0.013841117514205987,,,,,,12.82,25,71755,72085.35,71388.55,72462.4,none,no_price_available
2026-09-24T08:45:06.518072+00:00,2026-09-24T14:15:06.518072+05:30,NIFTYNXT50,29-Sep-2026,76700.0,CE,71506.05,4.5,25,7.5,75,7.5,6.0,33,-1,2,-36.97478991596638,25.46,0.010706270950710906,1.3206174730266114e-05,-6.109907784767205,2.379535403867522,0.258915054969301,-0.006659496538104106,50.109170363471286,1.4128950138573157e-08,0.00022622883793602556,-5.845747367294838e-06,-1.5243381688040523,98.71725978152891,-0.009880156930236077,1.147814978186739e-05,0.013841117514205987,71510,0.003990902855224801,0.01,index_dividend_yield,0.065,12.82,25,71755,72085.35,71388.55,72462.4,mid_price,wide_quote_low_liquidity
2026-09-24T08:45:06.518072+00:00,2026-09-24T14:15:06.518072+05:30,NIFTYNXT50,29-Sep-2026,76700.0,PE,71506.05,,0,,0,0.0,,0,0,0,0,0,,,,,,,,,,,,,,,0.013841117514205987,,,,,,12.82,25,71755,72085.35,71388.55,72462.4,none,no_price_available
2026-09-24T08:45:06.518072+00:00,2026-09-24T14:15:06.518072+05:30,NIFTYNXT50,29-Sep-2026,76800.0,CE,0,,0,,0,0.0,,0,0,0,0,0,,,,,,,,,,,,,,,0.013841117514205987,,,,,,12.82,25,71755,72085.35,71388.55,72462.4,none,no_price_available
2026-09-24T08:45:06.518072+00:00,2026-09-24T14:15:06.518072+05:30,NIFTYNXT50,29-Sep-2026,76800.0,PE,71506.05,,0,,0,0.0,,0,0,0,0,0,,,,,,,,,,,,,,,0.013841117514205987,,,,,,12.82,25,71755,72085.35,71388.55,72462.4,none,no_price_available
2026-09-24T08:45:06.518072+00:00,2026-09-24T14:15:06.518072+05:30,NIFTYNXT50,29-Sep-2026,76900.0,CE,0,,0,,0,0.0,,0,0,0,0,0,,,,,,,,,,,,,,,0.013841117514205987,,,,,,12.82,25,71755,72085.35,71388.55,72462.4,none,no_price_available
2026-09-24T08:45:06.518072+00:00,2026-09-24T14:15:06.518072+05:30,NIFTYNXT50,29-Sep-2026,76900.0,PE,71506.05,,0,,0,0.0,,0,0,0,0,0,,,,,,,,,,,,,,,0.013841117514205987,,,,,,12.82,25,71755,72085.35,71388.55,72462.4,none,no_price_available
2026-09-24T08:45:06.518072+00:00,2026-09-24T14:15:06.518072+05:30,NIFTYNXT50,29-Sep-2026,77000.0,CE,0,,0,,0,0.0,,0,0,0,0,0,,,,,,,,,,,,,,,0.013841117514205987,,,,,,12.82,25,71755,72085.35,71388.55,72462.4,none,no_price_available
2026-09-24T08:45:06.518072+00:00,2026-09-24T14:15:06.518072+05:30,NIFTYNXT50,29-Sep-2026,77000.0,PE,71506.05,,0,,0,0.0,,0,0,0,0,0,,,,,,,,,,,,,,,0.013841117514205987,,,,,,12.82,25,71755,72085.35,71388.55,72462.4,none,no_price_available
2026-09-24T08:45:06.518072+00:00,2026-09-24T14:15:06.518072+05:30,NIFTYNXT50,29-Sep-2026,77100.0,CE,0,,0,,0,0.0,,0,0,0,0,0,,,,,,,,,,,,,,,0.013841117514205987,,,,,,12.82,25,71755,72085.35,71388.55,72462.4,none,no_price_available
2026-09-24T08:45:06.518072+00:00,2026-09-24T14:15:06.518072+05:30,NIFTYNXT50,29-Sep-2026,77100.0,PE,71506.05,,0,,0,0.0,,0,0,0,0,0,,,,,,,,,,,,,,,0.013841117514205987,,,,,,12.82,25,71755,72085.35,71388.55,72462.4,none,no_price_available
2026-09-24T08:45:06.518072+00:00,2026-09-24T14:15:06.518072+05:30,NIFTYNXT50,29-Sep-2026,77200.0,CE,0,,0,,0,0.0,,0,0,0,0,0,,,,,,,,,,,,,,,0.013841117514205987,,,,,,12.82,25,71755,72085.35,71388.55,72462.4,none,no_price_available
2026-09-24T08:45:06.518072+00:00,2026-09-24T14:15:06.518072+05:30,NIFTYNXT50,29-Sep-2026,77200.0,PE,71506.05,,0,,0,0.0,,0,0,0,0,0,,,,,,,,,,,,,,,0.013841117514205987,,,,,,12.82,25,71755,72085.35,71388.55,72462.4,none,no_price_available
2026-09-24T08:45:06.518072+00:00,2026-09-24T14:15:06.518072+05:30,NIFTYNXT50,29-Sep-2026,77300.0,CE,0,,0,,0,0.0,,0,0,0,0,0,,,,,,,,,,,,,,,0.013841117514205987,,,,,,12.82,25,71755,72085.35,71388.55,72462.4,none,no_price_available
2026-09-24T08:45:06.518072+00:00,2026-09-24T14:15:06.518072+05:30,NIFTYNXT50,29-Sep-2026,77300.0,PE,71506.05,,0,,0,0.0,,0,0,0,0,0,,,,,,,,,,,,,,,0.013841117514205987,,,,,,12.82,25,71755,72085.35,71388.55,72462.4,none,no_price_available
2026-09-24T08:45:06.518072+00:00,2026-09-24T14:15:06.518072+05:30,NIFTYNXT50,29-Sep-2026,77400.0,CE,0,,0,,0,0.0,,0,0,0,0,0,,,,,,,,,,,,,,,0.013841117514205987,,,,,,12.82,25,71755,72085.35,71388.55,72462.4,none,no_price_available
2026-09-24T08:45:06.518072+00:00,2026-09-24T14:15:06.518072+05:30,NIFTYNXT50,29-Sep-2026,77400.0,PE,71506.05,,0,,0,0.0,,0,0,0,0,0,,,,,,,,,,,,,,,0.013841117514205987,,,,,,12.82,25,71755,72085.35,71388.55,72462.4,none,no_price_available
2026-09-24T08:45:06.518072+00:00,2026-09-24T14:15:06.518072+05:30,NIFTYNXT50,29-Sep-2026,77500.0,CE,0,,0,,0,0.0,,0,0,0,0,0,,,,,,,,,,,,,,,0.013841117514205987,,,,,,12.82,25,71755,72085.35,71388.55,72462.4,none,no_price_available
2026-09-24T08:45:06.518072+00:00,2026-09-24T14:15:06.518072+05:30,NIFTYNXT50,29-Sep-2026,77500.0,PE,71506.05,,0,,0,0.0,,0,0,0,0,0,,,,,,,,,,,,,,,0.013841117514205987,,,,,,12.82,25,71755,72085.35,71388.55,72462.4,none,no_price_available
2026-09-24T08:45:06.518072+00:00,2026-09-24T14:15:06.518072+05:30,NIFTYNXT50,29-Sep-2026,77600.0,CE,71506.05,0.3,75,18,50,5.55,9.15,9,-2,4,3600,28.11,0.007476313714512383,8.732906902402409e-06,-4.912825917564886,1.7373063553429398,0.18120759645762294,-0.005130621837194468,37.09590041408306,8.95082539860065e-09,0.00015540124846852494,-4.413566990942983e-06,-1.2223088546755,92.90165945948779,-0.00681504088108684,7.415167476926935e-06,0.013841117514205987,71510,0.003990902855224801,0.01,index_dividend_yield,0.065,12.82,25,71755,72085.35,71388.55,72462.4,mid_price,wide_quote_low_liquidity
2026-09-24T08:45:06.518072+00:00,2026-09-24T14:15:06.518072+05:30,NIFTYNXT50,29-Sep-2026,77600.0,PE,71506.05,,0,,0,0.0,,0,0,0,0,0,,,,,,,,,,,,,,,0.013841117514205987,,,,,,12.82,25,71755,72085.35,71388.55,72462.4,none,no_price_available
2026-09-24T08:45:06.518072+00:00,2026-09-24T14:15:06.518072+05:30,NIFTYNXT50,29-Sep-2026,77700.0,CE,0,,0,,0,0.0,,0,0,0,0,0,,,,,,,,,,,,,,,0.013841117514205987,,,,,,12.82,25,71755,72085.35,71388.55,72462.4,none,no_price_available
2026-09-24T08:45:06.518072+00:00,2026-09-24T14:15:06.518072+05:30,NIFTYNXT50,29-Sep-2026,77700.0,PE,71506.05,,0,,0,0.0,,0,0,0,0,0,,,,,,,,,,,,,,,0.013841117514205987,,,,,,12.82,25,71755,72085.35,71388.55,72462.4,none,no_price_available
2026-09-24T08:45:06.518072+00:00,2026-09-24T14:15:06.518072+05:30,NIFTYNXT50,29-Sep-2026,77800.0,CE,0,,0,,0,0.0,,0,0,0,0,0,,,,,,,,,,,,,,,0.013841117514205987,,,,,,12.82,25,71755,72085.35,71388.55,72462.4,none,no_price_available
2026-09-24T08:45:06.518072+00:00,2026-09-24T14:15:06.518072+05:30,NIFTYNXT50,29-Sep-2026,77800.0,PE,71506.05,,0,,0,0.0,,0,0,0,0,0,,,,,,,,,,,,,,,0.013841117514205987,,,,,,12.82,25,71755,72085.35,71388.55,72462.4,none,no_price_available
2026-09-24T08:45:06.518072+00:00,2026-09-24T14:15:06.518072+05:30,NIFTYNXT50,29-Sep-2026,77900.0,CE,0,,0,,0,0.0,,0,0,0,0,0,,,,,,,,,,,,,,,0.013841117514205987,,,,,,12.82,25,71755,72085.35,71388.55,72462.4,none,no_price_available
2026-09-24T08:45:06.518072+00:00,2026-09-24T14:15:06.518072+05:30,NIFTYNXT50,29-Sep-2026,77900.0,PE,71506.05,,0,,0,0.0,,0,0,0,0,0,,,,,,,,,,,,,,,0.013841117514205987,,,,,,12.82,25,71755,72085.35,71388.55,72462.4,none,no_price_available
2026-09-24T08:45:06.518072+00:00,2026-09-24T14:15:06.518072+05:30,NIFTYNXT50,29-Sep-2026,78000.0,CE,0,,0,,0,0.0,,0,0,0,0,0,,,,,,,,,,,,,,,0.013841117514205987,,,,,,12.82,25,71755,72085.35,71388.55,72462.4,none,no_price_available
2026-09-24T08:45:06.518072+00:00,2026-09-24T14:15:06.518072+05:30,NIFTYNXT50,29-Sep-2026,78000.0,PE,71506.05,,0,,0,0.0,,0,0,0,0,0,,,,,,,,,,,,,,,0.013841117514205987,,,,,,12.82,25,71755,72085.35,71388.55,72462.4,none,no_price_available
2026-09-24T08:45:06.518072+00:00,2026-09-24T14:15:06.518072+05:30,NIFTYNXT50,29-Sep-2026,78100.0,CE,0,,0,,0,0.0,,0,0,0,0,0,,,,,,,,,,,,,,,0.013841117514205987,,,,,,12.82,25,71755,72085.35,71388.55,72462.4,none,no_price_available
2026-09-24T08:45:06.518072+00:00,2026-09-24T14:15:06.518072+05:30,NIFTYNXT50,29-Sep-2026,78100.0,PE,71506.05,,0,,0,0.0,,0,0,0,0,0,,,,,,,,,,,,,,,0.013841117514205987,,,,,,12.82,25,71755,72085.35,71388.55,72462.4,none,no_price_available
2026-09-24T08:45:06.518072+00:00,2026-09-24T14:15:06.518072+05:30,NIFTYNXT50,29-Sep-2026,78200.0,CE,0,,0,,0,0.0,,0,0,0,0,0,,,,,,,,,,,,,,,0.013841117514205987,,,,,,12.82,25,71755,72085.35,71388.55,72462.4,none,no_price_available
2026-09-24T08:45:06.518072+00:00,2026-09-24T14:15:06.518072+05:30,NIFTYNXT50,29-Sep-2026,78200.0,PE,71506.05,,0,,0,0.0,,0,0,0,0,0,,,,,,,,,,,,,,,0.013841117514205987,,,,,,12.82,25,71755,72085.35,71388.55,72462.4,none,no_price_available
2026-09-24T08:45:06.518072+00:00,2026-09-24T14:15:06.518072+05:30,NIFTYNXT50,29-Sep-2026,78300.0,CE,0,,0,,0,0.0,,0,0,0,0,0,,,,,,,,,,,,,,,0.013841117514205987,,,,,,12.82,25,71755,72085.35,71388.55,72462.4,none,no_price_available
2026-09-24T08:45:06.518072+00:00,2026-09-24T14:15:06.518072+05:30,NIFTYNXT50,29-Sep-2026,78300.0,PE,71506.05,,0,,0,0.0,,0,0,0,0,0,,,,,,,,,,,,,,,0.013841117514205987,,,,,,12.82,25,71755,72085.35,71388.55,72462.4,none,no_price_available
2026-09-24T08:45:06.518072+00:00,2026-09-24T14:15:06.518072+05:30,NIFTYNXT50,29-Sep-2026,78400.0,CE,0,,0,,0,0.0,,0,0,0,0,0,,,,,,,,,,,,,,,0.013841117514205987,,,,,,12.82,25,71755,72085.35,71388.55,72462.4,none,no_price_available
2026-09-24T08:45:06.518072+00:00,2026-09-24T14:15:06.518072+05:30,NIFTYNXT50,29-Sep-2026,78400.0,PE,71506.05,,0,,0,0.0,,0,0,0,0,0,,,,,,,,,,,,,,,0.013841117514205987,,,,,,12.82,25,71755,72085.35,71388.55,72462.4,none,no_price_available
2026-09-24T08:45:06.518072+00:00,2026-09-24T14:15:06.518072+05:30,NIFTYNXT50,29-Sep-2026,78500.0,CE,0,,0,,0,0.0,,0,0,0,0,0,,,,,,,,,,,,,,,0.013841117514205987,,,,,,12.82,25,71755,72085.35,71388.55,72462.4,none,no_price_available
2026-09-24T08:45:06.518072+00:00,2026-09-24T14:15:06.518072+05:30,NIFTYNXT50,29-Sep-2026,78500.0,PE,71506.05,,0,,0,0.0,,0,0,0,0,0,,,,,,,,,,,,,,,0.013841117514205987,,,,,,12.82,25,71755,72085.35,71388.55,72462.4,none,no_price_available
2026-09-24T08:45:06.518072+00:00,2026-09-24T14:15:06.518072+05:30,NIFTYNXT50,29-Sep-2026,78600.0,CE,0,,0,,0,0.0,,0,0,0,0,0,,,,,,,,,,,,,,,0.013841117514205987,,,,,,12.82,25,71755,72085.35,71388.55,72462.4,none,no_price_available
2026-09-24T08:45:06.518072+00:00,2026-09-24T14:15:06.518072+05:30,NIFTYNXT50,29-Sep-2026,78600.0,PE,71506.05,,0,,0,0.0,,0,0,0,0,0,,,,,,,,,,,,,,,0.013841117514205987,,,,,,12.82,25,71755,72085.35,71388.55,72462.4,none,no_price_available
2026-09-24T08:45:06.518072+00:00,2026-09-24T14:15:06.518072+05:30,NIFTYNXT50,29-Sep-2026,78700.0,CE,0,,0,,0,0.0,,0,0,0,0,0,,,,,,,,,,,,,,,0.013841117514205987,,,,,,12.82,25,71755,72085.35,71388.55,72462.4,none,no_price_available
2026-09-24T08:45:06.518072+00:00,2026-09-24T14:15:06.518072+05:30,NIFTYNXT50,29-Sep-2026,78700.0,PE,71506.05,,0,,0,0.0,,0,0,0,0,0,,,,,,,,,,,,,,,0.013841117514205987,,,,,,12.82,25,71755,72085.35,71388.55,72462.4,none,no_price_available
2026-09-24T08:45:06.518072+00:00,2026-09-24T14:15:06.518072+05:30,NIFTYNXT50,29-Sep-2026,78800.0,CE,0,,0,,0,0.0,,0,0,0,0,0,,,,,,,,,,,,,,,0.013841117514205987,,,,,,12.82,25,71755,72085.35,71388.55,72462.4,none,no_price_available
2026-09-24T08:45:06.518072+00:00,2026-09-24T14:15:06.518072+05:30,NIFTYNXT50,29-Sep-2026,78800.0,PE,71506.05,,0,,0,0.0,,0,0,0,0,0,,,,,,,,,,,,,,,0.013841117514205987,,,,,,12.82,25,71755,72085.35,71388.55,72462.4,none,no_price_available
2026-09-24T08:45:06.518072+00:00,2026-09-24T14:15:06.518072+05:30,NIFTYNXT50,29-Sep-2026,78900.0,CE,0,,0,,0,0.0,,0,0,0,0,0,,,,,,,,,,,,,,,0.013841117514205987,,,,,,12.82,25,71755,72085.35,71388.55,72462.4,none,no_price_available
2026-09-24T08:45:06.518072+00:00,2026-09-24T14:15:06.518072+05:30,NIFTYNXT50,29-Sep-2026,78900.0,PE,71506.05,,0,,0,0.0,,0,0,0,0,0,,,,,,,,,,,,,,,0.013841117514205987,,,,,,12.82,25,71755,72085.35,71388.55,72462.4,none,no_price_available
2026-09-24T08:45:06.518072+00:00,2026-09-24T14:15:06.518072+05:30,NIFTYNXT50,29-Sep-2026,79000.0,CE,0,,0,,0,0.0,,0,0,0,0,0,,,,,,,,,,,,,,,0.013841117514205987,,,,,,12.82,25,71755,72085.35,71388.55,72462.4,none,no_price_available
2026-09-24T08:45:06.518072+00:00,2026-09-24T14:15:06.518072+05:30,NIFTYNXT50,29-Sep-2026,79000.0,PE,71506.05,,0,,0,0.0,,0,0,0,0,0,,,,,,,,,,,,,,,0.013841117514205987,,,,,,12.82,25,71755,72085.35,71388.55,72462.4,none,no_price_available
2026-09-24T08:45:06.518072+00:00,2026-09-24T14:15:06.518072+05:30,NIFTYNXT50,29-Sep-2026,79100.0,CE,0,,0,,0,0.0,,0,0,0,0,0,,,,,,,,,,,,,,,0.013841117514205987,,,,,,12.82,25,71755,72085.35,71388.55,72462.4,none,no_price_available
2026-09-24T08:45:06.518072+00:00,2026-09-24T14:15:06.518072+05:30,NIFTYNXT50,29-Sep-2026,79100.0,PE,71506.05,,0,,0,0.0,,0,0,0,0,0,,,,,,,,,,,,,,,0.013841117514205987,,,,,,12.82,25,71755,72085.35,71388.55,72462.4,none,no_price_available
2026-09-24T08:45:06.518072+00:00,2026-09-24T14:15:06.518072+05:30,NIFTYNXT50,29-Sep-2026,79200.0,CE,0,,0,,0,0.0,,0,0,0,0,0,,,,,,,,,,,,,,,0.013841117514205987,,,,,,12.82,25,71755,72085.35,71388.55,72462.4,none,no_price_available
2026-09-24T08:45:06.518072+00:00,2026-09-24T14:15:06.518072+05:30,NIFTYNXT50,29-Sep-2026,79200.0,PE,71506.05,,0,,0,0.0,,0,0,0,0,0,,,,,,,,,,,,,,,0.013841117514205987,,,,,,12.82,25,71755,72085.35,71388.55,72462.4,none,no_price_available
2026-09-24T08:45:06.518072+00:00,2026-09-24T14:15:06.518072+05:30,NIFTYNXT50,29-Sep-2026,79300.0,CE,0,,0,,0,0.0,,0,0,0,0,0,,,,,,,,,,,,,,,0.013841117514205987,,,,,,12.82,25,71755,72085.35,71388.55,72462.4,none,no_price_available
2026-09-24T08:45:06.518072+00:00,2026-09-24T14:15:06.518072+05:30,NIFTYNXT50,29-Sep-2026,79300.0,PE,71506.05,,0,,0,0.0,,0,0,0,0,0,,,,,,,,,,,,,,,0.013841117514205987,,,,,,12.82,25,71755,72085.35,71388.55,72462.4,none,no_price_available
2026-09-24T08:45:06.518072+00:00,2026-09-24T14:15:06.518072+05:30,NIFTYNXT50,29-Sep-2026,79400.0,CE,0,,0,,0,0.0,,0,0,0,0,0,,,,,,,,,,,,,,,0.013841117514205987,,,,,,12.82,25,71755,72085.35,71388.55,72462.4,none,no_price_available
2026-09-24T08:45:06.518072+00:00,2026-09-24T14:15:06.518072+05:30,NIFTYNXT50,29-Sep-2026,79400.0,PE,71506.05,,0,,0,0.0,,0,0,0,0,0,,,,,,,,,,,,,,,0.013841117514205987,,,,,,12.82,25,71755,72085.35,71388.55,72462.4,none,no_price_available
2026-09-24T08:45:06.518072+00:00,2026-09-24T14:15:06.518072+05:30,NIFTYNXT50,29-Sep-2026,79500.0,CE,0,,0,,0,0.0,,0,0,0,0,0,,,,,,,,,,,,,,,0.013841117514205987,,,,,,12.82,25,71755,72085.35,71388.55,72462.4,none,no_price_available
2026-09-24T08:45:06.518072+00:00,2026-09-24T14:15:06.518072+05:30,NIFTYNXT50,29-Sep-2026,79500.0,PE,71506.05,,0,,0,0.0,,0,0,0,0,0,,,,,,,,,,,,,,,0.013841117514205987,,,,,,12.82,25,71755,72085.35,71388.55,72462.4,none,no_price_available
2026-09-24T08:45:06.518072+00:00,2026-09-24T14:15:06.518072+05:30,NIFTYNXT50,29-Sep-2026,79600.0,CE,0,,0,,0,0.0,,0,0,0,0,0,,,,,,,,,,,,,,,0.013841117514205987,,,,,,12.82,25,71755,72085.35,71388.55,72462.4,none,no_price_available
2026-09-24T08:45:06.518072+00:00,2026-09-24T14:15:06.518072+05:30,NIFTYNXT50,29-Sep-2026,79600.0,PE,71506.05,,0,,0,0.0,,0,0,0,0,0,,,,,,,,,,,,,,,0.013841117514205987,,,,,,12.82,25,71755,72085.35,71388.55,72462.4,none,no_price_available
2026-09-24T08:45:06.518072+00:00,2026-09-24T14:15:06.518072+05:30,NIFTYNXT50,29-Sep-2026,79700.0,CE,0,,0,,0,0.0,,0,0,0,0,0,,,,,,,,,,,,,,,0.013841117514205987,,,,,,12.82,25,71755,72085.35,71388.55,72462.4,none,no_price_available
2026-09-24T08:45:06.518072+00:00,2026-09-24T14:15:06.518072+05:30,NIFTYNXT50,29-Sep-2026,79700.0,PE,71506.05,,0,,0,0.0,,0,0,0,0,0,,,,,,,,,,,,,,,0.013841117514205987,,,,,,12.82,25,71755,72085.35,71388.55,72462.4,none,no_price_available
2026-09-24T08:45:06.518072+00:00,2026-09-24T14:15:06.518072+05:30,NIFTYNXT50,29-Sep-2026,79800.0,CE,0,,0,,0,0.0,,0,0,0,0,0,,,,,,,,,,,,,,,0.013841117514205987,,,,,,12.82,25,71755,72085.35,71388.55,72462.4,none,no_price_available
2026-09-24T08:45:06.518072+00:00,2026-09-24T14:15:06.518072+05:30,NIFTYNXT50,29-Sep-2026,79800.0,PE,71506.05,,0,,0,0.0,,0,0,0,0,0,,,,,,,,,,,,,,,0.013841117514205987,,,,,,12.82,25,71755,72085.35,71388.55,72462.4,none,no_price_available
2026-09-24T08:45:06.518072+00:00,2026-09-24T14:15:06.518072+05:30,NIFTYNXT50,29-Sep-2026,79900.0,CE,0,,0,,0,0.0,,0,0,0,0,0,,,,,,,,,,,,,,,0.013841117514205987,,,,,,12.82,25,71755,72085.35,71388.55,72462.4,none,no_price_available
2026-09-24T08:45:06.518072+00:00,2026-09-24T14:15:06.518072+05:30,NIFTYNXT50,29-Sep-2026,79900.0,PE,71506.05,,0,,0,0.0,,0,0,0,0,0,,,,,,,,,,,,,,,0.013841117514205987,,,,,,12.82,25,71755,72085.35,71388.55,72462.4,none,no_price_available
2026-09-24T08:45:06.518072+00:00,2026-09-24T14:15:06.518072+05:30,NIFTYNXT50,29-Sep-2026,80000.0,CE,0,,0,,0,0.0,,0,0,0,0,0,,,,,,,,,,,,,,,0.013841117514205987,,,,,,12.82,25,71755,72085.35,71388.55,72462.4,none,no_price_available
2026-09-24T08:45:06.518072+00:00,2026-09-24T14:15:06.518072+05:30,NIFTYNXT50,29-Sep-2026,80000.0,PE,71506.05,,0,,0,0.0,,0,0,0,0,0,,,,,,,,,,,,,,,0.013841117514205987,,,,,,12.82,25,71755,72085.35,71388.55,72462.4,none,no_price_available
2026-09-24T08:45:06.518072+00:00,2026-09-24T14:15:06.518072+05:30,NIFTYNXT50,29-Sep-2026,80100.0,CE,0,,0,,0,0.0,,0,0,0,0,0,,,,,,,,,,,,,,,0.013841117514205987,,,,,,12.82,25,71755,72085.35,71388.55,72462.4,none,no_price_available
2026-09-24T08:45:06.518072+00:00,2026-09-24T14:15:06.518072+05:30,NIFTYNXT50,29-Sep-2026,80100.0,PE,71506.05,,0,,0,0.0,,0,0,0,0,0,,,,,,,,,,,,,,,0.013841117514205987,,,,,,12.82,25,71755,72085.35,71388.55,72462.4,none,no_price_available
2026-09-24T08:45:06.518072+00:00,2026-09-24T14:15:06.518072+05:30,NIFTYNXT50,29-Sep-2026,80200.0,CE,0,,0,,0,0.0,,0,0,0,0,0,,,,,,,,,,,,,,,0.013841117514205987,,,,,,12.82,25,71755,72085.35,71388.55,72462.4,none,no_price_available
2026-09-24T08:45:06.518072+00:00,2026-09-24T14:15:06.518072+05:30,NIFTYNXT50,29-Sep-2026,80200.0,PE,71506.05,,0,,0,0.0,,0,0,0,0,0,,,,,,,,,,,,,,,0.013841117514205987,,,,,,12.82,25,71755,72085.35,71388.55,72462.4,none,no_price_available
2026-09-24T08:45:06.518072+00:00,2026-09-24T14:15:06.518072+05:30,NIFTYNXT50,29-Sep-2026,80300.0,CE,0,,0,,0,0.0,,0,0,0,0,0,,,,,,,,,,,,,,,0.013841117514205987,,,,,,12.82,25,71755,72085.35,71388.55,72462.4,none,no_price_available
2026-09-24T08:45:06.518072+00:00,2026-09-24T14:15:06.518072+05:30,NIFTYNXT50,29-Sep-2026,80300.0,PE,71506.05,,0,,0,0.0,,0,0,0,0,0,,,,,,,,,,,,,,,0.013841117514205987,,,,,,12.82,25,71755,72085.35,71388.55,72462.4,none,no_price_available
2026-09-24T08:45:06.518072+00:00,2026-09-24T14:15:06.518072+05:30,NIFTYNXT50,29-Sep-2026,80400.0,CE,0,,0,,0,0.0,,0,0,0,0,0,,,,,,,,,,,,,,,0.013841117514205987,,,,,,12.82,25,71755,72085.35,71388.55,72462.4,none,no_price_available
2026-09-24T08:45:06.518072+00:00,2026-09-24T14:15:06.518072+05:30,NIFTYNXT50,29-Sep-2026,80400.0,PE,71506.05,,0,,0,0.0,,0,0,0,0,0,,,,,,,,,,,,,,,0.013841117514205987,,,,,,12.82,25,71755,72085.35,71388.55,72462.4,none,no_price_available
2026-09-24T08:45:06.518072+00:00,2026-09-24T14:15:06.518072+05:30,NIFTYNXT50,29-Sep-2026,80500.0,CE,0,,0,,0,0.0,,0,0,0,0,0,,,,,,,,,,,,,,,0.013841117514205987,,,,,,12.82,25,71755,72085.35,71388.55,72462.4,none,no_price_available
2026-09-24T08:45:06.518072+00:00,2026-09-24T14:15:06.518072+05:30,NIFTYNXT50,29-Sep-2026,80500.0,PE,71506.05,,0,,0,0.0,,0,0,0,0,0,,,,,,,,,,,,,,,0.013841117514205987,,,,,,12.82,25,71755,72085.35,71388.55,72462.4,none,no_price_available
2026-09-24T08:45:06.518072+00:00,2026-09-24T14:15:06.518072+05:30,NIFTYNXT50,29-Sep-2026,80600.0,CE,0,,0,,0,0.0,,0,0,0,0,0,,,,,,,,,,,,,,,0.013841117514205987,,,,,,12.82,25,71755,72085.35,71388.55,72462.4,none,no_price_available
2026-09-24T08:45:06.518072+00:00,2026-09-24T14:15:06.518072+05:30,NIFTYNXT50,29-Sep-2026,80600.0,PE,71506.05,,0,,0,0.0,,0,0,0,0,0,,,,,,,,,,,,,,,0.013841117514205987,,,,,,12.82,25,71755,72085.35,71388.55,72462.4,none,no_price_available
2026-09-24T08:45:06.518072+00:00,2026-09-24T14:15:06.518072+05:30,NIFTYNXT50,29-Sep-2026,80700.0,CE,0,,0,,0,0.0,,0,0,0,0,0,,,,,,,,,,,,,,,0.013841117514205987,,,,,,12.82,25,71755,72085.35,71388.55,72462.4,none,no_price_available
2026-09-24T08:45:06.518072+00:00,2026-09-24T14:15:06.518072+05:30,NIFTYNXT50,29-Sep-2026,80700.0,PE,71506.05,,0,,0,0.0,,0,0,0,0,0,,,,,,,,,,,,,,,0.013841117514205987,,,,,,12.82,25,71755,72085.35,71388.55,72462.4,none,no_price_available
2026-09-24T08:45:06.518072+00:00,2026-09-24T14:15:06.518072+05:30,NIFTYNXT50,29-Sep-2026,80800.0,CE,0,,0,,0,0.0,,0,0,0,0,0,,,,,,,,,,,,,,,0.013841117514205987,,,,,,12.82,25,71755,72085.35,71388.55,72462.4,none,no_price_available
2026-09-24T08:45:06.518072+00:00,2026-09-24T14:15:06.518072+05:30,NIFTYNXT50,29-Sep-2026,80800.0,PE,71506.05,,0,,0,0.0,,0,0,0,0,0,,,,,,,,,,,,,,,0.013841117514205987,,,,,,12.82,25,71755,72085.35,71388.55,72462.4,none,no_price_available
2026-09-24T08:45:06.518072+00:00,2026-09-24T14:15:06.518072+05:30,NIFTYNXT50,29-Sep-2026,80900.0,CE,0,,0,,0,0.0,,0,0,0,0,0,,,,,,,,,,,,,,,0.013841117514205987,,,,,,12.82,25,71755,72085.35,71388.55,72462.4,none,no_price_available
2026-09-24T08:45:06.518072+00:00,2026-09-24T14:15:06.518072+05:30,NIFTYNXT50,29-Sep-2026,80900.0,PE,71506.05,,0,,0,0.0,,0,0,0,0,0,,,,,,,,,,,,,,,0.013841117514205987,,,,,,12.82,25,71755,72085.35,71388.55,72462.4,none,no_price_available
2026-09-24T08:45:06.518072+00:00,2026-09-24T14:15:06.518072+05:30,NIFTYNXT50,29-Sep-2026,81000.0,CE,0,,0,,0,0.0,,0,0,0,0,0,,,,,,,,,,,,,,,0.013841117514205987,,,,,,12.82,25,71755,72085.35,71388.55,72462.4,none,no_price_available
2026-09-24T08:45:06.518072+00:00,2026-09-24T14:15:06.518072+05:30,NIFTYNXT50,29-Sep-2026,81000.0,PE,71506.05,,0,,0,0.0,,0,0,0,0,0,,,,,,,,,,,,,,,0.013841117514205987,,,,,,12.82,25,71755,72085.35,71388.55,72462.4,none,no_price_available
2026-09-24T08:45:06.518072+00:00,2026-09-24T14:15:06.518072+05:30,NIFTYNXT50,29-Sep-2026,81500.0,CE,0,,0,,0,0.0,,0,0,0,0,0,,,,,,,,,,,,,,,0.013841117514205987,,,,,,12.82,25,71755,72085.35,71388.55,72462.4,none,no_price_available
2026-09-24T08:45:06.518072+00:00,2026-09-24T14:15:06.518072+05:30,NIFTYNXT50,29-Sep-2026,81500.0,PE,71506.05,,0,,0,0.0,,0,0,0,0,0,,,,,,,,,,,,,,,0.013841117514205987,,,,,,12.82,25,71755,72085.35,71388.55,72462.4,none,no_price_available
2026-09-24T08:45:06.518072+00:00,2026-09-24T14:15:06.518072+05:30,NIFTYNXT50,29-Sep-2026,82000.0,CE,0,,0,,0,0.0,,0,0,0,0,0,,,,,,,,,,,,,,,0.013841117514205987,,,,,,12.82,25,71755,72085.35,71388.55,72462.4,none,no_price_available
2026-09-24T08:45:06.518072+00:00,2026-09-24T14:15:06.518072+05:30,NIFTYNXT50,29-Sep-2026,82000.0,PE,71506.05,,0,,0,0.0,,0,0,0,0,0,,,,,,,,,,,,,,,0.013841117514205987,,,,,,12.82,25,71755,72085.35,71388.55,72462.4,none,no_price_available
2026-09-24T08:45:06.518072+00:00,2026-09-24T14:15:06.518072+05:30,NIFTYNXT50,29-Sep-2026,82500.0,CE,0,,0,,0,0.0,,0,0,0,0,0,,,,,,,,,,,,,,,0.013841117514205987,,,,,,12.82,25,71755,72085.35,71388.55,72462.4,none,no_price_available
2026-09-24T08:45:06.518072+00:00,2026-09-24T14:15:06.518072+05:30,NIFTYNXT50,29-Sep-2026,82500.0,PE,71506.05,,0,,0,0.0,,0,0,0,0,0,,,,,,,,,,,,,,,0.013841117514205987,,,,,,12.82,25,71755,72085.35,71388.55,72462.4,none,no_price_available
2026-09-24T08:45:06.518072+00:00,2026-09-24T14:15:06.518072+05:30,NIFTYNXT50,29-Sep-2026,83000.0,CE,0,,0,,0,0.0,,0,0,0,0,0,,,,,,,,,,,,,,,0.013841117514205987,,,,,,12.82,25,71755,72085.35,71388.55,72462.4,none,no_price_available
2026-09-24T08:45:06.518072+00:00,2026-09-24T14:15:06.518072+05:30,NIFTYNXT50,29-Sep-2026,83000.0,PE,71506.05,,0,,0,0.0,,0,0,0,0,0,,,,,,,,,,,,,,,0.013841117514205987,,,,,,12.82,25,71755,72085.35,71388.55,72462.4,none,no_price_available
2026-09-24T08:45:06.518072+00:00,2026-09-24T14:15:06.518072+05:30,NIFTYNXT50,29-Sep-2026,83500.0,CE,0,,0,,0,0.0,,0,0,0,0,0,,,,,,,,,,,,,,,0.013841117514205987,,,,,,12.82,25,71755,72085.35,71388.55,72462.4,none,no_price_available
2026-09-24T08:45:06.518072+00:00,2026-09-24T14:15:06.518072+05:30,NIFTYNXT50,29-Sep-2026,83500.0,PE,71506.05,,0,,0,0.0,,0,0,0,0,0,,,,,,,,,,,,,,,0.013841117514205987,,,,,,12.82,25,71755,72085.35,71388.55,72462.4,none,no_price_available
2026-09-24T08:45:06.518072+00:00,2026-09-24T14:15:06.518072+05:30,NIFTYNXT50,29-Sep-2026,84000.0,CE,0,,0,,0,0.0,,0,0,0,0,0,,,,,,,,,,,,,,,0.013841117514205987,,,,,,12.82,25,71755,72085.35,71388.55,72462.4,none,no_price_available
2026-09-24T08:45:06.518072+00:00,2026-09-24T14:15:06.518072+05:30,NIFTYNXT50,29-Sep-2026,84000.0,PE,71506.05,,0,,0,0.0,,0,0,0,0,0,,,,,,,,,,,,,,,0.013841117514205987,,,,,,12.82,25,71755,72085.35,71388.55,72462.4,none,no_price_available
2026-09-24T08:45:06.518072+00:00,2026-09-24T14:15:06.518072+05:30,NIFTYNXT50,29-Sep-2026,84500.0,CE,0,,0,,0,0.0,,0,0,0,0,0,,,,,,,,,,,,,,,0.013841117514205987,,,,,,12.82,25,71755,72085.35,71388.55,72462.4,none,no_price_available
2026-09-24T08:45:06.518072+00:00,2026-09-24T14:15:06.518072+05:30,NIFTYNXT50,29-Sep-2026,84500.0,PE,71506.05,,0,,0,0.0,,0,0,0,0,0,,,,,,,,,,,,,,,0.013841117514205987,,,,,,12.82,25,71755,72085.35,71388.55,72462.4,none,no_price_available
2026-09-24T08:45:06.518072+00:00,2026-09-24T14:15:06.518072+05:30,NIFTYNXT50,29-Sep-2026,85000.0,CE,0,,0,,0,0.0,,0,0,0,0,0,,,,,,,,,,,,,,,0.013841117514205987,,,,,,12.82,25,71755,72085.35,71388.55,72462.4,none,no_price_available
2026-09-24T08:45:06.518072+00:00,2026-09-24T14:15:06.518072+05:30,NIFTYNXT50,29-Sep-2026,85000.0,PE,71506.05,,0,,0,0.0,,0,0,0,0,0,,,,,,,,,,,,,,,0.013841117514205987,,,,,,12.82,25,71755,72085.35,71388.55,72462.4,none,no_price_available
