fetch_ts_utc,fetch_ts_ist,symbol,expiry_date,strike,option_type,underlying_value,bid_price,bid_qty,ask_price,ask_qty,ltp,mid_price,open_interest,change_in_oi,total_traded_volume,pchange_vs_prev_close,nse_iv,delta,gamma,theta,vega,vanna,charm,vomma,speed,zomma,color,veta,omega,dual_delta,dual_gamma,time_to_expiry_years,futures_price,implied_cost_of_carry,dividend_yield_used,dividend_yield_source,risk_free_rate_used,india_vix,lot_size,underlying_day_open,underlying_day_high,underlying_day_low,underlying_prev_close,price_source_for_iv,data_quality_flag
2026-09-17T08:54:18.585292+00:00,2026-09-17T14:24:18.585292+05:30,NIFTYNXT50,29-Sep-2026,60500.0,CE,71048.1,9235.3,550,11632.9,550,0.0,10434.099999999999,0,0,0,0,0,,,,,,,,,,,,,,,0.033001693769279555,,,,,,12.44,25,70374.4,71166.3,70372.15,70368.6,mid_price,no_price_available
2026-09-17T08:54:18.585292+00:00,2026-09-17T14:24:18.585292+05:30,NIFTYNXT50,29-Sep-2026,60500.0,PE,0,,0,,0,0.0,,0,0,0,0,0,,,,,,,,,,,,,,,0.033001693769279555,,,,,,12.44,25,70374.4,71166.3,70372.15,70368.6,none,no_price_available
2026-09-17T08:54:18.585292+00:00,2026-09-17T14:24:18.585292+05:30,NIFTYNXT50,29-Sep-2026,61000.0,CE,71048.1,8794.5,550,11098.9,550,0.0,9946.7,0,0,0,0,0,,,,,,,,,,,,,,,0.033001693769279555,,,,,,12.44,25,70374.4,71166.3,70372.15,70368.6,mid_price,no_price_available
2026-09-17T08:54:18.585292+00:00,2026-09-17T14:24:18.585292+05:30,NIFTYNXT50,29-Sep-2026,61000.0,PE,0,,0,,0,0.0,,0,0,0,0,0,,,,,,,,,,,,,,,0.033001693769279555,,,,,,12.44,25,70374.4,71166.3,70372.15,70368.6,none,no_price_available
2026-09-17T08:54:18.585292+00:00,2026-09-17T14:24:18.585292+05:30,NIFTYNXT50,29-Sep-2026,61500.0,CE,71048.1,8353.7,550,10567,550,0.0,9460.35,0,0,0,0,0,,,,,,,,,,,,,,,0.033001693769279555,,,,,,12.44,25,70374.4,71166.3,70372.15,70368.6,mid_price,no_price_available
2026-09-17T08:54:18.585292+00:00,2026-09-17T14:24:18.585292+05:30,NIFTYNXT50,29-Sep-2026,61500.0,PE,0,,0,,0,0.0,,0,0,0,0,0,,,,,,,,,,,,,,,0.033001693769279555,,,,,,12.44,25,70374.4,71166.3,70372.15,70368.6,none,no_price_available
2026-09-17T08:54:18.585292+00:00,2026-09-17T14:24:18.585292+05:30,NIFTYNXT50,29-Sep-2026,62000.0,CE,71048.1,7911.95,550,10033.6,550,0.0,8972.775,0,0,0,0,0,,,,,,,,,,,,,,,0.033001693769279555,,,,,,12.44,25,70374.4,71166.3,70372.15,70368.6,mid_price,no_price_available
2026-09-17T08:54:18.585292+00:00,2026-09-17T14:24:18.585292+05:30,NIFTYNXT50,29-Sep-2026,62000.0,PE,71048.1,0.05,500,20,500,0.0,10.025,0,0,0,0,0,,,,,,,,,,,,,,,0.033001693769279555,71250,0.08598669856858997,0.0103,index_dividend_yield,0.065,12.44,25,70374.4,71166.3,70372.15,70368.6,mid_price,no_nse_iv
2026-09-17T08:54:18.585292+00:00,2026-09-17T14:24:18.585292+05:30,NIFTYNXT50,29-Sep-2026,62500.0,CE,71048.1,7472.1,550,9897.8,550,0.0,8684.95,0,0,0,0,0,,,,,,,,,,,,,,,0.033001693769279555,71250,0.08598669856858997,0.0103,index_dividend_yield,0.065,12.44,25,70374.4,71166.3,70372.15,70368.6,mid_price,no_nse_iv
2026-09-17T08:54:18.585292+00:00,2026-09-17T14:24:18.585292+05:30,NIFTYNXT50,29-Sep-2026,62500.0,PE,0,,0,,0,0.0,,0,0,0,0,0,,,,,,,,,,,,,,,0.033001693769279555,,,,,,12.44,25,70374.4,71166.3,70372.15,70368.6,none,no_price_available
2026-09-17T08:54:18.585292+00:00,2026-09-17T14:24:18.585292+05:30,NIFTYNXT50,29-Sep-2026,63000.0,CE,71048.1,7031.3,550,9364.4,550,0.0,8197.85,0,0,0,0,0,,,,,,,,,,,,,,,0.033001693769279555,71250,0.08598669856858997,0.0103,index_dividend_yield,0.065,12.44,25,70374.4,71166.3,70372.15,70368.6,mid_price,no_nse_iv
2026-09-17T08:54:18.585292+00:00,2026-09-17T14:24:18.585292+05:30,NIFTYNXT50,29-Sep-2026,63000.0,PE,0,,0,,0,0.0,,0,0,0,0,0,,,,,,,,,,,,,,,0.033001693769279555,,,,,,12.44,25,70374.4,71166.3,70372.15,70368.6,none,no_price_available
2026-09-17T08:54:18.585292+00:00,2026-09-17T14:24:18.585292+05:30,NIFTYNXT50,29-Sep-2026,63500.0,CE,71048.1,6590.5,550,8861.7,550,0.0,7726.1,0,0,0,0,0,,,,,,,,,,,,,,,0.033001693769279555,71250,0.08598669856858997,0.0103,index_dividend_yield,0.065,12.44,25,70374.4,71166.3,70372.15,70368.6,mid_price,no_nse_iv
2026-09-17T08:54:18.585292+00:00,2026-09-17T14:24:18.585292+05:30,NIFTYNXT50,29-Sep-2026,63500.0,PE,0,,0,,0,0.0,,0,0,0,0,0,,,,,,,,,,,,,,,0.033001693769279555,,,,,,12.44,25,70374.4,71166.3,70372.15,70368.6,none,no_price_available
2026-09-17T08:54:18.585292+00:00,2026-09-17T14:24:18.585292+05:30,NIFTYNXT50,29-Sep-2026,63800.0,CE,71048.1,6325.35,550,8505.6,550,0.0,7415.475,0,0,0,0,0,,,,,,,,,,,,,,,0.033001693769279555,71250,0.08598669856858997,0.0103,index_dividend_yield,0.065,12.44,25,70374.4,71166.3,70372.15,70368.6,mid_price,no_nse_iv
2026-09-17T08:54:18.585292+00:00,2026-09-17T14:24:18.585292+05:30,NIFTYNXT50,29-Sep-2026,63800.0,PE,0,,0,,0,0.0,,0,0,0,0,0,,,,,,,,,,,,,,,0.033001693769279555,,,,,,12.44,25,70374.4,71166.3,70372.15,70368.6,none,no_price_available
2026-09-17T08:54:18.585292+00:00,2026-09-17T14:24:18.585292+05:30,NIFTYNXT50,29-Sep-2026,63900.0,CE,71048.1,6237.85,550,8427.5,550,0.0,7332.675,0,0,0,0,0,,,,,,,,,,,,,,,0.033001693769279555,71250,0.08598669856858997,0.0103,index_dividend_yield,0.065,12.44,25,70374.4,71166.3,70372.15,70368.6,mid_price,no_nse_iv
2026-09-17T08:54:18.585292+00:00,2026-09-17T14:24:18.585292+05:30,NIFTYNXT50,29-Sep-2026,63900.0,PE,0,,0,,0,0.0,,0,0,0,0,0,,,,,,,,,,,,,,,0.033001693769279555,,,,,,12.44,25,70374.4,71166.3,70372.15,70368.6,none,no_price_available
2026-09-17T08:54:18.585292+00:00,2026-09-17T14:24:18.585292+05:30,NIFTYNXT50,29-Sep-2026,64000.0,CE,71048.1,6149.7,550,8328.3,550,0.0,7239.0,0,0,0,0,0,,,,,,,,,,,,,,,0.033001693769279555,71250,0.08598669856858997,0.0103,index_dividend_yield,0.065,12.44,25,70374.4,71166.3,70372.15,70368.6,mid_price,no_nse_iv
2026-09-17T08:54:18.585292+00:00,2026-09-17T14:24:18.585292+05:30,NIFTYNXT50,29-Sep-2026,64000.0,PE,0,,0,,0,0.0,,0,0,0,0,0,,,,,,,,,,,,,,,0.033001693769279555,,,,,,12.44,25,70374.4,71166.3,70372.15,70368.6,none,no_price_available
2026-09-17T08:54:18.585292+00:00,2026-09-17T14:24:18.585292+05:30,NIFTYNXT50,29-Sep-2026,64100.0,CE,71048.1,6061.55,550,8214.15,550,0.0,7137.85,0,0,0,0,0,,,,,,,,,,,,,,,0.033001693769279555,71250,0.08598669856858997,0.0103,index_dividend_yield,0.065,12.44,25,70374.4,71166.3,70372.15,70368.6,mid_price,no_nse_iv
2026-09-17T08:54:18.585292+00:00,2026-09-17T14:24:18.585292+05:30,NIFTYNXT50,29-Sep-2026,64100.0,PE,0,,0,,0,0.0,,0,0,0,0,0,,,,,,,,,,,,,,,0.033001693769279555,,,,,,12.44,25,70374.4,71166.3,70372.15,70368.6,none,no_price_available
2026-09-17T08:54:18.585292+00:00,2026-09-17T14:24:18.585292+05:30,NIFTYNXT50,29-Sep-2026,64200.0,CE,71048.1,5973.4,550,8074.85,550,0.0,7024.125,0,0,0,0,0,,,,,,,,,,,,,,,0.033001693769279555,71250,0.08598669856858997,0.0103,index_dividend_yield,0.065,12.44,25,70374.4,71166.3,70372.15,70368.6,mid_price,no_nse_iv
2026-09-17T08:54:18.585292+00:00,2026-09-17T14:24:18.585292+05:30,NIFTYNXT50,29-Sep-2026,64200.0,PE,0,,0,,0,0.0,,0,0,0,0,0,,,,,,,,,,,,,,,0.033001693769279555,,,,,,12.44,25,70374.4,71166.3,70372.15,70368.6,none,no_price_available
2026-09-17T08:54:18.585292+00:00,2026-09-17T14:24:18.585292+05:30,NIFTYNXT50,29-Sep-2026,64300.0,CE,71048.1,5885.25,550,7973.5,550,0.0,6929.375,0,0,0,0,0,,,,,,,,,,,,,,,0.033001693769279555,71250,0.08598669856858997,0.0103,index_dividend_yield,0.065,12.44,25,70374.4,71166.3,70372.15,70368.6,mid_price,no_nse_iv
2026-09-17T08:54:18.585292+00:00,2026-09-17T14:24:18.585292+05:30,NIFTYNXT50,29-Sep-2026,64300.0,PE,0,,0,,0,0.0,,0,0,0,0,0,,,,,,,,,,,,,,,0.033001693769279555,,,,,,12.44,25,70374.4,71166.3,70372.15,70368.6,none,no_price_available
2026-09-17T08:54:18.585292+00:00,2026-09-17T14:24:18.585292+05:30,NIFTYNXT50,29-Sep-2026,64400.0,CE,71048.1,5797.05,550,7870.85,550,0.0,6833.950000000001,0,0,0,0,0,,,,,,,,,,,,,,,0.033001693769279555,71250,0.08598669856858997,0.0103,index_dividend_yield,0.065,12.44,25,70374.4,71166.3,70372.15,70368.6,mid_price,no_nse_iv
2026-09-17T08:54:18.585292+00:00,2026-09-17T14:24:18.585292+05:30,NIFTYNXT50,29-Sep-2026,64400.0,PE,0,,0,,0,0.0,,0,0,0,0,0,,,,,,,,,,,,,,,0.033001693769279555,,,,,,12.44,25,70374.4,71166.3,70372.15,70368.6,none,no_price_available
2026-09-17T08:54:18.585292+00:00,2026-09-17T14:24:18.585292+05:30,NIFTYNXT50,29-Sep-2026,64500.0,CE,71048.1,5708.9,550,7760.1,550,0.0,6734.5,0,0,0,0,0,,,,,,,,,,,,,,,0.033001693769279555,71250,0.08598669856858997,0.0103,index_dividend_yield,0.065,12.44,25,70374.4,71166.3,70372.15,70368.6,mid_price,no_nse_iv
2026-09-17T08:54:18.585292+00:00,2026-09-17T14:24:18.585292+05:30,NIFTYNXT50,29-Sep-2026,64500.0,PE,71048.1,,0,,0,0.0,,0,0,0,0,0,,,,,,,,,,,,,,,0.033001693769279555,,,,,,12.44,25,70374.4,71166.3,70372.15,70368.6,none,no_price_available
2026-09-17T08:54:18.585292+00:00,2026-09-17T14:24:18.585292+05:30,NIFTYNXT50,29-Sep-2026,64600.0,CE,71048.1,5620.75,550,7657.3,550,0.0,6639.025,0,0,0,0,0,,,,,,,,,,,,,,,0.033001693769279555,71250,0.08598669856858997,0.0103,index_dividend_yield,0.065,12.44,25,70374.4,71166.3,70372.15,70368.6,mid_price,no_nse_iv
2026-09-17T08:54:18.585292+00:00,2026-09-17T14:24:18.585292+05:30,NIFTYNXT50,29-Sep-2026,64600.0,PE,0,,0,,0,0.0,,0,0,0,0,0,,,,,,,,,,,,,,,0.033001693769279555,,,,,,12.44,25,70374.4,71166.3,70372.15,70368.6,none,no_price_available
2026-09-17T08:54:18.585292+00:00,2026-09-17T14:24:18.585292+05:30,NIFTYNXT50,29-Sep-2026,64700.0,CE,71048.1,5532.6,550,7545.25,550,0.0,6538.925,0,0,0,0,0,,,,,,,,,,,,,,,0.033001693769279555,71250,0.08598669856858997,0.0103,index_dividend_yield,0.065,12.44,25,70374.4,71166.3,70372.15,70368.6,mid_price,no_nse_iv
2026-09-17T08:54:18.585292+00:00,2026-09-17T14:24:18.585292+05:30,NIFTYNXT50,29-Sep-2026,64700.0,PE,0,,0,,0,0.0,,0,0,0,0,0,,,,,,,,,,,,,,,0.033001693769279555,,,,,,12.44,25,70374.4,71166.3,70372.15,70368.6,none,no_price_available
2026-09-17T08:54:18.585292+00:00,2026-09-17T14:24:18.585292+05:30,NIFTYNXT50,29-Sep-2026,64800.0,CE,71048.1,5444.45,550,7444.15,550,0.0,6444.299999999999,0,0,0,0,0,,,,,,,,,,,,,,,0.033001693769279555,71250,0.08598669856858997,0.0103,index_dividend_yield,0.065,12.44,25,70374.4,71166.3,70372.15,70368.6,mid_price,no_nse_iv
2026-09-17T08:54:18.585292+00:00,2026-09-17T14:24:18.585292+05:30,NIFTYNXT50,29-Sep-2026,64800.0,PE,0,,0,,0,0.0,,0,0,0,0,0,,,,,,,,,,,,,,,0.033001693769279555,,,,,,12.44,25,70374.4,71166.3,70372.15,70368.6,none,no_price_available
2026-09-17T08:54:18.585292+00:00,2026-09-17T14:24:18.585292+05:30,NIFTYNXT50,29-Sep-2026,64900.0,CE,71048.1,5356.25,550,7337.25,550,0.0,6346.75,0,0,0,0,0,,,,,,,,,,,,,,,0.033001693769279555,71250,0.08598669856858997,0.0103,index_dividend_yield,0.065,12.44,25,70374.4,71166.3,70372.15,70368.6,mid_price,no_nse_iv
2026-09-17T08:54:18.585292+00:00,2026-09-17T14:24:18.585292+05:30,NIFTYNXT50,29-Sep-2026,64900.0,PE,0,,0,,0,0.0,,0,0,0,0,0,,,,,,,,,,,,,,,0.033001693769279555,,,,,,12.44,25,70374.4,71166.3,70372.15,70368.6,none,no_price_available
2026-09-17T08:54:18.585292+00:00,2026-09-17T14:24:18.585292+05:30,NIFTYNXT50,29-Sep-2026,65000.0,CE,71048.1,5268.1,550,7225.25,550,0.0,6246.675,0,0,0,0,0,,,,,,,,,,,,,,,0.033001693769279555,71250,0.08598669856858997,0.0103,index_dividend_yield,0.065,12.44,25,70374.4,71166.3,70372.15,70368.6,mid_price,no_nse_iv
2026-09-17T08:54:18.585292+00:00,2026-09-17T14:24:18.585292+05:30,NIFTYNXT50,29-Sep-2026,65000.0,PE,71048.1,,0,,0,0.0,,0,0,0,0,0,,,,,,,,,,,,,,,0.033001693769279555,,,,,,12.44,25,70374.4,71166.3,70372.15,70368.6,none,no_price_available
2026-09-17T08:54:18.585292+00:00,2026-09-17T14:24:18.585292+05:30,NIFTYNXT50,29-Sep-2026,65100.0,CE,71048.1,5179.95,550,7120.05,550,0.0,6150.0,0,0,0,0,0,,,,,,,,,,,,,,,0.033001693769279555,71250,0.08598669856858997,0.0103,index_dividend_yield,0.065,12.44,25,70374.4,71166.3,70372.15,70368.6,mid_price,no_nse_iv
2026-09-17T08:54:18.585292+00:00,2026-09-17T14:24:18.585292+05:30,NIFTYNXT50,29-Sep-2026,65100.0,PE,0,,0,,0,0.0,,0,0,0,0,0,,,,,,,,,,,,,,,0.033001693769279555,,,,,,12.44,25,70374.4,71166.3,70372.15,70368.6,none,no_price_available
2026-09-17T08:54:18.585292+00:00,2026-09-17T14:24:18.585292+05:30,NIFTYNXT50,29-Sep-2026,65200.0,CE,71048.1,5091.8,550,7011.85,550,0.0,6051.825000000001,0,0,0,0,0,,,,,,,,,,,,,,,0.033001693769279555,71250,0.08598669856858997,0.0103,index_dividend_yield,0.065,12.44,25,70374.4,71166.3,70372.15,70368.6,mid_price,no_nse_iv
2026-09-17T08:54:18.585292+00:00,2026-09-17T14:24:18.585292+05:30,NIFTYNXT50,29-Sep-2026,65200.0,PE,0,,0,,0,0.0,,0,0,0,0,0,,,,,,,,,,,,,,,0.033001693769279555,,,,,,12.44,25,70374.4,71166.3,70372.15,70368.6,none,no_price_available
2026-09-17T08:54:18.585292+00:00,2026-09-17T14:24:18.585292+05:30,NIFTYNXT50,29-Sep-2026,65300.0,CE,71048.1,5003.65,550,6905.2,550,0.0,5954.424999999999,0,0,0,0,0,,,,,,,,,,,,,,,0.033001693769279555,71250,0.08598669856858997,0.0103,index_dividend_yield,0.065,12.44,25,70374.4,71166.3,70372.15,70368.6,mid_price,no_nse_iv
2026-09-17T08:54:18.585292+00:00,2026-09-17T14:24:18.585292+05:30,NIFTYNXT50,29-Sep-2026,65300.0,PE,0,,0,,0,0.0,,0,0,0,0,0,,,,,,,,,,,,,,,0.033001693769279555,,,,,,12.44,25,70374.4,71166.3,70372.15,70368.6,none,no_price_available
2026-09-17T08:54:18.585292+00:00,2026-09-17T14:24:18.585292+05:30,NIFTYNXT50,29-Sep-2026,65400.0,CE,71048.1,4915.45,550,6798.5,550,0.0,5856.975,0,0,0,0,0,,,,,,,,,,,,,,,0.033001693769279555,71250,0.08598669856858997,0.0103,index_dividend_yield,0.065,12.44,25,70374.4,71166.3,70372.15,70368.6,mid_price,no_nse_iv
2026-09-17T08:54:18.585292+00:00,2026-09-17T14:24:18.585292+05:30,NIFTYNXT50,29-Sep-2026,65400.0,PE,0,,0,,0,0.0,,0,0,0,0,0,,,,,,,,,,,,,,,0.033001693769279555,,,,,,12.44,25,70374.4,71166.3,70372.15,70368.6,none,no_price_available
2026-09-17T08:54:18.585292+00:00,2026-09-17T14:24:18.585292+05:30,NIFTYNXT50,29-Sep-2026,65500.0,CE,71048.1,4827.3,550,6688,550,0.0,5757.65,0,0,0,0,0,,,,,,,,,,,,,,,0.033001693769279555,71250,0.08598669856858997,0.0103,index_dividend_yield,0.065,12.44,25,70374.4,71166.3,70372.15,70368.6,mid_price,no_nse_iv
2026-09-17T08:54:18.585292+00:00,2026-09-17T14:24:18.585292+05:30,NIFTYNXT50,29-Sep-2026,65500.0,PE,0,,0,,0,0.0,,0,0,0,0,0,,,,,,,,,,,,,,,0.033001693769279555,,,,,,12.44,25,70374.4,71166.3,70372.15,70368.6,none,no_price_available
2026-09-17T08:54:18.585292+00:00,2026-09-17T14:24:18.585292+05:30,NIFTYNXT50,29-Sep-2026,65600.0,CE,71048.1,4739.15,550,6581.3,550,0.0,5660.225,0,0,0,0,0,,,,,,,,,,,,,,,0.033001693769279555,71250,0.08598669856858997,0.0103,index_dividend_yield,0.065,12.44,25,70374.4,71166.3,70372.15,70368.6,mid_price,no_nse_iv
2026-09-17T08:54:18.585292+00:00,2026-09-17T14:24:18.585292+05:30,NIFTYNXT50,29-Sep-2026,65600.0,PE,0,,0,,0,0.0,,0,0,0,0,0,,,,,,,,,,,,,,,0.033001693769279555,,,,,,12.44,25,70374.4,71166.3,70372.15,70368.6,none,no_price_available
2026-09-17T08:54:18.585292+00:00,2026-09-17T14:24:18.585292+05:30,NIFTYNXT50,29-Sep-2026,65700.0,CE,71048.1,4651,550,6483.8,550,0.0,5567.4,0,0,0,0,0,,,,,,,,,,,,,,,0.033001693769279555,71250,0.08598669856858997,0.0103,index_dividend_yield,0.065,12.44,25,70374.4,71166.3,70372.15,70368.6,mid_price,no_nse_iv
2026-09-17T08:54:18.585292+00:00,2026-09-17T14:24:18.585292+05:30,NIFTYNXT50,29-Sep-2026,65700.0,PE,0,,0,,0,0.0,,0,0,0,0,0,,,,,,,,,,,,,,,0.033001693769279555,,,,,,12.44,25,70374.4,71166.3,70372.15,70368.6,none,no_price_available
2026-09-17T08:54:18.585292+00:00,2026-09-17T14:24:18.585292+05:30,NIFTYNXT50,29-Sep-2026,65800.0,CE,71048.1,4562.85,550,6377.35,550,0.0,5470.1,0,0,0,0,0,,,,,,,,,,,,,,,0.033001693769279555,71250,0.08598669856858997,0.0103,index_dividend_yield,0.065,12.44,25,70374.4,71166.3,70372.15,70368.6,mid_price,no_nse_iv
2026-09-17T08:54:18.585292+00:00,2026-09-17T14:24:18.585292+05:30,NIFTYNXT50,29-Sep-2026,65800.0,PE,0,,0,,0,0.0,,0,0,0,0,0,,,,,,,,,,,,,,,0.033001693769279555,,,,,,12.44,25,70374.4,71166.3,70372.15,70368.6,none,no_price_available
2026-09-17T08:54:18.585292+00:00,2026-09-17T14:24:18.585292+05:30,NIFTYNXT50,29-Sep-2026,65900.0,CE,71048.1,4474.65,550,6265.1,550,0.0,5369.875,0,0,0,0,0,,,,,,,,,,,,,,,0.033001693769279555,71250,0.08598669856858997,0.0103,index_dividend_yield,0.065,12.44,25,70374.4,71166.3,70372.15,70368.6,mid_price,no_nse_iv
2026-09-17T08:54:18.585292+00:00,2026-09-17T14:24:18.585292+05:30,NIFTYNXT50,29-Sep-2026,65900.0,PE,0,,0,,0,0.0,,0,0,0,0,0,,,,,,,,,,,,,,,0.033001693769279555,,,,,,12.44,25,70374.4,71166.3,70372.15,70368.6,none,no_price_available
2026-09-17T08:54:18.585292+00:00,2026-09-17T14:24:18.585292+05:30,NIFTYNXT50,29-Sep-2026,66000.0,CE,71048.1,4386.5,550,6164,550,0.0,5275.25,0,0,0,0,0,,,,,,,,,,,,,,,0.033001693769279555,71250,0.08598669856858997,0.0103,index_dividend_yield,0.065,12.44,25,70374.4,71166.3,70372.15,70368.6,mid_price,no_nse_iv
2026-09-17T08:54:18.585292+00:00,2026-09-17T14:24:18.585292+05:30,NIFTYNXT50,29-Sep-2026,66000.0,PE,0,,0,,0,0.0,,0,0,0,0,0,,,,,,,,,,,,,,,0.033001693769279555,,,,,,12.44,25,70374.4,71166.3,70372.15,70368.6,none,no_price_available
2026-09-17T08:54:18.585292+00:00,2026-09-17T14:24:18.585292+05:30,NIFTYNXT50,29-Sep-2026,66100.0,CE,71048.1,4298.35,550,6057.3,550,0.0,5177.825000000001,0,0,0,0,0,,,,,,,,,,,,,,,0.033001693769279555,71250,0.08598669856858997,0.0103,index_dividend_yield,0.065,12.44,25,70374.4,71166.3,70372.15,70368.6,mid_price,no_nse_iv
2026-09-17T08:54:18.585292+00:00,2026-09-17T14:24:18.585292+05:30,NIFTYNXT50,29-Sep-2026,66100.0,PE,0,,0,,0,0.0,,0,0,0,0,0,,,,,,,,,,,,,,,0.033001693769279555,,,,,,12.44,25,70374.4,71166.3,70372.15,70368.6,none,no_price_available
2026-09-17T08:54:18.585292+00:00,2026-09-17T14:24:18.585292+05:30,NIFTYNXT50,29-Sep-2026,66200.0,CE,71048.1,4210.2,550,5950.4,550,0.0,5080.299999999999,0,0,0,0,0,,,,,,,,,,,,,,,0.033001693769279555,71250,0.08598669856858997,0.0103,index_dividend_yield,0.065,12.44,25,70374.4,71166.3,70372.15,70368.6,mid_price,no_nse_iv
2026-09-17T08:54:18.585292+00:00,2026-09-17T14:24:18.585292+05:30,NIFTYNXT50,29-Sep-2026,66200.0,PE,0,,0,,0,0.0,,0,0,0,0,0,,,,,,,,,,,,,,,0.033001693769279555,,,,,,12.44,25,70374.4,71166.3,70372.15,70368.6,none,no_price_available
2026-09-17T08:54:18.585292+00:00,2026-09-17T14:24:18.585292+05:30,NIFTYNXT50,29-Sep-2026,66300.0,CE,71048.1,4122.05,550,5838.4,550,0.0,4980.225,0,0,0,0,0,,,,,,,,,,,,,,,0.033001693769279555,71250,0.08598669856858997,0.0103,index_dividend_yield,0.065,12.44,25,70374.4,71166.3,70372.15,70368.6,mid_price,no_nse_iv
2026-09-17T08:54:18.585292+00:00,2026-09-17T14:24:18.585292+05:30,NIFTYNXT50,29-Sep-2026,66300.0,PE,0,,0,,0,0.0,,0,0,0,0,0,,,,,,,,,,,,,,,0.033001693769279555,,,,,,12.44,25,70374.4,71166.3,70372.15,70368.6,none,no_price_available
2026-09-17T08:54:18.585292+00:00,2026-09-17T14:24:18.585292+05:30,NIFTYNXT50,29-Sep-2026,66400.0,CE,71048.1,4033.85,550,5731.7,550,0.0,4882.775,0,0,0,0,0,,,,,,,,,,,,,,,0.033001693769279555,71250,0.08598669856858997,0.0103,index_dividend_yield,0.065,12.44,25,70374.4,71166.3,70372.15,70368.6,mid_price,no_nse_iv
2026-09-17T08:54:18.585292+00:00,2026-09-17T14:24:18.585292+05:30,NIFTYNXT50,29-Sep-2026,66400.0,PE,0,,0,,0,0.0,,0,0,0,0,0,,,,,,,,,,,,,,,0.033001693769279555,,,,,,12.44,25,70374.4,71166.3,70372.15,70368.6,none,no_price_available
2026-09-17T08:54:18.585292+00:00,2026-09-17T14:24:18.585292+05:30,NIFTYNXT50,29-Sep-2026,66500.0,CE,71048.1,3945.05,550,5624.4,550,0.0,4784.725,0,0,0,0,0,,,,,,,,,,,,,,,0.033001693769279555,71250,0.08598669856858997,0.0103,index_dividend_yield,0.065,12.44,25,70374.4,71166.3,70372.15,70368.6,mid_price,no_nse_iv
2026-09-17T08:54:18.585292+00:00,2026-09-17T14:24:18.585292+05:30,NIFTYNXT50,29-Sep-2026,66500.0,PE,0,,0,,0,0.0,,0,0,0,0,0,,,,,,,,,,,,,,,0.033001693769279555,,,,,,12.44,25,70374.4,71166.3,70372.15,70368.6,none,no_price_available
2026-09-17T08:54:18.585292+00:00,2026-09-17T14:24:18.585292+05:30,NIFTYNXT50,29-Sep-2026,66600.0,CE,71048.1,3856.35,550,5523.9,550,0.0,4690.125,0,0,0,0,0,,,,,,,,,,,,,,,0.033001693769279555,71250,0.08598669856858997,0.0103,index_dividend_yield,0.065,12.44,25,70374.4,71166.3,70372.15,70368.6,mid_price,no_nse_iv
2026-09-17T08:54:18.585292+00:00,2026-09-17T14:24:18.585292+05:30,NIFTYNXT50,29-Sep-2026,66600.0,PE,0,,0,,0,0.0,,0,0,0,0,0,,,,,,,,,,,,,,,0.033001693769279555,,,,,,12.44,25,70374.4,71166.3,70372.15,70368.6,none,no_price_available
2026-09-17T08:54:18.585292+00:00,2026-09-17T14:24:18.585292+05:30,NIFTYNXT50,29-Sep-2026,66700.0,CE,71048.1,3767.45,550,5413.15,550,0.0,4590.299999999999,0,0,0,0,0,,,,,,,,,,,,,,,0.033001693769279555,71250,0.08598669856858997,0.0103,index_dividend_yield,0.065,12.44,25,70374.4,71166.3,70372.15,70368.6,mid_price,no_nse_iv
2026-09-17T08:54:18.585292+00:00,2026-09-17T14:24:18.585292+05:30,NIFTYNXT50,29-Sep-2026,66700.0,PE,0,,0,,0,0.0,,0,0,0,0,0,,,,,,,,,,,,,,,0.033001693769279555,,,,,,12.44,25,70374.4,71166.3,70372.15,70368.6,none,no_price_available
2026-09-17T08:54:18.585292+00:00,2026-09-17T14:24:18.585292+05:30,NIFTYNXT50,29-Sep-2026,66800.0,CE,71048.1,3680.15,550,5307.55,550,0.0,4493.85,0,0,0,0,0,,,,,,,,,,,,,,,0.033001693769279555,71250,0.08598669856858997,0.0103,index_dividend_yield,0.065,12.44,25,70374.4,71166.3,70372.15,70368.6,mid_price,no_nse_iv
2026-09-17T08:54:18.585292+00:00,2026-09-17T14:24:18.585292+05:30,NIFTYNXT50,29-Sep-2026,66800.0,PE,0,,0,,0,0.0,,0,0,0,0,0,,,,,,,,,,,,,,,0.033001693769279555,,,,,,12.44,25,70374.4,71166.3,70372.15,70368.6,none,no_price_available
2026-09-17T08:54:18.585292+00:00,2026-09-17T14:24:18.585292+05:30,NIFTYNXT50,29-Sep-2026,66900.0,CE,71048.1,3592.45,550,5203.85,550,0.0,4398.15,0,0,0,0,0,,,,,,,,,,,,,,,0.033001693769279555,71250,0.08598669856858997,0.0103,index_dividend_yield,0.065,12.44,25,70374.4,71166.3,70372.15,70368.6,mid_price,no_nse_iv
2026-09-17T08:54:18.585292+00:00,2026-09-17T14:24:18.585292+05:30,NIFTYNXT50,29-Sep-2026,66900.0,PE,0,,0,,0,0.0,,0,0,0,0,0,,,,,,,,,,,,,,,0.033001693769279555,,,,,,12.44,25,70374.4,71166.3,70372.15,70368.6,none,no_price_available
2026-09-17T08:54:18.585292+00:00,2026-09-17T14:24:18.585292+05:30,NIFTYNXT50,29-Sep-2026,67000.0,CE,71048.1,3504.3,550,5343.65,550,0.0,4423.975,0,0,0,0,0,,,,,,,,,,,,,,,0.033001693769279555,71250,0.08598669856858997,0.0103,index_dividend_yield,0.065,12.44,25,70374.4,71166.3,70372.15,70368.6,mid_price,no_nse_iv
2026-09-17T08:54:18.585292+00:00,2026-09-17T14:24:18.585292+05:30,NIFTYNXT50,29-Sep-2026,67000.0,PE,71048.1,12.1,25,235,25,0.0,123.55,6,0,0,0,21.96,-0.062281075332069495,4.326878363888378e-05,-13.751534985993333,15.82880719230086,-0.835357357285526,0.007151319426559444,165.5808311248377,-2.402773531010476e-08,0.00025559700175102363,-2.081864905377823e-06,-2.0741665886056975,-56.95038234953131,0.06720373793457791,4.8655284668459324e-05,0.033001693769279555,71250,0.08598669856858997,0.0103,index_dividend_yield,0.065,12.44,25,70374.4,71166.3,70372.15,70368.6,mid_price,wide_quote_low_liquidity
2026-09-17T08:54:18.585292+00:00,2026-09-17T14:24:18.585292+05:30,NIFTYNXT50,29-Sep-2026,67100.0,CE,71048.1,3416.2,550,5237.2,550,0.0,4326.7,0,0,0,0,0,,,,,,,,,,,,,,,0.033001693769279555,71250,0.08598669856858997,0.0103,index_dividend_yield,0.065,12.44,25,70374.4,71166.3,70372.15,70368.6,mid_price,no_nse_iv
2026-09-17T08:54:18.585292+00:00,2026-09-17T14:24:18.585292+05:30,NIFTYNXT50,29-Sep-2026,67100.0,PE,0,,0,,0,0.0,,0,0,0,0,0,,,,,,,,,,,,,,,0.033001693769279555,,,,,,12.44,25,70374.4,71166.3,70372.15,70368.6,none,no_price_available
2026-09-17T08:54:18.585292+00:00,2026-09-17T14:24:18.585292+05:30,NIFTYNXT50,29-Sep-2026,67200.0,CE,71048.1,3327.5,550,5130.3,550,0.0,4228.9,0,0,0,0,0,,,,,,,,,,,,,,,0.033001693769279555,71250,0.08598669856858997,0.0103,index_dividend_yield,0.065,12.44,25,70374.4,71166.3,70372.15,70368.6,mid_price,no_nse_iv
2026-09-17T08:54:18.585292+00:00,2026-09-17T14:24:18.585292+05:30,NIFTYNXT50,29-Sep-2026,67200.0,PE,0,,0,,0,0.0,,0,0,0,0,0,,,,,,,,,,,,,,,0.033001693769279555,,,,,,12.44,25,70374.4,71166.3,70372.15,70368.6,none,no_price_available
2026-09-17T08:54:18.585292+00:00,2026-09-17T14:24:18.585292+05:30,NIFTYNXT50,29-Sep-2026,67300.0,CE,71048.1,3240.15,550,5025.15,550,0.0,4132.65,0,0,0,0,0,,,,,,,,,,,,,,,0.033001693769279555,71250,0.08598669856858997,0.0103,index_dividend_yield,0.065,12.44,25,70374.4,71166.3,70372.15,70368.6,mid_price,no_nse_iv
2026-09-17T08:54:18.585292+00:00,2026-09-17T14:24:18.585292+05:30,NIFTYNXT50,29-Sep-2026,67300.0,PE,0,,0,,0,0.0,,0,0,0,0,0,,,,,,,,,,,,,,,0.033001693769279555,,,,,,12.44,25,70374.4,71166.3,70372.15,70368.6,none,no_price_available
2026-09-17T08:54:18.585292+00:00,2026-09-17T14:24:18.585292+05:30,NIFTYNXT50,29-Sep-2026,67400.0,CE,71048.1,3220.75,550,4788.4,550,0.0,4004.575,0,0,0,0,0,,,,,,,,,,,,,,,0.033001693769279555,71250,0.08598669856858997,0.0103,index_dividend_yield,0.065,12.44,25,70374.4,71166.3,70372.15,70368.6,mid_price,no_nse_iv
2026-09-17T08:54:18.585292+00:00,2026-09-17T14:24:18.585292+05:30,NIFTYNXT50,29-Sep-2026,67400.0,PE,0,,0,,0,0.0,,0,0,0,0,0,,,,,,,,,,,,,,,0.033001693769279555,,,,,,12.44,25,70374.4,71166.3,70372.15,70368.6,none,no_price_available
2026-09-17T08:54:18.585292+00:00,2026-09-17T14:24:18.585292+05:30,NIFTYNXT50,29-Sep-2026,67500.0,CE,71048.1,3131.1,550,4681.8,550,0.0,3906.45,0,0,0,0,0,,,,,,,,,,,,,,,0.033001693769279555,71250,0.08598669856858997,0.0103,index_dividend_yield,0.065,12.44,25,70374.4,71166.3,70372.15,70368.6,mid_price,no_nse_iv
2026-09-17T08:54:18.585292+00:00,2026-09-17T14:24:18.585292+05:30,NIFTYNXT50,29-Sep-2026,67500.0,PE,0,,0,,0,0.0,,0,0,0,0,0,,,,,,,,,,,,,,,0.033001693769279555,,,,,,12.44,25,70374.4,71166.3,70372.15,70368.6,none,no_price_available
2026-09-17T08:54:18.585292+00:00,2026-09-17T14:24:18.585292+05:30,NIFTYNXT50,29-Sep-2026,67600.0,CE,71048.1,3043.35,550,4604.5,550,0.0,3823.925,0,0,0,0,0,,,,,,,,,,,,,,,0.033001693769279555,71250,0.08598669856858997,0.0103,index_dividend_yield,0.065,12.44,25,70374.4,71166.3,70372.15,70368.6,mid_price,no_nse_iv
2026-09-17T08:54:18.585292+00:00,2026-09-17T14:24:18.585292+05:30,NIFTYNXT50,29-Sep-2026,67600.0,PE,0,,0,,0,0.0,,0,0,0,0,0,,,,,,,,,,,,,,,0.033001693769279555,,,,,,12.44,25,70374.4,71166.3,70372.15,70368.6,none,no_price_available
2026-09-17T08:54:18.585292+00:00,2026-09-17T14:24:18.585292+05:30,NIFTYNXT50,29-Sep-2026,67700.0,CE,71048.1,2954.65,550,4500,550,0.0,3727.325,0,0,0,0,0,,,,,,,,,,,,,,,0.033001693769279555,71250,0.08598669856858997,0.0103,index_dividend_yield,0.065,12.44,25,70374.4,71166.3,70372.15,70368.6,mid_price,no_nse_iv
2026-09-17T08:54:18.585292+00:00,2026-09-17T14:24:18.585292+05:30,NIFTYNXT50,29-Sep-2026,67700.0,PE,0,,0,,0,0.0,,0,0,0,0,0,,,,,,,,,,,,,,,0.033001693769279555,,,,,,12.44,25,70374.4,71166.3,70372.15,70368.6,none,no_price_available
2026-09-17T08:54:18.585292+00:00,2026-09-17T14:24:18.585292+05:30,NIFTYNXT50,29-Sep-2026,67800.0,CE,71048.1,2859.9,550,,0,0.0,,0,0,0,0,0,,,,,,,,,,,,,,,0.033001693769279555,,,,,,12.44,25,70374.4,71166.3,70372.15,70368.6,none,no_price_available
2026-09-17T08:54:18.585292+00:00,2026-09-17T14:24:18.585292+05:30,NIFTYNXT50,29-Sep-2026,67800.0,PE,0,,0,,0,0.0,,0,0,0,0,0,,,,,,,,,,,,,,,0.033001693769279555,,,,,,12.44,25,70374.4,71166.3,70372.15,70368.6,none,no_price_available
2026-09-17T08:54:18.585292+00:00,2026-09-17T14:24:18.585292+05:30,NIFTYNXT50,29-Sep-2026,67900.0,CE,71048.1,2769.95,550,,0,0.0,,0,0,0,0,0,,,,,,,,,,,,,,,0.033001693769279555,,,,,,12.44,25,70374.4,71166.3,70372.15,70368.6,none,no_price_available
2026-09-17T08:54:18.585292+00:00,2026-09-17T14:24:18.585292+05:30,NIFTYNXT50,29-Sep-2026,67900.0,PE,0,,0,,0,0.0,,0,0,0,0,0,,,,,,,,,,,,,,,0.033001693769279555,,,,,,12.44,25,70374.4,71166.3,70372.15,70368.6,none,no_price_available
2026-09-17T08:54:18.585292+00:00,2026-09-17T14:24:18.585292+05:30,NIFTYNXT50,29-Sep-2026,68000.0,CE,71048.1,2682.45,550,5708.35,50,0.0,4195.4,0,0,0,0,0,,,,,,,,,,,,,,,0.033001693769279555,71250,0.08598669856858997,0.0103,index_dividend_yield,0.065,12.44,25,70374.4,71166.3,70372.15,70368.6,mid_price,no_nse_iv
2026-09-17T08:54:18.585292+00:00,2026-09-17T14:24:18.585292+05:30,NIFTYNXT50,29-Sep-2026,68000.0,PE,0,,0,,0,0.0,,0,0,0,0,0,,,,,,,,,,,,,,,0.033001693769279555,,,,,,12.44,25,70374.4,71166.3,70372.15,70368.6,none,no_price_available
2026-09-17T08:54:18.585292+00:00,2026-09-17T14:24:18.585292+05:30,NIFTYNXT50,29-Sep-2026,68100.0,CE,71048.1,2589.7,550,5598.6,50,0.0,4094.15,0,0,0,0,0,,,,,,,,,,,,,,,0.033001693769279555,71250,0.08598669856858997,0.0103,index_dividend_yield,0.065,12.44,25,70374.4,71166.3,70372.15,70368.6,mid_price,no_nse_iv
2026-09-17T08:54:18.585292+00:00,2026-09-17T14:24:18.585292+05:30,NIFTYNXT50,29-Sep-2026,68100.0,PE,0,,0,,0,0.0,,0,0,0,0,0,,,,,,,,,,,,,,,0.033001693769279555,,,,,,12.44,25,70374.4,71166.3,70372.15,70368.6,none,no_price_available
2026-09-17T08:54:18.585292+00:00,2026-09-17T14:24:18.585292+05:30,NIFTYNXT50,29-Sep-2026,68200.0,CE,71048.1,2492.2,550,,0,0.0,,0,0,0,0,0,,,,,,,,,,,,,,,0.033001693769279555,,,,,,12.44,25,70374.4,71166.3,70372.15,70368.6,none,no_price_available
2026-09-17T08:54:18.585292+00:00,2026-09-17T14:24:18.585292+05:30,NIFTYNXT50,29-Sep-2026,68200.0,PE,0,,0,,0,0.0,,0,0,0,0,0,,,,,,,,,,,,,,,0.033001693769279555,,,,,,12.44,25,70374.4,71166.3,70372.15,70368.6,none,no_price_available
2026-09-17T08:54:18.585292+00:00,2026-09-17T14:24:18.585292+05:30,NIFTYNXT50,29-Sep-2026,68300.0,CE,71048.1,2426.5,550,4006.9,550,0.0,3216.7,0,0,0,0,0,,,,,,,,,,,,,,,0.033001693769279555,71250,0.08598669856858997,0.0103,index_dividend_yield,0.065,12.44,25,70374.4,71166.3,70372.15,70368.6,mid_price,no_nse_iv
2026-09-17T08:54:18.585292+00:00,2026-09-17T14:24:18.585292+05:30,NIFTYNXT50,29-Sep-2026,68300.0,PE,0,,0,,0,0.0,,0,0,0,0,0,,,,,,,,,,,,,,,0.033001693769279555,,,,,,12.44,25,70374.4,71166.3,70372.15,70368.6,none,no_price_available
2026-09-17T08:54:18.585292+00:00,2026-09-17T14:24:18.585292+05:30,NIFTYNXT50,29-Sep-2026,68400.0,CE,71048.1,2322.9,550,5269.35,50,0.0,3796.125,0,0,0,0,0,,,,,,,,,,,,,,,0.033001693769279555,71250,0.08598669856858997,0.0103,index_dividend_yield,0.065,12.44,25,70374.4,71166.3,70372.15,70368.6,mid_price,no_nse_iv
2026-09-17T08:54:18.585292+00:00,2026-09-17T14:24:18.585292+05:30,NIFTYNXT50,29-Sep-2026,68400.0,PE,0,,0,,0,0.0,,0,0,0,0,0,,,,,,,,,,,,,,,0.033001693769279555,,,,,,12.44,25,70374.4,71166.3,70372.15,70368.6,none,no_price_available
2026-09-17T08:54:18.585292+00:00,2026-09-17T14:24:18.585292+05:30,NIFTYNXT50,29-Sep-2026,68500.0,CE,71048.1,2230.75,550,5159.75,50,0.0,3695.25,0,0,0,0,0,,,,,,,,,,,,,,,0.033001693769279555,71250,0.08598669856858997,0.0103,index_dividend_yield,0.065,12.44,25,70374.4,71166.3,70372.15,70368.6,mid_price,no_nse_iv
2026-09-17T08:54:18.585292+00:00,2026-09-17T14:24:18.585292+05:30,NIFTYNXT50,29-Sep-2026,68500.0,PE,0,,0,,0,0.0,,0,0,0,0,0,,,,,,,,,,,,,,,0.033001693769279555,,,,,,12.44,25,70374.4,71166.3,70372.15,70368.6,none,no_price_available
2026-09-17T08:54:18.585292+00:00,2026-09-17T14:24:18.585292+05:30,NIFTYNXT50,29-Sep-2026,68600.0,CE,71048.1,2140.65,550,,0,0.0,,0,0,0,0,0,,,,,,,,,,,,,,,0.033001693769279555,,,,,,12.44,25,70374.4,71166.3,70372.15,70368.6,none,no_price_available
2026-09-17T08:54:18.585292+00:00,2026-09-17T14:24:18.585292+05:30,NIFTYNXT50,29-Sep-2026,68600.0,PE,0,,0,,0,0.0,,0,0,0,0,0,,,,,,,,,,,,,,,0.033001693769279555,,,,,,12.44,25,70374.4,71166.3,70372.15,70368.6,none,no_price_available
2026-09-17T08:54:18.585292+00:00,2026-09-17T14:24:18.585292+05:30,NIFTYNXT50,29-Sep-2026,68700.0,CE,71048.1,2054.5,550,,0,0.0,,0,0,0,0,0,,,,,,,,,,,,,,,0.033001693769279555,,,,,,12.44,25,70374.4,71166.3,70372.15,70368.6,none,no_price_available
2026-09-17T08:54:18.585292+00:00,2026-09-17T14:24:18.585292+05:30,NIFTYNXT50,29-Sep-2026,68700.0,PE,0,,0,,0,0.0,,0,0,0,0,0,,,,,,,,,,,,,,,0.033001693769279555,,,,,,12.44,25,70374.4,71166.3,70372.15,70368.6,none,no_price_available
2026-09-17T08:54:18.585292+00:00,2026-09-17T14:24:18.585292+05:30,NIFTYNXT50,29-Sep-2026,68800.0,CE,71048.1,1970.45,550,4831.85,50,0.0,3401.15,0,0,0,0,0,,,,,,,,,,,,,,,0.033001693769279555,71250,0.08598669856858997,0.0103,index_dividend_yield,0.065,12.44,25,70374.4,71166.3,70372.15,70368.6,mid_price,no_nse_iv
2026-09-17T08:54:18.585292+00:00,2026-09-17T14:24:18.585292+05:30,NIFTYNXT50,29-Sep-2026,68800.0,PE,0,,0,,0,0.0,,0,0,0,0,0,,,,,,,,,,,,,,,0.033001693769279555,,,,,,12.44,25,70374.4,71166.3,70372.15,70368.6,none,no_price_available
2026-09-17T08:54:18.585292+00:00,2026-09-17T14:24:18.585292+05:30,NIFTYNXT50,29-Sep-2026,68900.0,CE,71048.1,1870.35,550,4723.1,50,0.0,3296.7250000000004,0,0,0,0,0,,,,,,,,,,,,,,,0.033001693769279555,71250,0.08598669856858997,0.0103,index_dividend_yield,0.065,12.44,25,70374.4,71166.3,70372.15,70368.6,mid_price,no_nse_iv
2026-09-17T08:54:18.585292+00:00,2026-09-17T14:24:18.585292+05:30,NIFTYNXT50,29-Sep-2026,68900.0,PE,0,,0,,0,0.0,,0,0,0,0,0,,,,,,,,,,,,,,,0.033001693769279555,,,,,,12.44,25,70374.4,71166.3,70372.15,70368.6,none,no_price_available
2026-09-17T08:54:18.585292+00:00,2026-09-17T14:24:18.585292+05:30,NIFTYNXT50,29-Sep-2026,69000.0,CE,71048.1,1775.9,550,4614.65,50,0.0,3195.2749999999996,0,0,0,0,0,,,,,,,,,,,,,,,0.033001693769279555,71250,0.08598669856858997,0.0103,index_dividend_yield,0.065,12.44,25,70374.4,71166.3,70372.15,70368.6,mid_price,no_nse_iv
2026-09-17T08:54:18.585292+00:00,2026-09-17T14:24:18.585292+05:30,NIFTYNXT50,29-Sep-2026,69000.0,PE,0,,0,,0,0.0,,0,0,0,0,0,,,,,,,,,,,,,,,0.033001693769279555,,,,,,12.44,25,70374.4,71166.3,70372.15,70368.6,none,no_price_available
2026-09-17T08:54:18.585292+00:00,2026-09-17T14:24:18.585292+05:30,NIFTYNXT50,29-Sep-2026,69100.0,CE,71048.1,1710.9,550,,0,0.0,,0,0,0,0,0,,,,,,,,,,,,,,,0.033001693769279555,,,,,,12.44,25,70374.4,71166.3,70372.15,70368.6,none,no_price_available
2026-09-17T08:54:18.585292+00:00,2026-09-17T14:24:18.585292+05:30,NIFTYNXT50,29-Sep-2026,69100.0,PE,0,,0,,0,0.0,,0,0,0,0,0,,,,,,,,,,,,,,,0.033001693769279555,,,,,,12.44,25,70374.4,71166.3,70372.15,70368.6,none,no_price_available
2026-09-17T08:54:18.585292+00:00,2026-09-17T14:24:18.585292+05:30,NIFTYNXT50,29-Sep-2026,69200.0,CE,71048.1,1622.9,550,4399,50,0.0,3010.95,0,0,0,0,0,,,,,,,,,,,,,,,0.033001693769279555,71250,0.08598669856858997,0.0103,index_dividend_yield,0.065,12.44,25,70374.4,71166.3,70372.15,70368.6,mid_price,no_nse_iv
2026-09-17T08:54:18.585292+00:00,2026-09-17T14:24:18.585292+05:30,NIFTYNXT50,29-Sep-2026,69200.0,PE,0,,0,,0,0.0,,0,0,0,0,0,,,,,,,,,,,,,,,0.033001693769279555,,,,,,12.44,25,70374.4,71166.3,70372.15,70368.6,none,no_price_available
2026-09-17T08:54:18.585292+00:00,2026-09-17T14:24:18.585292+05:30,NIFTYNXT50,29-Sep-2026,69300.0,CE,71048.1,1500.55,550,4291.9,50,0.0,2896.225,0,0,0,0,0,,,,,,,,,,,,,,,0.033001693769279555,71250,0.08598669856858997,0.0103,index_dividend_yield,0.065,12.44,25,70374.4,71166.3,70372.15,70368.6,mid_price,no_nse_iv
2026-09-17T08:54:18.585292+00:00,2026-09-17T14:24:18.585292+05:30,NIFTYNXT50,29-Sep-2026,69300.0,PE,0,,0,,0,0.0,,0,0,0,0,0,,,,,,,,,,,,,,,0.033001693769279555,,,,,,12.44,25,70374.4,71166.3,70372.15,70368.6,none,no_price_available
2026-09-17T08:54:18.585292+00:00,2026-09-17T14:24:18.585292+05:30,NIFTYNXT50,29-Sep-2026,69400.0,CE,71048.1,1405.35,550,4185.25,50,0.0,2795.3,0,0,0,0,0,,,,,,,,,,,,,,,0.033001693769279555,71250,0.08598669856858997,0.0103,index_dividend_yield,0.065,12.44,25,70374.4,71166.3,70372.15,70368.6,mid_price,no_nse_iv
2026-09-17T08:54:18.585292+00:00,2026-09-17T14:24:18.585292+05:30,NIFTYNXT50,29-Sep-2026,69400.0,PE,71048.1,0.1,50,595.3,550,0.0,297.7,0,0,0,0,0,,,,,,,,,,,,,,,0.033001693769279555,71250,0.08598669856858997,0.0103,index_dividend_yield,0.065,12.44,25,70374.4,71166.3,70372.15,70368.6,mid_price,no_nse_iv
2026-09-17T08:54:18.585292+00:00,2026-09-17T14:24:18.585292+05:30,NIFTYNXT50,29-Sep-2026,69500.0,CE,71048.1,1280.45,550,,0,0.0,,0,0,0,0,0,,,,,,,,,,,,,,,0.033001693769279555,,,,,,12.44,25,70374.4,71166.3,70372.15,70368.6,none,no_price_available
2026-09-17T08:54:18.585292+00:00,2026-09-17T14:24:18.585292+05:30,NIFTYNXT50,29-Sep-2026,69500.0,PE,71048.1,110,25,388.9,25,0.0,249.45,0,0,0,0,0,,,,,,,,,,,,,,,0.033001693769279555,71250,0.08598669856858997,0.0103,index_dividend_yield,0.065,12.44,25,70374.4,71166.3,70372.15,70368.6,mid_price,no_nse_iv
2026-09-17T08:54:18.585292+00:00,2026-09-17T14:24:18.585292+05:30,NIFTYNXT50,29-Sep-2026,69600.0,CE,71048.1,1225.4,550,3974,50,0.0,2599.7,0,0,0,0,0,,,,,,,,,,,,,,,0.033001693769279555,71250,0.08598669856858997,0.0103,index_dividend_yield,0.065,12.44,25,70374.4,71166.3,70372.15,70368.6,mid_price,no_nse_iv
2026-09-17T08:54:18.585292+00:00,2026-09-17T14:24:18.585292+05:30,NIFTYNXT50,29-Sep-2026,69600.0,PE,71048.1,0.05,50,551.95,550,0.0,276.0,0,0,0,0,0,,,,,,,,,,,,,,,0.033001693769279555,71250,0.08598669856858997,0.0103,index_dividend_yield,0.065,12.44,25,70374.4,71166.3,70372.15,70368.6,mid_price,no_nse_iv
2026-09-17T08:54:18.585292+00:00,2026-09-17T14:24:18.585292+05:30,NIFTYNXT50,29-Sep-2026,69700.0,CE,71048.1,116.25,50,3869.4,50,0.0,1992.825,0,0,0,0,0,,,,,,,,,,,,,,,0.033001693769279555,71250,0.08598669856858997,0.0103,index_dividend_yield,0.065,12.44,25,70374.4,71166.3,70372.15,70368.6,mid_price,no_nse_iv
2026-09-17T08:54:18.585292+00:00,2026-09-17T14:24:18.585292+05:30,NIFTYNXT50,29-Sep-2026,69700.0,PE,71048.1,0.05,50,,0,0.0,,0,0,0,0,0,,,,,,,,,,,,,,,0.033001693769279555,,,,,,12.44,25,70374.4,71166.3,70372.15,70368.6,none,no_price_available
2026-09-17T08:54:18.585292+00:00,2026-09-17T14:24:18.585292+05:30,NIFTYNXT50,29-Sep-2026,69800.0,CE,71048.1,,0,,0,0.0,,0,0,0,0,0,,,,,,,,,,,,,,,0.033001693769279555,,,,,,12.44,25,70374.4,71166.3,70372.15,70368.6,none,no_price_available
2026-09-17T08:54:18.585292+00:00,2026-09-17T14:24:18.585292+05:30,NIFTYNXT50,29-Sep-2026,69800.0,PE,71048.1,0.1,50,,0,0.0,,0,0,0,0,0,,,,,,,,,,,,,,,0.033001693769279555,,,,,,12.44,25,70374.4,71166.3,70372.15,70368.6,none,no_price_available
2026-09-17T08:54:18.585292+00:00,2026-09-17T14:24:18.585292+05:30,NIFTYNXT50,29-Sep-2026,69900.0,CE,71048.1,,0,,0,0.0,,0,0,0,0,0,,,,,,,,,,,,,,,0.033001693769279555,,,,,,12.44,25,70374.4,71166.3,70372.15,70368.6,none,no_price_available
2026-09-17T08:54:18.585292+00:00,2026-09-17T14:24:18.585292+05:30,NIFTYNXT50,29-Sep-2026,69900.0,PE,71048.1,,0,1752.2,50,0.0,,0,0,0,0,0,,,,,,,,,,,,,,,0.033001693769279555,,,,,,12.44,25,70374.4,71166.3,70372.15,70368.6,none,no_price_available
2026-09-17T08:54:18.585292+00:00,2026-09-17T14:24:18.585292+05:30,NIFTYNXT50,29-Sep-2026,70000.0,CE,71048.1,1469.85,25,1624.75,100,0.0,1547.3,11,0,0,0,19.71,0.6853563325023407,0.00013948132470003157,-44.46349397550678,45.797719659546026,-0.8057804409847269,0.005132208417899409,50.27381555052912,-2.8201543890512574e-08,-0.0005545628827165606,4.82642465235447e-06,-2.2189431644382793,28.640810465523312,-0.6713304216558506,0.00014368946242085978,0.033001693769279555,71250,0.08598669856858997,0.0103,index_dividend_yield,0.065,12.44,25,70374.4,71166.3,70372.15,70368.6,mid_price,ok
2026-09-17T08:54:18.585292+00:00,2026-09-17T14:24:18.585292+05:30,NIFTYNXT50,29-Sep-2026,70000.0,PE,71048.1,310,25,348.1,25,310.05,329.05,10,2,7,-41.18930197268589,15.28,-0.26941156338828176,0.000167444346685355,-24.106075370341657,42.62211634734588,-1.267691678774996,0.0062560853534276975,100.51765102073773,-5.373500038030312e-08,-0.0007009561246712747,5.007700487695641e-06,-2.2647524890662467,-58.08687527797684,0.27815294935481377,0.00017249612600377958,0.033001693769279555,71250,0.08598669856858997,0.0103,index_dividend_yield,0.065,12.44,25,70374.4,71166.3,70372.15,70368.6,mid_price,ok
2026-09-17T08:54:18.585292+00:00,2026-09-17T14:24:18.585292+05:30,NIFTYNXT50,29-Sep-2026,70100.0,CE,71048.1,14.15,25,2121.4,550,0.0,1067.775,0,0,0,0,0,,,,,,,,,,,,,,,0.033001693769279555,71250,0.08598669856858997,0.0103,index_dividend_yield,0.065,12.44,25,70374.4,71166.3,70372.15,70368.6,mid_price,no_nse_iv
2026-09-17T08:54:18.585292+00:00,2026-09-17T14:24:18.585292+05:30,NIFTYNXT50,29-Sep-2026,70100.0,PE,71048.1,0.05,50,623.55,50,0.0,311.79999999999995,0,0,0,0,0,,,,,,,,,,,,,,,0.033001693769279555,71250,0.08598669856858997,0.0103,index_dividend_yield,0.065,12.44,25,70374.4,71166.3,70372.15,70368.6,mid_price,no_nse_iv
2026-09-17T08:54:18.585292+00:00,2026-09-17T14:24:18.585292+05:30,NIFTYNXT50,29-Sep-2026,70200.0,CE,71048.1,,0,2124.4,550,0.0,,0,0,0,0,0,,,,,,,,,,,,,,,0.033001693769279555,,,,,,12.44,25,70374.4,71166.3,70372.15,70368.6,none,no_price_available
2026-09-17T08:54:18.585292+00:00,2026-09-17T14:24:18.585292+05:30,NIFTYNXT50,29-Sep-2026,70200.0,PE,71048.1,,0,953.4,550,0.0,,0,0,0,0,0,,,,,,,,,,,,,,,0.033001693769279555,,,,,,12.44,25,70374.4,71166.3,70372.15,70368.6,none,no_price_available
2026-09-17T08:54:18.585292+00:00,2026-09-17T14:24:18.585292+05:30,NIFTYNXT50,29-Sep-2026,70300.0,CE,71048.1,,0,1977.7,550,0.0,,0,0,0,0,0,,,,,,,,,,,,,,,0.033001693769279555,,,,,,12.44,25,70374.4,71166.3,70372.15,70368.6,none,no_price_available
2026-09-17T08:54:18.585292+00:00,2026-09-17T14:24:18.585292+05:30,NIFTYNXT50,29-Sep-2026,70300.0,PE,71048.1,,0,964.15,550,0.0,,0,0,0,0,0,,,,,,,,,,,,,,,0.033001693769279555,,,,,,12.44,25,70374.4,71166.3,70372.15,70368.6,none,no_price_available
2026-09-17T08:54:18.585292+00:00,2026-09-17T14:24:18.585292+05:30,NIFTYNXT50,29-Sep-2026,70400.0,CE,71048.1,0.05,50,1922.9,550,0.0,961.475,0,0,0,0,0,,,,,,,,,,,,,,,0.033001693769279555,71250,0.08598669856858997,0.0103,index_dividend_yield,0.065,12.44,25,70374.4,71166.3,70372.15,70368.6,mid_price,no_nse_iv
2026-09-17T08:54:18.585292+00:00,2026-09-17T14:24:18.585292+05:30,NIFTYNXT50,29-Sep-2026,70400.0,PE,71048.1,0.05,50,964.25,550,0.0,482.15,0,0,0,0,0,,,,,,,,,,,,,,,0.033001693769279555,71250,0.08598669856858997,0.0103,index_dividend_yield,0.065,12.44,25,70374.4,71166.3,70372.15,70368.6,mid_price,no_nse_iv
2026-09-17T08:54:18.585292+00:00,2026-09-17T14:24:18.585292+05:30,NIFTYNXT50,29-Sep-2026,70500.0,CE,71048.1,1006.7,25,1440,25,0.0,1223.35,0,0,0,0,0,,,,,,,,,,,,,,,0.033001693769279555,71250,0.08598669856858997,0.0103,index_dividend_yield,0.065,12.44,25,70374.4,71166.3,70372.15,70368.6,mid_price,no_nse_iv
2026-09-17T08:54:18.585292+00:00,2026-09-17T14:24:18.585292+05:30,NIFTYNXT50,29-Sep-2026,70500.0,PE,71048.1,350,25,730,25,0.0,540.0,0,0,0,0,0,,,,,,,,,,,,,,,0.033001693769279555,71250,0.08598669856858997,0.0103,index_dividend_yield,0.065,12.44,25,70374.4,71166.3,70372.15,70368.6,mid_price,no_nse_iv
2026-09-17T08:54:18.585292+00:00,2026-09-17T14:24:18.585292+05:30,NIFTYNXT50,29-Sep-2026,70600.0,CE,71048.1,0.15,50,1582.05,50,0.0,791.1,0,0,0,0,0,,,,,,,,,,,,,,,0.033001693769279555,71250,0.08598669856858997,0.0103,index_dividend_yield,0.065,12.44,25,70374.4,71166.3,70372.15,70368.6,mid_price,no_nse_iv
2026-09-17T08:54:18.585292+00:00,2026-09-17T14:24:18.585292+05:30,NIFTYNXT50,29-Sep-2026,70600.0,PE,71048.1,0.1,50,1039.25,550,0.0,519.675,0,0,0,0,0,,,,,,,,,,,,,,,0.033001693769279555,71250,0.08598669856858997,0.0103,index_dividend_yield,0.065,12.44,25,70374.4,71166.3,70372.15,70368.6,mid_price,no_nse_iv
2026-09-17T08:54:18.585292+00:00,2026-09-17T14:24:18.585292+05:30,NIFTYNXT50,29-Sep-2026,70700.0,CE,71048.1,,0,,0,0.0,,0,0,0,0,0,,,,,,,,,,,,,,,0.033001693769279555,,,,,,12.44,25,70374.4,71166.3,70372.15,70368.6,none,no_price_available
2026-09-17T08:54:18.585292+00:00,2026-09-17T14:24:18.585292+05:30,NIFTYNXT50,29-Sep-2026,70700.0,PE,71048.1,,0,,0,0.0,,0,0,0,0,0,,,,,,,,,,,,,,,0.033001693769279555,,,,,,12.44,25,70374.4,71166.3,70372.15,70368.6,none,no_price_available
2026-09-17T08:54:18.585292+00:00,2026-09-17T14:24:18.585292+05:30,NIFTYNXT50,29-Sep-2026,70800.0,CE,71048.1,0.05,50,1392.3,550,0.0,696.175,0,0,0,0,0,,,,,,,,,,,,,,,0.033001693769279555,71250,0.08598669856858997,0.0103,index_dividend_yield,0.065,12.44,25,70374.4,71166.3,70372.15,70368.6,mid_price,no_nse_iv
2026-09-17T08:54:18.585292+00:00,2026-09-17T14:24:18.585292+05:30,NIFTYNXT50,29-Sep-2026,70800.0,PE,71048.1,70.15,25,595,25,0.0,332.575,1,0,0,0,21.8,-0.4387684140862405,0.00014007305619680768,-41.19151985944479,50.868890429684164,-0.20630739363267092,0.0003643352838183511,4.093143739556382,-9.533427640279728e-09,-0.0006312789549542164,5.803860710751855e-06,-2.117990295821734,-33.11889288615338,0.4536006692900863,0.0001410564747021463,0.033001693769279555,71250,0.08598669856858997,0.0103,index_dividend_yield,0.065,12.44,25,70374.4,71166.3,70372.15,70368.6,mid_price,wide_quote_low_liquidity
2026-09-17T08:54:18.585292+00:00,2026-09-17T14:24:18.585292+05:30,NIFTYNXT50,29-Sep-2026,70900.0,CE,71048.1,0.05,50,1326.15,550,0.0,663.1,0,0,0,0,0,,,,,,,,,,,,,,,0.033001693769279555,71250,0.08598669856858997,0.0103,index_dividend_yield,0.065,12.44,25,70374.4,71166.3,70372.15,70368.6,mid_price,no_nse_iv
2026-09-17T08:54:18.585292+00:00,2026-09-17T14:24:18.585292+05:30,NIFTYNXT50,29-Sep-2026,70900.0,PE,71048.1,0.05,50,2571.15,50,0.0,1285.6000000000001,0,0,0,0,0,,,,,,,,,,,,,,,0.033001693769279555,71250,0.08598669856858997,0.0103,index_dividend_yield,0.065,12.44,25,70374.4,71166.3,70372.15,70368.6,mid_price,no_nse_iv
2026-09-17T08:54:18.585292+00:00,2026-09-17T14:24:18.585292+05:30,NIFTYNXT50,29-Sep-2026,71000.0,CE,71048.1,811.05,25,880,25,821.05,845.525,130,71,189,8.410906450122136,13.5,0.5449913995469486,0.00022741102726998245,-34.32188964631681,51.143030083395026,-0.26112718503890076,-0.000942602776671464,3.824983171462293,-1.758013394488333e-08,-0.001667608153432164,9.518602494092539e-06,-2.107873969202153,49.28724015778018,-0.5342956668176184,0.0002277192575693053,0.033001693769279555,71250,0.08598669856858997,0.0103,index_dividend_yield,0.065,12.44,25,70374.4,71166.3,70372.15,70368.6,mid_price,ok
2026-09-17T08:54:18.585292+00:00,2026-09-17T14:24:18.585292+05:30,NIFTYNXT50,29-Sep-2026,71000.0,PE,71048.1,561.05,25,598.95,25,580,580.0,34,25,159,-31.417760435142487,13.56,-0.45482462211859626,0.00022641487390238785,-23.83583503628004,51.145309359885715,-0.258515011634014,-0.0009684096884372551,3.7735919227053216,-1.7393077192936854e-08,-0.0016531094353855371,9.476533289359574e-06,-2.1080523068527413,-52.75079000833675,0.46376072956919034,0.00022672175402685616,0.033001693769279555,71250,0.08598669856858997,0.0103,index_dividend_yield,0.065,12.44,25,70374.4,71166.3,70372.15,70368.6,mid_price,ok
2026-09-17T08:54:18.585292+00:00,2026-09-17T14:24:18.585292+05:30,NIFTYNXT50,29-Sep-2026,71100.0,CE,71048.1,,0,1100,25,0.0,,0,0,0,0,0,,,,,,,,,,,,,,,0.033001693769279555,,,,,,12.44,25,70374.4,71166.3,70372.15,70368.6,none,no_price_available
2026-09-17T08:54:18.585292+00:00,2026-09-17T14:24:18.585292+05:30,NIFTYNXT50,29-Sep-2026,71100.0,PE,71048.1,103.2,50,1297.7,50,0.0,700.45,0,0,0,0,0,,,,,,,,,,,,,,,0.033001693769279555,71250,0.08598669856858997,0.0103,index_dividend_yield,0.065,12.44,25,70374.4,71166.3,70372.15,70368.6,mid_price,no_nse_iv
2026-09-17T08:54:18.585292+00:00,2026-09-17T14:24:18.585292+05:30,NIFTYNXT50,29-Sep-2026,71200.0,CE,71048.1,0.05,50,1099.95,25,0.0,550.0,0,0,0,0,0,,,,,,,,,,,,,,,0.033001693769279555,71250,0.08598669856858997,0.0103,index_dividend_yield,0.065,12.44,25,70374.4,71166.3,70372.15,70368.6,mid_price,no_nse_iv
2026-09-17T08:54:18.585292+00:00,2026-09-17T14:24:18.585292+05:30,NIFTYNXT50,29-Sep-2026,71200.0,PE,71048.1,0.05,50,1467.65,550,0.0,733.85,0,0,0,0,0,,,,,,,,,,,,,,,0.033001693769279555,71250,0.08598669856858997,0.0103,index_dividend_yield,0.065,12.44,25,70374.4,71166.3,70372.15,70368.6,mid_price,no_nse_iv
2026-09-17T08:54:18.585292+00:00,2026-09-17T14:24:18.585292+05:30,NIFTYNXT50,29-Sep-2026,71300.0,CE,71048.1,0.05,50,999.95,25,0.0,500.0,0,0,0,0,0,,,,,,,,,,,,,,,0.033001693769279555,71250,0.08598669856858997,0.0103,index_dividend_yield,0.065,12.44,25,70374.4,71166.3,70372.15,70368.6,mid_price,no_nse_iv
2026-09-17T08:54:18.585292+00:00,2026-09-17T14:24:18.585292+05:30,NIFTYNXT50,29-Sep-2026,71300.0,PE,71048.1,0.05,50,1457.6,50,0.0,728.8249999999999,0,0,0,0,0,,,,,,,,,,,,,,,0.033001693769279555,71250,0.08598669856858997,0.0103,index_dividend_yield,0.065,12.44,25,70374.4,71166.3,70372.15,70368.6,mid_price,no_nse_iv
2026-09-17T08:54:18.585292+00:00,2026-09-17T14:24:18.585292+05:30,NIFTYNXT50,29-Sep-2026,71400.0,CE,71048.1,,0,900,25,0.0,,0,0,0,0,0,,,,,,,,,,,,,,,0.033001693769279555,,,,,,12.44,25,70374.4,71166.3,70372.15,70368.6,none,no_price_available
2026-09-17T08:54:18.585292+00:00,2026-09-17T14:24:18.585292+05:30,NIFTYNXT50,29-Sep-2026,71400.0,PE,71048.1,750.25,125,1086.5,100,0.0,918.375,0,0,0,0,0,,,,,,,,,,,,,,,0.033001693769279555,71250,0.08598669856858997,0.0103,index_dividend_yield,0.065,12.44,25,70374.4,71166.3,70372.15,70368.6,mid_price,no_nse_iv
2026-09-17T08:54:18.585292+00:00,2026-09-17T14:24:18.585292+05:30,NIFTYNXT50,29-Sep-2026,71500.0,CE,71048.1,553.05,25,594.95,25,568,574.0,18,7,88,12.142152023692004,13.37,0.4305599783778291,0.00022761060513782022,-32.62254116416244,50.69499299528849,0.5842413845006389,-0.005658213761265796,13.165076754699356,1.9475376960221554e-08,-0.001643376327006176,8.889301656543971e-06,-2.2310668175170534,56.61573143979716,-0.420281831278198,0.00022474257187288113,0.033001693769279555,71250,0.08598669856858997,0.0103,index_dividend_yield,0.065,12.44,25,70374.4,71166.3,70372.15,70368.6,mid_price,ok
2026-09-17T08:54:18.585292+00:00,2026-09-17T14:24:18.585292+05:30,NIFTYNXT50,29-Sep-2026,71500.0,PE,71048.1,712.05,50,1189.9,50,0.0,950.975,3,0,0,0,17.78,-0.5492577296199458,0.00017244767447054858,-31.654756540319816,51.07757444287917,0.348469214797531,-0.00442699436892402,5.588875722931874,6.856749022417752e-09,-0.0009510569958787857,6.931165750624684e-06,-2.1899340978876154,-35.87790836100184,0.5609985883625119,0.00017027472797474075,0.033001693769279555,71250,0.08598669856858997,0.0103,index_dividend_yield,0.065,12.44,25,70374.4,71166.3,70372.15,70368.6,mid_price,wide_quote_low_liquidity
2026-09-17T08:54:18.585292+00:00,2026-09-17T14:24:18.585292+05:30,NIFTYNXT50,29-Sep-2026,71600.0,CE,71048.1,0.05,50,700,25,0.0,350.025,0,0,0,0,0,,,,,,,,,,,,,,,0.033001693769279555,71250,0.08598669856858997,0.0103,index_dividend_yield,0.065,12.44,25,70374.4,71166.3,70372.15,70368.6,mid_price,no_nse_iv
2026-09-17T08:54:18.585292+00:00,2026-09-17T14:24:18.585292+05:30,NIFTYNXT50,29-Sep-2026,71600.0,PE,71048.1,0.05,50,1467.35,550,0.0,733.6999999999999,0,0,0,0,0,,,,,,,,,,,,,,,0.033001693769279555,71250,0.08598669856858997,0.0103,index_dividend_yield,0.065,12.44,25,70374.4,71166.3,70372.15,70368.6,mid_price,no_nse_iv
2026-09-17T08:54:18.585292+00:00,2026-09-17T14:24:18.585292+05:30,NIFTYNXT50,29-Sep-2026,71700.0,CE,71048.1,0.05,50,750,25,0.0,375.025,0,0,0,0,0,,,,,,,,,,,,,,,0.033001693769279555,71250,0.08598669856858997,0.0103,index_dividend_yield,0.065,12.44,25,70374.4,71166.3,70372.15,70368.6,mid_price,no_nse_iv
2026-09-17T08:54:18.585292+00:00,2026-09-17T14:24:18.585292+05:30,NIFTYNXT50,29-Sep-2026,71700.0,PE,71048.1,0.05,50,1650.25,550,0.0,825.15,0,0,0,0,0,,,,,,,,,,,,,,,0.033001693769279555,71250,0.08598669856858997,0.0103,index_dividend_yield,0.065,12.44,25,70374.4,71166.3,70372.15,70368.6,mid_price,no_nse_iv
2026-09-17T08:54:18.585292+00:00,2026-09-17T14:24:18.585292+05:30,NIFTYNXT50,29-Sep-2026,71800.0,CE,71048.1,,0,700,25,0.0,,0,0,0,0,0,,,,,,,,,,,,,,,0.033001693769279555,,,,,,12.44,25,70374.4,71166.3,70372.15,70368.6,none,no_price_available
2026-09-17T08:54:18.585292+00:00,2026-09-17T14:24:18.585292+05:30,NIFTYNXT50,29-Sep-2026,71800.0,PE,71048.1,0.1,50,1680.05,550,0.0,840.0749999999999,0,0,0,0,0,,,,,,,,,,,,,,,0.033001693769279555,71250,0.08598669856858997,0.0103,index_dividend_yield,0.065,12.44,25,70374.4,71166.3,70372.15,70368.6,mid_price,no_nse_iv
2026-09-17T08:54:18.585292+00:00,2026-09-17T14:24:18.585292+05:30,NIFTYNXT50,29-Sep-2026,71900.0,CE,71048.1,,0,600,25,0.0,,0,0,0,0,0,,,,,,,,,,,,,,,0.033001693769279555,,,,,,12.44,25,70374.4,71166.3,70372.15,70368.6,none,no_price_available
2026-09-17T08:54:18.585292+00:00,2026-09-17T14:24:18.585292+05:30,NIFTYNXT50,29-Sep-2026,71900.0,PE,71048.1,,0,1672.85,550,0.0,,0,0,0,0,0,,,,,,,,,,,,,,,0.033001693769279555,,,,,,12.44,25,70374.4,71166.3,70372.15,70368.6,none,no_price_available
2026-09-17T08:54:18.585292+00:00,2026-09-17T14:24:18.585292+05:30,NIFTYNXT50,29-Sep-2026,72000.0,CE,71048.1,325.05,25,387.95,25,341.05,356.5,62,9,78,8.149674964325353,12.57,0.31112681006874954,0.0002177540248788468,-27.046935187037185,45.5976683505516,1.4480291349818764,-0.009872081896410756,92.02502936489054,6.169103029502255e-08,-0.0012929044607952543,6.0494001494367205e-06,-2.519559090177367,68.91919733660995,-0.30255876733912873,0.0002120343068581952,0.033001693769279555,71250,0.08598669856858997,0.0103,index_dividend_yield,0.065,12.44,25,70374.4,71166.3,70372.15,70368.6,mid_price,wide_quote_low_liquidity
2026-09-17T08:54:18.585292+00:00,2026-09-17T14:24:18.585292+05:30,NIFTYNXT50,29-Sep-2026,72000.0,PE,71048.1,926.05,25,1460,25,0.0,1193.025,15,0,0,0,7.5,-0.798577798531644,0.00029011192509460906,-2.6157448588480183,36.24666141299418,3.18718911894611,-0.013038368756669414,344.57344805471735,2.3446631531737775e-07,-0.001109890122134833,7.803802949295289e-07,-2.910437389145976,-61.01524813146378,0.8009350657492162,0.0002824915910645364,0.033001693769279555,71250,0.08598669856858997,0.0103,index_dividend_yield,0.065,12.44,25,70374.4,71166.3,70372.15,70368.6,mid_price,wide_quote_low_liquidity
2026-09-17T08:54:18.585292+00:00,2026-09-17T14:24:18.585292+05:30,NIFTYNXT50,29-Sep-2026,72100.0,CE,71048.1,,0,463.35,50,0.0,,0,0,0,0,0,,,,,,,,,,,,,,,0.033001693769279555,,,,,,12.44,25,70374.4,71166.3,70372.15,70368.6,none,no_price_available
2026-09-17T08:54:18.585292+00:00,2026-09-17T14:24:18.585292+05:30,NIFTYNXT50,29-Sep-2026,72100.0,PE,71048.1,,0,1713.5,25,0.0,,0,0,0,0,0,,,,,,,,,,,,,,,0.033001693769279555,,,,,,12.44,25,70374.4,71166.3,70372.15,70368.6,none,no_price_available
2026-09-17T08:54:18.585292+00:00,2026-09-17T14:24:18.585292+05:30,NIFTYNXT50,29-Sep-2026,72200.0,CE,71048.1,,0,440.8,25,0.0,,0,0,0,0,0,,,,,,,,,,,,,,,0.033001693769279555,,,,,,12.44,25,70374.4,71166.3,70372.15,70368.6,none,no_price_available
2026-09-17T08:54:18.585292+00:00,2026-09-17T14:24:18.585292+05:30,NIFTYNXT50,29-Sep-2026,72200.0,PE,71048.1,0.05,50,1849.55,550,0.0,924.8,0,0,0,0,0,,,,,,,,,,,,,,,0.033001693769279555,,,,,,12.44,25,70374.4,71166.3,70372.15,70368.6,mid_price,no_price_available
2026-09-17T08:54:18.585292+00:00,2026-09-17T14:24:18.585292+05:30,NIFTYNXT50,29-Sep-2026,72300.0,CE,71048.1,,0,419.1,25,0.0,,0,0,0,0,0,,,,,,,,,,,,,,,0.033001693769279555,,,,,,12.44,25,70374.4,71166.3,70372.15,70368.6,none,no_price_available
2026-09-17T08:54:18.585292+00:00,2026-09-17T14:24:18.585292+05:30,NIFTYNXT50,29-Sep-2026,72300.0,PE,71048.1,,0,1932.1,550,0.0,,0,0,0,0,0,,,,,,,,,,,,,,,0.033001693769279555,,,,,,12.44,25,70374.4,71166.3,70372.15,70368.6,none,no_price_available
2026-09-17T08:54:18.585292+00:00,2026-09-17T14:24:18.585292+05:30,NIFTYNXT50,29-Sep-2026,72400.0,CE,71048.1,0.05,50,400.6,25,0.0,200.32500000000002,0,0,0,0,0,,,,,,,,,,,,,,,0.033001693769279555,71250,0.08598669856858997,0.0103,index_dividend_yield,0.065,12.44,25,70374.4,71166.3,70372.15,70368.6,mid_price,no_nse_iv
2026-09-17T08:54:18.585292+00:00,2026-09-17T14:24:18.585292+05:30,NIFTYNXT50,29-Sep-2026,72400.0,PE,71048.1,0.05,50,1991.45,550,0.0,995.75,1,0,0,0,10.62,,,,,,,,,,,,,,,0.033001693769279555,,,,,,12.44,25,70374.4,71166.3,70372.15,70368.6,mid_price,no_price_available
2026-09-17T08:54:18.585292+00:00,2026-09-17T14:24:18.585292+05:30,NIFTYNXT50,29-Sep-2026,72500.0,CE,71048.1,171.1,25,375,25,0.0,273.05,0,0,0,0,0,,,,,,,,,,,,,,,0.033001693769279555,71250,0.08598669856858997,0.0103,index_dividend_yield,0.065,12.44,25,70374.4,71166.3,70372.15,70368.6,mid_price,no_nse_iv
2026-09-17T08:54:18.585292+00:00,2026-09-17T14:24:18.585292+05:30,NIFTYNXT50,29-Sep-2026,72500.0,PE,71048.1,1160,25,1899,25,0.0,1529.5,8,0,0,0,0,,,,,,,,,,,,,,,0.033001693769279555,71250,0.08598669856858997,0.0103,index_dividend_yield,0.065,12.44,25,70374.4,71166.3,70372.15,70368.6,mid_price,no_nse_iv
2026-09-17T08:54:18.585292+00:00,2026-09-17T14:24:18.585292+05:30,NIFTYNXT50,29-Sep-2026,72600.0,CE,71048.1,,0,355,25,0.0,,3,0,0,0,18.81,,,,,,,,,,,,,,,0.033001693769279555,,,,,,12.44,25,70374.4,71166.3,70372.15,70368.6,none,no_price_available
2026-09-17T08:54:18.585292+00:00,2026-09-17T14:24:18.585292+05:30,NIFTYNXT50,29-Sep-2026,72600.0,PE,71048.1,0.05,50,2182.95,550,0.0,1091.5,2,0,0,0,0,,,,,,,,,,,,,,,0.033001693769279555,,,,,,12.44,25,70374.4,71166.3,70372.15,70368.6,mid_price,no_price_available
2026-09-17T08:54:18.585292+00:00,2026-09-17T14:24:18.585292+05:30,NIFTYNXT50,29-Sep-2026,72700.0,CE,71048.1,,0,340.6,25,0.0,,0,0,0,0,0,,,,,,,,,,,,,,,0.033001693769279555,,,,,,12.44,25,70374.4,71166.3,70372.15,70368.6,none,no_price_available
2026-09-17T08:54:18.585292+00:00,2026-09-17T14:24:18.585292+05:30,NIFTYNXT50,29-Sep-2026,72700.0,PE,71048.1,27.75,50,2303.25,550,0.0,1165.5,0,0,0,0,0,,,,,,,,,,,,,,,0.033001693769279555,,,,,,12.44,25,70374.4,71166.3,70372.15,70368.6,mid_price,no_price_available
2026-09-17T08:54:18.585292+00:00,2026-09-17T14:24:18.585292+05:30,NIFTYNXT50,29-Sep-2026,72800.0,CE,71048.1,0.05,50,322.75,50,0.0,161.4,0,0,0,0,0,,,,,,,,,,,,,,,0.033001693769279555,71250,0.08598669856858997,0.0103,index_dividend_yield,0.065,12.44,25,70374.4,71166.3,70372.15,70368.6,mid_price,no_nse_iv
2026-09-17T08:54:18.585292+00:00,2026-09-17T14:24:18.585292+05:30,NIFTYNXT50,29-Sep-2026,72800.0,PE,71048.1,1274.9,25,2343.25,550,0.0,1809.075,0,0,0,0,0,,,,,,,,,,,,,,,0.033001693769279555,71250,0.08598669856858997,0.0103,index_dividend_yield,0.065,12.44,25,70374.4,71166.3,70372.15,70368.6,mid_price,no_nse_iv
2026-09-17T08:54:18.585292+00:00,2026-09-17T14:24:18.585292+05:30,NIFTYNXT50,29-Sep-2026,72900.0,CE,71048.1,0.05,50,305.75,25,0.0,152.9,0,0,0,0,0,,,,,,,,,,,,,,,0.033001693769279555,71250,0.08598669856858997,0.0103,index_dividend_yield,0.065,12.44,25,70374.4,71166.3,70372.15,70368.6,mid_price,no_nse_iv
2026-09-17T08:54:18.585292+00:00,2026-09-17T14:24:18.585292+05:30,NIFTYNXT50,29-Sep-2026,72900.0,PE,71048.1,1345.35,550,2531.85,375,0.0,1938.6,3,0,0,0,16.07,-0.789317444031366,0.00013906390893993797,-16.079044177229882,37.22815181161373,1.4972647549347795,-0.011496205264013513,155.56794680563613,5.141982619409272e-08,-0.0002842319340469457,1.3207533315418355e-06,-2.7363195717137856,-28.56140478269911,0.796199948003389,0.0001320882884490883,0.033001693769279555,71250,0.08598669856858997,0.0103,index_dividend_yield,0.065,12.44,25,70374.4,71166.3,70372.15,70368.6,mid_price,wide_quote_low_liquidity
2026-09-17T08:54:18.585292+00:00,2026-09-17T14:24:18.585292+05:30,NIFTYNXT50,29-Sep-2026,73000.0,CE,71048.1,100,25,204.95,25,170,152.475,32,4,5,2.719033232628399,14.17,0.1660023851407154,0.00013624428482266184,-20.655590846513306,32.16098270373286,1.7507488696830857,-0.011747423123018685,219.16289648904373,6.941000426889001e-08,-3.300807996546649e-05,-5.780907403352966e-07,-2.8049959515658784,73.99297304957685,-0.15938025292379118,0.000129055794843568,0.033001693769279555,71250,0.08598669856858997,0.0103,index_dividend_yield,0.065,12.44,25,70374.4,71166.3,70372.15,70368.6,mid_price,wide_quote_low_liquidity
2026-09-17T08:54:18.585292+00:00,2026-09-17T14:24:18.585292+05:30,NIFTYNXT50,29-Sep-2026,73000.0,PE,71048.1,1725,25,2200,25,0.0,1962.5,14,0,0,0,0,,,,,,,,,,,,,,,0.033001693769279555,71250,0.08598669856858997,0.0103,index_dividend_yield,0.065,12.44,25,70374.4,71166.3,70372.15,70368.6,mid_price,no_nse_iv
2026-09-17T08:54:18.585292+00:00,2026-09-17T14:24:18.585292+05:30,NIFTYNXT50,29-Sep-2026,73100.0,CE,71048.1,0.05,50,273.45,25,0.0,136.75,0,0,0,0,0,,,,,,,,,,,,,,,0.033001693769279555,71250,0.08598669856858997,0.0103,index_dividend_yield,0.065,12.44,25,70374.4,71166.3,70372.15,70368.6,mid_price,no_nse_iv
2026-09-17T08:54:18.585292+00:00,2026-09-17T14:24:18.585292+05:30,NIFTYNXT50,29-Sep-2026,73100.0,PE,71048.1,1532.1,550,2647.5,550,0.0,2089.8,0,0,0,0,0,,,,,,,,,,,,,,,0.033001693769279555,71250,0.08598669856858997,0.0103,index_dividend_yield,0.065,12.44,25,70374.4,71166.3,70372.15,70368.6,mid_price,no_nse_iv
2026-09-17T08:54:18.585292+00:00,2026-09-17T14:24:18.585292+05:30,NIFTYNXT50,29-Sep-2026,73200.0,CE,71048.1,0.05,50,258.4,25,0.0,129.225,0,0,0,0,0,,,,,,,,,,,,,,,0.033001693769279555,71250,0.08598669856858997,0.0103,index_dividend_yield,0.065,12.44,25,70374.4,71166.3,70372.15,70368.6,mid_price,no_nse_iv
2026-09-17T08:54:18.585292+00:00,2026-09-17T14:24:18.585292+05:30,NIFTYNXT50,29-Sep-2026,73200.0,PE,71048.1,1564.55,550,2708.35,550,0.0,2136.45,0,0,0,0,0,,,,,,,,,,,,,,,0.033001693769279555,,,,,,12.44,25,70374.4,71166.3,70372.15,70368.6,mid_price,no_price_available
2026-09-17T08:54:18.585292+00:00,2026-09-17T14:24:18.585292+05:30,NIFTYNXT50,29-Sep-2026,73300.0,CE,71048.1,0.05,50,229.65,25,0.0,114.85000000000001,0,0,0,0,0,,,,,,,,,,,,,,,0.033001693769279555,71250,0.08598669856858997,0.0103,index_dividend_yield,0.065,12.44,25,70374.4,71166.3,70372.15,70368.6,mid_price,no_nse_iv
2026-09-17T08:54:18.585292+00:00,2026-09-17T14:24:18.585292+05:30,NIFTYNXT50,29-Sep-2026,73300.0,PE,71048.1,1633.7,550,2761.5,325,0.0,2197.6,7,0,0,0,13.41,,,,,,,,,,,,,,,0.033001693769279555,,,,,,12.44,25,70374.4,71166.3,70372.15,70368.6,mid_price,no_price_available
2026-09-17T08:54:18.585292+00:00,2026-09-17T14:24:18.585292+05:30,NIFTYNXT50,29-Sep-2026,73400.0,CE,71048.1,0.05,50,424.75,550,0.0,212.4,0,0,0,0,0,,,,,,,,,,,,,,,0.033001693769279555,71250,0.08598669856858997,0.0103,index_dividend_yield,0.065,12.44,25,70374.4,71166.3,70372.15,70368.6,mid_price,no_nse_iv
2026-09-17T08:54:18.585292+00:00,2026-09-17T14:24:18.585292+05:30,NIFTYNXT50,29-Sep-2026,73400.0,PE,71048.1,1755.9,550,2795.75,25,0.0,2275.825,3,0,0,0,16.06,,,,,,,,,,,,,,,0.033001693769279555,,,,,,12.44,25,70374.4,71166.3,70372.15,70368.6,mid_price,no_price_available
2026-09-17T08:54:18.585292+00:00,2026-09-17T14:24:18.585292+05:30,NIFTYNXT50,29-Sep-2026,73500.0,CE,71048.1,90.05,25,158.65,25,0.0,124.35,7,0,0,0,18.47,0.17339620114784446,0.00010748775098088652,-27.162949095294238,33.07250099250637,1.3514727901795531,-0.011505282076243462,164.074623111361,4.0572949781222136e-08,-4.8690662774201945e-05,-8.030520936368169e-08,-2.769074579684766,56.34075510647822,-0.1646368791668779,0.00010043595987155982,0.033001693769279555,71250,0.08598669856858997,0.0103,index_dividend_yield,0.065,12.44,25,70374.4,71166.3,70372.15,70368.6,mid_price,wide_quote_low_liquidity
2026-09-17T08:54:18.585292+00:00,2026-09-17T14:24:18.585292+05:30,NIFTYNXT50,29-Sep-2026,73500.0,PE,71048.1,1861.6,500,2920,550,0.0,2390.8,0,0,0,0,0,,,,,,,,,,,,,,,0.033001693769279555,,,,,,12.44,25,70374.4,71166.3,70372.15,70368.6,mid_price,no_price_available
2026-09-17T08:54:18.585292+00:00,2026-09-17T14:24:18.585292+05:30,NIFTYNXT50,29-Sep-2026,73600.0,CE,71048.1,0.05,50,200,75,0.0,100.025,0,0,0,0,0,,,,,,,,,,,,,,,0.033001693769279555,71250,0.08598669856858997,0.0103,index_dividend_yield,0.065,12.44,25,70374.4,71166.3,70372.15,70368.6,mid_price,no_nse_iv
2026-09-17T08:54:18.585292+00:00,2026-09-17T14:24:18.585292+05:30,NIFTYNXT50,29-Sep-2026,73600.0,PE,71048.1,1948.2,475,3090.2,550,0.0,2519.2,0,0,0,0,0,,,,,,,,,,,,,,,0.033001693769279555,,,,,,12.44,25,70374.4,71166.3,70372.15,70368.6,mid_price,no_price_available
2026-09-17T08:54:18.585292+00:00,2026-09-17T14:24:18.585292+05:30,NIFTYNXT50,29-Sep-2026,73700.0,CE,71048.1,0.05,50,200,25,0.0,100.025,1,0,0,0,13,0.07164554717992913,8.14567199014206e-05,-10.272518943093747,17.640522193412774,1.563375968015014,-0.009299600121877805,295.30698709933387,6.938881747105743e-08,0.0007370936411572638,-4.736406983899371e-06,-2.488417532580378,96.21391956486359,-0.06834971699099099,7.570017419447975e-05,0.033001693769279555,71250,0.08598669856858997,0.0103,index_dividend_yield,0.065,12.44,25,70374.4,71166.3,70372.15,70368.6,mid_price,wide_quote_low_liquidity
2026-09-17T08:54:18.585292+00:00,2026-09-17T14:24:18.585292+05:30,NIFTYNXT50,29-Sep-2026,73700.0,PE,71048.1,2006,450,3192.7,550,0.0,2599.35,0,0,0,0,0,,,,,,,,,,,,,,,0.033001693769279555,,,,,,12.44,25,70374.4,71166.3,70372.15,70368.6,mid_price,no_price_available
2026-09-17T08:54:18.585292+00:00,2026-09-17T14:24:18.585292+05:30,NIFTYNXT50,29-Sep-2026,73800.0,CE,71048.1,0.05,50,397.3,550,0.0,198.675,0,0,0,0,0,,,,,,,,,,,,,,,0.033001693769279555,71250,0.08598669856858997,0.0103,index_dividend_yield,0.065,12.44,25,70374.4,71166.3,70372.15,70368.6,mid_price,no_nse_iv
2026-09-17T08:54:18.585292+00:00,2026-09-17T14:24:18.585292+05:30,NIFTYNXT50,29-Sep-2026,73800.0,PE,71048.1,2242.9,550,3186.55,550,0.0,2714.7250000000004,0,0,0,0,0,,,,,,,,,,,,,,,0.033001693769279555,,,,,,12.44,25,70374.4,71166.3,70372.15,70368.6,mid_price,no_price_available
2026-09-17T08:54:18.585292+00:00,2026-09-17T14:24:18.585292+05:30,NIFTYNXT50,29-Sep-2026,73900.0,CE,71048.1,0.05,50,,0,0.0,,0,0,0,0,0,,,,,,,,,,,,,,,0.033001693769279555,,,,,,12.44,25,70374.4,71166.3,70372.15,70368.6,none,no_price_available
2026-09-17T08:54:18.585292+00:00,2026-09-17T14:24:18.585292+05:30,NIFTYNXT50,29-Sep-2026,73900.0,PE,71048.1,2300.15,400,3303.75,550,0.0,2801.95,0,0,0,0,0,,,,,,,,,,,,,,,0.033001693769279555,,,,,,12.44,25,70374.4,71166.3,70372.15,70368.6,mid_price,no_price_available
2026-09-17T08:54:18.585292+00:00,2026-09-17T14:24:18.585292+05:30,NIFTYNXT50,29-Sep-2026,74000.0,CE,71048.1,82.4,25,97,25,80,89.7,28,5,7,-18.283963227783453,15.35,0.08358742679313122,7.755441120411016e-05,-13.512542330041686,19.83152224913221,1.4103873789115955,-0.00980871465935411,251.42441337080788,5.262840847382573e-08,0.0004780381094387118,-3.624366975615617e-06,-2.571292540934767,79.3449445705273,-0.07924163375650425,7.149044529766015e-05,0.033001693769279555,71250,0.08598669856858997,0.0103,index_dividend_yield,0.065,12.44,25,70374.4,71166.3,70372.15,70368.6,mid_price,wide_quote_low_liquidity
2026-09-17T08:54:18.585292+00:00,2026-09-17T14:24:18.585292+05:30,NIFTYNXT50,29-Sep-2026,74000.0,PE,71048.1,2357.9,550,3428.25,550,0.0,2893.075,0,0,0,0,0,,,,,,,,,,,,,,,0.033001693769279555,,,,,,12.44,25,70374.4,71166.3,70372.15,70368.6,mid_price,no_price_available
2026-09-17T08:54:18.585292+00:00,2026-09-17T14:24:18.585292+05:30,NIFTYNXT50,29-Sep-2026,74100.0,CE,71048.1,0.05,50,140.2,25,0.0,70.125,0,0,0,0,0,,,,,,,,,,,,,,,0.033001693769279555,71250,0.08598669856858997,0.0103,index_dividend_yield,0.065,12.44,25,70374.4,71166.3,70372.15,70368.6,mid_price,no_nse_iv
2026-09-17T08:54:18.585292+00:00,2026-09-17T14:24:18.585292+05:30,NIFTYNXT50,29-Sep-2026,74100.0,PE,71048.1,2416.05,550,3541.55,550,0.0,2978.8,0,0,0,0,0,,,,,,,,,,,,,,,0.033001693769279555,,,,,,12.44,25,70374.4,71166.3,70372.15,70368.6,mid_price,no_price_available
2026-09-17T08:54:18.585292+00:00,2026-09-17T14:24:18.585292+05:30,NIFTYNXT50,29-Sep-2026,74200.0,CE,71048.1,0.05,50,284.7,50,0.0,142.375,0,0,0,0,0,,,,,,,,,,,,,,,0.033001693769279555,71250,0.08598669856858997,0.0103,index_dividend_yield,0.065,12.44,25,70374.4,71166.3,70372.15,70368.6,mid_price,no_nse_iv
2026-09-17T08:54:18.585292+00:00,2026-09-17T14:24:18.585292+05:30,NIFTYNXT50,29-Sep-2026,74200.0,PE,71048.1,2474.55,550,3756.5,550,0.0,3115.525,0,0,0,0,0,,,,,,,,,,,,,,,0.033001693769279555,,,,,,12.44,25,70374.4,71166.3,70372.15,70368.6,mid_price,no_price_available
2026-09-17T08:54:18.585292+00:00,2026-09-17T14:24:18.585292+05:30,NIFTYNXT50,29-Sep-2026,74300.0,CE,71048.1,10.75,25,,0,109,,1,1,1,-95.72582542545683,17.92,0.09625084664728922,7.377626724513292e-05,-17.38874640649994,22.023982336573898,1.2717417614727042,-0.010242281705056186,213.88337336884078,4.029735480822124e-08,0.00030479537126346904,-2.7126169238486327e-06,-2.636279165741364,66.26186965946586,-0.09064921313005259,6.745963502021787e-05,0.033001693769279555,71250,0.08598669856858997,0.0103,index_dividend_yield,0.065,12.44,25,70374.4,71166.3,70372.15,70368.6,ltp,ok
2026-09-17T08:54:18.585292+00:00,2026-09-17T14:24:18.585292+05:30,NIFTYNXT50,29-Sep-2026,74300.0,PE,71048.1,2533.4,350,3888.25,550,0.0,3210.825,0,0,0,0,0,,,,,,,,,,,,,,,0.033001693769279555,,,,,,12.44,25,70374.4,71166.3,70372.15,70368.6,mid_price,no_price_available
2026-09-17T08:54:18.585292+00:00,2026-09-17T14:24:18.585292+05:30,NIFTYNXT50,29-Sep-2026,74400.0,CE,0,,0,,0,0.0,,0,0,0,0,0,,,,,,,,,,,,,,,0.033001693769279555,,,,,,12.44,25,70374.4,71166.3,70372.15,70368.6,none,no_price_available
2026-09-17T08:54:18.585292+00:00,2026-09-17T14:24:18.585292+05:30,NIFTYNXT50,29-Sep-2026,74400.0,PE,71048.1,2592.65,350,3911.45,550,0.0,3252.05,0,0,0,0,0,,,,,,,,,,,,,,,0.033001693769279555,,,,,,12.44,25,70374.4,71166.3,70372.15,70368.6,mid_price,no_price_available
2026-09-17T08:54:18.585292+00:00,2026-09-17T14:24:18.585292+05:30,NIFTYNXT50,29-Sep-2026,74500.0,CE,71048.1,61.65,25,76.45,25,61.05,69.05,27,0,32,-22.72151898734177,16.29,0.0633152357098747,5.908249663133291e-05,-11.505304207022517,16.033232481865433,1.1872417275573464,-0.008652832774160513,234.04650146355533,4.192175746499742e-08,0.0004997990000074798,-3.83808185203026e-06,-2.3709109810879863,78.64131385523905,-0.05961376330951386,5.3734254759856864e-05,0.033001693769279555,71250,0.08598669856858997,0.0103,index_dividend_yield,0.065,12.44,25,70374.4,71166.3,70372.15,70368.6,mid_price,wide_quote_low_liquidity
2026-09-17T08:54:18.585292+00:00,2026-09-17T14:24:18.585292+05:30,NIFTYNXT50,29-Sep-2026,74500.0,PE,71048.1,2716.25,550,3864.85,550,0.0,3290.55,15,0,0,0,0,,,,,,,,,,,,,,,0.033001693769279555,,,,,,12.44,25,70374.4,71166.3,70372.15,70368.6,mid_price,no_price_available
2026-09-17T08:54:18.585292+00:00,2026-09-17T14:24:18.585292+05:30,NIFTYNXT50,29-Sep-2026,74600.0,CE,71048.1,5.05,400,79.95,25,91.75,42.5,38,33,33,-73.78196885269324,18.34,0.08172567320739277,6.381951137790479e-05,-15.698129448847528,19.49817539758511,1.175155505559952,-0.009622142017824437,211.34293425945572,3.6501820658849305e-08,0.00034378766691352497,-3.0195174883339148e-06,-2.5393773981971997,66.83491337977217,-0.07666992290229033,5.788696183687283e-05,0.033001693769279555,71250,0.08598669856858997,0.0103,index_dividend_yield,0.065,12.44,25,70374.4,71166.3,70372.15,70368.6,mid_price,wide_quote_low_liquidity
2026-09-17T08:54:18.585292+00:00,2026-09-17T14:24:18.585292+05:30,NIFTYNXT50,29-Sep-2026,74600.0,PE,71048.1,2822.05,550,3896.35,550,0.0,3359.2,0,0,0,0,0,,,,,,,,,,,,,,,0.033001693769279555,,,,,,12.44,25,70374.4,71166.3,70372.15,70368.6,mid_price,no_price_available
2026-09-17T08:54:18.585292+00:00,2026-09-17T14:24:18.585292+05:30,NIFTYNXT50,29-Sep-2026,74700.0,CE,71048.1,0.05,50,250,75,0.0,125.025,0,0,0,0,0,,,,,,,,,,,,,,,0.033001693769279555,71250,0.08598669856858997,0.0103,index_dividend_yield,0.065,12.44,25,70374.4,71166.3,70372.15,70368.6,mid_price,no_nse_iv
2026-09-17T08:54:18.585292+00:00,2026-09-17T14:24:18.585292+05:30,NIFTYNXT50,29-Sep-2026,74700.0,PE,71048.1,2913.55,550,4001.8,550,0.0,3457.675,0,0,0,0,17.28,,,,,,,,,,,,,,,0.033001693769279555,,,,,,12.44,25,70374.4,71166.3,70372.15,70368.6,mid_price,no_price_available
2026-09-17T08:54:18.585292+00:00,2026-09-17T14:24:18.585292+05:30,NIFTYNXT50,29-Sep-2026,74800.0,CE,71048.1,16.1,125,64,25,64.6,40.05,9,9,10,-97.25934410928683,17.63,0.06244438894894971,5.400594689260829e-05,-12.261260231807428,15.861164306083621,1.0918444932391385,-0.00856101347466072,216.23336055706764,3.553795105160896e-08,0.00042994771418693504,-3.5355260620614583e-06,-2.3534595606040902,72.90383070935054,-0.0584986670101923,4.8724043912608856e-05,0.033001693769279555,71250,0.08598669856858997,0.0103,index_dividend_yield,0.065,12.44,25,70374.4,71166.3,70372.15,70368.6,mid_price,wide_quote_low_liquidity
2026-09-17T08:54:18.585292+00:00,2026-09-17T14:24:18.585292+05:30,NIFTYNXT50,29-Sep-2026,74800.0,PE,71048.1,2998.35,550,4078.9,550,0.0,3538.625,0,0,0,0,0,,,,,,,,,,,,,,,0.033001693769279555,,,,,,12.44,25,70374.4,71166.3,70372.15,70368.6,mid_price,no_price_available
2026-09-17T08:54:18.585292+00:00,2026-09-17T14:24:18.585292+05:30,NIFTYNXT50,29-Sep-2026,74900.0,CE,0,,0,,0,0.0,,0,0,0,0,0,,,,,,,,,,,,,,,0.033001693769279555,,,,,,12.44,25,70374.4,71166.3,70372.15,70368.6,none,no_price_available
2026-09-17T08:54:18.585292+00:00,2026-09-17T14:24:18.585292+05:30,NIFTYNXT50,29-Sep-2026,74900.0,PE,71048.1,3061.1,550,4183.9,550,0.0,3622.5,0,0,0,0,0,,,,,,,,,,,,,,,0.033001693769279555,,,,,,12.44,25,70374.4,71166.3,70372.15,70368.6,mid_price,no_price_available
2026-09-17T08:54:18.585292+00:00,2026-09-17T14:24:18.585292+05:30,NIFTYNXT50,29-Sep-2026,75000.0,CE,71048.1,33,25,65.5,25,46,49.25,17,0,5,-30.303030303030305,17.11,0.047651651978557925,4.493786939140008e-05,-9.59661171283587,12.808658709494233,0.9853887694334373,-0.00747246395690266,212.12836036193926,3.3247294942372336e-08,0.0004816082632598635,-3.782139911752328e-06,-2.1399917577820116,78.47751006841273,-0.044565584412856914,4.032690457000337e-05,0.033001693769279555,71250,0.08598669856858997,0.0103,index_dividend_yield,0.065,12.44,25,70374.4,71166.3,70372.15,70368.6,mid_price,wide_quote_low_liquidity
2026-09-17T08:54:18.585292+00:00,2026-09-17T14:24:18.585292+05:30,NIFTYNXT50,29-Sep-2026,75000.0,PE,71048.1,3174.65,550,4298.5,550,0.0,3736.575,0,0,0,0,0,,,,,,,,,,,,,,,0.033001693769279555,,,,,,12.44,25,70374.4,71166.3,70372.15,70368.6,mid_price,no_price_available
2026-09-17T08:54:18.585292+00:00,2026-09-17T14:24:18.585292+05:30,NIFTYNXT50,29-Sep-2026,75100.0,CE,71048.1,0.05,50,70.5,25,0.0,35.275,0,0,0,0,0,,,,,,,,,,,,,,,0.033001693769279555,71250,0.08598669856858997,0.0103,index_dividend_yield,0.065,12.44,25,70374.4,71166.3,70372.15,70368.6,mid_price,no_nse_iv
2026-09-17T08:54:18.585292+00:00,2026-09-17T14:24:18.585292+05:30,NIFTYNXT50,29-Sep-2026,75100.0,PE,71048.1,3263,550,4406.65,550,0.0,3834.825,0,0,0,0,0,,,,,,,,,,,,,,,0.033001693769279555,,,,,,12.44,25,70374.4,71166.3,70372.15,70368.6,mid_price,no_price_available
2026-09-17T08:54:18.585292+00:00,2026-09-17T14:24:18.585292+05:30,NIFTYNXT50,29-Sep-2026,75200.0,CE,71048.1,0.05,50,72.4,25,0.0,36.225,1,0,0,0,21.83,0.08581821146652897,5.562102792803214e-05,-19.222849991475037,20.22711358167558,1.0096567680540556,-0.009737785912635064,178.1130282548009,2.6108028320524623e-08,0.00023499847907689658,-2.4188515317866754e-06,-2.556998279741485,55.77706397831191,-0.07962641950023351,4.964874399041042e-05,0.033001693769279555,71250,0.08598669856858997,0.0103,index_dividend_yield,0.065,12.44,25,70374.4,71166.3,70372.15,70368.6,mid_price,wide_quote_low_liquidity
2026-09-17T08:54:18.585292+00:00,2026-09-17T14:24:18.585292+05:30,NIFTYNXT50,29-Sep-2026,75200.0,PE,71048.1,3290,550,4513.85,550,0.0,3901.925,0,0,0,0,0,,,,,,,,,,,,,,,0.033001693769279555,,,,,,12.44,25,70374.4,71166.3,70372.15,70368.6,mid_price,no_price_available
2026-09-17T08:54:18.585292+00:00,2026-09-17T14:24:18.585292+05:30,NIFTYNXT50,29-Sep-2026,75300.0,CE,0,,0,,0,0.0,,0,0,0,0,0,,,,,,,,,,,,,,,0.033001693769279555,,,,,,12.44,25,70374.4,71166.3,70372.15,70368.6,none,no_price_available
2026-09-17T08:54:18.585292+00:00,2026-09-17T14:24:18.585292+05:30,NIFTYNXT50,29-Sep-2026,75300.0,PE,71048.1,3378.95,550,4617.6,550,0.0,3998.275,0,0,0,0,0,,,,,,,,,,,,,,,0.033001693769279555,,,,,,12.44,25,70374.4,71166.3,70372.15,70368.6,mid_price,no_price_available
2026-09-17T08:54:18.585292+00:00,2026-09-17T14:24:18.585292+05:30,NIFTYNXT50,29-Sep-2026,75400.0,CE,0,,0,,0,0.0,,0,0,0,0,0,,,,,,,,,,,,,,,0.033001693769279555,,,,,,12.44,25,70374.4,71166.3,70372.15,70368.6,none,no_price_available
2026-09-17T08:54:18.585292+00:00,2026-09-17T14:24:18.585292+05:30,NIFTYNXT50,29-Sep-2026,75400.0,PE,71048.1,3466.35,550,4716.65,550,0.0,4091.5,0,0,0,0,0,,,,,,,,,,,,,,,0.033001693769279555,,,,,,12.44,25,70374.4,71166.3,70372.15,70368.6,mid_price,no_price_available
2026-09-17T08:54:18.585292+00:00,2026-09-17T14:24:18.585292+05:30,NIFTYNXT50,29-Sep-2026,75500.0,CE,0,,0,,0,0.0,,0,0,0,0,0,,,,,,,,,,,,,,,0.033001693769279555,,,,,,12.44,25,70374.4,71166.3,70372.15,70368.6,none,no_price_available
2026-09-17T08:54:18.585292+00:00,2026-09-17T14:24:18.585292+05:30,NIFTYNXT50,29-Sep-2026,75500.0,PE,71048.1,3568.4,550,4828.15,550,0.0,4198.275,0,0,0,0,0,,,,,,,,,,,,,,,0.033001693769279555,,,,,,12.44,25,70374.4,71166.3,70372.15,70368.6,mid_price,no_price_available
2026-09-17T08:54:18.585292+00:00,2026-09-17T14:24:18.585292+05:30,NIFTYNXT50,29-Sep-2026,75600.0,CE,0,,0,,0,0.0,,0,0,0,0,0,,,,,,,,,,,,,,,0.033001693769279555,,,,,,12.44,25,70374.4,71166.3,70372.15,70368.6,none,no_price_available
2026-09-17T08:54:18.585292+00:00,2026-09-17T14:24:18.585292+05:30,NIFTYNXT50,29-Sep-2026,75600.0,PE,71048.1,3642.65,550,4930.95,550,0.0,4286.8,0,0,0,0,0,,,,,,,,,,,,,,,0.033001693769279555,,,,,,12.44,25,70374.4,71166.3,70372.15,70368.6,mid_price,no_price_available
2026-09-17T08:54:18.585292+00:00,2026-09-17T14:24:18.585292+05:30,NIFTYNXT50,29-Sep-2026,75700.0,CE,0,,0,,0,0.0,,0,0,0,0,0,,,,,,,,,,,,,,,0.033001693769279555,,,,,,12.44,25,70374.4,71166.3,70372.15,70368.6,none,no_price_available
2026-09-17T08:54:18.585292+00:00,2026-09-17T14:24:18.585292+05:30,NIFTYNXT50,29-Sep-2026,75700.0,PE,71048.1,3731.6,550,5032.6,550,0.0,4382.1,0,0,0,0,0,,,,,,,,,,,,,,,0.033001693769279555,,,,,,12.44,25,70374.4,71166.3,70372.15,70368.6,mid_price,no_price_available
2026-09-17T08:54:18.585292+00:00,2026-09-17T14:24:18.585292+05:30,NIFTYNXT50,29-Sep-2026,75800.0,CE,0,,0,,0,0.0,,0,0,0,0,0,,,,,,,,,,,,,,,0.033001693769279555,,,,,,12.44,25,70374.4,71166.3,70372.15,70368.6,none,no_price_available
2026-09-17T08:54:18.585292+00:00,2026-09-17T14:24:18.585292+05:30,NIFTYNXT50,29-Sep-2026,75800.0,PE,71048.1,3837.25,550,5146.55,550,0.0,4491.9,0,0,0,0,0,,,,,,,,,,,,,,,0.033001693769279555,,,,,,12.44,25,70374.4,71166.3,70372.15,70368.6,mid_price,no_price_available
2026-09-17T08:54:18.585292+00:00,2026-09-17T14:24:18.585292+05:30,NIFTYNXT50,29-Sep-2026,75900.0,CE,0,,0,,0,0.0,,0,0,0,0,0,,,,,,,,,,,,,,,0.033001693769279555,,,,,,12.44,25,70374.4,71166.3,70372.15,70368.6,none,no_price_available
2026-09-17T08:54:18.585292+00:00,2026-09-17T14:24:18.585292+05:30,NIFTYNXT50,29-Sep-2026,75900.0,PE,71048.1,3925.45,550,5245.5,550,0.0,4585.475,0,0,0,0,0,,,,,,,,,,,,,,,0.033001693769279555,,,,,,12.44,25,70374.4,71166.3,70372.15,70368.6,mid_price,no_price_available
2026-09-17T08:54:18.585292+00:00,2026-09-17T14:24:18.585292+05:30,NIFTYNXT50,29-Sep-2026,76000.0,CE,0,,0,,0,0.0,,0,0,0,0,0,,,,,,,,,,,,,,,0.033001693769279555,,,,,,12.44,25,70374.4,71166.3,70372.15,70368.6,none,no_price_available
2026-09-17T08:54:18.585292+00:00,2026-09-17T14:24:18.585292+05:30,NIFTYNXT50,29-Sep-2026,76000.0,PE,71048.1,4022.05,550,5359.15,550,0.0,4690.6,0,0,0,0,0,,,,,,,,,,,,,,,0.033001693769279555,,,,,,12.44,25,70374.4,71166.3,70372.15,70368.6,mid_price,no_price_available
2026-09-17T08:54:18.585292+00:00,2026-09-17T14:24:18.585292+05:30,NIFTYNXT50,29-Sep-2026,76100.0,CE,0,,0,,0,0.0,,0,0,0,0,0,,,,,,,,,,,,,,,0.033001693769279555,,,,,,12.44,25,70374.4,71166.3,70372.15,70368.6,none,no_price_available
2026-09-17T08:54:18.585292+00:00,2026-09-17T14:24:18.585292+05:30,NIFTYNXT50,29-Sep-2026,76100.0,PE,71048.1,4101.75,550,5465.7,550,0.0,4783.725,0,0,0,0,0,,,,,,,,,,,,,,,0.033001693769279555,,,,,,12.44,25,70374.4,71166.3,70372.15,70368.6,mid_price,no_price_available
2026-09-17T08:54:18.585292+00:00,2026-09-17T14:24:18.585292+05:30,NIFTYNXT50,29-Sep-2026,76200.0,CE,0,,0,,0,0.0,,0,0,0,0,0,,,,,,,,,,,,,,,0.033001693769279555,,,,,,12.44,25,70374.4,71166.3,70372.15,70368.6,none,no_price_available
2026-09-17T08:54:18.585292+00:00,2026-09-17T14:24:18.585292+05:30,NIFTYNXT50,29-Sep-2026,76200.0,PE,71048.1,4198.4,550,5572.55,550,0.0,4885.475,0,0,0,0,0,,,,,,,,,,,,,,,0.033001693769279555,,,,,,12.44,25,70374.4,71166.3,70372.15,70368.6,mid_price,no_price_available
2026-09-17T08:54:18.585292+00:00,2026-09-17T14:24:18.585292+05:30,NIFTYNXT50,29-Sep-2026,76300.0,CE,0,,0,,0,0.0,,0,0,0,0,0,,,,,,,,,,,,,,,0.033001693769279555,,,,,,12.44,25,70374.4,71166.3,70372.15,70368.6,none,no_price_available
2026-09-17T08:54:18.585292+00:00,2026-09-17T14:24:18.585292+05:30,NIFTYNXT50,29-Sep-2026,76300.0,PE,71048.1,4273.65,550,5696.15,550,0.0,4984.9,0,0,0,0,0,,,,,,,,,,,,,,,0.033001693769279555,,,,,,12.44,25,70374.4,71166.3,70372.15,70368.6,mid_price,no_price_available
2026-09-17T08:54:18.585292+00:00,2026-09-17T14:24:18.585292+05:30,NIFTYNXT50,29-Sep-2026,76400.0,CE,0,,0,,0,0.0,,0,0,0,0,0,,,,,,,,,,,,,,,0.033001693769279555,,,,,,12.44,25,70374.4,71166.3,70372.15,70368.6,none,no_price_available
2026-09-17T08:54:18.585292+00:00,2026-09-17T14:24:18.585292+05:30,NIFTYNXT50,29-Sep-2026,76400.0,PE,71048.1,4366.25,550,5783.45,550,0.0,5074.85,0,0,0,0,0,,,,,,,,,,,,,,,0.033001693769279555,,,,,,12.44,25,70374.4,71166.3,70372.15,70368.6,mid_price,no_price_available
2026-09-17T08:54:18.585292+00:00,2026-09-17T14:24:18.585292+05:30,NIFTYNXT50,29-Sep-2026,76500.0,CE,0,,0,,0,0.0,,0,0,0,0,0,,,,,,,,,,,,,,,0.033001693769279555,,,,,,12.44,25,70374.4,71166.3,70372.15,70368.6,none,no_price_available
2026-09-17T08:54:18.585292+00:00,2026-09-17T14:24:18.585292+05:30,NIFTYNXT50,29-Sep-2026,76500.0,PE,71048.1,4454.4,550,5883.15,550,0.0,5168.775,0,0,0,0,0,,,,,,,,,,,,,,,0.033001693769279555,,,,,,12.44,25,70374.4,71166.3,70372.15,70368.6,mid_price,no_price_available
2026-09-17T08:54:18.585292+00:00,2026-09-17T14:24:18.585292+05:30,NIFTYNXT50,29-Sep-2026,76600.0,CE,71048.1,,0,115,25,0.0,,1,0,0,0,24.29,,,,,,,,,,,,,,,0.033001693769279555,,,,,,12.44,25,70374.4,71166.3,70372.15,70368.6,none,no_price_available
2026-09-17T08:54:18.585292+00:00,2026-09-17T14:24:18.585292+05:30,NIFTYNXT50,29-Sep-2026,76600.0,PE,71048.1,4542.55,550,5992.3,550,0.0,5267.425,0,0,0,0,0,,,,,,,,,,,,,,,0.033001693769279555,,,,,,12.44,25,70374.4,71166.3,70372.15,70368.6,mid_price,no_price_available
2026-09-17T08:54:18.585292+00:00,2026-09-17T14:24:18.585292+05:30,NIFTYNXT50,29-Sep-2026,76700.0,CE,71048.1,7,25,69.9,25,0.0,38.45,36,0,0,0,13.62,0.0013130937720865034,2.4581150005714025e-06,-0.329176309404655,0.5577254612795295,0.09625021927317945,-0.0005706328619422586,37.367678995114225,4.334151230329868e-09,0.0001466269166361277,-8.730726657268076e-07,-0.24476292366165214,143.99976516025004,-0.0012078872201164072,2.109193410394687e-06,0.033001693769279555,71250,0.08598669856858997,0.0103,index_dividend_yield,0.065,12.44,25,70374.4,71166.3,70372.15,70368.6,mid_price,wide_quote_low_liquidity
2026-09-17T08:54:18.585292+00:00,2026-09-17T14:24:18.585292+05:30,NIFTYNXT50,29-Sep-2026,76700.0,PE,71048.1,4630.7,550,6125.55,550,0.0,5378.125,0,0,0,0,0,,,,,,,,,,,,,,,0.033001693769279555,,,,,,12.44,25,70374.4,71166.3,70372.15,70368.6,mid_price,no_price_available
2026-09-17T08:54:18.585292+00:00,2026-09-17T14:24:18.585292+05:30,NIFTYNXT50,29-Sep-2026,76800.0,CE,0,,0,,0,0.0,,0,0,0,0,0,,,,,,,,,,,,,,,0.033001693769279555,,,,,,12.44,25,70374.4,71166.3,70372.15,70368.6,none,no_price_available
2026-09-17T08:54:18.585292+00:00,2026-09-17T14:24:18.585292+05:30,NIFTYNXT50,29-Sep-2026,76800.0,PE,71048.1,4736.15,550,6207.45,550,0.0,5471.799999999999,0,0,0,0,0,,,,,,,,,,,,,,,0.033001693769279555,,,,,,12.44,25,70374.4,71166.3,70372.15,70368.6,mid_price,no_price_available
2026-09-17T08:54:18.585292+00:00,2026-09-17T14:24:18.585292+05:30,NIFTYNXT50,29-Sep-2026,76900.0,CE,0,,0,,0,0.0,,0,0,0,0,0,,,,,,,,,,,,,,,0.033001693769279555,,,,,,12.44,25,70374.4,71166.3,70372.15,70368.6,none,no_price_available
2026-09-17T08:54:18.585292+00:00,2026-09-17T14:24:18.585292+05:30,NIFTYNXT50,29-Sep-2026,76900.0,PE,71048.1,4815.5,550,6314.1,550,0.0,5564.8,0,0,0,0,0,,,,,,,,,,,,,,,0.033001693769279555,,,,,,12.44,25,70374.4,71166.3,70372.15,70368.6,mid_price,no_price_available
2026-09-17T08:54:18.585292+00:00,2026-09-17T14:24:18.585292+05:30,NIFTYNXT50,29-Sep-2026,77000.0,CE,0,,0,,0,0.0,,0,0,0,0,0,,,,,,,,,,,,,,,0.033001693769279555,,,,,,12.44,25,70374.4,71166.3,70372.15,70368.6,none,no_price_available
2026-09-17T08:54:18.585292+00:00,2026-09-17T14:24:18.585292+05:30,NIFTYNXT50,29-Sep-2026,77000.0,PE,71048.1,4912.45,550,6447.7,550,0.0,5680.075,0,0,0,0,0,,,,,,,,,,,,,,,0.033001693769279555,,,,,,12.44,25,70374.4,71166.3,70372.15,70368.6,mid_price,no_price_available
2026-09-17T08:54:18.585292+00:00,2026-09-17T14:24:18.585292+05:30,NIFTYNXT50,29-Sep-2026,77100.0,CE,0,,0,,0,0.0,,0,0,0,0,0,,,,,,,,,,,,,,,0.033001693769279555,,,,,,12.44,25,70374.4,71166.3,70372.15,70368.6,none,no_price_available
2026-09-17T08:54:18.585292+00:00,2026-09-17T14:24:18.585292+05:30,NIFTYNXT50,29-Sep-2026,77100.0,PE,71048.1,5000.65,550,6552.15,550,0.0,5776.4,0,0,0,0,0,,,,,,,,,,,,,,,0.033001693769279555,,,,,,12.44,25,70374.4,71166.3,70372.15,70368.6,mid_price,no_price_available
2026-09-17T08:54:18.585292+00:00,2026-09-17T14:24:18.585292+05:30,NIFTYNXT50,29-Sep-2026,77200.0,CE,0,,0,,0,0.0,,0,0,0,0,0,,,,,,,,,,,,,,,0.033001693769279555,,,,,,12.44,25,70374.4,71166.3,70372.15,70368.6,none,no_price_available
2026-09-17T08:54:18.585292+00:00,2026-09-17T14:24:18.585292+05:30,NIFTYNXT50,29-Sep-2026,77200.0,PE,71048.1,5117.55,550,6653.3,550,0.0,5885.425,0,0,0,0,0,,,,,,,,,,,,,,,0.033001693769279555,,,,,,12.44,25,70374.4,71166.3,70372.15,70368.6,mid_price,no_price_available
2026-09-17T08:54:18.585292+00:00,2026-09-17T14:24:18.585292+05:30,NIFTYNXT50,29-Sep-2026,77300.0,CE,0,,0,,0,0.0,,0,0,0,0,0,,,,,,,,,,,,,,,0.033001693769279555,,,,,,12.44,25,70374.4,71166.3,70372.15,70368.6,none,no_price_available
2026-09-17T08:54:18.585292+00:00,2026-09-17T14:24:18.585292+05:30,NIFTYNXT50,29-Sep-2026,77300.0,PE,71048.1,5177.15,550,6763.15,550,0.0,5970.15,0,0,0,0,0,,,,,,,,,,,,,,,0.033001693769279555,,,,,,12.44,25,70374.4,71166.3,70372.15,70368.6,mid_price,no_price_available
2026-09-17T08:54:18.585292+00:00,2026-09-17T14:24:18.585292+05:30,NIFTYNXT50,29-Sep-2026,77400.0,CE,0,,0,,0,0.0,,0,0,0,0,0,,,,,,,,,,,,,,,0.033001693769279555,,,,,,12.44,25,70374.4,71166.3,70372.15,70368.6,none,no_price_available
2026-09-17T08:54:18.585292+00:00,2026-09-17T14:24:18.585292+05:30,NIFTYNXT50,29-Sep-2026,77400.0,PE,71048.1,5293.85,550,6863.9,550,0.0,6078.875,0,0,0,0,0,,,,,,,,,,,,,,,0.033001693769279555,,,,,,12.44,25,70374.4,71166.3,70372.15,70368.6,mid_price,no_price_available
2026-09-17T08:54:18.585292+00:00,2026-09-17T14:24:18.585292+05:30,NIFTYNXT50,29-Sep-2026,77500.0,CE,0,,0,,0,0.0,,0,0,0,0,0,,,,,,,,,,,,,,,0.033001693769279555,,,,,,12.44,25,70374.4,71166.3,70372.15,70368.6,none,no_price_available
2026-09-17T08:54:18.585292+00:00,2026-09-17T14:24:18.585292+05:30,NIFTYNXT50,29-Sep-2026,77500.0,PE,71048.1,5382,550,6966.6,550,0.0,6174.3,0,0,0,0,0,,,,,,,,,,,,,,,0.033001693769279555,,,,,,12.44,25,70374.4,71166.3,70372.15,70368.6,mid_price,no_price_available
2026-09-17T08:54:18.585292+00:00,2026-09-17T14:24:18.585292+05:30,NIFTYNXT50,29-Sep-2026,77600.0,CE,71048.1,5.4,25,41,25,0.0,23.2,11,0,0,0,20.58,0.01093625735457023,1.0847289724930082e-05,-3.2915246927213384,3.7188424283773958,0.3261833000383916,-0.002899685292235197,96.51017511773085,9.260524095724178e-09,0.00022879499793048664,-2.0521130280677097e-06,-1.0123052937851598,79.090405980473,-0.009886289972395686,9.092906684764876e-06,0.033001693769279555,71250,0.08598669856858997,0.0103,index_dividend_yield,0.065,12.44,25,70374.4,71166.3,70372.15,70368.6,mid_price,wide_quote_low_liquidity
2026-09-17T08:54:18.585292+00:00,2026-09-17T14:24:18.585292+05:30,NIFTYNXT50,29-Sep-2026,77600.0,PE,71048.1,5471.4,550,7085.55,550,0.0,6278.475,0,0,0,0,0,,,,,,,,,,,,,,,0.033001693769279555,,,,,,12.44,25,70374.4,71166.3,70372.15,70368.6,mid_price,no_price_available
2026-09-17T08:54:18.585292+00:00,2026-09-17T14:24:18.585292+05:30,NIFTYNXT50,29-Sep-2026,77700.0,CE,0,,0,,0,0.0,,0,0,0,0,0,,,,,,,,,,,,,,,0.033001693769279555,,,,,,12.44,25,70374.4,71166.3,70372.15,70368.6,none,no_price_available
2026-09-17T08:54:18.585292+00:00,2026-09-17T14:24:18.585292+05:30,NIFTYNXT50,29-Sep-2026,77700.0,PE,71048.1,5535.75,550,7192.65,550,0.0,6364.2,0,0,0,0,0,,,,,,,,,,,,,,,0.033001693769279555,,,,,,12.44,25,70374.4,71166.3,70372.15,70368.6,mid_price,no_price_available
2026-09-17T08:54:18.585292+00:00,2026-09-17T14:24:18.585292+05:30,NIFTYNXT50,29-Sep-2026,77800.0,CE,0,,0,,0,0.0,,0,0,0,0,0,,,,,,,,,,,,,,,0.033001693769279555,,,,,,12.44,25,70374.4,71166.3,70372.15,70368.6,none,no_price_available
2026-09-17T08:54:18.585292+00:00,2026-09-17T14:24:18.585292+05:30,NIFTYNXT50,29-Sep-2026,77800.0,PE,71048.1,5643.15,550,7300.2,550,0.0,6471.674999999999,0,0,0,0,0,,,,,,,,,,,,,,,0.033001693769279555,,,,,,12.44,25,70374.4,71166.3,70372.15,70368.6,mid_price,no_price_available
2026-09-17T08:54:18.585292+00:00,2026-09-17T14:24:18.585292+05:30,NIFTYNXT50,29-Sep-2026,77900.0,CE,0,,0,,0,0.0,,0,0,0,0,0,,,,,,,,,,,,,,,0.033001693769279555,,,,,,12.44,25,70374.4,71166.3,70372.15,70368.6,none,no_price_available
2026-09-17T08:54:18.585292+00:00,2026-09-17T14:24:18.585292+05:30,NIFTYNXT50,29-Sep-2026,77900.0,PE,71048.1,5734.65,550,7399.4,550,0.0,6567.025,0,0,0,0,0,,,,,,,,,,,,,,,0.033001693769279555,,,,,,12.44,25,70374.4,71166.3,70372.15,70368.6,mid_price,no_price_available
2026-09-17T08:54:18.585292+00:00,2026-09-17T14:24:18.585292+05:30,NIFTYNXT50,29-Sep-2026,78000.0,CE,0,,0,,0,0.0,,0,0,0,0,0,,,,,,,,,,,,,,,0.033001693769279555,,,,,,12.44,25,70374.4,71166.3,70372.15,70368.6,none,no_price_available
2026-09-17T08:54:18.585292+00:00,2026-09-17T14:24:18.585292+05:30,NIFTYNXT50,29-Sep-2026,78000.0,PE,71048.1,5819.45,550,7508,550,0.0,6663.725,0,0,0,0,0,,,,,,,,,,,,,,,0.033001693769279555,,,,,,12.44,25,70374.4,71166.3,70372.15,70368.6,mid_price,no_price_available
2026-09-17T08:54:18.585292+00:00,2026-09-17T14:24:18.585292+05:30,NIFTYNXT50,29-Sep-2026,78100.0,CE,0,,0,,0,0.0,,0,0,0,0,0,,,,,,,,,,,,,,,0.033001693769279555,,,,,,12.44,25,70374.4,71166.3,70372.15,70368.6,none,no_price_available
2026-09-17T08:54:18.585292+00:00,2026-09-17T14:24:18.585292+05:30,NIFTYNXT50,29-Sep-2026,78100.0,PE,71048.1,5907.65,550,7613.5,550,0.0,6760.575,0,0,0,0,0,,,,,,,,,,,,,,,0.033001693769279555,,,,,,12.44,25,70374.4,71166.3,70372.15,70368.6,mid_price,no_price_available
2026-09-17T08:54:18.585292+00:00,2026-09-17T14:24:18.585292+05:30,NIFTYNXT50,29-Sep-2026,78200.0,CE,0,,0,,0,0.0,,0,0,0,0,0,,,,,,,,,,,,,,,0.033001693769279555,,,,,,12.44,25,70374.4,71166.3,70372.15,70368.6,none,no_price_available
2026-09-17T08:54:18.585292+00:00,2026-09-17T14:24:18.585292+05:30,NIFTYNXT50,29-Sep-2026,78200.0,PE,71048.1,5999.15,550,7725.15,550,0.0,6862.15,0,0,0,0,0,,,,,,,,,,,,,,,0.033001693769279555,,,,,,12.44,25,70374.4,71166.3,70372.15,70368.6,mid_price,no_price_available
2026-09-17T08:54:18.585292+00:00,2026-09-17T14:24:18.585292+05:30,NIFTYNXT50,29-Sep-2026,78300.0,CE,0,,0,,0,0.0,,0,0,0,0,0,,,,,,,,,,,,,,,0.033001693769279555,,,,,,12.44,25,70374.4,71166.3,70372.15,70368.6,none,no_price_available
2026-09-17T08:54:18.585292+00:00,2026-09-17T14:24:18.585292+05:30,NIFTYNXT50,29-Sep-2026,78300.0,PE,71048.1,6088.55,550,7831.85,550,0.0,6960.200000000001,0,0,0,0,0,,,,,,,,,,,,,,,0.033001693769279555,,,,,,12.44,25,70374.4,71166.3,70372.15,70368.6,mid_price,no_price_available
2026-09-17T08:54:18.585292+00:00,2026-09-17T14:24:18.585292+05:30,NIFTYNXT50,29-Sep-2026,78400.0,CE,0,,0,,0,0.0,,0,0,0,0,0,,,,,,,,,,,,,,,0.033001693769279555,,,,,,12.44,25,70374.4,71166.3,70372.15,70368.6,none,no_price_available
2026-09-17T08:54:18.585292+00:00,2026-09-17T14:24:18.585292+05:30,NIFTYNXT50,29-Sep-2026,78400.0,PE,71048.1,6172.1,550,7938.5,550,0.0,7055.3,0,0,0,0,0,,,,,,,,,,,,,,,0.033001693769279555,,,,,,12.44,25,70374.4,71166.3,70372.15,70368.6,mid_price,no_price_available
2026-09-17T08:54:18.585292+00:00,2026-09-17T14:24:18.585292+05:30,NIFTYNXT50,29-Sep-2026,78500.0,CE,0,,0,,0,0.0,,0,0,0,0,0,,,,,,,,,,,,,,,0.033001693769279555,,,,,,12.44,25,70374.4,71166.3,70372.15,70368.6,none,no_price_available
2026-09-17T08:54:18.585292+00:00,2026-09-17T14:24:18.585292+05:30,NIFTYNXT50,29-Sep-2026,78500.0,PE,71048.1,6260.45,550,8044.35,550,0.0,7152.4,0,0,0,0,0,,,,,,,,,,,,,,,0.033001693769279555,,,,,,12.44,25,70374.4,71166.3,70372.15,70368.6,mid_price,no_price_available
2026-09-17T08:54:18.585292+00:00,2026-09-17T14:24:18.585292+05:30,NIFTYNXT50,29-Sep-2026,78600.0,CE,0,,0,,0,0.0,,0,0,0,0,0,,,,,,,,,,,,,,,0.033001693769279555,,,,,,12.44,25,70374.4,71166.3,70372.15,70368.6,none,no_price_available
2026-09-17T08:54:18.585292+00:00,2026-09-17T14:24:18.585292+05:30,NIFTYNXT50,29-Sep-2026,78600.0,PE,71048.1,6351.8,550,8148.3,550,0.0,7250.05,0,0,0,0,0,,,,,,,,,,,,,,,0.033001693769279555,,,,,,12.44,25,70374.4,71166.3,70372.15,70368.6,mid_price,no_price_available
2026-09-17T08:54:18.585292+00:00,2026-09-17T14:24:18.585292+05:30,NIFTYNXT50,29-Sep-2026,78700.0,CE,0,,0,,0,0.0,,0,0,0,0,0,,,,,,,,,,,,,,,0.033001693769279555,,,,,,12.44,25,70374.4,71166.3,70372.15,70368.6,none,no_price_available
2026-09-17T08:54:18.585292+00:00,2026-09-17T14:24:18.585292+05:30,NIFTYNXT50,29-Sep-2026,78700.0,PE,71048.1,6436.75,550,8251.4,550,0.0,7344.075,0,0,0,0,0,,,,,,,,,,,,,,,0.033001693769279555,,,,,,12.44,25,70374.4,71166.3,70372.15,70368.6,mid_price,no_price_available
2026-09-17T08:54:18.585292+00:00,2026-09-17T14:24:18.585292+05:30,NIFTYNXT50,29-Sep-2026,78800.0,CE,0,,0,,0,0.0,,0,0,0,0,0,,,,,,,,,,,,,,,0.033001693769279555,,,,,,12.44,25,70374.4,71166.3,70372.15,70368.6,none,no_price_available
2026-09-17T08:54:18.585292+00:00,2026-09-17T14:24:18.585292+05:30,NIFTYNXT50,29-Sep-2026,78800.0,PE,71048.1,6524.75,550,8369.35,550,0.0,7447.05,0,0,0,0,0,,,,,,,,,,,,,,,0.033001693769279555,,,,,,12.44,25,70374.4,71166.3,70372.15,70368.6,mid_price,no_price_available
2026-09-17T08:54:18.585292+00:00,2026-09-17T14:24:18.585292+05:30,NIFTYNXT50,29-Sep-2026,78900.0,CE,0,,0,,0,0.0,,0,0,0,0,0,,,,,,,,,,,,,,,0.033001693769279555,,,,,,12.44,25,70374.4,71166.3,70372.15,70368.6,none,no_price_available
2026-09-17T08:54:18.585292+00:00,2026-09-17T14:24:18.585292+05:30,NIFTYNXT50,29-Sep-2026,78900.0,PE,71048.1,6616.25,550,8466.95,550,0.0,7541.6,0,0,0,0,0,,,,,,,,,,,,,,,0.033001693769279555,,,,,,12.44,25,70374.4,71166.3,70372.15,70368.6,mid_price,no_price_available
2026-09-17T08:54:18.585292+00:00,2026-09-17T14:24:18.585292+05:30,NIFTYNXT50,29-Sep-2026,79000.0,CE,0,,0,,0,0.0,,0,0,0,0,0,,,,,,,,,,,,,,,0.033001693769279555,,,,,,12.44,25,70374.4,71166.3,70372.15,70368.6,none,no_price_available
2026-09-17T08:54:18.585292+00:00,2026-09-17T14:24:18.585292+05:30,NIFTYNXT50,29-Sep-2026,79000.0,PE,71048.1,6710.4,550,8567.8,550,0.0,7639.099999999999,0,0,0,0,0,,,,,,,,,,,,,,,0.033001693769279555,,,,,,12.44,25,70374.4,71166.3,70372.15,70368.6,mid_price,no_price_available
2026-09-17T08:54:18.585292+00:00,2026-09-17T14:24:18.585292+05:30,NIFTYNXT50,29-Sep-2026,79100.0,CE,0,,0,,0,0.0,,0,0,0,0,0,,,,,,,,,,,,,,,0.033001693769279555,,,,,,12.44,25,70374.4,71166.3,70372.15,70368.6,none,no_price_available
2026-09-17T08:54:18.585292+00:00,2026-09-17T14:24:18.585292+05:30,NIFTYNXT50,29-Sep-2026,79100.0,PE,71048.1,6665.8,550,8678.1,550,0.0,7671.950000000001,0,0,0,0,0,,,,,,,,,,,,,,,0.033001693769279555,,,,,,12.44,25,70374.4,71166.3,70372.15,70368.6,mid_price,no_price_available
2026-09-17T08:54:18.585292+00:00,2026-09-17T14:24:18.585292+05:30,NIFTYNXT50,29-Sep-2026,79200.0,CE,0,,0,,0,0.0,,0,0,0,0,0,,,,,,,,,,,,,,,0.033001693769279555,,,,,,12.44,25,70374.4,71166.3,70372.15,70368.6,none,no_price_available
2026-09-17T08:54:18.585292+00:00,2026-09-17T14:24:18.585292+05:30,NIFTYNXT50,29-Sep-2026,79200.0,PE,71048.1,6886.75,550,8786.35,550,0.0,7836.55,0,0,0,0,0,,,,,,,,,,,,,,,0.033001693769279555,,,,,,12.44,25,70374.4,71166.3,70372.15,70368.6,mid_price,no_price_available
2026-09-17T08:54:18.585292+00:00,2026-09-17T14:24:18.585292+05:30,NIFTYNXT50,29-Sep-2026,79300.0,CE,0,,0,,0,0.0,,0,0,0,0,0,,,,,,,,,,,,,,,0.033001693769279555,,,,,,12.44,25,70374.4,71166.3,70372.15,70368.6,none,no_price_available
2026-09-17T08:54:18.585292+00:00,2026-09-17T14:24:18.585292+05:30,NIFTYNXT50,29-Sep-2026,79300.0,PE,71048.1,6973.3,550,8890.85,550,0.0,7932.075000000001,0,0,0,0,0,,,,,,,,,,,,,,,0.033001693769279555,,,,,,12.44,25,70374.4,71166.3,70372.15,70368.6,mid_price,no_price_available
2026-09-17T08:54:18.585292+00:00,2026-09-17T14:24:18.585292+05:30,NIFTYNXT50,29-Sep-2026,79400.0,CE,0,,0,,0,0.0,,0,0,0,0,0,,,,,,,,,,,,,,,0.033001693769279555,,,,,,12.44,25,70374.4,71166.3,70372.15,70368.6,none,no_price_available
2026-09-17T08:54:18.585292+00:00,2026-09-17T14:24:18.585292+05:30,NIFTYNXT50,29-Sep-2026,79400.0,PE,71048.1,6913.75,550,8997.25,550,0.0,7955.5,0,0,0,0,0,,,,,,,,,,,,,,,0.033001693769279555,,,,,,12.44,25,70374.4,71166.3,70372.15,70368.6,mid_price,no_price_available
2026-09-17T08:54:18.585292+00:00,2026-09-17T14:24:18.585292+05:30,NIFTYNXT50,29-Sep-2026,79500.0,CE,0,,0,,0,0.0,,0,0,0,0,0,,,,,,,,,,,,,,,0.033001693769279555,,,,,,12.44,25,70374.4,71166.3,70372.15,70368.6,none,no_price_available
2026-09-17T08:54:18.585292+00:00,2026-09-17T14:24:18.585292+05:30,NIFTYNXT50,29-Sep-2026,79500.0,PE,71048.1,7001,550,9088.55,550,0.0,8044.775,0,0,0,0,0,,,,,,,,,,,,,,,0.033001693769279555,,,,,,12.44,25,70374.4,71166.3,70372.15,70368.6,mid_price,no_price_available
2026-09-17T08:54:18.585292+00:00,2026-09-17T14:24:18.585292+05:30,NIFTYNXT50,29-Sep-2026,79600.0,CE,0,,0,,0,0.0,,0,0,0,0,0,,,,,,,,,,,,,,,0.033001693769279555,,,,,,12.44,25,70374.4,71166.3,70372.15,70368.6,none,no_price_available
2026-09-17T08:54:18.585292+00:00,2026-09-17T14:24:18.585292+05:30,NIFTYNXT50,29-Sep-2026,79600.0,PE,71048.1,7093.9,550,9211.5,550,0.0,8152.7,0,0,0,0,0,,,,,,,,,,,,,,,0.033001693769279555,,,,,,12.44,25,70374.4,71166.3,70372.15,70368.6,mid_price,no_price_available
2026-09-17T08:54:18.585292+00:00,2026-09-17T14:24:18.585292+05:30,NIFTYNXT50,29-Sep-2026,79700.0,CE,0,,0,,0,0.0,,0,0,0,0,0,,,,,,,,,,,,,,,0.033001693769279555,,,,,,12.44,25,70374.4,71166.3,70372.15,70368.6,none,no_price_available
2026-09-17T08:54:18.585292+00:00,2026-09-17T14:24:18.585292+05:30,NIFTYNXT50,29-Sep-2026,79700.0,PE,71048.1,7182.05,550,9319.5,550,0.0,8250.775,0,0,0,0,0,,,,,,,,,,,,,,,0.033001693769279555,,,,,,12.44,25,70374.4,71166.3,70372.15,70368.6,mid_price,no_price_available
2026-09-17T08:54:18.585292+00:00,2026-09-17T14:24:18.585292+05:30,NIFTYNXT50,29-Sep-2026,79800.0,CE,0,,0,,0,0.0,,0,0,0,0,0,,,,,,,,,,,,,,,0.033001693769279555,,,,,,12.44,25,70374.4,71166.3,70372.15,70368.6,none,no_price_available
2026-09-17T08:54:18.585292+00:00,2026-09-17T14:24:18.585292+05:30,NIFTYNXT50,29-Sep-2026,79800.0,PE,71048.1,7265.45,550,9424.85,550,0.0,8345.15,0,0,0,0,0,,,,,,,,,,,,,,,0.033001693769279555,,,,,,12.44,25,70374.4,71166.3,70372.15,70368.6,mid_price,no_price_available
2026-09-17T08:54:18.585292+00:00,2026-09-17T14:24:18.585292+05:30,NIFTYNXT50,29-Sep-2026,79900.0,CE,0,,0,,0,0.0,,0,0,0,0,0,,,,,,,,,,,,,,,0.033001693769279555,,,,,,12.44,25,70374.4,71166.3,70372.15,70368.6,none,no_price_available
2026-09-17T08:54:18.585292+00:00,2026-09-17T14:24:18.585292+05:30,NIFTYNXT50,29-Sep-2026,79900.0,PE,71048.1,7354.55,550,9527.55,550,0.0,8441.05,0,0,0,0,0,,,,,,,,,,,,,,,0.033001693769279555,,,,,,12.44,25,70374.4,71166.3,70372.15,70368.6,mid_price,no_price_available
2026-09-17T08:54:18.585292+00:00,2026-09-17T14:24:18.585292+05:30,NIFTYNXT50,29-Sep-2026,80000.0,CE,71048.1,,0,20,500,0.0,,0,0,0,0,0,,,,,,,,,,,,,,,0.033001693769279555,,,,,,12.44,25,70374.4,71166.3,70372.15,70368.6,none,no_price_available
2026-09-17T08:54:18.585292+00:00,2026-09-17T14:24:18.585292+05:30,NIFTYNXT50,29-Sep-2026,80000.0,PE,71048.1,7442.7,550,9592.75,550,0.0,8517.725,0,0,0,0,0,,,,,,,,,,,,,,,0.033001693769279555,,,,,,12.44,25,70374.4,71166.3,70372.15,70368.6,mid_price,no_price_available
2026-09-17T08:54:18.585292+00:00,2026-09-17T14:24:18.585292+05:30,NIFTYNXT50,29-Sep-2026,80100.0,CE,0,,0,,0,0.0,,0,0,0,0,0,,,,,,,,,,,,,,,0.033001693769279555,,,,,,12.44,25,70374.4,71166.3,70372.15,70368.6,none,no_price_available
2026-09-17T08:54:18.585292+00:00,2026-09-17T14:24:18.585292+05:30,NIFTYNXT50,29-Sep-2026,80100.0,PE,71048.1,7556.4,550,9690.45,550,0.0,8623.425,0,0,0,0,0,,,,,,,,,,,,,,,0.033001693769279555,,,,,,12.44,25,70374.4,71166.3,70372.15,70368.6,mid_price,no_price_available
2026-09-17T08:54:18.585292+00:00,2026-09-17T14:24:18.585292+05:30,NIFTYNXT50,29-Sep-2026,80200.0,CE,0,,0,,0,0.0,,0,0,0,0,0,,,,,,,,,,,,,,,0.033001693769279555,,,,,,12.44,25,70374.4,71166.3,70372.15,70368.6,none,no_price_available
2026-09-17T08:54:18.585292+00:00,2026-09-17T14:24:18.585292+05:30,NIFTYNXT50,29-Sep-2026,80200.0,PE,71048.1,7644.55,550,9792.9,550,0.0,8718.725,0,0,0,0,0,,,,,,,,,,,,,,,0.033001693769279555,,,,,,12.44,25,70374.4,71166.3,70372.15,70368.6,mid_price,no_price_available
2026-09-17T08:54:18.585292+00:00,2026-09-17T14:24:18.585292+05:30,NIFTYNXT50,29-Sep-2026,80300.0,CE,0,,0,,0,0.0,,0,0,0,0,0,,,,,,,,,,,,,,,0.033001693769279555,,,,,,12.44,25,70374.4,71166.3,70372.15,70368.6,none,no_price_available
2026-09-17T08:54:18.585292+00:00,2026-09-17T14:24:18.585292+05:30,NIFTYNXT50,29-Sep-2026,80300.0,PE,71048.1,7707.2,550,9911.95,550,0.0,8809.575,0,0,0,0,0,,,,,,,,,,,,,,,0.033001693769279555,,,,,,12.44,25,70374.4,71166.3,70372.15,70368.6,mid_price,no_price_available
2026-09-17T08:54:18.585292+00:00,2026-09-17T14:24:18.585292+05:30,NIFTYNXT50,29-Sep-2026,80400.0,CE,0,,0,,0,0.0,,0,0,0,0,0,,,,,,,,,,,,,,,0.033001693769279555,,,,,,12.44,25,70374.4,71166.3,70372.15,70368.6,none,no_price_available
2026-09-17T08:54:18.585292+00:00,2026-09-17T14:24:18.585292+05:30,NIFTYNXT50,29-Sep-2026,80400.0,PE,71048.1,7811.9,550,10007.7,550,0.0,8909.8,0,0,0,0,0,,,,,,,,,,,,,,,0.033001693769279555,,,,,,12.44,25,70374.4,71166.3,70372.15,70368.6,mid_price,no_price_available
2026-09-17T08:54:18.585292+00:00,2026-09-17T14:24:18.585292+05:30,NIFTYNXT50,29-Sep-2026,80500.0,CE,0,,0,,0,0.0,,0,0,0,0,0,,,,,,,,,,,,,,,0.033001693769279555,,,,,,12.44,25,70374.4,71166.3,70372.15,70368.6,none,no_price_available
2026-09-17T08:54:18.585292+00:00,2026-09-17T14:24:18.585292+05:30,NIFTYNXT50,29-Sep-2026,80500.0,PE,71048.1,7887.35,550,10113.55,550,0.0,9000.45,0,0,0,0,0,,,,,,,,,,,,,,,0.033001693769279555,,,,,,12.44,25,70374.4,71166.3,70372.15,70368.6,mid_price,no_price_available
2026-09-17T08:54:18.585292+00:00,2026-09-17T14:24:18.585292+05:30,NIFTYNXT50,29-Sep-2026,80600.0,CE,0,,0,,0,0.0,,0,0,0,0,0,,,,,,,,,,,,,,,0.033001693769279555,,,,,,12.44,25,70374.4,71166.3,70372.15,70368.6,none,no_price_available
2026-09-17T08:54:18.585292+00:00,2026-09-17T14:24:18.585292+05:30,NIFTYNXT50,29-Sep-2026,80600.0,PE,71048.1,7970.75,550,10223.85,550,0.0,9097.3,0,0,0,0,0,,,,,,,,,,,,,,,0.033001693769279555,,,,,,12.44,25,70374.4,71166.3,70372.15,70368.6,mid_price,no_price_available
2026-09-17T08:54:18.585292+00:00,2026-09-17T14:24:18.585292+05:30,NIFTYNXT50,29-Sep-2026,80700.0,CE,0,,0,,0,0.0,,0,0,0,0,0,,,,,,,,,,,,,,,0.033001693769279555,,,,,,12.44,25,70374.4,71166.3,70372.15,70368.6,none,no_price_available
2026-09-17T08:54:18.585292+00:00,2026-09-17T14:24:18.585292+05:30,NIFTYNXT50,29-Sep-2026,80700.0,PE,71048.1,8059.85,550,10338.15,550,0.0,9199.0,0,0,0,0,0,,,,,,,,,,,,,,,0.033001693769279555,,,,,,12.44,25,70374.4,71166.3,70372.15,70368.6,mid_price,no_price_available
2026-09-17T08:54:18.585292+00:00,2026-09-17T14:24:18.585292+05:30,NIFTYNXT50,29-Sep-2026,80800.0,CE,0,,0,,0,0.0,,0,0,0,0,0,,,,,,,,,,,,,,,0.033001693769279555,,,,,,12.44,25,70374.4,71166.3,70372.15,70368.6,none,no_price_available
2026-09-17T08:54:18.585292+00:00,2026-09-17T14:24:18.585292+05:30,NIFTYNXT50,29-Sep-2026,80800.0,PE,71048.1,8151.85,550,10445.4,550,0.0,9298.625,0,0,0,0,0,,,,,,,,,,,,,,,0.033001693769279555,,,,,,12.44,25,70374.4,71166.3,70372.15,70368.6,mid_price,no_price_available
2026-09-17T08:54:18.585292+00:00,2026-09-17T14:24:18.585292+05:30,NIFTYNXT50,29-Sep-2026,80900.0,CE,0,,0,,0,0.0,,0,0,0,0,0,,,,,,,,,,,,,,,0.033001693769279555,,,,,,12.44,25,70374.4,71166.3,70372.15,70368.6,none,no_price_available
2026-09-17T08:54:18.585292+00:00,2026-09-17T14:24:18.585292+05:30,NIFTYNXT50,29-Sep-2026,80900.0,PE,71048.1,8235.2,550,10535.85,550,0.0,9385.525000000001,0,0,0,0,0,,,,,,,,,,,,,,,0.033001693769279555,,,,,,12.44,25,70374.4,71166.3,70372.15,70368.6,mid_price,no_price_available
2026-09-17T08:54:18.585292+00:00,2026-09-17T14:24:18.585292+05:30,NIFTYNXT50,29-Sep-2026,81000.0,CE,0,,0,,0,0.0,,0,0,0,0,0,,,,,,,,,,,,,,,0.033001693769279555,,,,,,12.44,25,70374.4,71166.3,70372.15,70368.6,none,no_price_available
2026-09-17T08:54:18.585292+00:00,2026-09-17T14:24:18.585292+05:30,NIFTYNXT50,29-Sep-2026,81000.0,PE,71048.1,8324.3,550,10656.2,550,0.0,9490.25,0,0,0,0,0,,,,,,,,,,,,,,,0.033001693769279555,,,,,,12.44,25,70374.4,71166.3,70372.15,70368.6,mid_price,no_price_available
2026-09-17T08:54:18.585292+00:00,2026-09-17T14:24:18.585292+05:30,NIFTYNXT50,29-Sep-2026,81500.0,CE,0,,0,,0,0.0,,0,0,0,0,0,,,,,,,,,,,,,,,0.033001693769279555,,,,,,12.44,25,70374.4,71166.3,70372.15,70368.6,none,no_price_available
2026-09-17T08:54:18.585292+00:00,2026-09-17T14:24:18.585292+05:30,NIFTYNXT50,29-Sep-2026,81500.0,PE,71048.1,8764.2,550,11183.9,550,0.0,9974.05,0,0,0,0,0,,,,,,,,,,,,,,,0.033001693769279555,,,,,,12.44,25,70374.4,71166.3,70372.15,70368.6,mid_price,no_price_available
2026-09-17T08:54:18.585292+00:00,2026-09-17T14:24:18.585292+05:30,NIFTYNXT50,29-Sep-2026,82000.0,CE,0,,0,,0,0.0,,0,0,0,0,0,,,,,,,,,,,,,,,0.033001693769279555,,,,,,12.44,25,70374.4,71166.3,70372.15,70368.6,none,no_price_available
2026-09-17T08:54:18.585292+00:00,2026-09-17T14:24:18.585292+05:30,NIFTYNXT50,29-Sep-2026,82000.0,PE,71048.1,9205.9,550,11716.1,550,0.0,10461.0,0,0,0,0,0,,,,,,,,,,,,,,,0.033001693769279555,,,,,,12.44,25,70374.4,71166.3,70372.15,70368.6,mid_price,no_price_available
2026-09-17T08:54:18.585292+00:00,2026-09-17T14:24:18.585292+05:30,NIFTYNXT50,29-Sep-2026,82500.0,CE,0,,0,,0,0.0,,0,0,0,0,0,,,,,,,,,,,,,,,0.033001693769279555,,,,,,12.44,25,70374.4,71166.3,70372.15,70368.6,none,no_price_available
2026-09-17T08:54:18.585292+00:00,2026-09-17T14:24:18.585292+05:30,NIFTYNXT50,29-Sep-2026,82500.0,PE,71048.1,9663.25,550,12247.05,550,0.0,10955.15,0,0,0,0,0,,,,,,,,,,,,,,,0.033001693769279555,,,,,,12.44,25,70374.4,71166.3,70372.15,70368.6,mid_price,no_price_available
2026-09-17T08:54:18.585292+00:00,2026-09-17T14:24:18.585292+05:30,NIFTYNXT50,29-Sep-2026,83000.0,CE,0,,0,,0,0.0,,0,0,0,0,0,,,,,,,,,,,,,,,0.033001693769279555,,,,,,12.44,25,70374.4,71166.3,70372.15,70368.6,none,no_price_available
2026-09-17T08:54:18.585292+00:00,2026-09-17T14:24:18.585292+05:30,NIFTYNXT50,29-Sep-2026,83000.0,PE,71048.1,10104.05,550,12774.6,550,0.0,11439.325,0,0,0,0,0,,,,,,,,,,,,,,,0.033001693769279555,,,,,,12.44,25,70374.4,71166.3,70372.15,70368.6,mid_price,no_price_available
2026-09-17T08:54:18.585292+00:00,2026-09-17T14:24:18.585292+05:30,NIFTYNXT50,29-Sep-2026,83500.0,CE,0,,0,,0,0.0,,0,0,0,0,0,,,,,,,,,,,,,,,0.033001693769279555,,,,,,12.44,25,70374.4,71166.3,70372.15,70368.6,none,no_price_available
2026-09-17T08:54:18.585292+00:00,2026-09-17T14:24:18.585292+05:30,NIFTYNXT50,29-Sep-2026,83500.0,PE,71048.1,10553.85,550,13301.05,550,0.0,11927.45,0,0,0,0,0,,,,,,,,,,,,,,,0.033001693769279555,,,,,,12.44,25,70374.4,71166.3,70372.15,70368.6,mid_price,no_price_available
2026-09-17T08:54:18.585292+00:00,2026-09-17T14:24:18.585292+05:30,NIFTYNXT50,29-Sep-2026,84000.0,CE,0,,0,,0,0.0,,0,0,0,0,0,,,,,,,,,,,,,,,0.033001693769279555,,,,,,12.44,25,70374.4,71166.3,70372.15,70368.6,none,no_price_available
2026-09-17T08:54:18.585292+00:00,2026-09-17T14:24:18.585292+05:30,NIFTYNXT50,29-Sep-2026,84000.0,PE,71048.1,10972.95,550,13835.4,550,0.0,12404.175,0,0,0,0,0,,,,,,,,,,,,,,,0.033001693769279555,,,,,,12.44,25,70374.4,71166.3,70372.15,70368.6,mid_price,no_price_available
2026-09-17T08:54:18.585292+00:00,2026-09-17T14:24:18.585292+05:30,NIFTYNXT50,29-Sep-2026,84500.0,CE,0,,0,,0,0.0,,0,0,0,0,0,,,,,,,,,,,,,,,0.033001693769279555,,,,,,12.44,25,70374.4,71166.3,70372.15,70368.6,none,no_price_available
2026-09-17T08:54:18.585292+00:00,2026-09-17T14:24:18.585292+05:30,NIFTYNXT50,29-Sep-2026,84500.0,PE,71048.1,11409.9,550,14367.85,550,0.0,12888.875,0,0,0,0,0,,,,,,,,,,,,,,,0.033001693769279555,,,,,,12.44,25,70374.4,71166.3,70372.15,70368.6,mid_price,no_price_available
2026-09-17T08:54:18.585292+00:00,2026-09-17T14:24:18.585292+05:30,NIFTYNXT50,29-Sep-2026,85000.0,CE,0,,0,,0,0.0,,0,0,0,0,0,,,,,,,,,,,,,,,0.033001693769279555,,,,,,12.44,25,70374.4,71166.3,70372.15,70368.6,none,no_price_available
2026-09-17T08:54:18.585292+00:00,2026-09-17T14:24:18.585292+05:30,NIFTYNXT50,29-Sep-2026,85000.0,PE,71048.1,11854.55,550,14916.25,550,0.0,13385.4,0,0,0,0,0,,,,,,,,,,,,,,,0.033001693769279555,,,,,,12.44,25,70374.4,71166.3,70372.15,70368.6,mid_price,no_price_available
