fetch_ts_utc,fetch_ts_ist,symbol,expiry_date,strike,option_type,underlying_value,bid_price,bid_qty,ask_price,ask_qty,ltp,mid_price,open_interest,change_in_oi,total_traded_volume,pchange_vs_prev_close,nse_iv,delta,gamma,theta,vega,vanna,charm,vomma,speed,zomma,color,veta,omega,dual_delta,dual_gamma,time_to_expiry_years,futures_price,implied_cost_of_carry,dividend_yield_used,dividend_yield_source,risk_free_rate_used,india_vix,lot_size,underlying_day_open,underlying_day_high,underlying_day_low,underlying_prev_close,price_source_for_iv,data_quality_flag
2026-09-16T08:50:21.908876+00:00,2026-09-16T14:20:21.908876+05:30,BANKNIFTY,29-Sep-2026,43500.0,CE,56283.35,11834.35,300,13244.55,300,0.0,12539.45,0,0,0,0,0,,,,,,,,,,,,,,,0.035748924756595635,,,,,,13.11,30,56007.65,56368.7,55812.2,55794.75,mid_price,no_price_available
2026-09-16T08:50:21.908876+00:00,2026-09-16T14:20:21.908876+05:30,BANKNIFTY,29-Sep-2026,43500.0,PE,56283.35,1.55,9180,1.7,360,1.55,1.625,5247,5,438,-50,45.88,-0.0011933836961358023,8.109415335102515e-07,-0.7297818676237434,0.4213430306208433,-0.02546284923079351,0.0004404803214516953,8.229945913758336,-5.210375855375611e-10,1.4072152349672291e-05,-2.426835059779747e-07,-0.15854730363147762,-40.15858635692783,0.0015825331478529167,1.357597119347729e-06,0.035748924756595635,56467.2,0.09122468279977346,0.006999999999999999,index_dividend_yield,0.065,13.11,30,56007.65,56368.7,55812.2,55794.75,mid_price,ok
2026-09-16T08:50:21.908876+00:00,2026-09-16T14:20:21.908876+05:30,BANKNIFTY,29-Sep-2026,45000.0,CE,56283.35,11406.5,30,11477.3,30,11350,11441.9,793,0,1,2.0137606226883995,0,,,,,,,,,,,,,,,0.035748924756595635,56467.2,0.09122468279977346,0.006999999999999999,index_dividend_yield,0.065,13.11,30,56007.65,56368.7,55812.2,55794.75,mid_price,no_nse_iv
2026-09-16T08:50:21.908876+00:00,2026-09-16T14:20:21.908876+05:30,BANKNIFTY,29-Sep-2026,45000.0,PE,56283.35,2.3,1080,2.45,60,2.35,2.375,5991,-3,2020,-51.54639175257732,41.9,-0.0019260108114032722,1.3740374561395807e-06,-1.0291192811549579,0.6519817753069728,-0.041099399852350296,0.0006474773599525118,12.63961139145886,-9.18896707073917e-10,2.3358125770201862e-05,-3.6670898946774786e-07,-0.2241416790269284,-42.43203808935678,0.0024657126485868723,2.1494800659667995e-06,0.035748924756595635,56467.2,0.09122468279977346,0.006999999999999999,index_dividend_yield,0.065,13.11,30,56007.65,56368.7,55812.2,55794.75,mid_price,ok
2026-09-16T08:50:21.908876+00:00,2026-09-16T14:20:21.908876+05:30,BANKNIFTY,29-Sep-2026,46500.0,CE,56283.35,9117.75,300,10167,300,0.0,9642.375,1,0,0,0,65.63,,,,,,,,,,,,,,,0.035748924756595635,,,,,,13.11,30,56007.65,56368.7,55812.2,55794.75,mid_price,no_price_available
2026-09-16T08:50:21.908876+00:00,2026-09-16T14:20:21.908876+05:30,BANKNIFTY,29-Sep-2026,46500.0,PE,56283.35,4.7,30,4.9,60,4.8,4.800000000000001,886,55,990,-37.254901960784316,38.87,-0.003870054780180899,2.7805156380609907e-06,-1.7875083323528693,1.2239473717669676,-0.07662595180919037,0.0011158623551141655,21.71570760149033,-1.8466808132694332e-09,4.217916419417236e-05,-6.116164805890592e-07,-0.36316470632159814,-43.13513642902132,0.004792889272537621,4.0736087412250945e-06,0.035748924756595635,56467.2,0.09122468279977346,0.006999999999999999,index_dividend_yield,0.065,13.11,30,56007.65,56368.7,55812.2,55794.75,mid_price,ok
2026-09-16T08:50:21.908876+00:00,2026-09-16T14:20:21.908876+05:30,BANKNIFTY,29-Sep-2026,48000.0,CE,56283.35,8077.8,300,8520.3,30,0.0,8299.05,184,0,0,0,0,,,,,,,,,,,,,,,0.035748924756595635,56467.2,0.09122468279977346,0.006999999999999999,index_dividend_yield,0.065,13.11,30,56007.65,56368.7,55812.2,55794.75,mid_price,no_nse_iv
2026-09-16T08:50:21.908876+00:00,2026-09-16T14:20:21.908876+05:30,BANKNIFTY,29-Sep-2026,48000.0,PE,56283.35,6.2,90,6.3,120,6.25,6.25,3701,-145,3213,-42.3963133640553,34.1,-0.005644002561729277,4.437887137546846e-06,-2.187683178747214,1.7137737788139737,-0.11660728864168468,0.0014830494566852575,31.438769532084354,-3.190614399106408e-09,6.839709366962993e-05,-8.652029781802479e-07,-0.4655403232101813,-47.575044621695675,0.006757093175988006,6.101739411834387e-06,0.035748924756595635,56467.2,0.09122468279977346,0.006999999999999999,index_dividend_yield,0.065,13.11,30,56007.65,56368.7,55812.2,55794.75,mid_price,ok
2026-09-16T08:50:21.908876+00:00,2026-09-16T14:20:21.908876+05:30,BANKNIFTY,29-Sep-2026,48500.0,CE,56283.35,7205.3,300,8330.9,300,0.0,7768.1,0,0,0,0,0,,,,,,,,,,,,,,,0.035748924756595635,,,,,,13.11,30,56007.65,56368.7,55812.2,55794.75,mid_price,no_price_available
2026-09-16T08:50:21.908876+00:00,2026-09-16T14:20:21.908876+05:30,BANKNIFTY,29-Sep-2026,48500.0,PE,56283.35,7.55,90,8.6,600,8.7,8.075,66,0,118,-90.05145797598628,33.22,-0.0074644309827859535,5.833411326253177e-06,-2.7252315672020724,2.194548029319853,-0.14719776644227417,0.001820346196766611,38.12689601717367,-4.135831173163429e-09,8.378609709750685e-05,-1.0297510168040647e-06,-0.5556063291453848,-47.510534691704834,0.008844658122584797,7.855955252479101e-06,0.035748924756595635,56467.2,0.09122468279977346,0.006999999999999999,index_dividend_yield,0.065,13.11,30,56007.65,56368.7,55812.2,55794.75,mid_price,ok
2026-09-16T08:50:21.908876+00:00,2026-09-16T14:20:21.908876+05:30,BANKNIFTY,29-Sep-2026,49000.0,CE,56283.35,7361.15,60,7498.4,30,0.0,7429.775,70,0,0,0,67.24,0.8787596553554423,2.8116400226679804e-05,-61.62772652616598,21.409685265626297,-0.3120028459194235,0.0078068068514095534,38.84361518837309,-5.095074284849507e-09,9.196745507732937e-06,-1.965589340482718e-07,-1.7896479877400324,6.313250290189586,-0.8494957998368465,3.7096030022083505e-05,0.035748924756595635,56467.2,0.09122468279977346,0.006999999999999999,index_dividend_yield,0.065,13.11,30,56007.65,56368.7,55812.2,55794.75,mid_price,ok
2026-09-16T08:50:21.908876+00:00,2026-09-16T14:20:21.908876+05:30,BANKNIFTY,29-Sep-2026,49000.0,PE,56283.35,9.1,420,9.3,90,9.1,9.2,1387,-101,2097,-28.627450980392158,31.5,-0.008390853122118524,6.818621235045906e-06,-2.8592485472115965,2.4323719244162345,-0.16919938305288898,0.0019799547240107697,43.05784241231003,-5.0052192923917255e-09,9.905623312601477e-05,-1.1512083692409168e-06,-0.5970698795561189,-49.54867932387119,0.009832584966346853,8.996307351054824e-06,0.035748924756595635,56467.2,0.09122468279977346,0.006999999999999999,index_dividend_yield,0.065,13.11,30,56007.65,56368.7,55812.2,55794.75,mid_price,ok
2026-09-16T08:50:21.908876+00:00,2026-09-16T14:20:21.908876+05:30,BANKNIFTY,29-Sep-2026,49500.0,CE,56283.35,6466.6,300,7470.45,300,0.0,6968.525,3,0,0,0,0,,,,,,,,,,,,,,,0.035748924756595635,56467.2,0.09122468279977346,0.006999999999999999,index_dividend_yield,0.065,13.11,30,56007.65,56368.7,55812.2,55794.75,mid_price,no_nse_iv
2026-09-16T08:50:21.908876+00:00,2026-09-16T14:20:21.908876+05:30,BANKNIFTY,29-Sep-2026,49500.0,PE,56283.35,10.65,30,10.85,60,10.75,10.75,1011,-95,1364,-28.807947019867548,30.17,-0.010270072574805436,8.49628104843964e-06,-3.2620741265062088,2.9028663539775192,-0.20426367564738493,0.002283856054300497,50.348011416813556,-6.3043398414712465e-09,0.00011919968643240902,-1.3222573696430757e-06,-0.6741651755989029,-50.66295784306274,0.011907949332885246,1.098445084748173e-05,0.035748924756595635,56467.2,0.09122468279977346,0.006999999999999999,index_dividend_yield,0.065,13.11,30,56007.65,56368.7,55812.2,55794.75,mid_price,ok
2026-09-16T08:50:21.908876+00:00,2026-09-16T14:20:21.908876+05:30,BANKNIFTY,29-Sep-2026,50000.0,CE,56283.35,6454.2,30,6483.15,60,6423.4,6468.674999999999,3500,-43,86,7.204966870837993,0,,,,,,,,,,,,,,,0.035748924756595635,56467.2,0.09122468279977346,0.006999999999999999,index_dividend_yield,0.065,13.11,30,56007.65,56368.7,55812.2,55794.75,mid_price,no_nse_iv
2026-09-16T08:50:21.908876+00:00,2026-09-16T14:20:21.908876+05:30,BANKNIFTY,29-Sep-2026,50000.0,PE,56283.35,11.9,420,12.2,30,12.05,12.05,14335,-1670,16625,-32.30337078651685,28.59,-0.012055837547331657,1.0307014199241966e-05,-3.5458108178600014,3.3371051498889077,-0.2414340824944943,0.0025510247262605854,57.94302417784514,-7.852712438596069e-09,0.0001429118490277268,-1.4963460911902425e-06,-0.7400899941645451,-52.56708126813069,0.013829021162574198,1.3060287682952362e-05,0.035748924756595635,56467.2,0.09122468279977346,0.006999999999999999,index_dividend_yield,0.065,13.11,30,56007.65,56368.7,55812.2,55794.75,mid_price,ok
2026-09-16T08:50:21.908876+00:00,2026-09-16T14:20:21.908876+05:30,BANKNIFTY,29-Sep-2026,50500.0,CE,56283.35,5496.6,300,6130,300,0.0,5813.3,3,0,0,0,0,,,,,,,,,,,,,,,0.035748924756595635,56467.2,0.09122468279977346,0.006999999999999999,index_dividend_yield,0.065,13.11,30,56007.65,56368.7,55812.2,55794.75,mid_price,no_nse_iv
2026-09-16T08:50:21.908876+00:00,2026-09-16T14:20:21.908876+05:30,BANKNIFTY,29-Sep-2026,50500.0,PE,56283.35,14,30,14.15,30,14.1,14.075,2768,1622,7232,-30.541871921182267,27.11,-0.014574349475965588,1.2805353309602603e-05,-3.950978749659741,3.9313702289332273,-0.29026897696187487,0.002898862259069712,67.38115806299305,-9.945360148796016e-09,0.00017224061197423172,-1.701754853281796e-06,-0.8235350306255677,-54.28426095297137,0.016542659041042115,1.590628233840409e-05,0.035748924756595635,56467.2,0.09122468279977346,0.006999999999999999,index_dividend_yield,0.065,13.11,30,56007.65,56368.7,55812.2,55794.75,mid_price,ok
2026-09-16T08:50:21.908876+00:00,2026-09-16T14:20:21.908876+05:30,BANKNIFTY,29-Sep-2026,50800.0,CE,56283.35,5054.9,300,6005.2,300,0.0,5530.049999999999,0,0,0,0,0,,,,,,,,,,,,,,,0.035748924756595635,56467.2,0.09122468279977346,0.006999999999999999,index_dividend_yield,0.065,13.11,30,56007.65,56368.7,55812.2,55794.75,mid_price,no_nse_iv
2026-09-16T08:50:21.908876+00:00,2026-09-16T14:20:21.908876+05:30,BANKNIFTY,29-Sep-2026,50800.0,PE,56283.35,10.3,600,24.3,300,0.0,17.3,0,0,0,0,0,,,,,,,,,,,,,,,0.035748924756595635,56467.2,0.09122468279977346,0.006999999999999999,index_dividend_yield,0.065,13.11,30,56007.65,56368.7,55812.2,55794.75,mid_price,no_nse_iv
2026-09-16T08:50:21.908876+00:00,2026-09-16T14:20:21.908876+05:30,BANKNIFTY,29-Sep-2026,50900.0,CE,56283.35,4976.35,300,5936.2,300,0.0,5456.275,0,0,0,0,0,,,,,,,,,,,,,,,0.035748924756595635,56467.2,0.09122468279977346,0.006999999999999999,index_dividend_yield,0.065,13.11,30,56007.65,56368.7,55812.2,55794.75,mid_price,no_nse_iv
2026-09-16T08:50:21.908876+00:00,2026-09-16T14:20:21.908876+05:30,BANKNIFTY,29-Sep-2026,50900.0,PE,56283.35,10.3,600,24.8,300,0.0,17.55,0,0,0,0,0,,,,,,,,,,,,,,,0.035748924756595635,56467.2,0.09122468279977346,0.006999999999999999,index_dividend_yield,0.065,13.11,30,56007.65,56368.7,55812.2,55794.75,mid_price,no_nse_iv
2026-09-16T08:50:21.908876+00:00,2026-09-16T14:20:21.908876+05:30,BANKNIFTY,29-Sep-2026,51000.0,CE,56283.35,5451.35,120,5513.55,30,5200,5482.450000000001,269,0,1,1.2530059486140994,0,,,,,,,,,,,,,,,0.035748924756595635,56467.2,0.09122468279977346,0.006999999999999999,index_dividend_yield,0.065,13.11,30,56007.65,56368.7,55812.2,55794.75,mid_price,no_nse_iv
2026-09-16T08:50:21.908876+00:00,2026-09-16T14:20:21.908876+05:30,BANKNIFTY,29-Sep-2026,51000.0,PE,56283.35,17.9,360,18,30,17.95,17.95,11053,-1477,12359,-26.434426229508198,25.89,-0.018733613360188472,1.6623017851298026e-05,-4.66421168353919,4.873767226067239,-0.3593763114711837,0.0034143821339233382,79.5670269570401,-1.2887878635909069e-08,0.00020717452021235815,-1.9423106006512975e-06,-0.9426527890599381,-55.1790774534318,0.02104900074002303,2.0245541481629368e-05,0.035748924756595635,56467.2,0.09122468279977346,0.006999999999999999,index_dividend_yield,0.065,13.11,30,56007.65,56368.7,55812.2,55794.75,mid_price,ok
2026-09-16T08:50:21.908876+00:00,2026-09-16T14:20:21.908876+05:30,BANKNIFTY,29-Sep-2026,51100.0,CE,56283.35,4789.65,300,5680.1,300,0.0,5234.875,0,0,0,0,0,,,,,,,,,,,,,,,0.035748924756595635,56467.2,0.09122468279977346,0.006999999999999999,index_dividend_yield,0.065,13.11,30,56007.65,56368.7,55812.2,55794.75,mid_price,no_nse_iv
2026-09-16T08:50:21.908876+00:00,2026-09-16T14:20:21.908876+05:30,BANKNIFTY,29-Sep-2026,51100.0,PE,56283.35,17.05,30,20,30,20.95,18.525,48,0,80,-92.46131702051098,25.98,-0.02098980000359008,1.8243831015486254e-05,-5.151960928690183,5.367574106185823,-0.38527545586288997,0.0036700230319858564,83.37773659550906,-1.3780938657333299e-08,0.00021317071777930875,-2.0015310761994423e-06,-0.9998391114128484,-54.19884345423515,0.023545466440553102,2.213268578058736e-05,0.035748924756595635,56467.2,0.09122468279977346,0.006999999999999999,index_dividend_yield,0.065,13.11,30,56007.65,56368.7,55812.2,55794.75,mid_price,wide_quote_low_liquidity
2026-09-16T08:50:21.908876+00:00,2026-09-16T14:20:21.908876+05:30,BANKNIFTY,29-Sep-2026,51200.0,CE,56283.35,4694.6,300,5535.55,300,0.0,5115.075000000001,0,0,0,0,0,,,,,,,,,,,,,,,0.035748924756595635,56467.2,0.09122468279977346,0.006999999999999999,index_dividend_yield,0.065,13.11,30,56007.65,56368.7,55812.2,55794.75,mid_price,no_nse_iv
2026-09-16T08:50:21.908876+00:00,2026-09-16T14:20:21.908876+05:30,BANKNIFTY,29-Sep-2026,51200.0,PE,56283.35,18.2,60,20.05,60,19.35,19.125,72,0,281,-93.30797164101678,25.24,-0.020135529442874275,1.8129197491650107e-05,-4.828124531143172,5.181921051626512,-0.38644951584125564,0.003573190588200562,84.34058824685975,-1.4206917351705766e-08,0.00022324325392626516,-2.034655338806602e-06,-0.9783281703354181,-56.11135366632354,0.022529146509851654,2.1907788309083747e-05,0.035748924756595635,56467.2,0.09122468279977346,0.006999999999999999,index_dividend_yield,0.065,13.11,30,56007.65,56368.7,55812.2,55794.75,mid_price,ok
2026-09-16T08:50:21.908876+00:00,2026-09-16T14:20:21.908876+05:30,BANKNIFTY,29-Sep-2026,51300.0,CE,56283.35,4599.35,300,5430.25,300,0.0,5014.8,0,0,0,0,0,,,,,,,,,,,,,,,0.035748924756595635,56467.2,0.09122468279977346,0.006999999999999999,index_dividend_yield,0.065,13.11,30,56007.65,56368.7,55812.2,55794.75,mid_price,no_nse_iv
2026-09-16T08:50:21.908876+00:00,2026-09-16T14:20:21.908876+05:30,BANKNIFTY,29-Sep-2026,51300.0,PE,56283.35,19.9,120,20.55,60,20.8,20.225,151,130,387,-16.8,25.08,-0.021557660108083364,1.933001024754678e-05,-5.079571564639261,5.4901281005406135,-0.40627327993544154,0.003729224086366018,87.44061037778916,-1.503337343467382e-08,0.0002307945803411135,-2.0864187434270824e-06,-1.0129262531968601,-55.98373898856051,0.02407427603067917,2.3267902310054876e-05,0.035748924756595635,56467.2,0.09122468279977346,0.006999999999999999,index_dividend_yield,0.065,13.11,30,56007.65,56368.7,55812.2,55794.75,mid_price,ok
2026-09-16T08:50:21.908876+00:00,2026-09-16T14:20:21.908876+05:30,BANKNIFTY,29-Sep-2026,51400.0,CE,56283.35,4511.85,300,5326.45,300,0.0,4919.15,0,0,0,0,0,,,,,,,,,,,,,,,0.035748924756595635,56467.2,0.09122468279977346,0.006999999999999999,index_dividend_yield,0.065,13.11,30,56007.65,56368.7,55812.2,55794.75,mid_price,no_nse_iv
2026-09-16T08:50:21.908876+00:00,2026-09-16T14:20:21.908876+05:30,BANKNIFTY,29-Sep-2026,51400.0,PE,56283.35,20.1,120,21.75,360,21.6,20.925,342,52,408,-18.33648393194707,24.79,-0.022526903295398887,2.029580061574812e-05,-5.206998021180856,5.697778682350516,-0.42270754699529933,0.003831527211854497,90.14822538996236,-1.5821161006761958e-08,0.0002392434968756258,-2.1342009463228242e-06,-1.0353775652719985,-56.32682129553275,0.025105040862265764,2.4335474994377984e-05,0.035748924756595635,56467.2,0.09122468279977346,0.006999999999999999,index_dividend_yield,0.065,13.11,30,56007.65,56368.7,55812.2,55794.75,mid_price,ok
2026-09-16T08:50:21.908876+00:00,2026-09-16T14:20:21.908876+05:30,BANKNIFTY,29-Sep-2026,51500.0,CE,56283.35,4410.15,300,5225.35,300,0.0,4817.75,0,0,0,0,0,,,,,,,,,,,,,,,0.035748924756595635,56467.2,0.09122468279977346,0.006999999999999999,index_dividend_yield,0.065,13.11,30,56007.65,56368.7,55812.2,55794.75,mid_price,no_nse_iv
2026-09-16T08:50:21.908876+00:00,2026-09-16T14:20:21.908876+05:30,BANKNIFTY,29-Sep-2026,51500.0,PE,56283.35,21.9,60,22.1,30,22.55,22.0,3324,691,6928,-18.73873873873874,24.53,-0.023684111278974254,2.1394601580194942e-05,-5.370435553251516,5.94325840156221,-0.44088688512523494,0.003950439200423983,93.03248881923798,-1.6674460639624763e-08,0.0002476829659536423,-2.1823092638285834e-06,-1.0612422439080706,-56.560215362697306,0.026341539821476943,2.5553454700234334e-05,0.035748924756595635,56467.2,0.09122468279977346,0.006999999999999999,index_dividend_yield,0.065,13.11,30,56007.65,56368.7,55812.2,55794.75,mid_price,ok
2026-09-16T08:50:21.908876+00:00,2026-09-16T14:20:21.908876+05:30,BANKNIFTY,29-Sep-2026,51600.0,CE,56283.35,4320.5,300,5103.5,300,0.0,4712.0,0,0,0,0,0,,,,,,,,,,,,,,,0.035748924756595635,56467.2,0.09122468279977346,0.006999999999999999,index_dividend_yield,0.065,13.11,30,56007.65,56368.7,55812.2,55794.75,mid_price,no_nse_iv
2026-09-16T08:50:21.908876+00:00,2026-09-16T14:20:21.908876+05:30,BANKNIFTY,29-Sep-2026,51600.0,PE,56283.35,22.75,60,23.6,120,23.8,23.175,288,60,540,-10.694183864915573,24.32,-0.025142574275945132,2.2689531225904356e-05,-5.594256545627497,6.2490205864028034,-0.46151945236428715,0.004095631934861517,96.1356541144034,-1.7606046058049812e-08,0.0002557647357032193,-2.229655237366181e-06,-1.0924905424071918,-56.604383766646635,0.02790907529360007,2.6995165710909175e-05,0.035748924756595635,56467.2,0.09122468279977346,0.006999999999999999,index_dividend_yield,0.065,13.11,30,56007.65,56368.7,55812.2,55794.75,mid_price,ok
2026-09-16T08:50:21.908876+00:00,2026-09-16T14:20:21.908876+05:30,BANKNIFTY,29-Sep-2026,51700.0,CE,56283.35,4227.55,300,5023.3,300,0.0,4625.425,0,0,0,0,0,,,,,,,,,,,,,,,0.035748924756595635,56467.2,0.09122468279977346,0.006999999999999999,index_dividend_yield,0.065,13.11,30,56007.65,56368.7,55812.2,55794.75,mid_price,no_nse_iv
2026-09-16T08:50:21.908876+00:00,2026-09-16T14:20:21.908876+05:30,BANKNIFTY,29-Sep-2026,51700.0,PE,56283.35,23.6,60,24.65,240,24.8,24.125,284,31,490,-17.60797342192691,24.02,-0.02626426260298327,2.3827733382637013e-05,-5.726241671013147,6.481545834806216,-0.48005937335949406,0.004203029485581759,99.03950622569324,-1.8537631523179666e-08,0.000264896149969442,-2.2762247494127314e-06,-1.1153779325742779,-56.98627456266479,0.029094409632922064,2.8239793943980524e-05,0.035748924756595635,56467.2,0.09122468279977346,0.006999999999999999,index_dividend_yield,0.065,13.11,30,56007.65,56368.7,55812.2,55794.75,mid_price,ok
2026-09-16T08:50:21.908876+00:00,2026-09-16T14:20:21.908876+05:30,BANKNIFTY,29-Sep-2026,51800.0,CE,56283.35,4090.8,300,4901.2,300,0.0,4496.0,0,0,0,0,0,,,,,,,,,,,,,,,0.035748924756595635,56467.2,0.09122468279977346,0.006999999999999999,index_dividend_yield,0.065,13.11,30,56007.65,56368.7,55812.2,55794.75,mid_price,no_nse_iv
2026-09-16T08:50:21.908876+00:00,2026-09-16T14:20:21.908876+05:30,BANKNIFTY,29-Sep-2026,51800.0,PE,56283.35,24.8,30,25.95,360,26,25.375,256,8,192,-14.049586776859504,23.74,-0.027551690503925197,2.5091402910155947e-05,-5.8853047149930955,6.7457232579636015,-0.5001279677847806,0.0043227723803808404,102.07720680853605,-1.9536913279534935e-08,0.00027399689342421854,-2.321938671875329e-06,-1.1406680746697369,-57.29380216250332,0.030458826633925802,2.962274516440264e-05,0.035748924756595635,56467.2,0.09122468279977346,0.006999999999999999,index_dividend_yield,0.065,13.11,30,56007.65,56368.7,55812.2,55794.75,mid_price,ok
2026-09-16T08:50:21.908876+00:00,2026-09-16T14:20:21.908876+05:30,BANKNIFTY,29-Sep-2026,51900.0,CE,56283.35,3996.7,300,4790.4,300,0.0,4393.549999999999,0,0,0,0,0,,,,,,,,,,,,,,,0.035748924756595635,56467.2,0.09122468279977346,0.006999999999999999,index_dividend_yield,0.065,13.11,30,56007.65,56368.7,55812.2,55794.75,mid_price,no_nse_iv
2026-09-16T08:50:21.908876+00:00,2026-09-16T14:20:21.908876+05:30,BANKNIFTY,29-Sep-2026,51900.0,PE,56283.35,25.9,120,26.6,330,27.15,26.25,224,36,233,-15.552099533437014,23.41,-0.028657822402226956,2.6292865536642045e-05,-5.99157119639516,6.97047213801071,-0.5194474229172648,0.004422085299116554,105.07153624588294,-2.0570812814486695e-08,0.00028402211885473263,-2.368243099120266e-06,-1.161467365607609,-57.79947354771025,0.031615883520735744,3.0921680068916204e-05,0.035748924756595635,56467.2,0.09122468279977346,0.006999999999999999,index_dividend_yield,0.065,13.11,30,56007.65,56368.7,55812.2,55794.75,mid_price,ok
2026-09-16T08:50:21.908876+00:00,2026-09-16T14:20:21.908876+05:30,BANKNIFTY,29-Sep-2026,52000.0,CE,56283.35,4473.8,60,4514.95,30,4375,4494.375,430,-2,7,7.842291433008368,0,,,,,,,,,,,,,,,0.035748924756595635,56467.2,0.09122468279977346,0.006999999999999999,index_dividend_yield,0.065,13.11,30,56007.65,56368.7,55812.2,55794.75,mid_price,no_nse_iv
2026-09-16T08:50:21.908876+00:00,2026-09-16T14:20:21.908876+05:30,BANKNIFTY,29-Sep-2026,52000.0,PE,56283.35,27.5,30,27.65,30,27.2,27.575,17526,1934,20998,-19.764011799410028,23.2,-0.030477567726667515,2.7921818300315823e-05,-6.243774798022165,7.33591926351281,-0.5437019633649994,0.004581336675807044,108.41108775535346,-2.1727178879151865e-08,0.00029228307750998845,-2.4088502314569805e-06,-1.1944746318758943,-57.83098973553637,0.03355849146290118,3.2711230933118744e-05,0.035748924756595635,56467.2,0.09122468279977346,0.006999999999999999,index_dividend_yield,0.065,13.11,30,56007.65,56368.7,55812.2,55794.75,mid_price,ok
2026-09-16T08:50:21.908876+00:00,2026-09-16T14:20:21.908876+05:30,BANKNIFTY,29-Sep-2026,52100.0,CE,56283.35,3851.05,300,4563.45,300,0.0,4207.25,0,0,0,0,0,,,,,,,,,,,,,,,0.035748924756595635,56467.2,0.09122468279977346,0.006999999999999999,index_dividend_yield,0.065,13.11,30,56007.65,56368.7,55812.2,55794.75,mid_price,no_nse_iv
2026-09-16T08:50:21.908876+00:00,2026-09-16T14:20:21.908876+05:30,BANKNIFTY,29-Sep-2026,52100.0,PE,56283.35,28.65,60,29.35,120,29.65,29.0,512,20,276,-13.177159590043924,22.9,-0.03191075015088155,2.9383508071632576e-05,-6.395804258027155,7.620123120609751,-0.5659637395075585,0.004701115414901345,111.62153989095769,-2.2907628163130998e-08,0.00030210929318334425,-2.4512410183242263e-06,-1.219037726914788,-58.21986141874288,0.03506512961564249,3.4291625781751844e-05,0.035748924756595635,56467.2,0.09122468279977346,0.006999999999999999,index_dividend_yield,0.065,13.11,30,56007.65,56368.7,55812.2,55794.75,mid_price,ok
2026-09-16T08:50:21.908876+00:00,2026-09-16T14:20:21.908876+05:30,BANKNIFTY,29-Sep-2026,52200.0,CE,56283.35,3749,300,4447.45,300,0.0,4098.225,0,0,0,0,0,,,,,,,,,,,,,,,0.035748924756595635,56467.2,0.09122468279977346,0.006999999999999999,index_dividend_yield,0.065,13.11,30,56007.65,56368.7,55812.2,55794.75,mid_price,no_nse_iv
2026-09-16T08:50:21.908876+00:00,2026-09-16T14:20:21.908876+05:30,BANKNIFTY,29-Sep-2026,52200.0,PE,56283.35,30.05,60,30.6,30,30.95,30.325000000000003,373,25,180,-13.668061366806137,22.62,-0.03355036867247935,3.1001911805380734e-05,-6.577713420326106,7.941525569122381,-0.589911843148036,0.0048335049366558,114.93683634156282,-2.4168304652925646e-08,0.00031163687892252543,-2.4904893007808804e-06,-1.2459210948713295,-58.52899108731947,0.03679291667270781,3.6041872678979735e-05,0.035748924756595635,56467.2,0.09122468279977346,0.006999999999999999,index_dividend_yield,0.065,13.11,30,56007.65,56368.7,55812.2,55794.75,mid_price,ok
2026-09-16T08:50:21.908876+00:00,2026-09-16T14:20:21.908876+05:30,BANKNIFTY,29-Sep-2026,52300.0,CE,56283.35,3665.75,300,4659.3,300,0.0,4162.525,0,0,0,0,0,,,,,,,,,,,,,,,0.035748924756595635,56467.2,0.09122468279977346,0.006999999999999999,index_dividend_yield,0.065,13.11,30,56007.65,56368.7,55812.2,55794.75,mid_price,no_nse_iv
2026-09-16T08:50:21.908876+00:00,2026-09-16T14:20:21.908876+05:30,BANKNIFTY,29-Sep-2026,52300.0,PE,56283.35,31,420,31.85,60,33.4,31.425,380,80,306,-10.575635876840696,22.46,-0.03603537533506761,3.310935693283387e-05,-6.91933882373229,8.421381834050463,-0.6187287157352269,0.0050265237209944635,118.42286433514725,-2.5535395762929494e-08,0.00031818006436759735,-2.5159288591043973e-06,-1.2846125671455235,-58.34041451960587,0.03944467345679645,3.834486788011831e-05,0.035748924756595635,56467.2,0.09122468279977346,0.006999999999999999,index_dividend_yield,0.065,13.11,30,56007.65,56368.7,55812.2,55794.75,mid_price,ok
2026-09-16T08:50:21.908876+00:00,2026-09-16T14:20:21.908876+05:30,BANKNIFTY,29-Sep-2026,52400.0,CE,56283.35,3559.6,300,4259.6,870,0.0,3909.6000000000004,0,0,0,0,0,,,,,,,,,,,,,,,0.035748924756595635,56467.2,0.09122468279977346,0.006999999999999999,index_dividend_yield,0.065,13.11,30,56007.65,56368.7,55812.2,55794.75,mid_price,no_nse_iv
2026-09-16T08:50:21.908876+00:00,2026-09-16T14:20:21.908876+05:30,BANKNIFTY,29-Sep-2026,52400.0,PE,56283.35,32.65,330,33.4,30,34.45,33.025,320,18,455,-11.7797695262484,22.12,-0.03753836431062659,3.4760649693532527e-05,-7.038540225434397,8.707547839275907,-0.6429161064510046,0.005136185076409006,121.77451749582602,-2.693152432669255e-08,0.00032898600143789746,-2.5539324171560933e-06,-1.3063529192771917,-58.892985237248176,0.04100495955758843,4.010376888187183e-05,0.035748924756595635,56467.2,0.09122468279977346,0.006999999999999999,index_dividend_yield,0.065,13.11,30,56007.65,56368.7,55812.2,55794.75,mid_price,ok
2026-09-16T08:50:21.908876+00:00,2026-09-16T14:20:21.908876+05:30,BANKNIFTY,29-Sep-2026,52500.0,CE,56283.35,3712.8,300,4086.2,30,0.0,3899.5,12,0,0,0,29.89,0.9023278003903958,5.41258648353409e-05,-28.334822019351197,18.321187747664197,-0.7140684233841732,0.007713047734046463,98.50063099775319,-2.2987154815801478e-08,0.00010991813521188935,-1.0634306417133834e-06,-1.7630810604834117,12.569107881618397,-0.8903902393484705,6.220798290601526e-05,0.035748924756595635,56467.2,0.09122468279977346,0.006999999999999999,index_dividend_yield,0.065,13.11,30,56007.65,56368.7,55812.2,55794.75,mid_price,ok
2026-09-16T08:50:21.908876+00:00,2026-09-16T14:20:21.908876+05:30,BANKNIFTY,29-Sep-2026,52500.0,PE,56283.35,34.5,60,34.75,60,34.55,34.625,7933,2737,9933,-18.321513002364068,21.85,-0.03960171727856978,3.6758595124103985e-05,-7.2546124899305156,9.095638840426433,-0.6704187110514181,0.005282106522347237,125.2238126922709,-2.8426940771765485e-08,0.00033784784071957426,-2.5811387467316614e-06,-1.334988250172767,-59.15421883497882,0.04317327777928522,4.224741838464511e-05,0.035748924756595635,56467.2,0.09122468279977346,0.006999999999999999,index_dividend_yield,0.065,13.11,30,56007.65,56368.7,55812.2,55794.75,mid_price,ok
2026-09-16T08:50:21.908876+00:00,2026-09-16T14:20:21.908876+05:30,BANKNIFTY,29-Sep-2026,52600.0,CE,56283.35,3379.5,300,4041.45,300,0.0,3710.475,0,0,0,0,0,,,,,,,,,,,,,,,0.035748924756595635,56467.2,0.09122468279977346,0.006999999999999999,index_dividend_yield,0.065,13.11,30,56007.65,56368.7,55812.2,55794.75,mid_price,no_nse_iv
2026-09-16T08:50:21.908876+00:00,2026-09-16T14:20:21.908876+05:30,BANKNIFTY,29-Sep-2026,52600.0,PE,56283.35,36.4,30,36.95,420,36.7,36.675,378,52,696,-15.535097813578826,21.43,-0.04075768862304928,3.8365312845478096e-05,-7.274426524376867,9.310730936330874,-0.694589191377333,0.005358350802503693,128.75048789747723,-3.000933824644222e-08,0.0003515042295300545,-2.6250857672021404e-06,-1.349845206019225,-60.06783677659688,0.04433781489800413,4.3926553876751795e-05,0.035748924756595635,56467.2,0.09122468279977346,0.006999999999999999,index_dividend_yield,0.065,13.11,30,56007.65,56368.7,55812.2,55794.75,mid_price,ok
2026-09-16T08:50:21.908876+00:00,2026-09-16T14:20:21.908876+05:30,BANKNIFTY,29-Sep-2026,52700.0,CE,56283.35,3306.05,300,3939.5,300,0.0,3622.775,0,0,0,0,0,,,,,,,,,,,,,,,0.035748924756595635,56467.2,0.09122468279977346,0.006999999999999999,index_dividend_yield,0.065,13.11,30,56007.65,56368.7,55812.2,55794.75,mid_price,no_nse_iv
2026-09-16T08:50:21.908876+00:00,2026-09-16T14:20:21.908876+05:30,BANKNIFTY,29-Sep-2026,52700.0,PE,56283.35,38.55,30,38.75,300,38.65,38.65,447,44,978,-13.631284916201118,21.22,-0.043498019220836945,4.084007782752973e-05,-7.583920594612874,9.814197695611963,-0.7263108286989401,0.0055383207644823995,132.27311072036852,-3.1693029188588475e-08,0.0003579800572234123,-2.6349027632553677e-06,-1.3845111851490621,-60.065812467015725,0.04722909114660061,4.658275910741078e-05,0.035748924756595635,56467.2,0.09122468279977346,0.006999999999999999,index_dividend_yield,0.065,13.11,30,56007.65,56368.7,55812.2,55794.75,mid_price,ok
2026-09-16T08:50:21.908876+00:00,2026-09-16T14:20:21.908876+05:30,BANKNIFTY,29-Sep-2026,52800.0,CE,56283.35,3199.25,300,3842.9,300,0.0,3521.075,0,0,0,0,0,,,,,,,,,,,,,,,0.035748924756595635,56467.2,0.09122468279977346,0.006999999999999999,index_dividend_yield,0.065,13.11,30,56007.65,56368.7,55812.2,55794.75,mid_price,no_nse_iv
2026-09-16T08:50:21.908876+00:00,2026-09-16T14:20:21.908876+05:30,BANKNIFTY,29-Sep-2026,52800.0,PE,56283.35,40.4,30,40.9,120,40.35,40.65,210,81,872,-16.889804325437694,21.2,-0.04788206213144578,4.415917267128293e-05,-8.176163665812863,10.60180106239875,-0.7638732028407286,0.005808315997681245,135.39761683004502,-3.339070762966343e-08,0.0003556769568733694,-2.5989275644028068e-06,-1.4355893032422067,-59.21897143072882,0.05190286551498439,5.017795536724583e-05,0.035748924756595635,56467.2,0.09122468279977346,0.006999999999999999,index_dividend_yield,0.065,13.11,30,56007.65,56368.7,55812.2,55794.75,mid_price,ok
2026-09-16T08:50:21.908876+00:00,2026-09-16T14:20:21.908876+05:30,BANKNIFTY,29-Sep-2026,52900.0,CE,56283.35,3030.75,300,3695.65,60,0.0,3363.2,0,0,0,0,0,,,,,,,,,,,,,,,0.035748924756595635,,,,,,13.11,30,56007.65,56368.7,55812.2,55794.75,mid_price,no_price_available
2026-09-16T08:50:21.908876+00:00,2026-09-16T14:20:21.908876+05:30,BANKNIFTY,29-Sep-2026,52900.0,PE,56283.35,42.55,30,43.05,330,42.4,42.8,349,159,1192,-20.375586854460092,20.85,-0.04998058198337659,4.646594153356016e-05,-8.310260496020321,10.971440758446295,-0.7938653800027492,0.0059249240967884165,138.96471006453393,-3.526999569320155e-08,0.0003656920985549536,-2.6148726031443564e-06,-1.4573616000480631,-59.81319322864582,0.05406626831682849,5.259970097962309e-05,0.035748924756595635,56467.2,0.09122468279977346,0.006999999999999999,index_dividend_yield,0.065,13.11,30,56007.65,56368.7,55812.2,55794.75,mid_price,ok
2026-09-16T08:50:21.908876+00:00,2026-09-16T14:20:21.908876+05:30,BANKNIFTY,29-Sep-2026,53000.0,CE,56283.35,3492.3,30,3526.85,30,3565.25,3509.575,1222,17,203,15.462465185569014,27.15,0.8917269182602021,6.423423626511658e-05,-27.89062237602045,19.749643482240103,-0.8104493714838901,0.007875968847203096,106.68368079226553,-2.8585012669003276e-08,0.00011039560372560407,-9.044479074282865e-07,-1.790725409697302,14.154876857340769,-0.8800688258438691,7.243937645088837e-05,0.035748924756595635,56467.2,0.09122468279977346,0.006999999999999999,index_dividend_yield,0.065,13.11,30,56007.65,56368.7,55812.2,55794.75,mid_price,ok
2026-09-16T08:50:21.908876+00:00,2026-09-16T14:20:21.908876+05:30,BANKNIFTY,29-Sep-2026,53000.0,PE,56283.35,45.8,150,45.95,30,45.95,45.875,21297,6314,28698,-18.959435626102294,20.65,-0.053456564701654816,4.949169002691152e-05,-8.67111897014857,11.573779436985228,-0.8284746389701121,0.006110984992687461,142.1296384852315,-3.717097994768385e-08,0.0003681162059196365,-2.5895897020369627e-06,-1.4916595487114588,-59.739216523440845,0.057718465764680406,5.5813649752960355e-05,0.035748924756595635,56467.2,0.09122468279977346,0.006999999999999999,index_dividend_yield,0.065,13.11,30,56007.65,56368.7,55812.2,55794.75,mid_price,ok
2026-09-16T08:50:21.908876+00:00,2026-09-16T14:20:21.908876+05:30,BANKNIFTY,29-Sep-2026,53100.0,CE,56283.35,2905.25,300,3547.4,300,0.0,3226.325,0,0,0,0,0,,,,,,,,,,,,,,,0.035748924756595635,56467.2,0.09122468279977346,0.006999999999999999,index_dividend_yield,0.065,13.11,30,56007.65,56368.7,55812.2,55794.75,mid_price,no_nse_iv
2026-09-16T08:50:21.908876+00:00,2026-09-16T14:20:21.908876+05:30,BANKNIFTY,29-Sep-2026,53100.0,PE,56283.35,47.85,90,48.4,330,48.1,48.125,704,195,2186,-17.84799316823228,20.36,-0.05640727012521203,5.2373896311877896e-05,-8.907326136207276,12.075789089828845,-0.8622261564460095,0.006256561103841616,145.48322846087203,-3.9230093661850245e-08,0.0003737492149267738,-2.5747286070330845e-06,-1.518180694583501,-60.0614496533373,0.060784353288726355,5.884176884851174e-05,0.035748924756595635,56467.2,0.09122468279977346,0.006999999999999999,index_dividend_yield,0.065,13.11,30,56007.65,56368.7,55812.2,55794.75,mid_price,ok
2026-09-16T08:50:21.908876+00:00,2026-09-16T14:20:21.908876+05:30,BANKNIFTY,29-Sep-2026,53200.0,CE,56283.35,2815.55,300,3455.5,300,0.0,3135.525,0,0,0,0,0,,,,,,,,,,,,,,,0.035748924756595635,56467.2,0.09122468279977346,0.006999999999999999,index_dividend_yield,0.065,13.11,30,56007.65,56368.7,55812.2,55794.75,mid_price,no_nse_iv
2026-09-16T08:50:21.908876+00:00,2026-09-16T14:20:21.908876+05:30,BANKNIFTY,29-Sep-2026,53200.0,PE,56283.35,42.25,1200,63.45,1110,0.0,52.85,0,0,0,0,0,,,,,,,,,,,,,,,0.035748924756595635,56467.2,0.09122468279977346,0.006999999999999999,index_dividend_yield,0.065,13.11,30,56007.65,56368.7,55812.2,55794.75,mid_price,no_nse_iv
2026-09-16T08:50:21.908876+00:00,2026-09-16T14:20:21.908876+05:30,BANKNIFTY,29-Sep-2026,53300.0,CE,56283.35,2737.7,300,3436.75,300,0.0,3087.225,0,0,0,0,0,,,,,,,,,,,,,,,0.035748924756595635,56467.2,0.09122468279977346,0.006999999999999999,index_dividend_yield,0.065,13.11,30,56007.65,56368.7,55812.2,55794.75,mid_price,no_nse_iv
2026-09-16T08:50:21.908876+00:00,2026-09-16T14:20:21.908876+05:30,BANKNIFTY,29-Sep-2026,53300.0,PE,56283.35,41.85,1110,76.25,1200,0.0,59.05,0,0,0,0,0,,,,,,,,,,,,,,,0.035748924756595635,56467.2,0.09122468279977346,0.006999999999999999,index_dividend_yield,0.065,13.11,30,56007.65,56368.7,55812.2,55794.75,mid_price,no_nse_iv
2026-09-16T08:50:21.908876+00:00,2026-09-16T14:20:21.908876+05:30,BANKNIFTY,29-Sep-2026,53400.0,CE,56283.35,2628.55,300,3261.95,300,0.0,2945.25,0,0,0,0,0,,,,,,,,,,,,,,,0.035748924756595635,56467.2,0.09122468279977346,0.006999999999999999,index_dividend_yield,0.065,13.11,30,56007.65,56368.7,55812.2,55794.75,mid_price,no_nse_iv
2026-09-16T08:50:21.908876+00:00,2026-09-16T14:20:21.908876+05:30,BANKNIFTY,29-Sep-2026,53400.0,PE,56283.35,45.05,1200,72.85,1110,0.0,58.949999999999996,0,0,0,0,0,,,,,,,,,,,,,,,0.035748924756595635,56467.2,0.09122468279977346,0.006999999999999999,index_dividend_yield,0.065,13.11,30,56007.65,56368.7,55812.2,55794.75,mid_price,no_nse_iv
2026-09-16T08:50:21.908876+00:00,2026-09-16T14:20:21.908876+05:30,BANKNIFTY,29-Sep-2026,53500.0,CE,56283.35,2860.8,300,3058.5,30,0.0,2959.65,154,0,0,0,0,,,,,,,,,,,,,,,0.035748924756595635,56467.2,0.09122468279977346,0.006999999999999999,index_dividend_yield,0.065,13.11,30,56007.65,56368.7,55812.2,55794.75,mid_price,no_nse_iv
2026-09-16T08:50:21.908876+00:00,2026-09-16T14:20:21.908876+05:30,BANKNIFTY,29-Sep-2026,53500.0,PE,56283.35,61.25,90,61.55,150,61.25,61.4,13832,64,16802,-23.533083645443195,19.38,-0.07226279053071133,6.671004782778212e-05,-10.214386746635034,14.640903772086572,-1.0097339887413446,0.0069005355223860495,156.77649358593993,-4.827803673606729e-08,0.0003701364814451689,-2.3289100449859653e-06,-1.632180607004205,-60.45897487040993,0.07727969834611202,7.383181855610162e-05,0.035748924756595635,56467.2,0.09122468279977346,0.006999999999999999,index_dividend_yield,0.065,13.11,30,56007.65,56368.7,55812.2,55794.75,mid_price,ok
2026-09-16T08:50:21.908876+00:00,2026-09-16T14:20:21.908876+05:30,BANKNIFTY,29-Sep-2026,53600.0,CE,56283.35,2706.75,300,3055.7,300,0.0,2881.225,1,0,0,0,0,,,,,,,,,,,,,,,0.035748924756595635,56467.2,0.09122468279977346,0.006999999999999999,index_dividend_yield,0.065,13.11,30,56007.65,56368.7,55812.2,55794.75,mid_price,no_nse_iv
2026-09-16T08:50:21.908876+00:00,2026-09-16T14:20:21.908876+05:30,BANKNIFTY,29-Sep-2026,53600.0,PE,56283.35,55.3,1200,92.6,1200,0.0,73.94999999999999,0,0,0,0,0,,,,,,,,,,,,,,,0.035748924756595635,56467.2,0.09122468279977346,0.006999999999999999,index_dividend_yield,0.065,13.11,30,56007.65,56368.7,55812.2,55794.75,mid_price,no_nse_iv
2026-09-16T08:50:21.908876+00:00,2026-09-16T14:20:21.908876+05:30,BANKNIFTY,29-Sep-2026,53700.0,CE,56283.35,2513.7,300,2983.25,300,0.0,2748.475,0,0,0,0,0,,,,,,,,,,,,,,,0.035748924756595635,56467.2,0.09122468279977346,0.006999999999999999,index_dividend_yield,0.065,13.11,30,56007.65,56368.7,55812.2,55794.75,mid_price,no_nse_iv
2026-09-16T08:50:21.908876+00:00,2026-09-16T14:20:21.908876+05:30,BANKNIFTY,29-Sep-2026,53700.0,PE,56283.35,70.55,210,71.25,420,70.4,70.9,423,-352,2456,-24.986680873734684,18.93,-0.08245919256823046,7.549953214810908e-05,-10.989220722069932,16.185187535456212,-1.0868736701262482,0.007207728534191993,160.60787670645738,-5.3228289027743434e-08,0.0003503785597300127,-2.078665457192012e-06,-1.6850157129110173,-60.40660310596634,0.08785680191507932,8.293838353527355e-05,0.035748924756595635,56467.2,0.09122468279977346,0.006999999999999999,index_dividend_yield,0.065,13.11,30,56007.65,56368.7,55812.2,55794.75,mid_price,ok
2026-09-16T08:50:21.908876+00:00,2026-09-16T14:20:21.908876+05:30,BANKNIFTY,29-Sep-2026,53800.0,CE,56283.35,2361.7,300,2861.85,300,0.0,2611.7749999999996,0,0,0,0,0,,,,,,,,,,,,,,,0.035748924756595635,56467.2,0.09122468279977346,0.006999999999999999,index_dividend_yield,0.065,13.11,30,56007.65,56368.7,55812.2,55794.75,mid_price,no_nse_iv
2026-09-16T08:50:21.908876+00:00,2026-09-16T14:20:21.908876+05:30,BANKNIFTY,29-Sep-2026,53800.0,PE,56283.35,75.2,60,75.65,120,75.6,75.42500000000001,874,-823,3541,-26.459143968871594,18.71,-0.08818153646069636,8.032493769701487e-05,-11.39879767042721,17.01950976409316,-1.1253405317006928,0.007348931674025949,161.899360030036,-5.577939605595888e-08,0.0003348043268741748,-1.9152251544270963e-06,-1.709157203817611,-60.33692975320729,0.09378084701403763,8.791150676703824e-05,0.035748924756595635,56467.2,0.09122468279977346,0.006999999999999999,index_dividend_yield,0.065,13.11,30,56007.65,56368.7,55812.2,55794.75,mid_price,ok
2026-09-16T08:50:21.908876+00:00,2026-09-16T14:20:21.908876+05:30,BANKNIFTY,29-Sep-2026,53900.0,CE,56283.35,2244.85,300,2783,300,0.0,2513.925,0,0,0,0,0,,,,,,,,,,,,,,,0.035748924756595635,56467.2,0.09122468279977346,0.006999999999999999,index_dividend_yield,0.065,13.11,30,56007.65,56368.7,55812.2,55794.75,mid_price,no_nse_iv
2026-09-16T08:50:21.908876+00:00,2026-09-16T14:20:21.908876+05:30,BANKNIFTY,29-Sep-2026,53900.0,PE,56283.35,80.95,60,82.05,300,82.65,81.5,536,-512,3335,-24.623803009575923,18.31,-0.09222652599412434,8.486023777621956e-05,-11.505799142610332,17.596060644926105,-1.1671026934865283,0.007429038649085534,164.81865418833763,-5.9079390114835474e-08,0.00033142950302361517,-1.8111920371830984e-06,-1.7231075732791012,-61.12899184229389,0.09788003064131101,9.253085851862422e-05,0.035748924756595635,56467.2,0.09122468279977346,0.006999999999999999,index_dividend_yield,0.065,13.11,30,56007.65,56368.7,55812.2,55794.75,mid_price,ok
2026-09-16T08:50:21.908876+00:00,2026-09-16T14:20:21.908876+05:30,BANKNIFTY,29-Sep-2026,54000.0,CE,56283.35,2546.8,30,2572.45,150,2547.9,2559.625,1781,52,537,16.531363625969036,17.69,0.9058418738146452,8.901515074839554e-05,-19.748239336981868,17.83259827398499,-1.2157877616317814,0.007463868385700123,170.38730604518724,-6.358767167578847e-08,0.0003473580993393612,-1.8004700715368746e-06,-1.7263785072234867,20.571273623657948,-0.8982484565531299,9.670218557551884e-05,0.035748924756595635,56467.2,0.09122468279977346,0.006999999999999999,index_dividend_yield,0.065,13.11,30,56007.65,56368.7,55812.2,55794.75,mid_price,ok
2026-09-16T08:50:21.908876+00:00,2026-09-16T14:20:21.908876+05:30,BANKNIFTY,29-Sep-2026,54000.0,PE,56283.35,88.25,120,88.45,30,87.8,88.35,29452,4383,36778,-28.90688259109312,18.38,-0.1022360797896845,9.117716736811161e-05,-12.434840486363267,18.978175753509763,-1.1973289736649795,0.007617037530945628,161.6641641618539,-6.050357819417317e-08,0.00028064336597712194,-1.4503006738761316e-06,-1.7553857892063256,-59.62802224070039,0.10834612010209092,9.905090633394443e-05,0.035748924756595635,56467.2,0.09122468279977346,0.006999999999999999,index_dividend_yield,0.065,13.11,30,56007.65,56368.7,55812.2,55794.75,mid_price,ok
2026-09-16T08:50:21.908876+00:00,2026-09-16T14:20:21.908876+05:30,BANKNIFTY,29-Sep-2026,54100.0,CE,56283.35,2244.6,300,2623.2,300,0.0,2433.8999999999996,0,0,0,0,0,,,,,,,,,,,,,,,0.035748924756595635,56467.2,0.09122468279977346,0.006999999999999999,index_dividend_yield,0.065,13.11,30,56007.65,56368.7,55812.2,55794.75,mid_price,no_nse_iv
2026-09-16T08:50:21.908876+00:00,2026-09-16T14:20:21.908876+05:30,BANKNIFTY,29-Sep-2026,54100.0,PE,56283.35,94.2,270,94.6,30,94.35,94.4,1097,-786,6159,-26.973684210526315,18.07,-0.10824075140799923,9.66514059490462e-05,-12.708815971286727,19.778310471007543,-1.235903031339476,0.007693125912609497,162.53545755306575,-6.352628253070117e-08,0.00025942225397282724,-1.2434517042336025e-06,-1.769318474652934,-59.94254782172219,0.11448771315133383,0.00010461007739730882,0.035748924756595635,56467.2,0.09122468279977346,0.006999999999999999,index_dividend_yield,0.065,13.11,30,56007.65,56368.7,55812.2,55794.75,mid_price,ok
2026-09-16T08:50:21.908876+00:00,2026-09-16T14:20:21.908876+05:30,BANKNIFTY,29-Sep-2026,54200.0,CE,56283.35,2241.45,300,2427.25,30,0.0,2334.35,1,0,0,0,0,,,,,,,,,,,,,,,0.035748924756595635,56467.2,0.09122468279977346,0.006999999999999999,index_dividend_yield,0.065,13.11,30,56007.65,56368.7,55812.2,55794.75,mid_price,no_nse_iv
2026-09-16T08:50:21.908876+00:00,2026-09-16T14:20:21.908876+05:30,BANKNIFTY,29-Sep-2026,54200.0,PE,56283.35,101.35,30,101.85,30,100.5,101.6,1158,-587,4872,-30.03828750435085,17.92,-0.1167293769277316,0.00010286151854656223,-13.27029292347816,20.874390246898678,-1.2669762700720164,0.00778014692859942,160.62963483066994,-6.573905967024279e-08,0.0002175480603905562,-9.216854521549835e-07,-1.7859617519701132,-59.474102613584634,0.12325437799840284,0.00011092111745858044,0.035748924756595635,56467.2,0.09122468279977346,0.006999999999999999,index_dividend_yield,0.065,13.11,30,56007.65,56368.7,55812.2,55794.75,mid_price,ok
2026-09-16T08:50:21.908876+00:00,2026-09-16T14:20:21.908876+05:30,BANKNIFTY,29-Sep-2026,54300.0,CE,56283.35,2265.1,30,2300.75,30,2260,2282.925,8,0,1,-0.6593406593406593,18.83,0.8605306783896318,0.00011064489152035501,-24.321762345906883,23.594161556370583,-1.2340527638191046,0.007934401586116802,142.31566150870734,-6.145388750014927e-08,7.981052911013465e-05,-4.2611828752982164e-08,-1.8166104933006224,21.62677095420677,-0.8507188039758926,0.00011887528902598757,0.035748924756595635,56467.2,0.09122468279977346,0.006999999999999999,index_dividend_yield,0.065,13.11,30,56007.65,56368.7,55812.2,55794.75,mid_price,ok
2026-09-16T08:50:21.908876+00:00,2026-09-16T14:20:21.908876+05:30,BANKNIFTY,29-Sep-2026,54300.0,PE,56283.35,109.2,30,110,90,109.85,109.6,593,64,3931,-27.99082268108817,17.76,-0.12568366338415832,0.00010932631750941386,-13.81858942973008,21.988243752860384,-1.295228828694074,0.007837133555449072,158.0828258519844,-6.78887578159402e-08,0.00017044411502546957,-5.689797478889639e-07,-1.7987817660900163,-59.037681763181524,0.1324809882015953,0.00011745863196664244,0.035748924756595635,56467.2,0.09122468279977346,0.006999999999999999,index_dividend_yield,0.065,13.11,30,56007.65,56368.7,55812.2,55794.75,mid_price,ok
2026-09-16T08:50:21.908876+00:00,2026-09-16T14:20:21.908876+05:30,BANKNIFTY,29-Sep-2026,54400.0,CE,56283.35,2058.9,300,2213.9,120,0.0,2136.4,1,0,0,0,0,,,,,,,,,,,,,,,0.035748924756595635,56467.2,0.09122468279977346,0.006999999999999999,index_dividend_yield,0.065,13.11,30,56007.65,56368.7,55812.2,55794.75,mid_price,no_nse_iv
2026-09-16T08:50:21.908876+00:00,2026-09-16T14:20:21.908876+05:30,BANKNIFTY,29-Sep-2026,54400.0,PE,56283.35,117.85,90,118.6,30,117.9,118.225,1278,81,4523,-31.21353558926488,17.58,-0.13499522025622618,0.00011604376785917295,-14.332707456808246,23.10274336556336,-1.3209583219511571,0.00786123421957377,155.04457367740798,-7.00288088056387e-08,0.00011871718210406317,-1.8998918021889027e-07,-1.8076585858995775,-58.67912141627554,0.14204902240500167,0.00012421781906220958,0.035748924756595635,56467.2,0.09122468279977346,0.006999999999999999,index_dividend_yield,0.065,13.11,30,56007.65,56368.7,55812.2,55794.75,mid_price,ok
2026-09-16T08:50:21.908876+00:00,2026-09-16T14:20:21.908876+05:30,BANKNIFTY,29-Sep-2026,54500.0,CE,56283.35,2086.7,30,2113.3,30,2090.4,2100.0,450,-5,132,17.342614162620336,16.9,0.8616015442529682,0.0001226339653648912,-22.544687887449843,23.470391691432,-1.3788506459759264,0.007852242399368436,159.72554210437906,-7.586837278349177e-08,0.00010896000117801858,-4.38265384766854e-08,-1.8064296999066976,23.962213864017162,-0.8526616354665687,0.00013079093501974914,0.035748924756595635,56467.2,0.09122468279977346,0.006999999999999999,index_dividend_yield,0.065,13.11,30,56007.65,56368.7,55812.2,55794.75,mid_price,ok
2026-09-16T08:50:21.908876+00:00,2026-09-16T14:20:21.908876+05:30,BANKNIFTY,29-Sep-2026,54500.0,PE,56283.35,127.5,30,128.05,60,127.45,127.775,11421,-1130,22072,-29.253399944490702,17.36,-0.14441452068434746,0.00012302894429644544,-14.773204041690787,24.18688165867289,-1.3455164541732734,0.007850926510308553,151.8568954587298,-7.231150734342242e-08,6.376951450291594e-05,2.0565895449809303e-07,-1.8125728898165114,-58.490975451541594,0.15168985128063028,0.00013121218588297754,0.035748924756595635,56467.2,0.09122468279977346,0.006999999999999999,index_dividend_yield,0.065,13.11,30,56007.65,56368.7,55812.2,55794.75,mid_price,ok
2026-09-16T08:50:21.908876+00:00,2026-09-16T14:20:21.908876+05:30,BANKNIFTY,29-Sep-2026,54600.0,CE,56283.35,1873.2,300,2038.2,30,0.0,1955.7,10,0,0,0,0,,,,,,,,,,,,,,,0.035748924756595635,56467.2,0.09122468279977346,0.006999999999999999,index_dividend_yield,0.065,13.11,30,56007.65,56368.7,55812.2,55794.75,mid_price,no_nse_iv
2026-09-16T08:50:21.908876+00:00,2026-09-16T14:20:21.908876+05:30,BANKNIFTY,29-Sep-2026,54600.0,PE,56283.35,137.6,30,138.45,30,137.8,138.02499999999998,1868,248,5310,-30.63176440976592,17.2,-0.1553177085530723,0.0001303502610638235,-15.318284552560156,25.39002998131002,-1.361080122061542,0.007805670305269463,146.83370517276194,-7.395404753911637e-08,-3.99313594595164e-06,6.706254319937708e-07,-1.8146885992938306,-58.0002730021837,0.16286668403525797,0.0001385117121393941,0.035748924756595635,56467.2,0.09122468279977346,0.006999999999999999,index_dividend_yield,0.065,13.11,30,56007.65,56368.7,55812.2,55794.75,mid_price,ok
2026-09-16T08:50:21.908876+00:00,2026-09-16T14:20:21.908876+05:30,BANKNIFTY,29-Sep-2026,54700.0,CE,56283.35,1911.7,30,1940.3,60,1993.95,1926.0,15,1,9,25.686280689589964,21.04,0.7848388898221627,0.00013045429870564757,-31.727815554769403,31.083290796180396,-1.0405510960049824,0.007242473497970359,87.4040504877911,-4.80077836299229e-08,-0.00025319725786139785,2.453953432120633e-06,-1.7975380187168533,22.35758323354633,-0.7714368468173696,0.00013811588147899975,0.035748924756595635,56467.2,0.09122468279977346,0.006999999999999999,index_dividend_yield,0.065,13.11,30,56007.65,56368.7,55812.2,55794.75,mid_price,ok
2026-09-16T08:50:21.908876+00:00,2026-09-16T14:20:21.908876+05:30,BANKNIFTY,29-Sep-2026,54700.0,PE,56283.35,149.05,60,149.8,30,149.4,149.425,1192,-203,6413,-31.12033195020747,17.05,-0.16708067952345593,0.0001379118595446111,-15.874057790907752,26.62863220150281,-1.3698227163631698,0.0077170255870140925,140.76116436075202,-7.523759729793841e-08,-7.983006886159755e-05,1.1771598135710333e-06,-1.8130665172418325,-57.44517039249947,0.174909723225311,0.0001460114249695274,0.035748924756595635,56467.2,0.09122468279977346,0.006999999999999999,index_dividend_yield,0.065,13.11,30,56007.65,56368.7,55812.2,55794.75,mid_price,ok
2026-09-16T08:50:21.908876+00:00,2026-09-16T14:20:21.908876+05:30,BANKNIFTY,29-Sep-2026,54800.0,CE,56283.35,1826.4,30,1847.85,30,1695.95,1837.125,20,1,9,14.525441469426344,12.82,0.8846179508328639,0.00014238163130582068,-17.768334298207282,20.671160123421856,-1.7807502980495826,0.007493964900284088,227.3213047019098,-1.2638872672189793e-07,0.00045525695027673796,-1.119942758709587e-06,-1.745971405153412,29.745393905727113,-0.8780185028588618,0.00015019404894592902,0.035748924756595635,56467.2,0.09122468279977346,0.006999999999999999,index_dividend_yield,0.065,13.11,30,56007.65,56368.7,55812.2,55794.75,mid_price,ok
2026-09-16T08:50:21.908876+00:00,2026-09-16T14:20:21.908876+05:30,BANKNIFTY,29-Sep-2026,54800.0,PE,56283.35,161.2,60,161.95,30,160.9,161.575,2279,-346,8166,-31.937394247038917,16.79,-0.17808391310366511,0.00014586035018640702,-16.219491540775014,27.73389133034336,-1.3826726049470106,0.007592178513473823,135.7431865955565,-7.722856189290181e-08,-0.00015479969596325692,1.6692454954659838e-06,-1.8077889676485694,-57.38053469756291,0.18609193331228602,0.0001538636436052125,0.035748924756595635,56467.2,0.09122468279977346,0.006999999999999999,index_dividend_yield,0.065,13.11,30,56007.65,56368.7,55812.2,55794.75,mid_price,ok
2026-09-16T08:50:21.908876+00:00,2026-09-16T14:20:21.908876+05:30,BANKNIFTY,29-Sep-2026,54900.0,CE,56283.35,1742.5,30,1765,30,1665,1753.75,17,-2,19,14.04109589041096,15.15,0.8301218607427748,0.0001567253322572532,-22.74138134694345,26.889002625192685,-1.54578765564245,0.007592185680340258,157.17769567155315,-9.468329381181447e-08,-0.00011832712909330559,1.5170372692982492e-06,-1.80008239757764,28.407650338718586,-0.8210808752345817,0.00016472305492172177,0.035748924756595635,56467.2,0.09122468279977346,0.006999999999999999,index_dividend_yield,0.065,13.11,30,56007.65,56368.7,55812.2,55794.75,mid_price,ok
2026-09-16T08:50:21.908876+00:00,2026-09-16T14:20:21.908876+05:30,BANKNIFTY,29-Sep-2026,54900.0,PE,56283.35,174.65,60,175.6,90,174.9,175.125,1546,534,6767,-31.22296500196618,16.7,-0.19221631873363296,0.00015377035504552658,-16.856627398030906,29.081174994753145,-1.3713092515246355,0.007401019152587257,126.90216966148249,-7.725731716961873e-08,-0.0002497510687890752,2.271698087987135e-06,-1.7989593340012746,-56.509397683515495,0.20054691734289248,0.00016161728467686622,0.035748924756595635,56467.2,0.09122468279977346,0.006999999999999999,index_dividend_yield,0.065,13.11,30,56007.65,56368.7,55812.2,55794.75,mid_price,ok
2026-09-16T08:50:21.908876+00:00,2026-09-16T14:20:21.908876+05:30,BANKNIFTY,29-Sep-2026,55000.0,CE,56283.35,1659.8,30,1670.3,30,1665.45,1665.05,3648,-53,1347,22.019928199868122,16.21,0.7980963664665168,0.0001630822636426006,-25.44954176609521,29.93729847806813,-1.3969021495747747,0.007238345064389029,124.21178874510908,-8.106744337374533e-08,-0.0003294033013381023,2.7537331392109396e-06,-1.7887961772316314,28.172805016920663,-0.7877292388138228,0.00017078165965564725,0.035748924756595635,56467.2,0.09122468279977346,0.006999999999999999,index_dividend_yield,0.065,13.11,30,56007.65,56368.7,55812.2,55794.75,mid_price,ok
2026-09-16T08:50:21.908876+00:00,2026-09-16T14:20:21.908876+05:30,BANKNIFTY,29-Sep-2026,55000.0,PE,56283.35,189.7,60,190.35,60,189.7,190.02499999999998,25150,3118,57372,-31.72575130466079,16.5,-0.20565530192623296,0.00016210414857862127,-17.27529617532132,30.29011590650756,-1.363182643319763,0.007169926871749305,119.16180519878772,-7.794108382112297e-08,-0.0003447141572109297,2.8590791713350365e-06,-1.7871480895834715,-56.123509931423555,0.2142038244916418,0.00016975736608607395,0.035748924756595635,56467.2,0.09122468279977346,0.006999999999999999,index_dividend_yield,0.065,13.11,30,56007.65,56368.7,55812.2,55794.75,mid_price,ok
2026-09-16T08:50:21.908876+00:00,2026-09-16T14:20:21.908876+05:30,BANKNIFTY,29-Sep-2026,55100.0,CE,56283.35,1573.7,30,1590.35,30,1606.35,1582.025,73,5,60,26.524102079395085,18.42,0.7537928017314616,0.00016069114784945802,-30.118444897680725,33.52003322016458,-1.115375065261437,0.006454997366802329,81.55405205181054,-5.8663602540985326e-08,-0.0004814120371430229,3.905025525142368e-06,-1.7547535457464958,26.71012438374824,-0.741154232666861,0.00016766740123289243,0.035748924756595635,56467.2,0.09122468279977346,0.006999999999999999,index_dividend_yield,0.065,13.11,30,56007.65,56368.7,55812.2,55794.75,mid_price,ok
2026-09-16T08:50:21.908876+00:00,2026-09-16T14:20:21.908876+05:30,BANKNIFTY,29-Sep-2026,55100.0,PE,56283.35,205,60,206,60,205,205.5,1426,362,6612,-31.65527587931322,16.37,-0.22089280624025837,0.00017034542784519747,-17.793552901688166,31.579265334321818,-1.337921362106309,0.006869684571182588,109.49103640250613,-7.740980114858972e-08,-0.0004499666564586498,3.497389790287108e-06,-1.7719905164037435,-55.4016899014024,0.22970953195851715,0.0001777408126144378,0.035748924756595635,56467.2,0.09122468279977346,0.006999999999999999,index_dividend_yield,0.065,13.11,30,56007.65,56368.7,55812.2,55794.75,mid_price,ok
2026-09-16T08:50:21.908876+00:00,2026-09-16T14:20:21.908876+05:30,BANKNIFTY,29-Sep-2026,55200.0,CE,56283.35,1492.05,30,1509.4,30,1501.6,1500.725,131,40,237,22.880523731587562,15.45,0.7734570316772672,0.0001829848813022338,-25.619775106555796,32.01596185793444,-1.4053938332446725,0.0067035065244193115,112.31034639166992,-8.579897614051625e-08,-0.0005424562726157956,3.96183374339271e-06,-1.7607032420780941,30.74873243085846,-0.7629890432066239,0.00019023785080497368,0.035748924756595635,56467.2,0.09122468279977346,0.006999999999999999,index_dividend_yield,0.065,13.11,30,56007.65,56368.7,55812.2,55794.75,mid_price,ok
2026-09-16T08:50:21.908876+00:00,2026-09-16T14:20:21.908876+05:30,BANKNIFTY,29-Sep-2026,55200.0,PE,56283.35,222.15,90,223.2,30,222.1,222.675,4900,234,9663,-31.61945812807882,16.18,-0.23619847118865547,0.00017895520317093026,-18.174467640688032,32.79032407298351,-1.3098641053358728,0.00652106766067212,100.1412984128045,-7.698554443355164e-08,-0.0005594951358675338,4.13995829818631e-06,-1.7547573379975674,-54.92683107995192,0.24521871466284034,0.0001860484483708523,0.035748924756595635,56467.2,0.09122468279977346,0.006999999999999999,index_dividend_yield,0.065,13.11,30,56007.65,56368.7,55812.2,55794.75,mid_price,ok
2026-09-16T08:50:21.908876+00:00,2026-09-16T14:20:21.908876+05:30,BANKNIFTY,29-Sep-2026,55300.0,CE,56283.35,1408.8,90,1429.35,30,1405,1419.0749999999998,142,10,234,24.606447607644895,16.82,0.7372095823732024,0.0001821013445583015,-28.702737225282718,34.68662182524286,-1.169586999753891,0.005928649808656705,79.0784012886796,-6.713947894650098e-08,-0.0006674982752742436,4.88498721489073e-06,-1.728437295437395,29.912239407905236,-0.7252347117500186,0.0001886352133311408,0.035748924756595635,56467.2,0.09122468279977346,0.006999999999999999,index_dividend_yield,0.065,13.11,30,56007.65,56368.7,55812.2,55794.75,mid_price,ok
2026-09-16T08:50:21.908876+00:00,2026-09-16T14:20:21.908876+05:30,BANKNIFTY,29-Sep-2026,55300.0,PE,56283.35,240.7,90,242.15,60,240.75,241.425,2928,-395,11567,-32.20219656434807,16.05,-0.25317893666602487,0.0001872763139447632,-18.623662260430212,34.03931023282662,-1.2635017150805505,0.006095896714009396,89.32638344443333,-7.528274586189292e-08,-0.000675379370181065,4.809588001930933e-06,-1.7350410293665701,-54.16856754843767,0.2624380097951259,0.00019399586268035405,0.035748924756595635,56467.2,0.09122468279977346,0.006999999999999999,index_dividend_yield,0.065,13.11,30,56007.65,56368.7,55812.2,55794.75,mid_price,ok
2026-09-16T08:50:21.908876+00:00,2026-09-16T14:20:21.908876+05:30,BANKNIFTY,29-Sep-2026,55400.0,CE,56283.35,1330.65,30,1346.1,30,1349.8,1338.375,388,-34,311,27.303593322644534,15.34,0.7359277804383738,0.00020016776885348217,-26.79697076677338,34.7730167294994,-1.2832225874024328,0.005771643039800378,86.22573419285118,-7.992760883929953e-08,-0.0008085305954294602,5.450448576019452e-06,-1.7187290223497274,32.78907069304282,-0.7248599346247631,0.00020660198823679258,0.035748924756595635,56467.2,0.09122468279977346,0.006999999999999999,index_dividend_yield,0.065,13.11,30,56007.65,56368.7,55812.2,55794.75,mid_price,ok
2026-09-16T08:50:21.908876+00:00,2026-09-16T14:20:21.908876+05:30,BANKNIFTY,29-Sep-2026,55400.0,PE,56283.35,260.85,120,262.1,90,261.3,261.475,2282,122,9644,-31.45330535152151,15.89,-0.2706738616460673,0.00019575554074505454,-18.977092774098928,35.225796516863724,-1.2093702941021467,0.005612534321159547,78.58184013981528,-7.325214106544306e-08,-0.0007952581250821625,5.479953546206289e-06,-1.7142343063712389,-53.52130944716279,0.2801276904016774,0.00020204793288124403,0.035748924756595635,56467.2,0.09122468279977346,0.006999999999999999,index_dividend_yield,0.065,13.11,30,56007.65,56368.7,55812.2,55794.75,mid_price,ok
2026-09-16T08:50:21.908876+00:00,2026-09-16T14:20:21.908876+05:30,BANKNIFTY,29-Sep-2026,55500.0,CE,56283.35,1258.55,30,1264.25,60,1265.85,1261.4,2192,71,4933,27.22110552763819,15.25,0.7163001277082989,0.00020862675661875325,-27.24926762948221,36.02987136524953,-1.2068632765503406,0.005204936901802015,73.5184743657804,-7.624330540851014e-08,-0.0009423600648200605,6.17158647146161e-06,-1.6962600102881424,33.92001945664987,-0.704994899299851,0.00021455760755324584,0.035748924756595635,56467.2,0.09122468279977346,0.006999999999999999,index_dividend_yield,0.065,13.11,30,56007.65,56368.7,55812.2,55794.75,mid_price,ok
2026-09-16T08:50:21.908876+00:00,2026-09-16T14:20:21.908876+05:30,BANKNIFTY,29-Sep-2026,55500.0,PE,56283.35,283.05,30,284.15,120,282.8,283.6,14759,387,37887,-31.945614246179762,15.67,-0.28839930327920354,0.00020471237883216774,-19.179408590995166,36.327537766002045,-1.1507712968399364,0.005078058892791282,68.31842617977912,-7.11843266236502e-08,-0.0009214261576409008,6.151992511562197e-06,-1.6932377727868797,-53.10364294868641,0.29797742025958496,0.00021053195165674881,0.035748924756595635,56467.2,0.09122468279977346,0.006999999999999999,index_dividend_yield,0.065,13.11,30,56007.65,56368.7,55812.2,55794.75,mid_price,ok
2026-09-16T08:50:21.908876+00:00,2026-09-16T14:20:21.908876+05:30,BANKNIFTY,29-Sep-2026,55600.0,CE,56283.35,1176.55,30,1190.9,30,1201.6,1183.725,908,166,1600,27.15343915343915,15.17,0.6956820380739019,0.00021665315947011927,-27.65898488597811,37.21975148574712,-1.1155506938460569,0.004564646042230391,60.845397621132946,-7.16023871105487e-08,-0.001074017822224582,6.866324319729341e-06,-1.6738782652263209,35.08041349587369,-0.6841574953330813,0.00022201142342694795,0.035748924756595635,56467.2,0.09122468279977346,0.006999999999999999,index_dividend_yield,0.065,13.11,30,56007.65,56368.7,55812.2,55794.75,mid_price,ok
2026-09-16T08:50:21.908876+00:00,2026-09-16T14:20:21.908876+05:30,BANKNIFTY,29-Sep-2026,55600.0,PE,56283.35,306.2,90,307.3,30,306.2,306.75,3069,497,15448,-32.495590828924165,15.6,-0.3087441395812722,0.00021210624605433407,-19.578805848967033,37.47148611873899,-1.060223701422447,0.004439072765088814,56.32408952332213,-6.66362991738254e-08,-0.0010408592007878454,6.800353141218826e-06,-1.671425506405221,-52.04231890687472,0.3185442225945213,0.0002173520557901848,0.035748924756595635,56467.2,0.09122468279977346,0.006999999999999999,index_dividend_yield,0.065,13.11,30,56007.65,56368.7,55812.2,55794.75,mid_price,ok
2026-09-16T08:50:21.908876+00:00,2026-09-16T14:20:21.908876+05:30,BANKNIFTY,29-Sep-2026,55700.0,CE,56283.35,1105.65,60,1115.8,30,1087.05,1110.725,1370,221,4059,24.70460020649306,15.4,0.6711597706523553,0.0002205678336538657,-28.513991731836533,38.46677347983091,-0.9728739564828781,0.00378506067798201,45.92604073189932,-6.271411635355471e-08,-0.0011689531423779713,7.4411678129373865e-06,-1.6515103416442471,35.71444990299923,-0.6591996727525197,0.00022521207141097376,0.035748924756595635,56467.2,0.09122468279977346,0.006999999999999999,index_dividend_yield,0.065,13.11,30,56007.65,56368.7,55812.2,55794.75,mid_price,ok
2026-09-16T08:50:21.908876+00:00,2026-09-16T14:20:21.908876+05:30,BANKNIFTY,29-Sep-2026,55700.0,PE,56283.35,332.25,90,333.5,60,331.05,332.875,3642,946,19350,-32.95868772782503,15.45,-0.32907495292168315,0.00021998465721574951,-19.779524999740307,38.489630097457905,-0.9669404490522115,0.0037545982685303625,45.50792018558525,-6.218654693828739e-08,-0.0011637851147788016,7.428220624545811e-06,-1.6513172035643322,-51.295071977548,0.33900389887955273,0.0002246166157116975,0.035748924756595635,56467.2,0.09122468279977346,0.006999999999999999,index_dividend_yield,0.065,13.11,30,56007.65,56368.7,55812.2,55794.75,mid_price,ok
2026-09-16T08:50:21.908876+00:00,2026-09-16T14:20:21.908876+05:30,BANKNIFTY,29-Sep-2026,55800.0,CE,56283.35,1034.45,30,1042.05,60,1045.15,1038.25,2155,303,11636,30.050395072481802,14.96,0.6524442077592612,0.00023196777947182421,-28.189773178163218,39.29905616936038,-0.8987895434389159,0.003093549942021378,37.53037046062957,-6.0346581170296e-08,-0.001329104098167681,8.140722989770496e-06,-1.633996304175568,37.64069488117317,-0.640612175902145,0.0002360038810997605,0.035748924756595635,56467.2,0.09122468279977346,0.006999999999999999,index_dividend_yield,0.065,13.11,30,56007.65,56368.7,55812.2,55794.75,mid_price,ok
2026-09-16T08:50:21.908876+00:00,2026-09-16T14:20:21.908876+05:30,BANKNIFTY,29-Sep-2026,55800.0,PE,56283.35,358.7,60,360,60,359.05,359.35,5674,1811,32779,-31.849672582328935,15.29,-0.35020941313048803,0.00022765451323066463,-19.89397875055336,39.419091563356716,-0.8615431429007947,0.0030082773979921425,35.25517654544075,-5.6984607319362094e-08,-0.0012853466989014252,8.022151243735443e-06,-1.6333206148091932,-50.56725588578475,0.36022859964856796,0.00023161556658708095,0.035748924756595635,56467.2,0.09122468279977346,0.006999999999999999,index_dividend_yield,0.065,13.11,30,56007.65,56368.7,55812.2,55794.75,mid_price,ok
2026-09-16T08:50:21.908876+00:00,2026-09-16T14:20:21.908876+05:30,BANKNIFTY,29-Sep-2026,55900.0,CE,56283.35,965.2,30,968.4,60,970,966.8,2117,-266,16077,27.50575090371344,14.83,0.6297867666978333,0.00023919733220731132,-28.29939774909928,40.17171233788824,-0.7730059073354778,0.0022682759193709545,27.28763819560953,-5.3644634158344753e-08,-0.0014505031976250284,8.703770223189957e-06,-1.6184412294823858,39.06000952842566,-0.6178715657732732,0.00024248930765986604,0.035748924756595635,56467.2,0.09122468279977346,0.006999999999999999,index_dividend_yield,0.065,13.11,30,56007.65,56368.7,55812.2,55794.75,mid_price,ok
2026-09-16T08:50:21.908876+00:00,2026-09-16T14:20:21.908876+05:30,BANKNIFTY,29-Sep-2026,55900.0,PE,56283.35,389.4,60,390.7,30,388.65,390.04999999999995,4019,1266,35418,-30.79594017094017,15.15,-0.37238443464331683,0.0002346383593030754,-19.96462652908665,40.25636040072462,-0.7407605670713413,0.002197378943837147,25.644173435829032,-5.0711040378311996e-08,-0.0013993498178387362,8.558288136050753e-06,-1.6183584137916611,-49.742960680569425,0.38247567788023173,0.0002378675914685244,0.035748924756595635,56467.2,0.09122468279977346,0.006999999999999999,index_dividend_yield,0.065,13.11,30,56007.65,56368.7,55812.2,55794.75,mid_price,ok
2026-09-16T08:50:21.908876+00:00,2026-09-16T14:20:21.908876+05:30,BANKNIFTY,29-Sep-2026,56000.0,CE,56283.35,896.75,30,899.55,60,901.05,898.15,15388,-2515,85609,29.87172095704814,14.78,0.6057972058874422,0.00024458438855978835,-28.452986073594627,40.937944114224486,-0.6268608495832995,0.001376413421052769,17.93043841789199,-4.536787988964791e-08,-0.0015477714224794068,9.151885458531767e-06,-1.6072079421270047,40.35669373911587,-0.5937754069623772,0.00024706575701930584,0.035748924756595635,56467.2,0.09122468279977346,0.006999999999999999,index_dividend_yield,0.065,13.11,30,56007.65,56368.7,55812.2,55794.75,mid_price,ok
2026-09-16T08:50:21.908876+00:00,2026-09-16T14:20:21.908876+05:30,BANKNIFTY,29-Sep-2026,56000.0,PE,56283.35,421.6,30,422.35,120,420.5,421.975,32608,5798,118954,-30.81036610448375,15.02,-0.3954323092053941,0.00024092329196247295,-19.96835487228749,40.97996497431949,-0.6064561937186297,0.0013301399826243787,17.098643021526527,-4.349331526853642e-08,-0.0015035528756731156,9.022913547128918e-06,-1.607496966863266,-48.86530736395221,0.40556636308132155,0.00024336751770132322,0.035748924756595635,56467.2,0.09122468279977346,0.006999999999999999,index_dividend_yield,0.065,13.11,30,56007.65,56368.7,55812.2,55794.75,mid_price,ok
2026-09-16T08:50:21.908876+00:00,2026-09-16T14:20:21.908876+05:30,BANKNIFTY,29-Sep-2026,56100.0,CE,56283.35,832.55,30,835.35,90,832.9,833.95,3378,-1024,40370,30.456574516406924,14.64,0.5817032826642901,0.0002505982101974297,-28.37106355541965,41.547213632352495,-0.47723286148887434,0.0004483646190720503,10.49408536169949,-3.702239081026537e-08,-0.0016485122778462367,9.558174549670784e-06,-1.6011411882310684,41.92524533600103,-0.569684326589678,0.00025223893268439576,0.035748924756595635,56467.2,0.09122468279977346,0.006999999999999999,index_dividend_yield,0.065,13.11,30,56007.65,56368.7,55812.2,55794.75,mid_price,ok
2026-09-16T08:50:21.908876+00:00,2026-09-16T14:20:21.908876+05:30,BANKNIFTY,29-Sep-2026,56100.0,PE,56283.35,455.4,60,457.05,60,455.05,456.225,5106,2027,52362,-30.711838599162544,14.93,-0.4194019379355146,0.00024590539032386105,-19.94730935433577,41.576767216600004,-0.4577780665858122,0.00041284757918863546,9.897193715879382,-3.5200947948806694e-08,-0.0015885860163716988,9.382271819669474e-06,-1.6017596233969869,-47.83277083891817,0.42956940146350053,0.0002475153878703426,0.035748924756595635,56467.2,0.09122468279977346,0.006999999999999999,index_dividend_yield,0.065,13.11,30,56007.65,56368.7,55812.2,55794.75,mid_price,ok
2026-09-16T08:50:21.908876+00:00,2026-09-16T14:20:21.908876+05:30,BANKNIFTY,29-Sep-2026,56200.0,CE,56283.35,770.05,180,772.5,90,773.05,771.275,6488,647,58548,29.58679071326796,14.51,0.5568395293151323,0.00025565987899595847,-28.209939416939363,42.01001658190522,-0.3152845893191758,-0.0005224326535817614,4.808629181127344,-2.7737972778435052e-08,-0.0017327728136132638,9.860028072370753e-06,-1.6011386877390734,43.54379112569565,-0.5448583748561725,0.00025641877767025096,0.035748924756595635,56467.2,0.09122468279977346,0.006999999999999999,index_dividend_yield,0.065,13.11,30,56007.65,56368.7,55812.2,55794.75,mid_price,ok
2026-09-16T08:50:21.908876+00:00,2026-09-16T14:20:21.908876+05:30,BANKNIFTY,29-Sep-2026,56200.0,PE,56283.35,492.1,60,493.55,90,490.5,492.82500000000005,8228,3561,64680,-29.98358432660053,14.74,-0.4436228140825674,0.00025173530616035635,-19.672341223934726,42.02081536432021,-0.3044442495546418,-0.000539965827539568,4.584815421402766,-2.668431398815806e-08,-0.0016804469404468078,9.707894175692224e-06,-1.6016797488226473,-47.13627007880932,0.4537062034260128,0.0002524825551650417,0.035748924756595635,56467.2,0.09122468279977346,0.006999999999999999,index_dividend_yield,0.065,13.11,30,56007.65,56368.7,55812.2,55794.75,mid_price,ok
2026-09-16T08:50:21.908876+00:00,2026-09-16T14:20:21.908876+05:30,BANKNIFTY,29-Sep-2026,56300.0,CE,56283.35,709.45,30,711.9,30,709.55,710.675,6463,733,49103,28.054502797329,14.46,0.5312275330025584,0.0002583908049960223,-28.07781462393175,42.31245356256423,-0.14120700799657993,-0.0015188037053731618,1.1825119909261161,-1.7435699937914115e-08,-0.0017797983153027366,9.993541344594068e-06,-1.6080594694662622,44.999460685502875,-0.5192687227642593,0.00025823799608866747,0.035748924756595635,56467.2,0.09122468279977346,0.006999999999999999,index_dividend_yield,0.065,13.11,30,56007.65,56368.7,55812.2,55794.75,mid_price,ok
2026-09-16T08:50:21.908876+00:00,2026-09-16T14:20:21.908876+05:30,BANKNIFTY,29-Sep-2026,56300.0,PE,56283.35,531.15,60,532.95,60,532.25,532.05,7288,2395,49178,-28.91011085882196,14.64,-0.46877246253266147,0.00025522645601298453,-19.44361743805738,42.31454041210245,-0.13684396537583243,-0.0015244118051683797,1.1368091997177032,-1.6971671336250182e-08,-0.0017365737884000247,9.869855162329753e-06,-1.6083544199323967,-46.11683739709276,0.4787957104471288,0.0002550755184598003,0.035748924756595635,56467.2,0.09122468279977346,0.006999999999999999,index_dividend_yield,0.065,13.11,30,56007.65,56368.7,55812.2,55794.75,mid_price,ok
2026-09-16T08:50:21.908876+00:00,2026-09-16T14:20:21.908876+05:30,BANKNIFTY,29-Sep-2026,56400.0,CE,56283.35,651.85,90,654.2,60,655.35,653.0250000000001,5064,-428,33195,29.49021932424422,14.38,0.5053412496920379,0.0002606095210931872,-27.796310039850653,42.43967267880472,0.03739236909855448,-0.0025284721082976525,-0.05453868307725429,-6.77095382496674e-09,-0.0018127279923869563,1.0023077853603239e-05,-1.6220382084473641,46.59574851844677,-0.49347327987226663,0.0002595326181519532,0.035748924756595635,56467.2,0.09122468279977346,0.006999999999999999,index_dividend_yield,0.065,13.11,30,56007.65,56368.7,55812.2,55794.75,mid_price,ok
2026-09-16T08:50:21.908876+00:00,2026-09-16T14:20:21.908876+05:30,BANKNIFTY,29-Sep-2026,56400.0,PE,56283.35,572.35,30,574.5,30,574.25,573.425,5056,1403,25253,-28.241174632927212,14.52,-0.4943561856754881,0.0002580962905075339,-19.081964488841297,42.43959595293548,0.03739823999795999,-0.0025271936356193736,-0.05506969920432425,-6.708941939687516e-09,-0.0017779418906174553,9.926453645477248e-06,-1.6220297938323611,-45.15594340684903,0.5042588390969315,0.0002570297728561326,0.035748924756595635,56467.2,0.09122468279977346,0.006999999999999999,index_dividend_yield,0.065,13.11,30,56007.65,56368.7,55812.2,55794.75,mid_price,ok
2026-09-16T08:50:21.908876+00:00,2026-09-16T14:20:21.908876+05:30,BANKNIFTY,29-Sep-2026,56500.0,CE,56283.35,597.15,30,598.55,30,600,597.8499999999999,18702,-3539,82657,32.59668508287293,14.19,0.47894557659139,0.00026376007982812326,-27.2316259935751,42.38520836893119,0.2226739466562877,-0.003562759427252482,1.2441164149734618,4.486480392030752e-09,-0.001851123624311505,9.996739865634379e-06,-1.6436082317157528,48.63183208312842,-0.46729842048740133,0.00026174117496767854,0.035748924756595635,56467.2,0.09122468279977346,0.006999999999999999,index_dividend_yield,0.065,13.11,30,56007.65,56368.7,55812.2,55794.75,mid_price,ok
2026-09-16T08:50:21.908876+00:00,2026-09-16T14:20:21.908876+05:30,BANKNIFTY,29-Sep-2026,56500.0,PE,56283.35,617.15,30,619.1,30,618.45,618.125,21287,1583,44371,-28.593695878074126,14.42,-0.52029885366283,0.0002595701685914204,-18.65035306471353,42.387997598905855,0.21683282562101613,-0.0035317683059234994,1.1822010709465758,4.0625729653024245e-09,-0.0017929167769781436,9.842588002114479e-06,-1.6429592314433066,-44.126119869361126,0.5300497235634928,0.00025758333466516,0.035748924756595635,56467.2,0.09122468279977346,0.006999999999999999,index_dividend_yield,0.065,13.11,30,56007.65,56368.7,55812.2,55794.75,mid_price,ok
2026-09-16T08:50:21.908876+00:00,2026-09-16T14:20:21.908876+05:30,BANKNIFTY,29-Sep-2026,56600.0,CE,56283.35,546.05,30,547.15,60,547.95,546.5999999999999,5508,-1063,23064,31.497480201583873,14.1,0.4523913119830326,0.0002639237211141239,-26.725594959031667,42.14251013501162,0.41006137215521266,-0.004570311905269131,5.207824487996504,1.6098247760832104e-08,-0.0018392747014641926,9.76254413655609e-06,-1.6724988830510554,50.411704767957616,-0.4409366692662063,0.00026097892694087625,0.035748924756595635,56467.2,0.09122468279977346,0.006999999999999999,index_dividend_yield,0.065,13.11,30,56007.65,56368.7,55812.2,55794.75,mid_price,ok
2026-09-16T08:50:21.908876+00:00,2026-09-16T14:20:21.908876+05:30,BANKNIFTY,29-Sep-2026,56600.0,PE,56283.35,664.75,60,666.9,60,663.5,665.825,3603,476,9242,-27.462556029299225,14.36,-0.5463097409904195,0.00025922614708617894,-18.183212269688912,42.1556806948965,0.3968135473438328,-0.004515363131658567,4.927749152557226,1.5010168107967598e-08,-0.0017749778628625289,9.602517007108451e-06,-1.6707931347757705,-42.97993150950429,0.5558930976263854,0.00025633376725661927,0.035748924756595635,56467.2,0.09122468279977346,0.006999999999999999,index_dividend_yield,0.065,13.11,30,56007.65,56368.7,55812.2,55794.75,mid_price,ok
2026-09-16T08:50:21.908876+00:00,2026-09-16T14:20:21.908876+05:30,BANKNIFTY,29-Sep-2026,56700.0,CE,56283.35,496.05,30,497.75,60,499.4,496.9,5143,-666,20566,31.093319333245834,13.97,0.42551852912867455,0.00026360736385055414,-26.049120678462327,41.703912976380394,0.6001715109655859,-0.005566005262669872,11.977506930783477,2.8145127252053757e-08,-0.0018113313108126877,9.410804232208071e-06,-1.7087713523962405,52.42147568831959,-0.41433407328987537,0.0002597474531793256,0.035748924756595635,56467.2,0.09122468279977346,0.006999999999999999,index_dividend_yield,0.065,13.11,30,56007.65,56368.7,55812.2,55794.75,mid_price,ok
2026-09-16T08:50:21.908876+00:00,2026-09-16T14:20:21.908876+05:30,BANKNIFTY,29-Sep-2026,56700.0,PE,56283.35,713.9,30,716.75,60,714.75,715.325,4985,1185,7109,-27.103518612952577,14.19,-0.5729297464627294,0.00025968062292928024,-17.430007489367096,41.72965567573285,0.5832046744548847,-0.0055083295424162015,11.43282039602056,2.667811848529225e-08,-0.001758962010683739,9.29272042061595e-06,-1.7062826343203312,-42.142408821386674,0.5822148594075431,0.000255878210155545,0.035748924756595635,56467.2,0.09122468279977346,0.006999999999999999,index_dividend_yield,0.065,13.11,30,56007.65,56368.7,55812.2,55794.75,mid_price,ok
2026-09-16T08:50:21.908876+00:00,2026-09-16T14:20:21.908876+05:30,BANKNIFTY,29-Sep-2026,56800.0,CE,56283.35,450.05,30,451.35,60,452.2,450.70000000000005,7285,-336,19705,32.49340755933196,13.94,0.3993234083210146,0.0002602704717303584,-25.445041017196985,41.08757733048027,0.7788724056471963,-0.006484950438100988,21.12361397169593,3.946241124833292e-08,-0.001733347482129027,8.869749099378555e-06,-1.7499830144721216,54.093177968929595,-0.38837618994767487,0.0002555571907899397,0.035748924756595635,56467.2,0.09122468279977346,0.006999999999999999,index_dividend_yield,0.065,13.11,30,56007.65,56368.7,55812.2,55794.75,mid_price,ok
2026-09-16T08:50:21.908876+00:00,2026-09-16T14:20:21.908876+05:30,BANKNIFTY,29-Sep-2026,56800.0,PE,56283.35,767.95,30,770.85,30,761.95,769.4000000000001,3636,241,7780,-27.88320477024277,14.19,-0.5985107810783118,0.00025600515001262614,-16.86946948534248,41.13902162099544,0.7538862195458629,-0.006404641574597636,20.048127746242983,3.724857271365437e-08,-0.0016794399274856439,8.763616399536567e-06,-1.745884647699597,-40.84804400209663,0.6075856097701656,0.0002513691104873526,0.035748924756595635,56467.2,0.09122468279977346,0.006999999999999999,index_dividend_yield,0.065,13.11,30,56007.65,56368.7,55812.2,55794.75,mid_price,ok
2026-09-16T08:50:21.908876+00:00,2026-09-16T14:20:21.908876+05:30,BANKNIFTY,29-Sep-2026,56900.0,CE,56283.35,406.7,30,408.05,60,408.65,407.375,5781,-263,13159,31.589116084366445,13.88,0.3732231208173799,0.00025629150758230346,-24.697555560447334,40.28529454698584,0.9527848683528184,-0.007357452420843458,32.75983728499554,5.068063881755482e-08,-0.0016381347734150439,8.220639251618408e-06,-1.7963593274086591,55.94134713882641,-0.3625789574767457,0.0002507665243691562,0.035748924756595635,56467.2,0.09122468279977346,0.006999999999999999,index_dividend_yield,0.065,13.11,30,56007.65,56368.7,55812.2,55794.75,mid_price,ok
2026-09-16T08:50:21.908876+00:00,2026-09-16T14:20:21.908876+05:30,BANKNIFTY,29-Sep-2026,56900.0,PE,56283.35,823.75,30,827.35,30,826.65,825.55,3972,981,5946,-25.24754713568748,14.24,-0.6231755049504826,0.0002505169239376378,-16.31245776112123,40.398935451729066,0.9095628140962098,-0.00722043814711959,30.417967941293256,4.677818099784014e-08,-0.0015706878620904482,8.11533580543386e-06,-1.78856641968801,-39.46722159939607,0.6320404595491791,0.00024511642583911904,0.035748924756595635,56467.2,0.09122468279977346,0.006999999999999999,index_dividend_yield,0.065,13.11,30,56007.65,56368.7,55812.2,55794.75,mid_price,ok
2026-09-16T08:50:21.908876+00:00,2026-09-16T14:20:21.908876+05:30,BANKNIFTY,29-Sep-2026,57000.0,CE,56283.35,367,120,367.5,60,368.4,367.25,35623,-2459,65910,32.63726372637264,13.78,0.3470687672072619,0.00025176807782969856,-23.79021170888945,39.2891599594372,1.1228247041421557,-0.008179239021826934,46.96242707021625,6.197436044991107e-08,-0.0015261731515687517,7.463035854725742e-06,-1.8473282735305645,58.04097825965065,-0.3368006009736173,0.0002454770132770571,0.035748924756595635,56467.2,0.09122468279977346,0.006999999999999999,index_dividend_yield,0.065,13.11,30,56007.65,56368.7,55812.2,55794.75,mid_price,ok
2026-09-16T08:50:21.908876+00:00,2026-09-16T14:20:21.908876+05:30,BANKNIFTY,29-Sep-2026,57000.0,PE,56283.35,881.85,60,885.15,60,883.5,883.5,28725,2108,30066,-25.395820139328688,13.92,-0.6511231640902475,0.0002496470257905702,-15.000515490539014,39.353964828752034,1.1028666698864598,-0.00813317248478218,45.63279483539162,6.011174623231311e-08,-0.0015040200565333566,7.444239280332152e-06,-1.843441558847836,-38.9658448704359,0.6594367253338687,0.00024340896110754172,0.035748924756595635,56467.2,0.09122468279977346,0.006999999999999999,index_dividend_yield,0.065,13.11,30,56007.65,56368.7,55812.2,55794.75,mid_price,ok
2026-09-16T08:50:21.908876+00:00,2026-09-16T14:20:21.908876+05:30,BANKNIFTY,29-Sep-2026,57100.0,CE,56283.35,329.35,60,330.6,60,330.85,329.975,5597,115,15113,31.28968253968254,13.74,0.3220664035976357,0.0002451963128860987,-22.91400118870069,38.1525464220953,1.2725617833947156,-0.008892323891530551,62.52809955093852,7.18763406690132e-08,-0.0013827359029643202,6.593832317085258e-06,-1.8986118682970812,59.910668663189924,-0.3121612849406671,0.00023823282267274276,0.035748924756595635,56467.2,0.09122468279977346,0.006999999999999999,index_dividend_yield,0.065,13.11,30,56007.65,56368.7,55812.2,55794.75,mid_price,ok
2026-09-16T08:50:21.908876+00:00,2026-09-16T14:20:21.908876+05:30,BANKNIFTY,29-Sep-2026,57100.0,PE,56283.35,942.15,30,951.6,30,942.35,946.875,1883,76,2381,-24.016287695532977,13.98,-0.6746746081836184,0.00024191221704808358,-14.302867440612541,38.299035275687935,1.2351205384596442,-0.008798509232439078,59.58731456373911,6.83218568416979e-08,-0.001354081281094554,6.600799798842251e-06,-1.890847018064939,-37.5989986653507,0.6827126586811901,0.0002350419940170868,0.035748924756595635,56467.2,0.09122468279977346,0.006999999999999999,index_dividend_yield,0.065,13.11,30,56007.65,56368.7,55812.2,55794.75,mid_price,ok
2026-09-16T08:50:21.908876+00:00,2026-09-16T14:20:21.908876+05:30,BANKNIFTY,29-Sep-2026,57200.0,CE,56283.35,294.7,90,296.05,120,296.2,295.375,7751,-447,16774,32.02585246266994,13.63,0.29675691826889894,0.0002384958074776618,-21.833190664683862,36.8128521250189,1.4195727438463812,-0.009547129559597411,80.60362518604336,8.212537451306058e-08,-0.001227615116098255,5.631503937552333e-06,-1.9524343263117105,62.21275425712755,-0.28730769290512553,0.00023091309861282116,0.035748924756595635,56467.2,0.09122468279977346,0.006999999999999999,index_dividend_yield,0.065,13.11,30,56007.65,56368.7,55812.2,55794.75,mid_price,ok
2026-09-16T08:50:21.908876+00:00,2026-09-16T14:20:21.908876+05:30,BANKNIFTY,29-Sep-2026,57200.0,PE,56283.35,1005.2,30,1015.95,30,1007,1010.575,3351,376,3597,-24.56928838951311,13.39,-0.7064500752479766,0.0002414639336008525,-12.280105466323672,36.614719362531794,1.461824887209695,-0.00967914655926938,84.56179390909568,8.633500425504269e-08,-0.0012456814003408748,5.571918156450966e-06,-1.9615507202325162,-37.59462956579845,0.7136190792315927,0.0002337868564680565,0.035748924756595635,56467.2,0.09122468279977346,0.006999999999999999,index_dividend_yield,0.065,13.11,30,56007.65,56368.7,55812.2,55794.75,mid_price,ok
2026-09-16T08:50:21.908876+00:00,2026-09-16T14:20:21.908876+05:30,BANKNIFTY,29-Sep-2026,57300.0,CE,56283.35,263.1,60,264.2,90,264.35,263.65,6823,479,12947,32.53948357984457,13.6,0.2732861222272626,0.00022981226240803617,-20.84686747788856,35.394433694608686,1.5368908742785514,-0.01006489744140976,98.57702939200053,9.014396847237809e-08,-0.0010497573389346032,4.6175350905181185e-06,-2.001557625065317,64.13766529727715,-0.2642519901459914,0.00022172968090233212,0.035748924756595635,56467.2,0.09122468279977346,0.006999999999999999,index_dividend_yield,0.065,13.11,30,56007.65,56368.7,55812.2,55794.75,mid_price,ok
2026-09-16T08:50:21.908876+00:00,2026-09-16T14:20:21.908876+05:30,BANKNIFTY,29-Sep-2026,57300.0,PE,56283.35,1070.65,330,1080.55,30,1129.6,1075.6,2511,-320,731,-19.1670542774339,13.85,-0.7226766363268745,0.00022719802722158768,-12.244628145770804,35.635035102078646,1.4931137688689589,-0.009975545919960416,93.96588925645943,8.576276976183243e-08,-0.0010413344632734347,4.714286495043519e-06,-1.9917939682703862,-35.47913995529357,0.7298621438563436,0.00021920738932562902,0.035748924756595635,56467.2,0.09122468279977346,0.006999999999999999,index_dividend_yield,0.065,13.11,30,56007.65,56368.7,55812.2,55794.75,mid_price,ok
2026-09-16T08:50:21.908876+00:00,2026-09-16T14:20:21.908876+05:30,BANKNIFTY,29-Sep-2026,57400.0,CE,56283.35,233.95,60,235.1,30,235.35,234.52499999999998,8750,266,10763,30.968280467445744,13.51,0.2497287672569378,0.00022087871744192735,-19.690336507034832,33.793415051701864,1.647035120345336,-0.010502402357909862,118.3403423264906,9.82152520027734e-08,-0.0008614313800509472,3.5330005373658687e-06,-2.0492349532319167,66.47543780201413,-0.24118696056998498,0.00021236843409243162,0.035748924756595635,56467.2,0.09122468279977346,0.006999999999999999,index_dividend_yield,0.065,13.11,30,56007.65,56368.7,55812.2,55794.75,mid_price,ok
2026-09-16T08:50:21.908876+00:00,2026-09-16T14:20:21.908876+05:30,BANKNIFTY,29-Sep-2026,57400.0,PE,56283.35,1143.05,30,1156.95,60,1147.15,1150.0,4530,40,279,-20.458327555124114,14.5,-0.7345660429703921,0.00021231907103015445,-12.58039246402892,34.86421322988386,1.4791974141556419,-0.010137201118431416,98.7395779369642,8.137570109176289e-08,-0.0008629607100671562,4.025066955367414e-06,-2.0110733747929856,-33.26267368185454,0.7419300978694648,0.00020413858412813595,0.035748924756595635,56467.2,0.09122468279977346,0.006999999999999999,index_dividend_yield,0.065,13.11,30,56007.65,56368.7,55812.2,55794.75,mid_price,ok
2026-09-16T08:50:21.908876+00:00,2026-09-16T14:20:21.908876+05:30,BANKNIFTY,29-Sep-2026,57500.0,CE,56283.35,206.7,60,207.7,60,208,207.2,74658,1534,45677,29.514321295143212,13.52,0.22876793430899778,0.00021039103646255722,-18.70093243755236,32.212674649799794,1.720162733853503,-0.010793812418194493,135.96476910814204,1.0325690722383055e-07,-0.0006680958692774157,2.4896162832083266e-06,-2.0872129529544026,68.23886455340786,-0.22064588074440805,0.000201581847615541,0.035748924756595635,56467.2,0.09122468279977346,0.006999999999999999,index_dividend_yield,0.065,13.11,30,56007.65,56368.7,55812.2,55794.75,mid_price,ok
2026-09-16T08:50:21.908876+00:00,2026-09-16T14:20:21.908876+05:30,BANKNIFTY,29-Sep-2026,57500.0,PE,56283.35,1218.35,30,1225.7,150,1221,1222.025,52814,-318,3144,-22.394889884641053,13.91,-0.7644063404003472,0.00020774349445025622,-10.375051230525752,32.724831879836906,1.6525024379878683,-0.010685750681608708,126.82652449907295,9.608716521506482e-08,-0.0006883483700348501,2.764015391010314e-06,-2.0723211179749086,-33.12985475601742,0.770816997824528,0.00019904515964892037,0.035748924756595635,56467.2,0.09122468279977346,0.006999999999999999,index_dividend_yield,0.065,13.11,30,56007.65,56368.7,55812.2,55794.75,mid_price,ok
2026-09-16T08:50:21.908876+00:00,2026-09-16T14:20:21.908876+05:30,BANKNIFTY,29-Sep-2026,57600.0,CE,56283.35,183.9,30,184.8,30,184.7,184.35000000000002,7796,-485,13698,28.890439637124913,13.48,0.20800613438451238,0.00019976060503942925,-17.5823753748004,30.494575942335736,1.7828552019014814,-0.010996110492673572,154.2877501617994,1.0805431258558125e-07,-0.00047117335364582624,1.4195168371565492e-06,-2.1198049771642964,70.35981066138625,-0.2003626815155507,0.00019073252386575304,0.035748924756595635,56467.2,0.09122468279977346,0.006999999999999999,index_dividend_yield,0.065,13.11,30,56007.65,56368.7,55812.2,55794.75,mid_price,ok
2026-09-16T08:50:21.908876+00:00,2026-09-16T14:20:21.908876+05:30,BANKNIFTY,29-Sep-2026,57600.0,PE,56283.35,1289.75,30,1304.3,30,1294.6,1297.025,2392,-56,253,-18.688565775837702,13.86,,,,,,,,,,,,,,,0.035748924756595635,,,,,,13.11,30,56007.65,56368.7,55812.2,55794.75,mid_price,no_price_available
2026-09-16T08:50:21.908876+00:00,2026-09-16T14:20:21.908876+05:30,BANKNIFTY,29-Sep-2026,57700.0,CE,56283.35,162.6,90,163.5,60,163.2,163.05,11122,405,8976,26.31578947368421,13.48,0.18904790236107083,0.00018856833732626988,-16.533680091877045,28.786013547470525,1.8195274715633314,-0.011085238334204578,170.63953933781127,1.1088347797310996e-07,-0.00028101541554478285,4.129920132528561e-07,-2.142325774440671,72.24002777758373,-0.18185370953042707,0.0001794225493669684,0.035748924756595635,56467.2,0.09122468279977346,0.006999999999999999,index_dividend_yield,0.065,13.11,30,56007.65,56368.7,55812.2,55794.75,mid_price,ok
2026-09-16T08:50:21.908876+00:00,2026-09-16T14:20:21.908876+05:30,BANKNIFTY,29-Sep-2026,57700.0,PE,56283.35,1363.9,30,1382.5,30,1450,1373.2,4467,-26,159,-16.61874640598045,14.51,,,,,,,,,,,,,,,0.035748924756595635,,,,,,13.11,30,56007.65,56368.7,55812.2,55794.75,mid_price,no_price_available
2026-09-16T08:50:21.908876+00:00,2026-09-16T14:20:21.908876+05:30,BANKNIFTY,29-Sep-2026,57800.0,CE,56283.35,143.3,30,144,60,144.25,143.65,8985,-1608,15309,26.42418930762489,13.46,0.1708549365931608,0.00017721972940744707,-15.437842114778723,27.013446093917484,1.8408024810174228,-0.011079232072822381,186.22756889955915,1.1290816119032199e-07,-9.484294785844965e-05,-5.660714768208756e-07,-2.15564389181187,74.29013365731613,-0.16413228136372873,0.00016804139182310186,0.035748924756595635,56467.2,0.09122468279977346,0.006999999999999999,index_dividend_yield,0.065,13.11,30,56007.65,56368.7,55812.2,55794.75,mid_price,ok
2026-09-16T08:50:21.908876+00:00,2026-09-16T14:20:21.908876+05:30,BANKNIFTY,29-Sep-2026,57800.0,PE,56283.35,1449.35,30,1464.85,30,1470.25,1457.1,4184,11,229,-18.130690202411113,13.63,,,,,,,,,,,,,,,0.035748924756595635,,,,,,13.11,30,56007.65,56368.7,55812.2,55794.75,mid_price,no_price_available
2026-09-16T08:50:21.908876+00:00,2026-09-16T14:20:21.908876+05:30,BANKNIFTY,29-Sep-2026,57900.0,CE,56283.35,126.5,30,126.85,30,127.3,126.675,7748,42,11876,24.195121951219512,13.47,0.15435447325759025,0.00016576320993615926,-14.411671414221175,25.285911017150212,1.8402749142885089,-0.010980751445296949,199.32431888155298,1.1327587298961983e-07,7.614545797033896e-05,-1.4495312756517191e-06,-2.157945629836039,76.13809726256045,-0.14807398656858928,0.00015663575268164688,0.035748924756595635,56467.2,0.09122468279977346,0.006999999999999999,index_dividend_yield,0.065,13.11,30,56007.65,56368.7,55812.2,55794.75,mid_price,ok
2026-09-16T08:50:21.908876+00:00,2026-09-16T14:20:21.908876+05:30,BANKNIFTY,29-Sep-2026,57900.0,PE,56283.35,1527.9,120,1546,30,1536.35,1536.95,4870,-57,223,-17.655098485863594,14.17,,,,,,,,,,,,,,,0.035748924756595635,,,,,,13.11,30,56007.65,56368.7,55812.2,55794.75,mid_price,no_price_available
2026-09-16T08:50:21.908876+00:00,2026-09-16T14:20:21.908876+05:30,BANKNIFTY,29-Sep-2026,58000.0,CE,56283.35,111.3,30,111.8,30,112.4,111.55,53481,-1836,47468,22.506811989100818,13.5,0.13935618170827352,0.00015443249978264003,-13.441996557985737,23.609964352870747,1.821859778981666,-0.010804928774973577,209.98726121064237,1.1231556902599605e-07,0.00022966019124714368,-2.2334835853553845e-06,-2.1497492978243002,77.8370899834717,-0.13349423203572602,0.00014542617852019398,0.035748924756595635,56467.2,0.09122468279977346,0.006999999999999999,index_dividend_yield,0.065,13.11,30,56007.65,56368.7,55812.2,55794.75,mid_price,ok
2026-09-16T08:50:21.908876+00:00,2026-09-16T14:20:21.908876+05:30,BANKNIFTY,29-Sep-2026,58000.0,PE,56283.35,1622,30,1632.5,30,1620,1627.25,26033,138,3164,-18.597055424350536,13.7,,,,,,,,,,,,,,,0.035748924756595635,,,,,,13.11,30,56007.65,56368.7,55812.2,55794.75,mid_price,no_price_available
2026-09-16T08:50:21.908876+00:00,2026-09-16T14:20:21.908876+05:30,BANKNIFTY,29-Sep-2026,58100.0,CE,56283.35,98.1,60,98.85,60,99.3,98.475,4371,-991,7571,20.87644552647596,13.5,0.1249278090626203,0.0001432204716973481,-12.428480709297418,21.89584599184111,1.7924387754722007,-0.010552044355994453,219.4692544978185,1.1090599879088068e-07,0.0003747388735110606,-2.9686615517471157e-06,-2.1307051318422943,79.78705070626134,-0.11950480337622302,0.00013440416053103616,0.035748924756595635,56467.2,0.09122468279977346,0.006999999999999999,index_dividend_yield,0.065,13.11,30,56007.65,56368.7,55812.2,55794.75,mid_price,ok
2026-09-16T08:50:21.908876+00:00,2026-09-16T14:20:21.908876+05:30,BANKNIFTY,29-Sep-2026,58100.0,PE,56283.35,1698.15,30,1728.9,30,1775,1713.525,1382,-5,25,-15.55862134582907,13.41,,,,,,,,,,,,,,,0.035748924756595635,,,,,,13.11,30,56007.65,56368.7,55812.2,55794.75,mid_price,no_price_available
2026-09-16T08:50:21.908876+00:00,2026-09-16T14:20:21.908876+05:30,BANKNIFTY,29-Sep-2026,58200.0,CE,56283.35,86,30,86.7,60,86.25,86.35,6234,-839,9314,17.506811989100818,13.6,0.11334581880965705,0.00013272963934610473,-11.652947322131439,20.442296550755117,1.7436477152972252,-0.010272281579430304,224.29950376142392,1.0739260246204641e-07,0.0004804847466362592,-3.499628762803259e-06,-2.1044093469473886,80.89320777969704,-0.10825806485329306,0.00012413144835737868,0.035748924756595635,56467.2,0.09122468279977346,0.006999999999999999,index_dividend_yield,0.065,13.11,30,56007.65,56368.7,55812.2,55794.75,mid_price,ok
2026-09-16T08:50:21.908876+00:00,2026-09-16T14:20:21.908876+05:30,BANKNIFTY,29-Sep-2026,58200.0,PE,56283.35,1778.7,30,1807.2,30,1852.3,1792.95,1901,4,10,-13.086524024024024,13.85,,,,,,,,,,,,,,,0.035748924756595635,,,,,,13.11,30,56007.65,56368.7,55812.2,55794.75,mid_price,no_price_available
2026-09-16T08:50:21.908876+00:00,2026-09-16T14:20:21.908876+05:30,BANKNIFTY,29-Sep-2026,58300.0,CE,56283.35,75.7,90,76.2,30,75.85,75.95,5943,-323,10361,11.217008797653959,13.57,0.10052609469494006,0.00012198758310404478,-10.634876047227815,18.746419705135754,1.6928481017533803,-0.009891602560477317,230.30975751412262,1.0484836500030641e-07,0.000599818796747281,-4.088753283187067e-06,-2.063768376587742,83.11076453070037,-0.09588110128892818,0.00011369422223309223,0.035748924756595635,56467.2,0.09122468279977346,0.006999999999999999,index_dividend_yield,0.065,13.11,30,56007.65,56368.7,55812.2,55794.75,mid_price,ok
2026-09-16T08:50:21.908876+00:00,2026-09-16T14:20:21.908876+05:30,BANKNIFTY,29-Sep-2026,58300.0,PE,56283.35,1855.75,90,1898.25,30,1905,1877.0,1862,-24,25,-14.835594697901067,11.76,,,,,,,,,,,,,,,0.035748924756595635,,,,,,13.11,30,56007.65,56368.7,55812.2,55794.75,mid_price,no_price_available
2026-09-16T08:50:21.908876+00:00,2026-09-16T14:20:21.908876+05:30,BANKNIFTY,29-Sep-2026,58400.0,CE,56283.35,67.3,60,68,90,67.4,67.65,3334,-368,5543,11.221122112211221,13.71,0.09153666101391084,0.00011270421162607468,-10.000616217168151,17.498485489394938,1.627651608226116,-0.009556595278303257,230.58410844065946,9.999815034148303e-08,0.0006631696831090454,-4.4072658838045705e-06,-2.0240723886514083,83.81586576256474,-0.08716647215591426,0.00010468255860160254,0.035748924756595635,56467.2,0.09122468279977346,0.006999999999999999,index_dividend_yield,0.065,13.11,30,56007.65,56368.7,55812.2,55794.75,mid_price,ok
2026-09-16T08:50:21.908876+00:00,2026-09-16T14:20:21.908876+05:30,BANKNIFTY,29-Sep-2026,58400.0,PE,56283.35,1957.7,30,1992,30,2034.7,1974.85,1016,-46,61,-16.610655737704917,14.06,,,,,,,,,,,,,,,0.035748924756595635,,,,,,13.11,30,56007.65,56368.7,55812.2,55794.75,mid_price,no_price_available
2026-09-16T08:50:21.908876+00:00,2026-09-16T14:20:21.908876+05:30,BANKNIFTY,29-Sep-2026,58500.0,CE,56283.35,59.75,60,60.1,90,59.85,59.925,27901,189,32981,8.130081300813009,13.78,0.08224640930249218,0.00010351438629140782,-9.255646013895136,16.153728924510833,1.5598114159794743,-0.00915955670343728,230.72829997655296,9.557799801416852e-08,0.000727410940761632,-4.721640958816714e-06,-1.9735929188094286,85.11874825067325,-0.07820033123333214,9.581838733121607e-05,0.035748924756595635,56467.2,0.09122468279977346,0.006999999999999999,index_dividend_yield,0.065,13.11,30,56007.65,56368.7,55812.2,55794.75,mid_price,ok
2026-09-16T08:50:21.908876+00:00,2026-09-16T14:20:21.908876+05:30,BANKNIFTY,29-Sep-2026,58500.0,PE,56283.35,2065.5,30,2079.65,30,2075,2072.575,6000,-180,434,-17.312558528761283,14.6,,,,,,,,,,,,,,,0.035748924756595635,,,,,,13.11,30,56007.65,56368.7,55812.2,55794.75,mid_price,no_price_available
2026-09-16T08:50:21.908876+00:00,2026-09-16T14:20:21.908876+05:30,BANKNIFTY,29-Sep-2026,58600.0,CE,56283.35,52.95,30,53.3,30,53.1,53.125,3038,-243,3975,7.817258883248731,13.79,0.07289092117230403,9.437557306891371e-05,-8.431495997512359,14.738277501818054,1.486869735792845,-0.008698093253321784,230.14048031398727,9.128882798317553e-08,0.0007893865890229012,-5.0103868719528975e-06,-1.9107922121098273,86.96351641400622,-0.06920426199276646,8.706111951892377e-05,0.035748924756595635,56467.2,0.09122468279977346,0.006999999999999999,index_dividend_yield,0.065,13.11,30,56007.65,56368.7,55812.2,55794.75,mid_price,ok
2026-09-16T08:50:21.908876+00:00,2026-09-16T14:20:21.908876+05:30,BANKNIFTY,29-Sep-2026,58600.0,PE,56283.35,2134.45,30,2175.35,30,2130,2154.8999999999996,540,-5,6,10.362694300518134,0,,,,,,,,,,,,,,,0.035748924756595635,,,,,,13.11,30,56007.65,56368.7,55812.2,55794.75,mid_price,no_price_available
2026-09-16T08:50:21.908876+00:00,2026-09-16T14:20:21.908876+05:30,BANKNIFTY,29-Sep-2026,58700.0,CE,56283.35,46.65,240,47.2,60,47.7,46.925,2766,-102,2780,3.808487486398259,13.95,0.06651606368199901,8.694621056819816e-05,-7.929633897284276,13.735602930227344,1.4141951808983033,-0.008334164726237062,226.0639578918182,8.597387139382754e-08,0.0008077793602102121,-5.106900548099784e-06,-1.8583239691512257,87.37898466341014,-0.06304773352857429,7.993451308540429e-05,0.035748924756595635,56467.2,0.09122468279977346,0.006999999999999999,index_dividend_yield,0.065,13.11,30,56007.65,56368.7,55812.2,55794.75,mid_price,ok
2026-09-16T08:50:21.908876+00:00,2026-09-16T14:20:21.908876+05:30,BANKNIFTY,29-Sep-2026,58700.0,PE,56283.35,2190.7,30,2305.25,30,2556.4,2247.975,394,0,3,22.31578947368421,24.6,,,,,,,,,,,,,,,0.035748924756595635,,,,,,13.11,30,56007.65,56368.7,55812.2,55794.75,mid_price,no_price_available
2026-09-16T08:50:21.908876+00:00,2026-09-16T14:20:21.908876+05:30,BANKNIFTY,29-Sep-2026,58800.0,CE,56283.35,41.95,210,42.2,30,42.4,42.075,4661,251,5592,3.4146341463414633,14.09,0.06045650107473068,7.991461130371375e-05,-7.418514870071103,12.751463909019392,1.341464814227377,-0.007954328895335885,221.38992492284882,8.087795040884693e-08,0.0008203593990482779,-5.170058614998427e-06,-1.8011349202539702,87.94735584131337,-0.05721095718156607,7.322028533923094e-05,0.035748924756595635,56467.2,0.09122468279977346,0.006999999999999999,index_dividend_yield,0.065,13.11,30,56007.65,56368.7,55812.2,55794.75,mid_price,ok
2026-09-16T08:50:21.908876+00:00,2026-09-16T14:20:21.908876+05:30,BANKNIFTY,29-Sep-2026,58800.0,PE,56283.35,2321.8,30,2401.2,60,2250,2361.5,535,-1,2,-15.944411237298267,0,,,,,,,,,,,,,,,0.035748924756595635,,,,,,13.11,30,56007.65,56368.7,55812.2,55794.75,mid_price,no_price_available
2026-09-16T08:50:21.908876+00:00,2026-09-16T14:20:21.908876+05:30,BANKNIFTY,29-Sep-2026,58900.0,CE,56283.35,37.9,120,38.25,30,35.7,38.075,1941,-53,2232,-11.41439205955335,14.19,0.0544488965171002,7.307919617154424e-05,-6.866340489298215,11.743539656127425,1.2674752124696291,-0.0075421794474650255,216.221495175696,7.601824524771835e-08,0.0008305799810145531,-5.211145173978336e-06,-1.7364184331157073,88.863113294831,-0.051444480962865066,6.67302957808807e-05,0.035748924756595635,56467.2,0.09122468279977346,0.006999999999999999,index_dividend_yield,0.065,13.11,30,56007.65,56368.7,55812.2,55794.75,mid_price,ok
2026-09-16T08:50:21.908876+00:00,2026-09-16T14:20:21.908876+05:30,BANKNIFTY,29-Sep-2026,58900.0,PE,56283.35,2422.65,30,2496.1,30,2565.1,2459.375,612,-6,9,-5.807399247222987,18.29,,,,,,,,,,,,,,,0.035748924756595635,,,,,,13.11,30,56007.65,56368.7,55812.2,55794.75,mid_price,no_price_available
2026-09-16T08:50:21.908876+00:00,2026-09-16T14:20:21.908876+05:30,BANKNIFTY,29-Sep-2026,59000.0,CE,56283.35,34.35,60,34.55,150,34.2,34.45,36875,1773,31338,-5.914718019257221,14.39,0.050206193091348994,6.756774855320689e-05,-6.514888280959267,11.01090722305971,1.2006960233353174,-0.007221744485738632,209.90075056753898,7.10915531185176e-08,0.0008185438926177905,-5.162450966066047e-06,-1.68419769228902,88.79301772845818,-0.047355058822797357,6.148869873703087e-05,0.035748924756595635,56467.2,0.09122468279977346,0.006999999999999999,index_dividend_yield,0.065,13.11,30,56007.65,56368.7,55812.2,55794.75,mid_price,ok
2026-09-16T08:50:21.908876+00:00,2026-09-16T14:20:21.908876+05:30,BANKNIFTY,29-Sep-2026,59000.0,PE,56283.35,2535.6,30,2554.25,30,2540,2544.925,7539,-44,1539,-12.611171319949769,15.54,,,,,,,,,,,,,,,0.035748924756595635,,,,,,13.11,30,56007.65,56368.7,55812.2,55794.75,mid_price,no_price_available
2026-09-16T08:50:21.908876+00:00,2026-09-16T14:20:21.908876+05:30,BANKNIFTY,29-Sep-2026,59100.0,CE,56283.35,30.6,390,30.85,30,30.8,30.725,1365,-114,1014,-10.072992700729927,14.56,0.04600667268892065,6.227015771262756e-05,-6.134769734694195,10.267487957080288,1.1346101069157968,-0.006883841464409657,203.4205220715819,6.647559104507441e-08,0.0008060644623223466,-5.103039975888209e-06,-1.6274321620027339,88.97817256990514,-0.04332162493192228,5.6476123806863e-05,0.035748924756595635,56467.2,0.09122468279977346,0.006999999999999999,index_dividend_yield,0.065,13.11,30,56007.65,56368.7,55812.2,55794.75,mid_price,ok
2026-09-16T08:50:21.908876+00:00,2026-09-16T14:20:21.908876+05:30,BANKNIFTY,29-Sep-2026,59100.0,PE,56283.35,2601.75,30,2688.5,30,2818.95,2645.125,215,0,2,24.746100232326583,21.88,,,,,,,,,,,,,,,0.035748924756595635,,,,,,13.11,30,56007.65,56368.7,55812.2,55794.75,mid_price,no_price_available
2026-09-16T08:50:21.908876+00:00,2026-09-16T14:20:21.908876+05:30,BANKNIFTY,29-Sep-2026,59200.0,CE,56283.35,27.9,510,28.55,300,28.2,28.225,1667,-397,1616,-12.012480499219969,14.65,0.04133639461708048,5.6766078163938075e-05,-5.65199017883048,9.417798128278262,1.0649375435552202,-0.006482619745852937,196.65335965831508,6.21133344872857e-08,0.0007978881710571027,-5.0440052878763595e-06,-1.5578034998580927,89.89206711231424,-0.0388626547851587,5.131039466438949e-05,0.035748924756595635,56467.2,0.09122468279977346,0.006999999999999999,index_dividend_yield,0.065,13.11,30,56007.65,56368.7,55812.2,55794.75,mid_price,ok
2026-09-16T08:50:21.908876+00:00,2026-09-16T14:20:21.908876+05:30,BANKNIFTY,29-Sep-2026,59200.0,PE,56283.35,2684.75,30,2786.3,30,0.0,2735.525,52,0,0,0,0,,,,,,,,,,,,,,,0.035748924756595635,,,,,,13.11,30,56007.65,56368.7,55812.2,55794.75,mid_price,no_price_available
2026-09-16T08:50:21.908876+00:00,2026-09-16T14:20:21.908876+05:30,BANKNIFTY,29-Sep-2026,59300.0,CE,56283.35,25.5,240,25.7,120,25.55,25.6,1611,-187,1126,-12.947189097103918,14.83,0.038017171370070574,5.2387103543648677e-05,-5.335472148280584,8.798089988506547,1.004602633389383,-0.006174065566729842,189.65851971353763,5.794155366128913e-08,0.0007760768066149662,-4.936355169696308e-06,-1.5025783309031642,89.92107753983635,-0.035681923707046204,4.719270577658375e-05,0.035748924756595635,56467.2,0.09122468279977346,0.006999999999999999,index_dividend_yield,0.065,13.11,30,56007.65,56368.7,55812.2,55794.75,mid_price,ok
2026-09-16T08:50:21.908876+00:00,2026-09-16T14:20:21.908876+05:30,BANKNIFTY,29-Sep-2026,59300.0,PE,56283.35,2650.45,300,2884.2,30,0.0,2767.325,53,0,0,0,8.77,,,,,,,,,,,,,,,0.035748924756595635,,,,,,13.11,30,56007.65,56368.7,55812.2,55794.75,mid_price,no_price_available
2026-09-16T08:50:21.908876+00:00,2026-09-16T14:20:21.908876+05:30,BANKNIFTY,29-Sep-2026,59400.0,CE,56283.35,23.25,330,23.7,420,23.6,23.475,2609,-91,1785,-11.77570093457944,14.99,0.034809254685519875,4.822037172189615e-05,-5.009322620923194,8.18568537877932,0.9454888393188831,-0.0058588858504455615,182.54406854946302,5.4007912706936267e-08,0.0007536753747649748,-4.81874920486621e-06,-1.4446935165999342,90.11317521429042,-0.032616837063196534,4.329298607292012e-05,0.035748924756595635,56467.2,0.09122468279977346,0.006999999999999999,index_dividend_yield,0.065,13.11,30,56007.65,56368.7,55812.2,55794.75,mid_price,ok
2026-09-16T08:50:21.908876+00:00,2026-09-16T14:20:21.908876+05:30,BANKNIFTY,29-Sep-2026,59400.0,PE,56283.35,2866.45,30,2982.5,60,0.0,2924.475,119,0,0,0,12.5,,,,,,,,,,,,,,,0.035748924756595635,,,,,,13.11,30,56007.65,56368.7,55812.2,55794.75,mid_price,no_price_available
2026-09-16T08:50:21.908876+00:00,2026-09-16T14:20:21.908876+05:30,BANKNIFTY,29-Sep-2026,59500.0,CE,56283.35,21.35,90,21.5,120,21.6,21.425,13325,-524,13443,-15.625,15.15,0.03189505901748498,4.439663688682168e-05,-4.703652351928727,7.6170282659855495,0.8892061780354822,-0.005555979093511249,175.3924171000709,5.030727559324599e-08,0.0007292666243835441,-4.688978553829011e-06,-1.3876466973736363,90.27903699539507,-0.029836574614244188,3.972610801798388e-05,0.035748924756595635,56467.2,0.09122468279977346,0.006999999999999999,index_dividend_yield,0.065,13.11,30,56007.65,56368.7,55812.2,55794.75,mid_price,ok
2026-09-16T08:50:21.908876+00:00,2026-09-16T14:20:21.908876+05:30,BANKNIFTY,29-Sep-2026,59500.0,PE,56283.35,3009.65,30,3037.35,30,3100,3023.5,1140,3,90,-8.11139270523024,17.09,,,,,,,,,,,,,,,0.035748924756595635,,,,,,13.11,30,56007.65,56368.7,55812.2,55794.75,mid_price,no_price_available
2026-09-16T08:50:21.908876+00:00,2026-09-16T14:20:21.908876+05:30,BANKNIFTY,29-Sep-2026,59600.0,CE,56283.35,19.4,240,19.95,210,19.05,19.674999999999997,1172,-272,787,-24.404761904761905,15.38,0.029833955292002022,4.138007505615566e-05,-4.511067598557988,7.207264673553797,0.8420136585789335,-0.005329299509217355,168.735645276187,4.694808563373296e-08,0.0006997515972101091,-4.5484346483774614e-06,-1.3440276505534987,89.76816495354609,-0.02785989070720814,3.690274160660537e-05,0.035748924756595635,56467.2,0.09122468279977346,0.006999999999999999,index_dividend_yield,0.065,13.11,30,56007.65,56368.7,55812.2,55794.75,mid_price,ok
2026-09-16T08:50:21.908876+00:00,2026-09-16T14:20:21.908876+05:30,BANKNIFTY,29-Sep-2026,59600.0,PE,56283.35,2908.4,330,3177.7,30,0.0,3043.05,13,0,0,0,0,,,,,,,,,,,,,,,0.035748924756595635,,,,,,13.11,30,56007.65,56368.7,55812.2,55794.75,mid_price,no_price_available
2026-09-16T08:50:21.908876+00:00,2026-09-16T14:20:21.908876+05:30,BANKNIFTY,29-Sep-2026,59700.0,CE,56283.35,18,90,18.2,210,18.2,18.1,1124,-188,1212,-21.21212121212121,15.49,0.026996131114445373,3.780723516031589e-05,-4.17499022047618,6.632071472270674,0.7869625008358558,-0.005006178991378875,161.35969378086034,4.362022468582818e-08,0.0006757962968476026,-4.404906651736883e-06,-1.2805080546294265,90.35086858587142,-0.025169441750153596,3.360362534894228e-05,0.035748924756595635,56467.2,0.09122468279977346,0.006999999999999999,index_dividend_yield,0.065,13.11,30,56007.65,56368.7,55812.2,55794.75,mid_price,ok
2026-09-16T08:50:21.908876+00:00,2026-09-16T14:20:21.908876+05:30,BANKNIFTY,29-Sep-2026,59700.0,PE,56283.35,3008.55,330,3300.7,60,0.0,3154.625,21,0,0,0,0,,,,,,,,,,,,,,,0.035748924756595635,,,,,,13.11,30,56007.65,56368.7,55812.2,55794.75,mid_price,no_price_available
2026-09-16T08:50:21.908876+00:00,2026-09-16T14:20:21.908876+05:30,BANKNIFTY,29-Sep-2026,59800.0,CE,56283.35,16.7,30,16.85,240,16.65,16.775,2399,-1174,3413,-24.318181818181817,15.7,0.025167184342261742,3.517592519251711e-05,-3.9848296838577997,6.254146395918042,0.7436509114624161,-0.004785487966637757,154.8698546101459,4.0689121266877467e-08,0.0006470126733646252,-4.259241830301187e-06,-1.2361710982718188,89.98617674947553,-0.02342395001795527,3.1160401058778927e-05,0.035748924756595635,56467.2,0.09122468279977346,0.006999999999999999,index_dividend_yield,0.065,13.11,30,56007.65,56368.7,55812.2,55794.75,mid_price,ok
2026-09-16T08:50:21.908876+00:00,2026-09-16T14:20:21.908876+05:30,BANKNIFTY,29-Sep-2026,59800.0,PE,56283.35,3102.9,300,3374.65,30,0.0,3238.775,7,0,0,0,10.79,,,,,,,,,,,,,,,0.035748924756595635,,,,,,13.11,30,56007.65,56368.7,55812.2,55794.75,mid_price,no_price_available
2026-09-16T08:50:21.908876+00:00,2026-09-16T14:20:21.908876+05:30,BANKNIFTY,29-Sep-2026,59900.0,CE,56283.35,15.55,60,15.8,360,15.65,15.675,1848,-67,1477,-25.829383886255926,15.95,0.023774798817417613,3.3009321687688194e-05,-3.8541030877326667,5.962386830069248,0.7065363499506663,-0.004610581511240688,148.9645106741806,3.8060350373751426e-08,0.0006177595329469171,-4.118442623731074e-06,-1.2004763835664267,89.24905635477931,-0.022089017757573264,2.9143575537684736e-05,0.035748924756595635,56467.2,0.09122468279977346,0.006999999999999999,index_dividend_yield,0.065,13.11,30,56007.65,56368.7,55812.2,55794.75,mid_price,ok
2026-09-16T08:50:21.908876+00:00,2026-09-16T14:20:21.908876+05:30,BANKNIFTY,29-Sep-2026,59900.0,PE,56283.35,3287.85,330,3473.5,30,0.0,3380.675,17,0,0,0,19.79,,,,,,,,,,,,,,,0.035748924756595635,,,,,,13.11,30,56007.65,56368.7,55812.2,55794.75,mid_price,no_price_available
2026-09-16T08:50:21.908876+00:00,2026-09-16T14:20:21.908876+05:30,BANKNIFTY,29-Sep-2026,60000.0,CE,56283.35,14.85,60,14.9,30,14.9,14.875,36359,-2042,28542,-25.870646766169155,16.17,0.02229185849025039,3.084116710358918e-05,-3.6962077991232105,5.647596830567661,0.6691901601957334,-0.00441943431373059,143.0266541095895,3.557087210723293e-08,0.0005903349018573206,-3.977840523931485e-06,-1.1609080605582696,88.77751287713504,-0.020675463921913023,2.7138646331879683e-05,0.035748924756595635,56467.2,0.09122468279977346,0.006999999999999999,index_dividend_yield,0.065,13.11,30,56007.65,56368.7,55812.2,55794.75,mid_price,ok
2026-09-16T08:50:21.908876+00:00,2026-09-16T14:20:21.908876+05:30,BANKNIFTY,29-Sep-2026,60000.0,PE,56283.35,3509.05,30,3530.95,30,3517.8,3520.0,10398,-371,592,-10.78479856963518,15.45,,,,,,,,,,,,,,,0.035748924756595635,,,,,,13.11,30,56007.65,56368.7,55812.2,55794.75,mid_price,no_price_available
2026-09-16T08:50:21.908876+00:00,2026-09-16T14:20:21.908876+05:30,BANKNIFTY,29-Sep-2026,60100.0,CE,56283.35,13.6,120,13.75,90,13.6,13.675,2450,411,1617,-28.04232804232804,16.33,0.020550248957483825,2.8509299246351217e-05,-3.480578793821743,5.272245062705665,0.6289875613079507,-0.004188155101912592,136.70666597242453,3.312958541328463e-08,0.0005646535140240511,-3.830944476835115e-06,-1.1122359285992083,88.82226406150512,-0.01902853460452374,2.5003308319315863e-05,0.035748924756595635,56467.2,0.09122468279977346,0.006999999999999999,index_dividend_yield,0.065,13.11,30,56007.65,56368.7,55812.2,55794.75,mid_price,ok
2026-09-16T08:50:21.908876+00:00,2026-09-16T14:20:21.908876+05:30,BANKNIFTY,29-Sep-2026,60100.0,PE,56283.35,3451.95,300,3782.4,300,0.0,3617.175,8,0,0,0,0,,,,,,,,,,,,,,,0.035748924756595635,,,,,,13.11,30,56007.65,56368.7,55812.2,55794.75,mid_price,no_price_available
2026-09-16T08:50:21.908876+00:00,2026-09-16T14:20:21.908876+05:30,BANKNIFTY,29-Sep-2026,60200.0,CE,56283.35,12.6,90,12.7,30,12.6,12.649999999999999,904,-151,925,-31.52173913043478,16.46,0.018783064433489708,2.6205132858849763e-05,-3.2468151923639716,4.884713071028595,0.5885516594854,-0.003943973016249932,130.23806554268756,3.078123997739294e-08,0.0005394882211013873,-3.678804906724037e-06,-1.0598716344802623,89.11134619170984,-0.017363958050036526,2.2906211221451056e-05,0.035748924756595635,56467.2,0.09122468279977346,0.006999999999999999,index_dividend_yield,0.065,13.11,30,56007.65,56368.7,55812.2,55794.75,mid_price,ok
2026-09-16T08:50:21.908876+00:00,2026-09-16T14:20:21.908876+05:30,BANKNIFTY,29-Sep-2026,60200.0,PE,56283.35,3442.9,330,4135.7,300,0.0,3789.3,6,0,0,0,17.67,,,,,,,,,,,,,,,0.035748924756595635,,,,,,13.11,30,56007.65,56368.7,55812.2,55794.75,mid_price,no_price_available
2026-09-16T08:50:21.908876+00:00,2026-09-16T14:20:21.908876+05:30,BANKNIFTY,29-Sep-2026,60300.0,CE,56283.35,11.6,90,11.75,30,11.55,11.675,664,-77,599,-32.45614035087719,16.68,0.017674206166533365,2.4552799253380816e-05,-3.1204269578403245,4.637884412916621,0.5580274925269315,-0.003783805397405273,124.95536299935273,2.8806739703493147e-08,0.0005143110462707396,-3.545408747406799e-06,-1.0249576644796479,88.59920251700552,-0.01631071063382415,2.1390762530499748e-05,0.035748924756595635,56467.2,0.09122468279977346,0.006999999999999999,index_dividend_yield,0.065,13.11,30,56007.65,56368.7,55812.2,55794.75,mid_price,ok
2026-09-16T08:50:21.908876+00:00,2026-09-16T14:20:21.908876+05:30,BANKNIFTY,29-Sep-2026,60300.0,PE,56283.35,3580.25,300,4187.45,300,0.0,3883.85,0,0,0,0,0,,,,,,,,,,,,,,,0.035748924756595635,,,,,,13.11,30,56007.65,56368.7,55812.2,55794.75,mid_price,no_price_available
2026-09-16T08:50:21.908876+00:00,2026-09-16T14:20:21.908876+05:30,BANKNIFTY,29-Sep-2026,60400.0,CE,56283.35,10.7,420,10.95,180,10.9,10.825,1535,-204,731,-31.230283911671926,16.86,0.016441073701631122,2.283451933649716e-05,-2.9619019500417854,4.359857612431775,0.5261483840861558,-0.0036010829981074285,119.45032266589894,2.688341801514e-08,0.000490177995528219,-3.4074471560043213e-06,-0.9845756050144194,88.42307137619996,-0.015147244671224566,1.982795272066941e-05,0.035748924756595635,56467.2,0.09122468279977346,0.006999999999999999,index_dividend_yield,0.065,13.11,30,56007.65,56368.7,55812.2,55794.75,mid_price,ok
2026-09-16T08:50:21.908876+00:00,2026-09-16T14:20:21.908876+05:30,BANKNIFTY,29-Sep-2026,60400.0,PE,56283.35,3700.95,300,4290.1,300,0.0,3995.525,1,0,0,0,0,,,,,,,,,,,,,,,0.035748924756595635,,,,,,13.11,30,56007.65,56368.7,55812.2,55794.75,mid_price,no_price_available
2026-09-16T08:50:21.908876+00:00,2026-09-16T14:20:21.908876+05:30,BANKNIFTY,29-Sep-2026,60500.0,CE,56283.35,10.1,420,10.15,510,10.1,10.125,9572,360,12619,-34.627831715210355,17.04,0.015309504113968142,2.125321551559497e-05,-2.8131238487505876,4.101258071149701,0.49622950697407114,-0.003427987617137711,114.16122881905166,2.509754618213019e-08,0.00046687017611209884,-3.2728223130058405e-06,-0.9457611918499036,88.23431394055622,-0.014081065694776834,1.8393898029801053e-05,0.035748924756595635,56467.2,0.09122468279977346,0.006999999999999999,index_dividend_yield,0.065,13.11,30,56007.65,56368.7,55812.2,55794.75,mid_price,ok
2026-09-16T08:50:21.908876+00:00,2026-09-16T14:20:21.908876+05:30,BANKNIFTY,29-Sep-2026,60500.0,PE,56283.35,3995,30,4092.8,60,0.0,4043.9,308,0,0,0,39.45,,,,,,,,,,,,,,,0.035748924756595635,,,,,,13.11,30,56007.65,56368.7,55812.2,55794.75,mid_price,no_price_available
2026-09-16T08:50:21.908876+00:00,2026-09-16T14:20:21.908876+05:30,BANKNIFTY,29-Sep-2026,60600.0,CE,56283.35,8.2,240,36.85,570,0.0,22.525,0,0,0,0,0,,,,,,,,,,,,,,,0.035748924756595635,56467.2,0.09122468279977346,0.006999999999999999,index_dividend_yield,0.065,13.11,30,56007.65,56368.7,55812.2,55794.75,mid_price,no_nse_iv
2026-09-16T08:50:21.908876+00:00,2026-09-16T14:20:21.908876+05:30,BANKNIFTY,29-Sep-2026,60600.0,PE,56283.35,3923.35,300,4515.45,300,0.0,4219.4,0,0,0,0,0,,,,,,,,,,,,,,,0.035748924756595635,,,,,,13.11,30,56007.65,56368.7,55812.2,55794.75,mid_price,no_price_available
2026-09-16T08:50:21.908876+00:00,2026-09-16T14:20:21.908876+05:30,BANKNIFTY,29-Sep-2026,60700.0,CE,56283.35,9.05,120,9.15,30,8.9,9.100000000000001,897,-87,642,-35.03649635036496,17.43,0.013447773024555612,1.8582620775947952e-05,-2.5685789593064956,3.667982143261334,0.4441166600741755,-0.0031304080023784077,104.58444424303903,2.197171017413716e-08,0.00042322646255184884,-3.022756976165106e-06,-0.8777124572046358,87.57420039691657,-0.012326901524260116,1.597678753022278e-05,0.035748924756595635,56467.2,0.09122468279977346,0.006999999999999999,index_dividend_yield,0.065,13.11,30,56007.65,56368.7,55812.2,55794.75,mid_price,ok
2026-09-16T08:50:21.908876+00:00,2026-09-16T14:20:21.908876+05:30,BANKNIFTY,29-Sep-2026,60700.0,PE,56283.35,3902.25,300,4595.65,300,0.0,4248.95,0,0,0,0,0,,,,,,,,,,,,,,,0.035748924756595635,,,,,,13.11,30,56007.65,56368.7,55812.2,55794.75,mid_price,no_price_available
2026-09-16T08:50:21.908876+00:00,2026-09-16T14:20:21.908876+05:30,BANKNIFTY,29-Sep-2026,60800.0,CE,56283.35,5,1800,36,570,0.0,20.5,0,0,0,0,0,,,,,,,,,,,,,,,0.035748924756595635,56467.2,0.09122468279977346,0.006999999999999999,index_dividend_yield,0.065,13.11,30,56007.65,56368.7,55812.2,55794.75,mid_price,no_nse_iv
2026-09-16T08:50:21.908876+00:00,2026-09-16T14:20:21.908876+05:30,BANKNIFTY,29-Sep-2026,60800.0,PE,56283.35,3974.65,300,4721.05,300,0.0,4347.85,0,0,0,0,0,,,,,,,,,,,,,,,0.035748924756595635,,,,,,13.11,30,56007.65,56368.7,55812.2,55794.75,mid_price,no_price_available
2026-09-16T08:50:21.908876+00:00,2026-09-16T14:20:21.908876+05:30,BANKNIFTY,29-Sep-2026,60900.0,CE,56283.35,5,1800,32.8,570,0.0,18.9,0,0,0,0,0,,,,,,,,,,,,,,,0.035748924756595635,56467.2,0.09122468279977346,0.006999999999999999,index_dividend_yield,0.065,13.11,30,56007.65,56368.7,55812.2,55794.75,mid_price,no_nse_iv
2026-09-16T08:50:21.908876+00:00,2026-09-16T14:20:21.908876+05:30,BANKNIFTY,29-Sep-2026,60900.0,PE,56283.35,4158.5,300,4841.7,300,0.0,4500.1,0,0,0,0,0,,,,,,,,,,,,,,,0.035748924756595635,,,,,,13.11,30,56007.65,56368.7,55812.2,55794.75,mid_price,no_price_available
2026-09-16T08:50:21.908876+00:00,2026-09-16T14:20:21.908876+05:30,BANKNIFTY,29-Sep-2026,61000.0,CE,56283.35,7.7,960,7.75,60,7.7,7.725,21128,-2327,18599,-38.888888888888886,18.06,0.011332216638210092,1.5463029509133497e-05,-2.2886368929405982,3.162533919121773,0.3806211670085097,-0.0027705805654145085,92.30571998554726,1.8180265438774323e-08,0.0003656987412657796,-2.692583634959425e-06,-0.7930848057234163,86.17383098469503,-0.010334649525656206,1.3164209717390926e-05,0.035748924756595635,56467.2,0.09122468279977346,0.006999999999999999,index_dividend_yield,0.065,13.11,30,56007.65,56368.7,55812.2,55794.75,mid_price,ok
2026-09-16T08:50:21.908876+00:00,2026-09-16T14:20:21.908876+05:30,BANKNIFTY,29-Sep-2026,61000.0,PE,56283.35,4492.05,30,4528.75,30,4500,4510.4,1969,-26,65,-8.947432317591357,20.38,,,,,,,,,,,,,,,0.035748924756595635,,,,,,13.11,30,56007.65,56368.7,55812.2,55794.75,mid_price,no_price_available
2026-09-16T08:50:21.908876+00:00,2026-09-16T14:20:21.908876+05:30,BANKNIFTY,29-Sep-2026,61100.0,CE,56283.35,3.35,600,28.3,570,0.0,15.825000000000001,0,0,0,0,0,,,,,,,,,,,,,,,0.035748924756595635,56467.2,0.09122468279977346,0.006999999999999999,index_dividend_yield,0.065,13.11,30,56007.65,56368.7,55812.2,55794.75,mid_price,no_nse_iv
2026-09-16T08:50:21.908876+00:00,2026-09-16T14:20:21.908876+05:30,BANKNIFTY,29-Sep-2026,61100.0,PE,56283.35,4272.6,300,5021.65,300,0.0,4647.125,0,0,0,0,0,,,,,,,,,,,,,,,0.035748924756595635,,,,,,13.11,30,56007.65,56368.7,55812.2,55794.75,mid_price,no_price_available
2026-09-16T08:50:21.908876+00:00,2026-09-16T14:20:21.908876+05:30,BANKNIFTY,29-Sep-2026,61200.0,CE,56283.35,3.3,600,32.2,570,0.0,17.75,0,0,0,0,0,,,,,,,,,,,,,,,0.035748924756595635,56467.2,0.09122468279977346,0.006999999999999999,index_dividend_yield,0.065,13.11,30,56007.65,56368.7,55812.2,55794.75,mid_price,no_nse_iv
2026-09-16T08:50:21.908876+00:00,2026-09-16T14:20:21.908876+05:30,BANKNIFTY,29-Sep-2026,61200.0,PE,56283.35,4363.15,300,5129.9,300,0.0,4746.525,0,0,0,0,0,,,,,,,,,,,,,,,0.035748924756595635,,,,,,13.11,30,56007.65,56368.7,55812.2,55794.75,mid_price,no_price_available
2026-09-16T08:50:21.908876+00:00,2026-09-16T14:20:21.908876+05:30,BANKNIFTY,29-Sep-2026,61300.0,CE,56283.35,3.2,600,29.5,570,0.0,16.35,0,0,0,0,0,,,,,,,,,,,,,,,0.035748924756595635,56467.2,0.09122468279977346,0.006999999999999999,index_dividend_yield,0.065,13.11,30,56007.65,56368.7,55812.2,55794.75,mid_price,no_nse_iv
2026-09-16T08:50:21.908876+00:00,2026-09-16T14:20:21.908876+05:30,BANKNIFTY,29-Sep-2026,61300.0,PE,56283.35,4525.9,300,5214.4,300,0.0,4870.15,0,0,0,0,0,,,,,,,,,,,,,,,0.035748924756595635,,,,,,13.11,30,56007.65,56368.7,55812.2,55794.75,mid_price,no_price_available
2026-09-16T08:50:21.908876+00:00,2026-09-16T14:20:21.908876+05:30,BANKNIFTY,29-Sep-2026,61400.0,CE,56283.35,3.1,600,27.45,570,0.0,15.275,0,0,0,0,0,,,,,,,,,,,,,,,0.035748924756595635,56467.2,0.09122468279977346,0.006999999999999999,index_dividend_yield,0.065,13.11,30,56007.65,56368.7,55812.2,55794.75,mid_price,no_nse_iv
2026-09-16T08:50:21.908876+00:00,2026-09-16T14:20:21.908876+05:30,BANKNIFTY,29-Sep-2026,61400.0,PE,56283.35,4634.55,300,5315.4,300,0.0,4974.975,0,0,0,0,0,,,,,,,,,,,,,,,0.035748924756595635,,,,,,13.11,30,56007.65,56368.7,55812.2,55794.75,mid_price,no_price_available
2026-09-16T08:50:21.908876+00:00,2026-09-16T14:20:21.908876+05:30,BANKNIFTY,29-Sep-2026,61500.0,CE,56283.35,5.45,450,5.55,240,5.45,5.5,8852,-2186,8651,-42.931937172774866,18.93,0.008180219071082694,1.1095831709861538e-05,-1.7976309758827482,2.3786652973381184,0.2876947039776468,-0.002184842060734652,73.49642841822246,1.31266566495467e-08,0.00028422024333940485,-2.1779497107260598e-06,-0.6493193428534658,85.1310555421275,-0.0073984045830442985,9.293290378508535e-06,0.035748924756595635,56467.2,0.09122468279977346,0.006999999999999999,index_dividend_yield,0.065,13.11,30,56007.65,56368.7,55812.2,55794.75,mid_price,ok
2026-09-16T08:50:21.908876+00:00,2026-09-16T14:20:21.908876+05:30,BANKNIFTY,29-Sep-2026,61500.0,PE,56283.35,4952.45,120,5017.05,30,4900,4984.75,380,-16,18,5.376344086021505,0,,,,,,,,,,,,,,,0.035748924756595635,,,,,,13.11,30,56007.65,56368.7,55812.2,55794.75,mid_price,no_price_available
2026-09-16T08:50:21.908876+00:00,2026-09-16T14:20:21.908876+05:30,BANKNIFTY,29-Sep-2026,61600.0,CE,56283.35,5.55,90,5.75,120,5.55,5.65,94,-43,547,-46.3768115942029,18.94,0.007245511813002601,9.966616311184412e-06,-1.6154329584245992,2.1377187946135243,0.2630949907930038,-0.0019974829948151435,68.44606969952638,1.2011945686149529e-08,0.0002664856179325203,-2.0402604935852874e-06,-0.6015977419081293,86.13366234872683,-0.0065432979835767105,8.320438076028413e-06,0.035748924756595635,56467.2,0.09122468279977346,0.006999999999999999,index_dividend_yield,0.065,13.11,30,56007.65,56368.7,55812.2,55794.75,mid_price,ok
2026-09-16T08:50:21.908876+00:00,2026-09-16T14:20:21.908876+05:30,BANKNIFTY,29-Sep-2026,61600.0,PE,56283.35,4740.7,300,5519.15,300,0.0,5129.924999999999,0,0,0,0,0,,,,,,,,,,,,,,,0.035748924756595635,,,,,,13.11,30,56007.65,56368.7,55812.2,55794.75,mid_price,no_price_available
2026-09-16T08:50:21.908876+00:00,2026-09-16T14:20:21.908876+05:30,BANKNIFTY,29-Sep-2026,61700.0,CE,56283.35,3,600,27.95,570,0.0,15.475,0,0,0,0,0,,,,,,,,,,,,,,,0.035748924756595635,56467.2,0.09122468279977346,0.006999999999999999,index_dividend_yield,0.065,13.11,30,56007.65,56368.7,55812.2,55794.75,mid_price,no_nse_iv
2026-09-16T08:50:21.908876+00:00,2026-09-16T14:20:21.908876+05:30,BANKNIFTY,29-Sep-2026,61700.0,PE,56283.35,4928.15,300,5630.6,390,0.0,5279.375,0,0,0,0,0,,,,,,,,,,,,,,,0.035748924756595635,,,,,,13.11,30,56007.65,56368.7,55812.2,55794.75,mid_price,no_price_available
2026-09-16T08:50:21.908876+00:00,2026-09-16T14:20:21.908876+05:30,BANKNIFTY,29-Sep-2026,61800.0,CE,56283.35,3,600,21.9,570,0.0,12.45,0,0,0,0,0,,,,,,,,,,,,,,,0.035748924756595635,56467.2,0.09122468279977346,0.006999999999999999,index_dividend_yield,0.065,13.11,30,56007.65,56368.7,55812.2,55794.75,mid_price,no_nse_iv
2026-09-16T08:50:21.908876+00:00,2026-09-16T14:20:21.908876+05:30,BANKNIFTY,29-Sep-2026,61800.0,PE,56283.35,5053.15,300,5724.65,300,0.0,5388.9,0,0,0,0,0,,,,,,,,,,,,,,,0.035748924756595635,,,,,,13.11,30,56007.65,56368.7,55812.2,55794.75,mid_price,no_price_available
2026-09-16T08:50:21.908876+00:00,2026-09-16T14:20:21.908876+05:30,BANKNIFTY,29-Sep-2026,61900.0,CE,56283.35,3,600,21.95,570,0.0,12.475,0,0,0,0,0,,,,,,,,,,,,,,,0.035748924756595635,56467.2,0.09122468279977346,0.006999999999999999,index_dividend_yield,0.065,13.11,30,56007.65,56368.7,55812.2,55794.75,mid_price,no_nse_iv
2026-09-16T08:50:21.908876+00:00,2026-09-16T14:20:21.908876+05:30,BANKNIFTY,29-Sep-2026,61900.0,PE,56283.35,5094.7,300,5848.75,300,0.0,5471.725,0,0,0,0,0,,,,,,,,,,,,,,,0.035748924756595635,,,,,,13.11,30,56007.65,56368.7,55812.2,55794.75,mid_price,no_price_available
2026-09-16T08:50:21.908876+00:00,2026-09-16T14:20:21.908876+05:30,BANKNIFTY,29-Sep-2026,62000.0,CE,56283.35,4.7,60,4.8,210,4.8,4.75,13918,-1246,6605,-40.74074074074074,20.13,0.006789619262063029,8.854682626490524e-06,-1.616922341008025,2.0185505788509643,0.23615548229740907,-0.0018997935314506078,62.024512207775715,1.0121754924092377e-08,0.0002280875047070387,-1.8488610326751093e-06,-0.5763397893740079,81.61973034132815,-0.006088073069072717,7.297086565722338e-06,0.035748924756595635,56467.2,0.09122468279977346,0.006999999999999999,index_dividend_yield,0.065,13.11,30,56007.65,56368.7,55812.2,55794.75,mid_price,ok
2026-09-16T08:50:21.908876+00:00,2026-09-16T14:20:21.908876+05:30,BANKNIFTY,29-Sep-2026,62000.0,PE,56283.35,5464.4,30,5525,30,5756.55,5494.7,2924,-6,9,-3.573761704551165,38.91,,,,,,,,,,,,,,,0.035748924756595635,,,,,,13.11,30,56007.65,56368.7,55812.2,55794.75,mid_price,no_price_available
2026-09-16T08:50:21.908876+00:00,2026-09-16T14:20:21.908876+05:30,BANKNIFTY,29-Sep-2026,62100.0,CE,56283.35,2.6,600,22,450,0.0,12.3,0,0,0,0,0,,,,,,,,,,,,,,,0.035748924756595635,56467.2,0.09122468279977346,0.006999999999999999,index_dividend_yield,0.065,13.11,30,56007.65,56368.7,55812.2,55794.75,mid_price,no_nse_iv
2026-09-16T08:50:21.908876+00:00,2026-09-16T14:20:21.908876+05:30,BANKNIFTY,29-Sep-2026,62100.0,PE,56283.35,5288.4,300,6055.2,300,0.0,5671.799999999999,0,0,0,0,0,,,,,,,,,,,,,,,0.035748924756595635,,,,,,13.11,30,56007.65,56368.7,55812.2,55794.75,mid_price,no_price_available
2026-09-16T08:50:21.908876+00:00,2026-09-16T14:20:21.908876+05:30,BANKNIFTY,29-Sep-2026,62200.0,CE,56283.35,2.6,600,20.9,600,0.0,11.75,0,0,0,0,0,,,,,,,,,,,,,,,0.035748924756595635,56467.2,0.09122468279977346,0.006999999999999999,index_dividend_yield,0.065,13.11,30,56007.65,56368.7,55812.2,55794.75,mid_price,no_nse_iv
2026-09-16T08:50:21.908876+00:00,2026-09-16T14:20:21.908876+05:30,BANKNIFTY,29-Sep-2026,62200.0,PE,56283.35,5483.15,300,6129.35,300,0.0,5806.25,0,0,0,0,0,,,,,,,,,,,,,,,0.035748924756595635,,,,,,13.11,30,56007.65,56368.7,55812.2,55794.75,mid_price,no_price_available
2026-09-16T08:50:21.908876+00:00,2026-09-16T14:20:21.908876+05:30,BANKNIFTY,29-Sep-2026,62300.0,CE,56283.35,2.6,600,20.95,570,0.0,11.775,0,0,0,0,0,,,,,,,,,,,,,,,0.035748924756595635,56467.2,0.09122468279977346,0.006999999999999999,index_dividend_yield,0.065,13.11,30,56007.65,56368.7,55812.2,55794.75,mid_price,no_nse_iv
2026-09-16T08:50:21.908876+00:00,2026-09-16T14:20:21.908876+05:30,BANKNIFTY,29-Sep-2026,62300.0,PE,56283.35,5472.75,300,6255.35,300,0.0,5864.05,0,0,0,0,0,,,,,,,,,,,,,,,0.035748924756595635,,,,,,13.11,30,56007.65,56368.7,55812.2,55794.75,mid_price,no_price_available
2026-09-16T08:50:21.908876+00:00,2026-09-16T14:20:21.908876+05:30,BANKNIFTY,29-Sep-2026,62400.0,CE,56283.35,2.6,600,20.95,570,0.0,11.775,0,0,0,0,0,,,,,,,,,,,,,,,0.035748924756595635,56467.2,0.09122468279977346,0.006999999999999999,index_dividend_yield,0.065,13.11,30,56007.65,56368.7,55812.2,55794.75,mid_price,no_nse_iv
2026-09-16T08:50:21.908876+00:00,2026-09-16T14:20:21.908876+05:30,BANKNIFTY,29-Sep-2026,62400.0,PE,56283.35,5565.95,300,6352.95,300,0.0,5959.45,0,0,0,0,0,,,,,,,,,,,,,,,0.035748924756595635,,,,,,13.11,30,56007.65,56368.7,55812.2,55794.75,mid_price,no_price_available
2026-09-16T08:50:21.908876+00:00,2026-09-16T14:20:21.908876+05:30,BANKNIFTY,29-Sep-2026,62500.0,CE,56283.35,4.2,120,4.4,150,4.15,4.300000000000001,3132,-161,693,-43.53741496598639,21.37,0.005842694403577954,7.3023390122712776e-06,-1.4986365728220552,1.76721494216267,0.1990795570372848,-0.0016947072919955416,53.41603081623458,8.025596082550098e-09,0.00018654603503739443,-1.5984339168061994e-06,-0.5224616285839807,78.0654918151678,-0.005194143541151151,5.921910429701636e-06,0.035748924756595635,56467.2,0.09122468279977346,0.006999999999999999,index_dividend_yield,0.065,13.11,30,56007.65,56368.7,55812.2,55794.75,mid_price,ok
2026-09-16T08:50:21.908876+00:00,2026-09-16T14:20:21.908876+05:30,BANKNIFTY,29-Sep-2026,62500.0,PE,56283.35,5881.7,300,6115.8,30,0.0,5998.75,106,0,0,0,0,,,,,,,,,,,,,,,0.035748924756595635,,,,,,13.11,30,56007.65,56368.7,55812.2,55794.75,mid_price,no_price_available
2026-09-16T08:50:21.908876+00:00,2026-09-16T14:20:21.908876+05:30,BANKNIFTY,29-Sep-2026,62600.0,CE,56283.35,3.15,300,20.95,570,0.0,12.049999999999999,0,0,0,0,0,,,,,,,,,,,,,,,0.035748924756595635,56467.2,0.09122468279977346,0.006999999999999999,index_dividend_yield,0.065,13.11,30,56007.65,56368.7,55812.2,55794.75,mid_price,no_nse_iv
2026-09-16T08:50:21.908876+00:00,2026-09-16T14:20:21.908876+05:30,BANKNIFTY,29-Sep-2026,62600.0,PE,56283.35,5730.3,300,6595.55,870,0.0,6162.925,0,0,0,0,0,,,,,,,,,,,,,,,0.035748924756595635,,,,,,13.11,30,56007.65,56368.7,55812.2,55794.75,mid_price,no_price_available
2026-09-16T08:50:21.908876+00:00,2026-09-16T14:20:21.908876+05:30,BANKNIFTY,29-Sep-2026,62700.0,CE,56283.35,3.15,300,19.95,570,0.0,11.549999999999999,0,0,0,0,0,,,,,,,,,,,,,,,0.035748924756595635,56467.2,0.09122468279977346,0.006999999999999999,index_dividend_yield,0.065,13.11,30,56007.65,56368.7,55812.2,55794.75,mid_price,no_nse_iv
2026-09-16T08:50:21.908876+00:00,2026-09-16T14:20:21.908876+05:30,BANKNIFTY,29-Sep-2026,62700.0,PE,56283.35,5975.5,300,6642,300,0.0,6308.75,0,0,0,0,0,,,,,,,,,,,,,,,0.035748924756595635,,,,,,13.11,30,56007.65,56368.7,55812.2,55794.75,mid_price,no_price_available
2026-09-16T08:50:21.908876+00:00,2026-09-16T14:20:21.908876+05:30,BANKNIFTY,29-Sep-2026,62800.0,CE,56283.35,3.15,300,19.95,570,0.0,11.549999999999999,0,0,0,0,0,,,,,,,,,,,,,,,0.035748924756595635,56467.2,0.09122468279977346,0.006999999999999999,index_dividend_yield,0.065,13.11,30,56007.65,56368.7,55812.2,55794.75,mid_price,no_nse_iv
2026-09-16T08:50:21.908876+00:00,2026-09-16T14:20:21.908876+05:30,BANKNIFTY,29-Sep-2026,62800.0,PE,56283.35,5944.6,300,6765.55,300,0.0,6355.075000000001,0,0,0,0,0,,,,,,,,,,,,,,,0.035748924756595635,,,,,,13.11,30,56007.65,56368.7,55812.2,55794.75,mid_price,no_price_available
2026-09-16T08:50:21.908876+00:00,2026-09-16T14:20:21.908876+05:30,BANKNIFTY,29-Sep-2026,62900.0,CE,56283.35,3.15,300,19.95,570,0.0,11.549999999999999,0,0,0,0,0,,,,,,,,,,,,,,,0.035748924756595635,56467.2,0.09122468279977346,0.006999999999999999,index_dividend_yield,0.065,13.11,30,56007.65,56368.7,55812.2,55794.75,mid_price,no_nse_iv
2026-09-16T08:50:21.908876+00:00,2026-09-16T14:20:21.908876+05:30,BANKNIFTY,29-Sep-2026,62900.0,PE,56283.35,6137.85,300,6868.75,300,0.0,6503.3,0,0,0,0,0,,,,,,,,,,,,,,,0.035748924756595635,,,,,,13.11,30,56007.65,56368.7,55812.2,55794.75,mid_price,no_price_available
2026-09-16T08:50:21.908876+00:00,2026-09-16T14:20:21.908876+05:30,BANKNIFTY,29-Sep-2026,63000.0,CE,56283.35,3.15,180,3.3,150,3.2,3.2249999999999996,8606,260,2926,-41.81818181818182,22.12,0.004330692219281027,5.403366030687248e-06,-1.185458597084657,1.3535439820643396,0.15335141014582435,-0.0013476784983508933,42.83760272521542,5.977631089717554e-09,0.000146576785511704,-1.295018220411032e-06,-0.4283662081116615,77.58014914114221,-0.0038191112258394644,4.312639605730168e-06,0.035748924756595635,56467.2,0.09122468279977346,0.006999999999999999,index_dividend_yield,0.065,13.11,30,56007.65,56368.7,55812.2,55794.75,mid_price,ok
2026-09-16T08:50:21.908876+00:00,2026-09-16T14:20:21.908876+05:30,BANKNIFTY,29-Sep-2026,63000.0,PE,56283.35,6481.05,30,6544.8,30,6450.05,6512.925,1775,-110,126,-7.585124902392022,0,,,,,,,,,,,,,,,0.035748924756595635,,,,,,13.11,30,56007.65,56368.7,55812.2,55794.75,mid_price,no_price_available
2026-09-16T08:50:21.908876+00:00,2026-09-16T14:20:21.908876+05:30,BANKNIFTY,29-Sep-2026,63100.0,CE,56283.35,2.6,3000,19.55,600,0.0,11.075000000000001,0,0,0,0,0,,,,,,,,,,,,,,,0.035748924756595635,56467.2,0.09122468279977346,0.006999999999999999,index_dividend_yield,0.065,13.11,30,56007.65,56368.7,55812.2,55794.75,mid_price,no_nse_iv
2026-09-16T08:50:21.908876+00:00,2026-09-16T14:20:21.908876+05:30,BANKNIFTY,29-Sep-2026,63100.0,PE,56283.35,5961.55,300,7041.65,300,0.0,6501.6,0,0,0,0,0,,,,,,,,,,,,,,,0.035748924756595635,,,,,,13.11,30,56007.65,56368.7,55812.2,55794.75,mid_price,no_price_available
2026-09-16T08:50:21.908876+00:00,2026-09-16T14:20:21.908876+05:30,BANKNIFTY,29-Sep-2026,63200.0,CE,56283.35,3.45,30,4.7,30,4.5,4.075,28,5,6,-14.285714285714286,23.53,0.005598402400004161,6.385282604893329e-06,-1.583408764943125,1.701472413115831,0.1753745121134101,-0.001637596479228915,47.33556535625194,6.393669923251563e-09,0.00015050108157518713,-1.4134405787906387e-06,-0.5072323586687857,71.27337582406858,-0.004915757600369669,5.0641416454878805e-06,0.035748924756595635,56467.2,0.09122468279977346,0.006999999999999999,index_dividend_yield,0.065,13.11,30,56007.65,56368.7,55812.2,55794.75,mid_price,wide_quote_low_liquidity
2026-09-16T08:50:21.908876+00:00,2026-09-16T14:20:21.908876+05:30,BANKNIFTY,29-Sep-2026,63200.0,PE,56283.35,6316.55,300,7159.7,300,0.0,6738.125,0,0,0,0,0,,,,,,,,,,,,,,,0.035748924756595635,,,,,,13.11,30,56007.65,56368.7,55812.2,55794.75,mid_price,no_price_available
2026-09-16T08:50:21.908876+00:00,2026-09-16T14:20:21.908876+05:30,BANKNIFTY,29-Sep-2026,63300.0,CE,56283.35,2.9,120,4.6,150,3.6,3.75,14,0,3,-52.94117647058823,23.25,0.004613350818266459,5.439398038727185e-06,-1.3165808596028648,1.432176881759382,0.15324668139492498,-0.0014134024616427052,42.45623390176356,5.666507341077569e-09,0.00013784997187280676,-1.2780479940374165e-06,-0.44648900720415896,73.43133994413213,-0.004046110848433579,4.300344992811798e-06,0.035748924756595635,56467.2,0.09122468279977346,0.006999999999999999,index_dividend_yield,0.065,13.11,30,56007.65,56368.7,55812.2,55794.75,mid_price,wide_quote_low_liquidity
2026-09-16T08:50:21.908876+00:00,2026-09-16T14:20:21.908876+05:30,BANKNIFTY,29-Sep-2026,63300.0,PE,56283.35,6493.25,300,7202.95,300,0.0,6848.1,0,0,0,0,0,,,,,,,,,,,,,,,0.035748924756595635,,,,,,13.11,30,56007.65,56368.7,55812.2,55794.75,mid_price,no_price_available
2026-09-16T08:50:21.908876+00:00,2026-09-16T14:20:21.908876+05:30,BANKNIFTY,29-Sep-2026,63400.0,CE,56283.35,2.3,600,19.85,570,0.0,11.075000000000001,0,0,0,0,0,,,,,,,,,,,,,,,0.035748924756595635,56467.2,0.09122468279977346,0.006999999999999999,index_dividend_yield,0.065,13.11,30,56007.65,56368.7,55812.2,55794.75,mid_price,no_nse_iv
2026-09-16T08:50:21.908876+00:00,2026-09-16T14:20:21.908876+05:30,BANKNIFTY,29-Sep-2026,63400.0,PE,56283.35,6501.05,300,7378.9,300,0.0,6939.975,0,0,0,0,0,,,,,,,,,,,,,,,0.035748924756595635,,,,,,13.11,30,56007.65,56368.7,55812.2,55794.75,mid_price,no_price_available
2026-09-16T08:50:21.908876+00:00,2026-09-16T14:20:21.908876+05:30,BANKNIFTY,29-Sep-2026,63500.0,CE,56283.35,3.1,30,3.35,30,3.3,3.225,1316,63,269,-30.526315789473685,23.52,0.0040956673496124205,4.8343629932509265e-06,-1.1965862506905545,1.2876547541699765,0.13831338583087607,-0.001289380914706591,38.91573956396488,5.057545971317764e-09,0.00012554759068145362,-1.1760207565705976e-06,-0.4121562596888855,73.3854012907014,-0.0035807351748678626,3.7979713462398407e-06,0.035748924756595635,56467.2,0.09122468279977346,0.006999999999999999,index_dividend_yield,0.065,13.11,30,56007.65,56368.7,55812.2,55794.75,mid_price,ok
2026-09-16T08:50:21.908876+00:00,2026-09-16T14:20:21.908876+05:30,BANKNIFTY,29-Sep-2026,63500.0,PE,56283.35,6606.05,300,7275.25,330,0.0,6940.65,4,0,0,0,20.49,,,,,,,,,,,,,,,0.035748924756595635,,,,,,13.11,30,56007.65,56368.7,55812.2,55794.75,mid_price,no_price_available
2026-09-16T08:50:21.908876+00:00,2026-09-16T14:20:21.908876+05:30,BANKNIFTY,29-Sep-2026,63600.0,CE,56283.35,2.2,600,20,450,0.0,11.1,0,0,0,0,0,,,,,,,,,,,,,,,0.035748924756595635,56467.2,0.09122468279977346,0.006999999999999999,index_dividend_yield,0.065,13.11,30,56007.65,56368.7,55812.2,55794.75,mid_price,no_nse_iv
2026-09-16T08:50:21.908876+00:00,2026-09-16T14:20:21.908876+05:30,BANKNIFTY,29-Sep-2026,63600.0,PE,56283.35,6690.85,300,7552.6,300,0.0,7121.725,0,0,0,0,0,,,,,,,,,,,,,,,0.035748924756595635,,,,,,13.11,30,56007.65,56368.7,55812.2,55794.75,mid_price,no_price_available
2026-09-16T08:50:21.908876+00:00,2026-09-16T14:20:21.908876+05:30,BANKNIFTY,29-Sep-2026,63700.0,CE,56283.35,2.2,600,19.85,570,0.0,11.025,0,0,0,0,0,,,,,,,,,,,,,,,0.035748924756595635,56467.2,0.09122468279977346,0.006999999999999999,index_dividend_yield,0.065,13.11,30,56007.65,56368.7,55812.2,55794.75,mid_price,no_nse_iv
2026-09-16T08:50:21.908876+00:00,2026-09-16T14:20:21.908876+05:30,BANKNIFTY,29-Sep-2026,63700.0,PE,56283.35,6798.05,300,7690.05,300,0.0,7244.05,0,0,0,0,0,,,,,,,,,,,,,,,0.035748924756595635,,,,,,13.11,30,56007.65,56368.7,55812.2,55794.75,mid_price,no_price_available
2026-09-16T08:50:21.908876+00:00,2026-09-16T14:20:21.908876+05:30,BANKNIFTY,29-Sep-2026,63800.0,CE,56283.35,3.3,30,4.5,600,4.4,3.9,29,29,125,-99.39427312775331,25.19,0.005163202701251254,5.5504527212733515e-06,-1.573753450588715,1.583359151974942,0.1542973166990644,-0.00153833173719511,42.10983853211692,5.240612754384928e-09,0.0001255790255577019,-1.2583989978322744e-06,-0.4805334932777119,67.14623307111765,-0.0044870602246581456,4.3196337721587825e-06,0.035748924756595635,56467.2,0.09122468279977346,0.006999999999999999,index_dividend_yield,0.065,13.11,30,56007.65,56368.7,55812.2,55794.75,mid_price,wide_quote_low_liquidity
2026-09-16T08:50:21.908876+00:00,2026-09-16T14:20:21.908876+05:30,BANKNIFTY,29-Sep-2026,63800.0,PE,56283.35,6860.6,300,7781.65,300,0.0,7321.125,0,0,0,0,0,,,,,,,,,,,,,,,0.035748924756595635,,,,,,13.11,30,56007.65,56368.7,55812.2,55794.75,mid_price,no_price_available
2026-09-16T08:50:21.908876+00:00,2026-09-16T14:20:21.908876+05:30,BANKNIFTY,29-Sep-2026,63900.0,CE,56283.35,2.4,300,4.75,420,2.25,3.575,121,0,20,-60.869565217391305,23.78,0.0029405146478928457,3.5506704532590354e-06,-0.8972112584695089,0.9561919386373898,0.10577281038567768,-0.0009954493887156311,31.001170910503415,3.8329372907950954e-09,0.00010018368710998608,-9.465573517122361e-07,-0.32843790672386564,74.71845354606901,-0.00255535221494931,2.7546633290615233e-06,0.035748924756595635,56467.2,0.09122468279977346,0.006999999999999999,index_dividend_yield,0.065,13.11,30,56007.65,56368.7,55812.2,55794.75,mid_price,wide_quote_low_liquidity
2026-09-16T08:50:21.908876+00:00,2026-09-16T14:20:21.908876+05:30,BANKNIFTY,29-Sep-2026,63900.0,PE,56283.35,6952.2,300,7884.45,300,0.0,7418.325,0,0,0,0,0,,,,,,,,,,,,,,,0.035748924756595635,,,,,,13.11,30,56007.65,56368.7,55812.2,55794.75,mid_price,no_price_available
2026-09-16T08:50:21.908876+00:00,2026-09-16T14:20:21.908876+05:30,BANKNIFTY,29-Sep-2026,64000.0,CE,56283.35,2.6,60,2.75,60,2.6,2.675,1668,17,452,-32.467532467532465,24.53,0.0034415118462097116,3.965617325762699e-06,-1.065780063678036,1.101618480735694,0.11600279473516811,-0.0011255905958593724,33.35903779721527,4.064063566265778e-09,0.0001039171121565463,-1.0125079489475072e-06,-0.365937457068383,71.49121158288702,-0.002984224912634473,3.0669785109738636e-06,0.035748924756595635,56467.2,0.09122468279977346,0.006999999999999999,index_dividend_yield,0.065,13.11,30,56007.65,56368.7,55812.2,55794.75,mid_price,ok
2026-09-16T08:50:21.908876+00:00,2026-09-16T14:20:21.908876+05:30,BANKNIFTY,29-Sep-2026,64000.0,PE,56283.35,7451.15,30,7514.8,30,7800,7482.975,122,-1,2,1.5625,50.86,,,,,,,,,,,,,,,0.035748924756595635,,,,,,13.11,30,56007.65,56368.7,55812.2,55794.75,mid_price,no_price_available
2026-09-16T08:50:21.908876+00:00,2026-09-16T14:20:21.908876+05:30,BANKNIFTY,29-Sep-2026,64100.0,CE,56283.35,2.05,1200,5.9,300,0.0,3.975,5,0,0,0,22.26,0.001265422174775785,1.7635224003490653e-06,-0.390368761044048,0.44455858551965965,0.05746270635405303,-0.0005061959033199406,18.463823680307993,2.2454846999344714e-09,6.531858512630639e-05,-5.768820061017946e-07,-0.17972352045912843,85.27815229419133,-0.0010980814968152796,1.3596427120965842e-06,0.035748924756595635,56467.2,0.09122468279977346,0.006999999999999999,index_dividend_yield,0.065,13.11,30,56007.65,56368.7,55812.2,55794.75,mid_price,wide_quote_low_liquidity
2026-09-16T08:50:21.908876+00:00,2026-09-16T14:20:21.908876+05:30,BANKNIFTY,29-Sep-2026,64100.0,PE,56283.35,7203.25,300,8097.15,300,0.0,7650.2,0,0,0,0,0,,,,,,,,,,,,,,,0.035748924756595635,,,,,,13.11,30,56007.65,56368.7,55812.2,55794.75,mid_price,no_price_available
2026-09-16T08:50:21.908876+00:00,2026-09-16T14:20:21.908876+05:30,BANKNIFTY,29-Sep-2026,64200.0,CE,56283.35,3.25,150,3.9,30,3.4,3.575,342,72,78,-36.44859813084112,25.62,0.00402607744705511,4.3705435502760435e-06,-1.2802997222449102,1.2680530968360948,0.12549720731625533,-0.001270729323989605,35.38731797013206,4.19558393665794e-09,0.00010490656717196108,-1.0668297017742497e-06,-0.4069413019848944,67.55000518078806,-0.0034773607084596287,3.3591181049642506e-06,0.035748924756595635,56467.2,0.09122468279977346,0.006999999999999999,index_dividend_yield,0.065,13.11,30,56007.65,56368.7,55812.2,55794.75,mid_price,wide_quote_low_liquidity
2026-09-16T08:50:21.908876+00:00,2026-09-16T14:20:21.908876+05:30,BANKNIFTY,29-Sep-2026,64200.0,PE,56283.35,7311.75,300,8193.55,300,0.0,7752.65,0,0,0,0,0,,,,,,,,,,,,,,,0.035748924756595635,,,,,,13.11,30,56007.65,56368.7,55812.2,55794.75,mid_price,no_price_available
2026-09-16T08:50:21.908876+00:00,2026-09-16T14:20:21.908876+05:30,BANKNIFTY,29-Sep-2026,64500.0,CE,56283.35,2.2,90,2.35,60,2.2,2.2750000000000004,2011,9,958,-13.72549019607843,25.59,0.0029853138278683484,3.344797949164574e-06,-0.9767583700871538,0.9693107642653424,0.09958501287187686,-0.0010062820668119334,29.135214209356274,3.340789861872159e-09,8.746381407660676e-05,-8.870030161283013e-07,-0.33158528767529527,69.41074800986397,-0.002567484504914828,2.546890870739402e-06,0.035748924756595635,56467.2,0.09122468279977346,0.006999999999999999,index_dividend_yield,0.065,13.11,30,56007.65,56368.7,55812.2,55794.75,mid_price,ok
2026-09-16T08:50:21.908876+00:00,2026-09-16T14:20:21.908876+05:30,BANKNIFTY,29-Sep-2026,64500.0,PE,56283.35,7571.95,300,8224.4,330,0.0,7898.174999999999,28,0,0,0,25.04,,,,,,,,,,,,,,,0.035748924756595635,,,,,,13.11,30,56007.65,56368.7,55812.2,55794.75,mid_price,no_price_available
2026-09-16T08:50:21.908876+00:00,2026-09-16T14:20:21.908876+05:30,BANKNIFTY,29-Sep-2026,65000.0,CE,56283.35,2.2,30,2.4,600,2.15,2.3,4184,213,822,-25.862068965517242,26.57,0.002556095937936281,2.800338785057027e-06,-0.8803709598426981,0.8426068615669072,0.08493495681890562,-0.000889762538715783,25.305448241823903,2.7420402350039726e-09,7.355930173636416e-05,-7.730127052059669e-07,-0.29742140495930136,67.76015035325271,-0.0021806535736390584,2.0996346917807077e-06,0.035748924756595635,56467.2,0.09122468279977346,0.006999999999999999,index_dividend_yield,0.065,13.11,30,56007.65,56368.7,55812.2,55794.75,mid_price,ok
2026-09-16T08:50:21.908876+00:00,2026-09-16T14:20:21.908876+05:30,BANKNIFTY,29-Sep-2026,65000.0,PE,56283.35,8426.3,30,8504,120,8550,8465.15,2246,-45,85,-3.2367587143503846,30.78,,,,,,,,,,,,,,,0.035748924756595635,,,,,,13.11,30,56007.65,56368.7,55812.2,55794.75,mid_price,no_price_available
2026-09-16T08:50:21.908876+00:00,2026-09-16T14:20:21.908876+05:30,BANKNIFTY,29-Sep-2026,65500.0,CE,56283.35,1.8,4320,2.1,120,1.8,1.9500000000000002,1539,0,360,-12.195121951219512,27.4,0.0021086481842089375,2.281282769228769e-06,-0.7617622923128811,0.7078684311914389,0.07072480142632774,-0.000763050865347238,21.534971239501044,2.2135405179835657e-09,6.107432000127494e-05,-6.606844932654223e-07,-0.2595043166361988,66.77385961705141,-0.0017848002266155302,1.6844433044919827e-06,0.035748924756595635,56467.2,0.09122468279977346,0.006999999999999999,index_dividend_yield,0.065,13.11,30,56007.65,56368.7,55812.2,55794.75,mid_price,wide_quote_low_liquidity
2026-09-16T08:50:21.908876+00:00,2026-09-16T14:20:21.908876+05:30,BANKNIFTY,29-Sep-2026,65500.0,PE,56283.35,8488.65,300,9546.95,300,0.0,9017.8,0,0,0,0,0,,,,,,,,,,,,,,,0.035748924756595635,,,,,,13.11,30,56007.65,56368.7,55812.2,55794.75,mid_price,no_price_available
2026-09-16T08:50:21.908876+00:00,2026-09-16T14:20:21.908876+05:30,BANKNIFTY,29-Sep-2026,66000.0,CE,56283.35,1.25,600,1.3,120,1.25,1.275,2511,3,681,-13.793103448275861,27.75,0.00149082986740043,1.6431567868969267e-06,-0.5622009800450067,0.5163745790118395,0.05284566570282298,-0.0005768636743929152,16.699340365348814,1.6356783493178888e-09,4.721627746238048e-05,-5.164686242457437e-07,-0.20211421488637343,67.7532297681536,-0.001252582583620801,1.1949535164065302e-06,0.035748924756595635,56467.2,0.09122468279977346,0.006999999999999999,index_dividend_yield,0.065,13.11,30,56007.65,56368.7,55812.2,55794.75,mid_price,ok
2026-09-16T08:50:21.908876+00:00,2026-09-16T14:20:21.908876+05:30,BANKNIFTY,29-Sep-2026,66000.0,PE,56283.35,9424.55,30,9505.25,30,9501.55,9464.9,401,-1,5,-2.4481519507186857,0,,,,,,,,,,,,,,,0.035748924756595635,,,,,,13.11,30,56007.65,56368.7,55812.2,55794.75,mid_price,no_price_available
2026-09-16T08:50:21.908876+00:00,2026-09-16T14:20:21.908876+05:30,BANKNIFTY,29-Sep-2026,67500.0,CE,56283.35,1.15,90,1.2,150,1.2,1.1749999999999998,2039,0,96,-4,31.33,0.0013353886619927242,1.3161784634048577e-06,-0.5723476223159071,0.46697973732617437,0.042895809576950876,-0.0005270217025126912,13.708918836273732,1.1693816112643235e-09,3.443658722144543e-05,-4.237329201203018e-07,-0.1863586631762933,60.61955730875503,-0.0010951152759826285,9.150969591928933e-07,0.035748924756595635,56467.2,0.09122468279977346,0.006999999999999999,index_dividend_yield,0.065,13.11,30,56007.65,56368.7,55812.2,55794.75,mid_price,ok
2026-09-16T08:50:21.908876+00:00,2026-09-16T14:20:21.908876+05:30,BANKNIFTY,29-Sep-2026,67500.0,PE,56283.35,10918.65,30,11002.95,30,11140,10960.8,96,0,2,3.7959115219052233,0,,,,,,,,,,,,,,,0.035748924756595635,,,,,,13.11,30,56007.65,56368.7,55812.2,55794.75,mid_price,no_price_available
2026-09-16T08:50:21.908876+00:00,2026-09-16T14:20:21.908876+05:30,BANKNIFTY,29-Sep-2026,69000.0,CE,56283.35,1.3,60,1.4,150,1.35,1.35,1037,-8,68,-22.857142857142858,35.14,0.0013425431443317565,1.1792181081923467e-06,-0.6436387283808624,0.46926564247745495,0.03850175557012776,-0.0005292579370187809,12.298028476584399,9.300342975484542e-10,2.754740292161415e-05,-3.791355718313538e-07,-0.18706936884994677,54.12750611692517,-0.0010748813101614362,7.846136076338861e-07,0.035748924756595635,56467.2,0.09122468279977346,0.006999999999999999,index_dividend_yield,0.065,13.11,30,56007.65,56368.7,55812.2,55794.75,mid_price,ok
2026-09-16T08:50:21.908876+00:00,2026-09-16T14:20:21.908876+05:30,BANKNIFTY,29-Sep-2026,69000.0,PE,56283.35,12198.35,300,12956,300,0.0,12577.175,104,0,0,0,95.45,,,,,,,,,,,,,,,0.035748924756595635,,,,,,13.11,30,56007.65,56368.7,55812.2,55794.75,mid_price,no_price_available
