fetch_ts_utc,fetch_ts_ist,symbol,expiry_date,strike,option_type,underlying_value,bid_price,bid_qty,ask_price,ask_qty,ltp,mid_price,open_interest,change_in_oi,total_traded_volume,pchange_vs_prev_close,nse_iv,delta,gamma,theta,vega,vanna,charm,vomma,speed,zomma,color,veta,omega,dual_delta,dual_gamma,time_to_expiry_years,futures_price,implied_cost_of_carry,dividend_yield_used,dividend_yield_source,risk_free_rate_used,india_vix,lot_size,underlying_day_open,underlying_day_high,underlying_day_low,underlying_prev_close,price_source_for_iv,data_quality_flag
2026-09-24T08:45:06.518072+00:00,2026-09-24T14:15:06.518072+05:30,BANKNIFTY,29-Sep-2026,43500.0,CE,55437.05,11273.75,300,12587.7,300,0.0,11930.725,0,0,0,0,0,,,,,,,,,,,,,,,0.013841117514205987,,,,,,12.82,30,55710.6,55918.4,55341.2,56548.9,mid_price,no_price_available
2026-09-24T08:45:06.518072+00:00,2026-09-24T14:15:06.518072+05:30,BANKNIFTY,29-Sep-2026,43500.0,PE,55437.05,0.3,3990,0.35,300,0.3,0.32499999999999996,5219,0,1452,20,61.24,-0.000321431057956129,2.9528886159886224e-07,-0.46332807918142027,0.07692254193775307,-0.006434154763085471,0.00038854022718294134,1.4321500260291096,-2.596792925594056e-10,5.015480406684383e-06,-3.0182219783850117e-07,-0.09415130716885954,-53.17533366850897,0.0004173400500285,4.79588516277356e-07,0.013841117514205987,55583.2,0.19021979502344927,0.0069,index_dividend_yield,0.065,12.82,30,55710.6,55918.4,55341.2,56548.9,mid_price,wide_quote_low_liquidity
2026-09-24T08:45:06.518072+00:00,2026-09-24T14:15:06.518072+05:30,BANKNIFTY,29-Sep-2026,45000.0,CE,55437.05,10524.35,30,10560.9,30,10551.95,10542.625,699,0,31,-9.506882209167703,85.13,0.9837591823534579,7.265241092532894e-06,-28.976500791714944,2.6308981995953222,-0.09669264755546303,0.00809301634034311,13.500382158504465,-2.935426745495642e-09,2.8747100478006108e-05,-2.395664769718098e-06,-1.3875973743657914,5.191315796120448,-0.9784740962326868,1.102618378093406e-05,0.013841117514205987,55583.2,0.19021979502344927,0.0069,index_dividend_yield,0.065,12.82,30,55710.6,55918.4,55341.2,56548.9,mid_price,ok
2026-09-24T08:45:06.518072+00:00,2026-09-24T14:15:06.518072+05:30,BANKNIFTY,29-Sep-2026,45000.0,PE,55437.05,0.55,150,0.95,1920,0.95,0.75,5686,-15,2559,280,56.39,-0.0007127853151768949,6.705114065667792e-07,-0.8911918597666323,0.16083465974885905,-0.013657754368510076,0.0007573467632474096,2.840993728824653,-5.981748205923926e-10,1.0654799469195369e-05,-5.890099576458071e-07,-0.17353184040366373,-54.82638335720002,0.000894120880216827,1.0176100010798688e-06,0.013841117514205987,55583.2,0.19021979502344927,0.0069,index_dividend_yield,0.065,12.82,30,55710.6,55918.4,55341.2,56548.9,mid_price,wide_quote_low_liquidity
2026-09-24T08:45:06.518072+00:00,2026-09-24T14:15:06.518072+05:30,BANKNIFTY,29-Sep-2026,46500.0,CE,55437.05,8537.7,300,9479.45,300,0.0,9008.575,1,0,0,0,65.63,0.9898908129540414,6.2338631117185155e-06,-18.43866159489385,1.7403277508471673,-0.09142224897368267,0.005895758715292322,13.867846256350624,-3.5075896754857864e-09,4.017616634890197e-05,-2.576693742668336e-06,-1.0636936335212965,6.10523302787809,-0.9868423478171224,8.860364317731954e-06,0.013841117514205987,55583.2,0.19021979502344927,0.0069,index_dividend_yield,0.065,12.82,30,55710.6,55918.4,55341.2,56548.9,mid_price,ok
2026-09-24T08:45:06.518072+00:00,2026-09-24T14:15:06.518072+05:30,BANKNIFTY,29-Sep-2026,46500.0,PE,55437.05,2.3,120,3.5,90,3.6,2.9,961,-25,640,323.52941176470586,54.21,-0.0025477235984913285,2.232888607693e-06,-2.7395376678128973,0.5148940163876129,-0.03986122850514273,0.0021180832467122004,7.281698534715941,-1.8197258443079735e-09,2.745868481228469e-05,-1.4552567304114624e-06,-0.43797573453767374,-51.71771015478571,0.003096112401032001,3.1736671451579652e-06,0.013841117514205987,55583.2,0.19021979502344927,0.0069,index_dividend_yield,0.065,12.82,30,55710.6,55918.4,55341.2,56548.9,mid_price,wide_quote_low_liquidity
2026-09-24T08:45:06.518072+00:00,2026-09-24T14:15:06.518072+05:30,BANKNIFTY,29-Sep-2026,48000.0,CE,55437.05,7509.25,30,7590.95,30,7575,7550.1,199,-15,19,-12.250725451923245,70.47,0.9630694258982765,1.7530531490485544e-05,-43.805525120476666,5.254975969918121,-0.19502221046752144,0.013456747664217956,22.750247124557088,-7.142042816571026e-09,5.101803964666553e-05,-3.499809260364038e-06,-2.0873304950615776,7.0766426551038535,-0.9551089225752875,2.3383678550167484e-05,0.013841117514205987,55583.2,0.19021979502344927,0.0069,index_dividend_yield,0.065,12.82,30,55710.6,55918.4,55341.2,56548.9,mid_price,ok
2026-09-24T08:45:06.518072+00:00,2026-09-24T14:15:06.518072+05:30,BANKNIFTY,29-Sep-2026,48000.0,PE,55437.05,3.7,30,3.8,600,3.85,3.75,2238,402,4156,208,47.02,-0.00407006951356108,3.923645482908231e-06,-3.6153970746743327,0.7847724794407291,-0.06630089538523387,0.0030484160280009657,11.442480683930278,-3.4784767934528282e-09,4.8864331906091856e-05,-2.2404663236623263e-06,-0.6038590026160656,-57.348691293186455,0.0047826467991940675,5.233684145112111e-06,0.013841117514205987,55583.2,0.19021979502344927,0.0069,index_dividend_yield,0.065,12.82,30,55710.6,55918.4,55341.2,56548.9,mid_price,ok
2026-09-24T08:45:06.518072+00:00,2026-09-24T14:15:06.518072+05:30,BANKNIFTY,29-Sep-2026,48500.0,CE,55437.05,6087.4,300,7403.5,300,0.0,6745.45,0,0,0,0,0,,,,,,,,,,,,,,,0.013841117514205987,,,,,,12.82,30,55710.6,55918.4,55341.2,56548.9,mid_price,no_price_available
2026-09-24T08:45:06.518072+00:00,2026-09-24T14:15:06.518072+05:30,BANKNIFTY,29-Sep-2026,48500.0,PE,55437.05,4,30,5.45,30,5.5,4.725,155,78,148,254.83870967741936,45.59,-0.00563379847978984,5.407499353443323e-06,-4.680970609517726,1.0486666292594342,-0.08748683256334151,0.003896084121336287,14.460271857561047,-4.734022186056854e-09,6.270363953316236e-05,-2.784325555928309e-06,-0.7478135795150406,-57.386753778260804,0.006551825964704545,7.065017187968021e-06,0.013841117514205987,55583.2,0.19021979502344927,0.0069,index_dividend_yield,0.065,12.82,30,55710.6,55918.4,55341.2,56548.9,mid_price,wide_quote_low_liquidity
2026-09-24T08:45:06.518072+00:00,2026-09-24T14:15:06.518072+05:30,BANKNIFTY,29-Sep-2026,49000.0,CE,55437.05,6498.6,30,6591,30,6775,6544.8,53,0,11,-11.783854166666666,85.54,0.9004799239363236,3.1323899688938595e-05,-103.23627784763563,11.397679751379584,-0.2419172044197393,0.02022649970066796,20.271341921274555,-7.775858163718866e-09,1.9092192291518252e-05,-1.5592554988666356e-06,-2.8207676686881316,7.396089869562662,-0.8810294875423039,4.009441564400968e-05,0.013841117514205987,55583.2,0.19021979502344927,0.0069,index_dividend_yield,0.065,12.82,30,55710.6,55918.4,55341.2,56548.9,mid_price,ok
2026-09-24T08:45:06.518072+00:00,2026-09-24T14:15:06.518072+05:30,BANKNIFTY,29-Sep-2026,49000.0,PE,55437.05,5.25,90,5.45,60,5.2,5.35,2136,677,2253,188.88888888888889,43.39,-0.006962175145761867,6.853090826549688e-06,-5.36919229457351,1.2648747338667294,-0.10763447071660513,0.004557074544589709,17.26331879025933,-6.114125843996895e-09,7.773817075420564e-05,-3.281110419826706e-06,-0.8561297122138015,-59.08966165854133,0.008010086975762824,8.771917761659241e-06,0.013841117514205987,55583.2,0.19021979502344927,0.0069,index_dividend_yield,0.065,12.82,30,55710.6,55918.4,55341.2,56548.9,mid_price,ok
2026-09-24T08:45:06.518072+00:00,2026-09-24T14:15:06.518072+05:30,BANKNIFTY,29-Sep-2026,49500.0,CE,55437.05,5312.25,300,6368.85,300,0.0,5840.55,3,0,0,0,0,,,,,,,,,,,,,,,0.013841117514205987,,,,,,12.82,30,55710.6,55918.4,55341.2,56548.9,mid_price,no_price_available
2026-09-24T08:45:06.518072+00:00,2026-09-24T14:15:06.518072+05:30,BANKNIFTY,29-Sep-2026,49500.0,PE,55437.05,5.5,60,5.65,180,5.25,5.575,606,-68,2681,156.09756097560975,40.08,-0.007284083927447395,7.720880672927484e-06,-5.156146898044779,1.3163334969110365,-0.12064073326098013,0.004712524826639021,19.22134604183301,-7.402851306585239e-09,9.347763932383077e-05,-3.6392521964630647e-06,-0.8811497742461665,-63.752689462610725,0.008285699045874314,9.684042044966839e-06,0.013841117514205987,55583.2,0.19021979502344927,0.0069,index_dividend_yield,0.065,12.82,30,55710.6,55918.4,55341.2,56548.9,mid_price,ok
2026-09-24T08:45:06.518072+00:00,2026-09-24T14:15:06.518072+05:30,BANKNIFTY,29-Sep-2026,50000.0,CE,55437.05,5550.5,30,5589.2,90,5580.5,5569.85,2242,-719,1035,-15.702416918429003,54.24,0.9516669628512663,2.8330027632016702e-05,-42.49802902042129,6.536391531667696,-0.29532326298964406,0.015614512773970054,32.0148656198862,-1.3824888814701028e-08,8.65283264462792e-05,-4.532234422257648e-06,-2.3371420769071887,9.507004539114103,-0.9441653623162918,3.482629009016537e-05,0.013841117514205987,55583.2,0.19021979502344927,0.0069,index_dividend_yield,0.065,12.82,30,55710.6,55918.4,55341.2,56548.9,mid_price,ok
2026-09-24T08:45:06.518072+00:00,2026-09-24T14:15:06.518072+05:30,BANKNIFTY,29-Sep-2026,50000.0,PE,55437.05,6.05,60,6.25,480,6.2,6.15,9387,-557,8841,217.94871794871796,37.24,-0.008279024371235677,9.300685280107176e-06,-5.355884968066935,1.4733163241781613,-0.14270356204113507,0.005172031566492046,22.303171963130364,-9.409390007700534e-09,0.00011581897385124854,-4.182199061280648e-06,-0.9541763880765568,-67.78387632801184,0.009314713778505278,1.1433393846615388e-05,0.013841117514205987,55583.2,0.19021979502344927,0.0069,index_dividend_yield,0.065,12.82,30,55710.6,55918.4,55341.2,56548.9,mid_price,ok
2026-09-24T08:45:06.518072+00:00,2026-09-24T14:15:06.518072+05:30,BANKNIFTY,29-Sep-2026,50500.0,CE,55437.05,4970.25,300,5103.95,30,5250,5037.1,1,-2,3,-22.794117647058822,67.77,0.8886506868715163,4.288771439053249e-05,-89.8365213188007,12.363509514370286,-0.3189052091828182,0.021035697555243323,25.371581424272982,-1.2600064846111677e-08,2.4727338638690598e-05,-1.562582686329378e-06,-2.8951416228317326,9.431293575709237,-0.8720929236854175,5.168331592697683e-05,0.013841117514205987,55583.2,0.19021979502344927,0.0069,index_dividend_yield,0.065,12.82,30,55710.6,55918.4,55341.2,56548.9,mid_price,ok
2026-09-24T08:45:06.518072+00:00,2026-09-24T14:15:06.518072+05:30,BANKNIFTY,29-Sep-2026,50500.0,PE,55437.05,7.15,120,7.3,150,7.3,7.225,1021,-571,6993,186.27450980392157,34.83,-0.010267473293397491,1.200574677770796e-05,-6.039561656762993,1.7787463963347248,-0.17816953682867326,0.006029286490378892,26.917111576756135,-1.2545127898753287e-08,0.00014720848335236106,-4.960683123929331e-06,-1.086915497918833,-70.89113986237844,0.011430249907457352,1.4467938253863655e-05,0.013841117514205987,55583.2,0.19021979502344927,0.0069,index_dividend_yield,0.065,12.82,30,55710.6,55918.4,55341.2,56548.9,mid_price,ok
2026-09-24T08:45:06.518072+00:00,2026-09-24T14:15:06.518072+05:30,BANKNIFTY,29-Sep-2026,50800.0,CE,55437.05,4157.7,300,5037.45,300,0.0,4597.575,0,0,0,0,0,,,,,,,,,,,,,,,0.013841117514205987,,,,,,12.82,30,55710.6,55918.4,55341.2,56548.9,mid_price,no_price_available
2026-09-24T08:45:06.518072+00:00,2026-09-24T14:15:06.518072+05:30,BANKNIFTY,29-Sep-2026,50800.0,PE,55437.05,5.4,600,8.95,240,7.8,7.175,40,20,87,358.8235294117647,33.17,-0.011346283885976118,1.3752118259524235e-05,-6.2683333741997815,1.94037848078922,-0.20086577832705876,0.006465756598787102,29.850019363257818,-1.4836526771198498e-08,0.00017009719660616458,-5.45034162920023e-06,-1.1528715156140725,-73.66984798663354,0.012550052383834784,1.6377303508323684e-05,0.013841117514205987,55583.2,0.19021979502344927,0.0069,index_dividend_yield,0.065,12.82,30,55710.6,55918.4,55341.2,56548.9,mid_price,wide_quote_low_liquidity
2026-09-24T08:45:06.518072+00:00,2026-09-24T14:15:06.518072+05:30,BANKNIFTY,29-Sep-2026,50900.0,CE,55437.05,4034.7,300,4936.25,300,0.0,4485.475,0,0,0,0,0,,,,,,,,,,,,,,,0.013841117514205987,,,,,,12.82,30,55710.6,55918.4,55341.2,56548.9,mid_price,no_price_available
2026-09-24T08:45:06.518072+00:00,2026-09-24T14:15:06.518072+05:30,BANKNIFTY,29-Sep-2026,50900.0,PE,55437.05,5.5,600,9.7,60,9.7,7.6,35,22,93,212.90322580645162,33.48,-0.013625264417551483,1.5965008652203398e-05,-7.41174167499849,2.2736624388433655,-0.22579175896461112,0.007332923078015367,32.51364209426888,-1.653017200270732e-08,0.00018061609413251803,-5.837011742875669e-06,-1.2808942883028749,-71.47846616248519,0.015047385179780402,1.8937987141404583e-05,0.013841117514205987,55583.2,0.19021979502344927,0.0069,index_dividend_yield,0.065,12.82,30,55710.6,55918.4,55341.2,56548.9,mid_price,wide_quote_low_liquidity
2026-09-24T08:45:06.518072+00:00,2026-09-24T14:15:06.518072+05:30,BANKNIFTY,29-Sep-2026,51000.0,CE,55437.05,4569.35,30,4583.85,30,4563.35,4576.6,219,-24,44,-19.800527240773288,44.7,0.9481367883467913,3.636804121913992e-05,-38.15011165669951,6.915105549952565,-0.37365517717752317,0.016221119597237262,39.672149885333404,-2.0963398851936876e-08,0.00012728504208823392,-5.458377005594093e-06,-2.404182791737953,11.571613820826073,-0.9415606328651618,4.297142760913761e-05,0.013841117514205987,55583.2,0.19021979502344927,0.0069,index_dividend_yield,0.065,12.82,30,55710.6,55918.4,55341.2,56548.9,mid_price,ok
2026-09-24T08:45:06.518072+00:00,2026-09-24T14:15:06.518072+05:30,BANKNIFTY,29-Sep-2026,51000.0,PE,55437.05,8.7,540,8.8,660,8.75,8.75,12708,1907,21364,224.07407407407408,32.54,-0.01323317872659066,1.6017252312555522e-05,-7.021493084847416,2.2170574405739942,-0.22783590869605072,0.007188371197351861,32.97722144340454,-1.714947400280066e-08,0.00018902217810493806,-5.934093717939107e-06,-1.2598224327415102,-73.81805526843479,0.014579342205179214,1.8925522936441212e-05,0.013841117514205987,55583.2,0.19021979502344927,0.0069,index_dividend_yield,0.065,12.82,30,55710.6,55918.4,55341.2,56548.9,mid_price,ok
2026-09-24T08:45:06.518072+00:00,2026-09-24T14:15:06.518072+05:30,BANKNIFTY,29-Sep-2026,51100.0,CE,55437.05,3714.9,300,4736.15,300,0.0,4225.525,0,0,0,0,0,,,,,,,,,,,,,,,0.013841117514205987,,,,,,12.82,30,55710.6,55918.4,55341.2,56548.9,mid_price,no_price_available
2026-09-24T08:45:06.518072+00:00,2026-09-24T14:15:06.518072+05:30,BANKNIFTY,29-Sep-2026,51100.0,PE,55437.05,8.4,150,8.75,180,8.65,8.575,191,68,154,140.27777777777777,31.77,-0.013217473681617702,1.6388635187994978e-05,-6.845572044177304,2.2147840255402342,-0.2332647686014988,0.007182173987571668,33.7700231292537,-1.7974183956005067e-08,0.00019830091049078994,-6.074538727103688e-06,-1.2589172005577385,-75.63970333046043,0.014528864190601025,1.9288622405766994e-05,0.013841117514205987,55583.2,0.19021979502344927,0.0069,index_dividend_yield,0.065,12.82,30,55710.6,55918.4,55341.2,56548.9,mid_price,ok
2026-09-24T08:45:06.518072+00:00,2026-09-24T14:15:06.518072+05:30,BANKNIFTY,29-Sep-2026,51200.0,CE,55437.05,4015.45,300,4619.7,300,0.0,4317.575,0,0,0,0,0,,,,,,,,,,,,,,,0.013841117514205987,55583.2,0.19021979502344927,0.0069,index_dividend_yield,0.065,12.82,30,55710.6,55918.4,55341.2,56548.9,mid_price,no_nse_iv
2026-09-24T08:45:06.518072+00:00,2026-09-24T14:15:06.518072+05:30,BANKNIFTY,29-Sep-2026,51200.0,PE,55437.05,8.55,120,9.05,180,10.1,8.8,56,4,205,231.14754098360655,31.68,-0.014871063405125298,1.8192833757281766e-05,-7.553654080251038,2.4516411579359216,-0.253468556525872,0.007778418591477987,35.93032315376243,-1.958687778594329e-08,0.0002092003010600544,-6.385133467744821e-06,-1.3451878131700827,-74.82289222130883,0.016316914243931703,2.1328516676871358e-05,0.013841117514205987,55583.2,0.19021979502344927,0.0069,index_dividend_yield,0.065,12.82,30,55710.6,55918.4,55341.2,56548.9,mid_price,ok
2026-09-24T08:45:06.518072+00:00,2026-09-24T14:15:06.518072+05:30,BANKNIFTY,29-Sep-2026,51300.0,CE,55437.05,3708.5,300,4520.9,300,0.0,4114.7,0,0,0,0,0,,,,,,,,,,,,,,,0.013841117514205987,,,,,,12.82,30,55710.6,55918.4,55341.2,56548.9,mid_price,no_price_available
2026-09-24T08:45:06.518072+00:00,2026-09-24T14:15:06.518072+05:30,BANKNIFTY,29-Sep-2026,51300.0,PE,55437.05,8.45,540,9.35,240,10.7,8.899999999999999,49,-3,15,311.53846153846155,31.28,-0.0158645674902924,1.9477613844050846e-05,-7.881104138516582,2.5916352329968855,-0.26816319121367865,0.008121386834547757,37.563849631948806,-2.0982391184927457e-08,0.000220045160017193,-6.626244870954283e-06,-1.3940321703221403,-75.21109995518238,0.017371898090242352,2.274580150939971e-05,0.013841117514205987,55583.2,0.19021979502344927,0.0069,index_dividend_yield,0.065,12.82,30,55710.6,55918.4,55341.2,56548.9,mid_price,ok
2026-09-24T08:45:06.518072+00:00,2026-09-24T14:15:06.518072+05:30,BANKNIFTY,29-Sep-2026,51400.0,CE,55437.05,3627.5,300,4422.55,300,0.0,4025.025,0,0,0,0,0,,,,,,,,,,,,,,,0.013841117514205987,,,,,,12.82,30,55710.6,55918.4,55341.2,56548.9,mid_price,no_price_available
2026-09-24T08:45:06.518072+00:00,2026-09-24T14:15:06.518072+05:30,BANKNIFTY,29-Sep-2026,51400.0,PE,55437.05,8.9,150,10.45,270,9.6,9.675,359,45,107,200,30.14,-0.014899358197214585,1.9153673834826554e-05,-7.191793339824387,2.4556514006844576,-0.26698744109887595,0.007786881566579015,37.833568796768134,-2.1662301821452138e-08,0.00023154642692957788,-6.7146818711503325e-06,-1.3464019681578219,-78.67506969816021,0.016273833555218963,2.2280558521627334e-05,0.013841117514205987,55583.2,0.19021979502344927,0.0069,index_dividend_yield,0.065,12.82,30,55710.6,55918.4,55341.2,56548.9,mid_price,wide_quote_low_liquidity
2026-09-24T08:45:06.518072+00:00,2026-09-24T14:15:06.518072+05:30,BANKNIFTY,29-Sep-2026,51500.0,CE,55437.05,3557.55,300,4324.25,300,0.0,3940.9,0,0,0,0,0,,,,,,,,,,,,,,,0.013841117514205987,55583.2,0.19021979502344927,0.0069,index_dividend_yield,0.065,12.82,30,55710.6,55918.4,55341.2,56548.9,mid_price,no_nse_iv
2026-09-24T08:45:06.518072+00:00,2026-09-24T14:15:06.518072+05:30,BANKNIFTY,29-Sep-2026,51500.0,PE,55437.05,10.1,270,10.2,30,10.1,10.149999999999999,3347,1631,14514,220.63492063492063,29.88,-0.016337079459863065,2.0909545709580357e-05,-7.713068083643328,2.6576425602015217,-0.28650071053139964,0.008279364254288062,39.91311590250523,-2.3443782389659572e-08,0.0002440463108792983,-7.009790016130091e-06,-1.4163467285711837,-78.50076020539271,0.0178100329611157,2.422871396929986e-05,0.013841117514205987,55583.2,0.19021979502344927,0.0069,index_dividend_yield,0.065,12.82,30,55710.6,55918.4,55341.2,56548.9,mid_price,ok
2026-09-24T08:45:06.518072+00:00,2026-09-24T14:15:06.518072+05:30,BANKNIFTY,29-Sep-2026,51600.0,CE,55437.05,3421.2,300,4213.55,300,0.0,3817.375,0,0,0,0,0,,,,,,,,,,,,,,,0.013841117514205987,,,,,,12.82,30,55710.6,55918.4,55341.2,56548.9,mid_price,no_price_available
2026-09-24T08:45:06.518072+00:00,2026-09-24T14:15:06.518072+05:30,BANKNIFTY,29-Sep-2026,51600.0,PE,55437.05,10.1,300,10.45,240,10.65,10.274999999999999,213,84,826,204.28571428571428,29.25,-0.016795366584222017,2.1871701149174817e-05,-7.727639336716122,2.7213212518748806,-0.2982042424347145,0.00843093926855595,41.327404797069754,-2.4915821477928238e-08,0.0002573802312856452,-7.230964979780699e-06,-1.4376474824885184,-79.94354030801139,0.018270007102487128,2.5245465536023894e-05,0.013841117514205987,55583.2,0.19021979502344927,0.0069,index_dividend_yield,0.065,12.82,30,55710.6,55918.4,55341.2,56548.9,mid_price,ok
2026-09-24T08:45:06.518072+00:00,2026-09-24T14:15:06.518072+05:30,BANKNIFTY,29-Sep-2026,51700.0,CE,55437.05,3210.8,300,4112.3,300,0.0,3661.55,0,0,0,0,0,,,,,,,,,,,,,,,0.013841117514205987,,,,,,12.82,30,55710.6,55918.4,55341.2,56548.9,mid_price,no_price_available
2026-09-24T08:45:06.518072+00:00,2026-09-24T14:15:06.518072+05:30,BANKNIFTY,29-Sep-2026,51700.0,PE,55437.05,10.35,90,10.65,300,10.55,10.5,171,31,478,145.34883720930233,28.72,-0.017592010175964522,2.317503815588588e-05,-7.890222732956754,2.8312373120612104,-0.31323930576992315,0.008690213303327669,43.02870662631908,-2.6644661566871085e-08,0.0002715179926938647,-7.483081943799952e-06,-1.4738385104290581,-80.97714073359481,0.019096569816207238,2.664646457395808e-05,0.013841117514205987,55583.2,0.19021979502344927,0.0069,index_dividend_yield,0.065,12.82,30,55710.6,55918.4,55341.2,56548.9,mid_price,ok
2026-09-24T08:45:06.518072+00:00,2026-09-24T14:15:06.518072+05:30,BANKNIFTY,29-Sep-2026,51800.0,CE,55437.05,2285.6,300,4015.45,300,0.0,3150.5249999999996,0,0,0,0,0,,,,,,,,,,,,,,,0.013841117514205987,,,,,,12.82,30,55710.6,55918.4,55341.2,56548.9,mid_price,no_price_available
2026-09-24T08:45:06.518072+00:00,2026-09-24T14:15:06.518072+05:30,BANKNIFTY,29-Sep-2026,51800.0,PE,55437.05,10.45,630,11.2,180,11.3,10.825,233,111,480,197.3684210526316,28.16,-0.018348177971281045,2.449952100927872e-05,-8.014885739188454,2.934685888222828,-0.32851274678247566,0.008930450554823506,44.760221966138715,-2.8487521929407874e-08,0.0002866693979439547,-7.7391437191731e-06,-1.507102385114623,-82.17883389739026,0.019875412428129166,2.806068689161897e-05,0.013841117514205987,55583.2,0.19021979502344927,0.0069,index_dividend_yield,0.065,12.82,30,55710.6,55918.4,55341.2,56548.9,mid_price,ok
2026-09-24T08:45:06.518072+00:00,2026-09-24T14:15:06.518072+05:30,BANKNIFTY,29-Sep-2026,51900.0,CE,55437.05,3077.6,330,3908.85,300,0.0,3493.225,0,0,0,0,0,,,,,,,,,,,,,,,0.013841117514205987,,,,,,12.82,30,55710.6,55918.4,55341.2,56548.9,mid_price,no_price_available
2026-09-24T08:45:06.518072+00:00,2026-09-24T14:15:06.518072+05:30,BANKNIFTY,29-Sep-2026,51900.0,PE,55437.05,11.4,90,11.55,360,11.6,11.475000000000001,192,105,364,172.94117647058823,27.66,-0.01936568010359576,2.6114405931866877e-05,-8.238085766815104,3.0725835855607486,-0.3465030776403331,0.009245959135701094,46.71206258232963,-3.0578527496797506e-08,0.000302602355378243,-8.015710418072809e-06,-1.5503996030987754,-83.1205826966594,0.02093433650603551,2.979515566452679e-05,0.013841117514205987,55583.2,0.19021979502344927,0.0069,index_dividend_yield,0.065,12.82,30,55710.6,55918.4,55341.2,56548.9,mid_price,ok
2026-09-24T08:45:06.518072+00:00,2026-09-24T14:15:06.518072+05:30,BANKNIFTY,29-Sep-2026,52000.0,CE,55437.05,3555,30,3590.25,30,3567.4,3572.625,349,-66,137,-23.528403001071812,35.28,0.9431043697251853,4.958826857097429e-05,-33.67718973967866,7.44181553755188,-0.4982749409267462,0.016973116695593565,51.41716762826975,-3.497136453946982e-08,0.0002020625177013759,-6.764094363376008e-06,-2.4855556962487007,14.78934307588359,-0.9374567028038978,5.6360194238932375e-05,0.013841117514205987,55583.2,0.19021979502344927,0.0069,index_dividend_yield,0.065,12.82,30,55710.6,55918.4,55341.2,56548.9,mid_price,ok
2026-09-24T08:45:06.518072+00:00,2026-09-24T14:15:06.518072+05:30,BANKNIFTY,29-Sep-2026,52000.0,PE,55437.05,12.1,90,12.2,420,12.15,12.149999999999999,13575,-316,35022,232.87671232876713,27.24,-0.020758122443474854,2.812572566591142e-05,-8.600456871822896,3.2589839327303736,-0.36801762313902125,0.009664012170624391,48.92375567319163,-3.296579850686347e-08,0.0003189720720803455,-8.311129324288017e-06,-1.6071018637061096,-83.6791900687476,0.022394638949374344,3.196666081157649e-05,0.013841117514205987,55583.2,0.19021979502344927,0.0069,index_dividend_yield,0.065,12.82,30,55710.6,55918.4,55341.2,56548.9,mid_price,ok
2026-09-24T08:45:06.518072+00:00,2026-09-24T14:15:06.518072+05:30,BANKNIFTY,29-Sep-2026,52100.0,CE,55437.05,3008.6,300,3723.65,300,0.0,3366.125,0,0,0,0,0,,,,,,,,,,,,,,,0.013841117514205987,55583.2,0.19021979502344927,0.0069,index_dividend_yield,0.065,12.82,30,55710.6,55918.4,55341.2,56548.9,mid_price,no_nse_iv
2026-09-24T08:45:06.518072+00:00,2026-09-24T14:15:06.518072+05:30,BANKNIFTY,29-Sep-2026,52100.0,PE,55437.05,12.35,180,12.55,30,12.3,12.45,402,107,1091,236.986301369863,26.62,-0.021499133151969874,2.9647619815533465e-05,-8.652498515714063,3.357138539358405,-0.38524686627968047,0.009878605780748693,50.84709030980572,-3.529475171982771e-08,0.00033766971992967894,-8.588108308363198e-06,-1.6359211172272472,-85.26605284679181,0.02314446286364699,3.356716087857549e-05,0.013841117514205987,55583.2,0.19021979502344927,0.0069,index_dividend_yield,0.065,12.82,30,55710.6,55918.4,55341.2,56548.9,mid_price,ok
2026-09-24T08:45:06.518072+00:00,2026-09-24T14:15:06.518072+05:30,BANKNIFTY,29-Sep-2026,52200.0,CE,55437.05,2899.55,300,3612.2,300,0.0,3255.875,0,0,0,0,0,,,,,,,,,,,,,,,0.013841117514205987,55583.2,0.19021979502344927,0.0069,index_dividend_yield,0.065,12.82,30,55710.6,55918.4,55341.2,56548.9,mid_price,no_nse_iv
2026-09-24T08:45:06.518072+00:00,2026-09-24T14:15:06.518072+05:30,BANKNIFTY,29-Sep-2026,52200.0,PE,55437.05,12.8,300,12.95,90,13,12.875,381,140,1750,271.42857142857144,26.04,-0.022453768012232096,3.1440332040591525e-05,-8.77455075579714,3.4825670250289975,-0.4049477831106086,0.010149291605715852,52.96645926729027,-3.790677513550926e-08,0.00035744017220307254,-8.881557744982185e-06,-1.6719969428986827,-86.69791008277032,0.02412123031517132,3.5460621397438885e-05,0.013841117514205987,55583.2,0.19021979502344927,0.0069,index_dividend_yield,0.065,12.82,30,55710.6,55918.4,55341.2,56548.9,mid_price,ok
2026-09-24T08:45:06.518072+00:00,2026-09-24T14:15:06.518072+05:30,BANKNIFTY,29-Sep-2026,52300.0,CE,55437.05,2821.75,300,3526.25,300,0.0,3174.0,0,0,0,0,0,,,,,,,,,,,,,,,0.013841117514205987,55583.2,0.19021979502344927,0.0069,index_dividend_yield,0.065,12.82,30,55710.6,55918.4,55341.2,56548.9,mid_price,no_nse_iv
2026-09-24T08:45:06.518072+00:00,2026-09-24T14:15:06.518072+05:30,BANKNIFTY,29-Sep-2026,52300.0,PE,55437.05,13.45,390,13.65,120,13.65,13.55,462,308,1742,320,25.65,-0.024297484562014214,3.4110007263906155e-05,-9.23070706040651,3.7216931321710756,-0.43200615990137725,0.010656210810143937,55.564841332926605,-4.1037129649374934e-08,0.0003762820928801027,-9.195624570224169e-06,-1.738737348868125,-87.12434207014073,0.02605050303773379,3.832469064421023e-05,0.013841117514205987,55583.2,0.19021979502344927,0.0069,index_dividend_yield,0.065,12.82,30,55710.6,55918.4,55341.2,56548.9,mid_price,ok
2026-09-24T08:45:06.518072+00:00,2026-09-24T14:15:06.518072+05:30,BANKNIFTY,29-Sep-2026,52400.0,CE,55437.05,2743,300,3410.8,300,0.0,3076.9,0,0,0,0,0,,,,,,,,,,,,,,,0.013841117514205987,55583.2,0.19021979502344927,0.0069,index_dividend_yield,0.065,12.82,30,55710.6,55918.4,55341.2,56548.9,mid_price,no_nse_iv
2026-09-24T08:45:06.518072+00:00,2026-09-24T14:15:06.518072+05:30,BANKNIFTY,29-Sep-2026,52400.0,PE,55437.05,14.1,90,14.35,210,14.05,14.225,558,437,1477,346.031746031746,25.16,-0.025862232435362863,3.664197052603202e-05,-9.534001422816193,3.921577819201433,-0.4578283016176809,0.01106730952977885,58.08860118768355,-4.4314385953196135e-08,0.0003971286801520236,-9.504564440526307e-06,-1.7920983889403463,-88.10242619540368,0.027671741811647676,4.1012521479330386e-05,0.013841117514205987,55583.2,0.19021979502344927,0.0069,index_dividend_yield,0.065,12.82,30,55710.6,55918.4,55341.2,56548.9,mid_price,ok
2026-09-24T08:45:06.518072+00:00,2026-09-24T14:15:06.518072+05:30,BANKNIFTY,29-Sep-2026,52500.0,CE,55437.05,2789.9,300,3230.85,300,0.0,3010.375,12,0,0,0,29.89,0.9438158676844814,5.795182314580887e-05,-29.586648896941192,7.368250767489555,-0.5870776220968099,0.016868171254116195,60.8207254704638,-4.8222827371834655e-08,0.0002844803489090585,-8.010007720469424e-06,-2.474335450366817,17.290066268165234,-0.9389755336244272,6.461728704728238e-05,0.013841117514205987,55583.2,0.19021979502344927,0.0069,index_dividend_yield,0.065,12.82,30,55710.6,55918.4,55341.2,56548.9,mid_price,ok
2026-09-24T08:45:06.518072+00:00,2026-09-24T14:15:06.518072+05:30,BANKNIFTY,29-Sep-2026,52500.0,PE,55437.05,15,900,15.15,330,14.95,15.075,9912,2717,28855,298.6666666666667,24.61,-0.02727820978629825,3.916681720893066e-05,-9.742904334083793,4.1001644380067965,-0.483657873092954,0.011424929325148535,60.63943485731959,-4.7833051642927794e-08,0.00042011201742182694,-9.818352270550381e-06,-1.8379722303200867,-89.4441204187652,0.029126293094088693,4.367167990470625e-05,0.013841117514205987,55583.2,0.19021979502344927,0.0069,index_dividend_yield,0.065,12.82,30,55710.6,55918.4,55341.2,56548.9,mid_price,ok
2026-09-24T08:45:06.518072+00:00,2026-09-24T14:15:06.518072+05:30,BANKNIFTY,29-Sep-2026,52600.0,CE,55437.05,2667.35,600,3132.2,300,0.0,2899.7749999999996,0,0,0,0,0,,,,,,,,,,,,,,,0.013841117514205987,55583.2,0.19021979502344927,0.0069,index_dividend_yield,0.065,12.82,30,55710.6,55918.4,55341.2,56548.9,mid_price,no_nse_iv
2026-09-24T08:45:06.518072+00:00,2026-09-24T14:15:06.518072+05:30,BANKNIFTY,29-Sep-2026,52600.0,PE,55437.05,15.5,150,15.7,30,15.55,15.6,720,512,2086,320.27027027027026,24.06,-0.028818098065078828,4.193674634667779e-05,-9.96285902811165,4.292019984767652,-0.5114921149591574,0.011800035238190369,63.330662073647126,-5.171041607935274e-08,0.0004444993746026582,-1.013750815465624e-05,-1.8855501923390368,-90.82253070706079,0.030706855244863808,4.658257246705308e-05,0.013841117514205987,55583.2,0.19021979502344927,0.0069,index_dividend_yield,0.065,12.82,30,55710.6,55918.4,55341.2,56548.9,mid_price,ok
2026-09-24T08:45:06.518072+00:00,2026-09-24T14:15:06.518072+05:30,BANKNIFTY,29-Sep-2026,52700.0,CE,55437.05,2553.55,300,3103.1,300,0.0,2828.325,0,0,0,0,0,,,,,,,,,,,,,,,0.013841117514205987,55583.2,0.19021979502344927,0.0069,index_dividend_yield,0.065,12.82,30,55710.6,55918.4,55341.2,56548.9,mid_price,no_nse_iv
2026-09-24T08:45:06.518072+00:00,2026-09-24T14:15:06.518072+05:30,BANKNIFTY,29-Sep-2026,52700.0,PE,55437.05,16.45,30,16.55,30,16.65,16.5,641,269,2859,338.1578947368421,23.46,-0.030226360483501327,4.474685205741419e-05,-10.098068418715307,4.465415500309643,-0.539849634935894,0.01212997611728381,66.1031644013903,-5.593496425744339e-08,0.000471672802350771,-1.0468525068700672e-05,-1.9269519340209356,-92.55245532755083,0.032139757806700635,4.9515535639743764e-05,0.013841117514205987,55583.2,0.19021979502344927,0.0069,index_dividend_yield,0.065,12.82,30,55710.6,55918.4,55341.2,56548.9,mid_price,ok
2026-09-24T08:45:06.518072+00:00,2026-09-24T14:15:06.518072+05:30,BANKNIFTY,29-Sep-2026,52800.0,CE,55437.05,2298.8,300,2998.85,300,0.0,2648.825,0,0,0,0,0,,,,,,,,,,,,,,,0.013841117514205987,55583.2,0.19021979502344927,0.0069,index_dividend_yield,0.065,12.82,30,55710.6,55918.4,55341.2,56548.9,mid_price,no_nse_iv
2026-09-24T08:45:06.518072+00:00,2026-09-24T14:15:06.518072+05:30,BANKNIFTY,29-Sep-2026,52800.0,PE,55437.05,17.5,30,17.55,30,17.45,17.525,856,697,4778,384.72222222222223,23.03,-0.03273366048702184,4.8686389538157245e-05,-10.578763377257642,4.769500374157199,-0.5762902964849548,0.012696192249626467,69.23382098548103,-6.078704811239994e-08,0.0004953319594026656,-1.076618209131003e-05,-1.9970206625641167,-93.24069955523001,0.034737114564715,5.367103226584309e-05,0.013841117514205987,55583.2,0.19021979502344927,0.0069,index_dividend_yield,0.065,12.82,30,55710.6,55918.4,55341.2,56548.9,mid_price,ok
2026-09-24T08:45:06.518072+00:00,2026-09-24T14:15:06.518072+05:30,BANKNIFTY,29-Sep-2026,52900.0,CE,55437.05,2114.1,300,2894.45,300,0.0,2504.2749999999996,0,0,0,0,0,,,,,,,,,,,,,,,0.013841117514205987,,,,,,12.82,30,55710.6,55918.4,55341.2,56548.9,mid_price,no_price_available
2026-09-24T08:45:06.518072+00:00,2026-09-24T14:15:06.518072+05:30,BANKNIFTY,29-Sep-2026,52900.0,PE,55437.05,18.45,30,18.5,120,18.45,18.475,563,290,2373,314.60674157303373,22.51,-0.03495151265529979,5.2571273660706585e-05,-10.902345390790328,5.033793244960987,-0.6123642344147522,0.013169173305253433,72.38886844030779,-6.603571465010699e-08,0.0005224676637665442,-1.1071317796864228e-05,-2.054628553571066,-94.51767646754557,0.03701528764503782,5.773476183674605e-05,0.013841117514205987,55583.2,0.19021979502344927,0.0069,index_dividend_yield,0.065,12.82,30,55710.6,55918.4,55341.2,56548.9,mid_price,ok
2026-09-24T08:45:06.518072+00:00,2026-09-24T14:15:06.518072+05:30,BANKNIFTY,29-Sep-2026,53000.0,CE,55437.05,2577,30,2596.55,30,2550,2586.775,887,-85,193,-30.738517532661543,24.49,0.945403011827482,6.914468182835755e-05,-25.353170881204406,7.203091761348105,-0.709735039886028,0.016604631362166177,74.1856754035095,-7.053407252723634e-08,0.0004298025703539034,-9.818274217429605e-06,-2.4460643235287596,20.824926555889448,-0.9413894619968327,7.56497099304238e-05,0.013841117514205987,55583.2,0.19021979502344927,0.0069,index_dividend_yield,0.065,12.82,30,55710.6,55918.4,55341.2,56548.9,mid_price,ok
2026-09-24T08:45:06.518072+00:00,2026-09-24T14:15:06.518072+05:30,BANKNIFTY,29-Sep-2026,53000.0,PE,55437.05,19.6,30,19.7,30,19.7,19.65,14680,2091,59608,347.72727272727275,22.07,-0.03791462634532424,5.73118326809097e-05,-11.413892305719015,5.380442680950071,-0.6539005568524902,0.013768249658904892,75.71579768601167,-7.186760259633477e-08,0.0005468439144967876,-1.1327004838785302e-05,-2.126392828576963,-95.27225297007676,0.04007427946655602,6.270364405832983e-05,0.013841117514205987,55583.2,0.19021979502344927,0.0069,index_dividend_yield,0.065,12.82,30,55710.6,55918.4,55341.2,56548.9,mid_price,ok
2026-09-24T08:45:06.518072+00:00,2026-09-24T14:15:06.518072+05:30,BANKNIFTY,29-Sep-2026,53100.0,CE,55437.05,2305.1,300,2820,300,0.0,2562.55,0,0,0,0,0,,,,,,,,,,,,,,,0.013841117514205987,55583.2,0.19021979502344927,0.0069,index_dividend_yield,0.065,12.82,30,55710.6,55918.4,55341.2,56548.9,mid_price,no_nse_iv
2026-09-24T08:45:06.518072+00:00,2026-09-24T14:15:06.518072+05:30,BANKNIFTY,29-Sep-2026,53100.0,PE,55437.05,21,60,21.15,120,21.5,21.075,599,324,3683,437.5,21.56,-0.040711377497283346,6.216556855426458e-05,-11.801938457914364,5.701249487134287,-0.6961724735091781,0.014297720930987497,79.11554365000839,-7.825711395309386e-08,0.0005743389271794245,-1.1583444173894008e-05,-2.1887243476406213,-96.50898801402944,0.042943582862316886,6.775808004686212e-05,0.013841117514205987,55583.2,0.19021979502344927,0.0069,index_dividend_yield,0.065,12.82,30,55710.6,55918.4,55341.2,56548.9,mid_price,ok
2026-09-24T08:45:06.518072+00:00,2026-09-24T14:15:06.518072+05:30,BANKNIFTY,29-Sep-2026,53200.0,CE,55437.05,2034.35,300,2600.8,300,0.0,2317.575,0,0,0,0,0,,,,,,,,,,,,,,,0.013841117514205987,55583.2,0.19021979502344927,0.0069,index_dividend_yield,0.065,12.82,30,55710.6,55918.4,55341.2,56548.9,mid_price,no_nse_iv
2026-09-24T08:45:06.518072+00:00,2026-09-24T14:15:06.518072+05:30,BANKNIFTY,29-Sep-2026,53200.0,PE,55437.05,22.65,150,22.8,30,22.85,22.725,837,496,7428,419.3181818181818,21.25,-0.04529584951579415,6.875195802035735e-05,-12.665792818191767,6.21463154618217,-0.7475827887486846,0.015107897697312318,82.51015488595526,-8.519912980929367e-08,0.0005892792930409284,-1.1663064064348536e-05,-2.2821015597969683,-96.33112330046303,0.047690513629561754,7.465553814047299e-05,0.013841117514205987,55583.2,0.19021979502344927,0.0069,index_dividend_yield,0.065,12.82,30,55710.6,55918.4,55341.2,56548.9,mid_price,ok
2026-09-24T08:45:06.518072+00:00,2026-09-24T14:15:06.518072+05:30,BANKNIFTY,29-Sep-2026,53300.0,CE,55437.05,2073.65,600,2438,300,0.0,2255.825,0,0,0,0,0,,,,,,,,,,,,,,,0.013841117514205987,55583.2,0.19021979502344927,0.0069,index_dividend_yield,0.065,12.82,30,55710.6,55918.4,55341.2,56548.9,mid_price,no_nse_iv
2026-09-24T08:45:06.518072+00:00,2026-09-24T14:15:06.518072+05:30,BANKNIFTY,29-Sep-2026,53300.0,PE,55437.05,24.3,120,24.7,300,24.75,24.5,518,234,3743,438.04347826086956,20.77,-0.049066832884095246,7.499772769126011e-05,-13.18270951799701,6.6260694171938495,-0.7970315496873339,0.01571475973614271,85.97609730000677,-9.284562441600198e-08,0.0006120585689993414,-1.1786348184058519e-05,-2.350505569238486,-97.33582714201133,0.05155846519877103,8.113232298411086e-05,0.013841117514205987,55583.2,0.19021979502344927,0.0069,index_dividend_yield,0.065,12.82,30,55710.6,55918.4,55341.2,56548.9,mid_price,ok
2026-09-24T08:45:06.518072+00:00,2026-09-24T14:15:06.518072+05:30,BANKNIFTY,29-Sep-2026,53400.0,CE,55437.05,2063.8,300,2320.85,300,0.0,2192.325,0,0,0,0,0,,,,,,,,,,,,,,,0.013841117514205987,55583.2,0.19021979502344927,0.0069,index_dividend_yield,0.065,12.82,30,55710.6,55918.4,55341.2,56548.9,mid_price,no_nse_iv
2026-09-24T08:45:06.518072+00:00,2026-09-24T14:15:06.518072+05:30,BANKNIFTY,29-Sep-2026,53400.0,PE,55437.05,26.3,150,26.8,390,26.9,26.55,711,231,3822,466.3157894736842,20.41,-0.05428493466997585,8.270596248739889e-05,-14.019884748447867,7.18044242927183,-0.8525775832581989,0.016485750417914117,89.22571712426696,-1.0097939037135642e-07,0.0006225199429873618,-1.1710637899589667e-05,-2.4354847144686116,-97.44954087383022,0.0569340491801169,8.913628502060351e-05,0.013841117514205987,55583.2,0.19021979502344927,0.0069,index_dividend_yield,0.065,12.82,30,55710.6,55918.4,55341.2,56548.9,mid_price,ok
2026-09-24T08:45:06.518072+00:00,2026-09-24T14:15:06.518072+05:30,BANKNIFTY,29-Sep-2026,53500.0,CE,55437.05,2062.6,30,2120.6,30,2044.5,2091.6,135,-12,58,-29.939688849290658,19.64,0.9434974889787421,8.859099599915537e-05,-22.353980021188367,7.401205237453692,-0.9027972750108026,0.016779624442323685,93.36367734985451,-1.1095411944917676e-07,0.0006664957016700766,-1.2004686036857282e-05,-2.4653476826944267,26.01018719998851,-0.9400707566865967,9.51222783932799e-05,0.013841117514205987,55583.2,0.19021979502344927,0.0069,index_dividend_yield,0.065,12.82,30,55710.6,55918.4,55341.2,56548.9,mid_price,ok
2026-09-24T08:45:06.518072+00:00,2026-09-24T14:15:06.518072+05:30,BANKNIFTY,29-Sep-2026,53500.0,PE,55437.05,28.95,90,29.05,30,29.5,29.0,12974,4159,62596,472.81553398058253,19.84,-0.05821673996914548,8.990449632732181e-05,-14.378960351395902,7.587425849662598,-0.9068104905906662,0.017006971920296057,92.84723427097808,-1.1035320206272605e-07,0.0006470369586134317,-1.1760357013354168e-05,-2.4917659040892075,-99.10768315090141,0.06093324380872553,9.653261521675013e-05,0.013841117514205987,55583.2,0.19021979502344927,0.0069,index_dividend_yield,0.065,12.82,30,55710.6,55918.4,55341.2,56548.9,mid_price,ok
2026-09-24T08:45:06.518072+00:00,2026-09-24T14:15:06.518072+05:30,BANKNIFTY,29-Sep-2026,53600.0,CE,55437.05,1868.7,300,2107.95,300,0.0,1988.3249999999998,1,0,0,0,0,,,,,,,,,,,,,,,0.013841117514205987,55583.2,0.19021979502344927,0.0069,index_dividend_yield,0.065,12.82,30,55710.6,55918.4,55341.2,56548.9,mid_price,no_nse_iv
2026-09-24T08:45:06.518072+00:00,2026-09-24T14:15:06.518072+05:30,BANKNIFTY,29-Sep-2026,53600.0,PE,55437.05,32.45,60,32.85,480,32.45,32.650000000000006,3390,3008,12717,490,19.51,-0.06492082628736073,9.954877360332917e-05,-15.373101655831924,8.261607593101534,-0.9685035520641955,0.01781833890293097,95.67753742404506,-1.197399619391604e-07,0.0006426558921432895,-1.1384301985821252e-05,-2.577394433648767,-98.92320136409728,0.0678246463473547,0.00010648944374293906,0.013841117514205987,55583.2,0.19021979502344927,0.0069,index_dividend_yield,0.065,12.82,30,55710.6,55918.4,55341.2,56548.9,mid_price,ok
2026-09-24T08:45:06.518072+00:00,2026-09-24T14:15:06.518072+05:30,BANKNIFTY,29-Sep-2026,53700.0,CE,55437.05,1668.4,300,2036.1,300,0.0,1852.25,0,0,0,0,0,,,,,,,,,,,,,,,0.013841117514205987,55583.2,0.19021979502344927,0.0069,index_dividend_yield,0.065,12.82,30,55710.6,55918.4,55341.2,56548.9,mid_price,no_nse_iv
2026-09-24T08:45:06.518072+00:00,2026-09-24T14:15:06.518072+05:30,BANKNIFTY,29-Sep-2026,53700.0,PE,55437.05,35.8,150,36.2,210,36.6,36.0,928,400,6844,536.5217391304348,19,-0.07059270307475604,0.00010905341048911317,-15.943967874282677,8.813821132641166,-1.0305780608228092,0.018414140494085948,98.89708065066749,-1.306606864023924e-07,0.0006497209912379649,-1.1098417239894427e-05,-2.6388422643547544,-100.09920553228979,0.07360422601426926,0.00011622268501544588,0.013841117514205987,55583.2,0.19021979502344927,0.0069,index_dividend_yield,0.065,12.82,30,55710.6,55918.4,55341.2,56548.9,mid_price,ok
2026-09-24T08:45:06.518072+00:00,2026-09-24T14:15:06.518072+05:30,BANKNIFTY,29-Sep-2026,53800.0,CE,55437.05,1621.7,300,1938.65,300,0.0,1780.1750000000002,0,0,0,0,0,,,,,,,,,,,,,,,0.013841117514205987,55583.2,0.19021979502344927,0.0069,index_dividend_yield,0.065,12.82,30,55710.6,55918.4,55341.2,56548.9,mid_price,no_nse_iv
2026-09-24T08:45:06.518072+00:00,2026-09-24T14:15:06.518072+05:30,BANKNIFTY,29-Sep-2026,53800.0,PE,55437.05,39.6,90,39.95,30,39.7,39.775000000000006,3926,2426,14969,530.1587301587301,18.71,-0.07936829918637611,0.00012109833111515455,-17.138662471606214,9.637920181088846,-1.0956626779784138,0.01921918614894844,100.70820501932064,-1.4093074050641484e-07,0.0006181742838119575,-1.0239158720226564e-05,-2.7198494371697666,-99.49335768721699,0.08260535072621934,0.00012858012111509093,0.013841117514205987,55583.2,0.19021979502344927,0.0069,index_dividend_yield,0.065,12.82,30,55710.6,55918.4,55341.2,56548.9,mid_price,ok
2026-09-24T08:45:06.518072+00:00,2026-09-24T14:15:06.518072+05:30,BANKNIFTY,29-Sep-2026,53900.0,CE,55437.05,1677.6,120,1741,120,0.0,1709.3,0,0,0,0,0,,,,,,,,,,,,,,,0.013841117514205987,55583.2,0.19021979502344927,0.0069,index_dividend_yield,0.065,12.82,30,55710.6,55918.4,55341.2,56548.9,mid_price,no_nse_iv
2026-09-24T08:45:06.518072+00:00,2026-09-24T14:15:06.518072+05:30,BANKNIFTY,29-Sep-2026,53900.0,PE,55437.05,44.95,30,45.2,30,45.05,45.075,2252,608,10771,593.0769230769231,18.4,-0.08900210738140377,0.0001341978625092455,-18.3332536730752,10.503518414900714,-1.1598824320004988,0.019939025428148523,101.88997254573273,-1.5155631332920767e-07,0.000572497996266424,-9.125204805198569e-06,-2.790512551693214,-98.98270984021694,0.09246496309429392,0.00014196075220927867,0.013841117514205987,55583.2,0.19021979502344927,0.0069,index_dividend_yield,0.065,12.82,30,55710.6,55918.4,55341.2,56548.9,mid_price,ok
2026-09-24T08:45:06.518072+00:00,2026-09-24T14:15:06.518072+05:30,BANKNIFTY,29-Sep-2026,54000.0,CE,55437.05,1615.65,30,1626.55,30,1631.85,1621.1,1231,20,1253,-39.62707412271777,20.2,0.8750259991855199,0.00015613983598469726,-34.26539994598581,13.41641451966183,-1.147799135726213,0.021596011186866357,86.15655794293531,-1.3758057277569036e-07,0.0002297445493427123,-3.4171252557419595e-06,-2.946917448195625,31.039153287142657,-0.8693709629036207,0.00016456081249335765,0.013841117514205987,55583.2,0.19021979502344927,0.0069,index_dividend_yield,0.065,12.82,30,55710.6,55918.4,55341.2,56548.9,mid_price,ok
2026-09-24T08:45:06.518072+00:00,2026-09-24T14:15:06.518072+05:30,BANKNIFTY,29-Sep-2026,54000.0,PE,55437.05,50.95,30,51.15,30,51.1,51.05,27501,-3470,112839,609.7222222222222,18.14,-0.10043608900336477,0.00014880525784769828,-19.71797509294153,11.482248433063498,-1.2205804979975656,0.02060381787421996,101.82027825437778,-1.6164748326065303e-07,0.0004992767210304586,-7.574659608659864e-06,-2.8545903959654804,-98.00764555230575,0.1041609474587166,0.00015683066387427703,0.013841117514205987,55583.2,0.19021979502344927,0.0069,index_dividend_yield,0.065,12.82,30,55710.6,55918.4,55341.2,56548.9,mid_price,ok
2026-09-24T08:45:06.518072+00:00,2026-09-24T14:15:06.518072+05:30,BANKNIFTY,29-Sep-2026,54100.0,CE,55437.05,1492.45,150,1550.4,150,0.0,1521.4250000000002,0,0,0,0,0,,,,,,,,,,,,,,,0.013841117514205987,55583.2,0.19021979502344927,0.0069,index_dividend_yield,0.065,12.82,30,55710.6,55918.4,55341.2,56548.9,mid_price,no_nse_iv
2026-09-24T08:45:06.518072+00:00,2026-09-24T14:15:06.518072+05:30,BANKNIFTY,29-Sep-2026,54100.0,PE,55437.05,57.9,60,58.5,630,59,58.2,1383,-236,15137,730.9859154929577,17.79,-0.1121026373182173,0.00016426908167173368,-20.886376891327025,12.430916723016816,-1.2796750171906595,0.021087379144318987,101.43770007041475,-1.7263438939270651e-07,0.0004171216790387045,-5.857392917360181e-06,-2.9012879195024652,-97.67318804069775,0.11604928619091737,0.00017248904704238784,0.013841117514205987,55583.2,0.19021979502344927,0.0069,index_dividend_yield,0.065,12.82,30,55710.6,55918.4,55341.2,56548.9,mid_price,ok
2026-09-24T08:45:06.518072+00:00,2026-09-24T14:15:06.518072+05:30,BANKNIFTY,29-Sep-2026,54200.0,CE,55437.05,1409.65,150,1456.9,150,0.0,1433.275,1,0,0,0,0,,,,,,,,,,,,,,,0.013841117514205987,55583.2,0.19021979502344927,0.0069,index_dividend_yield,0.065,12.82,30,55710.6,55918.4,55341.2,56548.9,mid_price,no_nse_iv
2026-09-24T08:45:06.518072+00:00,2026-09-24T14:15:06.518072+05:30,BANKNIFTY,29-Sep-2026,54200.0,PE,55437.05,65.75,60,66,60,66.3,65.875,2573,1082,20509,766.6666666666666,17.52,-0.12626227186186523,0.00018141389546207166,-22.31607401755164,13.519979417950829,-1.329391086221078,0.021458801466846852,99.20673967408166,-1.8199653389860009e-07,0.0002957560414120348,-3.556671448211901e-06,-2.9389112364325043,-96.62897474722968,0.1304805509178895,0.00018978950785749683,0.013841117514205987,55583.2,0.19021979502344927,0.0069,index_dividend_yield,0.065,12.82,30,55710.6,55918.4,55341.2,56548.9,mid_price,ok
2026-09-24T08:45:06.518072+00:00,2026-09-24T14:15:06.518072+05:30,BANKNIFTY,29-Sep-2026,54300.0,CE,55437.05,1316.55,150,1361.7,150,0.0,1339.125,7,0,0,0,24.09,0.7803912724752903,0.00018820735571586092,-52.62247941926132,19.286115914761346,-0.9150181208444352,0.020191856315955003,46.177640866442715,-9.4897337447076e-08,-0.0003306302542766703,8.695066746674704e-06,-2.926599065771499,31.325299847082118,-0.7712986177480137,0.00019617206223044437,0.013841117514205987,55583.2,0.19021979502344927,0.0069,index_dividend_yield,0.065,12.82,30,55710.6,55918.4,55341.2,56548.9,mid_price,ok
2026-09-24T08:45:06.518072+00:00,2026-09-24T14:15:06.518072+05:30,BANKNIFTY,29-Sep-2026,54300.0,PE,55437.05,75.1,60,75.5,120,75.05,75.3,2611,928,22436,832.2981366459627,17.2,-0.14139903943904672,0.00019974817783889546,-23.61577969832344,14.614455958649625,-1.3728033459675242,0.021617455489172977,96.16238735384108,-1.9131276877169635e-07,0.00015305305984007408,-9.477268196127447e-07,-2.9601522168325176,-95.8973316856367,0.1458653156246319,0.00020820127791704274,0.013841117514205987,55583.2,0.19021979502344927,0.0069,index_dividend_yield,0.065,12.82,30,55710.6,55918.4,55341.2,56548.9,mid_price,ok
2026-09-24T08:45:06.518072+00:00,2026-09-24T14:15:06.518072+05:30,BANKNIFTY,29-Sep-2026,54400.0,CE,55437.05,1244.05,60,1275.45,30,1276.8,1259.75,19,1,18,-44.98685854625361,17.49,0.8331751845507045,0.00021907665413906124,-35.35485840128222,16.298862226113087,-1.3524382806049395,0.021510556578292324,85.30756328893752,-1.8593872142759658e-07,-0.00010590869474207847,3.4483823247520426e-06,-2.9683016547141836,39.051437731593936,-0.8273163012535871,0.00022750896980444575,0.013841117514205987,55583.2,0.19021979502344927,0.0069,index_dividend_yield,0.065,12.82,30,55710.6,55918.4,55341.2,56548.9,mid_price,ok
2026-09-24T08:45:06.518072+00:00,2026-09-24T14:15:06.518072+05:30,BANKNIFTY,29-Sep-2026,54400.0,PE,55437.05,85.75,90,86.15,60,86.8,85.95,4831,2872,24650,880.7909604519774,17.02,-0.1602780789919975,0.00021943024560840645,-25.329236809479525,15.886470646819348,-1.3928287440766878,0.02153908098337205,90.23048998631467,-1.962313645419007e-07,-4.2907735521363014e-05,2.4292590388051925e-06,-2.9671859609724285,-93.99782099251463,0.16507115818185436,0.00022787617109861603,0.013841117514205987,55583.2,0.19021979502344927,0.0069,index_dividend_yield,0.065,12.82,30,55710.6,55918.4,55341.2,56548.9,mid_price,ok
2026-09-24T08:45:06.518072+00:00,2026-09-24T14:15:06.518072+05:30,BANKNIFTY,29-Sep-2026,54500.0,CE,55437.05,1157.6,30,1174.1,30,1170.75,1165.85,527,224,997,-45.04166177678676,19.06,0.7901818035073055,0.0002316503285039033,-42.20041192645186,18.78136688077185,-1.185855280236514,0.02036191937171311,62.440925933545444,-1.5165365283166004e-07,-0.00044521185875491813,9.716146872905288e-06,-2.929697099019649,38.77029452733393,-0.7830363174058584,0.00023968460474626017,0.013841117514205987,55583.2,0.19021979502344927,0.0069,index_dividend_yield,0.065,12.82,30,55710.6,55918.4,55341.2,56548.9,mid_price,ok
2026-09-24T08:45:06.518072+00:00,2026-09-24T14:15:06.518072+05:30,BANKNIFTY,29-Sep-2026,54500.0,PE,55437.05,97.9,30,98.3,30,98.2,98.1,17304,3224,101778,902.0408163265306,16.75,-0.17988282059835212,0.00024008792840854288,-26.75160632719658,17.10631698601,-1.4030914032141932,0.021156750172582818,83.80269240208449,-2.0092915891811016e-07,-0.0002571496818089882,6.01803858979606e-06,-2.956268169067947,-92.71451190505435,0.18494918830639928,0.00024841484403066754,0.013841117514205987,55583.2,0.19021979502344927,0.0069,index_dividend_yield,0.065,12.82,30,55710.6,55918.4,55341.2,56548.9,mid_price,ok
2026-09-24T08:45:06.518072+00:00,2026-09-24T14:15:06.518072+05:30,BANKNIFTY,29-Sep-2026,54600.0,CE,55437.05,1068.25,30,1094,30,1090,1081.125,65,16,51,-46.783839863297935,19.62,0.7596787290586168,0.00024305373976343908,-45.903436472988915,20.28489156584586,-1.0817959320649773,0.018898526413434927,49.77818776644938,-1.356937164368466e-07,-0.0006423605196677199,1.3656366184501584e-05,-2.8762054906883106,39.57863067203998,-0.7518366273978098,0.00025056317648233757,0.013841117514205987,55583.2,0.19021979502344927,0.0069,index_dividend_yield,0.065,12.82,30,55710.6,55918.4,55341.2,56548.9,mid_price,ok
2026-09-24T08:45:06.518072+00:00,2026-09-24T14:15:06.518072+05:30,BANKNIFTY,29-Sep-2026,54600.0,PE,55437.05,112.7,30,113.25,60,112.45,112.975,4767,2547,28760,981.25,16.53,-0.20228765746513971,0.0002614483295081171,-28.268217704750242,18.38358064363245,-1.3879707914574713,0.020416923003256197,75.44605499780488,-2.01665952586907e-07,-0.00050865093776894,1.0091629729835295e-05,-2.928938590851265,-90.97593573449727,0.20764646310449764,0.00026952608913285607,0.013841117514205987,55583.2,0.19021979502344927,0.0069,index_dividend_yield,0.065,12.82,30,55710.6,55918.4,55341.2,56548.9,mid_price,ok
2026-09-24T08:45:06.518072+00:00,2026-09-24T14:15:06.518072+05:30,BANKNIFTY,29-Sep-2026,54700.0,CE,55437.05,999.35,90,1005.6,90,985.95,1002.475,102,32,339,-49.50320102432779,19.27,0.7379284519037226,0.0002590821193405916,-46.838912037350624,21.236871310452567,-1.03839895526614,0.017554318853573756,43.154670133294104,-1.3316396387386696e-07,-0.0008180164945798224,1.676814021540363e-05,-2.8305272463069704,41.62877477647731,-0.7299063432682722,0.00026611111343891156,0.013841117514205987,55583.2,0.19021979502344927,0.0069,index_dividend_yield,0.065,12.82,30,55710.6,55918.4,55341.2,56548.9,mid_price,ok
2026-09-24T08:45:06.518072+00:00,2026-09-24T14:15:06.518072+05:30,BANKNIFTY,29-Sep-2026,54700.0,PE,55437.05,129.05,60,129.55,60,129.45,129.3,2509,-108,30001,1035.5263157894738,16.25,-0.2260868531236239,0.00028374089539912777,-29.523235144277347,19.613119746969524,-1.3557674180237482,0.01931842220708012,66.47261272708249,-2.0071593616335225e-07,-0.0007844307702455761,1.4387522648911022e-05,-2.88809216408264,-89.59345964362862,0.23169071643856332,0.00029143889124804475,0.013841117514205987,55583.2,0.19021979502344927,0.0069,index_dividend_yield,0.065,12.82,30,55710.6,55918.4,55341.2,56548.9,mid_price,ok
2026-09-24T08:45:06.518072+00:00,2026-09-24T14:15:06.518072+05:30,BANKNIFTY,29-Sep-2026,54800.0,CE,55437.05,914.15,30,920.4,90,909.85,917.275,156,79,498,-51.90686365198086,18.82,0.715388122121402,0.00027635126852161546,-47.360050986614105,22.123430034657602,-0.9863820204277784,0.015969524033949346,36.63164441405797,-1.301329730226429e-07,-0.0010108243053815944,1.997543682177053e-05,-2.781968064985608,44.01332214968032,-0.7072616577929823,0.0002828137817978906,0.013841117514205987,55583.2,0.19021979502344927,0.0069,index_dividend_yield,0.065,12.82,30,55710.6,55918.4,55341.2,56548.9,mid_price,ok
2026-09-24T08:45:06.518072+00:00,2026-09-24T14:15:06.518072+05:30,BANKNIFTY,29-Sep-2026,54800.0,PE,55437.05,147.65,60,148.45,60,147.65,148.05,3764,492,34365,1040.1544401544402,16.07,-0.2535376224835688,0.00030543780152599324,-30.941231655053638,20.87901669524767,-1.2837621438029634,0.017740081872466784,55.54047577889243,-1.9292615439067634e-07,-0.0010881744079923618,1.9019884786301325e-05,-2.8338224296955223,-87.41684950238012,0.25941904265548377,0.0003125805074668695,0.013841117514205987,55583.2,0.19021979502344927,0.0069,index_dividend_yield,0.065,12.82,30,55710.6,55918.4,55341.2,56548.9,mid_price,ok
2026-09-24T08:45:06.518072+00:00,2026-09-24T14:15:06.518072+05:30,BANKNIFTY,29-Sep-2026,54900.0,CE,55437.05,836.05,30,843.5,30,830.6,839.775,149,58,645,-53.327901553676284,16.96,0.7047001096869776,0.0003120090667445918,-43.86095054036639,22.509427121130624,-1.0545529679368837,0.014982482755670426,37.01524528259981,-1.5294071965512372e-07,-0.0013266199276130216,2.3629918685384138e-05,-2.753070059476485,49.49346959171441,-0.6972161922834155,0.0003181432763944755,0.013841117514205987,55583.2,0.19021979502344927,0.0069,index_dividend_yield,0.065,12.82,30,55710.6,55918.4,55341.2,56548.9,mid_price,ok
2026-09-24T08:45:06.518072+00:00,2026-09-24T14:15:06.518072+05:30,BANKNIFTY,29-Sep-2026,54900.0,PE,55437.05,168.9,30,169.65,30,169.55,169.275,2981,1321,41640,1077.4305555555557,15.81,-0.2823126855799403,0.00032774080233814105,-31.964543220666958,22.041125235480013,-1.1912982365631375,0.01576490137476304,44.74787776970501,-1.8289670051096248e-07,-0.0014076383373749107,2.3660247883996584e-05,-2.773610697195064,-85.72112739918462,0.28839996396689765,0.0003341843035265504,0.013841117514205987,55583.2,0.19021979502344927,0.0069,index_dividend_yield,0.065,12.82,30,55710.6,55918.4,55341.2,56548.9,mid_price,ok
2026-09-24T08:45:06.518072+00:00,2026-09-24T14:15:06.518072+05:30,BANKNIFTY,29-Sep-2026,55000.0,CE,55437.05,761.4,60,764.1,60,760.6,762.75,4467,1396,20924,-55.298266235674404,17.91,0.664276405670165,0.0003120954462688717,-47.87533846122168,23.776854355621968,-0.8208726670522748,0.011827489470100443,22.718754384372986,-1.1579284646033062e-07,-0.0014444015349887932,2.6637877553124364e-05,-2.680228416305277,49.516724841635046,-0.656033192844279,0.0003170752012512615,0.013841117514205987,55583.2,0.19021979502344927,0.0069,index_dividend_yield,0.065,12.82,30,55710.6,55918.4,55341.2,56548.9,mid_price,ok
2026-09-24T08:45:06.518072+00:00,2026-09-24T14:15:06.518072+05:30,BANKNIFTY,29-Sep-2026,55000.0,PE,55437.05,193.3,60,193.95,30,193.75,193.625,26749,-4405,214059,1060.179640718563,15.63,-0.3143907401752563,0.00034816950189667505,-32.996986040538324,23.148405628799065,-1.0558799774196825,0.01327513255625128,33.28781979630335,-1.6549350811343987e-07,-0.0017269402775525863,2.820328243159477e-05,-2.7096594106646013,-83.41466806651327,0.3206879635114797,0.0003537248498920202,0.013841117514205987,55583.2,0.19021979502344927,0.0069,index_dividend_yield,0.065,12.82,30,55710.6,55918.4,55341.2,56548.9,mid_price,ok
2026-09-24T08:45:06.518072+00:00,2026-09-24T14:15:06.518072+05:30,BANKNIFTY,29-Sep-2026,55100.0,CE,55437.05,689.55,30,692.7,30,687.15,691.125,487,360,2070,-58.24953671355227,17.75,0.6333819517336364,0.0003251147784880672,-48.5920312838298,24.547453635058858,-0.6787712200597151,0.009082470627056704,15.095825840994337,-9.873543652335037e-08,-0.0016317409376317906,2.9553769083684148e-05,-2.631325474119261,51.95989786308624,-0.624991998311273,0.0003291044369129444,0.013841117514205987,55583.2,0.19021979502344927,0.0069,index_dividend_yield,0.065,12.82,30,55710.6,55918.4,55341.2,56548.9,mid_price,ok
2026-09-24T08:45:06.518072+00:00,2026-09-24T14:15:06.518072+05:30,BANKNIFTY,29-Sep-2026,55100.0,PE,55437.05,220.55,30,221.4,60,221.5,220.97500000000002,4242,767,53340,1062.729658792651,15.37,-0.3479509996496112,0.0003686809239690146,-33.554464829819835,24.10437717733496,-0.8961793931060169,0.010389441434872542,22.841106770897568,-1.4483253866435047e-07,-0.00204941143695244,3.2488199284598356e-05,-2.6506543999275047,-81.55138942221284,0.3543721831952863,0.0003732052060125589,0.013841117514205987,55583.2,0.19021979502344927,0.0069,index_dividend_yield,0.065,12.82,30,55710.6,55918.4,55341.2,56548.9,mid_price,ok
2026-09-24T08:45:06.518072+00:00,2026-09-24T14:15:06.518072+05:30,BANKNIFTY,29-Sep-2026,55200.0,CE,55437.05,619.2,30,622.55,30,616.8,620.875,1111,922,6570,-59.41437736469814,16.81,0.6052960687332171,0.00035108180218755276,-47.001883877326584,25.10425930560268,-0.5666328038979596,0.006352076362521543,9.876129142144308,-8.891409672386471e-08,-0.001950474131357595,3.325776318221099e-05,-2.595293335897451,56.7503890635704,-0.5971837019929768,0.0003541036369336303,0.013841117514205987,55583.2,0.19021979502344927,0.0069,index_dividend_yield,0.065,12.82,30,55710.6,55918.4,55341.2,56548.9,mid_price,ok
2026-09-24T08:45:06.518072+00:00,2026-09-24T14:15:06.518072+05:30,BANKNIFTY,29-Sep-2026,55200.0,PE,55437.05,250.55,30,251.75,90,251.45,251.15,3437,-842,65019,1045.5580865603645,15.13,-0.3840304898837861,0.00038705285988970657,-33.86490384439601,24.9103935283943,-0.6993241336609168,0.007061816609012022,13.447246815269764,-1.1778805344129452e-07,-0.0023493300741326997,3.625593478862756e-05,-2.6014971073380755,-79.47645871285289,0.3905324178112958,0.00039038430507796687,0.013841117514205987,55583.2,0.19021979502344927,0.0069,index_dividend_yield,0.065,12.82,30,55710.6,55918.4,55341.2,56548.9,mid_price,ok
2026-09-24T08:45:06.518072+00:00,2026-09-24T14:15:06.518072+05:30,BANKNIFTY,29-Sep-2026,55300.0,CE,55437.05,554.45,30,556.35,30,550,555.4000000000001,1677,1449,12277,-60.238568588469185,17.05,0.5688231900610525,0.00035336261863871726,-48.16950574216469,25.6280975067525,-0.35368084462611415,0.0028673735822176112,4.002704603042417,-5.946935611625795e-08,-0.0020173849198176904,3.458684555178166e-05,-2.569024446684979,58.4500947466415,-0.5604770110858048,0.00035511626626529437,0.013841117514205987,55583.2,0.19021979502344927,0.0069,index_dividend_yield,0.065,12.82,30,55710.6,55918.4,55341.2,56548.9,mid_price,ok
2026-09-24T08:45:06.518072+00:00,2026-09-24T14:15:06.518072+05:30,BANKNIFTY,29-Sep-2026,55300.0,PE,55437.05,285.25,30,285.9,120,285.95,285.575,6001,1498,85900,1016.9921875,14.96,-0.42260605394561523,0.00040112843397977947,-34.01063449174793,25.526214905426443,-0.46446697079174926,0.003336685109840117,5.911234535597387,-8.37808744650347e-08,-0.002588557952082468,3.909874953917786e-05,-2.5691663806435394,-76.92611023930925,0.4291606756183353,0.00040311913104024144,0.013841117514205987,55583.2,0.19021979502344927,0.0069,index_dividend_yield,0.065,12.82,30,55710.6,55918.4,55341.2,56548.9,mid_price,ok
2026-09-24T08:45:06.518072+00:00,2026-09-24T14:15:06.518072+05:30,BANKNIFTY,29-Sep-2026,55400.0,CE,55437.05,492.85,30,494.4,60,491.9,493.625,3820,3464,30704,-63.10104268246943,16.8,0.5335775291172922,0.0003627663640625007,-47.7277570221416,25.924337908937936,-0.15291838595843377,-0.0006471546735731747,0.841727572320039,-3.320239087460129e-08,-0.0021476205232575925,3.601688819168126e-05,-2.5624378808989383,61.78538982540302,-0.5252926133828381,0.00036325174269445935,0.013841117514205987,55583.2,0.19021979502344927,0.0069,index_dividend_yield,0.065,12.82,30,55710.6,55918.4,55341.2,56548.9,mid_price,ok
2026-09-24T08:45:06.518072+00:00,2026-09-24T14:15:06.518072+05:30,BANKNIFTY,29-Sep-2026,55400.0,PE,55437.05,322.7,60,323.9,30,323.7,323.29999999999995,5864,2461,92877,956.1174551386623,14.71,-0.4626091288947996,0.00041396311671240644,-33.567363141840396,25.902739652397504,-0.20640519056330797,-0.000655194740362225,1.2621248941275809,-4.567337092586421e-08,-0.00279411836677374,4.1105298427005276e-05,-2.5599637825438357,-74.76499055672028,0.4691101572537152,0.00041451699620945003,0.013841117514205987,55583.2,0.19021979502344927,0.0069,index_dividend_yield,0.065,12.82,30,55710.6,55918.4,55341.2,56548.9,mid_price,ok
2026-09-24T08:45:06.518072+00:00,2026-09-24T14:15:06.518072+05:30,BANKNIFTY,29-Sep-2026,55500.0,CE,55437.05,434.85,30,436.05,30,433.5,435.45000000000005,17286,14274,118352,-64.49486055940046,16.54,0.49705398315612914,0.0003697736250979555,-46.898874587203615,26.016137296188557,0.06445311778752183,-0.004312904155746624,0.030545019987116007,-3.830937391781742e-09,-0.002235280082343963,3.6631412103110875e-05,-2.5772018004002857,65.40870027690765,-0.48889962391380754,0.0003689352809980215,0.013841117514205987,55583.2,0.19021979502344927,0.0069,index_dividend_yield,0.065,12.82,30,55710.6,55918.4,55341.2,56548.9,mid_price,ok
2026-09-24T08:45:06.518072+00:00,2026-09-24T14:15:06.518072+05:30,BANKNIFTY,29-Sep-2026,55500.0,PE,55437.05,364.55,120,365.55,30,365.45,365.05,18853,-2917,225845,915.1388888888889,14.54,-0.5042522859695586,0.00042062323498138327,-32.91813518757003,26.01531239949925,0.07650286033616949,-0.004826904665298025,0.05379130333160731,-2.3781226901734555e-09,-0.0028921365724492577,4.164699851912278e-05,-2.578460325340161,-72.12500736451284,0.5106637813874767,0.00041966960556217187,0.013841117514205987,55583.2,0.19021979502344927,0.0069,index_dividend_yield,0.065,12.82,30,55710.6,55918.4,55341.2,56548.9,mid_price,ok
2026-09-24T08:45:06.518072+00:00,2026-09-24T14:15:06.518072+05:30,BANKNIFTY,29-Sep-2026,55600.0,CE,55437.05,380.1,30,381.35,30,381.65,380.725,13790,13189,123366,-66.18826135105205,16.26,0.45940295975579004,0.0003742060435879539,-45.639951404541485,25.882291145979966,0.29521773797994144,-0.008054009657630458,1.9606979812554215,2.8424706033727092e-08,-0.0022731267792282933,3.632323743081798e-05,-2.6154350518859384,69.39865722948997,-0.45145619570067574,0.00037201584500341306,0.013841117514205987,55583.2,0.19021979502344927,0.0069,index_dividend_yield,0.065,12.82,30,55710.6,55918.4,55341.2,56548.9,mid_price,ok
2026-09-24T08:45:06.518072+00:00,2026-09-24T14:15:06.518072+05:30,BANKNIFTY,29-Sep-2026,55600.0,PE,55437.05,409.65,90,411,30,410.35,410.325,8836,4992,174224,848.7861271676301,14.36,-0.546788590999922,0.00042298122882590924,-31.817673614114522,25.837287285096973,0.3712785245237882,-0.009030426976341833,2.8498622019998976,4.389225607320471e-08,-0.002899033939698952,4.079844860907104e-05,-2.6266628240513503,-69.50954217129528,0.553029414652943,0.0004205055529127699,0.013841117514205987,55583.2,0.19021979502344927,0.0069,index_dividend_yield,0.065,12.82,30,55710.6,55918.4,55341.2,56548.9,mid_price,ok
2026-09-24T08:45:06.518072+00:00,2026-09-24T14:15:06.518072+05:30,BANKNIFTY,29-Sep-2026,55700.0,CE,55437.05,330.5,30,331.3,30,331.85,330.9,16667,15917,120316,-67.91239605492167,16.17,0.42188972411827186,0.0003709788620389063,-44.5019917859695,25.51705585734424,0.5225981768937071,-0.01164383507959221,6.713444442516092,6.070529789670138e-08,-0.0021967168625829027,3.4596839619371674e-05,-2.6753685052275764,72.77273297076383,-0.4141280646256608,0.00036748447654131087,0.013841117514205987,55583.2,0.19021979502344927,0.0069,index_dividend_yield,0.065,12.82,30,55710.6,55918.4,55341.2,56548.9,mid_price,ok
2026-09-24T08:45:06.518072+00:00,2026-09-24T14:15:06.518072+05:30,BANKNIFTY,29-Sep-2026,55700.0,PE,55437.05,460.35,30,461.95,30,460.6,461.15,10035,3548,146123,790.9090909090909,14.1,-0.5903100748934735,0.0004225978252786805,-30.07481758207952,25.346485548709964,0.6755129781758629,-0.013183418245554858,10.067102199124989,9.343224558083397e-08,-0.0028294304119870126,3.861414292110782e-05,-2.7050843123079997,-67.2127080208318,0.5962645773991856,0.00041861722189914265,0.013841117514205987,55583.2,0.19021979502344927,0.0069,index_dividend_yield,0.065,12.82,30,55710.6,55918.4,55341.2,56548.9,mid_price,ok
2026-09-24T08:45:06.518072+00:00,2026-09-24T14:15:06.518072+05:30,BANKNIFTY,29-Sep-2026,55800.0,CE,55437.05,285.85,30,286.7,60,284.5,286.275,15675,11970,98944,-70.0982710599611,15.9,0.3833824680793015,0.0003681240313408026,-42.51424279250866,24.8978974236799,0.7568459885091416,-0.015170248328155946,14.63707923802815,9.545695986047559e-08,-0.002098901763812323,3.2143353610386923e-05,-2.7578475017895254,77.26595092727965,-0.3759591833638815,0.0003633506950195701,0.013841117514205987,55583.2,0.19021979502344927,0.0069,index_dividend_yield,0.065,12.82,30,55710.6,55918.4,55341.2,56548.9,mid_price,ok
2026-09-24T08:45:06.518072+00:00,2026-09-24T14:15:06.518072+05:30,BANKNIFTY,29-Sep-2026,55800.0,PE,55437.05,516.4,90,518.25,60,518.2,517.325,9844,-276,101547,737.156704361874,13.88,-0.6338449705584582,0.00041558805565699794,-28.01693252854252,24.537137855759497,0.9718763034763378,-0.01705081931152467,21.692920831092977,1.4329538966253614e-07,-0.002626843893795567,3.474097137545061e-05,-2.808882691601984,-64.69004619585206,0.6394565902705817,0.0004101992698352394,0.013841117514205987,55583.2,0.19021979502344927,0.0069,index_dividend_yield,0.065,12.82,30,55710.6,55918.4,55341.2,56548.9,mid_price,ok
2026-09-24T08:45:06.518072+00:00,2026-09-24T14:15:06.518072+05:30,BANKNIFTY,29-Sep-2026,55900.0,CE,55437.05,245.05,60,245.95,60,245.65,245.5,11071,9108,60155,-71.3494285047819,15.8,0.346450401441867,0.00035807520707073937,-40.64775872372288,24.065933836987615,0.9655294793869396,-0.018273701651332144,24.86452876071432,1.2650331002262276e-07,-0.0018963962683691215,2.847463724036717e-05,-2.852628073421833,81.08562240125907,-0.33934392079413306,0.0003521687855964097,0.013841117514205987,55583.2,0.19021979502344927,0.0069,index_dividend_yield,0.065,12.82,30,55710.6,55918.4,55341.2,56548.9,mid_price,ok
2026-09-24T08:45:06.518072+00:00,2026-09-24T14:15:06.518072+05:30,BANKNIFTY,29-Sep-2026,55900.0,PE,55437.05,575.75,90,578.3,30,579,577.025,7722,1644,58075,666.3798808735936,13.65,-0.6770875433713721,0.00040313619724036874,-25.539988689385467,23.407542785612744,1.2510868560447475,-0.02049521595096885,37.51603867631559,1.9229307434069461e-07,-0.0023073346849179937,2.935779462544809e-05,-2.9308214509321653,-62.170401086005015,0.6822807106964522,0.0003964864983909599,0.013841117514205987,55583.2,0.19021979502344927,0.0069,index_dividend_yield,0.065,12.82,30,55710.6,55918.4,55341.2,56548.9,mid_price,ok
2026-09-24T08:45:06.518072+00:00,2026-09-24T14:15:06.518072+05:30,BANKNIFTY,29-Sep-2026,56000.0,CE,55437.05,208.45,30,209,30,209.85,208.725,36990,25424,213938,-72.80502818635392,15.66,0.3100804209888283,0.0003454369715066193,-38.36436049224386,23.01081256592292,1.1579719896495089,-0.021013471483524514,37.4263608493699,1.5614102747931817e-07,-0.001644048739443823,2.401835057125961e-05,-2.956672073465851,85.33577432320607,-0.30336615911918957,0.0003385267464224046,0.013841117514205987,55583.2,0.19021979502344927,0.0069,index_dividend_yield,0.065,12.82,30,55710.6,55918.4,55341.2,56548.9,mid_price,ok
2026-09-24T08:45:06.518072+00:00,2026-09-24T14:15:06.518072+05:30,BANKNIFTY,29-Sep-2026,56000.0,PE,55437.05,638.05,30,639.85,30,641.85,638.95,25583,-8917,139005,605.717427157779,13.4,-0.7196470620316061,0.0003853237411309264,-22.658677495026804,21.96352012102695,1.5022928180577488,-0.023361492444330816,57.02732258794896,2.3891389937639547e-07,-0.001875104533749229,2.260730149857678e-05,-3.059823494741225,-59.68567894881389,0.7243487554448435,0.00037761560910935056,0.013841117514205987,55583.2,0.19021979502344927,0.0069,index_dividend_yield,0.065,12.82,30,55710.6,55918.4,55341.2,56548.9,mid_price,ok
2026-09-24T08:45:06.518072+00:00,2026-09-24T14:15:06.518072+05:30,BANKNIFTY,29-Sep-2026,56100.0,CE,55437.05,176.5,30,177.3,60,176.65,176.9,7156,4831,46736,-74.53326605636849,15.63,0.27638046990648135,0.00032811254242145804,-36.153909408548785,21.81489815303373,1.3095619272961434,-0.023172116010235642,50.69722820154787,1.7928010935389635e-07,-0.0013367374670431096,1.8994683623651785e-05,-3.056086296691219,89.02270692636446,-0.2700464831793784,0.0003204035603031083,0.013841117514205987,55583.2,0.19021979502344927,0.0069,index_dividend_yield,0.065,12.82,30,55710.6,55918.4,55341.2,56548.9,mid_price,ok
2026-09-24T08:45:06.518072+00:00,2026-09-24T14:15:06.518072+05:30,BANKNIFTY,29-Sep-2026,56100.0,PE,55437.05,705.5,30,708.6,60,713.4,707.05,4795,-2876,38158,559.6393897364771,13.08,-0.7618670899327998,0.00036276179661327954,-19.2743990736359,20.183694672335463,1.7223312106792732,-0.025534324234529608,80.04658160623102,2.838050073142503e-07,-0.0013347036888851002,1.4587705942879224e-05,-3.1832562693553577,-57.36988196657624,0.7659868664152394,0.00035423873259788426,0.013841117514205987,55583.2,0.19021979502344927,0.0069,index_dividend_yield,0.065,12.82,30,55710.6,55918.4,55341.2,56548.9,mid_price,ok
2026-09-24T08:45:06.518072+00:00,2026-09-24T14:15:06.518072+05:30,BANKNIFTY,29-Sep-2026,56200.0,CE,55437.05,148.8,120,149.5,90,148.4,149.15,11650,8212,58175,-75.63018310206093,15.48,0.2427944400923206,0.00030984093888697655,-33.374708699483,20.40239427506693,1.4458724048218297,-0.024904327939066308,65.75525922599645,2.0196573845706515e-07,-0.0010029540063585319,1.3465956896826891e-05,-3.1516864549968595,93.72696462932956,-0.2369430773896852,0.0003014854743942094,0.013841117514205987,55583.2,0.19021979502344927,0.0069,index_dividend_yield,0.065,12.82,30,55710.6,55918.4,55341.2,56548.9,mid_price,ok
2026-09-24T08:45:06.518072+00:00,2026-09-24T14:15:06.518072+05:30,BANKNIFTY,29-Sep-2026,56200.0,PE,55437.05,777.8,60,781.9,30,777,779.8499999999999,4897,-5287,31702,495.17426273458443,12.88,-0.7998583391934704,0.00033330446078874026,-16.075606338685905,18.261160299742677,1.8620073782106283,-0.026711178784715264,102.18413633262635,3.144261798986847e-07,-0.0007226082485645093,6.232121510240614e-06,-3.271804267724431,-54.685892076784775,0.8034276125724029,0.0003243162567205326,0.013841117514205987,55583.2,0.19021979502344927,0.0069,index_dividend_yield,0.065,12.82,30,55710.6,55918.4,55341.2,56548.9,mid_price,ok
2026-09-24T08:45:06.518072+00:00,2026-09-24T14:15:06.518072+05:30,BANKNIFTY,29-Sep-2026,56300.0,CE,55437.05,124.9,60,125.35,240,126.15,125.125,9735,3683,53489,-76.44697535474235,15.42,0.21240120548270996,0.0002884708044418778,-30.729619294076453,18.921589618401725,1.5356198905708134,-0.025997746010085178,79.93049879883074,2.1710888541355753e-07,-0.0006521370755067273,7.90905712004329e-06,-3.2256147835808124,97.92303282198367,-0.2070097656624558,0.00027969538446459254,0.013841117514205987,55583.2,0.19021979502344927,0.0069,index_dividend_yield,0.065,12.82,30,55710.6,55918.4,55341.2,56548.9,mid_price,ok
2026-09-24T08:45:06.518072+00:00,2026-09-24T14:15:06.518072+05:30,BANKNIFTY,29-Sep-2026,56300.0,PE,55437.05,850.8,30,855.9,60,851,853.3499999999999,5601,-5796,25318,446.03785691369904,12.86,,,,,,,,,,,,,,,0.013841117514205987,,,,,,12.82,30,55710.6,55918.4,55341.2,56548.9,mid_price,no_price_available
2026-09-24T08:45:06.518072+00:00,2026-09-24T14:15:06.518072+05:30,BANKNIFTY,29-Sep-2026,56400.0,CE,55437.05,103.3,150,103.95,150,104.2,103.625,13336,4655,57133,-77.66105691928395,15.33,0.18371413694107275,0.00026580822518221177,-27.90191544062985,17.33332779651807,1.5936761985077819,-0.026538883573569243,93.67793362645394,2.2825790488353464e-07,-0.00029729511556174956,2.3636110513630363e-06,-3.275083376663778,102.52048320078019,-0.1788160991285245,0.0002568091133662092,0.013841117514205987,55583.2,0.19021979502344927,0.0069,index_dividend_yield,0.065,12.82,30,55710.6,55918.4,55341.2,56548.9,mid_price,ok
2026-09-24T08:45:06.518072+00:00,2026-09-24T14:15:06.518072+05:30,BANKNIFTY,29-Sep-2026,56400.0,PE,55437.05,933.1,30,941.75,150,933.05,937.425,8043,-4885,25834,399.22418405564474,12.24,,,,,,,,,,,,,,,0.013841117514205987,,,,,,12.82,30,55710.6,55918.4,55341.2,56548.9,mid_price,no_price_available
2026-09-24T08:45:06.518072+00:00,2026-09-24T14:15:06.518072+05:30,BANKNIFTY,29-Sep-2026,56500.0,CE,55437.05,86.65,90,87,270,86.4,86.825,40423,10962,163139,-78.48337691445649,15.38,0.1595736317325319,0.0002421299773882248,-25.50556429262046,15.840769575024318,1.601681639587113,-0.02652727318018645,104.06350046509071,2.300312971570661e-07,1.6386113863207344e-05,-2.409349082759688e-06,-3.2908091580463736,105.94936112985718,-0.15509373334327392,0.00023310516132152713,0.013841117514205987,55583.2,0.19021979502344927,0.0069,index_dividend_yield,0.065,12.82,30,55710.6,55918.4,55341.2,56548.9,mid_price,ok
2026-09-24T08:45:06.518072+00:00,2026-09-24T14:15:06.518072+05:30,BANKNIFTY,29-Sep-2026,56500.0,PE,55437.05,1011.25,360,1015.85,390,1012.65,1013.55,21801,-10508,57938,359.1475855815008,11.38,,,,,,,,,,,,,,,0.013841117514205987,,,,,,12.82,30,55710.6,55918.4,55341.2,56548.9,mid_price,no_price_available
2026-09-24T08:45:06.518072+00:00,2026-09-24T14:15:06.518072+05:30,BANKNIFTY,29-Sep-2026,56600.0,CE,55437.05,71.6,90,72.1,30,71.85,71.85,12024,152,64025,-79.01883486640385,15.41,0.13746635334767127,0.00021871358364463508,-23.066117724944675,14.336719061678387,1.5831424302530233,-0.02608165397107228,112.72632971200468,2.2819330963319246e-07,0.0003004756446391339,-6.719604630979546e-06,-3.275496910800853,109.58440342995593,-0.13341319801852744,0.00020981818117600862,0.013841117514205987,55583.2,0.19021979502344927,0.0069,index_dividend_yield,0.065,12.82,30,55710.6,55918.4,55341.2,56548.9,mid_price,ok
2026-09-24T08:45:06.518072+00:00,2026-09-24T14:15:06.518072+05:30,BANKNIFTY,29-Sep-2026,56600.0,PE,55437.05,1099.35,30,1104.3,390,1108.75,1101.8249999999998,5579,-8058,20826,324.6457296055151,12.73,,,,,,,,,,,,,,,0.013841117514205987,,,,,,12.82,30,55710.6,55918.4,55341.2,56548.9,mid_price,no_price_available
2026-09-24T08:45:06.518072+00:00,2026-09-24T14:15:06.518072+05:30,BANKNIFTY,29-Sep-2026,56700.0,CE,55437.05,60.05,120,60.35,30,60.4,60.2,16051,1007,56584,-79.06412478336222,15.49,0.11842384070500764,0.00019616231243548132,-20.849720481469923,12.925232678235863,1.5366096406195795,-0.02529091617377035,118.54599250414832,2.2146410140737435e-07,0.0005328374548006163,-1.0235432339149818e-05,-3.2297796135053387,112.720681508621,-0.11475884414663745,0.00018752089989463097,0.013841117514205987,55583.2,0.19021979502344927,0.0069,index_dividend_yield,0.065,12.82,30,55710.6,55918.4,55341.2,56548.9,mid_price,ok
2026-09-24T08:45:06.518072+00:00,2026-09-24T14:15:06.518072+05:30,BANKNIFTY,29-Sep-2026,56700.0,PE,55437.05,1181.9,30,1193.05,120,1193.3,1187.475,7421,-2639,10193,290.15857446460683,11.92,,,,,,,,,,,,,,,0.013841117514205987,,,,,,12.82,30,55710.6,55918.4,55341.2,56548.9,mid_price,no_price_available
2026-09-24T08:45:06.518072+00:00,2026-09-24T14:15:06.518072+05:30,BANKNIFTY,29-Sep-2026,56800.0,CE,55437.05,49.95,180,50.15,60,49.85,50.05,17128,4746,53847,-79.12479061976549,15.54,0.10108064302823767,0.0001745141177649052,-18.62568284830406,11.535939247623487,1.4723914075305127,-0.024184611907589745,122.47601429957643,2.1257538938895847e-07,0.0007298830148987621,-1.3200731527928958e-05,-3.1528460480797476,116.15530560341715,-0.09780581416954981,0.0001662394595940487,0.013841117514205987,55583.2,0.19021979502344927,0.0069,index_dividend_yield,0.065,12.82,30,55710.6,55918.4,55341.2,56548.9,mid_price,ok
2026-09-24T08:45:06.518072+00:00,2026-09-24T14:15:06.518072+05:30,BANKNIFTY,29-Sep-2026,56800.0,PE,55437.05,1272.9,30,1283.1,60,1273.15,1278.0,3723,-1130,5082,256.22551762730836,0,,,,,,,,,,,,,,,0.013841117514205987,,,,,,12.82,30,55710.6,55918.4,55341.2,56548.9,mid_price,no_price_available
2026-09-24T08:45:06.518072+00:00,2026-09-24T14:15:06.518072+05:30,BANKNIFTY,29-Sep-2026,56900.0,CE,55437.05,42.35,120,42.5,30,42.3,42.425,10243,3089,43848,-78.74905802562171,15.72,0.08759519810793984,0.0001552221375925186,-16.914297182980146,10.379527438011012,1.3911202304861259,-0.023009363713055536,123.00082240501364,1.9938288375059613e-07,0.0008520921371441578,-1.5101212452572226e-05,-3.061139755060671,118.1316924639142,-0.08462060716098181,0.00014734294664681276,0.013841117514205987,55583.2,0.19021979502344927,0.0069,index_dividend_yield,0.065,12.82,30,55710.6,55918.4,55341.2,56548.9,mid_price,ok
2026-09-24T08:45:06.518072+00:00,2026-09-24T14:15:06.518072+05:30,BANKNIFTY,29-Sep-2026,56900.0,PE,55437.05,1364.4,60,1382.1,30,1384.5,1373.25,3245,-2065,4769,236.57469308374863,0,,,,,,,,,,,,,,,0.013841117514205987,,,,,,12.82,30,55710.6,55918.4,55341.2,56548.9,mid_price,no_price_available
2026-09-24T08:45:06.518072+00:00,2026-09-24T14:15:06.518072+05:30,BANKNIFTY,29-Sep-2026,57000.0,CE,55437.05,36.65,60,36.75,30,36.65,36.7,49747,7957,148788,-77.39747147702744,15.96,0.07656509044870072,0.00013814329632054823,-15.48332552051928,9.378515088567722,1.3039426863705184,-0.021809751900480102,121.48791106196643,1.8476256496768512e-07,0.000923997564683437,-1.6296381162838103e-05,-2.9596420652485618,119.34530264941141,-0.07384171089004785,0.0001306713347295412,0.013841117514205987,55583.2,0.19021979502344927,0.0069,index_dividend_yield,0.065,12.82,30,55710.6,55918.4,55341.2,56548.9,mid_price,ok
2026-09-24T08:45:06.518072+00:00,2026-09-24T14:15:06.518072+05:30,BANKNIFTY,29-Sep-2026,57000.0,PE,55437.05,1457.2,90,1466.6,300,1468.35,1461.9,19606,-4821,23859,206.96142991533395,0,,,,,,,,,,,,,,,0.013841117514205987,,,,,,12.82,30,55710.6,55918.4,55341.2,56548.9,mid_price,no_price_available
2026-09-24T08:45:06.518072+00:00,2026-09-24T14:15:06.518072+05:30,BANKNIFTY,29-Sep-2026,57100.0,CE,55437.05,31.05,60,31.2,60,31.1,31.125,7607,715,26481,-76.15030674846626,16.09,0.06559007919855507,0.00012167260274222717,-13.834652462106444,8.327607009877946,1.2127922714924368,-0.020378516813620923,119.39459731358859,1.7114669730922333e-07,0.0009883062669983054,-1.7305007902796233e-05,-2.829844646376048,121.70043189441789,-0.063156617685261,0.00011468874636043968,0.013841117514205987,55583.2,0.19021979502344927,0.0069,index_dividend_yield,0.065,12.82,30,55710.6,55918.4,55341.2,56548.9,mid_price,ok
2026-09-24T08:45:06.518072+00:00,2026-09-24T14:15:06.518072+05:30,BANKNIFTY,29-Sep-2026,57100.0,PE,55437.05,1551.1,30,1567.25,30,1551.2,1559.175,1671,-466,1233,184.49335167354425,0,,,,,,,,,,,,,,,0.013841117514205987,,,,,,12.82,30,55710.6,55918.4,55341.2,56548.9,mid_price,no_price_available
2026-09-24T08:45:06.518072+00:00,2026-09-24T14:15:06.518072+05:30,BANKNIFTY,29-Sep-2026,57200.0,CE,55437.05,27.05,30,27.2,60,27.2,27.125,9564,1537,35848,-74.07054337464251,16.36,0.057611170951185564,0.00010813599232738718,-12.688417192869304,7.525319597756719,1.1244100172794653,-0.0191507144684519,115.51040973651938,1.5654237849698387e-07,0.000998915367539816,-1.760008690786244e-05,-2.7116432797011374,122.37571997918428,-0.05537928504411256,0.00010157303659030195,0.013841117514205987,55583.2,0.19021979502344927,0.0069,index_dividend_yield,0.065,12.82,30,55710.6,55918.4,55341.2,56548.9,mid_price,ok
2026-09-24T08:45:06.518072+00:00,2026-09-24T14:15:06.518072+05:30,BANKNIFTY,29-Sep-2026,57200.0,PE,55437.05,1648.7,30,1665.8,30,1672,1657.25,2061,-345,957,168.87513065851894,0,,,,,,,,,,,,,,,0.013841117514205987,,,,,,12.82,30,55710.6,55918.4,55341.2,56548.9,mid_price,no_price_available
2026-09-24T08:45:06.518072+00:00,2026-09-24T14:15:06.518072+05:30,BANKNIFTY,29-Sep-2026,57300.0,CE,55437.05,23.7,60,23.8,60,23.75,23.75,9357,914,33908,-71.60789001793187,16.63,0.050654858360711624,9.60784511065739e-05,-11.629265620830436,6.796567305895862,1.0389534071291693,-0.01793724411868648,111.02662106074712,1.4270799802799412e-07,0.0009918100209529458,-1.7617407968546587e-05,-2.5890542245602997,122.95708674945709,-0.04860937891275564,8.993256348910942e-05,0.013841117514205987,55583.2,0.19021979502344927,0.0069,index_dividend_yield,0.065,12.82,30,55710.6,55918.4,55341.2,56548.9,mid_price,ok
2026-09-24T08:45:06.518072+00:00,2026-09-24T14:15:06.518072+05:30,BANKNIFTY,29-Sep-2026,57300.0,PE,55437.05,1744.05,30,1763.2,30,1774.9,1753.625,2883,-144,500,152.8527672911176,0,,,,,,,,,,,,,,,0.013841117514205987,,,,,,12.82,30,55710.6,55918.4,55341.2,56548.9,mid_price,no_price_available
2026-09-24T08:45:06.518072+00:00,2026-09-24T14:15:06.518072+05:30,BANKNIFTY,29-Sep-2026,57400.0,CE,55437.05,21.25,120,21.35,30,21.35,21.3,8376,-2668,25899,-68.13432835820896,16.98,0.045357232458788914,8.613495097557414e-05,-10.85179005527258,6.22140503688593,0.961491882768093,-0.016907015081844237,106.07871996287655,1.2963092677101645e-07,0.0009614160673747398,-1.732648112169617e-05,-2.4806273804594787,122.55052076349268,-0.04344866429121333,8.034444402824594e-05,0.013841117514205987,55583.2,0.19021979502344927,0.0069,index_dividend_yield,0.065,12.82,30,55710.6,55918.4,55341.2,56548.9,mid_price,ok
2026-09-24T08:45:06.518072+00:00,2026-09-24T14:15:06.518072+05:30,BANKNIFTY,29-Sep-2026,57400.0,PE,55437.05,1838.05,60,1858.7,30,1860.25,1848.375,3357,-203,775,136.82367918523232,0,,,,,,,,,,,,,,,0.013841117514205987,,,,,,12.82,30,55710.6,55918.4,55341.2,56548.9,mid_price,no_price_available
2026-09-24T08:45:06.518072+00:00,2026-09-24T14:15:06.518072+05:30,BANKNIFTY,29-Sep-2026,57500.0,CE,55437.05,19.5,660,19.6,540,19.55,19.55,66435,751,116327,-63.526119402985074,17.38,0.04116082499405111,7.780664507010751e-05,-10.25436874439092,5.752251172089088,0.8919715592982935,-0.016017973355000464,101.06897412850113,1.1768787875787886e-07,0.0009194387593642722,-1.6873141760736507e-05,-2.383915617120343,121.53526581251678,-0.03935755878526443,7.232379788572867e-05,0.013841117514205987,55583.2,0.19021979502344927,0.0069,index_dividend_yield,0.065,12.82,30,55710.6,55918.4,55341.2,56548.9,mid_price,ok
2026-09-24T08:45:06.518072+00:00,2026-09-24T14:15:06.518072+05:30,BANKNIFTY,29-Sep-2026,57500.0,PE,55437.05,1951,150,1960.45,30,1960,1955.725,42470,-1355,7796,124.61608984643594,0,,,,,,,,,,,,,,,0.013841117514205987,,,,,,12.82,30,55710.6,55918.4,55341.2,56548.9,mid_price,no_price_available
2026-09-24T08:45:06.518072+00:00,2026-09-24T14:15:06.518072+05:30,BANKNIFTY,29-Sep-2026,57600.0,CE,55437.05,17.6,90,17.75,90,17.75,17.675,9544,-1475,25782,-57.73809523809524,17.73,0.037052063525285915,7.001256480921229e-05,-9.589480226622177,5.280269669037008,0.8250002659186579,-0.015082775302648106,96.09530168750968,1.0689240567493646e-07,0.0008792957985377122,-1.6385986340161683e-05,-2.2790777155859425,121.02246673198772,-0.035366051582264704,6.485317530398994e-05,0.013841117514205987,55583.2,0.19021979502344927,0.0069,index_dividend_yield,0.065,12.82,30,55710.6,55918.4,55341.2,56548.9,mid_price,ok
2026-09-24T08:45:06.518072+00:00,2026-09-24T14:15:06.518072+05:30,BANKNIFTY,29-Sep-2026,57600.0,PE,55437.05,2028.7,30,2056,30,2072.15,2042.35,2127,-59,208,113.28289846122176,0,,,,,,,,,,,,,,,0.013841117514205987,,,,,,12.82,30,55710.6,55918.4,55341.2,56548.9,mid_price,no_price_available
2026-09-24T08:45:06.518072+00:00,2026-09-24T14:15:06.518072+05:30,BANKNIFTY,29-Sep-2026,57700.0,CE,55437.05,15.9,90,16,150,15.95,15.95,10446,-2811,25381,-51.885369532428356,18.07,0.03335943149801596,6.302602031482472e-05,-8.955546634335091,4.8445050990633165,0.7624021007575261,-0.01417917451026309,91.1703490576059,9.708373818862967e-08,0.0008373377976555147,-1.5839831846859013e-05,-2.174746577729585,120.56697104444369,-0.03178526354637586,5.817929878816754e-05,0.013841117514205987,55583.2,0.19021979502344927,0.0069,index_dividend_yield,0.065,12.82,30,55710.6,55918.4,55341.2,56548.9,mid_price,ok
2026-09-24T08:45:06.518072+00:00,2026-09-24T14:15:06.518072+05:30,BANKNIFTY,29-Sep-2026,57700.0,PE,55437.05,2131.55,30,2159.45,30,2200,2145.5,4097,-29,119,108.8574547871078,19.13,,,,,,,,,,,,,,,0.013841117514205987,,,,,,12.82,30,55710.6,55918.4,55341.2,56548.9,mid_price,no_price_available
2026-09-24T08:45:06.518072+00:00,2026-09-24T14:15:06.518072+05:30,BANKNIFTY,29-Sep-2026,57800.0,CE,55437.05,14.5,90,14.6,60,14.5,14.55,7896,-3287,22924,-46.494464944649444,18.47,0.03052884573945923,5.7306888517948456e-05,-8.497218345220515,4.502410661806356,0.7081653622171019,-0.013439150378513393,86.50951581581268,8.832335466998237e-08,0.0007908412860559162,-1.5240376949871785e-05,-2.0870582107633404,119.44790981707106,-0.029035646790847844,5.2717083556646354e-05,0.013841117514205987,55583.2,0.19021979502344927,0.0069,index_dividend_yield,0.065,12.82,30,55710.6,55918.4,55341.2,56548.9,mid_price,ok
2026-09-24T08:45:06.518072+00:00,2026-09-24T14:15:06.518072+05:30,BANKNIFTY,29-Sep-2026,57800.0,PE,55437.05,2224.3,30,2254.9,30,2280.6,2239.6000000000004,3763,-60,151,100.60694022958174,14.43,,,,,,,,,,,,,,,0.013841117514205987,,,,,,12.82,30,55710.6,55918.4,55341.2,56548.9,mid_price,no_price_available
2026-09-24T08:45:06.518072+00:00,2026-09-24T14:15:06.518072+05:30,BANKNIFTY,29-Sep-2026,57900.0,CE,55437.05,13.35,90,13.45,60,13.45,13.399999999999999,5870,-717,15884,-40.089086859688194,18.79,0.027492104264177523,5.1633541493713514e-05,-7.915047076468132,4.126958233758219,0.6536499196889821,-0.012599756646575512,81.80759640722535,8.025313748949995e-08,0.0007487360101719444,-1.4632898523582925e-05,-1.9851303610823023,119.11842895853874,-0.02610166644693475,4.733419659434997e-05,0.013841117514205987,55583.2,0.19021979502344927,0.0069,index_dividend_yield,0.065,12.82,30,55710.6,55918.4,55341.2,56548.9,mid_price,ok
2026-09-24T08:45:06.518072+00:00,2026-09-24T14:15:06.518072+05:30,BANKNIFTY,29-Sep-2026,57900.0,PE,55437.05,2298.8,30,2346.3,30,2350,2322.55,4585,-47,95,90.04488294043912,0,,,,,,,,,,,,,,,0.013841117514205987,,,,,,12.82,30,55710.6,55918.4,55341.2,56548.9,mid_price,no_price_available
2026-09-24T08:45:06.518072+00:00,2026-09-24T14:15:06.518072+05:30,BANKNIFTY,29-Sep-2026,58000.0,CE,55437.05,12.6,1290,12.7,870,12.65,12.649999999999999,53656,725,128081,-33.421052631578945,19.26,0.025720510819420332,4.764705068944558e-05,-7.665710166583028,3.903585407483192,0.6123000654826242,-0.012080606715841227,77.78177971896949,7.337158434350864e-08,0.0007020217270562039,-1.4028128617928916e-05,-1.9207460722089835,117.27044043479108,-0.024374317797780726,4.352915734628766e-05,0.013841117514205987,55583.2,0.19021979502344927,0.0069,index_dividend_yield,0.065,12.82,30,55710.6,55918.4,55341.2,56548.9,mid_price,ok
2026-09-24T08:45:06.518072+00:00,2026-09-24T14:15:06.518072+05:30,BANKNIFTY,29-Sep-2026,58000.0,PE,55437.05,2437.4,60,2450.75,30,2452.05,2444.075,22566,-671,4563,83.85319037264752,0,,,,,,,,,,,,,,,0.013841117514205987,,,,,,12.82,30,55710.6,55918.4,55341.2,56548.9,mid_price,no_price_available
2026-09-24T08:45:06.518072+00:00,2026-09-24T14:15:06.518072+05:30,BANKNIFTY,29-Sep-2026,58100.0,CE,55437.05,11.6,60,11.7,60,11.6,11.649999999999999,4226,-1603,15428,-28.173374613003094,19.66,0.023730357123421,4.3628173270813905e-05,-7.306620604031839,3.6485636117790405,0.5705728272155045,-0.011475894044350411,73.76053617772004,6.702835634838201e-08,0.0006600937556834473,-1.3432247653810907e-05,-1.844447082594467,116.11992061848329,-0.022447708017112586,3.9720525748997885e-05,0.013841117514205987,55583.2,0.19021979502344927,0.0069,index_dividend_yield,0.065,12.82,30,55710.6,55918.4,55341.2,56548.9,mid_price,ok
2026-09-24T08:45:06.518072+00:00,2026-09-24T14:15:06.518072+05:30,BANKNIFTY,29-Sep-2026,58100.0,PE,55437.05,2511.35,30,2582.3,30,2550,2546.825,1314,-5,40,79.74835230677053,0,,,,,,,,,,,,,,,0.013841117514205987,,,,,,12.82,30,55710.6,55918.4,55341.2,56548.9,mid_price,no_price_available
2026-09-24T08:45:06.518072+00:00,2026-09-24T14:15:06.518072+05:30,BANKNIFTY,29-Sep-2026,58200.0,CE,55437.05,10.85,360,10.95,60,10.95,10.899999999999999,4861,-1543,15583,-16.730038022813687,20.09,0.02211004504962224,4.022498936094615e-05,-7.0281197744653054,3.437535994309194,0.534025911184283,-0.01096228759656418,70.07498211627295,6.141862355274843e-08,0.0006197761854853734,-1.2860596098650217e-05,-1.7785152207231845,114.69044430281643,-0.020876778490951268,3.649641382860682e-05,0.013841117514205987,55583.2,0.19021979502344927,0.0069,index_dividend_yield,0.065,12.82,30,55710.6,55918.4,55341.2,56548.9,mid_price,ok
2026-09-24T08:45:06.518072+00:00,2026-09-24T14:15:06.518072+05:30,BANKNIFTY,29-Sep-2026,58200.0,PE,55437.05,2589.2,30,2652.4,30,2643.25,2620.8,1541,-311,529,71.9131085167962,0,,,,,,,,,,,,,,,0.013841117514205987,,,,,,12.82,30,55710.6,55918.4,55341.2,56548.9,mid_price,no_price_available
2026-09-24T08:45:06.518072+00:00,2026-09-24T14:15:06.518072+05:30,BANKNIFTY,29-Sep-2026,58300.0,CE,55437.05,10.15,90,10.25,240,10.2,10.2,5378,654,13366,-11.304347826086957,20.49,0.020502915453783844,3.700141225299387e-05,-6.719170101028291,3.2250142536016995,0.4989392171132392,-0.010434055841798585,66.49501200705221,5.6291937248741265e-08,0.0005823342157622454,-1.2300117501160592e-05,-1.7096055160009942,113.54436880083733,-0.019324370139004364,3.3456569997801074e-05,0.013841117514205987,55583.2,0.19021979502344927,0.0069,index_dividend_yield,0.065,12.82,30,55710.6,55918.4,55341.2,56548.9,mid_price,ok
2026-09-24T08:45:06.518072+00:00,2026-09-24T14:15:06.518072+05:30,BANKNIFTY,29-Sep-2026,58300.0,PE,55437.05,2698.5,30,2764.9,30,2639,2731.7,1726,-15,36,58.4984984984985,0,,,,,,,,,,,,,,,0.013841117514205987,,,,,,12.82,30,55710.6,55918.4,55341.2,56548.9,mid_price,no_price_available
2026-09-24T08:45:06.518072+00:00,2026-09-24T14:15:06.518072+05:30,BANKNIFTY,29-Sep-2026,58400.0,CE,55437.05,9.7,120,9.8,300,9.8,9.75,2949,-1031,8778,-2,20.91,0.019151251881447975,3.421909393708543e-05,-6.466056576595635,3.043644453451213,0.46781091599365326,-0.009973032693709711,63.2047541243137,5.173585601610334e-08,0.0005469507584501331,-1.1768790712692283e-05,-1.6485296865794676,112.22625421187323,-0.018017613934547816,3.083493487634458e-05,0.013841117514205987,55583.2,0.19021979502344927,0.0069,index_dividend_yield,0.065,12.82,30,55710.6,55918.4,55341.2,56548.9,mid_price,ok
2026-09-24T08:45:06.518072+00:00,2026-09-24T14:15:06.518072+05:30,BANKNIFTY,29-Sep-2026,58400.0,PE,55437.05,2802.75,30,2878.45,30,2830.95,2840.6,963,-5,10,59.922607614958764,0,,,,,,,,,,,,,,,0.013841117514205987,,,,,,12.82,30,55710.6,55918.4,55341.2,56548.9,mid_price,no_price_available
2026-09-24T08:45:06.518072+00:00,2026-09-24T14:15:06.518072+05:30,BANKNIFTY,29-Sep-2026,58500.0,CE,55437.05,9.1,510,9.15,330,9.1,9.125,26654,-1847,59906,1.1111111111111112,21.27,0.01766785761570971,3.1407402366530264e-05,-6.136314088912362,2.841651977537392,0.43619626719593013,-0.009449791153581676,59.86895542078096,4.745045939275702e-08,0.0005140425179774934,-1.1232098796061091e-05,-1.5781341308341859,111.43036379581903,-0.016592548315740915,2.820463669925655e-05,0.013841117514205987,55583.2,0.19021979502344927,0.0069,index_dividend_yield,0.065,12.82,30,55710.6,55918.4,55341.2,56548.9,mid_price,ok
2026-09-24T08:45:06.518072+00:00,2026-09-24T14:15:06.518072+05:30,BANKNIFTY,29-Sep-2026,58500.0,PE,55437.05,2932.2,30,2949.5,30,2953.65,2940.85,4978,-86,238,62.7131249139237,0,,,,,,,,,,,,,,,0.013841117514205987,,,,,,12.82,30,55710.6,55918.4,55341.2,56548.9,mid_price,no_price_available
2026-09-24T08:45:06.518072+00:00,2026-09-24T14:15:06.518072+05:30,BANKNIFTY,29-Sep-2026,58600.0,CE,55437.05,8.65,300,8.75,180,8.65,8.7,2025,-259,4199,10.897435897435898,21.7,0.01661935183551018,2.921690935603786e-05,-5.937198248619871,2.696903374653534,0.4105773031163693,-0.00906621552922342,57.01404146117817,4.37831879638335e-08,0.00048302146921476956,-1.0751788016698668e-05,-1.5257804093739038,110.0434087117516,-0.01557944428336788,2.6148047481209913e-05,0.013841117514205987,55583.2,0.19021979502344927,0.0069,index_dividend_yield,0.065,12.82,30,55710.6,55918.4,55341.2,56548.9,mid_price,ok
2026-09-24T08:45:06.518072+00:00,2026-09-24T14:15:06.518072+05:30,BANKNIFTY,29-Sep-2026,58600.0,PE,55437.05,2985.4,30,3081.7,30,2955.15,3033.55,517,0,2,48.020235918755795,0,,,,,,,,,,,,,,,0.013841117514205987,,,,,,12.82,30,55710.6,55918.4,55341.2,56548.9,mid_price,no_price_available
2026-09-24T08:45:06.518072+00:00,2026-09-24T14:15:06.518072+05:30,BANKNIFTY,29-Sep-2026,58700.0,CE,55437.05,8.1,30,8.25,300,8.25,8.175,1798,-284,5900,17.857142857142858,22.15,0.015744524051498225,2.7327487732285397e-05,-5.781990766985176,2.5748078128791962,0.38797925121113097,-0.008737306896992782,54.423813718858845,4.053034963282287e-08,0.0004542468754226666,-1.0307126020313721e-05,-1.4803726569104736,108.51731508884222,-0.014732312348065232,2.4373827281015148e-05,0.013841117514205987,55583.2,0.19021979502344927,0.0069,index_dividend_yield,0.065,12.82,30,55710.6,55918.4,55341.2,56548.9,mid_price,ok
2026-09-24T08:45:06.518072+00:00,2026-09-24T14:15:06.518072+05:30,BANKNIFTY,29-Sep-2026,58700.0,PE,55437.05,3084.85,30,3208.45,300,2973.4,3146.6499999999996,376,-2,4,43.310198573356466,0,,,,,,,,,,,,,,,0.013841117514205987,,,,,,12.82,30,55710.6,55918.4,55341.2,56548.9,mid_price,no_price_available
2026-09-24T08:45:06.518072+00:00,2026-09-24T14:15:06.518072+05:30,BANKNIFTY,29-Sep-2026,58800.0,CE,55437.05,7.8,180,7.95,120,7.85,7.875,3330,-501,7444,21.705426356589147,22.59,0.014909828444999124,2.5570628842563976e-05,-5.623722000612138,2.457135005335854,0.36673229660843554,-0.008416040381364294,51.96099339713056,3.756253428066192e-08,0.0004275461672307631,-9.881563250329499e-06,-1.4355513598502776,107.09997089189987,-0.013925838175828957,2.2729348110334983e-05,0.013841117514205987,55583.2,0.19021979502344927,0.0069,index_dividend_yield,0.065,12.82,30,55710.6,55918.4,55341.2,56548.9,mid_price,ok
2026-09-24T08:45:06.518072+00:00,2026-09-24T14:15:06.518072+05:30,BANKNIFTY,29-Sep-2026,58800.0,PE,55437.05,3202.4,60,3448.25,300,3070,3325.325,471,0,9,39.54545454545455,0,,,,,,,,,,,,,,,0.013841117514205987,,,,,,12.82,30,55710.6,55918.4,55341.2,56548.9,mid_price,no_price_available
2026-09-24T08:45:06.518072+00:00,2026-09-24T14:15:06.518072+05:30,BANKNIFTY,29-Sep-2026,58900.0,CE,55437.05,7.25,120,7.4,120,7.35,7.325,2293,-856,5156,24.576271186440678,22.94,0.013836727166586635,2.3611909480949917e-05,-5.351943780027232,2.3040712394633833,0.3432330634559619,-0.007992706015482333,49.28975265997559,3.463232896464319e-08,0.000402186339472341,-9.427644878385965e-06,-1.3757672448709033,106.3897638450246,-0.012900804119988063,2.0917064896263422e-05,0.013841117514205987,55583.2,0.19021979502344927,0.0069,index_dividend_yield,0.065,12.82,30,55710.6,55918.4,55341.2,56548.9,mid_price,ok
2026-09-24T08:45:06.518072+00:00,2026-09-24T14:15:06.518072+05:30,BANKNIFTY,29-Sep-2026,58900.0,PE,55437.05,3290.3,30,3394.55,300,3132.1,3342.425,594,-6,6,39.88834301027244,0,,,,,,,,,,,,,,,0.013841117514205987,,,,,,12.82,30,55710.6,55918.4,55341.2,56548.9,mid_price,no_price_available
2026-09-24T08:45:06.518072+00:00,2026-09-24T14:15:06.518072+05:30,BANKNIFTY,29-Sep-2026,59000.0,CE,55437.05,7,900,7.1,660,7.1,7.05,28801,801,59282,21.367521367521366,23.35,0.013057570280457441,2.206505310391145e-05,-5.178727494551998,2.191609839534242,0.3240710275686431,-0.0076758503621670564,47.01589271344342,3.212501814155842e-08,0.00037885561541982544,-9.029431770848188e-06,-1.3304660600538067,105.22656303382442,-0.012152440504778858,1.9480548349684974e-05,0.013841117514205987,55583.2,0.19021979502344927,0.0069,index_dividend_yield,0.065,12.82,30,55710.6,55918.4,55341.2,56548.9,mid_price,ok
2026-09-24T08:45:06.518072+00:00,2026-09-24T14:15:06.518072+05:30,BANKNIFTY,29-Sep-2026,59000.0,PE,55437.05,3431,30,3447.4,30,3428.9,3439.2,5860,-387,711,47.9887785930082,0,,,,,,,,,,,,,,,0.013841117514205987,,,,,,12.82,30,55710.6,55918.4,55341.2,56548.9,mid_price,no_price_available
2026-09-24T08:45:06.518072+00:00,2026-09-24T14:15:06.518072+05:30,BANKNIFTY,29-Sep-2026,59100.0,CE,55437.05,6.65,60,6.75,270,6.75,6.7,854,-260,2444,29.807692307692307,23.75,0.012314520530198898,2.062096825874389e-05,-5.004314934303694,2.083262744824745,0.30597517568303667,-0.007366401335777468,44.843090152374195,2.982094858027452e-08,0.0003570477395257658,-8.646401928895963e-06,-1.2857543367727395,104.15020165266098,-0.011440370890982439,1.8144053415186863e-05,0.013841117514205987,55583.2,0.19021979502344927,0.0069,index_dividend_yield,0.065,12.82,30,55710.6,55918.4,55341.2,56548.9,mid_price,ok
2026-09-24T08:45:06.518072+00:00,2026-09-24T14:15:06.518072+05:30,BANKNIFTY,29-Sep-2026,59100.0,PE,55437.05,3409.8,300,3653.9,300,3350,3531.8500000000004,212,0,9,35.35353535353536,0,,,,,,,,,,,,,,,0.013841117514205987,,,,,,12.82,30,55710.6,55918.4,55341.2,56548.9,mid_price,no_price_available
2026-09-24T08:45:06.518072+00:00,2026-09-24T14:15:06.518072+05:30,BANKNIFTY,29-Sep-2026,59200.0,CE,55437.05,6.55,360,6.65,210,6.6,6.6,3556,1262,10743,30.693069306930692,24.27,0.011984380427401098,1.970938953650695e-05,-4.992134725715066,2.034765329292165,0.2938723180152163,-0.007225276383817036,43.26976921174885,2.8010372245732897e-08,0.00033791405289140765,-8.354795462014922e-06,-1.2652045946515267,102.24589738557938,-0.011112852112985006,1.728343192121183e-05,0.013841117514205987,55583.2,0.19021979502344927,0.0069,index_dividend_yield,0.065,12.82,30,55710.6,55918.4,55341.2,56548.9,mid_price,ok
2026-09-24T08:45:06.518072+00:00,2026-09-24T14:15:06.518072+05:30,BANKNIFTY,29-Sep-2026,59200.0,PE,55437.05,3490.7,300,3772.9,300,3472.2,3631.8,52,0,1,65.34285714285714,0,,,,,,,,,,,,,,,0.013841117514205987,,,,,,12.82,30,55710.6,55918.4,55341.2,56548.9,mid_price,no_price_available
2026-09-24T08:45:06.518072+00:00,2026-09-24T14:15:06.518072+05:30,BANKNIFTY,29-Sep-2026,59300.0,CE,55437.05,5.9,570,6.25,300,5.9,6.075,1018,-260,1545,35.632183908045974,25.31,0.013197622416794069,2.0544892625556883e-05,-5.655829253766817,2.211909738319974,0.3014979103204566,-0.007725557549242148,43.65951391202216,2.7472210060059328e-08,0.0003243486094743588,-8.359226265728981e-06,-1.337594277920043,97.03236200958173,-0.012210743968091494,1.7955384634448688e-05,0.013841117514205987,55583.2,0.19021979502344927,0.0069,index_dividend_yield,0.065,12.82,30,55710.6,55918.4,55341.2,56548.9,mid_price,ok
2026-09-24T08:45:06.518072+00:00,2026-09-24T14:15:06.518072+05:30,BANKNIFTY,29-Sep-2026,59300.0,PE,55437.05,3455.85,300,3940.85,600,0.0,3698.35,52,0,0,0,0,,,,,,,,,,,,,,,0.013841117514205987,,,,,,12.82,30,55710.6,55918.4,55341.2,56548.9,mid_price,no_price_available
2026-09-24T08:45:06.518072+00:00,2026-09-24T14:15:06.518072+05:30,BANKNIFTY,29-Sep-2026,59400.0,CE,55437.05,5.65,330,5.8,330,5.8,5.725,1410,-734,2268,34.883720930232556,24.9,0.010308987119526271,1.6852774656031674e-05,-4.488900106106181,1.7850161119965586,0.25765743331942514,-0.006491747857602977,38.899995249115584,2.395419416133357e-08,0.0002995802101031496,-7.584832274650185e-06,-1.1567589145609027,101.32807869574626,-0.009526258264819985,1.467907696394458e-05,0.013841117514205987,55583.2,0.19021979502344927,0.0069,index_dividend_yield,0.065,12.82,30,55710.6,55918.4,55341.2,56548.9,mid_price,ok
2026-09-24T08:45:06.518072+00:00,2026-09-24T14:15:06.518072+05:30,BANKNIFTY,29-Sep-2026,59400.0,PE,55437.05,3747.3,300,3964.4,330,3671.85,3855.8500000000004,119,0,1,111.57303370786516,0,,,,,,,,,,,,,,,0.013841117514205987,,,,,,12.82,30,55710.6,55918.4,55341.2,56548.9,mid_price,no_price_available
2026-09-24T08:45:06.518072+00:00,2026-09-24T14:15:06.518072+05:30,BANKNIFTY,29-Sep-2026,59500.0,CE,55437.05,5.4,570,5.5,1170,5.45,5.45,12439,-1902,17528,36.25,25.24,0.009642544025249807,1.5683568949508917e-05,-4.2904508309983305,1.6838586328615157,0.2423870292120947,-0.00618707670996364,36.99078584562232,2.223483032056633e-08,0.000282394386413855,-7.241217557094845e-06,-1.1108742884053857,100.68836053386303,-0.008894877283057455,1.361479761378051e-05,0.013841117514205987,55583.2,0.19021979502344927,0.0069,index_dividend_yield,0.065,12.82,30,55710.6,55918.4,55341.2,56548.9,mid_price,ok
2026-09-24T08:45:06.518072+00:00,2026-09-24T14:15:06.518072+05:30,BANKNIFTY,29-Sep-2026,59500.0,PE,55437.05,3854.25,330,3985.4,30,3939.1,3919.825,1079,-10,60,38.40829234012649,0,,,,,,,,,,,,,,,0.013841117514205987,,,,,,12.82,30,55710.6,55918.4,55341.2,56548.9,mid_price,no_price_available
2026-09-24T08:45:06.518072+00:00,2026-09-24T14:15:06.518072+05:30,BANKNIFTY,29-Sep-2026,59600.0,CE,55437.05,5,240,5.45,300,5.1,5.225,558,-329,1026,34.21052631578947,25.8,0.009542750299502136,1.5204263310731118e-05,-4.343965314407381,1.6686162467845391,0.2354299098880257,-0.006139601153491497,35.988694863331226,2.110880968572776e-08,0.0002689918367147729,-7.045875215662268e-06,-1.1036768120717582,98.63105946851753,-0.008786212770713835,1.3154461871982454e-05,0.013841117514205987,55583.2,0.19021979502344927,0.0069,index_dividend_yield,0.065,12.82,30,55710.6,55918.4,55341.2,56548.9,mid_price,ok
2026-09-24T08:45:06.518072+00:00,2026-09-24T14:15:06.518072+05:30,BANKNIFTY,29-Sep-2026,59600.0,PE,55437.05,3870.5,300,4240.2,300,3871.1,4055.35,13,0,1,27.129720853858785,0,,,,,,,,,,,,,,,0.013841117514205987,,,,,,12.82,30,55710.6,55918.4,55341.2,56548.9,mid_price,no_price_available
2026-09-24T08:45:06.518072+00:00,2026-09-24T14:15:06.518072+05:30,BANKNIFTY,29-Sep-2026,59700.0,CE,55437.05,4.65,360,6.55,960,4.25,5.6,365,-215,519,14.864864864864865,25.52,0.007638603678787101,1.2644384894148249e-05,-3.533527459457647,1.372618212492006,0.20251806275033363,-0.005221806857463039,32.03913756760246,1.8414027463357923e-08,0.00024559058059540396,-6.35620834981445e-06,-0.9619998175550164,102.01600183819775,-0.007023630157938395,1.090308175969383e-05,0.013841117514205987,55583.2,0.19021979502344927,0.0069,index_dividend_yield,0.065,12.82,30,55710.6,55918.4,55341.2,56548.9,mid_price,wide_quote_low_liquidity
2026-09-24T08:45:06.518072+00:00,2026-09-24T14:15:06.518072+05:30,BANKNIFTY,29-Sep-2026,59700.0,PE,55437.05,3967.85,300,4261.2,300,3970.65,4114.525,22,1,1,105.22806564155576,0,,,,,,,,,,,,,,,0.013841117514205987,,,,,,12.82,30,55710.6,55918.4,55341.2,56548.9,mid_price,no_price_available
2026-09-24T08:45:06.518072+00:00,2026-09-24T14:15:06.518072+05:30,BANKNIFTY,29-Sep-2026,59800.0,CE,55437.05,4.9,120,5.4,30,5.05,5.15,1117,-277,950,48.529411764705884,27.95,0.011817487345901774,1.690744423411116e-05,-5.663536953581996,2.0101624477123,0.2531661188405771,-0.007144912848498689,37.36516090665221,2.082650351591401e-08,0.00025378485390226287,-7.196748945181774e-06,-1.253447532438548,89.04255021552524,-0.010832260551241478,1.453034143356305e-05,0.013841117514205987,55583.2,0.19021979502344927,0.0069,index_dividend_yield,0.065,12.82,30,55710.6,55918.4,55341.2,56548.9,mid_price,ok
2026-09-24T08:45:06.518072+00:00,2026-09-24T14:15:06.518072+05:30,BANKNIFTY,29-Sep-2026,59800.0,PE,55437.05,4040.45,300,4464.75,300,4070.05,4252.6,8,1,1,102.88370470066297,0,,,,,,,,,,,,,,,0.013841117514205987,,,,,,12.82,30,55710.6,55918.4,55341.2,56548.9,mid_price,no_price_available
2026-09-24T08:45:06.518072+00:00,2026-09-24T14:15:06.518072+05:30,BANKNIFTY,29-Sep-2026,59900.0,CE,55437.05,4.35,480,4.7,360,4.55,4.525,778,-447,2721,31.884057971014492,27.26,0.008817100473117947,1.3427405856210032e-05,-4.277576298732109,1.5570026340028371,0.21063771787897811,-0.005795699527671997,32.602153544186166,1.7844578455478474e-08,0.00023189829135149422,-6.405639473935493e-06,-1.0511670694458317,94.17277935737602,-0.008073516586717254,1.1501081872780667e-05,0.013841117514205987,55583.2,0.19021979502344927,0.0069,index_dividend_yield,0.065,12.82,30,55710.6,55918.4,55341.2,56548.9,mid_price,ok
2026-09-24T08:45:06.518072+00:00,2026-09-24T14:15:06.518072+05:30,BANKNIFTY,29-Sep-2026,59900.0,PE,55437.05,4060.85,300,4445.9,330,0.0,4253.375,17,0,0,0,19.79,,,,,,,,,,,,,,,0.013841117514205987,,,,,,12.82,30,55710.6,55918.4,55341.2,56548.9,mid_price,no_price_available
2026-09-24T08:45:06.518072+00:00,2026-09-24T14:15:06.518072+05:30,BANKNIFTY,29-Sep-2026,60000.0,CE,55437.05,4.65,330,4.75,420,4.7,4.7,26149,-4192,47751,32.394366197183096,27.42,0.007956981855980642,1.2198738876691966e-05,-3.930628672264559,1.4228324622183512,0.19437603469199494,-0.005377504700603624,30.562758131904456,1.6384592081656563e-08,0.00021754101383510718,-6.039889653374368e-06,-0.9863861136136983,94.61964307134144,-0.00727416092819578,1.041388213526098e-05,0.013841117514205987,55583.2,0.19021979502344927,0.0069,index_dividend_yield,0.065,12.82,30,55710.6,55918.4,55341.2,56548.9,mid_price,ok
2026-09-24T08:45:06.518072+00:00,2026-09-24T14:15:06.518072+05:30,BANKNIFTY,29-Sep-2026,60000.0,PE,55437.05,4431.8,30,4451.5,30,4458.3,4441.65,8777,-170,1749,34.40759722640941,0,,,,,,,,,,,,,,,0.013841117514205987,,,,,,12.82,30,55710.6,55918.4,55341.2,56548.9,mid_price,no_price_available
2026-09-24T08:45:06.518072+00:00,2026-09-24T14:15:06.518072+05:30,BANKNIFTY,29-Sep-2026,60100.0,CE,55437.05,4.1,120,5,180,5.2,4.55,1453,-189,415,28.395061728395063,27.41,0.006881041275671847,1.0736731621885418e-05,-3.4560123146997803,1.2518506314588114,0.17475852631358527,-0.004831311762565405,28.076908561426638,1.4759414580996867e-08,0.0002016336534512982,-5.591952685149634e-06,-0.9001516332728503,96.04070655353411,-0.006281076931066756,9.135311848365436e-06,0.013841117514205987,55583.2,0.19021979502344927,0.0069,index_dividend_yield,0.065,12.82,30,55710.6,55918.4,55341.2,56548.9,mid_price,wide_quote_low_liquidity
2026-09-24T08:45:06.518072+00:00,2026-09-24T14:15:06.518072+05:30,BANKNIFTY,29-Sep-2026,60100.0,PE,55437.05,4356.5,300,4868.4,900,0.0,4612.45,8,0,0,0,0,,,,,,,,,,,,,,,0.013841117514205987,,,,,,12.82,30,55710.6,55918.4,55341.2,56548.9,mid_price,no_price_available
2026-09-24T08:45:06.518072+00:00,2026-09-24T14:15:06.518072+05:30,BANKNIFTY,29-Sep-2026,60200.0,CE,55437.05,3.7,60,4.2,30,3.65,3.95,513,8,290,30.357142857142858,27.58,0.006222515808424122,9.762257345625572e-06,-3.1804680194363906,1.1452911203307787,0.16119319986492323,-0.0044823705825107725,26.274400983438362,1.3539927469015225e-08,0.00018855974418854768,-5.258475105519931e-06,-0.8440347533785862,96.39810591624308,-0.005670754950618648,8.278611325673849e-06,0.013841117514205987,55583.2,0.19021979502344927,0.0069,index_dividend_yield,0.065,12.82,30,55710.6,55918.4,55341.2,56548.9,mid_price,ok
2026-09-24T08:45:06.518072+00:00,2026-09-24T14:15:06.518072+05:30,BANKNIFTY,29-Sep-2026,60200.0,PE,55437.05,4222.45,300,5024.95,300,0.0,4623.7,6,0,0,0,17.67,,,,,,,,,,,,,,,0.013841117514205987,,,,,,12.82,30,55710.6,55918.4,55341.2,56548.9,mid_price,no_price_available
2026-09-24T08:45:06.518072+00:00,2026-09-24T14:15:06.518072+05:30,BANKNIFTY,29-Sep-2026,60300.0,CE,55437.05,3.5,240,4.35,30,3.7,3.925,407,7,583,23.333333333333332,28.12,0.006195406875717827,9.537835433209711e-06,-3.229127028287383,1.1408709473943421,0.15762330516519601,-0.004467208674066454,25.70842440436072,1.2973911909168315e-08,0.00018100532639074275,-5.14424597755146e-06,-0.8415769300733479,94.60473868027869,-0.0056355664876157185,8.061491943420199e-06,0.013841117514205987,55583.2,0.19021979502344927,0.0069,index_dividend_yield,0.065,12.82,30,55710.6,55918.4,55341.2,56548.9,mid_price,wide_quote_low_liquidity
2026-09-24T08:45:06.518072+00:00,2026-09-24T14:15:06.518072+05:30,BANKNIFTY,29-Sep-2026,60300.0,PE,55437.05,4453.6,300,4929.85,300,0.0,4691.725,0,0,0,0,0,,,,,,,,,,,,,,,0.013841117514205987,,,,,,12.82,30,55710.6,55918.4,55341.2,56548.9,mid_price,no_price_available
2026-09-24T08:45:06.518072+00:00,2026-09-24T14:15:06.518072+05:30,BANKNIFTY,29-Sep-2026,60400.0,CE,55437.05,3.55,300,4.8,30,3.9,4.175,252,39,324,39.285714285714285,28.79,0.006373540785324466,9.552635988684937e-06,-3.3889328431351435,1.1698664155888365,0.15729036636714888,-0.004562224469032459,25.550983417064078,1.2627012374403694e-08,0.00017545614232648778,-5.1033093737109215e-06,-0.8569491262584827,92.17088268426878,-0.005786372065356048,8.047288576175975e-06,0.013841117514205987,55583.2,0.19021979502344927,0.0069,index_dividend_yield,0.065,12.82,30,55710.6,55918.4,55341.2,56548.9,mid_price,wide_quote_low_liquidity
2026-09-24T08:45:06.518072+00:00,2026-09-24T14:15:06.518072+05:30,BANKNIFTY,29-Sep-2026,60400.0,PE,55437.05,4619.5,300,4980.45,450,3639.15,4799.975,6,5,5,2.4333605426858447,0,,,,,,,,,,,,,,,0.013841117514205987,,,,,,12.82,30,55710.6,55918.4,55341.2,56548.9,mid_price,no_price_available
2026-09-24T08:45:06.518072+00:00,2026-09-24T14:15:06.518072+05:30,BANKNIFTY,29-Sep-2026,60500.0,CE,55437.05,3.7,60,3.75,2730,3.7,3.725,9839,141,10817,23.333333333333332,29.12,0.0060291651558894675,8.990984251135425e-06,-3.2622753686617645,1.1137045328575201,0.14921905071027833,-0.004376310978482098,24.43131342640237,1.1843232787539974e-08,0.00016635742559461018,-4.891686258881784e-06,-0.8268104173254817,91.62801489576573,-0.005464319785785401,7.549126648521299e-06,0.013841117514205987,55583.2,0.19021979502344927,0.0069,index_dividend_yield,0.065,12.82,30,55710.6,55918.4,55341.2,56548.9,mid_price,ok
2026-09-24T08:45:06.518072+00:00,2026-09-24T14:15:06.518072+05:30,BANKNIFTY,29-Sep-2026,60500.0,PE,55437.05,4874.75,30,4964.6,60,4902.8,4919.675,290,-17,96,18.510998307952622,0,,,,,,,,,,,,,,,0.013841117514205987,,,,,,12.82,30,55710.6,55918.4,55341.2,56548.9,mid_price,no_price_available
2026-09-24T08:45:06.518072+00:00,2026-09-24T14:15:06.518072+05:30,BANKNIFTY,29-Sep-2026,60600.0,CE,55437.05,2.35,600,4.15,120,3.8,3.25,116,0,44,38.18181818181818,29.7,0.006070869937863488,8.869425353636176e-06,-3.34661706121366,1.1205295448155213,0.14710017748081503,-0.00439857612791082,24.061048682652906,1.1435281468747687e-08,0.00016058730923723468,-4.8141621621028164e-06,-0.8304322582772201,89.79714908596803,-0.005491802244205243,7.4225043095569605e-06,0.013841117514205987,55583.2,0.19021979502344927,0.0069,index_dividend_yield,0.065,12.82,30,55710.6,55918.4,55341.2,56548.9,mid_price,wide_quote_low_liquidity
2026-09-24T08:45:06.518072+00:00,2026-09-24T14:15:06.518072+05:30,BANKNIFTY,29-Sep-2026,60600.0,PE,55437.05,4541.55,300,5496.7,300,0.0,5019.125,0,0,0,0,0,,,,,,,,,,,,,,,0.013841117514205987,,,,,,12.82,30,55710.6,55918.4,55341.2,56548.9,mid_price,no_price_available
2026-09-24T08:45:06.518072+00:00,2026-09-24T14:15:06.518072+05:30,BANKNIFTY,29-Sep-2026,60700.0,CE,55437.05,2.25,120,4.25,150,4.25,3.25,572,-3,263,84.78260869565217,30.58,0.006557415736503345,9.222632074694782e-06,-3.687958205220872,1.1996753740856985,0.15137430144234257,-0.004658761334821307,24.490054596724598,1.1404382701891789e-08,0.00015810929478988307,-4.878922949305197e-06,-0.8725029892199445,86.58958963360512,-0.00591969596621601,7.692681026176066e-06,0.013841117514205987,55583.2,0.19021979502344927,0.0069,index_dividend_yield,0.065,12.82,30,55710.6,55918.4,55341.2,56548.9,mid_price,wide_quote_low_liquidity
2026-09-24T08:45:06.518072+00:00,2026-09-24T14:15:06.518072+05:30,BANKNIFTY,29-Sep-2026,60700.0,PE,55437.05,4641.1,300,5442.55,300,0.0,5041.825000000001,0,0,0,0,0,,,,,,,,,,,,,,,0.013841117514205987,,,,,,12.82,30,55710.6,55918.4,55341.2,56548.9,mid_price,no_price_available
2026-09-24T08:45:06.518072+00:00,2026-09-24T14:15:06.518072+05:30,BANKNIFTY,29-Sep-2026,60800.0,CE,55437.05,1.1,600,8.7,600,0.0,4.8999999999999995,3,0,0,0,27.35,0.0023363613499633408,4.092264082924274e-06,-1.309110828277669,0.47609362070439276,0.07636054716143176,-0.002103127756875098,14.087622568075359,6.534040426390641e-09,0.00010612492272955128,-2.9255151580110634e-06,-0.43522226345776976,106.05130297639245,-0.0021101920399480695,3.402175534319376e-06,0.013841117514205987,55583.2,0.19021979502344927,0.0069,index_dividend_yield,0.065,12.82,30,55710.6,55918.4,55341.2,56548.9,mid_price,wide_quote_low_liquidity
2026-09-24T08:45:06.518072+00:00,2026-09-24T14:15:06.518072+05:30,BANKNIFTY,29-Sep-2026,60800.0,PE,55437.05,4725,300,5685.35,300,0.0,5205.175,0,0,0,0,0,,,,,,,,,,,,,,,0.013841117514205987,,,,,,12.82,30,55710.6,55918.4,55341.2,56548.9,mid_price,no_price_available
2026-09-24T08:45:06.518072+00:00,2026-09-24T14:15:06.518072+05:30,BANKNIFTY,29-Sep-2026,60900.0,CE,55437.05,1.15,600,8.7,600,0.0,4.925,12,0,0,0,28.39,0.0027758418119532688,4.606981639999106e-06,-1.5874593297948716,0.5563566119041302,0.08432976873149747,-0.0024097155161959616,15.251974869260776,6.925221771398125e-09,0.00011006605482331212,-3.1485811114990705e-06,-0.49098541814932206,100.74923687592013,-0.0025017582981835913,3.817527023181155e-06,0.013841117514205987,55583.2,0.19021979502344927,0.0069,index_dividend_yield,0.065,12.82,30,55710.6,55918.4,55341.2,56548.9,mid_price,wide_quote_low_liquidity
2026-09-24T08:45:06.518072+00:00,2026-09-24T14:15:06.518072+05:30,BANKNIFTY,29-Sep-2026,60900.0,PE,55437.05,4816.7,300,5788.6,300,0.0,5302.65,0,0,0,0,0,,,,,,,,,,,,,,,0.013841117514205987,,,,,,12.82,30,55710.6,55918.4,55341.2,56548.9,mid_price,no_price_available
2026-09-24T08:45:06.518072+00:00,2026-09-24T14:15:06.518072+05:30,BANKNIFTY,29-Sep-2026,61000.0,CE,55437.05,3.35,90,3.4,510,3.45,3.375,19632,-192,5950,32.69230769230769,31.22,0.005184627476252261,7.334275737712223e-06,-3.054702988744285,0.9740057303914181,0.12436922971767721,-0.003904745304916853,20.791276500887466,9.188698985902227e-09,0.00013306476835447877,-4.186295885099373e-06,-0.749242003352619,86.76046147444796,-0.00465750242737205,6.057560876011127e-06,0.013841117514205987,55583.2,0.19021979502344927,0.0069,index_dividend_yield,0.065,12.82,30,55710.6,55918.4,55341.2,56548.9,mid_price,ok
2026-09-24T08:45:06.518072+00:00,2026-09-24T14:15:06.518072+05:30,BANKNIFTY,29-Sep-2026,61000.0,PE,55437.05,5419.45,30,5443.1,90,5430,5431.275,1758,-94,239,25.54913294797688,0,,,,,,,,,,,,,,,0.013841117514205987,,,,,,12.82,30,55710.6,55918.4,55341.2,56548.9,mid_price,no_price_available
2026-09-24T08:45:06.518072+00:00,2026-09-24T14:15:06.518072+05:30,BANKNIFTY,29-Sep-2026,61100.0,CE,55437.05,1.5,300,8.7,600,2.8,5.1,1,-11,15,19.148936170212767,31.1,0.004421493732494547,6.3881426192929874e-06,-2.639716982423403,0.8450966345137776,0.11060307903882054,-0.0034586233284075933,18.88521589652159,8.216504904888806e-09,0.0001222123216046824,-3.828248017197377e-06,-0.6742741499072635,88.38035123429525,-0.003966303820483892,5.258869656472787e-06,0.013841117514205987,55583.2,0.19021979502344927,0.0069,index_dividend_yield,0.065,12.82,30,55710.6,55918.4,55341.2,56548.9,mid_price,wide_quote_low_liquidity
2026-09-24T08:45:06.518072+00:00,2026-09-24T14:15:06.518072+05:30,BANKNIFTY,29-Sep-2026,61100.0,PE,55437.05,5163.2,300,5884.5,900,0.0,5523.85,0,0,0,0,0,,,,,,,,,,,,,,,0.013841117514205987,,,,,,12.82,30,55710.6,55918.4,55341.2,56548.9,mid_price,no_price_available
2026-09-24T08:45:06.518072+00:00,2026-09-24T14:15:06.518072+05:30,BANKNIFTY,29-Sep-2026,61200.0,CE,55437.05,1.5,180,8.7,600,3.1,5.1,3,-28,34,44.18604651162791,31.91,0.004740163298875972,6.625012548247468e-06,-2.8812779872159826,0.8992591988665759,0.11371521258834354,-0.0036473614630936724,19.23984425160152,8.217646625758705e-09,0.00012098053881228649,-3.887354581290311e-06,-0.7061874521458099,85.61367057717577,-0.004243648567954397,5.436058036108654e-06,0.013841117514205987,55583.2,0.19021979502344927,0.0069,index_dividend_yield,0.065,12.82,30,55710.6,55918.4,55341.2,56548.9,mid_price,wide_quote_low_liquidity
2026-09-24T08:45:06.518072+00:00,2026-09-24T14:15:06.518072+05:30,BANKNIFTY,29-Sep-2026,61200.0,PE,55437.05,5104.6,300,6136.6,300,0.0,5620.6,0,0,0,0,0,,,,,,,,,,,,,,,0.013841117514205987,,,,,,12.82,30,55710.6,55918.4,55341.2,56548.9,mid_price,no_price_available
2026-09-24T08:45:06.518072+00:00,2026-09-24T14:15:06.518072+05:30,BANKNIFTY,29-Sep-2026,61300.0,CE,55437.05,1.4,30,7.9,90,2.6,4.65,8,-35,67,30,31.79,0.004050680621648976,5.778638400667689e-06,-2.4938636178820115,0.7814252257114024,0.10120226647363081,-0.003233365010598393,17.47641825562879,7.352496809080683e-09,0.00011105902360928921,-3.5535885849401645e-06,-0.6357879579246206,87.16862929045224,-0.003621234150596349,4.7261205383596656e-06,0.013841117514205987,55583.2,0.19021979502344927,0.0069,index_dividend_yield,0.065,12.82,30,55710.6,55918.4,55341.2,56548.9,mid_price,wide_quote_low_liquidity
2026-09-24T08:45:06.518072+00:00,2026-09-24T14:15:06.518072+05:30,BANKNIFTY,29-Sep-2026,61300.0,PE,55437.05,5193.45,300,6197.05,300,0.0,5695.25,0,0,0,0,0,,,,,,,,,,,,,,,0.013841117514205987,,,,,,12.82,30,55710.6,55918.4,55341.2,56548.9,mid_price,no_price_available
2026-09-24T08:45:06.518072+00:00,2026-09-24T14:15:06.518072+05:30,BANKNIFTY,29-Sep-2026,61400.0,CE,55437.05,1.1,600,8.7,600,0.0,4.8999999999999995,13,0,0,0,30.05,0.0021904870766078187,3.5132716472704174e-06,-1.3547120108918522,0.44908400480273464,0.06610065878886756,-0.0019970953705974485,12.283523073490704,5.12258553850681e-09,8.44031316301578e-05,-2.551511658234183e-06,-0.4156667593485808,97.11506489338562,-0.0019573896825855323,2.864014499778067e-06,0.013841117514205987,55583.2,0.19021979502344927,0.0069,index_dividend_yield,0.065,12.82,30,55710.6,55918.4,55341.2,56548.9,mid_price,wide_quote_low_liquidity
2026-09-24T08:45:06.518072+00:00,2026-09-24T14:15:06.518072+05:30,BANKNIFTY,29-Sep-2026,61400.0,PE,55437.05,5291.2,300,6163.5,300,0.0,5727.35,0,0,0,0,0,,,,,,,,,,,,,,,0.013841117514205987,,,,,,12.82,30,55710.6,55918.4,55341.2,56548.9,mid_price,no_price_available
2026-09-24T08:45:06.518072+00:00,2026-09-24T14:15:06.518072+05:30,BANKNIFTY,29-Sep-2026,61500.0,CE,55437.05,2.9,180,3.1,90,3,3.0,7165,-147,3283,39.53488372093023,33.16,0.004392103257972143,5.95569834422309e-06,-2.795249904684808,0.840076032149139,0.10329822839274258,-0.0034405999060107217,17.653284835099537,7.174591136619044e-09,0.00010719075526778272,-3.5757415591417294e-06,-0.6712106237123995,82.99804753349798,-0.003911408482988929,4.839301548300232e-06,0.013841117514205987,55583.2,0.19021979502344927,0.0069,index_dividend_yield,0.065,12.82,30,55710.6,55918.4,55341.2,56548.9,mid_price,ok
2026-09-24T08:45:06.518072+00:00,2026-09-24T14:15:06.518072+05:30,BANKNIFTY,29-Sep-2026,61500.0,PE,55437.05,5878.45,30,5958.75,30,5717.35,5918.6,355,-6,7,19.149933832800176,0,,,,,,,,,,,,,,,0.013841117514205987,,,,,,12.82,30,55710.6,55918.4,55341.2,56548.9,mid_price,no_price_available
2026-09-24T08:45:06.518072+00:00,2026-09-24T14:15:06.518072+05:30,BANKNIFTY,29-Sep-2026,61600.0,CE,55437.05,1.5,30,8.7,600,1.2,5.1,306,1,48,-14.285714285714286,30.78,0.0020476766884016022,3.2264995783083847e-06,-1.3047615991228076,0.42244639452479804,0.06117321302043081,-0.0018923703634190264,11.453158573932448,4.624619625149077e-09,7.699115792190459e-05,-2.3826664476716954e-06,-0.3962077667931886,95.35042135097314,-0.0018234842364745964,2.6131865373755837e-06,0.013841117514205987,55583.2,0.19021979502344927,0.0069,index_dividend_yield,0.065,12.82,30,55710.6,55918.4,55341.2,56548.9,mid_price,wide_quote_low_liquidity
2026-09-24T08:45:06.518072+00:00,2026-09-24T14:15:06.518072+05:30,BANKNIFTY,29-Sep-2026,61600.0,PE,55437.05,5465.45,300,6556.3,300,0.0,6010.875,0,0,0,0,0,,,,,,,,,,,,,,,0.013841117514205987,,,,,,12.82,30,55710.6,55918.4,55341.2,56548.9,mid_price,no_price_available
2026-09-24T08:45:06.518072+00:00,2026-09-24T14:15:06.518072+05:30,BANKNIFTY,29-Sep-2026,61700.0,CE,55437.05,0.9,1200,9.4,450,0.0,5.15,0,0,0,0,0,,,,,,,,,,,,,,,0.013841117514205987,55583.2,0.19021979502344927,0.0069,index_dividend_yield,0.065,12.82,30,55710.6,55918.4,55341.2,56548.9,mid_price,no_nse_iv
2026-09-24T08:45:06.518072+00:00,2026-09-24T14:15:06.518072+05:30,BANKNIFTY,29-Sep-2026,61700.0,PE,55437.05,5734.05,300,6832.45,300,0.0,6283.25,0,0,0,0,0,,,,,,,,,,,,,,,0.013841117514205987,55583.2,0.19021979502344927,0.0069,index_dividend_yield,0.065,12.82,30,55710.6,55918.4,55341.2,56548.9,mid_price,no_nse_iv
2026-09-24T08:45:06.518072+00:00,2026-09-24T14:15:06.518072+05:30,BANKNIFTY,29-Sep-2026,61800.0,CE,55437.05,0.9,1200,8.7,1200,0.0,4.8,24,0,0,0,30.79,0.001541882975824547,2.4917363745045816e-06,-1.007936320757367,0.3263496570838068,0.04868197151020428,-0.0015063732402258332,9.395586260577488,3.6875567715954407e-09,6.364270677610751e-05,-1.969282724099044e-06,-0.3231242733305819,97.46396389243168,-0.001368938960346481,2.005050732147671e-06,0.013841117514205987,55583.2,0.19021979502344927,0.0069,index_dividend_yield,0.065,12.82,30,55710.6,55918.4,55341.2,56548.9,mid_price,wide_quote_low_liquidity
2026-09-24T08:45:06.518072+00:00,2026-09-24T14:15:06.518072+05:30,BANKNIFTY,29-Sep-2026,61800.0,PE,55437.05,5650.3,300,6635.4,300,0.0,6142.85,0,0,0,0,0,,,,,,,,,,,,,,,0.013841117514205987,,,,,,12.82,30,55710.6,55918.4,55341.2,56548.9,mid_price,no_price_available
2026-09-24T08:45:06.518072+00:00,2026-09-24T14:15:06.518072+05:30,BANKNIFTY,29-Sep-2026,61900.0,CE,55437.05,0.9,1200,9.35,600,0.0,5.125,0,0,0,0,0,,,,,,,,,,,,,,,0.013841117514205987,55583.2,0.19021979502344927,0.0069,index_dividend_yield,0.065,12.82,30,55710.6,55918.4,55341.2,56548.9,mid_price,no_nse_iv
2026-09-24T08:45:06.518072+00:00,2026-09-24T14:15:06.518072+05:30,BANKNIFTY,29-Sep-2026,61900.0,PE,55437.05,5759.35,300,6734.15,300,0.0,6246.75,0,0,0,0,0,,,,,,,,,,,,,,,0.013841117514205987,,,,,,12.82,30,55710.6,55918.4,55341.2,56548.9,mid_price,no_price_available
2026-09-24T08:45:06.518072+00:00,2026-09-24T14:15:06.518072+05:30,BANKNIFTY,29-Sep-2026,62000.0,CE,55437.05,2.25,300,2.4,5100,2.4,2.325,8911,-375,6463,71.42857142857143,34.59,0.0033708617055052546,4.5039687649588305e-06,-2.2980205806590215,0.6627005205427693,0.08078299583584646,-0.0028042323225887303,14.274423108368572,5.37923016171366e-09,8.399237790524248e-05,-2.9184283259469185e-06,-0.5611899086020111,81.49630379668187,-0.002977058609137886,3.600909568055672e-06,0.013841117514205987,55583.2,0.19021979502344927,0.0069,index_dividend_yield,0.065,12.82,30,55710.6,55918.4,55341.2,56548.9,mid_price,ok
2026-09-24T08:45:06.518072+00:00,2026-09-24T14:15:06.518072+05:30,BANKNIFTY,29-Sep-2026,62000.0,PE,55437.05,6404.85,30,6446.15,90,6450,6425.5,2389,-171,305,21.123348638066535,0,,,,,,,,,,,,,,,0.013841117514205987,,,,,,12.82,30,55710.6,55918.4,55341.2,56548.9,mid_price,no_price_available
2026-09-24T08:45:06.518072+00:00,2026-09-24T14:15:06.518072+05:30,BANKNIFTY,29-Sep-2026,62100.0,CE,55437.05,0.95,300,8.55,30,2.15,4.75,9,8,16,-46.25,34.81,0.003154145975633565,4.215847154849838e-06,-2.178103655737171,0.6242524566951205,0.07622659651631744,-0.002662531178487782,13.57853111030749,5.0447843980409755e-09,7.95896042779361e-05,-2.782307169850563e-06,-0.5361628115080819,81.45261704117834,-0.002781156537244041,3.3597106852414835e-06,0.013841117514205987,55583.2,0.19021979502344927,0.0069,index_dividend_yield,0.065,12.82,30,55710.6,55918.4,55341.2,56548.9,mid_price,wide_quote_low_liquidity
2026-09-24T08:45:06.518072+00:00,2026-09-24T14:15:06.518072+05:30,BANKNIFTY,29-Sep-2026,62100.0,PE,55437.05,5943,300,6727.2,300,0.0,6335.1,0,0,0,0,0,,,,,,,,,,,,,,,0.013841117514205987,,,,,,12.82,30,55710.6,55918.4,55341.2,56548.9,mid_price,no_price_available
2026-09-24T08:45:06.518072+00:00,2026-09-24T14:15:06.518072+05:30,BANKNIFTY,29-Sep-2026,62200.0,CE,55437.05,2,30,8.65,30,2,5.325,42,42,42,-99.8142817346086,35.01,0.0029387561610422705,3.9330394926124065e-06,-2.0550805056316706,0.5857223521388244,0.07171510464941411,-0.002519031120528037,12.883517566003698,4.720327309463908e-09,7.527583592754603e-05,-2.6459610793201222e-06,-0.5106045131454164,81.48257392990634,-0.002587083211389356,3.124264266752343e-06,0.013841117514205987,55583.2,0.19021979502344927,0.0069,index_dividend_yield,0.065,12.82,30,55710.6,55918.4,55341.2,56548.9,mid_price,wide_quote_low_liquidity
2026-09-24T08:45:06.518072+00:00,2026-09-24T14:15:06.518072+05:30,BANKNIFTY,29-Sep-2026,62200.0,PE,55437.05,6151.15,750,6823.15,300,0.0,6487.15,0,0,0,0,0,,,,,,,,,,,,,,,0.013841117514205987,,,,,,12.82,30,55710.6,55918.4,55341.2,56548.9,mid_price,no_price_available
2026-09-24T08:45:06.518072+00:00,2026-09-24T14:15:06.518072+05:30,BANKNIFTY,29-Sep-2026,62300.0,CE,55437.05,1.05,300,8.65,30,1.9,4.8500000000000005,0,0,23,-99.81930575368521,35.27,0.0027801671017135057,3.7135270407673834e-06,-1.9689951508574097,0.557138832807744,0.0681584667066536,-0.0024115666028567957,12.325048926425552,4.453379599941754e-09,7.162093838668941e-05,-2.5355909746745868e-06,-0.49131793724880984,81.26832708230037,-0.0024434635056771116,2.940429161027804e-06,0.013841117514205987,55583.2,0.19021979502344927,0.0069,index_dividend_yield,0.065,12.82,30,55710.6,55918.4,55341.2,56548.9,mid_price,wide_quote_low_liquidity
2026-09-24T08:45:06.518072+00:00,2026-09-24T14:15:06.518072+05:30,BANKNIFTY,29-Sep-2026,62300.0,PE,55437.05,6123.55,300,7234.15,300,0.0,6678.85,0,0,0,0,0,,,,,,,,,,,,,,,0.013841117514205987,,,,,,12.82,30,55710.6,55918.4,55341.2,56548.9,mid_price,no_price_available
2026-09-24T08:45:06.518072+00:00,2026-09-24T14:15:06.518072+05:30,BANKNIFTY,29-Sep-2026,62400.0,CE,55437.05,0.9,1200,9.35,570,0.0,5.125,0,0,0,0,0,,,,,,,,,,,,,,,0.013841117514205987,55583.2,0.19021979502344927,0.0069,index_dividend_yield,0.065,12.82,30,55710.6,55918.4,55341.2,56548.9,mid_price,no_nse_iv
2026-09-24T08:45:06.518072+00:00,2026-09-24T14:15:06.518072+05:30,BANKNIFTY,29-Sep-2026,62400.0,PE,55437.05,6202.5,300,7253.35,300,0.0,6727.925,0,0,0,0,0,,,,,,,,,,,,,,,0.013841117514205987,,,,,,12.82,30,55710.6,55918.4,55341.2,56548.9,mid_price,no_price_available
2026-09-24T08:45:06.518072+00:00,2026-09-24T14:15:06.518072+05:30,BANKNIFTY,29-Sep-2026,62500.0,CE,55437.05,1.5,360,1.7,90,1.95,1.6,1477,-163,1427,34.48275862068966,36.25,0.002788202603811568,3.622555572577506e-06,-2.0283055111107475,0.5585916599441283,0.06649375122843876,-0.002417140713156232,12.01995387102317,4.2211711938396735e-09,6.795714530568837e-05,-2.4716866309186856e-06,-0.49232155124458055,79.07740852102631,-0.0024418410179056055,2.850068155291209e-06,0.013841117514205987,55583.2,0.19021979502344927,0.0069,index_dividend_yield,0.065,12.82,30,55710.6,55918.4,55341.2,56548.9,mid_price,ok
2026-09-24T08:45:06.518072+00:00,2026-09-24T14:15:06.518072+05:30,BANKNIFTY,29-Sep-2026,62500.0,PE,55437.05,6773.35,300,7198.1,780,6750,6985.725,104,-1,1,12.5,0,,,,,,,,,,,,,,,0.013841117514205987,,,,,,12.82,30,55710.6,55918.4,55341.2,56548.9,mid_price,no_price_available
2026-09-24T08:45:06.518072+00:00,2026-09-24T14:15:06.518072+05:30,BANKNIFTY,29-Sep-2026,62600.0,CE,55437.05,0.7,1200,8.7,600,0.0,4.699999999999999,1,0,0,0,27.15,8.386263233101468e-05,1.8945941758527717e-07,-0.059527837102366546,0.021880508540526335,0.004690725959383839,-0.00012874615159460786,1.1512315670378028,4.166158671954934e-10,9.26984693648844e-06,-2.536236763325116e-07,-0.033791597094320884,132.9524291782972,-7.37081280882992e-05,1.4858253212264894e-07,0.013841117514205987,55583.2,0.19021979502344927,0.0069,index_dividend_yield,0.065,12.82,30,55710.6,55918.4,55341.2,56548.9,mid_price,wide_quote_low_liquidity
2026-09-24T08:45:06.518072+00:00,2026-09-24T14:15:06.518072+05:30,BANKNIFTY,29-Sep-2026,62600.0,PE,55437.05,6347.45,300,7813.5,300,0.0,7080.475,0,0,0,0,0,,,,,,,,,,,,,,,0.013841117514205987,,,,,,12.82,30,55710.6,55918.4,55341.2,56548.9,mid_price,no_price_available
2026-09-24T08:45:06.518072+00:00,2026-09-24T14:15:06.518072+05:30,BANKNIFTY,29-Sep-2026,62700.0,CE,55437.05,0.95,600,4.45,30,4.5,2.7,63,63,79,-99.53012425603008,40.45,0.005442530774427333,5.9104639094497015e-06,-4.118550367208818,1.0169778065005366,0.09999213834348784,-0.0040521679418861764,16.60594595547682,5.628401194193576e-09,8.189797104227622e-05,-3.3237001369686416e-06,-0.7736707649192625,66.87054616214557,-0.004740125699820985,4.620475927099873e-06,0.013841117514205987,55583.2,0.19021979502344927,0.0069,index_dividend_yield,0.065,12.82,30,55710.6,55918.4,55341.2,56548.9,mid_price,wide_quote_low_liquidity
2026-09-24T08:45:06.518072+00:00,2026-09-24T14:15:06.518072+05:30,BANKNIFTY,29-Sep-2026,62700.0,PE,55437.05,6449.95,300,7974.55,300,0.0,7212.25,0,0,0,0,0,,,,,,,,,,,,,,,0.013841117514205987,,,,,,12.82,30,55710.6,55918.4,55341.2,56548.9,mid_price,no_price_available
2026-09-24T08:45:06.518072+00:00,2026-09-24T14:15:06.518072+05:30,BANKNIFTY,29-Sep-2026,62800.0,CE,55437.05,0.7,1200,8.6,570,0.0,4.6499999999999995,0,0,0,0,0,,,,,,,,,,,,,,,0.013841117514205987,55583.2,0.19021979502344927,0.0069,index_dividend_yield,0.065,12.82,30,55710.6,55918.4,55341.2,56548.9,mid_price,no_nse_iv
2026-09-24T08:45:06.518072+00:00,2026-09-24T14:15:06.518072+05:30,BANKNIFTY,29-Sep-2026,62800.0,PE,55437.05,6536.85,300,8084.35,300,0.0,7310.6,0,0,0,0,0,,,,,,,,,,,,,,,0.013841117514205987,,,,,,12.82,30,55710.6,55918.4,55341.2,56548.9,mid_price,no_price_available
2026-09-24T08:45:06.518072+00:00,2026-09-24T14:15:06.518072+05:30,BANKNIFTY,29-Sep-2026,62900.0,CE,55437.05,0.7,1200,8.35,570,0.0,4.5249999999999995,0,0,0,0,0,,,,,,,,,,,,,,,0.013841117514205987,55583.2,0.19021979502344927,0.0069,index_dividend_yield,0.065,12.82,30,55710.6,55918.4,55341.2,56548.9,mid_price,no_nse_iv
2026-09-24T08:45:06.518072+00:00,2026-09-24T14:15:06.518072+05:30,BANKNIFTY,29-Sep-2026,62900.0,PE,55437.05,6662.25,300,8107.5,300,0.0,7384.875,0,0,0,0,0,,,,,,,,,,,,,,,0.013841117514205987,,,,,,12.82,30,55710.6,55918.4,55341.2,56548.9,mid_price,no_price_available
2026-09-24T08:45:06.518072+00:00,2026-09-24T14:15:06.518072+05:30,BANKNIFTY,29-Sep-2026,63000.0,CE,55437.05,0.75,2910,0.8,240,0.8,0.775,6897,-228,4906,-5.882352941176471,35.48,0.001248684127342331,1.7834630432227564e-06,-0.9560429333863327,0.2691653210789474,0.03565732585679893,-0.00126902997580188,7.031629034205899,2.3287756557618086e-09,4.156338370846132e-05,-1.4784153540316385e-06,-0.27698363353637157,86.06389315934688,-0.001086016494098548,1.3809668045802443e-06,0.013841117514205987,55583.2,0.19021979502344927,0.0069,index_dividend_yield,0.065,12.82,30,55710.6,55918.4,55341.2,56548.9,mid_price,ok
2026-09-24T08:45:06.518072+00:00,2026-09-24T14:15:06.518072+05:30,BANKNIFTY,29-Sep-2026,63000.0,PE,55437.05,7410.1,30,7464.2,30,7400,7437.15,1684,-26,78,16.48223645894001,0,,,,,,,,,,,,,,,0.013841117514205987,,,,,,12.82,30,55710.6,55918.4,55341.2,56548.9,mid_price,no_price_available
2026-09-24T08:45:06.518072+00:00,2026-09-24T14:15:06.518072+05:30,BANKNIFTY,29-Sep-2026,63100.0,CE,55437.05,0.75,300,7.55,30,2.1,4.15,23,22,42,-30,39.14,0.002791989803646669,3.359186777086991e-06,-2.1907338804490064,0.5592762190514675,0.061724166787166954,-0.0024202495372411897,11.156005147004155,3.6150084126573583e-09,5.842327345106112e-05,-2.291729795673359e-06,-0.49288149489987154,73.29928149650164,-0.0024194622163845594,2.592839638220339e-06,0.013841117514205987,55583.2,0.19021979502344927,0.0069,index_dividend_yield,0.065,12.82,30,55710.6,55918.4,55341.2,56548.9,mid_price,wide_quote_low_liquidity
2026-09-24T08:45:06.518072+00:00,2026-09-24T14:15:06.518072+05:30,BANKNIFTY,29-Sep-2026,63100.0,PE,55437.05,6851.1,300,7765.3,300,0.0,7308.200000000001,0,0,0,0,0,,,,,,,,,,,,,,,0.013841117514205987,,,,,,12.82,30,55710.6,55918.4,55341.2,56548.9,mid_price,no_price_available
2026-09-24T08:45:06.518072+00:00,2026-09-24T14:15:06.518072+05:30,BANKNIFTY,29-Sep-2026,63200.0,CE,55437.05,0.75,300,7.55,30,1.3,4.15,28,0,30,-66.66666666666667,37.85,0.0018491408387048356,2.39167791179095e-06,-1.458571203789198,0.3850702404672559,0.045975281939592515,-0.0017439554968222415,8.703999435622917,2.7973273354418233e-09,4.7741143899279254e-05,-1.8106981793690556e-06,-0.3683708374734112,78.3465239591357,-0.0016013051187527259,1.840215819649638e-06,0.013841117514205987,55583.2,0.19021979502344927,0.0069,index_dividend_yield,0.065,12.82,30,55710.6,55918.4,55341.2,56548.9,mid_price,wide_quote_low_liquidity
2026-09-24T08:45:06.518072+00:00,2026-09-24T14:15:06.518072+05:30,BANKNIFTY,29-Sep-2026,63200.0,PE,55437.05,6946.3,300,7933.6,300,0.0,7439.950000000001,0,0,0,0,0,,,,,,,,,,,,,,,0.013841117514205987,,,,,,12.82,30,55710.6,55918.4,55341.2,56548.9,mid_price,no_price_available
2026-09-24T08:45:06.518072+00:00,2026-09-24T14:15:06.518072+05:30,BANKNIFTY,29-Sep-2026,63300.0,CE,55437.05,0.75,300,7.7,600,2.1,4.225,18,1,2,0,40.01,0.0027413205678315476,3.232275099232113e-06,-2.202139208834977,0.5501083633087359,0.05953935996191742,-0.002385819481584531,10.784263099417323,3.4079059503208878e-09,5.528587987122955e-05,-2.216105870262462e-06,-0.4866785485168562,71.83595953184975,-0.0023673807422140846,2.479140386262713e-06,0.013841117514205987,55583.2,0.19021979502344927,0.0069,index_dividend_yield,0.065,12.82,30,55710.6,55918.4,55341.2,56548.9,mid_price,wide_quote_low_liquidity
2026-09-24T08:45:06.518072+00:00,2026-09-24T14:15:06.518072+05:30,BANKNIFTY,29-Sep-2026,63300.0,PE,55437.05,7034.25,300,8273.2,300,0.0,7653.725,0,0,0,0,0,,,,,,,,,,,,,,,0.013841117514205987,,,,,,12.82,30,55710.6,55918.4,55341.2,56548.9,mid_price,no_price_available
2026-09-24T08:45:06.518072+00:00,2026-09-24T14:15:06.518072+05:30,BANKNIFTY,29-Sep-2026,63400.0,CE,55437.05,0.7,1200,7.7,600,0.0,4.2,1,0,0,0,29.2,5.5235516076970365e-05,1.1886627087269198e-07,-0.043151047767055944,0.014764300272167363,0.003024786373249022,-8.932201049928034e-05,0.7627102001028724,2.487965384590276e-10,5.733078455692867e-06,-1.686807987254271e-07,-0.024005899134933405,126.42306323188137,-4.7915978836176336e-05,9.088251693291522e-08,0.013841117514205987,55583.2,0.19021979502344927,0.0069,index_dividend_yield,0.065,12.82,30,55710.6,55918.4,55341.2,56548.9,mid_price,wide_quote_low_liquidity
2026-09-24T08:45:06.518072+00:00,2026-09-24T14:15:06.518072+05:30,BANKNIFTY,29-Sep-2026,63400.0,PE,55437.05,7123.9,300,8118.6,300,0.0,7621.25,0,0,0,0,0,,,,,,,,,,,,,,,0.013841117514205987,,,,,,12.82,30,55710.6,55918.4,55341.2,56548.9,mid_price,no_price_available
2026-09-24T08:45:06.518072+00:00,2026-09-24T14:15:06.518072+05:30,BANKNIFTY,29-Sep-2026,63500.0,CE,55437.05,0.85,180,1.7,120,1.25,1.275,976,-2,393,4.166666666666667,38.37,0.0014998416754119157,1.9497083706483705e-06,-1.221502048372105,0.3182239301787476,0.03831326441242815,-0.0014731123196022313,7.41574678694093,2.3011816836356467e-09,4.035314556599889e-05,-1.5508704981378294e-06,-0.31671770892580564,78.56151326210917,-0.001292731219176149,1.4860123863970207e-06,0.013841117514205987,55583.2,0.19021979502344927,0.0069,index_dividend_yield,0.065,12.82,30,55710.6,55918.4,55341.2,56548.9,mid_price,wide_quote_low_liquidity
2026-09-24T08:45:06.518072+00:00,2026-09-24T14:15:06.518072+05:30,BANKNIFTY,29-Sep-2026,63500.0,PE,55437.05,7276.75,300,8557.1,300,0.0,7916.925,3,0,0,0,0,,,,,,,,,,,,,,,0.013841117514205987,,,,,,12.82,30,55710.6,55918.4,55341.2,56548.9,mid_price,no_price_available
2026-09-24T08:45:06.518072+00:00,2026-09-24T14:15:06.518072+05:30,BANKNIFTY,29-Sep-2026,63600.0,CE,55437.05,0.7,1200,9.4,450,0.0,5.05,0,0,0,0,0,,,,,,,,,,,,,,,0.013841117514205987,55583.2,0.19021979502344927,0.0069,index_dividend_yield,0.065,12.82,30,55710.6,55918.4,55341.2,56548.9,mid_price,no_nse_iv
2026-09-24T08:45:06.518072+00:00,2026-09-24T14:15:06.518072+05:30,BANKNIFTY,29-Sep-2026,63600.0,PE,55437.05,6854.35,300,8921.9,300,0.0,7888.125,0,0,0,0,0,,,,,,,,,,,,,,,0.013841117514205987,,,,,,12.82,30,55710.6,55918.4,55341.2,56548.9,mid_price,no_price_available
2026-09-24T08:45:06.518072+00:00,2026-09-24T14:15:06.518072+05:30,BANKNIFTY,29-Sep-2026,63700.0,CE,55437.05,0.75,300,7.7,600,1.7,4.225,1,1,3,-99.77185801516474,40.91,0.002213935590306547,2.6056612776211114e-06,-1.8551532131712918,0.4534389451092705,0.04918324369319687,-0.0020145870504595475,9.128960586200218,2.7542409841276205e-09,4.60892583076454e-05,-1.887823913360989e-06,-0.41890298840229234,71.52219986107984,-0.0018998120968573137,1.973509939881699e-06,0.013841117514205987,55583.2,0.19021979502344927,0.0069,index_dividend_yield,0.065,12.82,30,55710.6,55918.4,55341.2,56548.9,mid_price,wide_quote_low_liquidity
2026-09-24T08:45:06.518072+00:00,2026-09-24T14:15:06.518072+05:30,BANKNIFTY,29-Sep-2026,63700.0,PE,55437.05,6981.85,300,8456.95,300,0.0,7719.400000000001,0,0,0,0,0,,,,,,,,,,,,,,,0.013841117514205987,,,,,,12.82,30,55710.6,55918.4,55341.2,56548.9,mid_price,no_price_available
2026-09-24T08:45:06.518072+00:00,2026-09-24T14:15:06.518072+05:30,BANKNIFTY,29-Sep-2026,63800.0,CE,55437.05,0.7,1200,7.7,600,0.0,4.2,30,0,0,0,38.78,0.0011859548106002663,1.5565166392827664e-06,-0.9957948820148808,0.2567633020009805,0.0313171650156151,-0.0012169728271989714,6.207547027467925,1.8629138740465483e-09,3.361628943225329e-05,-1.3053400930146461e-06,-0.26672450276204357,79.12151027995617,-0.0010174747404982675,1.1752023034295948e-06,0.013841117514205987,55583.2,0.19021979502344927,0.0069,index_dividend_yield,0.065,12.82,30,55710.6,55918.4,55341.2,56548.9,mid_price,wide_quote_low_liquidity
2026-09-24T08:45:06.518072+00:00,2026-09-24T14:15:06.518072+05:30,BANKNIFTY,29-Sep-2026,63800.0,PE,55437.05,7060.4,300,8545.7,300,0.0,7803.05,0,0,0,0,0,,,,,,,,,,,,,,,0.013841117514205987,,,,,,12.82,30,55710.6,55918.4,55341.2,56548.9,mid_price,no_price_available
2026-09-24T08:45:06.518072+00:00,2026-09-24T14:15:06.518072+05:30,BANKNIFTY,29-Sep-2026,63900.0,CE,55437.05,0.7,1200,6.45,600,0.0,3.575,71,0,0,0,38.23,0.000909126174932911,1.2372651746402164e-06,-0.7692003314473729,0.20120486001366428,0.025527894733469513,-0.0009782847406456744,5.191873071389491,1.5441890835918892e-09,2.8689359351722786e-05,-1.0982871133195011e-06,-0.21896106181025243,81.8044876397955,-0.0007790794832747954,9.312393015678325e-07,0.013841117514205987,55583.2,0.19021979502344927,0.0069,index_dividend_yield,0.065,12.82,30,55710.6,55918.4,55341.2,56548.9,mid_price,wide_quote_low_liquidity
2026-09-24T08:45:06.518072+00:00,2026-09-24T14:15:06.518072+05:30,BANKNIFTY,29-Sep-2026,63900.0,PE,55437.05,7140.95,300,8659.75,300,0.0,7900.35,0,0,0,0,0,,,,,,,,,,,,,,,0.013841117514205987,,,,,,12.82,30,55710.6,55918.4,55341.2,56548.9,mid_price,no_price_available
2026-09-24T08:45:06.518072+00:00,2026-09-24T14:15:06.518072+05:30,BANKNIFTY,29-Sep-2026,64000.0,CE,55437.05,0.85,300,1.4,60,0.85,1.125,1345,-25,341,-10.526315789473685,39.68,0.0011975579515151199,1.5348322448615614e-06,-1.027791000030601,0.2590621453939287,0.03086205146112344,-0.00122679619827572,6.111434550196054,1.7919020901960652e-09,3.2339081217735624e-05,-1.284522301788843e-06,-0.2686645960463906,77.29278066993889,-0.0010239085959434697,1.151598764831308e-06,0.013841117514205987,55583.2,0.19021979502344927,0.0069,index_dividend_yield,0.065,12.82,30,55710.6,55918.4,55341.2,56548.9,mid_price,wide_quote_low_liquidity
2026-09-24T08:45:06.518072+00:00,2026-09-24T14:15:06.518072+05:30,BANKNIFTY,29-Sep-2026,64000.0,PE,55437.05,8385.1,30,8489.6,90,0.0,8437.35,116,0,0,0,0,,,,,,,,,,,,,,,0.013841117514205987,,,,,,12.82,30,55710.6,55918.4,55341.2,56548.9,mid_price,no_price_available
2026-09-24T08:45:06.518072+00:00,2026-09-24T14:15:06.518072+05:30,BANKNIFTY,29-Sep-2026,64100.0,CE,55437.05,0.45,600,7.7,600,0.0,4.075,5,0,0,0,40.29,0.0012533027672086677,1.5758587538188562e-06,-1.0878307846526867,0.2700759644350159,0.03155305874955896,-0.0012732957351000935,6.219991164555211,1.8023116790609353e-09,3.238106151060682e-05,-1.3057501429970516e-06,-0.27782225347486156,75.8808448839657,-0.0010696375954158696,1.1786950325910873e-06,0.013841117514205987,55583.2,0.19021979502344927,0.0069,index_dividend_yield,0.065,12.82,30,55710.6,55918.4,55341.2,56548.9,mid_price,wide_quote_low_liquidity
2026-09-24T08:45:06.518072+00:00,2026-09-24T14:15:06.518072+05:30,BANKNIFTY,29-Sep-2026,64100.0,PE,55437.05,7795.15,300,8849.35,300,0.0,8322.25,0,0,0,0,0,,,,,,,,,,,,,,,0.013841117514205987,,,,,,12.82,30,55710.6,55918.4,55341.2,56548.9,mid_price,no_price_available
2026-09-24T08:45:06.518072+00:00,2026-09-24T14:15:06.518072+05:30,BANKNIFTY,29-Sep-2026,64200.0,CE,55437.05,0.65,570,7.7,600,1,4.175,382,9,26,-20,39.6,0.0009370664165145601,1.228147175895269e-06,-0.8189599027243456,0.2068792721215333,0.025281049463729707,-0.0010031270405579777,5.126949302078576,1.4732490134402293e-09,2.7334473501762565e-05,-1.0834558124990823e-06,-0.22399152638495326,78.83708785986764,-0.0007988982371992835,9.157577052700085e-07,0.013841117514205987,55583.2,0.19021979502344927,0.0069,index_dividend_yield,0.065,12.82,30,55710.6,55918.4,55341.2,56548.9,mid_price,wide_quote_low_liquidity
2026-09-24T08:45:06.518072+00:00,2026-09-24T14:15:06.518072+05:30,BANKNIFTY,29-Sep-2026,64200.0,PE,55437.05,7891.25,300,8971.95,300,0.0,8431.6,0,0,0,0,0,,,,,,,,,,,,,,,0.013841117514205987,,,,,,12.82,30,55710.6,55918.4,55341.2,56548.9,mid_price,no_price_available
2026-09-24T08:45:06.518072+00:00,2026-09-24T14:15:06.518072+05:30,BANKNIFTY,29-Sep-2026,64500.0,CE,55437.05,0.55,600,0.85,30,0.75,0.7,1974,16,739,15.384615384615385,41.23,0.001032270303106526,1.2891657432639757e-06,-0.9315722678959555,0.22609630820783308,0.02631178584857057,-0.0010864412870753748,5.286740095602719,1.468651583364539e-09,2.7016968034998607e-05,-1.1144445718745963e-06,-0.24075822762723004,75.23358385539524,-0.0008754321828232014,9.523345731858438e-07,0.013841117514205987,55583.2,0.19021979502344927,0.0069,index_dividend_yield,0.065,12.82,30,55710.6,55918.4,55341.2,56548.9,mid_price,wide_quote_low_liquidity
2026-09-24T08:45:06.518072+00:00,2026-09-24T14:15:06.518072+05:30,BANKNIFTY,29-Sep-2026,64500.0,PE,55437.05,8366.8,300,9567.8,330,0.0,8967.3,18,0,0,0,58.88,,,,,,,,,,,,,,,0.013841117514205987,,,,,,12.82,30,55710.6,55918.4,55341.2,56548.9,mid_price,no_price_available
2026-09-24T08:45:06.518072+00:00,2026-09-24T14:15:06.518072+05:30,BANKNIFTY,29-Sep-2026,65000.0,CE,55437.05,0.7,150,1,870,0.65,0.85,3715,47,836,-23.529411764705884,44.2,0.0012684707251118203,1.4523495711853753e-06,-1.2055314578990266,0.27306422769342115,0.029088990244802635,-0.001286516500095817,5.727355938267981,1.5071584606996777e-09,2.7175939595062345e-05,-1.2008913767906744e-06,-0.2804187510240842,69.18981404542835,-0.0010662144071609935,1.0564395980738111e-06,0.013841117514205987,55583.2,0.19021979502344927,0.0069,index_dividend_yield,0.065,12.82,30,55710.6,55918.4,55341.2,56548.9,mid_price,wide_quote_low_liquidity
2026-09-24T08:45:06.518072+00:00,2026-09-24T14:15:06.518072+05:30,BANKNIFTY,29-Sep-2026,65000.0,PE,55437.05,9400.6,60,9451.25,30,9450.65,9425.925,1963,-19,35,13.835822693326909,65.05,,,,,,,,,,,,,,,0.013841117514205987,,,,,,12.82,30,55710.6,55918.4,55341.2,56548.9,mid_price,no_price_available
2026-09-24T08:45:06.518072+00:00,2026-09-24T14:15:06.518072+05:30,BANKNIFTY,29-Sep-2026,65500.0,CE,55437.05,0.45,90,0.5,2910,0.45,0.475,1619,-861,2526,-57.142857142857146,43.32,0.0006154436912317126,7.622160503977529e-07,-0.6075374502463955,0.1404552306773994,0.01631901510572699,-0.0007080387916774796,3.439464757440891,8.672650685653478e-10,1.6905340994017773e-05,-7.322744857068046e-07,-0.16320321781859218,74.27871032004512,-0.0005138786786991914,5.460038606448981e-07,0.013841117514205987,55583.2,0.19021979502344927,0.0069,index_dividend_yield,0.065,12.82,30,55710.6,55918.4,55341.2,56548.9,mid_price,ok
2026-09-24T08:45:06.518072+00:00,2026-09-24T14:15:06.518072+05:30,BANKNIFTY,29-Sep-2026,65500.0,PE,55437.05,9096.25,300,10315.55,300,0.0,9705.9,0,0,0,0,0,,,,,,,,,,,,,,,0.013841117514205987,,,,,,12.82,30,55710.6,55918.4,55341.2,56548.9,mid_price,no_price_available
2026-09-24T08:45:06.518072+00:00,2026-09-24T14:15:06.518072+05:30,BANKNIFTY,29-Sep-2026,66000.0,CE,55437.05,0.5,300,0.6,480,0.6,0.55,2318,-59,1349,33.333333333333336,46.15,0.0007614296256789078,8.706763573713107e-07,-0.7872978733139759,0.17092273625357962,0.01831159044865505,-0.0008456613808403674,3.786188056840556,9.093263850718975e-10,1.739988403187389e-05,-8.023681789217775e-07,-0.19184749697717238,68.77608256204772,-0.0006302675893787627,6.142838596214514e-07,0.013841117514205987,55583.2,0.19021979502344927,0.0069,index_dividend_yield,0.065,12.82,30,55710.6,55918.4,55341.2,56548.9,mid_price,wide_quote_low_liquidity
2026-09-24T08:45:06.518072+00:00,2026-09-24T14:15:06.518072+05:30,BANKNIFTY,29-Sep-2026,66000.0,PE,55437.05,10393.25,30,10426.85,30,10433.95,10410.05,347,-30,35,12.61744531810749,0,,,,,,,,,,,,,,,0.013841117514205987,,,,,,12.82,30,55710.6,55918.4,55341.2,56548.9,mid_price,no_price_available
2026-09-24T08:45:06.518072+00:00,2026-09-24T14:15:06.518072+05:30,BANKNIFTY,29-Sep-2026,67500.0,CE,55437.05,0.4,2370,0.5,4890,0.4,0.45,2039,0,576,-20,50.08,0.00048603463829228983,5.300166965030159e-07,-0.5638385699244581,0.11290813940285531,0.01160621353600997,-0.0005816183741406632,2.496795116783995,5.300914103258861e-10,1.0662042612270367e-05,-5.332165683700597e-07,-0.13636183313627762,65.393515215059,-0.0003930710063499761,3.575050896100792e-07,0.013841117514205987,55583.2,0.19021979502344927,0.0069,index_dividend_yield,0.065,12.82,30,55710.6,55918.4,55341.2,56548.9,mid_price,wide_quote_low_liquidity
2026-09-24T08:45:06.518072+00:00,2026-09-24T14:15:06.518072+05:30,BANKNIFTY,29-Sep-2026,67500.0,PE,55437.05,11024.85,300,12219.65,330,0.0,11622.25,56,0,0,0,0,,,,,,,,,,,,,,,0.013841117514205987,,,,,,12.82,30,55710.6,55918.4,55341.2,56548.9,mid_price,no_price_available
2026-09-24T08:45:06.518072+00:00,2026-09-24T14:15:06.518072+05:30,BANKNIFTY,29-Sep-2026,69000.0,CE,55437.05,0.4,90,0.55,150,0.55,0.47500000000000003,851,-104,127,10,56.54,0.0005875119122179294,5.594694255233607e-07,-0.7580318118985694,0.13455614666338284,0.012083138197003943,-0.0006827819275347823,2.5571494383758995,4.851775748394419e-10,9.642732229405834e-06,-5.43818487880145e-07,-0.15788485894458934,57.310135052377625,-0.00046379155328141636,3.6114233361517563e-07,0.013841117514205987,55583.2,0.19021979502344927,0.0069,index_dividend_yield,0.065,12.82,30,55710.6,55918.4,55341.2,56548.9,mid_price,wide_quote_low_liquidity
2026-09-24T08:45:06.518072+00:00,2026-09-24T14:15:06.518072+05:30,BANKNIFTY,29-Sep-2026,69000.0,PE,55437.05,13351.2,90,13811.25,300,13223,13581.225,72,-9,11,7.504065040650406,0,,,,,,,,,,,,,,,0.013841117514205987,55583.2,0.19021979502344927,0.0069,index_dividend_yield,0.065,12.82,30,55710.6,55918.4,55341.2,56548.9,mid_price,no_nse_iv
