fetch_ts_utc,fetch_ts_ist,symbol,expiry_date,strike,option_type,underlying_value,bid_price,bid_qty,ask_price,ask_qty,ltp,mid_price,open_interest,change_in_oi,total_traded_volume,pchange_vs_prev_close,nse_iv,delta,gamma,theta,vega,vanna,charm,vomma,speed,zomma,color,veta,omega,dual_delta,dual_gamma,time_to_expiry_years,futures_price,implied_cost_of_carry,dividend_yield_used,dividend_yield_source,risk_free_rate_used,india_vix,lot_size,underlying_day_open,underlying_day_high,underlying_day_low,underlying_prev_close,price_source_for_iv,data_quality_flag
2026-09-08T08:20:09.298808+00:00,2026-09-08T13:50:09.298808+05:30,BANKNIFTY,29-Sep-2026,43500.0,CE,56758.05,12493.8,300,14074.65,300,0.0,13284.224999999999,0,0,0,0,0,,,,,,,,,,,,,,,0.057724210463977674,57098,0.10345041030174679,0.0069,index_dividend_yield,0.065,11.24,30,56990.4,57044,56720.45,57088.3,mid_price,no_nse_iv
2026-09-08T08:20:09.298808+00:00,2026-09-08T13:50:09.298808+05:30,BANKNIFTY,29-Sep-2026,43500.0,PE,56758.05,1,2580,1.05,5610,1.05,1.025,5837,-102,999,-19.23076923076923,36.25,-0.0008540972890157794,5.892475218514511e-07,-0.33377368506305694,0.39720866105290303,-0.024505188691445738,0.0002054976338437259,10.481517993682827,-3.86002533642843e-10,1.3923234948856511e-05,-1.1635630789909886e-07,-0.09733267495460646,-41.00191978315555,0.0011415909105060092,1.0031691853650173e-06,0.057724210463977674,57098,0.10345041030174679,0.0069,index_dividend_yield,0.065,11.24,30,56990.4,57044,56720.45,57088.3,mid_price,ok
2026-09-08T08:20:09.298808+00:00,2026-09-08T13:50:09.298808+05:30,BANKNIFTY,29-Sep-2026,45000.0,CE,56758.05,11941.5,30,12056,30,12100,11998.75,773,-2,3,-1.6392110001503863,54.23,0.9690476469375966,9.340897911656212e-06,-18.74145317587589,9.419788765731035,-0.221922931715135,0.002789519481829594,56.6680853574848,-2.5308126876118353e-09,3.8969002255543875e-05,-4.800099966244428e-07,-0.9309601592553314,4.585003921015652,-0.9556745207043125,1.4859990459664834e-05,0.057724210463977674,57098,0.10345041030174679,0.0069,index_dividend_yield,0.065,11.24,30,56990.4,57044,56720.45,57088.3,mid_price,ok
2026-09-08T08:20:09.298808+00:00,2026-09-08T13:50:09.298808+05:30,BANKNIFTY,29-Sep-2026,45000.0,PE,56758.05,1.45,2040,1.55,3900,1.5,1.5,6352,-65,3354,-30.232558139534884,33,-0.0013066421265593956,9.559205235788473e-07,-0.44728310322661674,0.5866089163168757,-0.038201845422256256,0.00029051244885519903,15.679016871376461,-6.593283566191793e-10,2.2652858216408024e-05,-1.7155285703437097e-07,-0.13316559633887237,-43.721512414303014,0.0016857490128197252,1.5207285204191718e-06,0.057724210463977674,57098,0.10345041030174679,0.0069,index_dividend_yield,0.065,11.24,30,56990.4,57044,56720.45,57088.3,mid_price,ok
2026-09-08T08:20:09.298808+00:00,2026-09-08T13:50:09.298808+05:30,BANKNIFTY,29-Sep-2026,46500.0,CE,56758.05,10166.25,330,10847.95,300,0.0,10507.1,1,0,0,0,65.63,0.9134050522236812,1.756823528535958e-05,-39.72481243170381,21.440923012932092,-0.28907905957875624,0.004361101099159437,53.78294745822032,-2.9875992165377943e-09,1.7300106174211798e-05,-2.4513820381499157e-07,-1.3165219619445168,4.805482376731847,-0.8828982357358575,2.6174425966953774e-05,0.057724210463977674,57098,0.10345041030174679,0.0069,index_dividend_yield,0.065,11.24,30,56990.4,57044,56720.45,57088.3,mid_price,ok
2026-09-08T08:20:09.298808+00:00,2026-09-08T13:50:09.298808+05:30,BANKNIFTY,29-Sep-2026,46500.0,PE,56758.05,4.05,120,4.4,90,4.15,4.225,792,-166,534,-5.681818181818182,31.57,-0.003359748527722897,2.3531422927095287e-06,-1.0038170942757558,1.381451700409386,-0.08453762378633659,0.000611920179203195,31.24414088559646,-1.5287779540218974e-09,4.576638481517718e-05,-3.2933692295921766e-07,-0.25895207451553315,-42.302704087635426,0.004197862154441317,3.5058813665571174e-06,0.057724210463977674,57098,0.10345041030174679,0.0069,index_dividend_yield,0.065,11.24,30,56990.4,57044,56720.45,57088.3,mid_price,ok
2026-09-08T08:20:09.298808+00:00,2026-09-08T13:50:09.298808+05:30,BANKNIFTY,29-Sep-2026,48000.0,CE,56758.05,8972.6,30,9068.2,30,9115,9020.400000000001,267,-3,5,-2.085582464564434,41.42,0.9610523632250056,1.4803745738509163e-05,-18.286863853158653,11.402357301385793,-0.3367370575785289,0.0031939875534939817,81.1668904646039,-4.895403709858775e-09,6.9639287193564e-05,-6.425057510623759e-07,-1.0358340769398922,6.056873215025875,-0.948782929267758,2.0698747897866655e-05,0.057724210463977674,57098,0.10345041030174679,0.0069,index_dividend_yield,0.065,11.24,30,56990.4,57044,56720.45,57088.3,mid_price,ok
2026-09-08T08:20:09.298808+00:00,2026-09-08T13:50:09.298808+05:30,BANKNIFTY,29-Sep-2026,48000.0,PE,56758.05,6.8,120,7.15,60,6.9,6.975,2995,-16,1361,10.4,28.82,-0.006146428224462035,4.419589900572386e-06,-1.5630043834322562,2.3685845000920525,-0.1467074366520043,0.000963113988102518,50.083895105263565,-2.903437749898283e-09,7.811660803162593e-05,-5.085982629592279e-07,-0.38500752562558915,-43.86438506123933,0.007433591943875375,6.179515561790384e-06,0.057724210463977674,57098,0.10345041030174679,0.0069,index_dividend_yield,0.065,11.24,30,56990.4,57044,56720.45,57088.3,mid_price,ok
2026-09-08T08:20:09.298808+00:00,2026-09-08T13:50:09.298808+05:30,BANKNIFTY,29-Sep-2026,49000.0,CE,56758.05,7972.95,30,8089.4,30,8125,8031.174999999999,77,0,2,-2.4024024024024024,37.67,0.9556402786183489,1.8106838986921992e-05,-18.54537428102823,12.683852818354818,-0.3989549874408582,0.003420625810520605,92.82781875461853,-6.335227198841077e-09,8.445009826754534e-05,-7.004452332229977e-07,-1.0924179243315884,6.767674814402181,-0.9433809807164947,2.4294357173802065e-05,0.057724210463977674,57098,0.10345041030174679,0.0069,index_dividend_yield,0.065,11.24,30,56990.4,57044,56720.45,57088.3,mid_price,ok
2026-09-08T08:20:09.298808+00:00,2026-09-08T13:50:09.298808+05:30,BANKNIFTY,29-Sep-2026,49000.0,PE,56758.05,9.1,30,9.6,30,9.05,9.35,951,-200,582,0,26.51,-0.0083726722979071,6.310554151360463e-06,-1.8796545171739703,3.110929430594891,-0.20036956447097576,0.0012030958751745877,65.36022269510356,-4.30200068783229e-09,0.00010877861726656038,-6.463401888113429e-07,-0.4662730614775694,-46.282499039847856,0.009907842662448832,8.467013851976165e-06,0.057724210463977674,57098,0.10345041030174679,0.0069,index_dividend_yield,0.065,11.24,30,56990.4,57044,56720.45,57088.3,mid_price,ok
2026-09-08T08:20:09.298808+00:00,2026-09-08T13:50:09.298808+05:30,BANKNIFTY,29-Sep-2026,49500.0,CE,56758.05,7301.85,330,7817.9,870,0.0,7559.875,3,0,0,0,0,,,,,,,,,,,,,,,0.057724210463977674,57098,0.10345041030174679,0.0069,index_dividend_yield,0.065,11.24,30,56990.4,57044,56720.45,57088.3,mid_price,no_nse_iv
2026-09-08T08:20:09.298808+00:00,2026-09-08T13:50:09.298808+05:30,BANKNIFTY,29-Sep-2026,49500.0,PE,56758.05,10.35,120,10.65,30,10.65,10.5,1182,53,361,8.121827411167512,25.45,-0.010082807706644764,7.73466503786374e-06,-2.117549206250225,3.6605153409501567,-0.23857694787228662,0.0013705142320922306,75.57853880073861,-5.331779858550368e-09,0.00012930497882774372,-7.338762613499094e-07,-0.5210267902343428,-47.29675822944649,0.011805662359623366,1.0169182590474084e-05,0.057724210463977674,57098,0.10345041030174679,0.0069,index_dividend_yield,0.065,11.24,30,56990.4,57044,56720.45,57088.3,mid_price,ok
2026-09-08T08:20:09.298808+00:00,2026-09-08T13:50:09.298808+05:30,BANKNIFTY,29-Sep-2026,50000.0,CE,56758.05,7049.65,30,7086,30,7070,7067.825,3923,-18,21,-5.192933051728184,32.7,0.9546393165567907,2.1240667165478262e-05,-17.399854890758654,12.916023912496502,-0.46837262828830495,0.0034604558829511856,108.29864648752618,-8.453547528218895e-09,0.00011314445944093088,-8.048562391048236e-07,-1.1021884479316562,7.732159631385592,-0.9435183966570444,2.7370521836456544e-05,0.057724210463977674,57098,0.10345041030174679,0.0069,index_dividend_yield,0.065,11.24,30,56990.4,57044,56720.45,57088.3,mid_price,ok
2026-09-08T08:20:09.298808+00:00,2026-09-08T13:50:09.298808+05:30,BANKNIFTY,29-Sep-2026,50000.0,PE,56758.05,11.35,270,11.95,90,11.35,11.649999999999999,13648,-129,2120,2.7149321266968327,24.05,-0.011271546709262855,9.019191974191416e-06,-2.197993753455754,4.033626167173887,-0.2734255950378097,0.0014784969224370826,85.04607820316568,-6.454187380234124e-09,0.0001526605107372824,-8.143002120255096e-07,-0.5555850406908105,-49.490646819659126,0.013053554342117793,1.1622045058830016e-05,0.057724210463977674,57098,0.10345041030174679,0.0069,index_dividend_yield,0.065,11.24,30,56990.4,57044,56720.45,57088.3,mid_price,ok
2026-09-08T08:20:09.298808+00:00,2026-09-08T13:50:09.298808+05:30,BANKNIFTY,29-Sep-2026,50500.0,CE,56758.05,6444.15,330,6750.55,360,0.0,6597.35,3,0,0,0,0,,,,,,,,,,,,,,,0.057724210463977674,57098,0.10345041030174679,0.0069,index_dividend_yield,0.065,11.24,30,56990.4,57044,56720.45,57088.3,mid_price,no_nse_iv
2026-09-08T08:20:09.298808+00:00,2026-09-08T13:50:09.298808+05:30,BANKNIFTY,29-Sep-2026,50500.0,PE,56758.05,11.65,60,12.4,120,12.4,12.025,469,-7,89,2.904564315352697,22.73,-0.012937379754882529,1.0754291538393252e-05,-2.332537961026305,4.545630970287853,-0.31871732149356835,0.0016214261939856975,96.82981058176843,-7.947260989597718e-09,0.00018177126177169227,-9.103227069146197e-07,-0.600467800542261,-51.605810944870676,0.014822365810090497,1.3584822925926061e-05,0.057724210463977674,57098,0.10345041030174679,0.0069,index_dividend_yield,0.065,11.24,30,56990.4,57044,56720.45,57088.3,mid_price,ok
2026-09-08T08:20:09.298808+00:00,2026-09-08T13:50:09.298808+05:30,BANKNIFTY,29-Sep-2026,51000.0,CE,56758.05,6017.25,30,6095.9,30,6116.2,6056.575,283,1,5,-3.6059889676910952,27.93,0.9529122345281121,2.5633025942019878e-05,-16.36456756867821,13.313239557772787,-0.5629540339315287,0.0035174829922032243,128.7894474174971,-1.17454818686435e-08,0.00015619495768795307,-9.3305869118241e-07,-1.116229396015731,9.01149895069496,-0.9428159841266666,3.1747860063997736e-05,0.057724210463977674,57098,0.10345041030174679,0.0069,index_dividend_yield,0.065,11.24,30,56990.4,57044,56720.45,57088.3,mid_price,ok
2026-09-08T08:20:09.298808+00:00,2026-09-08T13:50:09.298808+05:30,BANKNIFTY,29-Sep-2026,51000.0,PE,56758.05,13,2400,13.45,600,13.1,13.225,8060,-55,1020,2.34375,21.35,-0.014755108865048557,1.2824039049107185e-05,-2.443541237573402,5.091381558027056,-0.37163170960634057,0.0017663985639126466,110.29658708698608,-9.847382319970069e-09,0.00021774623533289979,-1.0162753123028712e-06,-0.6450569559794355,-54.16426818067009,0.016724174475506396,1.588325147827692e-05,0.057724210463977674,57098,0.10345041030174679,0.0069,index_dividend_yield,0.065,11.24,30,56990.4,57044,56720.45,57088.3,mid_price,ok
2026-09-08T08:20:09.298808+00:00,2026-09-08T13:50:09.298808+05:30,BANKNIFTY,29-Sep-2026,51400.0,CE,56758.05,5087.8,300,5898.55,300,0.0,5493.175,0,0,0,0,0,,,,,,,,,,,,,,,0.057724210463977674,57098,0.10345041030174679,0.0069,index_dividend_yield,0.065,11.24,30,56990.4,57044,56720.45,57088.3,mid_price,no_nse_iv
2026-09-08T08:20:09.298808+00:00,2026-09-08T13:50:09.298808+05:30,BANKNIFTY,29-Sep-2026,51400.0,PE,56758.05,11.15,1200,32.45,300,0.0,21.8,0,0,0,0,0,,,,,,,,,,,,,,,0.057724210463977674,57098,0.10345041030174679,0.0069,index_dividend_yield,0.065,11.24,30,56990.4,57044,56720.45,57088.3,mid_price,no_nse_iv
2026-09-08T08:20:09.298808+00:00,2026-09-08T13:50:09.298808+05:30,BANKNIFTY,29-Sep-2026,51500.0,CE,56758.05,4976.75,300,5846.55,870,0.0,5411.65,0,0,0,0,0,,,,,,,,,,,,,,,0.057724210463977674,57098,0.10345041030174679,0.0069,index_dividend_yield,0.065,11.24,30,56990.4,57044,56720.45,57088.3,mid_price,no_nse_iv
2026-09-08T08:20:09.298808+00:00,2026-09-08T13:50:09.298808+05:30,BANKNIFTY,29-Sep-2026,51500.0,PE,56758.05,14.15,60,14.85,30,14.5,14.5,2258,38,556,3.5714285714285716,19.89,-0.016644907680361313,1.5264777877170448e-05,-2.5116556969199446,5.64596532061809,-0.4330920585013231,0.001905646851443305,125.7005156286124,-1.2291768160512733e-08,0.0002631061429061581,-1.1333131331235032e-06,-0.6870580925953949,-57.373043021901516,0.01866405805791346,1.854090648964745e-05,0.057724210463977674,57098,0.10345041030174679,0.0069,index_dividend_yield,0.065,11.24,30,56990.4,57044,56720.45,57088.3,mid_price,ok
2026-09-08T08:20:09.298808+00:00,2026-09-08T13:50:09.298808+05:30,BANKNIFTY,29-Sep-2026,51600.0,CE,56758.05,3935.3,300,5680.4,300,0.0,4807.85,0,0,0,0,0,,,,,,,,,,,,,,,0.057724210463977674,,,,,,11.24,30,56990.4,57044,56720.45,57088.3,mid_price,no_price_available
2026-09-08T08:20:09.298808+00:00,2026-09-08T13:50:09.298808+05:30,BANKNIFTY,29-Sep-2026,51600.0,PE,56758.05,13.75,540,17.55,540,13.1,15.65,134,-1,3,-17.088607594936708,19.35,-0.01597941966396227,1.5151926590929458e-05,-2.3564899410992264,5.4520742399647135,-0.4335373251188584,0.0018532303649151094,126.79651062202701,-1.2632221196920413e-08,0.0002740774743140941,-1.1469239329003028e-06,-0.6713783806851872,-59.291217148093104,0.017873205672878312,1.8332571472534296e-05,0.057724210463977674,57098,0.10345041030174679,0.0069,index_dividend_yield,0.065,11.24,30,56990.4,57044,56720.45,57088.3,mid_price,wide_quote_low_liquidity
2026-09-08T08:20:09.298808+00:00,2026-09-08T13:50:09.298808+05:30,BANKNIFTY,29-Sep-2026,51700.0,CE,56758.05,4764.35,300,5577.5,300,0.0,5170.925,0,0,0,0,0,,,,,,,,,,,,,,,0.057724210463977674,57098,0.10345041030174679,0.0069,index_dividend_yield,0.065,11.24,30,56990.4,57044,56720.45,57088.3,mid_price,no_nse_iv
2026-09-08T08:20:09.298808+00:00,2026-09-08T13:50:09.298808+05:30,BANKNIFTY,29-Sep-2026,51700.0,PE,56758.05,14.2,240,15.15,30,13.25,14.675,138,-46,102,-18.711656441717793,19.06,-0.016397783371471433,1.572685571101796e-05,-2.370362901897233,5.574138207493734,-0.4479172216702194,0.0018832344323554634,130.37010491367207,-1.3244114729339504e-08,0.0002853139122630657,-1.1734701935685053e-06,-0.6803917708696083,-60.01988320624677,0.018301989167042072,1.8954649087634205e-05,0.057724210463977674,57098,0.10345041030174679,0.0069,index_dividend_yield,0.065,11.24,30,56990.4,57044,56720.45,57088.3,mid_price,ok
2026-09-08T08:20:09.298808+00:00,2026-09-08T13:50:09.298808+05:30,BANKNIFTY,29-Sep-2026,51800.0,CE,56758.05,4618,300,5475.4,300,0.0,5046.7,0,0,0,0,0,,,,,,,,,,,,,,,0.057724210463977674,57098,0.10345041030174679,0.0069,index_dividend_yield,0.065,11.24,30,56990.4,57044,56720.45,57088.3,mid_price,no_nse_iv
2026-09-08T08:20:09.298808+00:00,2026-09-08T13:50:09.298808+05:30,BANKNIFTY,29-Sep-2026,51800.0,PE,56758.05,14.05,240,15.35,240,15,14.7,102,0,31,6.761565836298932,19.07,-0.01825018995639128,1.7223364824057653e-05,-2.596085947696936,6.107755281488558,-0.4803703823009573,0.002017603480088774,136.9816321631623,-1.4203708331031129e-08,0.00029596168995520036,-1.2138911427617899e-06,-0.7202548296151523,-59.206777180094385,0.020334760158847737,2.0678232491373068e-05,0.057724210463977674,57098,0.10345041030174679,0.0069,index_dividend_yield,0.065,11.24,30,56990.4,57044,56720.45,57088.3,mid_price,ok
2026-09-08T08:20:09.298808+00:00,2026-09-08T13:50:09.298808+05:30,BANKNIFTY,29-Sep-2026,51900.0,CE,56758.05,4518.35,300,5374.45,300,0.0,4946.4,0,0,0,0,0,,,,,,,,,,,,,,,0.057724210463977674,57098,0.10345041030174679,0.0069,index_dividend_yield,0.065,11.24,30,56990.4,57044,56720.45,57088.3,mid_price,no_nse_iv
2026-09-08T08:20:09.298808+00:00,2026-09-08T13:50:09.298808+05:30,BANKNIFTY,29-Sep-2026,51900.0,PE,56758.05,15.3,30,15.75,120,15.35,15.525,96,1,49,-1.9169329073482428,18.8,-0.018855135556678476,1.7962585324247924e-05,-2.6281328043808982,6.279710565074628,-0.49788349658051906,0.0020582692840649362,141.07134881643634,-1.4927399617907283e-08,0.00030797882515791236,-1.2421389742562288e-06,-0.732191743587089,-59.82687612699654,0.02096471456661697,2.148270975660536e-05,0.057724210463977674,57098,0.10345041030174679,0.0069,index_dividend_yield,0.065,11.24,30,56990.4,57044,56720.45,57088.3,mid_price,ok
2026-09-08T08:20:09.298808+00:00,2026-09-08T13:50:09.298808+05:30,BANKNIFTY,29-Sep-2026,52000.0,CE,56758.05,5069.9,30,5103.8,120,5082.65,5086.85,430,-1,7,-5.562058714232627,25.81,0.9324321722206713,3.6949825733961006e-05,-18.389529941777678,17.734270686424424,-0.7230415299003257,0.004112422344594302,147.60259737695412,-1.6359975034194463e-08,0.00016437749415487273,-8.645900975150587e-07,-1.2563781942347383,10.507747947999071,-0.9208934536608437,4.4021074580916554e-05,0.057724210463977674,57098,0.10345041030174679,0.0069,index_dividend_yield,0.065,11.24,30,56990.4,57044,56720.45,57088.3,mid_price,ok
2026-09-08T08:20:09.298808+00:00,2026-09-08T13:50:09.298808+05:30,BANKNIFTY,29-Sep-2026,52000.0,PE,56758.05,15.9,60,16,90,15.95,15.95,13324,110,4668,0.9493670886075949,18.59,-0.01980188521336377,1.8937706753712522e-05,-2.7059091604471726,6.546658863471146,-0.5198422083112654,0.0021215038681953596,145.86603720953795,-1.5759014424453686e-08,0.0003200827395832566,-1.2728413259523604e-06,-0.7506169092214101,-60.141627256323666,0.02197315806002483,2.2561898056003036e-05,0.057724210463977674,57098,0.10345041030174679,0.0069,index_dividend_yield,0.065,11.24,30,56990.4,57044,56720.45,57088.3,mid_price,ok
2026-09-08T08:20:09.298808+00:00,2026-09-08T13:50:09.298808+05:30,BANKNIFTY,29-Sep-2026,52100.0,CE,56758.05,4417.1,300,5172.3,300,0.0,4794.700000000001,0,0,0,0,0,,,,,,,,,,,,,,,0.057724210463977674,57098,0.10345041030174679,0.0069,index_dividend_yield,0.065,11.24,30,56990.4,57044,56720.45,57088.3,mid_price,no_nse_iv
2026-09-08T08:20:09.298808+00:00,2026-09-08T13:50:09.298808+05:30,BANKNIFTY,29-Sep-2026,52100.0,PE,56758.05,16.1,30,16.95,120,16.15,16.525,398,-10,95,-1.2232415902140672,18.29,-0.020321071583660786,1.9675548619195555e-05,-2.7176361613157263,6.691962370729788,-0.5374189976151081,0.0021541122801284097,150.01416362834962,-1.6551150276060672e-08,0.00033349535134696677,-1.3012535085874132e-06,-0.7600717067424538,-60.94276831799414,0.022501153444963343,2.3351045855938256e-05,0.057724210463977674,57098,0.10345041030174679,0.0069,index_dividend_yield,0.065,11.24,30,56990.4,57044,56720.45,57088.3,mid_price,ok
2026-09-08T08:20:09.298808+00:00,2026-09-08T13:50:09.298808+05:30,BANKNIFTY,29-Sep-2026,52200.0,CE,56758.05,4326.4,300,5070.85,300,0.0,4698.625,0,0,0,0,0,,,,,,,,,,,,,,,0.057724210463977674,57098,0.10345041030174679,0.0069,index_dividend_yield,0.065,11.24,30,56990.4,57044,56720.45,57088.3,mid_price,no_nse_iv
2026-09-08T08:20:09.298808+00:00,2026-09-08T13:50:09.298808+05:30,BANKNIFTY,29-Sep-2026,52200.0,PE,56758.05,16.35,120,17.55,240,16.05,16.950000000000003,95,1,24,-4.747774480712166,17.94,-0.02058760734483394,2.028213351781761e-05,-2.6912952464208018,6.766265111973162,-0.5527252731713072,0.0021691577696474652,153.87957992728917,-1.7343444516697272e-08,0.00034820752485164344,-1.3291592334827602e-06,-0.7644363740363387,-62.04645536885036,0.022746078753258396,2.397880654282502e-05,0.057724210463977674,57098,0.10345041030174679,0.0069,index_dividend_yield,0.065,11.24,30,56990.4,57044,56720.45,57088.3,mid_price,ok
2026-09-08T08:20:09.298808+00:00,2026-09-08T13:50:09.298808+05:30,BANKNIFTY,29-Sep-2026,52300.0,CE,56758.05,4231.6,300,5008.9,870,0.0,4620.25,0,0,0,0,0,,,,,,,,,,,,,,,0.057724210463977674,57098,0.10345041030174679,0.0069,index_dividend_yield,0.065,11.24,30,56990.4,57044,56720.45,57088.3,mid_price,no_nse_iv
2026-09-08T08:20:09.298808+00:00,2026-09-08T13:50:09.298808+05:30,BANKNIFTY,29-Sep-2026,52300.0,PE,56758.05,17.6,150,18,30,18.25,17.8,98,8,30,5.797101449275362,17.96,-0.02301134484820323,2.225656295195635e-05,-2.9564224174261864,7.43322645778415,-0.5923805242808201,0.0023229163522647395,161.1573296869211,-1.8577894664345317e-08,0.0003586186736786264,-1.3643182218375044e-06,-0.808310481406064,-61.09100833423634,0.025381611798889116,2.621257297376e-05,0.057724210463977674,57098,0.10345041030174679,0.0069,index_dividend_yield,0.065,11.24,30,56990.4,57044,56720.45,57088.3,mid_price,ok
2026-09-08T08:20:09.298808+00:00,2026-09-08T13:50:09.298808+05:30,BANKNIFTY,29-Sep-2026,52400.0,CE,56758.05,4146.35,300,4904.6,870,0.0,4525.475,0,0,0,0,0,,,,,,,,,,,,,,,0.057724210463977674,57098,0.10345041030174679,0.0069,index_dividend_yield,0.065,11.24,30,56990.4,57044,56720.45,57088.3,mid_price,no_nse_iv
2026-09-08T08:20:09.298808+00:00,2026-09-08T13:50:09.298808+05:30,BANKNIFTY,29-Sep-2026,52400.0,PE,56758.05,16.8,120,18.6,240,18.7,17.700000000000003,105,9,41,4.178272980501393,17.69,-0.02384965072696159,2.3286906234845555e-05,-2.996500698990809,7.660419645845212,-0.6151990733089964,0.002371434705455644,166.09434907477905,-1.9580327003669984e-08,0.00037327651201404024,-1.3939974870690902e-06,-0.8220007481329912,-61.74580237527561,0.02625157963339908,2.7321475705838695e-05,0.057724210463977674,57098,0.10345041030174679,0.0069,index_dividend_yield,0.065,11.24,30,56990.4,57044,56720.45,57088.3,mid_price,ok
2026-09-08T08:20:09.298808+00:00,2026-09-08T13:50:09.298808+05:30,BANKNIFTY,29-Sep-2026,52500.0,CE,56758.05,4530.95,30,4679.5,30,0.0,4605.225,12,0,0,0,29.89,0.878355462426061,4.9430332787101654e-05,-26.590027322676182,27.474663584065976,-0.73925987366108,0.004814373320386145,117.80120577794762,-1.5025525467674908e-08,4.656741929777886e-05,-2.01845312678694e-07,-1.415955796676414,10.644495617673039,-0.8603851419623076,5.7773657178840274e-05,0.057724210463977674,57098,0.10345041030174679,0.0069,index_dividend_yield,0.065,11.24,30,56990.4,57044,56720.45,57088.3,mid_price,ok
2026-09-08T08:20:09.298808+00:00,2026-09-08T13:50:09.298808+05:30,BANKNIFTY,29-Sep-2026,52500.0,PE,56758.05,18.75,150,18.9,120,18.85,18.825,4872,129,1230,0.5333333333333333,17.4,-0.02460733119703747,2.4305104561844767e-05,-3.0210463003199424,7.864292826425482,-0.6379164808367251,0.002413695163814872,171.06981114000996,-2.0632149908213356e-08,0.00038902378082356705,-1.4240107905401485e-06,-0.8338654731200137,-62.52996312227241,0.027028572429288845,2.840755259932817e-05,0.057724210463977674,57098,0.10345041030174679,0.0069,index_dividend_yield,0.065,11.24,30,56990.4,57044,56720.45,57088.3,mid_price,ok
2026-09-08T08:20:09.298808+00:00,2026-09-08T13:50:09.298808+05:30,BANKNIFTY,29-Sep-2026,52600.0,CE,56758.05,3997.7,300,4667.85,300,0.0,4332.775,0,0,0,0,0,,,,,,,,,,,,,,,0.057724210463977674,57098,0.10345041030174679,0.0069,index_dividend_yield,0.065,11.24,30,56990.4,57044,56720.45,57088.3,mid_price,no_nse_iv
2026-09-08T08:20:09.298808+00:00,2026-09-08T13:50:09.298808+05:30,BANKNIFTY,29-Sep-2026,52600.0,PE,56758.05,19.05,120,20.3,120,21,19.675,176,-11,46,9.090909090909092,17.33,-0.026877782427006204,2.6274190363141018e-05,-3.2350290337910077,8.467219900037035,-0.6760683122971622,0.0025421808886781846,177.8045220564177,-2.196115588862995e-08,0.00040013240975700343,-1.4515118414983743e-06,-0.8694758381103576,-62.04402820250604,0.029469931353421637,3.0592346273224505e-05,0.057724210463977674,57098,0.10345041030174679,0.0069,index_dividend_yield,0.065,11.24,30,56990.4,57044,56720.45,57088.3,mid_price,ok
2026-09-08T08:20:09.298808+00:00,2026-09-08T13:50:09.298808+05:30,BANKNIFTY,29-Sep-2026,52700.0,CE,56758.05,3893.6,300,4650.95,870,0.0,4272.275,0,0,0,0,0,,,,,,,,,,,,,,,0.057724210463977674,57098,0.10345041030174679,0.0069,index_dividend_yield,0.065,11.24,30,56990.4,57044,56720.45,57088.3,mid_price,no_nse_iv
2026-09-08T08:20:09.298808+00:00,2026-09-08T13:50:09.298808+05:30,BANKNIFTY,29-Sep-2026,52700.0,PE,56758.05,20.25,30,20.65,30,20.8,20.45,221,12,268,6.122448979591836,16.97,-0.027286733622880623,2.7171814351141863e-05,-3.2022553164935275,8.574591023696945,-0.6970597597666384,0.002560849876358205,182.7031087085187,-2.3106533022556563e-08,0.00041885506213816477,-1.4825514038122555e-06,-0.8746472931427148,-63.24892821971141,0.029852528319861595,3.1517542037211864e-05,0.057724210463977674,57098,0.10345041030174679,0.0069,index_dividend_yield,0.065,11.24,30,56990.4,57044,56720.45,57088.3,mid_price,ok
2026-09-08T08:20:09.298808+00:00,2026-09-08T13:50:09.298808+05:30,BANKNIFTY,29-Sep-2026,52800.0,CE,56758.05,3902.05,300,4468.95,300,0.0,4185.5,0,0,0,0,0,,,,,,,,,,,,,,,0.057724210463977674,57098,0.10345041030174679,0.0069,index_dividend_yield,0.065,11.24,30,56990.4,57044,56720.45,57088.3,mid_price,no_nse_iv
2026-09-08T08:20:09.298808+00:00,2026-09-08T13:50:09.298808+05:30,BANKNIFTY,29-Sep-2026,52800.0,PE,56758.05,18.4,600,34.3,750,0.0,26.349999999999998,0,0,0,0,0,,,,,,,,,,,,,,,0.057724210463977674,57098,0.10345041030174679,0.0069,index_dividend_yield,0.065,11.24,30,56990.4,57044,56720.45,57088.3,mid_price,no_nse_iv
2026-09-08T08:20:09.298808+00:00,2026-09-08T13:50:09.298808+05:30,BANKNIFTY,29-Sep-2026,52900.0,CE,56758.05,3959.7,300,4432.2,300,0.0,4195.95,0,0,0,0,0,,,,,,,,,,,,,,,0.057724210463977674,57098,0.10345041030174679,0.0069,index_dividend_yield,0.065,11.24,30,56990.4,57044,56720.45,57088.3,mid_price,no_nse_iv
2026-09-08T08:20:09.298808+00:00,2026-09-08T13:50:09.298808+05:30,BANKNIFTY,29-Sep-2026,52900.0,PE,56758.05,18.7,600,37.6,750,0.0,28.15,0,0,0,0,0,,,,,,,,,,,,,,,0.057724210463977674,57098,0.10345041030174679,0.0069,index_dividend_yield,0.065,11.24,30,56990.4,57044,56720.45,57088.3,mid_price,no_nse_iv
2026-09-08T08:20:09.298808+00:00,2026-09-08T13:50:09.298808+05:30,BANKNIFTY,29-Sep-2026,53000.0,CE,56758.05,4085.1,240,4119.55,30,4089.65,4102.325,1569,384,409,-6.705675700337622,17.04,0.961725924661267,3.547068055415149e-05,-12.526983567238176,11.239630794352252,-0.839074985437116,0.0030905117990024373,203.1783057444274,-2.7762056048399802e-08,0.0004330546745700615,-1.5059633979073548e-06,-1.0104299955590257,13.750567550381048,-0.9550185612549423,4.067922912596069e-05,0.057724210463977674,57098,0.10345041030174679,0.0069,index_dividend_yield,0.065,11.24,30,56990.4,57044,56720.45,57088.3,mid_price,ok
2026-09-08T08:20:09.298808+00:00,2026-09-08T13:50:09.298808+05:30,BANKNIFTY,29-Sep-2026,53000.0,PE,56758.05,22.95,150,23.15,60,22.95,23.049999999999997,9481,-710,5353,-0.6493506493506493,16.2,-0.031028898726270623,3.167063438056381e-05,-3.3827609397166714,9.540798224034658,-0.7889200491149814,0.002745952702990405,200.71536458795336,-2.7364091683758716e-08,0.00047078871726381966,-1.5679223457666784e-06,-0.9249736508824302,-65.12418635748402,0.03373929390054642,3.632118054697704e-05,0.057724210463977674,57098,0.10345041030174679,0.0069,index_dividend_yield,0.065,11.24,30,56990.4,57044,56720.45,57088.3,mid_price,ok
2026-09-08T08:20:09.298808+00:00,2026-09-08T13:50:09.298808+05:30,BANKNIFTY,29-Sep-2026,53100.0,CE,56758.05,3622.9,300,4200.6,870,0.0,3911.75,0,0,0,0,0,,,,,,,,,,,,,,,0.057724210463977674,57098,0.10345041030174679,0.0069,index_dividend_yield,0.065,11.24,30,56990.4,57044,56720.45,57088.3,mid_price,no_nse_iv
2026-09-08T08:20:09.298808+00:00,2026-09-08T13:50:09.298808+05:30,BANKNIFTY,29-Sep-2026,53100.0,PE,56758.05,23.85,210,24.25,660,24.25,24.05,648,397,733,1.6771488469601676,16,-0.032907167404148396,3.366125654419833e-05,-3.5003999689640226,10.015283342051495,-0.826701428479612,0.0028339638869892478,207.3744258581085,-2.902793859123786e-08,0.0004866150495553855,-1.5909253994340328e-06,-0.9484967785553913,-65.39943260101225,0.03571197208999738,3.845884294602138e-05,0.057724210463977674,57098,0.10345041030174679,0.0069,index_dividend_yield,0.065,11.24,30,56990.4,57044,56720.45,57088.3,mid_price,ok
2026-09-08T08:20:09.298808+00:00,2026-09-08T13:50:09.298808+05:30,BANKNIFTY,29-Sep-2026,53200.0,CE,56758.05,3414.55,120,4087.45,300,0.0,3751.0,0,0,0,0,0,,,,,,,,,,,,,,,0.057724210463977674,57098,0.10345041030174679,0.0069,index_dividend_yield,0.065,11.24,30,56990.4,57044,56720.45,57088.3,mid_price,no_nse_iv
2026-09-08T08:20:09.298808+00:00,2026-09-08T13:50:09.298808+05:30,BANKNIFTY,29-Sep-2026,53200.0,PE,56758.05,21,600,49.3,750,0.0,35.15,0,0,0,0,0,,,,,,,,,,,,,,,0.057724210463977674,57098,0.10345041030174679,0.0069,index_dividend_yield,0.065,11.24,30,56990.4,57044,56720.45,57088.3,mid_price,no_nse_iv
2026-09-08T08:20:09.298808+00:00,2026-09-08T13:50:09.298808+05:30,BANKNIFTY,29-Sep-2026,53300.0,CE,56758.05,3326.35,300,4049.35,570,0.0,3687.85,0,0,0,0,0,,,,,,,,,,,,,,,0.057724210463977674,57098,0.10345041030174679,0.0069,index_dividend_yield,0.065,11.24,30,56990.4,57044,56720.45,57088.3,mid_price,no_nse_iv
2026-09-08T08:20:09.298808+00:00,2026-09-08T13:50:09.298808+05:30,BANKNIFTY,29-Sep-2026,53300.0,PE,56758.05,20.8,600,53.8,750,0.0,37.3,0,0,0,0,0,,,,,,,,,,,,,,,0.057724210463977674,57098,0.10345041030174679,0.0069,index_dividend_yield,0.065,11.24,30,56990.4,57044,56720.45,57088.3,mid_price,no_nse_iv
2026-09-08T08:20:09.298808+00:00,2026-09-08T13:50:09.298808+05:30,BANKNIFTY,29-Sep-2026,53400.0,CE,56758.05,3360.95,300,3866.8,300,0.0,3613.875,0,0,0,0,0,,,,,,,,,,,,,,,0.057724210463977674,57098,0.10345041030174679,0.0069,index_dividend_yield,0.065,11.24,30,56990.4,57044,56720.45,57088.3,mid_price,no_nse_iv
2026-09-08T08:20:09.298808+00:00,2026-09-08T13:50:09.298808+05:30,BANKNIFTY,29-Sep-2026,53400.0,PE,56758.05,23.4,600,58.6,750,0.0,41.0,0,0,0,0,0,,,,,,,,,,,,,,,0.057724210463977674,57098,0.10345041030174679,0.0069,index_dividend_yield,0.065,11.24,30,56990.4,57044,56720.45,57088.3,mid_price,no_nse_iv
2026-09-08T08:20:09.298808+00:00,2026-09-08T13:50:09.298808+05:30,BANKNIFTY,29-Sep-2026,53500.0,CE,56758.05,3558.15,30,3675.6,90,0.0,3616.875,170,0,0,0,0,,,,,,,,,,,,,,,0.057724210463977674,57098,0.10345041030174679,0.0069,index_dividend_yield,0.065,11.24,30,56990.4,57044,56720.45,57088.3,mid_price,no_nse_iv
2026-09-08T08:20:09.298808+00:00,2026-09-08T13:50:09.298808+05:30,BANKNIFTY,29-Sep-2026,53500.0,PE,56758.05,29.95,30,30,270,29.95,29.975,7430,-238,4485,5.457746478873239,15.19,-0.04180160105632431,4.311208998584406e-05,-4.005806722619407,12.17782657433701,-0.995552632161202,0.0031982780329312746,234.8597899278264,-3.679379272771219e-08,0.0005476596046211973,-1.6485392799709615e-06,-1.0434092032501816,-66.52916722229617,0.045013823855990016,4.8522866114987836e-05,0.057724210463977674,57098,0.10345041030174679,0.0069,index_dividend_yield,0.065,11.24,30,56990.4,57044,56720.45,57088.3,mid_price,ok
2026-09-08T08:20:09.298808+00:00,2026-09-08T13:50:09.298808+05:30,BANKNIFTY,29-Sep-2026,53600.0,CE,56758.05,3121.75,330,3639.25,30,0.0,3380.5,1,0,0,0,0,,,,,,,,,,,,,,,0.057724210463977674,57098,0.10345041030174679,0.0069,index_dividend_yield,0.065,11.24,30,56990.4,57044,56720.45,57088.3,mid_price,no_nse_iv
2026-09-08T08:20:09.298808+00:00,2026-09-08T13:50:09.298808+05:30,BANKNIFTY,29-Sep-2026,53600.0,PE,56758.05,24.2,600,69.4,1350,0.0,46.800000000000004,0,0,0,0,0,,,,,,,,,,,,,,,0.057724210463977674,57098,0.10345041030174679,0.0069,index_dividend_yield,0.065,11.24,30,56990.4,57044,56720.45,57088.3,mid_price,no_nse_iv
2026-09-08T08:20:09.298808+00:00,2026-09-08T13:50:09.298808+05:30,BANKNIFTY,29-Sep-2026,53700.0,CE,56758.05,3167.75,300,3570.5,60,0.0,3369.125,0,0,0,0,0,,,,,,,,,,,,,,,0.057724210463977674,57098,0.10345041030174679,0.0069,index_dividend_yield,0.065,11.24,30,56990.4,57044,56720.45,57088.3,mid_price,no_nse_iv
2026-09-08T08:20:09.298808+00:00,2026-09-08T13:50:09.298808+05:30,BANKNIFTY,29-Sep-2026,53700.0,PE,56758.05,23.65,600,75.3,1350,0.0,49.474999999999994,0,0,0,0,0,,,,,,,,,,,,,,,0.057724210463977674,57098,0.10345041030174679,0.0069,index_dividend_yield,0.065,11.24,30,56990.4,57044,56720.45,57088.3,mid_price,no_nse_iv
2026-09-08T08:20:09.298808+00:00,2026-09-08T13:50:09.298808+05:30,BANKNIFTY,29-Sep-2026,53800.0,CE,56758.05,3125.1,300,3464.1,300,0.0,3294.6,0,0,0,0,0,,,,,,,,,,,,,,,0.057724210463977674,57098,0.10345041030174679,0.0069,index_dividend_yield,0.065,11.24,30,56990.4,57044,56720.45,57088.3,mid_price,no_nse_iv
2026-09-08T08:20:09.298808+00:00,2026-09-08T13:50:09.298808+05:30,BANKNIFTY,29-Sep-2026,53800.0,PE,56758.05,36.3,300,37.35,420,37.6,36.825,512,1,340,11.738484398216938,14.62,-0.050813545122381606,5.239683237788853e-05,-4.475589991068085,14.245094654922157,-1.1443873185461861,0.003496060015213527,255.43699567443755,-4.392725417704873e-08,0.0005812018232203302,-1.627453213879162e-06,-1.1182947939068608,-67.05608411028153,0.05440683398657368,5.831703215346741e-05,0.057724210463977674,57098,0.10345041030174679,0.0069,index_dividend_yield,0.065,11.24,30,56990.4,57044,56720.45,57088.3,mid_price,ok
2026-09-08T08:20:09.298808+00:00,2026-09-08T13:50:09.298808+05:30,BANKNIFTY,29-Sep-2026,53900.0,CE,56758.05,2657,300,3376.3,300,0.0,3016.65,0,0,0,0,0,,,,,,,,,,,,,,,0.057724210463977674,57098,0.10345041030174679,0.0069,index_dividend_yield,0.065,11.24,30,56990.4,57044,56720.45,57088.3,mid_price,no_nse_iv
2026-09-08T08:20:09.298808+00:00,2026-09-08T13:50:09.298808+05:30,BANKNIFTY,29-Sep-2026,53900.0,PE,56758.05,27.05,600,88.45,1350,0.0,57.75,0,0,0,0,0,,,,,,,,,,,,,,,0.057724210463977674,57098,0.10345041030174679,0.0069,index_dividend_yield,0.065,11.24,30,56990.4,57044,56720.45,57088.3,mid_price,no_nse_iv
2026-09-08T08:20:09.298808+00:00,2026-09-08T13:50:09.298808+05:30,BANKNIFTY,29-Sep-2026,54000.0,CE,56758.05,3114.65,30,3138.7,30,3109.55,3126.675,1916,-22,91,-6.908062150106278,15.98,0.9194743399807532,6.829823452559517e-05,-15.466182156259812,20.29547343027804,-1.271835722180259,0.004223706856321452,243.50670482263402,-4.5101046087153784e-08,0.000392082174676825,-1.0888069543137546e-06,-1.28652949490818,17.29160397189014,-0.9105459861060824,7.545306575605747e-05,0.057724210463977674,57098,0.10345041030174679,0.0069,index_dividend_yield,0.065,11.24,30,56990.4,57044,56720.45,57088.3,mid_price,ok
2026-09-08T08:20:09.298808+00:00,2026-09-08T13:50:09.298808+05:30,BANKNIFTY,29-Sep-2026,54000.0,PE,56758.05,42.55,90,42.8,90,42.9,42.675,20787,920,10151,10.141206675224646,14.38,-0.05981126560653323,6.0592795594898696e-05,-4.97982517336395,16.202902185078102,-1.2572259756521744,0.003741846808290185,266.7954757057629,-4.908858749818638e-08,0.0005763899158949742,-1.5321067938829595e-06,-1.1784422642049766,-66.35811398817403,0.06381350262127028,6.694041540198071e-05,0.057724210463977674,57098,0.10345041030174679,0.0069,index_dividend_yield,0.065,11.24,30,56990.4,57044,56720.45,57088.3,mid_price,ok
2026-09-08T08:20:09.298808+00:00,2026-09-08T13:50:09.298808+05:30,BANKNIFTY,29-Sep-2026,54100.0,CE,56758.05,2755.75,330,3193.85,300,0.0,2974.8,0,0,0,0,0,,,,,,,,,,,,,,,0.057724210463977674,57098,0.10345041030174679,0.0069,index_dividend_yield,0.065,11.24,30,56990.4,57044,56720.45,57088.3,mid_price,no_nse_iv
2026-09-08T08:20:09.298808+00:00,2026-09-08T13:50:09.298808+05:30,BANKNIFTY,29-Sep-2026,54100.0,PE,56758.05,32.4,600,103.4,1350,0.0,67.9,0,0,0,0,0,,,,,,,,,,,,,,,0.057724210463977674,57098,0.10345041030174679,0.0069,index_dividend_yield,0.065,11.24,30,56990.4,57044,56720.45,57088.3,mid_price,no_nse_iv
2026-09-08T08:20:09.298808+00:00,2026-09-08T13:50:09.298808+05:30,BANKNIFTY,29-Sep-2026,54200.0,CE,56758.05,2679.95,330,3092.95,300,0.0,2886.45,0,0,0,0,0,,,,,,,,,,,,,,,0.057724210463977674,57098,0.10345041030174679,0.0069,index_dividend_yield,0.065,11.24,30,56990.4,57044,56720.45,57088.3,mid_price,no_nse_iv
2026-09-08T08:20:09.298808+00:00,2026-09-08T13:50:09.298808+05:30,BANKNIFTY,29-Sep-2026,54200.0,PE,56758.05,31,600,111.55,810,0.0,71.275,0,0,0,0,0,,,,,,,,,,,,,,,0.057724210463977674,57098,0.10345041030174679,0.0069,index_dividend_yield,0.065,11.24,30,56990.4,57044,56720.45,57088.3,mid_price,no_nse_iv
2026-09-08T08:20:09.298808+00:00,2026-09-08T13:50:09.298808+05:30,BANKNIFTY,29-Sep-2026,54300.0,CE,56758.05,2770,60,2973.45,60,0.0,2871.725,9,0,0,0,19.1,0.8552713079256937,8.722425508056171e-05,-21.26430043959858,30.980153865241167,-1.2071894215712753,0.004700734991945454,174.63340988586927,-3.693418240571469e-08,3.502073197736888e-05,1.632501831211054e-07,-1.4122297753538078,17.118442031786344,-0.8417640319657875,9.529992140943402e-05,0.057724210463977674,57098,0.10345041030174679,0.0069,index_dividend_yield,0.065,11.24,30,56990.4,57044,56720.45,57088.3,mid_price,ok
2026-09-08T08:20:09.298808+00:00,2026-09-08T13:50:09.298808+05:30,BANKNIFTY,29-Sep-2026,54300.0,PE,56758.05,37.2,600,120.25,1380,0.0,78.725,0,0,0,0,0,,,,,,,,,,,,,,,0.057724210463977674,57098,0.10345041030174679,0.0069,index_dividend_yield,0.065,11.24,30,56990.4,57044,56720.45,57088.3,mid_price,no_nse_iv
2026-09-08T08:20:09.298808+00:00,2026-09-08T13:50:09.298808+05:30,BANKNIFTY,29-Sep-2026,54400.0,CE,56758.05,2687.15,60,2815,30,0.0,2751.075,1,0,0,0,19.23,0.8444024933444585,9.093384439348171e-05,-21.97742382944354,32.517546525600125,-1.2002564422379791,0.004672689899883675,165.98949277798525,-3.663587867350046e-08,-8.680369170206887e-06,3.5849191223614974e-07,-1.4150172302731328,17.38826027298568,-0.8303377712810706,9.898803089434846e-05,0.057724210463977674,57098,0.10345041030174679,0.0069,index_dividend_yield,0.065,11.24,30,56990.4,57044,56720.45,57088.3,mid_price,ok
2026-09-08T08:20:09.298808+00:00,2026-09-08T13:50:09.298808+05:30,BANKNIFTY,29-Sep-2026,54400.0,PE,56758.05,57.7,420,58.6,30,59,58.150000000000006,1673,0,1168,15.009746588693957,13.77,-0.08064616181385509,7.964704506499213e-05,-5.9235154834937696,20.39466341053866,-1.4851491162687913,0.004132376629647383,283.64512197081734,-6.060587296310943e-08,0.0005293657488677575,-1.1925262752053247e-06,-1.2730551658600682,-65.69933528151992,0.08542260271458582,8.6701537916087e-05,0.057724210463977674,57098,0.10345041030174679,0.0069,index_dividend_yield,0.065,11.24,30,56990.4,57044,56720.45,57088.3,mid_price,ok
2026-09-08T08:20:09.298808+00:00,2026-09-08T13:50:09.298808+05:30,BANKNIFTY,29-Sep-2026,54500.0,CE,56758.05,2599.15,60,2666.3,30,2720,2632.7250000000004,143,6,14,-8.417508417508417,17.28,0.8594489852374522,9.451394733595637e-05,-19.754023281169065,30.37054418900363,-1.3376491210351227,0.00464852342175992,196.89427085777743,-4.477274230752441e-08,6.580603910840397e-05,1.2240211818024876e-07,-1.401940087346997,18.68261939151978,-0.847149189972045,0.00010250801638674465,0.057724210463977674,57098,0.10345041030174679,0.0069,index_dividend_yield,0.065,11.24,30,56990.4,57044,56720.45,57088.3,mid_price,ok
2026-09-08T08:20:09.298808+00:00,2026-09-08T13:50:09.298808+05:30,BANKNIFTY,29-Sep-2026,54500.0,PE,56758.05,63.4,30,63.55,60,63.7,63.474999999999994,8016,380,6211,15.503173164097914,13.64,-0.08727380978239288,8.531909328823365e-05,-6.202992915479326,21.64081117950039,-1.5412459432231211,0.004216846548332168,285.3204726247807,-6.352433635454984e-08,0.0004994351737666404,-1.0533452520178707e-06,-1.2940200594173596,-65.33230110104188,0.09228093946788665,9.253545386063048e-05,0.057724210463977674,57098,0.10345041030174679,0.0069,index_dividend_yield,0.065,11.24,30,56990.4,57044,56720.45,57088.3,mid_price,ok
2026-09-08T08:20:09.298808+00:00,2026-09-08T13:50:09.298808+05:30,BANKNIFTY,29-Sep-2026,54600.0,CE,56758.05,2499.3,60,2625.6,60,0.0,2562.45,1,0,0,0,17.63,0.8447315826530873,9.904757753476491e-05,-20.765511890462978,32.47200494928835,-1.3144088506231166,0.0046212501458631206,182.0243587161272,-4.3394553809120843e-08,-6.575990926930609e-06,4.0679295782385626e-07,-1.4076899235437743,18.890425959825663,-0.8316344767275172,0.00010703196662984912,0.057724210463977674,57098,0.10345041030174679,0.0069,index_dividend_yield,0.065,11.24,30,56990.4,57044,56720.45,57088.3,mid_price,ok
2026-09-08T08:20:09.298808+00:00,2026-09-08T13:50:09.298808+05:30,BANKNIFTY,29-Sep-2026,54600.0,PE,56758.05,68.3,690,69.4,510,70.1,68.85,880,-27,488,19.522591645353792,13.53,-0.09474013799084029,9.141298276885737e-05,-6.5140265757882645,22.999511433246195,-1.5947947300566505,0.00429343204921992,285.312388263657,-6.631136917393556e-08,0.0004584259499810104,-8.838640433813293e-07,-1.3137200362916666,-64.80600981826484,0.10000440083851694,9.878193454874926e-05,0.057724210463977674,57098,0.10345041030174679,0.0069,index_dividend_yield,0.065,11.24,30,56990.4,57044,56720.45,57088.3,mid_price,ok
2026-09-08T08:20:09.298808+00:00,2026-09-08T13:50:09.298808+05:30,BANKNIFTY,29-Sep-2026,54700.0,CE,56758.05,2298.05,360,2612.1,300,0.0,2455.075,0,0,0,0,0,,,,,,,,,,,,,,,0.057724210463977674,57098,0.10345041030174679,0.0069,index_dividend_yield,0.065,11.24,30,56990.4,57044,56720.45,57088.3,mid_price,no_nse_iv
2026-09-08T08:20:09.298808+00:00,2026-09-08T13:50:09.298808+05:30,BANKNIFTY,29-Sep-2026,54700.0,PE,56758.05,74.95,240,76.05,210,77,75.5,708,-128,426,20.50078247261346,13.35,-0.10162861357347477,9.753360927515599e-05,-6.736904935748288,24.21299405927677,-1.649226771098987,0.004342399197604166,286.10080561471915,-6.951926836317584e-08,0.0004219382543915878,-7.200606945116655e-07,-1.3277028168528027,-64.75612893438908,0.10708077361130441,0.00010501094715135436,0.057724210463977674,57098,0.10345041030174679,0.0069,index_dividend_yield,0.065,11.24,30,56990.4,57044,56720.45,57088.3,mid_price,ok
2026-09-08T08:20:09.298808+00:00,2026-09-08T13:50:09.298808+05:30,BANKNIFTY,29-Sep-2026,54800.0,CE,56758.05,2334,150,2517.3,300,0.0,2425.65,0,0,0,0,0,,,,,,,,,,,,,,,0.057724210463977674,57098,0.10345041030174679,0.0069,index_dividend_yield,0.065,11.24,30,56990.4,57044,56720.45,57088.3,mid_price,no_nse_iv
2026-09-08T08:20:09.298808+00:00,2026-09-08T13:50:09.298808+05:30,BANKNIFTY,29-Sep-2026,54800.0,PE,56758.05,82.6,30,82.9,90,82.9,82.75,2114,133,1009,18.76790830945559,13.22,-0.10990722314208563,0.00010422940993370353,-7.0284496751173124,25.62327680738965,-1.6984999554391227,0.004385528823879575,284.1544591810567,-7.235366016431534e-08,0.00036752252540650694,-5.111050117697833e-07,-1.341544679277252,-64.33259181557983,0.11560376596324835,0.00011181088749735622,0.057724210463977674,57098,0.10345041030174679,0.0069,index_dividend_yield,0.065,11.24,30,56990.4,57044,56720.45,57088.3,mid_price,ok
2026-09-08T08:20:09.298808+00:00,2026-09-08T13:50:09.298808+05:30,BANKNIFTY,29-Sep-2026,54900.0,CE,56758.05,2253.65,30,2427.4,450,0.0,2340.525,0,0,0,0,0,,,,,,,,,,,,,,,0.057724210463977674,57098,0.10345041030174679,0.0069,index_dividend_yield,0.065,11.24,30,56990.4,57044,56720.45,57088.3,mid_price,no_nse_iv
2026-09-08T08:20:09.298808+00:00,2026-09-08T13:50:09.298808+05:30,BANKNIFTY,29-Sep-2026,54900.0,PE,56758.05,90.45,30,91.65,630,91.6,91.05000000000001,675,-17,647,19.270833333333332,13.16,-0.12003444910865273,0.00011147881270218638,-7.4163292395971165,27.28105479749721,-1.737489885345174,0.004417505627599294,278.30663400324875,-7.44583829026453e-08,0.0002902145920333915,-2.458642527388143e-07,-1.3547693652052928,-63.401502872777954,0.12605424486236305,0.00011915234068947568,0.057724210463977674,57098,0.10345041030174679,0.0069,index_dividend_yield,0.065,11.24,30,56990.4,57044,56720.45,57088.3,mid_price,ok
2026-09-08T08:20:09.298808+00:00,2026-09-08T13:50:09.298808+05:30,BANKNIFTY,29-Sep-2026,55000.0,CE,56758.05,2193.05,60,2203.8,30,2195,2198.425,3134,158,706,-10.250643987406468,13.93,0.8544204427028753,0.00012007111271745028,-17.62991097937728,31.103021870633132,-1.6760073037364598,0.004472694548869116,241.60253770299178,-6.847409316768355e-08,7.07794166192354e-05,3.712878243458597e-07,-1.3798864437024712,23.255725135828335,-0.8438170000164491,0.00012786983031600456,0.057724210463977674,57098,0.10345041030174679,0.0069,index_dividend_yield,0.065,11.24,30,56990.4,57044,56720.45,57088.3,mid_price,ok
2026-09-08T08:20:09.298808+00:00,2026-09-08T13:50:09.298808+05:30,BANKNIFTY,29-Sep-2026,55000.0,PE,56758.05,100.15,120,100.5,30,100.55,100.325,24835,4423,21752,20.563549160671464,13.11,-0.13105798247504083,0.0001189801782090872,-7.818977997868578,29.00616016854306,-1.7679417146609089,0.004423726886379292,270.3064134528628,-7.618423727741719e-08,0.00020128435405231517,4.938558680704359e-08,-1.3644673707543795,-62.39541090869638,0.1374147736615446,0.00012670803871340217,0.057724210463977674,57098,0.10345041030174679,0.0069,index_dividend_yield,0.065,11.24,30,56990.4,57044,56720.45,57088.3,mid_price,ok
2026-09-08T08:20:09.298808+00:00,2026-09-08T13:50:09.298808+05:30,BANKNIFTY,29-Sep-2026,55100.0,CE,56758.05,2075.85,60,2207.95,330,2230,2141.8999999999996,14,2,2,-10.441767068273093,17.44,0.7902999959290158,0.00012092642096439267,-22.991964826715737,39.217563997354375,-1.2642498608707031,0.004155886674882758,139.3993756131664,-4.30065814693741e-08,-0.00026354262632052525,1.464292765373479e-06,-1.386507231337852,21.06855412093605,-0.7754417841539025,0.00012831367218854546,0.057724210463977674,57098,0.10345041030174679,0.0069,index_dividend_yield,0.065,11.24,30,56990.4,57044,56720.45,57088.3,mid_price,ok
2026-09-08T08:20:09.298808+00:00,2026-09-08T13:50:09.298808+05:30,BANKNIFTY,29-Sep-2026,55100.0,PE,56758.05,109.25,30,109.85,60,108.5,109.55,826,-64,1981,19.55922865013774,12.92,-0.14031226558829127,0.00012650641156095242,-8.028580711056616,30.394008774589206,-1.8072670416857395,0.0043964726220901695,265.84726747175404,-7.908004000128395e-08,0.00012743143729412822,3.1072928412704073e-07,-1.3677494551760248,-62.323460177288815,0.14685359590895475,0.0001342345377736847,0.057724210463977674,57098,0.10345041030174679,0.0069,index_dividend_yield,0.065,11.24,30,56990.4,57044,56720.45,57088.3,mid_price,ok
2026-09-08T08:20:09.298808+00:00,2026-09-08T13:50:09.298808+05:30,BANKNIFTY,29-Sep-2026,55200.0,CE,56758.05,1982.7,30,2140.5,300,0.0,2061.6,0,0,0,0,0,,,,,,,,,,,,,,,0.057724210463977674,57098,0.10345041030174679,0.0069,index_dividend_yield,0.065,11.24,30,56990.4,57044,56720.45,57088.3,mid_price,no_nse_iv
2026-09-08T08:20:09.298808+00:00,2026-09-08T13:50:09.298808+05:30,BANKNIFTY,29-Sep-2026,55200.0,PE,56758.05,120,30,120.35,150,120.7,120.175,4436,143,2001,20.63968015992004,12.89,-0.15319797463595106,0.00013450059749825746,-8.45252603836811,32.23963118950694,-1.8186997501099393,0.0043461738708515385,253.61304144787232,-7.995796609605177e-08,1.466385774852102e-05,6.640064560983706e-07,-1.3708786568625158,-61.15466935217631,0.16009786865986297,0.00014220045653482596,0.057724210463977674,57098,0.10345041030174679,0.0069,index_dividend_yield,0.065,11.24,30,56990.4,57044,56720.45,57088.3,mid_price,ok
2026-09-08T08:20:09.298808+00:00,2026-09-08T13:50:09.298808+05:30,BANKNIFTY,29-Sep-2026,55300.0,CE,56758.05,1897.05,180,2068.75,300,0.0,1982.9,0,0,0,0,0,,,,,,,,,,,,,,,0.057724210463977674,57098,0.10345041030174679,0.0069,index_dividend_yield,0.065,11.24,30,56990.4,57044,56720.45,57088.3,mid_price,no_nse_iv
2026-09-08T08:20:09.298808+00:00,2026-09-08T13:50:09.298808+05:30,BANKNIFTY,29-Sep-2026,55300.0,PE,56758.05,131.9,30,132.65,60,133.9,132.275,726,10,1697,22.004555808656036,12.8,-0.16578925916440398,0.00014263389877561527,-8.78715605888928,33.95045953899164,-1.8281957237845647,0.004262503834915665,242.00306279478312,-8.111574948843599e-08,-9.755646210464876e-05,1.0151893992256219e-06,-1.36963959253724,-60.37667038246604,0.17297880457573236,0.00015025447776096827,0.057724210463977674,57098,0.10345041030174679,0.0069,index_dividend_yield,0.065,11.24,30,56990.4,57044,56720.45,57088.3,mid_price,ok
2026-09-08T08:20:09.298808+00:00,2026-09-08T13:50:09.298808+05:30,BANKNIFTY,29-Sep-2026,55400.0,CE,56758.05,1824.25,60,1860.95,30,1869.25,1842.6,1,0,4,-13.104618459893546,14.13,0.7961688529660524,0.0001467598689054293,-19.809280725731035,38.56225400872891,-1.5914378450569977,0.0040266234319217276,179.94433945107602,-6.519667603942245e-08,-0.00035378730938426023,1.7595116551811084e-06,-1.367958126750601,25.58239079218014,-0.7838011108274909,0.00015404326611690827,0.057724210463977674,57098,0.10345041030174679,0.0069,index_dividend_yield,0.065,11.24,30,56990.4,57044,56720.45,57088.3,mid_price,ok
2026-09-08T08:20:09.298808+00:00,2026-09-08T13:50:09.298808+05:30,BANKNIFTY,29-Sep-2026,55400.0,PE,56758.05,144.75,30,145.85,30,146.4,145.3,1639,100,1951,21.89841798501249,12.68,-0.17864557553456026,0.00015101198935374408,-9.070543770865253,35.60767491270578,-1.8323801621672047,0.004147131670466486,229.96149201648564,-8.225061680793071e-08,-0.00021562786107264605,1.3774964231910442e-06,-1.3651732437993758,-59.776077404998475,0.18608665105347447,0.0001585064107535595,0.057724210463977674,57098,0.10345041030174679,0.0069,index_dividend_yield,0.065,11.24,30,56990.4,57044,56720.45,57088.3,mid_price,ok
2026-09-08T08:20:09.298808+00:00,2026-09-08T13:50:09.298808+05:30,BANKNIFTY,29-Sep-2026,55500.0,CE,56758.05,1747.3,30,1760.45,30,1751,1753.875,547,50,218,-12.751009018884847,13.08,0.7980155715868316,0.00015767922051695556,-18.82118567448943,38.35262926224473,-1.7293533907625225,0.003959534629076278,197.08402670634584,-7.592183649647245e-08,-0.0003951947226615236,1.8970137694736787e-06,-1.3589194479308517,27.49214815029734,-0.7864196352685249,0.00016490864780649339,0.057724210463977674,57098,0.10345041030174679,0.0069,index_dividend_yield,0.065,11.24,30,56990.4,57044,56720.45,57088.3,mid_price,ok
2026-09-08T08:20:09.298808+00:00,2026-09-08T13:50:09.298808+05:30,BANKNIFTY,29-Sep-2026,55500.0,PE,56758.05,159.65,30,160.15,90,160.2,159.9,14663,741,10807,22.150209683568434,12.63,-0.1936185177937108,0.00015936516366953446,-9.43582803861906,37.429125270911356,-1.8125072441804306,0.003990097964567035,213.64870701570737,-8.195977674062481e-08,-0.00035208542180878595,1.7807171427868592e-06,-1.358252451876929,-58.714643762586185,0.20137974650672766,0.00016667188968870768,0.057724210463977674,57098,0.10345041030174679,0.0069,index_dividend_yield,0.065,11.24,30,56990.4,57044,56720.45,57088.3,mid_price,ok
2026-09-08T08:20:09.298808+00:00,2026-09-08T13:50:09.298808+05:30,BANKNIFTY,29-Sep-2026,55600.0,CE,56758.05,1660.1,30,1683.45,30,1675,1671.775,8,8,11,-58.37630307021359,13.18,0.7798492274022807,0.00016460875650169525,-19.384135565371793,40.34421582055742,-1.663516167998813,0.0037317046455069836,175.3004649971146,-7.294291938978446e-08,-0.0005336642397318653,2.3117716619226866e-06,-1.3483233754449628,28.12584774299822,-0.7677874680878939,0.00017153718684774548,0.057724210463977674,57098,0.10345041030174679,0.0069,index_dividend_yield,0.065,11.24,30,56990.4,57044,56720.45,57088.3,mid_price,ok
2026-09-08T08:20:09.298808+00:00,2026-09-08T13:50:09.298808+05:30,BANKNIFTY,29-Sep-2026,55600.0,PE,56758.05,175,60,175.85,60,175.1,175.425,1151,-8,2412,22.148587373561213,12.57,-0.20925140872364867,0.0001677532255388013,-9.769814534618114,39.21200877607867,-1.7809951284095265,0.003794217125049237,196.4242208838627,-8.123402997980422e-08,-0.0004941964030585969,2.192437813195835e-06,-1.3486728571773696,-57.71141745750664,0.21731108966871443,0.0001748140074994431,0.057724210463977674,57098,0.10345041030174679,0.0069,index_dividend_yield,0.065,11.24,30,56990.4,57044,56720.45,57088.3,mid_price,ok
2026-09-08T08:20:09.298808+00:00,2026-09-08T13:50:09.298808+05:30,BANKNIFTY,29-Sep-2026,55700.0,CE,56758.05,1568.2,60,1598.7,30,1580.95,1583.45,45,31,43,-24.430582443058245,13.46,0.7582829244235008,0.00016984323211006883,-20.161048429825346,42.511481459995906,-1.5504761516652033,0.0034334499253008133,148.38119896254298,-6.724938423153706e-08,-0.0006690149688711708,2.727154850610256e-06,-1.3352486639860857,28.50860585816737,-0.7455832598436463,0.00017635703474752471,0.057724210463977674,57098,0.10345041030174679,0.0069,index_dividend_yield,0.065,11.24,30,56990.4,57044,56720.45,57088.3,mid_price,ok
2026-09-08T08:20:09.298808+00:00,2026-09-08T13:50:09.298808+05:30,BANKNIFTY,29-Sep-2026,55700.0,PE,56758.05,192,90,193.4,30,194.7,192.7,1049,146,2889,22.414335114743793,12.5,-0.22555754432292993,0.00017616179713483943,-10.068858864768327,40.94818711576968,-1.737416688875462,0.003559072299376464,178.47471199196718,-8.004651243048804e-08,-0.0006414651047322305,2.6096846447285936e-06,-1.3369968038256843,-56.76196681572169,0.2338913529345907,0.00018291792844805091,0.057724210463977674,57098,0.10345041030174679,0.0069,index_dividend_yield,0.065,11.24,30,56990.4,57044,56720.45,57088.3,mid_price,ok
2026-09-08T08:20:09.298808+00:00,2026-09-08T13:50:09.298808+05:30,BANKNIFTY,29-Sep-2026,55800.0,CE,56758.05,1496.95,60,1514.7,30,1494.3,1505.825,44,20,36,-13.373913043478261,12.54,0.7550469715041971,0.0001836219845179247,-19.31539183031624,42.81886460577613,-1.6559051192231444,0.0032841020155894847,156.13634640290286,-7.658131164761621e-08,-0.000794720279257956,3.039640979612984e-06,-1.3236416952195142,30.69861642594841,-0.7429928801350955,0.0001899814558619099,0.057724210463977674,57098,0.10345041030174679,0.0069,index_dividend_yield,0.065,11.24,30,56990.4,57044,56720.45,57088.3,mid_price,ok
2026-09-08T08:20:09.298808+00:00,2026-09-08T13:50:09.298808+05:30,BANKNIFTY,29-Sep-2026,55800.0,PE,56758.05,211,30,211.65,150,211.7,211.325,3507,409,4852,23.440233236151602,12.4,-0.24221591589635805,0.00018473361500557722,-10.302846072588252,42.59715047642587,-1.6855909042147732,0.003287546717665874,160.65227629789547,-7.866880045456233e-08,-0.0007930710283119796,3.0274442942556116e-06,-1.3238380180878409,-55.978156592571416,0.25077587021631736,0.00019113158600008018,0.057724210463977674,57098,0.10345041030174679,0.0069,index_dividend_yield,0.065,11.24,30,56990.4,57044,56720.45,57088.3,mid_price,ok
2026-09-08T08:20:09.298808+00:00,2026-09-08T13:50:09.298808+05:30,BANKNIFTY,29-Sep-2026,55900.0,CE,56758.05,1419.4,60,1434.05,30,1405.5,1426.725,19,4,37,-32.214425233306805,13.68,0.7194117172062519,0.00018047012068836055,-21.159127955976807,45.909687874727595,-1.3513300306672305,0.0027710403662977168,107.24336935538048,-5.885711094749366e-08,-0.0008976720965898774,3.426937824411964e-06,-1.3074776634548329,29.712768878838475,-0.7058706359161778,0.0001860529778744446,0.057724210463977674,57098,0.10345041030174679,0.0069,index_dividend_yield,0.065,11.24,30,56990.4,57044,56720.45,57088.3,mid_price,ok
2026-09-08T08:20:09.298808+00:00,2026-09-08T13:50:09.298808+05:30,BANKNIFTY,29-Sep-2026,55900.0,PE,56758.05,230.35,30,231.75,30,230.7,231.05,1463,157,3488,22.941646682653875,12.32,-0.26009331449033285,0.00019306948589747103,-10.534451281420669,44.23207180753651,-1.6143415464416333,0.0029715362022617597,141.50132543795024,-7.630872912240024e-08,-0.0009494898771848044,3.4475793514806984e-06,-1.309742452201128,-55.06448780254599,0.26888161158069374,0.00019904210542387758,0.057724210463977674,57098,0.10345041030174679,0.0069,index_dividend_yield,0.065,11.24,30,56990.4,57044,56720.45,57088.3,mid_price,ok
2026-09-08T08:20:09.298808+00:00,2026-09-08T13:50:09.298808+05:30,BANKNIFTY,29-Sep-2026,56000.0,CE,56758.05,1344.9,90,1349.7,60,1346,1347.3000000000002,3151,1023,2952,-14.201937786843446,12.46,0.7174563220509663,0.00019880693011205863,-19.880491097254957,46.06408994074815,-1.4808706938722604,0.0025970816948704956,116.35404684544426,-7.002229415116674e-08,-0.0010934184780977533,3.846739749043085e-06,-1.2952956457175802,32.63992555663696,-0.7048897566909541,0.00020422570206124775,0.057724210463977674,57098,0.10345041030174679,0.0069,index_dividend_yield,0.065,11.24,30,56990.4,57044,56720.45,57088.3,mid_price,ok
2026-09-08T08:20:09.298808+00:00,2026-09-08T13:50:09.298808+05:30,BANKNIFTY,29-Sep-2026,56000.0,PE,56758.05,253.5,60,254.45,30,253,253.975,27390,1648,29210,23.746637319638054,12.3,-0.2797494343501492,0.00020056493774798,-10.810534432173496,45.87468112615241,-1.514458452940265,0.00260416144656056,120.46121142987687,-7.233419511846323e-08,-0.0011039769785495803,3.857126884111711e-06,-1.2953696470563827,-53.81109442002032,0.2888053972789356,0.00020603162675146206,0.057724210463977674,57098,0.10345041030174679,0.0069,index_dividend_yield,0.065,11.24,30,56990.4,57044,56720.45,57088.3,mid_price,ok
2026-09-08T08:20:09.298808+00:00,2026-09-08T13:50:09.298808+05:30,BANKNIFTY,29-Sep-2026,56100.0,CE,56758.05,1271.25,60,1281.3,60,1263.2,1276.275,143,49,130,-15.887601544812892,12.33,0.6987757230925988,0.0002070000633537906,-19.99212839012799,47.46204961304801,-1.3890386159137735,0.0022082266036012044,98.82163566297919,-6.697382197575542e-08,-0.001247877012009466,4.236508552716694e-06,-1.2816280241590903,33.84173914163711,-0.6860817814182936,0.00021188474418035297,0.057724210463977674,57098,0.10345041030174679,0.0069,index_dividend_yield,0.065,11.24,30,56990.4,57044,56720.45,57088.3,mid_price,ok
2026-09-08T08:20:09.298808+00:00,2026-09-08T13:50:09.298808+05:30,BANKNIFTY,29-Sep-2026,56100.0,PE,56758.05,276.85,30,277.85,30,277.85,277.35,1419,527,4655,23.901895206243033,12.1,-0.2975768581297557,0.00020989828461951332,-10.816935669693189,47.22883073238902,-1.4368578387298492,0.0022247057689841476,104.05768459326836,-7.027701325177884e-08,-0.0012722784584143915,4.268581811211331e-06,-1.2814548807073507,-53.52946877918103,0.3066917491663738,0.00021485135617803225,0.057724210463977674,57098,0.10345041030174679,0.0069,index_dividend_yield,0.065,11.24,30,56990.4,57044,56720.45,57088.3,mid_price,ok
2026-09-08T08:20:09.298808+00:00,2026-09-08T13:50:09.298808+05:30,BANKNIFTY,29-Sep-2026,56200.0,CE,56758.05,1199,60,1205.85,30,1194.1,1202.425,186,42,159,-16.29162285313705,12.54,0.6749369712857423,0.00021033407881090846,-20.495400690298787,49.04786573475774,-1.216788554267434,0.0017341687727285837,75.39144453147628,-5.879915122329728e-08,-0.001354058070995577,4.539546002261922e-06,-1.2697411917850872,34.3661856521101,-0.6618043219586064,0.00021453193263449303,0.057724210463977674,57098,0.10345041030174679,0.0069,index_dividend_yield,0.065,11.24,30,56990.4,57044,56720.45,57088.3,mid_price,ok
2026-09-08T08:20:09.298808+00:00,2026-09-08T13:50:09.298808+05:30,BANKNIFTY,29-Sep-2026,56200.0,PE,56758.05,303.25,30,304.45,120,303.85,303.85,2073,239,4933,24.70757233736918,12.15,-0.31977715816679414,0.0002157251855557898,-11.102183120748771,48.74050932715132,-1.290838535900507,0.0017675588020152342,82.37948075925772,-6.382439293191938e-08,-0.001410965886754586,4.62401649083485e-06,-1.268981659422117,-51.89927617825013,0.3291751317337745,0.00022003063524871842,0.057724210463977674,57098,0.10345041030174679,0.0069,index_dividend_yield,0.065,11.24,30,56990.4,57044,56720.45,57088.3,mid_price,ok
2026-09-08T08:20:09.298808+00:00,2026-09-08T13:50:09.298808+05:30,BANKNIFTY,29-Sep-2026,56300.0,CE,56758.05,1128.5,90,1134.95,90,1121.75,1131.725,124,29,95,-16.086923997606224,12.53,0.6535465882071453,0.00021582059160218765,-20.670687665023806,50.287133880144694,-1.0757917260120764,0.0012619273007087317,58.04130927614182,-5.3038393907505195e-08,-0.001473402349277882,4.838038130195084e-06,-1.2598984419150696,35.357925825857365,-0.640229646249143,0.0002193466578455832,0.057724210463977674,57098,0.10345041030174679,0.0069,index_dividend_yield,0.065,11.24,30,56990.4,57044,56720.45,57088.3,mid_price,ok
2026-09-08T08:20:09.298808+00:00,2026-09-08T13:50:09.298808+05:30,BANKNIFTY,29-Sep-2026,56300.0,PE,56758.05,331.45,60,332.85,90,330.7,332.15,2462,912,6693,23.280521901211557,12.12,-0.3415006290913726,0.00022201418529178344,-11.238492327052665,50.037577736135944,-1.1471375469263856,0.001287698454445707,63.82777310404819,-5.786754137309901e-08,-0.001548677575571503,4.955014149592558e-06,-1.2585694277048631,-50.70879736521467,0.35106837243998884,0.00022564144216519284,0.057724210463977674,57098,0.10345041030174679,0.0069,index_dividend_yield,0.065,11.24,30,56990.4,57044,56720.45,57088.3,mid_price,ok
2026-09-08T08:20:09.298808+00:00,2026-09-08T13:50:09.298808+05:30,BANKNIFTY,29-Sep-2026,56400.0,CE,56758.05,1057.45,30,1063,30,1060,1060.225,322,198,772,-17.01569655928289,12.21,0.6345927273293246,0.00022568970493442193,-20.40886397851926,51.243684269614434,-0.9706837954453484,0.0007860151907496116,45.6321431307849,-4.995540411628174e-08,-0.0016475163931072363,5.201666587524497e-06,-1.2515595384407021,37.141371135720405,-0.6214270380926383,0.0002285643397006807,0.057724210463977674,57098,0.10345041030174679,0.0069,index_dividend_yield,0.065,11.24,30,56990.4,57044,56720.45,57088.3,mid_price,ok
2026-09-08T08:20:09.298808+00:00,2026-09-08T13:50:09.298808+05:30,BANKNIFTY,29-Sep-2026,56400.0,PE,56758.05,361,120,362.1,60,361.75,361.55,2758,821,6662,23.738669403112706,12.04,-0.36333590319826403,0.00022852279675365965,-11.262492750298145,51.16452556790589,-0.9980298339124227,0.0007805288483028749,47.52424846138936,-5.183214423341114e-08,-0.0016858612185994815,5.261762723766147e-06,-1.2507893405581072,-49.7655672889704,0.37298980546488986,0.00023143351692417715,0.057724210463977674,57098,0.10345041030174679,0.0069,index_dividend_yield,0.065,11.24,30,56990.4,57044,56720.45,57088.3,mid_price,ok
2026-09-08T08:20:09.298808+00:00,2026-09-08T13:50:09.298808+05:30,BANKNIFTY,29-Sep-2026,56500.0,CE,56758.05,993.1,60,996.05,60,993,994.575,3143,965,5399,-16.677155443675268,12.13,0.6123209292899233,0.00023142313430129922,-20.397596569130876,52.201202330960584,-0.8106809033094353,0.00025463194250818777,31.62025497175236,-4.3416204392407305e-08,-0.001767782010684085,5.456174709182867e-06,-1.2473673653184818,38.41976918028454,-0.5991071122962177,0.0002335418994415407,0.057724210463977674,57098,0.10345041030174679,0.0069,index_dividend_yield,0.065,11.24,30,56990.4,57044,56720.45,57088.3,mid_price,ok
2026-09-08T08:20:09.298808+00:00,2026-09-08T13:50:09.298808+05:30,BANKNIFTY,29-Sep-2026,56500.0,PE,56758.05,393.1,90,394.45,60,394.05,393.775,17900,1466,24554,23.837209302325583,11.97,-0.3859661774156624,0.00023428477002454401,-11.24667133018513,52.14961926399655,-0.8329131335240991,0.00024227788837943853,32.87776496954109,-4.4954990261079144e-08,-0.001809672419457716,5.52193139276931e-06,-1.2465150575084678,-48.76832572991946,0.39567941039368654,0.0002364297345075297,0.057724210463977674,57098,0.10345041030174679,0.0069,index_dividend_yield,0.065,11.24,30,56990.4,57044,56720.45,57088.3,mid_price,ok
2026-09-08T08:20:09.298808+00:00,2026-09-08T13:50:09.298808+05:30,BANKNIFTY,29-Sep-2026,56600.0,CE,56758.05,927.1,120,929.95,90,930,928.5250000000001,921,632,4002,-16.949455259867833,12.1,0.5890943178194232,0.0002355982016506083,-20.39401315528387,53.011522256039456,-0.6321482381390631,-0.0003021107781476795,19.467659325581366,-3.581516154573353e-08,-0.0018606910891182094,5.640311298232506e-06,-1.2474627183018967,39.603650823672226,-0.5758230223735757,0.00023691580889935972,0.057724210463977674,57098,0.10345041030174679,0.0069,index_dividend_yield,0.065,11.24,30,56990.4,57044,56720.45,57088.3,mid_price,ok
2026-09-08T08:20:09.298808+00:00,2026-09-08T13:50:09.298808+05:30,BANKNIFTY,29-Sep-2026,56600.0,PE,56758.05,428.05,90,429.3,90,429.9,428.675,2290,199,8632,24.122996968384584,11.94,-0.40948185063651843,0.000238612221363067,-11.2253329188303,52.97975487804806,-0.6500750726235183,-0.0003214271185052464,20.253733942464436,-3.707012654795025e-08,-0.0019073320615076112,5.713063229031566e-06,-1.2465828913608021,-47.59021035876939,0.41925364516222435,0.00023994668482800848,0.057724210463977674,57098,0.10345041030174679,0.0069,index_dividend_yield,0.065,11.24,30,56990.4,57044,56720.45,57088.3,mid_price,ok
2026-09-08T08:20:09.298808+00:00,2026-09-08T13:50:09.298808+05:30,BANKNIFTY,29-Sep-2026,56700.0,CE,56758.05,864.95,60,867,30,861.3,865.975,2304,926,6674,-18.220660843144703,12.05,0.5655637530331047,0.00023937793093491163,-20.308596765213828,53.63942204229862,-0.4463032809697287,-0.0008758141542324349,10.08300845628085,-2.7876985622528642e-08,-0.0019416702140377109,5.7766354876480255e-06,-1.2519761741189654,40.882434453250134,-0.5522947133600203,0.00023986833665845544,0.057724210463977674,57098,0.10345041030174679,0.0069,index_dividend_yield,0.065,11.24,30,56990.4,57044,56720.45,57088.3,mid_price,ok
2026-09-08T08:20:09.298808+00:00,2026-09-08T13:50:09.298808+05:30,BANKNIFTY,29-Sep-2026,56700.0,PE,56758.05,465,90,466.2,60,466.55,465.6,3204,880,14529,23.100263852242744,11.89,-0.4333134820687294,0.00024252472355182632,-11.121446070792462,53.62296288492234,-0.45953575640952926,-0.0009027391350379665,10.497433263633837,-2.8826182196370138e-08,-0.0019923952734738006,5.8544396890039985e-06,-1.2511794717054272,-46.508020286214496,0.44308361385735906,0.0002430215760062952,0.057724210463977674,57098,0.10345041030174679,0.0069,index_dividend_yield,0.065,11.24,30,56990.4,57044,56720.45,57088.3,mid_price,ok
2026-09-08T08:20:09.298808+00:00,2026-09-08T13:50:09.298808+05:30,BANKNIFTY,29-Sep-2026,56800.0,CE,56758.05,804.95,150,807.2,60,807,806.075,4455,3885,19455,-18.538333417453188,11.99,0.5416670065992719,0.00024255445537666874,-20.152048813406395,54.08058408983262,-0.2526276293951524,-0.0014625656264746212,3.6235899354082335,-1.9518995166009285e-08,-0.002006858782866618,5.857462432030502e-06,-1.26134376746122,42.23578029234797,-0.5284515896553211,0.0002421963074210766,0.057724210463977674,57098,0.10345041030174679,0.0069,index_dividend_yield,0.065,11.24,30,56990.4,57044,56720.45,57088.3,mid_price,ok
2026-09-08T08:20:09.298808+00:00,2026-09-08T13:50:09.298808+05:30,BANKNIFTY,29-Sep-2026,56800.0,PE,56758.05,504.15,30,505.6,60,505.35,504.875,4596,1228,29306,22.79188433969141,11.84,-0.45755017921192037,0.00024560218884558287,-10.958247664004507,54.075042491067485,-0.2602578540757128,-0.0014965478563484513,3.7674627927373194,-2.0097517165453064e-08,-0.002057376333958351,5.932949181657667e-06,-1.2607991920550532,-45.43051225219542,0.4672762433232403,0.000245239540706684,0.057724210463977674,57098,0.10345041030174679,0.0069,index_dividend_yield,0.065,11.24,30,56990.4,57044,56720.45,57088.3,mid_price,ok
2026-09-08T08:20:09.298808+00:00,2026-09-08T13:50:09.298808+05:30,BANKNIFTY,29-Sep-2026,56900.0,CE,56758.05,747.5,30,749,30,747.5,748.25,6093,5247,35402,-19.493807215939686,11.98,0.5173930640146693,0.00024386582225505846,-19.99943285868468,54.32762132512002,-0.05103986061949506,-0.002048748506677023,0.3071564716172759,-1.06577989352358e-08,-0.0020343706463111836,5.849440119351599e-06,-1.2759401393533878,43.45812165548291,-0.5042264552303671,0.00024265058240324514,0.057724210463977674,57098,0.10345041030174679,0.0069,index_dividend_yield,0.065,11.24,30,56990.4,57044,56720.45,57088.3,mid_price,ok
2026-09-08T08:20:09.298808+00:00,2026-09-08T13:50:09.298808+05:30,BANKNIFTY,29-Sep-2026,56900.0,PE,56758.05,545.2,30,546.9,90,549,546.05,4833,1883,54451,23.66257461425836,11.77,-0.4820978443820181,0.00024821381121545283,-10.70913960766109,54.326952016726665,-0.05460002723342572,-0.002099532405746951,0.33065442613988694,-1.0999758364776196e-08,-0.002107509587412332,5.954970912107837e-06,-1.2756532055155176,-44.435751047951456,0.491717399122137,0.0002469769043280088,0.057724210463977674,57098,0.10345041030174679,0.0069,index_dividend_yield,0.065,11.24,30,56990.4,57044,56720.45,57088.3,mid_price,ok
2026-09-08T08:20:09.298808+00:00,2026-09-08T13:50:09.298808+05:30,BANKNIFTY,29-Sep-2026,57000.0,CE,56758.05,690.35,90,692,240,691.85,691.175,27456,11116,67351,-19.505526468877253,11.86,0.49288739916653684,0.0002465361790883261,-19.64584278229399,54.37237253925046,0.15409097106341973,-0.0026522966099128964,0.3643527209753472,-1.6089774946379276e-09,-0.002077215277172947,5.828671402524085e-06,-1.2956819559711477,45.1214028034305,-0.47991800636630055,0.0002444476587210638,0.057724210463977674,57098,0.10345041030174679,0.0069,index_dividend_yield,0.065,11.24,30,56990.4,57044,56720.45,57088.3,mid_price,ok
2026-09-08T08:20:09.298808+00:00,2026-09-08T13:50:09.298808+05:30,BANKNIFTY,29-Sep-2026,57000.0,PE,56758.05,590,120,591.2,180,592.2,590.6,32137,3423,83578,22.723033882499223,11.78,-0.5068382263973045,0.000248209099978636,-10.502053287980578,54.372077123237894,0.15553747182478483,-0.0026874313597704536,0.37436183716366145,-1.5536122988062147e-09,-0.0021054807152117716,5.867528372632976e-06,-1.2958268218414446,-43.146230970440605,0.5163839559152127,0.0002461064075358384,0.057724210463977674,57098,0.10345041030174679,0.0069,index_dividend_yield,0.065,11.24,30,56990.4,57044,56720.45,57088.3,mid_price,ok
2026-09-08T08:20:09.298808+00:00,2026-09-08T13:50:09.298808+05:30,BANKNIFTY,29-Sep-2026,57100.0,CE,56758.05,637.65,90,638.95,30,636.85,638.3,5489,1644,16087,-20.597219624711677,11.79,0.46813529247923197,0.00024725481957059013,-19.295192794356677,54.209013602956745,0.3635463571521058,-0.00324288311216292,3.941038949495379,7.813422470165351e-09,-0.0020793290470139114,5.7134016237264805e-06,-1.3207618248934665,46.661090532440994,-0.45535922222622643,0.00024430225843477066,0.057724210463977674,57098,0.10345041030174679,0.0069,index_dividend_yield,0.065,11.24,30,56990.4,57044,56720.45,57088.3,mid_price,ok
2026-09-08T08:20:09.298808+00:00,2026-09-08T13:50:09.298808+05:30,BANKNIFTY,29-Sep-2026,57100.0,PE,56758.05,635.7,90,637.9,30,638.25,636.8,3617,286,18503,22.45778971603991,11.73,-0.531685568412206,0.0002485086254880096,-10.158064194478063,54.20663064058336,0.3667693340827505,-0.003276909386616289,4.003547043200939,7.998627822233922e-09,-0.0021003695642110715,5.740487229352793e-06,-1.3211148202809397,-42.094793785196146,0.5410565400454396,0.00024554109219257736,0.057724210463977674,57098,0.10345041030174679,0.0069,index_dividend_yield,0.065,11.24,30,56990.4,57044,56720.45,57088.3,mid_price,ok
2026-09-08T08:20:09.298808+00:00,2026-09-08T13:50:09.298808+05:30,BANKNIFTY,29-Sep-2026,57200.0,CE,56758.05,587.6,90,588.9,30,588.35,588.25,8558,2286,23329,-20.862196516241845,11.79,0.44365511717942857,0.00024557475012800293,-18.97885633320851,53.84066928746356,0.567952388406151,-0.003800207743368811,10.941450698346955,1.7050187301997812e-08,-0.0020331425162486657,5.499490756254275e-06,-1.350142532949576,47.953164262872015,-0.4310469019487741,0.00024179459344980122,0.057724210463977674,57098,0.10345041030174679,0.0069,index_dividend_yield,0.065,11.24,30,56990.4,57044,56720.45,57088.3,mid_price,ok
2026-09-08T08:20:09.298808+00:00,2026-09-08T13:50:09.298808+05:30,BANKNIFTY,29-Sep-2026,57200.0,PE,56758.05,685.15,60,687.15,60,688,686.15,6590,-538,29585,21.76991150442478,11.64,-0.5568084664914403,0.0002486620850371855,-9.700611688198666,53.823939944694956,0.5812746239616806,-0.003863602813745537,11.371178936588677,1.7873032860501897e-08,-0.00208388629023112,5.559257400689282e-06,-1.351749744112304,-41.18360629515154,0.5659220286244045,0.0002448344047040936,0.057724210463977674,57098,0.10345041030174679,0.0069,index_dividend_yield,0.065,11.24,30,56990.4,57044,56720.45,57088.3,mid_price,ok
2026-09-08T08:20:09.298808+00:00,2026-09-08T13:50:09.298808+05:30,BANKNIFTY,29-Sep-2026,57300.0,CE,56758.05,540.1,180,541.85,90,539.25,540.975,7344,1540,18012,-21.483692486895748,11.71,0.41881288317576637,0.00024456381168384725,-18.4977231338756,53.255200438993754,0.775904766989105,-0.004358761950726209,21.63966555075092,2.665806908931887e-08,-0.0019892624368293456,5.250707252285456e-06,-1.3846644950355937,49.6310323123066,-0.4064929867106195,0.00023995946396908192,0.057724210463977674,57098,0.10345041030174679,0.0069,index_dividend_yield,0.065,11.24,30,56990.4,57044,56720.45,57088.3,mid_price,ok
2026-09-08T08:20:09.298808+00:00,2026-09-08T13:50:09.298808+05:30,BANKNIFTY,29-Sep-2026,57300.0,PE,56758.05,735.75,30,737.85,60,738.3,736.8,5970,-3997,21543,21.351084812623274,11.55,-0.5820460069509422,0.00024778719882729444,-9.18262685219772,53.21986693305832,0.7957148652951718,-0.004431647947731099,22.541633334569156,2.7930703987406826e-08,-0.002040533065117005,5.303477316262754e-06,-1.3872725665648744,-40.268037651899405,0.5908585312151813,0.00024312216512989928,0.057724210463977674,57098,0.10345041030174679,0.0069,index_dividend_yield,0.065,11.24,30,56990.4,57044,56720.45,57088.3,mid_price,ok
2026-09-08T08:20:09.298808+00:00,2026-09-08T13:50:09.298808+05:30,BANKNIFTY,29-Sep-2026,57400.0,CE,56758.05,494.35,60,496,30,494,495.175,7629,1311,15351,-22.19859831482794,11.68,0.3944858336272074,0.00024159056333290774,-18.030514216811763,52.472981725996014,0.972921009994937,-0.00487302018869934,35.458040148490966,3.578090213622355e-08,-0.0019052823152835533,4.920248891056501e-06,-1.4221894758799465,51.12818484059539,-0.3824446500826356,0.00023621698076262414,0.057724210463977674,57098,0.10345041030174679,0.0069,index_dividend_yield,0.065,11.24,30,56990.4,57044,56720.45,57088.3,mid_price,ok
2026-09-08T08:20:09.298808+00:00,2026-09-08T13:50:09.298808+05:30,BANKNIFTY,29-Sep-2026,57400.0,PE,56758.05,789.6,90,792.25,60,790.25,790.925,7518,-524,10168,20.520054903156932,11.54,-0.6064930282597554,0.0002442860510032929,-8.720107646023962,52.42246178977312,0.9945851155625518,-0.004943304426841211,36.73329448838203,3.7204567552359925e-08,-0.001945815502897222,4.954387471266518e-06,-1.4252709291056007,-39.110006761233066,0.6150440634840417,0.0002388525139986797,0.057724210463977674,57098,0.10345041030174679,0.0069,index_dividend_yield,0.065,11.24,30,56990.4,57044,56720.45,57088.3,mid_price,ok
2026-09-08T08:20:09.298808+00:00,2026-09-08T13:50:09.298808+05:30,BANKNIFTY,29-Sep-2026,57500.0,CE,56758.05,451.25,30,452,30,449.7,451.625,73436,6010,43525,-22.438771990341497,11.61,0.37001625437551766,0.00023842244075295962,-17.45442118685963,51.47451736877714,1.168299892095076,-0.005367076175183283,52.80458110959785,4.506372898718001e-08,-0.0018091204455809812,4.538652785243371e-06,-1.463528247366476,52.86727746354845,-0.3583331031180321,0.0002323091804677138,0.057724210463977674,57098,0.10345041030174679,0.0069,index_dividend_yield,0.065,11.24,30,56990.4,57044,56720.45,57088.3,mid_price,ok
2026-09-08T08:20:09.298808+00:00,2026-09-08T13:50:09.298808+05:30,BANKNIFTY,29-Sep-2026,57500.0,PE,56758.05,846.85,30,849.3,90,850,848.075,63130,-1335,23767,20.541728710203504,11.49,-0.6310005912559354,0.00024061148416518264,-8.149768376362871,51.410202517077366,1.190390440968192,-0.005432742950576386,54.412063261334964,4.654905093840551e-08,-0.001839545366501166,4.556020126917834e-06,-1.4668881844451036,-38.0887732933312,0.6392112992653254,0.000234442095806957,0.057724210463977674,57098,0.10345041030174679,0.0069,index_dividend_yield,0.065,11.24,30,56990.4,57044,56720.45,57088.3,mid_price,ok
2026-09-08T08:20:09.298808+00:00,2026-09-08T13:50:09.298808+05:30,BANKNIFTY,29-Sep-2026,57600.0,CE,56758.05,412.35,30,413.65,90,411.95,413.0,9420,497,9250,-23.322475570032573,11.62,0.3468920449599404,0.00023293054083346886,-16.948789963794432,50.332151725946005,1.3381884902228525,-0.005789193608592591,71.78522858513148,5.295794057030473e-08,-0.0016724421508324877,4.094218377436961e-06,-1.5044352229775912,54.22905522901164,-0.3355181689451476,0.0002261707304986997,0.057724210463977674,57098,0.10345041030174679,0.0069,index_dividend_yield,0.065,11.24,30,56990.4,57044,56720.45,57088.3,mid_price,ok
2026-09-08T08:20:09.298808+00:00,2026-09-08T13:50:09.298808+05:30,BANKNIFTY,29-Sep-2026,57600.0,PE,56758.05,907.05,60,909.65,60,917.85,908.3499999999999,3418,32,5378,21.593694111412862,11.28,-0.6573801160910637,0.00023873794664400316,-7.288797682715916,50.077597809958,1.4101975120690002,-0.005945431274419598,78.0880017246659,5.792817154094578e-08,-0.001744293241242285,4.104705927107026e-06,-1.5160229253274622,-37.50526077777698,0.665042539843347,0.00023180960125292159,0.057724210463977674,57098,0.10345041030174679,0.0069,index_dividend_yield,0.065,11.24,30,56990.4,57044,56720.45,57088.3,mid_price,ok
2026-09-08T08:20:09.298808+00:00,2026-09-08T13:50:09.298808+05:30,BANKNIFTY,29-Sep-2026,57700.0,CE,56758.05,375,60,376.45,90,374.05,375.725,10857,595,6832,-24.571486186731196,11.58,0.3236518337903034,0.00022747874986062277,-16.32693902285558,48.98491133050432,1.5044907168486887,-0.006184707301455927,93.79674749209599,6.09691122876407e-08,-0.0015289011070218075,3.6109532652723567e-06,-1.5475329229453294,55.89017280907475,-0.31267191301424574,0.00022011221243447478,0.057724210463977674,57098,0.10345041030174679,0.0069,index_dividend_yield,0.065,11.24,30,56990.4,57044,56720.45,57088.3,mid_price,ok
2026-09-08T08:20:09.298808+00:00,2026-09-08T13:50:09.298808+05:30,BANKNIFTY,29-Sep-2026,57700.0,PE,56758.05,967.4,30,972.15,90,975.65,969.775,5792,114,2425,20.584600173031763,11.34,-0.6796260628454587,0.00023119417989306496,-6.790131548411531,48.75317292662783,1.5595900676375618,-0.006299825998752561,99.41391469986272,6.483372213969426e-08,-0.00156738614610826,3.5910891807933924e-06,-1.5568248385159151,-36.205953471544376,0.6869958727247019,0.00022370732417606565,0.057724210463977674,57098,0.10345041030174679,0.0069,index_dividend_yield,0.065,11.24,30,56990.4,57044,56720.45,57088.3,mid_price,ok
2026-09-08T08:20:09.298808+00:00,2026-09-08T13:50:09.298808+05:30,BANKNIFTY,29-Sep-2026,57800.0,CE,56758.05,339.9,120,340.95,120,339.55,340.42499999999995,11861,861,10387,-24.367969707094332,11.53,0.3007975670855233,0.0002213531459980462,-15.650892011944832,47.46002253491883,1.6586479286631872,-0.00653374633867021,118.0225170876632,6.857041341618953e-08,-0.001369392539404864,3.087324698244399e-06,-1.5907129639192445,57.6537319451836,-0.2902518830193616,0.00021344449313293656,0.057724210463977674,57098,0.10345041030174679,0.0069,index_dividend_yield,0.065,11.24,30,56990.4,57044,56720.45,57088.3,mid_price,ok
2026-09-08T08:20:09.298808+00:00,2026-09-08T13:50:09.298808+05:30,BANKNIFTY,29-Sep-2026,57800.0,PE,56758.05,1032.35,30,1038.8,60,1044.05,1035.5749999999998,5164,-66,1924,20.282258064516128,11.34,,,,,,,,,,,,,,,0.057724210463977674,,,,,,11.24,30,56990.4,57044,56720.45,57088.3,mid_price,no_price_available
2026-09-08T08:20:09.298808+00:00,2026-09-08T13:50:09.298808+05:30,BANKNIFTY,29-Sep-2026,57900.0,CE,56758.05,308.05,30,308.95,60,308.8,308.5,7347,29,8046,-24.84789486493064,11.53,0.27944354656137077,0.00021384556757819668,-15.02250345047194,45.85033300743466,1.784359424835652,-0.006810267494057388,142.15208244027977,7.462833747395754e-08,-0.001191715936417866,2.5466239535972305e-06,-1.6301739259400703,59.14772856420736,-0.2693008166128257,0.00020549348526589543,0.057724210463977674,57098,0.10345041030174679,0.0069,index_dividend_yield,0.065,11.24,30,56990.4,57044,56720.45,57088.3,mid_price,ok
2026-09-08T08:20:09.298808+00:00,2026-09-08T13:50:09.298808+05:30,BANKNIFTY,29-Sep-2026,57900.0,PE,56758.05,1100.75,30,1107.8,60,1110.4,1104.275,6195,-85,2457,19.340104250631416,11.23,,,,,,,,,,,,,,,0.057724210463977674,,,,,,11.24,30,56990.4,57044,56720.45,57088.3,mid_price,no_price_available
2026-09-08T08:20:09.298808+00:00,2026-09-08T13:50:09.298808+05:30,BANKNIFTY,29-Sep-2026,58000.0,CE,56758.05,278.55,30,279.4,90,277.95,278.975,50376,5102,38707,-26.018099547511312,11.49,0.25812970226820403,0.00020620689928549713,-14.302943861714336,44.05915407349459,1.9021121860693935,-0.007045745562370254,168.30022428518276,8.063032460453799e-08,-0.0010069804000430334,1.977596429080669e-06,-1.668564085633555,60.92541638457234,-0.24845629663598082,0.00019747045972995727,0.057724210463977674,57098,0.10345041030174679,0.0069,index_dividend_yield,0.065,11.24,30,56990.4,57044,56720.45,57088.3,mid_price,ok
2026-09-08T08:20:09.298808+00:00,2026-09-08T13:50:09.298808+05:30,BANKNIFTY,29-Sep-2026,58000.0,PE,56758.05,1167.5,60,1173.25,60,1170.85,1170.375,30975,-896,9083,18.041133178747856,11.4,,,,,,,,,,,,,,,0.057724210463977674,,,,,,11.24,30,56990.4,57044,56720.45,57088.3,mid_price,no_price_available
2026-09-08T08:20:09.298808+00:00,2026-09-08T13:50:09.298808+05:30,BANKNIFTY,29-Sep-2026,58100.0,CE,56758.05,250.35,60,251.2,30,250.85,250.77499999999998,4089,-191,7836,-25.882700546609545,11.48,0.23818406860555558,0.00019772142930699163,-13.612661189275741,42.20934018463339,1.9937553763200444,-0.007214542361924398,193.55044480166583,8.52641730212209e-08,-0.0008156395133640022,1.4127366816582e-06,-1.7016543926895338,62.535721847685316,-0.2289618764079743,0.000188693269249784,0.057724210463977674,57098,0.10345041030174679,0.0069,index_dividend_yield,0.065,11.24,30,56990.4,57044,56720.45,57088.3,mid_price,ok
2026-09-08T08:20:09.298808+00:00,2026-09-08T13:50:09.298808+05:30,BANKNIFTY,29-Sep-2026,58100.0,PE,56758.05,1237.9,30,1248.5,60,1258.75,1243.2,1589,-303,661,19.437328019736217,11.31,,,,,,,,,,,,,,,0.057724210463977674,,,,,,11.24,30,56990.4,57044,56720.45,57088.3,mid_price,no_price_available
2026-09-08T08:20:09.298808+00:00,2026-09-08T13:50:09.298808+05:30,BANKNIFTY,29-Sep-2026,58200.0,CE,56758.05,225.45,90,226.2,90,225.55,225.825,5399,-729,9489,-27.065481002425223,11.45,0.2186990343370651,0.00018895718379475796,-12.873668151761848,40.23294544097052,2.071254608266335,-0.007332026354894688,219.27832167081718,8.943314905532032e-08,-0.0006203771986813784,8.395290139903384e-07,-1.730622555449422,64.31490461779681,-0.2099644042833922,0.0001797100524128219,0.057724210463977674,57098,0.10345041030174679,0.0069,index_dividend_yield,0.065,11.24,30,56990.4,57044,56720.45,57088.3,mid_price,ok
2026-09-08T08:20:09.298808+00:00,2026-09-08T13:50:09.298808+05:30,BANKNIFTY,29-Sep-2026,58200.0,PE,56758.05,1312.45,30,1323.05,60,1335.8,1317.75,2557,-185,482,20.728455872384654,11.29,,,,,,,,,,,,,,,0.057724210463977674,,,,,,11.24,30,56990.4,57044,56720.45,57088.3,mid_price,no_price_available
2026-09-08T08:20:09.298808+00:00,2026-09-08T13:50:09.298808+05:30,BANKNIFTY,29-Sep-2026,58300.0,CE,56758.05,202.5,120,203.3,60,203.25,202.9,4769,-224,7697,-26.690712353471596,11.47,0.20116166910437552,0.00017958501863831518,-12.21276907937451,38.304205259913445,2.1177546180735085,-0.007383987852792678,241.78728527652993,9.178918837706563e-08,-0.0004320351410780208,3.0984706636454713e-07,-1.7516911163563975,65.74863029346685,-0.19286260025909613,0.00017021111909118025,0.057724210463977674,57098,0.10345041030174679,0.0069,index_dividend_yield,0.065,11.24,30,56990.4,57044,56720.45,57088.3,mid_price,ok
2026-09-08T08:20:09.298808+00:00,2026-09-08T13:50:09.298808+05:30,BANKNIFTY,29-Sep-2026,58300.0,PE,56758.05,1388.45,30,1396.5,60,1403.5,1392.475,2051,-86,163,18.89533652420687,11.28,,,,,,,,,,,,,,,0.057724210463977674,,,,,,11.24,30,56990.4,57044,56720.45,57088.3,mid_price,no_price_available
2026-09-08T08:20:09.298808+00:00,2026-09-08T13:50:09.298808+05:30,BANKNIFTY,29-Sep-2026,58400.0,CE,56758.05,181.1,60,181.8,30,180.3,181.45,3190,64,6496,-28.18163712407887,11.46,0.18393572487966053,0.00017016946115839865,-11.496625471002018,36.264289686279454,2.15284216988669,-0.007389531785807701,264.2883192099106,9.387488209295106e-08,-0.000244647983007034,-2.182365982640014e-07,-1.7674182623220034,67.4230551128793,-0.17611288303448616,0.00016073515078514252,0.057724210463977674,57098,0.10345041030174679,0.0069,index_dividend_yield,0.065,11.24,30,56990.4,57044,56720.45,57088.3,mid_price,ok
2026-09-08T08:20:09.298808+00:00,2026-09-08T13:50:09.298808+05:30,BANKNIFTY,29-Sep-2026,58400.0,PE,56758.05,1468.35,60,1476.55,60,1487.45,1472.4499999999998,1080,-35,114,17.394735803638373,11.26,,,,,,,,,,,,,,,0.057724210463977674,,,,,,11.24,30,56990.4,57044,56720.45,57088.3,mid_price,no_price_available
2026-09-08T08:20:09.298808+00:00,2026-09-08T13:50:09.298808+05:30,BANKNIFTY,29-Sep-2026,58500.0,CE,56758.05,161.95,120,162.45,60,161.6,162.2,25301,3049,27017,-28.352915096430948,11.45,0.16765832322286453,0.00016060845877789937,-10.782263044273055,34.19690762531808,2.1697998948943393,-0.007344306457814476,285.01166351807683,9.513395467405569e-08,-6.401474041563932e-05,-7.19405357149476e-07,-1.7759222028912662,69.11898244274344,-0.160312554539116,0.00015118601325569495,0.057724210463977674,57098,0.10345041030174679,0.0069,index_dividend_yield,0.065,11.24,30,56990.4,57044,56720.45,57088.3,mid_price,ok
2026-09-08T08:20:09.298808+00:00,2026-09-08T13:50:09.298808+05:30,BANKNIFTY,29-Sep-2026,58500.0,PE,56758.05,1548.45,30,1554.55,30,1552.9,1551.5,8545,-150,1295,15.931317655841733,11,,,,,,,,,,,,,,,0.057724210463977674,,,,,,11.24,30,56990.4,57044,56720.45,57088.3,mid_price,no_price_available
2026-09-08T08:20:09.298808+00:00,2026-09-08T13:50:09.298808+05:30,BANKNIFTY,29-Sep-2026,58600.0,CE,56758.05,144.45,30,144.9,60,143.75,144.675,2811,368,5925,-29.152291769344505,11.45,0.1525549629137474,0.00015099428756766315,-10.092302130530241,32.14984903779317,2.1677338295869872,-0.007251993157701474,303.09299152877855,9.5431068132657e-08,0.00010488490614134834,-1.1792159386812395e-06,-1.7766339558152815,70.75055535984647,-0.14567130387735344,0.00014165118689359602,0.057724210463977674,57098,0.10345041030174679,0.0069,index_dividend_yield,0.065,11.24,30,56990.4,57044,56720.45,57088.3,mid_price,ok
2026-09-08T08:20:09.298808+00:00,2026-09-08T13:50:09.298808+05:30,BANKNIFTY,29-Sep-2026,58600.0,PE,56758.05,1629.75,60,1638.85,30,1645.35,1634.3,766,-252,574,14.292164490136148,11.28,,,,,,,,,,,,,,,0.057724210463977674,,,,,,11.24,30,56990.4,57044,56720.45,57088.3,mid_price,no_price_available
2026-09-08T08:20:09.298808+00:00,2026-09-08T13:50:09.298808+05:30,BANKNIFTY,29-Sep-2026,58700.0,CE,56758.05,128.5,120,128.95,60,128.5,128.725,2610,31,5789,-29.201101928374655,11.5,0.13947928644387292,0.00014155325886344318,-9.501837806601316,30.271270338156864,2.142693683713934,-0.007124213842672088,316.2851043449848,9.422926224523449e-08,0.00024822074828566006,-1.558743074008413e-06,-1.7697077009368876,71.95656724917767,-0.1329906908652154,0.00013234227690105458,0.057724210463977674,57098,0.10345041030174679,0.0069,index_dividend_yield,0.065,11.24,30,56990.4,57044,56720.45,57088.3,mid_price,ok
2026-09-08T08:20:09.298808+00:00,2026-09-08T13:50:09.298808+05:30,BANKNIFTY,29-Sep-2026,58700.0,PE,56758.05,1716.4,30,1725.3,60,1741.1,1720.85,410,30,47,14.715862296162083,10.64,,,,,,,,,,,,,,,0.057724210463977674,,,,,,11.24,30,56990.4,57044,56720.45,57088.3,mid_price,no_price_available
2026-09-08T08:20:09.298808+00:00,2026-09-08T13:50:09.298808+05:30,BANKNIFTY,29-Sep-2026,58800.0,CE,56758.05,114.5,30,114.85,30,114.55,114.675,4517,-579,6148,-29.44256236526024,11.49,0.12604687586860913,0.0001321317388697985,-8.819523335910397,28.231900392445546,2.1128575509849754,-0.006952782583472538,329.92414424530205,9.332556246414699e-08,0.0003942755061394509,-1.9462307011585734e-06,-1.755399273079366,73.69093035553912,-0.12001856059992487,0.00012311399685687805,0.057724210463977674,57098,0.10345041030174679,0.0069,index_dividend_yield,0.065,11.24,30,56990.4,57044,56720.45,57088.3,mid_price,ok
2026-09-08T08:20:09.298808+00:00,2026-09-08T13:50:09.298808+05:30,BANKNIFTY,29-Sep-2026,58800.0,PE,56758.05,1799,30,1808.85,30,1785.55,1803.925,545,11,102,13.440279542566708,10.22,,,,,,,,,,,,,,,0.057724210463977674,,,,,,11.24,30,56990.4,57044,56720.45,57088.3,mid_price,no_price_available
2026-09-08T08:20:09.298808+00:00,2026-09-08T13:50:09.298808+05:30,BANKNIFTY,29-Sep-2026,58900.0,CE,56758.05,102,120,102.45,30,101.8,102.225,2393,448,4439,-29.76888582269748,11.48,0.11354284156317304,0.00012285400271634127,-8.155654831198794,26.226729251721807,2.0693659080763953,-0.00674557660542785,340.80566287953394,9.178372109174214e-08,0.0005264122183522817,-2.289253884646072e-06,-1.7330859889461578,75.44475988472183,-0.10796350693382359,0.0001140810878313291,0.057724210463977674,57098,0.10345041030174679,0.0069,index_dividend_yield,0.065,11.24,30,56990.4,57044,56720.45,57088.3,mid_price,ok
2026-09-08T08:20:09.298808+00:00,2026-09-08T13:50:09.298808+05:30,BANKNIFTY,29-Sep-2026,58900.0,PE,56758.05,1888.45,30,1899.55,60,1910.15,1894.0,622,17,39,15.497173262387761,0,,,,,,,,,,,,,,,0.057724210463977674,,,,,,11.24,30,56990.4,57044,56720.45,57088.3,mid_price,no_price_available
2026-09-08T08:20:09.298808+00:00,2026-09-08T13:50:09.298808+05:30,BANKNIFTY,29-Sep-2026,59000.0,CE,56758.05,91.2,150,91.5,90,91.3,91.35,35315,1150,44457,-30.118637581324148,11.52,0.10295468872318367,0.0001140979032492724,-7.5987231370933825,24.442356641024567,2.010697828359699,-0.00652581870733622,346.7717193552584,8.911031188747193e-08,0.0006284417982884113,-2.5468880806789004e-06,-1.7052879886953782,76.73274195972115,-0.09775175156623428,0.00010559140601229976,0.057724210463977674,57098,0.10345041030174679,0.0069,index_dividend_yield,0.065,11.24,30,56990.4,57044,56720.45,57088.3,mid_price,ok
2026-09-08T08:20:09.298808+00:00,2026-09-08T13:50:09.298808+05:30,BANKNIFTY,29-Sep-2026,59000.0,PE,56758.05,1973.4,30,1985.7,30,1990,1979.5500000000002,8372,-238,747,14.190623744763872,10.49,,,,,,,,,,,,,,,0.057724210463977674,,,,,,11.24,30,56990.4,57044,56720.45,57088.3,mid_price,no_price_available
2026-09-08T08:20:09.298808+00:00,2026-09-08T13:50:09.298808+05:30,BANKNIFTY,29-Sep-2026,59100.0,CE,56758.05,80.85,60,81.25,30,80.7,81.05,2549,680,5371,-30.55077452667814,11.57,0.09338013080988997,0.00010576434852915062,-7.079499217769477,22.755458555238683,1.9438071113507884,-0.006290810453962237,349.9025063025396,8.598311056199552e-08,0.0007123020167072052,-2.7542451361810152e-06,-1.672209880678686,77.91235395821397,-0.08852873141168277,9.754820210800166e-05,0.057724210463977674,57098,0.10345041030174679,0.0069,index_dividend_yield,0.065,11.24,30,56990.4,57044,56720.45,57088.3,mid_price,ok
2026-09-08T08:20:09.298808+00:00,2026-09-08T13:50:09.298808+05:30,BANKNIFTY,29-Sep-2026,59100.0,PE,56758.05,2065.8,30,2090.1,120,2031.25,2077.95,219,3,6,13.633185085731867,8.78,,,,,,,,,,,,,,,0.057724210463977674,,,,,,11.24,30,56990.4,57044,56720.45,57088.3,mid_price,no_price_available
2026-09-08T08:20:09.298808+00:00,2026-09-08T13:50:09.298808+05:30,BANKNIFTY,29-Sep-2026,59200.0,CE,56758.05,72.4,30,72.7,60,72.6,72.55000000000001,2695,-139,4625,-29.855072463768117,11.61,0.08438247895251733,9.774114045271447e-05,-6.565578234106131,21.1019483568259,1.8710585587051256,-0.006036421114853085,351.0855030960691,8.267634880597096e-08,0.000784429101935121,-2.92780423491645e-06,-1.6332598939928928,79.17808449681866,-0.07988000319749826,8.984396731750443e-05,0.057724210463977674,57098,0.10345041030174679,0.0069,index_dividend_yield,0.065,11.24,30,56990.4,57044,56720.45,57088.3,mid_price,ok
2026-09-08T08:20:09.298808+00:00,2026-09-08T13:50:09.298808+05:30,BANKNIFTY,29-Sep-2026,59200.0,PE,56758.05,2144.65,30,2203.5,30,2100,2174.075,52,-1,1,29.801897580121768,0,,,,,,,,,,,,,,,0.057724210463977674,,,,,,11.24,30,56990.4,57044,56720.45,57088.3,mid_price,no_price_available
2026-09-08T08:20:09.298808+00:00,2026-09-08T13:50:09.298808+05:30,BANKNIFTY,29-Sep-2026,59300.0,CE,56758.05,64.15,30,64.65,30,63.4,64.4,1920,227,2930,-31.533477321814257,11.7,0.07701800367719736,9.052572746350449e-05,-6.154685167693395,19.695672728549233,1.7939766270650623,-0.005797241198729916,348.66704156933713,7.880822374669074e-08,0.000828942656631599,-3.0313069670149633e-06,-1.5939469185070931,79.92216152576397,-0.07279420049791017,8.293112737829947e-05,0.057724210463977674,57098,0.10345041030174679,0.0069,index_dividend_yield,0.065,11.24,30,56990.4,57044,56720.45,57088.3,mid_price,ok
2026-09-08T08:20:09.298808+00:00,2026-09-08T13:50:09.298808+05:30,BANKNIFTY,29-Sep-2026,59300.0,PE,56758.05,2210.9,30,2300.65,30,0.0,2255.775,53,0,0,0,8.77,,,,,,,,,,,,,,,0.057724210463977674,,,,,,11.24,30,56990.4,57044,56720.45,57088.3,mid_price,no_price_available
2026-09-08T08:20:09.298808+00:00,2026-09-08T13:50:09.298808+05:30,BANKNIFTY,29-Sep-2026,59400.0,CE,56758.05,57.45,30,57.75,60,57.6,57.6,1901,94,2419,-29.969604863221885,11.73,0.06923888617344227,8.322858942337038e-05,-5.670533153886069,18.15446605424599,1.713073151627116,-0.005518954454494421,346.04004888216446,7.522910949750536e-08,0.000876981581795537,-3.13670096746832e-06,-1.545496851686227,81.2596802392362,-0.06534515768241037,7.598967319084936e-05,0.057724210463977674,57098,0.10345041030174679,0.0069,index_dividend_yield,0.065,11.24,30,56990.4,57044,56720.45,57088.3,mid_price,ok
2026-09-08T08:20:09.298808+00:00,2026-09-08T13:50:09.298808+05:30,BANKNIFTY,29-Sep-2026,59400.0,PE,56758.05,2306.65,30,2401.25,30,0.0,2353.95,119,0,0,0,12.5,,,,,,,,,,,,,,,0.057724210463977674,,,,,,11.24,30,56990.4,57044,56720.45,57088.3,mid_price,no_price_available
2026-09-08T08:20:09.298808+00:00,2026-09-08T13:50:09.298808+05:30,BANKNIFTY,29-Sep-2026,59500.0,CE,56758.05,52.25,150,52.5,90,52,52.375,16518,286,14989,-29.63464140730717,11.77,0.06228983987409729,7.641643213766092e-05,-5.226798831279196,16.725386156810682,1.6295893689196836,-0.005240559776139797,341.2535156887166,7.14666553980406e-08,0.0009100012817228457,-3.2014780715418795e-06,-1.494202232046456,82.48440426524084,-0.05869895472154225,6.953568828810249e-05,0.057724210463977674,57098,0.10345041030174679,0.0069,index_dividend_yield,0.065,11.24,30,56990.4,57044,56720.45,57088.3,mid_price,ok
2026-09-08T08:20:09.298808+00:00,2026-09-08T13:50:09.298808+05:30,BANKNIFTY,29-Sep-2026,59500.0,PE,56758.05,2427.8,30,2460.8,30,2424,2444.3,1232,1,6,10.732966355268267,9.71,,,,,,,,,,,,,,,0.057724210463977674,,,,,,11.24,30,56990.4,57044,56720.45,57088.3,mid_price,no_price_available
2026-09-08T08:20:09.298808+00:00,2026-09-08T13:50:09.298808+05:30,BANKNIFTY,29-Sep-2026,59600.0,CE,56758.05,46.3,60,46.7,300,46.4,46.5,1850,-21,2960,-30.277986476333584,11.84,0.056413586087626484,7.02862900580502e-05,-4.85100303826339,15.475163879008381,1.5467346731873715,-0.0049795094553533245,334.402531845436,6.754963765708826e-08,0.0009252708644493955,-3.2225042841878168e-06,-1.4436831130141383,83.37460889343265,-0.05307921241546316,6.374307841028428e-05,0.057724210463977674,57098,0.10345041030174679,0.0069,index_dividend_yield,0.065,11.24,30,56990.4,57044,56720.45,57088.3,mid_price,ok
2026-09-08T08:20:09.298808+00:00,2026-09-08T13:50:09.298808+05:30,BANKNIFTY,29-Sep-2026,59600.0,PE,56758.05,2492,30,2595.1,30,0.0,2543.55,12,0,0,0,11.2,,,,,,,,,,,,,,,0.057724210463977674,,,,,,11.24,30,56990.4,57044,56720.45,57088.3,mid_price,no_price_available
2026-09-08T08:20:09.298808+00:00,2026-09-08T13:50:09.298808+05:30,BANKNIFTY,29-Sep-2026,59700.0,CE,56758.05,41.65,150,41.85,90,41.65,41.75,1464,96,3325,-28.864218616567037,11.93,0.05134799943345669,6.474826693965132e-05,-4.524424286211475,14.364202738501499,1.4659407285126622,-0.0047338329522106995,326.19195197859165,6.363428993991874e-08,0.0009276924417318487,-3.212314305995695e-06,-1.39410966155895,84.02684123899402,-0.04823665020876093,5.8524056214763514e-05,0.057724210463977674,57098,0.10345041030174679,0.0069,index_dividend_yield,0.065,11.24,30,56990.4,57044,56720.45,57088.3,mid_price,ok
2026-09-08T08:20:09.298808+00:00,2026-09-08T13:50:09.298808+05:30,BANKNIFTY,29-Sep-2026,59700.0,PE,56758.05,2588.4,30,2682.25,30,0.0,2635.325,21,0,0,0,0,,,,,,,,,,,,,,,0.057724210463977674,,,,,,11.24,30,56990.4,57044,56720.45,57088.3,mid_price,no_price_available
2026-09-08T08:20:09.298808+00:00,2026-09-08T13:50:09.298808+05:30,BANKNIFTY,29-Sep-2026,59800.0,CE,56758.05,37.1,30,37.45,300,37.1,37.275000000000006,4672,-619,4353,-28.585178055822908,11.99,0.046312856362368066,5.9323671736561206e-05,-4.176468173460602,13.226963045822188,1.3835138321195983,-0.00447122821839982,317.24307029734166,5.98558084029281e-08,0.0009281474412056156,-3.191289625597495e-06,-1.3390558665472536,84.98168473679712,-0.04343972782033737,5.3441739733664906e-05,0.057724210463977674,57098,0.10345041030174679,0.0069,index_dividend_yield,0.065,11.24,30,56990.4,57044,56720.45,57088.3,mid_price,ok
2026-09-08T08:20:09.298808+00:00,2026-09-08T13:50:09.298808+05:30,BANKNIFTY,29-Sep-2026,59800.0,PE,56758.05,2682.5,30,2778,30,0.0,2730.25,7,0,0,0,10.79,,,,,,,,,,,,,,,0.057724210463977674,,,,,,11.24,30,56990.4,57044,56720.45,57088.3,mid_price,no_price_available
2026-09-08T08:20:09.298808+00:00,2026-09-08T13:50:09.298808+05:30,BANKNIFTY,29-Sep-2026,59900.0,CE,56758.05,33.7,30,33.8,30,33.8,33.75,1655,-256,3088,-28.008519701810435,12.11,0.042518376835475144,5.482615987759214e-05,-3.927298189359989,12.346529696291286,1.3091008846678465,-0.0042561948179474715,307.4048931177824,5.6139083278712605e-08,0.0009123930610831397,-3.137751483415657e-06,-1.2923550415877294,85.25750932011925,-0.03981560291514242,4.9225384367734815e-05,0.057724210463977674,57098,0.10345041030174679,0.0069,index_dividend_yield,0.065,11.24,30,56990.4,57044,56720.45,57088.3,mid_price,ok
2026-09-08T08:20:09.298808+00:00,2026-09-08T13:50:09.298808+05:30,BANKNIFTY,29-Sep-2026,59900.0,PE,56758.05,2780.65,30,2836.2,30,0.0,2808.425,17,0,0,0,19.79,,,,,,,,,,,,,,,0.057724210463977674,,,,,,11.24,30,56990.4,57044,56720.45,57088.3,mid_price,no_price_available
2026-09-08T08:20:09.298808+00:00,2026-09-08T13:50:09.298808+05:30,BANKNIFTY,29-Sep-2026,60000.0,CE,56758.05,31.4,120,31.5,30,31.45,31.45,36658,1266,27140,-26.432748538011698,12.24,0.039178471060222,5.076043303039725e-05,-3.705312912554433,11.55366231808105,1.2386250512997528,-0.004055187431783958,297.2938167697805,5.260504213437189e-08,0.0008914889595014741,-3.072273780150948e-06,-1.2474263949680857,85.39940779332,-0.03662758119703997,4.542320248041965e-05,0.057724210463977674,57098,0.10345041030174679,0.0069,index_dividend_yield,0.065,11.24,30,56990.4,57044,56720.45,57088.3,mid_price,ok
2026-09-08T08:20:09.298808+00:00,2026-09-08T13:50:09.298808+05:30,BANKNIFTY,29-Sep-2026,60000.0,PE,56758.05,2913.5,30,2924.85,30,2915,2919.175,11377,112,888,9.751506024096386,9.45,,,,,,,,,,,,,,,0.057724210463977674,,,,,,11.24,30,56990.4,57044,56720.45,57088.3,mid_price,no_price_available
2026-09-08T08:20:09.298808+00:00,2026-09-08T13:50:09.298808+05:30,BANKNIFTY,29-Sep-2026,60100.0,CE,56758.05,27.9,30,27.95,30,27.85,27.924999999999997,1252,46,1240,-25.53475935828877,12.31,0.0354259412161127,4.6486332253336574e-05,-3.42456697334347,10.641338759292822,1.1636773564247527,-0.00381826574427746,286.62387222024944,4.9210239391654464e-08,0.0008745208113720618,-3.0058129150825345e-06,-1.1929363010597864,86.17322315946045,-0.03306778741106184,4.146018832442004e-05,0.057724210463977674,57098,0.10345041030174679,0.0069,index_dividend_yield,0.065,11.24,30,56990.4,57044,56720.45,57088.3,mid_price,ok
2026-09-08T08:20:09.298808+00:00,2026-09-08T13:50:09.298808+05:30,BANKNIFTY,29-Sep-2026,60100.0,PE,56758.05,2972.95,30,3097.35,30,0.0,3035.1499999999996,8,0,0,0,0,,,,,,,,,,,,,,,0.057724210463977674,,,,,,11.24,30,56990.4,57044,56720.45,57088.3,mid_price,no_price_available
2026-09-08T08:20:09.298808+00:00,2026-09-08T13:50:09.298808+05:30,BANKNIFTY,29-Sep-2026,60200.0,CE,56758.05,25.05,30,25.3,450,25,25.175,853,22,1114,-25.484351713859912,12.4,0.03223604498647782,4.2701967803741265e-05,-3.1849823801832287,9.84651411775027,1.093805208580075,-0.0036033765821911544,275.7487936713883,4.5974771979063e-08,0.0008515226042121661,-2.926704600537257e-06,-1.142024724365843,86.70628335583935,-0.03004241353204875,3.7958569627422384e-05,0.057724210463977674,57098,0.10345041030174679,0.0069,index_dividend_yield,0.065,11.24,30,56990.4,57044,56720.45,57088.3,mid_price,ok
2026-09-08T08:20:09.298808+00:00,2026-09-08T13:50:09.298808+05:30,BANKNIFTY,29-Sep-2026,60200.0,PE,56758.05,2933.55,330,3262.65,330,0.0,3098.1000000000004,6,0,0,0,17.67,,,,,,,,,,,,,,,0.057724210463977674,,,,,,11.24,30,56990.4,57044,56720.45,57088.3,mid_price,no_price_available
2026-09-08T08:20:09.298808+00:00,2026-09-08T13:50:09.298808+05:30,BANKNIFTY,29-Sep-2026,60300.0,CE,56758.05,23.15,30,23.3,180,23.2,23.225,808,23,1066,-25.040387722132472,12.46,0.029026684994144965,3.896122407034622e-05,-2.9282151715001916,9.027418353909844,1.0227129729570485,-0.003375006210530784,264.2960052963934,4.283905235749817e-08,0.0008280080788259988,-2.8401072907545345e-06,-1.0863744794583319,87.55089876308509,-0.02700962579479156,3.45185783674886e-05,0.057724210463977674,57098,0.10345041030174679,0.0069,index_dividend_yield,0.065,11.24,30,56990.4,57044,56720.45,57088.3,mid_price,ok
2026-09-08T08:20:09.298808+00:00,2026-09-08T13:50:09.298808+05:30,BANKNIFTY,29-Sep-2026,60300.0,PE,56758.05,2875.9,300,3521.9,300,0.0,3198.9,0,0,0,0,0,,,,,,,,,,,,,,,0.057724210463977674,,,,,,11.24,30,56990.4,57044,56720.45,57088.3,mid_price,no_price_available
2026-09-08T08:20:09.298808+00:00,2026-09-08T13:50:09.298808+05:30,BANKNIFTY,29-Sep-2026,60400.0,CE,56758.05,21.15,30,21.2,30,21.25,21.174999999999997,1766,69,1055,-23.6983842010772,12.63,0.027178246635918904,3.638763861021985e-05,-2.8038835608647865,8.54614303712432,0.9695986191013573,-0.0032338543059239992,254.36296386290903,4.0085897490268536e-08,0.0007949420195012562,-2.7490205300845872e-06,-1.0511325383956454,87.15488391821029,-0.025246439360301822,3.213179060275408e-05,0.057724210463977674,57098,0.10345041030174679,0.0069,index_dividend_yield,0.065,11.24,30,56990.4,57044,56720.45,57088.3,mid_price,ok
2026-09-08T08:20:09.298808+00:00,2026-09-08T13:50:09.298808+05:30,BANKNIFTY,29-Sep-2026,60400.0,PE,56758.05,3083.15,300,3434.5,300,0.0,3258.825,0,0,0,0,0,,,,,,,,,,,,,,,0.057724210463977674,,,,,,11.24,30,56990.4,57044,56720.45,57088.3,mid_price,no_price_available
2026-09-08T08:20:09.298808+00:00,2026-09-08T13:50:09.298808+05:30,BANKNIFTY,29-Sep-2026,60500.0,CE,56758.05,19.6,360,19.7,30,19.65,19.65,13038,-991,14166,-22.485207100591715,12.76,0.02511312293413213,3.371369511480929e-05,-2.646342563339302,7.999631160221416,0.9141463046224534,-0.003071739730334651,244.0595953088671,3.743568546187364e-08,0.0007643710931779471,-2.6564897128054596e-06,-1.0099012816322208,87.1836651160236,-0.023289633333137428,2.9672254017704738e-05,0.057724210463977674,57098,0.10345041030174679,0.0069,index_dividend_yield,0.065,11.24,30,56990.4,57044,56720.45,57088.3,mid_price,ok
2026-09-08T08:20:09.298808+00:00,2026-09-08T13:50:09.298808+05:30,BANKNIFTY,29-Sep-2026,60500.0,PE,56758.05,3382.8,30,3431.2,30,3250,3407.0,324,0,1,3.1746031746031744,0,,,,,,,,,,,,,,,0.057724210463977674,,,,,,11.24,30,56990.4,57044,56720.45,57088.3,mid_price,no_price_available
2026-09-08T08:20:09.298808+00:00,2026-09-08T13:50:09.298808+05:30,BANKNIFTY,29-Sep-2026,60600.0,CE,56758.05,12.65,1200,49.8,570,0.0,31.224999999999998,0,0,0,0,0,,,,,,,,,,,,,,,0.057724210463977674,57098,0.10345041030174679,0.0069,index_dividend_yield,0.065,11.24,30,56990.4,57044,56720.45,57088.3,mid_price,no_nse_iv
2026-09-08T08:20:09.298808+00:00,2026-09-08T13:50:09.298808+05:30,BANKNIFTY,29-Sep-2026,60600.0,PE,56758.05,3130.25,300,3811.35,300,0.0,3470.8,0,0,0,0,0,,,,,,,,,,,,,,,0.057724210463977674,,,,,,11.24,30,56990.4,57044,56720.45,57088.3,mid_price,no_price_available
2026-09-08T08:20:09.298808+00:00,2026-09-08T13:50:09.298808+05:30,BANKNIFTY,29-Sep-2026,60700.0,CE,56758.05,16.85,120,16.9,90,16.95,16.875,1099,124,671,-20.60889929742389,13.05,0.02173880893899649,2.9195416603987996e-05,-2.3880301009781917,7.084971742633992,0.816224686914141,-0.0027906572757487487,224.7121233019742,3.271864956852534e-08,0.0007022736905586886,-2.47332703103798e-06,-0.9363967115896362,86.8649295585334,-0.020093050091456302,2.5526556158622424e-05,0.057724210463977674,57098,0.10345041030174679,0.0069,index_dividend_yield,0.065,11.24,30,56990.4,57044,56720.45,57088.3,mid_price,ok
2026-09-08T08:20:09.298808+00:00,2026-09-08T13:50:09.298808+05:30,BANKNIFTY,29-Sep-2026,60700.0,PE,56758.05,2774.55,300,3906.6,300,0.0,3340.575,0,0,0,0,0,,,,,,,,,,,,,,,0.057724210463977674,,,,,,11.24,30,56990.4,57044,56720.45,57088.3,mid_price,no_price_available
2026-09-08T08:20:09.298808+00:00,2026-09-08T13:50:09.298808+05:30,BANKNIFTY,29-Sep-2026,60800.0,CE,56758.05,3.6,1110,71.5,1050,0.0,37.55,0,0,0,0,0,,,,,,,,,,,,,,,0.057724210463977674,57098,0.10345041030174679,0.0069,index_dividend_yield,0.065,11.24,30,56990.4,57044,56720.45,57088.3,mid_price,no_nse_iv
2026-09-08T08:20:09.298808+00:00,2026-09-08T13:50:09.298808+05:30,BANKNIFTY,29-Sep-2026,60800.0,PE,56758.05,3337.55,300,4018.85,300,0.0,3678.2,0,0,0,0,0,,,,,,,,,,,,,,,0.057724210463977674,,,,,,11.24,30,56990.4,57044,56720.45,57088.3,mid_price,no_price_available
2026-09-08T08:20:09.298808+00:00,2026-09-08T13:50:09.298808+05:30,BANKNIFTY,29-Sep-2026,60900.0,CE,56758.05,13.15,1140,66.55,1650,0.0,39.85,0,0,0,0,0,,,,,,,,,,,,,,,0.057724210463977674,57098,0.10345041030174679,0.0069,index_dividend_yield,0.065,11.24,30,56990.4,57044,56720.45,57088.3,mid_price,no_nse_iv
2026-09-08T08:20:09.298808+00:00,2026-09-08T13:50:09.298808+05:30,BANKNIFTY,29-Sep-2026,60900.0,PE,56758.05,3428.65,300,4237.25,300,0.0,3832.95,0,0,0,0,0,,,,,,,,,,,,,,,0.057724210463977674,,,,,,11.24,30,56990.4,57044,56720.45,57088.3,mid_price,no_price_available
2026-09-08T08:20:09.298808+00:00,2026-09-08T13:50:09.298808+05:30,BANKNIFTY,29-Sep-2026,61000.0,CE,56758.05,14,60,14.05,120,14.05,14.025,19566,-292,12509,-18.313953488372093,13.53,0.01795280340618106,2.39380584829121e-05,-2.093905078389017,6.022816815414313,0.695382319100728,-0.002448235631870705,198.92483976277342,2.6912765721881346e-08,0.000613715115931109,-2.215671479236988e-06,-0.8432709077239505,85.82066893870211,-0.016509719863216272,2.0724505947246437e-05,0.057724210463977674,57098,0.10345041030174679,0.0069,index_dividend_yield,0.065,11.24,30,56990.4,57044,56720.45,57088.3,mid_price,ok
2026-09-08T08:20:09.298808+00:00,2026-09-08T13:50:09.298808+05:30,BANKNIFTY,29-Sep-2026,61000.0,PE,56758.05,3852.5,240,3904.65,30,3910,3878.575,2056,-14,85,7.789218321410357,9.68,,,,,,,,,,,,,,,0.057724210463977674,,,,,,11.24,30,56990.4,57044,56720.45,57088.3,mid_price,no_price_available
2026-09-08T08:20:09.298808+00:00,2026-09-08T13:50:09.298808+05:30,BANKNIFTY,29-Sep-2026,61100.0,CE,56758.05,6.35,600,57.45,1050,0.0,31.900000000000002,0,0,0,0,0,,,,,,,,,,,,,,,0.057724210463977674,57098,0.10345041030174679,0.0069,index_dividend_yield,0.065,11.24,30,56990.4,57044,56720.45,57088.3,mid_price,no_nse_iv
2026-09-08T08:20:09.298808+00:00,2026-09-08T13:50:09.298808+05:30,BANKNIFTY,29-Sep-2026,61100.0,PE,56758.05,3611.55,300,4338.5,300,0.0,3975.025,0,0,0,0,0,,,,,,,,,,,,,,,0.057724210463977674,,,,,,11.24,30,56990.4,57044,56720.45,57088.3,mid_price,no_price_available
2026-09-08T08:20:09.298808+00:00,2026-09-08T13:50:09.298808+05:30,BANKNIFTY,29-Sep-2026,61200.0,CE,56758.05,9,30,56.75,600,0.0,32.875,0,0,0,0,0,,,,,,,,,,,,,,,0.057724210463977674,57098,0.10345041030174679,0.0069,index_dividend_yield,0.065,11.24,30,56990.4,57044,56720.45,57088.3,mid_price,no_nse_iv
2026-09-08T08:20:09.298808+00:00,2026-09-08T13:50:09.298808+05:30,BANKNIFTY,29-Sep-2026,61200.0,PE,56758.05,3705.75,300,4635,300,0.0,4170.375,0,0,0,0,0,,,,,,,,,,,,,,,0.057724210463977674,,,,,,11.24,30,56990.4,57044,56720.45,57088.3,mid_price,no_price_available
2026-09-08T08:20:09.298808+00:00,2026-09-08T13:50:09.298808+05:30,BANKNIFTY,29-Sep-2026,61300.0,CE,56758.05,6.35,600,52.65,600,0.0,29.5,0,0,0,0,0,,,,,,,,,,,,,,,0.057724210463977674,57098,0.10345041030174679,0.0069,index_dividend_yield,0.065,11.24,30,56990.4,57044,56720.45,57088.3,mid_price,no_nse_iv
2026-09-08T08:20:09.298808+00:00,2026-09-08T13:50:09.298808+05:30,BANKNIFTY,29-Sep-2026,61300.0,PE,56758.05,3796.6,300,4695.1,300,0.0,4245.85,0,0,0,0,0,,,,,,,,,,,,,,,0.057724210463977674,,,,,,11.24,30,56990.4,57044,56720.45,57088.3,mid_price,no_price_available
2026-09-08T08:20:09.298808+00:00,2026-09-08T13:50:09.298808+05:30,BANKNIFTY,29-Sep-2026,61400.0,CE,56758.05,6.35,600,51.1,2100,0.0,28.725,0,0,0,0,0,,,,,,,,,,,,,,,0.057724210463977674,57098,0.10345041030174679,0.0069,index_dividend_yield,0.065,11.24,30,56990.4,57044,56720.45,57088.3,mid_price,no_nse_iv
2026-09-08T08:20:09.298808+00:00,2026-09-08T13:50:09.298808+05:30,BANKNIFTY,29-Sep-2026,61400.0,PE,56758.05,3887.8,300,4494.5,300,0.0,4191.15,0,0,0,0,0,,,,,,,,,,,,,,,0.057724210463977674,,,,,,11.24,30,56990.4,57044,56720.45,57088.3,mid_price,no_price_available
2026-09-08T08:20:09.298808+00:00,2026-09-08T13:50:09.298808+05:30,BANKNIFTY,29-Sep-2026,61500.0,CE,56758.05,9.95,30,10,60,9.95,9.975,11609,-174,6931,-15.677966101694915,14.21,0.01270503006115645,1.6934762737582225e-05,-1.6223115499694627,4.474928785706882,0.5239931225009412,-0.0019194018133930327,159.69302649235084,1.9347596026743258e-08,0.000485154725515694,-1.8118157403692622e-06,-0.6911577816298156,85.10645006210436,-0.011587636805636733,1.4423937017863414e-05,0.057724210463977674,57098,0.10345041030174679,0.0069,index_dividend_yield,0.065,11.24,30,56990.4,57044,56720.45,57088.3,mid_price,ok
2026-09-08T08:20:09.298808+00:00,2026-09-08T13:50:09.298808+05:30,BANKNIFTY,29-Sep-2026,61500.0,PE,56758.05,4367.15,30,4395.85,30,4300,4381.5,396,0,1,4.752856342420035,0,,,,,,,,,,,,,,,0.057724210463977674,,,,,,11.24,30,56990.4,57044,56720.45,57088.3,mid_price,no_price_available
2026-09-08T08:20:09.298808+00:00,2026-09-08T13:50:09.298808+05:30,BANKNIFTY,29-Sep-2026,61600.0,CE,56758.05,6.35,600,43.85,600,0.0,25.1,0,0,0,0,0,,,,,,,,,,,,,,,0.057724210463977674,57098,0.10345041030174679,0.0069,index_dividend_yield,0.065,11.24,30,56990.4,57044,56720.45,57088.3,mid_price,no_nse_iv
2026-09-08T08:20:09.298808+00:00,2026-09-08T13:50:09.298808+05:30,BANKNIFTY,29-Sep-2026,61600.0,PE,56758.05,4072.2,300,5096.75,300,0.0,4584.475,0,0,0,0,0,,,,,,,,,,,,,,,0.057724210463977674,,,,,,11.24,30,56990.4,57044,56720.45,57088.3,mid_price,no_price_available
2026-09-08T08:20:09.298808+00:00,2026-09-08T13:50:09.298808+05:30,BANKNIFTY,29-Sep-2026,61700.0,CE,56758.05,6.35,600,40.6,1500,0.0,23.475,0,0,0,0,0,,,,,,,,,,,,,,,0.057724210463977674,57098,0.10345041030174679,0.0069,index_dividend_yield,0.065,11.24,30,56990.4,57044,56720.45,57088.3,mid_price,no_nse_iv
2026-09-08T08:20:09.298808+00:00,2026-09-08T13:50:09.298808+05:30,BANKNIFTY,29-Sep-2026,61700.0,PE,56758.05,4163.8,300,4969.4,300,0.0,4566.6,0,0,0,0,0,,,,,,,,,,,,,,,0.057724210463977674,,,,,,11.24,30,56990.4,57044,56720.45,57088.3,mid_price,no_price_available
2026-09-08T08:20:09.298808+00:00,2026-09-08T13:50:09.298808+05:30,BANKNIFTY,29-Sep-2026,61800.0,CE,56758.05,6.3,600,37.55,600,0.0,21.924999999999997,0,0,0,0,0,,,,,,,,,,,,,,,0.057724210463977674,57098,0.10345041030174679,0.0069,index_dividend_yield,0.065,11.24,30,56990.4,57044,56720.45,57088.3,mid_price,no_nse_iv
2026-09-08T08:20:09.298808+00:00,2026-09-08T13:50:09.298808+05:30,BANKNIFTY,29-Sep-2026,61800.0,PE,56758.05,4263.7,300,5312.45,300,0.0,4788.075,0,0,0,0,0,,,,,,,,,,,,,,,0.057724210463977674,,,,,,11.24,30,56990.4,57044,56720.45,57088.3,mid_price,no_price_available
2026-09-08T08:20:09.298808+00:00,2026-09-08T13:50:09.298808+05:30,BANKNIFTY,29-Sep-2026,61900.0,CE,56758.05,6.3,600,34.7,600,0.0,20.5,0,0,0,0,0,,,,,,,,,,,,,,,0.057724210463977674,57098,0.10345041030174679,0.0069,index_dividend_yield,0.065,11.24,30,56990.4,57044,56720.45,57088.3,mid_price,no_nse_iv
2026-09-08T08:20:09.298808+00:00,2026-09-08T13:50:09.298808+05:30,BANKNIFTY,29-Sep-2026,61900.0,PE,56758.05,4348.85,300,5420.45,300,0.0,4884.65,0,0,0,0,0,,,,,,,,,,,,,,,0.057724210463977674,,,,,,11.24,30,56990.4,57044,56720.45,57088.3,mid_price,no_price_available
2026-09-08T08:20:09.298808+00:00,2026-09-08T13:50:09.298808+05:30,BANKNIFTY,29-Sep-2026,62000.0,CE,56758.05,7.95,60,8,90,7.95,7.975,14296,1357,6351,-12.637362637362637,15.05,0.009841503565571697,1.2805874594874826e-05,-1.3677239818729519,3.5839230671763214,0.4135750918998846,-0.0015923104910621141,131.5248186929907,1.4420813951832099e-08,0.0003848591149606091,-1.5054072530061308e-06,-0.5914451531344462,82.67118303661037,-0.008900449183956998,1.0732003313548314e-05,0.057724210463977674,57098,0.10345041030174679,0.0069,index_dividend_yield,0.065,11.24,30,56990.4,57044,56720.45,57088.3,mid_price,ok
2026-09-08T08:20:09.298808+00:00,2026-09-08T13:50:09.298808+05:30,BANKNIFTY,29-Sep-2026,62000.0,PE,56758.05,4865.8,30,4899,30,4888,4882.4,2882,-18,52,5.974048499170722,0,,,,,,,,,,,,,,,0.057724210463977674,,,,,,11.24,30,56990.4,57044,56720.45,57088.3,mid_price,no_price_available
2026-09-08T08:20:09.298808+00:00,2026-09-08T13:50:09.298808+05:30,BANKNIFTY,29-Sep-2026,62100.0,CE,56758.05,5.1,600,47.95,600,0.0,26.525000000000002,0,0,0,0,0,,,,,,,,,,,,,,,0.057724210463977674,57098,0.10345041030174679,0.0069,index_dividend_yield,0.065,11.24,30,56990.4,57044,56720.45,57088.3,mid_price,no_nse_iv
2026-09-08T08:20:09.298808+00:00,2026-09-08T13:50:09.298808+05:30,BANKNIFTY,29-Sep-2026,62100.0,PE,56758.05,4531.8,300,5419.95,300,0.0,4975.875,0,0,0,0,0,,,,,,,,,,,,,,,0.057724210463977674,,,,,,11.24,30,56990.4,57044,56720.45,57088.3,mid_price,no_price_available
2026-09-08T08:20:09.298808+00:00,2026-09-08T13:50:09.298808+05:30,BANKNIFTY,29-Sep-2026,62200.0,CE,56758.05,5.1,600,45.9,600,0.0,25.5,0,0,0,0,0,,,,,,,,,,,,,,,0.057724210463977674,57098,0.10345041030174679,0.0069,index_dividend_yield,0.065,11.24,30,56990.4,57044,56720.45,57088.3,mid_price,no_nse_iv
2026-09-08T08:20:09.298808+00:00,2026-09-08T13:50:09.298808+05:30,BANKNIFTY,29-Sep-2026,62200.0,PE,56758.05,4625.95,300,5410.7,300,0.0,5018.325,0,0,0,0,0,,,,,,,,,,,,,,,0.057724210463977674,,,,,,11.24,30,56990.4,57044,56720.45,57088.3,mid_price,no_price_available
2026-09-08T08:20:09.298808+00:00,2026-09-08T13:50:09.298808+05:30,BANKNIFTY,29-Sep-2026,62300.0,CE,56758.05,5.1,600,43.95,600,0.0,24.525000000000002,0,0,0,0,0,,,,,,,,,,,,,,,0.057724210463977674,57098,0.10345041030174679,0.0069,index_dividend_yield,0.065,11.24,30,56990.4,57044,56720.45,57088.3,mid_price,no_nse_iv
2026-09-08T08:20:09.298808+00:00,2026-09-08T13:50:09.298808+05:30,BANKNIFTY,29-Sep-2026,62300.0,PE,56758.05,4716.5,870,5529.45,300,0.0,5122.975,0,0,0,0,0,,,,,,,,,,,,,,,0.057724210463977674,,,,,,11.24,30,56990.4,57044,56720.45,57088.3,mid_price,no_price_available
2026-09-08T08:20:09.298808+00:00,2026-09-08T13:50:09.298808+05:30,BANKNIFTY,29-Sep-2026,62400.0,CE,56758.05,5.1,600,41.9,600,0.0,23.5,0,0,0,0,0,,,,,,,,,,,,,,,0.057724210463977674,57098,0.10345041030174679,0.0069,index_dividend_yield,0.065,11.24,30,56990.4,57044,56720.45,57088.3,mid_price,no_nse_iv
2026-09-08T08:20:09.298808+00:00,2026-09-08T13:50:09.298808+05:30,BANKNIFTY,29-Sep-2026,62400.0,PE,56758.05,4808.05,300,5717.2,300,0.0,5262.625,0,0,0,0,0,,,,,,,,,,,,,,,0.057724210463977674,,,,,,11.24,30,56990.4,57044,56720.45,57088.3,mid_price,no_price_available
2026-09-08T08:20:09.298808+00:00,2026-09-08T13:50:09.298808+05:30,BANKNIFTY,29-Sep-2026,62500.0,CE,56758.05,7,30,7.1,120,6.95,7.05,3258,393,2113,-4.794520547945205,16.08,0.008459645817579357,1.0498585178046089e-05,-1.273282504692192,3.139277841166946,0.3474518836894796,-0.0014202961993922637,113.15555848484226,1.1321851000738769e-08,0.00031312440881465093,-1.2976395099853265e-06,-0.5370612060889561,78.66498595326253,-0.00758478768088202,8.658161331870256e-06,0.057724210463977674,57098,0.10345041030174679,0.0069,index_dividend_yield,0.065,11.24,30,56990.4,57044,56720.45,57088.3,mid_price,ok
2026-09-08T08:20:09.298808+00:00,2026-09-08T13:50:09.298808+05:30,BANKNIFTY,29-Sep-2026,62500.0,PE,56758.05,5275.95,330,5465.7,90,0.0,5370.825,106,0,0,0,20.42,,,,,,,,,,,,,,,0.057724210463977674,,,,,,11.24,30,56990.4,57044,56720.45,57088.3,mid_price,no_price_available
2026-09-08T08:20:09.298808+00:00,2026-09-08T13:50:09.298808+05:30,BANKNIFTY,29-Sep-2026,62600.0,CE,56758.05,4.3,600,37.95,600,0.0,21.125,0,0,0,0,0,,,,,,,,,,,,,,,0.057724210463977674,57098,0.10345041030174679,0.0069,index_dividend_yield,0.065,11.24,30,56990.4,57044,56720.45,57088.3,mid_price,no_nse_iv
2026-09-08T08:20:09.298808+00:00,2026-09-08T13:50:09.298808+05:30,BANKNIFTY,29-Sep-2026,62600.0,PE,56758.05,4992.05,300,5926.85,300,0.0,5459.450000000001,0,0,0,0,0,,,,,,,,,,,,,,,0.057724210463977674,,,,,,11.24,30,56990.4,57044,56720.45,57088.3,mid_price,no_price_available
2026-09-08T08:20:09.298808+00:00,2026-09-08T13:50:09.298808+05:30,BANKNIFTY,29-Sep-2026,62700.0,CE,56758.05,4.3,600,26.05,600,0.0,15.175,0,0,0,0,0,,,,,,,,,,,,,,,0.057724210463977674,57098,0.10345041030174679,0.0069,index_dividend_yield,0.065,11.24,30,56990.4,57044,56720.45,57088.3,mid_price,no_nse_iv
2026-09-08T08:20:09.298808+00:00,2026-09-08T13:50:09.298808+05:30,BANKNIFTY,29-Sep-2026,62700.0,PE,56758.05,5084.7,300,5980.7,300,0.0,5532.7,0,0,0,0,0,,,,,,,,,,,,,,,0.057724210463977674,,,,,,11.24,30,56990.4,57044,56720.45,57088.3,mid_price,no_price_available
2026-09-08T08:20:09.298808+00:00,2026-09-08T13:50:09.298808+05:30,BANKNIFTY,29-Sep-2026,62800.0,CE,56758.05,4.3,600,23.75,600,0.0,14.025,0,0,0,0,0,,,,,,,,,,,,,,,0.057724210463977674,57098,0.10345041030174679,0.0069,index_dividend_yield,0.065,11.24,30,56990.4,57044,56720.45,57088.3,mid_price,no_nse_iv
2026-09-08T08:20:09.298808+00:00,2026-09-08T13:50:09.298808+05:30,BANKNIFTY,29-Sep-2026,62800.0,PE,56758.05,5176,300,6125.95,300,0.0,5650.975,0,0,0,0,0,,,,,,,,,,,,,,,0.057724210463977674,,,,,,11.24,30,56990.4,57044,56720.45,57088.3,mid_price,no_price_available
2026-09-08T08:20:09.298808+00:00,2026-09-08T13:50:09.298808+05:30,BANKNIFTY,29-Sep-2026,62900.0,CE,56758.05,4.3,600,31.9,570,0.0,18.099999999999998,0,0,0,0,0,,,,,,,,,,,,,,,0.057724210463977674,57098,0.10345041030174679,0.0069,index_dividend_yield,0.065,11.24,30,56990.4,57044,56720.45,57088.3,mid_price,no_nse_iv
2026-09-08T08:20:09.298808+00:00,2026-09-08T13:50:09.298808+05:30,BANKNIFTY,29-Sep-2026,62900.0,PE,56758.05,5267.8,300,6225.35,300,0.0,5746.575000000001,0,0,0,0,0,,,,,,,,,,,,,,,0.057724210463977674,,,,,,11.24,30,56990.4,57044,56720.45,57088.3,mid_price,no_price_available
2026-09-08T08:20:09.298808+00:00,2026-09-08T13:50:09.298808+05:30,BANKNIFTY,29-Sep-2026,63000.0,CE,56758.05,5.65,450,5.75,330,5.7,5.7,9250,-242,2897,-8.8,16.87,0.006730213228871334,8.181387735497289e-06,-1.087436344309896,2.5665811008178916,0.28022765594662175,-0.0011954644787104222,94.42997240974438,8.702643055531722e-09,0.00025250588638754136,-1.0898245096799159e-06,-0.4637647817572402,76.76531930960508,-0.0059844072150617164,6.6405004279456e-06,0.057724210463977674,57098,0.10345041030174679,0.0069,index_dividend_yield,0.065,11.24,30,56990.4,57044,56720.45,57088.3,mid_price,ok
2026-09-08T08:20:09.298808+00:00,2026-09-08T13:50:09.298808+05:30,BANKNIFTY,29-Sep-2026,63000.0,PE,56758.05,5849.7,30,5881.15,30,5877,5865.424999999999,1870,5,10,4.796718972895863,0,,,,,,,,,,,,,,,0.057724210463977674,,,,,,11.24,30,56990.4,57044,56720.45,57088.3,mid_price,no_price_available
2026-09-08T08:20:09.298808+00:00,2026-09-08T13:50:09.298808+05:30,BANKNIFTY,29-Sep-2026,63100.0,CE,56758.05,4.3,600,23.35,600,0.0,13.825000000000001,0,0,0,0,0,,,,,,,,,,,,,,,0.057724210463977674,57098,0.10345041030174679,0.0069,index_dividend_yield,0.065,11.24,30,56990.4,57044,56720.45,57088.3,mid_price,no_nse_iv
2026-09-08T08:20:09.298808+00:00,2026-09-08T13:50:09.298808+05:30,BANKNIFTY,29-Sep-2026,63100.0,PE,56758.05,5453.45,300,6363.2,300,0.0,5908.325,0,0,0,0,0,,,,,,,,,,,,,,,0.057724210463977674,,,,,,11.24,30,56990.4,57044,56720.45,57088.3,mid_price,no_price_available
2026-09-08T08:20:09.298808+00:00,2026-09-08T13:50:09.298808+05:30,BANKNIFTY,29-Sep-2026,63200.0,CE,56758.05,5.3,240,6.3,30,5.25,5.8,23,-3,3,-19.84732824427481,17.12,0.00600717187689747,7.2904156529859406e-06,-0.9964358761259701,2.320967098617291,0.2537855427784596,-0.0010966541401936985,86.91675253966457,7.768733263028455e-09,0.00023042295275912933,-1.0065789140677815e-06,-0.430677977756392,76.49700737355808,-0.005324339470812127,5.879942318032578e-06,0.057724210463977674,57098,0.10345041030174679,0.0069,index_dividend_yield,0.065,11.24,30,56990.4,57044,56720.45,57088.3,mid_price,wide_quote_low_liquidity
2026-09-08T08:20:09.298808+00:00,2026-09-08T13:50:09.298808+05:30,BANKNIFTY,29-Sep-2026,63200.0,PE,56758.05,5663.55,300,6268.9,300,0.0,5966.225,0,0,0,0,0,,,,,,,,,,,,,,,0.057724210463977674,,,,,,11.24,30,56990.4,57044,56720.45,57088.3,mid_price,no_price_available
2026-09-08T08:20:09.298808+00:00,2026-09-08T13:50:09.298808+05:30,BANKNIFTY,29-Sep-2026,63300.0,CE,56758.05,4.6,240,5.7,90,5.65,5.15,10,-20,28,0,17.51,0.006343471397669864,7.48040473112316e-06,-1.0685634914982125,2.4357021322056824,0.25852660185347226,-0.0011415392795624995,87.86085058863091,7.725636594697601e-09,0.0002271058409066195,-1.0137973355389032e-06,-0.4457707303350716,74.4216925697928,-0.005611456379073479,6.014127192266186e-06,0.057724210463977674,57098,0.10345041030174679,0.0069,index_dividend_yield,0.065,11.24,30,56990.4,57044,56720.45,57088.3,mid_price,wide_quote_low_liquidity
2026-09-08T08:20:09.298808+00:00,2026-09-08T13:50:09.298808+05:30,BANKNIFTY,29-Sep-2026,63300.0,PE,56758.05,5636.65,300,6591.75,300,0.0,6114.2,0,0,0,0,0,,,,,,,,,,,,,,,0.057724210463977674,,,,,,11.24,30,56990.4,57044,56720.45,57088.3,mid_price,no_price_available
2026-09-08T08:20:09.298808+00:00,2026-09-08T13:50:09.298808+05:30,BANKNIFTY,29-Sep-2026,63400.0,CE,56758.05,4.1,600,27.95,570,0.0,16.025,0,0,0,0,0,,,,,,,,,,,,,,,0.057724210463977674,57098,0.10345041030174679,0.0069,index_dividend_yield,0.065,11.24,30,56990.4,57044,56720.45,57088.3,mid_price,no_nse_iv
2026-09-08T08:20:09.298808+00:00,2026-09-08T13:50:09.298808+05:30,BANKNIFTY,29-Sep-2026,63400.0,PE,56758.05,5727.25,300,6792.55,90,0.0,6259.9,0,0,0,0,0,,,,,,,,,,,,,,,0.057724210463977674,,,,,,11.24,30,56990.4,57044,56720.45,57088.3,mid_price,no_price_available
2026-09-08T08:20:09.298808+00:00,2026-09-08T13:50:09.298808+05:30,BANKNIFTY,29-Sep-2026,63500.0,CE,56758.05,5.6,30,5.65,30,5.7,5.625,1338,270,875,0.8849557522123894,17.99,0.006248573479559384,7.184303901288581e-06,-1.0816582215418025,2.403415138541955,0.248930277182115,-0.0011273491932851454,84.78120636104447,7.231993311533331e-09,0.0002134870351831622,-9.770795410357343e-07,-0.4410043246823441,72.56659712661146,-0.0055081813673106324,5.739739430224212e-06,0.057724210463977674,57098,0.10345041030174679,0.0069,index_dividend_yield,0.065,11.24,30,56990.4,57044,56720.45,57088.3,mid_price,ok
2026-09-08T08:20:09.298808+00:00,2026-09-08T13:50:09.298808+05:30,BANKNIFTY,29-Sep-2026,63500.0,PE,56758.05,6193.1,330,6540.3,330,0.0,6366.700000000001,4,0,0,0,20.49,,,,,,,,,,,,,,,0.057724210463977674,,,,,,11.24,30,56990.4,57044,56720.45,57088.3,mid_price,no_price_available
2026-09-08T08:20:09.298808+00:00,2026-09-08T13:50:09.298808+05:30,BANKNIFTY,29-Sep-2026,63600.0,CE,56758.05,3.3,600,27.95,570,0.0,15.625,0,0,0,0,0,,,,,,,,,,,,,,,0.057724210463977674,57098,0.10345041030174679,0.0069,index_dividend_yield,0.065,11.24,30,56990.4,57044,56720.45,57088.3,mid_price,no_nse_iv
2026-09-08T08:20:09.298808+00:00,2026-09-08T13:50:09.298808+05:30,BANKNIFTY,29-Sep-2026,63600.0,PE,56758.05,5911.25,300,6962.35,90,0.0,6436.8,0,0,0,0,0,,,,,,,,,,,,,,,0.057724210463977674,,,,,,11.24,30,56990.4,57044,56720.45,57088.3,mid_price,no_price_available
2026-09-08T08:20:09.298808+00:00,2026-09-08T13:50:09.298808+05:30,BANKNIFTY,29-Sep-2026,63700.0,CE,56758.05,3.3,600,27.95,570,0.0,15.625,0,0,0,0,0,,,,,,,,,,,,,,,0.057724210463977674,57098,0.10345041030174679,0.0069,index_dividend_yield,0.065,11.24,30,56990.4,57044,56720.45,57088.3,mid_price,no_nse_iv
2026-09-08T08:20:09.298808+00:00,2026-09-08T13:50:09.298808+05:30,BANKNIFTY,29-Sep-2026,63700.0,PE,56758.05,5990.75,2010,7127.55,90,0.0,6559.15,0,0,0,0,0,,,,,,,,,,,,,,,0.057724210463977674,,,,,,11.24,30,56990.4,57044,56720.45,57088.3,mid_price,no_price_available
2026-09-08T08:20:09.298808+00:00,2026-09-08T13:50:09.298808+05:30,BANKNIFTY,29-Sep-2026,63800.0,CE,56758.05,3.3,600,27.95,570,0.0,15.625,0,0,0,0,0,,,,,,,,,,,,,,,0.057724210463977674,57098,0.10345041030174679,0.0069,index_dividend_yield,0.065,11.24,30,56990.4,57044,56720.45,57088.3,mid_price,no_nse_iv
2026-09-08T08:20:09.298808+00:00,2026-09-08T13:50:09.298808+05:30,BANKNIFTY,29-Sep-2026,63800.0,PE,56758.05,6095.35,300,7298.2,570,0.0,6696.775,0,0,0,0,0,,,,,,,,,,,,,,,0.057724210463977674,,,,,,11.24,30,56990.4,57044,56720.45,57088.3,mid_price,no_price_available
2026-09-08T08:20:09.298808+00:00,2026-09-08T13:50:09.298808+05:30,BANKNIFTY,29-Sep-2026,63900.0,CE,56758.05,3.3,600,25.95,570,0.0,14.625,0,0,0,0,0,,,,,,,,,,,,,,,0.057724210463977674,57098,0.10345041030174679,0.0069,index_dividend_yield,0.065,11.24,30,56990.4,57044,56720.45,57088.3,mid_price,no_nse_iv
2026-09-08T08:20:09.298808+00:00,2026-09-08T13:50:09.298808+05:30,BANKNIFTY,29-Sep-2026,63900.0,PE,56758.05,6187.25,300,7342,120,0.0,6764.625,0,0,0,0,0,,,,,,,,,,,,,,,0.057724210463977674,,,,,,11.24,30,56990.4,57044,56720.45,57088.3,mid_price,no_price_available
2026-09-08T08:20:09.298808+00:00,2026-09-08T13:50:09.298808+05:30,BANKNIFTY,29-Sep-2026,64000.0,CE,56758.05,4.55,960,4.8,60,4.8,4.675,4290,-25,1116,-6.796116504854369,18.82,0.005246574917483093,5.880642760573896e-06,-0.9658200141812288,2.0580567715293836,0.20884143763656499,-0.0009856193740638971,72.87495949576106,5.79563374686226e-09,0.00017697863970917905,-8.430240969739502e-07,-0.39278539160023573,70.5702921919466,-0.0045869634831077685,4.625085675770359e-06,0.057724210463977674,57098,0.10345041030174679,0.0069,index_dividend_yield,0.065,11.24,30,56990.4,57044,56720.45,57088.3,mid_price,ok
2026-09-08T08:20:09.298808+00:00,2026-09-08T13:50:09.298808+05:30,BANKNIFTY,29-Sep-2026,64000.0,PE,56758.05,6822.55,30,6906.75,30,0.0,6864.65,141,0,0,0,24.05,,,,,,,,,,,,,,,0.057724210463977674,,,,,,11.24,30,56990.4,57044,56720.45,57088.3,mid_price,no_price_available
2026-09-08T08:20:09.298808+00:00,2026-09-08T13:50:09.298808+05:30,BANKNIFTY,29-Sep-2026,64100.0,CE,56758.05,3.75,60,5.2,330,4.3,4.475,14,10,79,0,18.78,0.0046708779307005,5.313475547502686e-06,-0.8685324340738838,1.8556121531809218,0.19160287859115416,-0.0009017227527385623,67.90842459052249,5.334127439369377e-09,0.000166153986219254,-7.888726961803793e-07,-0.36364278026558283,71.48389188818123,-0.004078022722662907,4.165983636880627e-06,0.057724210463977674,57098,0.10345041030174679,0.0069,index_dividend_yield,0.065,11.24,30,56990.4,57044,56720.45,57088.3,mid_price,wide_quote_low_liquidity
2026-09-08T08:20:09.298808+00:00,2026-09-08T13:50:09.298808+05:30,BANKNIFTY,29-Sep-2026,64100.0,PE,56758.05,6371.55,300,7244.7,300,0.0,6808.125,0,0,0,0,0,,,,,,,,,,,,,,,0.057724210463977674,,,,,,11.24,30,56990.4,57044,56720.45,57088.3,mid_price,no_price_available
2026-09-08T08:20:09.298808+00:00,2026-09-08T13:50:09.298808+05:30,BANKNIFTY,29-Sep-2026,64200.0,CE,56758.05,4.75,90,5.1,30,4.7,4.925,191,-27,105,-10.476190476190476,19.19,0.0049889761639855534,5.51450348849216e-06,-0.9405145288854938,1.9678605730231826,0.19721834094530138,-0.00094773378257743,69.28849811249572,5.364654804691717e-09,0.00016542427436489702,-8.02038367961384e-07,-0.3796806158453688,69.55290520185092,-0.0043472484031239446,4.310139158802198e-06,0.057724210463977674,57098,0.10345041030174679,0.0069,index_dividend_yield,0.065,11.24,30,56990.4,57044,56720.45,57088.3,mid_price,ok
2026-09-08T08:20:09.298808+00:00,2026-09-08T13:50:09.298808+05:30,BANKNIFTY,29-Sep-2026,64200.0,PE,56758.05,6463.45,870,7524.5,300,0.0,6993.975,0,0,0,0,0,,,,,,,,,,,,,,,0.057724210463977674,,,,,,11.24,30,56990.4,57044,56720.45,57088.3,mid_price,no_price_available
2026-09-08T08:20:09.298808+00:00,2026-09-08T13:50:09.298808+05:30,BANKNIFTY,29-Sep-2026,64500.0,CE,56758.05,3.25,720,3.3,30,3.3,3.275,2061,1457,4631,-30.526315789473685,19.12,0.0035975696802850858,4.131558220153195e-06,-0.6985300399970044,1.4689759952008357,0.1540116073558402,-0.0007360104813058627,56.441372862736316,4.216184423776801e-09,0.00013712953818010348,-6.604003057506247e-07,-0.30460697569036044,71.89103034048382,-0.003121717123237007,3.1992588521325e-06,0.057724210463977674,57098,0.10345041030174679,0.0069,index_dividend_yield,0.065,11.24,30,56990.4,57044,56720.45,57088.3,mid_price,ok
2026-09-08T08:20:09.298808+00:00,2026-09-08T13:50:09.298808+05:30,BANKNIFTY,29-Sep-2026,64500.0,PE,56758.05,7309.1,30,7400.05,30,0.0,7354.575000000001,28,0,0,0,25.04,,,,,,,,,,,,,,,0.057724210463977674,,,,,,11.24,30,56990.4,57044,56720.45,57088.3,mid_price,no_price_available
2026-09-08T08:20:09.298808+00:00,2026-09-08T13:50:09.298808+05:30,BANKNIFTY,29-Sep-2026,65000.0,CE,56758.05,3.25,90,3.3,90,3.2,3.275,3865,67,1683,-15.789473684210526,20.13,0.003362853123271436,3.693512326656796e-06,-0.6903668781975684,1.3825990739180067,0.13893591783689305,-0.0006969668851072994,51.34207455460016,3.6052176298310766e-09,0.0001188036592366327,-6.002177051273662e-07,-0.29038272995501146,68.73321449830138,-0.0028937235624071854,2.8162277400574014e-06,0.057724210463977674,57098,0.10345041030174679,0.0069,index_dividend_yield,0.065,11.24,30,56990.4,57044,56720.45,57088.3,mid_price,ok
2026-09-08T08:20:09.298808+00:00,2026-09-08T13:50:09.298808+05:30,BANKNIFTY,29-Sep-2026,65000.0,PE,56758.05,7828.8,30,7890.5,30,7735,7859.65,2229,18,23,2.1290642020135335,0,,,,,,,,,,,,,,,0.057724210463977674,,,,,,11.24,30,56990.4,57044,56720.45,57088.3,mid_price,no_price_available
2026-09-08T08:20:09.298808+00:00,2026-09-08T13:50:09.298808+05:30,BANKNIFTY,29-Sep-2026,65500.0,CE,56758.05,2.35,30,2.65,60,2.45,2.5,1521,0,478,-5.769230769230769,20.46,0.0023898743661812205,2.670450799216628e-06,-0.5145637175453612,1.0160220757637177,0.10453972249179995,-0.0005316672715325772,40.21910402559098,2.673212897440437e-09,9.265317303149294e-05,-4.7407305066462663e-07,-0.22867414009582102,69.61147792007726,-0.0020411605087755145,2.005196386979305e-06,0.057724210463977674,57098,0.10345041030174679,0.0069,index_dividend_yield,0.065,11.24,30,56990.4,57044,56720.45,57088.3,mid_price,ok
2026-09-08T08:20:09.298808+00:00,2026-09-08T13:50:09.298808+05:30,BANKNIFTY,29-Sep-2026,65500.0,PE,56758.05,7661.1,300,8843.9,300,0.0,8252.5,0,0,0,0,0,,,,,,,,,,,,,,,0.057724210463977674,,,,,,11.24,30,56990.4,57044,56720.45,57088.3,mid_price,no_price_available
2026-09-08T08:20:09.298808+00:00,2026-09-08T13:50:09.298808+05:30,BANKNIFTY,29-Sep-2026,66000.0,CE,56758.05,1.8,660,1.85,270,1.85,1.8250000000000002,2691,-11,553,-5.128205128205129,21.08,0.0019433562344952245,2.148712025586597e-06,-0.43862995746780026,0.8422902140404344,0.08608505880913157,-0.00045004783779044164,33.89034100949373,2.1362784961501123e-09,7.625870784911987e-05,-4.0083059409096526e-07,-0.19718147923423868,68.72627914083873,-0.001646911769506578,1.58907822236114e-06,0.057724210463977674,57098,0.10345041030174679,0.0069,index_dividend_yield,0.065,11.24,30,56990.4,57044,56720.45,57088.3,mid_price,ok
2026-09-08T08:20:09.298808+00:00,2026-09-08T13:50:09.298808+05:30,BANKNIFTY,29-Sep-2026,66000.0,PE,56758.05,8801.65,30,8900.1,30,0.0,8850.875,455,0,0,0,0,,,,,,,,,,,,,,,0.057724210463977674,,,,,,11.24,30,56990.4,57044,56720.45,57088.3,mid_price,no_price_available
2026-09-08T08:20:09.298808+00:00,2026-09-08T13:50:09.298808+05:30,BANKNIFTY,29-Sep-2026,67500.0,CE,56758.05,1.55,90,1.6,270,1.55,1.5750000000000002,2120,1,198,-3.125,23.7,0.0015544131045597605,1.5596821493599492e-06,-0.40039407560243406,0.687380775403102,0.06409972216574991,-0.0003746293616198825,25.843190214165034,1.4083283742258887e-09,5.205567375992231e-05,-3.055597595857175e-07,-0.16736659357468964,62.30508670620641,-0.0012860656796081598,1.102766306898693e-06,0.057724210463977674,57098,0.10345041030174679,0.0069,index_dividend_yield,0.065,11.24,30,56990.4,57044,56720.45,57088.3,mid_price,ok
2026-09-08T08:20:09.298808+00:00,2026-09-08T13:50:09.298808+05:30,BANKNIFTY,29-Sep-2026,67500.0,PE,56758.05,10168.65,330,10403.85,30,0.0,10286.25,96,0,0,0,35.16,,,,,,,,,,,,,,,0.057724210463977674,,,,,,11.24,30,56990.4,57044,56720.45,57088.3,mid_price,no_price_available
2026-09-08T08:20:09.298808+00:00,2026-09-08T13:50:09.298808+05:30,BANKNIFTY,29-Sep-2026,69000.0,CE,56758.05,1.55,210,1.6,30,1.5,1.5750000000000002,1224,-30,53,-6.25,26.34,0.0013423474826652594,1.2275005776985004e-06,-0.3877133676877719,0.6012435214976685,0.051305988361491466,-0.0003318332802926317,20.99965502473572,1.0095220654870889e-09,3.821137943887434e-05,-2.4803785173086426e-07,-0.15010131729824738,56.78024262781464,-0.001084742068318721,8.305742376390591e-07,0.057724210463977674,57098,0.10345041030174679,0.0069,index_dividend_yield,0.065,11.24,30,56990.4,57044,56720.45,57088.3,mid_price,ok
2026-09-08T08:20:09.298808+00:00,2026-09-08T13:50:09.298808+05:30,BANKNIFTY,29-Sep-2026,69000.0,PE,56758.05,11790.65,30,11860.55,30,11846.35,11825.599999999999,104,-2,3,4.834955752212389,0,,,,,,,,,,,,,,,0.057724210463977674,,,,,,11.24,30,56990.4,57044,56720.45,57088.3,mid_price,no_price_available
