fetch_ts_utc,fetch_ts_ist,symbol,expiry_date,strike,option_type,underlying_value,bid_price,bid_qty,ask_price,ask_qty,ltp,mid_price,open_interest,change_in_oi,total_traded_volume,pchange_vs_prev_close,nse_iv,delta,gamma,theta,vega,vanna,charm,vomma,speed,zomma,color,veta,omega,dual_delta,dual_gamma,time_to_expiry_years,futures_price,implied_cost_of_carry,dividend_yield_used,dividend_yield_source,risk_free_rate_used,india_vix,lot_size,underlying_day_open,underlying_day_high,underlying_day_low,underlying_prev_close,price_source_for_iv,data_quality_flag
2026-09-28T10:09:30.003370+00:00,2026-09-28T15:39:30.003370+05:30,BANKNIFTY,29-Sep-2026,43500.0,CE,54471.65,9671.75,870,11480.55,300,0.0,10576.15,0,0,0,0,0,,,,,,,,,,,,,,,0.002721651339104515,,,,,,13.57,30,55347.8,55390.1,54437.7,55580.4,mid_price,no_price_available
2026-09-28T10:09:30.003370+00:00,2026-09-28T15:39:30.003370+05:30,BANKNIFTY,29-Sep-2026,43500.0,PE,54471.65,0.25,600,0.35,750,0.3,0.3,1915,-2900,5275,0,128.6,-0.0003514944198357539,3.507058887436341e-07,-2.3543514017222176,0.036421478925574687,-0.003310109270670522,0.0021458397467850406,0.3187306223097555,-3.3455595027922845e-10,2.7963709008282076e-06,-1.8074727074768118e-06,-0.2250804765233473,-56.84882456733145,0.00044789143543936687,5.499277125691066e-07,0.002721651339104515,54544.6,0.49173557559104303,0.006999999999999999,index_dividend_yield,0.065,13.57,30,55347.8,55390.1,54437.7,55580.4,mid_price,wide_quote_low_liquidity
2026-09-28T10:09:30.003370+00:00,2026-09-28T15:39:30.003370+05:30,BANKNIFTY,29-Sep-2026,45000.0,CE,54471.65,9471.25,30,9551.35,30,9558.3,9511.3,462,-208,263,-10.062807273411588,202.54,0.9686878828832453,1.2242065784594048e-05,-210.8080089392919,2.0023457229651815,-0.061104983911097754,0.062158973815278296,3.2334724909208745,-4.187477267919977e-09,1.3724737215194462e-05,-1.3961167754170414e-05,-4.295431279929402,5.524404187516328,-0.960324113563984,1.7937864650039465e-05,0.002721651339104515,54544.6,0.49173557559104303,0.006999999999999999,index_dividend_yield,0.065,13.57,30,55347.8,55390.1,54437.7,55580.4,mid_price,ok
2026-09-28T10:09:30.003370+00:00,2026-09-28T15:39:30.003370+05:30,BANKNIFTY,29-Sep-2026,45000.0,PE,54471.65,1.15,90,1.25,30,1.25,1.2,2361,-2017,6761,127.27272727272727,122.62,-0.0012617697524696843,1.1957209068352067e-06,-7.296384765943687,0.11840353931940496,-0.010046152806840522,0.006193077090378855,0.8623124525037468,-1.0660359465544601e-09,7.7330726099362e-06,-4.757543460850745e-06,-0.5913734609079521,-54.5609355578417,0.0015553418951626285,1.752047421034474e-06,0.002721651339104515,54544.6,0.49173557559104303,0.006999999999999999,index_dividend_yield,0.065,13.57,30,55347.8,55390.1,54437.7,55580.4,mid_price,ok
2026-09-28T10:09:30.003370+00:00,2026-09-28T15:39:30.003370+05:30,BANKNIFTY,29-Sep-2026,46500.0,CE,54471.65,7467.85,300,8424.55,300,0.0,7946.2,1,0,0,0,65.63,,,,,,,,,,,,,,,0.002721651339104515,,,,,,13.57,30,55347.8,55390.1,54437.7,55580.4,mid_price,no_price_available
2026-09-28T10:09:30.003370+00:00,2026-09-28T15:39:30.003370+05:30,BANKNIFTY,29-Sep-2026,46500.0,PE,54471.65,1.05,450,1.85,210,1.05,1.4500000000000002,886,-100,1198,23.529411764705884,101.23,-0.0012410609953192784,1.4266160855095984e-06,-5.931228750954731,0.11662452911809984,-0.012051635678218516,0.0061316138475084915,1.0361677145019412,-1.5423920834783582e-09,1.1265671620535689e-05,-5.7197787956899415e-06,-0.5860744819660363,-66.3716264886804,0.0014757244613713134,1.9576825607083798e-06,0.002721651339104515,54544.6,0.49173557559104303,0.006999999999999999,index_dividend_yield,0.065,13.57,30,55347.8,55390.1,54437.7,55580.4,mid_price,wide_quote_low_liquidity
2026-09-28T10:09:30.003370+00:00,2026-09-28T15:39:30.003370+05:30,BANKNIFTY,29-Sep-2026,48000.0,CE,54471.65,6529.6,30,6561.9,30,6600,6545.75,90,-95,128,-13.764944143202456,150.03,0.9512314550525256,2.3706120224739438e-05,-223.95165065260363,2.8721832274575196,-0.10636049233292422,0.08009369403956566,5.0085706435523125,-9.65100515247888e-09,2.553830222071586e-05,-1.9226992687329736e-05,-5.215469089207803,7.888794663612478,-0.9426448172193287,3.052945624273527e-05,0.002721651339104515,54544.6,0.49173557559104303,0.006999999999999999,index_dividend_yield,0.065,13.57,30,55347.8,55390.1,54437.7,55580.4,mid_price,ok
2026-09-28T10:09:30.003370+00:00,2026-09-28T15:39:30.003370+05:30,BANKNIFTY,29-Sep-2026,48000.0,PE,54471.65,0.8,600,1.85,120,0.75,1.3250000000000002,1771,-314,2817,-21.05263157894737,79.11,-0.001003974882670551,1.5032009390118517e-06,-3.8150223049833727,0.09603332653073768,-0.013019380020362039,0.005175840205431084,1.1428791664977664,-2.1297691544326346e-09,1.598917744007147e-05,-6.341769697714289e-06,-0.5028721269203027,-86.5505834806047,0.0011525006682752787,1.9358674830185253e-06,0.002721651339104515,54544.6,0.49173557559104303,0.006999999999999999,index_dividend_yield,0.065,13.57,30,55347.8,55390.1,54437.7,55580.4,mid_price,wide_quote_low_liquidity
2026-09-28T10:09:30.003370+00:00,2026-09-28T15:39:30.003370+05:30,BANKNIFTY,29-Sep-2026,48500.0,CE,54471.65,4655,300,6289.8,300,0.0,5472.4,0,0,0,0,0,,,,,,,,,,,,,,,0.002721651339104515,,,,,,13.57,30,55347.8,55390.1,54437.7,55580.4,mid_price,no_price_available
2026-09-28T10:09:30.003370+00:00,2026-09-28T15:39:30.003370+05:30,BANKNIFTY,29-Sep-2026,48500.0,PE,54471.65,1.15,150,1.8,30,1.1,1.475,128,-34,348,-8.333333333333334,75.21,-0.0014270089641612548,2.1815129008723956e-06,-5.003141410629614,0.132497268209339,-0.01824967215759794,0.006892245856431212,1.547028957916835,-3.138773591460952e-09,2.257054149541133e-05,-8.506254666423677e-06,-0.6511471596168793,-88.70667585045,0.0016207795641740234,2.7517905176136066e-06,0.002721651339104515,54544.6,0.49173557559104303,0.006999999999999999,index_dividend_yield,0.065,13.57,30,55347.8,55390.1,54437.7,55580.4,mid_price,wide_quote_low_liquidity
2026-09-28T10:09:30.003370+00:00,2026-09-28T15:39:30.003370+05:30,BANKNIFTY,29-Sep-2026,49000.0,CE,54471.65,5499.6,30,5560.65,30,5694.2,5530.125,41,-3,8,-14.163827670415147,159.63,0.9056770798189276,3.705752134656392e-05,-390.6431261753512,4.777101082829934,-0.12967890303883234,0.10390503035835753,4.844871589215316,-1.1414317440479019e-08,1.4368620299574708e-05,-1.1495121950199546e-05,-6.284515523788713,8.67557449310284,-0.890759525977656,4.579575979342197e-05,0.002721651339104515,54544.6,0.49173557559104303,0.006999999999999999,index_dividend_yield,0.065,13.57,30,55347.8,55390.1,54437.7,55580.4,mid_price,ok
2026-09-28T10:09:30.003370+00:00,2026-09-28T15:39:30.003370+05:30,BANKNIFTY,29-Sep-2026,49000.0,PE,54471.65,1.4,540,1.7,120,1.4,1.5499999999999998,1439,-37,2142,-6.666666666666667,71.99,-0.002244002147873324,3.440216742574088e-06,-7.227167677267714,0.20000070593264432,-0.027413641969738438,0.00990168775970559,2.2137193157481945,-4.921545996862821e-09,3.329937608241909e-05,-1.2005794457633343e-05,-0.900459014127467,-89.42119175179545,0.0025224786092235057,4.251426805015921e-06,0.002721651339104515,54544.6,0.49173557559104303,0.006999999999999999,index_dividend_yield,0.065,13.57,30,55347.8,55390.1,54437.7,55580.4,mid_price,wide_quote_low_liquidity
2026-09-28T10:09:30.003370+00:00,2026-09-28T15:39:30.003370+05:30,BANKNIFTY,29-Sep-2026,49200.0,CE,0,,0,,0,0.0,,0,0,0,0,0,,,,,,,,,,,,,,,0.002721651339104515,,,,,,13.57,30,55347.8,55390.1,54437.7,55580.4,none,no_price_available
2026-09-28T10:09:30.003370+00:00,2026-09-28T15:39:30.003370+05:30,BANKNIFTY,29-Sep-2026,49200.0,PE,54471.65,0.15,900,20.05,600,0.0,10.1,0,0,0,0,0,,,,,,,,,,,,,,,0.002721651339104515,54544.6,0.49173557559104303,0.006999999999999999,index_dividend_yield,0.065,13.57,30,55347.8,55390.1,54437.7,55580.4,mid_price,no_nse_iv
2026-09-28T10:09:30.003370+00:00,2026-09-28T15:39:30.003370+05:30,BANKNIFTY,29-Sep-2026,49300.0,CE,0,,0,,0,0.0,,0,0,0,0,0,,,,,,,,,,,,,,,0.002721651339104515,,,,,,13.57,30,55347.8,55390.1,54437.7,55580.4,none,no_price_available
2026-09-28T10:09:30.003370+00:00,2026-09-28T15:39:30.003370+05:30,BANKNIFTY,29-Sep-2026,49300.0,PE,54471.65,0.15,900,20.05,600,0.0,10.1,0,0,0,0,0,,,,,,,,,,,,,,,0.002721651339104515,54544.6,0.49173557559104303,0.006999999999999999,index_dividend_yield,0.065,13.57,30,55347.8,55390.1,54437.7,55580.4,mid_price,no_nse_iv
2026-09-28T10:09:30.003370+00:00,2026-09-28T15:39:30.003370+05:30,BANKNIFTY,29-Sep-2026,49400.0,CE,0,,0,,0,0.0,,0,0,0,0,0,,,,,,,,,,,,,,,0.002721651339104515,,,,,,13.57,30,55347.8,55390.1,54437.7,55580.4,none,no_price_available
2026-09-28T10:09:30.003370+00:00,2026-09-28T15:39:30.003370+05:30,BANKNIFTY,29-Sep-2026,49400.0,PE,54471.65,0.15,900,20.05,600,0.0,10.1,0,0,0,0,0,,,,,,,,,,,,,,,0.002721651339104515,54544.6,0.49173557559104303,0.006999999999999999,index_dividend_yield,0.065,13.57,30,55347.8,55390.1,54437.7,55580.4,mid_price,no_nse_iv
2026-09-28T10:09:30.003370+00:00,2026-09-28T15:39:30.003370+05:30,BANKNIFTY,29-Sep-2026,49500.0,CE,54471.65,4569.3,300,5248.6,300,0.0,4908.950000000001,3,0,0,0,0,,,,,,,,,,,,,,,0.002721651339104515,,,,,,13.57,30,55347.8,55390.1,54437.7,55580.4,mid_price,no_price_available
2026-09-28T10:09:30.003370+00:00,2026-09-28T15:39:30.003370+05:30,BANKNIFTY,29-Sep-2026,49500.0,PE,54471.65,1.1,480,1.4,660,1.15,1.25,379,-227,3498,-36.111111111111114,64.99,-0.0022244733788298883,3.780696169384119e-06,-6.471101206875485,0.19842293265226765,-0.030195977577908383,0.009843166719446851,2.4407884525363133,-6.010738939792007e-09,4.068858489671331e-05,-1.3238759949377266e-05,-0.8957184914400655,-99.22504338699868,0.0024725637620975904,4.578280958055681e-06,0.002721651339104515,54544.6,0.49173557559104303,0.006999999999999999,index_dividend_yield,0.065,13.57,30,55347.8,55390.1,54437.7,55580.4,mid_price,wide_quote_low_liquidity
2026-09-28T10:09:30.003370+00:00,2026-09-28T15:39:30.003370+05:30,BANKNIFTY,29-Sep-2026,49600.0,CE,0,,0,,0,0.0,,0,0,0,0,0,,,,,,,,,,,,,,,0.002721651339104515,,,,,,13.57,30,55347.8,55390.1,54437.7,55580.4,none,no_price_available
2026-09-28T10:09:30.003370+00:00,2026-09-28T15:39:30.003370+05:30,BANKNIFTY,29-Sep-2026,49600.0,PE,54471.65,0.15,900,20.05,600,0.0,10.1,0,0,0,0,0,,,,,,,,,,,,,,,0.002721651339104515,54544.6,0.49173557559104303,0.006999999999999999,index_dividend_yield,0.065,13.57,30,55347.8,55390.1,54437.7,55580.4,mid_price,no_nse_iv
2026-09-28T10:09:30.003370+00:00,2026-09-28T15:39:30.003370+05:30,BANKNIFTY,29-Sep-2026,49700.0,CE,0,,0,,0,0.0,,0,0,0,0,0,,,,,,,,,,,,,,,0.002721651339104515,,,,,,13.57,30,55347.8,55390.1,54437.7,55580.4,none,no_price_available
2026-09-28T10:09:30.003370+00:00,2026-09-28T15:39:30.003370+05:30,BANKNIFTY,29-Sep-2026,49700.0,PE,54471.65,0.25,900,20.05,600,0.0,10.15,0,0,0,0,0,,,,,,,,,,,,,,,0.002721651339104515,54544.6,0.49173557559104303,0.006999999999999999,index_dividend_yield,0.065,13.57,30,55347.8,55390.1,54437.7,55580.4,mid_price,no_nse_iv
2026-09-28T10:09:30.003370+00:00,2026-09-28T15:39:30.003370+05:30,BANKNIFTY,29-Sep-2026,49800.0,CE,0,,0,,0,0.0,,0,0,0,0,0,,,,,,,,,,,,,,,0.002721651339104515,,,,,,13.57,30,55347.8,55390.1,54437.7,55580.4,none,no_price_available
2026-09-28T10:09:30.003370+00:00,2026-09-28T15:39:30.003370+05:30,BANKNIFTY,29-Sep-2026,49800.0,PE,54471.65,0.15,900,20.05,600,0.0,10.1,0,0,0,0,0,,,,,,,,,,,,,,,0.002721651339104515,54544.6,0.49173557559104303,0.006999999999999999,index_dividend_yield,0.065,13.57,30,55347.8,55390.1,54437.7,55580.4,mid_price,no_nse_iv
2026-09-28T10:09:30.003370+00:00,2026-09-28T15:39:30.003370+05:30,BANKNIFTY,29-Sep-2026,49900.0,CE,0,,0,,0,0.0,,0,0,0,0,0,,,,,,,,,,,,,,,0.002721651339104515,,,,,,13.57,30,55347.8,55390.1,54437.7,55580.4,none,no_price_available
2026-09-28T10:09:30.003370+00:00,2026-09-28T15:39:30.003370+05:30,BANKNIFTY,29-Sep-2026,49900.0,PE,54471.65,0.25,900,6.35,600,0.0,3.3,0,0,0,0,0,,,,,,,,,,,,,,,0.002721651339104515,54544.6,0.49173557559104303,0.006999999999999999,index_dividend_yield,0.065,13.57,30,55347.8,55390.1,54437.7,55580.4,mid_price,no_nse_iv
2026-09-28T10:09:30.003370+00:00,2026-09-28T15:39:30.003370+05:30,BANKNIFTY,29-Sep-2026,50000.0,CE,54471.65,4544.05,30,4564.5,30,4570,4554.275,1110,-486,612,-19.44794521755224,102.45,0.9486758209527825,3.6159419561087686e-05,-161.6660588072045,2.991623686273962,-0.16223880046811745,0.08332872462782728,7.5256968035575245,-2.093787731958792e-08,5.5667624169766187e-05,-2.8564127110431365e-05,-5.369248948418967,11.373815837575522,-0.9426504952378755,4.2916322793241234e-05,0.002721651339104515,54544.6,0.49173557559104303,0.006999999999999999,index_dividend_yield,0.065,13.57,30,55347.8,55390.1,54437.7,55580.4,mid_price,ok
2026-09-28T10:09:30.003370+00:00,2026-09-28T15:39:30.003370+05:30,BANKNIFTY,29-Sep-2026,50000.0,PE,54471.65,1.4,330,1.45,1230,1.4,1.4249999999999998,6744,-4728,22871,-39.130434782608695,58.78,-0.002448020265342329,4.5587091969969256e-06,-6.3806453464441,0.21639390331878403,-0.036054858568987595,0.010624813671381177,2.882969975743263,-7.946056959360865e-09,5.29788975964867e-05,-1.5583042920784117e-05,-0.9586918858642802,-108.93600665083538,0.002691435903354509,5.410569024436869e-06,0.002721651339104515,54544.6,0.49173557559104303,0.006999999999999999,index_dividend_yield,0.065,13.57,30,55347.8,55390.1,54437.7,55580.4,mid_price,ok
2026-09-28T10:09:30.003370+00:00,2026-09-28T15:39:30.003370+05:30,BANKNIFTY,29-Sep-2026,50100.0,CE,54471.65,3595.85,300,4993.85,300,0.0,4294.85,0,0,0,0,0,,,,,,,,,,,,,,,0.002721651339104515,,,,,,13.57,30,55347.8,55390.1,54437.7,55580.4,mid_price,no_price_available
2026-09-28T10:09:30.003370+00:00,2026-09-28T15:39:30.003370+05:30,BANKNIFTY,29-Sep-2026,50100.0,PE,54471.65,0.25,900,6.35,600,0.0,3.3,0,0,0,0,0,,,,,,,,,,,,,,,0.002721651339104515,54544.6,0.49173557559104303,0.006999999999999999,index_dividend_yield,0.065,13.57,30,55347.8,55390.1,54437.7,55580.4,mid_price,no_nse_iv
2026-09-28T10:09:30.003370+00:00,2026-09-28T15:39:30.003370+05:30,BANKNIFTY,29-Sep-2026,50200.0,CE,54471.65,3699.85,300,4878.45,300,0.0,4289.15,0,0,0,0,0,,,,,,,,,,,,,,,0.002721651339104515,54544.6,0.49173557559104303,0.006999999999999999,index_dividend_yield,0.065,13.57,30,55347.8,55390.1,54437.7,55580.4,mid_price,no_nse_iv
2026-09-28T10:09:30.003370+00:00,2026-09-28T15:39:30.003370+05:30,BANKNIFTY,29-Sep-2026,50200.0,PE,54471.65,0.25,900,6.35,600,0.0,3.3,0,0,0,0,0,,,,,,,,,,,,,,,0.002721651339104515,54544.6,0.49173557559104303,0.006999999999999999,index_dividend_yield,0.065,13.57,30,55347.8,55390.1,54437.7,55580.4,mid_price,no_nse_iv
2026-09-28T10:09:30.003370+00:00,2026-09-28T15:39:30.003370+05:30,BANKNIFTY,29-Sep-2026,50300.0,CE,54471.65,3612,300,4439.2,300,0.0,4025.6,0,0,0,0,0,,,,,,,,,,,,,,,0.002721651339104515,,,,,,13.57,30,55347.8,55390.1,54437.7,55580.4,mid_price,no_price_available
2026-09-28T10:09:30.003370+00:00,2026-09-28T15:39:30.003370+05:30,BANKNIFTY,29-Sep-2026,50300.0,PE,54471.65,0.25,900,6.3,600,0.0,3.275,0,0,0,0,0,,,,,,,,,,,,,,,0.002721651339104515,54544.6,0.49173557559104303,0.006999999999999999,index_dividend_yield,0.065,13.57,30,55347.8,55390.1,54437.7,55580.4,mid_price,no_nse_iv
2026-09-28T10:09:30.003370+00:00,2026-09-28T15:39:30.003370+05:30,BANKNIFTY,29-Sep-2026,50400.0,CE,54471.65,3464.5,300,4657.7,300,0.0,4061.1,0,0,0,0,0,,,,,,,,,,,,,,,0.002721651339104515,,,,,,13.57,30,55347.8,55390.1,54437.7,55580.4,mid_price,no_price_available
2026-09-28T10:09:30.003370+00:00,2026-09-28T15:39:30.003370+05:30,BANKNIFTY,29-Sep-2026,50400.0,PE,54471.65,0.25,900,6.35,600,0.0,3.3,0,0,0,0,0,,,,,,,,,,,,,,,0.002721651339104515,54544.6,0.49173557559104303,0.006999999999999999,index_dividend_yield,0.065,13.57,30,55347.8,55390.1,54437.7,55580.4,mid_price,no_nse_iv
2026-09-28T10:09:30.003370+00:00,2026-09-28T15:39:30.003370+05:30,BANKNIFTY,29-Sep-2026,50500.0,CE,54471.65,3928.65,300,4207.4,300,0.0,4068.0249999999996,1,0,0,0,82.09,0.9634860189470795,3.427823121717664e-05,-101.5144142027121,2.2723865468363686,-0.17047367667044622,0.07010998197908724,8.68553576334885,-2.7006715477610933e-08,8.926178447559927e-05,-3.666943733232698e-05,-4.714106278944366,13.074982306640281,-0.9597761701036451,3.9881979785044153e-05,0.002721651339104515,54544.6,0.49173557559104303,0.006999999999999999,index_dividend_yield,0.065,13.57,30,55347.8,55390.1,54437.7,55580.4,mid_price,ok
2026-09-28T10:09:30.003370+00:00,2026-09-28T15:39:30.003370+05:30,BANKNIFTY,29-Sep-2026,50500.0,PE,54471.65,1.6,510,2,120,1.65,1.8,1014,37,9152,-19.51219512195122,53.54,-0.003165992106847454,6.312160470588994e-06,-7.326830451916151,0.2729165973156815,-0.04847015987597823,0.013000635329587576,3.7603882686093324,-1.1735846967668953e-08,7.518224555112792e-05,-2.0129672632389782e-05,-1.1461755503930304,-117.08595135227306,0.0034441529063758327,7.344062028551776e-06,0.002721651339104515,54544.6,0.49173557559104303,0.006999999999999999,index_dividend_yield,0.065,13.57,30,55347.8,55390.1,54437.7,55580.4,mid_price,wide_quote_low_liquidity
2026-09-28T10:09:30.003370+00:00,2026-09-28T15:39:30.003370+05:30,BANKNIFTY,29-Sep-2026,50600.0,CE,54471.65,3799.55,300,4109.55,300,0.0,3954.55,0,0,0,0,0,,,,,,,,,,,,,,,0.002721651339104515,54544.6,0.49173557559104303,0.006999999999999999,index_dividend_yield,0.065,13.57,30,55347.8,55390.1,54437.7,55580.4,mid_price,no_nse_iv
2026-09-28T10:09:30.003370+00:00,2026-09-28T15:39:30.003370+05:30,BANKNIFTY,29-Sep-2026,50600.0,PE,54471.65,0.1,1200,9.3,570,0.0,4.7,0,0,0,0,0,,,,,,,,,,,,,,,0.002721651339104515,54544.6,0.49173557559104303,0.006999999999999999,index_dividend_yield,0.065,13.57,30,55347.8,55390.1,54437.7,55580.4,mid_price,no_nse_iv
2026-09-28T10:09:30.003370+00:00,2026-09-28T15:39:30.003370+05:30,BANKNIFTY,29-Sep-2026,50700.0,CE,54471.65,3199.5,300,4024.85,300,0.0,3612.175,0,0,0,0,0,,,,,,,,,,,,,,,0.002721651339104515,,,,,,13.57,30,55347.8,55390.1,54437.7,55580.4,mid_price,no_price_available
2026-09-28T10:09:30.003370+00:00,2026-09-28T15:39:30.003370+05:30,BANKNIFTY,29-Sep-2026,50700.0,PE,54471.65,0.9,30,8.85,600,0.0,4.875,0,0,0,0,0,,,,,,,,,,,,,,,0.002721651339104515,54544.6,0.49173557559104303,0.006999999999999999,index_dividend_yield,0.065,13.57,30,55347.8,55390.1,54437.7,55580.4,mid_price,no_nse_iv
2026-09-28T10:09:30.003370+00:00,2026-09-28T15:39:30.003370+05:30,BANKNIFTY,29-Sep-2026,50800.0,CE,54471.65,3134.6,570,4210.35,300,0.0,3672.4750000000004,0,0,0,0,0,,,,,,,,,,,,,,,0.002721651339104515,54544.6,0.49173557559104303,0.006999999999999999,index_dividend_yield,0.065,13.57,30,55347.8,55390.1,54437.7,55580.4,mid_price,no_nse_iv
2026-09-28T10:09:30.003370+00:00,2026-09-28T15:39:30.003370+05:30,BANKNIFTY,29-Sep-2026,50800.0,PE,54471.65,1.55,90,5.95,30,2.45,3.75,64,35,562,-10.909090909090908,50.56,-0.003851345125734637,7.970430807931084e-06,-8.247954839372483,0.3254336155070012,-0.05976114071669261,0.015129202583558697,4.525557780515305,-1.5324372006959965e-08,9.507391589704059e-05,-2.402794246744803e-05,-1.3096826694798493,-121.90334899233979,0.004163584056496139,9.164218444459806e-06,0.002721651339104515,54544.6,0.49173557559104303,0.006999999999999999,index_dividend_yield,0.065,13.57,30,55347.8,55390.1,54437.7,55580.4,mid_price,wide_quote_low_liquidity
2026-09-28T10:09:30.003370+00:00,2026-09-28T15:39:30.003370+05:30,BANKNIFTY,29-Sep-2026,50900.0,CE,54471.65,3076.25,300,4109.8,300,0.0,3593.025,0,0,0,0,0,,,,,,,,,,,,,,,0.002721651339104515,54544.6,0.49173557559104303,0.006999999999999999,index_dividend_yield,0.065,13.57,30,55347.8,55390.1,54437.7,55580.4,mid_price,no_nse_iv
2026-09-28T10:09:30.003370+00:00,2026-09-28T15:39:30.003370+05:30,BANKNIFTY,29-Sep-2026,50900.0,PE,54471.65,1.1,600,2.65,270,1.3,1.875,285,249,12981,-39.53488372093023,49.28,-0.003943396189788966,8.352354735843368e-06,-8.2101403181031,0.33239400336022173,-0.062451826975007396,0.015407834855089562,4.715200631944804,-1.6439985579195113e-08,0.00010153364164352498,-2.500696783449175e-05,-1.3308017373934407,-124.82699150372765,0.00425391169260059,9.56564871145597e-06,0.002721651339104515,54544.6,0.49173557559104303,0.006999999999999999,index_dividend_yield,0.065,13.57,30,55347.8,55390.1,54437.7,55580.4,mid_price,wide_quote_low_liquidity
2026-09-28T10:09:30.003370+00:00,2026-09-28T15:39:30.003370+05:30,BANKNIFTY,29-Sep-2026,51000.0,CE,54471.65,3522.25,30,3569.95,30,3575,3546.1,166,-20,46,-23.475394396044265,89.78,0.9240260907558685,5.602027023743889e-05,-190.89927680669902,4.061611223222561,-0.22064070923044632,0.09922812165874505,8.983813206484115,-3.2446107689873563e-08,6.151322691289111e-05,-2.7591034797028195e-05,-6.082666870882719,14.105761403422765,-0.9169598335880477,6.390662885791246e-05,0.002721651339104515,54544.6,0.49173557559104303,0.006999999999999999,index_dividend_yield,0.065,13.57,30,55347.8,55390.1,54437.7,55580.4,mid_price,ok
2026-09-28T10:09:30.003370+00:00,2026-09-28T15:39:30.003370+05:30,BANKNIFTY,29-Sep-2026,51000.0,PE,54471.65,1.9,150,2.05,120,2.1,1.9749999999999999,12435,-3903,32954,-25,48.15,-0.004139194881021312,8.927377253580728e-06,-8.376542318218002,0.3471312634138565,-0.06635077858728597,0.01599164300373049,4.978693959548281,-1.788195465325428e-08,0.00010949860869122165,-2.6345852860779272e-05,-1.3748500710931049,-127.21628773478051,0.004455707865860029,1.0184145531627059e-05,0.002721651339104515,54544.6,0.49173557559104303,0.006999999999999999,index_dividend_yield,0.065,13.57,30,55347.8,55390.1,54437.7,55580.4,mid_price,ok
2026-09-28T10:09:30.003370+00:00,2026-09-28T15:39:30.003370+05:30,BANKNIFTY,29-Sep-2026,51100.0,CE,54471.65,2980.35,600,3615.35,300,0.0,3297.85,0,0,0,0,0,,,,,,,,,,,,,,,0.002721651339104515,,,,,,13.57,30,55347.8,55390.1,54437.7,55580.4,mid_price,no_price_available
2026-09-28T10:09:30.003370+00:00,2026-09-28T15:39:30.003370+05:30,BANKNIFTY,29-Sep-2026,51100.0,PE,54471.65,1.4,30,2.7,270,1.55,2.05,125,1,950,-36.734693877551024,46.73,-0.004149782100842276,9.219704539361914e-06,-8.147041201376313,0.3479255596726754,-0.06852017954401277,0.016025092982060094,5.139789576286302,-1.904749754553261e-08,0.00011646923774145936,-2.7191917914466138e-05,-1.3773653289646548,-131.07972771151398,0.004457337898950192,1.0476501142436411e-05,0.002721651339104515,54544.6,0.49173557559104303,0.006999999999999999,index_dividend_yield,0.065,13.57,30,55347.8,55390.1,54437.7,55580.4,mid_price,wide_quote_low_liquidity
2026-09-28T10:09:30.003370+00:00,2026-09-28T15:39:30.003370+05:30,BANKNIFTY,29-Sep-2026,51200.0,CE,54471.65,2899,300,3953.45,300,0.0,3426.225,0,0,0,0,0,,,,,,,,,,,,,,,0.002721651339104515,54544.6,0.49173557559104303,0.006999999999999999,index_dividend_yield,0.065,13.57,30,55347.8,55390.1,54437.7,55580.4,mid_price,no_nse_iv
2026-09-28T10:09:30.003370+00:00,2026-09-28T15:39:30.003370+05:30,BANKNIFTY,29-Sep-2026,51200.0,PE,54471.65,1.65,150,2.3,60,1.8,1.9749999999999999,158,69,1149,-30.76923076923077,45.72,-0.004455531379396782,1.004167749924241e-05,-8.49283556994266,0.3707541670956756,-0.0739538367840035,0.016918624972053695,5.49654545000966,-2.1013726005923792e-08,0.00012690681921567648,-2.898286711735624e-05,-1.4442446766750414,-133.12306003571572,0.00477584515854022,1.136599364209084e-05,0.002721651339104515,54544.6,0.49173557559104303,0.006999999999999999,index_dividend_yield,0.065,13.57,30,55347.8,55390.1,54437.7,55580.4,mid_price,wide_quote_low_liquidity
2026-09-28T10:09:30.003370+00:00,2026-09-28T15:39:30.003370+05:30,BANKNIFTY,29-Sep-2026,51300.0,CE,54471.65,3013.95,300,3537.4,900,0.0,3275.675,0,0,0,0,0,,,,,,,,,,,,,,,0.002721651339104515,54544.6,0.49173557559104303,0.006999999999999999,index_dividend_yield,0.065,13.57,30,55347.8,55390.1,54437.7,55580.4,mid_price,no_nse_iv
2026-09-28T10:09:30.003370+00:00,2026-09-28T15:39:30.003370+05:30,BANKNIFTY,29-Sep-2026,51300.0,PE,54471.65,1.4,600,2.85,210,1.35,2.125,148,-8,643,-46,43.75,-0.004064350563217339,9.666074136383674e-06,-7.484653216112091,0.34150866627260784,-0.07207378923358232,0.015776416936871374,5.420770601050728,-2.14640026203278e-08,0.0001313349165353832,-2.869654553723507e-05,-1.3586415459746743,-140.33740398176224,0.004346383040015812,1.0898242138489845e-05,0.002721651339104515,54544.6,0.49173557559104303,0.006999999999999999,index_dividend_yield,0.065,13.57,30,55347.8,55390.1,54437.7,55580.4,mid_price,wide_quote_low_liquidity
2026-09-28T10:09:30.003370+00:00,2026-09-28T15:39:30.003370+05:30,BANKNIFTY,29-Sep-2026,51400.0,CE,54471.65,2898.05,300,3297.85,300,0.0,3097.95,0,0,0,0,0,,,,,,,,,,,,,,,0.002721651339104515,54544.6,0.49173557559104303,0.006999999999999999,index_dividend_yield,0.065,13.57,30,55347.8,55390.1,54437.7,55580.4,mid_price,no_nse_iv
2026-09-28T10:09:30.003370+00:00,2026-09-28T15:39:30.003370+05:30,BANKNIFTY,29-Sep-2026,51400.0,PE,54471.65,1.8,300,2.95,240,1.85,2.375,340,-47,1327,-31.48148148148148,44.2,-0.005614176006690161,1.2761473921486375e-05,-10.084596654187978,0.45550867939777057,-0.091113953202231,0.0201418844615023,6.564981299354483,-2.67446751136314e-08,0.00015505078538218052,-3.4218931012364455e-05,-1.6806829616970598,-134.75901813390254,0.005993828132770084,1.4332292428098886e-05,0.002721651339104515,54544.6,0.49173557559104303,0.006999999999999999,index_dividend_yield,0.065,13.57,30,55347.8,55390.1,54437.7,55580.4,mid_price,wide_quote_low_liquidity
2026-09-28T10:09:30.003370+00:00,2026-09-28T15:39:30.003370+05:30,BANKNIFTY,29-Sep-2026,51500.0,CE,54471.65,2914.15,300,3194.85,300,0.0,3054.5,0,0,0,0,0,,,,,,,,,,,,,,,0.002721651339104515,54544.6,0.49173557559104303,0.006999999999999999,index_dividend_yield,0.065,13.57,30,55347.8,55390.1,54437.7,55580.4,mid_price,no_nse_iv
2026-09-28T10:09:30.003370+00:00,2026-09-28T15:39:30.003370+05:30,BANKNIFTY,29-Sep-2026,51500.0,PE,54471.65,2,240,2.05,660,2.05,2.025,3880,-3600,43713,-41.42857142857143,42.67,-0.005569619085342814,1.3125836756266192e-05,-9.665233718506524,0.4522964629288462,-0.09384926448918664,0.020024716958009673,6.769503799706977,-2.8576084441473103e-08,0.0001656917013597758,-3.5293675162758006e-05,-1.6722127174780588,-139.7314965467283,0.005933156327557957,1.46843119503733e-05,0.002721651339104515,54544.6,0.49173557559104303,0.006999999999999999,index_dividend_yield,0.065,13.57,30,55347.8,55390.1,54437.7,55580.4,mid_price,ok
2026-09-28T10:09:30.003370+00:00,2026-09-28T15:39:30.003370+05:30,BANKNIFTY,29-Sep-2026,51600.0,CE,54471.65,2618.85,300,3078.4,300,0.0,2848.625,0,0,0,0,0,,,,,,,,,,,,,,,0.002721651339104515,,,,,,13.57,30,55347.8,55390.1,54437.7,55580.4,mid_price,no_price_available
2026-09-28T10:09:30.003370+00:00,2026-09-28T15:39:30.003370+05:30,BANKNIFTY,29-Sep-2026,51600.0,PE,54471.65,1.6,150,3.4,60,1.55,2.5,117,-31,1855,-53.73134328358209,41.57,-0.005944252069629359,1.427447688359986e-05,-9.97439164199139,0.479196653021455,-0.10115777172287023,0.021022836730476568,7.230953127819767,-3.1623528254812916e-08,0.00018105874993658806,-3.7563763646384286e-05,-1.7440780300990972,-142.5520164272358,0.00631908182624198,1.5907497356487316e-05,0.002721651339104515,54544.6,0.49173557559104303,0.006999999999999999,index_dividend_yield,0.065,13.57,30,55347.8,55390.1,54437.7,55580.4,mid_price,wide_quote_low_liquidity
2026-09-28T10:09:30.003370+00:00,2026-09-28T15:39:30.003370+05:30,BANKNIFTY,29-Sep-2026,51700.0,CE,54471.65,2544.45,300,2984.5,300,0.0,2764.475,0,0,0,0,0,,,,,,,,,,,,,,,0.002721651339104515,,,,,,13.57,30,55347.8,55390.1,54437.7,55580.4,mid_price,no_price_available
2026-09-28T10:09:30.003370+00:00,2026-09-28T15:39:30.003370+05:30,BANKNIFTY,29-Sep-2026,51700.0,PE,54471.65,2.05,60,3.8,270,2.35,2.925,137,-151,1892,-37.333333333333336,40.92,-0.006862950302731662,1.6467913861443608e-05,-11.148127478978868,0.5441864973282665,-0.11432716070282388,0.023381805518725166,8.006379652543972,-3.626079044943103e-08,0.00020204011905597646,-4.125080825270107e-05,-1.9114445331735066,-142.79032946803753,0.0072815146016337595,1.828094162444652e-05,0.002721651339104515,54544.6,0.49173557559104303,0.006999999999999999,index_dividend_yield,0.065,13.57,30,55347.8,55390.1,54437.7,55580.4,mid_price,wide_quote_low_liquidity
2026-09-28T10:09:30.003370+00:00,2026-09-28T15:39:30.003370+05:30,BANKNIFTY,29-Sep-2026,51800.0,CE,54471.65,1395.35,120,3081.65,870,0.0,2238.5,0,0,0,0,0,,,,,,,,,,,,,,,0.002721651339104515,,,,,,13.57,30,55347.8,55390.1,54437.7,55580.4,mid_price,no_price_available
2026-09-28T10:09:30.003370+00:00,2026-09-28T15:39:30.003370+05:30,BANKNIFTY,29-Sep-2026,51800.0,PE,54471.65,2.05,90,3.7,240,2.45,2.875,286,4,1382,-37.9746835443038,38.84,-0.006212279539950494,1.5886739047230325e-05,-9.687007781238455,0.498296151617192,-0.11194388796753217,0.02172644341352561,7.9523788203980645,-3.754600030805282e-08,0.00021263440336938497,-4.119561887062744e-05,-1.794355427634111,-151.98000714966165,0.006575669501385308,1.7567756524537022e-05,0.002721651339104515,54544.6,0.49173557559104303,0.006999999999999999,index_dividend_yield,0.065,13.57,30,55347.8,55390.1,54437.7,55580.4,mid_price,wide_quote_low_liquidity
2026-09-28T10:09:30.003370+00:00,2026-09-28T15:39:30.003370+05:30,BANKNIFTY,29-Sep-2026,51900.0,CE,54471.65,1299,120,3078.35,300,0.0,2188.675,0,0,0,0,0,,,,,,,,,,,,,,,0.002721651339104515,,,,,,13.57,30,55347.8,55390.1,54437.7,55580.4,mid_price,no_price_available
2026-09-28T10:09:30.003370+00:00,2026-09-28T15:39:30.003370+05:30,BANKNIFTY,29-Sep-2026,51900.0,PE,54471.65,2.45,30,3.2,30,3.45,2.825,216,-121,3588,7.8125,38.67,-0.007864338113614287,1.9648884611676725e-05,-11.87416930803659,0.6136003861183069,-0.13372859827294384,0.02583231960646077,9.178072736411913,-4.4893766241433126e-08,0.0002430900226159224,-4.687617628073713e-05,-2.0818380715913753,-149.07932027553056,0.008309383436397299,2.164433504081909e-05,0.002721651339104515,54544.6,0.49173557559104303,0.006999999999999999,index_dividend_yield,0.065,13.57,30,55347.8,55390.1,54437.7,55580.4,mid_price,wide_quote_low_liquidity
2026-09-28T10:09:30.003370+00:00,2026-09-28T15:39:30.003370+05:30,BANKNIFTY,29-Sep-2026,52000.0,CE,54471.65,2544.8,30,2557.15,60,2558.45,2550.9750000000004,260,-37,147,-30.192360163710777,68.28,0.9075401496661669,8.536811301015524e-05,-169.16983007065767,4.7072010091935566,-0.31300625429364626,0.10685947006862613,11.79339390721168,-5.968809117388664e-08,8.885473053408139e-05,-3.0133102783176296e-05,-6.393611167441242,19.275702778686323,-0.9013571326355765,9.36763705644484e-05,0.002721651339104515,54544.6,0.49173557559104303,0.006999999999999999,index_dividend_yield,0.065,13.57,30,55347.8,55390.1,54437.7,55580.4,mid_price,ok
2026-09-28T10:09:30.003370+00:00,2026-09-28T15:39:30.003370+05:30,BANKNIFTY,29-Sep-2026,52000.0,PE,54471.65,2.75,150,2.9,150,2.85,2.825,12910,-424,83208,-28.75,37.84,-0.008889739075132571,2.236107186317883e-05,-12.936547329341588,0.6833092423317934,-0.14935709846528727,0.028223582393115114,10.059813331147692,-5.11851318920096e-08,0.0002701092961927889,-5.0952212073608447e-05,-2.244937591955391,-150.43997383003247,0.00937418408769354,2.4537312354839323e-05,0.002721651339104515,54544.6,0.49173557559104303,0.006999999999999999,index_dividend_yield,0.065,13.57,30,55347.8,55390.1,54437.7,55580.4,mid_price,ok
2026-09-28T10:09:30.003370+00:00,2026-09-28T15:39:30.003370+05:30,BANKNIFTY,29-Sep-2026,52100.0,CE,54471.65,2362.8,300,2821.45,570,0.0,2592.125,0,0,0,0,0,,,,,,,,,,,,,,,0.002721651339104515,54544.6,0.49173557559104303,0.006999999999999999,index_dividend_yield,0.065,13.57,30,55347.8,55390.1,54437.7,55580.4,mid_price,no_nse_iv
2026-09-28T10:09:30.003370+00:00,2026-09-28T15:39:30.003370+05:30,BANKNIFTY,29-Sep-2026,52100.0,PE,54471.65,3.05,120,4.95,150,3.85,4.0,784,372,6360,-15.384615384615385,36.75,-0.00964982125815809,2.4738099697867657e-05,-13.495846812377172,0.734171005144243,-0.1631306910324544,0.02992918227943282,10.846191614640398,-5.755018358951379e-08,0.000298149858432722,-5.460240265846084e-05,-2.3594616373613753,-153.58627480034247,0.0101547819261102,2.7041572964798014e-05,0.002721651339104515,54544.6,0.49173557559104303,0.006999999999999999,index_dividend_yield,0.065,13.57,30,55347.8,55390.1,54437.7,55580.4,mid_price,wide_quote_low_liquidity
2026-09-28T10:09:30.003370+00:00,2026-09-28T15:39:30.003370+05:30,BANKNIFTY,29-Sep-2026,52200.0,CE,54471.65,1010.45,120,2672.45,300,0.0,1841.4499999999998,0,0,0,0,0,,,,,,,,,,,,,,,0.002721651339104515,,,,,,13.57,30,55347.8,55390.1,54437.7,55580.4,mid_price,no_price_available
2026-09-28T10:09:30.003370+00:00,2026-09-28T15:39:30.003370+05:30,BANKNIFTY,29-Sep-2026,52200.0,PE,54471.65,3.6,60,5.65,180,4,4.625,697,348,9423,2.5641025641025643,35.5,-0.010228098501687611,2.6944006272007685e-05,-13.712682973282304,0.7724387882196514,-0.1760563137963595,0.031191778094683195,11.596425061737248,-6.431874121282462e-08,0.00032860370301764465,-5.811021134889764e-05,-2.443310484418648,-158.03359253026682,0.010740744513431655,2.9340143004342817e-05,0.002721651339104515,54544.6,0.49173557559104303,0.006999999999999999,index_dividend_yield,0.065,13.57,30,55347.8,55390.1,54437.7,55580.4,mid_price,wide_quote_low_liquidity
2026-09-28T10:09:30.003370+00:00,2026-09-28T15:39:30.003370+05:30,BANKNIFTY,29-Sep-2026,52300.0,CE,54471.65,1827.35,300,2415.9,300,0.0,2121.625,0,0,0,0,0,,,,,,,,,,,,,,,0.002721651339104515,,,,,,13.57,30,55347.8,55390.1,54437.7,55580.4,mid_price,no_price_available
2026-09-28T10:09:30.003370+00:00,2026-09-28T15:39:30.003370+05:30,BANKNIFTY,29-Sep-2026,52300.0,PE,54471.65,3.75,330,4.6,450,3.85,4.175,393,138,14362,0,34.59,-0.011533818276497769,3.070100496796546e-05,-14.829883368823285,0.8575840672812006,-0.19667136365843998,0.033938838847696336,12.699658863062401,-7.364770096185325e-08,0.0003658824595181353,-6.301725460248731e-05,-2.6231232298592757,-160.09262793546387,0.012087772535303245,3.3303530510726904e-05,0.002721651339104515,54544.6,0.49173557559104303,0.006999999999999999,index_dividend_yield,0.065,13.57,30,55347.8,55390.1,54437.7,55580.4,mid_price,wide_quote_low_liquidity
2026-09-28T10:09:30.003370+00:00,2026-09-28T15:39:30.003370+05:30,BANKNIFTY,29-Sep-2026,52400.0,CE,54471.65,2022.9,300,2317.45,300,0.0,2170.175,0,0,0,0,0,,,,,,,,,,,,,,,0.002721651339104515,54544.6,0.49173557559104303,0.006999999999999999,index_dividend_yield,0.065,13.57,30,55347.8,55390.1,54437.7,55580.4,mid_price,no_nse_iv
2026-09-28T10:09:30.003370+00:00,2026-09-28T15:39:30.003370+05:30,BANKNIFTY,29-Sep-2026,52400.0,PE,54471.65,4.1,330,4.6,60,3.8,4.35,471,151,10308,-3.7974683544303796,33.56,-0.012794204241577982,3.4619533706506454e-05,-15.73681870517776,0.938245988142838,-0.21789976205860861,0.03646851647635409,13.823309280536765,-8.402209036674703e-08,0.0004068965060495278,-6.79621862926791e-05,-2.785667976958874,-163.12417555713844,0.013381560157615132,3.7411033107105454e-05,0.002721651339104515,54544.6,0.49173557559104303,0.006999999999999999,index_dividend_yield,0.065,13.57,30,55347.8,55390.1,54437.7,55580.4,mid_price,ok
2026-09-28T10:09:30.003370+00:00,2026-09-28T15:39:30.003370+05:30,BANKNIFTY,29-Sep-2026,52500.0,CE,54471.65,1934.55,300,2088.1,60,2080,2011.3249999999998,8,-2,7,-35.80246913580247,59.34,0.8871275777753067,0.00011356993216518018,-169.85565032011962,5.442324814857651,-0.38099958015330726,0.11286188539995906,13.116820939906848,-8.316269618004651e-08,8.233295982091877e-05,-2.400996123634933e-05,-6.6230340896670095,23.30491703473766,-0.8809481714678562,0.00012226040241866882,0.002721651339104515,54544.6,0.49173557559104303,0.006999999999999999,index_dividend_yield,0.065,13.57,30,55347.8,55390.1,54437.7,55580.4,mid_price,ok
2026-09-28T10:09:30.003370+00:00,2026-09-28T15:39:30.003370+05:30,BANKNIFTY,29-Sep-2026,52500.0,PE,54471.65,5.3,90,5.4,30,5.35,5.35,9605,-1997,100434,16.304347826086957,32.44,-0.014037925897105324,3.880185579277513e-05,-16.474782390087825,1.016498852510432,-0.24029892348832824,0.03885901170223445,14.997245660099633,-9.578657705954625e-08,0.0004528640690227313,-7.307675133105525e-05,-2.936714445252256,-167.00206531919503,0.014652338776589847,4.1771007637092744e-05,0.002721651339104515,54544.6,0.49173557559104303,0.006999999999999999,index_dividend_yield,0.065,13.57,30,55347.8,55390.1,54437.7,55580.4,mid_price,ok
2026-09-28T10:09:30.003370+00:00,2026-09-28T15:39:30.003370+05:30,BANKNIFTY,29-Sep-2026,52600.0,CE,54471.65,1860.5,300,2213.5,300,0.0,2037.0,0,0,0,0,0,,,,,,,,,,,,,,,0.002721651339104515,54544.6,0.49173557559104303,0.006999999999999999,index_dividend_yield,0.065,13.57,30,55347.8,55390.1,54437.7,55580.4,mid_price,no_nse_iv
2026-09-28T10:09:30.003370+00:00,2026-09-28T15:39:30.003370+05:30,BANKNIFTY,29-Sep-2026,52600.0,PE,54471.65,5.8,270,6.25,30,5.8,6.025,874,470,14140,31.818181818181817,31.55,-0.016092986907688928,4.486718081908409e-05,-18.01266636806784,1.1431459852739527,-0.271018342697436,0.04260518147819688,16.497573644245534,-1.1083945488664453e-07,0.0005053012767887639,-7.925318452866841e-05,-3.1686558520017014,-169.00188600473166,0.016764230855473208,4.81169792717255e-05,0.002721651339104515,54544.6,0.49173557559104303,0.006999999999999999,index_dividend_yield,0.065,13.57,30,55347.8,55390.1,54437.7,55580.4,mid_price,ok
2026-09-28T10:09:30.003370+00:00,2026-09-28T15:39:30.003370+05:30,BANKNIFTY,29-Sep-2026,52700.0,CE,54471.65,1714.15,300,2061.35,300,0.0,1887.75,0,0,0,0,0,,,,,,,,,,,,,,,0.002721651339104515,54544.6,0.49173557559104303,0.006999999999999999,index_dividend_yield,0.065,13.57,30,55347.8,55390.1,54437.7,55580.4,mid_price,no_nse_iv
2026-09-28T10:09:30.003370+00:00,2026-09-28T15:39:30.003370+05:30,BANKNIFTY,29-Sep-2026,52700.0,PE,54471.65,6.55,150,6.7,30,6.7,6.625,1220,814,14475,54.02298850574713,30.45,-0.017893988680333577,5.0901200006971874e-05,-19.02729935606471,1.2516671891636832,-0.30136333277690913,0.04570105034352761,17.97851500011005,-1.27513939181366e-07,0.0005639646960742389,-8.531122291483034e-05,-3.356135586197614,-172.90889493146045,0.018602509457248576,5.43810829578281e-05,0.002721651339104515,54544.6,0.49173557559104303,0.006999999999999999,index_dividend_yield,0.065,13.57,30,55347.8,55390.1,54437.7,55580.4,mid_price,ok
2026-09-28T10:09:30.003370+00:00,2026-09-28T15:39:30.003370+05:30,BANKNIFTY,29-Sep-2026,52800.0,CE,54471.65,1630.6,300,2154.4,300,0.0,1892.5,0,0,0,0,0,,,,,,,,,,,,,,,0.002721651339104515,54544.6,0.49173557559104303,0.006999999999999999,index_dividend_yield,0.065,13.57,30,55347.8,55390.1,54437.7,55580.4,mid_price,no_nse_iv
2026-09-28T10:09:30.003370+00:00,2026-09-28T15:39:30.003370+05:30,BANKNIFTY,29-Sep-2026,52800.0,PE,54471.65,7.4,30,7.55,90,7.5,7.475,1450,937,15608,56.25,29.38,-0.02010753766524131,5.825640373924595e-05,-20.264123247345662,1.3821940298634332,-0.33708970903293356,0.0492954771534121,19.652018084001853,-1.475250339737759e-07,0.000630004575983407,-9.187864529198347e-05,-3.5692469650478476,-176.66516279586395,0.020861563746663835,6.200359740963002e-05,0.002721651339104515,54544.6,0.49173557559104303,0.006999999999999999,index_dividend_yield,0.065,13.57,30,55347.8,55390.1,54437.7,55580.4,mid_price,ok
2026-09-28T10:09:30.003370+00:00,2026-09-28T15:39:30.003370+05:30,BANKNIFTY,29-Sep-2026,52900.0,CE,54471.65,1527.2,300,1793,300,0.0,1660.1,0,0,0,0,0,,,,,,,,,,,,,,,0.002721651339104515,54544.6,0.49173557559104303,0.006999999999999999,index_dividend_yield,0.065,13.57,30,55347.8,55390.1,54437.7,55580.4,mid_price,no_nse_iv
2026-09-28T10:09:30.003370+00:00,2026-09-28T15:39:30.003370+05:30,BANKNIFTY,29-Sep-2026,52900.0,PE,54471.65,8.25,150,8.55,390,8.5,8.4,1463,530,21673,71.71717171717172,28.24,-0.022464927354247686,6.656554697678647e-05,-21.381646055017676,1.518055841360954,-0.376537494809679,0.05289497532186922,21.4572047942867,-1.7107464981456163e-07,0.0007051707442611853,-9.875827472041176e-05,-3.7779319843880335,-181.2545622791908,0.023259980106108715,7.057960480524206e-05,0.002721651339104515,54544.6,0.49173557559104303,0.006999999999999999,index_dividend_yield,0.065,13.57,30,55347.8,55390.1,54437.7,55580.4,mid_price,ok
2026-09-28T10:09:30.003370+00:00,2026-09-28T15:39:30.003370+05:30,BANKNIFTY,29-Sep-2026,53000.0,CE,54471.65,1547.85,30,1571.6,30,1576.3,1559.725,541,-213,929,-40.66364269447215,43.36,0.8904584491664906,0.0001521266929126632,-123.68480286252985,5.326822771809277,-0.5215512357061303,0.11255397145066172,18.21621473799606,-1.5277330996802562e-07,0.00016938721171145675,-3.582475429408736e-05,-6.610503595126387,31.38000954511686,-0.886019244202923,0.00016069218141380557,0.002721651339104515,54544.6,0.49173557559104303,0.006999999999999999,index_dividend_yield,0.065,13.57,30,55347.8,55390.1,54437.7,55580.4,mid_price,ok
2026-09-28T10:09:30.003370+00:00,2026-09-28T15:39:30.003370+05:30,BANKNIFTY,29-Sep-2026,53000.0,PE,54471.65,10.25,270,10.35,120,10.25,10.3,25563,5978,156951,83.03571428571429,27.54,-0.02714829179337987,8.000933866771475e-05,-24.42887795543421,1.7794187664671373,-0.43428485391808386,0.059455320561604706,23.750233505752448,-2.0128350723868055e-07,0.0007773845536666908,-0.00010604710824216837,-4.146609011292657,-181.28642187487173,0.0280560296905106,8.451426188152417e-05,0.002721651339104515,54544.6,0.49173557559104303,0.006999999999999999,index_dividend_yield,0.065,13.57,30,55347.8,55390.1,54437.7,55580.4,mid_price,ok
2026-09-28T10:09:30.003370+00:00,2026-09-28T15:39:30.003370+05:30,BANKNIFTY,29-Sep-2026,53100.0,CE,54471.65,1332.35,360,1848.9,600,0.0,1590.625,0,0,0,0,0,,,,,,,,,,,,,,,0.002721651339104515,54544.6,0.49173557559104303,0.006999999999999999,index_dividend_yield,0.065,13.57,30,55347.8,55390.1,54437.7,55580.4,mid_price,no_nse_iv
2026-09-28T10:09:30.003370+00:00,2026-09-28T15:39:30.003370+05:30,BANKNIFTY,29-Sep-2026,53100.0,PE,54471.65,11.15,150,11.4,60,11.4,11.275,2280,1381,33193,107.27272727272727,26.43,-0.030882132254446477,9.279373912244088e-05,-26.078079329502266,1.9805663131588724,-0.48893663430052936,0.06418885376415025,25.954321098665467,-2.35258310961541e-07,0.0008649309584271797,-0.0001130783668072233,-4.403611491350514,-185.61309471465998,0.0318505393851412,9.764965070910403e-05,0.002721651339104515,54544.6,0.49173557559104303,0.006999999999999999,index_dividend_yield,0.065,13.57,30,55347.8,55390.1,54437.7,55580.4,mid_price,ok
2026-09-28T10:09:30.003370+00:00,2026-09-28T15:39:30.003370+05:30,BANKNIFTY,29-Sep-2026,53200.0,CE,54471.65,1241.65,300,1511.8,300,0.0,1376.725,0,0,0,0,0,,,,,,,,,,,,,,,0.002721651339104515,54544.6,0.49173557559104303,0.006999999999999999,index_dividend_yield,0.065,13.57,30,55347.8,55390.1,54437.7,55580.4,mid_price,no_nse_iv
2026-09-28T10:09:30.003370+00:00,2026-09-28T15:39:30.003370+05:30,BANKNIFTY,29-Sep-2026,53200.0,PE,54471.65,13,60,13.3,210,12.9,13.15,3800,2931,46950,116.80672268907563,25.32,-0.03539302497297277,0.00010837719593571894,-27.933063598556377,2.2160275815003616,-0.5523958935255806,0.06941113529540335,28.363259461004596,-2.7616921726942507e-07,0.0009591178561017992,-0.00011992082091923896,-4.678655715668552,-190.0549437182927,0.036429707972503084,0.00011362024123086357,0.002721651339104515,54544.6,0.49173557559104303,0.006999999999999999,index_dividend_yield,0.065,13.57,30,55347.8,55390.1,54437.7,55580.4,mid_price,ok
2026-09-28T10:09:30.003370+00:00,2026-09-28T15:39:30.003370+05:30,BANKNIFTY,29-Sep-2026,53300.0,CE,54471.65,1144.9,300,1376,300,0.0,1260.45,0,0,0,0,0,,,,,,,,,,,,,,,0.002721651339104515,54544.6,0.49173557559104303,0.006999999999999999,index_dividend_yield,0.065,13.57,30,55347.8,55390.1,54437.7,55580.4,mid_price,no_nse_iv
2026-09-28T10:09:30.003370+00:00,2026-09-28T15:39:30.003370+05:30,BANKNIFTY,29-Sep-2026,53300.0,PE,54471.65,15.85,30,16.05,90,15.95,15.95,4169,3336,49529,155.2,24.66,-0.04373615869454727,0.0001321893314871039,-32.29306919350129,2.632467562154135,-0.6370957807005466,0.07788791144943075,30.93871238394419,-3.244694128302652e-07,0.0010175575830117926,-0.0001236060622703644,-5.106535708514076,-189.07223224049696,0.044933979402803935,0.00013806482589273628,0.002721651339104515,54544.6,0.49173557559104303,0.006999999999999999,index_dividend_yield,0.065,13.57,30,55347.8,55390.1,54437.7,55580.4,mid_price,ok
2026-09-28T10:09:30.003370+00:00,2026-09-28T15:39:30.003370+05:30,BANKNIFTY,29-Sep-2026,53400.0,CE,54471.65,1022.9,300,1290.9,300,0.0,1156.9,0,0,0,0,0,,,,,,,,,,,,,,,0.002721651339104515,54544.6,0.49173557559104303,0.006999999999999999,index_dividend_yield,0.065,13.57,30,55347.8,55390.1,54437.7,55580.4,mid_price,no_nse_iv
2026-09-28T10:09:30.003370+00:00,2026-09-28T15:39:30.003370+05:30,BANKNIFTY,29-Sep-2026,53400.0,PE,54471.65,19.3,60,19.45,30,19.45,19.375,3074,2149,50343,190.29850746268656,24.01,-0.0542292080133503,0.00016122803991373003,-37.306160891193784,3.1261246011950896,-0.7296830822168809,0.08675045426847354,33.28420574429458,-3.7837839875570484e-07,0.0010451343870380113,-0.0001231772270303196,-5.529552384068129,-187.66249712208463,0.05561227004838944,0.00016776413482754023,0.002721651339104515,54544.6,0.49173557559104303,0.006999999999999999,index_dividend_yield,0.065,13.57,30,55347.8,55390.1,54437.7,55580.4,mid_price,ok
2026-09-28T10:09:30.003370+00:00,2026-09-28T15:39:30.003370+05:30,BANKNIFTY,29-Sep-2026,53500.0,CE,54471.65,1067.2,30,1075.75,30,1072,1071.475,666,524,1502,-50.617283950617285,35.23,0.8406192286860764,0.00024239566020222875,-129.37024136884827,6.896218815961423,-0.6741524139755595,0.11753788658578716,19.10177761336529,-2.3995428235651563e-07,-1.662262757930362e-05,4.849146547180588e-06,-6.800063685123288,43.009174138105074,-0.8359862014498798,0.0002512802395266459,0.002721651339104515,54544.6,0.49173557559104303,0.006999999999999999,index_dividend_yield,0.065,13.57,30,55347.8,55390.1,54437.7,55580.4,mid_price,ok
2026-09-28T10:09:30.003370+00:00,2026-09-28T15:39:30.003370+05:30,BANKNIFTY,29-Sep-2026,53500.0,PE,54471.65,23.55,30,23.7,210,23.6,23.625,17241,6346,266938,230.06993006993008,23.36,-0.06733178895775312,0.0001962882544417731,-42.950647336891954,3.7028890655808304,-0.827637509408341,0.09559095529034836,35.18412114115477,-4.3695200353613704e-07,0.0010248493117856906,-0.00011689126345746284,-5.926366879005688,-185.90747859754424,0.0689234043169369,0.0002034828492855271,0.002721651339104515,54544.6,0.49173557559104303,0.006999999999999999,index_dividend_yield,0.065,13.57,30,55347.8,55390.1,54437.7,55580.4,mid_price,ok
2026-09-28T10:09:30.003370+00:00,2026-09-28T15:39:30.003370+05:30,BANKNIFTY,29-Sep-2026,53600.0,CE,54471.65,923.6,300,1124.45,300,0.0,1024.025,1,0,0,0,92.53,0.6411544525110068,0.00014211593004586314,-499.8436784069305,10.619372955521992,-0.12653176366422825,0.05780071248382803,1.3001395952541017,-2.2028027003634905e-08,-0.00013618977617150282,6.367433215716092e-05,-5.939780430944942,22.691268145128745,-0.6228659336709448,0.00014677572813379385,0.002721651339104515,54544.6,0.49173557559104303,0.006999999999999999,index_dividend_yield,0.065,13.57,30,55347.8,55390.1,54437.7,55580.4,mid_price,wide_quote_low_liquidity
2026-09-28T10:09:30.003370+00:00,2026-09-28T15:39:30.003370+05:30,BANKNIFTY,29-Sep-2026,53600.0,PE,54471.65,29.25,30,29.45,120,29.4,29.35,4529,3030,84439,276.9230769230769,22.71,-0.08366765896341098,0.00023827542894694535,-49.22094275376486,4.369884357472924,-0.9269391623169184,0.10388965063333593,36.37256348135409,-4.982418935000919e-07,0.0009341064829424602,-0.00010264200584533001,-6.274870457090926,-183.76670922581638,0.08549096987383603,0.0002460881730063167,0.002721651339104515,54544.6,0.49173557559104303,0.006999999999999999,index_dividend_yield,0.065,13.57,30,55347.8,55390.1,54437.7,55580.4,mid_price,ok
2026-09-28T10:09:30.003370+00:00,2026-09-28T15:39:30.003370+05:30,BANKNIFTY,29-Sep-2026,53700.0,CE,54471.65,879.25,30,888.85,30,910.3,884.05,67,67,292,-83.04731220843071,33.05,0.8010003613113335,0.0002971676859330037,-138.7114641539123,7.931340521250635,-0.699240102045473,0.11386433470606984,16.795913265242213,-2.6433863204597786e-07,-0.0002698403685618821,4.706726136247749e-05,-6.726191181473177,49.29384995279656,-0.7960274546306404,0.000305769436124609,0.002721651339104515,54544.6,0.49173557559104303,0.006999999999999999,index_dividend_yield,0.065,13.57,30,55347.8,55390.1,54437.7,55580.4,mid_price,ok
2026-09-28T10:09:30.003370+00:00,2026-09-28T15:39:30.003370+05:30,BANKNIFTY,29-Sep-2026,53700.0,PE,54471.65,36.95,60,37.3,30,37.05,37.125,3710,2179,100070,321.02272727272725,22.14,-0.1047956084453067,0.0002886023407957343,-56.58799362938661,5.160015612832712,-1.0195279540189741,0.11113712850258005,36.351546733742076,-5.560071165287912e-07,0.0007296719501746329,-7.665645390544666e-05,-6.558625158984842,-180.24501556652066,0.10689124528030997,0.0002969561603991118,0.002721651339104515,54544.6,0.49173557559104303,0.006999999999999999,index_dividend_yield,0.065,13.57,30,55347.8,55390.1,54437.7,55580.4,mid_price,ok
2026-09-28T10:09:30.003370+00:00,2026-09-28T15:39:30.003370+05:30,BANKNIFTY,29-Sep-2026,53800.0,CE,54471.65,788.8,30,798.05,30,813.4,793.425,54,54,228,-84.63500099171681,30.59,0.7867693054610918,0.0003344913878875038,-133.89203062974107,8.263004083855547,-0.7408125634622564,0.11128983341262881,16.74313929935245,-3.00321371134114e-07,-0.0004156898987759674,6.653701333155774e-05,-6.6735140936852995,54.50387649141661,-0.7819761733312289,0.0003428952353991903,0.002721651339104515,54544.6,0.49173557559104303,0.006999999999999999,index_dividend_yield,0.065,13.57,30,55347.8,55390.1,54437.7,55580.4,mid_price,ok
2026-09-28T10:09:30.003370+00:00,2026-09-28T15:39:30.003370+05:30,BANKNIFTY,29-Sep-2026,53800.0,PE,54471.65,46.4,120,46.7,120,46.3,46.55,7220,4507,187897,372.44897959183675,21.6,-0.13121396025952323,0.0003468574210839345,-64.63440607861708,6.050319258977542,-1.0935042922873006,0.11593244753716601,34.824613303543025,-6.044665886560306e-07,0.00039067715869271357,-3.7330009657111635e-05,-6.736305224717925,-175.93028981489974,0.13360720203573928,0.0003555719559886913,0.002721651339104515,54544.6,0.49173557559104303,0.006999999999999999,index_dividend_yield,0.065,13.57,30,55347.8,55390.1,54437.7,55580.4,mid_price,ok
2026-09-28T10:09:30.003370+00:00,2026-09-28T15:39:30.003370+05:30,BANKNIFTY,29-Sep-2026,53900.0,CE,54471.65,702,30,708.3,30,709.35,705.15,137,137,936,-86.40727398152761,29.31,0.7604871609347168,0.00037280057470463784,-136.63286582140336,8.824008982399874,-0.7337780702848518,0.10515405979355207,14.761759896124715,-3.095415669049412e-07,-0.0006482599800691953,9.83232199858692e-05,-6.556368900191643,59.309081372629336,-0.7555942666873411,0.0003807501684727566,0.002721651339104515,54544.6,0.49173557559104303,0.006999999999999999,index_dividend_yield,0.065,13.57,30,55347.8,55390.1,54437.7,55580.4,mid_price,ok
2026-09-28T10:09:30.003370+00:00,2026-09-28T15:39:30.003370+05:30,BANKNIFTY,29-Sep-2026,53900.0,PE,54471.65,57.7,150,58.05,60,58.3,57.875,7784,5157,183297,434.86238532110093,20.94,-0.16215134232887946,0.0004124601266777457,-72.09853983120124,6.974807053363244,-1.142478177850903,0.11692029922997552,32.00077999730322,-6.438082213959652e-07,-7.729271887189351e-05,1.3755924252032037e-05,-6.784709719829991,-172.508062245185,0.16482101202623334,0.00042125542012715273,0.002721651339104515,54544.6,0.49173557559104303,0.006999999999999999,index_dividend_yield,0.065,13.57,30,55347.8,55390.1,54437.7,55580.4,mid_price,ok
2026-09-28T10:09:30.003370+00:00,2026-09-28T15:39:30.003370+05:30,BANKNIFTY,29-Sep-2026,54000.0,CE,54471.65,617.8,60,620.4,30,617.15,619.0999999999999,2490,1581,24900,-63.233147657204135,27.92,0.7307622240502101,0.00041612690841492884,-138.06476590507225,9.382417703531795,-0.7102293304639962,0.0963371943099052,12.41594412289615,-3.1354666599795206e-07,-0.0009397594528690132,0.00013488104286781162,-6.4064781524684165,65.07429715149118,-0.7258171481294641,0.0004234277742126074,0.002721651339104515,54544.6,0.49173557559104303,0.006999999999999999,index_dividend_yield,0.065,13.57,30,55347.8,55390.1,54437.7,55580.4,mid_price,ok
2026-09-28T10:09:30.003370+00:00,2026-09-28T15:39:30.003370+05:30,BANKNIFTY,29-Sep-2026,54000.0,PE,54471.65,73.4,240,73.75,120,73.45,73.575,40318,11001,735144,469.37984496124034,20.46,-0.20189517689245925,0.0004842399746935661,-80.63364131688604,8.000917964229616,-1.1341596833683991,0.11270509557792342,26.907986411584428,-6.473589748229816e-07,-0.0007381834917034858,8.18344852372657e-05,-6.7005563109818915,-166.54639671183327,0.2048814156219715,0.0004927358710117725,0.002721651339104515,54544.6,0.49173557559104303,0.006999999999999999,index_dividend_yield,0.065,13.57,30,55347.8,55390.1,54437.7,55580.4,mid_price,ok
2026-09-28T10:09:30.003370+00:00,2026-09-28T15:39:30.003370+05:30,BANKNIFTY,29-Sep-2026,54100.0,CE,54471.65,534.5,120,539.65,210,536.85,537.075,497,494,4721,-68.04464285714286,27.02,0.692829360281168,0.0004576015242333275,-141.6948625092055,9.984960633543691,-0.6369743246307791,0.0827915074064613,9.121767887397603,-2.9116046297921154e-07,-0.0012755333555308193,0.00017620216349407264,-6.211660527567393,70.90412842405526,-0.6877503998412975,0.0004639102769870859,0.002721651339104515,54544.6,0.49173557559104303,0.006999999999999999,index_dividend_yield,0.065,13.57,30,55347.8,55390.1,54437.7,55580.4,mid_price,ok
2026-09-28T10:09:30.003370+00:00,2026-09-28T15:39:30.003370+05:30,BANKNIFTY,29-Sep-2026,54100.0,PE,54471.65,90.9,30,91.25,120,90.85,91.075,6758,3765,263168,546.6192170818505,19.75,-0.24668994511532405,0.0005621838817212396,-86.9813977577833,8.966419210161144,-1.0777870225427004,0.10238453627920129,20.978482665650944,-6.302422972346381e-07,-0.0015311710711793402,0.00015810106558800775,-6.505905293644638,-162.5240454933854,0.24991292215968597,0.0005699344658519842,0.002721651339104515,54544.6,0.49173557559104303,0.006999999999999999,index_dividend_yield,0.065,13.57,30,55347.8,55390.1,54437.7,55580.4,mid_price,ok
2026-09-28T10:09:30.003370+00:00,2026-09-28T15:39:30.003370+05:30,BANKNIFTY,29-Sep-2026,54200.0,CE,54471.65,456.5,180,461.25,90,459.25,458.875,1286,1285,14138,-70.65120143149284,25.84,0.6514659941258263,0.0005036285513769639,-142.2408990202485,10.50936321755886,-0.5378969870769024,0.06570764688723628,5.951042311081345,-2.583532992966654e-07,-0.0016638605269717294,0.00021895824620656666,-6.017354606355652,78.26546164438369,-0.6463656187691519,0.0005086895677268108,0.002721651339104515,54544.6,0.49173557559104303,0.006999999999999999,index_dividend_yield,0.065,13.57,30,55347.8,55390.1,54437.7,55580.4,mid_price,ok
2026-09-28T10:09:30.003370+00:00,2026-09-28T15:39:30.003370+05:30,BANKNIFTY,29-Sep-2026,54200.0,PE,54471.65,113.35,60,113.7,30,113.5,113.525,10282,6728,327618,567.6470588235294,19.26,-0.3021181610786447,0.0006372722996372381,-93.45114874558588,9.9118534919312,-0.9204512425208811,0.08381865562150036,13.557534755386236,-5.488640633040337e-07,-0.0024371525660407917,0.00024165187773353685,-6.224049588094556,-155.60964579129035,0.3055836189912158,0.0006436763160873587,0.002721651339104515,54544.6,0.49173557559104303,0.006999999999999999,index_dividend_yield,0.065,13.57,30,55347.8,55390.1,54437.7,55580.4,mid_price,ok
2026-09-28T10:09:30.003370+00:00,2026-09-28T15:39:30.003370+05:30,BANKNIFTY,29-Sep-2026,54300.0,CE,54471.65,387.55,30,389.2,120,389.05,388.375,2134,2105,31898,-71.64151906115606,24.75,0.6037589008457299,0.0005479064465771722,-141.57748177493136,10.95103491128766,-0.3895818564251252,0.04386949527548775,2.9130219842494753,-1.992294190590137e-07,-0.002068048236340413,0.00025975794078023556,-5.84109503476602,86.68282541189794,-0.5986803002955282,0.0005513759416530816,0.002721651339104515,54544.6,0.49173557559104303,0.006999999999999999,index_dividend_yield,0.065,13.57,30,55347.8,55390.1,54437.7,55580.4,mid_price,ok
2026-09-28T10:09:30.003370+00:00,2026-09-28T15:39:30.003370+05:30,BANKNIFTY,29-Sep-2026,54300.0,PE,54471.65,140.8,30,141.4,120,141.4,141.10000000000002,8629,5670,362212,574.9403341288782,18.61,-0.3645901276809012,0.0007104653951751308,-96.83297210285028,10.677334597836364,-0.6793781181808622,0.05756627913233347,6.683968453634392,-4.1975088126610806e-07,-0.0033729843197553367,0.0003203631329124636,-5.941616862740075,-149.69217197680464,0.3681859472051325,0.000714964258449259,0.002721651339104515,54544.6,0.49173557559104303,0.006999999999999999,index_dividend_yield,0.065,13.57,30,55347.8,55390.1,54437.7,55580.4,mid_price,ok
2026-09-28T10:09:30.003370+00:00,2026-09-28T15:39:30.003370+05:30,BANKNIFTY,29-Sep-2026,54400.0,CE,54471.65,321.6,150,323,60,323.1,322.3,4014,3995,76399,-77.46940483246749,23.91,0.549495048780617,0.0005826051956646465,-140.07971244975857,11.249351300383095,-0.18533105484030976,0.017302230777587732,0.655246792401698,-1.0758765642085801e-07,-0.002402764953403499,0.0002905318331088339,-5.7246675255128086,95.66973646373279,-0.5444675549488299,0.0005841408997994288,0.002721651339104515,54544.6,0.49173557559104303,0.006999999999999999,index_dividend_yield,0.065,13.57,30,55347.8,55390.1,54437.7,55580.4,mid_price,ok
2026-09-28T10:09:30.003370+00:00,2026-09-28T15:39:30.003370+05:30,BANKNIFTY,29-Sep-2026,54400.0,PE,54471.65,174.25,270,174.95,210,174.95,174.6,9014,4245,431975,612.6272912423625,18.08,-0.436039300711923,0.0007664575000150588,-98.03239195597114,11.190772174431656,-0.3301325962031254,0.023440090336469308,1.510454459407562,-2.1954386511279915e-07,-0.004135926664574393,0.0003790228762249573,-5.741285590994897,-142.0601257571167,0.43968704849698503,0.0007684778252038261,0.002721651339104515,54544.6,0.49173557559104303,0.006999999999999999,index_dividend_yield,0.065,13.57,30,55347.8,55390.1,54437.7,55580.4,mid_price,ok
2026-09-28T10:09:30.003370+00:00,2026-09-28T15:39:30.003370+05:30,BANKNIFTY,29-Sep-2026,54500.0,CE,54471.65,261.2,60,262,90,262.1,261.6,18867,17839,321364,-78.06878085515856,23.3,0.4905201933407586,0.0006023330623314921,-137.11330012097014,11.333555439450501,0.061444623682987975,-0.012424607224160063,0.04145553998302631,1.0544027130530453e-08,-0.0025829647570132608,0.0003032049808453639,-5.71436788603911,105.01424020143648,-0.4855964752018935,0.0006017065778928325,0.002721651339104515,54544.6,0.49173557559104303,0.006999999999999999,index_dividend_yield,0.065,13.57,30,55347.8,55390.1,54437.7,55580.4,mid_price,ok
2026-09-28T10:09:30.003370+00:00,2026-09-28T15:39:30.003370+05:30,BANKNIFTY,29-Sep-2026,54500.0,PE,54471.65,215.45,60,215.65,60,215.65,215.55,24811,7858,963616,641.0652920962199,17.46,-0.514045342827782,0.0008035282271110126,-95.07875689455874,11.329713478178787,0.10126647480718232,-0.015883301673038024,0.10141061418256214,3.8309390215883507e-08,-0.004595067082690564,0.00040394886550323993,-5.719938660157565,-134.6163683469362,0.5175945532008919,0.0008026924803094667,0.002721651339104515,54544.6,0.49173557559104303,0.006999999999999999,index_dividend_yield,0.065,13.57,30,55347.8,55390.1,54437.7,55580.4,mid_price,ok
2026-09-28T10:09:30.003370+00:00,2026-09-28T15:39:30.003370+05:30,BANKNIFTY,29-Sep-2026,54600.0,CE,54471.65,210.8,60,211.85,90,211.1,211.325,14002,12184,365136,-80.79512372634643,22.79,0.42906768990937383,0.000606225569187815,-131.65743212408432,11.157120536620626,0.3283901230749231,-0.0429677596204306,1.6679253681699535,1.4394944804225217e-07,-0.0025694704077050936,0.000293716449094736,-5.835316468728149,115.0310754580174,-0.42433781931111414,0.0006033787707384413,0.002721651339104515,54544.6,0.49173557559104303,0.006999999999999999,index_dividend_yield,0.065,13.57,30,55347.8,55390.1,54437.7,55580.4,mid_price,ok
2026-09-28T10:09:30.003370+00:00,2026-09-28T15:39:30.003370+05:30,BANKNIFTY,29-Sep-2026,54600.0,PE,54471.65,263.1,30,264.05,60,264.4,263.57500000000005,9345,4048,648391,651.1363636363636,16.65,-0.5980878790926829,0.0008175210876179979,-86.89595008922582,10.99225391170797,0.5973516272091417,-0.057225637825990515,4.2173250377235405,3.5411227168488847e-07,-0.0045965328676219296,0.00038199798977346926,-5.937858509602609,-127.84367513537893,0.6013492121201051,0.0008136820582486508,0.002721651339104515,54544.6,0.49173557559104303,0.006999999999999999,index_dividend_yield,0.065,13.57,30,55347.8,55390.1,54437.7,55580.4,mid_price,ok
2026-09-28T10:09:30.003370+00:00,2026-09-28T15:39:30.003370+05:30,BANKNIFTY,29-Sep-2026,54700.0,CE,54471.65,165.8,30,166.5,60,166.75,166.15,9471,9363,337392,-83.59082857705177,22.26,0.36660848611054386,0.000595065546339097,-122.99383253572579,10.697037436303715,0.596003506646875,-0.07201689029768421,5.772753461899427,2.8406086385252037e-07,-0.002352156037031827,0.0002610608814023492,-6.082729438393829,126.35183579412963,-0.36218866981036696,0.0005901076088898569,0.002721651339104515,54544.6,0.49173557559104303,0.006999999999999999,index_dividend_yield,0.065,13.57,30,55347.8,55390.1,54437.7,55580.4,mid_price,ok
2026-09-28T10:09:30.003370+00:00,2026-09-28T15:39:30.003370+05:30,BANKNIFTY,29-Sep-2026,54700.0,PE,54471.65,318.2,90,319.3,60,317.9,318.75,8630,4506,449935,626.6285714285714,15.74,-0.6865457173260563,0.0007924935617174998,-73.80603167276257,10.073352243963388,1.1133021436814383,-0.09518794804809197,15.380099987747364,7.152474694275761e-07,-0.003825001418809187,0.0002957655925514148,-6.38557581070084,-120.74541281203204,0.6893418299047812,0.0007858907033734178,0.002721651339104515,54544.6,0.49173557559104303,0.006999999999999999,index_dividend_yield,0.065,13.57,30,55347.8,55390.1,54437.7,55580.4,mid_price,ok
2026-09-28T10:09:30.003370+00:00,2026-09-28T15:39:30.003370+05:30,BANKNIFTY,29-Sep-2026,54800.0,CE,54471.65,129.35,30,129.9,120,129.2,129.625,13632,13480,321290,-85.95194085027727,21.97,0.30683029375198023,0.0005625257419694998,-112.99645144904015,9.980355427910318,0.8253490991361467,-0.09624833073915491,11.840913719268542,4.0801024264213524e-07,-0.0018930540172736087,0.00020551713216602173,-6.404821748260789,137.1988206278048,-0.302768839939053,0.0005558048671605956,0.002721651339104515,54544.6,0.49173557559104303,0.006999999999999999,index_dividend_yield,0.065,13.57,30,55347.8,55390.1,54437.7,55580.4,mid_price,ok
2026-09-28T10:09:30.003370+00:00,2026-09-28T15:39:30.003370+05:30,BANKNIFTY,29-Sep-2026,54800.0,PE,54471.65,380.35,300,382.4,150,383.95,381.375,6702,1379,342929,620.3564727954972,14.85,-0.7738075329611243,0.0007127810576360236,-57.124546065173334,8.547835450784985,1.5379075310398282,-0.12124485529692101,32.84418502417452,1.060871078258899e-06,-0.00206102659476966,0.0001428320886126115,-6.891048933048073,-112.49316038663075,0.7760085336473754,0.0007042649811312267,0.002721651339104515,54544.6,0.49173557559104303,0.006999999999999999,index_dividend_yield,0.065,13.57,30,55347.8,55390.1,54437.7,55580.4,mid_price,ok
2026-09-28T10:09:30.003370+00:00,2026-09-28T15:39:30.003370+05:30,BANKNIFTY,29-Sep-2026,54900.0,CE,54471.65,98.9,120,99.35,60,99.2,99.125,16248,12610,274098,-88.09409505520884,21.81,0.25178802342307527,0.0005146521304830917,-101.66752932588984,9.064481990149563,0.9948674713409489,-0.11378054923524251,18.910114673781564,5.031314295851148e-07,-0.0012860499815056702,0.00013629790051765002,-6.725168153065105,147.81402582183512,-0.24813336035514402,0.0005066524503647591,0.002721651339104515,54544.6,0.49173557559104303,0.006999999999999999,index_dividend_yield,0.065,13.57,30,55347.8,55390.1,54437.7,55580.4,mid_price,ok
2026-09-28T10:09:30.003370+00:00,2026-09-28T15:39:30.003370+05:30,BANKNIFTY,29-Sep-2026,54900.0,PE,54471.65,452.9,30,455,240,453.05,453.95,7019,3384,209883,592.2077922077922,13.55,-0.8604047905967939,0.0005768406549308084,-35.520907652969726,6.312024942745581,1.7855818515754018,-0.12684072579908817,54.915367470913964,1.3786754411372407e-06,0.0007617460600608454,-6.653519621932255e-05,-7.076305475213899,-104.85973335667397,0.861832867696195,0.0005678743251609028,0.002721651339104515,54544.6,0.49173557559104303,0.006999999999999999,index_dividend_yield,0.065,13.57,30,55347.8,55390.1,54437.7,55580.4,mid_price,ok
2026-09-28T10:09:30.003370+00:00,2026-09-28T15:39:30.003370+05:30,BANKNIFTY,29-Sep-2026,55000.0,CE,54471.65,75.95,270,76.25,210,76.25,76.1,39765,35935,632812,-89.74789915966386,21.82,0.20371391209295076,0.00045649746755946336,-90.09251108251641,8.043900108444538,1.0894380301318396,-0.12369845902342354,25.647452485746847,5.582712189945914e-07,-0.000636571368989677,6.4407292064856e-05,-6.96037529190961,157.41693874937948,-0.20047528967085854,0.00044776903281533984,0.002721651339104515,54544.6,0.49173557559104303,0.006999999999999999,index_dividend_yield,0.065,13.57,30,55347.8,55390.1,54437.7,55580.4,mid_price,ok
2026-09-28T10:09:30.003370+00:00,2026-09-28T15:39:30.003370+05:30,BANKNIFTY,29-Sep-2026,55000.0,PE,54471.65,527.15,30,529,60,527,528.075,15819,-8738,353938,555.0652579241765,9.28,,,,,,,,,,,,,,,0.002721651339104515,,,,,,13.57,30,55347.8,55390.1,54437.7,55580.4,mid_price,no_price_available
2026-09-28T10:09:30.003370+00:00,2026-09-28T15:39:30.003370+05:30,BANKNIFTY,29-Sep-2026,55100.0,CE,54471.65,57.95,60,58.1,30,57.95,58.025000000000006,10569,10090,231353,-91.23364344603283,21.91,0.162582395943556,0.00039488144749022584,-78.44727563696675,6.986869915373241,1.116902561529881,-0.1266605215080477,31.228669139620635,5.776107215179781e-07,-3.728139806369107e-05,-1.61012378493916e-06,-7.05728808903583,166.44228836228044,-0.1597626669128671,0.0003859264936143115,0.002721651339104515,54544.6,0.49173557559104303,0.006999999999999999,index_dividend_yield,0.065,13.57,30,55347.8,55390.1,54437.7,55580.4,mid_price,ok
2026-09-28T10:09:30.003370+00:00,2026-09-28T15:39:30.003370+05:30,BANKNIFTY,29-Sep-2026,55100.0,PE,54471.65,607.2,30,610.7,30,609.75,608.95,2439,-3635,93588,518.0942726811961,0,,,,,,,,,,,,,,,0.002721651339104515,,,,,,13.57,30,55347.8,55390.1,54437.7,55580.4,mid_price,no_price_available
2026-09-28T10:09:30.003370+00:00,2026-09-28T15:39:30.003370+05:30,BANKNIFTY,29-Sep-2026,55200.0,CE,54471.65,44.45,210,44.8,30,44.6,44.625,11324,10103,232612,-92.35777930089102,22.15,0.12923205062692492,0.00033470144690444966,-67.85708679281717,5.986939510794338,1.0857901213815468,-0.12398917503210971,34.867653590384236,5.628788214767018e-07,0.00043826087859320795,-5.440980082856075e-05,-6.9939420888525525,173.8741458108469,-0.12679342296965693,0.0003259271174644486,0.002721651339104515,54544.6,0.49173557559104303,0.006999999999999999,index_dividend_yield,0.065,13.57,30,55347.8,55390.1,54437.7,55580.4,mid_price,ok
2026-09-28T10:09:30.003370+00:00,2026-09-28T15:39:30.003370+05:30,BANKNIFTY,29-Sep-2026,55200.0,PE,54471.65,697,30,702.2,30,696.95,699.6,5177,-1765,65612,481.7612687813022,0,,,,,,,,,,,,,,,0.002721651339104515,,,,,,13.57,30,55347.8,55390.1,54437.7,55580.4,mid_price,no_price_available
2026-09-28T10:09:30.003370+00:00,2026-09-28T15:39:30.003370+05:30,BANKNIFTY,29-Sep-2026,55300.0,CE,54471.65,34.9,30,35.05,180,34.8,34.974999999999994,12830,10640,254106,-93.16306483300589,22.64,0.10409479941577153,0.0002808598212534927,-59.40947320770034,5.134989826792574,1.0139096704836135,-0.11798221118520626,36.262675992450255,5.208316564905319e-07,0.0007428927188563039,-8.973600390065653e-05,-6.803059581647272,178.24318446137428,-0.10196028569114676,0.0002725087263078908,0.002721651339104515,54544.6,0.49173557559104303,0.006999999999999999,index_dividend_yield,0.065,13.57,30,55347.8,55390.1,54437.7,55580.4,mid_price,ok
2026-09-28T10:09:30.003370+00:00,2026-09-28T15:39:30.003370+05:30,BANKNIFTY,29-Sep-2026,55300.0,PE,54471.65,781.65,60,787.1,60,781.25,784.375,7335,-7282,63793,436.0205831903945,0,,,,,,,,,,,,,,,0.002721651339104515,,,,,,13.57,30,55347.8,55390.1,54437.7,55580.4,mid_price,no_price_available
2026-09-28T10:09:30.003370+00:00,2026-09-28T15:39:30.003370+05:30,BANKNIFTY,29-Sep-2026,55400.0,CE,54471.65,28.15,90,28.3,30,28.15,28.225,11409,8426,182143,-93.588429563831,23.27,0.08487865438513066,0.00023506273934561467,-52.46635873630516,4.417267766346672,0.9252327326258053,-0.11039206707855757,36.099641421730496,4.6776924293711894e-07,0.0009109074452451701,-0.00011119017489543511,-6.529295597455645,180.5943991793,-0.08299420385857413,0.00022725074982814057,0.002721651339104515,54544.6,0.49173557559104303,0.006999999999999999,index_dividend_yield,0.065,13.57,30,55347.8,55390.1,54437.7,55580.4,mid_price,ok
2026-09-28T10:09:30.003370+00:00,2026-09-28T15:39:30.003370+05:30,BANKNIFTY,29-Sep-2026,55400.0,PE,54471.65,874.85,90,876.65,90,872.55,875.75,3644,-4603,33598,398.31524842946885,0,,,,,,,,,,,,,,,0.002721651339104515,,,,,,13.57,30,55347.8,55390.1,54437.7,55580.4,mid_price,no_price_available
2026-09-28T10:09:30.003370+00:00,2026-09-28T15:39:30.003370+05:30,BANKNIFTY,29-Sep-2026,55500.0,CE,54471.65,23.4,30,23.55,120,23.35,23.475,25084,10150,431785,-93.77084167000133,24.1,0.0709555400089386,0.00019810395473958476,-47.377994042718704,3.8555269031547748,0.8338920165382041,-0.10284154775066566,34.80424005055549,4.110139913487319e-07,0.0009663261046980316,-0.00012111546194248112,-6.231766396337619,180.26666786246827,-0.06925449585625372,0.00019083069875825632,0.002721651339104515,54544.6,0.49173557559104303,0.006999999999999999,index_dividend_yield,0.065,13.57,30,55347.8,55390.1,54437.7,55580.4,mid_price,ok
2026-09-28T10:09:30.003370+00:00,2026-09-28T15:39:30.003370+05:30,BANKNIFTY,29-Sep-2026,55500.0,PE,54471.65,971.6,30,975.75,120,973.7,973.675,12440,-10616,71046,363.88756550738447,0,,,,,,,,,,,,,,,0.002721651339104515,,,,,,13.57,30,55347.8,55390.1,54437.7,55580.4,mid_price,no_price_available
2026-09-28T10:09:30.003370+00:00,2026-09-28T15:39:30.003370+05:30,BANKNIFTY,29-Sep-2026,55600.0,CE,54471.65,20,90,20.15,150,20,20.075,12592,2611,185920,-93.65180130138073,25.17,0.061436947985036475,0.00016965338996169629,-44.21490982673053,3.448413268413218,0.7501315909444577,-0.09646464924052435,32.88809942520676,3.5658686850606927e-07,0.0009440054187568974,-0.0001229336819069302,-5.963922763749934,177.03383475134672,-0.059850150273795706,0.00016283734779028806,0.002721651339104515,54544.6,0.49173557559104303,0.006999999999999999,index_dividend_yield,0.065,13.57,30,55347.8,55390.1,54437.7,55580.4,mid_price,ok
2026-09-28T10:09:30.003370+00:00,2026-09-28T15:39:30.003370+05:30,BANKNIFTY,29-Sep-2026,55600.0,PE,54471.65,1066.7,30,1073.4,240,1071.7,1070.0500000000002,5237,-6323,22950,328.25174825174827,0,,,,,,,,,,,,,,,0.002721651339104515,,,,,,13.57,30,55347.8,55390.1,54437.7,55580.4,mid_price,no_price_available
2026-09-28T10:09:30.003370+00:00,2026-09-28T15:39:30.003370+05:30,BANKNIFTY,29-Sep-2026,55700.0,CE,54471.65,17.55,450,17.65,30,17.6,17.6,16363,4920,189495,-93.2977913175933,26.18,0.05322548060261849,0.00014569244742661486,-41.04545389153401,3.080209322880442,0.6740199717179887,-0.09003344306191417,30.92118954891698,3.099590268273198e-07,0.0009060720066310395,-0.00012225810516534364,-5.679722122998372,174.35117064551906,-0.0517531559086803,0.0001393374023925252,0.002721651339104515,54544.6,0.49173557559104303,0.006999999999999999,index_dividend_yield,0.065,13.57,30,55347.8,55390.1,54437.7,55580.4,mid_price,ok
2026-09-28T10:09:30.003370+00:00,2026-09-28T15:39:30.003370+05:30,BANKNIFTY,29-Sep-2026,55700.0,PE,54471.65,1168.9,30,1172.05,30,1168.4,1170.475,4679,-4011,15514,293.26825984516995,0,,,,,,,,,,,,,,,0.002721651339104515,,,,,,13.57,30,55347.8,55390.1,54437.7,55580.4,mid_price,no_price_available
2026-09-28T10:09:30.003370+00:00,2026-09-28T15:39:30.003370+05:30,BANKNIFTY,29-Sep-2026,55800.0,CE,54471.65,15.15,150,15.3,150,15.2,15.225000000000001,12151,886,157889,-92.94827186267688,27.14,0.04614460867148563,0.0001254065586558829,-37.94233707958136,2.7485500110046464,0.6049716242279672,-0.08367681570071278,28.941317982823954,2.6981020541922626e-07,0.0008584295034518041,-0.00011972049974643174,-5.385553605686351,172.07936769881255,-0.044784335427730804,0.00011950688151567894,0.002721651339104515,54544.6,0.49173557559104303,0.006999999999999999,index_dividend_yield,0.065,13.57,30,55347.8,55390.1,54437.7,55580.4,mid_price,ok
2026-09-28T10:09:30.003370+00:00,2026-09-28T15:39:30.003370+05:30,BANKNIFTY,29-Sep-2026,55800.0,PE,54471.65,1264.2,120,1269.55,60,1264.65,1266.875,4720,-3809,10905,261.0191264630317,0,,,,,,,,,,,,,,,0.002721651339104515,,,,,,13.57,30,55347.8,55390.1,54437.7,55580.4,mid_price,no_price_available
2026-09-28T10:09:30.003370+00:00,2026-09-28T15:39:30.003370+05:30,BANKNIFTY,29-Sep-2026,55900.0,CE,54471.65,13.7,60,13.75,30,13.65,13.725,7613,-1278,99823,-92.17316513761467,28.33,0.04152378896213829,0.00011033556500472175,-36.35074822866237,2.5242690805052748,0.548085838921953,-0.07905548810495176,26.99600040565353,2.3495189731741384e-07,0.0007905368187323674,-0.00011483999346561896,-5.16359580824854,167.5762786952855,-0.04022131929215695,0.00010476904105793682,0.002721651339104515,54544.6,0.49173557559104303,0.006999999999999999,index_dividend_yield,0.065,13.57,30,55347.8,55390.1,54437.7,55580.4,mid_price,ok
2026-09-28T10:09:30.003370+00:00,2026-09-28T15:39:30.003370+05:30,BANKNIFTY,29-Sep-2026,55900.0,PE,54471.65,1365.8,150,1369.75,60,1365,1367.775,4109,-1813,5224,232.03600097299926,0,,,,,,,,,,,,,,,0.002721651339104515,,,,,,13.57,30,55347.8,55390.1,54437.7,55580.4,mid_price,no_price_available
2026-09-28T10:09:30.003370+00:00,2026-09-28T15:39:30.003370+05:30,BANKNIFTY,29-Sep-2026,56000.0,CE,54471.65,12.7,150,12.8,30,12.85,12.75,39421,5586,378418,-90.83452211126962,29.49,0.037482965252500486,9.752535376464564e-05,-34.79571213010998,2.3225541955001674,0.497756948123932,-0.07467239542688288,25.187538569134915,2.0554347425377764e-07,0.0007269395070288686,-0.00010972961560639935,-4.946835132414094,163.4891411841378,-0.03623696986347085,9.22746787088087e-05,0.002721651339104515,54544.6,0.49173557559104303,0.006999999999999999,index_dividend_yield,0.065,13.57,30,55347.8,55390.1,54437.7,55580.4,mid_price,ok
2026-09-28T10:09:30.003370+00:00,2026-09-28T15:39:30.003370+05:30,BANKNIFTY,29-Sep-2026,56000.0,PE,54471.65,1458.25,90,1460,150,1460,1459.125,15614,-6861,38986,208.11438218845626,0,,,,,,,,,,,,,,,0.002721651339104515,,,,,,13.57,30,55347.8,55390.1,54437.7,55580.4,mid_price,no_price_available
2026-09-28T10:09:30.003370+00:00,2026-09-28T15:39:30.003370+05:30,BANKNIFTY,29-Sep-2026,56100.0,CE,54471.65,11.3,30,11.4,90,11.4,11.350000000000001,7043,73,86555,-89.72046889089269,30.41,0.03297322958196787,8.513347707082696e-05,-32.283534121170916,2.09069336757335,0.4486862430801361,-0.06935804369666093,23.445438960279397,1.802668642969908e-07,0.0006747561799612996,-0.00010485781870892748,-4.675847528806672,161.52236078130474,-0.03181793868144989,8.026305949687006e-05,0.002721651339104515,54544.6,0.49173557559104303,0.006999999999999999,index_dividend_yield,0.065,13.57,30,55347.8,55390.1,54437.7,55580.4,mid_price,ok
2026-09-28T10:09:30.003370+00:00,2026-09-28T15:39:30.003370+05:30,BANKNIFTY,29-Sep-2026,56100.0,PE,54471.65,1556.05,420,1573.15,30,1534.45,1564.6,2050,-1167,2464,180.9061784897025,0,,,,,,,,,,,,,,,0.002721651339104515,,,,,,13.57,30,55347.8,55390.1,54437.7,55580.4,mid_price,no_price_available
2026-09-28T10:09:30.003370+00:00,2026-09-28T15:39:30.003370+05:30,BANKNIFTY,29-Sep-2026,56200.0,CE,54471.65,10.1,150,10.2,30,10.15,10.149999999999999,8864,-2791,86808,-88.3199079401611,31.51,0.029892782629686764,7.576185753699356e-05,-30.83185107060079,1.9278470147213347,0.4088015376045428,-0.0654353486749209,21.86763823192428,1.5880808930710525e-07,0.0006189357278002773,-9.95348689960723e-05,-4.4700204222385205,158.06308747989576,-0.028790169962007617,7.117361822187429e-05,0.002721651339104515,54544.6,0.49173557559104303,0.006999999999999999,index_dividend_yield,0.065,13.57,30,55347.8,55390.1,54437.7,55580.4,mid_price,ok
2026-09-28T10:09:30.003370+00:00,2026-09-28T15:39:30.003370+05:30,BANKNIFTY,29-Sep-2026,56200.0,PE,54471.65,1661.6,210,1667.2,30,1662,1664.4,3362,-831,2078,167.5036214389184,0,,,,,,,,,,,,,,,0.002721651339104515,,,,,,13.57,30,55347.8,55390.1,54437.7,55580.4,mid_price,no_price_available
2026-09-28T10:09:30.003370+00:00,2026-09-28T15:39:30.003370+05:30,BANKNIFTY,29-Sep-2026,56300.0,CE,54471.65,9.55,60,9.65,60,9.5,9.600000000000001,7894,-1235,68244,-86.01913171449596,32.76,0.027814673524027937,6.863434167626142e-05,-30.17870148668142,1.8157619681108332,0.3766246289385964,-0.0626402924278579,20.484164603534747,1.4083297471238649e-07,0.0005647811584685885,-9.433201948083282e-05,-4.320313100110179,153.56797512637613,-0.026736147408223783,6.424890702748507e-05,0.002721651339104515,54544.6,0.49173557559104303,0.006999999999999999,index_dividend_yield,0.065,13.57,30,55347.8,55390.1,54437.7,55580.4,mid_price,ok
2026-09-28T10:09:30.003370+00:00,2026-09-28T15:39:30.003370+05:30,BANKNIFTY,29-Sep-2026,56300.0,PE,54471.65,1751.2,30,1761.2,240,1765.8,1756.2,3798,-558,1267,151.96917808219177,0,,,,,,,,,,,,,,,0.002721651339104515,,,,,,13.57,30,55347.8,55390.1,54437.7,55580.4,mid_price,no_price_available
2026-09-28T10:09:30.003370+00:00,2026-09-28T15:39:30.003370+05:30,BANKNIFTY,29-Sep-2026,56400.0,CE,54471.65,9.05,180,9.15,150,9.15,9.100000000000001,10264,-2099,80485,-82.71954674220963,33.92,0.025697595602861074,6.204642620045426e-05,-29.237378942918586,1.6995978193396386,0.34661770304923384,-0.0596598325538318,19.189356702480563,1.2528831043572724e-07,0.0005176189942166303,-8.943210790509742e-05,-4.157838352866298,149.92562008138688,-0.024653437368978133,5.787614887520899e-05,0.002721651339104515,54544.6,0.49173557559104303,0.006999999999999999,index_dividend_yield,0.065,13.57,30,55347.8,55390.1,54437.7,55580.4,mid_price,ok
2026-09-28T10:09:30.003370+00:00,2026-09-28T15:39:30.003370+05:30,BANKNIFTY,29-Sep-2026,56400.0,PE,54471.65,1846.2,30,1865.25,30,1865.1,1855.725,3760,-679,1214,137.1392244119517,0,,,,,,,,,,,,,,,0.002721651339104515,,,,,,13.57,30,55347.8,55390.1,54437.7,55580.4,mid_price,no_price_available
2026-09-28T10:09:30.003370+00:00,2026-09-28T15:39:30.003370+05:30,BANKNIFTY,29-Sep-2026,56500.0,CE,54471.65,8.7,300,8.75,30,8.7,8.725,38945,1473,235757,-78.93462469733656,35.22,0.02430461681648277,5.702838846193142e-05,-28.962075021085013,1.622011767973506,0.3225581417502857,-0.05761995104475004,18.07588297033924,1.1228834408120573e-07,0.0004736118059501367,-8.489951791864592e-05,-4.044924515376934,145.4866409782429,-0.023271021054372,5.3007248927698356e-05,0.002721651339104515,54544.6,0.49173557559104303,0.006999999999999999,index_dividend_yield,0.065,13.57,30,55347.8,55390.1,54437.7,55580.4,mid_price,ok
2026-09-28T10:09:30.003370+00:00,2026-09-28T15:39:30.003370+05:30,BANKNIFTY,29-Sep-2026,56500.0,PE,54471.65,1952.8,30,1954,300,1952.7,1953.4,13996,-3731,12632,122.72027373823781,0,,,,,,,,,,,,,,,0.002721651339104515,,,,,,13.57,30,55347.8,55390.1,54437.7,55580.4,mid_price,no_price_available
2026-09-28T10:09:30.003370+00:00,2026-09-28T15:39:30.003370+05:30,BANKNIFTY,29-Sep-2026,56600.0,CE,54471.65,8.1,600,8.15,60,8.15,8.125,9582,-3936,73213,-75.07645259938838,36.18,0.02206406033883684,5.117386466197659e-05,-27.41672431979722,1.4951691535716671,0.29546062008141244,-0.054194749842708265,16.90049925118753,1.0024803894141406e-07,0.00043699732605536294,-8.040613734423904e-05,-3.8521372269357403,143.42718964460454,-0.021086327727731006,4.7397606950997397e-05,0.002721651339104515,54544.6,0.49173557559104303,0.006999999999999999,index_dividend_yield,0.065,13.57,30,55347.8,55390.1,54437.7,55580.4,mid_price,ok
2026-09-28T10:09:30.003370+00:00,2026-09-28T15:39:30.003370+05:30,BANKNIFTY,29-Sep-2026,56600.0,PE,54471.65,2043.55,30,2062.15,30,2061,2052.85,4350,-285,723,113.42031686859274,0,,,,,,,,,,,,,,,0.002721651339104515,,,,,,13.57,30,55347.8,55390.1,54437.7,55580.4,mid_price,no_price_available
2026-09-28T10:09:30.003370+00:00,2026-09-28T15:39:30.003370+05:30,BANKNIFTY,29-Sep-2026,56700.0,CE,54471.65,7.75,390,7.85,240,7.9,7.8,9589,-3844,70234,-69.8473282442748,37.25,0.020410761556046306,4.653504458148139e-05,-26.42052434592845,1.3998450350744847,0.27304501719257157,-0.051544566406429904,15.870228850343393,9.00302508177309e-08,0.00040264825577324663,-7.622514383175171e-05,-3.7001689026720053,140.70904083635403,-0.0194692485466312,4.294919991085045e-05,0.002721651339104515,54544.6,0.49173557559104303,0.006999999999999999,index_dividend_yield,0.065,13.57,30,55347.8,55390.1,54437.7,55580.4,mid_price,ok
2026-09-28T10:09:30.003370+00:00,2026-09-28T15:39:30.003370+05:30,BANKNIFTY,29-Sep-2026,56700.0,PE,54471.65,2152.7,30,2167.7,30,2138.5,2160.2,4167,-560,753,102.13620681506687,0,,,,,,,,,,,,,,,0.002721651339104515,,,,,,13.57,30,55347.8,55390.1,54437.7,55580.4,mid_price,no_price_available
2026-09-28T10:09:30.003370+00:00,2026-09-28T15:39:30.003370+05:30,BANKNIFTY,29-Sep-2026,56800.0,CE,54471.65,7.05,30,7.1,660,7.05,7.074999999999999,10400,-3808,66574,-67.20930232558139,38.19,0.018627686882250187,4.1998696667785574e-05,-25.057297217348818,1.2952661666162577,0.25097609857773967,-0.04855697683860172,14.85579492176392,8.078750434652333e-08,0.0003717228575984724,-7.209964950368588e-05,-3.525841585070102,138.82762066160788,-0.017735421019625067,3.8626041540703615e-05,0.002721651339104515,54544.6,0.49173557559104303,0.006999999999999999,index_dividend_yield,0.065,13.57,30,55347.8,55390.1,54437.7,55580.4,mid_price,ok
2026-09-28T10:09:30.003370+00:00,2026-09-28T15:39:30.003370+05:30,BANKNIFTY,29-Sep-2026,56800.0,PE,54471.65,2248.25,30,2267,30,2229.25,2257.625,2997,-410,795,93.98277062304211,0,,,,,,,,,,,,,,,0.002721651339104515,,,,,,13.57,30,55347.8,55390.1,54437.7,55580.4,mid_price,no_price_available
2026-09-28T10:09:30.003370+00:00,2026-09-28T15:39:30.003370+05:30,BANKNIFTY,29-Sep-2026,56900.0,CE,54471.65,6.35,180,6.45,17910,6.45,6.4,5615,-1687,49277,-63.865546218487395,39.33,0.01752750612443212,3.871889189419397e-05,-24.494298306002552,1.2297601505129583,0.23416738221656608,-0.04664264121526891,14.025668516812638,7.31872876094044e-08,0.00034315085336823216,-6.850853083072968e-05,-3.4124197089366937,135.8299672003741,-0.016655942959522066,3.54845619405016e-05,0.002721651339104515,54544.6,0.49173557559104303,0.006999999999999999,index_dividend_yield,0.065,13.57,30,55347.8,55390.1,54437.7,55580.4,mid_price,ok
2026-09-28T10:09:30.003370+00:00,2026-09-28T15:39:30.003370+05:30,BANKNIFTY,29-Sep-2026,56900.0,PE,54471.65,2348.7,30,2375.2,30,2341.35,2361.95,2261,-491,1029,86.28714643752238,0,,,,,,,,,,,,,,,0.002721651339104515,,,,,,13.57,30,55347.8,55390.1,54437.7,55580.4,mid_price,no_price_available
2026-09-28T10:09:30.003370+00:00,2026-09-28T15:39:30.003370+05:30,BANKNIFTY,29-Sep-2026,57000.0,CE,54471.65,6.2,90,6.25,120,6.2,6.225,41072,-4706,230000,-59.34426229508197,40.31,0.016198666556547375,3.5314331425556766e-05,-23.462594667669098,1.149575068970743,0.21681480051460866,-0.044249488379279056,13.181948406820853,6.614399837439726e-08,0.00031733546278712695,-6.489954915751493e-05,-3.2686877842739896,133.8036465179114,-0.015364449044250756,3.2250937124785484e-05,0.002721651339104515,54544.6,0.49173557559104303,0.006999999999999999,index_dividend_yield,0.065,13.57,30,55347.8,55390.1,54437.7,55580.4,mid_price,ok
2026-09-28T10:09:30.003370+00:00,2026-09-28T15:39:30.003370+05:30,BANKNIFTY,29-Sep-2026,57000.0,PE,54471.65,2453.9,120,2463.35,150,2452.05,2458.625,11231,-3775,7887,81.82863075154796,0,,,,,,,,,,,,,,,0.002721651339104515,,,,,,13.57,30,55347.8,55390.1,54437.7,55580.4,mid_price,no_price_available
2026-09-28T10:09:30.003370+00:00,2026-09-28T15:39:30.003370+05:30,BANKNIFTY,29-Sep-2026,57100.0,CE,54471.65,5.85,150,6,60,5.9,5.925,4240,-3156,38289,-54.44015444015444,41.29,0.01501999904964235,3.231207036588783e-05,-22.519866282166902,1.0774154989121525,0.2011921210965323,-0.04204817161054415,12.404146880909739,5.993864736752666e-08,0.00029374813769962366,-6.15072027883917e-05,-3.134523096721873,131.81254878811015,-0.014219914248872407,2.940584277130029e-05,0.002721651339104515,54544.6,0.49173557559104303,0.006999999999999999,index_dividend_yield,0.065,13.57,30,55347.8,55390.1,54437.7,55580.4,mid_price,ok
2026-09-28T10:09:30.003370+00:00,2026-09-28T15:39:30.003370+05:30,BANKNIFTY,29-Sep-2026,57100.0,PE,54471.65,2544.75,30,2589.9,180,2539.65,2567.325,1393,-174,663,75.34780957641453,0,,,,,,,,,,,,,,,0.002721651339104515,,,,,,13.57,30,55347.8,55390.1,54437.7,55580.4,mid_price,no_price_available
2026-09-28T10:09:30.003370+00:00,2026-09-28T15:39:30.003370+05:30,BANKNIFTY,29-Sep-2026,57200.0,CE,54471.65,5.6,30,5.65,300,5.55,5.625,5035,-5503,40095,-51.73913043478261,42.13,0.013710109840164755,2.927472366960019e-05,-21.23765344354888,0.9959965025333539,0.1853048214730214,-0.03950607560949325,11.613794925522614,5.414153258164545e-08,0.00027187030745682845,-5.8057701249899765e-05,-2.977183734521337,130.56712876363247,-0.01295616341339902,2.6548611246588007e-05,0.002721651339104515,54544.6,0.49173557559104303,0.006999999999999999,index_dividend_yield,0.065,13.57,30,55347.8,55390.1,54437.7,55580.4,mid_price,ok
2026-09-28T10:09:30.003370+00:00,2026-09-28T15:39:30.003370+05:30,BANKNIFTY,29-Sep-2026,57200.0,PE,54471.65,2643.8,30,2662.05,30,2658.9,2652.925,1853,-114,265,73.1392850166048,0,,,,,,,,,,,,,,,0.002721651339104515,,,,,,13.57,30,55347.8,55390.1,54437.7,55580.4,mid_price,no_price_available
2026-09-28T10:09:30.003370+00:00,2026-09-28T15:39:30.003370+05:30,BANKNIFTY,29-Sep-2026,57300.0,CE,54471.65,5.3,780,5.35,420,5.35,5.324999999999999,4543,-2475,25224,-45.95959595959596,43.07,0.012721759770970967,2.6843225882813786e-05,-20.348792467103063,0.933647906215603,0.172172500072695,-0.03751699953493534,10.933207697382041,4.921719829818429e-08,0.00025201463749828566,-5.499646091023651e-05,-2.852216037222523,128.8223698207349,-0.011999929097898394,2.4258644121740843e-05,0.002721651339104515,54544.6,0.49173557559104303,0.006999999999999999,index_dividend_yield,0.065,13.57,30,55347.8,55390.1,54437.7,55580.4,mid_price,ok
2026-09-28T10:09:30.003370+00:00,2026-09-28T15:39:30.003370+05:30,BANKNIFTY,29-Sep-2026,57300.0,PE,54471.65,2737.05,30,2769.05,30,2757.9,2753.05,1903,-258,728,67.95980511571254,0,,,,,,,,,,,,,,,0.002721651339104515,,,,,,13.57,30,55347.8,55390.1,54437.7,55580.4,mid_price,no_price_available
2026-09-28T10:09:30.003370+00:00,2026-09-28T15:39:30.003370+05:30,BANKNIFTY,29-Sep-2026,57400.0,CE,54471.65,4.9,120,5,90,4.85,4.95,5460,-4467,32638,-46.408839779005525,43.92,0.01169462451516559,2.447156246814966e-05,-19.287225470485062,0.8679557419081283,0.15924574151182386,-0.03537788385260253,10.259025645877607,4.466020736411497e-08,0.00023352898706735666,-5.194837464610583e-05,-2.7159369942927736,127.53420372825116,-0.011010985279724458,2.2038344914532755e-05,0.002721651339104515,54544.6,0.49173557559104303,0.006999999999999999,index_dividend_yield,0.065,13.57,30,55347.8,55390.1,54437.7,55580.4,mid_price,ok
2026-09-28T10:09:30.003370+00:00,2026-09-28T15:39:30.003370+05:30,BANKNIFTY,29-Sep-2026,57400.0,PE,54471.65,2844.45,30,2868.35,30,2835,2856.3999999999996,3186,-120,305,62.809395279388966,0,,,,,,,,,,,,,,,0.002721651339104515,,,,,,13.57,30,55347.8,55390.1,54437.7,55580.4,mid_price,no_price_available
2026-09-28T10:09:30.003370+00:00,2026-09-28T15:39:30.003370+05:30,BANKNIFTY,29-Sep-2026,57500.0,CE,54471.65,5.2,1410,5.25,660,5.2,5.225,49011,-16332,211244,-39.1812865497076,45.47,0.011838790709568765,2.3890036082402857e-05,-20.17789782030275,0.8772337050809976,0.15519770285378226,-0.03568840782080161,9.977536596921576,4.195957881788676e-08,0.00021918143164038277,-5.046612456153356e-05,-2.735845101205429,123.05186596013397,-0.011124134947566582,2.1439871479687428e-05,0.002721651339104515,54544.6,0.49173557559104303,0.006999999999999999,index_dividend_yield,0.065,13.57,30,55347.8,55390.1,54437.7,55580.4,mid_price,ok
2026-09-28T10:09:30.003370+00:00,2026-09-28T15:39:30.003370+05:30,BANKNIFTY,29-Sep-2026,57500.0,PE,54471.65,2948.8,60,2959.95,30,2951.25,2954.375,25242,-14366,18306,59.5184044105724,0,,,,,,,,,,,,,,,0.002721651339104515,,,,,,13.57,30,55347.8,55390.1,54437.7,55580.4,mid_price,no_price_available
2026-09-28T10:09:30.003370+00:00,2026-09-28T15:39:30.003370+05:30,BANKNIFTY,29-Sep-2026,57600.0,CE,54471.65,4.55,90,4.75,60,4.8,4.65,6832,-3468,30501,-36.42384105960265,46.15,0.010701294147792136,2.1559375848231916e-05,-18.755483373915936,0.8034917815457147,0.14243662181189376,-0.033238136676905596,9.312911851002637,3.7973601702191724e-08,0.00020316873057830824,-4.746185427876393e-05,-2.577592666025744,122.59705471663725,-0.010037541825097055,1.9281120917633854e-05,0.002721651339104515,54544.6,0.49173557559104303,0.006999999999999999,index_dividend_yield,0.065,13.57,30,55347.8,55390.1,54437.7,55580.4,mid_price,ok
2026-09-28T10:09:30.003370+00:00,2026-09-28T15:39:30.003370+05:30,BANKNIFTY,29-Sep-2026,57600.0,PE,54471.65,3048.15,60,3065.55,30,3060.25,3056.8500000000004,1911,-143,320,57.2221223252588,0,,,,,,,,,,,,,,,0.002721651339104515,,,,,,13.57,30,55347.8,55390.1,54437.7,55580.4,mid_price,no_price_available
2026-09-28T10:09:30.003370+00:00,2026-09-28T15:39:30.003370+05:30,BANKNIFTY,29-Sep-2026,57700.0,CE,54471.65,3.9,270,4.65,180,4.2,4.275,8061,-1793,15898,-38.68613138686131,46.96,0.009863369945233529,1.9733310775096604e-05,-17.77240887699236,0.7483445388408357,0.13211760735781353,-0.031366380539416594,8.753482282469582,3.462682133043079e-08,0.00018880109404447064,-4.486581400869196e-05,-2.454847160836587,121.55532920105924,-0.009234905368315525,1.7586903904299385e-05,0.002721651339104515,54544.6,0.49173557559104303,0.006999999999999999,index_dividend_yield,0.065,13.57,30,55347.8,55390.1,54437.7,55580.4,mid_price,wide_quote_low_liquidity
2026-09-28T10:09:30.003370+00:00,2026-09-28T15:39:30.003370+05:30,BANKNIFTY,29-Sep-2026,57700.0,PE,54471.65,3144.3,30,3168.3,30,3117.55,3156.3,3949,-94,182,53.11379598251559,0,,,,,,,,,,,,,,,0.002721651339104515,,,,,,13.57,30,55347.8,55390.1,54437.7,55580.4,mid_price,no_price_available
2026-09-28T10:09:30.003370+00:00,2026-09-28T15:39:30.003370+05:30,BANKNIFTY,29-Sep-2026,57800.0,CE,54471.65,3.9,30,4,210,4,3.95,7494,-4202,27332,-32.773109243697476,47.58,0.008880512401409163,1.7767409510878266e-05,-16.4251573826947,0.6826877340120955,0.12094404582954024,-0.029088804078427958,8.147412546464839,3.131217605422764e-08,0.00017469925286532422,-4.204984884096449e-05,-2.3032189212924927,121.31423745212314,-0.008300150506531068,1.5780090761381258e-05,0.002721651339104515,54544.6,0.49173557559104303,0.006999999999999999,index_dividend_yield,0.065,13.57,30,55347.8,55390.1,54437.7,55580.4,mid_price,ok
2026-09-28T10:09:30.003370+00:00,2026-09-28T15:39:30.003370+05:30,BANKNIFTY,29-Sep-2026,57800.0,PE,54471.65,3213.4,90,3278.65,30,3211.55,3246.025,3272,-421,1069,49.813406726687504,0,,,,,,,,,,,,,,,0.002721651339104515,,,,,,13.57,30,55347.8,55390.1,54437.7,55580.4,mid_price,no_price_available
2026-09-28T10:09:30.003370+00:00,2026-09-28T15:39:30.003370+05:30,BANKNIFTY,29-Sep-2026,57900.0,CE,54471.65,3.6,90,3.8,30,3.7,3.7,4304,-2128,22107,-33.333333333333336,48.57,0.008425270152105176,1.662020820105576e-05,-16.008667032066306,0.6518956953075837,0.11407519390439422,-0.0280038300434922,7.747548537009041,2.8921808311573206e-08,0.0001633057141083575,-4.0115880802762206e-05,-2.230076988914968,119.50896954960477,-0.007860071963673488,1.4710261522560995e-05,0.002721651339104515,54544.6,0.49173557559104303,0.006999999999999999,index_dividend_yield,0.065,13.57,30,55347.8,55390.1,54437.7,55580.4,mid_price,ok
2026-09-28T10:09:30.003370+00:00,2026-09-28T15:39:30.003370+05:30,BANKNIFTY,29-Sep-2026,57900.0,PE,54471.65,3338.35,90,3366.95,30,3318.8,3352.6499999999996,4432,-99,418,46.94383564676452,0,,,,,,,,,,,,,,,0.002721651339104515,,,,,,13.57,30,55347.8,55390.1,54437.7,55580.4,mid_price,no_price_available
2026-09-28T10:09:30.003370+00:00,2026-09-28T15:39:30.003370+05:30,BANKNIFTY,29-Sep-2026,58000.0,CE,54471.65,3.55,30,3.6,360,3.55,3.575,43229,-4641,152834,-32.38095238095238,49.62,0.008075202506695857,1.567326293603728e-05,-15.754469477121358,0.6280435058659957,0.1082925412842087,-0.027155488968609903,7.402654932403108,2.6859833440301642e-08,0.00015315137706598786,-3.842665386600868e-05,-2.1724640577537473,117.50934010084667,-0.0075194195012813015,1.3824342776235723e-05,0.002721651339104515,54544.6,0.49173557559104303,0.006999999999999999,index_dividend_yield,0.065,13.57,30,55347.8,55390.1,54437.7,55580.4,mid_price,ok
2026-09-28T10:09:30.003370+00:00,2026-09-28T15:39:30.003370+05:30,BANKNIFTY,29-Sep-2026,58000.0,PE,54471.65,3448.1,30,3466.2,30,3442,3457.1499999999996,13691,-2907,6946,46.558514828298314,0,,,,,,,,,,,,,,,0.002721651339104515,,,,,,13.57,30,55347.8,55390.1,54437.7,55580.4,mid_price,no_price_available
2026-09-28T10:09:30.003370+00:00,2026-09-28T15:39:30.003370+05:30,BANKNIFTY,29-Sep-2026,58100.0,CE,54471.65,2.95,120,3.8,30,2.8,3.375,2765,-2138,17819,-39.784946236559136,50.16,0.007239553126619305,1.4082884940714407e-05,-14.464135465032513,0.5704567308605223,0.09890228486621622,-0.025068330938609426,6.872203026232593,2.4288417000441294e-08,0.0001415779225225522,-3.5900277035708805e-05,-2.029081382078119,117.54296066769035,-0.006729698056157518,1.2378853625563648e-05,0.002721651339104515,54544.6,0.49173557559104303,0.006999999999999999,index_dividend_yield,0.065,13.57,30,55347.8,55390.1,54437.7,55580.4,mid_price,wide_quote_low_liquidity
2026-09-28T10:09:30.003370+00:00,2026-09-28T15:39:30.003370+05:30,BANKNIFTY,29-Sep-2026,58100.0,PE,54471.65,3537.15,30,3603.9,90,3584,3570.525,1245,-49,77,53.81974248927039,0,,,,,,,,,,,,,,,0.002721651339104515,,,,,,13.57,30,55347.8,55390.1,54437.7,55580.4,mid_price,no_price_available
2026-09-28T10:09:30.003370+00:00,2026-09-28T15:39:30.003370+05:30,BANKNIFTY,29-Sep-2026,58200.0,CE,54471.65,3.6,150,6.2,120,3.65,4.9,2967,-1077,10923,-17.045454545454547,50.53,0.006346099792239693,1.2443994212356613e-05,-12.968879936170174,0.5077882515403028,0.08906643281663372,-0.02274026189449623,6.308070241794028,2.1741880391967023e-08,0.00012995982449722822,-3.3189146047515305e-05,-1.8662644182646024,118.21452847927699,-0.005889318386768072,1.0900712675232653e-05,0.002721651339104515,54544.6,0.49173557559104303,0.006999999999999999,index_dividend_yield,0.065,13.57,30,55347.8,55390.1,54437.7,55580.4,mid_price,wide_quote_low_liquidity
2026-09-28T10:09:30.003370+00:00,2026-09-28T15:39:30.003370+05:30,BANKNIFTY,29-Sep-2026,58200.0,PE,54471.65,3611.2,30,3690.7,30,3692,3650.95,1443,-77,222,55.23040699630003,0,,,,,,,,,,,,,,,0.002721651339104515,,,,,,13.57,30,55347.8,55390.1,54437.7,55580.4,mid_price,no_price_available
2026-09-28T10:09:30.003370+00:00,2026-09-28T15:39:30.003370+05:30,BANKNIFTY,29-Sep-2026,58300.0,CE,54471.65,2.9,60,4.3,120,3,3.5999999999999996,3125,-788,10763,-24.050632911392405,52.86,0.007272809107746789,1.341766932230873e-05,-15.301078316627978,0.5727667429330523,0.09422122646052418,-0.025161085948161934,6.542516621690031,2.1893822218738632e-08,0.00012788161783012256,-3.41626799115142e-05,-2.035505867213577,111.53532220066914,-0.006734305588483072,1.171334773347001e-05,0.002721651339104515,54544.6,0.49173557559104303,0.006999999999999999,index_dividend_yield,0.065,13.57,30,55347.8,55390.1,54437.7,55580.4,mid_price,wide_quote_low_liquidity
2026-09-28T10:09:30.003370+00:00,2026-09-28T15:39:30.003370+05:30,BANKNIFTY,29-Sep-2026,58300.0,PE,54471.65,3743.1,30,3806.4,90,3790.35,3774.75,1575,-125,249,43.032075471698114,0,,,,,,,,,,,,,,,0.002721651339104515,,,,,,13.57,30,55347.8,55390.1,54437.7,55580.4,mid_price,no_price_available
2026-09-28T10:09:30.003370+00:00,2026-09-28T15:39:30.003370+05:30,BANKNIFTY,29-Sep-2026,58400.0,CE,54471.65,2.8,120,3.15,150,3.2,2.9749999999999996,2013,-572,4145,-16.883116883116884,52.84,0.006094862042306995,1.1481794399043353e-05,-13.082510059491135,0.4899436402683812,0.08268594248670921,-0.02207159929056419,5.889809214951414,1.9263515398206465e-08,0.00011629748738004752,-3.104831545688181e-05,-1.8189103301181557,113.5310184987931,-0.0056348100300580685,9.989071758002437e-06,0.002721651339104515,54544.6,0.49173557559104303,0.006999999999999999,index_dividend_yield,0.065,13.57,30,55347.8,55390.1,54437.7,55580.4,mid_price,ok
2026-09-28T10:09:30.003370+00:00,2026-09-28T15:39:30.003370+05:30,BANKNIFTY,29-Sep-2026,58400.0,PE,54471.65,3811.85,60,3909.35,30,3818.35,3860.6,904,-36,53,41.263411024787274,0,,,,,,,,,,,,,,,0.002721651339104515,,,,,,13.57,30,55347.8,55390.1,54437.7,55580.4,mid_price,no_price_available
2026-09-28T10:09:30.003370+00:00,2026-09-28T15:39:30.003370+05:30,BANKNIFTY,29-Sep-2026,58500.0,CE,54471.65,2.75,150,2.8,630,2.8,2.775,16056,-9692,64992,-18.840579710144926,53.68,0.005735106312125228,1.0708475746063915e-05,-12.591264632040449,0.4642091691018825,0.07778250733891066,-0.021091186217695543,5.587908624371446,1.7835252080424423e-08,0.00010895394198443845,-2.9545351398314854e-05,-1.7489790597187542,112.42413179539423,-0.005292682643502969,9.284467205803936e-06,0.002721651339104515,54544.6,0.49173557559104303,0.006999999999999999,index_dividend_yield,0.065,13.57,30,55347.8,55390.1,54437.7,55580.4,mid_price,ok
2026-09-28T10:09:30.003370+00:00,2026-09-28T15:39:30.003370+05:30,BANKNIFTY,29-Sep-2026,58500.0,PE,54471.65,3949.9,30,3965.6,30,3946.05,3957.75,3568,-1134,1764,38.723172382274875,0,,,,,,,,,,,,,,,0.002721651339104515,,,,,,13.57,30,55347.8,55390.1,54437.7,55580.4,mid_price,no_price_available
2026-09-28T10:09:30.003370+00:00,2026-09-28T15:39:30.003370+05:30,BANKNIFTY,29-Sep-2026,58600.0,CE,54471.65,2.9,30,3.4,180,2.85,3.15,2844,924,21492,-14.925373134328359,54.05,0.005068658918347112,9.529100525393233e-06,-11.358618936938713,0.4159308720821555,0.07038760901041663,-0.019217020129512954,5.142811961585836,1.6046678152751253e-08,0.00010019280033218222,-2.7351865094535662e-05,-1.61358029029471,112.97131806109529,-0.0046698676997297675,8.233751163179883e-06,0.002721651339104515,54544.6,0.49173557559104303,0.006999999999999999,index_dividend_yield,0.065,13.57,30,55347.8,55390.1,54437.7,55580.4,mid_price,wide_quote_low_liquidity
2026-09-28T10:09:30.003370+00:00,2026-09-28T15:39:30.003370+05:30,BANKNIFTY,29-Sep-2026,58600.0,PE,54471.65,3996.4,30,4113.4,30,4065.1,4054.8999999999996,453,-32,65,41.41937728300574,0,,,,,,,,,,,,,,,0.002721651339104515,,,,,,13.57,30,55347.8,55390.1,54437.7,55580.4,mid_price,no_price_available
2026-09-28T10:09:30.003370+00:00,2026-09-28T15:39:30.003370+05:30,BANKNIFTY,29-Sep-2026,58700.0,CE,54471.65,2.6,1710,3.5,4140,2.6,3.05,1489,-913,10510,-7.142857142857143,54.93,0.004813274471517047,8.954344612774212e-06,-11.02298580857186,0.3972070547487166,0.06660811002976796,-0.01848004967008935,4.900458975498179,1.493704677400301e-08,9.417060110118683e-05,-2.6122830149749203e-05,-1.559692673511535,111.71192066987243,-0.00442657598301616,7.71078623291581e-06,0.002721651339104515,54544.6,0.49173557559104303,0.006999999999999999,index_dividend_yield,0.065,13.57,30,55347.8,55390.1,54437.7,55580.4,mid_price,wide_quote_low_liquidity
2026-09-28T10:09:30.003370+00:00,2026-09-28T15:39:30.003370+05:30,BANKNIFTY,29-Sep-2026,58700.0,PE,54471.65,4105.25,30,5328,300,4164.7,4716.625,371,0,21,36.06128916331798,0,,,,,,,,,,,,,,,0.002721651339104515,54544.6,0.49173557559104303,0.006999999999999999,index_dividend_yield,0.065,13.57,30,55347.8,55390.1,54437.7,55580.4,mid_price,no_nse_iv
2026-09-28T10:09:30.003370+00:00,2026-09-28T15:39:30.003370+05:30,BANKNIFTY,29-Sep-2026,58800.0,CE,54471.65,2,600,3.5,8100,2.05,2.75,1656,-929,6240,-26.785714285714285,55.66,0.0044843148542622795,8.29596655596356e-06,-10.48494221321301,0.3728925824395946,0.06229219784951263,-0.017511539593098948,4.625919356378683,1.3786740835058397e-08,8.801053914331294e-05,-2.4735156052690087e-05,-1.488293476972648,110.97891627464898,-0.00411678568509796,7.11956405590635e-06,0.002721651339104515,54544.6,0.49173557559104303,0.006999999999999999,index_dividend_yield,0.065,13.57,30,55347.8,55390.1,54437.7,55580.4,mid_price,wide_quote_low_liquidity
2026-09-28T10:09:30.003370+00:00,2026-09-28T15:39:30.003370+05:30,BANKNIFTY,29-Sep-2026,58800.0,PE,54471.65,4200.1,300,5379.6,330,4319.6,4789.85,467,-2,6,40.47022861045169,63.86,-0.9884886205994965,1.657734328245046e-05,-18.151841392889587,0.8549040903659164,0.10867967308558768,-0.035058422242107264,7.022052409202783,2.0606008957320722e-08,0.00011020479247549617,-3.5559936611085296e-05,-2.6942034383033038,-12.446492718029639,0.9892974971942302,1.4226607180728514e-05,0.002721651339104515,54544.6,0.49173557559104303,0.006999999999999999,index_dividend_yield,0.065,13.57,30,55347.8,55390.1,54437.7,55580.4,mid_price,wide_quote_low_liquidity
2026-09-28T10:09:30.003370+00:00,2026-09-28T15:39:30.003370+05:30,BANKNIFTY,29-Sep-2026,58900.0,CE,54471.65,2,2460,3,90,2.25,2.5,616,-369,2241,-23.728813559322035,55.94,0.003927411292923746,7.331232826538365e-06,-9.35846700627201,0.3311868039100766,0.055988871232367586,-0.015818941521617023,4.229420616564256,1.234444485019631e-08,8.051760717840116e-05,-2.273997429530386e-05,-1.3618491898772958,111.7584080650954,-0.003599632121184118,6.270287929004996e-06,0.002721651339104515,54544.6,0.49173557559104303,0.006999999999999999,index_dividend_yield,0.065,13.57,30,55347.8,55390.1,54437.7,55580.4,mid_price,wide_quote_low_liquidity
2026-09-28T10:09:30.003370+00:00,2026-09-28T15:39:30.003370+05:30,BANKNIFTY,29-Sep-2026,58900.0,PE,54471.65,4294.15,360,4401.8,30,0.0,4347.975,565,0,0,0,0,,,,,,,,,,,,,,,0.002721651339104515,,,,,,13.57,30,55347.8,55390.1,54437.7,55580.4,mid_price,no_price_available
2026-09-28T10:09:30.003370+00:00,2026-09-28T15:39:30.003370+05:30,BANKNIFTY,29-Sep-2026,59000.0,CE,54471.65,2.35,3600,2.4,3000,2.4,2.375,20272,-6812,68634,-17.24137931034483,57.86,0.004329260792508266,7.733535397994272e-06,-10.560409841026265,0.3613516623200189,0.05835806515492843,-0.017051493974422346,4.353671006836285,1.2402396859883178e-08,7.980964833187673e-05,-2.3311849202878187e-05,-1.4541409787415172,107.13731297763921,-0.00395967558671331,6.59196838468796e-06,0.002721651339104515,54544.6,0.49173557559104303,0.006999999999999999,index_dividend_yield,0.065,13.57,30,55347.8,55390.1,54437.7,55580.4,mid_price,ok
2026-09-28T10:09:30.003370+00:00,2026-09-28T15:39:30.003370+05:30,BANKNIFTY,29-Sep-2026,59000.0,PE,54471.65,4454.9,30,4473.8,30,4430.8,4464.35,4737,-241,1541,32.29032932254501,0,,,,,,,,,,,,,,,0.002721651339104515,,,,,,13.57,30,55347.8,55390.1,54437.7,55580.4,mid_price,no_price_available
2026-09-28T10:09:30.003370+00:00,2026-09-28T15:39:30.003370+05:30,BANKNIFTY,29-Sep-2026,59100.0,CE,54471.65,1.6,30,2.35,60,2,1.975,548,-323,2044,-11.11111111111111,57.8,0.0036355265481063056,6.62065813364668e-06,-9.021462286071282,0.3090313587590446,0.051068144137844274,-0.014906896628639789,3.89532456917116,1.0885416997542597e-08,7.199831366707067e-05,-2.100567099234037e-05,-1.2927882604414682,108.93535747038233,-0.003320054718884973,5.624284262786772e-06,0.002721651339104515,54544.6,0.49173557559104303,0.006999999999999999,index_dividend_yield,0.065,13.57,30,55347.8,55390.1,54437.7,55580.4,mid_price,wide_quote_low_liquidity
2026-09-28T10:09:30.003370+00:00,2026-09-28T15:39:30.003370+05:30,BANKNIFTY,29-Sep-2026,59100.0,PE,54471.65,4500.75,30,5117.6,330,4416.05,4809.175,210,0,3,25.991070027531705,0,,,,,,,,,,,,,,,0.002721651339104515,54544.6,0.49173557559104303,0.006999999999999999,index_dividend_yield,0.065,13.57,30,55347.8,55390.1,54437.7,55580.4,mid_price,no_nse_iv
2026-09-28T10:09:30.003370+00:00,2026-09-28T15:39:30.003370+05:30,BANKNIFTY,29-Sep-2026,59200.0,CE,54471.65,2,180,3.25,60,1.9,2.625,1365,-85,2308,-13.636363636363637,58.21,0.0032569911947218483,5.955682759289173e-06,-8.230378252292436,0.27996433229461887,0.04656117678969234,-0.013688015868919995,3.5999104091620215,9.862179398795976e-09,6.63492287522766e-05,-1.9492906685126297e-05,-1.1994106340432273,109.2174798923113,-0.0029694134627515087,5.042306071213104e-06,0.002721651339104515,54544.6,0.49173557559104303,0.006999999999999999,index_dividend_yield,0.065,13.57,30,55347.8,55390.1,54437.7,55580.4,mid_price,wide_quote_low_liquidity
2026-09-28T10:09:30.003370+00:00,2026-09-28T15:39:30.003370+05:30,BANKNIFTY,29-Sep-2026,59200.0,PE,54471.65,4591.3,360,4725.55,300,0.0,4658.425,52,0,0,0,0,,,,,,,,,,,,,,,0.002721651339104515,,,,,,13.57,30,55347.8,55390.1,54437.7,55580.4,mid_price,no_price_available
2026-09-28T10:09:30.003370+00:00,2026-09-28T15:39:30.003370+05:30,BANKNIFTY,29-Sep-2026,59300.0,CE,54471.65,2.75,240,3.2,90,3.15,2.975,962,35,1325,40,59.78,0.0034402238242096164,6.091738348321653e-06,-8.877995343981754,0.29408352942654,0.0473248950902407,-0.014285982243372922,3.6345572105932478,9.739972817125624e-09,6.509681496071758e-05,-1.9639122249538227e-05,-1.245379957398262,105.8692770603467,-0.0031302632537942997,5.140115950823832e-06,0.002721651339104515,54544.6,0.49173557559104303,0.006999999999999999,index_dividend_yield,0.065,13.57,30,55347.8,55390.1,54437.7,55580.4,mid_price,wide_quote_low_liquidity
2026-09-28T10:09:30.003370+00:00,2026-09-28T15:39:30.003370+05:30,BANKNIFTY,29-Sep-2026,59300.0,PE,54471.65,4701.05,30,5343.4,300,4650,5022.225,42,-10,10,74.45786748705635,0,,,,,,,,,,,,,,,0.002721651339104515,54544.6,0.49173557559104303,0.006999999999999999,index_dividend_yield,0.065,13.57,30,55347.8,55390.1,54437.7,55580.4,mid_price,no_nse_iv
2026-09-28T10:09:30.003370+00:00,2026-09-28T15:39:30.003370+05:30,BANKNIFTY,29-Sep-2026,59400.0,CE,54471.65,1.4,600,3.25,120,2.25,2.325,584,-509,5294,-11.764705882352942,61,0.0034582258420961984,5.997960623490451e-06,-9.101159826796366,0.29546564789193147,0.04657762262983713,-0.014346256799898352,3.5748701060022148,9.383129412903316e-09,6.273697872551372e-05,-1.931183759245161e-05,-1.2499968337648606,103.72331835606657,-0.003140726185212575,5.043961717227757e-06,0.002721651339104515,54544.6,0.49173557559104303,0.006999999999999999,index_dividend_yield,0.065,13.57,30,55347.8,55390.1,54437.7,55580.4,mid_price,wide_quote_low_liquidity
2026-09-28T10:09:30.003370+00:00,2026-09-28T15:39:30.003370+05:30,BANKNIFTY,29-Sep-2026,59400.0,PE,54471.65,4785.55,330,4937.15,60,0.0,4861.35,120,0,0,0,0,,,,,,,,,,,,,,,0.002721651339104515,,,,,,13.57,30,55347.8,55390.1,54437.7,55580.4,mid_price,no_price_available
2026-09-28T10:09:30.003370+00:00,2026-09-28T15:39:30.003370+05:30,BANKNIFTY,29-Sep-2026,59500.0,CE,54471.65,1.55,390,1.95,60,1.7,1.75,9782,-905,16968,-19.047619047619047,61.56,0.003182537158109588,5.515627851979648e-06,-8.523168435780555,0.27419978948299223,0.043267923750229566,-0.01344931336122772,3.3546809082743154,8.639696027310096e-09,5.8520610375988565e-05,-1.817780365259616e-05,-1.1809734680353476,103.5311660114531,-0.0028854386116738224,4.622767867514997e-06,0.002721651339104515,54544.6,0.49173557559104303,0.006999999999999999,index_dividend_yield,0.065,13.57,30,55347.8,55390.1,54437.7,55580.4,mid_price,wide_quote_low_liquidity
2026-09-28T10:09:30.003370+00:00,2026-09-28T15:39:30.003370+05:30,BANKNIFTY,29-Sep-2026,59500.0,PE,54471.65,4955,30,5013.1,330,4940.05,4984.05,978,-76,310,27.990517397725213,0,,,,,,,,,,,,,,,0.002721651339104515,,,,,,13.57,30,55347.8,55390.1,54437.7,55580.4,mid_price,no_price_available
2026-09-28T10:09:30.003370+00:00,2026-09-28T15:39:30.003370+05:30,BANKNIFTY,29-Sep-2026,59600.0,CE,54471.65,1.6,120,2.4,630,1.65,2.0,422,55,1013,-15.384615384615385,62.05,0.0029039705451311096,5.038705553288768e-06,-7.910209976997815,0.25248426396492674,0.03996098036144623,-0.012520579900587787,3.132437369953056,7.91979547241829e-09,5.4391891948975665e-05,-1.7028560342788185e-05,-1.1087411250178265,103.52796474819887,-0.00262845858228225,4.208889482290071e-06,0.002721651339104515,54544.6,0.49173557559104303,0.006999999999999999,index_dividend_yield,0.065,13.57,30,55347.8,55390.1,54437.7,55580.4,mid_price,wide_quote_low_liquidity
2026-09-28T10:09:30.003370+00:00,2026-09-28T15:39:30.003370+05:30,BANKNIFTY,29-Sep-2026,59600.0,PE,54471.65,4987.5,300,5119.2,300,0.0,5053.35,14,0,0,0,0,,,,,,,,,,,,,,,0.002721651339104515,,,,,,13.57,30,55347.8,55390.1,54437.7,55580.4,mid_price,no_price_available
2026-09-28T10:09:30.003370+00:00,2026-09-28T15:39:30.003370+05:30,BANKNIFTY,29-Sep-2026,59700.0,CE,54471.65,0.95,360,2.7,510,1.75,1.8250000000000002,297,-41,750,-5.405405405405405,62.07,0.0024824359348499937,4.3719332770915515e-06,-6.867546584588804,0.21914361452316808,0.03530514800865504,-0.011066560375111209,2.8185174112617535,7.0051888038608915e-09,4.91858671635561e-05,-1.5402862389249628e-05,-0.9939857434267659,104.8627690890401,-0.0022434315550691492,3.639702813477249e-06,0.002721651339104515,54544.6,0.49173557559104303,0.006999999999999999,index_dividend_yield,0.065,13.57,30,55347.8,55390.1,54437.7,55580.4,mid_price,wide_quote_low_liquidity
2026-09-28T10:09:30.003370+00:00,2026-09-28T15:39:30.003370+05:30,BANKNIFTY,29-Sep-2026,59700.0,PE,54471.65,4531.45,300,6506.3,300,5160,5518.875,19,-3,4,29.953534056136906,0,,,,,,,,,,,,,,,0.002721651339104515,54544.6,0.49173557559104303,0.006999999999999999,index_dividend_yield,0.065,13.57,30,55347.8,55390.1,54437.7,55580.4,mid_price,no_nse_iv
2026-09-28T10:09:30.003370+00:00,2026-09-28T15:39:30.003370+05:30,BANKNIFTY,29-Sep-2026,59800.0,CE,54471.65,1.35,450,2.5,150,2,1.925,679,-256,975,2.5641025641025643,64.88,0.003112919167302182,5.130227782649662e-06,-8.804253121978464,0.26879490929665906,0.04037608948061948,-0.013225053087218979,3.13883132222037,7.628763791218309e-09,5.200037147485118e-05,-1.7019810945445514e-05,-1.1636052605236697,98.46803185761624,-0.0028067525723908366,4.25672252584202e-06,0.002721651339104515,54544.6,0.49173557559104303,0.006999999999999999,index_dividend_yield,0.065,13.57,30,55347.8,55390.1,54437.7,55580.4,mid_price,wide_quote_low_liquidity
2026-09-28T10:09:30.003370+00:00,2026-09-28T15:39:30.003370+05:30,BANKNIFTY,29-Sep-2026,59800.0,PE,54471.65,5135.15,330,5320.05,30,0.0,5227.6,8,0,0,0,0,,,,,,,,,,,,,,,0.002721651339104515,,,,,,13.57,30,55347.8,55390.1,54437.7,55580.4,mid_price,no_price_available
2026-09-28T10:09:30.003370+00:00,2026-09-28T15:39:30.003370+05:30,BANKNIFTY,29-Sep-2026,59900.0,CE,54471.65,1.7,60,1.8,390,1.75,1.75,543,-126,1502,-10.256410256410257,67.11,0.003558486606123231,5.593616734538913e-06,-10.270091144681244,0.30314715348873483,0.043336969946765204,-0.014680074857958256,3.3144260509743173,7.892007634783866e-09,5.2822018603896144e-05,-1.788180047931618e-05,-1.2755106257045852,94.12937163191175,-0.003201625696161752,4.625728324817267e-06,0.002721651339104515,54544.6,0.49173557559104303,0.006999999999999999,index_dividend_yield,0.065,13.57,30,55347.8,55390.1,54437.7,55580.4,mid_price,ok
2026-09-28T10:09:30.003370+00:00,2026-09-28T15:39:30.003370+05:30,BANKNIFTY,29-Sep-2026,59900.0,PE,54471.65,5285.8,330,5411.4,330,0.0,5348.6,17,0,0,0,19.79,,,,,,,,,,,,,,,0.002721651339104515,,,,,,13.57,30,55347.8,55390.1,54437.7,55580.4,mid_price,no_price_available
2026-09-28T10:09:30.003370+00:00,2026-09-28T15:39:30.003370+05:30,BANKNIFTY,29-Sep-2026,60000.0,CE,54471.65,1.55,30,1.75,30,1.75,1.65,19771,-6198,46720,-14.634146341463415,66.39,0.002811033159669653,4.573176597935877e-06,-8.217023553377638,0.24518516582032007,0.03643631471863238,-0.012212220326300502,2.8671397177603417,6.725460647380187e-09,4.658915505688107e-05,-1.5601615758286213e-05,-1.084580497377728,97.08787767232053,-0.0025257411648339795,3.769263795533293e-06,0.002721651339104515,54544.6,0.49173557559104303,0.006999999999999999,index_dividend_yield,0.065,13.57,30,55347.8,55390.1,54437.7,55580.4,mid_price,ok
2026-09-28T10:09:30.003370+00:00,2026-09-28T15:39:30.003370+05:30,BANKNIFTY,29-Sep-2026,60000.0,PE,54471.65,5454.8,30,5465.7,30,5467.25,5460.25,8082,-106,2571,25.873441618989514,0,,,,,,,,,,,,,,,0.002721651339104515,,,,,,13.57,30,55347.8,55390.1,54437.7,55580.4,mid_price,no_price_available
2026-09-28T10:09:30.003370+00:00,2026-09-28T15:39:30.003370+05:30,BANKNIFTY,29-Sep-2026,60100.0,CE,54471.65,1.85,180,2.1,1290,1.8,1.975,2359,-10,1461,-20,68.71,0.003256045459846855,5.0442402357373204e-06,-9.707363617614808,0.2798912105144566,0.03951541938255879,-0.013704286675971632,3.055274290354598,7.0252902493698455e-09,4.772108968066269e-05,-1.6537930018734504e-05,-1.2006691359859434,92.6723768831899,-0.0029192729845187787,4.143695935338965e-06,0.002721651339104515,54544.6,0.49173557559104303,0.006999999999999999,index_dividend_yield,0.065,13.57,30,55347.8,55390.1,54437.7,55580.4,mid_price,ok
2026-09-28T10:09:30.003370+00:00,2026-09-28T15:39:30.003370+05:30,BANKNIFTY,29-Sep-2026,60100.0,PE,54471.65,5365.6,300,5650.25,300,0.0,5507.925,8,0,0,0,0,,,,,,,,,,,,,,,0.002721651339104515,,,,,,13.57,30,55347.8,55390.1,54437.7,55580.4,mid_price,no_price_available
2026-09-28T10:09:30.003370+00:00,2026-09-28T15:39:30.003370+05:30,BANKNIFTY,29-Sep-2026,60200.0,CE,54471.65,0.9,1770,2.7,120,0.9,1.8,353,-144,846,-43.75,66.41,0.0020899659307205792,3.496424821229637e-06,-6.285603092055436,0.18751293207421182,0.028803548174886548,-0.009659167770451879,2.3444531195767198,5.328800153290736e-09,3.8450323899204074e-05,-1.2879268741723468e-05,-0.8807928048659042,99.45626969526529,-0.0018720802306424248,2.862676504191813e-06,0.002721651339104515,54544.6,0.49173557559104303,0.006999999999999999,index_dividend_yield,0.065,13.57,30,55347.8,55390.1,54437.7,55580.4,mid_price,wide_quote_low_liquidity
2026-09-28T10:09:30.003370+00:00,2026-09-28T15:39:30.003370+05:30,BANKNIFTY,29-Sep-2026,60200.0,PE,54471.65,4871.25,300,5812.5,300,0.0,5341.875,6,0,0,0,17.67,,,,,,,,,,,,,,,0.002721651339104515,,,,,,13.57,30,55347.8,55390.1,54437.7,55580.4,mid_price,no_price_available
2026-09-28T10:09:30.003370+00:00,2026-09-28T15:39:30.003370+05:30,BANKNIFTY,29-Sep-2026,60300.0,CE,54471.65,0.9,3000,2.85,210,1.5,1.875,235,-106,463,-21.05263157894737,70.25,0.0029704308142444427,4.542265253763702e-06,-9.136759048349212,0.2576869175491274,0.03598341391616638,-0.012758896473197995,2.81307769172498,6.254707958176618e-09,4.312031132526843e-05,-1.5276646474188734e-05,-1.1273552571202423,91.3771113793725,-0.002653955834816707,3.706627377138215e-06,0.002721651339104515,54544.6,0.49173557559104303,0.006999999999999999,index_dividend_yield,0.065,13.57,30,55347.8,55390.1,54437.7,55580.4,mid_price,wide_quote_low_liquidity
2026-09-28T10:09:30.003370+00:00,2026-09-28T15:39:30.003370+05:30,BANKNIFTY,29-Sep-2026,60300.0,PE,54471.65,4909.15,300,5850.1,300,0.0,5379.625,0,0,0,0,0,,,,,,,,,,,,,,,0.002721651339104515,,,,,,13.57,30,55347.8,55390.1,54437.7,55580.4,mid_price,no_price_available
2026-09-28T10:09:30.003370+00:00,2026-09-28T15:39:30.003370+05:30,BANKNIFTY,29-Sep-2026,60400.0,CE,54471.65,2.05,120,2.55,120,2.45,2.3,242,13,474,58.064516129032256,72.52,0.003389114851288927,4.954482719277017e-06,-10.619841410405957,0.2901547357617766,0.038653429292550764,-0.014145989994026248,2.9740529029841087,6.490451499428961e-09,4.395086695330359e-05,-1.6073059487556933e-05,-1.2346505972977733,87.54857670285286,-0.0030215564953817325,4.029633070969153e-06,0.002721651339104515,54544.6,0.49173557559104303,0.006999999999999999,index_dividend_yield,0.065,13.57,30,55347.8,55390.1,54437.7,55580.4,mid_price,wide_quote_low_liquidity
2026-09-28T10:09:30.003370+00:00,2026-09-28T15:39:30.003370+05:30,BANKNIFTY,29-Sep-2026,60400.0,PE,54471.65,5034.1,900,6188.4,300,0.0,5611.25,1,0,0,0,0,,,,,,,,,,,,,,,0.002721651339104515,,,,,,13.57,30,55347.8,55390.1,54437.7,55580.4,mid_price,no_price_available
2026-09-28T10:09:30.003370+00:00,2026-09-28T15:39:30.003370+05:30,BANKNIFTY,29-Sep-2026,60500.0,CE,54471.65,1.8,570,2.15,150,1.8,1.975,7799,-805,6024,0,72.3,0.0028921966594714662,4.308555205225996e-06,-9.179046763924296,0.2515611139007267,0.034251987010650846,-0.012498523337388531,2.6862193109554595,5.777437992205212e-09,4.0048199087293594e-05,-1.4600684243388651e-05,-1.10701911742433,89.01396743345778,-0.002574757999270806,3.49270554725438e-06,0.002721651339104515,54544.6,0.49173557559104303,0.006999999999999999,index_dividend_yield,0.065,13.57,30,55347.8,55390.1,54437.7,55580.4,mid_price,wide_quote_low_liquidity
2026-09-28T10:09:30.003370+00:00,2026-09-28T15:39:30.003370+05:30,BANKNIFTY,29-Sep-2026,60500.0,PE,54471.65,5935.2,150,6002.8,60,5950,5969.0,250,-26,116,20.197163750959557,0,,,,,,,,,,,,,,,0.002721651339104515,,,,,,13.57,30,55347.8,55390.1,54437.7,55580.4,mid_price,no_price_available
2026-09-28T10:09:30.003370+00:00,2026-09-28T15:39:30.003370+05:30,BANKNIFTY,29-Sep-2026,60600.0,CE,54471.65,0.9,600,3.25,30,1.5,2.075,96,-11,109,-6.25,72.73,0.0026620090867996177,3.974234648605519e-06,-8.567492534071121,0.23342138565056342,0.031901546516939536,-0.011710584453590604,2.5263504133468255,5.3511335118444635e-09,3.754917045447587e-05,-1.3770431460290796e-05,-1.045078010568755,89.11220366850563,-0.0023659541251619333,3.211066637803202e-06,0.002721651339104515,54544.6,0.49173557559104303,0.006999999999999999,index_dividend_yield,0.065,13.57,30,55347.8,55390.1,54437.7,55580.4,mid_price,wide_quote_low_liquidity
2026-09-28T10:09:30.003370+00:00,2026-09-28T15:39:30.003370+05:30,BANKNIFTY,29-Sep-2026,60600.0,PE,54471.65,5712.9,300,6140.25,300,0.0,5926.575,0,0,0,0,0,,,,,,,,,,,,,,,0.002721651339104515,,,,,,13.57,30,55347.8,55390.1,54437.7,55580.4,mid_price,no_price_available
2026-09-28T10:09:30.003370+00:00,2026-09-28T15:39:30.003370+05:30,BANKNIFTY,29-Sep-2026,60700.0,CE,54471.65,1.25,120,3.65,120,1.25,2.45,553,-46,140,-13.793103448275861,71.64,0.0020276027852832957,3.1532863473410236e-06,-6.5953210931728865,0.18242843713212442,0.026087064270491213,-0.00943529882781414,2.130450207418616,4.455834024867783e-09,3.242325652455689e-05,-1.1712674401947926e-05,-0.862580818845463,92.48838420210664,-0.0017998797214403251,2.5393764618035647e-06,0.002721651339104515,54544.6,0.49173557559104303,0.006999999999999999,index_dividend_yield,0.065,13.57,30,55347.8,55390.1,54437.7,55580.4,mid_price,wide_quote_low_liquidity
2026-09-28T10:09:30.003370+00:00,2026-09-28T15:39:30.003370+05:30,BANKNIFTY,29-Sep-2026,60700.0,PE,54471.65,5777.15,300,6274.05,300,0.0,6025.6,0,0,0,0,0,,,,,,,,,,,,,,,0.002721651339104515,,,,,,13.57,30,55347.8,55390.1,54437.7,55580.4,mid_price,no_price_available
2026-09-28T10:09:30.003370+00:00,2026-09-28T15:39:30.003370+05:30,BANKNIFTY,29-Sep-2026,60800.0,CE,54471.65,0.1,1800,5,300,0.0,2.55,3,0,0,0,64.61,0.0005992661273221959,1.1444123658060675e-06,-1.9469161205185705,0.059711204625611775,0.0106442185826017,-0.0034792067911516636,0.9798031655063149,2.0492814768973114e-09,1.7007308794460307e-05,-5.546323812349095e-06,-0.3504743282261519,112.02822582385427,-0.0005320992218517153,9.185788563271631e-07,0.002721651339104515,54544.6,0.49173557559104303,0.006999999999999999,index_dividend_yield,0.065,13.57,30,55347.8,55390.1,54437.7,55580.4,mid_price,wide_quote_low_liquidity
2026-09-28T10:09:30.003370+00:00,2026-09-28T15:39:30.003370+05:30,BANKNIFTY,29-Sep-2026,60800.0,PE,54471.65,5341.35,900,6373.2,300,0.0,5857.275,0,0,0,0,0,,,,,,,,,,,,,,,0.002721651339104515,,,,,,13.57,30,55347.8,55390.1,54437.7,55580.4,mid_price,no_price_available
2026-09-28T10:09:30.003370+00:00,2026-09-28T15:39:30.003370+05:30,BANKNIFTY,29-Sep-2026,60900.0,CE,54471.65,0.4,600,4.6,60,0.0,2.5,12,0,0,0,28.39,2.875422851968129e-14,2.721649615992479e-16,-8.941033721061351e-11,6.239806986143314e-12,5.8563148819042004e-12,-1.0801349010633166e-12,1.2502490818978192e-09,5.861167449330208e-18,5.355670982221955e-14,-9.688669123356528e-15,-2.346825585786933e-10,332.1295538577046,-2.564161527769859e-14,2.1774023618874714e-16,0.002721651339104515,54544.6,0.49173557559104303,0.006999999999999999,index_dividend_yield,0.065,13.57,30,55347.8,55390.1,54437.7,55580.4,mid_price,wide_quote_low_liquidity
2026-09-28T10:09:30.003370+00:00,2026-09-28T15:39:30.003370+05:30,BANKNIFTY,29-Sep-2026,60900.0,PE,54471.65,5429,300,6584.35,300,0.0,6006.675,0,0,0,0,0,,,,,,,,,,,,,,,0.002721651339104515,,,,,,13.57,30,55347.8,55390.1,54437.7,55580.4,mid_price,no_price_available
2026-09-28T10:09:30.003370+00:00,2026-09-28T15:39:30.003370+05:30,BANKNIFTY,29-Sep-2026,61000.0,CE,54471.65,1.55,930,1.6,570,1.55,1.5750000000000002,14731,-4222,15949,-6.0606060606060606,76.32,0.0024081670724208416,3.4592654658579e-06,-8.210475958712633,0.213204223115326,0.028103993103641013,-0.01082520203748396,2.251428222992971,4.484546442616578e-09,3.199702321960194e-05,-1.2311343701420702e-05,-0.9747317895050527,85.67224909163635,-0.0021253391245643224,2.75845105645649e-06,0.002721651339104515,54544.6,0.49173557559104303,0.006999999999999999,index_dividend_yield,0.065,13.57,30,55347.8,55390.1,54437.7,55580.4,mid_price,ok
2026-09-28T10:09:30.003370+00:00,2026-09-28T15:39:30.003370+05:30,BANKNIFTY,29-Sep-2026,61000.0,PE,54471.65,6442.55,30,6471.55,30,6475.55,6457.05,1462,-86,469,20.945630451429746,0,,,,,,,,,,,,,,,0.002721651339104515,,,,,,13.57,30,55347.8,55390.1,54437.7,55580.4,mid_price,no_price_available
2026-09-28T10:09:30.003370+00:00,2026-09-28T15:39:30.003370+05:30,BANKNIFTY,29-Sep-2026,61100.0,CE,54471.65,1.2,60,2,210,1.2,1.6,54,-6,214,-25,78.99,0.0028710314211692328,3.917612359907789e-06,-9.959876155301028,0.2499004999171623,0.031209629145344468,-0.012439102500459152,2.4497504698813426,4.796687601210167e-09,3.344425251656768e-05,-1.3317323854562628e-05,-1.102371364338361,81.6048522263177,-0.0025282060683234813,3.113723913429822e-06,0.002721651339104515,54544.6,0.49173557559104303,0.006999999999999999,index_dividend_yield,0.065,13.57,30,55347.8,55390.1,54437.7,55580.4,mid_price,wide_quote_low_liquidity
2026-09-28T10:09:30.003370+00:00,2026-09-28T15:39:30.003370+05:30,BANKNIFTY,29-Sep-2026,61100.0,PE,54471.65,5614.7,900,6979.05,300,0.0,6296.875,0,0,0,0,0,,,,,,,,,,,,,,,0.002721651339104515,,,,,,13.57,30,55347.8,55390.1,54437.7,55580.4,mid_price,no_price_available
2026-09-28T10:09:30.003370+00:00,2026-09-28T15:39:30.003370+05:30,BANKNIFTY,29-Sep-2026,61200.0,CE,54471.65,0.1,1800,4,900,1.4,2.05,2,0,6,27.272727272727273,77.33,0.0020991610556610517,3.0146662018410917e-06,-7.345391684967918,0.18826118676136958,0.024871670288955077,-0.009707827752473426,2.0234386861499587,3.9183234733791454e-09,2.8503212124532716e-05,-1.1111665671749816e-05,-0.8847463429089767,85.51405058916444,-0.0018465297445869214,2.388237146559534e-06,0.002721651339104515,54544.6,0.49173557559104303,0.006999999999999999,index_dividend_yield,0.065,13.57,30,55347.8,55390.1,54437.7,55580.4,mid_price,wide_quote_low_liquidity
2026-09-28T10:09:30.003370+00:00,2026-09-28T15:39:30.003370+05:30,BANKNIFTY,29-Sep-2026,61200.0,PE,54471.65,5694.55,300,6785.9,300,0.0,6240.225,0,0,0,0,0,,,,,,,,,,,,,,,0.002721651339104515,,,,,,13.57,30,55347.8,55390.1,54437.7,55580.4,mid_price,no_price_available
2026-09-28T10:09:30.003370+00:00,2026-09-28T15:39:30.003370+05:30,BANKNIFTY,29-Sep-2026,61300.0,CE,54471.65,0.1,1800,4.7,900,1.45,2.4,8,-2,13,-9.375,78.57,0.002139204033215206,3.0183776768800047e-06,-7.591920555105501,0.19151548000896237,0.02485643103066642,-0.009856859006160271,2.0179661170446477,3.850334575406386e-09,2.7962401317162456e-05,-1.1075088797467766e-05,-0.8968301817652503,84.05138167440398,-0.0018782970216737233,2.3833822058000193e-06,0.002721651339104515,54544.6,0.49173557559104303,0.006999999999999999,index_dividend_yield,0.065,13.57,30,55347.8,55390.1,54437.7,55580.4,mid_price,wide_quote_low_liquidity
2026-09-28T10:09:30.003370+00:00,2026-09-28T15:39:30.003370+05:30,BANKNIFTY,29-Sep-2026,61300.0,PE,54471.65,5781.6,300,7218.6,600,0.0,6500.1,0,0,0,0,0,,,,,,,,,,,,,,,0.002721651339104515,,,,,,13.57,30,55347.8,55390.1,54437.7,55580.4,mid_price,no_price_available
2026-09-28T10:09:30.003370+00:00,2026-09-28T15:39:30.003370+05:30,BANKNIFTY,29-Sep-2026,61400.0,CE,54471.65,0.1,1800,5.5,3000,0.0,2.8,13,0,0,0,69.33,0.0005048184888950723,9.100834030229876e-07,-1.7823643494732395,0.05095372565367633,0.00859676847070177,-0.003015725535791599,0.8032077596901721,1.5368119375374094e-09,1.3033301994603783e-05,-4.560766667995999e-06,-0.3075575013408967,105.66498625096588,-0.0004436165417245873,7.162844340671212e-07,0.002721651339104515,54544.6,0.49173557559104303,0.006999999999999999,index_dividend_yield,0.065,13.57,30,55347.8,55390.1,54437.7,55580.4,mid_price,wide_quote_low_liquidity
2026-09-28T10:09:30.003370+00:00,2026-09-28T15:39:30.003370+05:30,BANKNIFTY,29-Sep-2026,61400.0,PE,54471.65,6283.3,300,7026.95,300,0.0,6655.125,0,0,0,0,0,,,,,,,,,,,,,,,0.002721651339104515,,,,,,13.57,30,55347.8,55390.1,54437.7,55580.4,mid_price,no_price_available
2026-09-28T10:09:30.003370+00:00,2026-09-28T15:39:30.003370+05:30,BANKNIFTY,29-Sep-2026,61500.0,CE,54471.65,0.8,690,1.5,300,0.8,1.15,5692,-1362,4822,-20,79.44,0.001843739563271492,2.6084124149483692e-06,-6.706467559387225,0.16733586922277546,0.021831069877710538,-0.00875409816016725,1.8014225544057265,3.3463801707974823e-09,2.4796784763378217e-05,-9.929832450343522e-06,-0.8067882593972362,84.13126807808928,-0.001613622571445969,2.046289559472825e-06,0.002721651339104515,54544.6,0.49173557559104303,0.006999999999999999,index_dividend_yield,0.065,13.57,30,55347.8,55390.1,54437.7,55580.4,mid_price,wide_quote_low_liquidity
2026-09-28T10:09:30.003370+00:00,2026-09-28T15:39:30.003370+05:30,BANKNIFTY,29-Sep-2026,61500.0,PE,54471.65,6908.45,30,6988.3,30,6993.2,6948.375,210,-119,204,19.808120609902346,0,,,,,,,,,,,,,,,0.002721651339104515,,,,,,13.57,30,55347.8,55390.1,54437.7,55580.4,mid_price,no_price_available
2026-09-28T10:09:30.003370+00:00,2026-09-28T15:39:30.003370+05:30,BANKNIFTY,29-Sep-2026,61600.0,CE,54471.65,0.1,1800,6,900,0.0,3.05,279,0,0,0,68.73,0.0003277556686025493,6.149040018303957e-07,-1.183449905764271,0.03412928682805092,0.006017137923544906,-0.002094604250970556,0.5826589475904954,1.0892408582127846e-09,9.602966116814307e-06,-3.333368775892051e-06,-0.2201282206199887,109.57009460790759,-0.0002871826573508332,4.808249072481806e-07,0.002721651339104515,54544.6,0.49173557559104303,0.006999999999999999,index_dividend_yield,0.065,13.57,30,55347.8,55390.1,54437.7,55580.4,mid_price,wide_quote_low_liquidity
2026-09-28T10:09:30.003370+00:00,2026-09-28T15:39:30.003370+05:30,BANKNIFTY,29-Sep-2026,61600.0,PE,54471.65,4317.4,300,7587.05,300,0.0,5952.225,0,0,0,0,0,,,,,,,,,,,,,,,0.002721651339104515,,,,,,13.57,30,55347.8,55390.1,54437.7,55580.4,mid_price,no_price_available
2026-09-28T10:09:30.003370+00:00,2026-09-28T15:39:30.003370+05:30,BANKNIFTY,29-Sep-2026,61700.0,CE,54471.65,0.1,1800,4,600,0.95,2.05,10,0,6,-17.391304347826086,79.42,0.0014279756012870798,2.0671499756967848e-06,-5.311882573577581,0.13257920769119141,0.017765625596959534,-0.007124264673852571,1.5058917546388606,2.7289312146690845e-09,2.0876693143799015e-05,-8.358510201384745e-06,-0.6708147811952876,85.82982909054412,-0.0012459955692542862,1.6111750203528137e-06,0.002721651339104515,54544.6,0.49173557559104303,0.006999999999999999,index_dividend_yield,0.065,13.57,30,55347.8,55390.1,54437.7,55580.4,mid_price,wide_quote_low_liquidity
2026-09-28T10:09:30.003370+00:00,2026-09-28T15:39:30.003370+05:30,BANKNIFTY,29-Sep-2026,61700.0,PE,54471.65,4429.7,600,7714.25,300,0.0,6071.975,0,0,0,0,0,,,,,,,,,,,,,,,0.002721651339104515,,,,,,13.57,30,55347.8,55390.1,54437.7,55580.4,mid_price,no_price_available
2026-09-28T10:09:30.003370+00:00,2026-09-28T15:39:30.003370+05:30,BANKNIFTY,29-Sep-2026,61800.0,CE,54471.65,0.6,1170,4.15,120,1.05,2.375,24,0,5,0,71.59,0.0003943364337987199,7.010029840222082e-07,-1.4636788867465016,0.04052712341968124,0.0067614058446185035,-0.002450331026291061,0.644968313008254,1.1700800956178089e-09,1.0176839044337381e-05,-3.678153999874343e-06,-0.25426787644253923,104.01037250013529,-0.0003442336057922196,5.446079514072842e-07,0.002721651339104515,54544.6,0.49173557559104303,0.006999999999999999,index_dividend_yield,0.065,13.57,30,55347.8,55390.1,54437.7,55580.4,mid_price,wide_quote_low_liquidity
2026-09-28T10:09:30.003370+00:00,2026-09-28T15:39:30.003370+05:30,BANKNIFTY,29-Sep-2026,61800.0,PE,54471.65,4525.15,300,7834.4,300,0.0,6179.775,0,0,0,0,0,,,,,,,,,,,,,,,0.002721651339104515,,,,,,13.57,30,55347.8,55390.1,54437.7,55580.4,mid_price,no_price_available
2026-09-28T10:09:30.003370+00:00,2026-09-28T15:39:30.003370+05:30,BANKNIFTY,29-Sep-2026,61900.0,CE,54471.65,0.1,1800,3,30,0.85,1.55,7,7,66,-99.92647058823529,81.65,0.001459256423308169,2.0508603913394892e-06,-5.569797481711564,0.1352277545088547,0.017593709951957567,-0.007252742195538136,1.4880005590407335,2.624368313119203e-09,2.0055133966383285e-05,-8.254331581757605e-06,-0.6816705936656571,83.37415183873121,-0.0012687352969382355,1.5881658779104506e-06,0.002721651339104515,54544.6,0.49173557559104303,0.006999999999999999,index_dividend_yield,0.065,13.57,30,55347.8,55390.1,54437.7,55580.4,mid_price,wide_quote_low_liquidity
2026-09-28T10:09:30.003370+00:00,2026-09-28T15:39:30.003370+05:30,BANKNIFTY,29-Sep-2026,61900.0,PE,54471.65,6743.15,300,7475.85,300,0.0,7109.5,0,0,0,0,0,,,,,,,,,,,,,,,0.002721651339104515,,,,,,13.57,30,55347.8,55390.1,54437.7,55580.4,mid_price,no_price_available
2026-09-28T10:09:30.003370+00:00,2026-09-28T15:39:30.003370+05:30,BANKNIFTY,29-Sep-2026,62000.0,CE,54471.65,0.5,1200,0.6,360,0.55,0.55,8102,-636,16747,-38.888888888888886,79.65,0.0009979971027835083,1.4848492490615727e-06,-3.837411530120549,0.09550842728689876,0.013217416028921862,-0.005318416947851387,1.1609293363998643,2.0291434264257684e-09,1.6184434963208937e-05,-6.499799304235694e-06,-0.5153915560080864,87.87962321997736,-0.0008668378459539298,1.1461462717286427e-06,0.002721651339104515,54544.6,0.49173557559104303,0.006999999999999999,index_dividend_yield,0.065,13.57,30,55347.8,55390.1,54437.7,55580.4,mid_price,wide_quote_low_liquidity
2026-09-28T10:09:30.003370+00:00,2026-09-28T15:39:30.003370+05:30,BANKNIFTY,29-Sep-2026,62000.0,PE,54471.65,7445.1,60,7475.65,30,7483.3,7460.375,1850,-168,846,17.880659084464888,0,,,,,,,,,,,,,,,0.002721651339104515,,,,,,13.57,30,55347.8,55390.1,54437.7,55580.4,mid_price,no_price_available
2026-09-28T10:09:30.003370+00:00,2026-09-28T15:39:30.003370+05:30,BANKNIFTY,29-Sep-2026,62100.0,CE,54471.65,0.6,600,4,900,0.75,2.3,4,2,16,-40,81.51,0.001116936323913277,1.6087977565858256e-06,-4.354057154994925,0.10589754571875361,0.014171598312038364,-0.005834202664887243,1.2312111182219003,2.1216178922214774e-09,1.673077659075924e-05,-6.8752023944411795e-06,-0.5603601517669623,85.19695972931696,-0.0009682325040784128,1.2378251801905116e-06,0.002721651339104515,54544.6,0.49173557559104303,0.006999999999999999,index_dividend_yield,0.065,13.57,30,55347.8,55390.1,54437.7,55580.4,mid_price,wide_quote_low_liquidity
2026-09-28T10:09:30.003370+00:00,2026-09-28T15:39:30.003370+05:30,BANKNIFTY,29-Sep-2026,62100.0,PE,54471.65,6612.2,570,8213.05,300,0.0,7412.625,0,0,0,0,0,,,,,,,,,,,,,,,0.002721651339104515,,,,,,13.57,30,55347.8,55390.1,54437.7,55580.4,mid_price,no_price_available
2026-09-28T10:09:30.003370+00:00,2026-09-28T15:39:30.003370+05:30,BANKNIFTY,29-Sep-2026,62200.0,CE,54471.65,0.1,1800,4.55,600,1.1,2.3249999999999997,2,1,9,-4.3478260869565215,85.16,0.0015354200773525306,2.0597498468583922e-06,-6.084714940711393,0.14165231675764572,0.01758914957042119,-0.007561336059345451,1.4797995040521927,2.5090344278096295e-09,1.9098848875425287e-05,-8.197577935301801e-06,-0.7076454009837291,79.66682852603118,-0.001327765788798088,1.5797005567842462e-06,0.002721651339104515,54544.6,0.49173557559104303,0.006999999999999999,index_dividend_yield,0.065,13.57,30,55347.8,55390.1,54437.7,55580.4,mid_price,wide_quote_low_liquidity
2026-09-28T10:09:30.003370+00:00,2026-09-28T15:39:30.003370+05:30,BANKNIFTY,29-Sep-2026,62200.0,PE,54471.65,4923.9,300,7968.3,300,0.0,6446.1,0,0,0,0,0,,,,,,,,,,,,,,,0.002721651339104515,,,,,,13.57,30,55347.8,55390.1,54437.7,55580.4,mid_price,no_price_available
2026-09-28T10:09:30.003370+00:00,2026-09-28T15:39:30.003370+05:30,BANKNIFTY,29-Sep-2026,62300.0,CE,54471.65,0.1,1920,5.95,30,1.75,3.025,32,20,24,40,89.79,0.0022568287844254805,2.7725070499526353e-06,-9.10469366612493,0.2010361601951733,0.022743568691762066,-0.010303056281509893,1.8354262260878855,3.0604820877414716e-09,2.222469941643178e-05,-1.0055730725153788e-05,-0.9328593332769823,73.3477757113116,-0.0019463427943099297,2.1195205281717424e-06,0.002721651339104515,54544.6,0.49173557559104303,0.006999999999999999,index_dividend_yield,0.065,13.57,30,55347.8,55390.1,54437.7,55580.4,mid_price,wide_quote_low_liquidity
2026-09-28T10:09:30.003370+00:00,2026-09-28T15:39:30.003370+05:30,BANKNIFTY,29-Sep-2026,62300.0,PE,54471.65,7114.6,300,8468.3,870,0.0,7791.45,0,0,0,0,0,,,,,,,,,,,,,,,0.002721651339104515,,,,,,13.57,30,55347.8,55390.1,54437.7,55580.4,mid_price,no_price_available
2026-09-28T10:09:30.003370+00:00,2026-09-28T15:39:30.003370+05:30,BANKNIFTY,29-Sep-2026,62400.0,CE,54471.65,0.1,1800,6.35,600,0.0,3.2249999999999996,0,0,0,0,0,,,,,,,,,,,,,,,0.002721651339104515,54544.6,0.49173557559104303,0.006999999999999999,index_dividend_yield,0.065,13.57,30,55347.8,55390.1,54437.7,55580.4,mid_price,no_nse_iv
2026-09-28T10:09:30.003370+00:00,2026-09-28T15:39:30.003370+05:30,BANKNIFTY,29-Sep-2026,62400.0,PE,54471.65,5132.45,300,8604.75,570,0.0,6868.6,0,0,0,0,0,,,,,,,,,,,,,,,0.002721651339104515,,,,,,13.57,30,55347.8,55390.1,54437.7,55580.4,mid_price,no_price_available
2026-09-28T10:09:30.003370+00:00,2026-09-28T15:39:30.003370+05:30,BANKNIFTY,29-Sep-2026,62500.0,CE,54471.65,0.8,330,1.9,120,0.8,1.35,788,-19,303,-33.333333333333336,85.61,0.0011347481566867902,1.55411582392616e-06,-4.639362112954762,0.10744381722186766,0.013678394558995543,-0.005913621602005492,1.186518060279973,1.9442829912943967e-09,1.534693386291956e-05,-6.622854373485801e-06,-0.567241505021911,81.06797271395068,-0.000976786208640949,1.1804956989647945e-06,0.002721651339104515,54544.6,0.49173557559104303,0.006999999999999999,index_dividend_yield,0.065,13.57,30,55347.8,55390.1,54437.7,55580.4,mid_price,wide_quote_low_liquidity
2026-09-28T10:09:30.003370+00:00,2026-09-28T15:39:30.003370+05:30,BANKNIFTY,29-Sep-2026,62500.0,PE,54471.65,7772.95,300,8891.95,300,0.0,8332.45,100,0,0,0,0,,,,,,,,,,,,,,,0.002721651339104515,54544.6,0.49173557559104303,0.006999999999999999,index_dividend_yield,0.065,13.57,30,55347.8,55390.1,54437.7,55580.4,mid_price,no_nse_iv
2026-09-28T10:09:30.003370+00:00,2026-09-28T15:39:30.003370+05:30,BANKNIFTY,29-Sep-2026,62600.0,CE,54471.65,0.15,3000,4.55,600,0.0,2.35,1,0,0,0,27.15,0.0,7.12640739148857e-25,-2.1351506101769644e-19,1.56247842640365e-20,0.0,-0.0,5.642326733318981e-18,3.8554293116885797e-26,2.545620278988857e-22,-6.895413130396804e-23,-1.5887000087771302e-18,,-0.0,5.395889417678621e-25,0.002721651339104515,54544.6,0.49173557559104303,0.006999999999999999,index_dividend_yield,0.065,13.57,30,55347.8,55390.1,54437.7,55580.4,mid_price,wide_quote_low_liquidity
2026-09-28T10:09:30.003370+00:00,2026-09-28T15:39:30.003370+05:30,BANKNIFTY,29-Sep-2026,62600.0,PE,54471.65,5341.4,300,8860.1,300,0.0,7100.75,0,0,0,0,0,,,,,,,,,,,,,,,0.002721651339104515,,,,,,13.57,30,55347.8,55390.1,54437.7,55580.4,mid_price,no_price_available
2026-09-28T10:09:30.003370+00:00,2026-09-28T15:39:30.003370+05:30,BANKNIFTY,29-Sep-2026,62700.0,CE,54471.65,0.3,4800,2.95,8310,1.4,1.625,325,0,2,-17.647058823529413,91.75,0.001796370292178079,2.205616410006393e-06,-7.56206704149508,0.16342165604036057,0.018551125829727937,-0.008588958804541804,1.5350654733752855,2.444100756589056e-09,1.8313984893758894e-05,-8.466965592605337e-06,-0.7931776810453137,73.11863904839326,-0.001539282306384915,1.6646999404713577e-06,0.002721651339104515,54544.6,0.49173557559104303,0.006999999999999999,index_dividend_yield,0.065,13.57,30,55347.8,55390.1,54437.7,55580.4,mid_price,wide_quote_low_liquidity
2026-09-28T10:09:30.003370+00:00,2026-09-28T15:39:30.003370+05:30,BANKNIFTY,29-Sep-2026,62700.0,PE,54471.65,7481.5,300,8328.25,300,0.0,7904.875,0,0,0,0,0,,,,,,,,,,,,,,,0.002721651339104515,,,,,,13.57,30,55347.8,55390.1,54437.7,55580.4,mid_price,no_price_available
2026-09-28T10:09:30.003370+00:00,2026-09-28T15:39:30.003370+05:30,BANKNIFTY,29-Sep-2026,62800.0,CE,54471.65,0.15,3000,5.8,600,0.0,2.975,0,0,0,0,0,,,,,,,,,,,,,,,0.002721651339104515,54544.6,0.49173557559104303,0.006999999999999999,index_dividend_yield,0.065,13.57,30,55347.8,55390.1,54437.7,55580.4,mid_price,no_nse_iv
2026-09-28T10:09:30.003370+00:00,2026-09-28T15:39:30.003370+05:30,BANKNIFTY,29-Sep-2026,62800.0,PE,54471.65,5537,300,9125,300,0.0,7331.0,0,0,0,0,0,,,,,,,,,,,,,,,0.002721651339104515,,,,,,13.57,30,55347.8,55390.1,54437.7,55580.4,mid_price,no_price_available
2026-09-28T10:09:30.003370+00:00,2026-09-28T15:39:30.003370+05:30,BANKNIFTY,29-Sep-2026,62900.0,CE,54471.65,0.15,3000,5.8,600,0.0,2.975,0,0,0,0,0,,,,,,,,,,,,,,,0.002721651339104515,54544.6,0.49173557559104303,0.006999999999999999,index_dividend_yield,0.065,13.57,30,55347.8,55390.1,54437.7,55580.4,mid_price,no_nse_iv
2026-09-28T10:09:30.003370+00:00,2026-09-28T15:39:30.003370+05:30,BANKNIFTY,29-Sep-2026,62900.0,PE,54471.65,7664.75,300,8525.2,300,0.0,8094.975,0,0,0,0,0,,,,,,,,,,,,,,,0.002721651339104515,,,,,,13.57,30,55347.8,55390.1,54437.7,55580.4,mid_price,no_price_available
2026-09-28T10:09:30.003370+00:00,2026-09-28T15:39:30.003370+05:30,BANKNIFTY,29-Sep-2026,63000.0,CE,54471.65,0.4,5070,1,5400,0.4,0.7,5753,-838,5816,-27.272727272727273,89.14,0.0009638500174671412,1.2850356995647611e-06,-4.158516247359892,0.09250418317443682,0.011494532395240545,-0.005175259277921917,1.0129755040111237,1.5673722239699079e-09,1.2630264124046366e-05,-5.675307020129956e-06,-0.5028218459201221,78.8208549140174,-0.0008228000269897533,9.6067204998169e-07,0.002721651339104515,54544.6,0.49173557559104303,0.006999999999999999,index_dividend_yield,0.065,13.57,30,55347.8,55390.1,54437.7,55580.4,mid_price,wide_quote_low_liquidity
2026-09-28T10:09:30.003370+00:00,2026-09-28T15:39:30.003370+05:30,BANKNIFTY,29-Sep-2026,63000.0,PE,54471.65,8442.05,30,8478.8,30,8502.95,8460.425,1422,-73,216,15.829802885204812,0,,,,,,,,,,,,,,,0.002721651339104515,,,,,,13.57,30,55347.8,55390.1,54437.7,55580.4,mid_price,no_price_available
2026-09-28T10:09:30.003370+00:00,2026-09-28T15:39:30.003370+05:30,BANKNIFTY,29-Sep-2026,63100.0,CE,54471.65,0.45,600,9.35,600,0.0,4.8999999999999995,31,0,0,0,83.77,0.00042020622127907466,6.354601452794087e-07,-1.816114333235659,0.04298831109110599,0.006108865021475621,-0.002589259854924316,0.5796664929634647,8.940390931238356e-10,7.810106808540782e-06,-3.301443056346134e-06,-0.2674669813343684,88.6643410834114,-0.0003586556124667966,4.7355525530673345e-07,0.002721651339104515,54544.6,0.49173557559104303,0.006999999999999999,index_dividend_yield,0.065,13.57,30,55347.8,55390.1,54437.7,55580.4,mid_price,wide_quote_low_liquidity
2026-09-28T10:09:30.003370+00:00,2026-09-28T15:39:30.003370+05:30,BANKNIFTY,29-Sep-2026,63100.0,PE,54471.65,5840.2,570,9523.1,570,0.0,7681.65,0,0,0,0,0,,,,,,,,,,,,,,,0.002721651339104515,,,,,,13.57,30,55347.8,55390.1,54437.7,55580.4,mid_price,no_price_available
2026-09-28T10:09:30.003370+00:00,2026-09-28T15:39:30.003370+05:30,BANKNIFTY,29-Sep-2026,63200.0,CE,54471.65,0.7,60,5.15,600,0.8,2.9250000000000003,60,26,40,-23.80952380952381,91.92,0.0010630472752896467,1.363377598399024e-06,-4.6913133941060385,0.10120447572676555,0.012088070061063338,-0.005610998398381612,1.0552783397761722,1.5948609129552034e-09,1.273293558051386e-05,-5.899034941376121e-06,-0.5409623706332866,75.9278843995241,-0.0009041660632397933,1.012798521404888e-06,0.002721651339104515,54544.6,0.49173557559104303,0.006999999999999999,index_dividend_yield,0.065,13.57,30,55347.8,55390.1,54437.7,55580.4,mid_price,wide_quote_low_liquidity
2026-09-28T10:09:30.003370+00:00,2026-09-28T15:39:30.003370+05:30,BANKNIFTY,29-Sep-2026,63200.0,PE,54471.65,5935.3,300,9661.75,300,0.0,7798.525,0,0,0,0,0,,,,,,,,,,,,,,,0.002721651339104515,,,,,,13.57,30,55347.8,55390.1,54437.7,55580.4,mid_price,no_price_available
2026-09-28T10:09:30.003370+00:00,2026-09-28T15:39:30.003370+05:30,BANKNIFTY,29-Sep-2026,63300.0,CE,54471.65,0.1,600,1.7,60,0.0,0.9,18,0,0,0,45.2,1.0670044735557818e-10,5.401034559956681e-13,-4.4942980782967836e-07,1.9714644081869987e-08,9.795422148725873e-09,-2.5289083193198057e-09,1.7678712763893106e-06,3.4444598800960746e-15,4.7233568238151734e-11,-1.2023957137403137e-11,-4.678381813863344e-07,282.815083688982,-9.149444493468317e-11,3.999545092502879e-13,0.002721651339104515,54544.6,0.49173557559104303,0.006999999999999999,index_dividend_yield,0.065,13.57,30,55347.8,55390.1,54437.7,55580.4,mid_price,wide_quote_low_liquidity
2026-09-28T10:09:30.003370+00:00,2026-09-28T15:39:30.003370+05:30,BANKNIFTY,29-Sep-2026,63300.0,PE,54471.65,6160.6,870,9793.4,300,0.0,7977.0,0,0,0,0,0,,,,,,,,,,,,,,,0.002721651339104515,,,,,,13.57,30,55347.8,55390.1,54437.7,55580.4,mid_price,no_price_available
2026-09-28T10:09:30.003370+00:00,2026-09-28T15:39:30.003370+05:30,BANKNIFTY,29-Sep-2026,63400.0,CE,54471.65,0.4,600,6.35,600,0.0,3.375,1,0,0,0,29.2,0.0,1.5915771032016918e-25,-5.515839070927291e-20,3.753047698418567e-21,0.0,-0.0,1.2956929414262297e-18,7.141336806088068e-27,5.437212155469775e-23,-1.650082304164606e-23,-4.0884003206709653e-19,,-0.0,1.1748711197209913e-25,0.002721651339104515,54544.6,0.49173557559104303,0.006999999999999999,index_dividend_yield,0.065,13.57,30,55347.8,55390.1,54437.7,55580.4,mid_price,wide_quote_low_liquidity
2026-09-28T10:09:30.003370+00:00,2026-09-28T15:39:30.003370+05:30,BANKNIFTY,29-Sep-2026,63400.0,PE,54471.65,6238.75,300,9930.35,300,0.0,8084.55,0,0,0,0,0,,,,,,,,,,,,,,,0.002721651339104515,,,,,,13.57,30,55347.8,55390.1,54437.7,55580.4,mid_price,no_price_available
2026-09-28T10:09:30.003370+00:00,2026-09-28T15:39:30.003370+05:30,BANKNIFTY,29-Sep-2026,63500.0,CE,54471.65,0.45,150,1.45,60,0.45,0.95,1021,89,820,-59.09090909090909,93.01,0.0008649793999501725,1.1149765264387841e-06,-3.9278927481704136,0.08374693442751627,0.010080859164577195,-0.004736290342524426,0.8975334573447652,1.3152744587722774e-09,1.0750630949469428e-05,-5.0403819651077135e-06,-0.4640178929109645,76.16354804005093,-0.000732255555354427,8.204636317374535e-07,0.002721651339104515,54544.6,0.49173557559104303,0.006999999999999999,index_dividend_yield,0.065,13.57,30,55347.8,55390.1,54437.7,55580.4,mid_price,wide_quote_low_liquidity
2026-09-28T10:09:30.003370+00:00,2026-09-28T15:39:30.003370+05:30,BANKNIFTY,29-Sep-2026,63500.0,PE,54471.65,6356.95,300,10005.65,300,0.0,8181.299999999999,3,0,0,0,0,,,,,,,,,,,,,,,0.002721651339104515,,,,,,13.57,30,55347.8,55390.1,54437.7,55580.4,mid_price,no_price_available
2026-09-28T10:09:30.003370+00:00,2026-09-28T15:39:30.003370+05:30,BANKNIFTY,29-Sep-2026,63600.0,CE,54471.65,0.1,600,6.35,600,0.0,3.2249999999999996,0,0,0,0,0,,,,,,,,,,,,,,,0.002721651339104515,54544.6,0.49173557559104303,0.006999999999999999,index_dividend_yield,0.065,13.57,30,55347.8,55390.1,54437.7,55580.4,mid_price,no_nse_iv
2026-09-28T10:09:30.003370+00:00,2026-09-28T15:39:30.003370+05:30,BANKNIFTY,29-Sep-2026,63600.0,PE,54471.65,6335.25,300,9845.75,300,0.0,8090.5,0,0,0,0,0,,,,,,,,,,,,,,,0.002721651339104515,,,,,,13.57,30,55347.8,55390.1,54437.7,55580.4,mid_price,no_price_available
2026-09-28T10:09:30.003370+00:00,2026-09-28T15:39:30.003370+05:30,BANKNIFTY,29-Sep-2026,63700.0,CE,54471.65,0.1,600,6.35,600,0.0,3.2249999999999996,1,0,0,0,46.2,4.748894064250166e-11,2.39546429805125e-13,-2.0823157767030813e-07,8.937277193655743e-09,4.4290671085764305e-09,-1.181712123368819e-09,8.148854872362996e-07,1.522931603254952e-15,2.1321032427480755e-11,-5.605992850012536e-12,-2.226559595100766e-07,281.5987115142053,-4.046491096680625e-11,1.7516684154222329e-13,0.002721651339104515,54544.6,0.49173557559104303,0.006999999999999999,index_dividend_yield,0.065,13.57,30,55347.8,55390.1,54437.7,55580.4,mid_price,wide_quote_low_liquidity
2026-09-28T10:09:30.003370+00:00,2026-09-28T15:39:30.003370+05:30,BANKNIFTY,29-Sep-2026,63700.0,PE,54471.65,8407.7,300,9345.15,300,0.0,8876.425,0,0,0,0,0,,,,,,,,,,,,,,,0.002721651339104515,,,,,,13.57,30,55347.8,55390.1,54437.7,55580.4,mid_price,no_price_available
2026-09-28T10:09:30.003370+00:00,2026-09-28T15:39:30.003370+05:30,BANKNIFTY,29-Sep-2026,63800.0,CE,54471.65,0.5,60,6.35,600,1,3.425,30,0,1,0,99.06,0.0012233682529003717,1.4388382913935777e-06,-5.749295108283165,0.1151022625546725,0.012599884459143368,-0.006300609684935807,1.0848581722877129,1.5351943572878763e-09,1.2108769595986148e-05,-6.044055503375491e-06,-0.6006145393934563,69.80182071445871,-0.001029532920744817,1.0488459147640882e-06,0.002721651339104515,54544.6,0.49173557559104303,0.006999999999999999,index_dividend_yield,0.065,13.57,30,55347.8,55390.1,54437.7,55580.4,mid_price,wide_quote_low_liquidity
2026-09-28T10:09:30.003370+00:00,2026-09-28T15:39:30.003370+05:30,BANKNIFTY,29-Sep-2026,63800.0,PE,54471.65,6532.6,900,10358.65,120,0.0,8445.625,0,0,0,0,0,,,,,,,,,,,,,,,0.002721651339104515,,,,,,13.57,30,55347.8,55390.1,54437.7,55580.4,mid_price,no_price_available
2026-09-28T10:09:30.003370+00:00,2026-09-28T15:39:30.003370+05:30,BANKNIFTY,29-Sep-2026,63900.0,CE,54471.65,0.3,600,5.3,600,0.75,2.8,98,28,114,50,95.23,0.0007230946480325411,9.233889588169409e-07,-3.4098593575449287,0.07101204367559683,0.008488709153017197,-0.0040845874771723995,0.7683741796354268,1.0814951781739281e-09,9.021707771514833e-06,-4.331247679038765e-06,-0.40563545558754255,75.3438361721137,-0.0006082219062090626,6.710023208905285e-07,0.002721651339104515,54544.6,0.49173557559104303,0.006999999999999999,index_dividend_yield,0.065,13.57,30,55347.8,55390.1,54437.7,55580.4,mid_price,wide_quote_low_liquidity
2026-09-28T10:09:30.003370+00:00,2026-09-28T15:39:30.003370+05:30,BANKNIFTY,29-Sep-2026,63900.0,PE,54471.65,6633.7,420,10166.15,300,0.0,8399.925,0,0,0,0,0,,,,,,,,,,,,,,,0.002721651339104515,,,,,,13.57,30,55347.8,55390.1,54437.7,55580.4,mid_price,no_price_available
2026-09-28T10:09:30.003370+00:00,2026-09-28T15:39:30.003370+05:30,BANKNIFTY,29-Sep-2026,64000.0,CE,54471.65,0.45,960,0.85,810,0.45,0.65,1077,-111,380,-10,94.62,0.0006022709839677132,7.850657487967663e-07,-2.8620046524896106,0.059987743219910364,0.007333600598059776,-0.003507460929701372,0.6747647475633424,9.416688867820932e-10,8.000982895802332e-06,-3.817410905764067e-06,-0.35307229913177546,76.77134483214512,-0.0005059275672347532,5.68705127054433e-07,0.002721651339104515,54544.6,0.49173557559104303,0.006999999999999999,index_dividend_yield,0.065,13.57,30,55347.8,55390.1,54437.7,55580.4,mid_price,wide_quote_low_liquidity
2026-09-28T10:09:30.003370+00:00,2026-09-28T15:39:30.003370+05:30,BANKNIFTY,29-Sep-2026,64000.0,PE,54471.65,9413.4,30,9467.4,30,9440,9440.4,74,-29,39,12.693542803251876,0,,,,,,,,,,,,,,,0.002721651339104515,,,,,,13.57,30,55347.8,55390.1,54437.7,55580.4,mid_price,no_price_available
2026-09-28T10:09:30.003370+00:00,2026-09-28T15:39:30.003370+05:30,BANKNIFTY,29-Sep-2026,64100.0,CE,54471.65,0.3,600,6.35,600,0.0,3.3249999999999997,5,0,0,0,40.29,5.551009366733839e-15,3.816460906767242e-17,-2.5229086644312724e-11,1.2417427568426657e-12,8.604064518437453e-13,-2.279850220168367e-13,1.8502971473547842e-10,4.1303264255959953e-19,5.591151090687824e-15,-1.4817386563348721e-15,-5.088580483561425e-11,-11467.940901970635,-4.717613200442381e-15,2.7560419291789688e-17,0.002721651339104515,54544.6,0.49173557559104303,0.006999999999999999,index_dividend_yield,0.065,13.57,30,55347.8,55390.1,54437.7,55580.4,mid_price,wide_quote_low_liquidity
2026-09-28T10:09:30.003370+00:00,2026-09-28T15:39:30.003370+05:30,BANKNIFTY,29-Sep-2026,64100.0,PE,54471.65,6834.4,300,10904.55,300,0.0,8869.474999999999,0,0,0,0,0,,,,,,,,,,,,,,,0.002721651339104515,,,,,,13.57,30,55347.8,55390.1,54437.7,55580.4,mid_price,no_price_available
2026-09-28T10:09:30.003370+00:00,2026-09-28T15:39:30.003370+05:30,BANKNIFTY,29-Sep-2026,64200.0,CE,54471.65,0.6,480,3.05,120,0.6,1.825,235,-183,255,-29.41176470588235,99.67,0.0008704967263130312,1.0465744312512664e-06,-4.233296818108238,0.0842380157733686,0.009467187264207269,-0.0047658113111669525,0.8423942321248503,1.1483956871634305e-09,9.415852390545797e-06,-4.729956190968288e-06,-0.46664090630539334,71.10550630487089,-0.0007282014540889643,7.534269061831605e-07,0.002721651339104515,54544.6,0.49173557559104303,0.006999999999999999,index_dividend_yield,0.065,13.57,30,55347.8,55390.1,54437.7,55580.4,mid_price,wide_quote_low_liquidity
2026-09-28T10:09:30.003370+00:00,2026-09-28T15:39:30.003370+05:30,BANKNIFTY,29-Sep-2026,64200.0,PE,54471.65,6931.5,570,10792.9,300,0.0,8862.2,0,0,0,0,0,,,,,,,,,,,,,,,0.002721651339104515,,,,,,13.57,30,55347.8,55390.1,54437.7,55580.4,mid_price,no_price_available
2026-09-28T10:09:30.003370+00:00,2026-09-28T15:39:30.003370+05:30,BANKNIFTY,29-Sep-2026,64500.0,CE,54471.65,0.25,3720,0.4,1560,0.4,0.325,1974,16,2064,14.285714285714286,97.95,0.0005221496398392298,6.646077095229047e-07,-2.5961981013870505,0.0525706522104121,0.006288146826070471,-0.0031140315550898423,0.5858113658193456,7.791308717564915e-10,6.72739256940077e-06,-3.3230699519577634e-06,-0.31671606074515024,74.90115001144964,-0.0004350793887861394,4.740094575703373e-07,0.002721651339104515,54544.6,0.49173557559104303,0.006999999999999999,index_dividend_yield,0.065,13.57,30,55347.8,55390.1,54437.7,55580.4,mid_price,wide_quote_low_liquidity
2026-09-28T10:09:30.003370+00:00,2026-09-28T15:39:30.003370+05:30,BANKNIFTY,29-Sep-2026,64500.0,PE,54471.65,7482.4,330,10099.75,300,9945.95,8791.075,9,-9,12,24.324375,0,,,,,,,,,,,,,,,0.002721651339104515,,,,,,13.57,30,55347.8,55390.1,54437.7,55580.4,mid_price,no_price_available
2026-09-28T10:09:30.003370+00:00,2026-09-28T15:39:30.003370+05:30,BANKNIFTY,29-Sep-2026,65000.0,CE,54471.65,0.4,240,0.65,60,0.7,0.525,3257,-209,3012,75,105.9,0.000767491579968906,8.772149700988821e-07,-4.00520849390968,0.07501973824869244,0.0080350114271357,-0.004298218398884819,0.723360804000095,9.150526693084377e-10,7.629983171279976e-06,-4.072411483588573e-06,-0.4248821596252969,67.5695823225662,-0.0006336586844138336,6.160562708008912e-07,0.002721651339104515,54544.6,0.49173557559104303,0.006999999999999999,index_dividend_yield,0.065,13.57,30,55347.8,55390.1,54437.7,55580.4,mid_price,wide_quote_low_liquidity
2026-09-28T10:09:30.003370+00:00,2026-09-28T15:39:30.003370+05:30,BANKNIFTY,29-Sep-2026,65000.0,PE,54471.65,10418.25,30,10489.35,30,10500,10453.8,1563,-152,528,12.230446516847929,0,,,,,,,,,,,,,,,0.002721651339104515,,,,,,13.57,30,55347.8,55390.1,54437.7,55580.4,mid_price,no_price_available
2026-09-28T10:09:30.003370+00:00,2026-09-28T15:39:30.003370+05:30,BANKNIFTY,29-Sep-2026,65500.0,CE,54471.65,0.35,720,0.4,1170,0.35,0.375,1586,-9,1988,40,101.08,0.0002632083817851015,3.408918829160399e-07,-1.4179253501904558,0.02782629874131011,0.0034096532485613173,-0.0017452893271289944,0.3359243724047351,4.1015165930264107e-10,3.778047243760155e-06,-1.9277994193546105e-06,-0.18606432890730393,75.82009737658144,-0.00021600453888691084,2.3576271363250426e-07,0.002721651339104515,54544.6,0.49173557559104303,0.006999999999999999,index_dividend_yield,0.065,13.57,30,55347.8,55390.1,54437.7,55580.4,mid_price,ok
2026-09-28T10:09:30.003370+00:00,2026-09-28T15:39:30.003370+05:30,BANKNIFTY,29-Sep-2026,65500.0,PE,54471.65,9387.6,300,12221.55,300,0.0,10804.575,0,0,0,0,0,,,,,,,,,,,,,,,0.002721651339104515,,,,,,13.57,30,55347.8,55390.1,54437.7,55580.4,mid_price,no_price_available
2026-09-28T10:09:30.003370+00:00,2026-09-28T15:39:30.003370+05:30,BANKNIFTY,29-Sep-2026,66000.0,CE,54471.65,0.2,1740,0.35,2400,0.35,0.275,2176,-65,10079,40,109.1,0.000416389273583886,4.838114283539244e-07,-2.344234663342873,0.04262598456250913,0.0046726494643986,-0.002578296725041035,0.44372204991340036,5.173929757261942e-10,4.5928422914149645e-06,-2.5272428328098076e-06,-0.2664293627739242,68.33903542368296,-0.0003386290209848085,3.295560684189733e-07,0.002721651339104515,54544.6,0.49173557559104303,0.006999999999999999,index_dividend_yield,0.065,13.57,30,55347.8,55390.1,54437.7,55580.4,mid_price,wide_quote_low_liquidity
2026-09-28T10:09:30.003370+00:00,2026-09-28T15:39:30.003370+05:30,BANKNIFTY,29-Sep-2026,66000.0,PE,54471.65,11413.2,30,11468.5,30,11425.95,11440.85,181,-76,106,10.650093935813755,0,,,,,,,,,,,,,,,0.002721651339104515,,,,,,13.57,30,55347.8,55390.1,54437.7,55580.4,mid_price,no_price_available
2026-09-28T10:09:30.003370+00:00,2026-09-28T15:39:30.003370+05:30,BANKNIFTY,29-Sep-2026,67500.0,CE,54471.65,0.4,600,1.5,150,1.3,0.95,950,-1089,1552,550,129.7,0.0008647143529613506,7.993426733242732e-07,-5.47284771516667,0.0837233359820046,0.007270772907194277,-0.004761092491741386,0.6473612732622452,6.683605147736654e-10,5.564325498580716e-06,-3.635661290793123e-06,-0.4662261342288817,54.88651012784187,-0.0006850998397320159,5.205548705907581e-07,0.002721651339104515,54544.6,0.49173557559104303,0.006999999999999999,index_dividend_yield,0.065,13.57,30,55347.8,55390.1,54437.7,55580.4,mid_price,wide_quote_low_liquidity
2026-09-28T10:09:30.003370+00:00,2026-09-28T15:39:30.003370+05:30,BANKNIFTY,29-Sep-2026,67500.0,PE,54471.65,10196.05,300,13080.05,30,0.0,11638.05,43,0,0,0,0,,,,,,,,,,,,,,,0.002721651339104515,,,,,,13.57,30,55347.8,55390.1,54437.7,55580.4,mid_price,no_price_available
2026-09-28T10:09:30.003370+00:00,2026-09-28T15:39:30.003370+05:30,BANKNIFTY,29-Sep-2026,69000.0,CE,54471.65,0.8,90,1.25,60,0.6,1.025,561,-275,732,100,137.47,0.0005598489853690332,5.050859870153176e-07,-3.884455304798296,0.05607209751840892,0.004780097373539209,-0.003320306841170746,0.44264042733959535,4.142210075201833e-10,3.6197926500590503e-06,-2.5078532664370697e-06,-0.33583772206573276,53.39513738218366,-0.00043369219919065974,3.147807745050294e-07,0.002721651339104515,54544.6,0.49173557559104303,0.006999999999999999,index_dividend_yield,0.065,13.57,30,55347.8,55390.1,54437.7,55580.4,mid_price,wide_quote_low_liquidity
2026-09-28T10:09:30.003370+00:00,2026-09-28T15:39:30.003370+05:30,BANKNIFTY,29-Sep-2026,69000.0,PE,54471.65,13897.9,450,14740.5,300,14350,14319.2,32,-22,40,5.280147905768765,0,,,,,,,,,,,,,,,0.002721651339104515,,,,,,13.57,30,55347.8,55390.1,54437.7,55580.4,mid_price,no_price_available
