fetch_ts_utc,fetch_ts_ist,symbol,expiry_date,strike,option_type,underlying_value,bid_price,bid_qty,ask_price,ask_qty,ltp,mid_price,open_interest,change_in_oi,total_traded_volume,pchange_vs_prev_close,nse_iv,delta,gamma,theta,vega,vanna,charm,vomma,speed,zomma,color,veta,omega,dual_delta,dual_gamma,time_to_expiry_years,futures_price,implied_cost_of_carry,dividend_yield_used,dividend_yield_source,risk_free_rate_used,india_vix,lot_size,underlying_day_open,underlying_day_high,underlying_day_low,underlying_prev_close,price_source_for_iv,data_quality_flag
2026-10-05T10:50:33.431255+00:00,2026-10-05T16:20:33.431255+05:30,BANKNIFTY,27-Oct-2026,47000.0,CE,54714.1,7810.15,30,7872,30,7865,7841.075,592,10,57,5.85464333781965,0,,,,,,,,,,,,,,,0.06017778312864663,54925,0.06393011186124885,0.0073,index_dividend_yield,0.065,14.67,30,54840.65,55192.65,54370.6,54450.75,mid_price,no_nse_iv
2026-10-05T10:50:33.431255+00:00,2026-10-05T16:20:33.431255+05:30,BANKNIFTY,27-Oct-2026,47000.0,PE,54714.1,17.4,360,17.65,30,17.4,17.525,5459,1347,13270,-28.834355828220858,29.18,-0.013637975365761444,8.907721646993186e-06,-2.989001806052998,4.6825953511068255,-0.25535168626122234,0.0016185002005980782,75.65354504529687,-5.1941679706383e-09,0.00011338914895396034,-7.094823203737778e-07,-0.5860926737385492,-38.914190397648184,0.016284357522886855,1.2071727999386745e-05,0.06017778312864663,54925,0.06393011186124885,0.0073,index_dividend_yield,0.065,14.67,30,54840.65,55192.65,54370.6,54450.75,mid_price,ok
2026-10-05T10:50:33.431255+00:00,2026-10-05T16:20:33.431255+05:30,BANKNIFTY,27-Oct-2026,47500.0,CE,54714.1,7018.8,60,7618.15,60,0.0,7318.475,0,0,0,0,0,,,,,,,,,,,,,,,0.06017778312864663,54925,0.06393011186124885,0.0073,index_dividend_yield,0.065,14.67,30,54840.65,55192.65,54370.6,54450.75,mid_price,no_nse_iv
2026-10-05T10:50:33.431255+00:00,2026-10-05T16:20:33.431255+05:30,BANKNIFTY,27-Oct-2026,47500.0,PE,54714.1,19.85,120,19.9,600,19.8,19.875,1057,450,3699,-27.47252747252747,27.97,-0.015945184562755177,1.0630273775720322e-05,-3.2685878643044375,5.3563829696318965,-0.2963409669275753,0.001794180783843859,85.34078123959743,-6.282434258267652e-09,0.00013136137239273295,-7.835388798824511e-07,-0.638599729045418,-39.88925165856418,0.01882731870049381,1.4104436829921227e-05,0.06017778312864663,54925,0.06393011186124885,0.0073,index_dividend_yield,0.065,14.67,30,54840.65,55192.65,54370.6,54450.75,mid_price,ok
2026-10-05T10:50:33.431255+00:00,2026-10-05T16:20:33.431255+05:30,BANKNIFTY,27-Oct-2026,48000.0,CE,54714.1,6854.4,60,6986.8,30,6851.05,6920.6,597,0,19,2.5115214268613837,0,,,,,,,,,,,,,,,0.06017778312864663,54925,0.06393011186124885,0.0073,index_dividend_yield,0.065,14.67,30,54840.65,55192.65,54370.6,54450.75,mid_price,no_nse_iv
2026-10-05T10:50:33.431255+00:00,2026-10-05T16:20:33.431255+05:30,BANKNIFTY,27-Oct-2026,48000.0,PE,54714.1,23.2,540,24,30,23.2,23.6,9946,306,13195,-28.395061728395063,26.86,-0.019097481248218993,1.2912917009074817e-05,-3.650671357562484,6.248346032705646,-0.34778832123620423,0.0020140477182790696,96.74770704243896,-7.67358711595533e-09,0.00015186573359624118,-8.640458888378199e-07,-0.7024723155116507,-40.65979556321833,0.022304169583241894,1.6778008295096734e-05,0.06017778312864663,54925,0.06393011186124885,0.0073,index_dividend_yield,0.065,14.67,30,54840.65,55192.65,54370.6,54450.75,mid_price,ok
2026-10-05T10:50:33.431255+00:00,2026-10-05T16:20:33.431255+05:30,BANKNIFTY,27-Oct-2026,48500.0,CE,54714.1,6142.1,30,6563.7,60,0.0,6352.9,51,0,0,0,31.81,0.9478696810443246,2.4802207106562214e-05,-17.337210902608,14.213096455375585,-0.5161246440369971,0.0035415493471738775,112.81047969312041,-9.914449041714958e-09,0.00011888889148722042,-7.788192661995875e-07,-1.0931542427493905,8.009641469989875,-0.9358125861210369,3.156496936505503e-05,0.06017778312864663,54925,0.06393011186124885,0.0073,index_dividend_yield,0.065,14.67,30,54840.65,55192.65,54370.6,54450.75,mid_price,ok
2026-10-05T10:50:33.431255+00:00,2026-10-05T16:20:33.431255+05:30,BANKNIFTY,27-Oct-2026,48500.0,PE,54714.1,25.25,360,27.45,60,27.45,26.35,1489,186,3746,-25.81081081081081,25.76,-0.02304761590080293,1.5786320814594892e-05,-4.091073860379253,7.325908459539051,-0.4091718386867987,0.0022619754434143984,109.52655967074554,-9.409331030732127e-09,0.00017473342705369386,-9.455540281408273e-07,-0.7722067117946381,-41.41895673742024,0.026628356114232254,2.0090741552100753e-05,0.06017778312864663,54925,0.06393011186124885,0.0073,index_dividend_yield,0.065,14.67,30,54840.65,55192.65,54370.6,54450.75,mid_price,ok
2026-10-05T10:50:33.431255+00:00,2026-10-05T16:20:33.431255+05:30,BANKNIFTY,27-Oct-2026,49000.0,CE,54714.1,5766.65,300,6109.25,300,0.0,5937.95,45,0,0,0,0,,,,,,,,,,,,,,,0.06017778312864663,54925,0.06393011186124885,0.0073,index_dividend_yield,0.065,14.67,30,54840.65,55192.65,54370.6,54450.75,mid_price,no_nse_iv
2026-10-05T10:50:33.431255+00:00,2026-10-05T16:20:33.431255+05:30,BANKNIFTY,27-Oct-2026,49000.0,PE,54714.1,31.1,60,32.25,30,31,31.675,4920,717,12123,-27.73892773892774,24.45,-0.026985026272724956,1.898361150733442e-05,-4.4142985215466135,8.361658098555045,-0.4756761288148906,0.0024823824714667354,123.02222362203707,-1.150968337792641e-08,0.0002016587985495778,-1.0256457083499391e-06,-0.8323008534287988,-42.77022248511412,0.030836371543642164,2.3669288175429655e-05,0.06017778312864663,54925,0.06393011186124885,0.0073,index_dividend_yield,0.065,14.67,30,54840.65,55192.65,54370.6,54450.75,mid_price,ok
2026-10-05T10:50:33.431255+00:00,2026-10-05T16:20:33.431255+05:30,BANKNIFTY,27-Oct-2026,49200.0,CE,54714.1,5397.55,300,5985.15,300,0.0,5691.35,0,0,0,0,0,,,,,,,,,,,,,,,0.06017778312864663,54925,0.06393011186124885,0.0073,index_dividend_yield,0.065,14.67,30,54840.65,55192.65,54370.6,54450.75,mid_price,no_nse_iv
2026-10-05T10:50:33.431255+00:00,2026-10-05T16:20:33.431255+05:30,BANKNIFTY,27-Oct-2026,49200.0,PE,54714.1,31.45,240,37.6,300,37.9,34.525,110,-72,331,-18.406889128094726,24.54,-0.03197185332689612,2.1773611502372074e-05,-5.093166384106022,9.625864249121559,-0.5237464128422415,0.0027364482791546497,130.21679674245945,-1.2656474602270866e-08,0.00020582474542415013,-1.0435507251232233e-06,-0.8994095283398238,-41.608367672801386,0.03640962343489513,2.6927670465509542e-05,0.06017778312864663,54925,0.06393011186124885,0.0073,index_dividend_yield,0.065,14.67,30,54840.65,55192.65,54370.6,54450.75,mid_price,wide_quote_low_liquidity
2026-10-05T10:50:33.431255+00:00,2026-10-05T16:20:33.431255+05:30,BANKNIFTY,27-Oct-2026,49300.0,CE,54714.1,5302.6,300,5885.2,60,0.0,5593.9,0,0,0,0,0,,,,,,,,,,,,,,,0.06017778312864663,54925,0.06393011186124885,0.0073,index_dividend_yield,0.065,14.67,30,54840.65,55192.65,54370.6,54450.75,mid_price,no_nse_iv
2026-10-05T10:50:33.431255+00:00,2026-10-05T16:20:33.431255+05:30,BANKNIFTY,27-Oct-2026,49300.0,PE,54714.1,31.6,60,37.8,240,38.4,34.7,107,-58,278,-15.511551155115512,24.23,-0.03278538141305051,2.2514148644747764e-05,-5.129306070740477,9.827513470554624,-0.5383966577340651,0.0027738793276337118,133.0479966205651,-1.317084766146837e-08,0.00021188809037940746,-1.0581355854138771e-06,-0.9091247382010773,-42.000050022537316,0.037252183551590747,2.7730660265770152e-05,0.06017778312864663,54925,0.06393011186124885,0.0073,index_dividend_yield,0.065,14.67,30,54840.65,55192.65,54370.6,54450.75,mid_price,wide_quote_low_liquidity
2026-10-05T10:50:33.431255+00:00,2026-10-05T16:20:33.431255+05:30,BANKNIFTY,27-Oct-2026,49400.0,CE,54714.1,5207.7,300,5785.05,300,0.0,5496.375,0,0,0,0,0,,,,,,,,,,,,,,,0.06017778312864663,54925,0.06393011186124885,0.0073,index_dividend_yield,0.065,14.67,30,54840.65,55192.65,54370.6,54450.75,mid_price,no_nse_iv
2026-10-05T10:50:33.431255+00:00,2026-10-05T16:20:33.431255+05:30,BANKNIFTY,27-Oct-2026,49400.0,PE,54714.1,32.8,330,38.55,240,37.2,35.675,142,26,935,-25.22613065326633,23.72,-0.0325301114461183,2.2850457789210318e-05,-4.983558140526981,9.764371500178825,-0.5478950161069036,0.002759759023099346,135.65240936225553,-1.3671805109914303e-08,0.0002211210006543205,-1.0791145967907844e-06,-0.9054940941156352,-42.97087523973921,0.03686793157831862,2.80310603905063e-05,0.06017778312864663,54925,0.06393011186124885,0.0073,index_dividend_yield,0.065,14.67,30,54840.65,55192.65,54370.6,54450.75,mid_price,wide_quote_low_liquidity
2026-10-05T10:50:33.431255+00:00,2026-10-05T16:20:33.431255+05:30,BANKNIFTY,27-Oct-2026,49500.0,CE,54714.1,5278.05,30,5513.25,30,0.0,5395.65,4,0,0,0,34.25,0.8985056262843486,3.846529656869674e-05,-25.27613564509795,23.73364082155341,-0.615039736066525,0.004480784087315226,105.27821085016598,-1.136748787588834e-08,5.8319358631369104e-05,-3.6201721715092367e-07,-1.3036501062993224,8.760439572076569,-0.8797824312457659,4.699560090443285e-05,0.06017778312864663,54925,0.06393011186124885,0.0073,index_dividend_yield,0.065,14.67,30,54840.65,55192.65,54370.6,54450.75,mid_price,ok
2026-10-05T10:50:33.431255+00:00,2026-10-05T16:20:33.431255+05:30,BANKNIFTY,27-Oct-2026,49500.0,PE,54714.1,37,150,38.55,30,37.2,37.775,4072,-209,6629,-27.97676669893514,23.35,-0.03304186251147904,2.3513179272385738e-05,-4.964096718518807,9.89083471640733,-0.5618657632851728,0.0027821343487002756,138.58432917841768,-1.4231773841509942e-08,0.00022875682994998156,-1.0963387680071778e-06,-0.911301716050339,-43.56778774272524,0.03736062643926944,2.8727608718833854e-05,0.06017778312864663,54925,0.06393011186124885,0.0073,index_dividend_yield,0.065,14.67,30,54840.65,55192.65,54370.6,54450.75,mid_price,ok
2026-10-05T10:50:33.431255+00:00,2026-10-05T16:20:33.431255+05:30,BANKNIFTY,27-Oct-2026,49600.0,CE,54714.1,5018.2,300,5527.35,300,0.0,5272.775,0,0,0,0,0,,,,,,,,,,,,,,,0.06017778312864663,54925,0.06393011186124885,0.0073,index_dividend_yield,0.065,14.67,30,54840.65,55192.65,54370.6,54450.75,mid_price,no_nse_iv
2026-10-05T10:50:33.431255+00:00,2026-10-05T16:20:33.431255+05:30,BANKNIFTY,27-Oct-2026,49600.0,PE,54714.1,35.65,360,44.6,30,44.6,40.125,108,108,463,-76.18157543391189,23.74,-0.03803439483939802,2.5955191780147252e-05,-5.660953333031684,11.100426392620507,-0.5976284066707936,0.0030040907033306243,142.28018229107508,-1.4933565896994134e-08,0.00022335454995591356,-1.08173864535173e-06,-0.9678089736272302,-41.95695120081843,0.04295597903583724,3.158343841666437e-05,0.06017778312864663,54925,0.06393011186124885,0.0073,index_dividend_yield,0.065,14.67,30,54840.65,55192.65,54370.6,54450.75,mid_price,wide_quote_low_liquidity
2026-10-05T10:50:33.431255+00:00,2026-10-05T16:20:33.431255+05:30,BANKNIFTY,27-Oct-2026,49700.0,CE,54714.1,4923.45,60,5485.7,60,0.0,5204.575,0,0,0,0,0,,,,,,,,,,,,,,,0.06017778312864663,54925,0.06393011186124885,0.0073,index_dividend_yield,0.065,14.67,30,54840.65,55192.65,54370.6,54450.75,mid_price,no_nse_iv
2026-10-05T10:50:33.431255+00:00,2026-10-05T16:20:33.431255+05:30,BANKNIFTY,27-Oct-2026,49700.0,PE,54714.1,37.05,390,54.9,720,41.85,45.974999999999994,80,80,480,-78.60976233069256,23.09,-0.03699117487931162,2.6086632798445822e-05,-5.375237095669118,10.85117237486482,-0.605679279344195,0.0029568605547547412,145.23397033739192,-1.552711908831718e-08,0.00023617409347766505,-1.1109662294325723e-06,-0.9559559521326281,-43.343588577882954,0.04166265737528549,3.161577027182902e-05,0.06017778312864663,54925,0.06393011186124885,0.0073,index_dividend_yield,0.065,14.67,30,54840.65,55192.65,54370.6,54450.75,mid_price,wide_quote_low_liquidity
2026-10-05T10:50:33.431255+00:00,2026-10-05T16:20:33.431255+05:30,BANKNIFTY,27-Oct-2026,49800.0,CE,54714.1,4829.1,300,5321.2,60,0.0,5075.15,0,0,0,0,0,,,,,,,,,,,,,,,0.06017778312864663,54925,0.06393011186124885,0.0073,index_dividend_yield,0.065,14.67,30,54840.65,55192.65,54370.6,54450.75,mid_price,no_nse_iv
2026-10-05T10:50:33.431255+00:00,2026-10-05T16:20:33.431255+05:30,BANKNIFTY,27-Oct-2026,49800.0,PE,54714.1,43.55,60,47.25,240,45.65,45.4,148,32,593,-20.608695652173914,23.08,-0.039889240895154256,2.7752847491273e-05,-5.70846212014066,11.539262637578368,-0.6314297873605927,0.0030763242878440733,148.46342227265373,-1.6211390925400026e-08,0.00023682462334325,-1.1081716683154308e-06,-0.9859099662525335,-42.87214774610457,0.04484761412181877,3.350019872464791e-05,0.06017778312864663,54925,0.06393011186124885,0.0073,index_dividend_yield,0.065,14.67,30,54840.65,55192.65,54370.6,54450.75,mid_price,ok
2026-10-05T10:50:33.431255+00:00,2026-10-05T16:20:33.431255+05:30,BANKNIFTY,27-Oct-2026,49900.0,CE,54714.1,4734.55,60,5286.85,60,0.0,5010.700000000001,0,0,0,0,0,,,,,,,,,,,,,,,0.06017778312864663,54925,0.06393011186124885,0.0073,index_dividend_yield,0.065,14.67,30,54840.65,55192.65,54370.6,54450.75,mid_price,no_nse_iv
2026-10-05T10:50:33.431255+00:00,2026-10-05T16:20:33.431255+05:30,BANKNIFTY,27-Oct-2026,49900.0,PE,54714.1,30.8,870,48.85,240,49.7,39.825,98,98,403,-76.699484294421,23.06,-0.042899735825083454,2.946410054118376e-05,-6.044307026425038,12.240162832033366,-0.6569415107621559,0.0031925326139946794,151.464737375278,-1.689883411677338e-08,0.00023683421692107423,-1.101446481067648e-06,-1.014616979814587,-42.4316371520862,0.048147056766357145,3.542343042786059e-05,0.06017778312864663,54925,0.06393011186124885,0.0073,index_dividend_yield,0.065,14.67,30,54840.65,55192.65,54370.6,54450.75,mid_price,wide_quote_low_liquidity
2026-10-05T10:50:33.431255+00:00,2026-10-05T16:20:33.431255+05:30,BANKNIFTY,27-Oct-2026,50000.0,CE,54714.1,4901.05,30,4952.55,30,4888,4926.8,4338,24,219,2.4877603866354954,0,,,,,,,,,,,,,,,0.06017778312864663,54925,0.06393011186124885,0.0073,index_dividend_yield,0.065,14.67,30,54840.65,55192.65,54370.6,54450.75,mid_price,no_nse_iv
2026-10-05T10:50:33.431255+00:00,2026-10-05T16:20:33.431255+05:30,BANKNIFTY,27-Oct-2026,50000.0,PE,54714.1,46.1,30,50,30,49.05,48.05,15770,324,26400,-21.707901037509977,22.62,-0.043243272117787133,3.0231388211844682e-05,-5.95958022289063,12.31928196118643,-0.6729631281549575,0.0032025940913632603,154.81954052538248,-1.762780389518469e-08,0.00024628199208506877,-1.1201845251704353e-06,-1.0171230527477704,-43.22065599572346,0.0484151889057893,3.620066939626118e-05,0.06017778312864663,54925,0.06393011186124885,0.0073,index_dividend_yield,0.065,14.67,30,54840.65,55192.65,54370.6,54450.75,mid_price,ok
2026-10-05T10:50:33.431255+00:00,2026-10-05T16:20:33.431255+05:30,BANKNIFTY,27-Oct-2026,50100.0,CE,54714.1,4546.35,300,5088.7,60,0.0,4817.525,0,0,0,0,0,,,,,,,,,,,,,,,0.06017778312864663,54925,0.06393011186124885,0.0073,index_dividend_yield,0.065,14.67,30,54840.65,55192.65,54370.6,54450.75,mid_price,no_nse_iv
2026-10-05T10:50:33.431255+00:00,2026-10-05T16:20:33.431255+05:30,BANKNIFTY,27-Oct-2026,50100.0,PE,54714.1,35.2,870,65.45,870,0.0,50.325,0,0,0,0,0,,,,,,,,,,,,,,,0.06017778312864663,54925,0.06393011186124885,0.0073,index_dividend_yield,0.065,14.67,30,54840.65,55192.65,54370.6,54450.75,mid_price,no_nse_iv
2026-10-05T10:50:33.431255+00:00,2026-10-05T16:20:33.431255+05:30,BANKNIFTY,27-Oct-2026,50200.0,CE,54714.1,4543.85,300,4930.75,300,0.0,4737.3,0,0,0,0,0,,,,,,,,,,,,,,,0.06017778312864663,54925,0.06393011186124885,0.0073,index_dividend_yield,0.065,14.67,30,54840.65,55192.65,54370.6,54450.75,mid_price,no_nse_iv
2026-10-05T10:50:33.431255+00:00,2026-10-05T16:20:33.431255+05:30,BANKNIFTY,27-Oct-2026,50200.0,PE,54714.1,48.65,60,58.5,300,54.3,53.575,1317,56,917,-22.483940042826553,22.28,-0.04780592438757171,3.327101127255607e-05,-6.348588065988324,13.35413900343617,-0.7196877464842252,0.003361147890143752,160.9590667866998,-1.9151134659639408e-08,0.00025169461414550394,-1.1158361944053834e-06,-1.0556180888728122,-43.201996057593476,0.05331081617327363,3.952365383043142e-05,0.06017778312864663,54925,0.06393011186124885,0.0073,index_dividend_yield,0.065,14.67,30,54840.65,55192.65,54370.6,54450.75,mid_price,wide_quote_low_liquidity
2026-10-05T10:50:33.431255+00:00,2026-10-05T16:20:33.431255+05:30,BANKNIFTY,27-Oct-2026,50300.0,CE,54714.1,4358.5,60,4800.4,60,0.0,4579.45,0,0,0,0,0,,,,,,,,,,,,,,,0.06017778312864663,54925,0.06393011186124885,0.0073,index_dividend_yield,0.065,14.67,30,54840.65,55192.65,54370.6,54450.75,mid_price,no_nse_iv
2026-10-05T10:50:33.431255+00:00,2026-10-05T16:20:33.431255+05:30,BANKNIFTY,27-Oct-2026,50300.0,PE,54714.1,46.65,570,61.7,450,56.85,54.175,57,34,369,-20.98679638637943,22.09,-0.05012403462571369,3.48509769608134e-05,-6.529169970778596,13.869007320460796,-0.7433891969018842,0.0034355157454961584,163.97908962854402,-1.995650587350475e-08,0.00025429645381015394,-1.1112919388134253e-06,-1.073425448141025,-43.24834365859712,0.05578338127625068,4.1236092632832844e-05,0.06017778312864663,54925,0.06393011186124885,0.0073,index_dividend_yield,0.065,14.67,30,54840.65,55192.65,54370.6,54450.75,mid_price,wide_quote_low_liquidity
2026-10-05T10:50:33.431255+00:00,2026-10-05T16:20:33.431255+05:30,BANKNIFTY,27-Oct-2026,50400.0,CE,54714.1,4264.9,60,4792.55,300,0.0,4528.725,0,0,0,0,0,,,,,,,,,,,,,,,0.06017778312864663,54925,0.06393011186124885,0.0073,index_dividend_yield,0.065,14.67,30,54840.65,55192.65,54370.6,54450.75,mid_price,no_nse_iv
2026-10-05T10:50:33.431255+00:00,2026-10-05T16:20:33.431255+05:30,BANKNIFTY,27-Oct-2026,50400.0,PE,54714.1,43.35,870,63.65,390,61.4,53.5,243,-28,1212,-19.157340355497038,22.04,-0.053641488184056355,3.686429540608863e-05,-6.867372946181167,14.637005374353748,-0.7700039364008266,0.00354313555967721,166.42610940626935,-2.07393429128346e-08,0.00025190195014281963,-1.0898937068054624e-06,-1.0988859251560292,-42.866496884798515,0.05959152524684889,4.3445358410820576e-05,0.06017778312864663,54925,0.06393011186124885,0.0073,index_dividend_yield,0.065,14.67,30,54840.65,55192.65,54370.6,54450.75,mid_price,wide_quote_low_liquidity
2026-10-05T10:50:33.431255+00:00,2026-10-05T16:20:33.431255+05:30,BANKNIFTY,27-Oct-2026,50500.0,CE,54714.1,4294.1,330,4534.8,30,0.0,4414.450000000001,3,0,0,0,32.91,0.8586909599304956,5.05940594368929e-05,-29.058623334970182,29.995914944452217,-0.6759567975964664,0.004644190901442857,97.63570426180124,-1.3237390408839196e-08,1.0948942913317566e-05,2.5225679789716627e-08,-1.3505024996833335,9.9614073647701,-0.8369514992712008,5.939026868721954e-05,0.06017778312864663,54925,0.06393011186124885,0.0073,index_dividend_yield,0.065,14.67,30,54840.65,55192.65,54370.6,54450.75,mid_price,ok
2026-10-05T10:50:33.431255+00:00,2026-10-05T16:20:33.431255+05:30,BANKNIFTY,27-Oct-2026,50500.0,PE,54714.1,59.3,150,62.25,630,62.15,60.775,5749,-1142,16349,-22.457891453524642,21.69,-0.0549776863129586,3.8195461907374555e-05,-6.881101068257612,14.924714186418312,-0.7920282188642602,0.0035790075334238836,169.89652644594332,-2.1662923781218996e-08,0.00025871156179848995,-1.095644612294819e-06,-1.1073573110804968,-43.39367500580262,0.06093811373574539,4.483606910690588e-05,0.06017778312864663,54925,0.06393011186124885,0.0073,index_dividend_yield,0.065,14.67,30,54840.65,55192.65,54370.6,54450.75,mid_price,ok
2026-10-05T10:50:33.431255+00:00,2026-10-05T16:20:33.431255+05:30,BANKNIFTY,27-Oct-2026,50600.0,CE,54714.1,4078.35,60,4544.8,300,0.0,4311.575,0,0,0,0,0,,,,,,,,,,,,,,,0.06017778312864663,54925,0.06393011186124885,0.0073,index_dividend_yield,0.065,14.67,30,54840.65,55192.65,54370.6,54450.75,mid_price,no_nse_iv
2026-10-05T10:50:33.431255+00:00,2026-10-05T16:20:33.431255+05:30,BANKNIFTY,27-Oct-2026,50600.0,PE,54714.1,61.65,360,74,540,65,67.825,203,-33,782,-21.592279855247288,21.49,-0.05759921865132125,3.999288548964502e-05,-7.062996099616788,15.482955289866295,-0.8171400510853452,0.003650223996367989,172.744893375679,-2.2562875601915967e-08,0.00026011322446182686,-1.0831859899150818e-06,-1.123997515071288,-43.462098207751325,0.06371542729305457,4.6760616210720646e-05,0.06017778312864663,54925,0.06393011186124885,0.0073,index_dividend_yield,0.065,14.67,30,54840.65,55192.65,54370.6,54450.75,mid_price,wide_quote_low_liquidity
2026-10-05T10:50:33.431255+00:00,2026-10-05T16:20:33.431255+05:30,BANKNIFTY,27-Oct-2026,50700.0,CE,54714.1,4067.95,60,4446.55,300,0.0,4257.25,0,0,0,0,0,,,,,,,,,,,,,,,0.06017778312864663,54925,0.06393011186124885,0.0073,index_dividend_yield,0.065,14.67,30,54840.65,55192.65,54370.6,54450.75,mid_price,no_nse_iv
2026-10-05T10:50:33.431255+00:00,2026-10-05T16:20:33.431255+05:30,BANKNIFTY,27-Oct-2026,50700.0,PE,54714.1,62.65,420,75.05,300,65.75,68.85,207,1,890,-25.071225071225072,21.14,-0.05909780385969458,4.1483468488466014e-05,-7.078332274083117,15.798459773471897,-0.8409132831261497,0.0036866196705913137,176.31915761788264,-2.3588728656081337e-08,0.0002667546056334562,-1.0857531688721053e-06,-1.1325075305365484,-44.00265818732078,0.06522617286329775,4.831229430437965e-05,0.06017778312864663,54925,0.06393011186124885,0.0073,index_dividend_yield,0.065,14.67,30,54840.65,55192.65,54370.6,54450.75,mid_price,wide_quote_low_liquidity
2026-10-05T10:50:33.431255+00:00,2026-10-05T16:20:33.431255+05:30,BANKNIFTY,27-Oct-2026,50800.0,CE,54714.1,3892.65,300,4341.9,300,0.0,4117.275,0,0,0,0,0,,,,,,,,,,,,,,,0.06017778312864663,54925,0.06393011186124885,0.0073,index_dividend_yield,0.065,14.67,30,54840.65,55192.65,54370.6,54450.75,mid_price,no_nse_iv
2026-10-05T10:50:33.431255+00:00,2026-10-05T16:20:33.431255+05:30,BANKNIFTY,27-Oct-2026,50800.0,PE,54714.1,56.7,870,75,30,72.3,65.85,1324,-50,950,-22.258064516129032,21.17,-0.06396527587543813,4.406604599139664e-05,-7.531177003750541,16.805817610921544,-0.869515695644682,0.0038078161262756205,177.63861956079907,-2.4396411089156283e-08,0.0002576375142106192,-1.0369971333851603e-06,-1.1603566858729195,-43.33806003707547,0.07048343238584333,5.1118155941840855e-05,0.06017778312864663,54925,0.06393011186124885,0.0073,index_dividend_yield,0.065,14.67,30,54840.65,55192.65,54370.6,54450.75,mid_price,wide_quote_low_liquidity
2026-10-05T10:50:33.431255+00:00,2026-10-05T16:20:33.431255+05:30,BANKNIFTY,27-Oct-2026,50900.0,CE,54714.1,3800.05,300,4304.6,300,0.0,4052.3250000000003,0,0,0,0,0,,,,,,,,,,,,,,,0.06017778312864663,54925,0.06393011186124885,0.0073,index_dividend_yield,0.065,14.67,30,54840.65,55192.65,54370.6,54450.75,mid_price,no_nse_iv
2026-10-05T10:50:33.431255+00:00,2026-10-05T16:20:33.431255+05:30,BANKNIFTY,27-Oct-2026,50900.0,PE,54714.1,59.2,870,81.6,390,76.75,70.4,291,76,1128,-22.002032520325205,21.03,-0.06758982487800401,4.629558858262366e-05,-7.796564792298322,17.539353737960145,-0.8961187696054015,0.0038881436821457255,179.66597150137886,-2.5327316634056658e-08,0.00025410267818037864,-1.0041068899124545e-06,-1.1786738407686492,-43.20667451284218,0.07433610531307788,5.3493691024591014e-05,0.06017778312864663,54925,0.06393011186124885,0.0073,index_dividend_yield,0.065,14.67,30,54840.65,55192.65,54370.6,54450.75,mid_price,wide_quote_low_liquidity
2026-10-05T10:50:33.431255+00:00,2026-10-05T16:20:33.431255+05:30,BANKNIFTY,27-Oct-2026,51000.0,CE,54714.1,3938.35,30,3981.55,60,3970,3959.95,784,5,58,5.863843630836511,0,,,,,,,,,,,,,,,0.06017778312864663,54925,0.06393011186124885,0.0073,index_dividend_yield,0.065,14.67,30,54840.65,55192.65,54370.6,54450.75,mid_price,no_nse_iv
2026-10-05T10:50:33.431255+00:00,2026-10-05T16:20:33.431255+05:30,BANKNIFTY,27-Oct-2026,51000.0,PE,54714.1,80.75,210,83.2,300,80.7,81.975,14039,-1164,25208,-22.738152225945427,20.85,-0.07104315600414945,4.8522462136892895e-05,-8.019788371850181,18.2256738247964,-0.9226297952621559,0.003957962064308318,181.77139084451176,-2.6313984587591793e-08,0.0002512217426961972,-9.717773334771222e-07,-1.1945191339816326,-43.195743712445974,0.077981362801557,5.584714772036569e-05,0.06017778312864663,54925,0.06393011186124885,0.0073,index_dividend_yield,0.065,14.67,30,54840.65,55192.65,54370.6,54450.75,mid_price,ok
2026-10-05T10:50:33.431255+00:00,2026-10-05T16:20:33.431255+05:30,BANKNIFTY,27-Oct-2026,51100.0,CE,54714.1,3665.6,60,4029.3,60,0.0,3847.45,0,0,0,0,0,,,,,,,,,,,,,,,0.06017778312864663,54925,0.06393011186124885,0.0073,index_dividend_yield,0.065,14.67,30,54840.65,55192.65,54370.6,54450.75,mid_price,no_nse_iv
2026-10-05T10:50:33.431255+00:00,2026-10-05T16:20:33.431255+05:30,BANKNIFTY,27-Oct-2026,51100.0,PE,54714.1,83.95,180,91,30,85,87.475,692,-11,1824,-23.732615522655898,20.68,-0.0747777748884702,5.087803112680775e-05,-8.259257388346477,18.954639792015602,-0.9492910023386897,0.004027359508341238,183.5883462322929,-2.7312400790628774e-08,0.00024677393894107565,-9.327838127808178e-07,-1.2102030644050252,-43.14879751816515,0.08192210060078921,5.832933378296113e-05,0.06017778312864663,54925,0.06393011186124885,0.0073,index_dividend_yield,0.065,14.67,30,54840.65,55192.65,54370.6,54450.75,mid_price,ok
2026-10-05T10:50:33.431255+00:00,2026-10-05T16:20:33.431255+05:30,BANKNIFTY,27-Oct-2026,51200.0,CE,54714.1,3524.15,1770,3966.75,270,0.0,3745.45,0,0,0,0,0,,,,,,,,,,,,,,,0.06017778312864663,54925,0.06393011186124885,0.0073,index_dividend_yield,0.065,14.67,30,54840.65,55192.65,54370.6,54450.75,mid_price,no_nse_iv
2026-10-05T10:50:33.431255+00:00,2026-10-05T16:20:33.431255+05:30,BANKNIFTY,27-Oct-2026,51200.0,PE,54714.1,85.95,360,97.95,450,91,91.95,693,-146,1698,-19.823788546255507,20.59,-0.07949489607058532,5.35317538954123e-05,-8.601132888898716,19.856491940750928,-0.9755203180298668,0.004107852932214773,184.38878064430853,-2.822185203681951e-08,0.00023712251956886974,-8.749611864707603e-07,-1.2283017940673737,-42.845780672348205,0.08693372550845635,6.113220635499038e-05,0.06017778312864663,54925,0.06393011186124885,0.0073,index_dividend_yield,0.065,14.67,30,54840.65,55192.65,54370.6,54450.75,mid_price,ok
2026-10-05T10:50:33.431255+00:00,2026-10-05T16:20:33.431255+05:30,BANKNIFTY,27-Oct-2026,51300.0,CE,54714.1,3432.95,300,3841.35,300,0.0,3637.1499999999996,0,0,0,0,0,,,,,,,,,,,,,,,0.06017778312864663,54925,0.06393011186124885,0.0073,index_dividend_yield,0.065,14.67,30,54840.65,55192.65,54370.6,54450.75,mid_price,no_nse_iv
2026-10-05T10:50:33.431255+00:00,2026-10-05T16:20:33.431255+05:30,BANKNIFTY,27-Oct-2026,51300.0,PE,54714.1,95,270,101.55,30,95,98.275,258,-144,1301,-21.617161716171616,20.37,-0.08316411230177526,5.598336804060796e-05,-8.787953113357297,20.543988167214934,-1.002282713808672,0.004161857742434882,186.16748753208867,-2.9318797770362662e-08,0.00023249569421263634,-8.324481859808562e-07,-1.2405344012263981,-42.94522815439416,0.0907642158931337,6.368289707192467e-05,0.06017778312864663,54925,0.06393011186124885,0.0073,index_dividend_yield,0.065,14.67,30,54840.65,55192.65,54370.6,54450.75,mid_price,ok
2026-10-05T10:50:33.431255+00:00,2026-10-05T16:20:33.431255+05:30,BANKNIFTY,27-Oct-2026,51400.0,CE,54714.1,3348.5,60,3774.1,300,0.0,3561.3,0,0,0,0,0,,,,,,,,,,,,,,,0.06017778312864663,54925,0.06393011186124885,0.0073,index_dividend_yield,0.065,14.67,30,54840.65,55192.65,54370.6,54450.75,mid_price,no_nse_iv
2026-10-05T10:50:33.431255+00:00,2026-10-05T16:20:33.431255+05:30,BANKNIFTY,27-Oct-2026,51400.0,PE,54714.1,100.35,30,105.05,30,100.55,102.69999999999999,383,39,1383,-22.653846153846153,20.22,-0.08775056358600974,5.871237452523339e-05,-9.064958623867561,21.386784868892722,-1.0282918246160844,0.004223702633217835,186.94584097949019,-3.032842679569626e-08,0.00022286109038141143,-7.71765046194679e-07,-1.2545531436028163,-42.819658490023926,0.09558986419514467,6.652761077079627e-05,0.06017778312864663,54925,0.06393011186124885,0.0073,index_dividend_yield,0.065,14.67,30,54840.65,55192.65,54370.6,54450.75,mid_price,ok
2026-10-05T10:50:33.431255+00:00,2026-10-05T16:20:33.431255+05:30,BANKNIFTY,27-Oct-2026,51500.0,CE,54714.1,3450.35,30,3541.1,270,3542.75,3495.725,31,0,1,-0.13811960029878934,14.11,0.9685985848282268,3.6877174527401164e-05,-10.780550972292385,9.37387929617299,-0.9067429589313947,0.002612621017039962,227.17457218692337,-3.711810434789726e-08,0.0006323803066264482,-1.7163524728366997e-06,-0.8628819856349121,15.522174948257039,-0.962753156927182,4.16237975228724e-05,0.06017778312864663,54925,0.06393011186124885,0.0073,index_dividend_yield,0.065,14.67,30,54840.65,55192.65,54370.6,54450.75,mid_price,ok
2026-10-05T10:50:33.431255+00:00,2026-10-05T16:20:33.431255+05:30,BANKNIFTY,27-Oct-2026,51500.0,PE,54714.1,105.3,30,110,30,110.15,107.65,7574,-588,23626,-20.526695526695526,20.25,-0.09447649804378284,6.192600160652373e-05,-9.574540157184973,22.59086039664848,-1.0503888575781397,0.004304721491705396,185.17449883758096,-3.100243175408841e-08,0.0002018056135624869,-6.707908385153666e-07,-1.2729583150661625,-42.128773782405574,0.1027552712060169,6.989676908017348e-05,0.06017778312864663,54925,0.06393011186124885,0.0073,index_dividend_yield,0.065,14.67,30,54840.65,55192.65,54370.6,54450.75,mid_price,ok
2026-10-05T10:50:33.431255+00:00,2026-10-05T16:20:33.431255+05:30,BANKNIFTY,27-Oct-2026,51600.0,CE,54714.1,3340.3,360,3440.7,30,0.0,3390.5,2,0,0,0,0,,,,,,,,,,,,,,,0.06017778312864663,54925,0.06393011186124885,0.0073,index_dividend_yield,0.065,14.67,30,54840.65,55192.65,54370.6,54450.75,mid_price,no_nse_iv
2026-10-05T10:50:33.431255+00:00,2026-10-05T16:20:33.431255+05:30,BANKNIFTY,27-Oct-2026,51600.0,PE,54714.1,114,30,117.2,270,116.8,115.6,1479,142,2313,-19.531519118153636,20.11,-0.09971750390530526,6.487760011415315e-05,-9.873917966356426,23.50398772657728,-1.0741749971194952,0.0043545522318936825,184.96714994689077,-3.195985279646098e-08,0.00018796120488617606,-5.9305284462829e-07,-1.284681620735956,-41.96182421708132,0.10825533561448925,7.294472527084921e-05,0.06017778312864663,54925,0.06393011186124885,0.0073,index_dividend_yield,0.065,14.67,30,54840.65,55192.65,54370.6,54450.75,mid_price,ok
2026-10-05T10:50:33.431255+00:00,2026-10-05T16:20:33.431255+05:30,BANKNIFTY,27-Oct-2026,51700.0,CE,54714.1,3234.2,300,3440.85,300,0.0,3337.5249999999996,0,0,0,0,0,,,,,,,,,,,,,,,0.06017778312864663,54925,0.06393011186124885,0.0073,index_dividend_yield,0.065,14.67,30,54840.65,55192.65,54370.6,54450.75,mid_price,no_nse_iv
2026-10-05T10:50:33.431255+00:00,2026-10-05T16:20:33.431255+05:30,BANKNIFTY,27-Oct-2026,51700.0,PE,54714.1,120.8,30,124.05,240,123.2,122.425,835,3,3105,-19.791666666666668,19.94,-0.10490207208105902,6.788763033091695e-05,-10.137472297844091,24.386558068061714,-1.0979121504512412,0.0043946400907158845,184.77199271411493,-3.2975461052048726e-08,0.00017392526027710077,-5.13635852715546e-07,-1.2945253551618805,-41.88115588962199,0.11366862527146981,7.603404282213772e-05,0.06017778312864663,54925,0.06393011186124885,0.0073,index_dividend_yield,0.065,14.67,30,54840.65,55192.65,54370.6,54450.75,mid_price,ok
2026-10-05T10:50:33.431255+00:00,2026-10-05T16:20:33.431255+05:30,BANKNIFTY,27-Oct-2026,51800.0,CE,54714.1,3163.05,330,3265.05,30,0.0,3214.05,1,0,0,0,28.16,0.809427054642705,7.181555596526143e-05,-29.731412880796142,36.43224064881199,-0.7788564555998301,0.004388636109622146,91.69083007312295,-1.7944726761114278e-08,-7.428337248895962e-05,6.215116901487548e-07,-1.34332380868576,12.649373928578473,-0.787373458704814,8.012305999219165e-05,0.06017778312864663,54925,0.06393011186124885,0.0073,index_dividend_yield,0.065,14.67,30,54840.65,55192.65,54370.6,54450.75,mid_price,ok
2026-10-05T10:50:33.431255+00:00,2026-10-05T16:20:33.431255+05:30,BANKNIFTY,27-Oct-2026,51800.0,PE,54714.1,129.1,240,131.85,30,131.1,130.475,779,272,2459,-20.424886191198787,19.82,-0.11091799228756573,7.109720272486161e-05,-10.468108334898439,25.385800849915103,-1.1191379598642774,0.004432589006272053,183.47028732248737,-3.386397196158927e-08,0.00015513914998299363,-4.168120165241206e-07,-1.3043454946472188,-41.64146059815588,0.11997136990001267,7.932160884414259e-05,0.06017778312864663,54925,0.06393011186124885,0.0073,index_dividend_yield,0.065,14.67,30,54840.65,55192.65,54370.6,54450.75,mid_price,ok
2026-10-05T10:50:33.431255+00:00,2026-10-05T16:20:33.431255+05:30,BANKNIFTY,27-Oct-2026,51900.0,CE,54714.1,3064.45,300,3258.5,300,0.0,3161.475,0,0,0,0,0,,,,,,,,,,,,,,,0.06017778312864663,54925,0.06393011186124885,0.0073,index_dividend_yield,0.065,14.67,30,54840.65,55192.65,54370.6,54450.75,mid_price,no_nse_iv
2026-10-05T10:50:33.431255+00:00,2026-10-05T16:20:33.431255+05:30,BANKNIFTY,27-Oct-2026,51900.0,PE,54714.1,136.15,30,140,240,136.9,138.075,414,69,2310,-20.844174616941313,19.6,-0.11609847962880845,7.42737854431489e-05,-10.669710488069473,26.225654451872273,-1.1428178627896217,0.004454661966875634,183.2193191166862,-3.499323850286144e-08,0.00013996298123601197,-3.319204289269447e-07,-1.3109643048939184,-41.7018408182837,0.1253284895291154,8.254663285997609e-05,0.06017778312864663,54925,0.06393011186124885,0.0073,index_dividend_yield,0.065,14.67,30,54840.65,55192.65,54370.6,54450.75,mid_price,ok
2026-10-05T10:50:33.431255+00:00,2026-10-05T16:20:33.431255+05:30,BANKNIFTY,27-Oct-2026,52000.0,CE,54714.1,3024.9,30,3060.2,30,3020,3042.55,1416,90,377,2.536244185651716,0,,,,,,,,,,,,,,,0.06017778312864663,54925,0.06393011186124885,0.0073,index_dividend_yield,0.065,14.67,30,54840.65,55192.65,54370.6,54450.75,mid_price,no_nse_iv
2026-10-05T10:50:33.431255+00:00,2026-10-05T16:20:33.431255+05:30,BANKNIFTY,27-Oct-2026,52000.0,PE,54714.1,147,60,148.5,30,147.05,147.75,21088,820,42591,-19.798200163621487,19.53,-0.12329862571736075,7.77710084847449e-05,-11.069060451681644,27.362430940972622,-1.1591586657684754,0.00447876492301201,180.22742488804332,-3.569274389419716e-08,0.00011405377492494867,-2.0884846607635056e-07,-1.319013118543051,-41.29720654954806,0.13287557668985484,8.610127112803353e-05,0.06017778312864663,54925,0.06393011186124885,0.0073,index_dividend_yield,0.065,14.67,30,54840.65,55192.65,54370.6,54450.75,mid_price,ok
2026-10-05T10:50:33.431255+00:00,2026-10-05T16:20:33.431255+05:30,BANKNIFTY,27-Oct-2026,52100.0,CE,54714.1,2861.65,300,3075.6,300,0.0,2968.625,0,0,0,0,0,,,,,,,,,,,,,,,0.06017778312864663,54925,0.06393011186124885,0.0073,index_dividend_yield,0.065,14.67,30,54840.65,55192.65,54370.6,54450.75,mid_price,no_nse_iv
2026-10-05T10:50:33.431255+00:00,2026-10-05T16:20:33.431255+05:30,BANKNIFTY,27-Oct-2026,52100.0,PE,54714.1,154.75,30,158.35,240,155.15,156.55,1226,32,1438,-19.423526356790443,19.37,-0.12978670969540218,8.126501393830598e-05,-11.350408815621893,28.357499914595437,-1.1775713089666877,0.0044874331061934,178.14984691281842,-3.661043933926003e-08,9.100380729961207e-05,-9.550529237469213e-08,-1.324176528123484,-41.161163991820224,0.13961005682277217,8.962448791655046e-05,0.06017778312864663,54925,0.06393011186124885,0.0073,index_dividend_yield,0.065,14.67,30,54840.65,55192.65,54370.6,54450.75,mid_price,ok
2026-10-05T10:50:33.431255+00:00,2026-10-05T16:20:33.431255+05:30,BANKNIFTY,27-Oct-2026,52200.0,CE,54714.1,2737.55,300,3009.5,300,0.0,2873.525,0,0,0,0,0,,,,,,,,,,,,,,,0.06017778312864663,54925,0.06393011186124885,0.0073,index_dividend_yield,0.065,14.67,30,54840.65,55192.65,54370.6,54450.75,mid_price,no_nse_iv
2026-10-05T10:50:33.431255+00:00,2026-10-05T16:20:33.431255+05:30,BANKNIFTY,27-Oct-2026,52200.0,PE,54714.1,164.45,30,168,30,167.15,166.225,1978,426,3908,-19.832134292565947,19.32,-0.13791388822110662,8.494845134261915e-05,-11.777165704346906,29.56632132454886,-1.1881430716751544,0.004488559474346399,173.7426581348682,-3.7127356893244755e-08,5.951087181302729e-05,4.809968561384566e-08,-1.3291615135157215,-40.68804269328731,0.1481090055609337,9.332821929011355e-05,0.06017778312864663,54925,0.06393011186124885,0.0073,index_dividend_yield,0.065,14.67,30,54840.65,55192.65,54370.6,54450.75,mid_price,ok
2026-10-05T10:50:33.431255+00:00,2026-10-05T16:20:33.431255+05:30,BANKNIFTY,27-Oct-2026,52300.0,CE,54714.1,2727.95,60,2800.2,30,0.0,2764.075,22,0,0,0,0,,,,,,,,,,,,,,,0.06017778312864663,54925,0.06393011186124885,0.0073,index_dividend_yield,0.065,14.67,30,54840.65,55192.65,54370.6,54450.75,mid_price,no_nse_iv
2026-10-05T10:50:33.431255+00:00,2026-10-05T16:20:33.431255+05:30,BANKNIFTY,27-Oct-2026,52300.0,PE,54714.1,175.15,30,178.5,30,175.35,176.825,489,-6,1548,-19.5273061037173,19.12,-0.14460814249618797,8.863973390734896e-05,-12.003202436398855,30.531703495488504,-1.204782495556958,0.004474870884497384,171.34065450207103,-3.809140852698662e-08,3.385382183551742e-05,1.7042729456163812e-07,-1.3311670538196587,-40.65845656983971,0.155003892926122,9.701158172787773e-05,0.06017778312864663,54925,0.06393011186124885,0.0073,index_dividend_yield,0.065,14.67,30,54840.65,55192.65,54370.6,54450.75,mid_price,ok
2026-10-05T10:50:33.431255+00:00,2026-10-05T16:20:33.431255+05:30,BANKNIFTY,27-Oct-2026,52400.0,CE,54714.1,2585.5,300,2830.1,300,0.0,2707.8,0,0,0,0,0,,,,,,,,,,,,,,,0.06017778312864663,54925,0.06393011186124885,0.0073,index_dividend_yield,0.065,14.67,30,54840.65,55192.65,54370.6,54450.75,mid_price,no_nse_iv
2026-10-05T10:50:33.431255+00:00,2026-10-05T16:20:33.431255+05:30,BANKNIFTY,27-Oct-2026,52400.0,PE,54714.1,186.5,30,190.35,30,186.8,188.425,940,92,1781,-19.673188561599655,19.01,-0.1527415685696317,9.247389711791456e-05,-12.346377514715213,31.669118993167174,-1.2136652940504256,0.004449864190157193,166.88596903662932,-3.868341144660585e-08,8.722120158690142e-07,3.187116768983136e-07,-1.332526609042759,-40.35356553696418,0.16343921433093406,0.00010082195308313064,0.06017778312864663,54925,0.06393011186124885,0.0073,index_dividend_yield,0.065,14.67,30,54840.65,55192.65,54370.6,54450.75,mid_price,ok
2026-10-05T10:50:33.431255+00:00,2026-10-05T16:20:33.431255+05:30,BANKNIFTY,27-Oct-2026,52500.0,CE,54714.1,2577.55,30,2622,30,2585.15,2599.775,92,1,33,2.7157501589319772,13.21,0.9185513553710019,8.463679094914545e-05,-13.563324497506073,20.141727249582466,-1.5513403249679536,0.003951650575540255,291.1149543106308,-6.804504736321163e-08,0.0005826523527667108,-1.1739461491261117e-06,-1.1961249427027134,20.42045350029586,-0.9104107627208576,9.192615629684524e-05,0.06017778312864663,54925,0.06393011186124885,0.0073,index_dividend_yield,0.065,14.67,30,54840.65,55192.65,54370.6,54450.75,mid_price,ok
2026-10-05T10:50:33.431255+00:00,2026-10-05T16:20:33.431255+05:30,BANKNIFTY,27-Oct-2026,52500.0,PE,54714.1,200.1,30,201.95,30,200.15,201.02499999999998,12029,-297,24584,-17.565897858319605,18.95,-0.16186195405932138,9.637179520622861e-05,-12.752487806655964,32.899846214699636,-1.2159693511348961,0.004409376908372092,161.01441649635717,-3.899675122219085e-08,-3.689459615413787e-05,4.839340485823508e-07,-1.3325225037514983,-39.89699124156559,0.17291630577363043,0.00010467184080807569,0.06017778312864663,54925,0.06393011186124885,0.0073,index_dividend_yield,0.065,14.67,30,54840.65,55192.65,54370.6,54450.75,mid_price,ok
2026-10-05T10:50:33.431255+00:00,2026-10-05T16:20:33.431255+05:30,BANKNIFTY,27-Oct-2026,52600.0,CE,54714.1,2416.2,300,2675.45,300,0.0,2545.825,0,0,0,0,0,,,,,,,,,,,,,,,0.06017778312864663,54925,0.06393011186124885,0.0073,index_dividend_yield,0.065,14.67,30,54840.65,55192.65,54370.6,54450.75,mid_price,no_nse_iv
2026-10-05T10:50:33.431255+00:00,2026-10-05T16:20:33.431255+05:30,BANKNIFTY,27-Oct-2026,52600.0,PE,54714.1,210.8,30,215.35,240,213.7,213.075,1454,-317,3005,-20.409683426443202,18.86,-0.17100644173162366,0.00010032893186108609,-13.113500951567262,34.08808322870322,-1.2168519334230659,0.00435388496267855,155.14632036332898,-3.932813232752476e-08,-7.532444065802313e-05,6.506174596110717e-07,-1.3307965404051743,-39.525098386963656,0.18237995503504073,0.00010855584693619432,0.06017778312864663,54925,0.06393011186124885,0.0073,index_dividend_yield,0.065,14.67,30,54840.65,55192.65,54370.6,54450.75,mid_price,ok
2026-10-05T10:50:33.431255+00:00,2026-10-05T16:20:33.431255+05:30,BANKNIFTY,27-Oct-2026,52700.0,CE,54714.1,2396.6,150,2451.9,30,2450.3,2424.25,32,1,7,5.700666479735997,15.18,0.8680595912394453,0.00010464093306794931,-16.98101831667769,28.61594415771245,-1.519386634263542,0.004363239040588107,228.21652252316937,-5.909528658588114e-08,0.0001452319278238761,-3.31024399993047e-09,-1.3035353222151649,20.361554122178187,-0.8569736649290257,0.00011279215460100996,0.06017778312864663,54925,0.06393011186124885,0.0073,index_dividend_yield,0.065,14.67,30,54840.65,55192.65,54370.6,54450.75,mid_price,ok
2026-10-05T10:50:33.431255+00:00,2026-10-05T16:20:33.431255+05:30,BANKNIFTY,27-Oct-2026,52700.0,PE,54714.1,224.55,30,228.8,240,221.15,226.675,962,255,2568,-20.734767025089607,18.56,-0.17797865830657658,0.00010457113972308708,-13.189124175908155,34.96427423350636,-1.23129640233266,0.004295006260826129,152.5086760636718,-4.047927104856454e-08,-0.00010728778715559452,7.900574088540082e-07,-1.3276005547539143,-39.75447500708756,0.1894287325943852,0.00011271692455944767,0.06017778312864663,54925,0.06393011186124885,0.0073,index_dividend_yield,0.065,14.67,30,54840.65,55192.65,54370.6,54450.75,mid_price,ok
2026-10-05T10:50:33.431255+00:00,2026-10-05T16:20:33.431255+05:30,BANKNIFTY,27-Oct-2026,52800.0,CE,54714.1,2313,150,2364.85,30,0.0,2338.925,4,0,0,0,0,,,,,,,,,,,,,,,0.06017778312864663,54925,0.06393011186124885,0.0073,index_dividend_yield,0.065,14.67,30,54840.65,55192.65,54370.6,54450.75,mid_price,no_nse_iv
2026-10-05T10:50:33.431255+00:00,2026-10-05T16:20:33.431255+05:30,BANKNIFTY,27-Oct-2026,52800.0,PE,54714.1,239.45,240,243.25,240,239.35,241.35,2013,841,4546,-18.29663765147636,18.57,-0.1891547121128246,0.00010855762778591524,-13.668596219404732,36.31674802473944,-1.2168789838188643,0.0042021940695224635,143.84879822871,-4.0168169979242975e-08,-0.00015458512673556236,9.87121735086837e-07,-1.323138709254522,-39.07979726474969,0.20102761305345448,0.00011657113341779514,0.06017778312864663,54925,0.06393011186124885,0.0073,index_dividend_yield,0.065,14.67,30,54840.65,55192.65,54370.6,54450.75,mid_price,ok
2026-10-05T10:50:33.431255+00:00,2026-10-05T16:20:33.431255+05:30,BANKNIFTY,27-Oct-2026,52900.0,CE,54714.1,2116.75,150,2396,300,0.0,2256.375,0,0,0,0,0,,,,,,,,,,,,,,,0.06017778312864663,54925,0.06393011186124885,0.0073,index_dividend_yield,0.065,14.67,30,54840.65,55192.65,54370.6,54450.75,mid_price,no_nse_iv
2026-10-05T10:50:33.431255+00:00,2026-10-05T16:20:33.431255+05:30,BANKNIFTY,27-Oct-2026,52900.0,PE,54714.1,254.6,30,258.95,240,253.95,256.775,879,146,3077,-18.186211340206185,18.44,-0.19903261750898313,0.0001127658043423063,-13.952955606767691,37.46045458627036,-1.2101383558779932,0.004101315566744951,137.2144231531216,-4.036578528312924e-08,-0.0001984684806129324,1.1680337074682263e-06,-1.3174506584009933,-38.80395106530708,0.2111631236609404,0.00012063257481833289,0.06017778312864663,54925,0.06393011186124885,0.0073,index_dividend_yield,0.065,14.67,30,54840.65,55192.65,54370.6,54450.75,mid_price,ok
2026-10-05T10:50:33.431255+00:00,2026-10-05T16:20:33.431255+05:30,BANKNIFTY,27-Oct-2026,53000.0,CE,54714.1,2162.5,30,2190.2,30,2190.9,2176.35,2064,21,1240,4.2888423457730385,15.07,0.8344562507595565,0.00012275515115682593,-18.280095384642216,33.326344722009196,-1.542890187057555,0.004248640219027822,201.58452820081152,-6.094996797634404e-08,-7.20135176361837e-05,7.60006365116265e-07,-1.3108361739722127,21.98023406126286,-0.8222520760482841,0.0001308237235174953,0.06017778312864663,54925,0.06393011186124885,0.0073,index_dividend_yield,0.065,14.67,30,54840.65,55192.65,54370.6,54450.75,mid_price,ok
2026-10-05T10:50:33.431255+00:00,2026-10-05T16:20:33.431255+05:30,BANKNIFTY,27-Oct-2026,53000.0,PE,54714.1,271.45,240,275.8,240,273.05,273.625,18178,1752,40981,-17.457678355501812,18.42,-0.21065173784711103,0.00011676165335000238,-14.370622395833802,38.74579411359914,-1.188958250930655,0.003972220795228021,128.28157852103672,-3.99078827778176e-08,-0.0002472983316074981,1.3674935077322948e-06,-1.3102350416847912,-38.216276756676095,0.22315489721137016,0.00012443627914067337,0.06017778312864663,54925,0.06393011186124885,0.0073,index_dividend_yield,0.065,14.67,30,54840.65,55192.65,54370.6,54450.75,mid_price,ok
2026-10-05T10:50:33.431255+00:00,2026-10-05T16:20:33.431255+05:30,BANKNIFTY,27-Oct-2026,53100.0,CE,54714.1,2071.8,150,2110.65,150,2146.75,2091.2250000000004,12,5,12,7.595729751403368,16.22,0.804678288776148,0.00012657522686757909,-20.253249078815447,36.98573629758358,-1.393010656762339,0.004065593756608199,160.74881385777928,-5.1995047716526136e-08,-0.00023022381427798618,1.2846883459175342e-06,-1.3084591554642415,21.613644848960856,-0.790776584128529,0.0001343872886935029,0.06017778312864663,54925,0.06393011186124885,0.0073,index_dividend_yield,0.065,14.67,30,54840.65,55192.65,54370.6,54450.75,mid_price,ok
2026-10-05T10:50:33.431255+00:00,2026-10-05T16:20:33.431255+05:30,BANKNIFTY,27-Oct-2026,53100.0,PE,54714.1,288.6,240,293.1,240,291.75,290.85,697,-137,4459,-16.127641224665805,18.35,-0.22207981913247854,0.00012084600854505648,-14.708935198872732,39.94873978378352,-1.1676010610127268,0.0038285165724612218,119.8682549534773,-3.954168834259413e-08,-0.0002959522516276242,1.5631930994463567e-06,-1.3020659159527526,-37.766932733448975,0.23488947638856433,0.00012830447031149486,0.06017778312864663,54925,0.06393011186124885,0.0073,index_dividend_yield,0.065,14.67,30,54840.65,55192.65,54370.6,54450.75,mid_price,ok
2026-10-05T10:50:33.431255+00:00,2026-10-05T16:20:33.431255+05:30,BANKNIFTY,27-Oct-2026,53200.0,CE,54714.1,2000.65,150,2031.55,30,2199.8,2016.1,55,1,8,12.740877408774088,19.64,0.7509843527002836,0.00012015871671225572,-25.12896729262112,42.51395117516556,-1.0167898392026142,0.0035225488139473122,92.61726948504645,-3.29777437847406e-08,-0.00035003888588947815,1.8350281095145655e-06,-1.2864178117203764,19.588274767038328,-0.7329281665191237,0.0001270956060981419,0.06017778312864663,54925,0.06393011186124885,0.0073,index_dividend_yield,0.065,14.67,30,54840.65,55192.65,54370.6,54450.75,mid_price,ok
2026-10-05T10:50:33.431255+00:00,2026-10-05T16:20:33.431255+05:30,BANKNIFTY,27-Oct-2026,53200.0,PE,54714.1,307.25,240,311.6,240,314.05,309.425,1594,830,6975,-15.259039395574744,18.35,-0.23471732551314933,0.00012466277322371164,-15.12237054773445,41.210468994365456,-1.1345440814556074,0.0036571684722194464,110.10971567623429,-3.867899199186994e-08,-0.00034627417121623394,1.7655190980970072e-06,-1.2926609283834267,-37.130538023408086,0.24789882398914972,0.00013185968654013435,0.06017778312864663,54925,0.06393011186124885,0.0073,index_dividend_yield,0.065,14.67,30,54840.65,55192.65,54370.6,54450.75,mid_price,ok
2026-10-05T10:50:33.431255+00:00,2026-10-05T16:20:33.431255+05:30,BANKNIFTY,27-Oct-2026,53300.0,CE,54714.1,1921.65,180,1950.45,30,2015.45,1936.0500000000002,75,-4,15,7.276114437791085,16.93,0.7684509752586999,0.0001339615703651686,-22.052376205817804,40.857509708078695,-1.2466540717972485,0.0036621144216826274,122.96518697970527,-4.549979433283224e-08,-0.000388091259751936,1.8730930779862099e-06,-1.2889402330036575,22.009718827548177,-0.7529982427615273,0.00014116412208412443,0.06017778312864663,54925,0.06393011186124885,0.0073,index_dividend_yield,0.065,14.67,30,54840.65,55192.65,54370.6,54450.75,mid_price,ok
2026-10-05T10:50:33.431255+00:00,2026-10-05T16:20:33.431255+05:30,BANKNIFTY,27-Oct-2026,53300.0,PE,54714.1,326.7,210,331.6,210,327.05,329.15,935,354,4019,-16.834075015893198,18.09,-0.244833758157606,0.000129399035940755,-15.18354732946713,42.170069049652355,-1.1221934761834333,0.003497983594275972,104.00564409168922,-3.895408985668244e-08,-0.0003961648690846398,1.95238460192653e-06,-1.283749442101147,-37.17703209977958,0.25808977350546,0.00013635627932186603,0.06017778312864663,54925,0.06393011186124885,0.0073,index_dividend_yield,0.065,14.67,30,54840.65,55192.65,54370.6,54450.75,mid_price,ok
2026-10-05T10:50:33.431255+00:00,2026-10-05T16:20:33.431255+05:30,BANKNIFTY,27-Oct-2026,53400.0,CE,54714.1,1841.9,180,1865.45,30,1956.45,1853.6750000000002,79,-1,27,9.580486165565139,17.36,0.7494159010970295,0.00013639507855195336,-23.0085337426102,42.65629445306075,-1.1553768560092492,0.0034019953719163216,104.47489508016616,-4.1681737528265995e-08,-0.00045162428831795336,2.1287199102064305e-06,-1.2764310207655853,22.116852249462173,-0.7331397567928095,0.00014319066495731785,0.06017778312864663,54925,0.06393011186124885,0.0073,index_dividend_yield,0.065,14.67,30,54840.65,55192.65,54370.6,54450.75,mid_price,ok
2026-10-05T10:50:33.431255+00:00,2026-10-05T16:20:33.431255+05:30,BANKNIFTY,27-Oct-2026,53400.0,PE,54714.1,346.9,210,352.45,210,347.65,349.67499999999995,1413,242,4254,-16.016427104722794,17.99,-0.2572119841744815,0.00013355796091900986,-15.43305385221249,43.28482318325509,-1.0890028658135098,0.003300279891387925,95.24634372007768,-3.826891360411098e-08,-0.0004485147287552985,2.151381972920755e-06,-1.273559330929558,-36.7934911582433,0.2707043384652551,0.0001402121941449082,0.06017778312864663,54925,0.06393011186124885,0.0073,index_dividend_yield,0.065,14.67,30,54840.65,55192.65,54370.6,54450.75,mid_price,ok
2026-10-05T10:50:33.431255+00:00,2026-10-05T16:20:33.431255+05:30,BANKNIFTY,27-Oct-2026,53500.0,CE,54714.1,1767.85,30,1786.45,30,1775,1777.15,1787,-43,940,3.37798485730926,14.72,0.7686885831729487,0.000153985582653773,-20.034061710571336,40.8340611871434,-1.4458246087646343,0.0035291130858638997,142.76343908156974,-5.967887830879106e-08,-0.0005077281232874532,2.200406821598462e-06,-1.27565652193271,25.19604506643956,-0.7549321430772459,0.00016105381484394032,0.06017778312864663,54925,0.06393011186124885,0.0073,index_dividend_yield,0.065,14.67,30,54840.65,55192.65,54370.6,54450.75,mid_price,ok
2026-10-05T10:50:33.431255+00:00,2026-10-05T16:20:33.431255+05:30,BANKNIFTY,27-Oct-2026,53500.0,PE,54714.1,370.35,30,374.55,30,371.15,372.45000000000005,10518,1672,30211,-16.000905284598847,17.94,-0.2705485894011367,0.0001374257466535998,-15.725240328820414,44.41454818009996,-1.0454753256406712,0.0030763795347890643,85.71139694892338,-3.7156354597510414e-08,-0.0005008295768792355,2.3498698780774073e-06,-1.2628166032640493,-36.27745691867613,0.28431527542782725,0.00014373385075993546,0.06017778312864663,54925,0.06393011186124885,0.0073,index_dividend_yield,0.065,14.67,30,54840.65,55192.65,54370.6,54450.75,mid_price,ok
2026-10-05T10:50:33.431255+00:00,2026-10-05T16:20:33.431255+05:30,BANKNIFTY,27-Oct-2026,53600.0,CE,54714.1,1695.05,90,1720.15,180,1686.6,1707.6,220,3,40,2.482150994987088,14.43,0.7567522277446049,0.00016149419790632865,-20.053642967017623,41.98150073133326,-1.4340109148303637,0.0033296599815677563,134.15049113781308,-6.05538744831298e-08,-0.0006031040349609921,2.4871809545575093e-06,-1.2648778264123166,26.16719448904532,-0.742960664962308,0.00016827742745469714,0.06017778312864663,54925,0.06393011186124885,0.0073,index_dividend_yield,0.065,14.67,30,54840.65,55192.65,54370.6,54450.75,mid_price,ok
2026-10-05T10:50:33.431255+00:00,2026-10-05T16:20:33.431255+05:30,BANKNIFTY,27-Oct-2026,53600.0,PE,54714.1,389.25,30,401.7,240,396.1,395.475,1294,588,5265,-14.78971711304722,17.89,-0.28427207752319533,0.0001411831535756019,-15.993948352614686,45.501731512647005,-0.9966618519715309,0.002832880507673441,76.22917338421331,-3.587026065405286e-08,-0.0005526563292963083,2.543680450370968e-06,-1.252001556902819,-35.76185460253891,0.2982950547286347,0.0001471132597433873,0.06017778312864663,54925,0.06393011186124885,0.0073,index_dividend_yield,0.065,14.67,30,54840.65,55192.65,54370.6,54450.75,mid_price,ok
2026-10-05T10:50:33.431255+00:00,2026-10-05T16:20:33.431255+05:30,BANKNIFTY,27-Oct-2026,53700.0,CE,54714.1,1620.85,90,1641.95,180,1630,1631.4,2306,-304,451,3.050418839892524,14.88,0.7339879639199813,0.00016414617828723748,-20.980614258893535,44.0015942051833,-1.298584612028697,0.002994407122735243,109.0965196095155,-5.399234072668503e-08,-0.0006961599656914446,2.806680753536766e-06,-1.2510972189722693,26.272638040094805,-0.7193840545506439,0.00017040436845542248,0.06017778312864663,54925,0.06393011186124885,0.0073,index_dividend_yield,0.065,14.67,30,54840.65,55192.65,54370.6,54450.75,mid_price,ok
2026-10-05T10:50:33.431255+00:00,2026-10-05T16:20:33.431255+05:30,BANKNIFTY,27-Oct-2026,53700.0,PE,54714.1,415.05,30,424.95,300,423.5,420.0,1509,373,7580,-14.123491838183108,17.86,-0.29855990085834866,0.00014469202059859686,-16.262070618271284,46.55440073518416,-0.9406692963400132,0.0025677489319939073,66.6866745559247,-3.4313533490215195e-08,-0.0006028921175023675,2.7302655216402062e-06,-1.2413022655165449,-35.198313270554735,0.31284047308095597,0.0001502085071240426,0.06017778312864663,54925,0.06393011186124885,0.0073,index_dividend_yield,0.065,14.67,30,54840.65,55192.65,54370.6,54450.75,mid_price,ok
2026-10-05T10:50:33.431255+00:00,2026-10-05T16:20:33.431255+05:30,BANKNIFTY,27-Oct-2026,53800.0,CE,54714.1,1547.55,90,1568.6,270,1554,1558.0749999999998,495,-9,162,2.8526044079687605,14.82,0.717753428569274,0.00016971902183314522,-21.235321592696586,45.312020510365784,-1.2318702603651976,0.002703031541961831,95.42479186017871,-5.1893939929917733e-08,-0.0007877969824925248,3.0875264173963882e-06,-1.2388515310751629,26.99483890747058,-0.7029082654033534,0.00017553530913009516,0.06017778312864663,54925,0.06393011186124885,0.0073,index_dividend_yield,0.065,14.67,30,54840.65,55192.65,54370.6,54450.75,mid_price,ok
2026-10-05T10:50:33.431255+00:00,2026-10-05T16:20:33.431255+05:30,BANKNIFTY,27-Oct-2026,53800.0,PE,54714.1,445.1,300,450.4,30,445.1,447.75,2470,709,10295,-14.943626982610358,17.68,-0.31185709464345296,0.00014901802457811212,-16.317822902873218,47.46306359928103,-0.8937460246701279,0.002302619978751197,58.80609139116544,-3.3293503986298575e-08,-0.0006582436406463198,2.9190268419064004e-06,-1.2314333832515345,-34.99495325178585,0.3262186670987523,0.00015412488669650423,0.06017778312864663,54925,0.06393011186124885,0.0073,index_dividend_yield,0.065,14.67,30,54840.65,55192.65,54370.6,54450.75,mid_price,ok
2026-10-05T10:50:33.431255+00:00,2026-10-05T16:20:33.431255+05:30,BANKNIFTY,27-Oct-2026,53900.0,CE,54714.1,1476.15,30,1496.5,30,1471.85,1486.325,525,-13,162,2.854647099930119,14.58,0.703054844826929,0.00017668529842790104,-21.2387257172592,46.40797760731198,-1.181823656861647,0.00240902380260144,84.72479345395811,-5.098437533935835e-08,-0.0008892886001843434,3.3727879842988444e-06,-1.2272061204338485,27.992286137229254,-0.6881783414460535,0.00018206287801576462,0.06017778312864663,54925,0.06393011186124885,0.0073,index_dividend_yield,0.065,14.67,30,54840.65,55192.65,54370.6,54450.75,mid_price,ok
2026-10-05T10:50:33.431255+00:00,2026-10-05T16:20:33.431255+05:30,BANKNIFTY,27-Oct-2026,53900.0,PE,54714.1,472.7,60,478.55,30,478.65,475.625,1742,150,5980,-13.554271266028536,17.73,-0.32756445210138624,0.00015168782382529025,-16.627950977289046,48.450042345369255,-0.8200151345860995,0.001991740641738793,49.11676069535176,-3.101434247330672e-08,-0.0007017834909519454,3.082164178910628e-06,-1.2216639757522003,-34.24207142022729,0.3422225776270282,0.00015630458227881375,0.06017778312864663,54925,0.06393011186124885,0.0073,index_dividend_yield,0.065,14.67,30,54840.65,55192.65,54370.6,54450.75,mid_price,ok
2026-10-05T10:50:33.431255+00:00,2026-10-05T16:20:33.431255+05:30,BANKNIFTY,27-Oct-2026,54000.0,CE,54714.1,1406.3,90,1420,30,1413.7,1413.15,8039,896,11326,3.7349574405635457,14.84,0.682113690009713,0.00017888992508568324,-21.820816413285996,47.824945928677934,-1.0518326389244992,0.002020278445300283,66.9853253882664,-4.546590645991807e-08,-0.0009549255468091071,3.5988015785164006e-06,-1.2155407612765003,28.30128904047955,-0.6667134277736321,0.0001836525159052708,0.06017778312864663,54925,0.06393011186124885,0.0073,index_dividend_yield,0.065,14.67,30,54840.65,55192.65,54370.6,54450.75,mid_price,ok
2026-10-05T10:50:33.431255+00:00,2026-10-05T16:20:33.431255+05:30,BANKNIFTY,27-Oct-2026,54000.0,PE,54714.1,498.1,30,503.85,120,497.35,500.975,21417,1866,63463,-14.88833746898263,17.44,-0.34088984815867823,0.0001566459986218779,-16.492986672811984,49.21534012561812,-0.7713153023255759,0.0017010484778726687,42.40833593850013,-3.0067959892143154e-08,-0.000763238083369147,3.2710661353516466e-06,-1.2132845486188586,-34.278223862159265,0.35547410466108403,0.00016081638884706442,0.06017778312864663,54925,0.06393011186124885,0.0073,index_dividend_yield,0.065,14.67,30,54840.65,55192.65,54370.6,54450.75,mid_price,ok
2026-10-05T10:50:33.431255+00:00,2026-10-05T16:20:33.431255+05:30,BANKNIFTY,27-Oct-2026,54100.0,CE,54714.1,1338.1,90,1356.95,90,1335,1347.525,661,-6,363,3.00131162718926,14.62,0.6659157774332718,0.00018531196665929494,-21.781790993235933,48.80738529383083,-0.9790301552560776,0.0016693591390752882,56.4367323997601,-4.3524484154987655e-08,-0.0010532796759501692,3.860779522201217e-06,-1.205564643626424,29.330693649773753,-0.6505132898008548,0.00018954287100444937,0.06017778312864663,54925,0.06393011186124885,0.0073,index_dividend_yield,0.065,14.67,30,54840.65,55192.65,54370.6,54450.75,mid_price,ok
2026-10-05T10:50:33.431255+00:00,2026-10-05T16:20:33.431255+05:30,BANKNIFTY,27-Oct-2026,54100.0,PE,54714.1,532.75,60,537.25,30,533.05,535.0,1261,-1,9311,-13.261736229761615,17.47,-0.35709040134402736,0.00015905540566131318,-16.714956679175497,50.058293828621665,-0.6895119151369145,0.0013597503585296433,33.85689195108199,-2.7528201835519663e-08,-0.0008028929903023058,3.41164206208816e-06,-1.2056793298910407,-33.57155883800732,0.3719012397792657,0.00016268683982643652,0.06017778312864663,54925,0.06393011186124885,0.0073,index_dividend_yield,0.065,14.67,30,54840.65,55192.65,54370.6,54450.75,mid_price,ok
2026-10-05T10:50:33.431255+00:00,2026-10-05T16:20:33.431255+05:30,BANKNIFTY,27-Oct-2026,54200.0,CE,54714.1,1266.85,210,1293.05,30,1283,1279.9499999999998,2413,-66,1117,4.0973630831643,14.92,0.6444368505069614,0.00018587798775281222,-22.329891167188023,49.96104228176532,-0.8345721146809648,0.0012401620241865308,41.57141713116985,-3.748513938231187e-08,-0.0010912052736677675,4.008767317722334e-06,-1.1974813641681052,29.553460607996154,-0.628536855388542,0.0001894209057477917,0.06017778312864663,54925,0.06393011186124885,0.0073,index_dividend_yield,0.065,14.67,30,54840.65,55192.65,54370.6,54450.75,mid_price,ok
2026-10-05T10:50:33.431255+00:00,2026-10-05T16:20:33.431255+05:30,BANKNIFTY,27-Oct-2026,54200.0,PE,54714.1,566,60,569.35,30,567.2,567.675,3721,-53,16742,-13.179243838971376,17.44,-0.3731016991686202,0.000161685216242826,-16.82967567377793,50.79857117756874,-0.6086006341054495,0.0010106674011198247,26.4031810181784,-2.509895387826194e-08,-0.000843079925444076,3.5442923567905425e-06,-1.1995735914003518,-33.00768168801696,0.3880513553915194,0.00016476700913866174,0.06017778312864663,54925,0.06393011186124885,0.0073,index_dividend_yield,0.065,14.67,30,54840.65,55192.65,54370.6,54450.75,mid_price,ok
2026-10-05T10:50:33.431255+00:00,2026-10-05T16:20:33.431255+05:30,BANKNIFTY,27-Oct-2026,54300.0,CE,54714.1,1205.75,30,1226.65,210,1218.2,1216.2,1295,-152,2162,3.9641561766588436,14.91,0.6255939632190779,0.0001892599697391773,-22.463609236359897,50.835969950609524,-0.7223646043703069,0.0008276876594187632,31.11745285147194,-3.348148585928304e-08,-0.0011535446586345259,4.182605347250552e-06,-1.1913705316089747,30.27291776483054,-0.6095421057911244,0.00019215762697427874,0.06017778312864663,54925,0.06393011186124885,0.0073,index_dividend_yield,0.065,14.67,30,54840.65,55192.65,54370.6,54450.75,mid_price,ok
2026-10-05T10:50:33.431255+00:00,2026-10-05T16:20:33.431255+05:30,BANKNIFTY,27-Oct-2026,54300.0,PE,54714.1,598.9,60,603.7,60,602.75,601.3,2307,-352,16960,-12.828114831151927,17.4,-0.3893082878339815,0.00016415193218129314,-16.89666803495845,51.45528071797474,-0.5243729769520145,0.0006497528036236155,19.75496963303769,-2.2560130494934192e-08,-0.00088040587351655,3.66210524868537e-06,-1.1951166272880798,-32.468869820258895,0.4043588520973264,0.00016666517380653758,0.06017778312864663,54925,0.06393011186124885,0.0073,index_dividend_yield,0.065,14.67,30,54840.65,55192.65,54370.6,54450.75,mid_price,ok
2026-10-05T10:50:33.431255+00:00,2026-10-05T16:20:33.431255+05:30,BANKNIFTY,27-Oct-2026,54400.0,CE,54714.1,1143.55,30,1155.15,30,1148.25,1149.35,1444,-56,7483,3.6841392387918193,14.76,0.6073094888205728,0.00019392370335095073,-22.38876548807786,51.5646362290071,-0.6163809952967614,0.00040610885770853145,22.587058086624978,-2.9960168887416036e-08,-0.0012289517236278402,4.365376257652601e-06,-1.1872702366660874,31.26061495036279,-0.5912765554286545,0.00019616955935833577,0.06017778312864663,54925,0.06393011186124885,0.0073,index_dividend_yield,0.065,14.67,30,54840.65,55192.65,54370.6,54450.75,mid_price,ok
2026-10-05T10:50:33.431255+00:00,2026-10-05T16:20:33.431255+05:30,BANKNIFTY,27-Oct-2026,54400.0,PE,54714.1,632.05,30,639.7,30,639.4,635.875,2433,-171,20506,-12.272758455100501,17.36,-0.4057545448889747,0.00016636044106448607,-16.92678748711046,52.027683364578024,-0.4363974939262105,0.00027778439198145044,13.942023193948216,-1.988152815000157e-08,-0.0009137454434394077,3.76228625530964e-06,-1.1925018373341558,-31.932898725538223,0.42087716965606004,0.00016828708329284607,0.06017778312864663,54925,0.06393011186124885,0.0073,index_dividend_yield,0.065,14.67,30,54840.65,55192.65,54370.6,54450.75,mid_price,ok
2026-10-05T10:50:33.431255+00:00,2026-10-05T16:20:33.431255+05:30,BANKNIFTY,27-Oct-2026,54500.0,CE,54714.1,1081.85,30,1092.8,90,1084.2,1087.3249999999998,9910,-2118,41620,3.8605230386052303,14.7,0.5879915135993646,0.00019714315007119922,-22.37731425897844,52.207600236811814,-0.4947953808027705,-3.7520126121792785e-05,14.813384597626822,-2.5615584074533303e-08,-0.0012852280739087567,4.498644142594512e-06,-1.1859869273174084,32.117755055064556,-0.5719221172789657,0.00019869512272881909,0.06017778312864663,54925,0.06393011186124885,0.0073,index_dividend_yield,0.065,14.67,30,54840.65,55192.65,54370.6,54450.75,mid_price,ok
2026-10-05T10:50:33.431255+00:00,2026-10-05T16:20:33.431255+05:30,BANKNIFTY,27-Oct-2026,54500.0,PE,54714.1,664.65,60,673.05,120,673.35,668.8499999999999,14522,335,78712,-13.060038734667527,17.23,-0.4221021067744053,0.00016914957648631615,-16.81174720329982,52.50381932169592,-0.34913812372716624,-0.00010193555063103821,9.187191002165918,-1.7291298671269456e-08,-0.0009521480113327098,3.863003606026963e-06,-1.1917406360949983,-31.57945585532595,0.43717917013277885,0.0001704811749601152,0.06017778312864663,54925,0.06393011186124885,0.0073,index_dividend_yield,0.065,14.67,30,54840.65,55192.65,54370.6,54450.75,mid_price,ok
2026-10-05T10:50:33.431255+00:00,2026-10-05T16:20:33.431255+05:30,BANKNIFTY,27-Oct-2026,54600.0,CE,54714.1,1030,30,1037.25,30,1037.15,1033.625,2235,65,28425,4.9800091097727615,14.93,0.5672914411253525,0.00019613629554501725,-22.66503883567395,52.75364600234988,-0.3514391698217212,-0.0004906569480790379,8.02474047546653,-2.0018676788110783e-08,-0.0012839257816642008,4.5127600595701864e-06,-1.188422962127369,32.41296018484965,-0.5509383658988467,0.0001969569012104273,0.06017778312864663,54925,0.06393011186124885,0.0073,index_dividend_yield,0.065,14.67,30,54840.65,55192.65,54370.6,54450.75,mid_price,ok
2026-10-05T10:50:33.431255+00:00,2026-10-05T16:20:33.431255+05:30,BANKNIFTY,27-Oct-2026,54600.0,PE,54714.1,708.15,90,715.4,30,711.75,711.775,3071,673,41150,-12.097072989996295,17.16,-0.43895728893843083,0.00017111701246858862,-16.729279082775026,52.89872169084394,-0.25501348306311566,-0.000492638723968486,5.241275660477385,-1.4382189897194503e-08,-0.0009802632871055853,3.93209709012495e-06,-1.1932407252310426,-31.10238848040794,0.4540173886734576,0.00017183294110122434,0.06017778312864663,54925,0.06393011186124885,0.0073,index_dividend_yield,0.065,14.67,30,54840.65,55192.65,54370.6,54450.75,mid_price,ok
2026-10-05T10:50:33.431255+00:00,2026-10-05T16:20:33.431255+05:30,BANKNIFTY,27-Oct-2026,54700.0,CE,54714.1,971,120,974.85,60,971.45,972.925,2601,-195,30039,4.339186939476934,14.76,0.5479611453396955,0.00019981588988718073,-22.431856943764284,53.13137845847198,-0.22773995841540717,-0.0009522165579435304,3.702444420706996,-1.5685485472621108e-08,-0.0013399025878143254,4.612895037295746e-06,-1.1928210096440637,33.518572320454716,-0.5317501932490754,0.00019991891610904696,0.06017778312864663,54925,0.06393011186124885,0.0073,index_dividend_yield,0.065,14.67,30,54840.65,55192.65,54370.6,54450.75,mid_price,ok
2026-10-05T10:50:33.431255+00:00,2026-10-05T16:20:33.431255+05:30,BANKNIFTY,27-Oct-2026,54700.0,PE,54714.1,745.2,30,753.3,120,753.75,749.25,4037,509,47612,-12.032444418509657,17.13,-0.45609386274552965,0.0001723962700613619,-16.654857280625368,53.20101679778366,-0.15677902825142476,-0.0008889584598910649,2.3100274108216468,-1.1280644112231873e-08,-0.0009989477662408612,3.971093450337468e-06,-1.1970992885329537,-30.54954822082596,0.4711449217692982,0.00017248515856956953,0.06017778312864663,54925,0.06393011186124885,0.0073,index_dividend_yield,0.065,14.67,30,54840.65,55192.65,54370.6,54450.75,mid_price,ok
2026-10-05T10:50:33.431255+00:00,2026-10-05T16:20:33.431255+05:30,BANKNIFTY,27-Oct-2026,54800.0,CE,54714.1,915,120,917.9,30,918.75,916.45,4268,-226,42688,4.551920341394026,14.8,0.5279030290531448,0.00020024349169153472,-22.402576401131622,53.389374097253146,-0.0921300240489531,-0.001411241802953378,0.8728314499926171,-1.0639625257988093e-08,-0.0013497842605301514,4.6142608648534614e-06,-1.200879177958413,34.20517170592193,-0.5116662963519665,0.00019961621305790355,0.06017778312864663,54925,0.06393011186124885,0.0073,index_dividend_yield,0.065,14.67,30,54840.65,55192.65,54370.6,54450.75,mid_price,ok
2026-10-05T10:50:33.431255+00:00,2026-10-05T16:20:33.431255+05:30,BANKNIFTY,27-Oct-2026,54800.0,PE,54714.1,794,30,800.25,30,800.55,797.125,3923,608,52060,-11.3160518444666,17.15,-0.4733691725468481,0.00017285575676261524,-16.600594902021367,53.40509312737552,-0.05617195039558931,-0.001285444928116719,0.49972850008472847,-8.05763741821179e-09,-0.0010063219223743476,3.9762908279626955e-06,-1.2033542884693489,-29.910789460457945,0.48842838418636697,0.00017231427238276648,0.06017778312864663,54925,0.06393011186124885,0.0073,index_dividend_yield,0.065,14.67,30,54840.65,55192.65,54370.6,54450.75,mid_price,ok
2026-10-05T10:50:33.431255+00:00,2026-10-05T16:20:33.431255+05:30,BANKNIFTY,27-Oct-2026,54900.0,CE,54714.1,859.75,120,863.7,30,865.05,861.725,3370,129,29948,4.6769119070667955,14.78,0.5078926750172941,0.00020097295365329037,-22.25539180673151,53.511454272365015,0.04292239902331518,-0.001872875614074676,-0.1172078995494985,-5.6455963326790085e-09,-0.001360265336330612,4.599651227320267e-06,-1.2119842092373645,35.03447293631381,-0.4917250191166245,0.00019961420621425767,0.06017778312864663,54925,0.06393011186124885,0.0073,index_dividend_yield,0.065,14.67,30,54840.65,55192.65,54370.6,54450.75,mid_price,ok
2026-10-05T10:50:33.431255+00:00,2026-10-05T16:20:33.431255+05:30,BANKNIFTY,27-Oct-2026,54900.0,PE,54714.1,833.1,30,840.7,120,832.1,836.9000000000001,2741,299,36149,-12.699994754235954,16.86,-0.49076001311718265,0.00017617051600503505,-16.131352925265077,53.50883569668299,0.0443044266911774,-0.0017039121385096223,-0.13452675851866047,-4.921568631265356e-09,-0.0010453819086369452,4.032013731073439e-06,-1.2119219824345606,-29.831883876082465,0.505493373235042,0.00017497945405812323,0.06017778312864663,54925,0.06393011186124885,0.0073,index_dividend_yield,0.065,14.67,30,54840.65,55192.65,54370.6,54450.75,mid_price,ok
2026-10-05T10:50:33.431255+00:00,2026-10-05T16:20:33.431255+05:30,BANKNIFTY,27-Oct-2026,55000.0,CE,54714.1,806.9,120,808,30,806.7,807.45,26082,2571,120465,3.5957364838833956,14.64,0.48762852492466,0.00020284258563874557,-21.914906096005172,53.49767636404903,0.18076180605536285,-0.002347571869253773,0.739515737983254,-5.200880768015895e-10,-0.0013827971078035448,4.586342399857192e-06,-1.2264560779268265,36.17541306702587,-0.47168425586202234,0.00020073924138612224,0.06017778312864663,54925,0.06393011186124885,0.0073,index_dividend_yield,0.065,14.67,30,54840.65,55192.65,54370.6,54450.75,mid_price,ok
2026-10-05T10:50:33.431255+00:00,2026-10-05T16:20:33.431255+05:30,BANKNIFTY,27-Oct-2026,55000.0,PE,54714.1,886.65,60,887.35,120,885.95,887.0,29433,4757,127780,-11.245241434582248,16.95,-0.50817146973523,0.0001752411368495708,-16.081076776270407,53.51067988968562,0.14730148011093958,-0.0020946466391833507,0.41608746369803384,-1.5475042317203098e-09,-0.0010325442137663903,3.974587176756151e-06,-1.2229955707529214,-29.073705417245375,0.5229177751991674,0.00017342400147410197,0.06017778312864663,54925,0.06393011186124885,0.0073,index_dividend_yield,0.065,14.67,30,54840.65,55192.65,54370.6,54450.75,mid_price,ok
2026-10-05T10:50:33.431255+00:00,2026-10-05T16:20:33.431255+05:30,BANKNIFTY,27-Oct-2026,55100.0,CE,54714.1,750.9,30,760.85,60,759.4,755.875,3244,680,35503,3.7857045237119036,14.67,0.4675872509006757,0.00020186147889246717,-21.736055018662142,53.348015548528316,0.31648700263342544,-0.0027940797182888777,3.4333222362974425,4.587305117492382e-09,-0.0013630867138598004,4.485419814705116e-06,-1.243818256591851,36.919562012460084,-0.45173611704116634,0.00019904385424194697,0.06017778312864663,54925,0.06393011186124885,0.0073,index_dividend_yield,0.065,14.67,30,54840.65,55192.65,54370.6,54450.75,mid_price,ok
2026-10-05T10:50:33.431255+00:00,2026-10-05T16:20:33.431255+05:30,BANKNIFTY,27-Oct-2026,55100.0,PE,54714.1,930.05,60,935.3,120,936.2,932.675,2149,778,37448,-11.041429114405169,16.95,-0.525575122059398,0.00017491310401224178,-15.88243206239938,53.41051356762685,0.24959320184747558,-0.002486950279646627,2.1686267493201683,1.790071621351303e-09,-0.001024868992348927,3.915892899419095e-06,-1.2363448578772704,-28.486024066148843,0.5402152496291796,0.0001724716304023787,0.06017778312864663,54925,0.06393011186124885,0.0073,index_dividend_yield,0.065,14.67,30,54840.65,55192.65,54370.6,54450.75,mid_price,ok
2026-10-05T10:50:33.431255+00:00,2026-10-05T16:20:33.431255+05:30,BANKNIFTY,27-Oct-2026,55200.0,CE,54714.1,707,120,712.8,30,706.7,709.9,4000,892,32771,3.0325120279924187,14.56,0.4471108785438803,0.0002022693799866498,-21.337151875537124,53.05498825765794,0.456616659110759,-0.0032546465702384952,8.118969266323717,9.952154992197209e-09,-0.0013583214851416044,4.388489688795426e-06,-1.2647668741810776,38.04919661945247,-0.43152774370703445,0.00019872408566570676,0.06017778312864663,54925,0.06393011186124885,0.0073,index_dividend_yield,0.065,14.67,30,54840.65,55192.65,54370.6,54450.75,mid_price,ok
2026-10-05T10:50:33.431255+00:00,2026-10-05T16:20:33.431255+05:30,BANKNIFTY,27-Oct-2026,55200.0,PE,54714.1,976.4,90,985.55,120,995.1,980.9749999999999,2303,830,30423,-9.896776530242665,17.07,-0.5424799893955077,0.000173048983192559,-15.795384880734813,53.21539344786536,0.3464566645623446,-0.002854468277407984,4.9890847252065385,4.927674660255453e-09,-0.0009975704573946507,3.8106709885104195e-06,-1.251337027559849,-27.71990362468351,0.5571025767586608,0.0001700158519425495,0.06017778312864663,54925,0.06393011186124885,0.0073,index_dividend_yield,0.065,14.67,30,54840.65,55192.65,54370.6,54450.75,mid_price,ok
2026-10-05T10:50:33.431255+00:00,2026-10-05T16:20:33.431255+05:30,BANKNIFTY,27-Oct-2026,55300.0,CE,54714.1,655.4,30,666.25,30,656.9,660.825,3696,1099,24001,2.424573165978015,14.47,0.4266222746128271,0.00020185591073983543,-20.916070744019343,52.61925641535543,0.5960701189527129,-0.0037015706131490744,14.761781734975443,1.537049510365311e-08,-0.0013384272435489632,4.247743258402472e-06,-1.2887042684819434,39.162308522421284,-0.4113239608639769,0.00019760126841037394,0.06017778312864663,54925,0.06393011186124885,0.0073,index_dividend_yield,0.065,14.67,30,54840.65,55192.65,54370.6,54450.75,mid_price,ok
2026-10-05T10:50:33.431255+00:00,2026-10-05T16:20:33.431255+05:30,BANKNIFTY,27-Oct-2026,55300.0,PE,54714.1,1027.2,30,1046.35,30,1046.45,1036.775,2372,1276,14159,-9.761565989738283,17.02,-0.5597948049632475,0.00017257839949538922,-15.459160113204204,52.915231111989044,0.44666218872702057,-0.003235129926506208,9.057307561530337,8.222176571716517e-09,-0.0009844669677871406,3.719841629159929e-06,-1.2689322791712172,-27.233475761345208,0.5742014246350553,0.0001689408574439694,0.06017778312864663,54925,0.06393011186124885,0.0073,index_dividend_yield,0.065,14.67,30,54840.65,55192.65,54370.6,54450.75,mid_price,ok
2026-10-05T10:50:33.431255+00:00,2026-10-05T16:20:33.431255+05:30,BANKNIFTY,27-Oct-2026,55400.0,CE,54714.1,613.15,30,618,30,618.55,615.575,1799,315,15666,3.3759505306258877,14.55,0.4073485620039267,0.00019868175985307164,-20.672384241896193,52.078167732426735,0.7189803326622113,-0.004092531507271402,22.573772433631234,2.000566664334542e-08,-0.0012794443176434812,4.036602705245209e-06,-1.313259588006936,39.795544111584405,-0.39219593035643974,0.0001937925102961532,0.06017778312864663,54925,0.06393011186124885,0.0073,index_dividend_yield,0.065,14.67,30,54840.65,55192.65,54370.6,54450.75,mid_price,ok
2026-10-05T10:50:33.431255+00:00,2026-10-05T16:20:33.431255+05:30,BANKNIFTY,27-Oct-2026,55400.0,PE,54714.1,1080.05,60,1100.4,90,1100.6,1090.225,1448,648,6429,-9.288716722986896,16.99,-0.5769565418562749,0.00017158200430431215,-15.1104701416897,52.516989205613484,0.54453066988569,-0.003602402327698817,14.23503466451237,1.1458302949261426e-08,-0.0009634226342179574,3.6035897463660258e-06,-1.288368482739621,-26.72154231714259,0.5911374379205131,0.0001673596376454884,0.06017778312864663,54925,0.06393011186124885,0.0073,index_dividend_yield,0.065,14.67,30,54840.65,55192.65,54370.6,54450.75,mid_price,ok
2026-10-05T10:50:33.431255+00:00,2026-10-05T16:20:33.431255+05:30,BANKNIFTY,27-Oct-2026,55500.0,CE,54714.1,568.4,30,574.9,30,569,571.65,19639,-811,56342,1.679771265189421,14.39,0.38650612192734113,0.00019807557154580263,-20.07164179887338,51.34834095053299,0.859533917810934,-0.004522004776925437,33.22647101289178,2.5695386858528716e-08,-0.0012483612515060572,3.838401922142418e-06,-1.3430075922807063,41.176346579872046,-0.37177936816022356,0.0001925056458852422,0.06017778312864663,54925,0.06393011186124885,0.0073,index_dividend_yield,0.065,14.67,30,54840.65,55192.65,54370.6,54450.75,mid_price,ok
2026-10-05T10:50:33.431255+00:00,2026-10-05T16:20:33.431255+05:30,BANKNIFTY,27-Oct-2026,55500.0,PE,54714.1,1144.85,90,1150,30,1142.4,1147.425,12597,-797,22733,-10.068487758797135,16.69,-0.5957558054894363,0.00017282944678751017,-14.37151687848018,51.964742674311125,0.6588079550466919,-0.0040106355642038904,21.4927749905236,1.550135031211155e-08,-0.0009640749781428888,3.504760521869804e-06,-1.3123844020804256,-26.593888465991522,0.6094044502649342,0.00016796944732846725,0.06017778312864663,54925,0.06393011186124885,0.0073,index_dividend_yield,0.065,14.67,30,54840.65,55192.65,54370.6,54450.75,mid_price,ok
2026-10-05T10:50:33.431255+00:00,2026-10-05T16:20:33.431255+05:30,BANKNIFTY,27-Oct-2026,55600.0,CE,54714.1,528.1,30,536.9,30,535,532.5,3461,-2,11810,3.0431432973805856,14.48,0.368024032642815,0.0001938748929686216,-19.767292359825518,50.57371274532452,0.9685293457766253,-0.004862974451162183,43.766869277341414,2.978505315045945e-08,-0.0011711785403517258,3.5743238220793166e-06,-1.3703646800193994,41.784118491804236,-0.35349272767268375,0.00018774591986185703,0.06017778312864663,54925,0.06393011186124885,0.0073,index_dividend_yield,0.065,14.67,30,54840.65,55192.65,54370.6,54450.75,mid_price,ok
2026-10-05T10:50:33.431255+00:00,2026-10-05T16:20:33.431255+05:30,BANKNIFTY,27-Oct-2026,55600.0,PE,54714.1,1198.45,30,1215.75,30,1201.85,1207.1,958,140,1905,-10.081550202005088,16.7,-0.6126074542909995,0.00017073443853170872,-13.99872981517818,51.36559301350754,0.7511888422846447,-0.004345606996779772,28.920032772262516,1.8612766966269826e-08,-0.0009262625904298937,3.336286350264948e-06,-1.335128704786392,-26.023617583111985,0.6260118633044257,0.00016533700534097183,0.06017778312864663,54925,0.06393011186124885,0.0073,index_dividend_yield,0.065,14.67,30,54840.65,55192.65,54370.6,54450.75,mid_price,ok
2026-10-05T10:50:33.431255+00:00,2026-10-05T16:20:33.431255+05:30,BANKNIFTY,27-Oct-2026,55700.0,CE,54714.1,491.85,210,495.6,30,491.2,493.725,5001,-440,11372,1.592554291623578,14.35,0.34771665872841634,0.0001917957301302697,-19.125369249651488,49.58217113859145,1.0974095330870681,-0.005237778174943586,57.60647121309859,3.5128169227159214e-08,-0.0011137586795867524,3.3055358604511962e-06,-1.403030890794362,43.13664764663378,-0.33364387152927116,0.00018506618131950233,0.06017778312864663,54925,0.06393011186124885,0.0073,index_dividend_yield,0.065,14.67,30,54840.65,55192.65,54370.6,54450.75,mid_price,ok
2026-10-05T10:50:33.431255+00:00,2026-10-05T16:20:33.431255+05:30,BANKNIFTY,27-Oct-2026,55700.0,PE,54714.1,1258.8,90,1274.5,30,1273.85,1266.65,1098,12,1453,-8.684587813620071,16.91,-0.6275381869593082,0.00016659847108054147,-13.865579268737386,50.751551524306315,0.8218990992862607,-0.0046182801999415934,35.97168944104112,2.076257828573593e-08,-0.0008671494762449975,3.1347850060923982e-06,-1.3559047706272338,-25.208145065019465,0.6408842782267037,0.00016075302007819523,0.06017778312864663,54925,0.06393011186124885,0.0073,index_dividend_yield,0.065,14.67,30,54840.65,55192.65,54370.6,54450.75,mid_price,ok
2026-10-05T10:50:33.431255+00:00,2026-10-05T16:20:33.431255+05:30,BANKNIFTY,27-Oct-2026,55800.0,CE,54714.1,455,60,459.9,210,458.45,457.45,6068,98,14668,2.275515895147797,14.4,0.32968736734411624,0.0001872525582250695,-18.70150609670813,48.57635864495347,1.1956244778848768,-0.005533305544193845,70.67347820249026,3.8901528180305285e-08,-0.0010279634700022006,3.0045466518020315e-06,-1.4322976854902691,43.88707622958516,-0.31590547900092114,0.0001800353890393539,0.06017778312864663,54925,0.06393011186124885,0.0073,index_dividend_yield,0.065,14.67,30,54840.65,55192.65,54370.6,54450.75,mid_price,ok
2026-10-05T10:50:33.431255+00:00,2026-10-05T16:20:33.431255+05:30,BANKNIFTY,27-Oct-2026,55800.0,PE,54714.1,1319.85,30,1340.8,60,1336.2,1330.3249999999998,1360,23,1246,-8.488853884874842,16.91,-0.6437687133814022,0.00016411250377422397,-13.422127649781892,49.994241466080645,0.9048838477216936,-0.004916584336394303,44.855549760558944,2.355831904020685e-08,-0.0008232829793444811,2.9418098447492964e-06,-1.3801766306839696,-24.684196302496396,0.6568132668806107,0.00015778720858756844,0.06017778312864663,54925,0.06393011186124885,0.0073,index_dividend_yield,0.065,14.67,30,54840.65,55192.65,54370.6,54450.75,mid_price,ok
2026-10-05T10:50:33.431255+00:00,2026-10-05T16:20:33.431255+05:30,BANKNIFTY,27-Oct-2026,55900.0,CE,54714.1,420,60,425.4,60,422.6,422.7,3542,374,13306,1.2700694943685598,14.34,0.31077591191653353,0.00018345032068439764,-18.090855266837398,47.39170474447863,1.3012135075090026,-0.005829152848390195,86.15225570849105,4.328034992964228e-08,-0.0009458246979669521,2.6845189349409475e-06,-1.464235014579522,45.04580590239078,-0.2974301573925218,0.00017574920905463247,0.06017778312864663,54925,0.06393011186124885,0.0073,index_dividend_yield,0.065,14.67,30,54840.65,55192.65,54370.6,54450.75,mid_price,ok
2026-10-05T10:50:33.431255+00:00,2026-10-05T16:20:33.431255+05:30,BANKNIFTY,27-Oct-2026,55900.0,PE,54714.1,1382.05,60,1406.9,60,1421.05,1394.475,1450,-69,387,-6.297187695756817,17.32,-0.6557650345497376,0.00015823840136463835,-13.524822549551407,49.373564150718266,0.9434563199333112,-0.005102577901873184,50.871165007261965,2.430812277426741e-08,-0.0007505958678403715,2.726319780821357e-06,-1.3973998302648027,-23.70450812057334,0.6689304591845532,0.0001515956678524897,0.06017778312864663,54925,0.06393011186124885,0.0073,index_dividend_yield,0.065,14.67,30,54840.65,55192.65,54370.6,54450.75,mid_price,ok
2026-10-05T10:50:33.431255+00:00,2026-10-05T16:20:33.431255+05:30,BANKNIFTY,27-Oct-2026,56000.0,CE,54714.1,386,210,390.05,210,386.2,388.025,42158,-966,69887,-0.012944983818770227,14.24,0.29166952564730925,0.00017953465407452194,-17.390939188234675,46.05671759329265,1.4050825377114606,-0.006102735663640114,103.37864362584526,4.7784091108349045e-08,-0.0008578102440104168,2.3387396366126483e-06,-1.4969433404433874,46.391485111907514,-0.278829297588456,0.00017138418947334731,0.06017778312864663,54925,0.06393011186124885,0.0073,index_dividend_yield,0.065,14.67,30,54840.65,55192.65,54370.6,54450.75,mid_price,ok
2026-10-05T10:50:33.431255+00:00,2026-10-05T16:20:33.431255+05:30,BANKNIFTY,27-Oct-2026,56000.0,PE,54714.1,1454,30,1466.45,30,1466.95,1460.225,25791,200,11435,-8.26402351322619,16.93,-0.6751387107818012,0.00015823245495941756,-12.481080492735074,48.259990137578235,1.054498327495379,-0.005447126398064439,64.39655881131046,2.861096300015182e-08,-0.0007235023763648866,2.5176068034212613e-06,-1.4294626870727924,-23.642930971872598,0.6875357562513891,0.0001510490617056094,0.06017778312864663,54925,0.06393011186124885,0.0073,index_dividend_yield,0.065,14.67,30,54840.65,55192.65,54370.6,54450.75,mid_price,ok
2026-10-05T10:50:33.431255+00:00,2026-10-05T16:20:33.431255+05:30,BANKNIFTY,27-Oct-2026,56100.0,CE,54714.1,355.15,240,360.1,210,357.7,357.625,1223,-192,6956,0.6330004220002813,14.26,0.27469093513402787,0.00017419886396917038,-16.84575480394078,44.7506706819616,1.4807726394434895,-0.006308998711361869,118.92189687240773,5.08284169185282e-08,-0.0007586765877855484,1.9949311276568386e-06,-1.524913969803272,47.28410114674281,-0.26223908611921626,0.00016569832398906272,0.06017778312864663,54925,0.06393011186124885,0.0073,index_dividend_yield,0.065,14.67,30,54840.65,55192.65,54370.6,54450.75,mid_price,ok
2026-10-05T10:50:33.431255+00:00,2026-10-05T16:20:33.431255+05:30,BANKNIFTY,27-Oct-2026,56100.0,PE,54714.1,1521.4,30,1544.55,60,1549.2,1532.975,363,15,126,-6.440800797173657,17.24,-0.6870023808391211,0.00015296954211682737,-12.409353894725607,47.509114157162394,1.0892562952979912,-0.005612673905236565,71.38057228547368,2.9303476962286732e-08,-0.0006574751141418672,2.304211033400238e-06,-1.4474630969057714,-22.82820104918167,0.6993816087940462,0.00014550494861217063,0.06017778312864663,54925,0.06393011186124885,0.0073,index_dividend_yield,0.065,14.67,30,54840.65,55192.65,54370.6,54450.75,mid_price,ok
2026-10-05T10:50:33.431255+00:00,2026-10-05T16:20:33.431255+05:30,BANKNIFTY,27-Oct-2026,56200.0,CE,54714.1,326.65,30,330,60,329.45,328.325,2709,350,12253,0.19768856447688565,14.25,0.2578245491851645,0.0001688194581082188,-16.23614624250403,43.33831988059982,1.5514351048909747,-0.0064886183153871615,135.2985570441696,5.3798914348535115e-08,-0.0006576571220910253,1.6402568940257912e-06,-1.551973909937864,48.307724797657066,-0.24581177878653737,0.0001600104661608032,0.06017778312864663,54925,0.06393011186124885,0.0073,index_dividend_yield,0.065,14.67,30,54840.65,55192.65,54370.6,54450.75,mid_price,ok
2026-10-05T10:50:33.431255+00:00,2026-10-05T16:20:33.431255+05:30,BANKNIFTY,27-Oct-2026,56200.0,PE,54714.1,1586.1,30,1611.45,30,1632.95,1598.775,628,3,48,-4.435991221653255,17.56,-0.6981239053209617,0.00014780364256435636,-12.34325277289943,46.75675398614192,1.1168528943469314,-0.005757877261173827,77.93630994831346,2.973019412513172e-08,-0.0005953489440967249,2.100746200221022e-06,-1.4642623439684568,-22.051624788071283,0.7104874343426518,0.00014009125495372034,0.06017778312864663,54925,0.06393011186124885,0.0073,index_dividend_yield,0.065,14.67,30,54840.65,55192.65,54370.6,54450.75,mid_price,ok
2026-10-05T10:50:33.431255+00:00,2026-10-05T16:20:33.431255+05:30,BANKNIFTY,27-Oct-2026,56300.0,CE,54714.1,300.1,30,302.65,30,300.2,301.375,2471,5,6778,-0.7439246156389486,14.17,0.24038527224257164,0.00016356442504912239,-15.500034116208274,41.7535499896392,1.623471612750768,-0.006647569606962084,153.5675840839339,5.71300712052026e-08,-0.0005527089430046881,1.2613210062524093e-06,-1.5788688094413175,49.65441389679539,-0.22890912558108364,0.0001544794026329664,0.06017778312864663,54925,0.06393011186124885,0.0073,index_dividend_yield,0.065,14.67,30,54840.65,55192.65,54370.6,54450.75,mid_price,ok
2026-10-05T10:50:33.431255+00:00,2026-10-05T16:20:33.431255+05:30,BANKNIFTY,27-Oct-2026,56300.0,PE,54714.1,1656.4,30,1685.7,90,1708.7,1671.0500000000002,582,5,45,-5.000972951936174,17.69,-0.7108285275468453,0.00014383743498441943,-11.988299070843002,45.83892955022345,1.1585987310033796,-0.00592497952794957,86.57659821613706,3.09223813039152e-08,-0.0005414382763932663,1.8913836505429608e-06,-1.4842422817464611,-21.48905388956347,0.7229522339953334,0.00013584812850335926,0.06017778312864663,54925,0.06393011186124885,0.0073,index_dividend_yield,0.065,14.67,30,54840.65,55192.65,54370.6,54450.75,mid_price,ok
2026-10-05T10:50:33.431255+00:00,2026-10-05T16:20:33.431255+05:30,BANKNIFTY,27-Oct-2026,56400.0,CE,54714.1,273.05,240,277.65,240,277.7,275.35,2270,56,7688,-0.1079136690647482,14.22,0.2256266846008762,0.00015735437991752706,-14.95622289757046,40.31003143487177,1.6640412148132415,-0.0067438974715296205,168.1869421139517,5.8717788566963557e-08,-0.0004500189006917865,9.222273060816335e-07,-1.5988382779288486,50.43603788515073,-0.21454248754901786,0.00014808775442515964,0.06017778312864663,54925,0.06393011186124885,0.0073,index_dividend_yield,0.065,14.67,30,54840.65,55192.65,54370.6,54450.75,mid_price,ok
2026-10-05T10:50:33.431255+00:00,2026-10-05T16:20:33.431255+05:30,BANKNIFTY,27-Oct-2026,56400.0,PE,54714.1,1733.6,30,1759.8,60,1782.75,1746.6999999999998,2569,69,469,-5.809161515295609,17.76,-0.7237896170259168,0.00014013954293949358,-11.530697814874657,44.837187489760446,1.2013019395599733,-0.006084344931682195,95.95399488944523,3.2244304550909665e-08,-0.0004891708667687471,1.6776427446115805e-06,-1.504599673274896,-20.997920752069568,0.7355934364000758,0.00013188670204766417,0.06017778312864663,54925,0.06393011186124885,0.0073,index_dividend_yield,0.065,14.67,30,54840.65,55192.65,54370.6,54450.75,mid_price,ok
2026-10-05T10:50:33.431255+00:00,2026-10-05T16:20:33.431255+05:30,BANKNIFTY,27-Oct-2026,56500.0,CE,54714.1,250,660,253.6,240,253.25,251.8,25950,313,50047,-0.6278202864430057,14.18,0.2099871385145715,0.00015139377136329035,-14.26011829978335,38.6739866695526,1.7088014879391293,-0.006821909862498725,184.90110704420104,6.086408325954826e-08,-0.0003438156730015471,5.574088026532296e-07,-1.618168638520693,51.63895061500323,-0.19941177380476688,0.00014197426592687344,0.06017778312864663,54925,0.06393011186124885,0.0073,index_dividend_yield,0.065,14.67,30,54840.65,55192.65,54370.6,54450.75,mid_price,ok
2026-10-05T10:50:33.431255+00:00,2026-10-05T16:20:33.431255+05:30,BANKNIFTY,27-Oct-2026,56500.0,PE,54714.1,1812.9,30,1827.6,30,1827.65,1820.25,13000,11,1568,-6.101006987258528,17.15,-0.7450086023528798,0.00013934186904932582,-10.018638207511179,43.05072409790434,1.3128508764537195,-0.006346494178254836,116.28222879906502,3.7180353035751874e-08,-0.00043611802155618553,1.3595096816165038e-06,-1.5399293296246126,-21.07988810444591,0.7556847644267156,0.00013067221585810559,0.06017778312864663,54925,0.06393011186124885,0.0073,index_dividend_yield,0.065,14.67,30,54840.65,55192.65,54370.6,54450.75,mid_price,ok
2026-10-05T10:50:33.431255+00:00,2026-10-05T16:20:33.431255+05:30,BANKNIFTY,27-Oct-2026,56600.0,CE,54714.1,227.6,240,232.3,240,232.8,229.95,2933,-128,5338,-0.8306709265175719,14.2,0.19598858260019442,0.00014507876742165428,-13.655387064444886,37.11307216751149,1.7341583004727157,-0.006857236353598167,199.18519834862636,6.199846036004068e-08,-0.00024301510922134634,2.241776906521532e-07,-1.632111612925911,52.56743262153999,-0.18585418456757885,0.0001355718475257732,0.06017778312864663,54925,0.06393011186124885,0.0073,index_dividend_yield,0.065,14.67,30,54840.65,55192.65,54370.6,54450.75,mid_price,ok
2026-10-05T10:50:33.431255+00:00,2026-10-05T16:20:33.431255+05:30,BANKNIFTY,27-Oct-2026,56600.0,PE,54714.1,1882.85,30,1906.7,30,1930.6,1894.775,598,-3,12,-5.283814943825737,17.81,-0.7496154756322033,0.0001328925533968803,-10.439818158303343,42.63824002409125,1.2807147402044694,-0.006357754164931561,115.91647023459117,3.486959264378602e-08,-0.00038488380116876656,1.2384343480764442e-06,-1.5438210686320628,-20.1267744630562,0.7606421517414933,0.00012418418840070327,0.06017778312864663,54925,0.06393011186124885,0.0073,index_dividend_yield,0.065,14.67,30,54840.65,55192.65,54370.6,54450.75,mid_price,ok
2026-10-05T10:50:33.431255+00:00,2026-10-05T16:20:33.431255+05:30,BANKNIFTY,27-Oct-2026,56700.0,CE,54714.1,209,30,212.05,240,209.85,210.525,5093,103,11564,-2.327205026762858,14.12,0.1808751302074401,0.00013885515161633864,-12.884721949134788,35.320870485148895,1.7637751621473323,-0.00686722653537275,215.84600336888116,6.377306627063311e-08,-0.00013481020350896073,-1.4262101170791817e-07,-1.6441061377510806,54.00757420792229,-0.17130826503271268,0.0001292987716006139,0.06017778312864663,54925,0.06393011186124885,0.0073,index_dividend_yield,0.065,14.67,30,54840.65,55192.65,54370.6,54450.75,mid_price,ok
2026-10-05T10:50:33.431255+00:00,2026-10-05T16:20:33.431255+05:30,BANKNIFTY,27-Oct-2026,56700.0,PE,54714.1,1959.05,30,1990.65,30,2030,1974.85,309,6,44,-4.79317137229153,18.37,,,,,,,,,,,,,,,0.06017778312864663,,,,,,14.67,30,54840.65,55192.65,54370.6,54450.75,mid_price,no_price_available
2026-10-05T10:50:33.431255+00:00,2026-10-05T16:20:33.431255+05:30,BANKNIFTY,27-Oct-2026,56800.0,CE,54714.1,190.05,240,192.85,30,191.45,191.45,5701,25,8476,-3.308080808080808,14.12,0.16779904956881644,0.00013239042842939743,-12.245999319396333,33.67642555278369,1.7720489946798783,-0.006838074327126686,228.95827777194455,6.434851966505155e-08,-3.747297254682908e-05,-4.5949755730372477e-07,-1.6498140135025423,55.05955629079022,-0.1587011925737065,0.00012284526905974953,0.06017778312864663,54925,0.06393011186124885,0.0073,index_dividend_yield,0.065,14.67,30,54840.65,55192.65,54370.6,54450.75,mid_price,ok
2026-10-05T10:50:33.431255+00:00,2026-10-05T16:20:33.431255+05:30,BANKNIFTY,27-Oct-2026,56800.0,PE,54714.1,2043.35,30,2070.8,30,2063.95,2057.075,377,-4,20,-16.099593495934958,17.39,,,,,,,,,,,,,,,0.06017778312864663,,,,,,14.67,30,54840.65,55192.65,54370.6,54450.75,mid_price,no_price_available
2026-10-05T10:50:33.431255+00:00,2026-10-05T16:20:33.431255+05:30,BANKNIFTY,27-Oct-2026,56900.0,CE,54714.1,174,480,175.95,30,176,174.975,2086,160,5879,-2.57403819540548,14.16,0.15607665236905313,0.00012593288929544223,-11.677544264635717,32.12455537431709,1.7666061622644418,-0.006780957202013272,239.59427983242242,6.419643779961473e-08,4.9935609173793415e-05,-7.385324322417607e-07,-1.6506489348903415,55.90104336752556,-0.14739597326612494,0.0001164429379350111,0.06017778312864663,54925,0.06393011186124885,0.0073,index_dividend_yield,0.065,14.67,30,54840.65,55192.65,54370.6,54450.75,mid_price,ok
2026-10-05T10:50:33.431255+00:00,2026-10-05T16:20:33.431255+05:30,BANKNIFTY,27-Oct-2026,56900.0,PE,54714.1,2106.15,30,2161.6,120,2100.4,2133.875,500,-1,7,-13.016109661655692,16.35,,,,,,,,,,,,,,,0.06017778312864663,,,,,,14.67,30,54840.65,55192.65,54370.6,54450.75,mid_price,no_price_available
2026-10-05T10:50:33.431255+00:00,2026-10-05T16:20:33.431255+05:30,BANKNIFTY,27-Oct-2026,57000.0,CE,54714.1,156.05,30,159.85,90,160,157.95,34634,1459,61570,-3.206291591046582,14.16,0.1442865359778847,0.00011950926436098407,-11.04991030563907,30.48593582016132,1.7575726684825321,-0.006696418098479817,250.29397430987288,6.409828468211293e-08,0.00013724831866013796,-1.0180645138821204e-06,-1.6473330535651591,56.961098505389124,-0.13606865315918662,0.00011011598842171164,0.06017778312864663,54925,0.06393011186124885,0.0073,index_dividend_yield,0.065,14.67,30,54840.65,55192.65,54370.6,54450.75,mid_price,ok
2026-10-05T10:50:33.431255+00:00,2026-10-05T16:20:33.431255+05:30,BANKNIFTY,27-Oct-2026,57000.0,PE,54714.1,2212,30,2228.75,30,2220,2220.375,13911,185,1773,-5.346635968278332,17.38,,,,,,,,,,,,,,,0.06017778312864663,,,,,,14.67,30,54840.65,55192.65,54370.6,54450.75,mid_price,no_price_available
2026-10-05T10:50:33.431255+00:00,2026-10-05T16:20:33.431255+05:30,BANKNIFTY,27-Oct-2026,57100.0,CE,54714.1,142,30,147.45,30,143,144.725,2894,436,5813,-9.37896070975919,14.08,0.13173592375044993,0.00011295492442211158,-10.300515030052816,28.651181026888807,1.7472509019578475,-0.006574779076637866,262.18522755081784,6.434084361083528e-08,0.00023146333176109245,-1.3185675004287332e-06,-1.6385395781995769,58.49189330232398,-0.12407329175320488,0.00010371258822045157,0.06017778312864663,54925,0.06393011186124885,0.0073,index_dividend_yield,0.065,14.67,30,54840.65,55192.65,54370.6,54450.75,mid_price,ok
2026-10-05T10:50:33.431255+00:00,2026-10-05T16:20:33.431255+05:30,BANKNIFTY,27-Oct-2026,57100.0,PE,54714.1,2281.85,30,2335.65,60,2314.1,2308.75,607,-3,6,22.487759692999866,17.75,,,,,,,,,,,,,,,0.06017778312864663,,,,,,14.67,30,54840.65,55192.65,54370.6,54450.75,mid_price,no_price_available
2026-10-05T10:50:33.431255+00:00,2026-10-05T16:20:33.431255+05:30,BANKNIFTY,27-Oct-2026,57200.0,CE,54714.1,130,30,132.5,150,132.5,131.25,3994,-302,7176,-4.847396768402154,14.18,0.12294478170023303,0.00010689785962114884,-9.857568646543708,27.307374410216067,1.7144130289895656,-0.0064562629884356015,266.9620478551451,6.282506500336106e-08,0.00029124649201863086,-1.5025465044762084e-06,-1.6267243096912942,58.9834522490366,-0.11560782015635743,9.780824620720657e-05,0.06017778312864663,54925,0.06393011186124885,0.0073,index_dividend_yield,0.065,14.67,30,54840.65,55192.65,54370.6,54450.75,mid_price,ok
2026-10-05T10:50:33.431255+00:00,2026-10-05T16:20:33.431255+05:30,BANKNIFTY,27-Oct-2026,57200.0,PE,54714.1,2334.85,30,2442.6,30,2379.5,2388.725,397,-8,17,-5.199203187250996,17.34,,,,,,,,,,,,,,,0.06017778312864663,,,,,,14.67,30,54840.65,55192.65,54370.6,54450.75,mid_price,no_price_available
2026-10-05T10:50:33.431255+00:00,2026-10-05T16:20:33.431255+05:30,BANKNIFTY,27-Oct-2026,57300.0,CE,54714.1,117,30,121.8,30,121.6,119.4,2467,90,4434,-4.515115822536317,14.24,0.11403344630779227,0.00010093450141525803,-9.361049443059652,25.893117131429857,1.6798862643435801,-0.006316275006465365,271.724515427838,6.14460081268539e-08,0.00035046194206211174,-1.6854168502601153e-06,-1.6108675163738582,59.698367643242804,-0.10706325808090078,9.20298931596602e-05,0.06017778312864663,54925,0.06393011186124885,0.0073,index_dividend_yield,0.065,14.67,30,54840.65,55192.65,54370.6,54450.75,mid_price,ok
2026-10-05T10:50:33.431255+00:00,2026-10-05T16:20:33.431255+05:30,BANKNIFTY,27-Oct-2026,57300.0,PE,54714.1,2458.45,30,2530.75,30,2375.25,2494.6,353,0,7,-15.060434844800458,14.66,,,,,,,,,,,,,,,0.06017778312864663,,,,,,14.67,30,54840.65,55192.65,54370.6,54450.75,mid_price,no_price_available
2026-10-05T10:50:33.431255+00:00,2026-10-05T16:20:33.431255+05:30,BANKNIFTY,27-Oct-2026,57400.0,CE,54714.1,107.45,300,110.65,30,107.65,109.05000000000001,1999,389,4641,-7.397849462365591,14.15,0.10321087858399233,9.454570768656438e-05,-8.639321004158996,24.100883385512773,1.6470195046196512,-0.006120848169747922,279.2560980222518,6.083347411023854e-08,0.00042738886431833084,-1.9195611521723025e-06,-1.5862225696578847,61.330446188513854,-0.09677724516792437,8.590462608640976e-05,0.06017778312864663,54925,0.06393011186124885,0.0073,index_dividend_yield,0.065,14.67,30,54840.65,55192.65,54370.6,54450.75,mid_price,ok
2026-10-05T10:50:33.431255+00:00,2026-10-05T16:20:33.431255+05:30,BANKNIFTY,27-Oct-2026,57400.0,PE,54714.1,2548.3,30,2590.75,30,2595.5,2569.525,174,0,1,-3.8311904850124123,18.78,,,,,,,,,,,,,,,0.06017778312864663,,,,,,14.67,30,54840.65,55192.65,54370.6,54450.75,mid_price,no_price_available
2026-10-05T10:50:33.431255+00:00,2026-10-05T16:20:33.431255+05:30,BANKNIFTY,27-Oct-2026,57500.0,CE,54714.1,96.65,30,98.55,600,98.55,97.6,29957,1570,32283,-6.720302886890677,14.21,0.09545119135549274,8.891756572253811e-05,-8.173539514895083,22.762310700674252,1.602197733692877,-0.005949759504373819,281.2156707207674,5.904871678880382e-08,0.0004728449048000728,-2.0558804104500624e-06,-1.5622544930933415,62.04040977129317,-0.0893625496316618,8.05101053466253e-05,0.06017778312864663,54925,0.06393011186124885,0.0073,index_dividend_yield,0.065,14.67,30,54840.65,55192.65,54370.6,54450.75,mid_price,ok
2026-10-05T10:50:33.431255+00:00,2026-10-05T16:20:33.431255+05:30,BANKNIFTY,27-Oct-2026,57500.0,PE,54714.1,2641.45,30,2686.55,30,2705.2,2664.0,11836,55,213,-3.592302209550962,19.54,,,,,,,,,,,,,,,0.06017778312864663,,,,,,14.67,30,54840.65,55192.65,54370.6,54450.75,mid_price,no_price_available
2026-10-05T10:50:33.431255+00:00,2026-10-05T16:20:33.431255+05:30,BANKNIFTY,27-Oct-2026,57600.0,CE,54714.1,90,90,92.45,30,92.3,91.225,2579,141,5192,-5.381855458739108,14.36,0.08960175684866575,8.396699344916224e-05,-7.861519404564169,21.72189686866127,1.553188942122731,-0.005801506306033419,279.9725092228673,5.671477490824684e-08,0.0004975725705461773,-2.131646422233799e-06,-1.5400469627103348,62.16431630796384,-0.08374333755171147,7.576387097585628e-05,0.06017778312864663,54925,0.06393011186124885,0.0073,index_dividend_yield,0.065,14.67,30,54840.65,55192.65,54370.6,54450.75,mid_price,ok
2026-10-05T10:50:33.431255+00:00,2026-10-05T16:20:33.431255+05:30,BANKNIFTY,27-Oct-2026,57600.0,PE,54714.1,2701.1,30,2801.75,30,2542.1,2751.425,161,1,24,8.174468085106383,7.51,,,,,,,,,,,,,,,0.06017778312864663,,,,,,14.67,30,54840.65,55192.65,54370.6,54450.75,mid_price,no_price_available
2026-10-05T10:50:33.431255+00:00,2026-10-05T16:20:33.431255+05:30,BANKNIFTY,27-Oct-2026,57700.0,CE,54714.1,82.5,30,84.9,30,84.95,83.7,4241,71,6247,-5.506117908787542,14.44,0.0830966980684686,7.892562532905752e-05,-7.454644311949279,20.531464536682748,1.5039235129449477,-0.005624316838823986,279.4348823313566,5.4703135628108425e-08,0.0005276597220932086,-2.2211845947903315e-06,-1.5122206825465412,62.7176140761395,-0.07754018158549071,7.096838542635766e-05,0.06017778312864663,54925,0.06393011186124885,0.0073,index_dividend_yield,0.065,14.67,30,54840.65,55192.65,54370.6,54450.75,mid_price,ok
2026-10-05T10:50:33.431255+00:00,2026-10-05T16:20:33.431255+05:30,BANKNIFTY,27-Oct-2026,57700.0,PE,54714.1,2784.35,30,2919.95,60,0.0,2852.1499999999996,94,0,0,0,32.21,,,,,,,,,,,,,,,0.06017778312864663,,,,,,14.67,30,54840.65,55192.65,54370.6,54450.75,mid_price,no_price_available
2026-10-05T10:50:33.431255+00:00,2026-10-05T16:20:33.431255+05:30,BANKNIFTY,27-Oct-2026,57800.0,CE,54714.1,74,30,76.3,30,74.2,75.15,2726,176,3784,-10.278113663845224,14.33,0.07427267082902016,7.304456249992981e-05,-6.782334923595818,18.856834401399155,1.4505643965128865,-0.005361830388293007,281.2320426378303,5.332578392764684e-08,0.0005797106687689118,-2.364680881324446e-06,-1.468635300771304,64.51048430301354,-0.06921744829088958,6.545317755170649e-05,0.06017778312864663,54925,0.06393011186124885,0.0073,index_dividend_yield,0.065,14.67,30,54840.65,55192.65,54370.6,54450.75,mid_price,ok
2026-10-05T10:50:33.431255+00:00,2026-10-05T16:20:33.431255+05:30,BANKNIFTY,27-Oct-2026,57800.0,PE,54714.1,2894.65,30,2986.6,30,2800,2940.625,113,0,2,-2.285813994067353,13.69,,,,,,,,,,,,,,,0.06017778312864663,,,,,,14.67,30,54840.65,55192.65,54370.6,54450.75,mid_price,no_price_available
2026-10-05T10:50:33.431255+00:00,2026-10-05T16:20:33.431255+05:30,BANKNIFTY,27-Oct-2026,57900.0,CE,54714.1,66.25,30,70,30,69.45,68.125,1581,211,2618,-9.274983670803396,14.47,0.069561349669406,6.879251380621334e-05,-6.4979964314666185,17.932647650290793,1.3981834224468108,-0.005198796214043858,277.52812684402704,5.095580132603183e-08,0.0005892751708800976,-2.3932738833483625e-06,-1.4399869287188274,64.64563443018436,-0.06471696079425629,6.143029089977633e-05,0.06017778312864663,54925,0.06393011186124885,0.0073,index_dividend_yield,0.065,14.67,30,54840.65,55192.65,54370.6,54450.75,mid_price,ok
2026-10-05T10:50:33.431255+00:00,2026-10-05T16:20:33.431255+05:30,BANKNIFTY,27-Oct-2026,57900.0,PE,54714.1,2987.9,30,3080.45,30,0.0,3034.175,117,0,0,0,0,,,,,,,,,,,,,,,0.06017778312864663,,,,,,14.67,30,54840.65,55192.65,54370.6,54450.75,mid_price,no_price_available
2026-10-05T10:50:33.431255+00:00,2026-10-05T16:20:33.431255+05:30,BANKNIFTY,27-Oct-2026,58000.0,CE,54714.1,63.1,300,63.95,30,63.5,63.525000000000006,45318,-481,32754,-8.567314614830813,14.53,0.06410216162549011,6.43103892228168e-05,-6.11273247057673,16.833772627401054,1.3435997665963428,-0.004998651359174017,274.2961746078638,4.88398295625781e-08,0.0006053391988704196,-2.435227711134033e-06,-1.4035403799348316,65.30355668629227,-0.059544561402118876,5.722999007819209e-05,0.06017778312864663,54925,0.06393011186124885,0.0073,index_dividend_yield,0.065,14.67,30,54840.65,55192.65,54370.6,54450.75,mid_price,ok
2026-10-05T10:50:33.431255+00:00,2026-10-05T16:20:33.431255+05:30,BANKNIFTY,27-Oct-2026,58000.0,PE,54714.1,3098.85,30,3126.7,30,3092.35,3112.7749999999996,36526,-4586,5360,-5.441396813747974,18.39,,,,,,,,,,,,,,,0.06017778312864663,,,,,,14.67,30,54840.65,55192.65,54370.6,54450.75,mid_price,no_price_available
2026-10-05T10:50:33.431255+00:00,2026-10-05T16:20:33.431255+05:30,BANKNIFTY,27-Oct-2026,58100.0,CE,54714.1,56.3,210,59.85,30,59.7,58.075,1719,119,1926,-6.279434850863423,14.69,0.06032334890071646,6.0665569990857996e-05,-5.881357323725473,16.054573870063294,1.2928852757219216,-0.004846519464181291,269.29523344918493,4.652000498794777e-08,0.0006046572219146906,-2.4341758603448453e-06,-1.3748175906340236,65.27168140072047,-0.055937548922177116,5.3800775694823146e-05,0.06017778312864663,54925,0.06393011186124885,0.0073,index_dividend_yield,0.065,14.67,30,54840.65,55192.65,54370.6,54450.75,mid_price,ok
2026-10-05T10:50:33.431255+00:00,2026-10-05T16:20:33.431255+05:30,BANKNIFTY,27-Oct-2026,58100.0,PE,54714.1,3161.1,30,3325.8,360,0.0,3243.45,50,0,0,0,0,,,,,,,,,,,,,,,0.06017778312864663,,,,,,14.67,30,54840.65,55192.65,54370.6,54450.75,mid_price,no_price_available
2026-10-05T10:50:33.431255+00:00,2026-10-05T16:20:33.431255+05:30,BANKNIFTY,27-Oct-2026,58200.0,CE,54714.1,52,180,56,30,53.3,54.0,2984,81,2171,-9.430756159728123,14.67,0.054576572925712476,5.614710671976069e-05,-5.4192717324535735,14.838575139372212,1.2341911265821224,-0.0046056225910546394,265.3437573622277,4.455659086156182e-08,0.000621327380046913,-2.469177001832231e-06,-1.327848906036083,66.45064737320398,-0.050535581409823616,4.962264760268966e-05,0.06017778312864663,54925,0.06393011186124885,0.0073,index_dividend_yield,0.065,14.67,30,54840.65,55192.65,54370.6,54450.75,mid_price,ok
2026-10-05T10:50:33.431255+00:00,2026-10-05T16:20:33.431255+05:30,BANKNIFTY,27-Oct-2026,58200.0,PE,54714.1,3242.7,300,3459.85,300,0.0,3351.2749999999996,91,0,0,0,35.06,,,,,,,,,,,,,,,0.06017778312864663,,,,,,14.67,30,54840.65,55192.65,54370.6,54450.75,mid_price,no_price_available
2026-10-05T10:50:33.431255+00:00,2026-10-05T16:20:33.431255+05:30,BANKNIFTY,27-Oct-2026,58300.0,CE,54714.1,47.55,150,50.9,30,51,49.224999999999994,2136,-105,2950,-8.683974932855865,14.88,0.05198308626879172,5.325924714762615e-05,-5.277840748359896,14.276858621481658,1.1881741400361703,-0.0044838065891995155,259.26367689882125,4.230262408981161e-08,0.000609281704938426,-2.4379980801964566e-06,-1.3032687516289077,66.042754161561,-0.04804702608888007,4.690902791955807e-05,0.06017778312864663,54925,0.06393011186124885,0.0073,index_dividend_yield,0.065,14.67,30,54840.65,55192.65,54370.6,54450.75,mid_price,ok
2026-10-05T10:50:33.431255+00:00,2026-10-05T16:20:33.431255+05:30,BANKNIFTY,27-Oct-2026,58300.0,PE,54714.1,3333.8,30,3520.65,330,0.0,3427.2250000000004,151,0,0,0,26.22,,,,,,,,,,,,,,,0.06017778312864663,,,,,,14.67,30,54840.65,55192.65,54370.6,54450.75,mid_price,no_price_available
2026-10-05T10:50:33.431255+00:00,2026-10-05T16:20:33.431255+05:30,BANKNIFTY,27-Oct-2026,58400.0,CE,54714.1,5.5,2880,195.65,2820,0.0,100.575,0,0,0,0,0,,,,,,,,,,,,,,,0.06017778312864663,54925,0.06393011186124885,0.0073,index_dividend_yield,0.065,14.67,30,54840.65,55192.65,54370.6,54450.75,mid_price,no_nse_iv
2026-10-05T10:50:33.431255+00:00,2026-10-05T16:20:33.431255+05:30,BANKNIFTY,27-Oct-2026,58400.0,PE,54714.1,3383.5,30,3640.25,60,0.0,3511.875,63,0,0,0,17.94,,,,,,,,,,,,,,,0.06017778312864663,,,,,,14.67,30,54840.65,55192.65,54370.6,54450.75,mid_price,no_price_available
2026-10-05T10:50:33.431255+00:00,2026-10-05T16:20:33.431255+05:30,BANKNIFTY,27-Oct-2026,58500.0,CE,54714.1,40,1590,41.9,150,41.85,40.95,11461,-819,22992,-10.576923076923077,14.95,0.043493272754427444,4.5954785150702145e-05,-4.581921862642349,12.376750529425738,1.0781152673287435,-0.0040651400315786235,247.6337841754832,3.83148635938427e-08,0.0006121001534859551,-2.4213153634298446e-06,-1.2153810884277991,67.5921951562803,-0.04007672849847929,4.01992108502072e-05,0.06017778312864663,54925,0.06393011186124885,0.0073,index_dividend_yield,0.065,14.67,30,54840.65,55192.65,54370.6,54450.75,mid_price,ok
2026-10-05T10:50:33.431255+00:00,2026-10-05T16:20:33.431255+05:30,BANKNIFTY,27-Oct-2026,58500.0,PE,54714.1,3561.8,30,3605.7,30,3609,3583.75,2836,-2,49,-3.0711590368888233,21.18,,,,,,,,,,,,,,,0.06017778312864663,,,,,,14.67,30,54840.65,55192.65,54370.6,54450.75,mid_price,no_price_available
2026-10-05T10:50:33.431255+00:00,2026-10-05T16:20:33.431255+05:30,BANKNIFTY,27-Oct-2026,58600.0,CE,54714.1,18.85,450,39.2,450,36.95,29.025000000000002,676,284,1646,-14.665127020785219,14.91,0.038959245778514784,4.214354123437029e-05,-4.173502148359309,11.319920418222688,1.0177100092650486,-0.003817417360884756,240.77760055479303,3.633334206250924e-08,0.0006137751915329797,-2.4035035862587635e-06,-1.1607612438417707,68.89580468483425,-0.03584778674975402,3.673959066750927e-05,0.06017778312864663,54925,0.06393011186124885,0.0073,index_dividend_yield,0.065,14.67,30,54840.65,55192.65,54370.6,54450.75,mid_price,wide_quote_low_liquidity
2026-10-05T10:50:33.431255+00:00,2026-10-05T16:20:33.431255+05:30,BANKNIFTY,27-Oct-2026,58600.0,PE,54714.1,3585.6,330,3800.15,30,0.0,3692.875,57,0,0,0,17,,,,,,,,,,,,,,,0.06017778312864663,,,,,,14.67,30,54840.65,55192.65,54370.6,54450.75,mid_price,no_price_available
2026-10-05T10:50:33.431255+00:00,2026-10-05T16:20:33.431255+05:30,BANKNIFTY,27-Oct-2026,58700.0,CE,54714.1,27.4,600,68.85,600,0.0,48.125,0,0,0,0,0,,,,,,,,,,,,,,,0.06017778312864663,54925,0.06393011186124885,0.0073,index_dividend_yield,0.065,14.67,30,54840.65,55192.65,54370.6,54450.75,mid_price,no_nse_iv
2026-10-05T10:50:33.431255+00:00,2026-10-05T16:20:33.431255+05:30,BANKNIFTY,27-Oct-2026,58700.0,PE,54714.1,3724.25,300,3977.65,300,0.0,3850.95,167,0,0,0,0,,,,,,,,,,,,,,,0.06017778312864663,,,,,,14.67,30,54840.65,55192.65,54370.6,54450.75,mid_price,no_price_available
2026-10-05T10:50:33.431255+00:00,2026-10-05T16:20:33.431255+05:30,BANKNIFTY,27-Oct-2026,58800.0,CE,54714.1,21.65,3600,63.95,300,0.0,42.8,0,0,0,0,0,,,,,,,,,,,,,,,0.06017778312864663,54925,0.06393011186124885,0.0073,index_dividend_yield,0.065,14.67,30,54840.65,55192.65,54370.6,54450.75,mid_price,no_nse_iv
2026-10-05T10:50:33.431255+00:00,2026-10-05T16:20:33.431255+05:30,BANKNIFTY,27-Oct-2026,58800.0,PE,54714.1,3808.7,30,4083.35,330,3700,3946.0249999999996,41,0,2,0.7021936748135649,0,,,,,,,,,,,,,,,0.06017778312864663,,,,,,14.67,30,54840.65,55192.65,54370.6,54450.75,mid_price,no_price_available
2026-10-05T10:50:33.431255+00:00,2026-10-05T16:20:33.431255+05:30,BANKNIFTY,27-Oct-2026,58900.0,CE,54714.1,29.25,150,30.9,30,29.3,30.075,1590,200,1391,-15.925394548063128,15.22,0.03123131683579109,3.4433349683042864e-05,-3.536790103934428,9.441231136553816,0.8781377921854936,-0.003339127527738097,219.55491769848035,3.0786704816122764e-08,0.0005745221853001492,-2.261347048653254e-06,-1.0497217056110664,69.67473481057715,-0.02859538366648196,2.9713047903715857e-05,0.06017778312864663,54925,0.06393011186124885,0.0073,index_dividend_yield,0.065,14.67,30,54840.65,55192.65,54370.6,54450.75,mid_price,ok
2026-10-05T10:50:33.431255+00:00,2026-10-05T16:20:33.431255+05:30,BANKNIFTY,27-Oct-2026,58900.0,PE,54714.1,3916.65,30,4111.1,60,0.0,4013.875,121,0,0,0,0,,,,,,,,,,,,,,,0.06017778312864663,,,,,,14.67,30,54840.65,55192.65,54370.6,54450.75,mid_price,no_price_available
2026-10-05T10:50:33.431255+00:00,2026-10-05T16:20:33.431255+05:30,BANKNIFTY,27-Oct-2026,59000.0,CE,54714.1,27.55,660,28.35,270,28.35,27.950000000000003,21477,399,21767,-12.229102167182663,15.44,0.030006058123150065,3.2836151388575194e-05,-3.465428621742756,9.133437259748188,0.8454484444569733,-0.003254420543183891,213.39114013121386,2.9217017217619326e-08,0.0005545190114715076,-2.205963719981567e-06,-1.0292742287672585,69.0744472774996,-0.02742350111981002,2.8238833040321775e-05,0.06017778312864663,54925,0.06393011186124885,0.0073,index_dividend_yield,0.065,14.67,30,54840.65,55192.65,54370.6,54450.75,mid_price,ok
2026-10-05T10:50:33.431255+00:00,2026-10-05T16:20:33.431255+05:30,BANKNIFTY,27-Oct-2026,59000.0,PE,54714.1,4001.45,30,4086.6,30,4090,4044.0249999999996,6756,-28,163,-2.85381755994442,22.6,,,,,,,,,,,,,,,0.06017778312864663,,,,,,14.67,30,54840.65,55192.65,54370.6,54450.75,mid_price,no_price_available
2026-10-05T10:50:33.431255+00:00,2026-10-05T16:20:33.431255+05:30,BANKNIFTY,27-Oct-2026,59100.0,CE,54714.1,22.2,600,50.95,300,0.0,36.575,0,0,0,0,0,,,,,,,,,,,,,,,0.06017778312864663,54925,0.06393011186124885,0.0073,index_dividend_yield,0.065,14.67,30,54840.65,55192.65,54370.6,54450.75,mid_price,no_nse_iv
2026-10-05T10:50:33.431255+00:00,2026-10-05T16:20:33.431255+05:30,BANKNIFTY,27-Oct-2026,59100.0,PE,54714.1,4112.4,30,4384.45,330,0.0,4248.424999999999,15,0,0,0,0,,,,,,,,,,,,,,,0.06017778312864663,,,,,,14.67,30,54840.65,55192.65,54370.6,54450.75,mid_price,no_price_available
2026-10-05T10:50:33.431255+00:00,2026-10-05T16:20:33.431255+05:30,BANKNIFTY,27-Oct-2026,59200.0,CE,54714.1,24.4,30,25.5,390,25.5,24.95,1012,-64,1093,-12.371134020618557,15.76,0.02684846723072992,2.932663191075978e-05,-3.2155175226772363,8.326320155238438,0.7745162182097396,-0.003031247702514349,200.53673034009822,2.6239000467024775e-08,0.000520249395734499,-2.09703546444973e-06,-0.9743409046778062,68.71367952777376,-0.024452893640629435,2.505055167066533e-05,0.06017778312864663,54925,0.06393011186124885,0.0073,index_dividend_yield,0.065,14.67,30,54840.65,55192.65,54370.6,54450.75,mid_price,ok
2026-10-05T10:50:33.431255+00:00,2026-10-05T16:20:33.431255+05:30,BANKNIFTY,27-Oct-2026,59200.0,PE,54714.1,4166.4,30,4380.75,30,0.0,4273.575,10,0,0,0,0,,,,,,,,,,,,,,,0.06017778312864663,,,,,,14.67,30,54840.65,55192.65,54370.6,54450.75,mid_price,no_price_available
2026-10-05T10:50:33.431255+00:00,2026-10-05T16:20:33.431255+05:30,BANKNIFTY,27-Oct-2026,59300.0,CE,54714.1,20,600,43.6,300,0.0,31.8,0,0,0,0,0,,,,,,,,,,,,,,,0.06017778312864663,54925,0.06393011186124885,0.0073,index_dividend_yield,0.065,14.67,30,54840.65,55192.65,54370.6,54450.75,mid_price,no_nse_iv
2026-10-05T10:50:33.431255+00:00,2026-10-05T16:20:33.431255+05:30,BANKNIFTY,27-Oct-2026,59300.0,PE,54714.1,4291.4,30,4583.35,330,0.0,4437.375,9,0,0,0,0,,,,,,,,,,,,,,,0.06017778312864663,,,,,,14.67,30,54840.65,55192.65,54370.6,54450.75,mid_price,no_price_available
2026-10-05T10:50:33.431255+00:00,2026-10-05T16:20:33.431255+05:30,BANKNIFTY,27-Oct-2026,59400.0,CE,54714.1,18.65,600,40.3,300,0.0,29.474999999999998,0,0,0,0,0,,,,,,,,,,,,,,,0.06017778312864663,54925,0.06393011186124885,0.0073,index_dividend_yield,0.065,14.67,30,54840.65,55192.65,54370.6,54450.75,mid_price,no_nse_iv
2026-10-05T10:50:33.431255+00:00,2026-10-05T16:20:33.431255+05:30,BANKNIFTY,27-Oct-2026,59400.0,PE,54714.1,4276.95,330,4656.65,330,0.0,4466.799999999999,4,0,0,0,0,,,,,,,,,,,,,,,0.06017778312864663,,,,,,14.67,30,54840.65,55192.65,54370.6,54450.75,mid_price,no_price_available
2026-10-05T10:50:33.431255+00:00,2026-10-05T16:20:33.431255+05:30,BANKNIFTY,27-Oct-2026,59500.0,CE,54714.1,21.05,600,21.5,330,21.55,21.275,9225,-1119,11385,-7.112068965517241,16.2,0.02258847841753556,2.4680183384477672e-05,-2.8483160008844095,7.202746025103387,0.6765879720337237,-0.0027076096281689922,181.8766094440818,2.2321796056213184e-08,0.0004708577307746275,-1.9323287149610308e-06,-0.891773666574048,68.39227873543808,-0.0204678553405033,2.086954451793148e-05,0.06017778312864663,54925,0.06393011186124885,0.0073,index_dividend_yield,0.065,14.67,30,54840.65,55192.65,54370.6,54450.75,mid_price,ok
2026-10-05T10:50:33.431255+00:00,2026-10-05T16:20:33.431255+05:30,BANKNIFTY,27-Oct-2026,59500.0,PE,54714.1,4497.6,330,4584.25,30,4602.15,4540.925,405,-3,15,-3.619895287958115,25.15,,,,,,,,,,,,,,,0.06017778312864663,,,,,,14.67,30,54840.65,55192.65,54370.6,54450.75,mid_price,no_price_available
2026-10-05T10:50:33.431255+00:00,2026-10-05T16:20:33.431255+05:30,BANKNIFTY,27-Oct-2026,59600.0,CE,54714.1,18.25,30,24.75,30,19.95,21.5,149,149,290,-98.716505291601,16.29,0.020989021203120104,2.3067574014074023e-05,-2.688828015448345,6.7695174427336475,0.6419649929318791,-0.0025791789935699534,175.21758216145898,2.107644419992546e-08,0.00045546313245273723,-1.873840164728086e-06,-0.8580314872877075,68.65272153572785,-0.018987714814878584,1.9440522041083403e-05,0.06017778312864663,54925,0.06393011186124885,0.0073,index_dividend_yield,0.065,14.67,30,54840.65,55192.65,54370.6,54450.75,mid_price,wide_quote_low_liquidity
2026-10-05T10:50:33.431255+00:00,2026-10-05T16:20:33.431255+05:30,BANKNIFTY,27-Oct-2026,59600.0,PE,54714.1,4520,30,4806.8,330,0.0,4663.4,8,0,0,0,25.8,,,,,,,,,,,,,,,0.06017778312864663,,,,,,14.67,30,54840.65,55192.65,54370.6,54450.75,mid_price,no_price_available
2026-10-05T10:50:33.431255+00:00,2026-10-05T16:20:33.431255+05:30,BANKNIFTY,27-Oct-2026,59700.0,CE,54714.1,16.6,2400,21,1050,20.9,18.8,106,106,188,-98.62481905513883,16.7,0.021498391276042778,2.296222539165617e-05,-2.8089786628256244,6.9082039587062525,0.6362630078631544,-0.002616488662239784,172.80775829079386,2.0347800036362956e-08,0.00043690205039033017,-1.8395323686696054e-06,-0.8678599059026899,66.7885463811915,-0.019407928826533527,1.9286962363014448e-05,0.06017778312864663,54925,0.06393011186124885,0.0073,index_dividend_yield,0.065,14.67,30,54840.65,55192.65,54370.6,54450.75,mid_price,wide_quote_low_liquidity
2026-10-05T10:50:33.431255+00:00,2026-10-05T16:20:33.431255+05:30,BANKNIFTY,27-Oct-2026,59700.0,PE,54714.1,4681.8,300,4937.85,300,0.0,4809.825000000001,6,0,0,0,16.68,,,,,,,,,,,,,,,0.06017778312864663,,,,,,14.67,30,54840.65,55192.65,54370.6,54450.75,mid_price,no_price_available
2026-10-05T10:50:33.431255+00:00,2026-10-05T16:20:33.431255+05:30,BANKNIFTY,27-Oct-2026,59800.0,CE,54714.1,16,2400,21.95,390,21.55,18.975,93,93,107,-98.54965171450685,17.07,0.02174620561521005,2.2683121664703573e-05,-2.8953192482021186,6.9754310123268235,0.6273477109812863,-0.002633011600797177,169.9830689415598,1.96055297160676e-08,0.00041988150753451923,-1.8037758031046086e-06,-0.8721840171623434,65.26642194272239,-0.01959186965163061,1.898886355685814e-05,0.06017778312864663,54925,0.06393011186124885,0.0073,index_dividend_yield,0.065,14.67,30,54840.65,55192.65,54370.6,54450.75,mid_price,wide_quote_low_liquidity
2026-10-05T10:50:33.431255+00:00,2026-10-05T16:20:33.431255+05:30,BANKNIFTY,27-Oct-2026,59800.0,PE,54714.1,4727,300,5005.65,300,0.0,4866.325,5,0,0,0,16.53,,,,,,,,,,,,,,,0.06017778312864663,,,,,,14.67,30,54840.65,55192.65,54370.6,54450.75,mid_price,no_price_available
2026-10-05T10:50:33.431255+00:00,2026-10-05T16:20:33.431255+05:30,BANKNIFTY,27-Oct-2026,59900.0,CE,54714.1,16.65,240,25,540,19.05,20.825,96,96,193,-98.68842300939791,17.02,0.019460618644348993,2.0707278977018983e-05,-2.625366076402755,6.3491749603267476,0.5854729854941655,-0.0024466118140419983,162.25688934092597,1.837776569225615e-08,0.00040752401061556716,-1.74014471327641e-06,-0.8225561744091499,66.36597428568143,-0.01750795186632216,1.7276983140313448e-05,0.06017778312864663,54925,0.06393011186124885,0.0073,index_dividend_yield,0.065,14.67,30,54840.65,55192.65,54370.6,54450.75,mid_price,wide_quote_low_liquidity
2026-10-05T10:50:33.431255+00:00,2026-10-05T16:20:33.431255+05:30,BANKNIFTY,27-Oct-2026,59900.0,PE,54714.1,4890.05,300,5128.2,330,4900,5009.125,5,-1,2,141.97530864197532,21.77,,,,,,,,,,,,,,,0.06017778312864663,,,,,,14.67,30,54840.65,55192.65,54370.6,54450.75,mid_price,no_price_available
2026-10-05T10:50:33.431255+00:00,2026-10-05T16:20:33.431255+05:30,BANKNIFTY,27-Oct-2026,60000.0,CE,54714.1,16.55,270,16.75,30,16.55,16.65,25165,681,15677,-11.96808510638298,16.94,0.01721056016919788,1.873733917093134e-05,-2.3513908863940607,5.7181563859606195,0.5423235406153675,-0.002252593243482384,153.94402289247867,1.7131794154534184e-08,0.0003938360222990246,-1.6688127326166949e-06,-0.769570424925992,67.6738489630102,-0.015462427081188968,1.5581308883413085e-05,0.06017778312864663,54925,0.06393011186124885,0.0073,index_dividend_yield,0.065,14.67,30,54840.65,55192.65,54370.6,54450.75,mid_price,ok
2026-10-05T10:50:33.431255+00:00,2026-10-05T16:20:33.431255+05:30,BANKNIFTY,27-Oct-2026,60000.0,PE,54714.1,5026.75,60,5067,90,5057.65,5046.875,9045,5,250,-2.26007807366753,25.24,,,,,,,,,,,,,,,0.06017778312864663,,,,,,14.67,30,54840.65,55192.65,54370.6,54450.75,mid_price,no_price_available
2026-10-05T10:50:33.431255+00:00,2026-10-05T16:20:33.431255+05:30,BANKNIFTY,27-Oct-2026,60100.0,CE,54714.1,12.9,600,17.4,330,15,15.149999999999999,68,68,93,-98.91887995963819,16.96,0.01567568380196145,1.7276755640854835e-05,-2.1712805911986623,5.278648493407226,0.5087533419838924,-0.002112877477492314,146.9739870754001,1.6068299871308036e-08,0.0003791697150655799,-1.6045423977980355e-06,-0.7305388186254332,68.3444886101896,-0.014062089043416178,1.4318969578401886e-05,0.06017778312864663,54925,0.06393011186124885,0.0073,index_dividend_yield,0.065,14.67,30,54840.65,55192.65,54370.6,54450.75,mid_price,wide_quote_low_liquidity
2026-10-05T10:50:33.431255+00:00,2026-10-05T16:20:33.431255+05:30,BANKNIFTY,27-Oct-2026,60100.0,PE,54714.1,5043.15,330,5345.25,300,0.0,5194.2,5,0,0,0,15.59,,,,,,,,,,,,,,,0.06017778312864663,,,,,,14.67,30,54840.65,55192.65,54370.6,54450.75,mid_price,no_price_available
2026-10-05T10:50:33.431255+00:00,2026-10-05T16:20:33.431255+05:30,BANKNIFTY,27-Oct-2026,60200.0,CE,54714.1,12.3,600,22.65,480,15.95,17.475,56,56,90,-98.82352941176471,17.39,0.016287101351988603,1.7411368810243467e-05,-2.297755595150503,5.454653922810577,0.5093903580225718,-0.002166338076724837,146.1127224537271,1.5665946322261806e-08,0.0003662712956849489,-1.5871979029528147e-06,-0.7455418470868231,66.3787674441036,-0.014579885465974406,1.4382634766128455e-05,0.06017778312864663,54925,0.06393011186124885,0.0073,index_dividend_yield,0.065,14.67,30,54840.65,55192.65,54370.6,54450.75,mid_price,wide_quote_low_liquidity
2026-10-05T10:50:33.431255+00:00,2026-10-05T16:20:33.431255+05:30,BANKNIFTY,27-Oct-2026,60200.0,PE,54714.1,5093.3,300,5400.75,330,0.0,5247.025,3,0,0,0,15.63,,,,,,,,,,,,,,,0.06017778312864663,,,,,,14.67,30,54840.65,55192.65,54370.6,54450.75,mid_price,no_price_available
2026-10-05T10:50:33.431255+00:00,2026-10-05T16:20:33.431255+05:30,BANKNIFTY,27-Oct-2026,60300.0,CE,54714.1,12.75,240,19.55,390,15.3,16.15,71,71,170,-98.8449779186955,17.56,0.015591994481235912,1.6609967765617396e-05,-2.2329199355328773,5.254458977197142,0.48992284629676386,-0.0021013254318795888,141.67445889767683,1.4921851081819566e-08,0.0003532588271779907,-1.5428102179644766e-06,-0.7272526489801745,66.08186220296723,-0.013933535168491818,1.3675168462202815e-05,0.06017778312864663,54925,0.06393011186124885,0.0073,index_dividend_yield,0.065,14.67,30,54840.65,55192.65,54370.6,54450.75,mid_price,wide_quote_low_liquidity
2026-10-05T10:50:33.431255+00:00,2026-10-05T16:20:33.431255+05:30,BANKNIFTY,27-Oct-2026,60300.0,PE,54714.1,5253.85,30,5486.55,30,0.0,5370.200000000001,3,0,0,0,0,,,,,,,,,,,,,,,0.06017778312864663,,,,,,14.67,30,54840.65,55192.65,54370.6,54450.75,mid_price,no_price_available
2026-10-05T10:50:33.431255+00:00,2026-10-05T16:20:33.431255+05:30,BANKNIFTY,27-Oct-2026,60400.0,CE,54714.1,12.3,600,20,30,15.2,16.15,63,63,81,-98.82543852870721,17.81,0.015317165784938224,1.612870151085798e-05,-2.2281852297086027,5.174853132989991,0.47739217441735304,-0.002074250734634891,138.50415917127057,1.4329440559614955e-08,0.00034112117568534307,-1.5085323961830405e-06,-0.719581132588382,65.30211090633706,-0.013662769581835136,1.323500309125662e-05,0.06017778312864663,54925,0.06393011186124885,0.0073,index_dividend_yield,0.065,14.67,30,54840.65,55192.65,54370.6,54450.75,mid_price,wide_quote_low_liquidity
2026-10-05T10:50:33.431255+00:00,2026-10-05T16:20:33.431255+05:30,BANKNIFTY,27-Oct-2026,60400.0,PE,54714.1,5202.9,300,5667.7,300,0.0,5435.299999999999,0,0,0,0,0,,,,,,,,,,,,,,,0.06017778312864663,,,,,,14.67,30,54840.65,55192.65,54370.6,54450.75,mid_price,no_price_available
2026-10-05T10:50:33.431255+00:00,2026-10-05T16:20:33.431255+05:30,BANKNIFTY,27-Oct-2026,60500.0,CE,54714.1,12.75,900,13.65,30,13.2,13.2,2570,1049,6089,-9.897610921501707,17.72,0.013516410739434064,1.4555671084000894e-05,-1.9892133515332644,4.646550433442691,0.4404130913050726,-0.0019017702206156097,130.68679756185196,1.3307577898771844e-08,0.00032724116592934435,-1.436454801819963e-06,-0.6700903595751502,66.57583617065364,-0.012040165961074246,1.1904742433553746e-05,0.06017778312864663,54925,0.06393011186124885,0.0073,index_dividend_yield,0.065,14.67,30,54840.65,55192.65,54370.6,54450.75,mid_price,ok
2026-10-05T10:50:33.431255+00:00,2026-10-05T16:20:33.431255+05:30,BANKNIFTY,27-Oct-2026,60500.0,PE,54714.1,5325.55,300,5586.4,30,5604.15,5455.975,212,-3,5,-1.0505592683163685,29.28,,,,,,,,,,,,,,,0.06017778312864663,,,,,,14.67,30,54840.65,55192.65,54370.6,54450.75,mid_price,no_price_available
2026-10-05T10:50:33.431255+00:00,2026-10-05T16:20:33.431255+05:30,BANKNIFTY,27-Oct-2026,60600.0,CE,54714.1,11.8,150,14.2,150,13.1,13.0,53,53,83,-98.93897055845787,17.97,0.013306734457800508,1.4160709650281225e-05,-1.9883630545162012,4.584244787032252,0.4297386151120323,-0.0018797595931599083,127.87102663176996,1.279807792154054e-08,0.00031618851209038633,-1.405424830768589e-06,-0.6636795515210832,65.77825458594664,-0.011831642064152634,1.1543520791497722e-05,0.06017778312864663,54925,0.06393011186124885,0.0073,index_dividend_yield,0.065,14.67,30,54840.65,55192.65,54370.6,54450.75,mid_price,wide_quote_low_liquidity
2026-10-05T10:50:33.431255+00:00,2026-10-05T16:20:33.431255+05:30,BANKNIFTY,27-Oct-2026,60600.0,PE,54714.1,5391.3,300,5871.05,300,0.0,5631.175,0,0,0,0,0,,,,,,,,,,,,,,,0.06017778312864663,,,,,,14.67,30,54840.65,55192.65,54370.6,54450.75,mid_price,no_price_available
2026-10-05T10:50:33.431255+00:00,2026-10-05T16:20:33.431255+05:30,BANKNIFTY,27-Oct-2026,60700.0,CE,54714.1,9.6,600,16.25,30,13.45,12.925,48,48,81,-98.88446545575185,18.3,0.013445756931689132,1.40307182688888e-05,-2.04116023536228,4.625574695893561,0.42518329808192806,-0.0018919341412065582,126.28444128939975,1.2422034814624771e-08,0.00030638471491996116,-1.3850984400434595e-06,-0.6672137391996369,64.5330803209138,-0.011932002652805467,1.1399900002107498e-05,0.06017778312864663,54925,0.06393011186124885,0.0073,index_dividend_yield,0.065,14.67,30,54840.65,55192.65,54370.6,54450.75,mid_price,wide_quote_low_liquidity
2026-10-05T10:50:33.431255+00:00,2026-10-05T16:20:33.431255+05:30,BANKNIFTY,27-Oct-2026,60700.0,PE,54714.1,5496.05,300,5963.85,300,0.0,5729.950000000001,0,0,0,0,0,,,,,,,,,,,,,,,0.06017778312864663,,,,,,14.67,30,54840.65,55192.65,54370.6,54450.75,mid_price,no_price_available
2026-10-05T10:50:33.431255+00:00,2026-10-05T16:20:33.431255+05:30,BANKNIFTY,27-Oct-2026,60800.0,CE,54714.1,11.6,150,17.4,390,11.55,14.5,29,29,46,-99.01894164613947,18.17,0.011720529933531497,1.2547249251802639e-05,-1.7984119127782907,4.1071272360613325,0.3891158142431241,-0.0017174117476282495,118.34395721727331,1.1469653071545248e-08,0.00029248194741433127,-1.3100496856870656e-06,-0.6158163145135442,65.98755251085447,-0.010387501265336156,1.0161080370878865e-05,0.06017778312864663,54925,0.06393011186124885,0.0073,index_dividend_yield,0.065,14.67,30,54840.65,55192.65,54370.6,54450.75,mid_price,wide_quote_low_liquidity
2026-10-05T10:50:33.431255+00:00,2026-10-05T16:20:33.431255+05:30,BANKNIFTY,27-Oct-2026,60800.0,PE,54714.1,5094,300,6115.4,300,0.0,5604.7,0,0,0,0,0,,,,,,,,,,,,,,,0.06017778312864663,,,,,,14.67,30,54840.65,55192.65,54370.6,54450.75,mid_price,no_price_available
2026-10-05T10:50:33.431255+00:00,2026-10-05T16:20:33.431255+05:30,BANKNIFTY,27-Oct-2026,60900.0,CE,54714.1,9.5,300,22.35,480,17.75,15.925,365,365,471,-98.45578320066119,19.58,0.016426430228445747,1.5577139450490323e-05,-2.58836443084201,5.494587576343715,0.4561393758251639,-0.0021670554813979,130.62968511170948,1.2387379461462316e-08,0.0002907779803092593,-1.4048689376321432e-06,-0.7456629232966874,58.99778625836305,-0.014507776670236816,1.2573368448638954e-05,0.06017778312864663,54925,0.06393011186124885,0.0073,index_dividend_yield,0.065,14.67,30,54840.65,55192.65,54370.6,54450.75,mid_price,wide_quote_low_liquidity
2026-10-05T10:50:33.431255+00:00,2026-10-05T16:20:33.431255+05:30,BANKNIFTY,27-Oct-2026,60900.0,PE,54714.1,5721.65,300,6151.45,300,0.0,5936.549999999999,0,0,0,0,0,,,,,,,,,,,,,,,0.06017778312864663,,,,,,14.67,30,54840.65,55192.65,54370.6,54450.75,mid_price,no_price_available
2026-10-05T10:50:33.431255+00:00,2026-10-05T16:20:33.431255+05:30,BANKNIFTY,27-Oct-2026,61000.0,CE,54714.1,11,30,11.75,30,11.2,11.375,11595,472,5578,-5.882352941176471,18.61,0.011201586923171835,1.177802962915892e-05,-1.767989566879903,3.948696185315635,0.36816608477865853,-0.0016610039848381497,112.82701139210282,1.0588275633244472e-08,0.00027324428772463287,-1.2501521537387896e-06,-0.5989107910943074,64.76796535881019,-0.009892163460491684,9.47570413773833e-06,0.06017778312864663,54925,0.06393011186124885,0.0073,index_dividend_yield,0.065,14.67,30,54840.65,55192.65,54370.6,54450.75,mid_price,ok
2026-10-05T10:50:33.431255+00:00,2026-10-05T16:20:33.431255+05:30,BANKNIFTY,27-Oct-2026,61000.0,PE,54714.1,5975.55,30,6065.2,30,6075.75,6020.375,1914,2,18,-1.6431259864826582,29.96,,,,,,,,,,,,,,,0.06017778312864663,,,,,,14.67,30,54840.65,55192.65,54370.6,54450.75,mid_price,no_price_available
2026-10-05T10:50:33.431255+00:00,2026-10-05T16:20:33.431255+05:30,BANKNIFTY,27-Oct-2026,61100.0,CE,54714.1,9.6,1560,12.3,150,9.2,10.95,1829,-8,387,-21.030042918454935,18.39,0.009446757254663292,1.0273388901570212e-05,-1.5051252740283223,3.4035345417742695,0.32990818552201295,-0.001469476553752222,103.94352019099107,9.622797049295044e-09,0.00025787950890079615,-1.1635610260914796e-06,-0.540465067222903,66.73242592902183,-0.008332657917997314,8.238152516003089e-06,0.06017778312864663,54925,0.06393011186124885,0.0073,index_dividend_yield,0.065,14.67,30,54840.65,55192.65,54370.6,54450.75,mid_price,wide_quote_low_liquidity
2026-10-05T10:50:33.431255+00:00,2026-10-05T16:20:33.431255+05:30,BANKNIFTY,27-Oct-2026,61100.0,PE,54714.1,5906.5,300,6352.95,300,0.0,6129.725,0,0,0,0,0,,,,,,,,,,,,,,,0.06017778312864663,,,,,,14.67,30,54840.65,55192.65,54370.6,54450.75,mid_price,no_price_available
2026-10-05T10:50:33.431255+00:00,2026-10-05T16:20:33.431255+05:30,BANKNIFTY,27-Oct-2026,61200.0,CE,54714.1,7.8,600,15.35,30,11,11.575,34,34,40,-98.97095280415361,19.07,0.010802517730110216,1.1136861935660956e-05,-1.7526625118297199,3.8260287868223695,0.3503530559370886,-0.0016166997753847938,108.01610432064379,9.824884498336847e-09,0.0002560117257221547,-1.1972995967169e-06,-0.585531954484495,63.47607943403269,-0.009505533548204445,8.90140397341875e-06,0.06017778312864663,54925,0.06393011186124885,0.0073,index_dividend_yield,0.065,14.67,30,54840.65,55192.65,54370.6,54450.75,mid_price,wide_quote_low_liquidity
2026-10-05T10:50:33.431255+00:00,2026-10-05T16:20:33.431255+05:30,BANKNIFTY,27-Oct-2026,61200.0,PE,54714.1,5439.15,300,6446.85,300,0.0,5943.0,0,0,0,0,0,,,,,,,,,,,,,,,0.06017778312864663,,,,,,14.67,30,54840.65,55192.65,54370.6,54450.75,mid_price,no_price_available
2026-10-05T10:50:33.431255+00:00,2026-10-05T16:20:33.431255+05:30,BANKNIFTY,27-Oct-2026,61300.0,CE,54714.1,8,600,13.85,30,10.95,10.925,23,23,29,-98.95029478023295,19.32,0.01068576938876008,1.0889239686433428e-05,-1.7575804060600264,3.7900015181041176,0.34325442515248555,-0.0016032816727013335,106.0171729803141,9.496256156710692e-09,0.0002482374683437035,-1.1748193334636047e-06,-0.5814606979087054,62.73984706150505,-0.009385700168944603,8.675112749070906e-06,0.06017778312864663,54925,0.06393011186124885,0.0073,index_dividend_yield,0.065,14.67,30,54840.65,55192.65,54370.6,54450.75,mid_price,wide_quote_low_liquidity
2026-10-05T10:50:33.431255+00:00,2026-10-05T16:20:33.431255+05:30,BANKNIFTY,27-Oct-2026,61300.0,PE,54714.1,5588.6,300,6545.45,300,0.0,6067.025,0,0,0,0,0,,,,,,,,,,,,,,,0.06017778312864663,,,,,,14.67,30,54840.65,55192.65,54370.6,54450.75,mid_price,no_price_available
2026-10-05T10:50:33.431255+00:00,2026-10-05T16:20:33.431255+05:30,BANKNIFTY,27-Oct-2026,61400.0,CE,54714.1,8.55,600,18.75,30,10.15,13.65,40,19,54,-10.964912280701755,19.37,0.009913786233815185,1.0173681194864402e-05,-1.6495719315924944,3.5501152295809533,0.32457214628675307,-0.001518658917045487,101.47713627134536,8.961592129283984e-09,0.00023827998877192711,-1.129016032435371e-06,-0.5556213973330819,63.08202019187724,-0.008694221222530399,8.078670622277617e-06,0.06017778312864663,54925,0.06393011186124885,0.0073,index_dividend_yield,0.065,14.67,30,54840.65,55192.65,54370.6,54450.75,mid_price,wide_quote_low_liquidity
2026-10-05T10:50:33.431255+00:00,2026-10-05T16:20:33.431255+05:30,BANKNIFTY,27-Oct-2026,61400.0,PE,54714.1,6155.2,300,6648.6,300,0.0,6401.9,0,0,0,0,0,,,,,,,,,,,,,,,0.06017778312864663,,,,,,14.67,30,54840.65,55192.65,54370.6,54450.75,mid_price,no_price_available
2026-10-05T10:50:33.431255+00:00,2026-10-05T16:20:33.431255+05:30,BANKNIFTY,27-Oct-2026,61500.0,CE,54714.1,9.1,30,9.6,30,9.6,9.35,1480,185,1013,-4.477611940298507,19.48,0.00938103198250512,9.63950071236101e-06,-1.5797491131724724,3.3828146042375904,0.3102349111226612,-0.0014586147072213809,97.85361631729783,8.51947118312776e-09,0.00022935108567885307,-1.0914977908916846e-06,-0.5370803036686467,63.09617801213896,-0.00821365728543506,7.629618591660052e-06,0.06017778312864663,54925,0.06393011186124885,0.0073,index_dividend_yield,0.065,14.67,30,54840.65,55192.65,54370.6,54450.75,mid_price,ok
2026-10-05T10:50:33.431255+00:00,2026-10-05T16:20:33.431255+05:30,BANKNIFTY,27-Oct-2026,61500.0,PE,54714.1,6413.65,330,6665.8,150,0.0,6539.725,149,0,0,0,0,,,,,,,,,,,,,,,0.06017778312864663,,,,,,14.67,30,54840.65,55192.65,54370.6,54450.75,mid_price,no_price_available
2026-10-05T10:50:33.431255+00:00,2026-10-05T16:20:33.431255+05:30,BANKNIFTY,27-Oct-2026,61600.0,CE,54714.1,6.3,600,24.85,300,8.65,15.575000000000001,55,22,46,-3.888888888888889,19.47,0.00852863252956009,8.872235456130973e-06,-1.4517059323121608,3.1119579134464797,0.289736909238841,-0.0013604654839135446,92.75874620662417,7.967897195806973e-09,0.00021888372728477297,-1.0397078083526968e-06,-0.5063943813716363,63.753586652391505,-0.00745644606141533,6.99955054812799e-06,0.06017778312864663,54925,0.06393011186124885,0.0073,index_dividend_yield,0.065,14.67,30,54840.65,55192.65,54370.6,54450.75,mid_price,wide_quote_low_liquidity
2026-10-05T10:50:33.431255+00:00,2026-10-05T16:20:33.431255+05:30,BANKNIFTY,27-Oct-2026,61600.0,PE,54714.1,5787.8,2010,8269.65,300,0.0,7028.725,0,0,0,0,0,,,,,,,,,,,,,,,0.06017778312864663,54925,0.06393011186124885,0.0073,index_dividend_yield,0.065,14.67,30,54840.65,55192.65,54370.6,54450.75,mid_price,no_nse_iv
2026-10-05T10:50:33.431255+00:00,2026-10-05T16:20:33.431255+05:30,BANKNIFTY,27-Oct-2026,61700.0,CE,54714.1,6.3,600,,0,0.0,,19,0,0,0,18.41,,,,,,,,,,,,,,,0.06017778312864663,,,,,,14.67,30,54840.65,55192.65,54370.6,54450.75,none,no_price_available
2026-10-05T10:50:33.431255+00:00,2026-10-05T16:20:33.431255+05:30,BANKNIFTY,27-Oct-2026,61700.0,PE,54714.1,5870.75,300,8396.35,1410,0.0,7133.55,0,0,0,0,0,,,,,,,,,,,,,,,0.06017778312864663,54925,0.06393011186124885,0.0073,index_dividend_yield,0.065,14.67,30,54840.65,55192.65,54370.6,54450.75,mid_price,no_nse_iv
2026-10-05T10:50:33.431255+00:00,2026-10-05T16:20:33.431255+05:30,BANKNIFTY,27-Oct-2026,61800.0,CE,54714.1,6.9,300,10.5,30,8.85,8.7,37,13,264,-6.842105263157895,20.02,0.008548551997442047,8.646171934533952e-06,-1.4937059588045984,3.118334109318312,0.2824114742563154,-0.0013613994916204311,90.38111317668806,7.54257322928093e-09,0.0002074074967868123,-1.0111376381677675e-06,-0.5066817018302556,62.0127047550005,-0.00744634144590542,6.777124079293535e-06,0.06017778312864663,54925,0.06393011186124885,0.0073,index_dividend_yield,0.065,14.67,30,54840.65,55192.65,54370.6,54450.75,mid_price,wide_quote_low_liquidity
2026-10-05T10:50:33.431255+00:00,2026-10-05T16:20:33.431255+05:30,BANKNIFTY,27-Oct-2026,61800.0,PE,54714.1,6545.3,300,7065.5,300,0.0,6805.4,0,0,0,0,0,,,,,,,,,,,,,,,0.06017778312864663,,,,,,14.67,30,54840.65,55192.65,54370.6,54450.75,mid_price,no_price_available
2026-10-05T10:50:33.431255+00:00,2026-10-05T16:20:33.431255+05:30,BANKNIFTY,27-Oct-2026,61900.0,CE,54714.1,6.3,600,18.85,2820,0.0,12.575000000000001,22,0,0,0,20.04,0.007866070941932696,8.028713800398382e-06,-1.3890701126551066,2.8985339972868145,0.2655317768675029,-0.0012803773924414492,86.0644947445226,7.089671639993792e-09,0.0001983246988871356,-9.666503962680745e-07,-0.48098416970449476,62.478135029711694,-0.0068416223320846995,6.272825387606836e-06,0.06017778312864663,54925,0.06393011186124885,0.0073,index_dividend_yield,0.065,14.67,30,54840.65,55192.65,54370.6,54450.75,mid_price,wide_quote_low_liquidity
2026-10-05T10:50:33.431255+00:00,2026-10-05T16:20:33.431255+05:30,BANKNIFTY,27-Oct-2026,61900.0,PE,54714.1,6673.7,300,7159.15,300,0.0,6916.424999999999,0,0,0,0,0,,,,,,,,,,,,,,,0.06017778312864663,,,,,,14.67,30,54840.65,55192.65,54370.6,54450.75,mid_price,no_price_available
2026-10-05T10:50:33.431255+00:00,2026-10-05T16:20:33.431255+05:30,BANKNIFTY,27-Oct-2026,62000.0,CE,54714.1,8.5,420,9.3,180,8.5,8.9,7022,277,2423,-6.077348066298343,20.4,0.00811202027896027,8.10344356429653e-06,-1.4518192339755456,2.978067134606547,0.26687706893928875,-0.001309017924509861,86.0981992521621,6.991712587932903e-09,0.00019455050960055288,-9.645588587642267e-07,-0.49010324371378333,61.201046832074525,-0.007041769263726104,6.310804878037797e-06,0.06017778312864663,54925,0.06393011186124885,0.0073,index_dividend_yield,0.065,14.67,30,54840.65,55192.65,54370.6,54450.75,mid_price,ok
2026-10-05T10:50:33.431255+00:00,2026-10-05T16:20:33.431255+05:30,BANKNIFTY,27-Oct-2026,62000.0,PE,54714.1,6995.45,30,7080.65,30,7026.05,7038.049999999999,2226,6,87,-1.637267254654907,31.05,,,,,,,,,,,,,,,0.06017778312864663,,,,,,14.67,30,54840.65,55192.65,54370.6,54450.75,mid_price,no_price_available
2026-10-05T10:50:33.431255+00:00,2026-10-05T16:20:33.431255+05:30,BANKNIFTY,27-Oct-2026,62100.0,CE,54714.1,6.5,30,25.75,30,0.0,16.125,28,0,0,0,18.98,0.004372248364590295,5.035530332177687e-06,-0.7811037951347833,1.7217739349760814,0.180346962052979,-0.0008225725615096649,63.45977829607785,5.122777735216322e-09,0.00015905898936110507,-7.317309143967962e-07,-0.32865166658731404,69.72055242592744,-0.003796979969750225,3.908953783357557e-06,0.06017778312864663,54925,0.06393011186124885,0.0073,index_dividend_yield,0.065,14.67,30,54840.65,55192.65,54370.6,54450.75,mid_price,wide_quote_low_liquidity
2026-10-05T10:50:33.431255+00:00,2026-10-05T16:20:33.431255+05:30,BANKNIFTY,27-Oct-2026,62100.0,PE,54714.1,6884.2,300,7364.4,300,0.0,7124.299999999999,0,0,0,0,0,,,,,,,,,,,,,,,0.06017778312864663,,,,,,14.67,30,54840.65,55192.65,54370.6,54450.75,mid_price,no_price_available
2026-10-05T10:50:33.431255+00:00,2026-10-05T16:20:33.431255+05:30,BANKNIFTY,27-Oct-2026,62200.0,CE,54714.1,7.1,30,9.95,600,8.05,8.524999999999999,28,10,90,-15.706806282722512,20.74,0.00761413302286855,7.538643139926354e-06,-1.3944329016513575,2.8166743701425725,0.2506952589877735,-0.001248416788123658,81.65394479796606,6.458428341487752e-09,0.00018218965290140511,-9.165902835886949e-07,-0.47074497853739183,60.598608770804496,-0.006587229632661849,5.8332546473591445e-06,0.06017778312864663,54925,0.06393011186124885,0.0073,index_dividend_yield,0.065,14.67,30,54840.65,55192.65,54370.6,54450.75,mid_price,wide_quote_low_liquidity
2026-10-05T10:50:33.431255+00:00,2026-10-05T16:20:33.431255+05:30,BANKNIFTY,27-Oct-2026,62200.0,PE,54714.1,6927.45,300,7454.45,300,0.0,7190.95,0,0,0,0,0,,,,,,,,,,,,,,,0.06017778312864663,,,,,,14.67,30,54840.65,55192.65,54370.6,54450.75,mid_price,no_price_available
2026-10-05T10:50:33.431255+00:00,2026-10-05T16:20:33.431255+05:30,BANKNIFTY,27-Oct-2026,62300.0,CE,54714.1,5.95,300,10.4,600,7.5,8.175,21,-1,15,-6.832298136645963,20.8,0.007118265367027856,7.083725445603314e-06,-1.3172219141676849,2.6543596067055444,0.237895492732231,-0.001187328055385733,78.26190963749302,6.113740915183344e-09,0.00017479872561117655,-8.810479965374718e-07,-0.4510319262724707,60.83284635517889,-0.006148751104146848,5.463666050900485e-06,0.06017778312864663,54925,0.06393011186124885,0.0073,index_dividend_yield,0.065,14.67,30,54840.65,55192.65,54370.6,54450.75,mid_price,wide_quote_low_liquidity
2026-10-05T10:50:33.431255+00:00,2026-10-05T16:20:33.431255+05:30,BANKNIFTY,27-Oct-2026,62300.0,PE,54714.1,7058.3,300,7552.45,300,0.0,7305.375,0,0,0,0,0,,,,,,,,,,,,,,,0.06017778312864663,,,,,,14.67,30,54840.65,55192.65,54370.6,54450.75,mid_price,no_price_available
2026-10-05T10:50:33.431255+00:00,2026-10-05T16:20:33.431255+05:30,BANKNIFTY,27-Oct-2026,62400.0,CE,54714.1,5.65,810,9.9,60,0.0,7.775,14,0,0,0,20.97,0.00690571521787879,6.840790851653207e-06,-1.292230814772317,2.584279292467914,0.23077554859713897,-0.0011604572833807496,76.25698814700787,5.8818219578994264e-09,0.00016923298983284105,-8.592158940906252e-07,-0.4422936345838501,60.52783488497737,-0.005955089357017876,5.259393350607378e-06,0.06017778312864663,54925,0.06393011186124885,0.0073,index_dividend_yield,0.065,14.67,30,54840.65,55192.65,54370.6,54450.75,mid_price,wide_quote_low_liquidity
2026-10-05T10:50:33.431255+00:00,2026-10-05T16:20:33.431255+05:30,BANKNIFTY,27-Oct-2026,62400.0,PE,54714.1,7117.3,300,7750.95,300,0.0,7434.125,0,0,0,0,0,,,,,,,,,,,,,,,0.06017778312864663,,,,,,14.67,30,54840.65,55192.65,54370.6,54450.75,mid_price,no_price_available
2026-10-05T10:50:33.431255+00:00,2026-10-05T16:20:33.431255+05:30,BANKNIFTY,27-Oct-2026,62500.0,CE,54714.1,6.65,600,7.7,60,7.05,7.175000000000001,223,-1,206,-6,21.11,0.006636080866985878,6.5604595100097764e-06,-1.2552359807650744,2.494923290821771,0.2226039934897263,-0.001126134594296507,73.98257863590607,5.635964709249542e-09,0.00016345798865045254,-8.347033547338329e-07,-0.43107256671678273,60.367557404619134,-0.005713161347038311,5.027739230925487e-06,0.06017778312864663,54925,0.06393011186124885,0.0073,index_dividend_yield,0.065,14.67,30,54840.65,55192.65,54370.6,54450.75,mid_price,ok
2026-10-05T10:50:33.431255+00:00,2026-10-05T16:20:33.431255+05:30,BANKNIFTY,27-Oct-2026,62500.0,PE,54714.1,7358.55,300,7729.4,300,0.0,7543.975,13,0,0,0,0,,,,,,,,,,,,,,,0.06017778312864663,,,,,,14.67,30,54840.65,55192.65,54370.6,54450.75,mid_price,no_price_available
2026-10-05T10:50:33.431255+00:00,2026-10-05T16:20:33.431255+05:30,BANKNIFTY,27-Oct-2026,62600.0,CE,54714.1,4.8,600,,0,7.05,,11,-8,19,10.15625,21.34,0.006575178509901306,6.4370650236684645e-06,-1.257931801464202,2.4746684176783167,0.21875010751364096,-0.0011180041626053586,72.79835290264703,5.476120109963481e-09,0.00015919419230361832,-8.211609228648657e-07,-0.4284030810068464,59.780618291026926,-0.005650751670513095,4.9174250519814105e-06,0.06017778312864663,54925,0.06393011186124885,0.0073,index_dividend_yield,0.065,14.67,30,54840.65,55192.65,54370.6,54450.75,ltp,ok
2026-10-05T10:50:33.431255+00:00,2026-10-05T16:20:33.431255+05:30,BANKNIFTY,27-Oct-2026,62600.0,PE,54714.1,6652.1,1410,9459.3,1410,0.0,8055.7,0,0,0,0,0,,,,,,,,,,,,,,,0.06017778312864663,54925,0.06393011186124885,0.0073,index_dividend_yield,0.065,14.67,30,54840.65,55192.65,54370.6,54450.75,mid_price,no_nse_iv
2026-10-05T10:50:33.431255+00:00,2026-10-05T16:20:33.431255+05:30,BANKNIFTY,27-Oct-2026,62700.0,CE,54714.1,4.65,210,9.8,600,5.95,7.2250000000000005,44,26,71,-16.783216783216783,21.16,0.0056714379134451065,5.694684580592175e-06,-1.093777019591366,2.170801145694451,0.19748570767858312,-0.0010002461270054216,67.10744234293253,4.994181743721033e-09,0.0001491275030623572,-7.618866568913313e-07,-0.3893177075274649,61.14349245501539,-0.004868142730914739,4.336437708145982e-06,0.06017778312864663,54925,0.06393011186124885,0.0073,index_dividend_yield,0.065,14.67,30,54840.65,55192.65,54370.6,54450.75,mid_price,wide_quote_low_liquidity
2026-10-05T10:50:33.431255+00:00,2026-10-05T16:20:33.431255+05:30,BANKNIFTY,27-Oct-2026,62700.0,PE,54714.1,7440.45,300,7937.65,300,0.0,7689.049999999999,0,0,0,0,0,,,,,,,,,,,,,,,0.06017778312864663,,,,,,14.67,30,54840.65,55192.65,54370.6,54450.75,mid_price,no_price_available
2026-10-05T10:50:33.431255+00:00,2026-10-05T16:20:33.431255+05:30,BANKNIFTY,27-Oct-2026,62800.0,CE,54714.1,4.4,600,,0,0.0,,17,0,0,0,20.4,,,,,,,,,,,,,,,0.06017778312864663,,,,,,14.67,30,54840.65,55192.65,54370.6,54450.75,none,no_price_available
2026-10-05T10:50:33.431255+00:00,2026-10-05T16:20:33.431255+05:30,BANKNIFTY,27-Oct-2026,62800.0,PE,54714.1,6804.55,1410,9726,1410,0.0,8265.275,0,0,0,0,0,,,,,,,,,,,,,,,0.06017778312864663,54925,0.06393011186124885,0.0073,index_dividend_yield,0.065,14.67,30,54840.65,55192.65,54370.6,54450.75,mid_price,no_nse_iv
2026-10-05T10:50:33.431255+00:00,2026-10-05T16:20:33.431255+05:30,BANKNIFTY,27-Oct-2026,62900.0,CE,54714.1,4.4,810,18.9,30,0.0,11.649999999999999,7,0,0,0,20.43,0.0035964288126801415,3.927326925492951e-06,-0.7027924694979045,1.4454401909762342,0.1443190798719098,-0.0007050139665403122,52.0589935896536,3.8001915752511035e-09,0.00012221887160342713,-6.014307309076243e-07,-0.2872311236295859,65.97488200836285,-0.0030809663858146073,2.971626919395542e-06,0.06017778312864663,54925,0.06393011186124885,0.0073,index_dividend_yield,0.065,14.67,30,54840.65,55192.65,54370.6,54450.75,mid_price,wide_quote_low_liquidity
2026-10-05T10:50:33.431255+00:00,2026-10-05T16:20:33.431255+05:30,BANKNIFTY,27-Oct-2026,62900.0,PE,54714.1,7633.45,300,8157.6,300,0.0,7895.525,0,0,0,0,0,,,,,,,,,,,,,,,0.06017778312864663,,,,,,14.67,30,54840.65,55192.65,54370.6,54450.75,mid_price,no_price_available
2026-10-05T10:50:33.431255+00:00,2026-10-05T16:20:33.431255+05:30,BANKNIFTY,27-Oct-2026,63000.0,CE,54714.1,5.75,60,7,30,7,6.375,4116,43,2535,8.527131782945736,22.25,0.006337547499959741,5.975980083299391e-06,-1.2669777774773852,2.3953769230031936,0.20431104577818116,-0.0010862107992839556,68.35245410704371,4.896502954569332e-09,0.00014366432095565067,-7.704446953495844e-07,-0.41792764262645044,57.57880561330715,-0.00540842810746407,4.507404793106974e-06,0.06017778312864663,54925,0.06393011186124885,0.0073,index_dividend_yield,0.065,14.67,30,54840.65,55192.65,54370.6,54450.75,mid_price,wide_quote_low_liquidity
2026-10-05T10:50:33.431255+00:00,2026-10-05T16:20:33.431255+05:30,BANKNIFTY,27-Oct-2026,63000.0,PE,54714.1,7949.7,30,8046.1,30,7942.55,7997.9,2049,0,17,0.5354260941109459,27.71,,,,,,,,,,,,,,,0.06017778312864663,,,,,,14.67,30,54840.65,55192.65,54370.6,54450.75,mid_price,no_price_available
2026-10-05T10:50:33.431255+00:00,2026-10-05T16:20:33.431255+05:30,BANKNIFTY,27-Oct-2026,63100.0,CE,54714.1,4.55,810,25.45,1410,5.8,15.0,20,0,2,-3.3333333333333335,22,0.0053692181074404535,5.217152635442983e-06,-1.0810662744670336,2.0677161897728347,0.18241049631022732,-0.0009583994586630375,62.45351651112663,4.430004570579157e-09,0.00013386192777702414,-7.090483578246782e-07,-0.3752141733739145,59.14882306603151,-0.0045769457861902455,3.922593858472069e-06,0.06017778312864663,54925,0.06393011186124885,0.0073,index_dividend_yield,0.065,14.67,30,54840.65,55192.65,54370.6,54450.75,mid_price,wide_quote_low_liquidity
2026-10-05T10:50:33.431255+00:00,2026-10-05T16:20:33.431255+05:30,BANKNIFTY,27-Oct-2026,63100.0,PE,54714.1,7834.45,300,10085.65,300,0.0,8960.05,0,0,0,0,0,,,,,,,,,,,,,,,0.06017778312864663,54925,0.06393011186124885,0.0073,index_dividend_yield,0.065,14.67,30,54840.65,55192.65,54370.6,54450.75,mid_price,no_nse_iv
2026-10-05T10:50:33.431255+00:00,2026-10-05T16:20:33.431255+05:30,BANKNIFTY,27-Oct-2026,63200.0,CE,54714.1,5.85,30,,0,0.0,,4,0,0,0,20.64,,,,,,,,,,,,,,,0.06017778312864663,,,,,,14.67,30,54840.65,55192.65,54370.6,54450.75,none,no_price_available
2026-10-05T10:50:33.431255+00:00,2026-10-05T16:20:33.431255+05:30,BANKNIFTY,27-Oct-2026,63200.0,PE,54714.1,7175.45,300,8880.45,1410,0.0,8027.950000000001,0,0,0,0,0,,,,,,,,,,,,,,,0.06017778312864663,,,,,,14.67,30,54840.65,55192.65,54370.6,54450.75,mid_price,no_price_available
2026-10-05T10:50:33.431255+00:00,2026-10-05T16:20:33.431255+05:30,BANKNIFTY,27-Oct-2026,63300.0,CE,54714.1,4.2,810,,0,0.0,,14,0,0,0,21.11,,,,,,,,,,,,,,,0.06017778312864663,,,,,,14.67,30,54840.65,55192.65,54370.6,54450.75,none,no_price_available
2026-10-05T10:50:33.431255+00:00,2026-10-05T16:20:33.431255+05:30,BANKNIFTY,27-Oct-2026,63300.0,PE,54714.1,7265.5,1410,9468.4,1410,0.0,8366.95,0,0,0,0,0,,,,,,,,,,,,,,,0.06017778312864663,,,,,,14.67,30,54840.65,55192.65,54370.6,54450.75,mid_price,no_price_available
2026-10-05T10:50:33.431255+00:00,2026-10-05T16:20:33.431255+05:30,BANKNIFTY,27-Oct-2026,63400.0,CE,54714.1,4.25,810,,0,0.0,,5,0,0,0,21.17,,,,,,,,,,,,,,,0.06017778312864663,,,,,,14.67,30,54840.65,55192.65,54370.6,54450.75,none,no_price_available
2026-10-05T10:50:33.431255+00:00,2026-10-05T16:20:33.431255+05:30,BANKNIFTY,27-Oct-2026,63400.0,PE,54714.1,7347.95,1410,9546.3,1410,0.0,8447.125,0,0,0,0,0,,,,,,,,,,,,,,,0.06017778312864663,,,,,,14.67,30,54840.65,55192.65,54370.6,54450.75,mid_price,no_price_available
2026-10-05T10:50:33.431255+00:00,2026-10-05T16:20:33.431255+05:30,BANKNIFTY,27-Oct-2026,63500.0,CE,54714.1,4.35,300,6.5,150,0.0,5.425,7,0,0,0,21.6,0.0032781692197045628,3.4178899734652975e-06,-0.681791615852054,1.3299843596300684,0.127143313728993,-0.0006546146302664549,46.388985554408514,3.159819294312824e-09,0.00010338662878131242,-5.358393546212769e-07,-0.26912870659977495,62.95575940329741,-0.002779733239592772,2.5375180909457894e-06,0.06017778312864663,54925,0.06393011186124885,0.0073,index_dividend_yield,0.065,14.67,30,54840.65,55192.65,54370.6,54450.75,mid_price,wide_quote_low_liquidity
2026-10-05T10:50:33.431255+00:00,2026-10-05T16:20:33.431255+05:30,BANKNIFTY,27-Oct-2026,63500.0,PE,54714.1,8337.85,300,8683.85,30,0.0,8510.85,6,0,0,0,0,,,,,,,,,,,,,,,0.06017778312864663,,,,,,14.67,30,54840.65,55192.65,54370.6,54450.75,mid_price,no_price_available
2026-10-05T10:50:33.431255+00:00,2026-10-05T16:20:33.431255+05:30,BANKNIFTY,27-Oct-2026,63600.0,CE,54714.1,4.3,600,,0,6.05,,10,0,1,0,23.22,0.005344324089132575,4.922656329677241e-06,-1.133724569737224,2.059190077918697,0.17241840020253965,-0.000953696999946893,59.07005320855574,3.956349531824896e-09,0.00012000898423810826,-6.689056890009371e-07,-0.3736173803166194,56.114387508284096,-0.004515706315792493,3.6432066449191253e-06,0.06017778312864663,54925,0.06393011186124885,0.0073,index_dividend_yield,0.065,14.67,30,54840.65,55192.65,54370.6,54450.75,ltp,ok
2026-10-05T10:50:33.431255+00:00,2026-10-05T16:20:33.431255+05:30,BANKNIFTY,27-Oct-2026,63600.0,PE,54714.1,7524.95,300,9790.35,1410,0.0,8657.65,0,0,0,0,0,,,,,,,,,,,,,,,0.06017778312864663,,,,,,14.67,30,54840.65,55192.65,54370.6,54450.75,mid_price,no_price_available
2026-10-05T10:50:33.431255+00:00,2026-10-05T16:20:33.431255+05:30,BANKNIFTY,27-Oct-2026,63700.0,CE,54714.1,3.75,810,10.2,600,5.25,6.975,23,19,32,-9.482758620689655,23.08,0.0047118064484785675,4.4269608434160885e-06,-1.0070090243331122,1.840671083373237,0.1576260959403248,-0.0008662373513148596,54.92407645787234,3.6437124125782e-09,0.00011291314827883696,-6.250396515837936e-07,-0.3437469309532126,57.11110313112967,-0.003976266898068095,3.2660688505726987e-06,0.06017778312864663,54925,0.06393011186124885,0.0073,index_dividend_yield,0.065,14.67,30,54840.65,55192.65,54370.6,54450.75,mid_price,wide_quote_low_liquidity
2026-10-05T10:50:33.431255+00:00,2026-10-05T16:20:33.431255+05:30,BANKNIFTY,27-Oct-2026,63700.0,PE,54714.1,7587,300,9902.05,1410,0.0,8744.525,0,0,0,0,0,,,,,,,,,,,,,,,0.06017778312864663,,,,,,14.67,30,54840.65,55192.65,54370.6,54450.75,mid_price,no_price_available
2026-10-05T10:50:33.431255+00:00,2026-10-05T16:20:33.431255+05:30,BANKNIFTY,27-Oct-2026,63800.0,CE,54714.1,3.8,810,5.55,840,5.55,4.675,117,24,179,3.7383177570093458,23.44,0.004899777097275373,4.5136765134049295e-06,-1.0585287706337112,1.9059993258369579,0.15995089772189147,-0.0008922977271571975,55.44505821535639,3.6365682949787923e-09,0.00011204293317496073,-6.296051132406489e-07,-0.3527013907318546,56.046613057707994,-0.0041270158245093865,3.3196140424442475e-06,0.06017778312864663,54925,0.06393011186124885,0.0073,index_dividend_yield,0.065,14.67,30,54840.65,55192.65,54370.6,54450.75,mid_price,wide_quote_low_liquidity
2026-10-05T10:50:33.431255+00:00,2026-10-05T16:20:33.431255+05:30,BANKNIFTY,27-Oct-2026,63800.0,PE,54714.1,7700.1,300,9981.9,300,0.0,8841.0,0,0,0,0,0,,,,,,,,,,,,,,,0.06017778312864663,,,,,,14.67,30,54840.65,55192.65,54370.6,54450.75,mid_price,no_price_available
2026-10-05T10:50:33.431255+00:00,2026-10-05T16:20:33.431255+05:30,BANKNIFTY,27-Oct-2026,63900.0,CE,54714.1,4,600,5.55,900,5.55,4.775,21,6,30,5.714285714285714,23.66,0.004865347809544365,4.443692943271172e-06,-1.0613440034732622,1.8940589279002904,0.15764814623996742,-0.0008873026477637649,54.69831769420274,3.5493297131976113e-09,0.00010954502202328198,-6.210055248178533e-07,-0.35098778978850276,55.570194491778366,-0.004090966081072642,3.2579232212390615e-06,0.06017778312864663,54925,0.06393011186124885,0.0073,index_dividend_yield,0.065,14.67,30,54840.65,55192.65,54370.6,54450.75,mid_price,wide_quote_low_liquidity
2026-10-05T10:50:33.431255+00:00,2026-10-05T16:20:33.431255+05:30,BANKNIFTY,27-Oct-2026,63900.0,PE,54714.1,7764.65,1410,10114.05,1410,0.0,8939.349999999999,0,0,0,0,0,,,,,,,,,,,,,,,0.06017778312864663,,,,,,14.67,30,54840.65,55192.65,54370.6,54450.75,mid_price,no_price_available
2026-10-05T10:50:33.431255+00:00,2026-10-05T16:20:33.431255+05:30,BANKNIFTY,27-Oct-2026,64000.0,CE,54714.1,3.85,630,4.05,30,4,3.95,4009,1628,4379,-18.367346938775512,23.06,0.0036630411317023093,3.537190535371756e-06,-0.8024245353741306,1.4694420438988258,0.12999660513957892,-0.0007128560415426695,46.78589435339164,3.013571451201242e-09,9.727955929842958e-05,-5.369217068858949e-07,-0.2900193618845812,58.463024018741315,-0.0030779976417961595,2.5852171362543366e-06,0.06017778312864663,54925,0.06393011186124885,0.0073,index_dividend_yield,0.065,14.67,30,54840.65,55192.65,54370.6,54450.75,mid_price,ok
2026-10-05T10:50:33.431255+00:00,2026-10-05T16:20:33.431255+05:30,BANKNIFTY,27-Oct-2026,64000.0,PE,54714.1,8920.35,30,9114.75,30,0.0,9017.55,110,0,0,0,0,,,,,,,,,,,,,,,0.06017778312864663,,,,,,14.67,30,54840.65,55192.65,54370.6,54450.75,mid_price,no_price_available
2026-10-05T10:50:33.431255+00:00,2026-10-05T16:20:33.431255+05:30,BANKNIFTY,27-Oct-2026,64500.0,CE,54714.1,3.35,300,3.8,60,3.45,3.575,1411,171,1488,-20.689655172413794,23.76,0.003124055931588676,2.9754219292620506e-06,-0.715330081210861,1.2735901757912256,0.1115296633905586,-0.0006288669603959156,40.93034799502793,2.508283251393611e-09,8.309815195182708e-05,-4.7131316045729734e-07,-0.25979214701604847,57.55426267834003,-0.0026040312754405056,2.1410541431914145e-06,0.06017778312864663,54925,0.06393011186124885,0.0073,index_dividend_yield,0.065,14.67,30,54840.65,55192.65,54370.6,54450.75,mid_price,ok
2026-10-05T10:50:33.431255+00:00,2026-10-05T16:20:33.431255+05:30,BANKNIFTY,27-Oct-2026,64500.0,PE,54714.1,9385.3,330,9682.35,30,0.0,9533.825,48,0,0,0,0,,,,,,,,,,,,,,,0.06017778312864663,,,,,,14.67,30,54840.65,55192.65,54370.6,54450.75,mid_price,no_price_available
2026-10-05T10:50:33.431255+00:00,2026-10-05T16:20:33.431255+05:30,BANKNIFTY,27-Oct-2026,65000.0,CE,54714.1,2.75,5760,2.85,1350,2.8,2.8,7100,935,4750,-17.647058823529413,24.28,0.002521370294429155,2.399770371526302e-06,-0.6015330946678945,1.0496706983756738,0.0922431339249346,-0.000530534354929159,34.71681034584595,2.030828814838777e-09,6.948406891401923e-05,-4.017358783301309e-07,-0.22357982850390556,57.362305532725955,-0.0020853775149999192,1.7003624023260057e-06,0.06017778312864663,54925,0.06393011186124885,0.0073,index_dividend_yield,0.065,14.67,30,54840.65,55192.65,54370.6,54450.75,mid_price,ok
2026-10-05T10:50:33.431255+00:00,2026-10-05T16:20:33.431255+05:30,BANKNIFTY,27-Oct-2026,65000.0,PE,54714.1,9956.05,30,10054.95,30,9855.6,10005.5,2876,-15,49,-2.359864471259585,0,,,,,,,,,,,,,,,0.06017778312864663,,,,,,14.67,30,54840.65,55192.65,54370.6,54450.75,mid_price,no_price_available
2026-10-05T10:50:33.431255+00:00,2026-10-05T16:20:33.431255+05:30,BANKNIFTY,27-Oct-2026,65500.0,CE,54714.1,2.55,1860,2.6,30,2.55,2.575,1417,450,2144,-16.39344262295082,25.06,0.0022572632441644155,2.1035244054639134e-06,-0.5608648965555904,0.9496494615807448,0.08191212536119989,-0.0004854352274333267,31.218766662125695,1.7456211744575217e-09,6.0755371500247825e-05,-3.61799862156127e-07,-0.20664133171969654,56.110176480677644,-0.0018519546039259297,1.4677884801777536e-06,0.06017778312864663,54925,0.06393011186124885,0.0073,index_dividend_yield,0.065,14.67,30,54840.65,55192.65,54370.6,54450.75,mid_price,ok
2026-10-05T10:50:33.431255+00:00,2026-10-05T16:20:33.431255+05:30,BANKNIFTY,27-Oct-2026,65500.0,PE,54714.1,10383.65,30,10497,30,10487.35,10440.325,138,0,43,-2.0788982259570497,40.41,,,,,,,,,,,,,,,0.06017778312864663,,,,,,14.67,30,54840.65,55192.65,54370.6,54450.75,mid_price,no_price_available
